{"adverts":[{"advertId":"201245210905719","vehicleMake":"Ford","vehicleModel":"Ka","vehicleDerivative":"LUXURY 03DR","vehiclePriceEuro":2000,"vehicleYearOfManufacture":2003,"advertiserCounty":"Wicklow","isPSL":true,"privatePSL":false,"vehicleImageId":"14123507","imagecount":1,"isTrade":false},{"advertId":"34413619065992330","vehicleMake":"Ford","vehicleModel":"Ka","vehicleDerivative":"1.3","vehiclePriceEuro":1850,"vehicleYearOfManufacture":2003,"advertiserCounty":"Galway","isPSL":false,"privatePSL":false,"vehicleImageId":"7ffe2117-90ad-411b-a47c-2f4f02fa5e08","imagecount":7,"advertiserName":"Kieran Moran Car Sales","isTrade":true},{"advertId":"201246211008326","vehicleMake":"Ford","vehicleModel":"Ka","vehicleDerivative":"COLLECTION 2000","vehiclePriceEuro":2200,"vehicleYearOfManufacture":2002,"advertiserCounty":"Cork","isPSL":true,"privatePSL":false,"vehicleImageId":"14144580","imagecount":4,"isTrade":false},{"advertId":"34313606052940890","vehicleMake":"Ford","vehicleModel":"Ka","vehicleDerivative":"1.3 3dr tax 08/13,nct 05/13","vehiclePriceEuro":1950,"vehicleYearOfManufacture":2002,"advertiserCounty":"Cork","isPSL":false,"privatePSL":false,"vehicleImageId":"96ab28d7-dd3c-4d48-8cae-651bd446f83b","imagecount":20,"advertiserName":"Great Island Motors Ltd","isTrade":true},{"advertId":"201250211375140","vehicleMake":"Ford","vehicleModel":"Ka","vehicleDerivative":"1.3","vehiclePriceEuro":1500,"vehicleYearOfManufacture":2002,"advertiserCounty":"Dublin","isPSL":true,"privatePSL":false,"imagecount":0,"isTrade":false},{"advertId":"201302211891935","vehicleMake":"Ford","vehicleModel":"Ka","vehicleDerivative":"1.3","vehiclePriceEuro":1500,"vehicleYearOfManufacture":2002,"advertiserCounty":"Dublin","isPSL":true,"privatePSL":false,"vehicleImageId":"14257120","imagecount":4,"isTrade":false},{"advertId":"201304212158703","vehicleMake":"Ford","vehicleModel":"Ka","vehicleDerivative":"1.3","vehiclePriceEuro":1400,"vehicleYearOfManufacture":2002,"advertiserCounty":"Dublin","isPSL":true,"privatePSL":false,"vehicleImageId":"14293362","imagecount":5,"isTrade":false},{"advertId":"201306212296164","vehicleMake":"Ford","vehicleModel":"Ka","vehicleDerivative":"1.3","vehiclePriceEuro":1550,"vehicleYearOfManufacture":2001,"advertiserCounty":"Dublin","isPSL":true,"privatePSL":false,"vehicleImageId":"14010488","imagecount":4,"isTrade":false},{"advertId":"201249211259852","vehicleMake":"Ford","vehicleModel":"Ka","vehicleDerivative":"1.3","vehiclePriceEuro":1250,"vehicleYearOfManufacture":2001,"advertiserCounty":"Dublin","isPSL":true,"privatePSL":false,"vehicleImageId":"14185343","imagecount":3,"isTrade":false},{"advertId":"201302211823853","vehicleMake":"Ford","vehicleModel":"Ka","vehicleDerivative":"2 NOW 3DR","vehiclePriceEuro":990,"vehicleYearOfManufacture":2001,"advertiserCounty":"Clare","isPSL":true,"privatePSL":false,"vehicleImageId":"14247230","imagecount":4,"isTrade":false},{"advertId":"201304212160038","vehicleMake":"Ford","vehicleModel":"Ka","vehicleDerivative":"1.3","vehiclePriceEuro":500,"vehicleYearOfManufacture":2001,"advertiserCounty":"Dublin","isPSL":true,"privatePSL":false,"imagecount":0,"isTrade":false},{"advertId":"34313606004802980","vehicleMake":"Ford","vehicleModel":"Ka","vehicleDerivative":"COLLECTION 2000","vehiclePriceEuro":1950,"vehicleYearOfManufacture":2000,"advertiserCounty":"Tipperary","isPSL":false,"privatePSL":false,"imagecount":0,"advertiserName":"Three Bridges Motors","isTrade":true},{"advertId":"201248211199379","vehicleMake":"Ford","vehicleModel":"Ka","vehicleDerivative":"1.3","vehiclePriceEuro":1650,"vehicleYearOfManufacture":2000,"advertiserCounty":"Dublin","isPSL":true,"privatePSL":false,"vehicleImageId":"14175434","imagecount":2,"isTrade":false},{"advertId":"413262911776420","vehicleMake":"Ford","vehicleModel":"Ka","vehicleDerivative":"1.3","vehiclePriceEuro":1250,"vehicleYearOfManufacture":2000,"advertiserCounty":"Dublin","isPSL":false,"privatePSL":false,"vehicleImageId":"0dd5e6cf-0f90-4b27-8111-bb1c6cfbd8b5","imagecount":6,"advertiserName":"Drimnagh Motors Ltd.","isTrade":true},{"advertId":"201307212433055","vehicleMake":"Ford","vehicleModel":"Ka","vehicleDerivative":"KA 2 1.3","vehiclePriceEuro":500,"vehicleYearOfManufacture":2000,"advertiserCounty":"Dublin","isPSL":true,"privatePSL":false,"vehicleImageId":"13994998","imagecount":7,"isTrade":false},{"advertId":"201251211518210","vehicleMake":"Ford","vehicleModel":"Ka","vehicleDerivative":"KA 2 1.3","vehiclePriceEuro":550,"vehicleYearOfManufacture":1997,"advertiserCounty":"Kilkenny","isPSL":true,"privatePSL":false,"vehicleImageId":"13420125","imagecount":8,"isTrade":false},{"advertId":"32913612913802660","vehicleMake":"Ford","vehicleModel":"Kuga","vehicleDerivative":"2.0 TDCI 4WD Automatic Zetec","vehiclePriceEuro":43350,"vehicleYearOfManufacture":2013,"advertiserCounty":"Kerry","isPSL":false,"privatePSL":false,"vehicleImageId":"5ca188ea-de1b-43f9-907c-9733d6dedcc2","imagecount":15,"advertiserName":"Kerry Motor Works","isTrade":true},{"advertId":"34113601509334380","vehicleMake":"Ford","vehicleModel":"Kuga","vehicleDerivative":"ZETEC 2.0 TDCI 140PS 4WD 4DR A","vehiclePriceEuro":40950,"vehicleYearOfManufacture":2013,"advertiserCounty":"Dublin","isPSL":true,"privatePSL":false,"vehicleImageId":"35e38458-fe74-4a4c-bbcb-668f2444b8fa","imagecount":14,"advertiserName":"Spirit Ford","isTrade":true},{"advertId":"32113579052808290","vehicleMake":"Ford","vehicleModel":"Kuga","vehicleDerivative":"2.0 TDCi 140PS (NEW MODEL)","vehiclePriceEuro":35875,"vehicleYearOfManufacture":2013,"advertiserCounty":"Dublin","isPSL":false,"privatePSL":false,"vehicleImageId":"5f2cfcd7-4b72-49c6-8050-df8319da7873","imagecount":10,"advertiserName":"Tallaght Ford","isTrade":true},{"advertId":"31813584395326530","vehicleMake":"Ford","vehicleModel":"Kuga","vehicleDerivative":"NEW MODEL Zetec 2WD","vehiclePriceEuro":35700,"vehicleYearOfManufacture":2013,"advertiserCounty":"Kildare","isPSL":false,"privatePSL":false,"vehicleImageId":"6c211b5c-538d-492a-b18a-39ca71d0851b","imagecount":9,"advertiserName":"Dermot Kelly Ltd","isTrade":true},{"advertId":"33413614444943760","vehicleMake":"Ford","vehicleModel":"Kuga","vehicleDerivative":"ZETEC KEYFREE & SYNC","vehiclePriceEuro":35580,"vehicleYearOfManufacture":2013,"advertiserCounty":"Dublin","isPSL":true,"privatePSL":false,"vehicleImageId":"90fd2f9d-7c05-4593-ba28-90bd3c5d54a9","imagecount":15,"advertiserName":"Spirit Ford","isTrade":true},{"advertId":"33913614441735050","vehicleMake":"Ford","vehicleModel":"Kuga","vehicleDerivative":"Zetec Bluetooth & Key Free","vehiclePriceEuro":35580,"vehicleYearOfManufacture":2013,"advertiserCounty":"Dublin","isPSL":true,"privatePSL":false,"vehicleImageId":"70ae06b6-d912-4cb1-9615-642d9653f6cc","imagecount":15,"advertiserName":"Spirit Ford","isTrade":true},{"advertId":"32013561022596020","vehicleMake":"Ford","vehicleModel":"Kuga","vehicleDerivative":"*NEW MODEL* 2.0 Zetec","vehiclePriceEuro":34660,"vehicleYearOfManufacture":2013,"advertiserCounty":"Dublin","isPSL":false,"privatePSL":false,"vehicleImageId":"c0bc240d-b7dc-45d0-9ddd-a02a7cad6c19","imagecount":3,"advertiserName":"Lillis O'Donnell Ford","isTrade":true},{"advertId":"31113561024078980","vehicleMake":"Ford","vehicleModel":"Kuga","vehicleDerivative":"*NEW MODEL* 2.0 Zetec","vehiclePriceEuro":34660,"vehicleYearOfManufacture":2013,"advertiserCounty":"Dublin","isPSL":false,"privatePSL":false,"vehicleImageId":"20526a80-ce77-437a-89dd-ce3ce71af00d","imagecount":3,"advertiserName":"Lillis O'Donnell Ford","isTrade":true},{"advertId":"31413553093467480","vehicleMake":"Ford","vehicleModel":"Kuga","vehicleDerivative":"2.0 TDCi ZETEC 140PS ","vehiclePriceEuro":34050,"vehicleYearOfManufacture":2013,"advertiserCounty":"Cork","isPSL":false,"privatePSL":false,"vehicleImageId":"9579b1a4-0b79-492d-bcf5-36553821186b","imagecount":1,"advertiserName":"Cavanaghs of Charleville Ltd","isTrade":true},{"advertId":"31413584384882320","vehicleMake":"Ford","vehicleModel":"Kuga","vehicleDerivative":"2.0 TDCi NEW MODEL","vehiclePriceEuro":34000,"vehicleYearOfManufacture":2013,"advertiserCounty":"Wexford","isPSL":true,"privatePSL":false,"vehicleImageId":"82294b0a-8f9e-4e16-8494-80230f5602ce","imagecount":7,"advertiserName":"Bolands Wexford (Ford & Jaguar)","isTrade":true},{"advertId":"34013610377081970","vehicleMake":"Ford","vehicleModel":"Kuga","vehicleDerivative":"Zetec 2.0Tdci 140Ps 6 Speed Fwd","vehiclePriceEuro":33550,"vehicleYearOfManufacture":2013,"advertiserCounty":"Carlow","isPSL":false,"privatePSL":false,"vehicleImageId":"baa0c812-d2d7-4162-bb56-657d1cfbb8be","imagecount":9,"advertiserName":"Dooley Motors","isTrade":true},{"advertId":"32913613805225450","vehicleMake":"Ford","vehicleModel":"Kuga","vehicleDerivative":"ZETEC 2.0 TDCI 140PS M6 2W","vehiclePriceEuro":32995,"vehicleYearOfManufacture":2013,"advertiserCounty":"Kilkenny","isPSL":false,"privatePSL":false,"imagecount":0,"advertiserName":"Michael Lyng Motors Ltd.","isTrade":true},{"advertId":"34313602428647880","vehicleMake":"Ford","vehicleModel":"Kuga","vehicleDerivative":" ZETEC 2.0 TDCI 140PS M6 2WD 4DR","vehiclePriceEuro":32995,"vehicleYearOfManufacture":2013,"advertiserCounty":"Dublin","isPSL":false,"privatePSL":false,"vehicleImageId":"fd2c28b4-f5f2-482b-95c0-7b5186888aaf","imagecount":8,"advertiserName":"Tallaght Ford","isTrade":true},{"advertId":"34213618916365040","vehicleMake":"Ford","vehicleModel":"Kuga","vehicleDerivative":"2013.25MY ZETEC 2.0 TDCI 140PS M6 2W 2WD 4DR","vehiclePriceEuro":32595,"vehicleYearOfManufacture":2013,"advertiserCounty":"Tipperary","isPSL":false,"privatePSL":false,"vehicleImageId":"0616b2d1-0e92-47ca-8fe4-d027c60d949f","imagecount":10,"advertiserName":"Barlo Motors (Ford & Nissan)","isTrade":true},{"advertId":"34313618955349230","vehicleMake":"Ford","vehicleModel":"Kuga","vehicleDerivative":"2013.25MY ZETEC 2.0 TDCI 140PS M6 2W 2WD 4DR","vehiclePriceEuro":32595,"vehicleYearOfManufacture":2013,"advertiserCounty":"Tipperary","isPSL":false,"privatePSL":false,"vehicleImageId":"22829d9c-ae5a-4c77-99ec-14179dab1706","imagecount":13,"advertiserName":"Barlo Motors (Ford & Nissan)","isTrade":true},{"advertId":"33213601479889890","vehicleMake":"Ford","vehicleModel":"Kuga","vehicleDerivative":"ZETEC 2.0 TDCI 140PS M6 2W","vehiclePriceEuro":32595,"vehicleYearOfManufacture":2013,"advertiserCounty":"Tipperary","isPSL":false,"privatePSL":false,"vehicleImageId":"d90788ee-69ea-4e0d-9366-f232a1be5fcf","imagecount":5,"advertiserName":"Barlo Motors Thurles","isTrade":true},{"advertId":"34313606658111580","vehicleMake":"Ford","vehicleModel":"Kuga","vehicleDerivative":"2013.25MY ZETEC 2.0 TDCI 140PS M6 2W 2WD 4DR","vehiclePriceEuro":31975,"vehicleYearOfManufacture":2013,"advertiserCounty":"Wexford","isPSL":true,"privatePSL":false,"vehicleImageId":"522b15ed-31c3-4746-8fb8-09270ebe1b6f","imagecount":1,"advertiserName":"Bolands Wexford (Ford & Jaguar)","isTrade":true},{"advertId":"33413620617345820","vehicleMake":"Ford","vehicleModel":"Kuga","vehicleDerivative":"ZETEC 2.0 TDCI 140PS M6 2WD","vehiclePriceEuro":31200,"vehicleYearOfManufacture":2013,"advertiserCounty":"Laois","isPSL":true,"privatePSL":false,"vehicleImageId":"0fbfe9ce-decf-41fb-a3e5-44ae4618f439","imagecount":9,"advertiserName":"Downey's Auto Stop Ltd","isTrade":true},{"advertId":"34213621370759620","vehicleMake":"Ford","vehicleModel":"Kuga","vehicleDerivative":"4WD 2.0TDCI 140BHP","vehiclePriceEuro":30950,"vehicleYearOfManufacture":2013,"advertiserCounty":"Dublin","isPSL":true,"privatePSL":false,"vehicleImageId":"3fe2c3c3-4080-4450-8524-8a0d72f6bdf4","imagecount":15,"advertiserName":"Canavan Ford","isTrade":true},{"advertId":"33213611974362530","vehicleMake":"Ford","vehicleModel":"Kuga","vehicleDerivative":"ZETEC VAN 2.0 TDCI 140PS 5DR AUTO","vehiclePriceEuro":29750,"vehicleYearOfManufacture":2013,"advertiserCounty":"Cork","isPSL":true,"privatePSL":false,"vehicleImageId":"f4e75f61-acb5-40b0-b662-45c16ebab3ce","imagecount":7,"advertiserName":"C.A.B. Motor Company","isTrade":true},{"advertId":"6313336162067340","vehicleMake":"Ford","vehicleModel":"Kuga","vehicleDerivative":"2.0TDCI ZETEC FWD €3000 TRADE IN ALLOWANCE/SCRAPPAGE @ navanford.ie","vehiclePriceEuro":29250,"vehicleYearOfManufacture":2013,"advertiserCounty":"Meath","isPSL":true,"privatePSL":false,"vehicleImageId":"12663f68-e433-4478-a5d4-a9c03c4b40bb","imagecount":8,"advertiserName":"Navan Ford Centre","isTrade":true},{"advertId":"31713585013966230","vehicleMake":"Ford","vehicleModel":"Kuga","vehicleDerivative":"2.0 TDCi CAR VAN","vehiclePriceEuro":25850,"vehicleYearOfManufacture":2013,"advertiserCounty":"Wexford","isPSL":true,"privatePSL":false,"vehicleImageId":"3ffaab37-1025-41e9-8f92-64f5803a9cfc","imagecount":6,"advertiserName":"Bolands Wexford (Ford & Jaguar)","isTrade":true},{"advertId":"34413619838648890","vehicleMake":"Ford","vehicleModel":"Kuga","vehicleDerivative":"2.0 TDCI 4WD Zetec Commercial 140 BHP","vehiclePriceEuro":24500,"vehicleYearOfManufacture":2013,"advertiserCounty":"Kerry","isPSL":false,"privatePSL":false,"vehicleImageId":"1714cd72-1918-484b-b6bc-1e755349ede9","imagecount":10,"advertiserName":"Kerry Motor Works","isTrade":true},{"advertId":"31813594714139520","vehicleMake":"Ford","vehicleModel":"Kuga","vehicleDerivative":"COMMERCIAL A.W.D. 2.0TD 5DR","vehiclePriceEuro":22200,"vehicleYearOfManufacture":2013,"advertiserCounty":"Laois","isPSL":true,"privatePSL":false,"vehicleImageId":"8cb26a7b-d1af-4d8e-bea0-8edc9259dc58","imagecount":6,"advertiserName":"Downey's Auto Stop Ltd","isTrade":true},{"advertId":"30813477235128180","vehicleMake":"Ford","vehicleModel":"Kuga","vehicleDerivative":"4x4 zetec COMM","vehiclePriceEuro":20995,"vehicleYearOfManufacture":2013,"advertiserCounty":"Wexford","isPSL":false,"privatePSL":false,"vehicleImageId":"7f1a2806-e4c5-430f-a992-948de52cad28","imagecount":10,"advertiserName":"Boland Motors New Ross","isTrade":true},{"advertId":"5413317190023680","vehicleMake":"Ford","vehicleModel":"Kuga","vehicleDerivative":"VAN 5YR WARRANTY","vehiclePriceEuro":0,"vehicleYearOfManufacture":2013,"advertiserCounty":"Dublin","isPSL":true,"privatePSL":false,"vehicleImageId":"9304232b-ec19-420a-80be-7d18918f40c8","imagecount":14,"advertiserName":"Canavan Ford","isTrade":true},{"advertId":"31913598190790150","vehicleMake":"Ford","vehicleModel":"Kuga","vehicleDerivative":"2.0TDCI ZETEC NEW MODEL","vehiclePriceEuro":0,"vehicleYearOfManufacture":2013,"advertiserCounty":"Meath","isPSL":true,"privatePSL":false,"vehicleImageId":"e846c56c-4c8e-4adb-83e5-f1bfde7bf08a","imagecount":2,"advertiserName":"Navan Ford Centre","isTrade":true},{"advertId":"31913561023317360","vehicleMake":"Ford","vehicleModel":"Kuga","vehicleDerivative":"*NEW MODEL* 2.0 Zetec","vehiclePriceEuro":0,"vehicleYearOfManufacture":2013,"advertiserCounty":"Dublin","isPSL":false,"privatePSL":false,"vehicleImageId":"164de669-fc6a-4750-9c9e-fd108610f961","imagecount":3,"advertiserName":"Lillis O'Donnell Ford","isTrade":true},{"advertId":"32013561035434850","vehicleMake":"Ford","vehicleModel":"Kuga","vehicleDerivative":"*NEW MODEL* 2.0 Zetec","vehiclePriceEuro":0,"vehicleYearOfManufacture":2013,"advertiserCounty":"Dublin","isPSL":false,"privatePSL":false,"vehicleImageId":"4335c6f8-2b56-4ee1-b2b7-e319c6eada69","imagecount":3,"advertiserName":"Lillis O'Donnell Ford","isTrade":true},{"advertId":"31113561024885360","vehicleMake":"Ford","vehicleModel":"Kuga","vehicleDerivative":"*NEW MODEL* 2.0 Zetec","vehiclePriceEuro":0,"vehicleYearOfManufacture":2013,"advertiserCounty":"Dublin","isPSL":false,"privatePSL":false,"vehicleImageId":"32934f78-4af0-4d45-aaf1-8750d56b9ce5","imagecount":3,"advertiserName":"Lillis O'Donnell Ford","isTrade":true},{"advertId":"613270479692200","vehicleMake":"Ford","vehicleModel":"Kuga","vehicleDerivative":"2.0 TDCI  ZETEC 4WD 6SP 140PS","vehiclePriceEuro":30450,"vehicleYearOfManufacture":2012,"advertiserCounty":"Cork","isPSL":false,"privatePSL":false,"vehicleImageId":"bb8c187f-b31d-4739-8821-9309941c7455","imagecount":20,"advertiserName":"Cavanaghs of Charleville Ltd","isTrade":true},{"advertId":"32013593777384390","vehicleMake":"Ford","vehicleModel":"Kuga","vehicleDerivative":"2.0 TDCI 4WD Titanium 140 BHP","vehiclePriceEuro":29950,"vehicleYearOfManufacture":2012,"advertiserCounty":"Kerry","isPSL":false,"privatePSL":false,"vehicleImageId":"20d34d8e-dae9-444a-a677-4f9aa76b2341","imagecount":17,"advertiserName":"Kerry Motor Works","isTrade":true},{"advertId":"613243735361980","vehicleMake":"Ford","vehicleModel":"Kuga","vehicleDerivative":"Zetec Van All Wheel Drive","vehiclePriceEuro":29795,"vehicleYearOfManufacture":2012,"advertiserCounty":"Dublin","isPSL":false,"privatePSL":false,"vehicleImageId":"498841c5-8790-4675-abc4-8f84844fbbfb","imagecount":2,"advertiserName":"Lillis O'Donnell Ford","isTrade":true},{"advertId":"33913605854317820","vehicleMake":"Ford","vehicleModel":"Kuga","vehicleDerivative":"TITANIUM 2.0 TDC 140PS 4DR","vehiclePriceEuro":28000,"vehicleYearOfManufacture":2012,"advertiserCounty":"Cork","isPSL":false,"privatePSL":false,"vehicleImageId":"a88c53d6-1b04-410f-b0ab-4d0f495a7d5e","imagecount":9,"advertiserName":"Cavanagh's of Fermoy","isTrade":true},{"advertId":"34313600737044270","vehicleMake":"Ford","vehicleModel":"Kuga","vehicleDerivative":"ZETEC 2.0 TDC 140PS FWD 6SPEED 5DR","vehiclePriceEuro":27950,"vehicleYearOfManufacture":2012,"advertiserCounty":"Carlow","isPSL":true,"privatePSL":false,"vehicleImageId":"f1ab7b1a-d2cb-40e4-a9f2-d6d4d2f3db98","imagecount":8,"advertiserName":"Meridian Motors","isTrade":true},{"advertId":"4913304438418880","vehicleMake":"Ford","vehicleModel":"Kuga","vehicleDerivative":"ZETEC 2.0 TDC 140PS 4DR","vehiclePriceEuro":26595,"vehicleYearOfManufacture":2012,"advertiserCounty":"Tipperary","isPSL":false,"privatePSL":false,"vehicleImageId":"f52d7064-d45c-44fc-b7c5-1457f2c1ce18","imagecount":3,"advertiserName":"Barlo Motors Thurles","isTrade":true},{"advertId":"7013382900046490","vehicleMake":"Ford","vehicleModel":"Kuga","vehicleDerivative":"zetec","vehiclePriceEuro":26500,"vehicleYearOfManufacture":2012,"advertiserCounty":"Cork","isPSL":false,"privatePSL":false,"vehicleImageId":"608f0656-5441-4bd6-8c61-69cf4a460288","imagecount":6,"advertiserName":"Cork City Ford Centre","isTrade":true},{"advertId":"34013623922157660","vehicleMake":"Ford","vehicleModel":"Kuga","vehicleDerivative":"ZETEC 2.0 TDCI 140PS","vehiclePriceEuro":26500,"vehicleYearOfManufacture":2012,"advertiserCounty":"Cork","isPSL":true,"privatePSL":false,"vehicleImageId":"501d3ec7-a691-42b5-b5c4-e833035dd9a8","imagecount":6,"advertiserName":"C.A.B. Motor Company","isTrade":true},{"advertId":"6613359578307300","vehicleMake":"Ford","vehicleModel":"Kuga","vehicleDerivative":"2.0 COMMERCIAL 4WD","vehiclePriceEuro":20830,"vehicleYearOfManufacture":2012,"advertiserCounty":"Cork","isPSL":false,"privatePSL":false,"vehicleImageId":"9b3caed8-5f6c-44e4-9921-bfd123b0e017","imagecount":7,"advertiserName":"Cavanaghs of Charleville Ltd","isTrade":true},{"advertId":"34113602351020780","vehicleMake":"Ford","vehicleModel":"Kuga","vehicleDerivative":"TITANIUM 2.0 TDC 140PS AWD 5DR","vehiclePriceEuro":0,"vehicleYearOfManufacture":2012,"advertiserCounty":"Dublin","isPSL":false,"privatePSL":false,"imagecount":0,"advertiserName":"Fort Motors Ltd","isTrade":true},{"advertId":"6113341517964980","vehicleMake":"Ford","vehicleModel":"Kuga","vehicleDerivative":"Zetec Van","vehiclePriceEuro":0,"vehicleYearOfManufacture":2012,"advertiserCounty":"Dublin","isPSL":false,"privatePSL":false,"vehicleImageId":"28493f1b-6802-4225-88d7-9725ea07ecb6","imagecount":3,"advertiserName":"Lillis O'Donnell Ford","isTrade":true},{"advertId":"33213607557420060","vehicleMake":"Ford","vehicleModel":"Kuga","vehicleDerivative":"SOLD**SOLD**TITANIUM 2.0 TDC 140PS AWD 5DR ***HI SPEC***","vehiclePriceEuro":27950,"vehicleYearOfManufacture":2011,"advertiserCounty":"Louth","isPSL":false,"privatePSL":false,"vehicleImageId":"5067c270-f139-4814-bbb3-5e71d34dabe8","imagecount":18,"advertiserName":"Callanan Motor Company","isTrade":true},{"advertId":"31913589530784970","vehicleMake":"Ford","vehicleModel":"Kuga","vehicleDerivative":"ZETEC 2.0 TDC 140PS AWD 5DR","vehiclePriceEuro":26750,"vehicleYearOfManufacture":2011,"advertiserCounty":"Kerry","isPSL":false,"privatePSL":false,"vehicleImageId":"243b445a-a0dd-450c-a741-026622dc78f4","imagecount":9,"advertiserName":"Adams of Tralee","isTrade":true},{"advertId":"31913577480995150","vehicleMake":"Ford","vehicleModel":"Kuga","vehicleDerivative":"ZETEC 2.0 TDC 140PS FWD 6SPEED 5DR","vehiclePriceEuro":25950,"vehicleYearOfManufacture":2011,"advertiserCounty":"Cork","isPSL":true,"privatePSL":false,"vehicleImageId":"a778c26d-72cf-412b-8cf8-7079ec55ee8d","imagecount":7,"advertiserName":"C.A.B. Motor Company","isTrade":true},{"advertId":"33213611804607350","vehicleMake":"Ford","vehicleModel":"Kuga","vehicleDerivative":"Zetec 2.0 TDCi 4x4 5Dr JoeDuffy.ie","vehiclePriceEuro":24950,"vehicleYearOfManufacture":2011,"advertiserCounty":"Dublin","isPSL":true,"privatePSL":false,"vehicleImageId":"2c95b90b-1507-4af8-8c79-e422bf5addbe","imagecount":13,"advertiserName":"Joe Duffy (Opel & Mazda)","isTrade":true},{"advertId":"32013586033720070","vehicleMake":"Ford","vehicleModel":"Kuga","vehicleDerivative":"ZETEC 2.0 TDC 140PS FWD 6SPEED 5DR","vehiclePriceEuro":24950,"vehicleYearOfManufacture":2011,"advertiserCounty":"Clare","isPSL":false,"privatePSL":false,"vehicleImageId":"69d3bba5-49a7-4959-970d-c2f2ab5f6b3d","imagecount":11,"advertiserName":"Sheils of Ennis","isTrade":true},{"advertId":"713237651110880","vehicleMake":"Ford","vehicleModel":"Kuga","vehicleDerivative":"2.0TDCI MINT CONDITION","vehiclePriceEuro":24500,"vehicleYearOfManufacture":2011,"advertiserCounty":"Louth","isPSL":false,"privatePSL":false,"vehicleImageId":"8fb89471-31e2-4143-98ae-8d72e0872a24","imagecount":10,"advertiserName":"Byrne and Maguire","isTrade":true},{"advertId":"34213622287995110","vehicleMake":"Ford","vehicleModel":"Kuga","vehicleDerivative":"ZETEC 2.0 TDC 140PS FWD 6SPEED","vehiclePriceEuro":24495,"vehicleYearOfManufacture":2011,"advertiserCounty":"Dublin","isPSL":false,"privatePSL":false,"vehicleImageId":"cdd259ef-9e82-46be-ab1d-4cd2ef60c4d6","imagecount":12,"advertiserName":"Tallaght Ford","isTrade":true},{"advertId":"33413603201114590","vehicleMake":"Ford","vehicleModel":"Kuga","vehicleDerivative":"ZETEC 2.0 TDC 140PS FWD 6SPEED 5DR","vehiclePriceEuro":23950,"vehicleYearOfManufacture":2011,"advertiserCounty":"Louth","isPSL":false,"privatePSL":false,"vehicleImageId":"496b9f9e-e4c2-4c6d-bbe9-0cb22ee4ba44","imagecount":15,"advertiserName":"Smith's of Drogheda","isTrade":true},{"advertId":"31813573022410410","vehicleMake":"Ford","vehicleModel":"Kuga","vehicleDerivative":"ZETEC 2.0 TDC 140PS FWD 6SPEED 5DR","vehiclePriceEuro":23950,"vehicleYearOfManufacture":2011,"advertiserCounty":"Dublin","isPSL":false,"privatePSL":false,"vehicleImageId":"584eb49a-6205-402c-a237-894d843bc441","imagecount":6,"advertiserName":"Lillis O'Donnell Ford","isTrade":true},{"advertId":"34113623931427380","vehicleMake":"Ford","vehicleModel":"Kuga","vehicleDerivative":"ZETEC 2.0 TDCI 5DR","vehiclePriceEuro":23900,"vehicleYearOfManufacture":2011,"advertiserCounty":"Laois","isPSL":true,"privatePSL":false,"vehicleImageId":"0a794d86-aa1b-4777-ad29-dadfd97f793e","imagecount":1,"advertiserName":"Downey's Auto Stop Ltd","isTrade":true},{"advertId":"32713588933520480","vehicleMake":"Ford","vehicleModel":"Kuga","vehicleDerivative":"ZETEC 2.0 TDCI MARCH MADNESS PRICE REDUCTION!!!","vehiclePriceEuro":23750,"vehicleYearOfManufacture":2011,"advertiserCounty":"Wexford","isPSL":false,"privatePSL":false,"vehicleImageId":"5d71efd0-99f9-481c-a0fc-31e92fb734c4","imagecount":9,"advertiserName":"Hugh Boggan Motors Ltd (Newtown Road)","isTrade":true},{"advertId":"32713593251724320","vehicleMake":"Ford","vehicleModel":"Kuga","vehicleDerivative":"2.0 TDCi Zetec **140bhp - As new**","vehiclePriceEuro":23700,"vehicleYearOfManufacture":2011,"advertiserCounty":"Limerick","isPSL":false,"privatePSL":false,"vehicleImageId":"2c1a0f77-56c2-4a0c-bfd7-48fc998fb328","imagecount":14,"advertiserName":"Hinchy's Garage","isTrade":true},{"advertId":"34013608428254070","vehicleMake":"Ford","vehicleModel":"Kuga","vehicleDerivative":"ZETEC VAN 2.0 TDCI AWD 5DR","vehiclePriceEuro":18950,"vehicleYearOfManufacture":2011,"advertiserCounty":"Dublin","isPSL":false,"privatePSL":false,"vehicleImageId":"34170c03-3b6c-41be-ae3e-76457086d910","imagecount":9,"advertiserName":"Lillis O'Donnell Ford","isTrade":true},{"advertId":"33913608396790080","vehicleMake":"Ford","vehicleModel":"Kuga","vehicleDerivative":"ZETEC 2.0 TDC 140PS FWD 6SPEED 5DR","vehiclePriceEuro":0,"vehicleYearOfManufacture":2011,"advertiserCounty":"Monaghan","isPSL":false,"privatePSL":false,"vehicleImageId":"fdb7bc20-7bb5-4c61-b3c6-27e91f3c4b02","imagecount":6,"advertiserName":"Doran Motors Ltd","isTrade":true},{"advertId":"34113608517005500","vehicleMake":"Ford","vehicleModel":"Kuga","vehicleDerivative":"ZETEC 2.0 TDC 140PS FWD 6SPEED 5DR","vehiclePriceEuro":0,"vehicleYearOfManufacture":2011,"advertiserCounty":"Louth","isPSL":false,"privatePSL":false,"vehicleImageId":"e2a921ff-d755-437a-add1-888921d904c9","imagecount":6,"advertiserName":"Drogheda Car Sales Ltd","isTrade":true},{"advertId":"31113539388869550","vehicleMake":"Ford","vehicleModel":"Kuga","vehicleDerivative":"2.0TDCi Titanium & Leather","vehiclePriceEuro":0,"vehicleYearOfManufacture":2011,"advertiserCounty":"Dublin","isPSL":true,"privatePSL":false,"vehicleImageId":"3f979c2f-2835-462b-bd5a-a1275b02b474","imagecount":1,"advertiserName":"Fairview Motors","isTrade":true},{"advertId":"31513578403705790","vehicleMake":"Ford","vehicleModel":"Kuga","vehicleDerivative":"ZETEC 2.0 TDC 140PS FWD 6SPEED 5DR","vehiclePriceEuro":0,"vehicleYearOfManufacture":2011,"advertiserCounty":"Donegal","isPSL":false,"privatePSL":false,"vehicleImageId":"76724320-13a8-49cf-98c2-52069e0fd75e","imagecount":12,"advertiserName":"Inishowen Motors Letterkenny (Kia Nissan)","isTrade":true},{"advertId":"32913595884751030","vehicleMake":"Ford","vehicleModel":"Kuga","vehicleDerivative":"ONLY €92 WEEKLY WITH OUR SPECIAL FINANCE OFFER!!","vehiclePriceEuro":0,"vehicleYearOfManufacture":2011,"advertiserCounty":"Wexford","isPSL":false,"privatePSL":false,"vehicleImageId":"3c7c2f0f-479f-4269-88d8-0631067487ff","imagecount":10,"advertiserName":"Hugh Boggan Motors Ltd (Newtown Road)","isTrade":true},{"advertId":"32113577291924470","vehicleMake":"Ford","vehicleModel":"Kuga","vehicleDerivative":"ZETEC 2.0 TDC 140PS FWD 6SPEED 5DR","vehiclePriceEuro":0,"vehicleYearOfManufacture":2011,"advertiserCounty":"Louth","isPSL":false,"privatePSL":false,"vehicleImageId":"eb84a001-1228-4cc0-81ad-74ed8a30c8f3","imagecount":5,"advertiserName":"Drogheda Car Sales Ltd","isTrade":true},{"advertId":"31813583297743170","vehicleMake":"Ford","vehicleModel":"Kuga","vehicleDerivative":"ZETEC 2.0 TDC 140PS FWD 6SPEED 5DR","vehiclePriceEuro":0,"vehicleYearOfManufacture":2011,"advertiserCounty":"Monaghan","isPSL":false,"privatePSL":false,"vehicleImageId":"65f5a8f8-d143-4f28-8525-e4ebf6326c70","imagecount":5,"advertiserName":"Doran Motors Ltd","isTrade":true},{"advertId":"32913608449331930","vehicleMake":"Ford","vehicleModel":"Kuga","vehicleDerivative":"ZETEC 2.0 TDCI 4X4 5 Door","vehiclePriceEuro":23950,"vehicleYearOfManufacture":2010,"advertiserCounty":"Dublin","isPSL":false,"privatePSL":false,"vehicleImageId":"32c0ffbb-5d76-402e-bec0-aff6757c42e4","imagecount":20,"advertiserName":"Harmonstown Motors","isTrade":true},{"advertId":"31413582467567880","vehicleMake":"Ford","vehicleModel":"Kuga","vehicleDerivative":"ZETEC 2.0 TDCI 5DR","vehiclePriceEuro":23450,"vehicleYearOfManufacture":2010,"advertiserCounty":"Dublin","isPSL":true,"privatePSL":false,"vehicleImageId":"92a8dd62-800c-4d86-8b64-fe50080c0309","imagecount":7,"advertiserName":"Rialto Ford","isTrade":true},{"advertId":"31413596436398060","vehicleMake":"Ford","vehicleModel":"Kuga","vehicleDerivative":"ZETEC 2.0 TDCI 136PS 4X2 4 X 2 5DR","vehiclePriceEuro":23000,"vehicleYearOfManufacture":2010,"advertiserCounty":"Galway","isPSL":false,"privatePSL":false,"vehicleImageId":"d8a2168e-4808-4f00-913d-52b9d44d298e","imagecount":10,"advertiserName":"J.J. Fleming & Co Ltd","isTrade":true},{"advertId":"201309212649873","vehicleMake":"Ford","vehicleModel":"Kuga","vehicleDerivative":"ZETEC 2.0 TDCI 136PS 4X2 4 X 2 5DR","vehiclePriceEuro":22950,"vehicleYearOfManufacture":2010,"advertiserCounty":"Kildare","isPSL":true,"privatePSL":false,"imagecount":0,"isTrade":false},{"advertId":"33213603423443140","vehicleMake":"Ford","vehicleModel":"Kuga","vehicleDerivative":"ZETEC 2.0 TDCI 136PS 4X2 4 X 2 5DR","vehiclePriceEuro":22500,"vehicleYearOfManufacture":2010,"advertiserCounty":"Cork","isPSL":false,"privatePSL":false,"vehicleImageId":"a3e13d9b-481d-43ac-b112-174a2465228f","imagecount":15,"advertiserName":"Nyhan Motors","isTrade":true},{"advertId":"26913427009736020","vehicleMake":"Ford","vehicleModel":"Kuga","vehicleDerivative":"Zetec","vehiclePriceEuro":22500,"vehicleYearOfManufacture":2010,"advertiserCounty":"Kildare","isPSL":false,"privatePSL":false,"vehicleImageId":"f1740780-27ba-4b32-8a7d-8d1db7d21182","imagecount":13,"advertiserName":"Dermot Kelly Ltd","isTrade":true},{"advertId":"201247211069371","vehicleMake":"Ford","vehicleModel":"Kuga","vehicleDerivative":"4WD 2.0 TDCI 136 TITANIUM AWD 5DR","vehiclePriceEuro":22500,"vehicleYearOfManufacture":2010,"advertiserCounty":"Donegal","isPSL":true,"privatePSL":false,"vehicleImageId":"13758977","imagecount":8,"isTrade":false},{"advertId":"6113350258519480","vehicleMake":"Ford","vehicleModel":"Kuga","vehicleDerivative":"ZETEC 2.0 TDCI 136PS 4X2 4 X 2 5DR","vehiclePriceEuro":22495,"vehicleYearOfManufacture":2010,"advertiserCounty":"Mayo","isPSL":false,"privatePSL":false,"vehicleImageId":"0104e1d3-8daf-4b46-8bf1-a1b2daf9d0d4","imagecount":8,"advertiserName":"J.J. Griffith Ltd","isTrade":true},{"advertId":"33413622330413810","vehicleMake":"Ford","vehicleModel":"Kuga","vehicleDerivative":"ZETEC 2.0 TDCI 136PS 4X2 4 X 2 5DR","vehiclePriceEuro":21995,"vehicleYearOfManufacture":2010,"advertiserCounty":"Dublin","isPSL":false,"privatePSL":false,"vehicleImageId":"5d80ed1b-b5b5-4565-b0af-336d4ce44db9","imagecount":10,"advertiserName":"Fort Motors Ltd","isTrade":true},{"advertId":"7813391543681980","vehicleMake":"Ford","vehicleModel":"Kuga","vehicleDerivative":"ZETEC 2.0 TDCI 136PS 4X2 CASH PRICE","vehiclePriceEuro":21995,"vehicleYearOfManufacture":2010,"advertiserCounty":"Mayo","isPSL":false,"privatePSL":false,"vehicleImageId":"285118f6-019a-4307-ba2b-af2302a7abd7","imagecount":12,"advertiserName":"Griffith's Motor Group","isTrade":true},{"advertId":"32913600620655980","vehicleMake":"Ford","vehicleModel":"Kuga","vehicleDerivative":"ZETEC 2.0 TDCI 5DR","vehiclePriceEuro":21950,"vehicleYearOfManufacture":2010,"advertiserCounty":"Dublin","isPSL":false,"privatePSL":false,"vehicleImageId":"4928d83e-8c70-4a64-ba3d-c94065c72402","imagecount":20,"advertiserName":"Harmonstown Motors","isTrade":true},{"advertId":"33913600596354520","vehicleMake":"Ford","vehicleModel":"Kuga","vehicleDerivative":"ZETEC 2.0 TDCI 136PS 4X2 4 X 2 5DR","vehiclePriceEuro":21950,"vehicleYearOfManufacture":2010,"advertiserCounty":"Cork","isPSL":false,"privatePSL":false,"vehicleImageId":"cb4f6617-d2a4-41aa-bcb5-a6538dac934f","imagecount":20,"advertiserName":"Cavanaghs of Charleville Ltd","isTrade":true},{"advertId":"34313616343327520","vehicleMake":"Ford","vehicleModel":"Kuga","vehicleDerivative":"ZETEC LOW MILES","vehiclePriceEuro":21950,"vehicleYearOfManufacture":2010,"advertiserCounty":"Louth","isPSL":false,"privatePSL":false,"vehicleImageId":"8381897a-e445-4b66-aefc-c874c5e6991a","imagecount":6,"advertiserName":"Byrne and Maguire","isTrade":true},{"advertId":"34213615431439200","vehicleMake":"Ford","vehicleModel":"Kuga","vehicleDerivative":"ZETEC 2.0 TDCI 136PS 4X2 4 X 2 5DR","vehiclePriceEuro":21950,"vehicleYearOfManufacture":2010,"advertiserCounty":"Limerick","isPSL":false,"privatePSL":false,"imagecount":0,"advertiserName":"Sheils of Limerick","isTrade":true},{"advertId":"31413529752091720","vehicleMake":"Ford","vehicleModel":"Kuga","vehicleDerivative":"2.0TDCI 136BHP ZETEC --- BLACKWATER FERMOY","vehiclePriceEuro":21500,"vehicleYearOfManufacture":2010,"advertiserCounty":"Cork","isPSL":true,"privatePSL":false,"vehicleImageId":"30b50d14-6421-4cd0-a694-f760e8e3934f","imagecount":20,"advertiserName":"Blackwater Motors Fermoy (Main Volkswagen Dealer)","isTrade":true},{"advertId":"34213615271175800","vehicleMake":"Ford","vehicleModel":"Kuga","vehicleDerivative":"ZETEC 2.0 TDCI ","vehiclePriceEuro":21500,"vehicleYearOfManufacture":2010,"advertiserCounty":"Dublin","isPSL":true,"privatePSL":false,"vehicleImageId":"1ca5c96f-e09b-4158-90d6-2764afab35af","imagecount":6,"advertiserName":"Fairview Motors","isTrade":true},{"advertId":"32713587716347760","vehicleMake":"Ford","vehicleModel":"Kuga","vehicleDerivative":"2.0 TDCI 4X2 5DR","vehiclePriceEuro":21500,"vehicleYearOfManufacture":2010,"advertiserCounty":"Laois","isPSL":true,"privatePSL":false,"vehicleImageId":"2f841e7c-cfc0-44b3-b901-bfb9b0212eaf","imagecount":9,"advertiserName":"Downey's Auto Stop Ltd","isTrade":true},{"advertId":"31513595563240530","vehicleMake":"Ford","vehicleModel":"Kuga","vehicleDerivative":"ZETEC 2.0 TDCI 136PS 5DR","vehiclePriceEuro":21450,"vehicleYearOfManufacture":2010,"advertiserCounty":"Dublin","isPSL":true,"privatePSL":false,"vehicleImageId":"a1961250-1727-45a7-b3ed-d946d4c19381","imagecount":14,"advertiserName":"Spirit Ford","isTrade":true},{"advertId":"28813438361198330","vehicleMake":"Ford","vehicleModel":"Kuga","vehicleDerivative":"ZETEC 2.0 TDCI 136PS 4X2 4 X 2 5DR","vehiclePriceEuro":21000,"vehicleYearOfManufacture":2010,"advertiserCounty":"Cork","isPSL":false,"privatePSL":false,"vehicleImageId":"6a27e826-8762-4611-bbf0-ccf83495b5ba","imagecount":4,"advertiserName":"Cavanagh's of Fermoy","isTrade":true},{"advertId":"34113611997132360","vehicleMake":"Ford","vehicleModel":"Kuga","vehicleDerivative":"2.0 ZETECH DIESEL 2 WHEEL-DRIVE 136 BHP","vehiclePriceEuro":20995,"vehicleYearOfManufacture":2010,"advertiserCounty":"Wexford","isPSL":false,"privatePSL":false,"vehicleImageId":"a0241203-9467-4840-b606-6c78e8a7a347","imagecount":10,"advertiserName":"O'Learys Garage Wexford (Volkswagen)","isTrade":true},{"advertId":"34213613533368390","vehicleMake":"Ford","vehicleModel":"Kuga","vehicleDerivative":"ZETEC @ DENIS MAHONY KILBARRACK","vehiclePriceEuro":20950,"vehicleYearOfManufacture":2010,"advertiserCounty":"Dublin","isPSL":true,"privatePSL":false,"vehicleImageId":"a045e5d1-9b57-4f14-9a11-bc29c9b1b7a6","imagecount":17,"advertiserName":"Denis Mahony Kilbarrack","isTrade":true},{"advertId":"31713572093943640","vehicleMake":"Ford","vehicleModel":"Kuga","vehicleDerivative":"ZETEC 2.0 TDCI 136PS  5DR","vehiclePriceEuro":20950,"vehicleYearOfManufacture":2010,"advertiserCounty":"Louth","isPSL":false,"privatePSL":false,"vehicleImageId":"718e5520-52ad-4306-b581-f00f7617dd2d","imagecount":8,"advertiserName":"Smith's of Drogheda","isTrade":true},{"advertId":"34113604061074830","vehicleMake":"Ford","vehicleModel":"Kuga","vehicleDerivative":"ZETEC 2.0 TDCI 136PS 4X2 4 X 2 5DR","vehiclePriceEuro":20950,"vehicleYearOfManufacture":2010,"advertiserCounty":"Clare","isPSL":false,"privatePSL":false,"vehicleImageId":"5b3d26df-4b3d-48cc-999b-f1ac5fe7c902","imagecount":11,"advertiserName":"Sheils of Ennis","isTrade":true}],"totalAdvertCount":45174}