{"adverts":[{"advertId":"31413577686279000","vehicleMake":"Hyundai","vehicleModel":"Accent","vehicleDerivative":"1.4 GLS 4DR AUTO","vehiclePriceEuro":5950,"vehicleYearOfManufacture":2008,"advertiserCounty":"Dublin","isPSL":false,"privatePSL":false,"vehicleImageId":"30d493c5-6f97-464c-b04c-e06a61576c36","imagecount":4,"advertiserName":"HB Dennis Leasing Ltd","isTrade":true},{"advertId":"201305212250798","vehicleMake":"Hyundai","vehicleModel":"Accent","vehicleDerivative":"1.5 CRDI","vehiclePriceEuro":5475,"vehicleYearOfManufacture":2008,"advertiserCounty":"Westmeath","isPSL":true,"privatePSL":false,"vehicleImageId":"13565937","imagecount":2,"isTrade":false},{"advertId":"33913619915510440","vehicleMake":"Hyundai","vehicleModel":"Accent","vehicleDerivative":"De Luxe 1.4Petrol 4 Door","vehiclePriceEuro":5450,"vehicleYearOfManufacture":2008,"advertiserCounty":"Kilkenny","isPSL":false,"privatePSL":false,"vehicleImageId":"3eceb321-31da-4025-a60c-261e62ca138f","imagecount":9,"advertiserName":"Laharts Skoda","isTrade":true},{"advertId":"34113600691383490","vehicleMake":"Hyundai","vehicleModel":"Accent","vehicleDerivative":"SPORT 3DR","vehiclePriceEuro":5350,"vehicleYearOfManufacture":2008,"advertiserCounty":"Kilkenny","isPSL":false,"privatePSL":false,"vehicleImageId":"797e5dde-302a-4a18-a552-01d542527a30","imagecount":17,"advertiserName":"Michael Lyng Motors Ltd.","isTrade":true},{"advertId":"30213472792525940","vehicleMake":"Hyundai","vehicleModel":"Accent","vehicleDerivative":"1.4 GLS 4DR AUT","vehiclePriceEuro":5300,"vehicleYearOfManufacture":2008,"advertiserCounty":"Cork","isPSL":false,"privatePSL":false,"vehicleImageId":"e7818b4c-b87f-4fa3-9a5a-555f26f9d4c1","imagecount":20,"advertiserName":"Great Island Motors Ltd","isTrade":true},{"advertId":"31913559366610110","vehicleMake":"Hyundai","vehicleModel":"Accent","vehicleDerivative":"1.4 GLS 4DR AUTO","vehiclePriceEuro":5095,"vehicleYearOfManufacture":2008,"advertiserCounty":"Dublin","isPSL":false,"privatePSL":false,"vehicleImageId":"101563a1-6bf6-49fc-bad5-b43dc3b2f9c0","imagecount":10,"advertiserName":"Motorplex","isTrade":true},{"advertId":"201308212601723","vehicleMake":"Hyundai","vehicleModel":"Accent","vehicleDerivative":"1.5 CRDI","vehiclePriceEuro":5000,"vehicleYearOfManufacture":2008,"advertiserCounty":"Dublin","isPSL":true,"privatePSL":false,"vehicleImageId":"14363502","imagecount":4,"isTrade":false},{"advertId":"31113571458633610","vehicleMake":"Hyundai","vehicleModel":"Accent","vehicleDerivative":"1.4 GLS 4DR AUTO","vehiclePriceEuro":4950,"vehicleYearOfManufacture":2008,"advertiserCounty":"Dublin","isPSL":false,"privatePSL":false,"vehicleImageId":"7db7efc1-4cdc-43a9-885e-442da71562d6","imagecount":9,"advertiserName":"Trade Price Cars","isTrade":true},{"advertId":"5113304299812180","vehicleMake":"Hyundai","vehicleModel":"Accent","vehicleDerivative":"SPORT 3DR","vehiclePriceEuro":0,"vehicleYearOfManufacture":2008,"advertiserCounty":"Cork","isPSL":false,"privatePSL":false,"vehicleImageId":"fb717682-0e47-4646-92e3-d00e59bb4fbc","imagecount":7,"advertiserName":"Shanahan Car Sales","isTrade":true},{"advertId":"201246210977974","vehicleMake":"Hyundai","vehicleModel":"Accent","vehicleDerivative":"GL","vehiclePriceEuro":7500,"vehicleYearOfManufacture":2007,"advertiserCounty":"Donegal","isPSL":true,"privatePSL":false,"vehicleImageId":"13740361","imagecount":7,"isTrade":false},{"advertId":"201246210973550","vehicleMake":"Hyundai","vehicleModel":"Accent","vehicleDerivative":"GL","vehiclePriceEuro":7500,"vehicleYearOfManufacture":2007,"advertiserCounty":"Donegal","isPSL":true,"privatePSL":false,"vehicleImageId":"13740361","imagecount":7,"isTrade":false},{"advertId":"32913609079691740","vehicleMake":"Hyundai","vehicleModel":"Accent","vehicleDerivative":"SPORT 3DR","vehiclePriceEuro":6750,"vehicleYearOfManufacture":2007,"advertiserCounty":"Clare","isPSL":false,"privatePSL":false,"vehicleImageId":"b72c5054-889f-44a5-ad3a-d2d13d72f89d","imagecount":9,"advertiserName":"Western Garages","isTrade":true},{"advertId":"201246210950545","vehicleMake":"Hyundai","vehicleModel":"Accent","vehicleDerivative":"1.4 GLS 4DR AUTO","vehiclePriceEuro":5950,"vehicleYearOfManufacture":2007,"advertiserCounty":"Cork","isPSL":true,"privatePSL":false,"vehicleImageId":"14133841","imagecount":4,"isTrade":false},{"advertId":"33413617953268140","vehicleMake":"Hyundai","vehicleModel":"Accent","vehicleDerivative":"DE LUXURY 4DR","vehiclePriceEuro":5950,"vehicleYearOfManufacture":2007,"advertiserCounty":"Dublin","isPSL":true,"privatePSL":false,"vehicleImageId":"0878644f-42ce-4919-9eee-a2d86ad370d0","imagecount":7,"advertiserName":"Park Motors Hyundai (MSL)","isTrade":true},{"advertId":"201246210990105","vehicleMake":"Hyundai","vehicleModel":"Accent","vehicleDerivative":"SPORT 3DR","vehiclePriceEuro":5850,"vehicleYearOfManufacture":2007,"advertiserCounty":"Dublin","isPSL":true,"privatePSL":false,"vehicleImageId":"14142533","imagecount":3,"isTrade":false},{"advertId":"201309212674309","vehicleMake":"Hyundai","vehicleModel":"Accent","vehicleDerivative":"SPORT 3DR","vehiclePriceEuro":5500,"vehicleYearOfManufacture":2007,"advertiserCounty":"Monaghan","isPSL":true,"privatePSL":false,"vehicleImageId":"14040169","imagecount":5,"isTrade":false},{"advertId":"32013593773123780","vehicleMake":"Hyundai","vehicleModel":"Accent","vehicleDerivative":"1.4 GLS 4DR AUTO","vehiclePriceEuro":5250,"vehicleYearOfManufacture":2007,"advertiserCounty":"Dublin","isPSL":true,"privatePSL":false,"vehicleImageId":"b6d5af64-6581-4ea0-9792-cb23d22a102e","imagecount":9,"advertiserName":"Grange Motors (MSL)","isTrade":true},{"advertId":"201242210576568","vehicleMake":"Hyundai","vehicleModel":"Accent","vehicleDerivative":"SPORT 3DR","vehiclePriceEuro":5000,"vehicleYearOfManufacture":2007,"advertiserCounty":"Dublin","isPSL":true,"privatePSL":false,"vehicleImageId":"14060533","imagecount":3,"isTrade":false},{"advertId":"201304212137507","vehicleMake":"Hyundai","vehicleModel":"Accent","vehicleDerivative":"1.4 GLS 4DR AUT","vehiclePriceEuro":4500,"vehicleYearOfManufacture":2007,"advertiserCounty":"Dublin","isPSL":true,"privatePSL":false,"vehicleImageId":"14290515","imagecount":5,"isTrade":false},{"advertId":"31413592353463750","vehicleMake":"Hyundai","vehicleModel":"Accent","vehicleDerivative":"SPORT 3DR","vehiclePriceEuro":4500,"vehicleYearOfManufacture":2007,"advertiserCounty":"Dublin","isPSL":false,"privatePSL":false,"vehicleImageId":"79f3a3ec-398c-4ab3-87bd-c7a19d6fe4c4","imagecount":8,"advertiserName":"Brookfield Cars","isTrade":true},{"advertId":"31713594601346970","vehicleMake":"Hyundai","vehicleModel":"Accent","vehicleDerivative":"1.4 GLS 4DR","vehiclePriceEuro":4450,"vehicleYearOfManufacture":2007,"advertiserCounty":"Dublin","isPSL":true,"privatePSL":false,"vehicleImageId":"6c8c20df-a6c0-445b-b8da-a8ff4eb3abc0","imagecount":10,"advertiserName":"3 Rock Cars","isTrade":true},{"advertId":"201305212194877","vehicleMake":"Hyundai","vehicleModel":"Accent","vehicleDerivative":"SPORT 3DR","vehiclePriceEuro":4000,"vehicleYearOfManufacture":2007,"advertiserCounty":"Galway","isPSL":true,"privatePSL":false,"vehicleImageId":"14299749","imagecount":7,"isTrade":false},{"advertId":"33913619897446820","vehicleMake":"Hyundai","vehicleModel":"Accent","vehicleDerivative":"SPORT..WWW.SARSFIELDMOTORS.IE..AIR CON..ALLOYS..CD PLAYER..FULLY LOADED..","vehiclePriceEuro":3950,"vehicleYearOfManufacture":2007,"advertiserCounty":"Dublin","isPSL":true,"privatePSL":false,"vehicleImageId":"da7e6a78-c3f0-4df5-8b7e-a27edce093b3","imagecount":1,"advertiserName":"Sarsfield Motor Company S.C.R. Kilmainham","isTrade":true},{"advertId":"201307212481358","vehicleMake":"Hyundai","vehicleModel":"Accent","vehicleDerivative":"DE LUXURY 4DR","vehiclePriceEuro":3395,"vehicleYearOfManufacture":2007,"advertiserCounty":"Dublin","isPSL":true,"privatePSL":false,"vehicleImageId":"14346790","imagecount":9,"isTrade":false},{"advertId":"31513584446771610","vehicleMake":"Hyundai","vehicleModel":"Accent","vehicleDerivative":"SPORT 3DR","vehiclePriceEuro":0,"vehicleYearOfManufacture":2007,"advertiserCounty":"Donegal","isPSL":false,"privatePSL":false,"vehicleImageId":"3cfb24c7-ff94-4f49-a705-3adf5aad13cc","imagecount":8,"advertiserName":"T Diver and Sons Ltd","isTrade":true},{"advertId":"31513534222525340","vehicleMake":"Hyundai","vehicleModel":"Accent","vehicleDerivative":"5DR GLS","vehiclePriceEuro":3750,"vehicleYearOfManufacture":2006,"advertiserCounty":"Limerick","isPSL":false,"privatePSL":false,"vehicleImageId":"a66496ab-fc00-4dca-be89-48bb27b7816f","imagecount":6,"advertiserName":"Donie Daffy Quality Car Sales","isTrade":true},{"advertId":"32713598423588030","vehicleMake":"Hyundai","vehicleModel":"Accent","vehicleDerivative":"1.3, NCT MAR-14, ONLY 39k, LOW MILES, ALLOYS, CAREFUL OWNER, AS NEW, \"\"MUST BE SEEN\"\", N4CARS.ie","vehiclePriceEuro":3749,"vehicleYearOfManufacture":2006,"advertiserCounty":"Dublin","isPSL":false,"privatePSL":false,"vehicleImageId":"9efedb96-7991-45b1-a606-077d28cd6596","imagecount":14,"advertiserName":"N4 Car Sales","isTrade":true},{"advertId":"201251211494431","vehicleMake":"Hyundai","vehicleModel":"Accent","vehicleDerivative":"4DR GLS 04DR","vehiclePriceEuro":3500,"vehicleYearOfManufacture":2006,"advertiserCounty":"Tipperary","isPSL":true,"privatePSL":false,"vehicleImageId":"13861562","imagecount":5,"isTrade":false},{"advertId":"33213613804028570","vehicleMake":"Hyundai","vehicleModel":"Accent","vehicleDerivative":"GL 4DR 41","vehiclePriceEuro":2950,"vehicleYearOfManufacture":2006,"advertiserCounty":"Kilkenny","isPSL":false,"privatePSL":false,"vehicleImageId":"ef2c77be-abd6-4b08-af40-625d4adabef4","imagecount":20,"advertiserName":"Michael Lyng Motors Ltd.","isTrade":true},{"advertId":"33213605795953150","vehicleMake":"Hyundai","vehicleModel":"Accent","vehicleDerivative":"1.4 GLS 4DR","vehiclePriceEuro":0,"vehicleYearOfManufacture":2006,"advertiserCounty":"Louth","isPSL":false,"privatePSL":false,"vehicleImageId":"fc3441b2-96e4-4150-8644-58017eee294c","imagecount":5,"advertiserName":"Drogheda Car Sales Ltd","isTrade":true},{"advertId":"34313604142002590","vehicleMake":"Hyundai","vehicleModel":"Accent","vehicleDerivative":"1.4 GLS 4DR","vehiclePriceEuro":0,"vehicleYearOfManufacture":2006,"advertiserCounty":"Monaghan","isPSL":false,"privatePSL":false,"vehicleImageId":"a6fcc702-6fdc-4918-81ac-710a8d7d5638","imagecount":5,"advertiserName":"Doran Motors Ltd","isTrade":true},{"advertId":"30913522052372300","vehicleMake":"Hyundai","vehicleModel":"Accent","vehicleDerivative":"NCT Till 5/13, TAX Till 9/13 HERE AT MOONEYS","vehiclePriceEuro":5995,"vehicleYearOfManufacture":2005,"advertiserCounty":"Dublin","isPSL":true,"privatePSL":false,"vehicleImageId":"01c55f4b-5d81-464d-a0b4-fc29776c60ca","imagecount":10,"advertiserName":"MOONEY'S","isTrade":true},{"advertId":"31913582438151410","vehicleMake":"Hyundai","vehicleModel":"Accent","vehicleDerivative":"5DR GLS","vehiclePriceEuro":4545,"vehicleYearOfManufacture":2005,"advertiserCounty":"Dublin","isPSL":false,"privatePSL":false,"vehicleImageId":"5625f75f-09be-4e2c-a3e3-8b92699b6db2","imagecount":10,"advertiserName":"Frank Harte Motors","isTrade":true},{"advertId":"33413616219632540","vehicleMake":"Hyundai","vehicleModel":"Accent","vehicleDerivative":"5DR GLS","vehiclePriceEuro":4450,"vehicleYearOfManufacture":2005,"advertiserCounty":"Dublin","isPSL":false,"privatePSL":false,"vehicleImageId":"cb967def-d9a9-43e8-befd-f006e23d7017","imagecount":1,"advertiserName":"Walsh Motors","isTrade":true},{"advertId":"613264495865720","vehicleMake":"Hyundai","vehicleModel":"Accent","vehicleDerivative":"GL 4DR 41","vehiclePriceEuro":4250,"vehicleYearOfManufacture":2005,"advertiserCounty":"Limerick","isPSL":true,"privatePSL":false,"vehicleImageId":"766eae2f-67fd-4f68-9a70-407c699b84f1","imagecount":7,"advertiserName":"Limerick Motor Centre","isTrade":true},{"advertId":"9913395054144200","vehicleMake":"Hyundai","vehicleModel":"Accent","vehicleDerivative":"SPORT 3DR 31","vehiclePriceEuro":4250,"vehicleYearOfManufacture":2005,"advertiserCounty":"Waterford","isPSL":true,"privatePSL":false,"vehicleImageId":"b3a3dcc1-a12b-4376-8036-10ce1e98ae83","imagecount":5,"advertiserName":"Sheridan Waterford","isTrade":true},{"advertId":"30813497974636910","vehicleMake":"Hyundai","vehicleModel":"Accent","vehicleDerivative":"4DR GLS 04DR","vehiclePriceEuro":3995,"vehicleYearOfManufacture":2005,"advertiserCounty":"Dublin","isPSL":false,"privatePSL":false,"vehicleImageId":"38624e65-c030-4842-b0a6-174fd8dd8eaa","imagecount":4,"advertiserName":"Fonthill Car Sales","isTrade":true},{"advertId":"6113335285411140","vehicleMake":"Hyundai","vehicleModel":"Accent","vehicleDerivative":"GLS 4 Door","vehiclePriceEuro":3950,"vehicleYearOfManufacture":2005,"advertiserCounty":"Kilkenny","isPSL":false,"privatePSL":false,"vehicleImageId":"66bcb9c7-0f1e-4762-88e5-badf8fef1a47","imagecount":7,"advertiserName":"David Buggy Motors","isTrade":true},{"advertId":"201246210950489","vehicleMake":"Hyundai","vehicleModel":"Accent","vehicleDerivative":"4DR GLS","vehiclePriceEuro":3700,"vehicleYearOfManufacture":2005,"advertiserCounty":"Dublin","isPSL":true,"privatePSL":false,"imagecount":0,"isTrade":false},{"advertId":"201304212137375","vehicleMake":"Hyundai","vehicleModel":"Accent","vehicleDerivative":"SPORT 3DR 31","vehiclePriceEuro":3500,"vehicleYearOfManufacture":2005,"advertiserCounty":"Dublin","isPSL":true,"privatePSL":false,"vehicleImageId":"14289920","imagecount":7,"isTrade":false},{"advertId":"31913504852145770","vehicleMake":"Hyundai","vehicleModel":"Accent","vehicleDerivative":"5DR GLS.05 2013 NCT...OPEN 7 DAYS...","vehiclePriceEuro":3500,"vehicleYearOfManufacture":2005,"advertiserCounty":"Dublin","isPSL":false,"privatePSL":false,"vehicleImageId":"87c788f5-9207-428a-91cc-44f04adb389d","imagecount":9,"advertiserName":"N 4 Autopoint","isTrade":true},{"advertId":"31813596518660540","vehicleMake":"Hyundai","vehicleModel":"Accent","vehicleDerivative":"5DR GLS....TAXED 07/13.......NCT 03/15","vehiclePriceEuro":3495,"vehicleYearOfManufacture":2005,"advertiserCounty":"Dublin","isPSL":false,"privatePSL":false,"vehicleImageId":"f1b0593e-0a86-4eaf-88fd-9b239323aee9","imagecount":14,"advertiserName":"Jim Rock Motors Ltd","isTrade":true},{"advertId":"201247211058873","vehicleMake":"Hyundai","vehicleModel":"Accent","vehicleDerivative":"1.3 GT","vehiclePriceEuro":3300,"vehicleYearOfManufacture":2005,"advertiserCounty":"Dublin","isPSL":true,"privatePSL":false,"vehicleImageId":"11232417","imagecount":9,"isTrade":false},{"advertId":"713240273601080","vehicleMake":"Hyundai","vehicleModel":"Accent","vehicleDerivative":"SOLD!!!","vehiclePriceEuro":2950,"vehicleYearOfManufacture":2005,"advertiserCounty":"Clare","isPSL":false,"privatePSL":false,"vehicleImageId":"d444a5bf-2435-4ece-a0bc-ecc9c13618d8","imagecount":7,"advertiserName":"Liam Cleary Car Sales","isTrade":true},{"advertId":"5013293125258910","vehicleMake":"Hyundai","vehicleModel":"Accent","vehicleDerivative":"GL 4DR AIRCON","vehiclePriceEuro":3950,"vehicleYearOfManufacture":2004,"advertiserCounty":"Cork","isPSL":false,"privatePSL":false,"vehicleImageId":"d6def616-e252-4813-bdab-3696dec67173","imagecount":17,"advertiserName":"Dan Seaman Motors (Hyundai & Mitsubishi)","isTrade":true},{"advertId":"30213468371154240","vehicleMake":"Hyundai","vehicleModel":"Accent","vehicleDerivative":"GLS 4DR .","vehiclePriceEuro":3500,"vehicleYearOfManufacture":2004,"advertiserCounty":"Galway","isPSL":false,"privatePSL":false,"vehicleImageId":"e23afea4-219a-4755-8f21-003a4f5e0228","imagecount":8,"advertiserName":"Arch Motors Ltd","isTrade":true},{"advertId":"713232471988980","vehicleMake":"Hyundai","vehicleModel":"Accent","vehicleDerivative":"SPORT 3DR 31","vehiclePriceEuro":3250,"vehicleYearOfManufacture":2004,"advertiserCounty":"Waterford","isPSL":false,"privatePSL":false,"vehicleImageId":"ed8d4ee5-9e49-4a01-ad0c-23e2909f1d18","imagecount":6,"advertiserName":"Castletown Carsales","isTrade":true},{"advertId":"201244210763253","vehicleMake":"Hyundai","vehicleModel":"Accent","vehicleDerivative":"GLS","vehiclePriceEuro":3100,"vehicleYearOfManufacture":2004,"advertiserCounty":"Dublin","isPSL":true,"privatePSL":false,"vehicleImageId":"14091908","imagecount":4,"isTrade":false},{"advertId":"201309212747054","vehicleMake":"Hyundai","vehicleModel":"Accent","vehicleDerivative":"SPORT 3DR 31","vehiclePriceEuro":2999,"vehicleYearOfManufacture":2004,"advertiserCounty":"Dublin","isPSL":true,"privatePSL":false,"vehicleImageId":"14383599","imagecount":9,"isTrade":false},{"advertId":"33913615394035760","vehicleMake":"Hyundai","vehicleModel":"Accent","vehicleDerivative":"SPORT 3DR GT","vehiclePriceEuro":2950,"vehicleYearOfManufacture":2004,"advertiserCounty":"Cork","isPSL":false,"privatePSL":false,"vehicleImageId":"0a1a423e-612c-494a-80af-d409b0ff4997","imagecount":18,"advertiserName":"Dan Seaman Motors (Hyundai & Mitsubishi)","isTrade":true},{"advertId":"28513434023444910","vehicleMake":"Hyundai","vehicleModel":"Accent","vehicleDerivative":"CDX 4DR 41","vehiclePriceEuro":2950,"vehicleYearOfManufacture":2004,"advertiserCounty":"Cork","isPSL":false,"privatePSL":false,"vehicleImageId":"23844eb8-6768-41ea-8ab4-f269a340c829","imagecount":11,"advertiserName":"Airport Road Car Sales","isTrade":true},{"advertId":"32913614609342460","vehicleMake":"Hyundai","vehicleModel":"Accent","vehicleDerivative":"SPORT 3DR 31","vehiclePriceEuro":2950,"vehicleYearOfManufacture":2004,"advertiserCounty":"Meath","isPSL":false,"privatePSL":false,"vehicleImageId":"4f7e2e20-3465-4b71-ae86-5913d91aabcc","imagecount":9,"advertiserName":"M3 Car Sales Ltd","isTrade":true},{"advertId":"201251211518012","vehicleMake":"Hyundai","vehicleModel":"Accent","vehicleDerivative":"1.3  sport","vehiclePriceEuro":2950,"vehicleYearOfManufacture":2004,"advertiserCounty":"Dublin","isPSL":true,"privatePSL":false,"vehicleImageId":"13421305","imagecount":4,"isTrade":false},{"advertId":"201303211959585","vehicleMake":"Hyundai","vehicleModel":"Accent","vehicleDerivative":"SPORT 3DR 31","vehiclePriceEuro":2900,"vehicleYearOfManufacture":2004,"advertiserCounty":"Kildare","isPSL":true,"privatePSL":false,"vehicleImageId":"14264626","imagecount":3,"isTrade":false},{"advertId":"31713557009979870","vehicleMake":"Hyundai","vehicleModel":"Accent","vehicleDerivative":"CDX 4DR 41","vehiclePriceEuro":2750,"vehicleYearOfManufacture":2004,"advertiserCounty":"Waterford","isPSL":false,"privatePSL":false,"vehicleImageId":"e6634d8e-46f3-4c40-8edd-1017d0258f18","imagecount":13,"advertiserName":"Castletown Carsales","isTrade":true},{"advertId":"31413560099368210","vehicleMake":"Hyundai","vehicleModel":"Accent","vehicleDerivative":"CDX 4DR 41","vehiclePriceEuro":2495,"vehicleYearOfManufacture":2004,"advertiserCounty":"Meath","isPSL":false,"privatePSL":false,"vehicleImageId":"6f77df19-6510-465d-b1f0-78fa97d0d976","imagecount":4,"advertiserName":"Kells Car Sales","isTrade":true},{"advertId":"201307212433023","vehicleMake":"Hyundai","vehicleModel":"Accent","vehicleDerivative":"5DR GLS","vehiclePriceEuro":2200,"vehicleYearOfManufacture":2004,"advertiserCounty":"Dublin","isPSL":true,"privatePSL":false,"vehicleImageId":"14341461","imagecount":1,"isTrade":false},{"advertId":"201245210884863","vehicleMake":"Hyundai","vehicleModel":"Accent","vehicleDerivative":"SPORT 3DR 31","vehiclePriceEuro":2000,"vehicleYearOfManufacture":2004,"advertiserCounty":"Wexford","isPSL":true,"privatePSL":false,"vehicleImageId":"14111305","imagecount":7,"isTrade":false},{"advertId":"201243210627942","vehicleMake":"Hyundai","vehicleModel":"Accent","vehiclePriceEuro":1500,"vehicleYearOfManufacture":2004,"advertiserCounty":"Kilkenny","isPSL":true,"privatePSL":true,"vehicleImageId":"14069786","imagecount":2,"isTrade":false},{"advertId":"201248211159884","vehicleMake":"Hyundai","vehicleModel":"Accent","vehicleDerivative":"CDX 5DR 51","vehiclePriceEuro":2999,"vehicleYearOfManufacture":2003,"advertiserCounty":"Dublin","isPSL":true,"privatePSL":false,"vehicleImageId":"14168636","imagecount":7,"isTrade":false},{"advertId":"813240242939070","vehicleMake":"Hyundai","vehicleModel":"Accent","vehicleDerivative":"1.3 GLS *** DONIE DAFFY CAR SALES ***","vehiclePriceEuro":2500,"vehicleYearOfManufacture":2003,"advertiserCounty":"Limerick","isPSL":false,"privatePSL":false,"vehicleImageId":"11c9766d-ffcb-431e-a20e-ed71c6d5ecad","imagecount":7,"advertiserName":"Donie Daffy Quality Car Sales","isTrade":true},{"advertId":"201305212228124","vehicleMake":"Hyundai","vehicleModel":"Accent","vehicleDerivative":"SPORT 3DR 31","vehiclePriceEuro":2500,"vehicleYearOfManufacture":2003,"advertiserCounty":"Dublin","isPSL":true,"privatePSL":false,"vehicleImageId":"14306991","imagecount":4,"isTrade":false},{"advertId":"713238517960600","vehicleMake":"Hyundai","vehicleModel":"Accent","vehicleDerivative":"GLS GOLD","vehiclePriceEuro":2395,"vehicleYearOfManufacture":2003,"advertiserCounty":"Cork","isPSL":false,"privatePSL":false,"vehicleImageId":"22bd66e0-c060-4dd3-ad9f-06f0c9d3a83a","imagecount":8,"advertiserName":"Cronin Autos","isTrade":true},{"advertId":"31113588533521890","vehicleMake":"Hyundai","vehicleModel":"Accent","vehicleDerivative":"GLS GOLD","vehiclePriceEuro":1950,"vehicleYearOfManufacture":2003,"advertiserCounty":"Kilkenny","isPSL":false,"privatePSL":false,"imagecount":0,"advertiserName":"Michael Lyng Motors Ltd.","isTrade":true},{"advertId":"31713531486321420","vehicleMake":"Hyundai","vehicleModel":"Accent","vehicleDerivative":"GL 4DR 41","vehiclePriceEuro":1790,"vehicleYearOfManufacture":2003,"advertiserCounty":"Dublin","isPSL":false,"privatePSL":false,"vehicleImageId":"cf9d6641-860f-41bd-98ce-8df339f417eb","imagecount":5,"advertiserName":"Diamond Group","isTrade":true},{"advertId":"201248211179652","vehicleMake":"Hyundai","vehicleModel":"Accent","vehicleDerivative":"CDX 5DR 51","vehiclePriceEuro":1700,"vehicleYearOfManufacture":2003,"advertiserCounty":"Waterford","isPSL":true,"privatePSL":false,"vehicleImageId":"13773189","imagecount":9,"isTrade":false},{"advertId":"201305212182350","vehicleMake":"Hyundai","vehicleModel":"Accent","vehicleDerivative":"1.3 GSI 5DR","vehiclePriceEuro":1400,"vehicleYearOfManufacture":2003,"advertiserCounty":"Dublin","isPSL":true,"privatePSL":false,"vehicleImageId":"14296447","imagecount":8,"isTrade":false},{"advertId":"29813466901079040","vehicleMake":"Hyundai","vehicleModel":"Accent","vehicleDerivative":"As new! Low mileage!","vehiclePriceEuro":0,"vehicleYearOfManufacture":2003,"advertiserCounty":"Longford","isPSL":false,"privatePSL":false,"vehicleImageId":"aaf2f755-9b34-4c16-9c8b-8a0ebf2ed459","imagecount":9,"advertiserName":"Peter Hanley Motors","isTrade":true},{"advertId":"413258403357140","vehicleMake":"Hyundai","vehicleModel":"Accent","vehicleDerivative":"1.4 GLS","vehiclePriceEuro":1995,"vehicleYearOfManufacture":2002,"advertiserCounty":"Dublin","isPSL":false,"privatePSL":false,"vehicleImageId":"629ee5c2-ff97-4b1c-9a4f-29a9e0020e91","imagecount":4,"advertiserName":"Fonthill Car Sales","isTrade":true},{"advertId":"5713327735674080","vehicleMake":"Hyundai","vehicleModel":"Accent","vehicleDerivative":"Low Tax, Reliable Budget Car","vehiclePriceEuro":1950,"vehicleYearOfManufacture":2002,"advertiserCounty":"Longford","isPSL":false,"privatePSL":false,"vehicleImageId":"82e20bd9-02a9-4c4d-b422-1073e8faef93","imagecount":10,"advertiserName":"Peter Hanley Motors","isTrade":true},{"advertId":"32913609231724690","vehicleMake":"Hyundai","vehicleModel":"Accent","vehicleDerivative":"GLS GOLD","vehiclePriceEuro":1950,"vehicleYearOfManufacture":2002,"advertiserCounty":"Cork","isPSL":false,"privatePSL":false,"imagecount":0,"advertiserName":"Nyhan Motors","isTrade":true},{"advertId":"34213611967600520","vehicleMake":"Hyundai","vehicleModel":"Accent","vehicleDerivative":"GLS GOLD waiting for a nct test, good conditon.","vehiclePriceEuro":1900,"vehicleYearOfManufacture":2002,"advertiserCounty":"Kildare","isPSL":false,"privatePSL":false,"vehicleImageId":"5d7fc6dd-a6e2-497e-9e7c-b937c2ffad2b","imagecount":10,"advertiserName":"Sean Boland Car Sales (Clane)","isTrade":true},{"advertId":"413267124943870","vehicleMake":"Hyundai","vehicleModel":"Accent","vehicleDerivative":"1.3 GL  ","vehiclePriceEuro":1795,"vehicleYearOfManufacture":2002,"advertiserCounty":"Galway","isPSL":true,"privatePSL":false,"vehicleImageId":"1dc7e66d-7bba-484a-99e7-cde25954cbdf","imagecount":6,"advertiserName":"Al Hayes Motors Ltd","isTrade":true},{"advertId":"201243210671870","vehicleMake":"Hyundai","vehicleModel":"Accent","vehicleDerivative":"GLS GOLD","vehiclePriceEuro":1100,"vehicleYearOfManufacture":2002,"advertiserCounty":"Mayo","isPSL":true,"privatePSL":false,"vehicleImageId":"14078811","imagecount":6,"isTrade":false},{"advertId":"31913522789958620","vehicleMake":"Hyundai","vehicleModel":"Accent","vehicleDerivative":"NCT06/13","vehiclePriceEuro":999,"vehicleYearOfManufacture":2002,"advertiserCounty":"Dublin","isPSL":false,"privatePSL":false,"vehicleImageId":"ca361d52-21c9-4ffc-92af-d3f62252221c","imagecount":8,"advertiserName":"GK Motors","isTrade":true},{"advertId":"201243210686724","vehicleMake":"Hyundai","vehicleModel":"Accent","vehicleDerivative":"GLS GOLD","vehiclePriceEuro":1500,"vehicleYearOfManufacture":2001,"advertiserCounty":"Clare","isPSL":true,"privatePSL":false,"vehicleImageId":"14081127","imagecount":1,"isTrade":false},{"advertId":"32713583444140230","vehicleMake":"Hyundai","vehicleModel":"Accent","vehicleDerivative":"GLS","vehiclePriceEuro":1495,"vehicleYearOfManufacture":2001,"advertiserCounty":"Dublin","isPSL":false,"privatePSL":false,"imagecount":0,"advertiserName":"Tynan Autos","isTrade":true},{"advertId":"31713594772437310","vehicleMake":"Hyundai","vehicleModel":"Accent","vehicleDerivative":"GLS GOLD","vehiclePriceEuro":1200,"vehicleYearOfManufacture":2001,"advertiserCounty":"Cork","isPSL":false,"privatePSL":false,"vehicleImageId":"2211013f-3f3d-4d4f-8ba8-27e0342a558f","imagecount":8,"advertiserName":"Ollie Kierce Cars Ltd","isTrade":true},{"advertId":"201304212159739","vehicleMake":"Hyundai","vehicleModel":"Accent","vehicleDerivative":"GLS","vehiclePriceEuro":1075,"vehicleYearOfManufacture":2001,"advertiserCounty":"Dublin","isPSL":true,"privatePSL":false,"vehicleImageId":"14293868","imagecount":9,"isTrade":false},{"advertId":"32113579963009190","vehicleMake":"Hyundai","vehicleModel":"Accent","vehicleDerivative":"GLS GOLD","vehiclePriceEuro":999,"vehicleYearOfManufacture":2001,"advertiserCounty":"Cork","isPSL":true,"privatePSL":false,"vehicleImageId":"3ddad7fc-31cf-49f1-80d6-35ae80847095","imagecount":3,"advertiserName":"Jason O`Brien Cars","isTrade":true},{"advertId":"30813483126302210","vehicleMake":"Hyundai","vehicleModel":"Accent","vehicleDerivative":"1.3 GS","vehiclePriceEuro":950,"vehicleYearOfManufacture":2001,"advertiserCounty":"Kildare","isPSL":true,"privatePSL":false,"vehicleImageId":"609fbf38-dda2-4b5b-ab07-5a558de489dd","imagecount":14,"advertiserName":"Byrne Car Sales Ltd.","isTrade":true},{"advertId":"201246210951697","vehicleMake":"Hyundai","vehicleModel":"Accent","vehicleDerivative":"1.3 Petrol","vehiclePriceEuro":900,"vehicleYearOfManufacture":2001,"advertiserCounty":"Dublin","isPSL":true,"privatePSL":false,"imagecount":0,"isTrade":false},{"advertId":"201301211777094","vehicleMake":"Hyundai","vehicleModel":"Accent","vehicleDerivative":"GLS GOLD","vehiclePriceEuro":575,"vehicleYearOfManufacture":2001,"advertiserCounty":"Dublin","isPSL":true,"privatePSL":false,"vehicleImageId":"14241501","imagecount":9,"isTrade":false},{"advertId":"33413606019235940","vehicleMake":"Hyundai","vehicleModel":"Accent","vehicleDerivative":"1.3 5DR SALOON NCT 02/13 BURNING OIL BUT NICE DRIVER","vehiclePriceEuro":450,"vehicleYearOfManufacture":2001,"advertiserCounty":"Dublin","isPSL":false,"privatePSL":false,"vehicleImageId":"5df695c4-beb8-4fce-a440-d76236d9b652","imagecount":7,"advertiserName":"Declan Gill Motors","isTrade":true},{"advertId":"201301211800513","vehicleMake":"Hyundai","vehicleModel":"Accent","vehicleDerivative":"1.5 CDX 05DR A","vehiclePriceEuro":2900,"vehicleYearOfManufacture":2000,"advertiserCounty":"Kildare","isPSL":true,"privatePSL":false,"vehicleImageId":"14244736","imagecount":8,"isTrade":false},{"advertId":"6113347672250510","vehicleMake":"Hyundai","vehicleModel":"Accent","vehicleDerivative":"NCT EXPIRES JUNE 2013!","vehiclePriceEuro":1750,"vehicleYearOfManufacture":2000,"advertiserCounty":"Longford","isPSL":false,"privatePSL":false,"vehicleImageId":"7ea7b70d-adaa-4956-bb2a-90301291da92","imagecount":7,"advertiserName":"Peter Hanley Motors","isTrade":true},{"advertId":"201309212674239","vehicleMake":"Hyundai","vehicleModel":"Accent","vehicleDerivative":"GLS","vehiclePriceEuro":1500,"vehicleYearOfManufacture":2000,"advertiserCounty":"Cork","isPSL":true,"privatePSL":false,"vehicleImageId":"14040043","imagecount":8,"isTrade":false},{"advertId":"413267092126280","vehicleMake":"Hyundai","vehicleModel":"Accent","vehicleDerivative":"3 Door GS","vehiclePriceEuro":1250,"vehicleYearOfManufacture":2000,"advertiserCounty":"Limerick","isPSL":false,"privatePSL":false,"vehicleImageId":"6755d0d1-451f-4fd9-a07d-a958823d905b","imagecount":6,"advertiserName":"John Moloney Motors","isTrade":true},{"advertId":"6313335412568180","vehicleMake":"Hyundai","vehicleModel":"Accent","vehicleDerivative":"GLS GOLD","vehiclePriceEuro":950,"vehicleYearOfManufacture":2000,"advertiserCounty":"Meath","isPSL":false,"privatePSL":false,"vehicleImageId":"8dcd034f-37eb-4c70-8c58-2272f2b53eb3","imagecount":4,"advertiserName":"M3 Car Sales Ltd","isTrade":true},{"advertId":"201242210533196","vehicleMake":"Hyundai","vehicleModel":"Accent","vehicleDerivative":"GLS GOLD","vehiclePriceEuro":900,"vehicleYearOfManufacture":2000,"advertiserCounty":"Dublin","isPSL":true,"privatePSL":false,"vehicleImageId":"14053944","imagecount":5,"isTrade":false},{"advertId":"201308212625494","vehicleMake":"Hyundai","vehicleModel":"Accent","vehicleDerivative":"GS","vehiclePriceEuro":800,"vehicleYearOfManufacture":2000,"advertiserCounty":"Kerry","isPSL":true,"privatePSL":false,"vehicleImageId":"14021768","imagecount":5,"isTrade":false},{"advertId":"201246210950306","vehicleMake":"Hyundai","vehicleModel":"Accent","vehicleDerivative":"GLS 1.3 Petrol *Bargain!!*","vehiclePriceEuro":750,"vehicleYearOfManufacture":2000,"advertiserCounty":"Dublin","isPSL":true,"privatePSL":false,"vehicleImageId":"14133218","imagecount":1,"isTrade":false},{"advertId":"201307212457388","vehicleMake":"Hyundai","vehicleModel":"Accent","vehicleDerivative":"GLS GOLD","vehiclePriceEuro":700,"vehicleYearOfManufacture":2000,"advertiserCounty":"Dublin","isPSL":true,"privatePSL":false,"vehicleImageId":"14000404","imagecount":9,"isTrade":false},{"advertId":"201304212115158","vehicleMake":"Hyundai","vehicleModel":"Accent","vehicleDerivative":"GLS GOLD","vehiclePriceEuro":700,"vehicleYearOfManufacture":2000,"advertiserCounty":"Dublin","isPSL":true,"privatePSL":false,"vehicleImageId":"13928616","imagecount":9,"isTrade":false},{"advertId":"201304212115072","vehicleMake":"Hyundai","vehicleModel":"Accent","vehicleDerivative":"GLS GOLD","vehiclePriceEuro":650,"vehicleYearOfManufacture":2000,"advertiserCounty":"Dublin","isPSL":true,"privatePSL":false,"vehicleImageId":"14286087","imagecount":7,"isTrade":false},{"advertId":"713267098438700","vehicleMake":"Hyundai","vehicleModel":"Accent","vehicleDerivative":"GLS GOLD","vehiclePriceEuro":450,"vehicleYearOfManufacture":2000,"advertiserCounty":"Limerick","isPSL":false,"privatePSL":false,"vehicleImageId":"1c54ba75-0f10-47d4-a7dd-aac707956a45","imagecount":9,"advertiserName":"John Moloney Motors","isTrade":true},{"advertId":"201305212250717","vehicleMake":"Hyundai","vehicleModel":"Accent","vehicleDerivative":"1.3","vehiclePriceEuro":299,"vehicleYearOfManufacture":1999,"advertiserCounty":"Dublin","isPSL":true,"privatePSL":false,"vehicleImageId":"14310662","imagecount":6,"isTrade":false},{"advertId":"201306212318478","vehicleMake":"Hyundai","vehicleModel":"Accent","vehicleDerivative":"GOLD 1.3","vehiclePriceEuro":750,"vehicleYearOfManufacture":1998,"advertiserCounty":"Dublin","isPSL":true,"privatePSL":false,"vehicleImageId":"13979737","imagecount":1,"isTrade":false},{"advertId":"201304212159945","vehicleMake":"Hyundai","vehicleModel":"Atoz","vehicleDerivative":"PRIME GLS 1.0","vehiclePriceEuro":4400,"vehicleYearOfManufacture":2007,"advertiserCounty":"Louth","isPSL":true,"privatePSL":false,"vehicleImageId":"13931843","imagecount":1,"isTrade":false},{"advertId":"31713540272987280","vehicleMake":"Hyundai","vehicleModel":"Atoz","vehicleDerivative":"PRIME GLS 1.0","vehiclePriceEuro":3350,"vehicleYearOfManufacture":2007,"advertiserCounty":"Wexford","isPSL":false,"privatePSL":false,"vehicleImageId":"6ef4aa86-202d-4f03-ac12-2dee175e4924","imagecount":9,"advertiserName":"Doyles Garage Wexford","isTrade":true}],"totalAdvertCount":45174}