{"adverts":[{"advertId":"32713589770852380","vehicleMake":"Volkswagen","vehicleModel":"Passat CC","vehicleDerivative":"LEATHER SPORTS SEATS FULL SERVICE HISTORY IRISH CAR 1 OWNER ","vehiclePriceEuro":17950,"vehicleYearOfManufacture":2009,"advertiserCounty":"Dublin","isPSL":false,"privatePSL":false,"vehicleImageId":"53e32f84-78ae-4fe9-ac38-c5617db26b04","imagecount":20,"advertiserName":"Cambridge Motor Company","isTrade":true},{"advertId":"201304212070591","vehicleMake":"Volkswagen","vehicleModel":"Passat CC","vehicleDerivative":"PASSAT cc 2.0l TDI CC SPORT 140PS 4DR","vehiclePriceEuro":14700,"vehicleYearOfManufacture":2009,"advertiserCounty":"Limerick","isPSL":true,"privatePSL":false,"vehicleImageId":"14268402","imagecount":9,"isTrade":false},{"advertId":"201310212771202","vehicleMake":"Volkswagen","vehicleModel":"Passat CC","vehiclePriceEuro":13000,"vehicleYearOfManufacture":2009,"advertiserCounty":"Longford","isPSL":true,"privatePSL":false,"imagecount":0,"isTrade":false},{"advertId":"31413590612765060","vehicleMake":"Volkswagen","vehicleModel":"Passat CC","vehicleDerivative":"2.0 Diesel Sports.  Road Tax €390 p/a.  Full VW main dealer service history from new!!!  Beautiful car, in excellent condition throughout.  Must be seen.","vehiclePriceEuro":0,"vehicleYearOfManufacture":2009,"advertiserCounty":"Dublin","isPSL":true,"privatePSL":false,"vehicleImageId":"65fc7322-4dcd-4304-b9f1-1ab8fbc6debb","imagecount":12,"advertiserName":"Motoright Ltd.","isTrade":true},{"advertId":"34313612917686530","vehicleMake":"Volkswagen","vehicleModel":"Passat CC","vehicleDerivative":"SOLD SOLD SOLD SOLD SPORT 2.0 TDI 140BHP*LIKE NEW*","vehiclePriceEuro":0,"vehicleYearOfManufacture":2009,"advertiserCounty":"Galway","isPSL":true,"privatePSL":false,"vehicleImageId":"48f3902b-a42c-4a9d-90d3-88e9fb76a85c","imagecount":8,"advertiserName":"Al Hayes Motors Ltd","isTrade":true},{"advertId":"201309212674044","vehicleMake":"Volkswagen","vehicleModel":"Passat CC","vehicleDerivative":"GT 140BHP Sport DSG","vehiclePriceEuro":23950,"vehicleYearOfManufacture":2008,"advertiserCounty":"Louth","isPSL":true,"privatePSL":false,"vehicleImageId":"11760770","imagecount":7,"isTrade":false},{"advertId":"34113620635737620","vehicleMake":"Volkswagen","vehicleModel":"Passat CC","vehicleDerivative":"Sport","vehiclePriceEuro":17995,"vehicleYearOfManufacture":2008,"advertiserCounty":"Mayo","isPSL":true,"privatePSL":false,"imagecount":0,"advertiserName":"Kevin Connolly Volkswagen","isTrade":true},{"advertId":"31813533427467270","vehicleMake":"Volkswagen","vehicleModel":"Passat CC","vehicleDerivative":"CC SPORT 2.0 TDI 140BHP","vehiclePriceEuro":16950,"vehicleYearOfManufacture":2008,"advertiserCounty":"Dublin","isPSL":false,"privatePSL":false,"vehicleImageId":"301c6278-4343-444d-a552-b44e883c8cbf","imagecount":6,"advertiserName":"Larry Lawless Motors","isTrade":true},{"advertId":"201306212318209","vehicleMake":"Volkswagen","vehicleModel":"Passat CC","vehicleDerivative":"GT 2.0 TDI SPORT 140PS 4DR","vehiclePriceEuro":15750,"vehicleYearOfManufacture":2008,"advertiserCounty":"Dublin","isPSL":true,"privatePSL":false,"vehicleImageId":"14322879","imagecount":9,"isTrade":false},{"advertId":"813261900709840","vehicleMake":"Volkswagen","vehicleModel":"Phaeton","vehicleDerivative":"PHAETON 3.2 V6 240BHP","vehiclePriceEuro":8500,"vehicleYearOfManufacture":2004,"advertiserCounty":"Dublin","isPSL":false,"privatePSL":false,"vehicleImageId":"a2ac79f1-710a-4a58-a953-8e34e7d26c37","imagecount":9,"advertiserName":"Glasnevin Motor Group","isTrade":true},{"advertId":"31813553217308690","vehicleMake":"Volkswagen","vehicleModel":"Polo","vehicleDerivative":"POLO CROSS 1.2TDI","vehiclePriceEuro":21740,"vehicleYearOfManufacture":2013,"advertiserCounty":"Wicklow","isPSL":false,"privatePSL":false,"vehicleImageId":"fa011a4f-94f4-4077-95bd-648f6204221f","imagecount":13,"advertiserName":"Sinnott Autos Ltd","isTrade":true},{"advertId":"6013343391570240","vehicleMake":"Volkswagen","vehicleModel":"Polo","vehicleDerivative":"Cross 1.2 TDi 5dr 75 BHP 5dr","vehiclePriceEuro":21718,"vehicleYearOfManufacture":2013,"advertiserCounty":"Tipperary","isPSL":false,"privatePSL":false,"vehicleImageId":"2c392863-aa68-4aa4-b94b-91d339f833ec","imagecount":7,"advertiserName":"Tom Harvey Motor Co Ltd","isTrade":true},{"advertId":"32913606768234530","vehicleMake":"Volkswagen","vehicleModel":"Polo","vehicleDerivative":"CROSS, 1.2 Tdi, 75 BHP","vehiclePriceEuro":21500,"vehicleYearOfManufacture":2013,"advertiserCounty":"Mayo","isPSL":true,"privatePSL":false,"vehicleImageId":"59067f61-35a3-410c-b792-d9ec7804d33f","imagecount":15,"advertiserName":"Kevin Connolly Volkswagen","isTrade":true},{"advertId":"34413623927929470","vehicleMake":"Volkswagen","vehicleModel":"Polo","vehicleDerivative":"Polo Cross 1.2 Tdi","vehiclePriceEuro":21495,"vehicleYearOfManufacture":2013,"advertiserCounty":"Dublin","isPSL":true,"privatePSL":false,"vehicleImageId":"596f5a8c-bffe-4461-b86a-5adf6ca85a5b","imagecount":2,"advertiserName":"McAllister Volkswagen","isTrade":true},{"advertId":"33213624163219650","vehicleMake":"Volkswagen","vehicleModel":"Polo","vehicleDerivative":"COMFORTLINE","vehiclePriceEuro":20495,"vehicleYearOfManufacture":2013,"advertiserCounty":"Dublin","isPSL":true,"privatePSL":false,"vehicleImageId":"5e047ad5-fb09-402d-8415-5459a39292e8","imagecount":2,"advertiserName":"McAllister Volkswagen","isTrade":true},{"advertId":"31113518507399390","vehicleMake":"Volkswagen","vehicleModel":"Polo","vehicleDerivative":"Cross 1.2","vehiclePriceEuro":20224,"vehicleYearOfManufacture":2013,"advertiserCounty":"Cork","isPSL":false,"privatePSL":false,"vehicleImageId":"e6f6c232-c72d-476e-ba1c-cc8a9f01e3bc","imagecount":4,"advertiserName":"O'Leary's Lissarda (Volkswagen Dealer)","isTrade":true},{"advertId":"31913554952155380","vehicleMake":"Volkswagen","vehicleModel":"Polo","vehicleDerivative":"1.2TDI COMFORT 5DR","vehiclePriceEuro":19990,"vehicleYearOfManufacture":2013,"advertiserCounty":"Wicklow","isPSL":false,"privatePSL":false,"vehicleImageId":"560e91c9-b3b6-4c67-9e2e-68861725a3ca","imagecount":15,"advertiserName":"Sinnott Autos Ltd","isTrade":true},{"advertId":"31813554092356950","vehicleMake":"Volkswagen","vehicleModel":"Polo","vehicleDerivative":"1.2TDI COMFORTLINE 5DR","vehiclePriceEuro":19990,"vehicleYearOfManufacture":2013,"advertiserCounty":"Wicklow","isPSL":false,"privatePSL":false,"vehicleImageId":"e004bc7f-147c-4459-8314-c05472bc2953","imagecount":14,"advertiserName":"Sinnott Autos Ltd","isTrade":true},{"advertId":"34213618907374390","vehicleMake":"Volkswagen","vehicleModel":"Polo","vehicleDerivative":"Cross 1.2 70bhp","vehiclePriceEuro":19745,"vehicleYearOfManufacture":2013,"advertiserCounty":"Limerick","isPSL":false,"privatePSL":false,"vehicleImageId":"d626bff4-9e6c-41ae-bbfb-a320e7910458","imagecount":9,"advertiserName":"Frank Hogan Ltd. Volkswagen","isTrade":true},{"advertId":"31413553220122190","vehicleMake":"Volkswagen","vehicleModel":"Polo","vehicleDerivative":"POLO COMFORTLINE 1.2TDI","vehiclePriceEuro":19485,"vehicleYearOfManufacture":2013,"advertiserCounty":"Wicklow","isPSL":false,"privatePSL":false,"vehicleImageId":"eb4bc8c4-6dc0-41f3-a551-e6df332d0386","imagecount":15,"advertiserName":"Sinnott Autos Ltd","isTrade":true},{"advertId":"31113552451457680","vehicleMake":"Volkswagen","vehicleModel":"Polo","vehicleDerivative":"1.2 Tdi Comfort = A Car Tax=","vehiclePriceEuro":19460,"vehicleYearOfManufacture":2013,"advertiserCounty":"Cork","isPSL":false,"privatePSL":false,"vehicleImageId":"747fd683-2ff9-49fc-b297-cc585f05b1d1","imagecount":2,"advertiserName":"O'Leary's Lissarda (Volkswagen Dealer)","isTrade":true},{"advertId":"31713552451459370","vehicleMake":"Volkswagen","vehicleModel":"Polo","vehicleDerivative":"1.2Tdi Trendline","vehiclePriceEuro":18908,"vehicleYearOfManufacture":2013,"advertiserCounty":"Cork","isPSL":false,"privatePSL":false,"vehicleImageId":"72b719fb-7aee-474f-9569-4ec9ca2ac265","imagecount":3,"advertiserName":"O'Leary's Lissarda (Volkswagen Dealer)","isTrade":true},{"advertId":"32113552451461980","vehicleMake":"Volkswagen","vehicleModel":"Polo","vehicleDerivative":"1.2 Comfort 70bhp","vehiclePriceEuro":18439,"vehicleYearOfManufacture":2013,"advertiserCounty":"Cork","isPSL":false,"privatePSL":false,"vehicleImageId":"dbe251a1-3d36-4e08-aed0-c31728c059dc","imagecount":2,"advertiserName":"O'Leary's Lissarda (Volkswagen Dealer)","isTrade":true},{"advertId":"34113624163223780","vehicleMake":"Volkswagen","vehicleModel":"Polo","vehicleDerivative":"COMFORTLINE","vehiclePriceEuro":17995,"vehicleYearOfManufacture":2013,"advertiserCounty":"Dublin","isPSL":true,"privatePSL":false,"vehicleImageId":"73ffc483-f5ae-4b68-9838-9ba8a42eba12","imagecount":2,"advertiserName":"McAllister Volkswagen","isTrade":true},{"advertId":"31913553140027590","vehicleMake":"Volkswagen","vehicleModel":"Polo","vehicleDerivative":"COMFORTLINE","vehiclePriceEuro":17960,"vehicleYearOfManufacture":2013,"advertiserCounty":"Cork","isPSL":false,"privatePSL":false,"vehicleImageId":"fcdc4806-576e-4938-9356-452c106593ba","imagecount":3,"advertiserName":"O'Leary's Lissarda (Volkswagen Dealer)","isTrade":true},{"advertId":"33913623927920960","vehicleMake":"Volkswagen","vehicleModel":"Polo","vehicleDerivative":"COMFORTLINE","vehiclePriceEuro":17500,"vehicleYearOfManufacture":2013,"advertiserCounty":"Dublin","isPSL":true,"privatePSL":false,"vehicleImageId":"b18b3de1-ae94-457e-b5cd-5a48a9740a35","imagecount":2,"advertiserName":"McAllister Volkswagen","isTrade":true},{"advertId":"34013624163223350","vehicleMake":"Volkswagen","vehicleModel":"Polo","vehicleDerivative":"COMFORTLINE","vehiclePriceEuro":17500,"vehicleYearOfManufacture":2013,"advertiserCounty":"Dublin","isPSL":true,"privatePSL":false,"vehicleImageId":"fd1031b1-c4e9-45c6-827b-29d0a9d83d8a","imagecount":2,"advertiserName":"McAllister Volkswagen","isTrade":true},{"advertId":"34313624163224040","vehicleMake":"Volkswagen","vehicleModel":"Polo","vehicleDerivative":"COMFORTLINE","vehiclePriceEuro":17500,"vehicleYearOfManufacture":2013,"advertiserCounty":"Dublin","isPSL":true,"privatePSL":false,"vehicleImageId":"d6983658-5595-490b-bb91-a561cc32421e","imagecount":2,"advertiserName":"McAllister Volkswagen","isTrade":true},{"advertId":"32013553140011460","vehicleMake":"Volkswagen","vehicleModel":"Polo","vehicleDerivative":"TRENDLINE","vehiclePriceEuro":17024,"vehicleYearOfManufacture":2013,"advertiserCounty":"Cork","isPSL":false,"privatePSL":false,"vehicleImageId":"91beccda-e99b-4ba1-b390-5b8f7ae5f8b8","imagecount":3,"advertiserName":"O'Leary's Lissarda (Volkswagen Dealer)","isTrade":true},{"advertId":"6513371594899990","vehicleMake":"Volkswagen","vehicleModel":"Polo","vehicleDerivative":"1.2 5dr","vehiclePriceEuro":17000,"vehicleYearOfManufacture":2013,"advertiserCounty":"Tipperary","isPSL":true,"privatePSL":false,"vehicleImageId":"1181145e-0f57-41eb-a81c-bdd7be1ccff4","imagecount":8,"advertiserName":"Pierse Motors Ltd","isTrade":true},{"advertId":"31813553139975410","vehicleMake":"Volkswagen","vehicleModel":"Polo","vehicleDerivative":"Trendline","vehiclePriceEuro":16995,"vehicleYearOfManufacture":2013,"advertiserCounty":"Kildare","isPSL":false,"privatePSL":false,"vehicleImageId":"bad1f726-2553-438a-a844-5821c75d31b5","imagecount":8,"advertiserName":"Maxwell Motors (Athy) Ltd","isTrade":true},{"advertId":"34013613867607400","vehicleMake":"Volkswagen","vehicleModel":"Polo","vehicleDerivative":"Trendline","vehiclePriceEuro":16950,"vehicleYearOfManufacture":2013,"advertiserCounty":"Kildare","isPSL":false,"privatePSL":false,"vehicleImageId":"15c0d470-39be-4ecf-b6b5-7de5470a4b6d","imagecount":8,"advertiserName":"Maxwell Motors (Athy) Ltd","isTrade":true},{"advertId":"32713588627892040","vehicleMake":"Volkswagen","vehicleModel":"Polo","vehicleDerivative":"1.2L TRENDLINE 5DOOR","vehiclePriceEuro":16550,"vehicleYearOfManufacture":2013,"advertiserCounty":"Wicklow","isPSL":false,"privatePSL":false,"vehicleImageId":"1ac9b985-70d7-4745-b592-61ce150a95a9","imagecount":13,"advertiserName":"Sinnott Autos Ltd","isTrade":true},{"advertId":"30813518507221510","vehicleMake":"Volkswagen","vehicleModel":"Polo","vehicleDerivative":"1.2 60bhp Trendline","vehiclePriceEuro":16545,"vehicleYearOfManufacture":2013,"advertiserCounty":"Limerick","isPSL":false,"privatePSL":false,"vehicleImageId":"e5b44e0d-0037-43b6-807b-52ca3fdd127b","imagecount":10,"advertiserName":"Frank Hogan Ltd. Volkswagen","isTrade":true},{"advertId":"31513557563193010","vehicleMake":"Volkswagen","vehicleModel":"Polo","vehicleDerivative":"1.2 Trendline 60bhp","vehiclePriceEuro":16545,"vehicleYearOfManufacture":2013,"advertiserCounty":"Limerick","isPSL":false,"privatePSL":false,"vehicleImageId":"fd4aff8e-95ac-48d2-9ef0-3fb609024370","imagecount":9,"advertiserName":"Frank Hogan Ltd. Volkswagen","isTrade":true},{"advertId":"32013553139990530","vehicleMake":"Volkswagen","vehicleModel":"Polo","vehicleDerivative":"1.2 Trendline New for 2013","vehiclePriceEuro":16545,"vehicleYearOfManufacture":2013,"advertiserCounty":"Laois","isPSL":false,"privatePSL":false,"vehicleImageId":"ccdcca17-5517-451d-94a9-b5916ef07ce7","imagecount":10,"advertiserName":"Michael Moore Portarlington Volkswagen","isTrade":true},{"advertId":"31913518507460070","vehicleMake":"Volkswagen","vehicleModel":"Polo","vehicleDerivative":"1.2 Trend 60 Bhp","vehiclePriceEuro":16545,"vehicleYearOfManufacture":2013,"advertiserCounty":"Waterford","isPSL":false,"privatePSL":false,"vehicleImageId":"18c9169d-2721-479d-9e5f-aa02ddaeb2ed","imagecount":8,"advertiserName":"Tom Murphy (Car Sales) Ltd Volkswagen","isTrade":true},{"advertId":"34313623927922520","vehicleMake":"Volkswagen","vehicleModel":"Polo","vehicleDerivative":"TRENDLINE","vehiclePriceEuro":16395,"vehicleYearOfManufacture":2013,"advertiserCounty":"Dublin","isPSL":true,"privatePSL":false,"vehicleImageId":"2c86abcf-93d6-4e03-922b-9cf2a2f31cbc","imagecount":2,"advertiserName":"McAllister Volkswagen","isTrade":true},{"advertId":"33413624163232540","vehicleMake":"Volkswagen","vehicleModel":"Polo","vehicleDerivative":"TRENDLINE","vehiclePriceEuro":16395,"vehicleYearOfManufacture":2013,"advertiserCounty":"Dublin","isPSL":true,"privatePSL":false,"vehicleImageId":"2b2271d3-f1e7-4e95-bf31-4d5ac46c71a4","imagecount":2,"advertiserName":"McAllister Volkswagen","isTrade":true},{"advertId":"33913624163221510","vehicleMake":"Volkswagen","vehicleModel":"Polo","vehicleDerivative":"TRENDLINE","vehiclePriceEuro":16395,"vehicleYearOfManufacture":2013,"advertiserCounty":"Dublin","isPSL":true,"privatePSL":false,"vehicleImageId":"a764a106-907f-43be-9bfc-7ffcdefce8d0","imagecount":2,"advertiserName":"McAllister Volkswagen","isTrade":true},{"advertId":"34313624163222920","vehicleMake":"Volkswagen","vehicleModel":"Polo","vehicleDerivative":"TRENDLINE","vehiclePriceEuro":16395,"vehicleYearOfManufacture":2013,"advertiserCounty":"Dublin","isPSL":true,"privatePSL":false,"vehicleImageId":"3627de70-8ae7-45bf-8b70-366f6cb4cd0a","imagecount":2,"advertiserName":"McAllister Volkswagen","isTrade":true},{"advertId":"34013608490139020","vehicleMake":"Volkswagen","vehicleModel":"Polo","vehicleDerivative":"1.2 5dr Trendline Alloys & Fog Lights","vehiclePriceEuro":16200,"vehicleYearOfManufacture":2013,"advertiserCounty":"Westmeath","isPSL":false,"privatePSL":false,"vehicleImageId":"e1eecf18-9ade-4207-8c50-c825e43160ff","imagecount":13,"advertiserName":"Michael Moore Athlone Volkswagen","isTrade":true},{"advertId":"31413518507211820","vehicleMake":"Volkswagen","vehicleModel":"Polo","vehicleDerivative":"1.2 60bhp Trendline","vehiclePriceEuro":16105,"vehicleYearOfManufacture":2013,"advertiserCounty":"Limerick","isPSL":false,"privatePSL":false,"vehicleImageId":"801ec5da-e3ca-4000-a18b-07052a39db98","imagecount":10,"advertiserName":"Frank Hogan Ltd. Volkswagen","isTrade":true},{"advertId":"34213624163233590","vehicleMake":"Volkswagen","vehicleModel":"Polo","vehicleDerivative":"TRENDLINE","vehiclePriceEuro":15995,"vehicleYearOfManufacture":2013,"advertiserCounty":"Dublin","isPSL":true,"privatePSL":false,"vehicleImageId":"5a03a7dd-11e6-43bc-804d-cafbdaaacd6a","imagecount":2,"advertiserName":"McAllister Volkswagen","isTrade":true},{"advertId":"33913606813470330","vehicleMake":"Volkswagen","vehicleModel":"Polo","vehicleDerivative":"2013 Pre-REG DEMO 1.2........Great savings!!!","vehiclePriceEuro":15950,"vehicleYearOfManufacture":2013,"advertiserCounty":"Laois","isPSL":false,"privatePSL":false,"vehicleImageId":"aa68363c-e8b9-40c1-b719-8281135e90ff","imagecount":11,"advertiserName":"Michael Moore Portarlington Volkswagen","isTrade":true},{"advertId":"34113609565456250","vehicleMake":"Volkswagen","vehicleModel":"Polo","vehicleDerivative":"TL 1.2 MANUAL 5SPEED FWD 60BHP 4DR 5DR","vehiclePriceEuro":15750,"vehicleYearOfManufacture":2013,"advertiserCounty":"Cavan","isPSL":false,"privatePSL":false,"vehicleImageId":"fb9e6221-b6f8-47f3-8c77-c289ae69aaaa","imagecount":10,"advertiserName":"Brady's Arva Ltd","isTrade":true},{"advertId":"34113614578159460","vehicleMake":"Volkswagen","vehicleModel":"Polo","vehicleDerivative":"1.2 5dr Entry 60 BHP with 3 Years FREE Servicing/3,000 KM Free Fuel!!","vehiclePriceEuro":15645,"vehicleYearOfManufacture":2013,"advertiserCounty":"Tipperary","isPSL":false,"privatePSL":false,"imagecount":0,"advertiserName":"Tom Harvey Motor Co Ltd","isTrade":true},{"advertId":"31813560047188140","vehicleMake":"Volkswagen","vehicleModel":"Polo","vehicleDerivative":"1.2 5dr 60BHP","vehiclePriceEuro":15645,"vehicleYearOfManufacture":2013,"advertiserCounty":"Donegal","isPSL":false,"privatePSL":false,"vehicleImageId":"fb539209-e8d5-496a-a01b-aaaf36cf7162","imagecount":10,"advertiserName":"S & R Motors","isTrade":true},{"advertId":"34413624163222690","vehicleMake":"Volkswagen","vehicleModel":"Polo","vehicleDerivative":"1.2i","vehiclePriceEuro":15495,"vehicleYearOfManufacture":2013,"advertiserCounty":"Dublin","isPSL":true,"privatePSL":false,"vehicleImageId":"cc519211-7dfc-4df8-b6ee-644ce3a0996e","imagecount":2,"advertiserName":"McAllister Volkswagen","isTrade":true},{"advertId":"33913623927926020","vehicleMake":"Volkswagen","vehicleModel":"Polo","vehicleDerivative":"TRENDLINE","vehiclePriceEuro":14995,"vehicleYearOfManufacture":2013,"advertiserCounty":"Dublin","isPSL":true,"privatePSL":false,"vehicleImageId":"248d0b75-90f2-4292-9054-b931b0f46092","imagecount":2,"advertiserName":"McAllister Volkswagen","isTrade":true},{"advertId":"33213624163228270","vehicleMake":"Volkswagen","vehicleModel":"Polo","vehicleDerivative":"COMFORTLINE","vehiclePriceEuro":14995,"vehicleYearOfManufacture":2013,"advertiserCounty":"Dublin","isPSL":true,"privatePSL":false,"vehicleImageId":"cc2d9833-68f9-45a3-89d6-2ff788e3b9e0","imagecount":2,"advertiserName":"McAllister Volkswagen","isTrade":true},{"advertId":"33413624163230880","vehicleMake":"Volkswagen","vehicleModel":"Polo","vehicleDerivative":"1.2i","vehiclePriceEuro":14995,"vehicleYearOfManufacture":2013,"advertiserCounty":"Dublin","isPSL":true,"privatePSL":false,"vehicleImageId":"37f30330-81f4-40b2-b861-6df6fa82f5c4","imagecount":2,"advertiserName":"McAllister Volkswagen","isTrade":true},{"advertId":"32913612859469850","vehicleMake":"Volkswagen","vehicleModel":"Polo","vehicleDerivative":"TRENDLINE","vehiclePriceEuro":14950,"vehicleYearOfManufacture":2013,"advertiserCounty":"Longford","isPSL":false,"privatePSL":false,"vehicleImageId":"f380697d-f70c-49f5-9b0c-268b680bb18d","imagecount":5,"advertiserName":"O Reilly and Sons","isTrade":true},{"advertId":"34313603032150900","vehicleMake":"Volkswagen","vehicleModel":"Polo","vehicleDerivative":"Petrol Trendline","vehiclePriceEuro":0,"vehicleYearOfManufacture":2013,"advertiserCounty":"Dublin","isPSL":false,"privatePSL":false,"vehicleImageId":"d0695410-91e5-4b9c-a4ec-d2fcb2c9f5e3","imagecount":5,"advertiserName":"Karmann","isTrade":true},{"advertId":"31513555889908450","vehicleMake":"Volkswagen","vehicleModel":"Polo","vehicleDerivative":"CROSS 1.2 TDI","vehiclePriceEuro":0,"vehicleYearOfManufacture":2013,"advertiserCounty":"Louth","isPSL":false,"privatePSL":false,"vehicleImageId":"e46ea07c-c465-42f6-9cc0-013baf14a8b4","imagecount":4,"advertiserName":"Auto Superstore Gerry Cumiskey Ltd.","isTrade":true},{"advertId":"6113349108041170","vehicleMake":"Volkswagen","vehicleModel":"Polo","vehicleDerivative":"CROSS 1.2  70BHP 2013","vehiclePriceEuro":0,"vehicleYearOfManufacture":2013,"advertiserCounty":"Laois","isPSL":false,"privatePSL":false,"vehicleImageId":"0f4eba15-35b2-4dde-8264-9592eb8eb2c6","imagecount":10,"advertiserName":"Michael Moore Portarlington","isTrade":true},{"advertId":"31913588914223720","vehicleMake":"Volkswagen","vehicleModel":"Polo","vehicleDerivative":"1.2 TDi TRENDLINE 5DR","vehiclePriceEuro":0,"vehicleYearOfManufacture":2013,"advertiserCounty":"Galway","isPSL":true,"privatePSL":false,"vehicleImageId":"a5c394fa-f1bc-447e-a5a0-7b6d2ed3f000","imagecount":11,"advertiserName":"Adrian Quinn Car Sales","isTrade":true},{"advertId":"31513553139982960","vehicleMake":"Volkswagen","vehicleModel":"Polo","vehicleDerivative":"Trendline 1.2TDI NEW CAR","vehiclePriceEuro":0,"vehicleYearOfManufacture":2013,"advertiserCounty":"Laois","isPSL":false,"privatePSL":false,"vehicleImageId":"89edef88-94b0-411e-a6a6-187cbe6d5093","imagecount":10,"advertiserName":"Michael Moore Portarlington Volkswagen","isTrade":true},{"advertId":"32013554258998150","vehicleMake":"Volkswagen","vehicleModel":"Polo","vehicleDerivative":"1.2 TDI 5DR","vehiclePriceEuro":0,"vehicleYearOfManufacture":2013,"advertiserCounty":"Donegal","isPSL":false,"privatePSL":false,"vehicleImageId":"95cd79d8-5f81-4f93-85d5-f5786a3d8530","imagecount":8,"advertiserName":"S & R Motors","isTrade":true},{"advertId":"32113554259009470","vehicleMake":"Volkswagen","vehicleModel":"Polo","vehicleDerivative":"Trendline 1.2 5DR","vehiclePriceEuro":0,"vehicleYearOfManufacture":2013,"advertiserCounty":"Donegal","isPSL":false,"privatePSL":false,"vehicleImageId":"bf9a9761-5d78-441a-9396-4bf7e8ab1d3b","imagecount":8,"advertiserName":"S & R Motors","isTrade":true},{"advertId":"31813553139979060","vehicleMake":"Volkswagen","vehicleModel":"Polo","vehicleDerivative":"1.2 Petrol Trendline NEW CAR","vehiclePriceEuro":0,"vehicleYearOfManufacture":2013,"advertiserCounty":"Laois","isPSL":false,"privatePSL":false,"vehicleImageId":"64254e18-566d-4d8e-bf5b-07ec76b7f873","imagecount":10,"advertiserName":"Michael Moore Portarlington Volkswagen","isTrade":true},{"advertId":"31813554259008190","vehicleMake":"Volkswagen","vehicleModel":"Polo","vehicleDerivative":"1.2 3DR Trendline","vehiclePriceEuro":0,"vehicleYearOfManufacture":2013,"advertiserCounty":"Donegal","isPSL":false,"privatePSL":false,"vehicleImageId":"37d94318-a076-4f8b-b343-d9cd0f7605c3","imagecount":7,"advertiserName":"S & R Motors","isTrade":true},{"advertId":"31713576644753660","vehicleMake":"Volkswagen","vehicleModel":"Polo","vehicleDerivative":"Highline","vehiclePriceEuro":22900,"vehicleYearOfManufacture":2012,"advertiserCounty":"Mayo","isPSL":false,"privatePSL":false,"vehicleImageId":"83427c9c-21e1-4838-a74e-81e0d1aed2e8","imagecount":9,"advertiserName":"Tim Hastings Ltd","isTrade":true},{"advertId":"31713595657938180","vehicleMake":"Volkswagen","vehicleModel":"Polo","vehicleDerivative":"Cross Polo","vehiclePriceEuro":19000,"vehicleYearOfManufacture":2012,"advertiserCounty":"Clare","isPSL":false,"privatePSL":false,"vehicleImageId":"68725b69-0384-4160-ad13-d73e00bf379b","imagecount":9,"advertiserName":"Western Garages","isTrade":true},{"advertId":"30813518507181930","vehicleMake":"Volkswagen","vehicleModel":"Polo","vehicleDerivative":"Cross 1.2TDI 75BHP **BAND A TAX**","vehiclePriceEuro":18750,"vehicleYearOfManufacture":2012,"advertiserCounty":"Roscommon","isPSL":true,"privatePSL":false,"vehicleImageId":"5a6c7289-dec1-446b-aec1-c10b6133eab9","imagecount":11,"advertiserName":"J. Keane & Sons (Ros) Ltd","isTrade":true},{"advertId":"34013597168851170","vehicleMake":"Volkswagen","vehicleModel":"Polo","vehicleDerivative":"BM 1.2 TDI 75BHP --- BLACKWATER CORK ---","vehiclePriceEuro":17995,"vehicleYearOfManufacture":2012,"advertiserCounty":"Cork","isPSL":true,"privatePSL":false,"vehicleImageId":"5ff3319b-0a9f-423d-851b-a69a07174235","imagecount":20,"advertiserName":"Blackwater Motors Cork (Main Volkswagen Dealer)","isTrade":true},{"advertId":"31813583521612020","vehicleMake":"Volkswagen","vehicleModel":"Polo","vehicleDerivative":"1.2 60BHP 3DR *WRC DESIGN* --- BLACKWATER FERMOY","vehiclePriceEuro":17995,"vehicleYearOfManufacture":2012,"advertiserCounty":"Cork","isPSL":true,"privatePSL":false,"vehicleImageId":"d1b4fd30-ba0a-493f-938a-aa44fc57cc0b","imagecount":20,"advertiserName":"Blackwater Motors Fermoy (Main Volkswagen Dealer)","isTrade":true},{"advertId":"32013518507201280","vehicleMake":"Volkswagen","vehicleModel":"Polo","vehicleDerivative":"POLO CROSS 1.2TDI 75BHP","vehiclePriceEuro":17950,"vehicleYearOfManufacture":2012,"advertiserCounty":"Meath","isPSL":false,"privatePSL":false,"vehicleImageId":"4a0bc691-e278-45fd-8e63-34bdde1fbc1c","imagecount":10,"advertiserName":"Commons Road Cars Ltd","isTrade":true},{"advertId":"31713567067067120","vehicleMake":"Volkswagen","vehicleModel":"Polo","vehicleDerivative":"Cross","vehiclePriceEuro":17500,"vehicleYearOfManufacture":2012,"advertiserCounty":"Westmeath","isPSL":false,"privatePSL":false,"vehicleImageId":"260f479e-f025-4916-9840-d1a1f07c7943","imagecount":14,"advertiserName":"Mullingar Autos Ltd","isTrade":true},{"advertId":"4813306961244690","vehicleMake":"Volkswagen","vehicleModel":"Polo","vehicleDerivative":"COMFORT 1.2TDI €160 R-TAX 75BHP 5DR","vehiclePriceEuro":17000,"vehicleYearOfManufacture":2012,"advertiserCounty":"Wicklow","isPSL":false,"privatePSL":false,"vehicleImageId":"3246d7e9-c87a-4e4b-86ff-8fa50631619f","imagecount":15,"advertiserName":"Sinnott Autos Ltd","isTrade":true},{"advertId":"31913576644828250","vehicleMake":"Volkswagen","vehicleModel":"Polo","vehicleDerivative":"TRENDLINE","vehiclePriceEuro":16495,"vehicleYearOfManufacture":2012,"advertiserCounty":"Donegal","isPSL":false,"privatePSL":false,"vehicleImageId":"948f7893-d491-4e56-9c9b-4738b62af169","imagecount":9,"advertiserName":"J.J. Reid Motors","isTrade":true},{"advertId":"31913596202759360","vehicleMake":"Volkswagen","vehicleModel":"Polo","vehicleDerivative":"1.2 Comfortline","vehiclePriceEuro":16250,"vehicleYearOfManufacture":2012,"advertiserCounty":"Kildare","isPSL":false,"privatePSL":false,"vehicleImageId":"1c0e1be3-22a3-48a4-a842-0153d3e82f67","imagecount":9,"advertiserName":"Sheehy Motors Naas","isTrade":true},{"advertId":"3213287968809120","vehicleMake":"Volkswagen","vehicleModel":"Polo","vehicleDerivative":"1.2TDI trendline 75BHP 5DR","vehiclePriceEuro":16250,"vehicleYearOfManufacture":2012,"advertiserCounty":"Louth","isPSL":false,"privatePSL":false,"vehicleImageId":"342077d9-e905-4b46-9f3d-2820f366b821","imagecount":10,"advertiserName":"Auto Superstore Gerry Cumiskey Ltd.","isTrade":true},{"advertId":"34213614731577390","vehicleMake":"Volkswagen","vehicleModel":"Polo","vehicleDerivative":"TRENDLINE","vehiclePriceEuro":16203,"vehicleYearOfManufacture":2012,"advertiserCounty":"Tipperary","isPSL":false,"privatePSL":false,"vehicleImageId":"3a0b2c52-b0e0-41ef-b0db-8e9057891690","imagecount":20,"advertiserName":"Tom Harvey Motor Co Ltd","isTrade":true},{"advertId":"31113523962827380","vehicleMake":"Volkswagen","vehicleModel":"Polo","vehicleDerivative":"TL 1.2 TDI *DEMO MODEL*","vehiclePriceEuro":15950,"vehicleYearOfManufacture":2012,"advertiserCounty":"Galway","isPSL":true,"privatePSL":false,"vehicleImageId":"be79a2dd-296a-4db7-807b-eb6025eb3c44","imagecount":11,"advertiserName":"Al Hayes Motors Ltd","isTrade":true},{"advertId":"32013548923367170","vehicleMake":"Volkswagen","vehicleModel":"Polo","vehicleDerivative":"1.2TDi Trendline 5DR","vehiclePriceEuro":15950,"vehicleYearOfManufacture":2012,"advertiserCounty":"Carlow","isPSL":false,"privatePSL":false,"vehicleImageId":"5a5f361d-7bba-48c3-ad0c-bce89328adf5","imagecount":9,"advertiserName":"Sheehy Motors Carlow Volkswagen","isTrade":true},{"advertId":"34313601771212640","vehicleMake":"Volkswagen","vehicleModel":"Polo","vehicleDerivative":"1.2 Tdi Trendline 75bhp","vehiclePriceEuro":15900,"vehicleYearOfManufacture":2012,"advertiserCounty":"Limerick","isPSL":false,"privatePSL":false,"vehicleImageId":"8311694b-efc8-4088-8c0a-761e7facf74b","imagecount":3,"advertiserName":"Frank Hogan Ltd. Volkswagen","isTrade":true},{"advertId":"34213603355275270","vehicleMake":"Volkswagen","vehicleModel":"Polo","vehicleDerivative":"Comfortline 1.2L","vehiclePriceEuro":15750,"vehicleYearOfManufacture":2012,"advertiserCounty":"Sligo","isPSL":true,"privatePSL":false,"vehicleImageId":"8d599c3e-35ff-493c-b7cc-d8c1be2884b1","imagecount":15,"advertiserName":"Connollys Sligo (Main Volkswagen and Audi Dealer)","isTrade":true},{"advertId":"31913518507413610","vehicleMake":"Volkswagen","vehicleModel":"Polo","vehicleDerivative":"COMFORTLINE","vehiclePriceEuro":15450,"vehicleYearOfManufacture":2012,"advertiserCounty":"Cork","isPSL":false,"privatePSL":false,"vehicleImageId":"6bc211d3-0e89-4026-b581-4c45ea3708c5","imagecount":8,"advertiserName":"O'Leary's Lissarda (Volkswagen Dealer)","isTrade":true},{"advertId":"29613485793060880","vehicleMake":"Volkswagen","vehicleModel":"Polo","vehicleDerivative":"Comfortline 1.2 70BHP","vehiclePriceEuro":15350,"vehicleYearOfManufacture":2012,"advertiserCounty":"Louth","isPSL":false,"privatePSL":false,"vehicleImageId":"dd91a295-5b4a-4484-a673-bced3909f035","imagecount":7,"advertiserName":"Auto Superstore Gerry Cumiskey Ltd.","isTrade":true},{"advertId":"30913518507402140","vehicleMake":"Volkswagen","vehicleModel":"Polo","vehicleDerivative":"COMFORTLINE","vehiclePriceEuro":15250,"vehicleYearOfManufacture":2012,"advertiserCounty":"Cork","isPSL":false,"privatePSL":false,"vehicleImageId":"307be011-8f80-41d4-a322-2d553e877a71","imagecount":9,"advertiserName":"O'Leary's Lissarda (Volkswagen Dealer)","isTrade":true},{"advertId":"32013542956832920","vehicleMake":"Volkswagen","vehicleModel":"Polo","vehicleDerivative":"1.2 70BHP COMFORTLINE --- BLACKWATER FERMOY","vehiclePriceEuro":14995,"vehicleYearOfManufacture":2012,"advertiserCounty":"Cork","isPSL":true,"privatePSL":false,"vehicleImageId":"26038381-8e74-4953-8840-99f9701f0c86","imagecount":20,"advertiserName":"Blackwater Motors Fermoy (Main Volkswagen Dealer)","isTrade":true},{"advertId":"31113548923369650","vehicleMake":"Volkswagen","vehicleModel":"Polo","vehicleDerivative":"1.2 Trendline 5DR","vehiclePriceEuro":14950,"vehicleYearOfManufacture":2012,"advertiserCounty":"Carlow","isPSL":false,"privatePSL":false,"vehicleImageId":"4075f205-d16e-429e-8e52-3ce69528044b","imagecount":8,"advertiserName":"Sheehy Motors Carlow Volkswagen","isTrade":true},{"advertId":"34013611835323090","vehicleMake":"Volkswagen","vehicleModel":"Polo","vehicleDerivative":"TRENDLINE","vehiclePriceEuro":14780,"vehicleYearOfManufacture":2012,"advertiserCounty":"Donegal","isPSL":false,"privatePSL":false,"vehicleImageId":"2c426900-5e3b-4b39-b0c5-738ff4390e62","imagecount":9,"advertiserName":"J.J. Reid Motors","isTrade":true},{"advertId":"33913611835324250","vehicleMake":"Volkswagen","vehicleModel":"Polo","vehicleDerivative":"TRENDLINE","vehiclePriceEuro":14780,"vehicleYearOfManufacture":2012,"advertiserCounty":"Donegal","isPSL":false,"privatePSL":false,"vehicleImageId":"2dde4514-9b26-40a9-bd1f-5c36f85c32fe","imagecount":9,"advertiserName":"J.J. Reid Motors","isTrade":true},{"advertId":"32013552451646170","vehicleMake":"Volkswagen","vehicleModel":"Polo","vehicleDerivative":"TRENDLINE","vehiclePriceEuro":14780,"vehicleYearOfManufacture":2012,"advertiserCounty":"Donegal","isPSL":false,"privatePSL":false,"vehicleImageId":"cf2d2c06-cea9-43d2-9e17-8a3a218d45fb","imagecount":9,"advertiserName":"J.J. Reid Motors","isTrade":true},{"advertId":"31813518507433530","vehicleMake":"Volkswagen","vehicleModel":"Polo","vehicleDerivative":"1.2Ltr T/L 5DR","vehiclePriceEuro":14750,"vehicleYearOfManufacture":2012,"advertiserCounty":"Carlow","isPSL":false,"privatePSL":false,"vehicleImageId":"6a47434c-9f09-4b96-8cf5-a9493ac130fe","imagecount":9,"advertiserName":"Sheehy Motors Carlow Volkswagen","isTrade":true},{"advertId":"31513542875820590","vehicleMake":"Volkswagen","vehicleModel":"Polo","vehicleDerivative":"TRENDLINE","vehiclePriceEuro":14450,"vehicleYearOfManufacture":2012,"advertiserCounty":"Cork","isPSL":false,"privatePSL":false,"vehicleImageId":"5ac93e0d-7a23-4e63-91ab-da16059d0c9d","imagecount":11,"advertiserName":"O'Leary's Lissarda (Volkswagen Dealer)","isTrade":true},{"advertId":"31913594606469810","vehicleMake":"Volkswagen","vehicleModel":"Polo","vehicleDerivative":"Comfortline 1.2 5 Speed Manual ","vehiclePriceEuro":14450,"vehicleYearOfManufacture":2012,"advertiserCounty":"Dublin","isPSL":false,"privatePSL":false,"vehicleImageId":"1c2eb7eb-34b1-48d8-ba6f-e1f59ffebf80","imagecount":10,"advertiserName":"Carroll & Kinsella Motors (Blackrock)","isTrade":true},{"advertId":"31813518507407700","vehicleMake":"Volkswagen","vehicleModel":"Polo","vehicleDerivative":"TRENDLINE","vehiclePriceEuro":14450,"vehicleYearOfManufacture":2012,"advertiserCounty":"Cork","isPSL":false,"privatePSL":false,"vehicleImageId":"43e24805-5f18-4a5b-9545-30e34f0ee062","imagecount":10,"advertiserName":"O'Leary's Lissarda (Volkswagen Dealer)","isTrade":true},{"advertId":"31113541219302200","vehicleMake":"Volkswagen","vehicleModel":"Polo","vehicleDerivative":"TRENDLINE","vehiclePriceEuro":14450,"vehicleYearOfManufacture":2012,"advertiserCounty":"Cork","isPSL":false,"privatePSL":false,"vehicleImageId":"70fece32-f0c9-416d-9c80-5928ceb989eb","imagecount":10,"advertiserName":"O'Leary's Lissarda (Volkswagen Dealer)","isTrade":true},{"advertId":"31413553139923400","vehicleMake":"Volkswagen","vehicleModel":"Polo","vehicleDerivative":"1.2 Trendline 60bhp","vehiclePriceEuro":14250,"vehicleYearOfManufacture":2012,"advertiserCounty":"Limerick","isPSL":false,"privatePSL":false,"vehicleImageId":"3c8ba9dd-b7bf-4963-90a6-1825d62ee682","imagecount":5,"advertiserName":"Frank Hogan Ltd. Volkswagen","isTrade":true},{"advertId":"31713576644753410","vehicleMake":"Volkswagen","vehicleModel":"Polo","vehicleDerivative":"TRENDLINE","vehiclePriceEuro":13995,"vehicleYearOfManufacture":2012,"advertiserCounty":"Mayo","isPSL":false,"privatePSL":false,"vehicleImageId":"dbd1f48a-4a3f-4726-aab4-09758fe0e71e","imagecount":9,"advertiserName":"Tim Hastings Ltd","isTrade":true},{"advertId":"34213602787266350","vehicleMake":"Volkswagen","vehicleModel":"Polo","vehicleDerivative":"TL 1.2 MANUAL 5SPEED FWD 60BHP 4DR","vehiclePriceEuro":13995,"vehicleYearOfManufacture":2012,"advertiserCounty":"Dublin","isPSL":false,"privatePSL":false,"vehicleImageId":"2ccd164b-7dbc-48ed-a6e4-163891363f1b","imagecount":9,"advertiserName":"James Hennessy Motors Ltd","isTrade":true},{"advertId":"33913615407083560","vehicleMake":"Volkswagen","vehicleModel":"Polo","vehicleDerivative":"TL 1.2  60BHP 3DR --- BLACKWATER CORK ---","vehiclePriceEuro":13995,"vehicleYearOfManufacture":2012,"advertiserCounty":"Cork","isPSL":true,"privatePSL":false,"vehicleImageId":"71fc85e2-1793-42f3-9ce7-3618a4934f05","imagecount":20,"advertiserName":"Blackwater Motors Cork (Main Volkswagen Dealer)","isTrade":true},{"advertId":"31413590458233880","vehicleMake":"Volkswagen","vehicleModel":"Polo","vehicleDerivative":"1.2 60BHP 3DR WITH LED DAY LIGHTS --- BLACKWATER FERMOY","vehiclePriceEuro":13995,"vehicleYearOfManufacture":2012,"advertiserCounty":"Cork","isPSL":true,"privatePSL":false,"vehicleImageId":"6e4167b1-8dc3-4141-ad08-3c8dc6f6d449","imagecount":18,"advertiserName":"Blackwater Motors Fermoy (Main Volkswagen Dealer)","isTrade":true},{"advertId":"31713554064888510","vehicleMake":"Volkswagen","vehicleModel":"Polo","vehicleDerivative":"1.2 60BHP --- BLACKWATER CORK ---","vehiclePriceEuro":13995,"vehicleYearOfManufacture":2012,"advertiserCounty":"Cork","isPSL":true,"privatePSL":false,"vehicleImageId":"af3a2b5e-7338-4715-883b-d8a0e40c1043","imagecount":20,"advertiserName":"Blackwater Motors Cork (Main Volkswagen Dealer)","isTrade":true},{"advertId":"31913576644761450","vehicleMake":"Volkswagen","vehicleModel":"Polo","vehicleDerivative":"TRENDLINE","vehiclePriceEuro":13995,"vehicleYearOfManufacture":2012,"advertiserCounty":"Mayo","isPSL":false,"privatePSL":false,"vehicleImageId":"bb8fe304-7dac-46ca-972b-5ac4af218fcb","imagecount":9,"advertiserName":"Tim Hastings Ltd","isTrade":true},{"advertId":"32913598171524270","vehicleMake":"Volkswagen","vehicleModel":"Polo","vehicleDerivative":"Trendline 1.2 60BHP 5DR","vehiclePriceEuro":13950,"vehicleYearOfManufacture":2012,"advertiserCounty":"Dublin","isPSL":true,"privatePSL":false,"vehicleImageId":"db0e3d5a-da96-40bf-9a27-6da5ad497047","imagecount":10,"advertiserName":"MSL Volkswagen Sandyford","isTrade":true},{"advertId":"34213614263500550","vehicleMake":"Volkswagen","vehicleModel":"Polo","vehicleDerivative":"1.2 Trendline","vehiclePriceEuro":13950,"vehicleYearOfManufacture":2012,"advertiserCounty":"Dublin","isPSL":false,"privatePSL":false,"vehicleImageId":"61dc52ff-eda4-49bb-8241-a9e01d48bf7d","imagecount":1,"advertiserName":"Karmann","isTrade":true}],"totalAdvertCount":45174}