{"adverts":[{"advertId":"33413607780708170","vehicleMake":"Skoda","vehicleModel":"Superb","vehicleDerivative":"Elegance 1.9 TDI 105HP ","vehiclePriceEuro":19950,"vehicleYearOfManufacture":2010,"advertiserCounty":"Wexford","isPSL":false,"privatePSL":false,"vehicleImageId":"d9747a7a-9fc0-4073-a200-367aaa8d3cd1","imagecount":8,"advertiserName":"J Donohoe Motors","isTrade":true},{"advertId":"33413608450531240","vehicleMake":"Skoda","vehicleModel":"Superb","vehicleDerivative":"AMBITION 1.9 TDI 105HP 4DR","vehiclePriceEuro":19950,"vehicleYearOfManufacture":2010,"advertiserCounty":"Dublin","isPSL":true,"privatePSL":false,"vehicleImageId":"8d60822e-2838-448b-8878-1e879ff2c7ef","imagecount":10,"advertiserName":"Autostation","isTrade":true},{"advertId":"31813539340981480","vehicleMake":"Skoda","vehicleModel":"Superb","vehicleDerivative":"1.9 TDI 105BHP GREENLINE","vehiclePriceEuro":18995,"vehicleYearOfManufacture":2010,"advertiserCounty":"Donegal","isPSL":false,"privatePSL":false,"vehicleImageId":"2231d3b9-1cba-4e7d-a4ef-aff6207be1a8","imagecount":13,"advertiserName":"DMG Motors Ltd","isTrade":true},{"advertId":"31913540265982970","vehicleMake":"Skoda","vehicleModel":"Superb","vehicleDerivative":"AMBITION 1.9 TDI 105 BHP","vehiclePriceEuro":18950,"vehicleYearOfManufacture":2010,"advertiserCounty":"Dublin","isPSL":false,"privatePSL":false,"vehicleImageId":"aabc6375-e5fb-4c58-a1e3-d44ad0ad46ac","imagecount":9,"advertiserName":"Alasta Autos Ltd.","isTrade":true},{"advertId":"31113531531748580","vehicleMake":"Skoda","vehicleModel":"Superb","vehicleDerivative":"AMBITION 1.9 TDI 105HP 4DR","vehiclePriceEuro":18950,"vehicleYearOfManufacture":2010,"advertiserCounty":"Cork","isPSL":true,"privatePSL":false,"vehicleImageId":"a92a0527-f684-4e25-96b7-5cb24cb84d71","imagecount":14,"advertiserName":"Colemans Millstreet","isTrade":true},{"advertId":"34013624115172120","vehicleMake":"Skoda","vehicleModel":"Superb","vehicleDerivative":"AMBITION 1.9 TDI 105HP 4DR","vehiclePriceEuro":18950,"vehicleYearOfManufacture":2010,"advertiserCounty":"Galway","isPSL":true,"privatePSL":false,"vehicleImageId":"10c40246-0ddb-4877-b927-b5748a32d078","imagecount":2,"advertiserName":"Monaghan & Sons","isTrade":true},{"advertId":"32913600870225000","vehicleMake":"Skoda","vehicleModel":"Superb","vehicleDerivative":"GREENLINE 1.9 TDI 105HP 4DR","vehiclePriceEuro":18950,"vehicleYearOfManufacture":2010,"advertiserCounty":"Dublin","isPSL":false,"privatePSL":false,"vehicleImageId":"21b8867a-31ce-4416-ac69-8f8de016f0cc","imagecount":8,"advertiserName":"Annesley Williams Ltd","isTrade":true},{"advertId":"31713585134375450","vehicleMake":"Skoda","vehicleModel":"Superb","vehicleDerivative":"1.9S TDI.","vehiclePriceEuro":18500,"vehicleYearOfManufacture":2010,"advertiserCounty":"Roscommon","isPSL":true,"privatePSL":false,"vehicleImageId":"a6a78132-4837-4298-8b0a-60c0963bb6f4","imagecount":11,"advertiserName":"Casey's Roscommon","isTrade":true},{"advertId":"33213602281276800","vehicleMake":"Skoda","vehicleModel":"Superb","vehicleDerivative":"**GREENLINE 1.9TDI 105HP 4DR**","vehiclePriceEuro":17999,"vehicleYearOfManufacture":2010,"advertiserCounty":"Dublin","isPSL":true,"privatePSL":false,"vehicleImageId":"5d9f00cc-ba28-4ca6-bc1f-b26e13ae3b86","imagecount":8,"advertiserName":"Hutton & Meade","isTrade":true},{"advertId":"33413600840444990","vehicleMake":"Skoda","vehicleModel":"Superb","vehicleDerivative":"1.9 Tdi Ambition ...ONLY 106,000 Klms...One Owner","vehiclePriceEuro":17995,"vehicleYearOfManufacture":2010,"advertiserCounty":"Dublin","isPSL":true,"privatePSL":false,"imagecount":0,"advertiserName":"Windsor Airside","isTrade":true},{"advertId":"31113501418299750","vehicleMake":"Skoda","vehicleModel":"Superb","vehicleDerivative":"2.0 TDI 140HP 4DR, S","vehiclePriceEuro":17950,"vehicleYearOfManufacture":2010,"advertiserCounty":"Longford","isPSL":false,"privatePSL":false,"vehicleImageId":"c734f866-bbe2-465f-8fb5-be48336f3413","imagecount":5,"advertiserName":"Michael Shaw Car Sales","isTrade":true},{"advertId":"31713510693661510","vehicleMake":"Skoda","vehicleModel":"Superb","vehicleDerivative":"1.9 TDi at Denis Mahony (M50)","vehiclePriceEuro":17750,"vehicleYearOfManufacture":2010,"advertiserCounty":"Dublin","isPSL":true,"privatePSL":false,"vehicleImageId":"1452d2f9-4165-4cf4-b68a-2d439e096a38","imagecount":9,"advertiserName":"Denis Mahony Toyota (M50)","isTrade":true},{"advertId":"34113604140981390","vehicleMake":"Skoda","vehicleModel":"Superb","vehicleDerivative":"1.9 TDI GREENLINE ","vehiclePriceEuro":16995,"vehicleYearOfManufacture":2010,"advertiserCounty":"Limerick","isPSL":false,"privatePSL":false,"vehicleImageId":"97fad9a0-8fde-4a07-b0a0-f938a8acf2a0","imagecount":12,"advertiserName":"Clareview Car Sales and Rentals","isTrade":true},{"advertId":"32713583627332380","vehicleMake":"Skoda","vehicleModel":"Superb","vehicleDerivative":"Ambition 1.9TDi 4DR","vehiclePriceEuro":16950,"vehicleYearOfManufacture":2010,"advertiserCounty":"Carlow","isPSL":false,"privatePSL":false,"vehicleImageId":"3f17fc4f-0fee-451b-99a3-3bd796777189","imagecount":9,"advertiserName":"Sheehy Motors Carlow","isTrade":true},{"advertId":"33913624116974180","vehicleMake":"Skoda","vehicleModel":"Superb","vehicleDerivative":"GREENLINE 1.9 TDI 105HP 4DR","vehiclePriceEuro":16950,"vehicleYearOfManufacture":2010,"advertiserCounty":"Galway","isPSL":true,"privatePSL":false,"vehicleImageId":"23643422-d614-41c8-9a24-fe4939e3d2be","imagecount":2,"advertiserName":"Monaghan & Sons","isTrade":true},{"advertId":"201309212649597","vehicleMake":"Skoda","vehicleModel":"Superb","vehicleDerivative":"AMBITION 1.9 TDI 105BHP  4DR","vehiclePriceEuro":16800,"vehicleYearOfManufacture":2010,"advertiserCounty":"Kildare","isPSL":true,"privatePSL":false,"vehicleImageId":"14371057","imagecount":4,"isTrade":false},{"advertId":"31413589404244250","vehicleMake":"Skoda","vehicleModel":"Superb","vehicleDerivative":"Greenline 1.9 TDI 105 BHP €270 Road Tax ","vehiclePriceEuro":16500,"vehicleYearOfManufacture":2010,"advertiserCounty":"Leitrim","isPSL":true,"privatePSL":false,"vehicleImageId":"01d5d3a8-8411-447b-9cb7-d9654736c90f","imagecount":12,"advertiserName":"Sean Gallagher Cars","isTrade":true},{"advertId":"34313608527474300","vehicleMake":"Skoda","vehicleModel":"Superb","vehicleDerivative":"2.0 TDi 170bhp 6spd Ambition - 1 Owner - Full Service Record - High Spec - Trade Ins Welcome / Finance Arranged ","vehiclePriceEuro":15950,"vehicleYearOfManufacture":2010,"advertiserCounty":"Dublin","isPSL":false,"privatePSL":false,"vehicleImageId":"068fb374-64a4-454c-b784-7099d83bd49a","imagecount":17,"advertiserName":"Naas Road Autos","isTrade":true},{"advertId":"34213617837966200","vehicleMake":"Skoda","vehicleModel":"Superb","vehicleDerivative":"1.9 TDi Greenline","vehiclePriceEuro":15950,"vehicleYearOfManufacture":2010,"advertiserCounty":"Wexford","isPSL":false,"privatePSL":false,"vehicleImageId":"e7c915a8-d89f-40f3-b76a-70e651e2504c","imagecount":12,"advertiserName":"Simon Kavanagh Motors Ltd","isTrade":true},{"advertId":"34013605891893570","vehicleMake":"Skoda","vehicleModel":"Superb","vehicleDerivative":"1.9 TDI S","vehiclePriceEuro":15750,"vehicleYearOfManufacture":2010,"advertiserCounty":"Galway","isPSL":true,"privatePSL":false,"vehicleImageId":"5ca6b99b-19c5-4079-9d96-dea6036c4e9e","imagecount":7,"advertiserName":"Westlink Car Sales Ltd.","isTrade":true},{"advertId":"30813525897937010","vehicleMake":"Skoda","vehicleModel":"Superb","vehicleDerivative":"1.9 TDI S 105 BHP","vehiclePriceEuro":0,"vehicleYearOfManufacture":2010,"advertiserCounty":"Donegal","isPSL":false,"privatePSL":false,"vehicleImageId":"9453fbf0-7c93-4932-8280-a1814f761f94","imagecount":12,"advertiserName":"Gallaghers Cars Ltd","isTrade":true},{"advertId":"31813573787281950","vehicleMake":"Skoda","vehicleModel":"Superb","vehicleDerivative":"AMBITION 1.9 TDI 105HP 4DR","vehiclePriceEuro":0,"vehicleYearOfManufacture":2010,"advertiserCounty":"Laois","isPSL":false,"privatePSL":false,"vehicleImageId":"f3a5af54-0932-4acd-98ee-b8c6c38b7c13","imagecount":7,"advertiserName":"Ballybrittas Motors","isTrade":true},{"advertId":"33213602401298710","vehicleMake":"Skoda","vehicleModel":"Superb","vehicleDerivative":"SORRY I'M NOW SOLD","vehiclePriceEuro":0,"vehicleYearOfManufacture":2010,"advertiserCounty":"Donegal","isPSL":false,"privatePSL":false,"vehicleImageId":"2b994c62-89d5-4c6a-b353-63e509bc975c","imagecount":13,"advertiserName":"DMG Motors Ltd","isTrade":true},{"advertId":"201308212553664","vehicleMake":"Skoda","vehicleModel":"Superb","vehicleDerivative":"2.0 crtdi ELEGANCE 170BHP 5DR","vehiclePriceEuro":19650,"vehicleYearOfManufacture":2009,"advertiserCounty":"Roscommon","isPSL":true,"privatePSL":false,"vehicleImageId":"14357842","imagecount":3,"isTrade":false},{"advertId":"29213455528001120","vehicleMake":"Skoda","vehicleModel":"Superb","vehicleDerivative":"#AUTOMATIC#5.9% FINANCE AVAILABLE#AMB 2.0 TDI DSG 170HP","vehiclePriceEuro":19450,"vehicleYearOfManufacture":2009,"advertiserCounty":"Dublin","isPSL":false,"privatePSL":false,"vehicleImageId":"55beec6c-2c09-4fbd-a9e7-49301c0e78df","imagecount":5,"advertiserName":"Pilsen Auto Ltd","isTrade":true},{"advertId":"33413607775166470","vehicleMake":"Skoda","vehicleModel":"Superb","vehicleDerivative":"AMBITION 1.9 TDI 105HP","vehiclePriceEuro":17450,"vehicleYearOfManufacture":2009,"advertiserCounty":"Dublin","isPSL":false,"privatePSL":false,"vehicleImageId":"1e62db57-d859-4b25-8311-ba99d562c81a","imagecount":11,"advertiserName":"Pilsen Auto Ltd","isTrade":true},{"advertId":"31813582615935540","vehicleMake":"Skoda","vehicleModel":"Superb","vehicleDerivative":"2.0TDI","vehiclePriceEuro":16900,"vehicleYearOfManufacture":2009,"advertiserCounty":"Cork","isPSL":true,"privatePSL":false,"vehicleImageId":"d51abf7d-fa3d-4e2c-8646-1c39e6e443db","imagecount":7,"advertiserName":"Kiely's Car Sales","isTrade":true},{"advertId":"201302211870514","vehicleMake":"Skoda","vehicleModel":"Superb","vehicleDerivative":"1.9 GREENLINE 05DR","vehiclePriceEuro":16500,"vehicleYearOfManufacture":2009,"advertiserCounty":"Dublin","isPSL":true,"privatePSL":false,"vehicleImageId":"14254633","imagecount":5,"isTrade":false},{"advertId":"32013539401510950","vehicleMake":"Skoda","vehicleModel":"Superb","vehicleDerivative":"1.9 GREENLINE 5DR","vehiclePriceEuro":16000,"vehicleYearOfManufacture":2009,"advertiserCounty":"Cork","isPSL":false,"privatePSL":false,"vehicleImageId":"11689770-e3c2-410d-8dc5-7e9451451048","imagecount":6,"advertiserName":"Eamonn Tarrant & Sons Ltd","isTrade":true},{"advertId":"201309212737955","vehicleMake":"Skoda","vehicleModel":"Superb","vehicleDerivative":"GREENLINE 1.9 TDI 105 HP 105HP","vehiclePriceEuro":16000,"vehicleYearOfManufacture":2009,"advertiserCounty":"Dublin","isPSL":true,"privatePSL":false,"vehicleImageId":"14382824","imagecount":6,"isTrade":false},{"advertId":"34213603718123570","vehicleMake":"Skoda","vehicleModel":"Superb","vehicleDerivative":"1.9 TDi  ** LOW ROAD TAX**","vehiclePriceEuro":15950,"vehicleYearOfManufacture":2009,"advertiserCounty":"Roscommon","isPSL":true,"privatePSL":false,"vehicleImageId":"13973b9e-6190-46d7-a332-4db1c4510cbe","imagecount":10,"advertiserName":"Cooney Motors","isTrade":true},{"advertId":"34313623589671380","vehicleMake":"Skoda","vehicleModel":"Superb","vehicleDerivative":"1.9 TDI SE","vehiclePriceEuro":15895,"vehicleYearOfManufacture":2009,"advertiserCounty":"Cork","isPSL":true,"privatePSL":false,"vehicleImageId":"712a4c37-61ef-44f3-b089-e72cef9a4392","imagecount":1,"advertiserName":"Luceys Charleville (Nissan & Mazda)","isTrade":true},{"advertId":"201247211099881","vehicleMake":"Skoda","vehicleModel":"Superb","vehicleDerivative":"COMFORT 1.9 TDI 115HP","vehiclePriceEuro":15800,"vehicleYearOfManufacture":2009,"advertiserCounty":"Cavan","isPSL":true,"privatePSL":false,"vehicleImageId":"14158545","imagecount":9,"isTrade":false},{"advertId":"33913610317368940","vehicleMake":"Skoda","vehicleModel":"Superb","vehicleDerivative":"GREENLINE 1.9 TDI 105 HP 105HP","vehiclePriceEuro":15650,"vehicleYearOfManufacture":2009,"advertiserCounty":"Longford","isPSL":false,"privatePSL":false,"vehicleImageId":"2ca81524-bcb5-45a9-bc2d-3a16d78898ad","imagecount":11,"advertiserName":"Michael Shaw Car Sales","isTrade":true},{"advertId":"31713578276319290","vehicleMake":"Skoda","vehicleModel":"Superb","vehicleDerivative":"AMBITION 1.9 TDI 105HP","vehiclePriceEuro":15500,"vehicleYearOfManufacture":2009,"advertiserCounty":"Kerry","isPSL":false,"privatePSL":false,"vehicleImageId":"1efa550f-dfbb-4f51-96e7-f6592e36b301","imagecount":3,"advertiserName":"Liam Lynch Motors","isTrade":true},{"advertId":"33413624159749560","vehicleMake":"Skoda","vehicleModel":"Superb","vehicleDerivative":"170..LEATHER..CLIMATE..FINANCE ARRANGED...","vehiclePriceEuro":14950,"vehicleYearOfManufacture":2009,"advertiserCounty":"Dublin","isPSL":true,"privatePSL":false,"imagecount":0,"advertiserName":"Sarsfield Motor Company S.C.R. Kilmainham","isTrade":true},{"advertId":"201247211079696","vehicleMake":"Skoda","vehicleModel":"Superb","vehicleDerivative":"GREENLINE 1.9 TDI 105 HP 105HP","vehiclePriceEuro":14950,"vehicleYearOfManufacture":2009,"advertiserCounty":"Westmeath","isPSL":true,"privatePSL":false,"vehicleImageId":"14156193","imagecount":5,"isTrade":false},{"advertId":"201249211259851","vehicleMake":"Skoda","vehicleModel":"Superb","vehicleDerivative":"GREENLINE 1.9 TDI 105 HP 105HP","vehiclePriceEuro":14500,"vehicleYearOfManufacture":2009,"advertiserCounty":"Wicklow","isPSL":true,"privatePSL":false,"vehicleImageId":"14208908","imagecount":5,"isTrade":false},{"advertId":"201247211059410","vehicleMake":"Skoda","vehicleModel":"Superb","vehicleDerivative":"AMBITION 2.0 TDI 170HP","vehiclePriceEuro":14200,"vehicleYearOfManufacture":2009,"advertiserCounty":"Cork","isPSL":true,"privatePSL":false,"vehicleImageId":"13755307","imagecount":1,"isTrade":false},{"advertId":"34313603328770620","vehicleMake":"Skoda","vehicleModel":"Superb","vehicleDerivative":"AMBITION 2.0 TDI 170HP","vehiclePriceEuro":13995,"vehicleYearOfManufacture":2009,"advertiserCounty":"Wicklow","isPSL":false,"privatePSL":false,"vehicleImageId":"b76667d0-19db-48b0-b10e-7fe92417acff","imagecount":11,"advertiserName":"J Kelly Motors","isTrade":true},{"advertId":"33913607687429000","vehicleMake":"Skoda","vehicleModel":"Superb","vehicleDerivative":"1.9 TDI GREENLINE - NCT JULY 2015 - ROAD TAX ONLY €280 - ALL TRADE INS WELCOME - FINANCE APPROVED IN ONE HOUR - CALL ANYTIME ON 087-092 5525","vehiclePriceEuro":13950,"vehicleYearOfManufacture":2009,"advertiserCounty":"Dublin","isPSL":false,"privatePSL":false,"vehicleImageId":"f72654a3-4b75-4222-b810-3920fd4a3a6a","imagecount":14,"advertiserName":"Leinster Motor Group","isTrade":true},{"advertId":"34313618783974890","vehicleMake":"Skoda","vehicleModel":"Superb","vehicleDerivative":"AMBITION 2.0 TDI 170HP","vehiclePriceEuro":13750,"vehicleYearOfManufacture":2009,"advertiserCounty":"Laois","isPSL":false,"privatePSL":false,"vehicleImageId":"318f409d-fbcb-4fa4-8bca-7f5a7f1866f7","imagecount":6,"advertiserName":"Ballybrittas Motors","isTrade":true},{"advertId":"31813594599288780","vehicleMake":"Skoda","vehicleModel":"Superb","vehicleDerivative":"2.0 TDI S 140 BHP €390 Road Tax NCT 2/15","vehiclePriceEuro":13500,"vehicleYearOfManufacture":2009,"advertiserCounty":"Leitrim","isPSL":true,"privatePSL":false,"vehicleImageId":"e4bd35af-023c-4b4f-b967-d6325bc7b0c2","imagecount":9,"advertiserName":"Sean Gallagher Cars","isTrade":true},{"advertId":"30213457100705110","vehicleMake":"Skoda","vehicleModel":"Superb","vehicleDerivative":"Greenline 1.9 TDI 105HP","vehiclePriceEuro":13250,"vehicleYearOfManufacture":2009,"advertiserCounty":"Galway","isPSL":true,"privatePSL":false,"vehicleImageId":"9083a7f0-dbaa-4b1e-8ec2-0b4167a76a7c","imagecount":7,"advertiserName":"Monaghan & Sons","isTrade":true},{"advertId":"201309212649732","vehicleMake":"Skoda","vehicleModel":"Superb","vehicleDerivative":"1.9 TDI SPORT 103BHP 5DR 5","vehiclePriceEuro":13000,"vehicleYearOfManufacture":2009,"advertiserCounty":"Galway","isPSL":true,"privatePSL":false,"vehicleImageId":"14044960","imagecount":9,"isTrade":false},{"advertId":"31913558309784170","vehicleMake":"Skoda","vehicleModel":"Superb","vehicleDerivative":"AMBITION 1.9 TDI 105HP","vehiclePriceEuro":0,"vehicleYearOfManufacture":2009,"advertiserCounty":"Wicklow","isPSL":false,"privatePSL":false,"vehicleImageId":"954f83d7-d80b-4300-aab4-523061ef98cd","imagecount":1,"advertiserName":"Sinnott Autos Ltd","isTrade":true},{"advertId":"201302211936886","vehicleMake":"Skoda","vehicleModel":"Superb","vehicleDerivative":"COMFORT 1.9 TDI 115HP","vehiclePriceEuro":12700,"vehicleYearOfManufacture":2008,"advertiserCounty":"Limerick","isPSL":true,"privatePSL":false,"vehicleImageId":"14261414","imagecount":9,"isTrade":false},{"advertId":"34313613723324060","vehicleMake":"Skoda","vehicleModel":"Superb","vehicleDerivative":"Tdi Elegance","vehiclePriceEuro":11950,"vehicleYearOfManufacture":2008,"advertiserCounty":"Donegal","isPSL":false,"privatePSL":false,"vehicleImageId":"c3dd2133-7be9-4245-95df-41e0b8e409a1","imagecount":13,"advertiserName":"S & R Motors","isTrade":true},{"advertId":"32113561043756530","vehicleMake":"Skoda","vehicleModel":"Superb","vehicleDerivative":"CLASSIC 1.9 TDI 115HP","vehiclePriceEuro":11950,"vehicleYearOfManufacture":2008,"advertiserCounty":"Cork","isPSL":false,"privatePSL":false,"vehicleImageId":"34459be2-70d0-47fc-8f71-730aaed50534","imagecount":11,"advertiserName":"Motorview KIA","isTrade":true},{"advertId":"31213474511256030","vehicleMake":"Skoda","vehicleModel":"Superb","vehicleDerivative":"1.9 TDI","vehiclePriceEuro":9995,"vehicleYearOfManufacture":2008,"advertiserCounty":"Waterford","isPSL":false,"privatePSL":false,"vehicleImageId":"6a243651-08f9-4dce-ae54-e0e68e4bcd4d","imagecount":14,"advertiserName":"Castletown Carsales","isTrade":true},{"advertId":"34013622230596330","vehicleMake":"Skoda","vehicleModel":"Superb","vehicleDerivative":"COMFORT 1.9 TDI 115HP","vehiclePriceEuro":9450,"vehicleYearOfManufacture":2007,"advertiserCounty":"Dublin","isPSL":false,"privatePSL":false,"imagecount":0,"advertiserName":"Annesley Williams Ltd","isTrade":true},{"advertId":"32913596582234010","vehicleMake":"Skoda","vehicleModel":"Superb","vehicleDerivative":"COMFORT 1.9 TDI 105HP","vehiclePriceEuro":8950,"vehicleYearOfManufacture":2007,"advertiserCounty":"Meath","isPSL":true,"privatePSL":false,"vehicleImageId":"5990106a-b852-446f-8901-a159f331f75e","imagecount":8,"advertiserName":"Navan Ford Centre","isTrade":true},{"advertId":"32013581750177510","vehicleMake":"Skoda","vehicleModel":"Superb","vehicleDerivative":"COMFORT 1.9 TDI 115HP","vehiclePriceEuro":7999,"vehicleYearOfManufacture":2007,"advertiserCounty":"Dublin","isPSL":false,"privatePSL":false,"vehicleImageId":"506026d5-5aa9-49db-a035-50e7632f90c1","imagecount":7,"advertiserName":"Airways Motor Company","isTrade":true},{"advertId":"32713585496659160","vehicleMake":"Skoda","vehicleModel":"Superb","vehicleDerivative":" 1.9 TDI 115HP","vehiclePriceEuro":7995,"vehicleYearOfManufacture":2007,"advertiserCounty":"Dublin","isPSL":false,"privatePSL":false,"vehicleImageId":"2ec6bf0e-06f1-47fe-b94c-6decfc0c50f9","imagecount":7,"advertiserName":"Drimnagh Motors Ltd.","isTrade":true},{"advertId":"32913609465148400","vehicleMake":"Skoda","vehicleModel":"Superb","vehicleDerivative":"TDI CLASSIC 115BHP 4DR","vehiclePriceEuro":7600,"vehicleYearOfManufacture":2007,"advertiserCounty":"Westmeath","isPSL":false,"privatePSL":false,"vehicleImageId":"a8a089dc-5153-4ed6-abb5-c9c2955d77f2","imagecount":6,"advertiserName":"Lough Owel Motors","isTrade":true},{"advertId":"201244210783929","vehicleMake":"Skoda","vehicleModel":"Superb","vehicleDerivative":"COMFORT 1.9 TDI 115HP","vehiclePriceEuro":7450,"vehicleYearOfManufacture":2007,"advertiserCounty":"Galway","isPSL":true,"privatePSL":false,"vehicleImageId":"14094404","imagecount":9,"isTrade":false},{"advertId":"201308212529673","vehicleMake":"Skoda","vehicleModel":"Superb","vehicleDerivative":"CLASSIC 1.9 TDI 105HP","vehiclePriceEuro":6500,"vehicleYearOfManufacture":2007,"advertiserCounty":"Longford","isPSL":true,"privatePSL":false,"vehicleImageId":"14353805","imagecount":9,"isTrade":false},{"advertId":"201307212457416","vehicleMake":"Skoda","vehicleModel":"Superb","vehicleDerivative":"LEATHER INTERIOR","vehiclePriceEuro":9500,"vehicleYearOfManufacture":2006,"advertiserCounty":"Cork","isPSL":true,"privatePSL":false,"vehicleImageId":"13999433","imagecount":9,"isTrade":false},{"advertId":"8113392335498250","vehicleMake":"Skoda","vehicleModel":"Superb","vehicleDerivative":"2.0 COMFORT 140BHP 04DR   ","vehiclePriceEuro":7500,"vehicleYearOfManufacture":2006,"advertiserCounty":"Dublin","isPSL":true,"privatePSL":false,"vehicleImageId":"68b5c8b8-bfaf-4a6a-bfd7-ae8b3ffd6afc","imagecount":6,"advertiserName":"Castle Motors Swords","isTrade":true},{"advertId":"33913608425869720","vehicleMake":"Skoda","vehicleModel":"Superb","vehicleDerivative":"EXCLUSIVE 1.9 TDI 105HP","vehiclePriceEuro":6999,"vehicleYearOfManufacture":2006,"advertiserCounty":"Dublin","isPSL":false,"privatePSL":false,"vehicleImageId":"f14dc01b-6ede-4ed4-aadb-88be88dfa69f","imagecount":6,"advertiserName":"Airways Motor Company","isTrade":true},{"advertId":"201305212205234","vehicleMake":"Skoda","vehicleModel":"Superb","vehicleDerivative":"EXCLUSIVE 1.9 TDI 105HP","vehiclePriceEuro":6900,"vehicleYearOfManufacture":2006,"advertiserCounty":"Dublin","isPSL":true,"privatePSL":false,"vehicleImageId":"14303060","imagecount":5,"isTrade":false},{"advertId":"34413622360205710","vehicleMake":"Skoda","vehicleModel":"Superb","vehicleDerivative":"EXCLUSIVE 1.9 TDI 105HP","vehiclePriceEuro":6750,"vehicleYearOfManufacture":2006,"advertiserCounty":"Kerry","isPSL":false,"privatePSL":false,"vehicleImageId":"f18748a8-e6f4-4408-b725-1e62b444af93","imagecount":7,"advertiserName":"Liam Lynch Motors","isTrade":true},{"advertId":"201305212228270","vehicleMake":"Skoda","vehicleModel":"Superb","vehicleDerivative":"2.0 COMFORT 140BHP 04DR","vehiclePriceEuro":6250,"vehicleYearOfManufacture":2006,"advertiserCounty":"Donegal","isPSL":true,"privatePSL":false,"vehicleImageId":"14307725","imagecount":6,"isTrade":false},{"advertId":"201307212409117","vehicleMake":"Skoda","vehicleModel":"Superb","vehicleDerivative":"1.9 TDI CLASSIC 105BHP 4DR 10","vehiclePriceEuro":4950,"vehicleYearOfManufacture":2006,"advertiserCounty":"Meath","isPSL":true,"privatePSL":false,"vehicleImageId":"14068919","imagecount":9,"isTrade":false},{"advertId":"201309212674278","vehicleMake":"Skoda","vehicleModel":"Superb","vehicleDerivative":"1.9tdi classic 100","vehiclePriceEuro":3990,"vehicleYearOfManufacture":2006,"advertiserCounty":"Monaghan","isPSL":true,"privatePSL":false,"vehicleImageId":"14040122","imagecount":1,"isTrade":false},{"advertId":"33413612823165380","vehicleMake":"Skoda","vehicleModel":"Superb","vehicleDerivative":"EXPRESSION 1.9TDI LOW MILAGE","vehiclePriceEuro":7450,"vehicleYearOfManufacture":2005,"advertiserCounty":"Wicklow","isPSL":false,"privatePSL":false,"vehicleImageId":"6c66f708-079f-4c23-b8ad-ec651e34b077","imagecount":10,"advertiserName":"Newcastle Garage","isTrade":true},{"advertId":"33213621707065840","vehicleMake":"Skoda","vehicleModel":"Superb","vehicleDerivative":"1.9 TDI 130 BHP COMFORT 4DR","vehiclePriceEuro":5950,"vehicleYearOfManufacture":2005,"advertiserCounty":"Galway","isPSL":true,"privatePSL":false,"vehicleImageId":"e43b41ab-61e7-465b-bdaf-3bb263d4c94c","imagecount":11,"advertiserName":"Adrian Quinn Car Sales","isTrade":true},{"advertId":"31113578275360690","vehicleMake":"Skoda","vehicleModel":"Superb","vehicleDerivative":"COMFORT TDI 130BHP 4DR nct 02/15, exceptional good driver. excellent condition.","vehiclePriceEuro":5898,"vehicleYearOfManufacture":2005,"advertiserCounty":"Kildare","isPSL":false,"privatePSL":false,"vehicleImageId":"2e2971d9-169c-4df9-b36e-e710e8b82fdc","imagecount":8,"advertiserName":"Sean Boland Car Sales (Clane)","isTrade":true},{"advertId":"201301211777079","vehicleMake":"Skoda","vehicleModel":"Superb","vehicleDerivative":"EXCLUSIVE 1.9 TDI 100HP","vehiclePriceEuro":5600,"vehicleYearOfManufacture":2005,"advertiserCounty":"Kildare","isPSL":true,"privatePSL":false,"vehicleImageId":"14241462","imagecount":9,"isTrade":false},{"advertId":"34213614462289900","vehicleMake":"Skoda","vehicleModel":"Superb","vehicleDerivative":"EXCLUSIVE 1.8T 150BHP","vehiclePriceEuro":4999,"vehicleYearOfManufacture":2005,"advertiserCounty":"Dublin","isPSL":false,"privatePSL":false,"vehicleImageId":"0ef86eee-6470-4070-9ca1-1049257b1204","imagecount":4,"advertiserName":"GK Motors","isTrade":true},{"advertId":"34013597168835430","vehicleMake":"Skoda","vehicleModel":"Superb","vehicleDerivative":"COMFORT TDI 130BHP 4DR [NCT,TAXED,WARRANTY]","vehiclePriceEuro":5500,"vehicleYearOfManufacture":2004,"advertiserCounty":"Dublin","isPSL":true,"privatePSL":false,"vehicleImageId":"7129c554-e8b4-4eab-94a9-e7baef90ac44","imagecount":11,"advertiserName":"Dunhill Motors","isTrade":true},{"advertId":"201248211169550","vehicleMake":"Skoda","vehicleModel":"Superb","vehicleDerivative":"COMFORT 1.9 TDI 4DR","vehiclePriceEuro":5295,"vehicleYearOfManufacture":2004,"advertiserCounty":"Dublin","isPSL":true,"privatePSL":false,"vehicleImageId":"14170665","imagecount":2,"isTrade":false},{"advertId":"14513402198160530","vehicleMake":"Skoda","vehicleModel":"Superb","vehicleDerivative":"2.5 TDI ELEGANCE","vehiclePriceEuro":3950,"vehicleYearOfManufacture":2003,"advertiserCounty":"Dublin","isPSL":true,"privatePSL":false,"vehicleImageId":"1718caf2-feb9-4b60-80b6-77ec46525087","imagecount":15,"advertiserName":"Sarsfield Motor Company S.C.R. Kilmainham","isTrade":true},{"advertId":"31413495256975210","vehicleMake":"Skoda","vehicleModel":"Superb","vehicleDerivative":"1.9 TDI 130 Bhp / New NCT / Fully Serviced / Excellent Fuel Economy / 3 Months Warranty / Trade In Accepted.","vehiclePriceEuro":3950,"vehicleYearOfManufacture":2002,"advertiserCounty":"Dublin","isPSL":true,"privatePSL":false,"vehicleImageId":"e9bf0ff3-38fe-4ce9-bb5a-a4e3e0636111","imagecount":19,"advertiserName":"N3 Autolink","isTrade":true},{"advertId":"34313618040128080","vehicleMake":"Skoda","vehicleModel":"Yeti","vehicleDerivative":"Ambition 2.0 TDI 170HP 4X4 4DR Panoramic Sunroof","vehiclePriceEuro":31950,"vehicleYearOfManufacture":2013,"advertiserCounty":"Tipperary","isPSL":false,"privatePSL":false,"vehicleImageId":"7de5d19e-394b-4f3c-8a72-64f7c4c99c8d","imagecount":15,"advertiserName":"Ryan Motor Power","isTrade":true},{"advertId":"31913546215159740","vehicleMake":"Skoda","vehicleModel":"Yeti","vehicleDerivative":"1.2TSI DSG-AUTO ELEGANCE","vehiclePriceEuro":31225,"vehicleYearOfManufacture":2013,"advertiserCounty":"Wicklow","isPSL":false,"privatePSL":false,"vehicleImageId":"2af7b9e9-209f-46ca-b44b-497e973a2c4b","imagecount":8,"advertiserName":"Sinnott Autos Ltd","isTrade":true},{"advertId":"32913600614937110","vehicleMake":"Skoda","vehicleModel":"Yeti","vehicleDerivative":"AMB 2.0 TDI 170HP 4X4 4DR","vehiclePriceEuro":29950,"vehicleYearOfManufacture":2013,"advertiserCounty":"Galway","isPSL":true,"privatePSL":false,"vehicleImageId":"57129aee-8121-453e-bd11-e9c67265be58","imagecount":2,"advertiserName":"Monaghan & Sons","isTrade":true},{"advertId":"30813535795348010","vehicleMake":"Skoda","vehicleModel":"Yeti","vehicleDerivative":"ELEGANCE 1.6TDI GreenLine","vehiclePriceEuro":29530,"vehicleYearOfManufacture":2013,"advertiserCounty":"Wicklow","isPSL":false,"privatePSL":false,"vehicleImageId":"44d8ec93-7622-43e1-bbc7-5ee0fece7be0","imagecount":7,"advertiserName":"Sinnott Autos Ltd","isTrade":true},{"advertId":"34013601555843890","vehicleMake":"Skoda","vehicleModel":"Yeti","vehicleDerivative":"Elegance 1.6TDI GreenLine","vehiclePriceEuro":29520,"vehicleYearOfManufacture":2013,"advertiserCounty":"Wicklow","isPSL":false,"privatePSL":false,"vehicleImageId":"c08ee6e7-66a7-4e16-ae75-29198a009df8","imagecount":5,"advertiserName":"Sinnott Autos Ltd","isTrade":true},{"advertId":"31113549765823930","vehicleMake":"Skoda","vehicleModel":"Yeti","vehicleDerivative":"AMBITION 1.2 TSI DSG","vehiclePriceEuro":28000,"vehicleYearOfManufacture":2013,"advertiserCounty":"Kerry","isPSL":false,"privatePSL":false,"vehicleImageId":"cb611c1d-650a-4868-b8e9-95c5f00a1ff0","imagecount":5,"advertiserName":"Liam Lynch Motors","isTrade":true},{"advertId":"6413358211816450","vehicleMake":"Skoda","vehicleModel":"Yeti","vehicleDerivative":"AMBITION 2.0TDI 140hp GL PACK","vehiclePriceEuro":27450,"vehicleYearOfManufacture":2013,"advertiserCounty":"Laois","isPSL":false,"privatePSL":false,"vehicleImageId":"578bea05-fa28-4405-b610-039718adec27","imagecount":7,"advertiserName":"Ballybrittas Motors","isTrade":true},{"advertId":"31713539249515280","vehicleMake":"Skoda","vehicleModel":"Yeti","vehicleDerivative":"URBAN 2.0 TDI","vehiclePriceEuro":27300,"vehicleYearOfManufacture":2013,"advertiserCounty":"Kerry","isPSL":false,"privatePSL":false,"vehicleImageId":"2ce750b9-0d94-40f0-abad-f01bd08aa535","imagecount":6,"advertiserName":"Liam Lynch Motors","isTrade":true},{"advertId":"31713554156616830","vehicleMake":"Skoda","vehicleModel":"Yeti","vehicleDerivative":"2.0 TDI Urban","vehiclePriceEuro":27205,"vehicleYearOfManufacture":2013,"advertiserCounty":"Dublin","isPSL":false,"privatePSL":false,"vehicleImageId":"5a0065a0-4d8e-4cf3-bead-736b97bca7b8","imagecount":7,"advertiserName":"Annesley Williams Ltd","isTrade":true},{"advertId":"34313620457104530","vehicleMake":"Skoda","vehicleModel":"Yeti","vehicleDerivative":"1.6TDI Elegance GL","vehiclePriceEuro":26950,"vehicleYearOfManufacture":2013,"advertiserCounty":"Kildare","isPSL":false,"privatePSL":false,"imagecount":0,"advertiserName":"Sheehy Motors Naas","isTrade":true},{"advertId":"30913518715625250","vehicleMake":"Skoda","vehicleModel":"Yeti","vehicleDerivative":"2.0d Urban Two wheel Drive","vehiclePriceEuro":26925,"vehicleYearOfManufacture":2013,"advertiserCounty":"Wexford","isPSL":false,"privatePSL":false,"vehicleImageId":"6a37f1d0-6c33-4954-8c2b-336acf821945","imagecount":8,"advertiserName":"J Donohoe Motors","isTrade":true},{"advertId":"34313603355269470","vehicleMake":"Skoda","vehicleModel":"Yeti","vehicleDerivative":"2.0Tdi 110bhp Urban","vehiclePriceEuro":25950,"vehicleYearOfManufacture":2013,"advertiserCounty":"Limerick","isPSL":true,"privatePSL":false,"vehicleImageId":"56914d8f-8abb-41bc-bd8a-a353f1179f35","imagecount":12,"advertiserName":"Frank Hogan Ltd.","isTrade":true},{"advertId":"33213599899605700","vehicleMake":"Skoda","vehicleModel":"Yeti","vehicleDerivative":"2.0 TDI (140bhp) 4X4 Urban","vehiclePriceEuro":0,"vehicleYearOfManufacture":2013,"advertiserCounty":"Louth","isPSL":false,"privatePSL":false,"vehicleImageId":"d3dc4ee0-756f-4ebd-84c9-2159c67b705a","imagecount":9,"advertiserName":"Western Motors (Drogheda)","isTrade":true},{"advertId":"34213622373837750","vehicleMake":"Skoda","vehicleModel":"Yeti","vehicleDerivative":"AMBITION 2.0 TDI 170HP 4X4 4DR PANORAMIC ROOF 17\" ALLOYS","vehiclePriceEuro":0,"vehicleYearOfManufacture":2013,"advertiserCounty":"Cork","isPSL":false,"privatePSL":false,"vehicleImageId":"4243b952-490b-4898-a29d-97fb2a4e358d","imagecount":5,"advertiserName":"Noel Deasy Cars Ltd","isTrade":true},{"advertId":"6013354369152870","vehicleMake":"Skoda","vehicleModel":"Yeti","vehicleDerivative":"2.0TDI Elegance 4x4  170BHP","vehiclePriceEuro":0,"vehicleYearOfManufacture":2013,"advertiserCounty":"Galway","isPSL":true,"privatePSL":false,"vehicleImageId":"c68e276c-b452-4362-a63b-e1a2a15512fe","imagecount":7,"advertiserName":"Monaghan & Sons","isTrade":true},{"advertId":"6813371833363630","vehicleMake":"Skoda","vehicleModel":"Yeti","vehicleDerivative":"1.6Tdi Elegance Green Line 105 Bhp","vehiclePriceEuro":0,"vehicleYearOfManufacture":2013,"advertiserCounty":"Cork","isPSL":false,"privatePSL":false,"vehicleImageId":"8fcb9349-5a7d-4feb-8cbb-727e979cbd96","imagecount":10,"advertiserName":"Eamonn Tarrant & Sons Ltd","isTrade":true},{"advertId":"31813596289510430","vehicleMake":"Skoda","vehicleModel":"Yeti","vehicleDerivative":"AMB 2.0 TDI 170HP 4X4 ","vehiclePriceEuro":29950,"vehicleYearOfManufacture":2012,"advertiserCounty":"Cork","isPSL":false,"privatePSL":false,"vehicleImageId":"837a5852-42ff-408d-b98f-a526fc2fca0b","imagecount":7,"advertiserName":"Finbarr Galvin Limited","isTrade":true},{"advertId":"32013574005895710","vehicleMake":"Skoda","vehicleModel":"Yeti","vehicleDerivative":"2.0 TDI 170BHP AMBITION 4x4","vehiclePriceEuro":29495,"vehicleYearOfManufacture":2012,"advertiserCounty":"Donegal","isPSL":false,"privatePSL":false,"vehicleImageId":"460a83cf-f511-45eb-a877-8b0f9fad8a2d","imagecount":12,"advertiserName":"DMG Motors Ltd","isTrade":true},{"advertId":"34013624021505470","vehicleMake":"Skoda","vehicleModel":"Yeti","vehicleDerivative":"Ambition 2.0 T/Dsl 5Dr (Just In)","vehiclePriceEuro":27495,"vehicleYearOfManufacture":2012,"advertiserCounty":"Dublin","isPSL":false,"privatePSL":false,"imagecount":0,"advertiserName":"Windsor Deansgrange","isTrade":true},{"advertId":"30213474803184780","vehicleMake":"Skoda","vehicleModel":"Yeti","vehicleDerivative":"AMBITION 2.0 TDI 110HP 4DR NEW €0,000 OFF CALL US NOW UNIQUE OPPERTUNITY CALL US ON 021 4395021 OR LOG ON TO WWW.NOELDEASY.COM","vehiclePriceEuro":24850,"vehicleYearOfManufacture":2012,"advertiserCounty":"Cork","isPSL":false,"privatePSL":false,"vehicleImageId":"061537b7-64ff-40a6-be9e-72f1b6c0e8b4","imagecount":2,"advertiserName":"Noel Deasy Cars Ltd","isTrade":true},{"advertId":"33413600853711990","vehicleMake":"Skoda","vehicleModel":"Yeti","vehicleDerivative":"URBAN 2.0 TDI 110HP 4DR","vehiclePriceEuro":24750,"vehicleYearOfManufacture":2012,"advertiserCounty":"Waterford","isPSL":false,"privatePSL":false,"vehicleImageId":"be6344b3-0f79-4198-962c-67757d806ff8","imagecount":3,"advertiserName":"Martin Barrett","isTrade":true},{"advertId":"31113581860730580","vehicleMake":"Skoda","vehicleModel":"Yeti","vehicleDerivative":"Ambition 1.6TDI Greenline","vehiclePriceEuro":23995,"vehicleYearOfManufacture":2012,"advertiserCounty":"Galway","isPSL":true,"privatePSL":false,"vehicleImageId":"79b73bc7-db85-4612-b6d3-d167817e089e","imagecount":2,"advertiserName":"Monaghan & Sons","isTrade":true},{"advertId":"31713583517395450","vehicleMake":"Skoda","vehicleModel":"Yeti","vehicleDerivative":"URBAN 2.0 TDI 110HP 4DR","vehiclePriceEuro":23975,"vehicleYearOfManufacture":2012,"advertiserCounty":"Carlow","isPSL":true,"privatePSL":false,"vehicleImageId":"ba675ad1-c7e7-4a73-808b-02d6fce66e51","imagecount":14,"advertiserName":"Bolands Carlow Skoda,Volvo & Mazda","isTrade":true},{"advertId":"33413604158204420","vehicleMake":"Skoda","vehicleModel":"Yeti","vehicleDerivative":"ELEGANCE GL 1.6 TDI 4DR 77KW","vehiclePriceEuro":23950,"vehicleYearOfManufacture":2012,"advertiserCounty":"Donegal","isPSL":false,"privatePSL":false,"vehicleImageId":"f9c0080d-8b09-4bf5-a1e9-162dfd57df6d","imagecount":9,"advertiserName":"McGinley Motors Ltd","isTrade":true},{"advertId":"34113614479731230","vehicleMake":"Skoda","vehicleModel":"Yeti","vehicleDerivative":"2.0 110bhp TDI","vehiclePriceEuro":22995,"vehicleYearOfManufacture":2012,"advertiserCounty":"Louth","isPSL":false,"privatePSL":false,"vehicleImageId":"cb8a9004-8fd4-4818-ba4c-3566f7644921","imagecount":9,"advertiserName":"Western Motors (Drogheda)","isTrade":true},{"advertId":"31913596202746620","vehicleMake":"Skoda","vehicleModel":"Yeti","vehicleDerivative":"1.6TDI Ambition Greenline","vehiclePriceEuro":22950,"vehicleYearOfManufacture":2012,"advertiserCounty":"Kildare","isPSL":false,"privatePSL":false,"vehicleImageId":"20cf64bb-2f4d-4d31-aeb8-0bada4c004c2","imagecount":9,"advertiserName":"Sheehy Motors Naas","isTrade":true}],"totalAdvertCount":45174}