{"adverts":[{"advertId":"33913612795696560","vehicleMake":"Toyota","vehicleModel":"Yaris","vehicleDerivative":"1.3 AUTOMATIC NCT'D 06/2014--TAX'D 06/2013","vehiclePriceEuro":3950,"vehicleYearOfManufacture":2004,"advertiserCounty":"Dublin","isPSL":false,"privatePSL":false,"vehicleImageId":"86fe02ec-0121-4569-bcbb-3e053d331882","imagecount":13,"advertiserName":"Southside Motor Group","isTrade":true},{"advertId":"34013602305365390","vehicleMake":"Toyota","vehicleModel":"Yaris","vehicleDerivative":"SOL M/C 3DR 31","vehiclePriceEuro":3850,"vehicleYearOfManufacture":2004,"advertiserCounty":"Tipperary","isPSL":false,"privatePSL":false,"vehicleImageId":"823611bb-76e5-445e-b27d-68e1c7b123e6","imagecount":3,"advertiserName":"Denis Kinane Motors (Honda Centre)","isTrade":true},{"advertId":"713239405987400","vehicleMake":"Toyota","vehicleModel":"Yaris","vehicleDerivative":"RS-SPORTS.  Top of the Range","vehiclePriceEuro":5445,"vehicleYearOfManufacture":2003,"advertiserCounty":"Dublin","isPSL":true,"privatePSL":false,"vehicleImageId":"2bc13903-69d6-4f8e-9bb8-31107dcc9928","imagecount":7,"advertiserName":"Motoright Ltd.","isTrade":true},{"advertId":"31813534193645500","vehicleMake":"Toyota","vehicleModel":"Yaris","vehicleDerivative":"1.0 LUNA","vehiclePriceEuro":4750,"vehicleYearOfManufacture":2003,"advertiserCounty":"Donegal","isPSL":false,"privatePSL":false,"vehicleImageId":"81336721-625a-46d0-8d88-b559e214d88d","imagecount":8,"advertiserName":"Kelly's Sales & Service","isTrade":true},{"advertId":"5813316574719830","vehicleMake":"Toyota","vehicleModel":"Yaris","vehicleDerivative":"**IN STOCK** AUTOMATIC","vehiclePriceEuro":4650,"vehicleYearOfManufacture":2003,"advertiserCounty":"Dublin","isPSL":false,"privatePSL":false,"vehicleImageId":"38a6ba54-7f11-436c-ad09-4122ab061841","imagecount":6,"advertiserName":"Clarehall Motor Centre","isTrade":true},{"advertId":"33913624132437250","vehicleMake":"Toyota","vehicleModel":"Yaris","vehicleDerivative":"1.0 TERRA 5DR","vehiclePriceEuro":4500,"vehicleYearOfManufacture":2003,"advertiserCounty":"Galway","isPSL":false,"privatePSL":false,"vehicleImageId":"79199f5d-7683-4ba3-8cc9-0e59e1be36cd","imagecount":10,"advertiserName":"Kylemore Service Station","isTrade":true},{"advertId":"201305212227793","vehicleMake":"Toyota","vehicleModel":"Yaris","vehicleDerivative":"TERRA M/C 5DR 51","vehiclePriceEuro":4500,"vehicleYearOfManufacture":2003,"advertiserCounty":"Dublin","isPSL":true,"privatePSL":false,"imagecount":0,"isTrade":false},{"advertId":"201302211870470","vehicleMake":"Toyota","vehicleModel":"Yaris","vehicleDerivative":"TERRA","vehiclePriceEuro":4400,"vehicleYearOfManufacture":2003,"advertiserCounty":"Limerick","isPSL":true,"privatePSL":false,"vehicleImageId":"14254664","imagecount":7,"isTrade":false},{"advertId":"33413599846311230","vehicleMake":"Toyota","vehicleModel":"Yaris","vehicleDerivative":"1.0 TERRA 5DR","vehiclePriceEuro":4250,"vehicleYearOfManufacture":2003,"advertiserCounty":"Kerry","isPSL":false,"privatePSL":false,"vehicleImageId":"2d651866-2977-4323-90b5-563201be458d","imagecount":6,"advertiserName":"Poff Motors","isTrade":true},{"advertId":"34013601455800710","vehicleMake":"Toyota","vehicleModel":"Yaris","vehicleDerivative":"1.0 TERRA 5DR","vehiclePriceEuro":4250,"vehicleYearOfManufacture":2003,"advertiserCounty":"Dublin","isPSL":false,"privatePSL":false,"vehicleImageId":"2ab7020d-ab4f-4154-9759-d6dc5d81c113","imagecount":9,"advertiserName":"Carroll & Kinsella Motors (Blackrock)","isTrade":true},{"advertId":"201248211179760","vehicleMake":"Toyota","vehicleModel":"Yaris","vehicleDerivative":"SCP10 1.0 05DR A","vehiclePriceEuro":4000,"vehicleYearOfManufacture":2003,"advertiserCounty":"Dublin","isPSL":true,"privatePSL":false,"vehicleImageId":"13780892","imagecount":1,"isTrade":false},{"advertId":"201246210977972","vehicleMake":"Toyota","vehicleModel":"Yaris","vehiclePriceEuro":4000,"vehicleYearOfManufacture":2003,"advertiserCounty":"Dublin","isPSL":true,"privatePSL":false,"vehicleImageId":"14139190","imagecount":9,"isTrade":false},{"advertId":"34113621692480390","vehicleMake":"Toyota","vehicleModel":"Yaris","vehicleDerivative":"1.0 LUNA 5dr, Only 73k, Full Toyota Service History, NEW NCT 01/2014 & Taxed","vehiclePriceEuro":3999,"vehicleYearOfManufacture":2003,"advertiserCounty":"Dublin","isPSL":false,"privatePSL":false,"vehicleImageId":"90b1c7f1-258e-4d80-8b8b-679c63d8f686","imagecount":2,"advertiserName":"Barry Brocklebank","isTrade":true},{"advertId":"31713588719947140","vehicleMake":"Toyota","vehicleModel":"Yaris","vehicleDerivative":"1.0 TERRA 5DR €4450 Retail or €3950 Straight Sale","vehiclePriceEuro":3950,"vehicleYearOfManufacture":2003,"advertiserCounty":"Louth","isPSL":false,"privatePSL":false,"vehicleImageId":"10a72756-438b-452f-86ec-4b03a15c4543","imagecount":8,"advertiserName":"McCabes (Toyota) Ardee","isTrade":true},{"advertId":"34213599681385480","vehicleMake":"Toyota","vehicleModel":"Yaris","vehicleDerivative":"1.0 LUNA","vehiclePriceEuro":3950,"vehicleYearOfManufacture":2003,"advertiserCounty":"Louth","isPSL":false,"privatePSL":false,"vehicleImageId":"37cd680d-c764-47af-84b9-f180779bff8f","imagecount":9,"advertiserName":"McCabes (Toyota) Drogheda","isTrade":true},{"advertId":"201304212159769","vehicleMake":"Toyota","vehicleModel":"Yaris","vehicleDerivative":"1.3 5DR SOL","vehiclePriceEuro":3900,"vehicleYearOfManufacture":2003,"advertiserCounty":"Dublin","isPSL":true,"privatePSL":false,"imagecount":0,"isTrade":false},{"advertId":"32713594738818970","vehicleMake":"Toyota","vehicleModel":"Yaris","vehicleDerivative":"1.0 LUNA 5DR **FRESH NCT 2014. 12 MONTH WARRANTY OPTION,** CALL KEN 01-4298823 SALE SALE SALE ","vehiclePriceEuro":3749,"vehicleYearOfManufacture":2003,"advertiserCounty":"Dublin","isPSL":true,"privatePSL":false,"vehicleImageId":"5de788ec-362c-48e7-8740-a4ac61d99825","imagecount":8,"advertiserName":"Bluegate Motor Company","isTrade":true},{"advertId":"6913383956809270","vehicleMake":"Toyota","vehicleModel":"Yaris","vehicleDerivative":"1.0 3 DR","vehiclePriceEuro":3500,"vehicleYearOfManufacture":2003,"advertiserCounty":"Cork","isPSL":true,"privatePSL":false,"vehicleImageId":"66687ad3-432c-4fa2-8d58-f563215f2031","imagecount":7,"advertiserName":"Michael O'Sullivan Car Sales","isTrade":true},{"advertId":"31713576435223220","vehicleMake":"Toyota","vehicleModel":"Yaris","vehicleDerivative":"1.3 VVT-I T3 3DR","vehiclePriceEuro":3450,"vehicleYearOfManufacture":2003,"advertiserCounty":"Dublin","isPSL":false,"privatePSL":false,"vehicleImageId":"6abd7e7c-22ce-4b22-a59e-fed124b2e9fd","imagecount":12,"advertiserName":"TMG Motors","isTrade":true},{"advertId":"201305212182375","vehicleMake":"Toyota","vehicleModel":"Yaris","vehicleDerivative":"1.0 TERRA","vehiclePriceEuro":3200,"vehicleYearOfManufacture":2003,"advertiserCounty":"Kildare","isPSL":true,"privatePSL":false,"vehicleImageId":"14296566","imagecount":4,"isTrade":false},{"advertId":"201307212457301","vehicleMake":"Toyota","vehicleModel":"Yaris","vehicleDerivative":"1.0 LUNA","vehiclePriceEuro":3150,"vehicleYearOfManufacture":2003,"advertiserCounty":"Dublin","isPSL":true,"privatePSL":false,"vehicleImageId":"14002805","imagecount":6,"isTrade":false},{"advertId":"201250211447956","vehicleMake":"Toyota","vehicleModel":"Yaris","vehicleDerivative":"1.0 TERRA","vehiclePriceEuro":3000,"vehicleYearOfManufacture":2003,"advertiserCounty":"Offaly","isPSL":true,"privatePSL":false,"vehicleImageId":"13834694","imagecount":4,"isTrade":false},{"advertId":"201242210599168","vehicleMake":"Toyota","vehicleModel":"Yaris","vehicleDerivative":"1.0 LUNA","vehiclePriceEuro":2999,"vehicleYearOfManufacture":2003,"advertiserCounty":"Galway","isPSL":true,"privatePSL":false,"imagecount":0,"isTrade":false},{"advertId":"201247211089780","vehicleMake":"Toyota","vehicleModel":"Yaris","vehicleDerivative":"1.0 LUNA","vehiclePriceEuro":2900,"vehicleYearOfManufacture":2003,"advertiserCounty":"Limerick","isPSL":true,"privatePSL":false,"vehicleImageId":"14157240","imagecount":5,"isTrade":false},{"advertId":"34013602460458590","vehicleMake":"Toyota","vehicleModel":"Yaris","vehicleDerivative":"1.0 TERRA 5DR","vehiclePriceEuro":3250,"vehicleYearOfManufacture":2002,"advertiserCounty":"Kerry","isPSL":false,"privatePSL":false,"vehicleImageId":"9a900af2-decf-451e-bb17-cd2bcb999340","imagecount":5,"advertiserName":"Poff Motors","isTrade":true},{"advertId":"201246210973530","vehicleMake":"Toyota","vehicleModel":"Yaris","vehicleDerivative":"1.0 S 03DR","vehiclePriceEuro":3100,"vehicleYearOfManufacture":2002,"advertiserCounty":"Cork","isPSL":true,"privatePSL":false,"vehicleImageId":"13742919","imagecount":2,"isTrade":false},{"advertId":"33413605826922840","vehicleMake":"Toyota","vehicleModel":"Yaris","vehicleDerivative":"1.0 3DR NOW SOLD","vehiclePriceEuro":2999,"vehicleYearOfManufacture":2002,"advertiserCounty":"Dublin","isPSL":false,"privatePSL":false,"vehicleImageId":"be6067b8-7b76-4b20-9266-cfc0fd9c529f","imagecount":8,"advertiserName":"Webb Motors","isTrade":true},{"advertId":"201249211319966","vehicleMake":"Toyota","vehicleModel":"Yaris","vehicleDerivative":"TERRA","vehiclePriceEuro":2950,"vehicleYearOfManufacture":2002,"advertiserCounty":"Sligo","isPSL":true,"privatePSL":false,"vehicleImageId":"14194668","imagecount":1,"isTrade":false},{"advertId":"34213624004289380","vehicleMake":"Toyota","vehicleModel":"Yaris","vehicleDerivative":"1.0 LUNA","vehiclePriceEuro":2950,"vehicleYearOfManufacture":2002,"advertiserCounty":"Dublin","isPSL":true,"privatePSL":false,"vehicleImageId":"01ffa02e-01c4-42d4-946f-e26b7962ad0c","imagecount":5,"advertiserName":"Fairview Motors","isTrade":true},{"advertId":"201307212457188","vehicleMake":"Toyota","vehicleModel":"Yaris","vehicleDerivative":"1.0 GS 03DR","vehiclePriceEuro":2950,"vehicleYearOfManufacture":2002,"advertiserCounty":"Kildare","isPSL":true,"privatePSL":false,"vehicleImageId":"11647378","imagecount":3,"isTrade":false},{"advertId":"201249211299326","vehicleMake":"Toyota","vehicleModel":"Yaris","vehicleDerivative":"1.0 TERRA","vehiclePriceEuro":2500,"vehicleYearOfManufacture":2002,"advertiserCounty":"Mayo","isPSL":true,"privatePSL":false,"vehicleImageId":"13802046","imagecount":5,"isTrade":false},{"advertId":"31513596453903940","vehicleMake":"Toyota","vehicleModel":"Yaris","vehicleDerivative":"1.0 SPORT 3DR","vehiclePriceEuro":0,"vehicleYearOfManufacture":2002,"advertiserCounty":"Tipperary","isPSL":false,"privatePSL":false,"vehicleImageId":"b6d4f736-b618-4eb5-bfb2-edf1d33a5a7b","imagecount":6,"advertiserName":"Three Bridges Motors","isTrade":true},{"advertId":"34013613702150970","vehicleMake":"Toyota","vehicleModel":"Yaris","vehicleDerivative":"SCP10 1.0 5DR A","vehiclePriceEuro":3500,"vehicleYearOfManufacture":2001,"advertiserCounty":"Dublin","isPSL":false,"privatePSL":false,"vehicleImageId":"55967bec-c98d-4b34-88ef-451a5efb879a","imagecount":8,"advertiserName":"Clarehall Motor Centre","isTrade":true},{"advertId":"33413616641002190","vehicleMake":"Toyota","vehicleModel":"Yaris","vehicleDerivative":"1.0 / 5DR / LONG ROAD-TAX NOV-13 / NCT MAY-14 / LOW MILES / VERY CAREFUL LADY OWNER / AS NEW / \"\"MUST BE SEEN\"\" / www.N4CARS.ie","vehiclePriceEuro":3449,"vehicleYearOfManufacture":2001,"advertiserCounty":"Dublin","isPSL":false,"privatePSL":false,"vehicleImageId":"3345bf0c-313b-4630-a2b3-e3830c4dc28e","imagecount":11,"advertiserName":"N4 Car Sales","isTrade":true},{"advertId":"31113559222238300","vehicleMake":"Toyota","vehicleModel":"Yaris","vehicleDerivative":"1.0 TERRA","vehiclePriceEuro":3195,"vehicleYearOfManufacture":2001,"advertiserCounty":"Cork","isPSL":false,"privatePSL":false,"vehicleImageId":"09d017f6-aff3-44c7-a2e0-3e3268800e2a","imagecount":7,"advertiserName":"Cronin Autos","isTrade":true},{"advertId":"34313603261957570","vehicleMake":"Toyota","vehicleModel":"Yaris","vehicleDerivative":"1.0 SOL","vehiclePriceEuro":2950,"vehicleYearOfManufacture":2001,"advertiserCounty":"Dublin","isPSL":true,"privatePSL":false,"vehicleImageId":"3a38d1c1-ffe1-4349-91c6-ba2047162159","imagecount":9,"advertiserName":"Cars Online.ie","isTrade":true},{"advertId":"33413609381377780","vehicleMake":"Toyota","vehicleModel":"Yaris","vehicleDerivative":"1.0 TERRA 5DR / NEW NCT / ALLOYS / TAXED 05-13","vehiclePriceEuro":2950,"vehicleYearOfManufacture":2001,"advertiserCounty":"Dublin","isPSL":false,"privatePSL":false,"vehicleImageId":"f3975d8d-1215-448e-9a99-ea2cd571cd0b","imagecount":8,"advertiserName":"Webb Motors","isTrade":true},{"advertId":"201251211515903","vehicleMake":"Toyota","vehicleModel":"Yaris","vehicleDerivative":"1.0 TERRA","vehiclePriceEuro":2950,"vehicleYearOfManufacture":2001,"advertiserCounty":"Kildare","isPSL":true,"privatePSL":false,"vehicleImageId":"11289225","imagecount":3,"isTrade":false},{"advertId":"33213616636309900","vehicleMake":"Toyota","vehicleModel":"Yaris","vehicleDerivative":"1.0L / 5DR / NEW NCT JUN-14 / VERY CAREFUL LADY OWNER / AS NEW / \"\"MUST BE SEEN\"\" / www.N4CARS.ie","vehiclePriceEuro":2949,"vehicleYearOfManufacture":2001,"advertiserCounty":"Dublin","isPSL":false,"privatePSL":false,"vehicleImageId":"8a5a671c-f9b8-42e4-87db-bc0df65206ce","imagecount":11,"advertiserName":"N4 Car Sales","isTrade":true},{"advertId":"33913613717724050","vehicleMake":"Toyota","vehicleModel":"Yaris","vehicleDerivative":"1.0 TERRA 5DR","vehiclePriceEuro":2750,"vehicleYearOfManufacture":2001,"advertiserCounty":"Cork","isPSL":true,"privatePSL":false,"vehicleImageId":"ad604d21-ec0a-4243-94eb-2308548fd6b9","imagecount":7,"advertiserName":"Cork Auto Sales","isTrade":true},{"advertId":"32113543801447190","vehicleMake":"Toyota","vehicleModel":"Yaris","vehicleDerivative":"1.3 LUNA","vehiclePriceEuro":2550,"vehicleYearOfManufacture":2001,"advertiserCounty":"Cork","isPSL":false,"privatePSL":false,"vehicleImageId":"72cfdd52-5962-459b-b88a-616d6cd0b5fe","imagecount":2,"advertiserName":"O'Callaghan Toyota Kanturk","isTrade":true},{"advertId":"33413616396461810","vehicleMake":"Toyota","vehicleModel":"Yaris","vehicleDerivative":"1.0 TERRA *** NEW NCT 03/14 ***","vehiclePriceEuro":2350,"vehicleYearOfManufacture":2001,"advertiserCounty":"Dublin","isPSL":false,"privatePSL":false,"vehicleImageId":"da617af6-1306-43a4-b1a5-5dcb4c678a80","imagecount":7,"advertiserName":"Beechlawn Motors Ltd","isTrade":true},{"advertId":"201301211777116","vehicleMake":"Toyota","vehicleModel":"Yaris","vehicleDerivative":"1.0 TERRA","vehiclePriceEuro":2250,"vehicleYearOfManufacture":2001,"advertiserCounty":"Dublin","isPSL":true,"privatePSL":false,"vehicleImageId":"14241493","imagecount":6,"isTrade":false},{"advertId":"32913598104753030","vehicleMake":"Toyota","vehicleModel":"Yaris","vehicleDerivative":"1.0 TERRA / Immaculate Car / NCT 01-2014 / Road Tax 05-2013 / Serviced & Guaranteed.          www.N3autolink.ie","vehiclePriceEuro":2695,"vehicleYearOfManufacture":2000,"advertiserCounty":"Dublin","isPSL":true,"privatePSL":false,"vehicleImageId":"179afdac-da91-4ef4-8c97-8d609c989b11","imagecount":15,"advertiserName":"N3 Autolink","isTrade":true},{"advertId":"31713586120103690","vehicleMake":"Toyota","vehicleModel":"Yaris","vehicleDerivative":"NCT 10/13 ,TAX 4/13 ,FSH ,1.0 TERRA","vehiclePriceEuro":2645,"vehicleYearOfManufacture":2000,"advertiserCounty":"Dublin","isPSL":false,"privatePSL":false,"vehicleImageId":"ebd628b9-d2c7-4e08-bf11-e4c512959d40","imagecount":14,"advertiserName":"Alan Harte Motors","isTrade":true},{"advertId":"201249211259987","vehicleMake":"Toyota","vehicleModel":"Yaris","vehicleDerivative":"1.0 TERRA","vehiclePriceEuro":2500,"vehicleYearOfManufacture":2000,"advertiserCounty":"Meath","isPSL":true,"privatePSL":false,"vehicleImageId":"14185498","imagecount":5,"isTrade":false},{"advertId":"34313618821591880","vehicleMake":"Toyota","vehicleModel":"Yaris","vehicleDerivative":"Sol 1.0 5dr","vehiclePriceEuro":2450,"vehicleYearOfManufacture":2000,"advertiserCounty":"Dublin","isPSL":false,"privatePSL":false,"vehicleImageId":"644960fb-08ab-468a-a585-de0c7c3adf1e","imagecount":1,"advertiserName":"Carroll & Kinsella Motors (Blackrock)","isTrade":true},{"advertId":"34113621695774430","vehicleMake":"Toyota","vehicleModel":"Yaris","vehicleDerivative":"1.0 TERRA 5dr, NEW NCT 04/2014-tested March 1st.","vehiclePriceEuro":2450,"vehicleYearOfManufacture":2000,"advertiserCounty":"Dublin","isPSL":false,"privatePSL":false,"vehicleImageId":"86c24f49-efdb-4a4f-a003-60bd5b1dda53","imagecount":1,"advertiserName":"Barry Brocklebank","isTrade":true},{"advertId":"33213617191551850","vehicleMake":"Toyota","vehicleModel":"Yaris","vehicleDerivative":"1.0 TERRA 5 DOOR TAX+NCT","vehiclePriceEuro":2445,"vehicleYearOfManufacture":2000,"advertiserCounty":"Dublin","isPSL":false,"privatePSL":false,"vehicleImageId":"5f7bfae6-423d-4b0c-90e4-18e5458beb2a","imagecount":11,"advertiserName":"Manorfield Cars Ltd Trade Connection","isTrade":true},{"advertId":"201305212243322","vehicleMake":"Toyota","vehicleModel":"Yaris","vehicleDerivative":"1.0 LUNA","vehiclePriceEuro":2000,"vehicleYearOfManufacture":2000,"advertiserCounty":"Meath","isPSL":true,"privatePSL":false,"vehicleImageId":"14309386","imagecount":3,"isTrade":false},{"advertId":"201307212457058","vehicleMake":"Toyota","vehicleModel":"Yaris","vehicleDerivative":"1.0 GS 3DR","vehiclePriceEuro":1950,"vehicleYearOfManufacture":2000,"advertiserCounty":"Dublin","isPSL":true,"privatePSL":false,"vehicleImageId":"14344444","imagecount":8,"isTrade":false},{"advertId":"33413616333766110","vehicleMake":"Toyota","vehicleModel":"Yaris","vehicleDerivative":"AUTO 1.0 Litre low miles nct and tax 07/13","vehiclePriceEuro":2495,"vehicleYearOfManufacture":1999,"advertiserCounty":"Dublin","isPSL":false,"privatePSL":false,"vehicleImageId":"cde64cb6-d3d2-4e59-863e-2db010b886c7","imagecount":11,"advertiserName":"King Motors","isTrade":true},{"advertId":"34313618190563070","vehicleMake":"Toyota","vehicleModel":"Yaris","vehicleDerivative":"1.0 TERRA (NCT 10-2013)","vehiclePriceEuro":1995,"vehicleYearOfManufacture":1999,"advertiserCounty":"Dublin","isPSL":true,"privatePSL":false,"vehicleImageId":"aa760a10-a4ce-42eb-a985-5aa4cc9e70ff","imagecount":6,"advertiserName":"Green Isle Autos Ltd.","isTrade":true},{"advertId":"201302211870637","vehicleMake":"Toyota","vehicleModel":"Yaris","vehicleDerivative":"1.0 TERRA","vehiclePriceEuro":1500,"vehicleYearOfManufacture":1999,"advertiserCounty":"Cork","isPSL":true,"privatePSL":false,"vehicleImageId":"14255092","imagecount":5,"isTrade":false},{"advertId":"31513578347706970","vehicleMake":"Toyota","vehicleModel":"Yaris Verso","vehicleDerivative":"ORDER YOUR 2013 YARIS VERSO NOW AND GET 3YRS SERVICING FOR A LIMITED TIME ONLY! CALL PETER 086 3945442 €18449","vehiclePriceEuro":18449,"vehicleYearOfManufacture":2013,"advertiserCounty":"Dublin","isPSL":true,"privatePSL":false,"vehicleImageId":"6dd7c836-0be1-425c-826f-c63eba08b92e","imagecount":8,"advertiserName":"Carroll & Kinsella Motors (Walkinstown)","isTrade":true},{"advertId":"31813515501451890","vehicleMake":"Toyota","vehicleModel":"Yaris Verso","vehicleDerivative":"1.3L Automatic, Japanese Vitz  Funcargo,NCT NOV/2014","vehiclePriceEuro":4990,"vehicleYearOfManufacture":2004,"advertiserCounty":"Dublin","isPSL":false,"privatePSL":false,"vehicleImageId":"ffafdd93-59f7-4dca-8668-f5d40b61c34e","imagecount":17,"advertiserName":"Fine Motors","isTrade":true},{"advertId":"29413492689513270","vehicleMake":"Toyota","vehicleDerivative":"Hiace","vehiclePriceEuro":5500,"vehicleYearOfManufacture":2007,"advertiserCounty":"Tipperary","isPSL":false,"privatePSL":false,"vehicleImageId":"c9871cb6-e375-42c4-a4ec-fe18d3af73d9","imagecount":10,"advertiserName":"Premier Autos","isTrade":true},{"advertId":"6613385647141980","vehicleMake":"Toyota","vehicleDerivative":"**SOLD**S.W.B","vehiclePriceEuro":0,"vehicleYearOfManufacture":2006,"advertiserCounty":"Clare","isPSL":false,"privatePSL":false,"vehicleImageId":"44e1268e-1af5-46cc-84a0-90c309809cd2","imagecount":6,"advertiserName":"Hogan Motors Ennis","isTrade":true},{"advertId":"30913522136139700","vehicleMake":"Toyota","vehicleDerivative":"D4D LWB Extra 4Dr","vehiclePriceEuro":4500,"vehicleYearOfManufacture":2005,"advertiserCounty":"Meath","isPSL":false,"privatePSL":false,"vehicleImageId":"bf4aa55e-de3d-4c2c-a38c-e7c4dad5e620","imagecount":4,"advertiserName":"Autopoint Trim","isTrade":true},{"advertId":"31513561834787050","vehicleMake":"Toyota","vehicleDerivative":"2.4 D4D","vehiclePriceEuro":4950,"vehicleYearOfManufacture":2004,"advertiserCounty":"Tipperary","isPSL":false,"privatePSL":false,"vehicleImageId":"dc4ba4de-f5b9-4530-ac6c-0c53cf882ef9","imagecount":9,"advertiserName":"Jim Carey Car Sales","isTrade":true},{"advertId":"31513555838952130","vehicleMake":"Toyota","vehicleDerivative":"WHEELCHAIR ACCESSIBLE","vehiclePriceEuro":0,"vehicleYearOfManufacture":2003,"advertiserCounty":"Donegal","isPSL":false,"privatePSL":false,"vehicleImageId":"66243431-edca-4e33-9222-7bb44e8aa197","imagecount":6,"advertiserName":"Kelly's Sales & Service","isTrade":true},{"advertId":"201306212341168","vehicleMake":"Triumph","vehicleModel":"Other","vehiclePriceEuro":2890,"vehicleYearOfManufacture":1952,"advertiserCounty":"Dublin","isPSL":true,"privatePSL":false,"vehicleImageId":"13980113","imagecount":4,"isTrade":false},{"advertId":"201304212137473","vehicleMake":"TVR","vehicleModel":"2500m","vehicleDerivative":"2500M","vehiclePriceEuro":16000,"vehicleYearOfManufacture":1973,"advertiserCounty":"Clare","isPSL":true,"privatePSL":false,"vehicleImageId":"11624297","imagecount":7,"isTrade":false},{"advertId":"201303211959896","vehicleMake":"TVR","vehicleModel":"Tuscan","vehicleDerivative":"SPORT 4.0 02DR","vehiclePriceEuro":22500,"vehicleYearOfManufacture":2003,"advertiserCounty":"Kilkenny","isPSL":true,"privatePSL":false,"vehicleImageId":"14264862","imagecount":8,"isTrade":false},{"advertId":"31913584355266340","vehicleMake":"Vauxhall","vehicleModel":"Astra","vehicleDerivative":"1.3CDTI Special = Half Leather","vehiclePriceEuro":10900,"vehicleYearOfManufacture":2011,"advertiserCounty":"Kildare","isPSL":true,"privatePSL":false,"imagecount":0,"advertiserName":"Byrne Car Sales Ltd.","isTrade":true},{"advertId":"34213611976579740","vehicleMake":"Vauxhall","vehicleModel":"Astra","vehicleDerivative":"1.7 cdti diesel estate","vehiclePriceEuro":13900,"vehicleYearOfManufacture":2010,"advertiserCounty":"Mayo","isPSL":false,"privatePSL":false,"vehicleImageId":"5c42fcd3-c850-46e1-b20b-532cf48bdfeb","imagecount":11,"advertiserName":"Cosgraves Garage Ltd","isTrade":true},{"advertId":"31513521990833810","vehicleMake":"Vauxhall","vehicleModel":"Astra","vehicleDerivative":"1.7CDTI 16V 110 ECOFLEX LIFE","vehiclePriceEuro":10900,"vehicleYearOfManufacture":2010,"advertiserCounty":"Kildare","isPSL":true,"privatePSL":false,"vehicleImageId":"2cd87ad9-3b82-4cb5-8d8b-e5b02524d096","imagecount":20,"advertiserName":"Byrne Car Sales Ltd.","isTrade":true},{"advertId":"34113602455807280","vehicleMake":"Vauxhall","vehicleModel":"Astra","vehicleDerivative":"1.7 DESIGN CDTi","vehiclePriceEuro":9995,"vehicleYearOfManufacture":2010,"advertiserCounty":"Tipperary","isPSL":false,"privatePSL":false,"vehicleImageId":"62176cf8-54c3-4c77-bc92-32b5879af23d","imagecount":7,"advertiserName":"Niall McCarthy Cars","isTrade":true},{"advertId":"201245210926742","vehicleMake":"Vauxhall","vehicleModel":"Astra","vehicleDerivative":"1.8 SRI","vehiclePriceEuro":8950,"vehicleYearOfManufacture":2010,"advertiserCounty":"Cavan","isPSL":true,"privatePSL":false,"vehicleImageId":"12056674","imagecount":1,"isTrade":false},{"advertId":"201244210760756","vehicleMake":"Vauxhall","vehicleModel":"Astra","vehiclePriceEuro":6900,"vehicleYearOfManufacture":2010,"advertiserCounty":"Kilkenny","isPSL":true,"privatePSL":false,"vehicleImageId":"14091017","imagecount":6,"isTrade":false},{"advertId":"33913624016829880","vehicleMake":"Vauxhall","vehicleModel":"Astra","vehicleDerivative":"CLUB ECOFLEX CDTI","vehiclePriceEuro":13950,"vehicleYearOfManufacture":2009,"advertiserCounty":"Westmeath","isPSL":false,"privatePSL":false,"vehicleImageId":"e5267b08-9a81-428e-b8b3-251a71f200c8","imagecount":17,"advertiserName":"Keenan Bauer Motors","isTrade":true},{"advertId":"31513535893433730","vehicleMake":"Vauxhall","vehicleModel":"Astra","vehicleDerivative":"1.7 CDTi ECOFLEX","vehiclePriceEuro":13900,"vehicleYearOfManufacture":2009,"advertiserCounty":"Mayo","isPSL":false,"privatePSL":false,"vehicleImageId":"50424641-4e67-4657-88b8-684fb809f144","imagecount":8,"advertiserName":"Cosgraves Garage Ltd","isTrade":true},{"advertId":"31113590684942820","vehicleMake":"Vauxhall","vehicleModel":"Astra","vehicleDerivative":"LIFE 1.3 CDTi","vehiclePriceEuro":11950,"vehicleYearOfManufacture":2009,"advertiserCounty":"Kilkenny","isPSL":false,"privatePSL":false,"vehicleImageId":"ff1836f7-6ba9-44e7-ac44-08e8bddfd013","imagecount":6,"advertiserName":"Young Motors","isTrade":true},{"advertId":"34113606887509490","vehicleMake":"Vauxhall","vehicleModel":"Astra","vehicleDerivative":"1.3 TD","vehiclePriceEuro":9950,"vehicleYearOfManufacture":2009,"advertiserCounty":"Wexford","isPSL":false,"privatePSL":false,"vehicleImageId":"df78f87c-fa34-4de9-a480-2cc120636713","imagecount":7,"advertiserName":"Slaney View Motors Ltd","isTrade":true},{"advertId":"33413610164279790","vehicleMake":"Vauxhall","vehicleModel":"Astra","vehicleDerivative":"hatch back","vehiclePriceEuro":0,"vehicleYearOfManufacture":2009,"advertiserCounty":"Tipperary","isPSL":false,"privatePSL":false,"imagecount":0,"advertiserName":"Three Bridges Motors","isTrade":true},{"advertId":"31913515966423080","vehicleMake":"Vauxhall","vehicleModel":"Astra","vehicleDerivative":"1.3 CDTI CLUB ","vehiclePriceEuro":10900,"vehicleYearOfManufacture":2008,"advertiserCounty":"Mayo","isPSL":false,"privatePSL":false,"vehicleImageId":"0428b7ec-1fc4-46f8-8f44-8175d1cc0d68","imagecount":10,"advertiserName":"Cosgraves Garage Ltd","isTrade":true},{"advertId":"33213618095648660","vehicleMake":"Vauxhall","vehicleModel":"Astra","vehicleDerivative":"1.3 cdti life 5dr","vehiclePriceEuro":9975,"vehicleYearOfManufacture":2008,"advertiserCounty":"Carlow","isPSL":true,"privatePSL":false,"vehicleImageId":"cd4c7589-8da7-4bd2-8849-cb4e0412b307","imagecount":13,"advertiserName":"Bolands Carlow Skoda,Volvo & Mazda","isTrade":true},{"advertId":"32913608598844670","vehicleMake":"Vauxhall","vehicleModel":"Astra","vehicleDerivative":"Club 1.7cdti DIESEL *MICHAEL DAFFY CAR SALES*","vehiclePriceEuro":9500,"vehicleYearOfManufacture":2008,"advertiserCounty":"Limerick","isPSL":false,"privatePSL":false,"vehicleImageId":"20a4677b-e077-40d1-abc3-f12060622fe2","imagecount":9,"advertiserName":"Michael Daffy Quality Car Sales","isTrade":true},{"advertId":"34213614599673560","vehicleMake":"Vauxhall","vehicleModel":"Astra","vehicleDerivative":"LIFE","vehiclePriceEuro":9500,"vehicleYearOfManufacture":2008,"advertiserCounty":"Dublin","isPSL":false,"privatePSL":false,"vehicleImageId":"c4bc0da2-6dc7-480b-b6fd-ab27930bd885","imagecount":14,"advertiserName":"Lusk Motor Group","isTrade":true},{"advertId":"32913613615633790","vehicleMake":"Vauxhall","vehicleModel":"Astra","vehicleDerivative":"SXI","vehiclePriceEuro":9500,"vehicleYearOfManufacture":2008,"advertiserCounty":"Clare","isPSL":false,"privatePSL":false,"vehicleImageId":"6e049641-c4ce-4400-9413-238a3925140a","imagecount":9,"advertiserName":"Western Garages","isTrade":true},{"advertId":"33213606720124270","vehicleMake":"Vauxhall","vehicleModel":"Astra","vehicleDerivative":"1.7 SXI CDTI 100 3DR","vehiclePriceEuro":9000,"vehicleYearOfManufacture":2008,"advertiserCounty":"Donegal","isPSL":false,"privatePSL":false,"vehicleImageId":"fd5682cf-8803-4c07-b899-d9684f9d59cf","imagecount":8,"advertiserName":"Kelly's Sales & Service","isTrade":true},{"advertId":"31413551549419680","vehicleMake":"Vauxhall","vehicleModel":"Astra","vehicleDerivative":"1.7 CLUB CDTI 100BHP","vehiclePriceEuro":8950,"vehicleYearOfManufacture":2008,"advertiserCounty":"Donegal","isPSL":false,"privatePSL":false,"vehicleImageId":"8339fa89-c68d-47de-bc45-3e0e00314e6e","imagecount":8,"advertiserName":"Herron Auto","isTrade":true},{"advertId":"33413619687755390","vehicleMake":"Vauxhall","vehicleModel":"Astra","vehicleDerivative":"CLUB CDTI 5DR","vehiclePriceEuro":8950,"vehicleYearOfManufacture":2008,"advertiserCounty":"Dublin","isPSL":true,"privatePSL":false,"vehicleImageId":"c90aed27-a5a5-4b9b-8af2-1248a23eb459","imagecount":12,"advertiserName":"Hi line Motors","isTrade":true},{"advertId":"32113546397708620","vehicleMake":"Vauxhall","vehicleModel":"Astra","vehicleDerivative":"1.7CC CDTI COMFORT","vehiclePriceEuro":8500,"vehicleYearOfManufacture":2008,"advertiserCounty":"Meath","isPSL":false,"privatePSL":false,"vehicleImageId":"5b63e81e-c7aa-4597-bfa7-56e408dd8fc2","imagecount":9,"advertiserName":"M3 Car Sales Ltd","isTrade":true},{"advertId":"201308212577863","vehicleMake":"Vauxhall","vehicleModel":"Astra","vehicleDerivative":"1.3 CDTI","vehiclePriceEuro":7950,"vehicleYearOfManufacture":2008,"advertiserCounty":"Donegal","isPSL":true,"privatePSL":false,"vehicleImageId":"14021946","imagecount":9,"isTrade":false},{"advertId":"201303211960127","vehicleMake":"Vauxhall","vehicleModel":"Astra","vehicleDerivative":"SXI 03DR","vehiclePriceEuro":7900,"vehicleYearOfManufacture":2008,"advertiserCounty":"Monaghan","isPSL":true,"privatePSL":false,"vehicleImageId":"13903787","imagecount":4,"isTrade":false},{"advertId":"201303212004507","vehicleMake":"Vauxhall","vehicleModel":"Astra","vehicleDerivative":"1.4 LIFE 5DR","vehiclePriceEuro":7900,"vehicleYearOfManufacture":2008,"advertiserCounty":"Donegal","isPSL":true,"privatePSL":false,"vehicleImageId":"14272466","imagecount":6,"isTrade":false},{"advertId":"201242210555078","vehicleMake":"Vauxhall","vehicleModel":"Astra","vehicleDerivative":"SXI 03DR","vehiclePriceEuro":7500,"vehicleYearOfManufacture":2008,"advertiserCounty":"Dublin","isPSL":true,"privatePSL":false,"vehicleImageId":"14057465","imagecount":1,"isTrade":false},{"advertId":"31113576475529650","vehicleMake":"Vauxhall","vehicleModel":"Astra","vehicleDerivative":"LIFE CDTI 5DR","vehiclePriceEuro":0,"vehicleYearOfManufacture":2008,"advertiserCounty":"Donegal","isPSL":false,"privatePSL":false,"vehicleImageId":"00313c6a-e927-41ce-8735-f0577e86e6ba","imagecount":5,"advertiserName":"Browne's Cars Group","isTrade":true},{"advertId":"201250211384449","vehicleMake":"Vauxhall","vehicleModel":"Astra","vehiclePriceEuro":7800,"vehicleYearOfManufacture":2007,"advertiserCounty":"Donegal","isPSL":true,"privatePSL":false,"vehicleImageId":"14203213","imagecount":2,"isTrade":false},{"advertId":"34013616140503630","vehicleMake":"Vauxhall","vehicleModel":"Astra","vehicleDerivative":"1. DIESEL 5DR HATCHBACK BRAND NEW NCT 02/15 FULL SERVICE HISTORY P/S C/D C/L E/W E/M ABS MULTIPLE AIRBAGS 2 KEYS SUPERB CONDITION ","vehiclePriceEuro":6950,"vehicleYearOfManufacture":2007,"advertiserCounty":"Dublin","isPSL":false,"privatePSL":false,"vehicleImageId":"cc74e48f-159b-4bb6-9ecb-2c6dcbd582cb","imagecount":8,"advertiserName":"Declan Gill Motors","isTrade":true},{"advertId":"201248211219337","vehicleMake":"Vauxhall","vehicleModel":"Astra","vehicleDerivative":"SXI 16V 3DR","vehiclePriceEuro":6700,"vehicleYearOfManufacture":2007,"advertiserCounty":"Wexford","isPSL":true,"privatePSL":false,"vehicleImageId":"14178272","imagecount":7,"isTrade":false},{"advertId":"201302211870713","vehicleMake":"Vauxhall","vehicleModel":"Astra","vehicleDerivative":"SXI 03DR","vehiclePriceEuro":6495,"vehicleYearOfManufacture":2007,"advertiserCounty":"Mayo","isPSL":true,"privatePSL":false,"vehicleImageId":"14255310","imagecount":4,"isTrade":false},{"advertId":"201244210802101","vehicleMake":"Vauxhall","vehicleModel":"Astra","vehicleDerivative":"CDTI Club","vehiclePriceEuro":4500,"vehicleYearOfManufacture":2007,"advertiserCounty":"Dublin","isPSL":true,"privatePSL":false,"vehicleImageId":"14097131","imagecount":9,"isTrade":false},{"advertId":"201248211199380","vehicleMake":"Vauxhall","vehicleModel":"Astra","vehiclePriceEuro":6850,"vehicleYearOfManufacture":2006,"advertiserCounty":"Dublin","isPSL":true,"privatePSL":false,"vehicleImageId":"14175398","imagecount":9,"isTrade":false},{"advertId":"201306212341194","vehicleMake":"Vauxhall","vehicleModel":"Astra","vehicleDerivative":"1.8 SRI 03DR","vehiclePriceEuro":6800,"vehicleYearOfManufacture":2006,"advertiserCounty":"Kerry","isPSL":true,"privatePSL":false,"vehicleImageId":"13984162","imagecount":8,"isTrade":false},{"advertId":"201305212227674","vehicleMake":"Vauxhall","vehicleModel":"Astra","vehicleDerivative":"SXI 05DR","vehiclePriceEuro":6500,"vehicleYearOfManufacture":2006,"advertiserCounty":"Dublin","isPSL":true,"privatePSL":false,"vehicleImageId":"14305643","imagecount":9,"isTrade":false},{"advertId":"31913533284424110","vehicleMake":"Vauxhall","vehicleModel":"Astra","vehicleDerivative":"1.3 diesel","vehiclePriceEuro":6450,"vehicleYearOfManufacture":2006,"advertiserCounty":"Westmeath","isPSL":false,"privatePSL":false,"vehicleImageId":"37a5554a-e90e-415d-baca-3055c34d96ed","imagecount":8,"advertiserName":"Finian Treacy Motors","isTrade":true},{"advertId":"201250211384007","vehicleMake":"Vauxhall","vehicleModel":"Astra","vehicleDerivative":"1.7 CDTI 100 SRI 5DR","vehiclePriceEuro":5950,"vehicleYearOfManufacture":2006,"advertiserCounty":"Mayo","isPSL":true,"privatePSL":false,"vehicleImageId":"13818319","imagecount":8,"isTrade":false},{"advertId":"201305212227621","vehicleMake":"Vauxhall","vehicleModel":"Astra","vehicleDerivative":"1.6 ACTIVE 5DR","vehiclePriceEuro":5600,"vehicleYearOfManufacture":2006,"advertiserCounty":"Dublin","isPSL":true,"privatePSL":false,"vehicleImageId":"14305569","imagecount":5,"isTrade":false}],"totalAdvertCount":45174}