{"adverts":[{"advertId":"32713581967146090","vehicleMake":"Hyundai","vehicleModel":"Sonata","vehicleDerivative":"2.0 GLS Automatic","vehiclePriceEuro":3450,"vehicleYearOfManufacture":2004,"advertiserCounty":"Westmeath","isPSL":false,"privatePSL":false,"vehicleImageId":"6d4d7c25-30df-49d1-87f2-237b36d26be5","imagecount":15,"advertiserName":"Lakeland Carriage Company","isTrade":true},{"advertId":"6113345690795150","vehicleMake":"Hyundai","vehicleModel":"Sonata","vehicleDerivative":"2.0 GLS","vehiclePriceEuro":2950,"vehicleYearOfManufacture":2004,"advertiserCounty":"Cork","isPSL":false,"privatePSL":false,"imagecount":0,"advertiserName":"Nyhan Motors","isTrade":true},{"advertId":"5613316331240840","vehicleMake":"Hyundai","vehicleModel":"Sonata","vehicleDerivative":"2.0 GLS","vehiclePriceEuro":2500,"vehicleYearOfManufacture":2004,"advertiserCounty":"Cork","isPSL":false,"privatePSL":false,"vehicleImageId":"ba2a983b-3c8c-4608-984e-5f0e6decf048","imagecount":16,"advertiserName":"Nyhan Motors","isTrade":true},{"advertId":"31113483206071710","vehicleMake":"Hyundai","vehicleModel":"Sonata","vehicleDerivative":"2.0 GLS","vehiclePriceEuro":2850,"vehicleYearOfManufacture":2003,"advertiserCounty":"Kildare","isPSL":false,"privatePSL":false,"vehicleImageId":"7cb9ab1a-43b9-4d51-92af-0ddda023b001","imagecount":11,"advertiserName":"N.Conlan & Sons Peugeot","isTrade":true},{"advertId":"32013542918026770","vehicleMake":"Hyundai","vehicleModel":"Sonata","vehicleDerivative":"LTHR/CLIMATE NCT 02/14","vehiclePriceEuro":2399,"vehicleYearOfManufacture":2003,"advertiserCounty":"Dublin","isPSL":false,"privatePSL":false,"vehicleImageId":"61c0a63f-2535-4cab-9bd4-419ec0f77c8d","imagecount":8,"advertiserName":"GK Motors","isTrade":true},{"advertId":"201304212137499","vehicleMake":"Hyundai","vehicleModel":"Sonata","vehicleDerivative":"2.0 GLS","vehiclePriceEuro":2250,"vehicleYearOfManufacture":2003,"advertiserCounty":"Dublin","isPSL":true,"privatePSL":false,"imagecount":0,"isTrade":false},{"advertId":"31413569542178510","vehicleMake":"Hyundai","vehicleModel":"Sonata","vehicleDerivative":"2.0 GLS","vehiclePriceEuro":1950,"vehicleYearOfManufacture":2003,"advertiserCounty":"Cork","isPSL":false,"privatePSL":false,"vehicleImageId":"76ff8630-cba2-4d9d-a539-8e1d7b0f29e5","imagecount":12,"advertiserName":"Airport Road Car Sales","isTrade":true},{"advertId":"34413618770706940","vehicleMake":"Hyundai","vehicleModel":"Sonata","vehicleDerivative":"2.0 GLS","vehiclePriceEuro":1650,"vehicleYearOfManufacture":2003,"advertiserCounty":"Clare","isPSL":false,"privatePSL":false,"vehicleImageId":"955a6af2-5966-4c99-8fb0-9ddc5e3e6bb2","imagecount":7,"advertiserName":"John Gleeson Autos","isTrade":true},{"advertId":"14913402790052860","vehicleMake":"Hyundai","vehicleModel":"Sonata","vehicleDerivative":"2.0 GLS","vehiclePriceEuro":1950,"vehicleYearOfManufacture":2002,"advertiserCounty":"Cork","isPSL":false,"privatePSL":false,"vehicleImageId":"3b3ae0d4-1786-4e3e-9541-0745b129ed0b","imagecount":9,"advertiserName":"Dan Seaman Motors (Hyundai & Mitsubishi)","isTrade":true},{"advertId":"34113612789370500","vehicleMake":"Hyundai","vehicleModel":"Sonata","vehicleDerivative":"2.0 GLS nct 08/13, great driver","vehiclePriceEuro":1150,"vehicleYearOfManufacture":2002,"advertiserCounty":"Kildare","isPSL":false,"privatePSL":false,"vehicleImageId":"ebb0da4e-c6a3-4893-932b-a935dd741314","imagecount":10,"advertiserName":"Sean Boland Car Sales (Clane)","isTrade":true},{"advertId":"813261883159840","vehicleMake":"Hyundai","vehicleModel":"Sonata","vehicleDerivative":"GLS Leather S/Roof","vehiclePriceEuro":1700,"vehicleYearOfManufacture":2001,"advertiserCounty":"Cork","isPSL":false,"privatePSL":false,"vehicleImageId":"50dd482a-309a-4c47-91da-b4b1282517c6","imagecount":9,"advertiserName":"Nyhan Motors","isTrade":true},{"advertId":"29913467669474310","vehicleMake":"Hyundai","vehicleModel":"Sonata","vehicleDerivative":"2.0 GLS","vehiclePriceEuro":1100,"vehicleYearOfManufacture":2001,"advertiserCounty":"Meath","isPSL":false,"privatePSL":false,"vehicleImageId":"650a35b2-c115-49da-89d1-49f69810ff47","imagecount":5,"advertiserName":"Autopoint Trim","isTrade":true},{"advertId":"201250211405724","vehicleMake":"Hyundai","vehicleModel":"Terracan","vehicleDerivative":"2.9 Diesel Passenger *Must See*","vehiclePriceEuro":7950,"vehicleYearOfManufacture":2005,"advertiserCounty":"Clare","isPSL":true,"privatePSL":false,"vehicleImageId":"14204653","imagecount":1,"isTrade":false},{"advertId":"201250211399690","vehicleMake":"Hyundai","vehicleModel":"Terracan","vehicleDerivative":"2.9 Diesel Passenger *Must See*","vehiclePriceEuro":7950,"vehicleYearOfManufacture":2005,"advertiserCounty":"Clare","isPSL":true,"privatePSL":false,"vehicleImageId":"14204653","imagecount":1,"isTrade":false},{"advertId":"31513585164323090","vehicleMake":"Hyundai","vehicleModel":"Terracan","vehicleDerivative":"3.0","vehiclePriceEuro":3950,"vehicleYearOfManufacture":2003,"advertiserCounty":"Dublin","isPSL":false,"privatePSL":false,"vehicleImageId":"1dcc9e5f-a25a-4300-aa22-71037639e2b9","imagecount":2,"advertiserName":"Blanchardstown 4x4","isTrade":true},{"advertId":"201309212649768","vehicleMake":"Hyundai","vehicleModel":"Trajet","vehicleDerivative":"LEATHER CHASSIS CAB","vehiclePriceEuro":15000,"vehicleYearOfManufacture":2007,"advertiserCounty":"Meath","isPSL":true,"privatePSL":false,"vehicleImageId":"11936404","imagecount":3,"isTrade":false},{"advertId":"201245210901397","vehicleMake":"Hyundai","vehicleModel":"Trajet","vehiclePriceEuro":12950,"vehicleYearOfManufacture":2007,"advertiserCounty":"Kildare","isPSL":true,"privatePSL":false,"vehicleImageId":"14115565","imagecount":7,"isTrade":false},{"advertId":"201301211777016","vehicleMake":"Hyundai","vehicleModel":"Trajet","vehicleDerivative":"LEATHER 7 SEATS CLIMATE CONTROL","vehiclePriceEuro":10000,"vehicleYearOfManufacture":2007,"advertiserCounty":"Louth","isPSL":true,"privatePSL":false,"vehicleImageId":"11348896","imagecount":3,"isTrade":false},{"advertId":"31413591278915310","vehicleMake":"Hyundai","vehicleModel":"Trajet","vehicleDerivative":"LEATHER CHASSIS CAB 5DR CLIMATE CONTROL","vehiclePriceEuro":9995,"vehicleYearOfManufacture":2007,"advertiserCounty":"Dublin","isPSL":false,"privatePSL":false,"vehicleImageId":"be63848d-0082-4ffb-ac51-91786da6bf94","imagecount":8,"advertiserName":"Select Cars","isTrade":true},{"advertId":"32913614696072140","vehicleMake":"Hyundai","vehicleModel":"Trajet","vehicleDerivative":"DELUX LEATHER  5DR CLIMATE CONTROL","vehiclePriceEuro":9950,"vehicleYearOfManufacture":2007,"advertiserCounty":"Cork","isPSL":false,"privatePSL":false,"vehicleImageId":"fcb9e760-9217-4aa0-afd2-2c4dda4073be","imagecount":20,"advertiserName":"Dan Seaman Motors (Hyundai & Mitsubishi)","isTrade":true},{"advertId":"31813592017794760","vehicleMake":"Hyundai","vehicleModel":"Trajet","vehicleDerivative":" DIESEL 7-SEATER leather interior / 1-Owner / FINANCE AVAILABLE ,ONE OWNER FROM NEW","vehiclePriceEuro":9950,"vehicleYearOfManufacture":2007,"advertiserCounty":"Dublin","isPSL":false,"privatePSL":false,"vehicleImageId":"4b58e1fc-73c5-469a-a45b-3102c6243a22","imagecount":17,"advertiserName":"Carroll and Roche Ltd","isTrade":true},{"advertId":"34313624016220610","vehicleMake":"Hyundai","vehicleModel":"Trajet","vehicleDerivative":"2.0 Diesel 7 Seater LEATHER SEATS","vehiclePriceEuro":9450,"vehicleYearOfManufacture":2007,"advertiserCounty":"Waterford","isPSL":false,"privatePSL":false,"imagecount":0,"advertiserName":"T Farrell & Sons","isTrade":true},{"advertId":"201243210628011","vehicleMake":"Hyundai","vehicleModel":"Trajet","vehicleDerivative":"GLS 2.0 5DR LEATHER CLIMATE CONTROL 05DR","vehiclePriceEuro":9000,"vehicleYearOfManufacture":2007,"advertiserCounty":"Dublin","isPSL":true,"privatePSL":false,"vehicleImageId":"14070084","imagecount":8,"isTrade":false},{"advertId":"34313621398156440","vehicleMake":"Hyundai","vehicleModel":"Trajet","vehicleDerivative":"LEATHER","vehiclePriceEuro":8950,"vehicleYearOfManufacture":2007,"advertiserCounty":"Mayo","isPSL":false,"privatePSL":false,"vehicleImageId":"2df20abf-fd57-46a8-9a10-20df70ddb889","imagecount":13,"advertiserName":"J.J. Burke Car Sales Ltd","isTrade":true},{"advertId":"33913612737186650","vehicleMake":"Hyundai","vehicleModel":"Trajet","vehicleDerivative":"LEATHER, NEW NCT V.CLEAN CAR","vehiclePriceEuro":6999,"vehicleYearOfManufacture":2007,"advertiserCounty":"Dublin","isPSL":false,"privatePSL":false,"vehicleImageId":"94c0f5e0-d60c-4c87-befc-604fe64d8057","imagecount":9,"advertiserName":"Dunne Motor Services","isTrade":true},{"advertId":"34213599711683550","vehicleMake":"Hyundai","vehicleModel":"Trajet","vehicleDerivative":"LEATHER CHASSIS CAB 5DR CLIMATE CONTROL","vehiclePriceEuro":0,"vehicleYearOfManufacture":2007,"advertiserCounty":"Louth","isPSL":false,"privatePSL":false,"vehicleImageId":"79e36213-4568-4ff1-90cf-d129b4c6013c","imagecount":7,"advertiserName":"Drogheda Car Sales Ltd","isTrade":true},{"advertId":"31913598143881840","vehicleMake":"Hyundai","vehicleModel":"Trajet","vehicleDerivative":"LEATHER CHASSIS CAB 5DR CLIMATE CONTROL","vehiclePriceEuro":0,"vehicleYearOfManufacture":2007,"advertiserCounty":"Monaghan","isPSL":false,"privatePSL":false,"vehicleImageId":"17ed96c9-9892-4b3a-a4da-059003a5de5b","imagecount":7,"advertiserName":"Doran Motors Ltd","isTrade":true},{"advertId":"34013609206646230","vehicleMake":"Hyundai","vehicleModel":"Trajet","vehicleDerivative":"DSL AIRCON 5DR 51 *MICHAEL DAFFY CAR SALES*","vehiclePriceEuro":8250,"vehicleYearOfManufacture":2006,"advertiserCounty":"Limerick","isPSL":false,"privatePSL":false,"vehicleImageId":"ff406e09-4d31-43ab-a1a3-9647af43e871","imagecount":9,"advertiserName":"Michael Daffy Quality Car Sales","isTrade":true},{"advertId":"201245210865693","vehicleMake":"Hyundai","vehicleModel":"Trajet","vehicleDerivative":"LEATHER CLIMATE CONTROL","vehiclePriceEuro":7300,"vehicleYearOfManufacture":2006,"advertiserCounty":"Sligo","isPSL":true,"privatePSL":false,"vehicleImageId":"12752241","imagecount":9,"isTrade":false},{"advertId":"32013560891726500","vehicleMake":"Hyundai","vehicleModel":"Trajet","vehicleDerivative":"GLS 1.9. 5DR LEATHER 7 SEATER","vehiclePriceEuro":6500,"vehicleYearOfManufacture":2006,"advertiserCounty":"Dublin","isPSL":false,"privatePSL":false,"vehicleImageId":"85795d0c-2669-4776-a612-4ccf81c9ebf0","imagecount":9,"advertiserName":"N 4 Autopoint","isTrade":true},{"advertId":"34213605937326240","vehicleMake":"Hyundai","vehicleModel":"Trajet","vehicleDerivative":" SOLD!!!","vehiclePriceEuro":6450,"vehicleYearOfManufacture":2006,"advertiserCounty":"Clare","isPSL":false,"privatePSL":false,"vehicleImageId":"e4c14cf9-1143-4fbd-8eef-3c5ed348e6f3","imagecount":12,"advertiserName":"Liam Cleary Car Sales","isTrade":true},{"advertId":"34113599305129300","vehicleMake":"Hyundai","vehicleModel":"Trajet","vehicleDerivative":"LEATHER CLIMATE CONTROL 7 SEATER","vehiclePriceEuro":5995,"vehicleYearOfManufacture":2006,"advertiserCounty":"Galway","isPSL":false,"privatePSL":false,"vehicleImageId":"872ec033-31aa-4190-9c84-db3ffa746b94","imagecount":10,"advertiserName":"Ken Horan Motors","isTrade":true},{"advertId":"34013609292200890","vehicleMake":"Hyundai","vehicleModel":"Trajet","vehicleDerivative":"GLS 2.0 5DR LEATHER CLIMATE. CONTROL","vehiclePriceEuro":5950,"vehicleYearOfManufacture":2006,"advertiserCounty":"Dublin","isPSL":true,"privatePSL":false,"vehicleImageId":"adf1319d-52b6-4634-b58e-4eb4ce7a737c","imagecount":11,"advertiserName":"Cars Online.ie","isTrade":true},{"advertId":"31713542288880910","vehicleMake":"Hyundai","vehicleModel":"Trajet","vehicleDerivative":"AIR CONDITIONING 5DR","vehiclePriceEuro":4500,"vehicleYearOfManufacture":2006,"advertiserCounty":"Sligo","isPSL":false,"privatePSL":false,"vehicleImageId":"9c0f27f3-cceb-4a7b-989c-b5a92fcc9b21","imagecount":9,"advertiserName":"Currid Motors","isTrade":true},{"advertId":"201230209284425","vehicleMake":"Hyundai","vehicleModel":"Trajet","vehicleDerivative":"AIR CONDITIONING 05DR","vehiclePriceEuro":4000,"vehicleYearOfManufacture":2006,"advertiserCounty":"Dublin","isPSL":true,"privatePSL":false,"vehicleImageId":"13831999","imagecount":6,"isTrade":false},{"advertId":"32713589387395060","vehicleMake":"Hyundai","vehicleModel":"Trajet","vehicleDerivative":"SOLD","vehiclePriceEuro":1000000,"vehicleYearOfManufacture":2005,"advertiserCounty":"Wexford","isPSL":false,"privatePSL":false,"vehicleImageId":"1d7ae3f8-2133-49f8-b983-23ca3bb96a47","imagecount":9,"advertiserName":"O'Sullivan Auto Centre Ltd","isTrade":true},{"advertId":"31913587852322530","vehicleMake":"Hyundai","vehicleModel":"Trajet","vehicleDerivative":"DSL AIRCON 5DR","vehiclePriceEuro":7500,"vehicleYearOfManufacture":2005,"advertiserCounty":"Galway","isPSL":true,"privatePSL":false,"vehicleImageId":"82e4129e-8190-4b3b-bacf-0eddab318075","imagecount":6,"advertiserName":"Kenny Galway","isTrade":true},{"advertId":"201306212341296","vehicleMake":"Hyundai","vehicleModel":"Trajet","vehicleDerivative":"DSL AIRCON 5DR 51","vehiclePriceEuro":7500,"vehicleYearOfManufacture":2005,"advertiserCounty":"Clare","isPSL":true,"privatePSL":false,"vehicleImageId":"13983734","imagecount":8,"isTrade":false},{"advertId":"31113533602962700","vehicleMake":"Hyundai","vehicleModel":"Trajet","vehicleDerivative":"2.0 Dsl 7 Seats, AIR CON, Only 63k Genuine Miles, NCT 07/2013 & Tax 04/2013, FSH.","vehiclePriceEuro":6999,"vehicleYearOfManufacture":2005,"advertiserCounty":"Dublin","isPSL":false,"privatePSL":false,"vehicleImageId":"caab3a65-9ed6-4270-aa4f-c6cf4021e137","imagecount":13,"advertiserName":"Barry Brocklebank","isTrade":true},{"advertId":"34113621603918390","vehicleMake":"Hyundai","vehicleModel":"Trajet","vehicleDerivative":"DIESEL AUTO","vehiclePriceEuro":6999,"vehicleYearOfManufacture":2005,"advertiserCounty":"Dublin","isPSL":false,"privatePSL":false,"vehicleImageId":"125f1437-388a-464d-951b-46f8fcafac59","imagecount":8,"advertiserName":"GK Motors","isTrade":true},{"advertId":"31713554233230990","vehicleMake":"Hyundai","vehicleModel":"Trajet","vehicleDerivative":"DSL AIRCON 5DR ","vehiclePriceEuro":6950,"vehicleYearOfManufacture":2005,"advertiserCounty":"Mayo","isPSL":false,"privatePSL":false,"vehicleImageId":"740fcdc6-ee70-4fee-bfb5-d670a6f96fb2","imagecount":12,"advertiserName":"A. Cleary & Sons Limited","isTrade":true},{"advertId":"31513546348087650","vehicleMake":"Hyundai","vehicleModel":"Trajet","vehicleDerivative":"DIESEL AUTOMATIC AIR CONDITIONING 5DR 52","vehiclePriceEuro":6950,"vehicleYearOfManufacture":2005,"advertiserCounty":"Dublin","isPSL":false,"privatePSL":false,"vehicleImageId":"fd5c3bdf-f5ab-47f9-87d7-1125cdbdd659","imagecount":9,"advertiserName":"Glasnevin Motor Group","isTrade":true},{"advertId":"33913612789298690","vehicleMake":"Hyundai","vehicleModel":"Trajet","vehicleDerivative":"2.0 TDI (DIESEL) DVD PLAYER+A/C","vehiclePriceEuro":6445,"vehicleYearOfManufacture":2005,"advertiserCounty":"Dublin","isPSL":false,"privatePSL":false,"vehicleImageId":"9e6c27a6-8c63-425c-b172-877a9ff6affc","imagecount":18,"advertiserName":"Manorfield Cars Ltd Trade Connection","isTrade":true},{"advertId":"33213599791971240","vehicleMake":"Hyundai","vehicleModel":"Trajet","vehicleDerivative":"2.0 7-SEATER - NCT JUNE 2015 - ALL TRADE INS WELCOME - FINANCE AVAILABLE - CALL FOR MORE INFO ON 01-492 6566","vehiclePriceEuro":4950,"vehicleYearOfManufacture":2005,"advertiserCounty":"Dublin","isPSL":false,"privatePSL":false,"vehicleImageId":"9b6efa14-44e8-454e-b4c5-fe38ec412442","imagecount":14,"advertiserName":"Leinster Motor Group","isTrade":true},{"advertId":"34113624023565300","vehicleMake":"Hyundai","vehicleModel":"Trajet","vehicleDerivative":"TRAJET A/C","vehiclePriceEuro":4950,"vehicleYearOfManufacture":2005,"advertiserCounty":"Dublin","isPSL":false,"privatePSL":false,"imagecount":0,"advertiserName":"Kingstown Motors","isTrade":true},{"advertId":"32013588531001980","vehicleMake":"Hyundai","vehicleModel":"Trajet","vehicleDerivative":"AIRCON 4DR 42","vehiclePriceEuro":3950,"vehicleYearOfManufacture":2005,"advertiserCounty":"Kilkenny","isPSL":false,"privatePSL":false,"imagecount":0,"advertiserName":"Michael Lyng Motors Ltd.","isTrade":true},{"advertId":"34413621449413450","vehicleMake":"Hyundai","vehicleModel":"Trajet","vehicleDerivative":"AIR CONDITIONING 5DR 7 SEATER","vehiclePriceEuro":3900,"vehicleYearOfManufacture":2005,"advertiserCounty":"Dublin","isPSL":false,"privatePSL":false,"vehicleImageId":"af4bd424-a818-4970-a0da-2e27317ba536","imagecount":4,"advertiserName":"Stillorgan Motor Co.","isTrade":true},{"advertId":"26113424499538850","vehicleMake":"Hyundai","vehicleModel":"Trajet","vehicleDerivative":"2.0 LOW MILEAGE","vehiclePriceEuro":3750,"vehicleYearOfManufacture":2005,"advertiserCounty":"Offaly","isPSL":false,"privatePSL":false,"vehicleImageId":"60ec356e-b33e-42d9-9d81-cafff925b360","imagecount":5,"advertiserName":"Clara Road Car Sales","isTrade":true},{"advertId":"31813597193797540","vehicleMake":"Hyundai","vehicleModel":"Trajet","vehicleDerivative":"AIR CONDITIONING /NEW NCT TO APRIL 2015 / CALL 086-8055412 ANYTIME","vehiclePriceEuro":3500,"vehicleYearOfManufacture":2005,"advertiserCounty":"Dublin","isPSL":false,"privatePSL":false,"vehicleImageId":"c87cfde3-9575-4de1-841e-e42e0d2b5d23","imagecount":18,"advertiserName":"Bill Griffin Motors","isTrade":true},{"advertId":"6813377670190900","vehicleMake":"Hyundai","vehicleModel":"Trajet","vehicleDerivative":"DSL AIRCON 5DR 51","vehiclePriceEuro":0,"vehicleYearOfManufacture":2005,"advertiserCounty":"Cork","isPSL":false,"privatePSL":false,"vehicleImageId":"3f8e9af2-2190-4976-a015-fd0ad8ba12cd","imagecount":6,"advertiserName":"Shanahan Car Sales","isTrade":true},{"advertId":"31813589388258070","vehicleMake":"Hyundai","vehicleModel":"Trajet","vehicleDerivative":"2.0 SE CRTD 5DR","vehiclePriceEuro":0,"vehicleYearOfManufacture":2005,"advertiserCounty":"Louth","isPSL":false,"privatePSL":false,"vehicleImageId":"4e7126cc-35b3-4465-a393-534e41828fc1","imagecount":6,"advertiserName":"Drogheda Car Sales Ltd","isTrade":true},{"advertId":"31913587841388170","vehicleMake":"Hyundai","vehicleModel":"Trajet","vehicleDerivative":"2.0 SE CRTD 5DR","vehiclePriceEuro":0,"vehicleYearOfManufacture":2005,"advertiserCounty":"Monaghan","isPSL":false,"privatePSL":false,"vehicleImageId":"201631fd-0be7-4819-8e1d-3f77a6a56bc1","imagecount":6,"advertiserName":"Doran Motors Ltd","isTrade":true},{"advertId":"34313618767510170","vehicleMake":"Hyundai","vehicleModel":"Trajet","vehicleDerivative":"DSL AIRCON 5DR 51","vehiclePriceEuro":0,"vehicleYearOfManufacture":2005,"advertiserCounty":"Limerick","isPSL":true,"privatePSL":false,"vehicleImageId":"e51e5bc7-47f5-454a-8ed3-39f6e4c5560d","imagecount":13,"advertiserName":"Limerick Motor Centre","isTrade":true},{"advertId":"201243210686733","vehicleMake":"Hyundai","vehicleModel":"Trajet","vehicleDerivative":"DSL AIRCON 5DR 51","vehiclePriceEuro":6750,"vehicleYearOfManufacture":2004,"advertiserCounty":"Cavan","isPSL":true,"privatePSL":false,"vehicleImageId":"14081164","imagecount":5,"isTrade":false},{"advertId":"201305212250744","vehicleMake":"Hyundai","vehicleModel":"Trajet","vehicleDerivative":"DSL AIRCON 5DR 51","vehiclePriceEuro":6500,"vehicleYearOfManufacture":2004,"advertiserCounty":"Monaghan","isPSL":true,"privatePSL":false,"vehicleImageId":"13963471","imagecount":9,"isTrade":false},{"advertId":"201250211383951","vehicleMake":"Hyundai","vehicleModel":"Trajet","vehicleDerivative":"GSI TD","vehiclePriceEuro":6250,"vehicleYearOfManufacture":2004,"advertiserCounty":"Waterford","isPSL":true,"privatePSL":false,"vehicleImageId":"13818123","imagecount":6,"isTrade":false},{"advertId":"32113511628426680","vehicleMake":"Hyundai","vehicleModel":"Trajet","vehicleDerivative":"...UNBEATABLE VALUE FOR THIS 7 SEATER HERE AT MOONEYS","vehiclePriceEuro":5500,"vehicleYearOfManufacture":2004,"advertiserCounty":"Dublin","isPSL":true,"privatePSL":false,"vehicleImageId":"3e6da115-4042-4c39-b572-4647084d03a4","imagecount":9,"advertiserName":"MOONEY'S","isTrade":true},{"advertId":"713232470648880","vehicleMake":"Hyundai","vehicleModel":"Trajet","vehicleDerivative":"DSL AIRCON 5DR 51","vehiclePriceEuro":5150,"vehicleYearOfManufacture":2004,"advertiserCounty":"Waterford","isPSL":false,"privatePSL":false,"vehicleImageId":"ce5b58d1-34fd-4327-8f1b-baff4be8a916","imagecount":9,"advertiserName":"Castletown Carsales","isTrade":true},{"advertId":"201247211100233","vehicleMake":"Hyundai","vehicleModel":"Trajet","vehiclePriceEuro":4999,"vehicleYearOfManufacture":2004,"advertiserCounty":"Cork","isPSL":true,"privatePSL":false,"vehicleImageId":"14159279","imagecount":5,"isTrade":false},{"advertId":"34213614510644720","vehicleMake":"Hyundai","vehicleModel":"Trajet","vehicleDerivative":"DSL AIRCON 5DR 51 *MICHAEL DAFFY CAR SALES*","vehiclePriceEuro":4950,"vehicleYearOfManufacture":2004,"advertiserCounty":"Limerick","isPSL":false,"privatePSL":false,"vehicleImageId":"9e6cc0c5-810b-4c7b-b0a5-7af8f9943244","imagecount":9,"advertiserName":"Michael Daffy Quality Car Sales","isTrade":true},{"advertId":"613238520651910","vehicleMake":"Hyundai","vehicleModel":"Trajet","vehicleDerivative":"2.0l 7 seater","vehiclePriceEuro":4950,"vehicleYearOfManufacture":2004,"advertiserCounty":"Cork","isPSL":true,"privatePSL":false,"vehicleImageId":"2da2c303-bb93-4860-a419-a86147f088bb","imagecount":6,"advertiserName":"Cork Auto Sales","isTrade":true},{"advertId":"34213614912772590","vehicleMake":"Hyundai","vehicleModel":"Trajet","vehicleDerivative":"DSL AIRCON 5DR 51","vehiclePriceEuro":4695,"vehicleYearOfManufacture":2004,"advertiserCounty":"Waterford","isPSL":false,"privatePSL":false,"vehicleImageId":"dca8ee36-3bc2-4811-b531-843243fbbce4","imagecount":13,"advertiserName":"Castletown Carsales","isTrade":true},{"advertId":"31813590443679740","vehicleMake":"Hyundai","vehicleModel":"Trajet","vehicleDerivative":"LEATHER","vehiclePriceEuro":4495,"vehicleYearOfManufacture":2004,"advertiserCounty":"Dublin","isPSL":false,"privatePSL":false,"vehicleImageId":"cc591142-81fe-45a4-bc30-5a1554622522","imagecount":4,"advertiserName":"Fonthill Car Sales","isTrade":true},{"advertId":"31113546184217130","vehicleMake":"Hyundai","vehicleModel":"Trajet","vehicleDerivative":"2.0 GSI 5DR","vehiclePriceEuro":3995,"vehicleYearOfManufacture":2004,"advertiserCounty":"Wicklow","isPSL":false,"privatePSL":false,"vehicleImageId":"01e1594b-b313-4af7-b747-4f233cddfe63","imagecount":8,"advertiserName":"J Kelly Motors","isTrade":true},{"advertId":"613261885500520","vehicleMake":"Hyundai","vehicleModel":"Trajet","vehicleDerivative":"AIR CONDITIONING 5DR 7 Seater","vehiclePriceEuro":3950,"vehicleYearOfManufacture":2004,"advertiserCounty":"Cork","isPSL":false,"privatePSL":false,"vehicleImageId":"f8858b79-8d37-49aa-80c9-4e5cd925cba1","imagecount":14,"advertiserName":"Nyhan Motors","isTrade":true},{"advertId":"201302211823813","vehicleMake":"Hyundai","vehicleModel":"Trajet","vehicleDerivative":"AIR CONDITIONING 5DR","vehiclePriceEuro":3950,"vehicleYearOfManufacture":2004,"advertiserCounty":"Galway","isPSL":true,"privatePSL":false,"imagecount":0,"isTrade":false},{"advertId":"31813504882914020","vehicleMake":"Hyundai","vehicleModel":"Trajet","vehicleDerivative":"7 Seater / Immaculate MPV / Timing Belt Done / Nct 01-2014 / Fully Serviced & Guaranteed.","vehiclePriceEuro":3795,"vehicleYearOfManufacture":2004,"advertiserCounty":"Dublin","isPSL":true,"privatePSL":false,"vehicleImageId":"9ae8a76c-e96b-4cc8-926f-e6d46efe5184","imagecount":20,"advertiserName":"N3 Autolink","isTrade":true},{"advertId":"33913609304844010","vehicleMake":"Hyundai","vehicleModel":"Trajet","vehicleDerivative":"GLS 2.0","vehiclePriceEuro":3750,"vehicleYearOfManufacture":2004,"advertiserCounty":"Kilkenny","isPSL":false,"privatePSL":false,"imagecount":0,"advertiserName":"Michael Lyng Motors Ltd.","isTrade":true},{"advertId":"201250211383957","vehicleMake":"Hyundai","vehicleModel":"Trajet","vehicleDerivative":"GLS 2.0","vehiclePriceEuro":3300,"vehicleYearOfManufacture":2004,"advertiserCounty":"Meath","isPSL":true,"privatePSL":false,"vehicleImageId":"13818337","imagecount":9,"isTrade":false},{"advertId":"201230209364831","vehicleMake":"Hyundai","vehicleModel":"Trajet","vehicleDerivative":"GLS 2.0","vehiclePriceEuro":3000,"vehicleYearOfManufacture":2004,"advertiserCounty":"Cork","isPSL":true,"privatePSL":false,"vehicleImageId":"13629493","imagecount":9,"isTrade":false},{"advertId":"15413403969252710","vehicleMake":"Hyundai","vehicleModel":"Trajet","vehicleDerivative":"GLS 2.0","vehiclePriceEuro":2995,"vehicleYearOfManufacture":2004,"advertiserCounty":"Kildare","isPSL":false,"privatePSL":false,"vehicleImageId":"1dbf54dd-e0d4-44e2-a6f6-87c40506277c","imagecount":9,"advertiserName":"McCormack Car Sales (Prosperous)","isTrade":true},{"advertId":"30113444154986050","vehicleMake":"Hyundai","vehicleModel":"Trajet","vehicleDerivative":"GLS 2.0 5DR LEATHER CLIMATE CONTROL 05DR","vehiclePriceEuro":2950,"vehicleYearOfManufacture":2004,"advertiserCounty":"Wexford","isPSL":false,"privatePSL":false,"vehicleImageId":"895ce439-a38f-46d3-9a32-a0e195e54505","imagecount":5,"advertiserName":"Byrne Car Sales","isTrade":true},{"advertId":"5913342327624040","vehicleMake":"Hyundai","vehicleModel":"Trajet","vehicleDerivative":"GLS 2.0","vehiclePriceEuro":2950,"vehicleYearOfManufacture":2004,"advertiserCounty":"Tipperary","isPSL":false,"privatePSL":false,"vehicleImageId":"330c265f-4e87-40aa-bbe7-2fcd827d7b18","imagecount":8,"advertiserName":"Slatterys Garage Ltd","isTrade":true},{"advertId":"201251211518351","vehicleMake":"Hyundai","vehicleModel":"Trajet","vehicleDerivative":"GLS 2.0","vehiclePriceEuro":2700,"vehicleYearOfManufacture":2004,"advertiserCounty":"Wicklow","isPSL":true,"privatePSL":false,"vehicleImageId":"13839254","imagecount":9,"isTrade":false},{"advertId":"201304212093093","vehicleMake":"Hyundai","vehicleModel":"Trajet","vehiclePriceEuro":2700,"vehicleYearOfManufacture":2004,"advertiserCounty":"Dublin","isPSL":true,"privatePSL":false,"vehicleImageId":"14289644","imagecount":9,"isTrade":false},{"advertId":"33213603303875350","vehicleMake":"Hyundai","vehicleModel":"Trajet","vehicleDerivative":"GLS 2.0","vehiclePriceEuro":2250,"vehicleYearOfManufacture":2004,"advertiserCounty":"Kildare","isPSL":true,"privatePSL":false,"vehicleImageId":"c5b2ec44-fd29-4964-88ea-2533e2f95ac5","imagecount":8,"advertiserName":"Olympic Car Sales","isTrade":true},{"advertId":"201306212295881","vehicleMake":"Hyundai","vehicleModel":"Trajet","vehicleDerivative":"GLS 2.0","vehiclePriceEuro":2050,"vehicleYearOfManufacture":2004,"advertiserCounty":"Dublin","isPSL":true,"privatePSL":false,"vehicleImageId":"14317293","imagecount":9,"isTrade":false},{"advertId":"30613480611169210","vehicleMake":"Hyundai","vehicleModel":"Trajet","vehicleDerivative":"DSL AIRCON 5DR 51","vehiclePriceEuro":0,"vehicleYearOfManufacture":2004,"advertiserCounty":"Monaghan","isPSL":false,"privatePSL":false,"vehicleImageId":"bbf424ea-881f-426d-a4c7-393b7f698f5b","imagecount":5,"advertiserName":"Doran Motors Ltd","isTrade":true},{"advertId":"29413480695722290","vehicleMake":"Hyundai","vehicleModel":"Trajet","vehicleDerivative":"DSL AIRCON 5DR 51","vehiclePriceEuro":0,"vehicleYearOfManufacture":2004,"advertiserCounty":"Louth","isPSL":false,"privatePSL":false,"vehicleImageId":"aeb844af-1a55-4e38-8a50-e49dbfba5e44","imagecount":5,"advertiserName":"Drogheda Car Sales Ltd","isTrade":true},{"advertId":"201303211982328","vehicleMake":"Hyundai","vehicleModel":"Trajet","vehicleDerivative":"GLS 2.0","vehiclePriceEuro":7200,"vehicleYearOfManufacture":2003,"advertiserCounty":"Kildare","isPSL":true,"privatePSL":false,"imagecount":0,"isTrade":false},{"advertId":"813264499110680","vehicleMake":"Hyundai","vehicleModel":"Trajet","vehicleDerivative":"2.0 D","vehiclePriceEuro":5950,"vehicleYearOfManufacture":2003,"advertiserCounty":"Limerick","isPSL":true,"privatePSL":false,"vehicleImageId":"fbd5d3b3-4ee1-44ec-8e2a-7464a3b76112","imagecount":7,"advertiserName":"Limerick Motor Centre","isTrade":true},{"advertId":"29213451100605880","vehicleMake":"Hyundai","vehicleModel":"Trajet","vehicleDerivative":"2.0 DIESEL GLS 7 SEATS","vehiclePriceEuro":4900,"vehicleYearOfManufacture":2003,"advertiserCounty":"Mayo","isPSL":false,"privatePSL":false,"vehicleImageId":"195e94d4-458d-45bf-9d65-17d35fe91124","imagecount":9,"advertiserName":"Cosgraves Garage Ltd","isTrade":true},{"advertId":"713232471040350","vehicleMake":"Hyundai","vehicleModel":"Trajet","vehicleDerivative":"LTH A/C AUTO","vehiclePriceEuro":4500,"vehicleYearOfManufacture":2003,"advertiserCounty":"Waterford","isPSL":false,"privatePSL":false,"vehicleImageId":"a1117487-08fb-4e68-a9cb-c19198d027fa","imagecount":5,"advertiserName":"Castletown Carsales","isTrade":true},{"advertId":"201245210885088","vehicleMake":"Hyundai","vehicleModel":"Trajet","vehiclePriceEuro":4500,"vehicleYearOfManufacture":2003,"advertiserCounty":"Dublin","isPSL":true,"privatePSL":false,"vehicleImageId":"14112223","imagecount":6,"isTrade":false},{"advertId":"31413545504917440","vehicleMake":"Hyundai","vehicleModel":"Trajet","vehicleDerivative":"GLS 2.0","vehiclePriceEuro":4495,"vehicleYearOfManufacture":2003,"advertiserCounty":"Meath","isPSL":false,"privatePSL":false,"vehicleImageId":"781ccaf4-4f7c-4d13-9d71-5f492793bddb","imagecount":4,"advertiserName":"Kells Car Sales","isTrade":true},{"advertId":"33213596303119210","vehicleMake":"Hyundai","vehicleModel":"Trajet","vehicleDerivative":"AUTO 7 SEATER VALUE HERE AT MOONEYS","vehiclePriceEuro":4495,"vehicleYearOfManufacture":2003,"advertiserCounty":"Dublin","isPSL":true,"privatePSL":false,"vehicleImageId":"618300e3-21cb-43d0-bd00-9750c08e720f","imagecount":10,"advertiserName":"MOONEY'S","isTrade":true},{"advertId":"6213354494560090","vehicleMake":"Hyundai","vehicleModel":"Trajet","vehicleDerivative":"2.0 GLS 7 Seats ","vehiclePriceEuro":4400,"vehicleYearOfManufacture":2003,"advertiserCounty":"Mayo","isPSL":false,"privatePSL":false,"vehicleImageId":"5352b691-2a49-4260-9497-fa71ed68f5b9","imagecount":9,"advertiserName":"Cosgraves Garage Ltd","isTrade":true},{"advertId":"201247211100212","vehicleMake":"Hyundai","vehicleModel":"Trajet","vehicleDerivative":"2ltr","vehiclePriceEuro":4000,"vehicleYearOfManufacture":2003,"advertiserCounty":"Dublin","isPSL":true,"privatePSL":false,"imagecount":0,"isTrade":false},{"advertId":"31413592132228850","vehicleMake":"Hyundai","vehicleModel":"Trajet","vehicleDerivative":"GLS 2.0","vehiclePriceEuro":3950,"vehicleYearOfManufacture":2003,"advertiserCounty":"Longford","isPSL":false,"privatePSL":false,"vehicleImageId":"5aa38f81-e2ef-4e98-8ffe-5de81307df45","imagecount":16,"advertiserName":"Peter Hanley Motors","isTrade":true},{"advertId":"201248211199348","vehicleMake":"Hyundai","vehicleModel":"Trajet","vehicleDerivative":"GLS 2.0","vehiclePriceEuro":3799,"vehicleYearOfManufacture":2003,"advertiserCounty":"Limerick","isPSL":true,"privatePSL":false,"vehicleImageId":"14175210","imagecount":7,"isTrade":false},{"advertId":"32013549682514810","vehicleMake":"Hyundai","vehicleModel":"Trajet","vehicleDerivative":"GLS 2.0 DIESEL","vehiclePriceEuro":3500,"vehicleYearOfManufacture":2003,"advertiserCounty":"Galway","isPSL":false,"privatePSL":false,"vehicleImageId":"9d0bd12a-9fa7-44a0-a6b7-e49afa93ef0b","imagecount":10,"advertiserName":"Glenn Cahill Cars","isTrade":true},{"advertId":"31513596345921970","vehicleMake":"Hyundai","vehicleModel":"Trajet","vehicleDerivative":"GLS 2.0 DIESEL (NCT-01-2014)","vehiclePriceEuro":3495,"vehicleYearOfManufacture":2003,"advertiserCounty":"Dublin","isPSL":true,"privatePSL":false,"vehicleImageId":"f10369a3-59fe-42e9-9186-5c5f17650ea6","imagecount":9,"advertiserName":"Green Isle Autos Ltd.","isTrade":true},{"advertId":"201249211288751","vehicleMake":"Hyundai","vehicleModel":"Trajet","vehicleDerivative":"GLS 2.0","vehiclePriceEuro":3000,"vehicleYearOfManufacture":2003,"advertiserCounty":"Tipperary","isPSL":true,"privatePSL":false,"vehicleImageId":"14189362","imagecount":9,"isTrade":false},{"advertId":"201246210973962","vehicleMake":"Hyundai","vehicleModel":"Trajet","vehicleDerivative":"GLS 2.0 5DR LEATHER CLIMATE CONTROL 05DR","vehiclePriceEuro":2995,"vehicleYearOfManufacture":2003,"advertiserCounty":"Laois","isPSL":true,"privatePSL":false,"imagecount":0,"isTrade":false},{"advertId":"33213619907460060","vehicleMake":"Hyundai","vehicleModel":"Trajet","vehicleDerivative":"GLS 2.0","vehiclePriceEuro":2950,"vehicleYearOfManufacture":2003,"advertiserCounty":"Cork","isPSL":true,"privatePSL":false,"vehicleImageId":"f6d1fd5b-8221-441f-a9fc-c0d7ea3686c2","imagecount":4,"advertiserName":"Jason O`Brien Cars","isTrade":true},{"advertId":"201305212182599","vehicleMake":"Hyundai","vehicleModel":"Trajet","vehicleDerivative":"GLS 2.0","vehiclePriceEuro":2800,"vehicleYearOfManufacture":2003,"advertiserCounty":"Dublin","isPSL":true,"privatePSL":false,"vehicleImageId":"13951651","imagecount":8,"isTrade":false},{"advertId":"201249211299257","vehicleMake":"Hyundai","vehicleModel":"Trajet","vehicleDerivative":"GLS 2.0","vehiclePriceEuro":2500,"vehicleYearOfManufacture":2003,"advertiserCounty":"Kildare","isPSL":true,"privatePSL":false,"vehicleImageId":"13801775","imagecount":1,"isTrade":false},{"advertId":"201306212363516","vehicleMake":"Hyundai","vehicleModel":"Trajet","vehicleDerivative":"GSI 5DR","vehiclePriceEuro":2500,"vehicleYearOfManufacture":2003,"advertiserCounty":"Meath","isPSL":true,"privatePSL":false,"vehicleImageId":"14011761","imagecount":2,"isTrade":false},{"advertId":"29413444243665670","vehicleMake":"Hyundai","vehicleModel":"Trajet","vehicleDerivative":"GLS 2.0 Diesel 7 Seats NCT 2/13 ***Gearbox Needs Attention***","vehiclePriceEuro":1950,"vehicleYearOfManufacture":2003,"advertiserCounty":"Leitrim","isPSL":true,"privatePSL":false,"vehicleImageId":"f653ff86-3cf5-4d14-95d3-738bf89ef371","imagecount":8,"advertiserName":"Sean Gallagher Cars","isTrade":true},{"advertId":"201303211959763","vehicleMake":"Hyundai","vehicleModel":"Trajet","vehicleDerivative":"GLS 2.0","vehiclePriceEuro":1850,"vehicleYearOfManufacture":2003,"advertiserCounty":"Kildare","isPSL":true,"privatePSL":false,"vehicleImageId":"14264794","imagecount":3,"isTrade":false}],"totalAdvertCount":45174}