{"adverts":[{"advertId":"201304212137430","vehicleMake":"Opel","vehicleModel":"Astra","vehicleDerivative":"1.3 CDTi 90 PS Life","vehiclePriceEuro":6950,"vehicleYearOfManufacture":2007,"advertiserCounty":"Kildare","isPSL":true,"privatePSL":false,"vehicleImageId":"14290244","imagecount":4,"isTrade":false},{"advertId":"33413603339941910","vehicleMake":"Opel","vehicleModel":"Astra","vehicleDerivative":"CLUB 1.4 I 16V 5DR","vehiclePriceEuro":6950,"vehicleYearOfManufacture":2007,"advertiserCounty":"Cork","isPSL":false,"privatePSL":false,"vehicleImageId":"34df23c1-54f2-4893-8365-5d01673d3876","imagecount":12,"advertiserName":"O'C Motors","isTrade":true},{"advertId":"31713596375458020","vehicleMake":"Opel","vehicleModel":"Astra","vehicleDerivative":"5dr Club 1.4","vehiclePriceEuro":6950,"vehicleYearOfManufacture":2007,"advertiserCounty":"Donegal","isPSL":false,"privatePSL":false,"vehicleImageId":"7aac6831-5927-49c6-8c52-cc87cac53197","imagecount":5,"advertiserName":"Herron Auto","isTrade":true},{"advertId":"33913600708238740","vehicleMake":"Opel","vehicleModel":"Astra","vehicleDerivative":"1.4 \"CLUB\" A/C 5 DR. NCT 05/15","vehiclePriceEuro":6945,"vehicleYearOfManufacture":2007,"advertiserCounty":"Dublin","isPSL":false,"privatePSL":false,"vehicleImageId":"91d91f19-83fa-40f9-bce2-cbd1f93a82e7","imagecount":20,"advertiserName":"Manorfield Cars Ltd Trade Connection","isTrade":true},{"advertId":"201246210951611","vehicleMake":"Opel","vehicleModel":"Astra","vehicleDerivative":"SXI 1.4 I 16V","vehiclePriceEuro":6900,"vehicleYearOfManufacture":2007,"advertiserCounty":"Cork","isPSL":true,"privatePSL":false,"vehicleImageId":"13743037","imagecount":5,"isTrade":false},{"advertId":"201305212205344","vehicleMake":"Opel","vehicleModel":"Astra","vehicleDerivative":"DESIGN 1.4 I 16V 3DR","vehiclePriceEuro":6900,"vehicleYearOfManufacture":2007,"advertiserCounty":"Wicklow","isPSL":true,"privatePSL":false,"vehicleImageId":"14303235","imagecount":8,"isTrade":false},{"advertId":"31813516361192530","vehicleMake":"Opel","vehicleModel":"Astra","vehicleDerivative":"1.6i Automatic 5dr","vehiclePriceEuro":6900,"vehicleYearOfManufacture":2007,"advertiserCounty":"Limerick","isPSL":false,"privatePSL":false,"vehicleImageId":"1cc6abec-4b87-426a-b658-d35d724c2d6e","imagecount":10,"advertiserName":"Hinchy's Garage","isTrade":true},{"advertId":"201305212273232","vehicleMake":"Opel","vehicleModel":"Astra","vehicleDerivative":"CLUB 1.4 I 16V 5DR","vehiclePriceEuro":6800,"vehicleYearOfManufacture":2007,"advertiserCounty":"Wexford","isPSL":true,"privatePSL":false,"vehicleImageId":"13962122","imagecount":2,"isTrade":false},{"advertId":"29013436634012230","vehicleMake":"Opel","vehicleModel":"Astra","vehicleDerivative":"LIFE 1.4 I 16V 5DR MY06","vehiclePriceEuro":6750,"vehicleYearOfManufacture":2007,"advertiserCounty":"Dublin","isPSL":false,"privatePSL":false,"vehicleImageId":"6cfb27b2-7e44-4c3b-b263-520abd57c38d","imagecount":12,"advertiserName":"Frank Harte Motors","isTrade":true},{"advertId":"33413609330394050","vehicleMake":"Opel","vehicleModel":"Astra","vehicleDerivative":"LIFE 1.4 ALLOYS, NCT until MARCH 2015","vehiclePriceEuro":6750,"vehicleYearOfManufacture":2007,"advertiserCounty":"Wicklow","isPSL":false,"privatePSL":false,"vehicleImageId":"153f3856-b876-462c-b35c-6273f34966a4","imagecount":11,"advertiserName":"Hills Garage Bray","isTrade":true},{"advertId":"201244210802390","vehicleMake":"Opel","vehicleModel":"Astra","vehicleDerivative":"CLUB 1.4 I 16V 5DR","vehiclePriceEuro":6750,"vehicleYearOfManufacture":2007,"advertiserCounty":"Carlow","isPSL":true,"privatePSL":false,"vehicleImageId":"14097593","imagecount":6,"isTrade":false},{"advertId":"31113593730372760","vehicleMake":"Opel","vehicleModel":"Astra","vehicleDerivative":"SXI 1.4 I 16V","vehiclePriceEuro":6750,"vehicleYearOfManufacture":2007,"advertiserCounty":"Westmeath","isPSL":false,"privatePSL":false,"vehicleImageId":"bef4dcde-7fde-4ab1-b513-abf1734d90f0","imagecount":9,"advertiserName":"Finian Treacy Motors","isTrade":true},{"advertId":"31913593949904280","vehicleMake":"Opel","vehicleModel":"Astra","vehicleDerivative":"CLUB 1.4 I 16V 5DR","vehiclePriceEuro":6699,"vehicleYearOfManufacture":2007,"advertiserCounty":"Dublin","isPSL":true,"privatePSL":false,"vehicleImageId":"ede26af1-8748-4ca1-a961-a9f94fe7748f","imagecount":8,"advertiserName":"Airport Cars","isTrade":true},{"advertId":"33213613641734950","vehicleMake":"Opel","vehicleModel":"Astra","vehicleDerivative":"SXI 1.4 I 16V","vehiclePriceEuro":6695,"vehicleYearOfManufacture":2007,"advertiserCounty":"Donegal","isPSL":false,"privatePSL":false,"vehicleImageId":"fe2a8ecf-b447-4bae-9aac-1015c1b6bef6","imagecount":10,"advertiserName":"Faulkners of Moville","isTrade":true},{"advertId":"30913487666299910","vehicleMake":"Opel","vehicleModel":"Astra","vehicleDerivative":"DESIGN 1.4 I 16V","vehiclePriceEuro":6500,"vehicleYearOfManufacture":2007,"advertiserCounty":"Dublin","isPSL":false,"privatePSL":false,"vehicleImageId":"4bb9e54c-006b-41f1-8f1b-d01acdd6b5bd","imagecount":11,"advertiserName":"TMG Motors","isTrade":true},{"advertId":"201302211868839","vehicleMake":"Opel","vehicleModel":"Astra","vehicleDerivative":"LIFE 1.4 I 16V 5DR MY06","vehiclePriceEuro":6450,"vehicleYearOfManufacture":2007,"advertiserCounty":"Galway","isPSL":true,"privatePSL":false,"vehicleImageId":"14253474","imagecount":3,"isTrade":false},{"advertId":"201307212457311","vehicleMake":"Opel","vehicleModel":"Astra","vehicleDerivative":"SXI 1.4 I 16V 3DR","vehiclePriceEuro":6300,"vehicleYearOfManufacture":2007,"advertiserCounty":"Dublin","isPSL":true,"privatePSL":false,"vehicleImageId":"13698163","imagecount":7,"isTrade":false},{"advertId":"201248211199514","vehicleMake":"Opel","vehicleModel":"Astra","vehicleDerivative":"CLUB 1.4 16V 5DR I","vehiclePriceEuro":6300,"vehicleYearOfManufacture":2007,"advertiserCounty":"Dublin","isPSL":true,"privatePSL":false,"vehicleImageId":"14341601","imagecount":7,"isTrade":false},{"advertId":"34013601027322870","vehicleMake":"Opel","vehicleModel":"Astra","vehicleDerivative":"LIFE 1.4 I 16V 5DR MY07","vehiclePriceEuro":6250,"vehicleYearOfManufacture":2007,"advertiserCounty":"Sligo","isPSL":false,"privatePSL":false,"vehicleImageId":"6e0c578a-c15c-4413-9dc5-8dced009c940","imagecount":7,"advertiserName":"Currid Motors","isTrade":true},{"advertId":"201245210926443","vehicleMake":"Opel","vehicleModel":"Astra","vehicleDerivative":"SPORTIVE 1.3 CDTI 90PS MY07","vehiclePriceEuro":6250,"vehicleYearOfManufacture":2007,"advertiserCounty":"Limerick","isPSL":true,"privatePSL":false,"vehicleImageId":"14127111","imagecount":2,"isTrade":false},{"advertId":"201304212115177","vehicleMake":"Opel","vehicleModel":"Astra","vehiclePriceEuro":6200,"vehicleYearOfManufacture":2007,"advertiserCounty":"Kildare","isPSL":true,"privatePSL":false,"vehicleImageId":"14286436","imagecount":5,"isTrade":false},{"advertId":"34213602492284660","vehicleMake":"Opel","vehicleModel":"Astra","vehicleDerivative":"LIFE 1.4 I 16V 5DR MY07","vehiclePriceEuro":6000,"vehicleYearOfManufacture":2007,"advertiserCounty":"Galway","isPSL":false,"privatePSL":false,"vehicleImageId":"079089df-0265-4585-9665-550f3a8d8bb2","imagecount":9,"advertiserName":"Tom Doyle Motors Ltd","isTrade":true},{"advertId":"201303212004485","vehicleMake":"Opel","vehicleModel":"Astra","vehicleDerivative":"CLUB 1.4 16V 5DR I","vehiclePriceEuro":5550,"vehicleYearOfManufacture":2007,"advertiserCounty":"Dublin","isPSL":true,"privatePSL":false,"vehicleImageId":"14272414","imagecount":6,"isTrade":false},{"advertId":"29413477077178950","vehicleMake":"Opel","vehicleModel":"Astra","vehicleDerivative":"LIFE 1.4 I 16V 5DR MY07","vehiclePriceEuro":5450,"vehicleYearOfManufacture":2007,"advertiserCounty":"Cork","isPSL":false,"privatePSL":false,"vehicleImageId":"9919559f-27b0-41fe-aab1-cd35b9397829","imagecount":10,"advertiserName":"Blackrock Motor Company","isTrade":true},{"advertId":"201306212363533","vehicleMake":"Opel","vehicleModel":"Astra","vehicleDerivative":"CLUB 1.4 I 16V 5DR","vehiclePriceEuro":5295,"vehicleYearOfManufacture":2007,"advertiserCounty":"Limerick","isPSL":true,"privatePSL":false,"vehicleImageId":"11907011","imagecount":9,"isTrade":false},{"advertId":"33913622298481420","vehicleMake":"Opel","vehicleModel":"Astra","vehicleDerivative":" 1.7 CDTI 2DR 100 PS","vehiclePriceEuro":4250,"vehicleYearOfManufacture":2007,"advertiserCounty":"Dublin","isPSL":false,"privatePSL":false,"vehicleImageId":"fcea22c8-3ca9-4caa-a4c0-4a9d6c7b6000","imagecount":14,"advertiserName":"O'Brien Motors Limited","isTrade":true},{"advertId":"31413531598780170","vehicleMake":"Opel","vehicleModel":"Astra","vehicleDerivative":"DESIGN 1.7 CDTI 100PS","vehiclePriceEuro":0,"vehicleYearOfManufacture":2007,"advertiserCounty":"Limerick","isPSL":false,"privatePSL":false,"vehicleImageId":"a141bbce-497f-4e24-a0c4-e9bd86f8e47e","imagecount":9,"advertiserName":"Newcastle West Autos","isTrade":true},{"advertId":"6213355383746740","vehicleMake":"Opel","vehicleModel":"Astra","vehicleDerivative":"CLUB 1.4 I 16V 5DR","vehiclePriceEuro":0,"vehicleYearOfManufacture":2007,"advertiserCounty":"Cork","isPSL":false,"privatePSL":false,"vehicleImageId":"2042df70-b918-43fb-863e-56fedd11c163","imagecount":7,"advertiserName":"Shanahan Car Sales","isTrade":true},{"advertId":"34313614941880230","vehicleMake":"Opel","vehicleModel":"Astra","vehicleDerivative":"SXI 1.4 I ","vehiclePriceEuro":0,"vehicleYearOfManufacture":2007,"advertiserCounty":"Cork","isPSL":false,"privatePSL":false,"vehicleImageId":"2f16ee1d-492c-40b4-a802-dc891b9f8f0a","imagecount":5,"advertiserName":"Edmond Collins Motors","isTrade":true},{"advertId":"713234298875750","vehicleMake":"Opel","vehicleModel":"Astra","vehicleDerivative":"1.6 DESIGN 5DR","vehiclePriceEuro":0,"vehicleYearOfManufacture":2007,"advertiserCounty":"Cork","isPSL":false,"privatePSL":false,"vehicleImageId":"54d05df1-ce69-4489-b2b4-b25f7cb03491","imagecount":7,"advertiserName":"Shanahan Car Sales","isTrade":true},{"advertId":"201250211384008","vehicleMake":"Opel","vehicleModel":"Astra","vehicleDerivative":"SXI","vehiclePriceEuro":10000,"vehicleYearOfManufacture":2006,"advertiserCounty":"Dublin","isPSL":true,"privatePSL":false,"vehicleImageId":"13818301","imagecount":7,"isTrade":false},{"advertId":"201303212004486","vehicleMake":"Opel","vehicleModel":"Astra","vehicleDerivative":"2.0I 16V TURBO 3DR","vehiclePriceEuro":8000,"vehicleYearOfManufacture":2006,"advertiserCounty":"Kerry","isPSL":true,"privatePSL":false,"vehicleImageId":"14272431","imagecount":4,"isTrade":false},{"advertId":"201304212159982","vehicleMake":"Opel","vehicleModel":"Astra","vehicleDerivative":"CLUB 1.4 I 16V 5DR","vehiclePriceEuro":8000,"vehicleYearOfManufacture":2006,"advertiserCounty":"Dublin","isPSL":true,"privatePSL":false,"imagecount":0,"isTrade":false},{"advertId":"34013619868397240","vehicleMake":"Opel","vehicleModel":"Astra","vehicleDerivative":"2.0I 16V TURBO ","vehiclePriceEuro":7950,"vehicleYearOfManufacture":2006,"advertiserCounty":"Dublin","isPSL":true,"privatePSL":false,"vehicleImageId":"fd38b745-8a00-4d60-b0c9-51df245bfd41","imagecount":11,"advertiserName":"3 Rock Cars","isTrade":true},{"advertId":"33213619624669630","vehicleMake":"Opel","vehicleModel":"Astra","vehicleDerivative":"LIFE 1.4 PETROL 5 DR","vehiclePriceEuro":7900,"vehicleYearOfManufacture":2006,"advertiserCounty":"Cork","isPSL":true,"privatePSL":false,"imagecount":0,"advertiserName":"Johnson & Perrott Motor Group (Douglas Road)","isTrade":true},{"advertId":"201302211936917","vehicleMake":"Opel","vehicleModel":"Astra","vehicleDerivative":"SXI 1.4 I 16V 3DR","vehiclePriceEuro":7700,"vehicleYearOfManufacture":2006,"advertiserCounty":"Roscommon","isPSL":true,"privatePSL":false,"vehicleImageId":"14261499","imagecount":9,"isTrade":false},{"advertId":"201305212273221","vehicleMake":"Opel","vehicleModel":"Astra","vehicleDerivative":"SXI 1.4 I 16V 3DR","vehiclePriceEuro":7650,"vehicleYearOfManufacture":2006,"advertiserCounty":"Dublin","isPSL":true,"privatePSL":false,"vehicleImageId":"13961923","imagecount":9,"isTrade":false},{"advertId":"201309212674259","vehicleMake":"Opel","vehicleModel":"Astra","vehicleDerivative":"SXI 1.4 I 16V 3DR","vehiclePriceEuro":7500,"vehicleYearOfManufacture":2006,"advertiserCounty":"Dublin","isPSL":true,"privatePSL":false,"vehicleImageId":"14036847","imagecount":2,"isTrade":false},{"advertId":"32113555752618520","vehicleMake":"Opel","vehicleModel":"Astra","vehicleDerivative":"DESIGN CDTI 100","vehiclePriceEuro":7450,"vehicleYearOfManufacture":2006,"advertiserCounty":"Dublin","isPSL":false,"privatePSL":false,"vehicleImageId":"a52e51b4-3e51-4903-9b1b-a3bb5c9eae30","imagecount":10,"advertiserName":"Trade Price Cars","isTrade":true},{"advertId":"201244210793596","vehicleMake":"Opel","vehicleModel":"Astra","vehicleDerivative":"TT SPORT 1.6 I 16V","vehiclePriceEuro":7300,"vehicleYearOfManufacture":2006,"advertiserCounty":"Waterford","isPSL":true,"privatePSL":false,"vehicleImageId":"14096247","imagecount":6,"isTrade":false},{"advertId":"201305212227825","vehicleMake":"Opel","vehicleModel":"Astra","vehicleDerivative":"SXI","vehiclePriceEuro":7200,"vehicleYearOfManufacture":2006,"advertiserCounty":"Mayo","isPSL":true,"privatePSL":false,"vehicleImageId":"14306187","imagecount":4,"isTrade":false},{"advertId":"201245210901385","vehicleMake":"Opel","vehicleModel":"Astra","vehicleDerivative":"1.4","vehiclePriceEuro":7000,"vehicleYearOfManufacture":2006,"advertiserCounty":"Kildare","isPSL":true,"privatePSL":false,"vehicleImageId":"14115532","imagecount":4,"isTrade":false},{"advertId":"33413602512893640","vehicleMake":"Opel","vehicleModel":"Astra","vehicleDerivative":"SXI 1.4 I 16V 3DR","vehiclePriceEuro":7000,"vehicleYearOfManufacture":2006,"advertiserCounty":"Galway","isPSL":false,"privatePSL":false,"vehicleImageId":"12e46459-e3b4-45a7-b54d-0b1fa72e99bb","imagecount":9,"advertiserName":"Tom Doyle Motors Ltd","isTrade":true},{"advertId":"201243210628022","vehicleMake":"Opel","vehicleModel":"Astra","vehicleDerivative":"SXi","vehiclePriceEuro":6999,"vehicleYearOfManufacture":2006,"advertiserCounty":"Roscommon","isPSL":true,"privatePSL":false,"vehicleImageId":"14070179","imagecount":1,"isTrade":false},{"advertId":"34413618333130700","vehicleMake":"Opel","vehicleModel":"Astra","vehicleDerivative":"DESIGN 1.4 SPORTSHATCH 3 DOOR","vehiclePriceEuro":6950,"vehicleYearOfManufacture":2006,"advertiserCounty":"Kilkenny","isPSL":false,"privatePSL":false,"vehicleImageId":"dfd6ef05-e51a-4361-9243-5274bd912cb0","imagecount":5,"advertiserName":"Young Motors","isTrade":true},{"advertId":"34213611294074260","vehicleMake":"Opel","vehicleModel":"Astra","vehicleDerivative":"SPORTIVE 1.3 CDTI..NEW D,O,E ","vehiclePriceEuro":6950,"vehicleYearOfManufacture":2006,"advertiserCounty":"Dublin","isPSL":false,"privatePSL":false,"vehicleImageId":"dc76bc4a-bd22-4af3-8182-f23b35a360c2","imagecount":10,"advertiserName":"N 4 Autopoint","isTrade":true},{"advertId":"31513592105580470","vehicleMake":"Opel","vehicleModel":"Astra","vehicleDerivative":"SXI 1.4 I 16V 3DR","vehiclePriceEuro":6950,"vehicleYearOfManufacture":2006,"advertiserCounty":"Cork","isPSL":true,"privatePSL":false,"vehicleImageId":"27012c41-ccfe-461b-8463-65ef7c957d27","imagecount":6,"advertiserName":"Cork Auto Sales","isTrade":true},{"advertId":"34013620737829880","vehicleMake":"Opel","vehicleModel":"Astra","vehicleDerivative":"CLUB 1.4 I 16V 5DR","vehiclePriceEuro":6950,"vehicleYearOfManufacture":2006,"advertiserCounty":"Dublin","isPSL":false,"privatePSL":false,"vehicleImageId":"537a6078-b2a9-4814-aba6-a8b2cbeb261d","imagecount":14,"advertiserName":"Lewis Motors","isTrade":true},{"advertId":"33913606624986130","vehicleMake":"Opel","vehicleModel":"Astra","vehicleDerivative":"1.3 CDTI SXI (Panoramic Roof)","vehiclePriceEuro":6850,"vehicleYearOfManufacture":2006,"advertiserCounty":"Kildare","isPSL":true,"privatePSL":false,"vehicleImageId":"5d42cf58-b82b-4829-b46b-8586132c9852","imagecount":7,"advertiserName":"T.P. Waters","isTrade":true},{"advertId":"29613474515691460","vehicleMake":"Opel","vehicleModel":"Astra","vehicleDerivative":"1.3l Diesel","vehiclePriceEuro":6850,"vehicleYearOfManufacture":2006,"advertiserCounty":"Waterford","isPSL":false,"privatePSL":false,"vehicleImageId":"3dc08cc5-4283-48b6-a3ab-b64e1012a096","imagecount":15,"advertiserName":"Castletown Carsales","isTrade":true},{"advertId":"201305212273211","vehicleMake":"Opel","vehicleModel":"Astra","vehicleDerivative":"DESIGN 1.6 I 16V 5DR","vehiclePriceEuro":6800,"vehicleYearOfManufacture":2006,"advertiserCounty":"Galway","isPSL":true,"privatePSL":false,"vehicleImageId":"13961900","imagecount":4,"isTrade":false},{"advertId":"31713595396277860","vehicleMake":"Opel","vehicleModel":"Astra","vehicleDerivative":"SXI 1.4 I 16V 3DR","vehiclePriceEuro":6750,"vehicleYearOfManufacture":2006,"advertiserCounty":"Tipperary","isPSL":false,"privatePSL":false,"imagecount":0,"advertiserName":"Young's Garage (Roscrea) Ltd. (OPEL Main Dealer)","isTrade":true},{"advertId":"31413581836735230","vehicleMake":"Opel","vehicleModel":"Astra","vehicleDerivative":"CLUB 1.4 I 16V 5DR","vehiclePriceEuro":6500,"vehicleYearOfManufacture":2006,"advertiserCounty":"Wexford","isPSL":false,"privatePSL":false,"imagecount":0,"advertiserName":"Ferrybank Motors","isTrade":true},{"advertId":"201246210951262","vehicleMake":"Opel","vehicleModel":"Astra","vehicleDerivative":"SXI 1.4 I 16V 3DR","vehiclePriceEuro":6500,"vehicleYearOfManufacture":2006,"advertiserCounty":"Roscommon","isPSL":true,"privatePSL":false,"vehicleImageId":"12693584","imagecount":4,"isTrade":false},{"advertId":"31313474579091200","vehicleMake":"Opel","vehicleModel":"Astra","vehicleDerivative":"SXI 16V 03DR","vehiclePriceEuro":6500,"vehicleYearOfManufacture":2006,"advertiserCounty":"Sligo","isPSL":false,"privatePSL":false,"vehicleImageId":"1f5a63c4-901b-4c5b-9d72-b6795bfd19fa","imagecount":8,"advertiserName":"McCormack Car Sales (Sligo)","isTrade":true},{"advertId":"201246210973923","vehicleMake":"Opel","vehicleModel":"Astra","vehiclePriceEuro":6500,"vehicleYearOfManufacture":2006,"advertiserCounty":"Galway","isPSL":true,"privatePSL":false,"vehicleImageId":"14138745","imagecount":4,"isTrade":false},{"advertId":"201245210884859","vehicleMake":"Opel","vehicleModel":"Astra","vehicleDerivative":"CLUB 1.4 I 16V 5DR","vehiclePriceEuro":6500,"vehicleYearOfManufacture":2006,"advertiserCounty":"Dublin","isPSL":true,"privatePSL":false,"vehicleImageId":"14111377","imagecount":8,"isTrade":false},{"advertId":"201309212698702","vehicleMake":"Opel","vehicleModel":"Astra","vehicleDerivative":"CLUB 1.4 I 16V 5DR","vehiclePriceEuro":6495,"vehicleYearOfManufacture":2006,"advertiserCounty":"Kilkenny","isPSL":true,"privatePSL":false,"vehicleImageId":"14272413","imagecount":9,"isTrade":false},{"advertId":"32713595434988720","vehicleMake":"Opel","vehicleModel":"Astra","vehicleDerivative":"SXI 1.4 12 MONTHS WARRANTY","vehiclePriceEuro":6450,"vehicleYearOfManufacture":2006,"advertiserCounty":"Dublin","isPSL":true,"privatePSL":false,"vehicleImageId":"42fcba4b-8766-452c-9c76-a89ad57d06e0","imagecount":9,"advertiserName":"Ultimate Cars Ltd.","isTrade":true},{"advertId":"34013620633716940","vehicleMake":"Opel","vehicleModel":"Astra","vehicleDerivative":"CLUB 1.3 CDTI 6 SPD **65 MPG....**","vehiclePriceEuro":6445,"vehicleYearOfManufacture":2006,"advertiserCounty":"Meath","isPSL":false,"privatePSL":false,"vehicleImageId":"6a65cc58-278a-442a-9758-40b92839647a","imagecount":9,"advertiserName":"East Coast Cars + Virginia Auto Sales","isTrade":true},{"advertId":"33913601001880970","vehicleMake":"Opel","vehicleModel":"Astra","vehicleDerivative":"LIFE 1.3 CDTI 90PS","vehiclePriceEuro":6200,"vehicleYearOfManufacture":2006,"advertiserCounty":"Sligo","isPSL":false,"privatePSL":false,"vehicleImageId":"819b3665-9d2a-4dd7-b4a1-3d9d4628b281","imagecount":6,"advertiserName":"Currid Motors","isTrade":true},{"advertId":"201304212137266","vehicleMake":"Opel","vehicleModel":"Astra","vehicleDerivative":"SXI SPORT 1.3 CDTI 90PS","vehiclePriceEuro":6000,"vehicleYearOfManufacture":2006,"advertiserCounty":"Dublin","isPSL":true,"privatePSL":false,"vehicleImageId":"14289653","imagecount":4,"isTrade":false},{"advertId":"201302211870355","vehicleMake":"Opel","vehicleModel":"Astra","vehicleDerivative":"SXI 1.4 I 16V 3DR","vehiclePriceEuro":6000,"vehicleYearOfManufacture":2006,"advertiserCounty":"Dublin","isPSL":true,"privatePSL":false,"vehicleImageId":"14254199","imagecount":6,"isTrade":false},{"advertId":"201305212205251","vehicleMake":"Opel","vehicleModel":"Astra","vehicleDerivative":"SRI 2.0I 16V TURBO","vehiclePriceEuro":6000,"vehicleYearOfManufacture":2006,"advertiserCounty":"Monaghan","isPSL":true,"privatePSL":false,"vehicleImageId":"13946625","imagecount":2,"isTrade":false},{"advertId":"201242210599190","vehicleMake":"Opel","vehicleModel":"Astra","vehicleDerivative":"SXI","vehiclePriceEuro":5995,"vehicleYearOfManufacture":2006,"advertiserCounty":"Dublin","isPSL":true,"privatePSL":false,"vehicleImageId":"14065741","imagecount":3,"isTrade":false},{"advertId":"31513579940415010","vehicleMake":"Opel","vehicleModel":"Astra","vehicleDerivative":"astra diesel 1.3","vehiclePriceEuro":5950,"vehicleYearOfManufacture":2006,"advertiserCounty":"Cork","isPSL":true,"privatePSL":false,"vehicleImageId":"088df855-0902-4eef-bc7c-bb7f01b847ef","imagecount":5,"advertiserName":"Jason O`Brien Cars","isTrade":true},{"advertId":"31713504868217990","vehicleMake":"Opel","vehicleModel":"Astra","vehicleDerivative":"CLUB 1.4 I 16V 5DR","vehiclePriceEuro":5950,"vehicleYearOfManufacture":2006,"advertiserCounty":"Dublin","isPSL":false,"privatePSL":false,"vehicleImageId":"29fcbec5-e450-489d-a4b4-23f642a2247b","imagecount":11,"advertiserName":"Trade Price Cars","isTrade":true},{"advertId":"34213621572034460","vehicleMake":"Opel","vehicleModel":"Astra","vehicleDerivative":"CLUB 1.4 I 16V 5DR","vehiclePriceEuro":5950,"vehicleYearOfManufacture":2006,"advertiserCounty":"Tipperary","isPSL":false,"privatePSL":false,"imagecount":0,"advertiserName":"Young's Garage (Roscrea) Ltd. (OPEL Main Dealer)","isTrade":true},{"advertId":"34313614822422950","vehicleMake":"Opel","vehicleModel":"Astra","vehicleDerivative":"1.4 LIFE 5DR","vehiclePriceEuro":5950,"vehicleYearOfManufacture":2006,"advertiserCounty":"Monaghan","isPSL":false,"privatePSL":false,"vehicleImageId":"6c375f36-2067-41c8-a6ae-d760f336fd41","imagecount":9,"advertiserName":"McChesney J and Sons Ltd","isTrade":true},{"advertId":"34013608611433740","vehicleMake":"Opel","vehicleModel":"Astra","vehicleDerivative":"1.4 LIFE","vehiclePriceEuro":5900,"vehicleYearOfManufacture":2006,"advertiserCounty":"Limerick","isPSL":true,"privatePSL":false,"vehicleImageId":"b5c515c2-9f8e-4fb5-a12c-0978280cdf37","imagecount":2,"advertiserName":"Frank Hogan Ltd.","isTrade":true},{"advertId":"31113470929763400","vehicleMake":"Opel","vehicleModel":"Astra","vehicleDerivative":"1.4 5dr **As New**","vehiclePriceEuro":5900,"vehicleYearOfManufacture":2006,"advertiserCounty":"Limerick","isPSL":false,"privatePSL":false,"vehicleImageId":"4f490f9f-1d28-40d2-ad30-8d76b467426c","imagecount":10,"advertiserName":"Hinchy's Garage","isTrade":true},{"advertId":"201249211259365","vehicleMake":"Opel","vehicleModel":"Astra","vehicleDerivative":"CLUB 1.4 I 16V 5DR","vehiclePriceEuro":5900,"vehicleYearOfManufacture":2006,"advertiserCounty":"Mayo","isPSL":true,"privatePSL":false,"vehicleImageId":"14185082","imagecount":8,"isTrade":false},{"advertId":"201309212649727","vehicleMake":"Opel","vehicleModel":"Astra","vehicleDerivative":"TT DESIGN 1.6 I 16V","vehiclePriceEuro":5800,"vehicleYearOfManufacture":2006,"advertiserCounty":"Tipperary","isPSL":true,"privatePSL":false,"vehicleImageId":"14370975","imagecount":9,"isTrade":false},{"advertId":"33413605829103780","vehicleMake":"Opel","vehicleModel":"Astra","vehicleDerivative":"LIFE 1.4 I 16V 5DR","vehiclePriceEuro":5750,"vehicleYearOfManufacture":2006,"advertiserCounty":"Limerick","isPSL":false,"privatePSL":false,"vehicleImageId":"05640da7-83cf-4f15-9d6d-38a5be54f948","imagecount":1,"advertiserName":"Lyons of Limerick","isTrade":true},{"advertId":"34213612081777620","vehicleMake":"Opel","vehicleModel":"Astra","vehicleDerivative":"LIFE 1.3 CDTI 90PS","vehiclePriceEuro":5600,"vehicleYearOfManufacture":2006,"advertiserCounty":"Cork","isPSL":true,"privatePSL":false,"vehicleImageId":"3d0899ac-874c-41ca-84d3-0a90b2a3b7ed","imagecount":4,"advertiserName":"Jason O`Brien Cars","isTrade":true},{"advertId":"201309212649784","vehicleMake":"Opel","vehicleModel":"Astra","vehicleDerivative":"SXI 1.7 CDTI 3DR 100PS","vehiclePriceEuro":5550,"vehicleYearOfManufacture":2006,"advertiserCounty":"Limerick","isPSL":true,"privatePSL":false,"vehicleImageId":"14371006","imagecount":6,"isTrade":false},{"advertId":"34213614815718060","vehicleMake":"Opel","vehicleModel":"Astra","vehicleDerivative":"1.4 LIFE 5DR","vehiclePriceEuro":5500,"vehicleYearOfManufacture":2006,"advertiserCounty":"Monaghan","isPSL":false,"privatePSL":false,"vehicleImageId":"26609630-56b1-49f6-baf2-47271d630185","imagecount":9,"advertiserName":"McChesney J and Sons Ltd","isTrade":true},{"advertId":"201244210748548","vehicleMake":"Opel","vehicleModel":"Astra","vehicleDerivative":"sxi","vehiclePriceEuro":5495,"vehicleYearOfManufacture":2006,"advertiserCounty":"Wexford","isPSL":true,"privatePSL":false,"vehicleImageId":"14088653","imagecount":4,"isTrade":false},{"advertId":"201242210598568","vehicleMake":"Opel","vehicleModel":"Astra","vehicleDerivative":"SXI 1.4 I 16V 5DR","vehiclePriceEuro":5400,"vehicleYearOfManufacture":2006,"advertiserCounty":"Donegal","isPSL":true,"privatePSL":false,"vehicleImageId":"14064816","imagecount":5,"isTrade":false},{"advertId":"201248211199352","vehicleMake":"Opel","vehicleModel":"Astra","vehicleDerivative":"VAN SPORT HATCH 1.3 MY06 CDTI 90PS","vehiclePriceEuro":5000,"vehicleYearOfManufacture":2006,"advertiserCounty":"Dublin","isPSL":true,"privatePSL":false,"vehicleImageId":"14175196","imagecount":2,"isTrade":false},{"advertId":"31413551580429600","vehicleMake":"Opel","vehicleModel":"Astra","vehicleDerivative":"LIFE 1.4 I 16V 5DR","vehiclePriceEuro":4950,"vehicleYearOfManufacture":2006,"advertiserCounty":"Carlow","isPSL":true,"privatePSL":false,"vehicleImageId":"793f82ff-f78f-41cf-9e79-7fbb38f2c99c","imagecount":7,"advertiserName":"Meridian Motors","isTrade":true},{"advertId":"201244210784028","vehicleMake":"Opel","vehicleModel":"Astra","vehicleDerivative":"LIFE 1.4 I 16V 5DR","vehiclePriceEuro":4950,"vehicleYearOfManufacture":2006,"advertiserCounty":"Galway","isPSL":true,"privatePSL":false,"vehicleImageId":"13704758","imagecount":6,"isTrade":false},{"advertId":"201248211217714","vehicleMake":"Opel","vehicleModel":"Astra","vehicleDerivative":"LIFE 1.4 I 16V 5DR","vehiclePriceEuro":4950,"vehicleYearOfManufacture":2006,"advertiserCounty":"Tipperary","isPSL":true,"privatePSL":false,"vehicleImageId":"14177582","imagecount":1,"isTrade":false},{"advertId":"34413619825272810","vehicleMake":"Opel","vehicleModel":"Astra","vehicleDerivative":"LIFE 1.4 I 16V 5DR","vehiclePriceEuro":4950,"vehicleYearOfManufacture":2006,"advertiserCounty":"Waterford","isPSL":false,"privatePSL":false,"vehicleImageId":"a665896e-5c60-4d29-a56a-10d146973348","imagecount":5,"advertiserName":"John Walsh Cars","isTrade":true},{"advertId":"31813523850503400","vehicleMake":"Opel","vehicleModel":"Astra","vehicleDerivative":"VAN SPORTIVE 1.7 CDT*VERY CLEAN VAN*","vehiclePriceEuro":4500,"vehicleYearOfManufacture":2006,"advertiserCounty":"Galway","isPSL":true,"privatePSL":false,"vehicleImageId":"bd612ce8-667f-4132-b965-64dd0f4a9d80","imagecount":6,"advertiserName":"Al Hayes Motors Ltd","isTrade":true},{"advertId":"201246210990074","vehicleMake":"Opel","vehicleModel":"Astra","vehicleDerivative":"life","vehiclePriceEuro":4500,"vehicleYearOfManufacture":2006,"advertiserCounty":"Laois","isPSL":true,"privatePSL":false,"vehicleImageId":"14142396","imagecount":9,"isTrade":false},{"advertId":"201251211518099","vehicleMake":"Opel","vehicleModel":"Astra","vehicleDerivative":"CLUB 1.4 I 16V 5DR","vehiclePriceEuro":4500,"vehicleYearOfManufacture":2006,"advertiserCounty":"Clare","isPSL":true,"privatePSL":false,"vehicleImageId":"13419415","imagecount":7,"isTrade":false},{"advertId":"201310212771242","vehicleMake":"Opel","vehicleModel":"Astra","vehicleDerivative":"CLUB 1.4 I 16V 5DR","vehiclePriceEuro":4500,"vehicleYearOfManufacture":2006,"advertiserCounty":"Dublin","isPSL":true,"privatePSL":false,"vehicleImageId":"14386527","imagecount":5,"isTrade":false},{"advertId":"34013623996795780","vehicleMake":"Opel","vehicleModel":"Astra","vehicleDerivative":"SXI 1.4i 16v ","vehiclePriceEuro":0,"vehicleYearOfManufacture":2006,"advertiserCounty":"Dublin","isPSL":false,"privatePSL":false,"imagecount":0,"advertiserName":"Dublin City Auctions","isTrade":true},{"advertId":"13113397126182130","vehicleMake":"Opel","vehicleModel":"Astra","vehicleDerivative":"LIFE 1.4 I 16V 5DR","vehiclePriceEuro":0,"vehicleYearOfManufacture":2006,"advertiserCounty":"Tipperary","isPSL":false,"privatePSL":false,"vehicleImageId":"44e603c2-b078-41d3-9aaf-442bea38e61c","imagecount":8,"advertiserName":"Strang Motors Ltd","isTrade":true},{"advertId":"31713597076582000","vehicleMake":"Opel","vehicleModel":"Astra","vehicleDerivative":"LIFE 1.3 CDTI 90PS","vehiclePriceEuro":0,"vehicleYearOfManufacture":2006,"advertiserCounty":"Donegal","isPSL":false,"privatePSL":false,"vehicleImageId":"a367b3f1-2e2d-4348-944e-770ff6eeaaca","imagecount":5,"advertiserName":"Browne's Cars Group","isTrade":true},{"advertId":"34313622925891390","vehicleMake":"Opel","vehicleModel":"Astra","vehicleDerivative":"Club 1.4 5DR MANUAL","vehiclePriceEuro":0,"vehicleYearOfManufacture":2006,"advertiserCounty":"Kildare","isPSL":false,"privatePSL":false,"imagecount":0,"advertiserName":"Merlin Car Auctions","isTrade":true},{"advertId":"31813560178563990","vehicleMake":"Opel","vehicleModel":"Astra","vehicleDerivative":"LIFE 1.4 I 16V 5DR","vehiclePriceEuro":0,"vehicleYearOfManufacture":2006,"advertiserCounty":"Cork","isPSL":false,"privatePSL":false,"vehicleImageId":"5b7b88ef-2c97-47e4-b96f-a5cef8edccef","imagecount":6,"advertiserName":"Shanahan Car Sales","isTrade":true},{"advertId":"33413609660559780","vehicleMake":"Opel","vehicleModel":"Astra","vehicleDerivative":"1.7 CDTI SXI **DIESEL**","vehiclePriceEuro":0,"vehicleYearOfManufacture":2006,"advertiserCounty":"Donegal","isPSL":false,"privatePSL":false,"vehicleImageId":"be83ac9a-3b62-4312-ad13-df35fd68b916","imagecount":10,"advertiserName":"Gallaghers Cars Ltd","isTrade":true},{"advertId":"5413316375942500","vehicleMake":"Opel","vehicleModel":"Astra","vehicleDerivative":"LIFE 1.4 I 16V 5DR","vehiclePriceEuro":0,"vehicleYearOfManufacture":2006,"advertiserCounty":"Cork","isPSL":false,"privatePSL":false,"vehicleImageId":"8269b89a-2396-4e62-afcc-eefef165c8ea","imagecount":3,"advertiserName":"Shanahan Car Sales","isTrade":true},{"advertId":"29913460595735010","vehicleMake":"Opel","vehicleModel":"Astra","vehicleDerivative":"3DR OPC 240PS TURBO","vehiclePriceEuro":0,"vehicleYearOfManufacture":2006,"advertiserCounty":"Donegal","isPSL":false,"privatePSL":false,"vehicleImageId":"45eae618-ac3e-4cde-9813-a15482da893e","imagecount":17,"advertiserName":"Herron Auto","isTrade":true},{"advertId":"201245210905494","vehicleMake":"Opel","vehicleModel":"Astra","vehicleDerivative":"SXI 1.4 I 16V 3DR","vehiclePriceEuro":7250,"vehicleYearOfManufacture":2005,"advertiserCounty":"Laois","isPSL":true,"privatePSL":false,"vehicleImageId":"14122766","imagecount":9,"isTrade":false},{"advertId":"32713588675833440","vehicleMake":"Opel","vehicleModel":"Astra","vehicleDerivative":"SXI 1.4 I 16V 3DR","vehiclePriceEuro":6900,"vehicleYearOfManufacture":2005,"advertiserCounty":"Mayo","isPSL":false,"privatePSL":false,"vehicleImageId":"b4c6cf3f-4fb6-4ea0-a58b-03d30dd5667a","imagecount":6,"advertiserName":"Cosgraves Garage Ltd","isTrade":true},{"advertId":"33413604215020390","vehicleMake":"Opel","vehicleModel":"Astra","vehicleDerivative":"LIFE 1.6, AUTOMATIC, LOW MILES, NCT 1/15","vehiclePriceEuro":6799,"vehicleYearOfManufacture":2005,"advertiserCounty":"Dublin","isPSL":false,"privatePSL":false,"vehicleImageId":"7e08971f-44ff-4e33-b037-709cda5f6885","imagecount":12,"advertiserName":"Dunne Motor Services","isTrade":true},{"advertId":"29713448683872300","vehicleMake":"Opel","vehicleModel":"Astra","vehicleDerivative":"LIFE 1.7 CDTI 80PS","vehiclePriceEuro":6495,"vehicleYearOfManufacture":2005,"advertiserCounty":"Kerry","isPSL":false,"privatePSL":false,"vehicleImageId":"c0763960-3a5c-4a16-844e-9c7f0c2092a9","imagecount":2,"advertiserName":"Joe O'Connor Car Sales","isTrade":true}],"totalAdvertCount":45174}