{"adverts":[{"advertId":"201305212273177","vehicleMake":"Toyota","vehicleModel":"Celica","vehicleDerivative":"1.8 VVTI A/C 03DR","vehiclePriceEuro":3850,"vehicleYearOfManufacture":2001,"advertiserCounty":"Dublin","isPSL":true,"privatePSL":false,"vehicleImageId":"13962460","imagecount":2,"isTrade":false},{"advertId":"201244210802412","vehicleMake":"Toyota","vehicleModel":"Celica","vehicleDerivative":"1.8 VVTI 03DR","vehiclePriceEuro":3700,"vehicleYearOfManufacture":2001,"advertiserCounty":"Kildare","isPSL":true,"privatePSL":false,"vehicleImageId":"14097819","imagecount":9,"isTrade":false},{"advertId":"201306212341177","vehicleMake":"Toyota","vehicleModel":"Celica","vehicleDerivative":"vvti","vehiclePriceEuro":3400,"vehicleYearOfManufacture":2001,"advertiserCounty":"Kerry","isPSL":true,"privatePSL":false,"vehicleImageId":"13987809","imagecount":9,"isTrade":false},{"advertId":"201246210951583","vehicleMake":"Toyota","vehicleModel":"Celica","vehicleDerivative":"1.8 VVTI 03DR","vehiclePriceEuro":2950,"vehicleYearOfManufacture":2001,"advertiserCounty":"Dublin","isPSL":true,"privatePSL":false,"vehicleImageId":"13743570","imagecount":4,"isTrade":false},{"advertId":"34113602603944700","vehicleMake":"Toyota","vehicleModel":"Celica","vehicleDerivative":"1.8 140bhp","vehiclePriceEuro":2950,"vehicleYearOfManufacture":2001,"advertiserCounty":"Dublin","isPSL":false,"privatePSL":false,"imagecount":0,"advertiserName":"Autocity","isTrade":true},{"advertId":"201242210576303","vehicleMake":"Toyota","vehicleModel":"Celica","vehicleDerivative":"1.8 VVTI DOHC 140BHP 03DR","vehiclePriceEuro":2750,"vehicleYearOfManufacture":2001,"advertiserCounty":"Dublin","isPSL":true,"privatePSL":false,"vehicleImageId":"14059932","imagecount":6,"isTrade":false},{"advertId":"201304212137502","vehicleMake":"Toyota","vehicleModel":"Celica","vehicleDerivative":"ZZT231 03DR","vehiclePriceEuro":2600,"vehicleYearOfManufacture":2001,"advertiserCounty":"Louth","isPSL":true,"privatePSL":false,"vehicleImageId":"14290556","imagecount":7,"isTrade":false},{"advertId":"201308212625497","vehicleMake":"Toyota","vehicleModel":"Celica","vehicleDerivative":"1.8 VVTI DOHC 140BHP 03DR","vehiclePriceEuro":2500,"vehicleYearOfManufacture":2001,"advertiserCounty":"Dublin","isPSL":true,"privatePSL":false,"vehicleImageId":"14021695","imagecount":9,"isTrade":false},{"advertId":"201308212553663","vehicleMake":"Toyota","vehicleModel":"Celica","vehicleDerivative":"1.8 VVT-I AIR CONDITIONING DOHC 140BHP 3DR","vehiclePriceEuro":2497,"vehicleYearOfManufacture":2001,"advertiserCounty":"Dublin","isPSL":true,"privatePSL":false,"vehicleImageId":"14357834","imagecount":6,"isTrade":false},{"advertId":"201304212114993","vehicleMake":"Toyota","vehicleModel":"Celica","vehicleDerivative":"VVTI","vehiclePriceEuro":2495,"vehicleYearOfManufacture":2001,"advertiserCounty":"Dublin","isPSL":true,"privatePSL":false,"vehicleImageId":"13928712","imagecount":2,"isTrade":false},{"advertId":"201309212747051","vehicleMake":"Toyota","vehicleModel":"Celica","vehicleDerivative":"1.8 VVTL-I T SPORT 190BHP DOHC 3DR","vehiclePriceEuro":1950,"vehicleYearOfManufacture":2001,"advertiserCounty":"Galway","isPSL":true,"privatePSL":false,"vehicleImageId":"14383580","imagecount":4,"isTrade":false},{"advertId":"201303211959804","vehicleMake":"Toyota","vehicleModel":"Celica","vehicleDerivative":"1.8 VVT-I 3DR","vehiclePriceEuro":1850,"vehicleYearOfManufacture":2001,"advertiserCounty":"Dublin","isPSL":true,"privatePSL":false,"vehicleImageId":"14264823","imagecount":4,"isTrade":false},{"advertId":"201309212698595","vehicleMake":"Toyota","vehicleModel":"Celica","vehicleDerivative":"1.8 VVTI DOHC 140BHP 03DR","vehiclePriceEuro":1500,"vehicleYearOfManufacture":2001,"advertiserCounty":"Galway","isPSL":true,"privatePSL":false,"vehicleImageId":"13653960","imagecount":6,"isTrade":false},{"advertId":"713239404517080","vehicleMake":"Toyota","vehicleModel":"Celica","vehicleDerivative":"VVT-I","vehiclePriceEuro":0,"vehicleYearOfManufacture":2001,"advertiserCounty":"Dublin","isPSL":true,"privatePSL":false,"vehicleImageId":"84bd8fed-10d6-404c-818b-83ba1e42d3b2","imagecount":9,"advertiserName":"Motoright Ltd.","isTrade":true},{"advertId":"201306212363430","vehicleMake":"Toyota","vehicleModel":"Celica","vehicleDerivative":"ZZT231 03DR","vehiclePriceEuro":7000,"vehicleYearOfManufacture":2000,"advertiserCounty":"Waterford","isPSL":true,"privatePSL":false,"vehicleImageId":"11333602","imagecount":9,"isTrade":false},{"advertId":"201245210905614","vehicleMake":"Toyota","vehicleModel":"Celica","vehicleDerivative":"ZZT231 03DR A","vehiclePriceEuro":6000,"vehicleYearOfManufacture":2000,"advertiserCounty":"Louth","isPSL":true,"privatePSL":false,"vehicleImageId":"14123042","imagecount":9,"isTrade":false},{"advertId":"201245210926497","vehicleMake":"Toyota","vehicleModel":"Celica","vehicleDerivative":"TRD Sports M 220BHP","vehiclePriceEuro":5250,"vehicleYearOfManufacture":2000,"advertiserCounty":"Dublin","isPSL":true,"privatePSL":false,"vehicleImageId":"14127426","imagecount":6,"isTrade":false},{"advertId":"201302211870689","vehicleMake":"Toyota","vehicleModel":"Celica","vehicleDerivative":"VVTLI 03DR 190BHP","vehiclePriceEuro":3500,"vehicleYearOfManufacture":2000,"advertiserCounty":"Meath","isPSL":true,"privatePSL":false,"vehicleImageId":"14254906","imagecount":6,"isTrade":false},{"advertId":"201245210884873","vehicleMake":"Toyota","vehicleModel":"Celica","vehicleDerivative":"1.8 VVTI 3DR 190BHP","vehiclePriceEuro":3200,"vehicleYearOfManufacture":2000,"advertiserCounty":"Wexford","isPSL":true,"privatePSL":false,"vehicleImageId":"14111363","imagecount":8,"isTrade":false},{"advertId":"201245210892270","vehicleMake":"Toyota","vehicleModel":"Celica","vehicleDerivative":"ZZT231 03DR A","vehiclePriceEuro":3150,"vehicleYearOfManufacture":2000,"advertiserCounty":"Dublin","isPSL":true,"privatePSL":false,"vehicleImageId":"14113911","imagecount":7,"isTrade":false},{"advertId":"201302211870674","vehicleMake":"Toyota","vehicleModel":"Celica","vehicleDerivative":"VVTLI 03DR 190BHP","vehiclePriceEuro":2900,"vehicleYearOfManufacture":2000,"advertiserCounty":"Meath","isPSL":true,"privatePSL":false,"vehicleImageId":"14254906","imagecount":6,"isTrade":false},{"advertId":"201247211069364","vehicleMake":"Toyota","vehicleModel":"Celica","vehicleDerivative":"1.8 VVTI 3DR","vehiclePriceEuro":2900,"vehicleYearOfManufacture":2000,"advertiserCounty":"Limerick","isPSL":true,"privatePSL":false,"vehicleImageId":"12731614","imagecount":4,"isTrade":false},{"advertId":"201307212448212","vehicleMake":"Toyota","vehicleModel":"Celica","vehicleDerivative":"1.8 VVT-I 3DR","vehiclePriceEuro":2850,"vehicleYearOfManufacture":2000,"advertiserCounty":"Dublin","isPSL":true,"privatePSL":false,"vehicleImageId":"14343546","imagecount":3,"isTrade":false},{"advertId":"201243210628087","vehicleMake":"Toyota","vehicleModel":"Celica","vehicleDerivative":"1.8 VVTI DOHC 140BHP 03DR","vehiclePriceEuro":2800,"vehicleYearOfManufacture":2000,"advertiserCounty":"Donegal","isPSL":true,"privatePSL":false,"imagecount":0,"isTrade":false},{"advertId":"201305212273489","vehicleMake":"Toyota","vehicleModel":"Celica","vehicleDerivative":"ZZT230 03DR A","vehiclePriceEuro":2600,"vehicleYearOfManufacture":2000,"advertiserCounty":"Dublin","isPSL":true,"privatePSL":false,"vehicleImageId":"13958967","imagecount":9,"isTrade":false},{"advertId":"201245210905720","vehicleMake":"Toyota","vehicleModel":"Celica","vehicleDerivative":"VVT-i DOHC 140bhp Leather interior","vehiclePriceEuro":2500,"vehicleYearOfManufacture":2000,"advertiserCounty":"Wexford","isPSL":true,"privatePSL":false,"vehicleImageId":"14123490","imagecount":9,"isTrade":false},{"advertId":"31513592195921410","vehicleMake":"Toyota","vehicleModel":"Celica","vehicleDerivative":"1.8 VVT-I 3DR","vehiclePriceEuro":2495,"vehicleYearOfManufacture":2000,"advertiserCounty":"Dublin","isPSL":false,"privatePSL":false,"vehicleImageId":"9d9589da-6478-4af9-89b3-83a9decde37f","imagecount":7,"advertiserName":"Larry Lawless Motors","isTrade":true},{"advertId":"201307212481288","vehicleMake":"Toyota","vehicleModel":"Celica","vehicleDerivative":"1.8 VVT-I DOHC 140BHP 3DR","vehiclePriceEuro":2400,"vehicleYearOfManufacture":2000,"advertiserCounty":"Sligo","isPSL":true,"privatePSL":false,"imagecount":0,"isTrade":false},{"advertId":"201243210658875","vehicleMake":"Toyota","vehicleModel":"Celica","vehicleDerivative":"1.8 VVTI 3DR","vehiclePriceEuro":2250,"vehicleYearOfManufacture":2000,"advertiserCounty":"Mayo","isPSL":true,"privatePSL":false,"vehicleImageId":"14079707","imagecount":9,"isTrade":false},{"advertId":"201242210599141","vehicleMake":"Toyota","vehicleModel":"Celica","vehicleDerivative":"1.8 VVTI 3DR","vehiclePriceEuro":2200,"vehicleYearOfManufacture":2000,"advertiserCounty":"Cavan","isPSL":true,"privatePSL":false,"vehicleImageId":"14065440","imagecount":3,"isTrade":false},{"advertId":"201305212205393","vehicleMake":"Toyota","vehicleModel":"Celica","vehicleDerivative":"1.8 VVTI 3DR","vehiclePriceEuro":2200,"vehicleYearOfManufacture":2000,"advertiserCounty":"Dublin","isPSL":true,"privatePSL":false,"vehicleImageId":"14303382","imagecount":5,"isTrade":false},{"advertId":"201308212529644","vehicleMake":"Toyota","vehicleModel":"Celica","vehicleDerivative":"VVTLi-192 KM !!!!!!!! IMPORTED FROM JAPAN !!!!","vehiclePriceEuro":2000,"vehicleYearOfManufacture":2000,"advertiserCounty":"Monaghan","isPSL":true,"privatePSL":false,"vehicleImageId":"14353508","imagecount":9,"isTrade":false},{"advertId":"201248211219351","vehicleMake":"Toyota","vehicleModel":"Celica","vehicleDerivative":"1.8 VVTI 3DR","vehiclePriceEuro":2000,"vehicleYearOfManufacture":2000,"advertiserCounty":"Dublin","isPSL":true,"privatePSL":false,"vehicleImageId":"14178398","imagecount":1,"isTrade":false},{"advertId":"201306212386380","vehicleMake":"Toyota","vehicleModel":"Celica","vehicleDerivative":"VVTL-i 192bhp","vehiclePriceEuro":1950,"vehicleYearOfManufacture":2000,"advertiserCounty":"Dublin","isPSL":true,"privatePSL":false,"vehicleImageId":"14333353","imagecount":9,"isTrade":false},{"advertId":"6113354346200330","vehicleMake":"Toyota","vehicleModel":"Celica","vehicleDerivative":"1.8 VVTI 3DR","vehiclePriceEuro":1950,"vehicleYearOfManufacture":2000,"advertiserCounty":"Dublin","isPSL":true,"privatePSL":false,"vehicleImageId":"fd4f654a-cbd7-43e6-a6b7-c932b6494cae","imagecount":9,"advertiserName":"Murphy Doyle","isTrade":true},{"advertId":"201307212457405","vehicleMake":"Toyota","vehicleModel":"Celica","vehicleDerivative":"1.8 VVTI DOHC 140BHP 03DR","vehiclePriceEuro":1950,"vehicleYearOfManufacture":2000,"advertiserCounty":"Kildare","isPSL":true,"privatePSL":false,"vehicleImageId":"13999979","imagecount":7,"isTrade":false},{"advertId":"32113578299477940","vehicleMake":"Toyota","vehicleModel":"Celica","vehiclePriceEuro":1750,"vehicleYearOfManufacture":2000,"advertiserCounty":"Cork","isPSL":false,"privatePSL":false,"vehicleImageId":"4f8e14c5-ffb5-426c-893d-a24f24ca5df9","imagecount":1,"advertiserName":"O'Leary's Lissarda (Volkswagen Dealer)","isTrade":true},{"advertId":"201251211517919","vehicleMake":"Toyota","vehicleModel":"Celica","vehiclePriceEuro":3400,"vehicleYearOfManufacture":1999,"advertiserCounty":"Dublin","isPSL":true,"privatePSL":false,"vehicleImageId":"13846695","imagecount":8,"isTrade":false},{"advertId":"201250211375123","vehicleMake":"Toyota","vehicleModel":"Celica","vehicleDerivative":"ZZT231 03DR","vehiclePriceEuro":2600,"vehicleYearOfManufacture":1999,"advertiserCounty":"Dublin","isPSL":true,"privatePSL":false,"vehicleImageId":"14201214","imagecount":7,"isTrade":false},{"advertId":"201247211120421","vehicleMake":"Toyota","vehicleModel":"Celica","vehicleDerivative":"ZZT230 03DR A","vehiclePriceEuro":2300,"vehicleYearOfManufacture":1999,"advertiserCounty":"Dublin","isPSL":true,"privatePSL":false,"vehicleImageId":"13762416","imagecount":8,"isTrade":false},{"advertId":"33213618059255150","vehicleMake":"Toyota","vehicleModel":"Celica","vehicleDerivative":"ZZT231 3DR A","vehiclePriceEuro":1950,"vehicleYearOfManufacture":1999,"advertiserCounty":"Dublin","isPSL":false,"privatePSL":false,"vehicleImageId":"c161ea6f-011a-4667-835c-9125bc5cefe1","imagecount":7,"advertiserName":"JOC Car Sales","isTrade":true},{"advertId":"201309212698614","vehicleMake":"Toyota","vehicleModel":"Celica","vehicleDerivative":"ZZT231 03DR","vehiclePriceEuro":1950,"vehicleYearOfManufacture":1999,"advertiserCounty":"Wexford","isPSL":true,"privatePSL":false,"vehicleImageId":"13685847","imagecount":9,"isTrade":false},{"advertId":"201304212115168","vehicleMake":"Toyota","vehicleModel":"Celica","vehicleDerivative":"ZZT231 03DR","vehiclePriceEuro":1950,"vehicleYearOfManufacture":1999,"advertiserCounty":"Wicklow","isPSL":true,"privatePSL":false,"vehicleImageId":"13928502","imagecount":5,"isTrade":false},{"advertId":"201307212457112","vehicleMake":"Toyota","vehicleModel":"Celica","vehiclePriceEuro":1150,"vehicleYearOfManufacture":1999,"advertiserCounty":"Waterford","isPSL":true,"privatePSL":false,"imagecount":0,"isTrade":false},{"advertId":"413239405452480","vehicleMake":"Toyota","vehicleModel":"Celica","vehicleDerivative":"1.8 TWIN CAM VVT-I","vehiclePriceEuro":0,"vehicleYearOfManufacture":1999,"advertiserCounty":"Dublin","isPSL":true,"privatePSL":false,"vehicleImageId":"a9838a94-e940-4311-8c0b-5796e36375b0","imagecount":6,"advertiserName":"Motoright Ltd.","isTrade":true},{"advertId":"30913493752654370","vehicleMake":"Toyota","vehicleModel":"Celica","vehicleDerivative":"ST202 03DR A","vehiclePriceEuro":2950,"vehicleYearOfManufacture":1998,"advertiserCounty":"Cork","isPSL":false,"privatePSL":false,"vehicleImageId":"cce4f9cb-53e0-43e4-ae1f-c687b42827ea","imagecount":8,"advertiserName":"Motorview KIA","isTrade":true},{"advertId":"201309212674029","vehicleMake":"Toyota","vehicleModel":"Celica","vehicleDerivative":"yamaha beams ss111","vehiclePriceEuro":2200,"vehicleYearOfManufacture":1998,"advertiserCounty":"Dublin","isPSL":true,"privatePSL":false,"vehicleImageId":"12519681","imagecount":4,"isTrade":false},{"advertId":"201251211518245","vehicleMake":"Toyota","vehicleModel":"Celica","vehicleDerivative":"ss111","vehiclePriceEuro":1200,"vehicleYearOfManufacture":1998,"advertiserCounty":"Kildare","isPSL":true,"privatePSL":false,"vehicleImageId":"13847618","imagecount":7,"isTrade":false},{"advertId":"201251211515889","vehicleMake":"Toyota","vehicleModel":"Celica","vehicleDerivative":"ST203 03DR","vehiclePriceEuro":750,"vehicleYearOfManufacture":1998,"advertiserCounty":"Kildare","isPSL":true,"privatePSL":false,"vehicleImageId":"13847119","imagecount":4,"isTrade":false},{"advertId":"201306212363380","vehicleMake":"Toyota","vehicleModel":"Celica","vehicleDerivative":"GT4 ST205.","vehiclePriceEuro":6500,"vehicleYearOfManufacture":1997,"advertiserCounty":"Cork","isPSL":true,"privatePSL":false,"vehicleImageId":"13984375","imagecount":7,"isTrade":false},{"advertId":"201233209630197","vehicleMake":"Toyota","vehicleModel":"Celica","vehicleDerivative":"ST205 GT4 TURBO 03DR","vehiclePriceEuro":3000,"vehicleYearOfManufacture":1997,"advertiserCounty":"Dublin","isPSL":true,"privatePSL":false,"vehicleImageId":"13332093","imagecount":9,"isTrade":false},{"advertId":"713232466762320","vehicleMake":"Toyota","vehicleModel":"Celica","vehicleDerivative":"2.0 Auto","vehiclePriceEuro":2950,"vehicleYearOfManufacture":1997,"advertiserCounty":"Dublin","isPSL":false,"privatePSL":false,"vehicleImageId":"4ee50fe0-43a6-443e-96a5-76e7f2f5453d","imagecount":7,"advertiserName":"Autobuyer","isTrade":true},{"advertId":"201247211123642","vehicleMake":"Toyota","vehicleModel":"Celica","vehiclePriceEuro":2500,"vehicleYearOfManufacture":1997,"advertiserCounty":"Cork","isPSL":true,"privatePSL":false,"vehicleImageId":"14164041","imagecount":4,"isTrade":false},{"advertId":"201245210884943","vehicleMake":"Toyota","vehicleModel":"Celica","vehicleDerivative":"ST202 03DR","vehiclePriceEuro":1800,"vehicleYearOfManufacture":1997,"advertiserCounty":"Dublin","isPSL":true,"privatePSL":false,"vehicleImageId":"14111647","imagecount":9,"isTrade":false},{"advertId":"201250211405623","vehicleMake":"Toyota","vehicleModel":"Celica","vehicleDerivative":"ST202 03DR","vehiclePriceEuro":1700,"vehicleYearOfManufacture":1997,"advertiserCounty":"Roscommon","isPSL":true,"privatePSL":false,"vehicleImageId":"14205469","imagecount":5,"isTrade":false},{"advertId":"201309212674183","vehicleMake":"Toyota","vehicleModel":"Celica","vehicleDerivative":"ST202 03DR","vehiclePriceEuro":1600,"vehicleYearOfManufacture":1997,"advertiserCounty":"Kildare","isPSL":true,"privatePSL":false,"vehicleImageId":"14040646","imagecount":8,"isTrade":false},{"advertId":"201305212182627","vehicleMake":"Toyota","vehicleModel":"Celica","vehicleDerivative":"2.0 GT 03DR","vehiclePriceEuro":850,"vehicleYearOfManufacture":1997,"advertiserCounty":"Cork","isPSL":true,"privatePSL":false,"vehicleImageId":"14297383","imagecount":5,"isTrade":false},{"advertId":"5713317699350500","vehicleMake":"Toyota","vehicleModel":"Celica","vehicleDerivative":"2.0 PETROL","vehiclePriceEuro":0,"vehicleYearOfManufacture":1997,"advertiserCounty":"Tipperary","isPSL":false,"privatePSL":false,"vehicleImageId":"5459b72b-474b-4181-9291-d61e578492c3","imagecount":6,"advertiserName":"Strang Motors Ltd","isTrade":true},{"advertId":"30913505737741150","vehicleMake":"Toyota","vehicleModel":"Celica","vehicleDerivative":"GT4 ST205 TURBO, TAX'D 02/13","vehiclePriceEuro":9950,"vehicleYearOfManufacture":1996,"advertiserCounty":"Dublin","isPSL":true,"privatePSL":false,"vehicleImageId":"05ed4938-4cef-47e8-a0f6-bd9ec0eec1c1","imagecount":12,"advertiserName":"Autocentre","isTrade":true},{"advertId":"31113566575408870","vehicleMake":"Toyota","vehicleModel":"Celica","vehicleDerivative":"AUTOMATIC","vehiclePriceEuro":2250,"vehicleYearOfManufacture":1996,"advertiserCounty":"Cork","isPSL":false,"privatePSL":false,"vehicleImageId":"f0e108d9-6cef-4f0e-9d70-ae356d676659","imagecount":8,"advertiserName":"John Ramsay Motors","isTrade":true},{"advertId":"201305212273228","vehicleMake":"Toyota","vehicleModel":"Celica","vehicleDerivative":"ST205 TURBO 03DR","vehiclePriceEuro":2000,"vehicleYearOfManufacture":1996,"advertiserCounty":"Kilkenny","isPSL":true,"privatePSL":false,"vehicleImageId":"13961940","imagecount":3,"isTrade":false},{"advertId":"201247211123648","vehicleMake":"Toyota","vehicleModel":"Celica","vehicleDerivative":"ST202 03DR A","vehiclePriceEuro":900,"vehicleYearOfManufacture":1996,"advertiserCounty":"Dublin","isPSL":true,"privatePSL":false,"vehicleImageId":"14164054","imagecount":6,"isTrade":false},{"advertId":"201307212457368","vehicleMake":"Toyota","vehicleModel":"Celica","vehiclePriceEuro":600,"vehicleYearOfManufacture":1996,"advertiserCounty":"Dublin","isPSL":true,"privatePSL":false,"vehicleImageId":"13999829","imagecount":4,"isTrade":false},{"advertId":"201245210905488","vehicleMake":"Toyota","vehicleModel":"Celica","vehicleDerivative":"GTI","vehiclePriceEuro":1300,"vehicleYearOfManufacture":1995,"advertiserCounty":"Dublin","isPSL":true,"privatePSL":false,"vehicleImageId":"14122759","imagecount":7,"isTrade":false},{"advertId":"201250211383999","vehicleMake":"Toyota","vehicleModel":"Celica","vehicleDerivative":"GT","vehiclePriceEuro":2000,"vehicleYearOfManufacture":1994,"advertiserCounty":"Cork","isPSL":true,"privatePSL":false,"vehicleImageId":"14202548","imagecount":1,"isTrade":false},{"advertId":"201306212341243","vehicleMake":"Toyota","vehicleModel":"Celica","vehicleDerivative":"GT","vehiclePriceEuro":750,"vehicleYearOfManufacture":1994,"advertiserCounty":"Cork","isPSL":true,"privatePSL":false,"vehicleImageId":"13983791","imagecount":9,"isTrade":false},{"advertId":"201247211079702","vehicleMake":"Toyota","vehicleModel":"Celica","vehiclePriceEuro":1150,"vehicleYearOfManufacture":1992,"advertiserCounty":"Wicklow","isPSL":true,"privatePSL":false,"imagecount":0,"isTrade":false},{"advertId":"201303212004530","vehicleMake":"Toyota","vehicleModel":"Celica","vehiclePriceEuro":1100,"vehicleYearOfManufacture":1990,"advertiserCounty":"Limerick","isPSL":true,"privatePSL":false,"vehicleImageId":"14272531","imagecount":7,"isTrade":false},{"advertId":"201305212273501","vehicleMake":"Toyota","vehicleModel":"Celica","vehiclePriceEuro":800,"vehicleYearOfManufacture":1990,"advertiserCounty":"Cork","isPSL":true,"privatePSL":false,"vehicleImageId":"13959071","imagecount":5,"isTrade":false},{"advertId":"201251211494593","vehicleMake":"Toyota","vehicleModel":"Chaser","vehiclePriceEuro":8750,"vehicleYearOfManufacture":1995,"advertiserCounty":"Limerick","isPSL":true,"privatePSL":false,"vehicleImageId":"13847268","imagecount":8,"isTrade":false},{"advertId":"31913555663687970","vehicleMake":"Toyota","vehicleModel":"Corolla","vehicleDerivative":"1.4 D4D Luna","vehiclePriceEuro":24995,"vehicleYearOfManufacture":2013,"advertiserCounty":"Tipperary","isPSL":false,"privatePSL":false,"vehicleImageId":"883d28f9-e3c7-44b7-b334-6f3024b901a0","imagecount":6,"advertiserName":"Templemore Motors Works","isTrade":true},{"advertId":"34113614475116680","vehicleMake":"Toyota","vehicleModel":"Corolla","vehicleDerivative":"1.4 D4D LUNA SALOON €270 ROAD TAX","vehiclePriceEuro":23900,"vehicleYearOfManufacture":2013,"advertiserCounty":"Cork","isPSL":false,"privatePSL":false,"vehicleImageId":"400b74cb-aa95-4e20-94b5-c66b24704bb6","imagecount":1,"advertiserName":"O'Callaghan Toyota Kanturk","isTrade":true},{"advertId":"413242836314270","vehicleMake":"Toyota","vehicleModel":"Corolla","vehicleDerivative":"Terra","vehiclePriceEuro":23120,"vehicleYearOfManufacture":2013,"advertiserCounty":"Laois","isPSL":false,"privatePSL":false,"vehicleImageId":"274a1985-cd06-4076-b6e9-489764eab584","imagecount":5,"advertiserName":"Des Hughes Motors","isTrade":true},{"advertId":"33413612890757370","vehicleMake":"Toyota","vehicleModel":"Corolla","vehicleDerivative":"Tax Band B1 (€270)","vehiclePriceEuro":22950,"vehicleYearOfManufacture":2013,"advertiserCounty":"Meath","isPSL":true,"privatePSL":false,"vehicleImageId":"e305f3f7-bc0e-4a39-898e-066c622e13ea","imagecount":6,"advertiserName":"Tadg Riordan Motors Limited","isTrade":true},{"advertId":"31513577600115920","vehicleMake":"Toyota","vehicleModel":"Corolla","vehicleDerivative":"1.4 DIESEL LUNA 4DR WITH A/C, ALLOYS ETC LOW TAX NOW IN STOCK CALL PADDY 087 3286720","vehiclePriceEuro":22945,"vehicleYearOfManufacture":2013,"advertiserCounty":"Dublin","isPSL":true,"privatePSL":false,"vehicleImageId":"7f36c6f6-9e4b-4373-aab7-63104e50279c","imagecount":5,"advertiserName":"Carroll & Kinsella Motors (Walkinstown)","isTrade":true},{"advertId":"31513577597639190","vehicleMake":"Toyota","vehicleModel":"Corolla","vehicleDerivative":"1.33 LUNA 4DR WITH A/C, ALLOYS ETC LOW TAX NOW IN STOCK CALL PADDY 087 3286720","vehiclePriceEuro":22445,"vehicleYearOfManufacture":2013,"advertiserCounty":"Dublin","isPSL":true,"privatePSL":false,"vehicleImageId":"09d46095-aac9-4022-be19-4b18b78a25a4","imagecount":5,"advertiserName":"Carroll & Kinsella Motors (Walkinstown)","isTrade":true},{"advertId":"33913598044240770","vehicleMake":"Toyota","vehicleModel":"Corolla","vehicleDerivative":"1.4 D-4D LUNA DEMO MADNESS","vehiclePriceEuro":22250,"vehicleYearOfManufacture":2013,"advertiserCounty":"Wexford","isPSL":false,"privatePSL":false,"vehicleImageId":"ddfa8e3d-42a2-4600-8e69-f0df40a3e36e","imagecount":14,"advertiserName":"Hugh Boggan Motors Ltd (Newtown Road)","isTrade":true},{"advertId":"34213611830742780","vehicleMake":"Toyota","vehicleModel":"Corolla","vehicleDerivative":"1.4 D-4D TERRA MC 4DR","vehiclePriceEuro":21950,"vehicleYearOfManufacture":2013,"advertiserCounty":"Tipperary","isPSL":false,"privatePSL":false,"vehicleImageId":"803ed416-bfe0-4550-80fa-4bfb1e6cb196","imagecount":8,"advertiserName":"Templemore Motors Works","isTrade":true},{"advertId":"31513538627486110","vehicleMake":"Toyota","vehicleModel":"Corolla","vehicleDerivative":"1.4 D4D TERRA","vehiclePriceEuro":21000,"vehicleYearOfManufacture":2013,"advertiserCounty":"Waterford","isPSL":false,"privatePSL":false,"vehicleImageId":"cb5791f8-0a65-428b-a224-adffc6d0d1a0","imagecount":6,"advertiserName":"Hornibrooks of Lismore","isTrade":true},{"advertId":"29613460797035890","vehicleMake":"Toyota","vehicleModel":"Corolla","vehicleDerivative":"ORDER YOUR NEW 2013 1.4 D4D CALL PETER NOW 086 3945442 €20949","vehiclePriceEuro":20949,"vehicleYearOfManufacture":2013,"advertiserCounty":"Dublin","isPSL":true,"privatePSL":false,"vehicleImageId":"57e7d698-4caa-4dab-a8e7-3583a725cf5f","imagecount":7,"advertiserName":"Carroll & Kinsella Motors (Walkinstown)","isTrade":true},{"advertId":"32013523703926460","vehicleMake":"Toyota","vehicleModel":"Corolla","vehicleDerivative":"ORDER YOUR 131 REG NOW AND GET 3 YEARS FREE SERVICING CALL WAYNE 0876124281 FOR MORE DETAILS ","vehiclePriceEuro":20945,"vehicleYearOfManufacture":2013,"advertiserCounty":"Dublin","isPSL":true,"privatePSL":false,"vehicleImageId":"615f85e2-9a76-4ea7-99b0-61b0b6f5f3d3","imagecount":2,"advertiserName":"Carroll & Kinsella Motors (Walkinstown)","isTrade":true},{"advertId":"21113413969312310","vehicleMake":"Toyota","vehicleModel":"Corolla","vehicleDerivative":"D4D TERRA SALOON","vehiclePriceEuro":20450,"vehicleYearOfManufacture":2013,"advertiserCounty":"Cork","isPSL":false,"privatePSL":false,"vehicleImageId":"18d30903-83a4-4854-818e-e16db7f8ba39","imagecount":10,"advertiserName":"O'Callaghan Toyota Kanturk","isTrade":true},{"advertId":"32013583508907790","vehicleMake":"Toyota","vehicleModel":"Corolla","vehicleDerivative":"TERRA D4D SALOON ","vehiclePriceEuro":20450,"vehicleYearOfManufacture":2013,"advertiserCounty":"Meath","isPSL":true,"privatePSL":false,"vehicleImageId":"e76c7533-e14d-45d6-9e03-ceeb37691ac4","imagecount":3,"advertiserName":"Tadg Riordan Motors Limited","isTrade":true},{"advertId":"31813577598834380","vehicleMake":"Toyota","vehicleModel":"Corolla","vehicleDerivative":"1.4 DIESEL TERRA 4DR LOW TAX NOW IN STOCK CALL PADDY 087 3286720","vehiclePriceEuro":20449,"vehicleYearOfManufacture":2013,"advertiserCounty":"Dublin","isPSL":true,"privatePSL":false,"vehicleImageId":"a9690ca5-1a0e-431e-8240-d7eedcab8960","imagecount":8,"advertiserName":"Carroll & Kinsella Motors (Walkinstown)","isTrade":true},{"advertId":"31913578111506560","vehicleMake":"Toyota","vehicleModel":"Corolla","vehicleDerivative":"ORDER YOUR 131 REG NOW AND GET 3 YEARS FREE SERVICING CALL WAYNE 0876124281 FOR MORE DETAILS ","vehiclePriceEuro":19945,"vehicleYearOfManufacture":2013,"advertiserCounty":"Dublin","isPSL":true,"privatePSL":false,"vehicleImageId":"d0cabcaf-a766-46e9-835b-654718a1a63a","imagecount":3,"advertiserName":"Carroll & Kinsella Motors (Walkinstown)","isTrade":true},{"advertId":"31113577595042190","vehicleMake":"Toyota","vehicleModel":"Corolla","vehicleDerivative":"1.33 TERRA 4DR LOW TAX NOW IN STOCK CALL PADDY 087 3286720","vehiclePriceEuro":19945,"vehicleYearOfManufacture":2013,"advertiserCounty":"Dublin","isPSL":true,"privatePSL":false,"vehicleImageId":"86dd2fcb-877b-4487-8b60-79b90c96061b","imagecount":7,"advertiserName":"Carroll & Kinsella Motors (Walkinstown)","isTrade":true},{"advertId":"32013577530540390","vehicleMake":"Toyota","vehicleModel":"Corolla","vehicleDerivative":"ORDER YOUR NEW 2013 TOYOTA COROLLA NOW CALL PETER 086 3945442 €19945","vehiclePriceEuro":19945,"vehicleYearOfManufacture":2013,"advertiserCounty":"Dublin","isPSL":true,"privatePSL":false,"vehicleImageId":"f0e3c69a-57fa-4a5d-b05c-65e41e9a770d","imagecount":7,"advertiserName":"Carroll & Kinsella Motors (Walkinstown)","isTrade":true},{"advertId":"32013575610939730","vehicleMake":"Toyota","vehicleModel":"Corolla","vehicleDerivative":"*NEW*D4D TERRA..ASH GREY","vehiclePriceEuro":0,"vehicleYearOfManufacture":2013,"advertiserCounty":"Longford","isPSL":false,"privatePSL":false,"vehicleImageId":"79fca1cc-827a-4415-9fbe-8f08505b7f4f","imagecount":6,"advertiserName":"McNally Motors","isTrade":true},{"advertId":"31813578104651200","vehicleMake":"Toyota","vehicleModel":"Corolla","vehicleDerivative":"*NEW*D4D TERRA..PACIFIC BLUE","vehiclePriceEuro":0,"vehicleYearOfManufacture":2013,"advertiserCounty":"Longford","isPSL":false,"privatePSL":false,"vehicleImageId":"6af7eb9f-0626-4b0c-bf48-18b7be4cf0fe","imagecount":6,"advertiserName":"McNally Motors","isTrade":true},{"advertId":"31713575615520130","vehicleMake":"Toyota","vehicleModel":"Corolla","vehicleDerivative":"*NEW*D4D TERRA..BLACK","vehiclePriceEuro":0,"vehicleYearOfManufacture":2013,"advertiserCounty":"Longford","isPSL":false,"privatePSL":false,"vehicleImageId":"d21758d2-64f3-4bff-ac44-63ce128cf6ca","imagecount":6,"advertiserName":"McNally Motors","isTrade":true},{"advertId":"32113575750427390","vehicleMake":"Toyota","vehicleModel":"Corolla","vehicleDerivative":"*NEW*D4D LUNA..ASH GREY","vehiclePriceEuro":0,"vehicleYearOfManufacture":2013,"advertiserCounty":"Longford","isPSL":false,"privatePSL":false,"vehicleImageId":"234c81e2-d87a-4fea-a06d-09d82cd3bd58","imagecount":6,"advertiserName":"McNally Motors","isTrade":true},{"advertId":"113225674861250","vehicleMake":"Toyota","vehicleModel":"Corolla","vehicleDerivative":"*NEW*D4D TERRA..ULTRA SILVER","vehiclePriceEuro":0,"vehicleYearOfManufacture":2013,"advertiserCounty":"Longford","isPSL":false,"privatePSL":false,"vehicleImageId":"62deb062-f500-4686-8ee2-e34e62d5f8bc","imagecount":6,"advertiserName":"McNally Motors","isTrade":true},{"advertId":"31913575743693100","vehicleMake":"Toyota","vehicleModel":"Corolla","vehicleDerivative":"*NEW*D4D LUNA..ULTRA SILVER","vehiclePriceEuro":0,"vehicleYearOfManufacture":2013,"advertiserCounty":"Longford","isPSL":false,"privatePSL":false,"vehicleImageId":"43c75454-cd27-403c-ac1d-1a3e4708444e","imagecount":6,"advertiserName":"McNally Motors","isTrade":true},{"advertId":"32113524760187340","vehicleMake":"Toyota","vehicleModel":"Corolla","vehicleDerivative":"ORDER YOUR 2013 COROLLA TODAY @ MCCOY MOTORS","vehiclePriceEuro":0,"vehicleYearOfManufacture":2013,"advertiserCounty":"Dublin","isPSL":true,"privatePSL":false,"vehicleImageId":"c7ebd07e-b914-4ed9-bf1c-c720c4785b49","imagecount":1,"advertiserName":"McCoy Motors Ltd","isTrade":true},{"advertId":"34213624137909680","vehicleMake":"Toyota","vehicleModel":"Corolla","vehicleDerivative":"1.4 D-4D Luna","vehiclePriceEuro":0,"vehicleYearOfManufacture":2013,"advertiserCounty":"Kildare","isPSL":false,"privatePSL":false,"vehicleImageId":"36e8fd21-597e-4404-b698-5ccbecbfb842","imagecount":8,"advertiserName":"Monasterevin Motors (EST 1954) Isuzu Authorised Dealer","isTrade":true},{"advertId":"713234299165590","vehicleMake":"Toyota","vehicleModel":"Corolla","vehicleDerivative":"1.4 D4D","vehiclePriceEuro":0,"vehicleYearOfManufacture":2013,"advertiserCounty":"Cork","isPSL":false,"privatePSL":false,"vehicleImageId":"8aaa1491-b3d3-4f78-a8bb-9575f161327b","imagecount":9,"advertiserName":"Shanahan Car Sales","isTrade":true},{"advertId":"413222209070960","vehicleMake":"Toyota","vehicleModel":"Corolla","vehicleDerivative":"1.4 Diesel","vehiclePriceEuro":0,"vehicleYearOfManufacture":2013,"advertiserCounty":"Dublin","isPSL":false,"privatePSL":false,"vehicleImageId":"0c4ed4fc-e064-41f2-8bf4-53d7a1fbe154","imagecount":5,"advertiserName":"Carroll & Kinsella Motors (Blackrock)","isTrade":true},{"advertId":"613243721355940","vehicleMake":"Toyota","vehicleModel":"Corolla","vehicleDerivative":"LUNA 1.4 SALOON WITH CREAM INTERIOR READY FOR 2013 ORDER NOW","vehiclePriceEuro":0,"vehicleYearOfManufacture":2013,"advertiserCounty":"Dublin","isPSL":false,"privatePSL":false,"vehicleImageId":"ad7c211b-9f2e-45e3-9ebf-d24ab91a3694","imagecount":8,"advertiserName":"Carroll & Kinsella Motors (Churchtown)","isTrade":true},{"advertId":"31113510012402420","vehicleMake":"Toyota","vehicleModel":"Corolla","vehicleDerivative":"1.4 D4D LUNA MC 4DR","vehiclePriceEuro":22950,"vehicleYearOfManufacture":2012,"advertiserCounty":"Westmeath","isPSL":false,"privatePSL":false,"vehicleImageId":"85ae50c9-62b1-4232-be8d-c1f2b82065e8","imagecount":13,"advertiserName":"Joe Lynch & Sons Ltd.","isTrade":true},{"advertId":"33913621392924650","vehicleMake":"Toyota","vehicleModel":"Corolla","vehicleDerivative":"LUNA @ DENIS MAHONY KILBARRACK","vehiclePriceEuro":21950,"vehicleYearOfManufacture":2012,"advertiserCounty":"Dublin","isPSL":true,"privatePSL":false,"vehicleImageId":"b5e749b6-b4f9-4a92-b08d-673640c83374","imagecount":15,"advertiserName":"Denis Mahony Kilbarrack","isTrade":true}],"totalAdvertCount":45174}