{"adverts":[{"advertId":"33213620133945040","vehicleMake":"Nissan","vehicleModel":"Note","vehicleDerivative":"1.4 SV","vehiclePriceEuro":0,"vehicleYearOfManufacture":2013,"advertiserCounty":"Waterford","isPSL":false,"privatePSL":false,"imagecount":0,"advertiserName":"Walsh's Car Sales","isTrade":true},{"advertId":"33413621862093330","vehicleMake":"Nissan","vehicleModel":"Note","vehicleDerivative":"1.5 Diesel Note","vehiclePriceEuro":18500,"vehicleYearOfManufacture":2012,"advertiserCounty":"Waterford","isPSL":false,"privatePSL":false,"imagecount":0,"advertiserName":"Dungarvan Nissan","isTrade":true},{"advertId":"32113566579112260","vehicleMake":"Nissan","vehicleModel":"Note","vehicleDerivative":"1.5 Diesel Note","vehiclePriceEuro":18499,"vehicleYearOfManufacture":2012,"advertiserCounty":"Waterford","isPSL":false,"privatePSL":false,"vehicleImageId":"d3f74588-a0a4-4485-b510-efc932242e4f","imagecount":10,"advertiserName":"Dungarvan Nissan","isTrade":true},{"advertId":"33913624021508950","vehicleMake":"Nissan","vehicleModel":"Note","vehicleDerivative":"Elite 1.6 5Dr Auto (Just In)","vehiclePriceEuro":18495,"vehicleYearOfManufacture":2012,"advertiserCounty":"Dublin","isPSL":false,"privatePSL":false,"imagecount":0,"advertiserName":"Windsor Deansgrange","isTrade":true},{"advertId":"16413408113380830","vehicleMake":"Nissan","vehicleModel":"Note","vehicleDerivative":"1.5 ELITE 5DR *STRAIGHT DEAL PRICE ONLY*","vehiclePriceEuro":17500,"vehicleYearOfManufacture":2012,"advertiserCounty":"Laois","isPSL":true,"privatePSL":false,"vehicleImageId":"16fe78e9-cf0e-4fec-bc80-e4382dc9dc48","imagecount":7,"advertiserName":"Downey's Auto Stop Ltd","isTrade":true},{"advertId":"31713566579118620","vehicleMake":"Nissan","vehicleModel":"Note","vehicleDerivative":"1.5DSL ELITE **ONLY €190 ROAD TAX**","vehiclePriceEuro":16995,"vehicleYearOfManufacture":2012,"advertiserCounty":"Dublin","isPSL":false,"privatePSL":false,"vehicleImageId":"6744c293-baab-476f-a958-bcd8d34bc6de","imagecount":7,"advertiserName":"Windsor Bray","isTrade":true},{"advertId":"32013566579133020","vehicleMake":"Nissan","vehicleModel":"Note","vehicleDerivative":"1.5 ELITE DSL NISSAN NOTE WINDSOR GALWAY","vehiclePriceEuro":16895,"vehicleYearOfManufacture":2012,"advertiserCounty":"Galway","isPSL":false,"privatePSL":false,"imagecount":0,"advertiserName":"Windsor Galway","isTrade":true},{"advertId":"34313607606590650","vehicleMake":"Nissan","vehicleModel":"Note","vehicleDerivative":"1.5SV T/Dsl 5Dr - FINANCE ARRANGED","vehiclePriceEuro":16795,"vehicleYearOfManufacture":2012,"advertiserCounty":"Dublin","isPSL":false,"privatePSL":false,"vehicleImageId":"387ed79e-18e1-4e3d-8c49-842d60873d9b","imagecount":16,"advertiserName":"Windsor Deansgrange","isTrade":true},{"advertId":"32013496928105540","vehicleMake":"Nissan","vehicleModel":"Note","vehicleDerivative":"1.5 ELITE TDCi 5DR","vehiclePriceEuro":16750,"vehicleYearOfManufacture":2012,"advertiserCounty":"Laois","isPSL":true,"privatePSL":false,"vehicleImageId":"e09b80f2-5c66-43af-9b3f-7f1148cb3831","imagecount":7,"advertiserName":"Downey's Auto Stop Ltd","isTrade":true},{"advertId":"33413612357893680","vehicleMake":"Nissan","vehicleModel":"Note","vehicleDerivative":"1.5 DCI SV 5DR  (THIS WEEKEND STRAIGHT SALE PRICE","vehiclePriceEuro":16750,"vehicleYearOfManufacture":2012,"advertiserCounty":"Dublin","isPSL":false,"privatePSL":false,"vehicleImageId":"9be9ea82-551d-4296-9c02-725841e96836","imagecount":16,"advertiserName":"Windsor Raheny","isTrade":true},{"advertId":"33913612357894890","vehicleMake":"Nissan","vehicleModel":"Note","vehicleDerivative":"1.5 DCI SV 5DR (THIS WEEKEND STRAIGHT SALE PRICE )","vehiclePriceEuro":16750,"vehicleYearOfManufacture":2012,"advertiserCounty":"Dublin","isPSL":false,"privatePSL":false,"vehicleImageId":"80314088-e608-46a8-b3aa-4c0f91ad299d","imagecount":13,"advertiserName":"Windsor Raheny","isTrade":true},{"advertId":"32113561845510340","vehicleMake":"Nissan","vehicleModel":"Note","vehicleDerivative":"ELITE AUTOMATIC","vehiclePriceEuro":15995,"vehicleYearOfManufacture":2012,"advertiserCounty":"Dublin","isPSL":false,"privatePSL":false,"vehicleImageId":"3326b2c7-1ac0-40b2-98f8-ec82210ec878","imagecount":11,"advertiserName":"Windsor Belgard","isTrade":true},{"advertId":"34213603718143740","vehicleMake":"Nissan","vehicleModel":"Note","vehicleDerivative":"1.5 Dci SV 5Dr....ONLY 10,000 Klms...One Owner","vehiclePriceEuro":15995,"vehicleYearOfManufacture":2012,"advertiserCounty":"Dublin","isPSL":true,"privatePSL":false,"vehicleImageId":"3eb5509f-6348-4a20-a16d-17537f1d48bb","imagecount":9,"advertiserName":"Windsor Airside","isTrade":true},{"advertId":"30913472781985170","vehicleMake":"Nissan","vehicleModel":"Note","vehicleDerivative":"1.5DCI 90 Visia","vehiclePriceEuro":15900,"vehicleYearOfManufacture":2012,"advertiserCounty":"Kildare","isPSL":true,"privatePSL":false,"vehicleImageId":"d40245fc-5b62-4a15-a5e8-7fec1d6ab0d0","imagecount":15,"advertiserName":"Byrne Car Sales Ltd.","isTrade":true},{"advertId":"32913611493361930","vehicleMake":"Nissan","vehicleModel":"Note","vehicleDerivative":"Elite 1.4 5Dr (Just In)","vehiclePriceEuro":15695,"vehicleYearOfManufacture":2012,"advertiserCounty":"Dublin","isPSL":false,"privatePSL":false,"imagecount":0,"advertiserName":"Windsor Deansgrange","isTrade":true},{"advertId":"32913605445341380","vehicleMake":"Nissan","vehicleModel":"Note","vehicleDerivative":"Elite 1.4 5Dr - Demo Model","vehiclePriceEuro":15695,"vehicleYearOfManufacture":2012,"advertiserCounty":"Dublin","isPSL":false,"privatePSL":false,"imagecount":0,"advertiserName":"Windsor Deansgrange","isTrade":true},{"advertId":"33913600789117240","vehicleMake":"Nissan","vehicleModel":"Note","vehicleDerivative":"1.4 ELITE 4DR 5DR","vehiclePriceEuro":15250,"vehicleYearOfManufacture":2012,"advertiserCounty":"Mayo","isPSL":false,"privatePSL":false,"vehicleImageId":"fb6a4b9d-65e4-4251-a338-f3d51af37fb4","imagecount":11,"advertiserName":"A. Cleary & Sons Limited","isTrade":true},{"advertId":"33213616154564320","vehicleMake":"Nissan","vehicleModel":"Note","vehicleDerivative":"*1.4 5DR ELITE 4DR*","vehiclePriceEuro":14999,"vehicleYearOfManufacture":2012,"advertiserCounty":"Dublin","isPSL":true,"privatePSL":false,"vehicleImageId":"a209ef8a-4d28-4861-bfa5-01927adfda03","imagecount":8,"advertiserName":"Hutton & Meade","isTrade":true},{"advertId":"34213602281280540","vehicleMake":"Nissan","vehicleModel":"Note","vehicleDerivative":"*1.4 5DR ELITE 4DR*","vehiclePriceEuro":14999,"vehicleYearOfManufacture":2012,"advertiserCounty":"Dublin","isPSL":true,"privatePSL":false,"vehicleImageId":"e233206f-3ffa-4315-ba2a-df0e2bd6ecc1","imagecount":8,"advertiserName":"Hutton & Meade","isTrade":true},{"advertId":"31113566579152800","vehicleMake":"Nissan","vehicleModel":"Note","vehicleDerivative":"1.4, 5dr. Elite","vehiclePriceEuro":14995,"vehicleYearOfManufacture":2012,"advertiserCounty":"Cork","isPSL":false,"privatePSL":false,"vehicleImageId":"97402b89-fd74-4523-83fd-40e4891983f6","imagecount":8,"advertiserName":"Windsor Motor World","isTrade":true},{"advertId":"31513561845500810","vehicleMake":"Nissan","vehicleModel":"Note","vehicleDerivative":"1.4 5dr ELITE","vehiclePriceEuro":14995,"vehicleYearOfManufacture":2012,"advertiserCounty":"Wexford","isPSL":true,"privatePSL":false,"vehicleImageId":"925e9bc1-d488-452c-8228-fdb3a7e2dc75","imagecount":9,"advertiserName":"Wexford Car Centre","isTrade":true},{"advertId":"32113561845573870","vehicleMake":"Nissan","vehicleModel":"Note","vehicleDerivative":"NISSAN NOTE ELITE MODEL","vehiclePriceEuro":14950,"vehicleYearOfManufacture":2012,"advertiserCounty":"Dublin","isPSL":false,"privatePSL":false,"vehicleImageId":"99e5cff4-7cab-426e-b0db-e578ec4d434d","imagecount":9,"advertiserName":"Murphy Chambers Cars Ltd","isTrade":true},{"advertId":"32913600840587370","vehicleMake":"Nissan","vehicleModel":"Note","vehicleDerivative":"1.4 Elite ( BOYNE CARS )","vehiclePriceEuro":14950,"vehicleYearOfManufacture":2012,"advertiserCounty":"Louth","isPSL":false,"privatePSL":false,"vehicleImageId":"09bee007-09cc-41e6-85ed-4eb0b1beb2e5","imagecount":7,"advertiserName":"Boyne Cars","isTrade":true},{"advertId":"33413600840455940","vehicleMake":"Nissan","vehicleModel":"Note","vehicleDerivative":"1.4 SV - €15995 Less 1500 Scrappage Special","vehiclePriceEuro":14495,"vehicleYearOfManufacture":2012,"advertiserCounty":"Waterford","isPSL":false,"privatePSL":false,"imagecount":0,"advertiserName":"Walsh's Car Sales","isTrade":true},{"advertId":"31713566579130840","vehicleMake":"Nissan","vehicleModel":"Note","vehicleDerivative":"1.4 Elite 5 DR Demo Car","vehiclePriceEuro":14400,"vehicleYearOfManufacture":2012,"advertiserCounty":"Kilkenny","isPSL":true,"privatePSL":false,"vehicleImageId":"0a92dcf2-548c-435f-ae79-72bfd79da5e7","imagecount":9,"advertiserName":"Barlo Kilkenny (Nissan & Opel)","isTrade":true},{"advertId":"31413561845544650","vehicleMake":"Nissan","vehicleModel":"Note","vehicleDerivative":"1.4 ELITE IRISH CAR","vehiclePriceEuro":13995,"vehicleYearOfManufacture":2012,"advertiserCounty":"Wexford","isPSL":true,"privatePSL":false,"vehicleImageId":"56949350-856c-46a2-918a-8697d9e07e3c","imagecount":9,"advertiserName":"Wexford Car Centre","isTrade":true},{"advertId":"31113590351173250","vehicleMake":"Nissan","vehicleModel":"Note","vehicleDerivative":"1.4 ELITE 4DR 5DR","vehiclePriceEuro":0,"vehicleYearOfManufacture":2012,"advertiserCounty":"Donegal","isPSL":false,"privatePSL":false,"vehicleImageId":"4bdd99ad-2e99-469b-b4a4-c0308b53e021","imagecount":9,"advertiserName":"Inishowen Motors Letterkenny (Kia Nissan)","isTrade":true},{"advertId":"32113575532120310","vehicleMake":"Nissan","vehicleModel":"Note","vehicleDerivative":"1.4 ELITE 4DR 5DR","vehiclePriceEuro":0,"vehicleYearOfManufacture":2012,"advertiserCounty":"Clare","isPSL":false,"privatePSL":false,"vehicleImageId":"d3479d65-e67e-42d3-af5a-9ebb09cf619b","imagecount":10,"advertiserName":"Dulick Motors","isTrade":true},{"advertId":"34013600840457630","vehicleMake":"Nissan","vehicleModel":"Note","vehicleDerivative":"1.5dsl., SXE","vehiclePriceEuro":15995,"vehicleYearOfManufacture":2011,"advertiserCounty":"Cork","isPSL":false,"privatePSL":false,"vehicleImageId":"135a45f3-a53c-4f16-8855-b438fc56ea09","imagecount":7,"advertiserName":"Windsor Motor World","isTrade":true},{"advertId":"32913606003990320","vehicleMake":"Nissan","vehicleModel":"Note","vehicleDerivative":"1.4 SVE 08 ACENTA 5DR","vehiclePriceEuro":13950,"vehicleYearOfManufacture":2011,"advertiserCounty":"Dublin","isPSL":true,"privatePSL":false,"vehicleImageId":"457c8f26-a76b-447f-aab7-cf5766c2ada7","imagecount":16,"advertiserName":"Canavan Ford","isTrade":true},{"advertId":"33913600840551720","vehicleMake":"Nissan","vehicleModel":"Note","vehicleDerivative":"1.4 SXE *Low Mileage*","vehiclePriceEuro":12995,"vehicleYearOfManufacture":2011,"advertiserCounty":"Meath","isPSL":false,"privatePSL":false,"vehicleImageId":"7ee2317c-e16e-4413-a58b-7c5c692e17d2","imagecount":10,"advertiserName":"Clonee Motor Centre","isTrade":true},{"advertId":"33413602281276500","vehicleMake":"Nissan","vehicleModel":"Note","vehicleDerivative":"NOTE 1.4 SXE 5DR","vehiclePriceEuro":12950,"vehicleYearOfManufacture":2011,"advertiserCounty":"Dublin","isPSL":true,"privatePSL":false,"vehicleImageId":"c9dcf16a-17fd-47c5-af4f-8c52b38cbafc","imagecount":8,"advertiserName":"Hutton & Meade","isTrade":true},{"advertId":"34013600840590750","vehicleMake":"Nissan","vehicleModel":"Note","vehicleDerivative":"1.4 SPORT","vehiclePriceEuro":12395,"vehicleYearOfManufacture":2011,"advertiserCounty":"Cork","isPSL":true,"privatePSL":false,"vehicleImageId":"fcab110c-2428-44f1-93e4-88c2a040f332","imagecount":9,"advertiserName":"Luceys Charleville (Nissan & Mazda)","isTrade":true},{"advertId":"31813584300968790","vehicleMake":"Nissan","vehicleModel":"Note","vehicleDerivative":"WONDERFUL NOTE STUNNING CAR. GREAT SPEC","vehiclePriceEuro":12243,"vehicleYearOfManufacture":2011,"advertiserCounty":"Cork","isPSL":false,"privatePSL":false,"vehicleImageId":"96bf258c-a946-4480-83f7-2ff6d967ac05","imagecount":14,"advertiserName":"Kearys Midleton Nissan","isTrade":true},{"advertId":"31313468348548240","vehicleMake":"Nissan","vehicleModel":"Note","vehicleDerivative":"1.4 SPORT 08 5DR","vehiclePriceEuro":12000,"vehicleYearOfManufacture":2011,"advertiserCounty":"Clare","isPSL":false,"privatePSL":false,"vehicleImageId":"9b369b96-5699-4268-80a8-36d28f16c5aa","imagecount":10,"advertiserName":"Dulick Motors","isTrade":true},{"advertId":"31413579220549920","vehicleMake":"Nissan","vehicleModel":"Note","vehicleDerivative":"1.4 SVE 08 ACENTA 5DR","vehiclePriceEuro":11950,"vehicleYearOfManufacture":2011,"advertiserCounty":"Dublin","isPSL":true,"privatePSL":false,"vehicleImageId":"9bd49981-b3cc-43db-bc91-655cc1800b83","imagecount":14,"advertiserName":"Grange Motors (MSL)","isTrade":true},{"advertId":"34213599924285450","vehicleMake":"Nissan","vehicleModel":"Note","vehicleDerivative":"1.5 DCi Tekna at Denis Mahony (M50) ","vehiclePriceEuro":14950,"vehicleYearOfManufacture":2010,"advertiserCounty":"Dublin","isPSL":true,"privatePSL":false,"vehicleImageId":"3e34e161-236a-4f5b-add2-55c19b9eaccd","imagecount":9,"advertiserName":"Denis Mahony Toyota (M50)","isTrade":true},{"advertId":"31913561845535310","vehicleMake":"Nissan","vehicleModel":"Note","vehicleDerivative":"1.4 SXE","vehiclePriceEuro":13495,"vehicleYearOfManufacture":2010,"advertiserCounty":"Cork","isPSL":false,"privatePSL":false,"vehicleImageId":"3713aee8-b4f1-4657-b494-ca2f3060f102","imagecount":7,"advertiserName":"Windsor Motor World","isTrade":true},{"advertId":"34313600840434350","vehicleMake":"Nissan","vehicleModel":"Note","vehicleDerivative":"1.6 5dr Tekna Auto","vehiclePriceEuro":13495,"vehicleYearOfManufacture":2010,"advertiserCounty":"Dublin","isPSL":false,"privatePSL":false,"vehicleImageId":"eab101b4-2f6e-471a-b92b-c44c9a75bae6","imagecount":9,"advertiserName":"Windsor Liffey Valley","isTrade":true},{"advertId":"34113607606593520","vehicleMake":"Nissan","vehicleModel":"Note","vehicleDerivative":"1.5 DIESEL **LOW ROAD TAX**","vehiclePriceEuro":12950,"vehicleYearOfManufacture":2010,"advertiserCounty":"Roscommon","isPSL":true,"privatePSL":false,"vehicleImageId":"5dcf9653-5d0e-449d-a1bc-54e214de0fa1","imagecount":10,"advertiserName":"Cooney Motors","isTrade":true},{"advertId":"33213601125645930","vehicleMake":"Nissan","vehicleModel":"Note","vehicleDerivative":"1.6 AUTO NISSAN NOTE SXE WINDSOR GALWAY","vehiclePriceEuro":12695,"vehicleYearOfManufacture":2010,"advertiserCounty":"Galway","isPSL":false,"privatePSL":false,"imagecount":0,"advertiserName":"Windsor Galway","isTrade":true},{"advertId":"31513561845516080","vehicleMake":"Nissan","vehicleModel":"Note","vehicleDerivative":"1.4 Pet 5dr SXE ~ Tax €280","vehiclePriceEuro":12495,"vehicleYearOfManufacture":2010,"advertiserCounty":"Dublin","isPSL":false,"privatePSL":false,"vehicleImageId":"d84c9067-00ab-4d6e-9b0b-870d2e6f1470","imagecount":9,"advertiserName":"Windsor Liffey Valley","isTrade":true},{"advertId":"34113603718144000","vehicleMake":"Nissan","vehicleModel":"Note","vehicleDerivative":"1.4 5dr SXE","vehiclePriceEuro":11999,"vehicleYearOfManufacture":2010,"advertiserCounty":"Offaly","isPSL":true,"privatePSL":false,"vehicleImageId":"e3f0e06d-b7b1-4fff-b56a-138e0d8bb902","imagecount":1,"advertiserName":"Tullamore Nissan","isTrade":true},{"advertId":"34313624021504020","vehicleMake":"Nissan","vehicleModel":"Note","vehicleDerivative":"1.5 DSL 5DR","vehiclePriceEuro":11995,"vehicleYearOfManufacture":2010,"advertiserCounty":"Meath","isPSL":false,"privatePSL":false,"imagecount":0,"advertiserName":"Navan Nissan, Hyundai","isTrade":true},{"advertId":"34113600840468130","vehicleMake":"Nissan","vehicleModel":"Note","vehicleDerivative":"1.4 5dr SXE","vehiclePriceEuro":11499,"vehicleYearOfManufacture":2010,"advertiserCounty":"Offaly","isPSL":true,"privatePSL":false,"vehicleImageId":"febd893d-69e6-4978-af91-6bd000fc82a6","imagecount":8,"advertiserName":"Tullamore Nissan","isTrade":true},{"advertId":"31513566579142960","vehicleMake":"Nissan","vehicleModel":"Note","vehicleDerivative":"DIESEL 1.5SXE T/Dsl 5Dr NEW MODEL *REDUCED*","vehiclePriceEuro":11495,"vehicleYearOfManufacture":2010,"advertiserCounty":"Dublin","isPSL":false,"privatePSL":false,"vehicleImageId":"afee3ce1-4fef-4f4d-a1c6-837980b7d179","imagecount":11,"advertiserName":"Windsor Deansgrange","isTrade":true},{"advertId":"32113566579150800","vehicleMake":"Nissan","vehicleModel":"Note","vehicleDerivative":"1.4 Sport (Cabra Cars)","vehiclePriceEuro":11250,"vehicleYearOfManufacture":2010,"advertiserCounty":"Cavan","isPSL":false,"privatePSL":false,"vehicleImageId":"442d4bcb-1b4a-41fc-af4f-a6e2c02fb057","imagecount":9,"advertiserName":"Cabra Cars (Kingscourt)","isTrade":true},{"advertId":"33913607606594180","vehicleMake":"Nissan","vehicleModel":"Note","vehicleDerivative":"1.4 SXE *FINANCE AVAILABLE**","vehiclePriceEuro":10950,"vehicleYearOfManufacture":2010,"advertiserCounty":"Roscommon","isPSL":true,"privatePSL":false,"vehicleImageId":"dcc19ed5-dc18-4a7a-a3cd-928ce249da09","imagecount":10,"advertiserName":"Cooney Motors","isTrade":true},{"advertId":"201306212363422","vehicleMake":"Nissan","vehicleModel":"Note","vehicleDerivative":"1.5 5DR SXE DSL 09","vehiclePriceEuro":10800,"vehicleYearOfManufacture":2010,"advertiserCounty":"Meath","isPSL":true,"privatePSL":false,"vehicleImageId":"14330550","imagecount":2,"isTrade":false},{"advertId":"34313602281275380","vehicleMake":"Nissan","vehicleModel":"Note","vehicleDerivative":"*1.4 SPORT 5DR*","vehiclePriceEuro":10777,"vehicleYearOfManufacture":2010,"advertiserCounty":"Dublin","isPSL":true,"privatePSL":false,"vehicleImageId":"0646cde6-4000-4ea3-af6a-b3a719bbb368","imagecount":8,"advertiserName":"Hutton & Meade","isTrade":true},{"advertId":"34113600840454870","vehicleMake":"Nissan","vehicleModel":"Note","vehicleDerivative":"1.4 SV - €11995 Less 1500 Scrappage Special","vehiclePriceEuro":10495,"vehicleYearOfManufacture":2010,"advertiserCounty":"Waterford","isPSL":false,"privatePSL":false,"vehicleImageId":"45f26547-a831-44df-8766-030c74bfddc0","imagecount":11,"advertiserName":"Walsh's Car Sales","isTrade":true},{"advertId":"201303211959980","vehicleMake":"Nissan","vehicleModel":"Note","vehicleDerivative":"1.4 5DR SXE XE 08","vehiclePriceEuro":8750,"vehicleYearOfManufacture":2010,"advertiserCounty":"Dublin","isPSL":true,"privatePSL":false,"vehicleImageId":"14180905","imagecount":8,"isTrade":false},{"advertId":"31413585044939580","vehicleMake":"Nissan","vehicleModel":"Note","vehicleDerivative":"1.5L DIESEL SVE HERE AT MOONEYS","vehiclePriceEuro":13950,"vehicleYearOfManufacture":2009,"advertiserCounty":"Dublin","isPSL":true,"privatePSL":false,"vehicleImageId":"630aba2e-134c-4074-a9b6-61d1db35d55f","imagecount":9,"advertiserName":"MOONEY'S","isTrade":true},{"advertId":"33213615814086530","vehicleMake":"Nissan","vehicleModel":"Note","vehicleDerivative":"1.5 Dsl 5dr SXE ~ Tax €200","vehiclePriceEuro":11995,"vehicleYearOfManufacture":2009,"advertiserCounty":"Dublin","isPSL":false,"privatePSL":false,"vehicleImageId":"2ce7fcac-ebc2-46b5-b4e7-043b356b4983","imagecount":9,"advertiserName":"Windsor Liffey Valley","isTrade":true},{"advertId":"34213621862084090","vehicleMake":"Nissan","vehicleModel":"Note","vehicleDerivative":"diesel","vehiclePriceEuro":11995,"vehicleYearOfManufacture":2009,"advertiserCounty":"Dublin","isPSL":false,"privatePSL":false,"vehicleImageId":"cb0188b6-e0af-4a74-aa2d-94ac185a8459","imagecount":9,"advertiserName":"Windsor Belgard","isTrade":true},{"advertId":"613239403269860","vehicleMake":"Nissan","vehicleModel":"Note","vehicleDerivative":"AUTOMATIC with A/C","vehiclePriceEuro":11950,"vehicleYearOfManufacture":2009,"advertiserCounty":"Dublin","isPSL":true,"privatePSL":false,"imagecount":0,"advertiserName":"Motoright Ltd.","isTrade":true},{"advertId":"33213621429879670","vehicleMake":"Nissan","vehicleModel":"Note","vehicleDerivative":"1.5 SXE NOTE WINDSOR GALWAY","vehiclePriceEuro":11895,"vehicleYearOfManufacture":2009,"advertiserCounty":"Galway","isPSL":false,"privatePSL":false,"imagecount":0,"advertiserName":"Windsor Galway","isTrade":true},{"advertId":"33913600840445820","vehicleMake":"Nissan","vehicleModel":"Note","vehicleDerivative":"12 MONTH GOLD STANDARD WARRANTY","vehiclePriceEuro":11450,"vehicleYearOfManufacture":2009,"advertiserCounty":"Westmeath","isPSL":false,"privatePSL":false,"vehicleImageId":"ca6ec8f6-1cb9-4715-ae50-365492530a38","imagecount":8,"advertiserName":"Mullingar Nissan & Opel","isTrade":true},{"advertId":"31813587687969400","vehicleMake":"Nissan","vehicleModel":"Note","vehicleDerivative":"Very Nice Note Diesel. Only €200 Road Tax","vehiclePriceEuro":11400,"vehicleYearOfManufacture":2009,"advertiserCounty":"Cork","isPSL":true,"privatePSL":false,"vehicleImageId":"3d14fb7b-4b0e-46a6-a734-bf2d9a076ca9","imagecount":9,"advertiserName":"Kearys Nissan Cork","isTrade":true},{"advertId":"34113600840509510","vehicleMake":"Nissan","vehicleModel":"Note","vehicleDerivative":"1.4 Pet 5dr SXE ~ Tax €280","vehiclePriceEuro":10995,"vehicleYearOfManufacture":2009,"advertiserCounty":"Dublin","isPSL":false,"privatePSL":false,"vehicleImageId":"6c7d5300-ad86-43be-9d75-defacfe2f5c9","imagecount":9,"advertiserName":"Windsor Liffey Valley","isTrade":true},{"advertId":"31413561845541200","vehicleMake":"Nissan","vehicleModel":"Note","vehicleDerivative":"1.4SXE 5Dr","vehiclePriceEuro":10995,"vehicleYearOfManufacture":2009,"advertiserCounty":"Dublin","isPSL":false,"privatePSL":false,"vehicleImageId":"a1738cdf-4b95-4217-9d5c-a0b8a844b848","imagecount":7,"advertiserName":"Windsor Deansgrange","isTrade":true},{"advertId":"34313612794994540","vehicleMake":"Nissan","vehicleModel":"Note","vehicleDerivative":"1.6 Sve  '09 5dr Auto 5dr","vehiclePriceEuro":10450,"vehicleYearOfManufacture":2009,"advertiserCounty":"Dublin","isPSL":true,"privatePSL":false,"vehicleImageId":"811de33b-6a5f-4b3b-92ca-78666fd478ee","imagecount":3,"advertiserName":"Gowan Motors Navan Road","isTrade":true},{"advertId":"33213607631922540","vehicleMake":"Nissan","vehicleModel":"Note","vehicleDerivative":"ACENTA DCI 86","vehiclePriceEuro":9950,"vehicleYearOfManufacture":2009,"advertiserCounty":"Louth","isPSL":false,"privatePSL":false,"vehicleImageId":"e1e6796a-b641-4d22-b9df-5381565a75d5","imagecount":1,"advertiserName":"McCabes (Toyota) Drogheda","isTrade":true},{"advertId":"33913612061763690","vehicleMake":"Nissan","vehicleModel":"Note","vehicleDerivative":"1.4 SXE 09 5DR","vehiclePriceEuro":9950,"vehicleYearOfManufacture":2009,"advertiserCounty":"Dublin","isPSL":true,"privatePSL":false,"vehicleImageId":"db381dd9-2f70-490e-8147-b926e1788300","imagecount":1,"advertiserName":"Michael Barrable Motors","isTrade":true},{"advertId":"32713597215983570","vehicleMake":"Nissan","vehicleModel":"Note","vehicleDerivative":"1.4 5DR SXE *MICHAEL DAFFY CAR SALES*","vehiclePriceEuro":9950,"vehicleYearOfManufacture":2009,"advertiserCounty":"Limerick","isPSL":false,"privatePSL":false,"vehicleImageId":"35e787ce-4c77-4300-810d-3245fbb84ff6","imagecount":9,"advertiserName":"Michael Daffy Quality Car Sales","isTrade":true},{"advertId":"31413542767413920","vehicleMake":"Nissan","vehicleModel":"Note","vehiclePriceEuro":9900,"vehicleYearOfManufacture":2009,"advertiserCounty":"Mayo","isPSL":false,"privatePSL":false,"vehicleImageId":"0a3648a1-39f8-41fd-b265-605b2ba6d0fd","imagecount":4,"advertiserName":"Tim Hastings Ltd","isTrade":true},{"advertId":"33213618405968860","vehicleMake":"Nissan","vehicleModel":"Note","vehicleDerivative":"1.4 5DR SXE 09","vehiclePriceEuro":9450,"vehicleYearOfManufacture":2009,"advertiserCounty":"Limerick","isPSL":false,"privatePSL":false,"vehicleImageId":"fc0717af-11d9-49df-b6db-dba011254a39","imagecount":8,"advertiserName":"Pat Tiernan Motors (Nissan)","isTrade":true},{"advertId":"31713529056041870","vehicleMake":"Nissan","vehicleModel":"Note","vehicleDerivative":"diesel,low tax,low mileage,IMMACULATE.","vehiclePriceEuro":8950,"vehicleYearOfManufacture":2009,"advertiserCounty":"Dublin","isPSL":true,"privatePSL":false,"vehicleImageId":"191d0589-ab24-4180-895f-fb3078e55106","imagecount":17,"advertiserName":"A Best Choice Cars","isTrade":true},{"advertId":"713261857585240","vehicleMake":"Nissan","vehicleModel":"Note","vehicleDerivative":"1.4 SXE 09 5DR","vehiclePriceEuro":8900,"vehicleYearOfManufacture":2009,"advertiserCounty":"Cork","isPSL":false,"privatePSL":false,"vehicleImageId":"a7aba4ca-e8b5-4a3e-b9e1-8bdc18b9c7d2","imagecount":20,"advertiserName":"Great Island Motors Ltd","isTrade":true},{"advertId":"34413622255250240","vehicleMake":"Nissan","vehicleModel":"Note","vehicleDerivative":"1.4 SV","vehiclePriceEuro":8250,"vehicleYearOfManufacture":2009,"advertiserCounty":"Kildare","isPSL":false,"privatePSL":false,"imagecount":0,"advertiserName":"Maxwell Motors (Athy) Ltd","isTrade":true},{"advertId":"32913600840430700","vehicleMake":"Nissan","vehicleModel":"Note","vehicleDerivative":"****SOLD****","vehiclePriceEuro":8250,"vehicleYearOfManufacture":2009,"advertiserCounty":"Kilkenny","isPSL":true,"privatePSL":false,"vehicleImageId":"284b8c1a-6e24-49da-9718-319cee77307d","imagecount":7,"advertiserName":"Barlo Kilkenny (Nissan & Opel)","isTrade":true},{"advertId":"31913566579154790","vehicleMake":"Nissan","vehicleModel":"Note","vehicleDerivative":"1.4 SVE","vehiclePriceEuro":9995,"vehicleYearOfManufacture":2008,"advertiserCounty":"Cork","isPSL":false,"privatePSL":false,"vehicleImageId":"fbc9b915-e1ea-462f-92a2-7d3ba710ae8e","imagecount":9,"advertiserName":"Windsor Motor World","isTrade":true},{"advertId":"31413566579219640","vehicleMake":"Nissan","vehicleModel":"Note","vehicleDerivative":"AUTOMATIC NCT","vehiclePriceEuro":8995,"vehicleYearOfManufacture":2008,"advertiserCounty":"Dublin","isPSL":false,"privatePSL":false,"vehicleImageId":"29535c82-0e4f-459f-b1b6-54c39425c5e2","imagecount":10,"advertiserName":"Windsor Belgard","isTrade":true},{"advertId":"32713592990984760","vehicleMake":"Nissan","vehicleModel":"Note","vehicleDerivative":"1.5  DIESEL  SVE  LONG NCT AND TAX ..BIG SPEC..","vehiclePriceEuro":8950,"vehicleYearOfManufacture":2008,"advertiserCounty":"Dublin","isPSL":false,"privatePSL":false,"vehicleImageId":"6f0a34fe-8ba1-44d4-9587-76261aee3441","imagecount":13,"advertiserName":"N 4 Autopoint","isTrade":true},{"advertId":"34313611927893000","vehicleMake":"Nissan","vehicleModel":"Note","vehicleDerivative":"1.4 SXE ( BOYNE CARS )","vehiclePriceEuro":8950,"vehicleYearOfManufacture":2008,"advertiserCounty":"Louth","isPSL":false,"privatePSL":false,"imagecount":0,"advertiserName":"Boyne Cars","isTrade":true},{"advertId":"33213621862091130","vehicleMake":"Nissan","vehicleModel":"Note","vehicleDerivative":"1.4 5DR SXE","vehiclePriceEuro":8500,"vehicleYearOfManufacture":2008,"advertiserCounty":"Meath","isPSL":false,"privatePSL":false,"imagecount":0,"advertiserName":"Navan Nissan, Hyundai","isTrade":true},{"advertId":"31813566579156590","vehicleMake":"Nissan","vehicleModel":"Note","vehicleDerivative":"1.5 DCI","vehiclePriceEuro":7995,"vehicleYearOfManufacture":2008,"advertiserCounty":"Cork","isPSL":true,"privatePSL":false,"vehicleImageId":"aa3021a6-02af-43ec-a63d-453e9e7ec9ee","imagecount":9,"advertiserName":"Luceys Charleville (Nissan & Mazda)","isTrade":true},{"advertId":"33413600587384280","vehicleMake":"Nissan","vehicleModel":"Note","vehicleDerivative":"1.4 5DR SXE 08","vehiclePriceEuro":7950,"vehicleYearOfManufacture":2008,"advertiserCounty":"Mayo","isPSL":false,"privatePSL":false,"vehicleImageId":"c078686c-1905-4d7d-bb60-f0d244235f39","imagecount":11,"advertiserName":"A. Cleary & Sons Limited","isTrade":true},{"advertId":"10013395059322360","vehicleMake":"Nissan","vehicleModel":"Note","vehicleDerivative":"1.6  SXE AUTO.NCT PASSED.TOP SPEC/","vehiclePriceEuro":7500,"vehicleYearOfManufacture":2008,"advertiserCounty":"Dublin","isPSL":false,"privatePSL":false,"vehicleImageId":"cd9fcece-0467-4ae9-b24e-cd254cb009a6","imagecount":11,"advertiserName":"N 4 Autopoint","isTrade":true},{"advertId":"34113612226450770","vehicleMake":"Nissan","vehicleModel":"Note","vehicleDerivative":"1.4 SPORT 5dr, Only 35k mls/56k klms, FSH, Alloys, AIR CON & Fogs.","vehiclePriceEuro":7499,"vehicleYearOfManufacture":2008,"advertiserCounty":"Dublin","isPSL":false,"privatePSL":false,"vehicleImageId":"57f390b7-ba5d-4669-b9c0-894879801d33","imagecount":9,"advertiserName":"Barry Brocklebank","isTrade":true},{"advertId":"31713584300452210","vehicleMake":"Nissan","vehicleModel":"Note","vehicleDerivative":"1.4 5DR NEW NCT 1 YEAR WARRANTY AVAL","vehiclePriceEuro":6950,"vehicleYearOfManufacture":2008,"advertiserCounty":"Dublin","isPSL":false,"privatePSL":false,"vehicleImageId":"98eb8843-f1f5-4881-8707-b027bb1a9eae","imagecount":9,"advertiserName":"N 4 Autopoint","isTrade":true},{"advertId":"34213607709399670","vehicleMake":"Nissan","vehicleModel":"Note","vehicleDerivative":"1.4 5DR SXE 08,SUPERB NOTE,VERY WELL MAINTAINED,VIEWING RECOMMENDED!!!!!!!!!!!!!","vehiclePriceEuro":6950,"vehicleYearOfManufacture":2008,"advertiserCounty":"Wicklow","isPSL":false,"privatePSL":false,"vehicleImageId":"6c80671c-d15f-4db3-ab61-719f8516fa76","imagecount":16,"advertiserName":"Paul McGovern Car Sales","isTrade":true},{"advertId":"31713576639622170","vehicleMake":"Nissan","vehicleModel":"Note","vehicleDerivative":"***SOLD**SOLD*** AUTO 08--GREAT VALUE--","vehiclePriceEuro":6450,"vehicleYearOfManufacture":2008,"advertiserCounty":"Dublin","isPSL":true,"privatePSL":false,"vehicleImageId":"ee5bfd36-5180-4bdd-a645-ecdd3299a4c8","imagecount":10,"advertiserName":"Right Price Cars (Prussia Street)","isTrade":true},{"advertId":"32713597198132790","vehicleMake":"Nissan","vehicleModel":"Note","vehicleDerivative":"1.6 5DR SXE AUTO 08","vehiclePriceEuro":5999,"vehicleYearOfManufacture":2008,"advertiserCounty":"Dublin","isPSL":false,"privatePSL":false,"vehicleImageId":"e523f229-a991-4494-811a-620cff89f344","imagecount":10,"advertiserName":"Driven.ie","isTrade":true},{"advertId":"813239405088120","vehicleMake":"Nissan","vehicleModel":"Note","vehicleDerivative":"AUTOMATIC with Air Con.","vehiclePriceEuro":0,"vehicleYearOfManufacture":2008,"advertiserCounty":"Dublin","isPSL":true,"privatePSL":false,"vehicleImageId":"8b503bcc-9e2b-460d-8963-a399227be706","imagecount":7,"advertiserName":"Motoright Ltd.","isTrade":true},{"advertId":"713239404274140","vehicleMake":"Nissan","vehicleModel":"Note","vehicleDerivative":"AUTOMATIC with Air Con.","vehiclePriceEuro":0,"vehicleYearOfManufacture":2008,"advertiserCounty":"Dublin","isPSL":true,"privatePSL":false,"vehicleImageId":"bfa882bf-a04a-4af7-ab78-82739409e28a","imagecount":9,"advertiserName":"Motoright Ltd.","isTrade":true},{"advertId":"34413621862086950","vehicleMake":"Nissan","vehicleModel":"Note","vehicleDerivative":"SVE","vehiclePriceEuro":7995,"vehicleYearOfManufacture":2007,"advertiserCounty":"Dublin","isPSL":false,"privatePSL":false,"vehicleImageId":"a3cfbb58-4b98-4794-9f99-2f3c77aed56e","imagecount":4,"advertiserName":"Windsor Belgard","isTrade":true},{"advertId":"33913609336966590","vehicleMake":"Nissan","vehicleModel":"Note","vehicleDerivative":"1.5 VISIA 5DR DSL SE.","vehiclePriceEuro":7950,"vehicleYearOfManufacture":2007,"advertiserCounty":"Dublin","isPSL":false,"privatePSL":false,"imagecount":0,"advertiserName":"Autodynamic","isTrade":true},{"advertId":"29713448593244820","vehicleMake":"Nissan","vehicleModel":"Note","vehicleDerivative":"Automatic Transmission €8,495","vehiclePriceEuro":7495,"vehicleYearOfManufacture":2007,"advertiserCounty":"Kerry","isPSL":false,"privatePSL":false,"vehicleImageId":"b29efa17-df55-4b5b-9566-376ee071ad59","imagecount":3,"advertiserName":"Joe O'Connor Car Sales","isTrade":true},{"advertId":"33213619269921360","vehicleMake":"Nissan","vehicleModel":"Note","vehicleDerivative":"1.4 SE 5DR  ( THIS WEEKEND STRAIGHT SALE PRICE )","vehiclePriceEuro":7250,"vehicleYearOfManufacture":2007,"advertiserCounty":"Dublin","isPSL":false,"privatePSL":false,"imagecount":0,"advertiserName":"Windsor Raheny","isTrade":true},{"advertId":"33913618405996190","vehicleMake":"Nissan","vehicleModel":"Note","vehicleDerivative":"1.4 SE 5DR (THIS WEEKEND STRAIGHT SALE PRICE )","vehiclePriceEuro":7250,"vehicleYearOfManufacture":2007,"advertiserCounty":"Dublin","isPSL":false,"privatePSL":false,"vehicleImageId":"9016e466-37ad-4345-9602-d94d61172b09","imagecount":10,"advertiserName":"Windsor Raheny","isTrade":true},{"advertId":"31113560151757270","vehicleMake":"Nissan","vehicleModel":"Note","vehicleDerivative":"1.6 SE, AUTOMATIC, ONE OWNER F.S.H.","vehiclePriceEuro":6999,"vehicleYearOfManufacture":2007,"advertiserCounty":"Dublin","isPSL":false,"privatePSL":false,"vehicleImageId":"463867b4-4ca2-4149-9e6f-b59dd3088df9","imagecount":20,"advertiserName":"Fine Motors","isTrade":true},{"advertId":"22813415698436310","vehicleMake":"Nissan","vehicleModel":"Note","vehicleDerivative":"...HARD WORKING SMALL ECONOMICAL. COMMERCIAL HERE AT MOONEYS","vehiclePriceEuro":6995,"vehicleYearOfManufacture":2007,"advertiserCounty":"Dublin","isPSL":true,"privatePSL":false,"vehicleImageId":"6acf0059-0221-4de9-a8a2-2d56fd115a9c","imagecount":9,"advertiserName":"MOONEY'S","isTrade":true},{"advertId":"32113561845477810","vehicleMake":"Nissan","vehicleModel":"Note","vehicleDerivative":"1.6 SE Automatic","vehiclePriceEuro":6950,"vehicleYearOfManufacture":2007,"advertiserCounty":"Tipperary","isPSL":false,"privatePSL":false,"vehicleImageId":"836d37d7-cdca-40f0-9f15-2ed4b298a594","imagecount":6,"advertiserName":"Donal Ryan Motor Group (Thurles)","isTrade":true},{"advertId":"34113604346579500","vehicleMake":"Nissan","vehicleModel":"Note","vehicleDerivative":"NOTE 1.4 SE","vehiclePriceEuro":6950,"vehicleYearOfManufacture":2007,"advertiserCounty":"Dublin","isPSL":true,"privatePSL":false,"vehicleImageId":"f88b12d3-a8e2-4233-be42-634970664438","imagecount":9,"advertiserName":"Finglas Ford Centre","isTrade":true},{"advertId":"31713519533630280","vehicleMake":"Nissan","vehicleModel":"Note","vehicleDerivative":"1.6SE AUTO","vehiclePriceEuro":6900,"vehicleYearOfManufacture":2007,"advertiserCounty":"Kildare","isPSL":true,"privatePSL":false,"vehicleImageId":"7366ecc0-c7b5-42d6-bbca-db3c9c71f882","imagecount":16,"advertiserName":"Byrne Car Sales Ltd.","isTrade":true},{"advertId":"31113524761368230","vehicleMake":"Nissan","vehicleModel":"Note","vehicleDerivative":"1.5 E11 AUTO","vehiclePriceEuro":6850,"vehicleYearOfManufacture":2007,"advertiserCounty":"Dublin","isPSL":false,"privatePSL":false,"vehicleImageId":"0b0fe6f1-101d-4798-8e7c-d7cbb6598075","imagecount":9,"advertiserName":"Kelly's Garage Limited","isTrade":true},{"advertId":"201304212093077","vehicleMake":"Nissan","vehicleModel":"Note","vehicleDerivative":"1.4 5DR VISIA SE","vehiclePriceEuro":6750,"vehicleYearOfManufacture":2007,"advertiserCounty":"Kilkenny","isPSL":true,"privatePSL":false,"vehicleImageId":"14284386","imagecount":4,"isTrade":false},{"advertId":"201303212004525","vehicleMake":"Nissan","vehicleModel":"Note","vehicleDerivative":"1.6 VISIA 5DR AUTO SE","vehiclePriceEuro":6750,"vehicleYearOfManufacture":2007,"advertiserCounty":"Dublin","isPSL":true,"privatePSL":false,"vehicleImageId":"14272508","imagecount":2,"isTrade":false},{"advertId":"30813487488352250","vehicleMake":"Nissan","vehicleModel":"Note","vehicleDerivative":"1.4 5DR VISIA SE","vehiclePriceEuro":6500,"vehicleYearOfManufacture":2007,"advertiserCounty":"Limerick","isPSL":false,"privatePSL":false,"vehicleImageId":"9c0e4b5a-b22a-4fa2-90dd-2da068f6305f","imagecount":7,"advertiserName":"Enterprise Cars","isTrade":true}],"totalAdvertCount":45174}