{"adverts":[{"advertId":"5913353484493240","vehicleMake":"SEAT","vehicleModel":"Altea","vehicleDerivative":"1.6 TDI CR REFERENCE S.E ","vehiclePriceEuro":19995,"vehicleYearOfManufacture":2012,"advertiserCounty":"Donegal","isPSL":false,"privatePSL":false,"vehicleImageId":"85abb04e-f70b-4e05-9d07-4cae70d609b7","imagecount":11,"advertiserName":"DMG Motors Ltd","isTrade":true},{"advertId":"29513449331871530","vehicleMake":"SEAT","vehicleModel":"Altea","vehicleDerivative":"XL 1.6 TDI CR REF S.E. 4.","vehiclePriceEuro":19950,"vehicleYearOfManufacture":2012,"advertiserCounty":"Dublin","isPSL":false,"privatePSL":false,"vehicleImageId":"74fa8197-f370-496c-b58a-d328a0afbd37","imagecount":6,"advertiserName":"Autodynamic","isTrade":true},{"advertId":"31113575759782510","vehicleMake":"SEAT","vehicleModel":"Altea","vehicleDerivative":"XL 1.6 TDI CR  S.E. **PRE-REG NO MILEAGE**","vehiclePriceEuro":19950,"vehicleYearOfManufacture":2012,"advertiserCounty":"Dublin","isPSL":true,"privatePSL":false,"vehicleImageId":"563fe5ab-240c-4c47-bf5b-3a8b4c97f183","imagecount":5,"advertiserName":"Michael Barrable Motors","isTrade":true},{"advertId":"31513518507216360","vehicleMake":"SEAT","vehicleModel":"Altea","vehicleDerivative":"1.6Tdi 105bhp XL SE Reference","vehiclePriceEuro":19900,"vehicleYearOfManufacture":2012,"advertiserCounty":"Limerick","isPSL":true,"privatePSL":false,"vehicleImageId":"a672b9ea-504e-4ba3-bc51-904b914c4add","imagecount":10,"advertiserName":"Frank Hogan Ltd.","isTrade":true},{"advertId":"33213613569399000","vehicleMake":"SEAT","vehicleModel":"Altea","vehicleDerivative":"XL 1.6 TDI CR REF S.E. 4 4DR","vehiclePriceEuro":19900,"vehicleYearOfManufacture":2012,"advertiserCounty":"Cork","isPSL":true,"privatePSL":false,"imagecount":0,"advertiserName":"Kiely's Car Sales","isTrade":true},{"advertId":"201303212044706","vehicleMake":"SEAT","vehicleModel":"Altea","vehicleDerivative":"XL 1.6 TDI CR REF S.E 4DR S.E.","vehiclePriceEuro":18995,"vehicleYearOfManufacture":2012,"advertiserCounty":"Donegal","isPSL":true,"privatePSL":false,"vehicleImageId":"14276744","imagecount":9,"isTrade":false},{"advertId":"29413440152714100","vehicleMake":"SEAT","vehicleModel":"Altea","vehicleDerivative":"XL 1.6 TDI CR REF S.E. 5DR","vehiclePriceEuro":16950,"vehicleYearOfManufacture":2011,"advertiserCounty":"Louth","isPSL":false,"privatePSL":false,"vehicleImageId":"b9fd5bdc-fa58-43e0-9062-bbfe3813f5ee","imagecount":14,"advertiserName":"Callanan Motor Company","isTrade":true},{"advertId":"33913608423948530","vehicleMake":"SEAT","vehicleModel":"Altea","vehicleDerivative":"XL 1.6 TDI CR REF S.E. 4DR","vehiclePriceEuro":15950,"vehicleYearOfManufacture":2011,"advertiserCounty":"Kilkenny","isPSL":false,"privatePSL":false,"imagecount":0,"advertiserName":"Michael Lyng Motors Ltd.","isTrade":true},{"advertId":"32913610092971400","vehicleMake":"SEAT","vehicleModel":"Altea","vehicleDerivative":"XL 1.6 TDI CR REF S.E. 5DR","vehiclePriceEuro":14750,"vehicleYearOfManufacture":2011,"advertiserCounty":"Cork","isPSL":false,"privatePSL":false,"vehicleImageId":"93a38f0e-16e7-4491-af99-5e3b2772894a","imagecount":4,"advertiserName":"Finbarr Galvin Limited","isTrade":true},{"advertId":"33413601462831180","vehicleMake":"SEAT","vehicleModel":"Altea","vehicleDerivative":"1.6 TDI CR REFERENCE S.E. 5DR","vehiclePriceEuro":13950,"vehicleYearOfManufacture":2011,"advertiserCounty":"Cork","isPSL":false,"privatePSL":false,"vehicleImageId":"81e8ad55-db59-41d1-8938-74b0ddd908cf","imagecount":5,"advertiserName":"Finbarr Galvin Limited","isTrade":true},{"advertId":"29813445251763970","vehicleMake":"SEAT","vehicleModel":"Altea","vehicleDerivative":"COMMERCIAL,XL,PRICE INCLUDES VAT","vehiclePriceEuro":10950,"vehicleYearOfManufacture":2010,"advertiserCounty":"Kildare","isPSL":false,"privatePSL":false,"vehicleImageId":"9af03f33-3772-4c1e-b605-3a8d62e75c36","imagecount":7,"advertiserName":"SMC Car Sales","isTrade":true},{"advertId":"201246210952678","vehicleMake":"SEAT","vehicleModel":"Altea","vehicleDerivative":"XL REBEL 125BHP 1.4 PLUS","vehiclePriceEuro":11500,"vehicleYearOfManufacture":2008,"advertiserCounty":"Cork","isPSL":true,"privatePSL":false,"vehicleImageId":"11936538","imagecount":5,"isTrade":false},{"advertId":"34413616329811640","vehicleMake":"SEAT","vehicleModel":"Altea","vehicleDerivative":"1.9 TDI Reference","vehiclePriceEuro":10450,"vehicleYearOfManufacture":2008,"advertiserCounty":"Galway","isPSL":true,"privatePSL":false,"vehicleImageId":"4acb4021-8cc9-4a36-897b-fe4934aaf7de","imagecount":1,"advertiserName":"Westlink Car Sales Ltd.","isTrade":true},{"advertId":"33213618959709180","vehicleMake":"SEAT","vehicleModel":"Altea","vehicleDerivative":"1.4 REBEL 85 BHP","vehiclePriceEuro":7750,"vehicleYearOfManufacture":2008,"advertiserCounty":"Tipperary","isPSL":false,"privatePSL":false,"vehicleImageId":"dffb3961-6991-442a-beb5-52e2b12badeb","imagecount":6,"advertiserName":"Fahy & Ryan Car Sales Limited","isTrade":true},{"advertId":"613240259634200","vehicleMake":"SEAT","vehicleModel":"Altea","vehicleDerivative":"1.9 TDI R 105bhp","vehiclePriceEuro":0,"vehicleYearOfManufacture":2008,"advertiserCounty":"Donegal","isPSL":false,"privatePSL":false,"vehicleImageId":"4dcc04f1-d300-401c-8dd2-1af18369909c","imagecount":6,"advertiserName":"Browne's Cars Group","isTrade":true},{"advertId":"713236784757310","vehicleMake":"SEAT","vehicleModel":"Altea","vehicleDerivative":"2.0 TDI, Automatic, 140bhp","vehiclePriceEuro":0,"vehicleYearOfManufacture":2008,"advertiserCounty":"Tipperary","isPSL":false,"privatePSL":false,"vehicleImageId":"98cbf76e-8687-4324-918c-bbeed8b25478","imagecount":8,"advertiserName":"South East Car Sales","isTrade":true},{"advertId":"32013591179773090","vehicleMake":"SEAT","vehicleModel":"Altea","vehicleDerivative":"XL 1.6 SPORT","vehiclePriceEuro":7950,"vehicleYearOfManufacture":2007,"advertiserCounty":"Waterford","isPSL":false,"privatePSL":false,"vehicleImageId":"6ae0ee0f-bb54-46f6-ac21-cef41ecfb9da","imagecount":1,"advertiserName":"McConnell Bros Ltd","isTrade":true},{"advertId":"31413585064101650","vehicleMake":"SEAT","vehicleModel":"Altea","vehicleDerivative":"XL 1.4 R 5DR **SOLD**","vehiclePriceEuro":7750,"vehicleYearOfManufacture":2007,"advertiserCounty":"Cork","isPSL":true,"privatePSL":false,"vehicleImageId":"1070390a-4421-4664-8e38-1a14ed0eb837","imagecount":20,"advertiserName":"Cashman Car Sales","isTrade":true},{"advertId":"34113616323114520","vehicleMake":"SEAT","vehicleModel":"Altea","vehicleDerivative":"XL 1.4 R 5DR 1-OWNER","vehiclePriceEuro":7500,"vehicleYearOfManufacture":2007,"advertiserCounty":"Waterford","isPSL":false,"privatePSL":false,"vehicleImageId":"04f3404a-a9e4-405e-8eef-f5d7c6fe0b4d","imagecount":10,"advertiserName":"T Farrell & Sons","isTrade":true},{"advertId":"33413620495689370","vehicleMake":"SEAT","vehicleModel":"Altea","vehicleDerivative":"XL 1.4 R 5DR","vehiclePriceEuro":6995,"vehicleYearOfManufacture":2007,"advertiserCounty":"Waterford","isPSL":false,"privatePSL":false,"imagecount":0,"advertiserName":"Martin Barrett","isTrade":true},{"advertId":"31513577382069530","vehicleMake":"SEAT","vehicleModel":"Altea","vehicleDerivative":"XL 1.6 R 5DR**Great family car**","vehiclePriceEuro":6950,"vehicleYearOfManufacture":2007,"advertiserCounty":"Dublin","isPSL":true,"privatePSL":false,"vehicleImageId":"c6cddef4-dc26-4169-acac-8961d1c89a7b","imagecount":7,"advertiserName":"Michael Barrable Motors","isTrade":true},{"advertId":"33413602267393790","vehicleMake":"SEAT","vehicleModel":"Altea","vehicleDerivative":"1.6 5DR SPORT","vehiclePriceEuro":6950,"vehicleYearOfManufacture":2007,"advertiserCounty":"Waterford","isPSL":false,"privatePSL":false,"vehicleImageId":"c1c4072a-01ed-4d16-95ea-6403853bc7ca","imagecount":8,"advertiserName":"Tom Murphy (Car Sales) Ltd.","isTrade":true},{"advertId":"201303212004540","vehicleMake":"SEAT","vehicleModel":"Altea","vehicleDerivative":"1.6 5DR SPORT","vehiclePriceEuro":6800,"vehicleYearOfManufacture":2007,"advertiserCounty":"Meath","isPSL":true,"privatePSL":false,"vehicleImageId":"14272692","imagecount":7,"isTrade":false},{"advertId":"201244210760753","vehicleMake":"SEAT","vehicleModel":"Altea","vehicleDerivative":"XL 1.4 R 5DR","vehiclePriceEuro":6500,"vehicleYearOfManufacture":2007,"advertiserCounty":"Dublin","isPSL":true,"privatePSL":false,"vehicleImageId":"14091146","imagecount":7,"isTrade":false},{"advertId":"31213476166808470","vehicleMake":"SEAT","vehicleModel":"Altea","vehicleDerivative":"1.6 R *TP Waters*","vehiclePriceEuro":5950,"vehicleYearOfManufacture":2006,"advertiserCounty":"Kildare","isPSL":true,"privatePSL":false,"vehicleImageId":"b9060875-ad7b-4d87-89db-2f4abc6c6799","imagecount":8,"advertiserName":"T.P. Waters","isTrade":true},{"advertId":"34213620333612450","vehicleMake":"SEAT","vehicleModel":"Altea","vehicleDerivative":"2.0 Stylance 5DR AUTOMATIC","vehiclePriceEuro":0,"vehicleYearOfManufacture":2006,"advertiserCounty":"Kildare","isPSL":false,"privatePSL":false,"vehicleImageId":"660180b0-1a66-45d9-bcd4-32edc5d2904a","imagecount":6,"advertiserName":"Merlin Car Auctions","isTrade":true},{"advertId":"33913604215496660","vehicleMake":"SEAT","vehicleModel":"Altea","vehicleDerivative":"1.9 TDI 5DR 5P1212 SPORT","vehiclePriceEuro":6750,"vehicleYearOfManufacture":2005,"advertiserCounty":"Clare","isPSL":false,"privatePSL":false,"vehicleImageId":"398e6d0d-5a16-4f4b-a1a4-247f5bb449c6","imagecount":10,"advertiserName":"Sheils of Ennis","isTrade":true},{"advertId":"31913585922607520","vehicleMake":"SEAT","vehicleModel":"Altea","vehicleDerivative":"1. 6 5DR5Dr SPORT Cruise Control, Allys Full Service Histroy, Low Mileage ","vehiclePriceEuro":5950,"vehicleYearOfManufacture":2005,"advertiserCounty":"Westmeath","isPSL":true,"privatePSL":false,"vehicleImageId":"f0d84106-6f03-4e8a-b14f-7a190500cedb","imagecount":11,"advertiserName":"Michael Moore Athlone","isTrade":true},{"advertId":"31713525859688090","vehicleMake":"SEAT","vehicleModel":"Altea","vehicleDerivative":"1.6 5DR 5P11D2 R","vehiclePriceEuro":4750,"vehicleYearOfManufacture":2005,"advertiserCounty":"Donegal","isPSL":false,"privatePSL":false,"vehicleImageId":"7cf6e969-0cdd-4afa-9b32-dc8c888bc791","imagecount":5,"advertiserName":"Gallaghers Cars Ltd","isTrade":true},{"advertId":"113228400517570","vehicleMake":"SEAT","vehicleModel":"Altea","vehicleDerivative":"1.9 TDI 5DR R","vehiclePriceEuro":5700,"vehicleYearOfManufacture":2004,"advertiserCounty":"Waterford","isPSL":false,"privatePSL":false,"vehicleImageId":"b3f3274f-b854-4415-b087-d2a35435da22","imagecount":3,"advertiserName":"Martin Barrett","isTrade":true},{"advertId":"201302211892160","vehicleMake":"SEAT","vehicleModel":"Altea","vehicleDerivative":"1.6 5DR","vehiclePriceEuro":4250,"vehicleYearOfManufacture":2004,"advertiserCounty":"Waterford","isPSL":true,"privatePSL":false,"vehicleImageId":"14257939","imagecount":9,"isTrade":false},{"advertId":"31413555841092490","vehicleMake":"SEAT","vehicleModel":"Altea XL","vehicleDerivative":"Joe Duffy SEAT Dublins New SEAT Dealer","vehiclePriceEuro":1000000,"vehicleYearOfManufacture":2013,"advertiserCounty":"Dublin","isPSL":true,"privatePSL":false,"vehicleImageId":"acd16c3d-c287-4ea6-b754-6a552c127d79","imagecount":1,"advertiserName":"Joe Duffy Dun Laoghaire (SEAT)","isTrade":true},{"advertId":"613262101750620","vehicleMake":"SEAT","vehicleModel":"Altea XL","vehicleDerivative":"1.6TDi CR S.E. 105BHP **SOLD**","vehiclePriceEuro":24000,"vehicleYearOfManufacture":2013,"advertiserCounty":"Cork","isPSL":true,"privatePSL":false,"vehicleImageId":"5dd0d810-76b8-45bc-b075-a5bae1d409a2","imagecount":17,"advertiserName":"Cashman Car Sales","isTrade":true},{"advertId":"32113560113232830","vehicleMake":"SEAT","vehicleModel":"Altea XL","vehicleDerivative":"1.6TDI 105BHP CR SE. --- BLACKWATER FERMOY","vehiclePriceEuro":24000,"vehicleYearOfManufacture":2013,"advertiserCounty":"Cork","isPSL":true,"privatePSL":false,"vehicleImageId":"21c3de07-b057-4c87-938a-daa295cd0ea2","imagecount":18,"advertiserName":"Blackwater Motors Fermoy (Main Volkswagen Dealer)","isTrade":true},{"advertId":"213231632398780","vehicleMake":"SEAT","vehicleModel":"Altea XL","vehicleDerivative":"1.6 TDI *3% FINANCE*","vehiclePriceEuro":23650,"vehicleYearOfManufacture":2013,"advertiserCounty":"Kildare","isPSL":true,"privatePSL":false,"vehicleImageId":"72737cf8-ac7f-4ee9-9e01-80ba98925620","imagecount":10,"advertiserName":"T.P. Waters","isTrade":true},{"advertId":"313231675077580","vehicleMake":"SEAT","vehicleModel":"Altea XL","vehicleDerivative":"1.6TDi Ecomotive Reference SE","vehiclePriceEuro":23580,"vehicleYearOfManufacture":2013,"advertiserCounty":"Wicklow","isPSL":false,"privatePSL":false,"vehicleImageId":"6248c177-5480-4081-95f0-fcfc9618b88f","imagecount":10,"advertiserName":"Newcastle Garage","isTrade":true},{"advertId":"31113528097500930","vehicleMake":"SEAT","vehicleModel":"Altea XL","vehicleDerivative":"1.6TDI 105BHP S.E. *€500 HOLIDAY VOUCHER* *3% APR FINANCE* *ROCHFORD MOTORS, OUR REPUTATION IS YOUR GUARANTEE*","vehiclePriceEuro":23065,"vehicleYearOfManufacture":2013,"advertiserCounty":"Mayo","isPSL":false,"privatePSL":false,"vehicleImageId":"d1d1aae0-9914-4434-8b67-b8ff67093219","imagecount":11,"advertiserName":"Rochford Motors","isTrade":true},{"advertId":"32013555822544520","vehicleMake":"SEAT","vehicleModel":"Altea XL","vehicleDerivative":"S.E 1.6TDi JoeDuffy.ie","vehiclePriceEuro":23045,"vehicleYearOfManufacture":2013,"advertiserCounty":"Dublin","isPSL":true,"privatePSL":false,"vehicleImageId":"bfca2eef-b11f-40a9-9cef-dd57f2f532b4","imagecount":11,"advertiserName":"Joe Duffy Dun Laoghaire (SEAT)","isTrade":true},{"advertId":"813240245391170","vehicleMake":"SEAT","vehicleModel":"Altea XL","vehicleDerivative":"1.6 Tdi *3% Finance*","vehiclePriceEuro":22465,"vehicleYearOfManufacture":2013,"advertiserCounty":"Kilkenny","isPSL":false,"privatePSL":false,"vehicleImageId":"d3bfa251-41c6-4fa9-84d5-5e1fec1405d8","imagecount":12,"advertiserName":"Quinn Motors","isTrade":true},{"advertId":"31713555841568170","vehicleMake":"SEAT","vehicleModel":"Altea XL","vehicleDerivative":"Joe Duffy SEAT Dublins New SEAT Dealer","vehiclePriceEuro":0,"vehicleYearOfManufacture":2013,"advertiserCounty":"Dublin","isPSL":true,"privatePSL":false,"vehicleImageId":"0bfbf043-065e-4613-8ab2-e44dbaa82a21","imagecount":1,"advertiserName":"Joe Duffy Dun Laoghaire (SEAT)","isTrade":true},{"advertId":"31713529007082430","vehicleMake":"SEAT","vehicleModel":"Altea XL","vehicleDerivative":"1.6 TDI S.E. 4.9% APR FINANCE","vehiclePriceEuro":21500,"vehicleYearOfManufacture":2012,"advertiserCounty":"Mayo","isPSL":false,"privatePSL":false,"vehicleImageId":"1d21a5d5-344e-470b-a641-f4f4e016222c","imagecount":12,"advertiserName":"Rochford Motors","isTrade":true},{"advertId":"713232456914440","vehicleMake":"SEAT","vehicleModel":"Altea XL","vehicleDerivative":"1.6 TDi Ecomotive S.E. *4.9% Finance Available*","vehiclePriceEuro":20950,"vehicleYearOfManufacture":2012,"advertiserCounty":"Dublin","isPSL":false,"privatePSL":false,"vehicleImageId":"3bec493a-1b26-4e5f-bcd5-3a98e82dd4e8","imagecount":8,"advertiserName":"Ryans Garage Limited","isTrade":true},{"advertId":"21913414880405680","vehicleMake":"SEAT","vehicleModel":"Altea XL","vehicleDerivative":"1.6 tdi 105bph","vehiclePriceEuro":19975,"vehicleYearOfManufacture":2012,"advertiserCounty":"Wexford","isPSL":true,"privatePSL":false,"vehicleImageId":"eb40ced0-8124-40dc-a608-8d7b898b9e78","imagecount":9,"advertiserName":"Enniscorthy Motor Co. Ltd","isTrade":true},{"advertId":"31113572234439630","vehicleMake":"SEAT","vehicleModel":"Altea XL","vehicleDerivative":"S.E 1.6TDi JoeDuffy.ie","vehiclePriceEuro":19950,"vehicleYearOfManufacture":2012,"advertiserCounty":"Dublin","isPSL":true,"privatePSL":false,"vehicleImageId":"0e0d1749-7be5-4576-a083-45148e37d0d9","imagecount":9,"advertiserName":"Joe Duffy Dun Laoghaire (SEAT)","isTrade":true},{"advertId":"33913601918125860","vehicleMake":"SEAT","vehicleModel":"Altea XL","vehicleDerivative":"1.6 TDI","vehiclePriceEuro":17995,"vehicleYearOfManufacture":2011,"advertiserCounty":"Waterford","isPSL":false,"privatePSL":false,"vehicleImageId":"7f9b87d7-f510-403c-a249-83b629a77bb4","imagecount":4,"advertiserName":"George Corbett Motors Ltd","isTrade":true},{"advertId":"33213597336141250","vehicleMake":"SEAT","vehicleModel":"Altea XL","vehicleDerivative":"1.6 TDI *4.9% Finance*","vehiclePriceEuro":16750,"vehicleYearOfManufacture":2011,"advertiserCounty":"Kildare","isPSL":true,"privatePSL":false,"vehicleImageId":"269251de-4a2f-4cb6-a325-792ad3a048ab","imagecount":9,"advertiserName":"T.P. Waters","isTrade":true},{"advertId":"34213600763702530","vehicleMake":"SEAT","vehicleModel":"Altea XL","vehicleDerivative":"1.6TDI 5 Door","vehiclePriceEuro":15950,"vehicleYearOfManufacture":2011,"advertiserCounty":"Kilkenny","isPSL":false,"privatePSL":false,"vehicleImageId":"8b7fadb1-ffda-4ec6-a319-1837aea1e0a6","imagecount":9,"advertiserName":"Laharts Skoda","isTrade":true},{"advertId":"34013602440867410","vehicleMake":"SEAT","vehicleModel":"Altea XL","vehicleDerivative":"XL REBEL P07 L.E. 5DR","vehiclePriceEuro":14950,"vehicleYearOfManufacture":2010,"advertiserCounty":"Dublin","isPSL":false,"privatePSL":false,"vehicleImageId":"581fd8cc-e362-47e2-bb7c-9bd7f38d8c3f","imagecount":2,"advertiserName":"Bill Sheehan & Sons","isTrade":true},{"advertId":"34013608642224300","vehicleMake":"SEAT","vehicleModel":"Altea XL","vehicleDerivative":"1.4TSI 125BHP 5DR","vehiclePriceEuro":11950,"vehicleYearOfManufacture":2010,"advertiserCounty":"Galway","isPSL":false,"privatePSL":false,"vehicleImageId":"f594a8fc-923b-47c2-9525-878615519050","imagecount":10,"advertiserName":"Mellotte Motors","isTrade":true},{"advertId":"34213602550657170","vehicleMake":"SEAT","vehicleModel":"Altea XL","vehicleDerivative":"1.9 TDI *TP Waters*","vehiclePriceEuro":13750,"vehicleYearOfManufacture":2009,"advertiserCounty":"Kildare","isPSL":true,"privatePSL":false,"vehicleImageId":"185ebd13-4fbc-46ee-8939-da8cf474df8c","imagecount":9,"advertiserName":"T.P. Waters","isTrade":true},{"advertId":"32713591251526720","vehicleMake":"SEAT","vehicleModel":"Altea XL","vehicleDerivative":"1.4","vehiclePriceEuro":8995,"vehicleYearOfManufacture":2008,"advertiserCounty":"Dublin","isPSL":true,"privatePSL":false,"vehicleImageId":"b73dbd71-e942-4e58-af43-02ea4131d053","imagecount":7,"advertiserName":"A S Cars","isTrade":true},{"advertId":"201306212386536","vehicleMake":"SEAT","vehicleModel":"Altea XL","vehicleDerivative":"VAN 1.9XL TDIR 1.9 XL","vehiclePriceEuro":5995,"vehicleYearOfManufacture":2008,"advertiserCounty":"Dublin","isPSL":true,"privatePSL":false,"vehicleImageId":"14333479","imagecount":5,"isTrade":false},{"advertId":"32913601638759380","vehicleMake":"SEAT","vehicleModel":"Altea XL","vehicleDerivative":"1.9 TDI 105BHP R SPORT","vehiclePriceEuro":8995,"vehicleYearOfManufacture":2007,"advertiserCounty":"Donegal","isPSL":false,"privatePSL":false,"vehicleImageId":"4ad30442-e92b-4342-b7ac-e5ef8b1c5319","imagecount":11,"advertiserName":"DMG Motors Ltd","isTrade":true},{"advertId":"32913604157457250","vehicleMake":"SEAT","vehicleModel":"Arosa","vehicleDerivative":"STELLA 1.0 LITRE ,2 Owners","vehiclePriceEuro":2950,"vehicleYearOfManufacture":2004,"advertiserCounty":"Dublin","isPSL":true,"privatePSL":false,"vehicleImageId":"01d81e05-f504-4c02-8d71-560be3fef1a8","imagecount":9,"advertiserName":"First Choice Auto's","isTrade":true},{"advertId":"201250211399694","vehicleMake":"SEAT","vehicleModel":"Arosa","vehicleDerivative":"STELLA 1.0","vehiclePriceEuro":1500,"vehicleYearOfManufacture":2002,"advertiserCounty":"Dublin","isPSL":true,"privatePSL":false,"vehicleImageId":"14204654","imagecount":3,"isTrade":false},{"advertId":"201245210892339","vehicleMake":"SEAT","vehicleModel":"Arosa","vehicleDerivative":"1.0 SELECT","vehiclePriceEuro":1500,"vehicleYearOfManufacture":2000,"advertiserCounty":"Dublin","isPSL":true,"privatePSL":false,"vehicleImageId":"14113953","imagecount":2,"isTrade":false},{"advertId":"201309212649770","vehicleMake":"SEAT","vehicleModel":"Arosa","vehiclePriceEuro":2000,"vehicleYearOfManufacture":1999,"advertiserCounty":"Westmeath","isPSL":true,"privatePSL":false,"vehicleImageId":"11777920","imagecount":1,"isTrade":false},{"advertId":"201309212698552","vehicleMake":"SEAT","vehicleModel":"Arosa","vehiclePriceEuro":2000,"vehicleYearOfManufacture":1999,"advertiserCounty":"Westmeath","isPSL":true,"privatePSL":false,"vehicleImageId":"11777920","imagecount":1,"isTrade":false},{"advertId":"32913596317653480","vehicleMake":"SEAT","vehicleModel":"Arosa","vehicleDerivative":"1.0 (NCT-11-2013 TAX-03-2014)","vehiclePriceEuro":995,"vehicleYearOfManufacture":1999,"advertiserCounty":"Dublin","isPSL":true,"privatePSL":false,"vehicleImageId":"2ed6eb21-b1a8-4c79-9031-0d5f7a71d7b0","imagecount":7,"advertiserName":"Green Isle Autos Ltd.","isTrade":true},{"advertId":"34013600840475110","vehicleMake":"SEAT","vehicleModel":"Cordoba","vehicleDerivative":"DIESEL","vehiclePriceEuro":11995,"vehicleYearOfManufacture":2010,"advertiserCounty":"Dublin","isPSL":false,"privatePSL":false,"vehicleImageId":"16ed3f4b-4409-42bc-b7b7-38435bae6f3d","imagecount":3,"advertiserName":"Windsor Belgard","isTrade":true},{"advertId":"31113547935982000","vehicleMake":"SEAT","vehicleModel":"Cordoba","vehicleDerivative":"1.2 COSTA 4DR *4.9% APR FINANCE* *LOW MILEAGE* *MAIN DEALER PARTS AND LABOUR WARRANTY* *IMMACULATE CAR* *BUY WITH CONFIDENCE FORM ROCHFORD MOTORS* *MAIN SEAT DEALER* ","vehiclePriceEuro":9950,"vehicleYearOfManufacture":2009,"advertiserCounty":"Mayo","isPSL":false,"privatePSL":false,"vehicleImageId":"370720e2-035c-4144-8299-a8272e286c72","imagecount":16,"advertiserName":"Rochford Motors","isTrade":true},{"advertId":"34013608651771480","vehicleMake":"SEAT","vehicleModel":"Cordoba","vehicleDerivative":"1.4 TDI SPIRIT","vehiclePriceEuro":9500,"vehicleYearOfManufacture":2009,"advertiserCounty":"Kilkenny","isPSL":false,"privatePSL":false,"vehicleImageId":"fee0cf67-fc8b-4a97-8a6d-695ff446377b","imagecount":10,"advertiserName":"Quinn Motors","isTrade":true},{"advertId":"31913560958710650","vehicleMake":"SEAT","vehicleModel":"Cordoba","vehicleDerivative":"1.4 TDI Costa Plus","vehiclePriceEuro":8995,"vehicleYearOfManufacture":2008,"advertiserCounty":"Waterford","isPSL":false,"privatePSL":false,"vehicleImageId":"38c9cc85-1a81-4102-bd4d-1cc7b73182eb","imagecount":6,"advertiserName":"George Corbett Motors Ltd","isTrade":true},{"advertId":"33413610174870780","vehicleMake":"SEAT","vehicleModel":"Cordoba","vehicleDerivative":"1.4 TDI *TP Waters Est.1971*","vehiclePriceEuro":8950,"vehicleYearOfManufacture":2008,"advertiserCounty":"Kildare","isPSL":true,"privatePSL":false,"vehicleImageId":"69c27e5c-ea12-4303-981b-a422c93efefd","imagecount":9,"advertiserName":"T.P. Waters","isTrade":true},{"advertId":"34313612657054870","vehicleMake":"SEAT","vehicleModel":"Cordoba","vehicleDerivative":"1.2 COSTA 4DR","vehiclePriceEuro":8850,"vehicleYearOfManufacture":2008,"advertiserCounty":"Kerry","isPSL":false,"privatePSL":false,"vehicleImageId":"c4359bff-c26d-4752-ac2f-3d118dc765a4","imagecount":14,"advertiserName":"Dineen O' Donoghue","isTrade":true},{"advertId":"31813588507622640","vehicleMake":"SEAT","vehicleModel":"Cordoba","vehicleDerivative":"1.2 COSTA 4.9% Finance","vehiclePriceEuro":7800,"vehicleYearOfManufacture":2008,"advertiserCounty":"Kilkenny","isPSL":false,"privatePSL":false,"vehicleImageId":"39d7bed1-d607-47c4-b314-eb949ab317f8","imagecount":9,"advertiserName":"Quinn Motors","isTrade":true},{"advertId":"31513571300400090","vehicleMake":"SEAT","vehicleModel":"Cordoba","vehicleDerivative":"1.2 COSTA 4DR","vehiclePriceEuro":7700,"vehicleYearOfManufacture":2008,"advertiserCounty":"Cork","isPSL":true,"privatePSL":false,"vehicleImageId":"272e1d5c-bb74-43c0-8bc5-3c1df4c11e4d","imagecount":9,"advertiserName":"Kiely's Car Sales","isTrade":true},{"advertId":"201307212433097","vehicleMake":"SEAT","vehicleModel":"Cordoba","vehicleDerivative":"1.2 COSTA 4DR","vehiclePriceEuro":7500,"vehicleYearOfManufacture":2008,"advertiserCounty":"Dublin","isPSL":true,"privatePSL":false,"vehicleImageId":"14005393","imagecount":8,"isTrade":false},{"advertId":"29813467576115730","vehicleMake":"SEAT","vehicleModel":"Cordoba","vehicleDerivative":"1.2 COSTA 4DR ","vehiclePriceEuro":7495,"vehicleYearOfManufacture":2008,"advertiserCounty":"Dublin","isPSL":false,"privatePSL":false,"vehicleImageId":"79d43e46-e24d-40f2-b559-5b486e69b1cb","imagecount":9,"advertiserName":"James Hennessy Motors Ltd","isTrade":true},{"advertId":"31913578139614190","vehicleMake":"SEAT","vehicleModel":"Cordoba","vehicleDerivative":"1.2 COSTA *4.9%APR FINANCE* *FULL MAIN DEALER SERVICE HISTORY* *MAIN DEALER PARTS AND LABOUR WARRANTY* *ROCHFORD MOTORS, BUY WITH CONFIDENCE*","vehiclePriceEuro":6750,"vehicleYearOfManufacture":2008,"advertiserCounty":"Mayo","isPSL":false,"privatePSL":false,"imagecount":0,"advertiserName":"Rochford Motors","isTrade":true},{"advertId":"201303211975248","vehicleMake":"SEAT","vehicleModel":"Cordoba","vehicleDerivative":"1.2 COSTA 4DR","vehiclePriceEuro":6500,"vehicleYearOfManufacture":2008,"advertiserCounty":"Dublin","isPSL":true,"privatePSL":false,"vehicleImageId":"14267524","imagecount":5,"isTrade":false},{"advertId":"201307212505347","vehicleMake":"SEAT","vehicleModel":"Cordoba","vehicleDerivative":"1.2 COSTA 4DR","vehiclePriceEuro":6500,"vehicleYearOfManufacture":2008,"advertiserCounty":"Dublin","isPSL":true,"privatePSL":false,"vehicleImageId":"14348698","imagecount":4,"isTrade":false},{"advertId":"31413587801604370","vehicleMake":"SEAT","vehicleModel":"Cordoba","vehicleDerivative":"1.4 COSTA 4DR","vehiclePriceEuro":7994,"vehicleYearOfManufacture":2007,"advertiserCounty":"Waterford","isPSL":true,"privatePSL":false,"vehicleImageId":"8a56e0d1-3b4c-42d0-b096-e526b3d15303","imagecount":6,"advertiserName":"John Kelly Waterford","isTrade":true},{"advertId":"31513596748526300","vehicleMake":"SEAT","vehicleModel":"Cordoba","vehicleDerivative":"1.4 diesel,economical,IMMACULATTE","vehiclePriceEuro":6950,"vehicleYearOfManufacture":2007,"advertiserCounty":"Dublin","isPSL":true,"privatePSL":false,"vehicleImageId":"21daf250-0973-42cb-ba89-db28bd0ff82b","imagecount":16,"advertiserName":"A Best Choice Cars","isTrade":true},{"advertId":"30013452816319530","vehicleMake":"SEAT","vehicleModel":"Cordoba","vehicleDerivative":"1 OWNER! SERVICE HISTORY","vehiclePriceEuro":6450,"vehicleYearOfManufacture":2007,"advertiserCounty":"Longford","isPSL":false,"privatePSL":false,"vehicleImageId":"e2c5abec-d03e-4b7d-abaf-c8989989eda2","imagecount":10,"advertiserName":"Peter Hanley Motors","isTrade":true},{"advertId":"31413572297950080","vehicleMake":"SEAT","vehicleModel":"Cordoba","vehicleDerivative":"1.4 TDI R 70BHP","vehiclePriceEuro":6400,"vehicleYearOfManufacture":2007,"advertiserCounty":"Kerry","isPSL":false,"privatePSL":false,"vehicleImageId":"3b9771c8-45be-469b-85df-5b28eac26dc9","imagecount":14,"advertiserName":"Dineen O' Donoghue","isTrade":true},{"advertId":"213231628809270","vehicleMake":"SEAT","vehicleModel":"Cordoba","vehicleDerivative":"1.2 (NCT 13) *TP Waters*","vehiclePriceEuro":6250,"vehicleYearOfManufacture":2007,"advertiserCounty":"Kildare","isPSL":true,"privatePSL":false,"vehicleImageId":"6b0787f3-ecee-4c87-be01-1237cdc99cbd","imagecount":9,"advertiserName":"T.P. Waters","isTrade":true},{"advertId":"31413587837084260","vehicleMake":"SEAT","vehicleModel":"Cordoba","vehicleDerivative":"1.4 COSTA 4DR","vehiclePriceEuro":5499,"vehicleYearOfManufacture":2007,"advertiserCounty":"Dublin","isPSL":false,"privatePSL":false,"vehicleImageId":"42bd28f0-15c6-41a4-869f-f3e981807112","imagecount":7,"advertiserName":"Pat Barron Motors","isTrade":true},{"advertId":"31113566579134440","vehicleMake":"SEAT","vehicleModel":"Cordoba","vehicleDerivative":"COSTA nct 4-13 taxed 1-13","vehiclePriceEuro":5495,"vehicleYearOfManufacture":2007,"advertiserCounty":"Dublin","isPSL":false,"privatePSL":false,"vehicleImageId":"b6430469-4132-448e-af02-b7ba9a86de05","imagecount":8,"advertiserName":"Windsor Belgard","isTrade":true},{"advertId":"201251211518195","vehicleMake":"SEAT","vehicleModel":"Cordoba","vehicleDerivative":"1.4 COSTA 4DR","vehiclePriceEuro":5250,"vehicleYearOfManufacture":2007,"advertiserCounty":"Wicklow","isPSL":true,"privatePSL":false,"vehicleImageId":"13847335","imagecount":7,"isTrade":false},{"advertId":"32913606955280530","vehicleMake":"SEAT","vehicleModel":"Cordoba","vehicleDerivative":"1.4 Costa","vehiclePriceEuro":4750,"vehicleYearOfManufacture":2007,"advertiserCounty":"Limerick","isPSL":true,"privatePSL":false,"vehicleImageId":"a5be415c-26ce-43f2-adb4-ac793e6672c7","imagecount":8,"advertiserName":"Frank Hogan Ltd.","isTrade":true},{"advertId":"31713561845482760","vehicleMake":"SEAT","vehicleModel":"Cordoba","vehicleDerivative":"1.4 PETROL CAVAN MOTORS","vehiclePriceEuro":4750,"vehicleYearOfManufacture":2007,"advertiserCounty":"Cavan","isPSL":false,"privatePSL":false,"imagecount":0,"advertiserName":"Cavan Motors Ltd","isTrade":true},{"advertId":"3513288918125390","vehicleMake":"SEAT","vehicleModel":"Cordoba","vehicleDerivative":"1.4 COSTA 4DR","vehiclePriceEuro":5450,"vehicleYearOfManufacture":2006,"advertiserCounty":"Galway","isPSL":true,"privatePSL":false,"vehicleImageId":"b72a8e4f-025b-4a76-bc4a-daf534aa449c","imagecount":11,"advertiserName":"Al Hayes Motors Ltd","isTrade":true},{"advertId":"213231632519900","vehicleMake":"SEAT","vehicleModel":"Cordoba","vehicleDerivative":"1.2 (NCT 14)*TP Waters*","vehiclePriceEuro":5250,"vehicleYearOfManufacture":2006,"advertiserCounty":"Kildare","isPSL":true,"privatePSL":false,"vehicleImageId":"5f14dc2d-3dd8-4432-a39b-6508bd55ec7b","imagecount":9,"advertiserName":"T.P. Waters","isTrade":true},{"advertId":"34013615868574180","vehicleMake":"SEAT","vehicleModel":"Cordoba","vehicleDerivative":"1.2 COSTA..FINANCE IN 1 HOUR ,,2014 NCT ..","vehiclePriceEuro":4250,"vehicleYearOfManufacture":2006,"advertiserCounty":"Dublin","isPSL":false,"privatePSL":false,"vehicleImageId":"27d78725-d7fe-4b5d-990d-18af4a5de505","imagecount":6,"advertiserName":"N 4 Autopoint","isTrade":true},{"advertId":"201306212341238","vehicleMake":"SEAT","vehicleModel":"Cordoba","vehicleDerivative":"1.4 COSTA 4DR","vehiclePriceEuro":4250,"vehicleYearOfManufacture":2006,"advertiserCounty":"Dublin","isPSL":true,"privatePSL":false,"vehicleImageId":"13983779","imagecount":6,"isTrade":false},{"advertId":"30213477051786120","vehicleMake":"SEAT","vehicleModel":"Cordoba","vehicleDerivative":"1.2 TP Waters Est.1971","vehiclePriceEuro":4900,"vehicleYearOfManufacture":2005,"advertiserCounty":"Kildare","isPSL":true,"privatePSL":false,"vehicleImageId":"17d9c58f-5ee9-4a31-8af0-2bed6ac782ff","imagecount":6,"advertiserName":"T.P. Waters","isTrade":true},{"advertId":"31413588563459830","vehicleMake":"SEAT","vehicleModel":"Cordoba","vehicleDerivative":"1.2 STELLA","vehiclePriceEuro":4499,"vehicleYearOfManufacture":2005,"advertiserCounty":"Dublin","isPSL":true,"privatePSL":false,"vehicleImageId":"c6c73046-c5ee-4d44-9fd1-29cb157ff8dd","imagecount":8,"advertiserName":"Airport Cars","isTrade":true},{"advertId":"30613469496857640","vehicleMake":"SEAT","vehicleModel":"Cordoba","vehicleDerivative":" 1.9 SDI STELLA","vehiclePriceEuro":4450,"vehicleYearOfManufacture":2005,"advertiserCounty":"Dublin","isPSL":false,"privatePSL":false,"vehicleImageId":"47a0a669-0858-4c65-a482-d450243525db","imagecount":12,"advertiserName":"Lewis Motors","isTrade":true},{"advertId":"201307212433162","vehicleMake":"SEAT","vehicleModel":"Cordoba","vehicleDerivative":"1.4 STELLA AUTO 4","vehiclePriceEuro":4350,"vehicleYearOfManufacture":2005,"advertiserCounty":"Clare","isPSL":true,"privatePSL":false,"vehicleImageId":"14003631","imagecount":7,"isTrade":false},{"advertId":"201247211099855","vehicleMake":"SEAT","vehicleModel":"Cordoba","vehicleDerivative":"1.2 STELLA","vehiclePriceEuro":4200,"vehicleYearOfManufacture":2005,"advertiserCounty":"Galway","isPSL":true,"privatePSL":false,"imagecount":0,"isTrade":false},{"advertId":"34213602507145570","vehicleMake":"SEAT","vehicleModel":"Cordoba","vehicleDerivative":"1.2 SIGNO**LOW MILEAGE**","vehiclePriceEuro":3950,"vehicleYearOfManufacture":2005,"advertiserCounty":"Dublin","isPSL":false,"privatePSL":false,"vehicleImageId":"8b4032d5-c00f-40ab-8cdd-14b5b3742213","imagecount":9,"advertiserName":"Southside Motor Group","isTrade":true},{"advertId":"34413618138689210","vehicleMake":"SEAT","vehicleModel":"Cordoba","vehicleDerivative":"1.4 COSTA 4DR TAXED 4/13","vehiclePriceEuro":3950,"vehicleYearOfManufacture":2005,"advertiserCounty":"Dublin","isPSL":false,"privatePSL":false,"vehicleImageId":"073edb0f-e064-4a3b-a628-520f83247c23","imagecount":5,"advertiserName":"Brians Autoworld","isTrade":true},{"advertId":"31413571501807840","vehicleMake":"SEAT","vehicleModel":"Cordoba","vehicleDerivative":"1.2 STELLA","vehiclePriceEuro":3750,"vehicleYearOfManufacture":2005,"advertiserCounty":"Cork","isPSL":false,"privatePSL":false,"vehicleImageId":"f11f55b7-73e6-4013-b34a-7d6b2e28a52a","imagecount":9,"advertiserName":"Kelleher Motors","isTrade":true},{"advertId":"6613361498182770","vehicleMake":"SEAT","vehicleModel":"Cordoba","vehicleDerivative":"1.2 STELLA","vehiclePriceEuro":3450,"vehicleYearOfManufacture":2005,"advertiserCounty":"Dublin","isPSL":false,"privatePSL":false,"vehicleImageId":"61e18760-5a62-47fb-a2db-cbad99286b8a","imagecount":7,"advertiserName":"Burke & Sons Motor Co","isTrade":true},{"advertId":"713232470609640","vehicleMake":"SEAT","vehicleModel":"Cordoba","vehicleDerivative":"1.2 STELLA","vehiclePriceEuro":3400,"vehicleYearOfManufacture":2005,"advertiserCounty":"Waterford","isPSL":false,"privatePSL":false,"vehicleImageId":"d87af28f-3932-4e48-be74-67b368aa5de5","imagecount":8,"advertiserName":"Castletown Carsales","isTrade":true},{"advertId":"31913503102540210","vehicleMake":"SEAT","vehicleModel":"Cordoba","vehicleDerivative":"1.9 SDI STELLA","vehiclePriceEuro":3999,"vehicleYearOfManufacture":2004,"advertiserCounty":"Dublin","isPSL":true,"privatePSL":false,"vehicleImageId":"d225f0e1-92c6-4581-a5dd-61470ea170dd","imagecount":9,"advertiserName":"Murphy Doyle","isTrade":true},{"advertId":"31413541931914350","vehicleMake":"SEAT","vehicleModel":"Cordoba","vehicleDerivative":"1.2 STELLA","vehiclePriceEuro":3650,"vehicleYearOfManufacture":2004,"advertiserCounty":"Tipperary","isPSL":false,"privatePSL":false,"vehicleImageId":"b48bf056-8f26-4d58-9139-3a71bb0fa183","imagecount":7,"advertiserName":"Mulcahy Car Sales","isTrade":true},{"advertId":"201302211824161","vehicleMake":"SEAT","vehicleModel":"Cordoba","vehicleDerivative":"1.2 STELLA","vehiclePriceEuro":3495,"vehicleYearOfManufacture":2004,"advertiserCounty":"Dublin","isPSL":true,"privatePSL":false,"vehicleImageId":"13890233","imagecount":1,"isTrade":false},{"advertId":"31513547958615610","vehicleMake":"SEAT","vehicleModel":"Cordoba","vehicleDerivative":"1.2 STELLA","vehiclePriceEuro":3195,"vehicleYearOfManufacture":2004,"advertiserCounty":"Cork","isPSL":true,"privatePSL":false,"vehicleImageId":"aef80707-5f00-42ab-a3c8-34636561a5f8","imagecount":7,"advertiserName":"Kiely's Car Sales","isTrade":true}],"totalAdvertCount":45174}