{"adverts":[{"advertId":"30913539506482390","vehicleMake":"Volvo","vehicleModel":"S40","vehicleDerivative":"D2 1.6 D SE 4DR","vehiclePriceEuro":23975,"vehicleYearOfManufacture":2012,"advertiserCounty":"Carlow","isPSL":true,"privatePSL":false,"vehicleImageId":"c5ebca95-8a16-4526-ac86-0081ce06b57c","imagecount":16,"advertiserName":"Bolands Carlow Skoda,Volvo & Mazda","isTrade":true},{"advertId":"32013539449495280","vehicleMake":"Volvo","vehicleModel":"S40","vehicleDerivative":"D2 1.6 D SE 4DR","vehiclePriceEuro":23975,"vehicleYearOfManufacture":2012,"advertiserCounty":"Carlow","isPSL":true,"privatePSL":false,"vehicleImageId":"ed541996-a314-4a02-b11e-eb046c493d25","imagecount":17,"advertiserName":"Bolands Carlow Skoda,Volvo & Mazda","isTrade":true},{"advertId":"21513414136017550","vehicleMake":"Volvo","vehicleModel":"S40","vehicleDerivative":"D2 1.6 D SE 4DR***REDUCED***","vehiclePriceEuro":23975,"vehicleYearOfManufacture":2012,"advertiserCounty":"Carlow","isPSL":true,"privatePSL":false,"vehicleImageId":"75b57886-0e4e-4df7-beb2-4b6a10c96357","imagecount":16,"advertiserName":"Bolands Carlow Skoda,Volvo & Mazda","isTrade":true},{"advertId":"34013615381724820","vehicleMake":"Volvo","vehicleModel":"S40","vehicleDerivative":"1.6 Dsl 4dr SE ~ Tax €200","vehiclePriceEuro":23950,"vehicleYearOfManufacture":2012,"advertiserCounty":"Dublin","isPSL":false,"privatePSL":false,"vehicleImageId":"13176bc1-6bba-4aa9-b946-23a8cc8fc6d4","imagecount":9,"advertiserName":"Windsor Liffey Valley","isTrade":true},{"advertId":"32113525584584620","vehicleMake":"Volvo","vehicleModel":"S40","vehicleDerivative":"D2 1.6 D SE","vehiclePriceEuro":23950,"vehicleYearOfManufacture":2012,"advertiserCounty":"Dublin","isPSL":true,"privatePSL":false,"vehicleImageId":"fa0d217d-d565-43f7-b237-bd182c29c26b","imagecount":8,"advertiserName":"HB Dennis (Volvo and Land Rover)","isTrade":true},{"advertId":"31113541230633290","vehicleMake":"Volvo","vehicleModel":"S40","vehicleDerivative":"D2 1.6 D SE 021-4615250","vehiclePriceEuro":23900,"vehicleYearOfManufacture":2012,"advertiserCounty":"Cork","isPSL":false,"privatePSL":false,"vehicleImageId":"c6520596-c53d-402c-8a6c-74ea330e9514","imagecount":11,"advertiserName":"Johnson & Perrott Motor Group (Mahon Point)","isTrade":true},{"advertId":"31713587878429020","vehicleMake":"Volvo","vehicleModel":"S40","vehicleDerivative":"D2 1.6 D SE 4dr","vehiclePriceEuro":23900,"vehicleYearOfManufacture":2012,"advertiserCounty":"Dublin","isPSL":false,"privatePSL":false,"vehicleImageId":"7fdaeeb1-3dbb-487b-8319-cfba43d325ff","imagecount":14,"advertiserName":"Kia Liffey Valley","isTrade":true},{"advertId":"31413589353374770","vehicleMake":"Volvo","vehicleModel":"S40","vehicleDerivative":"D2 1.6 D ES 4DR","vehiclePriceEuro":23450,"vehicleYearOfManufacture":2012,"advertiserCounty":"Carlow","isPSL":false,"privatePSL":false,"vehicleImageId":"12dbfcf7-838a-4cd1-a6ce-60289634bec5","imagecount":7,"advertiserName":"Michael Lyng Motors Carlow","isTrade":true},{"advertId":"31813575735772180","vehicleMake":"Volvo","vehicleModel":"S40","vehicleDerivative":"D2 1.6 D SE 4DR","vehiclePriceEuro":22995,"vehicleYearOfManufacture":2012,"advertiserCounty":"Waterford","isPSL":true,"privatePSL":false,"vehicleImageId":"ed92e776-4f7e-48c7-a59f-5fd67a2312b8","imagecount":6,"advertiserName":"AutoBoland","isTrade":true},{"advertId":"33913616254688110","vehicleMake":"Volvo","vehicleModel":"S40","vehicleDerivative":"D2 1.6 D SE 4DR","vehiclePriceEuro":22975,"vehicleYearOfManufacture":2012,"advertiserCounty":"Carlow","isPSL":true,"privatePSL":false,"vehicleImageId":"e4d0d120-512b-4f37-babe-d285c1c23a17","imagecount":15,"advertiserName":"Bolands Carlow Skoda,Volvo & Mazda","isTrade":true},{"advertId":"30913539509919980","vehicleMake":"Volvo","vehicleModel":"S40","vehicleDerivative":"D2 1.6 D SE *** REDUCED **","vehiclePriceEuro":22975,"vehicleYearOfManufacture":2012,"advertiserCounty":"Carlow","isPSL":true,"privatePSL":false,"vehicleImageId":"15b8be3c-5c9a-4dc9-bbeb-5c033e649fe6","imagecount":16,"advertiserName":"Bolands Carlow Skoda,Volvo & Mazda","isTrade":true},{"advertId":"30813497809669740","vehicleMake":"Volvo","vehicleModel":"S40","vehicleDerivative":"D2 1.6 D SE REDUCED","vehiclePriceEuro":22975,"vehicleYearOfManufacture":2012,"advertiserCounty":"Carlow","isPSL":true,"privatePSL":false,"vehicleImageId":"c09508d8-df20-4041-be9a-383e6970f151","imagecount":13,"advertiserName":"Bolands Carlow Skoda,Volvo & Mazda","isTrade":true},{"advertId":"31113503140632370","vehicleMake":"Volvo","vehicleModel":"S40","vehicleDerivative":"D2 1.6 D SE 4DR","vehiclePriceEuro":22975,"vehicleYearOfManufacture":2012,"advertiserCounty":"Wexford","isPSL":true,"privatePSL":false,"vehicleImageId":"b3b9d4bb-7ab6-45b5-b35f-4b93ee48dec5","imagecount":8,"advertiserName":"Bolands Wexford (Ford & Jaguar)","isTrade":true},{"advertId":"33413600742075710","vehicleMake":"Volvo","vehicleModel":"S40","vehicleDerivative":"1.6 SE D","vehiclePriceEuro":22950,"vehicleYearOfManufacture":2012,"advertiserCounty":"Westmeath","isPSL":false,"privatePSL":false,"vehicleImageId":"ab8b8019-d530-4388-abdd-b5ae983363b8","imagecount":12,"advertiserName":"Motorpark Athlone","isTrade":true},{"advertId":"31913588530761170","vehicleMake":"Volvo","vehicleModel":"S40","vehicleDerivative":"D2 1.6 D SE 4DR","vehiclePriceEuro":22495,"vehicleYearOfManufacture":2012,"advertiserCounty":"Waterford","isPSL":true,"privatePSL":false,"vehicleImageId":"09bb95da-2b36-4052-a884-95792af477a2","imagecount":7,"advertiserName":"AutoBoland","isTrade":true},{"advertId":"31413577336984200","vehicleMake":"Volvo","vehicleModel":"S40","vehicleDerivative":"D2 1.6 D ES 4DR M","vehiclePriceEuro":22250,"vehicleYearOfManufacture":2012,"advertiserCounty":"Limerick","isPSL":true,"privatePSL":false,"vehicleImageId":"02bdc2f9-0687-4d9c-84bd-84705e2fc5ea","imagecount":7,"advertiserName":"Dan Dooley Ford Centre","isTrade":true},{"advertId":"29413461653366620","vehicleMake":"Volvo","vehicleModel":"S40","vehicleDerivative":"D2 1.6 D ES ** REDUCED ***","vehiclePriceEuro":21975,"vehicleYearOfManufacture":2012,"advertiserCounty":"Carlow","isPSL":true,"privatePSL":false,"vehicleImageId":"1f9b9963-1463-4313-9c49-2c0fae98528d","imagecount":13,"advertiserName":"Bolands Carlow Skoda,Volvo & Mazda","isTrade":true},{"advertId":"33913618263124970","vehicleMake":"Volvo","vehicleModel":"S40","vehicleDerivative":"D4 R-DESIGN 2.0 D SV11 4DR","vehiclePriceEuro":21995,"vehicleYearOfManufacture":2011,"advertiserCounty":"Dublin","isPSL":true,"privatePSL":false,"vehicleImageId":"46b19190-35b0-4aa3-b5bf-5487feca9f27","imagecount":7,"advertiserName":"Kenilworth Motors","isTrade":true},{"advertId":"31913584430700780","vehicleMake":"Volvo","vehicleModel":"S40","vehicleDerivative":"D2 1.6 D DRIVE SE LUXURY 4DR","vehiclePriceEuro":21950,"vehicleYearOfManufacture":2011,"advertiserCounty":"Cork","isPSL":false,"privatePSL":false,"vehicleImageId":"df02d3cb-f480-4596-81a0-4560087f36ef","imagecount":20,"advertiserName":"Dan Seaman Motors (Hyundai & Mitsubishi)","isTrade":true},{"advertId":"31413588667416710","vehicleMake":"Volvo","vehicleModel":"S40","vehicleDerivative":"'D2' 1.6D DRIVE SE LUX M 4DR","vehiclePriceEuro":21950,"vehicleYearOfManufacture":2011,"advertiserCounty":"Carlow","isPSL":false,"privatePSL":false,"vehicleImageId":"dfeb9f79-4f50-4801-8507-6c735386a70e","imagecount":7,"advertiserName":"Sheehy Motors Carlow","isTrade":true},{"advertId":"31413580103497670","vehicleMake":"Volvo","vehicleModel":"S40","vehicleDerivative":"1.6D DRIVE SE LUXURY ","vehiclePriceEuro":21900,"vehicleYearOfManufacture":2011,"advertiserCounty":"Galway","isPSL":true,"privatePSL":false,"vehicleImageId":"f2bc8569-c766-4d9c-be31-afa7e9a377bd","imagecount":6,"advertiserName":"Kenny Galway","isTrade":true},{"advertId":"33913611376268170","vehicleMake":"Volvo","vehicleModel":"S40","vehicleDerivative":"D2 1.6D DRIVE SE LUXURY","vehiclePriceEuro":20950,"vehicleYearOfManufacture":2011,"advertiserCounty":"Dublin","isPSL":true,"privatePSL":false,"vehicleImageId":"cbd3de88-b088-4cb3-8869-7a589b6e36fa","imagecount":8,"advertiserName":"HB Dennis (Volvo and Land Rover)","isTrade":true},{"advertId":"33413611383264310","vehicleMake":"Volvo","vehicleModel":"S40","vehicleDerivative":"D2 1.6D DRIVE SE LUXURY","vehiclePriceEuro":20950,"vehicleYearOfManufacture":2011,"advertiserCounty":"Dublin","isPSL":true,"privatePSL":false,"vehicleImageId":"f0dd7b81-f38e-4d52-973e-846c211160ef","imagecount":3,"advertiserName":"HB Dennis (Volvo and Land Rover)","isTrade":true},{"advertId":"34313611379371030","vehicleMake":"Volvo","vehicleModel":"S40","vehicleDerivative":"D2 1.6D DRIVE SE LUXURY","vehiclePriceEuro":20950,"vehicleYearOfManufacture":2011,"advertiserCounty":"Dublin","isPSL":true,"privatePSL":false,"vehicleImageId":"dfd60baa-e2b0-4ce7-9ea5-0ec0654f704f","imagecount":3,"advertiserName":"HB Dennis (Volvo and Land Rover)","isTrade":true},{"advertId":"33913609241390870","vehicleMake":"Volvo","vehicleModel":"S40","vehicleDerivative":"D2 1.6 D DRIVE SE LUXURY 4DR 'D2' M","vehiclePriceEuro":20950,"vehicleYearOfManufacture":2011,"advertiserCounty":"Dublin","isPSL":true,"privatePSL":false,"vehicleImageId":"f33724a4-7fe7-4a3b-8985-6134bb91697f","imagecount":8,"advertiserName":"HB Dennis (Volvo and Land Rover)","isTrade":true},{"advertId":"33913618826192860","vehicleMake":"Volvo","vehicleModel":"S40","vehicleDerivative":"D2 115bhp SE LUX","vehiclePriceEuro":20900,"vehicleYearOfManufacture":2011,"advertiserCounty":"Cork","isPSL":false,"privatePSL":false,"vehicleImageId":"42ac463e-3ac4-4423-af51-68f9af209ed8","imagecount":11,"advertiserName":"Johnson & Perrott Motor Group (Mahon Point)","isTrade":true},{"advertId":"33913604206524210","vehicleMake":"Volvo","vehicleModel":"S40","vehicleDerivative":"D2 1.6D DRIVE SE LUXURY","vehiclePriceEuro":20900,"vehicleYearOfManufacture":2011,"advertiserCounty":"Galway","isPSL":true,"privatePSL":false,"vehicleImageId":"0c9cc341-5de9-4db8-83ec-5c8f18b53cf9","imagecount":6,"advertiserName":"Kenny Galway","isTrade":true},{"advertId":"32713591340479490","vehicleMake":"Volvo","vehicleModel":"S40","vehicleDerivative":"edrive","vehiclePriceEuro":19950,"vehicleYearOfManufacture":2011,"advertiserCounty":"Dublin","isPSL":true,"privatePSL":false,"vehicleImageId":"b69230fc-f856-4581-9c18-cc9d5f683322","imagecount":7,"advertiserName":"Castle Rock Motors","isTrade":true},{"advertId":"31813594646507540","vehicleMake":"Volvo","vehicleModel":"S40","vehicleDerivative":"LUXURY D2 1.6 SALOON WITH HUGE SPEC / UPGRADED BLACK LEATHER INTERIOR / UPGRADED 5-SPOKE 17\" ALLOYS / DIGITAL CLIMATE CONTROL / LOW TAX RATE / TRADE-INS WELCOME","vehiclePriceEuro":19900,"vehicleYearOfManufacture":2011,"advertiserCounty":"Dublin","isPSL":false,"privatePSL":false,"vehicleImageId":"de6d4523-2899-4285-af79-0bf3a903521d","imagecount":20,"advertiserName":"Bill Griffin Motors","isTrade":true},{"advertId":"32013588439992130","vehicleMake":"Volvo","vehicleModel":"S40","vehicleDerivative":"Luxury Se   Bluetooth","vehiclePriceEuro":19900,"vehicleYearOfManufacture":2011,"advertiserCounty":"Dublin","isPSL":false,"privatePSL":false,"vehicleImageId":"6ec60f0b-c968-47b3-a5c9-1a8dee54d0ef","imagecount":9,"advertiserName":"Cloghran Car Sales","isTrade":true},{"advertId":"31813588440002220","vehicleMake":"Volvo","vehicleModel":"S40","vehicleDerivative":"SOLD...Black s40 available","vehiclePriceEuro":19900,"vehicleYearOfManufacture":2011,"advertiserCounty":"Dublin","isPSL":false,"privatePSL":false,"vehicleImageId":"0d795e85-7ca9-496d-bc19-8b132ff333f2","imagecount":9,"advertiserName":"Cloghran Car Sales","isTrade":true},{"advertId":"201309212746995","vehicleMake":"Volvo","vehicleModel":"S40","vehicleDerivative":"D2 1.6 D DRIVE SE LUXURY 4DR 'D2' M","vehiclePriceEuro":19500,"vehicleYearOfManufacture":2011,"advertiserCounty":"Limerick","isPSL":true,"privatePSL":false,"vehicleImageId":"14383484","imagecount":7,"isTrade":false},{"advertId":"31913584443823320","vehicleMake":"Volvo","vehicleModel":"S40","vehicleDerivative":"1.6 DIESEL                   \"PRICE DROP\"","vehiclePriceEuro":17900,"vehicleYearOfManufacture":2011,"advertiserCounty":"Dublin","isPSL":true,"privatePSL":false,"vehicleImageId":"8cb5a146-cfd7-4428-bc3d-e3f44a25eed9","imagecount":8,"advertiserName":"Castle Motors Swords","isTrade":true},{"advertId":"34413621557843590","vehicleMake":"Volvo","vehicleModel":"S40","vehicleDerivative":"1.6D D2 R-design 04DR 4 Door Sal Man","vehiclePriceEuro":0,"vehicleYearOfManufacture":2011,"advertiserCounty":"Kildare","isPSL":false,"privatePSL":false,"vehicleImageId":"2a368fd7-0632-432a-9d97-868f5e9e4191","imagecount":6,"advertiserName":"Merlin Car Auctions","isTrade":true},{"advertId":"33213622444245030","vehicleMake":"Volvo","vehicleModel":"S40","vehicleDerivative":"D2 DRIVE SE LUXURY ","vehiclePriceEuro":0,"vehicleYearOfManufacture":2011,"advertiserCounty":"Galway","isPSL":true,"privatePSL":false,"vehicleImageId":"31bc9d53-7c33-4fd5-b307-016500d25ccb","imagecount":5,"advertiserName":"Kenny Galway","isTrade":true},{"advertId":"32113559378031140","vehicleMake":"Volvo","vehicleModel":"S40","vehicleDerivative":"1.6D  D2 ES","vehiclePriceEuro":0,"vehicleYearOfManufacture":2011,"advertiserCounty":"Kerry","isPSL":false,"privatePSL":false,"vehicleImageId":"742f1199-193c-4347-9b09-283fc7f92913","imagecount":17,"advertiserName":"Listowel Autos Ltd","isTrade":true},{"advertId":"33413598171525800","vehicleMake":"Volvo","vehicleModel":"S40","vehicleDerivative":"S40 2.0D SE PSHIFT 4DR AUTO","vehiclePriceEuro":21450,"vehicleYearOfManufacture":2010,"advertiserCounty":"Dublin","isPSL":true,"privatePSL":false,"vehicleImageId":"da083a55-9723-4e2d-87ef-95077842f04c","imagecount":9,"advertiserName":"MSL Volkswagen Sandyford","isTrade":true},{"advertId":"6313343068632270","vehicleMake":"Volvo","vehicleModel":"S40","vehicleDerivative":"1.6 D DRIVE SE ","vehiclePriceEuro":19000,"vehicleYearOfManufacture":2010,"advertiserCounty":"Limerick","isPSL":false,"privatePSL":false,"vehicleImageId":"cd0c6781-13c7-459b-83d3-4e8eee5b9661","imagecount":5,"advertiserName":"Lyons of Limerick Volvo","isTrade":true},{"advertId":"32113557652004500","vehicleMake":"Volvo","vehicleModel":"S40","vehicleDerivative":"2.0 D SE MANUAL (MY09) 4DR","vehiclePriceEuro":18500,"vehicleYearOfManufacture":2010,"advertiserCounty":"Dublin","isPSL":false,"privatePSL":false,"vehicleImageId":"8f5b6654-9214-4099-bf21-99e005136251","imagecount":10,"advertiserName":"Koping","isTrade":true},{"advertId":"31413559331488980","vehicleMake":"Volvo","vehicleModel":"S40","vehicleDerivative":"1.6 D DRIVE SE 4DR MINT CONDITION/ ONLY 16000kms/ CAR IN AS NEW CONDITION!!!","vehiclePriceEuro":18500,"vehicleYearOfManufacture":2010,"advertiserCounty":"Dublin","isPSL":false,"privatePSL":false,"vehicleImageId":"d27d1b68-0d39-4520-b0cc-b98b157d32a4","imagecount":7,"advertiserName":"Koping","isTrade":true},{"advertId":"31813545325122330","vehicleMake":"Volvo","vehicleModel":"S40","vehicleDerivative":"1.6 D S","vehiclePriceEuro":18250,"vehicleYearOfManufacture":2010,"advertiserCounty":"Limerick","isPSL":false,"privatePSL":false,"vehicleImageId":"02f8ed95-f1e1-45bb-a48a-8e1987902ea5","imagecount":6,"advertiserName":"Lyons of Limerick Volvo","isTrade":true},{"advertId":"33913612916461200","vehicleMake":"Volvo","vehicleModel":"S40","vehicleDerivative":"1.6 D DRIVE SE (MY10) 4DR M","vehiclePriceEuro":17975,"vehicleYearOfManufacture":2010,"advertiserCounty":"Carlow","isPSL":true,"privatePSL":false,"vehicleImageId":"3044214f-01bf-4f04-b7e7-d04a54de3b6d","imagecount":14,"advertiserName":"Bolands Carlow Skoda,Volvo & Mazda","isTrade":true},{"advertId":"29813464009619550","vehicleMake":"Volvo","vehicleModel":"S40","vehicleDerivative":"1.6 Dsl SE Luxury","vehiclePriceEuro":17950,"vehicleYearOfManufacture":2010,"advertiserCounty":"Kildare","isPSL":false,"privatePSL":false,"vehicleImageId":"6975da92-ba7f-4eb9-a32e-71981bdb7cc7","imagecount":9,"advertiserName":"Hyundai Naas","isTrade":true},{"advertId":"34313624174191430","vehicleMake":"Volvo","vehicleModel":"S40","vehicleDerivative":"SE LUXURY,LEATHER,17\"ALLOYS,CRUISE CONTROL,190 ROAD TAX","vehiclePriceEuro":17950,"vehicleYearOfManufacture":2010,"advertiserCounty":"Kildare","isPSL":false,"privatePSL":false,"vehicleImageId":"defe8ae4-37fa-43cf-a585-98fb41ca4684","imagecount":1,"advertiserName":"SMC Car Sales","isTrade":true},{"advertId":"34313609293387500","vehicleMake":"Volvo","vehicleModel":"S40","vehicleDerivative":"2.0 D SE **FULL LEATHER**€390 PER YEAR ROAD TAX**FINANCE AVAILABLE**","vehiclePriceEuro":17950,"vehicleYearOfManufacture":2010,"advertiserCounty":"Tipperary","isPSL":false,"privatePSL":false,"vehicleImageId":"f34f81de-13c7-433d-bbb0-315dfc2ef76c","imagecount":8,"advertiserName":"Cashel Motor Works","isTrade":true},{"advertId":"34313613598450250","vehicleMake":"Volvo","vehicleModel":"S40","vehicleDerivative":"1.6 D DRIVE SE (MY10) 4DR M","vehiclePriceEuro":17950,"vehicleYearOfManufacture":2010,"advertiserCounty":"Kerry","isPSL":true,"privatePSL":false,"vehicleImageId":"8634eaad-d2ac-4efe-a0ab-afc54a926067","imagecount":8,"advertiserName":"Billy Naughton Ltd","isTrade":true},{"advertId":"34213604229436280","vehicleMake":"Volvo","vehicleModel":"S40","vehicleDerivative":"1.6D R-Design","vehiclePriceEuro":17900,"vehicleYearOfManufacture":2010,"advertiserCounty":"Galway","isPSL":true,"privatePSL":false,"vehicleImageId":"4a7d73ff-e336-4eb4-9603-6968d64336cf","imagecount":6,"advertiserName":"Kenny Galway","isTrade":true},{"advertId":"31113559144303440","vehicleMake":"Volvo","vehicleModel":"S40","vehicleDerivative":"1.6 D SE  ","vehiclePriceEuro":17900,"vehicleYearOfManufacture":2010,"advertiserCounty":"Mayo","isPSL":false,"privatePSL":false,"vehicleImageId":"af87f2ac-45eb-448a-8c16-82e0939c7b33","imagecount":7,"advertiserName":"Cosgraves Garage Ltd","isTrade":true},{"advertId":"32013579260250510","vehicleMake":"Volvo","vehicleModel":"S40","vehicleDerivative":"1.6D Drive ***Low KM's & 1 Owner***","vehiclePriceEuro":17900,"vehicleYearOfManufacture":2010,"advertiserCounty":"Limerick","isPSL":false,"privatePSL":false,"vehicleImageId":"e69895d4-4b37-4faf-927d-ea1356de7378","imagecount":15,"advertiserName":"Hinchy's Garage","isTrade":true},{"advertId":"201247211100200","vehicleMake":"Volvo","vehicleModel":"S40","vehicleDerivative":"S40 1.6 D DRIVE R DES SPORT MY10 R-DESIGN M 4DR","vehiclePriceEuro":17500,"vehicleYearOfManufacture":2010,"advertiserCounty":"Louth","isPSL":true,"privatePSL":false,"vehicleImageId":"14159123","imagecount":7,"isTrade":false},{"advertId":"33413612033279910","vehicleMake":"Volvo","vehicleModel":"S40","vehicleDerivative":"2.0 D S","vehiclePriceEuro":17495,"vehicleYearOfManufacture":2010,"advertiserCounty":"Westmeath","isPSL":false,"privatePSL":false,"vehicleImageId":"4907c86c-aaa8-4ddc-aa6e-039ead718b02","imagecount":12,"advertiserName":"Motorpark Athlone","isTrade":true},{"advertId":"33413619788568970","vehicleMake":"Volvo","vehicleModel":"S40","vehicleDerivative":"1.6 D DRICE S/S SE MY10 4DR DRIVE M (MY10)","vehiclePriceEuro":17450,"vehicleYearOfManufacture":2010,"advertiserCounty":"Kildare","isPSL":false,"privatePSL":false,"vehicleImageId":"27a23d82-0f9a-4d8e-8a26-277cff69b1ac","imagecount":20,"advertiserName":"N.Conlan & Sons Peugeot","isTrade":true},{"advertId":"31813581813274720","vehicleMake":"Volvo","vehicleModel":"S40","vehicleDerivative":"1.6 D DRIVE SE","vehiclePriceEuro":16950,"vehicleYearOfManufacture":2010,"advertiserCounty":"Dublin","isPSL":false,"privatePSL":false,"vehicleImageId":"22338b6d-edb3-4294-a550-620f35683c23","imagecount":12,"advertiserName":"Alasta Autos Ltd.","isTrade":true},{"advertId":"33213618826641990","vehicleMake":"Volvo","vehicleModel":"S40","vehicleDerivative":"1.6D SE DRIVE","vehiclePriceEuro":16500,"vehicleYearOfManufacture":2010,"advertiserCounty":"Roscommon","isPSL":true,"privatePSL":false,"vehicleImageId":"babbe154-69df-4041-a282-1e6799f02da5","imagecount":10,"advertiserName":"Casey's Roscommon","isTrade":true},{"advertId":"32913610270320100","vehicleMake":"Volvo","vehicleModel":"S40","vehicleDerivative":"1.6D DRIVE S***FULL SERVICE HISTORY***","vehiclePriceEuro":15950,"vehicleYearOfManufacture":2010,"advertiserCounty":"Kerry","isPSL":false,"privatePSL":false,"vehicleImageId":"4290d9fb-b29a-4619-a22e-cd50af700d0d","imagecount":9,"advertiserName":"Listowel Autos Ltd","isTrade":true},{"advertId":"34113614570387580","vehicleMake":"Volvo","vehicleModel":"S40","vehicleDerivative":"2.0 SE FLEXIFUEL..€200 ROAD TAX..LEATHER/HEATED SEATS & MORE..1 OWNER IRISH CAR WITH FULL VOLVO SERVICE HISTORY..FINANCE AVAILABLE..TRADE IN'S WELCOME..OPEN 7 DAYS..VISIT WWW.BESHOFFMOTORS.IE FOR MORE..","vehiclePriceEuro":15950,"vehicleYearOfManufacture":2010,"advertiserCounty":"Dublin","isPSL":true,"privatePSL":false,"vehicleImageId":"6a38ade5-769d-45e9-af5f-b5300b395def","imagecount":19,"advertiserName":"Beshoff Motors","isTrade":true},{"advertId":"32013590623185130","vehicleMake":"Volvo","vehicleModel":"S40","vehicleDerivative":"1.6 Diesel, SE","vehiclePriceEuro":14950,"vehicleYearOfManufacture":2010,"advertiserCounty":"Dublin","isPSL":true,"privatePSL":false,"vehicleImageId":"1de6e36a-5bf4-4eab-bc4b-ce9e3be971f3","imagecount":11,"advertiserName":"Motoright Ltd.","isTrade":true},{"advertId":"31813595541129050","vehicleMake":"Volvo","vehicleModel":"S40","vehicleDerivative":"1.6 DIESEL                  \"PRICE REDUCED\"","vehiclePriceEuro":14900,"vehicleYearOfManufacture":2010,"advertiserCounty":"Dublin","isPSL":true,"privatePSL":false,"vehicleImageId":"d7cf4529-e839-477a-9342-20e22aa70de1","imagecount":8,"advertiserName":"Castle Motors Swords","isTrade":true},{"advertId":"31913541037197550","vehicleMake":"Volvo","vehicleModel":"S40","vehicleDerivative":"1.6 D DRIVE SE","vehiclePriceEuro":14750,"vehicleYearOfManufacture":2010,"advertiserCounty":"Dublin","isPSL":false,"privatePSL":false,"vehicleImageId":"57c7ee2b-ee43-458a-9906-0f0cfe2d6398","imagecount":7,"advertiserName":"HB Dennis Leasing Ltd","isTrade":true},{"advertId":"32713585370411260","vehicleMake":"Volvo","vehicleModel":"S40","vehicleDerivative":"S 40 1.6 DIESEL VERY CLEAN CAR ALL HIGH WAY MILES ","vehiclePriceEuro":13950,"vehicleYearOfManufacture":2010,"advertiserCounty":"Dublin","isPSL":false,"privatePSL":false,"vehicleImageId":"59323db3-578d-426c-800e-d732d0da0dea","imagecount":10,"advertiserName":"BG Autos","isTrade":true},{"advertId":"32713592265994240","vehicleMake":"Volvo","vehicleModel":"S40","vehicleDerivative":"1.6 R DESIGN DRIVE ","vehiclePriceEuro":0,"vehicleYearOfManufacture":2010,"advertiserCounty":"Tipperary","isPSL":true,"privatePSL":false,"vehicleImageId":"770cea12-eaaf-46b3-9d32-24e8558582fa","imagecount":12,"advertiserName":"Mordaunt Group","isTrade":true},{"advertId":"33213615484620990","vehicleMake":"Volvo","vehicleModel":"S40","vehicleDerivative":"2.0 D","vehiclePriceEuro":0,"vehicleYearOfManufacture":2010,"advertiserCounty":"Dublin","isPSL":false,"privatePSL":false,"vehicleImageId":"a2eca510-7592-45ff-b1d1-2769f2e91137","imagecount":1,"advertiserName":"Autocity","isTrade":true},{"advertId":"34313622340182260","vehicleMake":"Volvo","vehicleModel":"S40","vehicleDerivative":"1.6 D SE 4DR","vehiclePriceEuro":0,"vehicleYearOfManufacture":2010,"advertiserCounty":"Galway","isPSL":true,"privatePSL":false,"vehicleImageId":"e6ec7ae1-2f91-479d-9e11-b89606a06e1f","imagecount":5,"advertiserName":"Kenny Galway","isTrade":true},{"advertId":"10313395089103100","vehicleMake":"Volvo","vehicleModel":"S40","vehicleDerivative":"1.6 SE LUX DRIVE ","vehiclePriceEuro":0,"vehicleYearOfManufacture":2010,"advertiserCounty":"Tipperary","isPSL":true,"privatePSL":false,"vehicleImageId":"9d14c170-76dc-42f4-a94a-952e1679650c","imagecount":12,"advertiserName":"Mordaunt Group","isTrade":true},{"advertId":"34113601665510540","vehicleMake":"Volvo","vehicleModel":"S40","vehicleDerivative":"1.6 DRIVE S ... STOP/START","vehiclePriceEuro":0,"vehicleYearOfManufacture":2010,"advertiserCounty":"Tipperary","isPSL":true,"privatePSL":false,"vehicleImageId":"d13333ae-4e43-4ae7-9a0f-dc618bdaf336","imagecount":13,"advertiserName":"Mordaunt Group","isTrade":true},{"advertId":"31513581791712190","vehicleMake":"Volvo","vehicleModel":"S40","vehicleDerivative":"2.0 D SE A/T POWERSHIFT 2009","vehiclePriceEuro":16995,"vehicleYearOfManufacture":2009,"advertiserCounty":"Waterford","isPSL":true,"privatePSL":false,"vehicleImageId":"215d3646-2a20-4de1-9cf1-6a5c331acf8a","imagecount":6,"advertiserName":"AutoBoland","isTrade":true},{"advertId":"34013619703940730","vehicleMake":"Volvo","vehicleModel":"S40","vehicleDerivative":"1.6D DRIVe \"R-DESIGN\"/IMMACULATE CAR/ HIGH SPEC!!","vehiclePriceEuro":16950,"vehicleYearOfManufacture":2009,"advertiserCounty":"Dublin","isPSL":false,"privatePSL":false,"vehicleImageId":"affea511-08e4-4ff0-a994-774aa9054577","imagecount":12,"advertiserName":"Koping","isTrade":true},{"advertId":"201307212408987","vehicleMake":"Volvo","vehicleModel":"S40","vehicleDerivative":"40 SERIES S40 1.6 D DRIVE SE LUXURY 4DR","vehiclePriceEuro":16500,"vehicleYearOfManufacture":2009,"advertiserCounty":"Mayo","isPSL":false,"privatePSL":false,"vehicleImageId":"14337664","imagecount":9,"advertiserName":"Flanagan Motors","isTrade":true},{"advertId":"28513434067776130","vehicleMake":"Volvo","vehicleModel":"S40","vehicleDerivative":"1.6D DRIVe SE LUX 4Dr Saloon","vehiclePriceEuro":15950,"vehicleYearOfManufacture":2009,"advertiserCounty":"Westmeath","isPSL":false,"privatePSL":false,"vehicleImageId":"dc102005-8e04-4910-9dca-35f9a0c4c415","imagecount":20,"advertiserName":"Keenan Bauer Motors","isTrade":true},{"advertId":"33413616219288400","vehicleMake":"Volvo","vehicleModel":"S40","vehicleDerivative":"1.6 D SE 2009","vehiclePriceEuro":15950,"vehicleYearOfManufacture":2009,"advertiserCounty":"Donegal","isPSL":false,"privatePSL":false,"vehicleImageId":"90ceed72-0ba1-4a4b-867c-21267a48998f","imagecount":6,"advertiserName":"McGinley Motors Ltd","isTrade":true},{"advertId":"34013623906791920","vehicleMake":"Volvo","vehicleModel":"S40","vehicleDerivative":"1.6D R-DESIGN ","vehiclePriceEuro":15950,"vehicleYearOfManufacture":2009,"advertiserCounty":"Galway","isPSL":false,"privatePSL":false,"vehicleImageId":"a89c6db3-4471-4430-97b0-95faf004947e","imagecount":1,"advertiserName":"Bradley Motor Works Ltd","isTrade":true},{"advertId":"32713593738136440","vehicleMake":"Volvo","vehicleModel":"S40","vehicleDerivative":"1.6 D SE ","vehiclePriceEuro":15950,"vehicleYearOfManufacture":2009,"advertiserCounty":"Kerry","isPSL":true,"privatePSL":false,"vehicleImageId":"42ee3d7a-1fca-404f-8fdd-ab696b9bef93","imagecount":1,"advertiserName":"Billy Naughton Ltd","isTrade":true},{"advertId":"31713589643314010","vehicleMake":"Volvo","vehicleModel":"S40","vehicleDerivative":"2.0 D SE LUXURY","vehiclePriceEuro":15950,"vehicleYearOfManufacture":2009,"advertiserCounty":"Dublin","isPSL":false,"privatePSL":false,"vehicleImageId":"04e2f175-4914-4329-964e-c7a5227a8967","imagecount":8,"advertiserName":"Treacy's Auto Centre","isTrade":true},{"advertId":"34213622342985340","vehicleMake":"Volvo","vehicleModel":"S40","vehicleDerivative":"1.6 D SE","vehiclePriceEuro":15900,"vehicleYearOfManufacture":2009,"advertiserCounty":"Galway","isPSL":true,"privatePSL":false,"vehicleImageId":"e61b7db4-7b4d-4cd2-9442-b1c63a1fb7da","imagecount":6,"advertiserName":"Kenny Galway","isTrade":true},{"advertId":"6513373466209410","vehicleMake":"Volvo","vehicleModel":"S40","vehicleDerivative":"1.6 D SE ","vehiclePriceEuro":15900,"vehicleYearOfManufacture":2009,"advertiserCounty":"Mayo","isPSL":false,"privatePSL":false,"vehicleImageId":"78191e64-9b8d-4d6a-89e8-2e91cb7b7d2b","imagecount":10,"advertiserName":"Cosgraves Garage Ltd","isTrade":true},{"advertId":"34413622355125630","vehicleMake":"Volvo","vehicleModel":"S40","vehicleDerivative":"S40 1.6 D SPORT","vehiclePriceEuro":15500,"vehicleYearOfManufacture":2009,"advertiserCounty":"Galway","isPSL":true,"privatePSL":false,"vehicleImageId":"577bbd78-a23c-4be7-bd31-9188d183b743","imagecount":6,"advertiserName":"Kenny Galway","isTrade":true},{"advertId":"28413432922587190","vehicleMake":"Volvo","vehicleModel":"S40","vehicleDerivative":"1.6D S","vehiclePriceEuro":15500,"vehicleYearOfManufacture":2009,"advertiserCounty":"Galway","isPSL":true,"privatePSL":false,"vehicleImageId":"fa832cb0-5efd-4bf6-874b-11c59827f295","imagecount":6,"advertiserName":"Kenny Galway","isTrade":true},{"advertId":"34313622311125950","vehicleMake":"Volvo","vehicleModel":"S40","vehicleDerivative":"1.6 D SE 2009","vehiclePriceEuro":14950,"vehicleYearOfManufacture":2009,"advertiserCounty":"Cork","isPSL":false,"privatePSL":false,"vehicleImageId":"bb7fc323-4292-4ca0-9dac-d64e3cc2408e","imagecount":15,"advertiserName":"Nyhan Motors","isTrade":true},{"advertId":"33213616158364700","vehicleMake":"Volvo","vehicleModel":"S40","vehicleDerivative":"2.0 TP *TP Waters*","vehiclePriceEuro":14900,"vehicleYearOfManufacture":2009,"advertiserCounty":"Kildare","isPSL":true,"privatePSL":false,"vehicleImageId":"79d56f0c-6f19-4ef2-a9d3-55c98ce1b1ac","imagecount":9,"advertiserName":"T.P. Waters","isTrade":true},{"advertId":"31713540934193770","vehicleMake":"Volvo","vehicleModel":"S40","vehicleDerivative":"S40 1.6 Sport D DRIVE","vehiclePriceEuro":13950,"vehicleYearOfManufacture":2009,"advertiserCounty":"Westmeath","isPSL":false,"privatePSL":false,"vehicleImageId":"3d3f9771-7f01-4ad1-be2f-0f14845bf31b","imagecount":9,"advertiserName":"Donal Murtagh Cars","isTrade":true},{"advertId":"31813572477148140","vehicleMake":"Volvo","vehicleModel":"S40","vehicleDerivative":"1.6 D S DRIVE","vehiclePriceEuro":13950,"vehicleYearOfManufacture":2009,"advertiserCounty":"Dublin","isPSL":false,"privatePSL":false,"vehicleImageId":"b9bfd8bc-49f1-4b42-98d5-24e7e6a27cb2","imagecount":5,"advertiserName":"HB Dennis Leasing Ltd","isTrade":true},{"advertId":"34113600856227260","vehicleMake":"Volvo","vehicleModel":"S40","vehicleDerivative":"1.8 SE FLEXIFUEL 4DR FFV","vehiclePriceEuro":13900,"vehicleYearOfManufacture":2009,"advertiserCounty":"Dublin","isPSL":false,"privatePSL":false,"vehicleImageId":"c5015992-2124-4d54-bd27-a3c6306de5e4","imagecount":20,"advertiserName":"Stillorgan Motor Co.","isTrade":true},{"advertId":"201309212674248","vehicleMake":"Volvo","vehicleModel":"S40","vehicleDerivative":"40 SERIES","vehiclePriceEuro":13250,"vehicleYearOfManufacture":2009,"advertiserCounty":"Tipperary","isPSL":true,"privatePSL":false,"vehicleImageId":"13653946","imagecount":3,"isTrade":false},{"advertId":"30213449443981240","vehicleMake":"Volvo","vehicleModel":"S40","vehicleDerivative":"S 1.6 DRIVE  ***Cash Price quoted for straight deal with no trade in. Retail Price €13,950 - 1000 cash discount = €12,950****","vehiclePriceEuro":12950,"vehicleYearOfManufacture":2009,"advertiserCounty":"Dublin","isPSL":false,"privatePSL":false,"vehicleImageId":"10cd515f-1d21-4b02-89a3-88d6a045c030","imagecount":18,"advertiserName":"Michael Tynan Motors","isTrade":true},{"advertId":"30913487597243520","vehicleMake":"Volvo","vehicleModel":"S40","vehicleDerivative":"1.6 D SE €270 Road Tax NCT 4/15","vehiclePriceEuro":11999,"vehicleYearOfManufacture":2009,"advertiserCounty":"Leitrim","isPSL":true,"privatePSL":false,"vehicleImageId":"e9a5df86-4987-4b1f-8060-652a08346281","imagecount":9,"advertiserName":"Sean Gallagher Cars","isTrade":true},{"advertId":"34113605976863770","vehicleMake":"Volvo","vehicleModel":"S40","vehicleDerivative":"SE €270 road tax, MCT 04/14","vehiclePriceEuro":11995,"vehicleYearOfManufacture":2009,"advertiserCounty":"Limerick","isPSL":false,"privatePSL":false,"vehicleImageId":"2e4b2ddf-60d1-4f81-b0f9-e22340f494dd","imagecount":19,"advertiserName":"T Junction Cars Ltd","isTrade":true},{"advertId":"32913605974607800","vehicleMake":"Volvo","vehicleModel":"S40","vehicleDerivative":"SE €270 road tax, NCT 04/14","vehiclePriceEuro":11995,"vehicleYearOfManufacture":2009,"advertiserCounty":"Limerick","isPSL":false,"privatePSL":false,"vehicleImageId":"1f677d90-1835-42ec-97f5-07b67c5c3bfa","imagecount":19,"advertiserName":"T Junction Cars Ltd","isTrade":true},{"advertId":"33913612937620560","vehicleMake":"Volvo","vehicleModel":"S40","vehicleDerivative":"2.0 SPORT DIESEL AUTOMATIC STUNNING CAR","vehiclePriceEuro":11500,"vehicleYearOfManufacture":2009,"advertiserCounty":"Dublin","isPSL":false,"privatePSL":false,"vehicleImageId":"f189fe03-0822-4ab2-9360-e700c0474e14","imagecount":7,"advertiserName":"Western Motor Point","isTrade":true},{"advertId":"201246210981053","vehicleMake":"Volvo","vehicleModel":"S40","vehicleDerivative":"S40 R DESIGN SE SPORT 2.0 D 4DR","vehiclePriceEuro":10500,"vehicleYearOfManufacture":2009,"advertiserCounty":"Dublin","isPSL":true,"privatePSL":false,"vehicleImageId":"14140362","imagecount":5,"isTrade":false},{"advertId":"32113558442984650","vehicleMake":"Volvo","vehicleModel":"S40","vehicleDerivative":"1.6D Drive SE 110 BHP €200 Road Tax","vehiclePriceEuro":0,"vehicleYearOfManufacture":2009,"advertiserCounty":"Leitrim","isPSL":true,"privatePSL":false,"vehicleImageId":"6cfed284-67eb-4d72-8f9a-c21d838dbbc6","imagecount":9,"advertiserName":"Sean Gallagher Cars","isTrade":true},{"advertId":"34213613530534200","vehicleMake":"Volvo","vehicleModel":"S40","vehicleDerivative":"2.0 D SE 140 6 SPEED TOP SPEC!!!","vehiclePriceEuro":0,"vehicleYearOfManufacture":2009,"advertiserCounty":"Wexford","isPSL":false,"privatePSL":false,"vehicleImageId":"2ae9b563-8205-4b61-b800-c44a289bbe30","imagecount":11,"advertiserName":"ER Cars.ie (Eoin Reynolds Cars Ltd)","isTrade":true},{"advertId":"31413523101096820","vehicleMake":"Volvo","vehicleModel":"S40","vehicleDerivative":"1.6 SE LUX","vehiclePriceEuro":0,"vehicleYearOfManufacture":2009,"advertiserCounty":"Tipperary","isPSL":true,"privatePSL":false,"vehicleImageId":"84d4d79e-3852-482d-ae07-970d7811434c","imagecount":12,"advertiserName":"Mordaunt Group","isTrade":true},{"advertId":"31513572894837250","vehicleMake":"Volvo","vehicleModel":"S40","vehicleDerivative":"1.6 S 4 DOOR ","vehiclePriceEuro":0,"vehicleYearOfManufacture":2009,"advertiserCounty":"Tipperary","isPSL":true,"privatePSL":false,"vehicleImageId":"4f2af8c9-b566-465b-857b-0ec9d6c277fe","imagecount":12,"advertiserName":"Mordaunt Group","isTrade":true},{"advertId":"31713523102678590","vehicleMake":"Volvo","vehicleModel":"S40","vehicleDerivative":"1.6 R Design ","vehiclePriceEuro":0,"vehicleYearOfManufacture":2009,"advertiserCounty":"Tipperary","isPSL":true,"privatePSL":false,"vehicleImageId":"3f7b3dc1-60e9-43dc-9b57-aa57ecbccdec","imagecount":12,"advertiserName":"Mordaunt Group","isTrade":true},{"advertId":"201246210951607","vehicleMake":"Volvo","vehicleModel":"S40","vehicleDerivative":"S40 1.8 SE FLEXIFUEL FFV","vehiclePriceEuro":15950,"vehicleYearOfManufacture":2008,"advertiserCounty":"Dublin","isPSL":true,"privatePSL":false,"vehicleImageId":"13743396","imagecount":5,"isTrade":false},{"advertId":"201303212004462","vehicleMake":"Volvo","vehicleModel":"S40","vehicleDerivative":"40 SERIES S40 2.0 D SE 04DR","vehiclePriceEuro":15500,"vehicleYearOfManufacture":2008,"advertiserCounty":"Kilkenny","isPSL":true,"privatePSL":false,"vehicleImageId":"14272334","imagecount":9,"isTrade":false},{"advertId":"31813557379830820","vehicleMake":"Volvo","vehicleModel":"S40","vehicleDerivative":"1.6D SE","vehiclePriceEuro":14900,"vehicleYearOfManufacture":2008,"advertiserCounty":"Galway","isPSL":true,"privatePSL":false,"vehicleImageId":"065c8d0a-3a6a-4545-94a0-717346f86f2b","imagecount":6,"advertiserName":"Kenny Galway","isTrade":true},{"advertId":"201305212205169","vehicleMake":"Volvo","vehicleModel":"S40","vehicleDerivative":"S40 1.8 SE FLEXIFUEL MY08 4DR FFV","vehiclePriceEuro":13950,"vehicleYearOfManufacture":2008,"advertiserCounty":"Donegal","isPSL":true,"privatePSL":false,"vehicleImageId":"14302882","imagecount":6,"isTrade":false},{"advertId":"34013601671417960","vehicleMake":"Volvo","vehicleModel":"S40","vehicleDerivative":"1.6 Sport R-Design Nct Feb 2015 Road Tax 270 Euros","vehiclePriceEuro":12950,"vehicleYearOfManufacture":2008,"advertiserCounty":"Dublin","isPSL":true,"privatePSL":false,"vehicleImageId":"83db381c-8a6c-45aa-b263-ea9db0b1a4d6","imagecount":11,"advertiserName":"Hi line Motors","isTrade":true},{"advertId":"201249211320110","vehicleMake":"Volvo","vehicleModel":"S40","vehiclePriceEuro":12500,"vehicleYearOfManufacture":2008,"advertiserCounty":"Dublin","isPSL":true,"privatePSL":false,"vehicleImageId":"14194897","imagecount":4,"isTrade":false}],"totalAdvertCount":45174}