{"adverts":[{"advertId":"34213612788415940","vehicleMake":"Volkswagen","vehicleModel":"Golf","vehicleDerivative":"1.6 COMF 102BHP","vehiclePriceEuro":8950,"vehicleYearOfManufacture":2007,"advertiserCounty":"Kildare","isPSL":false,"privatePSL":false,"imagecount":0,"advertiserName":"Sheehy Motors Naas","isTrade":true},{"advertId":"31813584243809580","vehicleMake":"Volkswagen","vehicleModel":"Golf","vehicleDerivative":"1.4 80BHP","vehiclePriceEuro":8950,"vehicleYearOfManufacture":2007,"advertiserCounty":"Waterford","isPSL":false,"privatePSL":false,"vehicleImageId":"9b3d8909-184c-4087-9e5c-90c2656fcece","imagecount":7,"advertiserName":"McConnell Bros Ltd","isTrade":true},{"advertId":"33213607660446570","vehicleMake":"Volkswagen","vehicleModel":"Golf","vehicleDerivative":"1.4 SPORT TSI 140BHP 3DR","vehiclePriceEuro":8950,"vehicleYearOfManufacture":2007,"advertiserCounty":"Tipperary","isPSL":true,"privatePSL":false,"vehicleImageId":"ece57d08-d4e3-4587-876c-1da2a2e75a8b","imagecount":2,"advertiserName":"Pierse Motors Ltd","isTrade":true},{"advertId":"32913607826216130","vehicleMake":"Volkswagen","vehicleModel":"Golf","vehicleDerivative":"1.4 COMFORT LINE","vehiclePriceEuro":8950,"vehicleYearOfManufacture":2007,"advertiserCounty":"Kildare","isPSL":false,"privatePSL":false,"vehicleImageId":"3cb2be67-471f-4b54-8bba-994a79211c91","imagecount":1,"advertiserName":"Hyundai Naas","isTrade":true},{"advertId":"201307212505405","vehicleMake":"Volkswagen","vehicleModel":"Golf","vehicleDerivative":"GOLF 1.4 SPORT 80BHP","vehiclePriceEuro":8950,"vehicleYearOfManufacture":2007,"advertiserCounty":"Limerick","isPSL":true,"privatePSL":false,"vehicleImageId":"14350008","imagecount":8,"isTrade":false},{"advertId":"32713595395945670","vehicleMake":"Volkswagen","vehicleModel":"Golf","vehicleDerivative":"PLUS 1.4 5DR 75BHP *IMMACULATE*","vehiclePriceEuro":8950,"vehicleYearOfManufacture":2007,"advertiserCounty":"Meath","isPSL":false,"privatePSL":false,"vehicleImageId":"4476e0a9-5515-42f9-a4f3-14fe454907ab","imagecount":12,"advertiserName":"Dunshaughlin Motor Company","isTrade":true},{"advertId":"31113572192502870","vehicleMake":"Volkswagen","vehicleModel":"Golf","vehicleDerivative":"1.9 D TDI MATCH 103BHP 5DR","vehiclePriceEuro":8900,"vehicleYearOfManufacture":2007,"advertiserCounty":"Kildare","isPSL":true,"privatePSL":false,"vehicleImageId":"dea21150-bfc8-435a-be73-d90047cc8a10","imagecount":8,"advertiserName":"Byrne Car Sales Ltd.","isTrade":true},{"advertId":"34313618762852130","vehicleMake":"Volkswagen","vehicleModel":"Golf","vehicleDerivative":"1.9 TDI COMFORT 105BHP - F.S.H...","vehiclePriceEuro":8900,"vehicleYearOfManufacture":2007,"advertiserCounty":"Dublin","isPSL":true,"privatePSL":false,"vehicleImageId":"70780d36-d65f-4624-890d-3092b2662fc3","imagecount":8,"advertiserName":"MotorVation","isTrade":true},{"advertId":"31413553140009100","vehicleMake":"Volkswagen","vehicleModel":"Golf","vehicleDerivative":"GTi","vehiclePriceEuro":8895,"vehicleYearOfManufacture":2007,"advertiserCounty":"Wexford","isPSL":false,"privatePSL":false,"vehicleImageId":"af612d04-2e42-4f4e-af38-ded305a71096","imagecount":9,"advertiserName":"O'Learys Garage Wexford (Volkswagen)","isTrade":true},{"advertId":"201251211518160","vehicleMake":"Volkswagen","vehicleModel":"Golf","vehicleDerivative":"GOLF 1.4 SPORT 80BHP","vehiclePriceEuro":8800,"vehicleYearOfManufacture":2007,"advertiserCounty":"Dublin","isPSL":true,"privatePSL":false,"vehicleImageId":"13846433","imagecount":7,"isTrade":false},{"advertId":"31713584347449760","vehicleMake":"Volkswagen","vehicleModel":"Golf","vehicleDerivative":"T D I 3 dr","vehiclePriceEuro":8750,"vehicleYearOfManufacture":2007,"advertiserCounty":"Kildare","isPSL":false,"privatePSL":false,"vehicleImageId":"ed422c49-6b1f-4e7f-9abc-fa7182403250","imagecount":8,"advertiserName":"Maxwell Motors (Athy) Ltd","isTrade":true},{"advertId":"31813586015275550","vehicleMake":"Volkswagen","vehicleModel":"Golf","vehicleDerivative":"1.4 SPORT TSI 140BHP 3DR","vehiclePriceEuro":8750,"vehicleYearOfManufacture":2007,"advertiserCounty":"Dublin","isPSL":false,"privatePSL":false,"vehicleImageId":"e7797db7-f255-4552-b1e5-6f51d8bed194","imagecount":10,"advertiserName":"Burke & Sons Motor Co","isTrade":true},{"advertId":"201242210576564","vehicleMake":"Volkswagen","vehicleModel":"Golf","vehicleDerivative":"GOLF 1.6 COMFORT 102BHP 5DR A","vehiclePriceEuro":8650,"vehicleYearOfManufacture":2007,"advertiserCounty":"Longford","isPSL":true,"privatePSL":false,"vehicleImageId":"14060512","imagecount":6,"isTrade":false},{"advertId":"201242210576636","vehicleMake":"Volkswagen","vehicleModel":"Golf","vehicleDerivative":"1.4","vehiclePriceEuro":8500,"vehicleYearOfManufacture":2007,"advertiserCounty":"Limerick","isPSL":true,"privatePSL":false,"imagecount":0,"isTrade":false},{"advertId":"34113607358685200","vehicleMake":"Volkswagen","vehicleModel":"Golf","vehicleDerivative":"Comfortline (5dr Hatch)","vehiclePriceEuro":8500,"vehicleYearOfManufacture":2007,"advertiserCounty":"Westmeath","isPSL":false,"privatePSL":false,"vehicleImageId":"a1c4cf51-b07a-4efa-8c63-60cf1f6daaac","imagecount":7,"advertiserName":"P. O'Brien Limited","isTrade":true},{"advertId":"201250211426561","vehicleMake":"Volkswagen","vehicleModel":"Golf","vehiclePriceEuro":8500,"vehicleYearOfManufacture":2007,"advertiserCounty":"Meath","isPSL":true,"privatePSL":false,"vehicleImageId":"13841906","imagecount":6,"isTrade":false},{"advertId":"30813528096670670","vehicleMake":"Volkswagen","vehicleModel":"Golf","vehicleDerivative":"1.4 SPORT LINE","vehiclePriceEuro":8495,"vehicleYearOfManufacture":2007,"advertiserCounty":"Dublin","isPSL":true,"privatePSL":false,"vehicleImageId":"1a7fee94-5931-414f-ac1b-6dea978e92ed","imagecount":5,"advertiserName":"A S Cars","isTrade":true},{"advertId":"34013605983748670","vehicleMake":"Volkswagen","vehicleModel":"Golf","vehicleDerivative":"1.4 5DR 80 BHP 80BHP","vehiclePriceEuro":8495,"vehicleYearOfManufacture":2007,"advertiserCounty":"Waterford","isPSL":true,"privatePSL":false,"vehicleImageId":"552b4669-81fa-43d5-b805-d0fa4b8c4ed6","imagecount":1,"advertiserName":"AutoBoland","isTrade":true},{"advertId":"31813593718760660","vehicleMake":"Volkswagen","vehicleModel":"Golf","vehicleDerivative":"1.4 5DR 80 BHp","vehiclePriceEuro":8495,"vehicleYearOfManufacture":2007,"advertiserCounty":"Dublin","isPSL":true,"privatePSL":false,"vehicleImageId":"7d3fa504-646c-4491-b5d6-43eccce26acb","imagecount":8,"advertiserName":"A S Cars","isTrade":true},{"advertId":"33913617915190540","vehicleMake":"Volkswagen","vehicleModel":"Golf","vehicleDerivative":"1.4 5DR 80 BHP 80BHP","vehiclePriceEuro":8450,"vehicleYearOfManufacture":2007,"advertiserCounty":"Tipperary","isPSL":true,"privatePSL":false,"vehicleImageId":"4475f8c6-dfc0-40b7-9b3f-72523f2b4a63","imagecount":10,"advertiserName":"Pierse Motors Ltd","isTrade":true},{"advertId":"34313619858497250","vehicleMake":"Volkswagen","vehicleModel":"Golf","vehicleDerivative":"1.4 5DR --NCT APRIL 2015--","vehiclePriceEuro":8450,"vehicleYearOfManufacture":2007,"advertiserCounty":"Dublin","isPSL":true,"privatePSL":false,"vehicleImageId":"36675e6e-5fc2-4196-835d-9e8034ae7d64","imagecount":10,"advertiserName":"Right Price Cars Airport","isTrade":true},{"advertId":"30813535938167980","vehicleMake":"Volkswagen","vehicleModel":"Golf","vehicleDerivative":"1.4 80 BHP / VERY CLEAN CAR / FULLY SERVICED / NCT PASSED UNTIL MAY 2015 / TRADE INS VERY WELCOME / DEPOSIT SECURES","vehiclePriceEuro":8445,"vehicleYearOfManufacture":2007,"advertiserCounty":"Dublin","isPSL":true,"privatePSL":false,"vehicleImageId":"9f026628-041a-4499-a0ff-12aaaa538b13","imagecount":19,"advertiserName":"MERRION MOTOR COMPANY","isTrade":true},{"advertId":"34213614786582940","vehicleMake":"Volkswagen","vehicleModel":"Golf","vehicleDerivative":"1.4 3DR SPORT 80BHP","vehiclePriceEuro":8350,"vehicleYearOfManufacture":2007,"advertiserCounty":"Dublin","isPSL":false,"privatePSL":false,"vehicleImageId":"f8a59b31-20e4-4220-8f48-840c5f7e065b","imagecount":6,"advertiserName":"Airways Motor Company","isTrade":true},{"advertId":"33213614581468360","vehicleMake":"Volkswagen","vehicleModel":"Golf","vehicleDerivative":"1.4 5DR 80BHP","vehiclePriceEuro":8350,"vehicleYearOfManufacture":2007,"advertiserCounty":"Dublin","isPSL":false,"privatePSL":false,"vehicleImageId":"603b3324-34bf-4827-8e03-bb8de8b116ad","imagecount":8,"advertiserName":"Airways Motor Company","isTrade":true},{"advertId":"201248211160213","vehicleMake":"Volkswagen","vehicleModel":"Golf","vehicleDerivative":"GOLF 1.4 SPORT","vehiclePriceEuro":8200,"vehicleYearOfManufacture":2007,"advertiserCounty":"Dublin","isPSL":true,"privatePSL":false,"vehicleImageId":"12138996","imagecount":8,"isTrade":false},{"advertId":"201309212649733","vehicleMake":"Volkswagen","vehicleModel":"Golf","vehicleDerivative":"GOLF 1.4 5DR 80 BHP 80BHP","vehiclePriceEuro":8195,"vehicleYearOfManufacture":2007,"advertiserCounty":"Waterford","isPSL":true,"privatePSL":false,"vehicleImageId":"14047477","imagecount":5,"isTrade":false},{"advertId":"201251211477920","vehicleMake":"Volkswagen","vehicleModel":"Golf","vehicleDerivative":"GOLF 1.4 SPORT 80BHP","vehiclePriceEuro":8100,"vehicleYearOfManufacture":2007,"advertiserCounty":"Dublin","isPSL":true,"privatePSL":false,"vehicleImageId":"14215647","imagecount":9,"isTrade":false},{"advertId":"34213613867951070","vehicleMake":"Volkswagen","vehicleModel":"Golf","vehiclePriceEuro":8000,"vehicleYearOfManufacture":2007,"advertiserCounty":"Clare","isPSL":false,"privatePSL":false,"vehicleImageId":"d98fa2a3-d806-4bf4-857a-3bd5289ecd5b","imagecount":8,"advertiserName":"Western Garages","isTrade":true},{"advertId":"34113609259209230","vehicleMake":"Volkswagen","vehicleModel":"Golf","vehicleDerivative":"1.4 COMFORT 80BHP","vehiclePriceEuro":8000,"vehicleYearOfManufacture":2007,"advertiserCounty":"Cavan","isPSL":false,"privatePSL":false,"vehicleImageId":"2d5c7e03-72da-48eb-bdd1-690680be5f86","imagecount":10,"advertiserName":"Brady's Arva Ltd","isTrade":true},{"advertId":"201249211299355","vehicleMake":"Volkswagen","vehicleModel":"Golf","vehiclePriceEuro":8000,"vehicleYearOfManufacture":2007,"advertiserCounty":"Dublin","isPSL":true,"privatePSL":false,"vehicleImageId":"13803987","imagecount":5,"isTrade":false},{"advertId":"31713595520748280","vehicleMake":"Volkswagen","vehicleModel":"Golf","vehicleDerivative":"1.4 COMFORTLINE 5 DOOR ","vehiclePriceEuro":7950,"vehicleYearOfManufacture":2007,"advertiserCounty":"Dublin","isPSL":false,"privatePSL":false,"vehicleImageId":"8ba1c709-042a-43cc-9502-cdec44e6fceb","imagecount":8,"advertiserName":"Burke & Sons Motor Co","isTrade":true},{"advertId":"34213606776618410","vehicleMake":"Volkswagen","vehicleModel":"Golf","vehicleDerivative":"1.4 COMFORT 5DR *SHOWROOM CONDITION* *PARTS AND LABOUR WARRANTY* *ROCHFORD MOTORS* *BUY WITH CONFIDENCE*","vehiclePriceEuro":7950,"vehicleYearOfManufacture":2007,"advertiserCounty":"Mayo","isPSL":false,"privatePSL":false,"vehicleImageId":"41d03ff5-aa82-4bce-88ab-02fd57168c50","imagecount":14,"advertiserName":"Rochford Motors","isTrade":true},{"advertId":"201310212771291","vehicleMake":"Volkswagen","vehicleModel":"Golf","vehicleDerivative":"PLUS 1.4 COMFORT 80BHP 5DR","vehiclePriceEuro":7950,"vehicleYearOfManufacture":2007,"advertiserCounty":"Dublin","isPSL":true,"privatePSL":false,"vehicleImageId":"14386782","imagecount":6,"isTrade":false},{"advertId":"34313612781285880","vehicleMake":"Volkswagen","vehicleModel":"Golf","vehicleDerivative":"**SOLD**","vehiclePriceEuro":7900,"vehicleYearOfManufacture":2007,"advertiserCounty":"Meath","isPSL":false,"privatePSL":false,"vehicleImageId":"c8fe70a3-2d25-41bc-bb84-d1b5a54538f2","imagecount":12,"advertiserName":"Dunshaughlin Motor Company","isTrade":true},{"advertId":"201248211183042","vehicleMake":"Volkswagen","vehicleModel":"Golf","vehicleDerivative":"GOLF 1.4 5DR 80 BHP 80BHP","vehiclePriceEuro":7850,"vehicleYearOfManufacture":2007,"advertiserCounty":"Kildare","isPSL":true,"privatePSL":false,"vehicleImageId":"14172694","imagecount":7,"isTrade":false},{"advertId":"201303212004515","vehicleMake":"Volkswagen","vehicleModel":"Golf","vehicleDerivative":"GOLF 1.9 TDI COMFORT 105HP","vehiclePriceEuro":7800,"vehicleYearOfManufacture":2007,"advertiserCounty":"Kerry","isPSL":true,"privatePSL":false,"vehicleImageId":"14272588","imagecount":7,"isTrade":false},{"advertId":"34013620883473900","vehicleMake":"Volkswagen","vehicleModel":"Golf","vehicleDerivative":"MATCH 1.4 HATCHBACK WITH UPGRADED ALLOYS / ELECTRIC SUNROOF / TOP SPEC / TRADE-INS WELCOME / CALL 086-0429292 ANYTIME","vehiclePriceEuro":7650,"vehicleYearOfManufacture":2007,"advertiserCounty":"Dublin","isPSL":false,"privatePSL":false,"vehicleImageId":"ca7d6db6-f21d-426a-bd20-fa42bdb4cf07","imagecount":17,"advertiserName":"Bill Griffin Motors","isTrade":true},{"advertId":"32013548005132000","vehicleMake":"Volkswagen","vehicleModel":"Golf","vehicleDerivative":"1.9 TDI 5DR 105 105BHP","vehiclePriceEuro":7550,"vehicleYearOfManufacture":2007,"advertiserCounty":"Cork","isPSL":false,"privatePSL":false,"vehicleImageId":"bfa903f2-a1d6-4951-b54e-6d6615c6d8e0","imagecount":3,"advertiserName":"Top Class Auctions","isTrade":true},{"advertId":"201301211742412","vehicleMake":"Volkswagen","vehicleModel":"Golf","vehicleDerivative":"GOLF 1.9 TDI 5DR 105 105BHP","vehiclePriceEuro":7500,"vehicleYearOfManufacture":2007,"advertiserCounty":"Kildare","isPSL":true,"privatePSL":false,"vehicleImageId":"14239672","imagecount":6,"isTrade":false},{"advertId":"201309212722863","vehicleMake":"Volkswagen","vehicleModel":"Golf","vehicleDerivative":"1.4 5DR 80 BHP 80BHP","vehiclePriceEuro":7500,"vehicleYearOfManufacture":2007,"advertiserCounty":"Monaghan","isPSL":true,"privatePSL":false,"vehicleImageId":"14381060","imagecount":9,"isTrade":false},{"advertId":"201306212363354","vehicleMake":"Volkswagen","vehicleModel":"Golf","vehicleDerivative":"GOLF 1.4 5DR 80 BHP 80BHP","vehiclePriceEuro":7500,"vehicleYearOfManufacture":2007,"advertiserCounty":"Dublin","isPSL":true,"privatePSL":false,"vehicleImageId":"14330475","imagecount":4,"isTrade":false},{"advertId":"31113587847769940","vehicleMake":"Volkswagen","vehicleModel":"Golf","vehicleDerivative":"1.4 SPORT 80BHP","vehiclePriceEuro":7450,"vehicleYearOfManufacture":2007,"advertiserCounty":"Dublin","isPSL":false,"privatePSL":false,"vehicleImageId":"17a6913b-d6cc-4f6e-a1b5-f68141b8a641","imagecount":6,"advertiserName":"Diamond Group","isTrade":true},{"advertId":"201245210905586","vehicleMake":"Volkswagen","vehicleModel":"Golf","vehicleDerivative":"1.9TDI Comfortline","vehiclePriceEuro":7400,"vehicleYearOfManufacture":2007,"advertiserCounty":"Dublin","isPSL":true,"privatePSL":false,"vehicleImageId":"12545959","imagecount":2,"isTrade":false},{"advertId":"201245210926700","vehicleMake":"Volkswagen","vehicleModel":"Golf","vehicleDerivative":"1.9TDI Comfortline","vehiclePriceEuro":7400,"vehicleYearOfManufacture":2007,"advertiserCounty":"Dublin","isPSL":true,"privatePSL":false,"vehicleImageId":"12545959","imagecount":2,"isTrade":false},{"advertId":"201242210533216","vehicleMake":"Volkswagen","vehicleModel":"Golf","vehicleDerivative":"GOLF 1.4 SPORT 80BHP","vehiclePriceEuro":7400,"vehicleYearOfManufacture":2007,"advertiserCounty":"Monaghan","isPSL":true,"privatePSL":false,"vehicleImageId":"12530984","imagecount":3,"isTrade":false},{"advertId":"201250211426608","vehicleMake":"Volkswagen","vehicleModel":"Golf","vehicleDerivative":"1.9 TDI COMFORT 105HP","vehiclePriceEuro":7250,"vehicleYearOfManufacture":2007,"advertiserCounty":"Dublin","isPSL":true,"privatePSL":false,"vehicleImageId":"13837552","imagecount":1,"isTrade":false},{"advertId":"201242210555006","vehicleMake":"Volkswagen","vehicleModel":"Golf","vehicleDerivative":"GOLF 1.4 5DR 80 BHP 80BHP *** FURTHER PRICE DROP ***","vehiclePriceEuro":7000,"vehicleYearOfManufacture":2007,"advertiserCounty":"Westmeath","isPSL":true,"privatePSL":false,"vehicleImageId":"14057283","imagecount":8,"isTrade":false},{"advertId":"201308212592954","vehicleMake":"Volkswagen","vehicleModel":"Golf","vehicleDerivative":"1.9 TDI COMFORT 105HP","vehiclePriceEuro":6950,"vehicleYearOfManufacture":2007,"advertiserCounty":"Kildare","isPSL":true,"privatePSL":false,"vehicleImageId":"14362732","imagecount":5,"isTrade":false},{"advertId":"31913497744776630","vehicleMake":"Volkswagen","vehicleModel":"Golf","vehicleDerivative":"1.9 D TDI SPORT 105BHP 05DR","vehiclePriceEuro":6900,"vehicleYearOfManufacture":2007,"advertiserCounty":"Tipperary","isPSL":false,"privatePSL":false,"vehicleImageId":"6a32608e-504b-42f6-8762-b5b0c9e331d0","imagecount":6,"advertiserName":"Three Bridges Motors","isTrade":true},{"advertId":"32013523935144370","vehicleMake":"Volkswagen","vehicleModel":"Golf","vehicleDerivative":"1.4 COMFORT 80BHP","vehiclePriceEuro":6750,"vehicleYearOfManufacture":2007,"advertiserCounty":"Wexford","isPSL":false,"privatePSL":false,"vehicleImageId":"12b87e56-71e0-4476-9897-c2b355e70a08","imagecount":19,"advertiserName":"T Kenny Car Sales","isTrade":true},{"advertId":"201308212529782","vehicleMake":"Volkswagen","vehicleModel":"Golf","vehicleDerivative":"GOLF 1.4 COMFORT 80BHP","vehiclePriceEuro":6200,"vehicleYearOfManufacture":2007,"advertiserCounty":"Louth","isPSL":true,"privatePSL":false,"vehicleImageId":"14068932","imagecount":9,"isTrade":false},{"advertId":"201242210532697","vehicleMake":"Volkswagen","vehicleModel":"Golf","vehicleDerivative":"1.9 TDI 105BHP VAN 3DR","vehiclePriceEuro":5850,"vehicleYearOfManufacture":2007,"advertiserCounty":"Meath","isPSL":true,"privatePSL":false,"vehicleImageId":"14052784","imagecount":5,"isTrade":false},{"advertId":"201243210667939","vehicleMake":"Volkswagen","vehicleModel":"Golf","vehicleDerivative":"GOLF 1.4 5DR 80 BHP 80BHP","vehiclePriceEuro":5450,"vehicleYearOfManufacture":2007,"advertiserCounty":"Dublin","isPSL":true,"privatePSL":false,"vehicleImageId":"14077397","imagecount":8,"isTrade":false},{"advertId":"33413624113361970","vehicleMake":"Volkswagen","vehicleModel":"Golf","vehicleDerivative":"1.9 TDI SPORT 105BHP","vehiclePriceEuro":0,"vehicleYearOfManufacture":2007,"advertiserCounty":"Cork","isPSL":true,"privatePSL":false,"vehicleImageId":"05f742f1-0776-49b3-b867-28c14b1fd24c","imagecount":1,"advertiserName":"Colemans Millstreet","isTrade":true},{"advertId":"31713541185769200","vehicleMake":"Volkswagen","vehicleModel":"Golf","vehicleDerivative":"SOLD SOLD SOLD SOLD 1.9 TDI COMFORTLINE*MINT*","vehiclePriceEuro":0,"vehicleYearOfManufacture":2007,"advertiserCounty":"Galway","isPSL":true,"privatePSL":false,"vehicleImageId":"5269b6aa-21b7-486e-9208-d9e6c6ebc4b6","imagecount":8,"advertiserName":"Al Hayes Motors Ltd","isTrade":true},{"advertId":"34413621417119590","vehicleMake":"Volkswagen","vehicleModel":"Golf","vehicleDerivative":"1.4 5DR 80 BHP 80BHP","vehiclePriceEuro":0,"vehicleYearOfManufacture":2007,"advertiserCounty":"Galway","isPSL":false,"privatePSL":false,"vehicleImageId":"87be2a24-5f95-427e-abd2-4aca3e79d76b","imagecount":10,"advertiserName":"J.J. Fleming & Co Ltd","isTrade":true},{"advertId":"34213624090825270","vehicleMake":"Volkswagen","vehicleModel":"Golf","vehicleDerivative":"1.4 COMFORT 80BHP","vehiclePriceEuro":0,"vehicleYearOfManufacture":2007,"advertiserCounty":"Dublin","isPSL":false,"privatePSL":false,"vehicleImageId":"e664c6a6-caf4-4e87-b1b9-57207e6f49c6","imagecount":7,"advertiserName":"Dublin City Auctions","isTrade":true},{"advertId":"201304212115170","vehicleMake":"Volkswagen","vehicleModel":"Golf","vehicleDerivative":"GOLF 2.0 GTI DSG 5DR AUTO 200BHP","vehiclePriceEuro":12750,"vehicleYearOfManufacture":2006,"advertiserCounty":"Meath","isPSL":true,"privatePSL":false,"vehicleImageId":"14286307","imagecount":9,"isTrade":false},{"advertId":"201307212457127","vehicleMake":"Volkswagen","vehicleModel":"Golf","vehicleDerivative":"GT 1.4","vehiclePriceEuro":11950,"vehicleYearOfManufacture":2006,"advertiserCounty":"Dublin","isPSL":true,"privatePSL":false,"vehicleImageId":"14003192","imagecount":5,"isTrade":false},{"advertId":"201301211800571","vehicleMake":"Volkswagen","vehicleModel":"Golf","vehicleDerivative":"GOLF 1.9 TDI SPORT 105BHP","vehiclePriceEuro":11900,"vehicleYearOfManufacture":2006,"advertiserCounty":"Waterford","isPSL":true,"privatePSL":false,"vehicleImageId":"14245142","imagecount":6,"isTrade":false},{"advertId":"201247211059225","vehicleMake":"Volkswagen","vehicleModel":"Golf","vehicleDerivative":"COMFORTLINE","vehiclePriceEuro":11750,"vehicleYearOfManufacture":2006,"advertiserCounty":"Cork","isPSL":true,"privatePSL":false,"vehicleImageId":"10731861","imagecount":6,"isTrade":false},{"advertId":"201251211494630","vehicleMake":"Volkswagen","vehicleModel":"Golf","vehicleDerivative":"GOLF 2.0 GTI DSG 5DR AUTO 200BHP","vehiclePriceEuro":11000,"vehicleYearOfManufacture":2006,"advertiserCounty":"Meath","isPSL":true,"privatePSL":false,"vehicleImageId":"13846905","imagecount":8,"isTrade":false},{"advertId":"33213613867586310","vehicleMake":"Volkswagen","vehicleModel":"Golf","vehicleDerivative":"2.0GTI 200BHP","vehiclePriceEuro":10950,"vehicleYearOfManufacture":2006,"advertiserCounty":"Sligo","isPSL":true,"privatePSL":false,"vehicleImageId":"dcd3add9-fc44-4f1e-8877-a8d0386a2f2c","imagecount":8,"advertiserName":"Connollys Sligo (Main Volkswagen and Audi Dealer)","isTrade":true},{"advertId":"201245210892302","vehicleMake":"Volkswagen","vehicleModel":"Golf","vehicleDerivative":"GOLF 1.9 TDI SPORT 103BHP 3DR 6 SPEED","vehiclePriceEuro":10750,"vehicleYearOfManufacture":2006,"advertiserCounty":"Dublin","isPSL":true,"privatePSL":false,"vehicleImageId":"14114121","imagecount":8,"isTrade":false},{"advertId":"34213605751172300","vehicleMake":"Volkswagen","vehicleModel":"Golf","vehicleDerivative":"GTI 2.0T FSI","vehiclePriceEuro":10750,"vehicleYearOfManufacture":2006,"advertiserCounty":"Dublin","isPSL":false,"privatePSL":false,"vehicleImageId":"165d94ae-d4e5-45fc-bb55-ee582441ae77","imagecount":9,"advertiserName":"Paddy Connolly Motors (The Glen Garage Estd.1956)","isTrade":true},{"advertId":"201248211199199","vehicleMake":"Volkswagen","vehicleModel":"Golf","vehicleDerivative":"GTI DSG AUTO 3DR 200BHP","vehiclePriceEuro":10500,"vehicleYearOfManufacture":2006,"advertiserCounty":"Waterford","isPSL":true,"privatePSL":false,"vehicleImageId":"14175030","imagecount":9,"isTrade":false},{"advertId":"34113609414487460","vehicleMake":"Volkswagen","vehicleModel":"Golf","vehicleDerivative":"GTI 2.0TSI 5DR 210BHP","vehiclePriceEuro":10450,"vehicleYearOfManufacture":2006,"advertiserCounty":"Dublin","isPSL":false,"privatePSL":false,"vehicleImageId":"8023857a-8857-4e68-ae79-ee03f924f295","imagecount":5,"advertiserName":"Karmann","isTrade":true},{"advertId":"201309212649618","vehicleMake":"Volkswagen","vehicleModel":"Golf","vehicleDerivative":"2.0 GTI DSG AUTO 3DR 200BHP","vehiclePriceEuro":10000,"vehicleYearOfManufacture":2006,"advertiserCounty":"Dublin","isPSL":true,"privatePSL":false,"vehicleImageId":"14370518","imagecount":6,"isTrade":false},{"advertId":"201245210884969","vehicleMake":"Volkswagen","vehicleModel":"Golf","vehicleDerivative":"GOLF 1.6 SPORT 5DR FSI 115BHP","vehiclePriceEuro":10000,"vehicleYearOfManufacture":2006,"advertiserCounty":"Dublin","isPSL":true,"privatePSL":false,"vehicleImageId":"14111701","imagecount":8,"isTrade":false},{"advertId":"201307212433052","vehicleMake":"Volkswagen","vehicleModel":"Golf","vehicleDerivative":"GOLF 2.0 GTI 5DR 200BHP","vehiclePriceEuro":9950,"vehicleYearOfManufacture":2006,"advertiserCounty":"Wicklow","isPSL":true,"privatePSL":false,"vehicleImageId":"13994958","imagecount":6,"isTrade":false},{"advertId":"201309212722902","vehicleMake":"Volkswagen","vehicleModel":"Golf","vehicleDerivative":"2.0 GTI DSG 5DR AUTO 200BHP","vehiclePriceEuro":9950,"vehicleYearOfManufacture":2006,"advertiserCounty":"Dublin","isPSL":true,"privatePSL":false,"vehicleImageId":"14381146","imagecount":7,"isTrade":false},{"advertId":"201243210671804","vehicleMake":"Volkswagen","vehicleModel":"Golf","vehicleDerivative":"GOLF 1.4 SPORT 3DR 75BHP","vehiclePriceEuro":9500,"vehicleYearOfManufacture":2006,"advertiserCounty":"Wicklow","isPSL":true,"privatePSL":false,"vehicleImageId":"14078405","imagecount":8,"isTrade":false},{"advertId":"201304212137341","vehicleMake":"Volkswagen","vehicleModel":"Golf","vehicleDerivative":"GOLF 2.0 GTI 5DR 200BHP","vehiclePriceEuro":9500,"vehicleYearOfManufacture":2006,"advertiserCounty":"Longford","isPSL":true,"privatePSL":false,"vehicleImageId":"14289788","imagecount":9,"isTrade":false},{"advertId":"201242210520253","vehicleMake":"Volkswagen","vehicleModel":"Golf","vehicleDerivative":"GOLF 2.0 TDI DPF GT SPORT 170 03DR","vehiclePriceEuro":9000,"vehicleYearOfManufacture":2006,"advertiserCounty":"Meath","isPSL":true,"privatePSL":false,"vehicleImageId":"14050075","imagecount":5,"isTrade":false},{"advertId":"201242210576641","vehicleMake":"Volkswagen","vehicleModel":"Golf","vehicleDerivative":"GOLF 1.4 SPORT 3DR 75BHP","vehiclePriceEuro":9000,"vehicleYearOfManufacture":2006,"advertiserCounty":"Dublin","isPSL":true,"privatePSL":false,"vehicleImageId":"14060698","imagecount":5,"isTrade":false},{"advertId":"201305212227817","vehicleMake":"Volkswagen","vehicleModel":"Golf","vehicleDerivative":"comfortline","vehiclePriceEuro":9000,"vehicleYearOfManufacture":2006,"advertiserCounty":"Meath","isPSL":true,"privatePSL":false,"vehicleImageId":"14305937","imagecount":3,"isTrade":false},{"advertId":"201305212227809","vehicleMake":"Volkswagen","vehicleModel":"Golf","vehicleDerivative":"comfortline","vehiclePriceEuro":9000,"vehicleYearOfManufacture":2006,"advertiserCounty":"Meath","isPSL":true,"privatePSL":false,"vehicleImageId":"14305937","imagecount":3,"isTrade":false},{"advertId":"31413596449676450","vehicleMake":"Volkswagen","vehicleModel":"Golf","vehicleDerivative":"2.0 GTI DSG AUTO 3DR 200BHP","vehiclePriceEuro":8950,"vehicleYearOfManufacture":2006,"advertiserCounty":"Dublin","isPSL":false,"privatePSL":false,"vehicleImageId":"fce89544-6bd7-4c94-927d-5db9f2db76c5","imagecount":8,"advertiserName":"Burke & Sons Motor Co","isTrade":true},{"advertId":"34113618187635510","vehicleMake":"Volkswagen","vehicleModel":"Golf","vehicleDerivative":"1.6 5DR A/T 102BHP","vehiclePriceEuro":8750,"vehicleYearOfManufacture":2006,"advertiserCounty":"Kerry","isPSL":false,"privatePSL":false,"vehicleImageId":"8511064b-9ecc-476a-9eb9-aecd5063ac5c","imagecount":5,"advertiserName":"Divanes Kerry","isTrade":true},{"advertId":"201302211823883","vehicleMake":"Volkswagen","vehicleModel":"Golf","vehicleDerivative":"1.9 D TDI SE 105BHP 5DR","vehiclePriceEuro":8750,"vehicleYearOfManufacture":2006,"advertiserCounty":"Cork","isPSL":true,"privatePSL":false,"vehicleImageId":"14279788","imagecount":7,"isTrade":false},{"advertId":"201305212227769","vehicleMake":"Volkswagen","vehicleModel":"Golf","vehicleDerivative":"GOLF 1.9 S TDI AIR CONDITIONING 5DR","vehiclePriceEuro":8700,"vehicleYearOfManufacture":2006,"advertiserCounty":"Donegal","isPSL":true,"privatePSL":false,"vehicleImageId":"14306045","imagecount":3,"isTrade":false},{"advertId":"201245210915827","vehicleMake":"Volkswagen","vehicleModel":"Golf","vehicleDerivative":"GOLF 1.9 TDI SE 103BHP 05DR Comfortline","vehiclePriceEuro":8500,"vehicleYearOfManufacture":2006,"advertiserCounty":"Kerry","isPSL":true,"privatePSL":false,"vehicleImageId":"14125236","imagecount":9,"isTrade":false},{"advertId":"201249211340672","vehicleMake":"Volkswagen","vehicleModel":"Golf","vehicleDerivative":"GOLF 1.9 TDI 5DR 90BHP","vehiclePriceEuro":8500,"vehicleYearOfManufacture":2006,"advertiserCounty":"Wexford","isPSL":true,"privatePSL":false,"vehicleImageId":"14196581","imagecount":4,"isTrade":false},{"advertId":"201246211008329","vehicleMake":"Volkswagen","vehicleModel":"Golf","vehicleDerivative":"GOLF 2.0 SDI SPORT 73 BHP 05DR","vehiclePriceEuro":8500,"vehicleYearOfManufacture":2006,"advertiserCounty":"Meath","isPSL":true,"privatePSL":false,"vehicleImageId":"14144592","imagecount":3,"isTrade":false},{"advertId":"201310212771312","vehicleMake":"Volkswagen","vehicleModel":"Golf","vehicleDerivative":"1.4 75BHP 3DR","vehiclePriceEuro":8500,"vehicleYearOfManufacture":2006,"advertiserCounty":"Dublin","isPSL":true,"privatePSL":false,"vehicleImageId":"14386855","imagecount":7,"isTrade":false},{"advertId":"201243210671689","vehicleMake":"Volkswagen","vehicleModel":"Golf","vehicleDerivative":"Sportsline","vehiclePriceEuro":8500,"vehicleYearOfManufacture":2006,"advertiserCounty":"Dublin","isPSL":true,"privatePSL":false,"vehicleImageId":"14078071","imagecount":9,"isTrade":false},{"advertId":"31713582499604130","vehicleMake":"Volkswagen","vehicleModel":"Golf","vehicleDerivative":" GTI ","vehiclePriceEuro":8450,"vehicleYearOfManufacture":2006,"advertiserCounty":"Dublin","isPSL":false,"privatePSL":false,"vehicleImageId":"93cf6c05-f5ae-429a-8b21-87c4a952a59e","imagecount":7,"advertiserName":"Burke & Sons Motor Co","isTrade":true},{"advertId":"32013580191441470","vehicleMake":"Volkswagen","vehicleModel":"Golf","vehicleDerivative":"2.0 GTI 200BHP","vehiclePriceEuro":8450,"vehicleYearOfManufacture":2006,"advertiserCounty":"Kerry","isPSL":true,"privatePSL":false,"vehicleImageId":"a84ad827-64f8-469d-ba33-dd8eb5a77560","imagecount":20,"advertiserName":"Reens Car Sales","isTrade":true},{"advertId":"31913561778702070","vehicleMake":"Volkswagen","vehicleModel":"Golf","vehicleDerivative":"2.0 GTI 200BHP 3DR VERY CLEAN EXAMPLE","vehiclePriceEuro":8450,"vehicleYearOfManufacture":2006,"advertiserCounty":"Dublin","isPSL":true,"privatePSL":false,"vehicleImageId":"c25c2fe0-9b99-4bbd-999e-9898b45146d3","imagecount":16,"advertiserName":"Autocentre","isTrade":true},{"advertId":"201246211036046","vehicleMake":"Volkswagen","vehicleModel":"Golf","vehicleDerivative":"GOLF 2.0 GTI 5DR 200BHP","vehiclePriceEuro":8400,"vehicleYearOfManufacture":2006,"advertiserCounty":"Dublin","isPSL":true,"privatePSL":false,"vehicleImageId":"14165822","imagecount":9,"isTrade":false},{"advertId":"31413552451690670","vehicleMake":"Volkswagen","vehicleModel":"Golf","vehicleDerivative":"PLUS","vehiclePriceEuro":8250,"vehicleYearOfManufacture":2006,"advertiserCounty":"Clare","isPSL":false,"privatePSL":false,"vehicleImageId":"f0de62d7-278c-4f75-8c48-2d865b5f6c81","imagecount":8,"advertiserName":"Western Garages","isTrade":true},{"advertId":"201242210555107","vehicleMake":"Volkswagen","vehicleModel":"Golf","vehicleDerivative":"GOLF 1.4 S 05DR","vehiclePriceEuro":8250,"vehicleYearOfManufacture":2006,"advertiserCounty":"Wicklow","isPSL":true,"privatePSL":false,"vehicleImageId":"14057570","imagecount":7,"isTrade":false},{"advertId":"31813542875825030","vehicleMake":"Volkswagen","vehicleModel":"Golf","vehicleDerivative":"COMFORT","vehiclePriceEuro":8250,"vehicleYearOfManufacture":2006,"advertiserCounty":"Cork","isPSL":false,"privatePSL":false,"vehicleImageId":"99581f77-7139-495a-ae1c-ff2347e183ce","imagecount":7,"advertiserName":"O'Leary's Lissarda (Volkswagen Dealer)","isTrade":true},{"advertId":"201309212698659","vehicleMake":"Volkswagen","vehicleModel":"Golf","vehiclePriceEuro":8250,"vehicleYearOfManufacture":2006,"advertiserCounty":"Meath","isPSL":true,"privatePSL":false,"vehicleImageId":"11756017","imagecount":9,"isTrade":false},{"advertId":"201247211058891","vehicleMake":"Volkswagen","vehicleModel":"Golf","vehicleDerivative":"GOLF 1.4 COMFORT 5DR 75BHP","vehiclePriceEuro":8100,"vehicleYearOfManufacture":2006,"advertiserCounty":"Mayo","isPSL":true,"privatePSL":false,"vehicleImageId":"13759628","imagecount":9,"isTrade":false},{"advertId":"201242210591946","vehicleMake":"Volkswagen","vehicleModel":"Golf","vehicleDerivative":"GOLF 1.9 TDI 5 DR 5DR 105BHP","vehiclePriceEuro":8000,"vehicleYearOfManufacture":2006,"advertiserCounty":"Clare","isPSL":true,"privatePSL":false,"vehicleImageId":"14063939","imagecount":7,"isTrade":false},{"advertId":"201242210555095","vehicleMake":"Volkswagen","vehicleModel":"Golf","vehiclePriceEuro":8000,"vehicleYearOfManufacture":2006,"advertiserCounty":"Dublin","isPSL":true,"privatePSL":false,"vehicleImageId":"14057531","imagecount":4,"isTrade":false},{"advertId":"34313599987246620","vehicleMake":"Volkswagen","vehicleModel":"Golf","vehicleDerivative":"2.0TDI COMFORT 5DR 2.0 A/T                ","vehiclePriceEuro":7995,"vehicleYearOfManufacture":2006,"advertiserCounty":"Dublin","isPSL":true,"privatePSL":false,"vehicleImageId":"1787329f-d121-4ba7-8914-41fa8c58a8cf","imagecount":8,"advertiserName":"Green Isle Autos Ltd.","isTrade":true},{"advertId":"34213618799559770","vehicleMake":"Volkswagen","vehicleModel":"Golf","vehicleDerivative":"GTI 2.0 200 Bhp","vehiclePriceEuro":7950,"vehicleYearOfManufacture":2006,"advertiserCounty":"Waterford","isPSL":false,"privatePSL":false,"vehicleImageId":"92f3d041-0496-4016-b351-627693e50133","imagecount":2,"advertiserName":"Tom Murphy (Car Sales) Ltd Volkswagen","isTrade":true},{"advertId":"34013623236421260","vehicleMake":"Volkswagen","vehicleModel":"Golf","vehicleDerivative":"1.4 75BHP 5DR","vehiclePriceEuro":7950,"vehicleYearOfManufacture":2006,"advertiserCounty":"Kildare","isPSL":false,"privatePSL":false,"vehicleImageId":"8bfab49a-4dc3-4d96-b348-aabcc69edbbc","imagecount":11,"advertiserName":"AOR Motors Ltd","isTrade":true}],"totalAdvertCount":45174}