{"adverts":[{"advertId":"34013618832793040","vehicleMake":"BMW","vehicleModel":"5 Series","vehicleDerivative":"520 I SALOON SE E60  ONLY 82,000MILES","vehiclePriceEuro":5950,"vehicleYearOfManufacture":2004,"advertiserCounty":"Cork","isPSL":true,"privatePSL":false,"vehicleImageId":"c866a305-933f-4b17-8702-171a02015a5d","imagecount":9,"advertiserName":"Ballincollig Motors","isTrade":true},{"advertId":"33413615386619270","vehicleMake":"BMW","vehicleModel":"5 Series","vehicleDerivative":"520 I SALOON SE , LOW MILEAGE , SERVICE HISTORY","vehiclePriceEuro":5950,"vehicleYearOfManufacture":2004,"advertiserCounty":"Dublin","isPSL":false,"privatePSL":false,"imagecount":0,"advertiserName":"Carroll and Roche Ltd","isTrade":true},{"advertId":"30213463325346420","vehicleMake":"BMW","vehicleModel":"5 Series","vehicleDerivative":"520 I SE","vehiclePriceEuro":5495,"vehicleYearOfManufacture":2004,"advertiserCounty":"Dublin","isPSL":true,"privatePSL":false,"vehicleImageId":"de785438-9e4a-45bb-ba9b-e7a3e4060689","imagecount":8,"advertiserName":"A S Cars","isTrade":true},{"advertId":"6113330344382060","vehicleMake":"BMW","vehicleModel":"5 Series","vehicleDerivative":"520 I SE E60","vehiclePriceEuro":5495,"vehicleYearOfManufacture":2004,"advertiserCounty":"Dublin","isPSL":true,"privatePSL":false,"vehicleImageId":"3113ce73-9973-475f-b39e-5e99bce889d5","imagecount":7,"advertiserName":"A S Cars","isTrade":true},{"advertId":"201304212137582","vehicleMake":"BMW","vehicleModel":"5 Series","vehicleDerivative":"525 525I SALOON SE 4DR E60 M54 2.5 42","vehiclePriceEuro":5250,"vehicleYearOfManufacture":2004,"advertiserCounty":"Dublin","isPSL":true,"privatePSL":false,"vehicleImageId":"14386955","imagecount":9,"isTrade":false},{"advertId":"201245210892314","vehicleMake":"BMW","vehicleModel":"5 Series","vehicleDerivative":"520 I E60 SE 04DR A","vehiclePriceEuro":5200,"vehicleYearOfManufacture":2004,"advertiserCounty":"Kildare","isPSL":true,"privatePSL":false,"vehicleImageId":"14113984","imagecount":5,"isTrade":false},{"advertId":"201251211521573","vehicleMake":"BMW","vehicleModel":"5 Series","vehicleDerivative":"530 D SALOON SE E60 M57 3.0","vehiclePriceEuro":5100,"vehicleYearOfManufacture":2004,"advertiserCounty":"Dublin","isPSL":true,"privatePSL":false,"vehicleImageId":"14219920","imagecount":5,"isTrade":false},{"advertId":"30213484864405380","vehicleMake":"BMW","vehicleModel":"5 Series","vehicleDerivative":"525i M-SPORT AUTO","vehiclePriceEuro":4950,"vehicleYearOfManufacture":2004,"advertiserCounty":"Galway","isPSL":true,"privatePSL":false,"vehicleImageId":"6034f027-e7de-4135-9c1c-b71ee0939560","imagecount":14,"advertiserName":"Adrian Quinn Car Sales","isTrade":true},{"advertId":"201309212737945","vehicleMake":"BMW","vehicleModel":"5 Series","vehicleDerivative":"520 I SALOON SE","vehiclePriceEuro":4950,"vehicleYearOfManufacture":2004,"advertiserCounty":"Dublin","isPSL":true,"privatePSL":false,"vehicleImageId":"11105714","imagecount":6,"isTrade":false},{"advertId":"201242210555097","vehicleMake":"BMW","vehicleModel":"5 Series","vehicleDerivative":"520 I SALOON SE","vehiclePriceEuro":4950,"vehicleYearOfManufacture":2004,"advertiserCounty":"Dublin","isPSL":true,"privatePSL":false,"vehicleImageId":"11105714","imagecount":6,"isTrade":false},{"advertId":"31713554959811920","vehicleMake":"BMW","vehicleModel":"5 Series","vehicleDerivative":"530 530I SALOON","vehiclePriceEuro":4750,"vehicleYearOfManufacture":2004,"advertiserCounty":"Dublin","isPSL":false,"privatePSL":false,"vehicleImageId":"3a77b93a-b0dd-4f0b-9378-bdf1699f75aa","imagecount":9,"advertiserName":"Crystal Cars","isTrade":true},{"advertId":"33913619631888480","vehicleMake":"BMW","vehicleModel":"5 Series","vehicleDerivative":"520 I SALOON SE ","vehiclePriceEuro":4595,"vehicleYearOfManufacture":2004,"advertiserCounty":"Kildare","isPSL":false,"privatePSL":false,"vehicleImageId":"d3b33741-1743-422e-8bbe-b0085b0f10f1","imagecount":5,"advertiserName":"Car Source Direct","isTrade":true},{"advertId":"201243210671720","vehicleMake":"BMW","vehicleModel":"5 Series","vehicleDerivative":"530 D SALOON SE","vehiclePriceEuro":8900,"vehicleYearOfManufacture":2003,"advertiserCounty":"Dublin","isPSL":true,"privatePSL":false,"imagecount":0,"isTrade":false},{"advertId":"201305212273511","vehicleMake":"BMW","vehicleModel":"5 Series","vehiclePriceEuro":8800,"vehicleYearOfManufacture":2003,"advertiserCounty":"Dublin","isPSL":true,"privatePSL":false,"vehicleImageId":"13958806","imagecount":6,"isTrade":false},{"advertId":"24013419159117620","vehicleMake":"BMW","vehicleModel":"5 Series","vehicleDerivative":"530 TD M SPORT Auto Touring","vehiclePriceEuro":7950,"vehicleYearOfManufacture":2003,"advertiserCounty":"Dublin","isPSL":false,"privatePSL":false,"vehicleImageId":"2b2bd8e5-d69b-407b-a505-c5f6c68d8341","imagecount":11,"advertiserName":"Graham Walker Cars","isTrade":true},{"advertId":"201245210905475","vehicleMake":"BMW","vehicleModel":"5 Series","vehicleDerivative":"520 MANUAL","vehiclePriceEuro":7100,"vehicleYearOfManufacture":2003,"advertiserCounty":"Dublin","isPSL":true,"privatePSL":false,"vehicleImageId":"14122701","imagecount":9,"isTrade":false},{"advertId":"201304212137414","vehicleMake":"BMW","vehicleModel":"5 Series","vehicleDerivative":"520 AUTOMATIC","vehiclePriceEuro":6750,"vehicleYearOfManufacture":2003,"advertiserCounty":"Dublin","isPSL":true,"privatePSL":false,"vehicleImageId":"14290102","imagecount":8,"isTrade":false},{"advertId":"201306212318701","vehicleMake":"BMW","vehicleModel":"5 Series","vehicleDerivative":"520 AUTOMATIC","vehiclePriceEuro":6500,"vehicleYearOfManufacture":2003,"advertiserCounty":"Cork","isPSL":true,"privatePSL":false,"vehicleImageId":"13992782","imagecount":9,"isTrade":false},{"advertId":"201245210926584","vehicleMake":"BMW","vehicleModel":"5 Series","vehicleDerivative":"520 AUTOMATIC","vehiclePriceEuro":6200,"vehicleYearOfManufacture":2003,"advertiserCounty":"Laois","isPSL":true,"privatePSL":false,"vehicleImageId":"14127838","imagecount":9,"isTrade":false},{"advertId":"31113583441590620","vehicleMake":"BMW","vehicleModel":"5 Series","vehicleDerivative":"530 Diesel (NCT 12-2013)","vehiclePriceEuro":6195,"vehicleYearOfManufacture":2003,"advertiserCounty":"Dublin","isPSL":true,"privatePSL":false,"vehicleImageId":"170f643d-b1bb-4ded-9f9b-aeb137dfd420","imagecount":10,"advertiserName":"Green Isle Autos Ltd.","isTrade":true},{"advertId":"201246210973889","vehicleMake":"BMW","vehicleModel":"5 Series","vehicleDerivative":"525 AUTO","vehiclePriceEuro":5995,"vehicleYearOfManufacture":2003,"advertiserCounty":"Louth","isPSL":true,"privatePSL":false,"vehicleImageId":"14138685","imagecount":6,"isTrade":false},{"advertId":"32013557463841480","vehicleMake":"BMW","vehicleModel":"5 Series","vehicleDerivative":"530 D 3.0 AUTOMATIC","vehiclePriceEuro":5500,"vehicleYearOfManufacture":2003,"advertiserCounty":"Carlow","isPSL":true,"privatePSL":false,"vehicleImageId":"d7e9ec48-ff4e-421a-a8a8-6f68962447c5","imagecount":8,"advertiserName":"Meridian Motors","isTrade":true},{"advertId":"201307212408732","vehicleMake":"BMW","vehicleModel":"5 Series","vehicleDerivative":"520 I E60 SE 4DR","vehiclePriceEuro":5500,"vehicleYearOfManufacture":2003,"advertiserCounty":"Dublin","isPSL":true,"privatePSL":false,"vehicleImageId":"14337708","imagecount":9,"isTrade":false},{"advertId":"201305212205122","vehicleMake":"BMW","vehicleModel":"5 Series","vehicleDerivative":"530 530I D 3.0 A/T","vehiclePriceEuro":5490,"vehicleYearOfManufacture":2003,"advertiserCounty":"Longford","isPSL":true,"privatePSL":false,"vehicleImageId":"13946683","imagecount":5,"isTrade":false},{"advertId":"30913505749159980","vehicleMake":"BMW","vehicleModel":"5 Series","vehicleDerivative":"520 MANUAL","vehiclePriceEuro":5250,"vehicleYearOfManufacture":2003,"advertiserCounty":"Dublin","isPSL":false,"privatePSL":false,"vehicleImageId":"7c9f7b23-6f2b-4d1e-91ef-847a6b6a6c71","imagecount":7,"advertiserName":"Martin Doolan Motors","isTrade":true},{"advertId":"32113553272529610","vehicleMake":"BMW","vehicleModel":"5 Series","vehicleDerivative":"530d M-SPORT AUTO","vehiclePriceEuro":4950,"vehicleYearOfManufacture":2003,"advertiserCounty":"Galway","isPSL":true,"privatePSL":false,"vehicleImageId":"abb22ad7-9cf7-4460-b33c-21c8b8881930","imagecount":5,"advertiserName":"Adrian Quinn Car Sales","isTrade":true},{"advertId":"6513360490847430","vehicleMake":"BMW","vehicleModel":"5 Series","vehicleDerivative":"DIESEL/ AUTO/NCT 01/14","vehiclePriceEuro":4499,"vehicleYearOfManufacture":2003,"advertiserCounty":"Dublin","isPSL":false,"privatePSL":false,"vehicleImageId":"19d0ace3-17f5-4cde-a9ed-36cc1f9e1b1c","imagecount":8,"advertiserName":"GK Motors","isTrade":true},{"advertId":"713236784602260","vehicleMake":"BMW","vehicleModel":"5 Series","vehicleDerivative":"520 AUTOMATIC, FULL LEATHER","vehiclePriceEuro":4495,"vehicleYearOfManufacture":2003,"advertiserCounty":"Tipperary","isPSL":false,"privatePSL":false,"vehicleImageId":"e95135f1-98e7-424b-8f2d-7bfa7cde22a9","imagecount":8,"advertiserName":"South East Car Sales","isTrade":true},{"advertId":"201247211069381","vehicleMake":"BMW","vehicleModel":"5 Series","vehicleDerivative":"520 AUTOMATIC","vehiclePriceEuro":4250,"vehicleYearOfManufacture":2003,"advertiserCounty":"Dublin","isPSL":true,"privatePSL":false,"vehicleImageId":"13759006","imagecount":7,"isTrade":false},{"advertId":"201251211518100","vehicleMake":"BMW","vehicleModel":"5 Series","vehicleDerivative":"530d m sport","vehiclePriceEuro":4250,"vehicleYearOfManufacture":2003,"advertiserCounty":"Cork","isPSL":true,"privatePSL":false,"vehicleImageId":"13419767","imagecount":7,"isTrade":false},{"advertId":"201242210572953","vehicleMake":"BMW","vehicleModel":"5 Series","vehicleDerivative":"520 MANUAL","vehiclePriceEuro":4000,"vehicleYearOfManufacture":2003,"advertiserCounty":"Dublin","isPSL":true,"privatePSL":false,"vehicleImageId":"14059456","imagecount":3,"isTrade":false},{"advertId":"32013498819592780","vehicleMake":"BMW","vehicleModel":"5 Series","vehicleDerivative":"520 MANUAL,FULL CREAM LEATHER,ONLY 75,000MILES,STUNNING BMW!!!!!!!!!!!!!!!!!!!!","vehiclePriceEuro":3999,"vehicleYearOfManufacture":2003,"advertiserCounty":"Wicklow","isPSL":false,"privatePSL":false,"vehicleImageId":"3d0d3ebc-da18-4573-beca-f164aa3a96be","imagecount":18,"advertiserName":"Paul McGovern Car Sales","isTrade":true},{"advertId":"32013535923858690","vehicleMake":"BMW","vehicleModel":"5 Series","vehicleDerivative":"520 AUTOMATIC","vehiclePriceEuro":3950,"vehicleYearOfManufacture":2003,"advertiserCounty":"Dublin","isPSL":true,"privatePSL":false,"vehicleImageId":"f01cfae6-1391-4a9b-82e4-53bfe882498b","imagecount":9,"advertiserName":"Murphy Doyle","isTrade":true},{"advertId":"713241234270370","vehicleMake":"BMW","vehicleModel":"5 Series","vehicleDerivative":"530D SE www.trinitymotors.ie","vehiclePriceEuro":3950,"vehicleYearOfManufacture":2003,"advertiserCounty":"Wexford","isPSL":true,"privatePSL":false,"vehicleImageId":"72ce3b4a-0ee5-4c8f-90cc-8c043b2991f0","imagecount":6,"advertiserName":"Trinity Motors Land Rover","isTrade":true},{"advertId":"201251211541669","vehicleMake":"BMW","vehicleModel":"5 Series","vehicleDerivative":"520 I SPORT AUTO","vehiclePriceEuro":3950,"vehicleYearOfManufacture":2003,"advertiserCounty":"Dublin","isPSL":true,"privatePSL":false,"vehicleImageId":"14225907","imagecount":4,"isTrade":false},{"advertId":"17313409593202050","vehicleMake":"BMW","vehicleModel":"5 Series","vehicleDerivative":"520 AUTOMATIC Top Spec","vehiclePriceEuro":3700,"vehicleYearOfManufacture":2003,"advertiserCounty":"Dublin","isPSL":true,"privatePSL":false,"vehicleImageId":"5149baba-f24a-4d6b-80cd-9ca262622bef","imagecount":13,"advertiserName":"Michael Grant Renault","isTrade":true},{"advertId":"713264492009240","vehicleMake":"BMW","vehicleModel":"5 Series","vehicleDerivative":"Auto - Leather - Diesel","vehiclePriceEuro":3500,"vehicleYearOfManufacture":2003,"advertiserCounty":"Meath","isPSL":false,"privatePSL":false,"vehicleImageId":"7fa0cac1-2c2e-4f73-a0d6-699f9d2c2875","imagecount":9,"advertiserName":"East Coast Cars + Virginia Auto Sales","isTrade":true},{"advertId":"201308212529788","vehicleMake":"BMW","vehicleModel":"5 Series","vehicleDerivative":"530 SE AUTO","vehiclePriceEuro":3500,"vehicleYearOfManufacture":2003,"advertiserCounty":"Cork","isPSL":true,"privatePSL":false,"vehicleImageId":"14029109","imagecount":9,"isTrade":false},{"advertId":"201246211002308","vehicleMake":"BMW","vehicleModel":"5 Series","vehicleDerivative":"520","vehiclePriceEuro":3500,"vehicleYearOfManufacture":2003,"advertiserCounty":"Longford","isPSL":true,"privatePSL":false,"vehicleImageId":"12758965","imagecount":9,"isTrade":false},{"advertId":"34113609425260080","vehicleMake":"BMW","vehicleModel":"5 Series","vehicleDerivative":"530D SE AUTO / Detailed FSH","vehiclePriceEuro":2995,"vehicleYearOfManufacture":2003,"advertiserCounty":"Kildare","isPSL":false,"privatePSL":false,"vehicleImageId":"31659a8c-4be4-4130-a088-5a6ac7d17612","imagecount":11,"advertiserName":"Charlie Donnelly Cars","isTrade":true},{"advertId":"31813590365613490","vehicleMake":"BMW","vehicleModel":"5 Series","vehicleDerivative":"520 F/S/H, AUTOMATIC, Leather Seats (NCT-08-2013 TAX-03-2013)","vehiclePriceEuro":2795,"vehicleYearOfManufacture":2003,"advertiserCounty":"Dublin","isPSL":true,"privatePSL":false,"vehicleImageId":"cbb9eb91-b56b-4d37-a188-b2ce63ebee8f","imagecount":9,"advertiserName":"Green Isle Autos Ltd.","isTrade":true},{"advertId":"201245210901391","vehicleMake":"BMW","vehicleModel":"5 Series","vehicleDerivative":"530D MPAC","vehiclePriceEuro":7500,"vehicleYearOfManufacture":2002,"advertiserCounty":"Laois","isPSL":true,"privatePSL":false,"vehicleImageId":"14115449","imagecount":9,"isTrade":false},{"advertId":"201243210628067","vehicleMake":"BMW","vehicleModel":"5 Series","vehicleDerivative":"bmw 530 d m sport","vehiclePriceEuro":6900,"vehicleYearOfManufacture":2002,"advertiserCounty":"Dublin","isPSL":true,"privatePSL":false,"vehicleImageId":"14070372","imagecount":8,"isTrade":false},{"advertId":"201305212273265","vehicleMake":"BMW","vehicleModel":"5 Series","vehicleDerivative":"530 TD E39 SPORT 04DR A","vehiclePriceEuro":6900,"vehicleYearOfManufacture":2002,"advertiserCounty":"Dublin","isPSL":true,"privatePSL":false,"vehicleImageId":"13962540","imagecount":8,"isTrade":false},{"advertId":"201306212363352","vehicleMake":"BMW","vehicleModel":"5 Series","vehicleDerivative":"520 MANUAL","vehiclePriceEuro":5800,"vehicleYearOfManufacture":2002,"advertiserCounty":"Kerry","isPSL":true,"privatePSL":false,"vehicleImageId":"13983920","imagecount":5,"isTrade":false},{"advertId":"813264491957300","vehicleMake":"BMW","vehicleModel":"5 Series","vehicleDerivative":"530 TD E39 05DR HI SPEC M SPORT!","vehiclePriceEuro":5745,"vehicleYearOfManufacture":2002,"advertiserCounty":"Meath","isPSL":false,"privatePSL":false,"vehicleImageId":"5383f5bc-6bc6-4016-a83f-3be10c8408ef","imagecount":9,"advertiserName":"East Coast Cars + Virginia Auto Sales","isTrade":true},{"advertId":"201304212137417","vehicleMake":"BMW","vehicleModel":"5 Series","vehicleDerivative":"m-tec sport","vehiclePriceEuro":5300,"vehicleYearOfManufacture":2002,"advertiserCounty":"Louth","isPSL":true,"privatePSL":false,"vehicleImageId":"14290118","imagecount":9,"isTrade":false},{"advertId":"201245210901421","vehicleMake":"BMW","vehicleModel":"5 Series","vehicleDerivative":"520","vehiclePriceEuro":5250,"vehicleYearOfManufacture":2002,"advertiserCounty":"Meath","isPSL":true,"privatePSL":false,"vehicleImageId":"14115509","imagecount":7,"isTrade":false},{"advertId":"201245210926727","vehicleMake":"BMW","vehicleModel":"5 Series","vehicleDerivative":"530 SE AUTO","vehiclePriceEuro":5000,"vehicleYearOfManufacture":2002,"advertiserCounty":"Louth","isPSL":true,"privatePSL":false,"vehicleImageId":"14128305","imagecount":2,"isTrade":false},{"advertId":"201242210517174","vehicleMake":"BMW","vehicleModel":"5 Series","vehicleDerivative":"530 530I D 3.0","vehiclePriceEuro":4950,"vehicleYearOfManufacture":2002,"advertiserCounty":"Louth","isPSL":true,"privatePSL":false,"vehicleImageId":"14049517","imagecount":4,"isTrade":false},{"advertId":"201306212296184","vehicleMake":"BMW","vehicleModel":"5 Series","vehicleDerivative":"525i M-SPORT","vehiclePriceEuro":4950,"vehicleYearOfManufacture":2002,"advertiserCounty":"Dublin","isPSL":true,"privatePSL":false,"vehicleImageId":"13980523","imagecount":9,"isTrade":false},{"advertId":"201304212137423","vehicleMake":"BMW","vehicleModel":"5 Series","vehicleDerivative":"510i","vehiclePriceEuro":4900,"vehicleYearOfManufacture":2002,"advertiserCounty":"Dublin","isPSL":true,"privatePSL":false,"vehicleImageId":"14290242","imagecount":5,"isTrade":false},{"advertId":"201305212227777","vehicleMake":"BMW","vehicleModel":"5 Series","vehicleDerivative":"E39 i a","vehiclePriceEuro":4900,"vehicleYearOfManufacture":2002,"advertiserCounty":"Dublin","isPSL":true,"privatePSL":false,"vehicleImageId":"14306064","imagecount":1,"isTrade":false},{"advertId":"1813280939742370","vehicleMake":"BMW","vehicleModel":"5 Series","vehicleDerivative":"520 AUTOMATIC","vehiclePriceEuro":4650,"vehicleYearOfManufacture":2002,"advertiserCounty":"Limerick","isPSL":false,"privatePSL":false,"vehicleImageId":"044212e9-4994-4396-bcde-61afaa9df4b0","imagecount":12,"advertiserName":"John Moloney Motors","isTrade":true},{"advertId":"201306212296173","vehicleMake":"BMW","vehicleModel":"5 Series","vehicleDerivative":"520 SE AUTO","vehiclePriceEuro":4500,"vehicleYearOfManufacture":2002,"advertiserCounty":"Dublin","isPSL":true,"privatePSL":false,"vehicleImageId":"13979633","imagecount":9,"isTrade":false},{"advertId":"201246211028825","vehicleMake":"BMW","vehicleModel":"5 Series","vehicleDerivative":"520 I E39 04DR A","vehiclePriceEuro":4250,"vehicleYearOfManufacture":2002,"advertiserCounty":"Wexford","isPSL":true,"privatePSL":false,"vehicleImageId":"13745858","imagecount":6,"isTrade":false},{"advertId":"713262716563600","vehicleMake":"BMW","vehicleModel":"5 Series","vehicleDerivative":"520 i SE ","vehiclePriceEuro":3950,"vehicleYearOfManufacture":2002,"advertiserCounty":"Mayo","isPSL":false,"privatePSL":false,"vehicleImageId":"bc3c3736-ce8a-454b-a29a-f3e0922dbc23","imagecount":5,"advertiserName":"Cosgraves Garage Ltd","isTrade":true},{"advertId":"201250211448117","vehicleMake":"BMW","vehicleModel":"5 Series","vehicleDerivative":"520 AUTOMATIC","vehiclePriceEuro":3900,"vehicleYearOfManufacture":2002,"advertiserCounty":"Dublin","isPSL":true,"privatePSL":false,"vehicleImageId":"13834774","imagecount":1,"isTrade":false},{"advertId":"201242210511394","vehicleMake":"BMW","vehicleModel":"5 Series","vehicleDerivative":"530 530I D 3.0 A/T","vehiclePriceEuro":3500,"vehicleYearOfManufacture":2002,"advertiserCounty":"Offaly","isPSL":true,"privatePSL":false,"vehicleImageId":"14048801","imagecount":4,"isTrade":false},{"advertId":"32913603387563210","vehicleMake":"BMW","vehicleModel":"5 Series","vehicleDerivative":"2.2","vehiclePriceEuro":3500,"vehicleYearOfManufacture":2002,"advertiserCounty":"Laois","isPSL":false,"privatePSL":false,"vehicleImageId":"860f610f-6fee-48b9-ac1d-1ccf03d2025f","imagecount":10,"advertiserName":"Noel Whelan Car Sales","isTrade":true},{"advertId":"201242210591950","vehicleMake":"BMW","vehicleModel":"5 Series","vehicleDerivative":"520 MANUAL","vehiclePriceEuro":3200,"vehicleYearOfManufacture":2002,"advertiserCounty":"Kilkenny","isPSL":true,"privatePSL":false,"vehicleImageId":"14063983","imagecount":9,"isTrade":false},{"advertId":"201251211518038","vehicleMake":"BMW","vehicleModel":"5 Series","vehicleDerivative":"520 I E39 SPORT 4DR A","vehiclePriceEuro":2999,"vehicleYearOfManufacture":2002,"advertiserCounty":"Clare","isPSL":true,"privatePSL":false,"vehicleImageId":"14219760","imagecount":9,"isTrade":false},{"advertId":"34213608585017060","vehicleMake":"BMW","vehicleModel":"5 Series","vehicleDerivative":"530 D 3.0 A/T","vehiclePriceEuro":2995,"vehicleYearOfManufacture":2002,"advertiserCounty":"Dublin","isPSL":false,"privatePSL":false,"vehicleImageId":"18da7aac-a8b9-4dbf-a60a-090fed80aed2","imagecount":7,"advertiserName":"Carroll & McAuley Ltd","isTrade":true},{"advertId":"22513416845967050","vehicleMake":"BMW","vehicleModel":"5 Series","vehicleDerivative":"520i Auto Nappa Leather","vehiclePriceEuro":2950,"vehicleYearOfManufacture":2002,"advertiserCounty":"Wicklow","isPSL":false,"privatePSL":false,"vehicleImageId":"758d8a37-c4fb-44ca-a079-b4b7abcdb580","imagecount":7,"advertiserName":"Kellys Car Centre","isTrade":true},{"advertId":"31513554107962690","vehicleMake":"BMW","vehicleModel":"5 Series","vehicleDerivative":"520 AUTOMATIC","vehiclePriceEuro":2950,"vehicleYearOfManufacture":2002,"advertiserCounty":"Dublin","isPSL":false,"privatePSL":false,"vehicleImageId":"e40338cc-2ecb-41cb-a20c-31fb1677c3e0","imagecount":7,"advertiserName":"HB Dennis Leasing Ltd","isTrade":true},{"advertId":"201305212273508","vehicleMake":"BMW","vehicleModel":"5 Series","vehicleDerivative":"520 MANUAL","vehiclePriceEuro":2950,"vehicleYearOfManufacture":2002,"advertiserCounty":"Louth","isPSL":true,"privatePSL":false,"vehicleImageId":"13959013","imagecount":4,"isTrade":false},{"advertId":"201305212204876","vehicleMake":"BMW","vehicleModel":"5 Series","vehiclePriceEuro":2950,"vehicleYearOfManufacture":2002,"advertiserCounty":"Dublin","isPSL":true,"privatePSL":false,"vehicleImageId":"14301921","imagecount":8,"isTrade":false},{"advertId":"31513594830620250","vehicleMake":"BMW","vehicleModel":"5 Series","vehicleDerivative":"525 AUTO","vehiclePriceEuro":2900,"vehicleYearOfManufacture":2002,"advertiserCounty":"Dublin","isPSL":true,"privatePSL":false,"vehicleImageId":"80be1f0a-5acd-46f1-a171-04fb53151186","imagecount":8,"advertiserName":"Harford Motor Co. Ltd","isTrade":true},{"advertId":"201250211362356","vehicleMake":"BMW","vehicleModel":"5 Series","vehicleDerivative":"520 AUTOMATIC","vehiclePriceEuro":2750,"vehicleYearOfManufacture":2002,"advertiserCounty":"Sligo","isPSL":true,"privatePSL":false,"vehicleImageId":"14199131","imagecount":9,"isTrade":false},{"advertId":"201250211384254","vehicleMake":"BMW","vehicleModel":"5 Series","vehicleDerivative":"520 AUTOMATIC","vehiclePriceEuro":2750,"vehicleYearOfManufacture":2002,"advertiserCounty":"Galway","isPSL":true,"privatePSL":false,"vehicleImageId":"14203031","imagecount":9,"isTrade":false},{"advertId":"201308212577762","vehicleMake":"BMW","vehicleModel":"5 Series","vehicleDerivative":"D E39 SE 4DR","vehiclePriceEuro":2600,"vehicleYearOfManufacture":2002,"advertiserCounty":"Cork","isPSL":true,"privatePSL":false,"vehicleImageId":"14360938","imagecount":9,"isTrade":false},{"advertId":"201247211139968","vehicleMake":"BMW","vehicleModel":"5 Series","vehicleDerivative":"525 D E39 SE 4DR","vehiclePriceEuro":2500,"vehicleYearOfManufacture":2002,"advertiserCounty":"Meath","isPSL":true,"privatePSL":false,"vehicleImageId":"14165959","imagecount":4,"isTrade":false},{"advertId":"201243210671715","vehicleMake":"BMW","vehicleModel":"5 Series","vehicleDerivative":"525 I E39 SPORT 04DR A","vehiclePriceEuro":2500,"vehicleYearOfManufacture":2002,"advertiserCounty":"Dublin","isPSL":true,"privatePSL":false,"vehicleImageId":"14078192","imagecount":5,"isTrade":false},{"advertId":"201246211015646","vehicleMake":"BMW","vehicleModel":"5 Series","vehicleDerivative":"MANUAL","vehiclePriceEuro":2400,"vehicleYearOfManufacture":2002,"advertiserCounty":"Dublin","isPSL":true,"privatePSL":false,"vehicleImageId":"14145356","imagecount":4,"isTrade":false},{"advertId":"201306212311243","vehicleMake":"BMW","vehicleModel":"5 Series","vehicleDerivative":"520  tiptronic","vehiclePriceEuro":2400,"vehicleYearOfManufacture":2002,"advertiserCounty":"Tipperary","isPSL":true,"privatePSL":false,"vehicleImageId":"14319769","imagecount":9,"isTrade":false},{"advertId":"201245210905670","vehicleMake":"BMW","vehicleModel":"5 Series","vehicleDerivative":"520 AUTOMATIC","vehiclePriceEuro":2300,"vehicleYearOfManufacture":2002,"advertiserCounty":"Dublin","isPSL":true,"privatePSL":false,"vehicleImageId":"14123354","imagecount":5,"isTrade":false},{"advertId":"201249211314628","vehicleMake":"BMW","vehicleModel":"5 Series","vehicleDerivative":"520","vehiclePriceEuro":2150,"vehicleYearOfManufacture":2002,"advertiserCounty":"Dublin","isPSL":true,"privatePSL":false,"vehicleImageId":"14193920","imagecount":6,"isTrade":false},{"advertId":"201250211362740","vehicleMake":"BMW","vehicleModel":"5 Series","vehicleDerivative":"520 MANUAL","vehiclePriceEuro":2100,"vehicleYearOfManufacture":2002,"advertiserCounty":"Wexford","isPSL":true,"privatePSL":false,"vehicleImageId":"13821295","imagecount":9,"isTrade":false},{"advertId":"34113615272709700","vehicleMake":"BMW","vehicleModel":"5 Series","vehicleDerivative":"520 I E39 4DR A","vehiclePriceEuro":1950,"vehicleYearOfManufacture":2002,"advertiserCounty":"Cork","isPSL":false,"privatePSL":false,"vehicleImageId":"9be0b12f-6fbc-4249-b0dc-d46ce71d46f3","imagecount":7,"advertiserName":"F.M. Autos","isTrade":true},{"advertId":"201303211960093","vehicleMake":"BMW","vehicleModel":"5 Series","vehicleDerivative":"520 I E39 04DR","vehiclePriceEuro":1750,"vehicleYearOfManufacture":2002,"advertiserCounty":"Kildare","isPSL":true,"privatePSL":false,"vehicleImageId":"13903004","imagecount":5,"isTrade":false},{"advertId":"201250211384479","vehicleMake":"BMW","vehicleModel":"5 Series","vehicleDerivative":"520 I E39 SE (4DR)","vehiclePriceEuro":4500,"vehicleYearOfManufacture":2001,"advertiserCounty":"Dublin","isPSL":true,"privatePSL":false,"vehicleImageId":"14203319","imagecount":6,"isTrade":false},{"advertId":"201305212205083","vehicleMake":"BMW","vehicleModel":"5 Series","vehicleDerivative":"530I D MSPORT A/T","vehiclePriceEuro":4250,"vehicleYearOfManufacture":2001,"advertiserCounty":"Dublin","isPSL":true,"privatePSL":false,"vehicleImageId":"13946715","imagecount":7,"isTrade":false},{"advertId":"613264507461980","vehicleMake":"BMW","vehicleModel":"5 Series","vehicleDerivative":"520 I E39 SE 04DR A","vehiclePriceEuro":4250,"vehicleYearOfManufacture":2001,"advertiserCounty":"Limerick","isPSL":false,"privatePSL":false,"vehicleImageId":"599e84fe-7cf4-46ee-a161-db39385779dd","imagecount":9,"advertiserName":"John Culhane Car Sales","isTrade":true},{"advertId":"201309212698388","vehicleMake":"BMW","vehicleModel":"5 Series","vehicleDerivative":"520i","vehiclePriceEuro":4250,"vehicleYearOfManufacture":2001,"advertiserCounty":"Limerick","isPSL":true,"privatePSL":false,"vehicleImageId":"14036899","imagecount":1,"isTrade":false},{"advertId":"201250211399708","vehicleMake":"BMW","vehicleModel":"5 Series","vehiclePriceEuro":4000,"vehicleYearOfManufacture":2001,"advertiserCounty":"Kildare","isPSL":true,"privatePSL":false,"vehicleImageId":"14204600","imagecount":6,"isTrade":false},{"advertId":"201250211405779","vehicleMake":"BMW","vehicleModel":"5 Series","vehiclePriceEuro":4000,"vehicleYearOfManufacture":2001,"advertiserCounty":"Kildare","isPSL":true,"privatePSL":false,"vehicleImageId":"14204600","imagecount":6,"isTrade":false},{"advertId":"201250211399677","vehicleMake":"BMW","vehicleModel":"5 Series","vehiclePriceEuro":4000,"vehicleYearOfManufacture":2001,"advertiserCounty":"Kildare","isPSL":true,"privatePSL":false,"vehicleImageId":"14204600","imagecount":6,"isTrade":false},{"advertId":"201243210671795","vehicleMake":"BMW","vehicleModel":"5 Series","vehicleDerivative":"530 530I","vehiclePriceEuro":4000,"vehicleYearOfManufacture":2001,"advertiserCounty":"Dublin","isPSL":true,"privatePSL":false,"vehicleImageId":"14078379","imagecount":6,"isTrade":false},{"advertId":"201247211110107","vehicleMake":"BMW","vehicleModel":"5 Series","vehicleDerivative":"530 TD E39 SPORT 04DR A","vehiclePriceEuro":3950,"vehicleYearOfManufacture":2001,"advertiserCounty":"Dublin","isPSL":true,"privatePSL":false,"vehicleImageId":"14160497","imagecount":9,"isTrade":false},{"advertId":"34313599823245480","vehicleMake":"BMW","vehicleModel":"5 Series","vehicleDerivative":"520i M-sport Auto","vehiclePriceEuro":3750,"vehicleYearOfManufacture":2001,"advertiserCounty":"Dublin","isPSL":false,"privatePSL":false,"vehicleImageId":"170aae60-0033-4095-b390-33fbed5ab011","imagecount":6,"advertiserName":"Larry Lawless Motors","isTrade":true},{"advertId":"201250211362700","vehicleMake":"BMW","vehicleModel":"5 Series","vehicleDerivative":"525 Auto","vehiclePriceEuro":3550,"vehicleYearOfManufacture":2001,"advertiserCounty":"Dublin","isPSL":true,"privatePSL":false,"vehicleImageId":"13821021","imagecount":6,"isTrade":false},{"advertId":"201245210884831","vehicleMake":"BMW","vehicleModel":"5 Series","vehicleDerivative":"525 TDS E39 SE 04DR","vehiclePriceEuro":3500,"vehicleYearOfManufacture":2001,"advertiserCounty":"Westmeath","isPSL":true,"privatePSL":false,"vehicleImageId":"13291622","imagecount":5,"isTrade":false},{"advertId":"813264504325680","vehicleMake":"BMW","vehicleModel":"5 Series","vehicleDerivative":"520i","vehiclePriceEuro":3500,"vehicleYearOfManufacture":2001,"advertiserCounty":"Limerick","isPSL":false,"privatePSL":false,"vehicleImageId":"a6d7a14c-3c4e-4e3a-8659-f876cb82a91f","imagecount":9,"advertiserName":"John Culhane Car Sales","isTrade":true},{"advertId":"201305212205091","vehicleMake":"BMW","vehicleModel":"5 Series","vehicleDerivative":"530d","vehiclePriceEuro":3400,"vehicleYearOfManufacture":2001,"advertiserCounty":"Offaly","isPSL":true,"privatePSL":false,"vehicleImageId":"14302673","imagecount":3,"isTrade":false},{"advertId":"201304212159949","vehicleMake":"BMW","vehicleModel":"5 Series","vehicleDerivative":"520 MANUAL","vehiclePriceEuro":3250,"vehicleYearOfManufacture":2001,"advertiserCounty":"Dublin","isPSL":true,"privatePSL":false,"vehicleImageId":"14294449","imagecount":4,"isTrade":false},{"advertId":"201304212115167","vehicleMake":"BMW","vehicleModel":"5 Series","vehicleDerivative":"520 MANUAL","vehiclePriceEuro":2995,"vehicleYearOfManufacture":2001,"advertiserCounty":"Dublin","isPSL":true,"privatePSL":false,"vehicleImageId":"13079678","imagecount":9,"isTrade":false},{"advertId":"201249211288769","vehicleMake":"BMW","vehicleModel":"5 Series","vehicleDerivative":"530 530D 3.0 A/T","vehiclePriceEuro":2950,"vehicleYearOfManufacture":2001,"advertiserCounty":"Kerry","isPSL":true,"privatePSL":false,"vehicleImageId":"13804276","imagecount":9,"isTrade":false},{"advertId":"201248211219343","vehicleMake":"BMW","vehicleModel":"5 Series","vehicleDerivative":"525 I E39 SE 04DR A","vehiclePriceEuro":2600,"vehicleYearOfManufacture":2001,"advertiserCounty":"Wicklow","isPSL":true,"privatePSL":false,"vehicleImageId":"14178354","imagecount":8,"isTrade":false},{"advertId":"201304212137567","vehicleMake":"BMW","vehicleModel":"5 Series","vehiclePriceEuro":2550,"vehicleYearOfManufacture":2001,"advertiserCounty":"Dublin","isPSL":true,"privatePSL":false,"vehicleImageId":"14290775","imagecount":9,"isTrade":false},{"advertId":"613264496601650","vehicleMake":"BMW","vehicleModel":"5 Series","vehicleDerivative":"520 MANUAL","vehiclePriceEuro":2500,"vehicleYearOfManufacture":2001,"advertiserCounty":"Limerick","isPSL":true,"privatePSL":false,"vehicleImageId":"7369023f-d305-485a-9384-ce92d6a4b86c","imagecount":9,"advertiserName":"Limerick Motor Centre","isTrade":true}],"totalAdvertCount":45174}