{"adverts":[{"advertId":"201243210672009","vehicleMake":"KIA","vehicleModel":"Cerato","vehicleDerivative":"lx","vehiclePriceEuro":2300,"vehicleYearOfManufacture":2005,"advertiserCounty":"Dublin","isPSL":true,"privatePSL":false,"vehicleImageId":"14079220","imagecount":2,"isTrade":false},{"advertId":"8213394114180970","vehicleMake":"KIA","vehicleModel":"Magentis","vehicleDerivative":"2.0 EX 4 Door","vehiclePriceEuro":13700,"vehicleYearOfManufacture":2010,"advertiserCounty":"Kilkenny","isPSL":false,"privatePSL":false,"vehicleImageId":"d8673ab1-4030-4fc6-a3e8-9f94440e8e2d","imagecount":9,"advertiserName":"David Buggy Motors","isTrade":true},{"advertId":"33413603461462160","vehicleMake":"KIA","vehicleModel":"Magentis","vehicleDerivative":"2.0 LX","vehiclePriceEuro":10500,"vehicleYearOfManufacture":2009,"advertiserCounty":"Cork","isPSL":true,"privatePSL":false,"vehicleImageId":"d348cd5b-c4d6-4e7a-9073-d0d2a9f9d1a4","imagecount":8,"advertiserName":"Youghal Kia","isTrade":true},{"advertId":"32913602595987670","vehicleMake":"KIA","vehicleModel":"Magentis","vehicleDerivative":"EX 2.0 DIESEL AUTOMATIC","vehiclePriceEuro":10995,"vehicleYearOfManufacture":2008,"advertiserCounty":"Louth","isPSL":false,"privatePSL":false,"vehicleImageId":"0ed79b58-d9d3-49c0-bedb-cc76df6df36a","imagecount":15,"advertiserName":"Jack Doran Motors","isTrade":true},{"advertId":"213222139039560","vehicleMake":"KIA","vehicleModel":"Magentis","vehicleDerivative":"2.0 4DR LX","vehiclePriceEuro":7950,"vehicleYearOfManufacture":2007,"advertiserCounty":"Dublin","isPSL":true,"privatePSL":false,"vehicleImageId":"cd15bb30-42a0-4e39-a442-7c886cf73811","imagecount":10,"advertiserName":"K & C Garages Ltd","isTrade":true},{"advertId":"31813588440014770","vehicleMake":"KIA","vehicleModel":"Magentis","vehicleDerivative":"Rent to Buy This Car","vehiclePriceEuro":5950,"vehicleYearOfManufacture":2007,"advertiserCounty":"Dublin","isPSL":false,"privatePSL":false,"vehicleImageId":"9274fe9a-6fdd-423e-838f-664f9d21ce21","imagecount":8,"advertiserName":"Cloghran Car Sales","isTrade":true},{"advertId":"31213473732529320","vehicleMake":"KIA","vehicleModel":"Magentis","vehicleDerivative":"2.0 EX (diesel)","vehiclePriceEuro":4900,"vehicleYearOfManufacture":2007,"advertiserCounty":"Dublin","isPSL":false,"privatePSL":false,"vehicleImageId":"e4d34de3-86c7-4e47-89db-39f6994e00e0","imagecount":9,"advertiserName":"Burke & Sons Motor Co","isTrade":true},{"advertId":"29513445089976720","vehicleMake":"KIA","vehicleModel":"Magentis","vehicleDerivative":"2.0 4DR LX ","vehiclePriceEuro":0,"vehicleYearOfManufacture":2007,"advertiserCounty":"Offaly","isPSL":false,"privatePSL":false,"vehicleImageId":"b05d6f73-75e3-4e49-b13c-6a6ba7114c5a","imagecount":12,"advertiserName":"Colton Motors","isTrade":true},{"advertId":"31413579255807740","vehicleMake":"KIA","vehicleModel":"Magentis","vehicleDerivative":"SE 4DR 2 41","vehiclePriceEuro":4800,"vehicleYearOfManufacture":2006,"advertiserCounty":"Cork","isPSL":true,"privatePSL":false,"vehicleImageId":"735897d5-f55a-45d0-9ff8-2f2ec670fbea","imagecount":6,"advertiserName":"Youghal Kia","isTrade":true},{"advertId":"32113541206409000","vehicleMake":"KIA","vehicleModel":"Magentis","vehicleDerivative":"DIESEL 6 SPEED","vehiclePriceEuro":4700,"vehicleYearOfManufacture":2006,"advertiserCounty":"Dublin","isPSL":false,"privatePSL":false,"vehicleImageId":"b021a24c-5f3b-41a6-bd1a-fe93903ce2d9","imagecount":19,"advertiserName":"Northwest Autos","isTrade":true},{"advertId":"5913332042512840","vehicleMake":"KIA","vehicleModel":"Magentis","vehicleDerivative":"SE 4 DR 2","vehiclePriceEuro":3950,"vehicleYearOfManufacture":2006,"advertiserCounty":"Dublin","isPSL":false,"privatePSL":false,"vehicleImageId":"ff805a11-df88-4e48-8d04-1c75427fcdfa","imagecount":8,"advertiserName":"Western Motor Point","isTrade":true},{"advertId":"713234223715050","vehicleMake":"KIA","vehicleModel":"Magentis","vehicleDerivative":"AUTOMATIC/ LEATHER","vehiclePriceEuro":3750,"vehicleYearOfManufacture":2006,"advertiserCounty":"Cork","isPSL":false,"privatePSL":false,"vehicleImageId":"74e440b6-e8ba-4f19-8954-ef9d9ede81e6","imagecount":5,"advertiserName":"Mallow Road Motors","isTrade":true},{"advertId":"201307212409099","vehicleMake":"KIA","vehicleModel":"Magentis","vehicleDerivative":"2.0 SE 04DR","vehiclePriceEuro":2400,"vehicleYearOfManufacture":2003,"advertiserCounty":"Dublin","isPSL":true,"privatePSL":false,"vehicleImageId":"14007351","imagecount":8,"isTrade":false},{"advertId":"713237760456570","vehicleMake":"KIA","vehicleModel":"Mentor","vehicleDerivative":"II 1.6 LS","vehiclePriceEuro":950,"vehicleYearOfManufacture":2003,"advertiserCounty":"Meath","isPSL":false,"privatePSL":false,"vehicleImageId":"46baee19-dd07-412e-b2a6-35b2961e7b0a","imagecount":7,"advertiserName":"M3 Car Sales Ltd","isTrade":true},{"advertId":"34213616177622710","vehicleMake":"KIA","vehicleModel":"Optima","vehicleDerivative":"1.7 crdi Platinum Automatic","vehiclePriceEuro":35025,"vehicleYearOfManufacture":2013,"advertiserCounty":"Cork","isPSL":true,"privatePSL":false,"vehicleImageId":"f99f5021-c922-4aa6-bf39-af6865d510b8","imagecount":10,"advertiserName":"Colemans Millstreet","isTrade":true},{"advertId":"24513420244505320","vehicleMake":"KIA","vehicleModel":"Optima","vehicleDerivative":"PLATINUM 17' 5DR AUTO","vehiclePriceEuro":34900,"vehicleYearOfManufacture":2013,"advertiserCounty":"Cork","isPSL":false,"privatePSL":false,"vehicleImageId":"7060684c-9434-4951-a5f6-11a1dfb0e99d","imagecount":20,"advertiserName":"Motorview KIA","isTrade":true},{"advertId":"32913609239717860","vehicleMake":"KIA","vehicleModel":"Optima","vehicleDerivative":"4dr ","vehiclePriceEuro":31190,"vehicleYearOfManufacture":2013,"advertiserCounty":"Kerry","isPSL":true,"privatePSL":false,"vehicleImageId":"656b08f8-2ffb-4cc4-91ac-b4dade4683d4","imagecount":14,"advertiserName":"McElligott's Tralee Ltd","isTrade":true},{"advertId":"31913543607101610","vehicleMake":"KIA","vehicleModel":"Optima","vehicleDerivative":"EX 18in Alloys","vehiclePriceEuro":30995,"vehicleYearOfManufacture":2013,"advertiserCounty":"Cork","isPSL":false,"privatePSL":false,"vehicleImageId":"3bf0e4e1-3b8a-4572-9404-da60c82ebe39","imagecount":15,"advertiserName":"Motorview KIA","isTrade":true},{"advertId":"28713432464328230","vehicleMake":"KIA","vehicleModel":"Optima","vehicleDerivative":"1.7TD Platinum (CARLOW KIA)","vehiclePriceEuro":30950,"vehicleYearOfManufacture":2013,"advertiserCounty":"Carlow","isPSL":false,"privatePSL":false,"vehicleImageId":"c963e2e4-164a-4b04-9ce7-576146b90880","imagecount":5,"advertiserName":"Carlow Kia","isTrade":true},{"advertId":"28613432955751680","vehicleMake":"KIA","vehicleModel":"Optima","vehicleDerivative":"1.7 Diesel Platinum","vehiclePriceEuro":30950,"vehicleYearOfManufacture":2013,"advertiserCounty":"Cork","isPSL":false,"privatePSL":false,"vehicleImageId":"ec289dcf-ca3f-47bc-928f-42410e93190e","imagecount":20,"advertiserName":"Motorview KIA","isTrade":true},{"advertId":"6213352827945870","vehicleMake":"KIA","vehicleModel":"Optima","vehicleDerivative":"1.7 Dsl Platinum 17'' Alloys","vehiclePriceEuro":30900,"vehicleYearOfManufacture":2013,"advertiserCounty":"Offaly","isPSL":false,"privatePSL":false,"vehicleImageId":"b48e9443-dfae-4a42-b3ab-bcc1001d87d4","imagecount":10,"advertiserName":"Lawton & Foley Motors","isTrade":true},{"advertId":"6613379337827920","vehicleMake":"KIA","vehicleModel":"Optima","vehicleDerivative":"1.7 DIESEL","vehiclePriceEuro":30525,"vehicleYearOfManufacture":2013,"advertiserCounty":"Dublin","isPSL":false,"privatePSL":false,"vehicleImageId":"2bd6bd6f-8807-4747-bdbb-28deee3c3a66","imagecount":20,"advertiserName":"Michael Tynan Motors","isTrade":true},{"advertId":"8813394202214830","vehicleMake":"KIA","vehicleModel":"Optima","vehicleDerivative":"1.7 Diesel Platinum 17\"","vehiclePriceEuro":30450,"vehicleYearOfManufacture":2013,"advertiserCounty":"Dublin","isPSL":true,"privatePSL":false,"vehicleImageId":"b84022fc-1b13-4ff8-82a8-d29251b4e4ec","imagecount":8,"advertiserName":"K & C Garages Ltd","isTrade":true},{"advertId":"8713394198702810","vehicleMake":"KIA","vehicleModel":"Optima","vehicleDerivative":"1.7 Diesel Platinum 17\"","vehiclePriceEuro":29995,"vehicleYearOfManufacture":2013,"advertiserCounty":"Dublin","isPSL":true,"privatePSL":false,"vehicleImageId":"f66f26f4-78a3-4084-ae3e-d9d62e394764","imagecount":10,"advertiserName":"K & C Garages Ltd","isTrade":true},{"advertId":"31113585238061900","vehicleMake":"KIA","vehicleModel":"Optima","vehicleDerivative":"PLATINUM '17 4DR","vehiclePriceEuro":29950,"vehicleYearOfManufacture":2013,"advertiserCounty":"Wicklow","isPSL":false,"privatePSL":false,"vehicleImageId":"1bf89489-21a3-4c5f-af32-2e5babfb7a8a","imagecount":20,"advertiserName":"Vartry Garage Kia","isTrade":true},{"advertId":"33913603181052500","vehicleMake":"KIA","vehicleModel":"Optima","vehicleDerivative":"1.7 EX Diesel","vehiclePriceEuro":29075,"vehicleYearOfManufacture":2013,"advertiserCounty":"Dublin","isPSL":false,"privatePSL":false,"vehicleImageId":"acdf92da-ddbc-4756-82d6-5a41f5785438","imagecount":17,"advertiserName":"Kia Liffey Valley","isTrade":true},{"advertId":"27813430359544700","vehicleMake":"KIA","vehicleModel":"Optima","vehicleDerivative":"1.7 Diesel","vehiclePriceEuro":28895,"vehicleYearOfManufacture":2013,"advertiserCounty":"Cork","isPSL":false,"privatePSL":false,"vehicleImageId":"db3117e0-b088-4f66-8635-0317f15388ff","imagecount":4,"advertiserName":"Motorview KIA","isTrade":true},{"advertId":"6313354510116930","vehicleMake":"KIA","vehicleModel":"Optima","vehicleDerivative":"1.7EX CRDI (NEW KIA SALOON)7 YEARS WARRANTY ON THIS STUNNING SALOON CAR / 6 SPEED ","vehiclePriceEuro":28850,"vehicleYearOfManufacture":2013,"advertiserCounty":"Carlow","isPSL":false,"privatePSL":false,"vehicleImageId":"0a5dfcb8-6efc-489a-a62a-f1067a306e8e","imagecount":15,"advertiserName":"Carlow Kia","isTrade":true},{"advertId":"31913554906745670","vehicleMake":"KIA","vehicleModel":"Optima","vehicleDerivative":"1.7 EX 4dr","vehiclePriceEuro":27800,"vehicleYearOfManufacture":2013,"advertiserCounty":"Dublin","isPSL":true,"privatePSL":false,"vehicleImageId":"1fbb228e-8700-4397-8c49-3f9b8d71ba31","imagecount":10,"advertiserName":"Gowan Motors Navan Road","isTrade":true},{"advertId":"31913573864414800","vehicleMake":"KIA","vehicleModel":"Optima","vehicleDerivative":"1.7D EX 16'' ISG 4DR","vehiclePriceEuro":27600,"vehicleYearOfManufacture":2013,"advertiserCounty":"Kilkenny","isPSL":false,"privatePSL":false,"vehicleImageId":"6e0c168b-1430-47d2-9b3b-bba5ce7bb5e1","imagecount":8,"advertiserName":"David Buggy Motors","isTrade":true},{"advertId":"27813430440376480","vehicleMake":"KIA","vehicleModel":"Optima","vehicleDerivative":"Platinum 17\"Wheels","vehiclePriceEuro":0,"vehicleYearOfManufacture":2013,"advertiserCounty":"Cork","isPSL":false,"privatePSL":false,"vehicleImageId":"c7908442-9425-4c55-a903-ad9002e8075f","imagecount":17,"advertiserName":"Nyhan Motors","isTrade":true},{"advertId":"31713573986414970","vehicleMake":"KIA","vehicleModel":"Optima","vehicleDerivative":"1","vehiclePriceEuro":0,"vehicleYearOfManufacture":2013,"advertiserCounty":"Cork","isPSL":false,"privatePSL":false,"vehicleImageId":"b3b18e1f-5999-480e-85db-3b82c45e6ca3","imagecount":3,"advertiserName":"Mallow Road Motors","isTrade":true},{"advertId":"6313348579428440","vehicleMake":"KIA","vehicleModel":"Optima","vehicleDerivative":"1.7 OPTIMA ex MANUAL","vehiclePriceEuro":0,"vehicleYearOfManufacture":2013,"advertiserCounty":"Westmeath","isPSL":false,"privatePSL":false,"vehicleImageId":"8a898065-406a-4348-8c47-845e11d7c606","imagecount":4,"advertiserName":"Sleator Kia","isTrade":true},{"advertId":"30213452176097100","vehicleMake":"KIA","vehicleModel":"Optima","vehicleDerivative":"1.7CRDi Platinum **138bhp - Top spec**","vehiclePriceEuro":0,"vehicleYearOfManufacture":2013,"advertiserCounty":"Limerick","isPSL":false,"privatePSL":false,"vehicleImageId":"e487c5b1-2314-4cca-b2cb-8b26bd705053","imagecount":16,"advertiserName":"Hinchy's Garage","isTrade":true},{"advertId":"31813550865530320","vehicleMake":"KIA","vehicleModel":"Optima","vehicleDerivative":"1.7CRDi EX ***In Stock***","vehiclePriceEuro":0,"vehicleYearOfManufacture":2013,"advertiserCounty":"Limerick","isPSL":false,"privatePSL":false,"vehicleImageId":"45483c8b-6cea-4d37-ba6f-05d30a4bdadc","imagecount":11,"advertiserName":"Hinchy's Garage","isTrade":true},{"advertId":"31313473620676520","vehicleMake":"KIA","vehicleModel":"Optima","vehicleDerivative":"PLATINUM 18' 5DR AUTO","vehiclePriceEuro":32500,"vehicleYearOfManufacture":2012,"advertiserCounty":"Kildare","isPSL":false,"privatePSL":false,"vehicleImageId":"de15d4fe-c4db-49c4-b43a-1d3a04aef680","imagecount":8,"advertiserName":"Ray Crofton Ltd.","isTrade":true},{"advertId":"33213614633937600","vehicleMake":"KIA","vehicleModel":"Optima","vehicleDerivative":"PLATINUM 17' 4DR AUTO","vehiclePriceEuro":32250,"vehicleYearOfManufacture":2012,"advertiserCounty":"Kildare","isPSL":false,"privatePSL":false,"vehicleImageId":"c0af278a-ac6b-4de9-b7d4-bc30a1cb53ca","imagecount":7,"advertiserName":"Ray Crofton Ltd.","isTrade":true},{"advertId":"33213619789590340","vehicleMake":"KIA","vehicleModel":"Optima","vehicleDerivative":"1.7 **Platuim Top Spec **","vehiclePriceEuro":29950,"vehicleYearOfManufacture":2012,"advertiserCounty":"Dublin","isPSL":true,"privatePSL":false,"vehicleImageId":"017407fe-cb21-4323-b340-cf7ae4b6c983","imagecount":6,"advertiserName":"Michael Barrable Motors","isTrade":true},{"advertId":"31113586362115800","vehicleMake":"KIA","vehicleModel":"Optima","vehicleDerivative":"PLATINUM 18\" 5DR AUTO","vehiclePriceEuro":29900,"vehicleYearOfManufacture":2012,"advertiserCounty":"Galway","isPSL":true,"privatePSL":false,"vehicleImageId":"b35831a5-a941-49f2-b252-710e86165ed7","imagecount":5,"advertiserName":"Kenny Galway","isTrade":true},{"advertId":"34213602288714820","vehicleMake":"KIA","vehicleModel":"Optima","vehicleDerivative":" 3 CRDI 1.7 Diesel 18\"  **SOLD**","vehiclePriceEuro":28500,"vehicleYearOfManufacture":2012,"advertiserCounty":"Dublin","isPSL":false,"privatePSL":false,"vehicleImageId":"9d0c5d33-f6e9-4b78-b361-397431ffd12d","imagecount":15,"advertiserName":"Michael Tynan Motors","isTrade":true},{"advertId":"31913522021906230","vehicleMake":"KIA","vehicleModel":"Optima","vehicleDerivative":"PLATINUM AUTO 021-4615250","vehiclePriceEuro":27900,"vehicleYearOfManufacture":2012,"advertiserCounty":"Cork","isPSL":false,"privatePSL":false,"vehicleImageId":"08c1197c-2c4c-4e01-a936-9d4afe643f7a","imagecount":11,"advertiserName":"Johnson & Perrott Motor Group (Mahon Point)","isTrade":true},{"advertId":"33213607023842060","vehicleMake":"KIA","vehicleModel":"Optima","vehicleDerivative":"PLATINUM '17 4DR","vehiclePriceEuro":27850,"vehicleYearOfManufacture":2012,"advertiserCounty":"Tipperary","isPSL":false,"privatePSL":false,"vehicleImageId":"29545c12-a9c1-49cf-91a9-b291c38455ae","imagecount":17,"advertiserName":"Horse & Jockey Car Sales","isTrade":true},{"advertId":"31113475540181480","vehicleMake":"KIA","vehicleModel":"Optima","vehicleDerivative":"1.7 DIESEL PLATINUM 17\" 4 DR SALOON","vehiclePriceEuro":26900,"vehicleYearOfManufacture":2012,"advertiserCounty":"Cork","isPSL":true,"privatePSL":false,"vehicleImageId":"9631346d-6530-4eb1-8b4c-8f8bfb79a17b","imagecount":8,"advertiserName":"Johnson & Perrott Motor Group (Douglas Road)","isTrade":true},{"advertId":"31113582588917140","vehicleMake":"KIA","vehicleModel":"Optima","vehicleDerivative":"1.7 Lux **Only 11 OPTIMA IN IRELAND**","vehiclePriceEuro":25950,"vehicleYearOfManufacture":2011,"advertiserCounty":"Dublin","isPSL":true,"privatePSL":false,"vehicleImageId":"493f2ab0-f435-40c2-aa7c-0aa7ed76b7c0","imagecount":9,"advertiserName":"Michael Barrable Motors","isTrade":true},{"advertId":"29813446084482440","vehicleMake":"KIA","vehicleModel":"Picanto","vehicleDerivative":"Auto EX 1.25 Petrol","vehiclePriceEuro":16695,"vehicleYearOfManufacture":2013,"advertiserCounty":"Cork","isPSL":false,"privatePSL":false,"vehicleImageId":"7fd2476f-142b-4924-9a1b-ca3fac4f992a","imagecount":13,"advertiserName":"Motorview KIA","isTrade":true},{"advertId":"30013451371572430","vehicleMake":"KIA","vehicleModel":"Picanto","vehicleDerivative":"1.2 AUTOMATIC (CARLOW KIA)","vehiclePriceEuro":16250,"vehicleYearOfManufacture":2013,"advertiserCounty":"Carlow","isPSL":false,"privatePSL":false,"vehicleImageId":"8b84f928-4db2-4020-a179-0f208cf0048f","imagecount":7,"advertiserName":"Carlow Kia","isTrade":true},{"advertId":"29213458204134150","vehicleMake":"KIA","vehicleModel":"Picanto","vehicleDerivative":"1.0 EX","vehiclePriceEuro":13940,"vehicleYearOfManufacture":2013,"advertiserCounty":"Kerry","isPSL":true,"privatePSL":false,"vehicleImageId":"85224651-d372-4ade-ad56-31a17187e5d6","imagecount":10,"advertiserName":"McElligott's Tralee Ltd","isTrade":true},{"advertId":"5013297738923760","vehicleMake":"KIA","vehicleModel":"Picanto","vehicleDerivative":"1.0 EX","vehiclePriceEuro":13900,"vehicleYearOfManufacture":2013,"advertiserCounty":"Tipperary","isPSL":false,"privatePSL":false,"vehicleImageId":"c38bcd36-872e-4f7d-88da-c2d43c5afc6f","imagecount":15,"advertiserName":"Horse & Jockey Car Sales","isTrade":true},{"advertId":"28613432980415900","vehicleMake":"KIA","vehicleModel":"Picanto","vehicleDerivative":"1.0 EX 5 DR","vehiclePriceEuro":13895,"vehicleYearOfManufacture":2013,"advertiserCounty":"Cork","isPSL":false,"privatePSL":false,"vehicleImageId":"130b3728-fd21-4398-b53f-9575f4ae4b86","imagecount":11,"advertiserName":"Motorview KIA","isTrade":true},{"advertId":"31113575837662690","vehicleMake":"KIA","vehicleModel":"Picanto","vehicleDerivative":"1.0 EX 5dr","vehiclePriceEuro":13890,"vehicleYearOfManufacture":2013,"advertiserCounty":"Dublin","isPSL":false,"privatePSL":false,"vehicleImageId":"a592daba-f0ce-450f-9c89-49d92eefd508","imagecount":12,"advertiserName":"Kia Liffey Valley","isTrade":true},{"advertId":"6013333834828150","vehicleMake":"KIA","vehicleModel":"Picanto","vehicleDerivative":"1.2 EX (ALL NEW MODEL) ","vehiclePriceEuro":13650,"vehicleYearOfManufacture":2013,"advertiserCounty":"Carlow","isPSL":false,"privatePSL":false,"vehicleImageId":"658a72fc-0e0d-4299-8e0a-fb8bb4ba5bec","imagecount":6,"advertiserName":"Carlow Kia","isTrade":true},{"advertId":"31913548141618500","vehicleMake":"KIA","vehicleModel":"Picanto","vehicleDerivative":"1.0 EX","vehiclePriceEuro":12850,"vehicleYearOfManufacture":2013,"advertiserCounty":"Dublin","isPSL":true,"privatePSL":false,"vehicleImageId":"dada427c-8eba-402a-8894-dbf048253f59","imagecount":8,"advertiserName":"Gowan Motors Navan Road","isTrade":true},{"advertId":"27013428068235520","vehicleMake":"KIA","vehicleModel":"Picanto","vehicleDerivative":"1.0 LX ","vehiclePriceEuro":12695,"vehicleYearOfManufacture":2013,"advertiserCounty":"Cork","isPSL":false,"privatePSL":false,"vehicleImageId":"ee888dbb-3036-47ba-8980-ec01539ee7eb","imagecount":12,"advertiserName":"Motorview KIA","isTrade":true},{"advertId":"30913530627803750","vehicleMake":"KIA","vehicleModel":"Picanto","vehicleDerivative":"1.0 LX","vehiclePriceEuro":12485,"vehicleYearOfManufacture":2013,"advertiserCounty":"Cork","isPSL":true,"privatePSL":false,"vehicleImageId":"b5dd47b8-fe44-48e0-90c2-083ead8b5ee3","imagecount":3,"advertiserName":"Colemans Millstreet","isTrade":true},{"advertId":"213222139626110","vehicleMake":"KIA","vehicleModel":"Picanto","vehicleDerivative":"New Model 1L LX","vehiclePriceEuro":12300,"vehicleYearOfManufacture":2013,"advertiserCounty":"Dublin","isPSL":true,"privatePSL":false,"vehicleImageId":"efefeb29-e912-4238-aaa6-2ca8fa62840c","imagecount":8,"advertiserName":"K & C Garages Ltd","isTrade":true},{"advertId":"31413572927648450","vehicleMake":"KIA","vehicleModel":"Picanto","vehicleDerivative":"1.0 LX","vehiclePriceEuro":12300,"vehicleYearOfManufacture":2013,"advertiserCounty":"Dublin","isPSL":false,"privatePSL":false,"vehicleImageId":"e9be17a8-7611-483f-84f5-bb7441ad2973","imagecount":15,"advertiserName":"Michael Tynan Motors","isTrade":true},{"advertId":"31813548750787140","vehicleMake":"KIA","vehicleModel":"Picanto","vehicleDerivative":"1.0 LX 5dr","vehiclePriceEuro":11700,"vehicleYearOfManufacture":2013,"advertiserCounty":"Dublin","isPSL":true,"privatePSL":false,"vehicleImageId":"1b406851-dae4-480d-96a6-420afaeb5b91","imagecount":8,"advertiserName":"Gowan Motors Navan Road","isTrade":true},{"advertId":"27313427186047050","vehicleMake":"KIA","vehicleModel":"Picanto","vehicleDerivative":"LX 5Dr","vehiclePriceEuro":0,"vehicleYearOfManufacture":2013,"advertiserCounty":"Cork","isPSL":false,"privatePSL":false,"vehicleImageId":"d0b2e055-ad21-4c07-aa82-860a410baed3","imagecount":10,"advertiserName":"Nyhan Motors","isTrade":true},{"advertId":"29213456336757280","vehicleMake":"KIA","vehicleModel":"Picanto","vehicleDerivative":"1.0 ltr EX New Model","vehiclePriceEuro":0,"vehicleYearOfManufacture":2013,"advertiserCounty":"Cork","isPSL":false,"privatePSL":false,"vehicleImageId":"00323dfd-8196-4e5e-8987-3cb4cf900202","imagecount":11,"advertiserName":"Nyhan Motors","isTrade":true},{"advertId":"6513358631552650","vehicleMake":"KIA","vehicleModel":"Picanto","vehicleDerivative":"1.0 LX 5 DOOR","vehiclePriceEuro":0,"vehicleYearOfManufacture":2013,"advertiserCounty":"Dublin","isPSL":false,"privatePSL":false,"vehicleImageId":"543f1a73-36e7-4a6c-b8db-d03920f6d164","imagecount":9,"advertiserName":"Tom Walsh Motors Ltd","isTrade":true},{"advertId":"713237649588170","vehicleMake":"KIA","vehicleModel":"Picanto","vehicleDerivative":"1.0 ex new model   ","vehiclePriceEuro":0,"vehicleYearOfManufacture":2013,"advertiserCounty":"Mayo","isPSL":false,"privatePSL":false,"vehicleImageId":"5edaa3e7-e79e-4c01-98c7-77d141db04e2","imagecount":9,"advertiserName":"Edward Conway Ltd","isTrade":true},{"advertId":"30913516146443690","vehicleMake":"KIA","vehicleModel":"Picanto","vehicleDerivative":"1.0 EX **€400.00 Shopping Voucher**","vehiclePriceEuro":0,"vehicleYearOfManufacture":2013,"advertiserCounty":"Dublin","isPSL":true,"privatePSL":false,"vehicleImageId":"39ad91a7-5991-448d-9a85-0430f97c1024","imagecount":5,"advertiserName":"Michael Barrable Motors","isTrade":true},{"advertId":"31513516809347130","vehicleMake":"KIA","vehicleModel":"Picanto","vehicleDerivative":"1.2 EX Auto **€400.00 Shopping Voucher**","vehiclePriceEuro":0,"vehicleYearOfManufacture":2013,"advertiserCounty":"Dublin","isPSL":true,"privatePSL":false,"vehicleImageId":"99f70262-7517-4511-b6f2-56fc764c6a52","imagecount":10,"advertiserName":"Michael Barrable Motors","isTrade":true},{"advertId":"713238598341420","vehicleMake":"KIA","vehicleModel":"Picanto","vehicleDerivative":"EX 5DR...","vehiclePriceEuro":12365,"vehicleYearOfManufacture":2012,"advertiserCounty":"Westmeath","isPSL":false,"privatePSL":false,"vehicleImageId":"adaf7063-3e7a-4076-be31-286010b75654","imagecount":8,"advertiserName":"Sleator Kia","isTrade":true},{"advertId":"31113581957460770","vehicleMake":"KIA","vehicleModel":"Picanto","vehicleDerivative":"EX 4DR","vehiclePriceEuro":11950,"vehicleYearOfManufacture":2012,"advertiserCounty":"Laois","isPSL":false,"privatePSL":false,"vehicleImageId":"13696ffd-c9ae-4794-9ea7-be0043d40a6f","imagecount":6,"advertiserName":"Ballybrittas Motors","isTrade":true},{"advertId":"31413517624746560","vehicleMake":"KIA","vehicleModel":"Picanto","vehicleDerivative":"EX 4DR","vehiclePriceEuro":11494,"vehicleYearOfManufacture":2012,"advertiserCounty":"Waterford","isPSL":true,"privatePSL":false,"vehicleImageId":"6b3b30fd-445d-49a0-98e7-30b7b9e5eadf","imagecount":7,"advertiserName":"John Kelly Waterford","isTrade":true},{"advertId":"32013540355835790","vehicleMake":"KIA","vehicleModel":"Picanto","vehicleDerivative":"EX 5 DR","vehiclePriceEuro":10900,"vehicleYearOfManufacture":2012,"advertiserCounty":"Kilkenny","isPSL":false,"privatePSL":false,"vehicleImageId":"f5444984-d584-484b-97b9-c53e3462da95","imagecount":9,"advertiserName":"David Buggy Motors","isTrade":true},{"advertId":"31813576408983370","vehicleMake":"KIA","vehicleModel":"Picanto","vehicleDerivative":"LX 5DR","vehiclePriceEuro":10250,"vehicleYearOfManufacture":2012,"advertiserCounty":"Dublin","isPSL":false,"privatePSL":false,"vehicleImageId":"bea666a1-5214-4d49-970c-b4f8aaeb399a","imagecount":6,"advertiserName":"Ryans Garage Limited","isTrade":true},{"advertId":"31113518674205290","vehicleMake":"KIA","vehicleModel":"Picanto","vehicleDerivative":"EX 4DR","vehiclePriceEuro":9950,"vehicleYearOfManufacture":2012,"advertiserCounty":"Kerry","isPSL":false,"privatePSL":false,"vehicleImageId":"baf904bf-e16e-44e6-9c5a-d4c20a2f43cf","imagecount":9,"advertiserName":"Des Murphy Car Sales","isTrade":true},{"advertId":"201310212771236","vehicleMake":"KIA","vehicleModel":"Picanto","vehicleDerivative":"EX 4DR","vehiclePriceEuro":10300,"vehicleYearOfManufacture":2011,"advertiserCounty":"Westmeath","isPSL":true,"privatePSL":false,"vehicleImageId":"14386472","imagecount":4,"isTrade":false},{"advertId":"30113460875650890","vehicleMake":"KIA","vehicleModel":"Picanto","vehicleDerivative":"1.0TX 5DR","vehiclePriceEuro":9500,"vehicleYearOfManufacture":2011,"advertiserCounty":"Galway","isPSL":true,"privatePSL":false,"vehicleImageId":"c4e14d02-e1fa-414b-b235-6e28218b71f0","imagecount":6,"advertiserName":"Kenny Galway","isTrade":true},{"advertId":"34113612066386800","vehicleMake":"KIA","vehicleModel":"Picanto","vehicleDerivative":"1.1 LX 5DR","vehiclePriceEuro":8975,"vehicleYearOfManufacture":2011,"advertiserCounty":"Wexford","isPSL":true,"privatePSL":false,"vehicleImageId":"7f30bb45-933e-4dc8-87d6-27eac9c6fc65","imagecount":9,"advertiserName":"Enniscorthy Motor Co. Ltd","isTrade":true},{"advertId":"31513595581600870","vehicleMake":"KIA","vehicleModel":"Picanto","vehicleDerivative":"1.0TX MY11 5DR","vehiclePriceEuro":7950,"vehicleYearOfManufacture":2011,"advertiserCounty":"Cork","isPSL":false,"privatePSL":false,"vehicleImageId":"48659438-b2da-4e7c-8211-556991184c4f","imagecount":5,"advertiserName":"Finbarr Galvin Limited","isTrade":true},{"advertId":"31813535105507070","vehicleMake":"KIA","vehicleModel":"Picanto","vehicleDerivative":"1.0TX MY11 5DR....","vehiclePriceEuro":7950,"vehicleYearOfManufacture":2011,"advertiserCounty":"Mayo","isPSL":false,"privatePSL":false,"vehicleImageId":"8b5afcc5-8ba0-4c72-abcc-4e4760c33603","imagecount":1,"advertiserName":"Edward Conway Ltd","isTrade":true},{"advertId":"201245210851181","vehicleMake":"KIA","vehicleModel":"Picanto","vehicleDerivative":"1.0 1 5DR","vehiclePriceEuro":6950,"vehicleYearOfManufacture":2011,"advertiserCounty":"Louth","isPSL":true,"privatePSL":false,"vehicleImageId":"14105290","imagecount":4,"isTrade":false},{"advertId":"34113609475079030","vehicleMake":"KIA","vehicleModel":"Picanto","vehicleDerivative":"1.1 LX 5DR","vehiclePriceEuro":0,"vehicleYearOfManufacture":2011,"advertiserCounty":"Donegal","isPSL":false,"privatePSL":false,"vehicleImageId":"64644e5a-b199-4db5-9c98-7675b990a3f2","imagecount":3,"advertiserName":"Inishowen Motors Letterkenny (Kia Nissan)","isTrade":true},{"advertId":"33413608433097040","vehicleMake":"KIA","vehicleModel":"Picanto","vehicleDerivative":"1.1 LX 5DR","vehiclePriceEuro":7500,"vehicleYearOfManufacture":2010,"advertiserCounty":"Cork","isPSL":false,"privatePSL":false,"imagecount":0,"advertiserName":"Nyhan Motors","isTrade":true},{"advertId":"5113306917293050","vehicleMake":"KIA","vehicleModel":"Picanto","vehicleDerivative":"1.1 LX 5DR (CARLOW KIA) Low Road Tax / Full Warranty/ **","vehiclePriceEuro":6995,"vehicleYearOfManufacture":2010,"advertiserCounty":"Carlow","isPSL":false,"privatePSL":false,"vehicleImageId":"3146cc9b-566e-4118-ad25-5fb519cc0eb1","imagecount":7,"advertiserName":"Carlow Kia","isTrade":true},{"advertId":"31913530758844130","vehicleMake":"KIA","vehicleModel":"Picanto","vehicleDerivative":"1.1 LX 5DR AUTO","vehiclePriceEuro":0,"vehicleYearOfManufacture":2010,"advertiserCounty":"Galway","isPSL":true,"privatePSL":false,"vehicleImageId":"89e3a522-d876-48b4-ad94-215f7cd96099","imagecount":8,"advertiserName":"Monaghan & Sons","isTrade":true},{"advertId":"31413577458550470","vehicleMake":"KIA","vehicleModel":"Picanto","vehicleDerivative":"LX 1.0 PETROL 5 DOOR","vehiclePriceEuro":7900,"vehicleYearOfManufacture":2009,"advertiserCounty":"Cork","isPSL":true,"privatePSL":false,"vehicleImageId":"d350c05c-332a-4fbe-8c48-fd8f598832a7","imagecount":7,"advertiserName":"Johnson & Perrott Motor Group (Douglas Road)","isTrade":true},{"advertId":"31813507392364410","vehicleMake":"KIA","vehicleModel":"Picanto","vehicleDerivative":"1.0 LX","vehiclePriceEuro":4950,"vehicleYearOfManufacture":2009,"advertiserCounty":"Limerick","isPSL":false,"privatePSL":false,"vehicleImageId":"b2f5f48e-f3e7-4a22-b647-399775195bbf","imagecount":6,"advertiserName":"Enterprise Cars","isTrade":true},{"advertId":"2113284614479750","vehicleMake":"KIA","vehicleModel":"Picanto","vehicleDerivative":"Lx","vehiclePriceEuro":4950,"vehicleYearOfManufacture":2009,"advertiserCounty":"Kerry","isPSL":true,"privatePSL":false,"vehicleImageId":"5ab802e0-6e38-4e0f-ab36-dbc34710cd95","imagecount":4,"advertiserName":"Cunningham Motors","isTrade":true},{"advertId":"201306212296135","vehicleMake":"KIA","vehicleModel":"Picanto","vehicleDerivative":"1.0 LX","vehiclePriceEuro":4850,"vehicleYearOfManufacture":2009,"advertiserCounty":"Roscommon","isPSL":true,"privatePSL":false,"vehicleImageId":"13978108","imagecount":9,"isTrade":false},{"advertId":"201309212649749","vehicleMake":"KIA","vehicleModel":"Picanto","vehicleDerivative":"1.0 LX","vehiclePriceEuro":4600,"vehicleYearOfManufacture":2009,"advertiserCounty":"Dublin","isPSL":true,"privatePSL":false,"vehicleImageId":"14044903","imagecount":5,"isTrade":false},{"advertId":"32013593954296380","vehicleMake":"KIA","vehicleModel":"Picanto","vehicleDerivative":"1.0 EX 5DR","vehiclePriceEuro":5950,"vehicleYearOfManufacture":2008,"advertiserCounty":"Cork","isPSL":true,"privatePSL":false,"vehicleImageId":"f6f15d2f-ad18-41d5-96c5-b4878b890301","imagecount":6,"advertiserName":"Colemans Millstreet","isTrade":true},{"advertId":"201242210533158","vehicleMake":"KIA","vehicleModel":"Picanto","vehicleDerivative":"1.0 LX","vehiclePriceEuro":5000,"vehicleYearOfManufacture":2008,"advertiserCounty":"Meath","isPSL":true,"privatePSL":false,"vehicleImageId":"14053801","imagecount":1,"isTrade":false},{"advertId":"201310212771311","vehicleMake":"KIA","vehicleModel":"Picanto","vehicleDerivative":"1.1 L 5DR","vehiclePriceEuro":4200,"vehicleYearOfManufacture":2008,"advertiserCounty":"Mayo","isPSL":true,"privatePSL":false,"vehicleImageId":"14386826","imagecount":1,"isTrade":false},{"advertId":"33413616243479180","vehicleMake":"KIA","vehicleModel":"Picanto","vehicleDerivative":"1.0 EX **ONLY 26000 Kms**","vehiclePriceEuro":5450,"vehicleYearOfManufacture":2007,"advertiserCounty":"Cork","isPSL":false,"privatePSL":false,"vehicleImageId":"42a76752-3d96-4714-90ed-6712232c26ef","imagecount":12,"advertiserName":"Motorview KIA","isTrade":true},{"advertId":"32113505778224070","vehicleMake":"KIA","vehicleModel":"Picanto","vehicleDerivative":"1.0 EX 5DR","vehiclePriceEuro":3950,"vehicleYearOfManufacture":2007,"advertiserCounty":"Wicklow","isPSL":false,"privatePSL":false,"vehicleImageId":"de6cd420-5208-4a75-9de2-afca3b7c6c8e","imagecount":11,"advertiserName":"Vartry Garage Kia","isTrade":true},{"advertId":"201246210951586","vehicleMake":"KIA","vehicleModel":"Picanto","vehiclePriceEuro":2950,"vehicleYearOfManufacture":2007,"advertiserCounty":"Louth","isPSL":true,"privatePSL":false,"imagecount":0,"isTrade":false},{"advertId":"34313608605568140","vehicleMake":"KIA","vehicleModel":"Picanto","vehicleDerivative":"1.0 LX 5DR","vehiclePriceEuro":3950,"vehicleYearOfManufacture":2006,"advertiserCounty":"Dublin","isPSL":false,"privatePSL":false,"vehicleImageId":"51e88e88-2ec0-48af-b57a-f51fe591268b","imagecount":9,"advertiserName":"Pat White Cars","isTrade":true},{"advertId":"6013352615780290","vehicleMake":"KIA","vehicleModel":"Picanto","vehicleDerivative":"sold","vehiclePriceEuro":3500,"vehicleYearOfManufacture":2006,"advertiserCounty":"Mayo","isPSL":false,"privatePSL":false,"vehicleImageId":"ab7f8bec-3011-4223-8c89-3d1410104d3a","imagecount":3,"advertiserName":"Edward Conway Ltd","isTrade":true},{"advertId":"201303211960189","vehicleMake":"KIA","vehicleModel":"Picanto","vehicleDerivative":"1.0 LX 5DR","vehiclePriceEuro":3500,"vehicleYearOfManufacture":2006,"advertiserCounty":"Dublin","isPSL":true,"privatePSL":false,"vehicleImageId":"14265232","imagecount":4,"isTrade":false},{"advertId":"201246210973918","vehicleMake":"KIA","vehicleModel":"Picanto","vehicleDerivative":"1.0 LX 5DR","vehiclePriceEuro":4500,"vehicleYearOfManufacture":2005,"advertiserCounty":"Dublin","isPSL":true,"privatePSL":false,"vehicleImageId":"14138795","imagecount":4,"isTrade":false},{"advertId":"201245210884896","vehicleMake":"KIA","vehicleModel":"Picanto","vehicleDerivative":"1.1 LX 5DR","vehiclePriceEuro":3995,"vehicleYearOfManufacture":2005,"advertiserCounty":"Dublin","isPSL":true,"privatePSL":false,"vehicleImageId":"13729133","imagecount":8,"isTrade":false},{"advertId":"34313606898439210","vehicleMake":"KIA","vehicleModel":"Picanto","vehicleDerivative":"1.0 ONLY 28000 KMS....","vehiclePriceEuro":3950,"vehicleYearOfManufacture":2005,"advertiserCounty":"Louth","isPSL":false,"privatePSL":false,"vehicleImageId":"357973be-b624-4f12-a89f-c02890e4ae95","imagecount":10,"advertiserName":"Byrne and Maguire","isTrade":true},{"advertId":"31913553491698400","vehicleMake":"KIA","vehicleModel":"Pregio","vehicleDerivative":"VAN 4 DOOR","vehiclePriceEuro":0,"vehicleYearOfManufacture":2004,"advertiserCounty":"Tipperary","isPSL":false,"privatePSL":false,"vehicleImageId":"8f61c87f-513b-4994-abe1-ad93ee4d9bdb","imagecount":7,"advertiserName":"Strang Motors Ltd","isTrade":true},{"advertId":"31513594126544450","vehicleMake":"KIA","vehicleModel":"pro_ceed","vehicleDerivative":"1.6 TX 2DR","vehiclePriceEuro":18995,"vehicleYearOfManufacture":2013,"advertiserCounty":"Mayo","isPSL":false,"privatePSL":false,"vehicleImageId":"d068acef-f2b0-4fe4-a9bd-b2b97138dc97","imagecount":2,"advertiserName":"Edward Conway Ltd","isTrade":true},{"advertId":"29613459098471420","vehicleMake":"KIA","vehicleModel":"pro_ceed","vehicleDerivative":"(1.6 TURBO DIESEL TX) CARLOW KIA ","vehiclePriceEuro":18500,"vehicleYearOfManufacture":2013,"advertiserCounty":"Carlow","isPSL":false,"privatePSL":false,"vehicleImageId":"c900c000-90c3-4f3b-aa2e-d1dd1b38f653","imagecount":3,"advertiserName":"Carlow Kia","isTrade":true},{"advertId":"5013297761715840","vehicleMake":"KIA","vehicleModel":"pro_ceed","vehicleDerivative":"PRO CEED 1.6 TX 2DR DIESEL 3DR","vehiclePriceEuro":18500,"vehicleYearOfManufacture":2012,"advertiserCounty":"Westmeath","isPSL":false,"privatePSL":false,"vehicleImageId":"71232152-d909-4798-9ac2-1f3e482fa956","imagecount":3,"advertiserName":"Sleator Kia","isTrade":true}],"totalAdvertCount":45174}