{"adverts":[{"advertId":"31113578505561150","vehicleMake":"Abarth","vehicleModel":"500","vehicleDerivative":"fiat 500 Abarth 1.4 twin . jet black only one on line  FULL FIAT HISTORY THIS IS A REAL EYE CATCHER","vehiclePriceEuro":13950,"vehicleYearOfManufacture":2010,"advertiserCounty":"Dublin","isPSL":false,"privatePSL":false,"vehicleImageId":"cc70e649-65d4-4a1b-8a55-636b83d05795","imagecount":12,"advertiserName":"BG Autos","isTrade":true},{"advertId":"27713429478217320","vehicleMake":"Abarth","vehicleDerivative":"CARS WANTED !! CARS WANTED !! PLEASE CALL !! PLEASE CALL !! 01-4433339 !! 087-9-303-707 !!!","vehiclePriceEuro":0,"vehicleYearOfManufacture":2005,"advertiserCounty":"Dublin","isPSL":false,"privatePSL":false,"vehicleImageId":"3faa4e4a-051a-44ca-8d40-1f2a7aea753c","imagecount":1,"advertiserName":"N4 Car Sales","isTrade":true},{"advertId":"28913433908493090","vehicleMake":"AC","vehicleModel":"Cobra","vehicleDerivative":"pilgrim","vehiclePriceEuro":0,"vehicleYearOfManufacture":2012,"advertiserCounty":"Wexford","isPSL":false,"privatePSL":false,"vehicleImageId":"8efb98a6-2d26-4461-b682-ec6a7b893c35","imagecount":4,"advertiserName":"Doyles Garage Wexford","isTrade":true},{"advertId":"713236781461090","vehicleMake":"Alfa Romeo","vehicleModel":"145","vehicleDerivative":"2.0 Cloverleaf","vehiclePriceEuro":2250,"vehicleYearOfManufacture":1998,"advertiserCounty":"Wicklow","isPSL":false,"privatePSL":false,"vehicleImageId":"83359d13-928e-484c-ac74-5e2f1cfcd9d5","imagecount":9,"advertiserName":"John Linnane Motors","isTrade":true},{"advertId":"201306212341173","vehicleMake":"Alfa Romeo","vehicleModel":"146","vehicleDerivative":"1.4","vehiclePriceEuro":1100,"vehicleYearOfManufacture":2000,"advertiserCounty":"Galway","isPSL":true,"privatePSL":false,"vehicleImageId":"13984671","imagecount":1,"isTrade":false},{"advertId":"33213611377136570","vehicleMake":"Alfa Romeo","vehicleModel":"146","vehicleDerivative":"ONE CAREFUL OWNER / F.S.H. / NCT FEB-14 / NEW CLUTCH / AS NEW / \"\"MUST BE SEEN\"\" / www.N4CARS.ie","vehiclePriceEuro":949,"vehicleYearOfManufacture":1999,"advertiserCounty":"Dublin","isPSL":false,"privatePSL":false,"vehicleImageId":"4eeda866-dff0-444e-bbdf-5fb6905a0592","imagecount":14,"advertiserName":"N4 Car Sales","isTrade":true},{"advertId":"201309212698609","vehicleMake":"Alfa Romeo","vehicleModel":"147","vehiclePriceEuro":10900,"vehicleYearOfManufacture":2008,"advertiserCounty":"Cork","isPSL":true,"privatePSL":false,"vehicleImageId":"14040069","imagecount":8,"isTrade":false},{"advertId":"201247211092804","vehicleMake":"Alfa Romeo","vehicleModel":"147","vehicleDerivative":"1.6 TURISMO 5DR SPORTIVO","vehiclePriceEuro":8850,"vehicleYearOfManufacture":2008,"advertiserCounty":"Offaly","isPSL":true,"privatePSL":false,"vehicleImageId":"14157516","imagecount":5,"isTrade":false},{"advertId":"713236778950840","vehicleMake":"Alfa Romeo","vehicleModel":"147","vehicleDerivative":"1.6 3DR VELOCE 3D","vehiclePriceEuro":5950,"vehicleYearOfManufacture":2007,"advertiserCounty":"Waterford","isPSL":false,"privatePSL":false,"vehicleImageId":"b2ff19f7-ccd7-4a5e-a26c-e007ae0ff266","imagecount":7,"advertiserName":"The Sweep Garage","isTrade":true},{"advertId":"31413518535240860","vehicleMake":"Alfa Romeo","vehicleModel":"147","vehicleDerivative":" 3DR VELOCE NEW 2015 NCT/ 1 LADY OWNER / SPRING SALE WAS €5,950 NOW","vehiclePriceEuro":4950,"vehicleYearOfManufacture":2007,"advertiserCounty":"Dublin","isPSL":false,"privatePSL":false,"vehicleImageId":"db72a471-44b9-4498-ac57-7dabbdf527af","imagecount":8,"advertiserName":"Webb Motors","isTrade":true},{"advertId":"201302211824455","vehicleMake":"Alfa Romeo","vehicleModel":"147","vehicleDerivative":"1.9JTD LUSSO 5DR 1.9 JTD 150BHP","vehiclePriceEuro":7850,"vehicleYearOfManufacture":2006,"advertiserCounty":"Dublin","isPSL":true,"privatePSL":false,"vehicleImageId":"13893708","imagecount":7,"isTrade":false},{"advertId":"6813370047482470","vehicleMake":"Alfa Romeo","vehicleModel":"147","vehicleDerivative":"DIESEL 50+MPG REDUCED","vehiclePriceEuro":0,"vehicleYearOfManufacture":2006,"advertiserCounty":"Dublin","isPSL":false,"privatePSL":false,"vehicleImageId":"6d9b6eb3-51da-402f-8f6d-66777ba9cee0","imagecount":8,"advertiserName":"Alan Kelly Cars","isTrade":true},{"advertId":"713236779524700","vehicleMake":"Alfa Romeo","vehicleModel":"147","vehicleDerivative":"1.6 LUSSO 5DR","vehiclePriceEuro":3495,"vehicleYearOfManufacture":2005,"advertiserCounty":"Waterford","isPSL":false,"privatePSL":false,"vehicleImageId":"59b42607-6580-48f0-b695-344519d2ee00","imagecount":9,"advertiserName":"The Sweep Garage","isTrade":true},{"advertId":"34313623149121390","vehicleMake":"Alfa Romeo","vehicleModel":"147","vehicleDerivative":"5DR / BLACK / NCT JAN-14 / ONLY 65K / VERY CAREFUL OWNER / AS NEW / \"\"MUST BE SEEN\"\" / www.N4CARS.ie","vehiclePriceEuro":3449,"vehicleYearOfManufacture":2004,"advertiserCounty":"Dublin","isPSL":false,"privatePSL":false,"vehicleImageId":"d33555df-b541-40db-a3fd-a967846811bc","imagecount":1,"advertiserName":"N4 Car Sales","isTrade":true},{"advertId":"32913609722121050","vehicleMake":"Alfa Romeo","vehicleModel":"147","vehicleDerivative":"1.6 PLUS 3DR LUSSO *LEATHER - NCT 01/14*","vehiclePriceEuro":2999,"vehicleYearOfManufacture":2004,"advertiserCounty":"Dublin","isPSL":false,"privatePSL":false,"vehicleImageId":"1184a326-70a9-4721-b796-ed68e8c01cf2","imagecount":17,"advertiserName":"Manorfield Cars Ltd Trade Connection","isTrade":true},{"advertId":"201304212136490","vehicleMake":"Alfa Romeo","vehicleModel":"147","vehicleDerivative":"1.67","vehiclePriceEuro":2750,"vehicleYearOfManufacture":2003,"advertiserCounty":"Dublin","isPSL":true,"privatePSL":false,"vehicleImageId":"14288751","imagecount":8,"isTrade":false},{"advertId":"201302211824219","vehicleMake":"Alfa Romeo","vehicleModel":"147","vehicleDerivative":"1.6 DR LUSSO","vehiclePriceEuro":2200,"vehicleYearOfManufacture":2003,"advertiserCounty":"Dublin","isPSL":true,"privatePSL":false,"vehicleImageId":"13890055","imagecount":9,"isTrade":false},{"advertId":"201304212093076","vehicleMake":"Alfa Romeo","vehicleModel":"147","vehicleDerivative":"1.6","vehiclePriceEuro":2150,"vehicleYearOfManufacture":2003,"advertiserCounty":"Westmeath","isPSL":true,"privatePSL":false,"vehicleImageId":"14284383","imagecount":3,"isTrade":false},{"advertId":"34213609236638920","vehicleMake":"Alfa Romeo","vehicleModel":"147","vehicleDerivative":"1.6 DR LUSSO","vehiclePriceEuro":1950,"vehicleYearOfManufacture":2003,"advertiserCounty":"Cork","isPSL":false,"privatePSL":false,"imagecount":0,"advertiserName":"Nyhan Motors","isTrade":true},{"advertId":"34113618283287400","vehicleMake":"Alfa Romeo","vehicleModel":"147","vehicleDerivative":"CAREFUL OWNER / NEW NCT MAR-14 / ECONOMICAL / AS NEW / \"\"MUST BE SEEN\"\" / www.N4CARS.ie","vehiclePriceEuro":2749,"vehicleYearOfManufacture":2002,"advertiserCounty":"Dublin","isPSL":false,"privatePSL":false,"vehicleImageId":"887af88f-b4f4-4867-b258-0f5f4da6a423","imagecount":1,"advertiserName":"N4 Car Sales","isTrade":true},{"advertId":"201309212674285","vehicleMake":"Alfa Romeo","vehicleModel":"147","vehicleDerivative":"1.67","vehiclePriceEuro":2199,"vehicleYearOfManufacture":2002,"advertiserCounty":"Dublin","isPSL":true,"privatePSL":false,"vehicleImageId":"14040213","imagecount":7,"isTrade":false},{"advertId":"201306212295760","vehicleMake":"Alfa Romeo","vehicleModel":"147","vehicleDerivative":"1.6 DR LUSSO","vehiclePriceEuro":2000,"vehicleYearOfManufacture":2002,"advertiserCounty":"Dublin","isPSL":true,"privatePSL":false,"imagecount":0,"isTrade":false},{"advertId":"201307212505404","vehicleMake":"Alfa Romeo","vehicleModel":"147","vehicleDerivative":"1.6 PLUS 3DR LUSSO","vehiclePriceEuro":1800,"vehicleYearOfManufacture":2002,"advertiserCounty":"Galway","isPSL":true,"privatePSL":false,"vehicleImageId":"14349993","imagecount":6,"isTrade":false},{"advertId":"5013306899829410","vehicleMake":"Alfa Romeo","vehicleModel":"147","vehicleDerivative":"1.6 T SPARK LUSSO ","vehiclePriceEuro":1700,"vehicleYearOfManufacture":2002,"advertiserCounty":"Mayo","isPSL":false,"privatePSL":false,"vehicleImageId":"a5b98dd9-219e-41c0-a516-13891feebef7","imagecount":10,"advertiserName":"Cosgraves Garage Ltd","isTrade":true},{"advertId":"201309212698536","vehicleMake":"Alfa Romeo","vehicleModel":"147","vehicleDerivative":"1.6","vehiclePriceEuro":1700,"vehicleYearOfManufacture":2002,"advertiserCounty":"Dublin","isPSL":true,"privatePSL":false,"vehicleImageId":"14378198","imagecount":6,"isTrade":false},{"advertId":"201306212295861","vehicleMake":"Alfa Romeo","vehicleModel":"147","vehicleDerivative":"1.67","vehiclePriceEuro":950,"vehicleYearOfManufacture":2002,"advertiserCounty":"Cork","isPSL":true,"privatePSL":false,"vehicleImageId":"13834707","imagecount":1,"isTrade":false},{"advertId":"201250211447960","vehicleMake":"Alfa Romeo","vehicleModel":"147","vehicleDerivative":"1.67","vehiclePriceEuro":950,"vehicleYearOfManufacture":2002,"advertiserCounty":"Cork","isPSL":true,"privatePSL":false,"vehicleImageId":"13834707","imagecount":1,"isTrade":false},{"advertId":"33213611390302970","vehicleMake":"Alfa Romeo","vehicleModel":"147","vehicleDerivative":"TOP SPEC LUSSO / NCT FEB-14 / ONLY 89k / LEATHER / AS NEW / \"\"MUST BE SEEN\"\" / www.N4CARS.ie","vehiclePriceEuro":2249,"vehicleYearOfManufacture":2001,"advertiserCounty":"Dublin","isPSL":false,"privatePSL":false,"vehicleImageId":"10972c80-5272-4b44-bced-c1e1a35196c9","imagecount":12,"advertiserName":"N4 Car Sales","isTrade":true},{"advertId":"201305212227806","vehicleMake":"Alfa Romeo","vehicleModel":"147","vehicleDerivative":"t spark","vehiclePriceEuro":1750,"vehicleYearOfManufacture":2001,"advertiserCounty":"Dublin","isPSL":true,"privatePSL":false,"vehicleImageId":"14306029","imagecount":7,"isTrade":false},{"advertId":"201303211959955","vehicleMake":"Alfa Romeo","vehicleModel":"147","vehicleDerivative":"1.6 hatchback","vehiclePriceEuro":1000,"vehicleYearOfManufacture":2001,"advertiserCounty":"Wexford","isPSL":true,"privatePSL":false,"vehicleImageId":"13906421","imagecount":3,"isTrade":false},{"advertId":"201251211518129","vehicleMake":"Alfa Romeo","vehicleModel":"156","vehicleDerivative":"1.6 TS 04DR","vehiclePriceEuro":4750,"vehicleYearOfManufacture":2006,"advertiserCounty":"Tipperary","isPSL":true,"privatePSL":false,"vehicleImageId":"13421449","imagecount":7,"isTrade":false},{"advertId":"30913475354778100","vehicleMake":"Alfa Romeo","vehicleModel":"156","vehicleDerivative":"2.4 JTD VELOCE SPORTWAGON 05D SPORT","vehiclePriceEuro":4950,"vehicleYearOfManufacture":2005,"advertiserCounty":"Wicklow","isPSL":false,"privatePSL":false,"vehicleImageId":"d5d8588c-409d-4489-a76c-0c243fb408a5","imagecount":12,"advertiserName":"Avon Motors","isTrade":true},{"advertId":"34313607616366930","vehicleMake":"Alfa Romeo","vehicleModel":"156","vehicleDerivative":"1.9 JTD MASSIVE SPEC!!","vehiclePriceEuro":3750,"vehicleYearOfManufacture":2005,"advertiserCounty":"Wexford","isPSL":false,"privatePSL":false,"vehicleImageId":"58dfbd03-743e-4d2a-bc0d-65180dc5a780","imagecount":1,"advertiserName":"ER Cars.ie (Eoin Reynolds Cars Ltd)","isTrade":true},{"advertId":"34213614689891830","vehicleMake":"Alfa Romeo","vehicleModel":"156","vehicleDerivative":"1.6 TI/LUSSO 4DR ","vehiclePriceEuro":3750,"vehicleYearOfManufacture":2005,"advertiserCounty":"Leitrim","isPSL":true,"privatePSL":false,"imagecount":0,"advertiserName":"Sean Gallagher Cars","isTrade":true},{"advertId":"201309212649820","vehicleMake":"Alfa Romeo","vehicleModel":"156","vehicleDerivative":"1.6 TI 4DR 41","vehiclePriceEuro":5500,"vehicleYearOfManufacture":2004,"advertiserCounty":"Leitrim","isPSL":true,"privatePSL":false,"vehicleImageId":"14043359","imagecount":9,"isTrade":false},{"advertId":"32913603501838190","vehicleMake":"Alfa Romeo","vehicleModel":"156","vehicleDerivative":"1.6 TI 4DR 41","vehiclePriceEuro":3999,"vehicleYearOfManufacture":2004,"advertiserCounty":"Dublin","isPSL":false,"privatePSL":false,"vehicleImageId":"cb1781df-6469-49a3-a442-8613faf48977","imagecount":4,"advertiserName":"Brians Autoworld","isTrade":true},{"advertId":"33413614010338450","vehicleMake":"Alfa Romeo","vehicleModel":"156","vehicleDerivative":"1.6 VELOCE 4DR *JOHN KEOGH CARS*","vehiclePriceEuro":3750,"vehicleYearOfManufacture":2004,"advertiserCounty":"Dublin","isPSL":false,"privatePSL":false,"vehicleImageId":"adb96094-1ffe-43fe-ab3c-daf6a1a48403","imagecount":13,"advertiserName":"John Keogh Cars","isTrade":true},{"advertId":"201247211120430","vehicleMake":"Alfa Romeo","vehicleModel":"156","vehicleDerivative":"1.9 JTD TURISMO 115BHP 04DR","vehiclePriceEuro":3500,"vehicleYearOfManufacture":2004,"advertiserCounty":"Dublin","isPSL":true,"privatePSL":false,"vehicleImageId":"12247387","imagecount":9,"isTrade":false},{"advertId":"33913604089607580","vehicleMake":"Alfa Romeo","vehicleModel":"156","vehicleDerivative":"2.0 JTS LUSSO","vehiclePriceEuro":3450,"vehicleYearOfManufacture":2004,"advertiserCounty":"Dublin","isPSL":false,"privatePSL":false,"vehicleImageId":"346286dc-3279-4b57-8a89-77b5521ab538","imagecount":6,"advertiserName":"Brians Autoworld","isTrade":true},{"advertId":"201308212547956","vehicleMake":"Alfa Romeo","vehicleModel":"156","vehicleDerivative":"1.6 TI 4DR 41","vehiclePriceEuro":2300,"vehicleYearOfManufacture":2004,"advertiserCounty":"Dublin","isPSL":true,"privatePSL":false,"vehicleImageId":"14356307","imagecount":8,"isTrade":false},{"advertId":"33913620604656710","vehicleMake":"Alfa Romeo","vehicleModel":"156","vehicleDerivative":"1.6 TI 4DR 41","vehiclePriceEuro":2250,"vehicleYearOfManufacture":2004,"advertiserCounty":"Dublin","isPSL":false,"privatePSL":false,"vehicleImageId":"f6eba13c-c297-4cda-93e9-de9b80ee1bc8","imagecount":10,"advertiserName":"Automania Dublin","isTrade":true},{"advertId":"201305212273476","vehicleMake":"Alfa Romeo","vehicleModel":"156","vehicleDerivative":"MANUFACTURE YEAR 1.6 SPORTIVO","vehiclePriceEuro":2500,"vehicleYearOfManufacture":2003,"advertiserCounty":"Dublin","isPSL":true,"privatePSL":false,"vehicleImageId":"13958943","imagecount":3,"isTrade":false},{"advertId":"201301211777209","vehicleMake":"Alfa Romeo","vehicleModel":"156","vehicleDerivative":"2.0 JTS VELOCE 04DR","vehiclePriceEuro":2500,"vehicleYearOfManufacture":2003,"advertiserCounty":"Cork","isPSL":true,"privatePSL":false,"vehicleImageId":"13874275","imagecount":8,"isTrade":false},{"advertId":"201248211193304","vehicleMake":"Alfa Romeo","vehicleModel":"156","vehicleDerivative":"MANUFACTURE YEAR 1.6 LUSSO","vehiclePriceEuro":2250,"vehicleYearOfManufacture":2003,"advertiserCounty":"Dublin","isPSL":true,"privatePSL":false,"vehicleImageId":"14174293","imagecount":5,"isTrade":false},{"advertId":"30913539412620950","vehicleMake":"Alfa Romeo","vehicleModel":"156","vehicleDerivative":"2.0 JTI LUSSO (NCT-01-2014)","vehiclePriceEuro":2195,"vehicleYearOfManufacture":2003,"advertiserCounty":"Dublin","isPSL":true,"privatePSL":false,"vehicleImageId":"94745a32-2e96-413d-be6e-fcd949aa199b","imagecount":6,"advertiserName":"Green Isle Autos Ltd.","isTrade":true},{"advertId":"201305212228196","vehicleMake":"Alfa Romeo","vehicleModel":"156","vehicleDerivative":"MANUFACTURE YEAR 1.6 SPORTIVO","vehiclePriceEuro":1800,"vehicleYearOfManufacture":2003,"advertiserCounty":"Waterford","isPSL":true,"privatePSL":false,"imagecount":0,"isTrade":false},{"advertId":"201304212115046","vehicleMake":"Alfa Romeo","vehicleModel":"156","vehicleDerivative":"MANUFACTURE YEAR 1.8 LUSSO","vehiclePriceEuro":1800,"vehicleYearOfManufacture":2003,"advertiserCounty":"Kildare","isPSL":true,"privatePSL":false,"vehicleImageId":"14285988","imagecount":9,"isTrade":false},{"advertId":"34313605825651690","vehicleMake":"Alfa Romeo","vehicleModel":"156","vehicleDerivative":"MANUFACTURE YEAR 1.6 SPORTIVO","vehiclePriceEuro":1750,"vehicleYearOfManufacture":2003,"advertiserCounty":"Cork","isPSL":false,"privatePSL":false,"vehicleImageId":"77711500-e721-47c4-abae-98bf25da7825","imagecount":6,"advertiserName":"F.M. Autos","isTrade":true},{"advertId":"201304212093072","vehicleMake":"Alfa Romeo","vehicleModel":"156","vehicleDerivative":"1.8 SPORT","vehiclePriceEuro":5550,"vehicleYearOfManufacture":2002,"advertiserCounty":"Dublin","isPSL":true,"privatePSL":false,"imagecount":0,"isTrade":false},{"advertId":"201307212457108","vehicleMake":"Alfa Romeo","vehicleModel":"156","vehicleDerivative":"1.6 T.SPARK","vehiclePriceEuro":1750,"vehicleYearOfManufacture":2002,"advertiserCounty":"Offaly","isPSL":true,"privatePSL":false,"vehicleImageId":"14005435","imagecount":4,"isTrade":false},{"advertId":"201303211982230","vehicleMake":"Alfa Romeo","vehicleModel":"156","vehicleDerivative":"MANUFACTURE YEAR 1.6 LUSSO","vehiclePriceEuro":1300,"vehicleYearOfManufacture":2002,"advertiserCounty":"Clare","isPSL":true,"privatePSL":false,"vehicleImageId":"14269689","imagecount":4,"isTrade":false},{"advertId":"201251211477918","vehicleMake":"Alfa Romeo","vehicleModel":"156","vehicleDerivative":"MANUFACTURE YEAR 1.6 LUSSO","vehiclePriceEuro":700,"vehicleYearOfManufacture":2002,"advertiserCounty":"Cavan","isPSL":true,"privatePSL":false,"vehicleImageId":"14215589","imagecount":6,"isTrade":false},{"advertId":"201245210901418","vehicleMake":"Alfa Romeo","vehicleModel":"156","vehicleDerivative":"1.6","vehiclePriceEuro":2100,"vehicleYearOfManufacture":2001,"advertiserCounty":"Dublin","isPSL":true,"privatePSL":false,"vehicleImageId":"14115503","imagecount":4,"isTrade":false},{"advertId":"201245210895357","vehicleMake":"Alfa Romeo","vehicleModel":"156","vehicleDerivative":"1.6 Twinspark","vehiclePriceEuro":1900,"vehicleYearOfManufacture":2001,"advertiserCounty":"Kilkenny","isPSL":true,"privatePSL":false,"vehicleImageId":"14114794","imagecount":5,"isTrade":false},{"advertId":"31813517807427000","vehicleMake":"Alfa Romeo","vehicleModel":"156","vehicleDerivative":"1.6","vehiclePriceEuro":900,"vehicleYearOfManufacture":2001,"advertiserCounty":"Dublin","isPSL":false,"privatePSL":false,"vehicleImageId":"6f96ce6e-7f95-4d2f-8a6b-33a6af231322","imagecount":5,"advertiserName":"Glasnevin Motor Group","isTrade":true},{"advertId":"813258423569850","vehicleMake":"Alfa Romeo","vehicleModel":"156","vehicleDerivative":"** SOLD AS IS WHERE IS NO NCT **","vehiclePriceEuro":600,"vehicleYearOfManufacture":2001,"advertiserCounty":"Dublin","isPSL":false,"privatePSL":false,"imagecount":0,"advertiserName":"Webb Motors","isTrade":true},{"advertId":"33413622925845880","vehicleMake":"Alfa Romeo","vehicleModel":"156","vehicleDerivative":"1.6 4DR MANUAL","vehiclePriceEuro":0,"vehicleYearOfManufacture":2001,"advertiserCounty":"Kildare","isPSL":false,"privatePSL":false,"vehicleImageId":"3c52d29d-abb5-440b-9178-b201011a159b","imagecount":6,"advertiserName":"Merlin Car Auctions","isTrade":true},{"advertId":"201247211120371","vehicleMake":"Alfa Romeo","vehicleModel":"156","vehicleDerivative":"tspark","vehiclePriceEuro":2000,"vehicleYearOfManufacture":2000,"advertiserCounty":"Dublin","isPSL":true,"privatePSL":false,"vehicleImageId":"14163240","imagecount":7,"isTrade":false},{"advertId":"201242210532719","vehicleMake":"Alfa Romeo","vehicleModel":"156","vehicleDerivative":"1.8","vehiclePriceEuro":1600,"vehicleYearOfManufacture":2000,"advertiserCounty":"Dublin","isPSL":true,"privatePSL":false,"vehicleImageId":"14052806","imagecount":9,"isTrade":false},{"advertId":"31513536750473130","vehicleMake":"Alfa Romeo","vehicleModel":"156","vehicleDerivative":"2.0 AUTOMATIC (NCT-06-2013","vehiclePriceEuro":1395,"vehicleYearOfManufacture":2000,"advertiserCounty":"Dublin","isPSL":true,"privatePSL":false,"vehicleImageId":"e3c5d1e3-e86c-4141-847d-91bfc01df5ae","imagecount":6,"advertiserName":"Green Isle Autos Ltd.","isTrade":true},{"advertId":"33413621796026800","vehicleMake":"Alfa Romeo","vehicleModel":"156","vehicleDerivative":"VERY CAREFUL OWNER / ONLY 105k / NCT JUN-13 / EXCELLENT CONDITION / AS NEW / \"\"MUST BE SEEN\"\" / www.N4CARS.ie","vehiclePriceEuro":1249,"vehicleYearOfManufacture":2000,"advertiserCounty":"Dublin","isPSL":false,"privatePSL":false,"vehicleImageId":"b93b737e-e91e-484d-9dd2-3ba5f944619c","imagecount":15,"advertiserName":"N4 Car Sales","isTrade":true},{"advertId":"31313491902833970","vehicleMake":"Alfa Romeo","vehicleModel":"156","vehicleDerivative":"1.8 (NCT-08-2013)","vehiclePriceEuro":1095,"vehicleYearOfManufacture":2000,"advertiserCounty":"Dublin","isPSL":true,"privatePSL":false,"vehicleImageId":"eda4e3cf-4a54-4865-9061-48f0e68c3ee1","imagecount":8,"advertiserName":"Green Isle Autos Ltd.","isTrade":true},{"advertId":"201251211518283","vehicleMake":"Alfa Romeo","vehicleModel":"156","vehicleDerivative":"1.6","vehiclePriceEuro":1050,"vehicleYearOfManufacture":2000,"advertiserCounty":"Dublin","isPSL":true,"privatePSL":false,"vehicleImageId":"13871869","imagecount":8,"isTrade":false},{"advertId":"201303211982217","vehicleMake":"Alfa Romeo","vehicleModel":"156","vehicleDerivative":"1.6","vehiclePriceEuro":850,"vehicleYearOfManufacture":2000,"advertiserCounty":"Dublin","isPSL":true,"privatePSL":false,"vehicleImageId":"14269556","imagecount":2,"isTrade":false},{"advertId":"201303211982390","vehicleMake":"Alfa Romeo","vehicleModel":"156","vehicleDerivative":"2.0","vehiclePriceEuro":2165,"vehicleYearOfManufacture":1999,"advertiserCounty":"Dublin","isPSL":true,"privatePSL":false,"vehicleImageId":"14269978","imagecount":7,"isTrade":false},{"advertId":"19313412238938120","vehicleMake":"Alfa Romeo","vehicleModel":"156","vehicleDerivative":"1.8 (NCT 01-2014)","vehiclePriceEuro":995,"vehicleYearOfManufacture":1999,"advertiserCounty":"Dublin","isPSL":true,"privatePSL":false,"vehicleImageId":"85fe5e5a-1f6c-4323-9088-9fdea61d22f8","imagecount":8,"advertiserName":"Green Isle Autos Ltd.","isTrade":true},{"advertId":"201307212457152","vehicleMake":"Alfa Romeo","vehicleModel":"156","vehiclePriceEuro":600,"vehicleYearOfManufacture":1999,"advertiserCounty":"Galway","isPSL":true,"privatePSL":false,"vehicleImageId":"14002955","imagecount":3,"isTrade":false},{"advertId":"201307212433104","vehicleMake":"Alfa Romeo","vehicleModel":"159","vehicleDerivative":"1.9 JTDM 4DR 8V EXECUTIVE","vehiclePriceEuro":16900,"vehicleYearOfManufacture":2010,"advertiserCounty":"Dublin","isPSL":true,"privatePSL":false,"vehicleImageId":"14006759","imagecount":6,"isTrade":false},{"advertId":"32913596333131260","vehicleMake":"Alfa Romeo","vehicleModel":"159","vehicleDerivative":"1.9 JTDM 8V EXECUTIVE","vehiclePriceEuro":11995,"vehicleYearOfManufacture":2009,"advertiserCounty":"Dublin","isPSL":true,"privatePSL":false,"vehicleImageId":"834613d9-4c45-423b-b81e-c21488e66ef9","imagecount":4,"advertiserName":"A S Cars","isTrade":true},{"advertId":"201309212673936","vehicleMake":"Alfa Romeo","vehicleModel":"159","vehicleDerivative":"1.8 MPI SPORTIVO","vehiclePriceEuro":9950,"vehicleYearOfManufacture":2009,"advertiserCounty":"Limerick","isPSL":true,"privatePSL":false,"vehicleImageId":"14374591","imagecount":9,"isTrade":false},{"advertId":"33213611404919610","vehicleMake":"Alfa Romeo","vehicleModel":"159","vehicleDerivative":"DIESEL / ** FINANCE AVAILABLE ** / ONLY 54k / 1.9 TURISMO / JTDM 8V DIESEL / NCT JUN-14 / ONE CAREFUL OWNER / IMMACULATE / ECONOMICAL / RELIABLE / AS NEW / \"\"MUST BE SEEN\"\" / www.N4CARS.ie","vehiclePriceEuro":13949,"vehicleYearOfManufacture":2008,"advertiserCounty":"Dublin","isPSL":false,"privatePSL":false,"vehicleImageId":"b81a1379-4cfb-4b49-a526-5f516d0416ab","imagecount":16,"advertiserName":"N4 Car Sales","isTrade":true},{"advertId":"201306212314260","vehicleMake":"Alfa Romeo","vehicleModel":"159","vehicleDerivative":"ALFA SW ROMEO 1.9 LUSSO JTDM 16V","vehiclePriceEuro":13450,"vehicleYearOfManufacture":2008,"advertiserCounty":"Cork","isPSL":true,"privatePSL":false,"vehicleImageId":"14320107","imagecount":3,"isTrade":false},{"advertId":"34113612008868710","vehicleMake":"Alfa Romeo","vehicleModel":"159","vehicleDerivative":"JTD Qtronic ti, Heated Leather","vehiclePriceEuro":12950,"vehicleYearOfManufacture":2008,"advertiserCounty":"Dublin","isPSL":true,"privatePSL":false,"vehicleImageId":"d2bab7bf-bb78-4b69-a66d-737f165c9169","imagecount":10,"advertiserName":"Deerpark Motor Company","isTrade":true},{"advertId":"201249211259350","vehicleMake":"Alfa Romeo","vehicleModel":"159","vehicleDerivative":"1.8 MPI SPORTIVO","vehiclePriceEuro":8250,"vehicleYearOfManufacture":2008,"advertiserCounty":"Meath","isPSL":true,"privatePSL":false,"vehicleImageId":"14184909","imagecount":8,"isTrade":false},{"advertId":"34313611406316130","vehicleMake":"Alfa Romeo","vehicleModel":"159","vehicleDerivative":"DIESEL / ** FINANCE AVAILABLE ** / ONLY 54k / 1.9 TURISMO / JTDM 8V DIESEL / NCT JUN-14 / ONE CAREFUL OWNER / IMMACULATE / ECONOMICAL / RELIABLE / AS NEW / \"\"MUST BE SEEN\"\" / www.N4CARS.ie","vehiclePriceEuro":0,"vehicleYearOfManufacture":2008,"advertiserCounty":"Dublin","isPSL":false,"privatePSL":false,"vehicleImageId":"50e76567-b3b7-4016-93b5-6585f5dad193","imagecount":16,"advertiserName":"N4 Car Sales","isTrade":true},{"advertId":"31113589638816360","vehicleMake":"Alfa Romeo","vehicleModel":"159","vehicleDerivative":"2.4 JTD Sportivo - 200bhp - 1 Owner - Low Mileage - NCT 02/15 - Trade Ins Welcome / Scrappage Deals Available / Finance Arranged","vehiclePriceEuro":9950,"vehicleYearOfManufacture":2007,"advertiserCounty":"Dublin","isPSL":false,"privatePSL":false,"vehicleImageId":"9423c045-4503-4330-936d-e4f4636398c1","imagecount":11,"advertiserName":"Naas Road Autos","isTrade":true},{"advertId":"31913598121627690","vehicleMake":"Alfa Romeo","vehicleModel":"159","vehicleDerivative":"1.9 JTS SPORTIVO","vehiclePriceEuro":8950,"vehicleYearOfManufacture":2007,"advertiserCounty":"Dublin","isPSL":true,"privatePSL":false,"vehicleImageId":"a3e9f779-f946-499e-9239-093d34b468ff","imagecount":9,"advertiserName":"Murphy Doyle","isTrade":true},{"advertId":"201306212356347","vehicleMake":"Alfa Romeo","vehicleModel":"159","vehicleDerivative":"1.8 MPI TURISMO","vehiclePriceEuro":8500,"vehicleYearOfManufacture":2007,"advertiserCounty":"Leitrim","isPSL":true,"privatePSL":false,"vehicleImageId":"14329548","imagecount":2,"isTrade":false},{"advertId":"201305212182377","vehicleMake":"Alfa Romeo","vehicleModel":"159","vehicleDerivative":"2.2 JTS SPORTIVO","vehiclePriceEuro":8450,"vehicleYearOfManufacture":2007,"advertiserCounty":"Dublin","isPSL":true,"privatePSL":true,"vehicleImageId":"14296628","imagecount":9,"isTrade":false},{"advertId":"33413624117933300","vehicleMake":"Alfa Romeo","vehicleModel":"159","vehicleDerivative":"1.9 JTS SPORTIVO","vehiclePriceEuro":8350,"vehicleYearOfManufacture":2007,"advertiserCounty":"Galway","isPSL":true,"privatePSL":false,"vehicleImageId":"9bf80fbc-9c35-4b17-8b20-cd5391360f26","imagecount":2,"advertiserName":"Monaghan & Sons","isTrade":true},{"advertId":"34213623942333050","vehicleMake":"Alfa Romeo","vehicleModel":"159","vehicleDerivative":"1.9 DIESEL JTS SPORTIVO","vehiclePriceEuro":8350,"vehicleYearOfManufacture":2007,"advertiserCounty":"Galway","isPSL":true,"privatePSL":false,"vehicleImageId":"ba8fc8bd-e0a6-4e1e-ac7d-4d65a2963222","imagecount":8,"advertiserName":"Monaghan & Sons","isTrade":true},{"advertId":"201245210905709","vehicleMake":"Alfa Romeo","vehicleModel":"159","vehicleDerivative":"2.2 JTS SPORTIVO","vehiclePriceEuro":7950,"vehicleYearOfManufacture":2007,"advertiserCounty":"Galway","isPSL":true,"privatePSL":false,"vehicleImageId":"14123439","imagecount":3,"isTrade":false},{"advertId":"30913486665879550","vehicleMake":"Alfa Romeo","vehicleModel":"159","vehicleDerivative":"1.8 VOLOCE VELOCE","vehiclePriceEuro":7750,"vehicleYearOfManufacture":2007,"advertiserCounty":"Wexford","isPSL":false,"privatePSL":false,"vehicleImageId":"b5284ea4-ee9c-446a-ae8b-974b8d1998b3","imagecount":6,"advertiserName":"Slaney View Motors Ltd","isTrade":true},{"advertId":"34313614676877880","vehicleMake":"Alfa Romeo","vehicleModel":"159","vehicleDerivative":"1.8 turismo as new","vehiclePriceEuro":6995,"vehicleYearOfManufacture":2007,"advertiserCounty":"Wexford","isPSL":false,"privatePSL":false,"vehicleImageId":"2e945958-5dbd-441d-a1e5-b4717f5cc055","imagecount":3,"advertiserName":"Tom Moran & Sons Ltd","isTrade":true},{"advertId":"31813575841002330","vehicleMake":"Alfa Romeo","vehicleModel":"159","vehicleDerivative":"1.8 MPI TURISMO FINANCE ARRANGED IN 1 HOUR..MEGA SPEC..","vehiclePriceEuro":6950,"vehicleYearOfManufacture":2007,"advertiserCounty":"Dublin","isPSL":true,"privatePSL":false,"vehicleImageId":"f6815059-6bd2-4cf2-a77a-4a2a16adf37a","imagecount":17,"advertiserName":"Sarsfield Motor Company S.C.R. Kilmainham","isTrade":true},{"advertId":"31113585280998330","vehicleMake":"Alfa Romeo","vehicleModel":"159","vehicleDerivative":"sold","vehiclePriceEuro":6450,"vehicleYearOfManufacture":2007,"advertiserCounty":"Dublin","isPSL":false,"privatePSL":false,"vehicleImageId":"b5c53b74-8b06-40c1-8b8f-5ac8549c1b3c","imagecount":9,"advertiserName":"O`Hara Cars","isTrade":true},{"advertId":"31913572955486270","vehicleMake":"Alfa Romeo","vehicleModel":"159","vehicleDerivative":"1.9 JTS SPORTIVO","vehiclePriceEuro":7500,"vehicleYearOfManufacture":2006,"advertiserCounty":"Monaghan","isPSL":false,"privatePSL":false,"vehicleImageId":"73ae4314-77a5-4107-ab8d-48ca725c1ce4","imagecount":12,"advertiserName":"McGuigan Motors","isTrade":true},{"advertId":"201302211870407","vehicleMake":"Alfa Romeo","vehicleModel":"159","vehicleDerivative":"1.9JTD SPORTIVO 1.9 JTD 16V","vehiclePriceEuro":7000,"vehicleYearOfManufacture":2006,"advertiserCounty":"Dublin","isPSL":true,"privatePSL":false,"vehicleImageId":"14254265","imagecount":9,"isTrade":false},{"advertId":"201245210915874","vehicleMake":"Alfa Romeo","vehicleModel":"159","vehicleDerivative":"2.4 JTDm Lusso","vehiclePriceEuro":5450,"vehicleYearOfManufacture":2006,"advertiserCounty":"Wexford","isPSL":true,"privatePSL":false,"vehicleImageId":"14125381","imagecount":3,"isTrade":false},{"advertId":"201245210901432","vehicleMake":"Alfa Romeo","vehicleModel":"166","vehicleDerivative":"ALFA 2.0","vehiclePriceEuro":2200,"vehicleYearOfManufacture":2004,"advertiserCounty":"Laois","isPSL":true,"privatePSL":false,"imagecount":0,"isTrade":false},{"advertId":"201307212505441","vehicleMake":"Alfa Romeo","vehicleModel":"166","vehicleDerivative":"V6 SPORTRONIC","vehiclePriceEuro":2500,"vehicleYearOfManufacture":2002,"advertiserCounty":"Donegal","isPSL":true,"privatePSL":false,"vehicleImageId":"14350048","imagecount":6,"isTrade":false},{"advertId":"31913593757117670","vehicleMake":"Alfa Romeo","vehicleModel":"166","vehicleDerivative":"2.0 (NCT-06-2013-TAX-03-13)","vehiclePriceEuro":1995,"vehicleYearOfManufacture":2002,"advertiserCounty":"Dublin","isPSL":true,"privatePSL":false,"vehicleImageId":"e4ab2bef-9a77-4666-8dfb-161687647bc3","imagecount":8,"advertiserName":"Green Isle Autos Ltd.","isTrade":true},{"advertId":"6913376999091500","vehicleMake":"Alfa Romeo","vehicleModel":"166","vehicleDerivative":"2.0 Leather Seats (NCT-02-2013)","vehiclePriceEuro":1995,"vehicleYearOfManufacture":2002,"advertiserCounty":"Dublin","isPSL":true,"privatePSL":false,"vehicleImageId":"f288c9f9-f733-4b6c-96f6-b8e32a664ccf","imagecount":6,"advertiserName":"Green Isle Autos Ltd.","isTrade":true},{"advertId":"201245210884633","vehicleMake":"Alfa Romeo","vehicleModel":"166","vehicleDerivative":"1663.0V6 24V SPORTRONIC 04DR E","vehiclePriceEuro":1950,"vehicleYearOfManufacture":2002,"advertiserCounty":"Dublin","isPSL":true,"privatePSL":false,"vehicleImageId":"14106574","imagecount":8,"isTrade":false},{"advertId":"201251211494646","vehicleMake":"Alfa Romeo","vehicleModel":"166","vehiclePriceEuro":1200,"vehicleYearOfManufacture":2000,"advertiserCounty":"Waterford","isPSL":true,"privatePSL":false,"vehicleImageId":"14216858","imagecount":7,"isTrade":false},{"advertId":"201248211179750","vehicleMake":"Alfa Romeo","vehicleModel":"166","vehicleDerivative":"ALFA 2.0","vehiclePriceEuro":500,"vehicleYearOfManufacture":2000,"advertiserCounty":"Dublin","isPSL":true,"privatePSL":false,"vehicleImageId":"12808390","imagecount":4,"isTrade":false},{"advertId":"201245210846202","vehicleMake":"Alfa Romeo","vehicleModel":"Brera","vehicleDerivative":"3.2 4X4 COUPE","vehiclePriceEuro":13995,"vehicleYearOfManufacture":2007,"advertiserCounty":"Dublin","isPSL":true,"privatePSL":false,"vehicleImageId":"14103740","imagecount":8,"isTrade":false},{"advertId":"201244210763219","vehicleMake":"Alfa Romeo","vehicleModel":"Brera","vehicleDerivative":"3.2 4X4 COUPE","vehiclePriceEuro":7950,"vehicleYearOfManufacture":2006,"advertiserCounty":"Dublin","isPSL":true,"privatePSL":false,"vehicleImageId":"14091558","imagecount":7,"isTrade":false},{"advertId":"713238781046300","vehicleMake":"Alfa Romeo","vehicleModel":"Giulietta","vehicleDerivative":"Veloce 1.6 Jtd 105 Bhp","vehiclePriceEuro":27895,"vehicleYearOfManufacture":2013,"advertiserCounty":"Monaghan","isPSL":false,"privatePSL":false,"vehicleImageId":"9fb74c37-ab36-4a39-8b16-77ddef43e735","imagecount":9,"advertiserName":"McGuigan Motors","isTrade":true},{"advertId":"30813513414379290","vehicleMake":"Alfa Romeo","vehicleModel":"Giulietta","vehicleDerivative":"1.6 JTD Veloce","vehiclePriceEuro":27600,"vehicleYearOfManufacture":2013,"advertiserCounty":"Monaghan","isPSL":false,"privatePSL":false,"vehicleImageId":"93c759cc-7ba0-4d4f-b12d-46983645c9b3","imagecount":11,"advertiserName":"McGuigan Motors","isTrade":true}],"totalAdvertCount":45174}