{"adverts":[{"advertId":"201251211518213","vehicleMake":"Mercedes-Benz","vehicleModel":"230","vehiclePriceEuro":4500,"vehicleYearOfManufacture":1988,"advertiserCounty":"Dublin","isPSL":true,"privatePSL":false,"vehicleImageId":"13845141","imagecount":9,"isTrade":false},{"advertId":"201245210905650","vehicleMake":"Mercedes-Benz","vehicleModel":"230","vehicleDerivative":"Mercedes 230CE W123","vehiclePriceEuro":3800,"vehicleYearOfManufacture":1985,"advertiserCounty":"Wicklow","isPSL":true,"privatePSL":false,"vehicleImageId":"14241388","imagecount":7,"isTrade":false},{"advertId":"201246210981057","vehicleMake":"Mercedes-Benz","vehicleModel":"230","vehicleDerivative":"CE AUTO","vehiclePriceEuro":2000,"vehicleYearOfManufacture":1985,"advertiserCounty":"Dublin","isPSL":true,"privatePSL":false,"vehicleImageId":"11992393","imagecount":9,"isTrade":false},{"advertId":"201308212553724","vehicleMake":"Mercedes-Benz","vehicleModel":"230","vehicleDerivative":"E","vehiclePriceEuro":2950,"vehicleYearOfManufacture":1983,"advertiserCounty":"Dublin","isPSL":true,"privatePSL":false,"imagecount":0,"isTrade":false},{"advertId":"201243210677647","vehicleMake":"Mercedes-Benz","vehicleModel":"230","vehicleDerivative":"Hearse  (W123) 1977 Classic, Duffy Built","vehiclePriceEuro":2495,"vehicleYearOfManufacture":1977,"advertiserCounty":"Dublin","isPSL":true,"privatePSL":false,"vehicleImageId":"14079625","imagecount":9,"isTrade":false},{"advertId":"201308212553740","vehicleMake":"Mercedes-Benz","vehicleModel":"230","vehicleDerivative":"230.4","vehiclePriceEuro":7950,"vehicleYearOfManufacture":1975,"advertiserCounty":"Dublin","isPSL":true,"privatePSL":false,"imagecount":0,"isTrade":false},{"advertId":"31913567869833060","vehicleMake":"Mercedes-Benz","vehicleModel":"230","vehicleDerivative":"Fintail Classic Car 4Door Manual/Power Steering","vehiclePriceEuro":12995,"vehicleYearOfManufacture":1966,"advertiserCounty":"Dublin","isPSL":false,"privatePSL":false,"imagecount":0,"advertiserName":"Dermot Wallace Motors","isTrade":true},{"advertId":"201246210950304","vehicleMake":"Mercedes-Benz","vehicleModel":"240","vehicleDerivative":"C240","vehiclePriceEuro":6950,"vehicleYearOfManufacture":2003,"advertiserCounty":"Kildare","isPSL":true,"privatePSL":false,"vehicleImageId":"14133147","imagecount":9,"isTrade":false},{"advertId":"201250211390570","vehicleMake":"Mercedes-Benz","vehicleModel":"240","vehicleDerivative":"E-Class A V6","vehiclePriceEuro":3500,"vehicleYearOfManufacture":2002,"advertiserCounty":"Dublin","isPSL":true,"privatePSL":false,"vehicleImageId":"14203861","imagecount":5,"isTrade":false},{"advertId":"31113533359413110","vehicleMake":"Mercedes-Benz","vehicleModel":"250","vehicleDerivative":"E 250 CDi Blueefficency - SOLD","vehiclePriceEuro":46950,"vehicleYearOfManufacture":2012,"advertiserCounty":"Meath","isPSL":false,"privatePSL":false,"vehicleImageId":"abeecafd-af65-4802-b646-a0e38dfa1332","imagecount":8,"advertiserName":"John Kelly Motor Co.","isTrade":true},{"advertId":"201246210995409","vehicleMake":"Mercedes-Benz","vehicleModel":"280","vehicleDerivative":"avantgarde","vehiclePriceEuro":24750,"vehicleYearOfManufacture":2008,"advertiserCounty":"Limerick","isPSL":true,"privatePSL":false,"vehicleImageId":"13302959","imagecount":9,"isTrade":false},{"advertId":"201245210884950","vehicleMake":"Mercedes-Benz","vehicleModel":"280","vehicleDerivative":"CE W123 series","vehiclePriceEuro":20000,"vehicleYearOfManufacture":1980,"advertiserCounty":"Donegal","isPSL":true,"privatePSL":false,"vehicleImageId":"14111654","imagecount":1,"isTrade":false},{"advertId":"201305212204861","vehicleMake":"Mercedes-Benz","vehicleModel":"280","vehicleDerivative":"CE 2DR","vehiclePriceEuro":5000,"vehicleYearOfManufacture":1978,"advertiserCounty":"Donegal","isPSL":true,"privatePSL":false,"vehicleImageId":"13946567","imagecount":4,"isTrade":false},{"advertId":"201306212363515","vehicleMake":"Mercedes-Benz","vehicleModel":"280","vehicleDerivative":"se","vehiclePriceEuro":4250,"vehicleYearOfManufacture":1977,"advertiserCounty":"Dublin","isPSL":true,"privatePSL":false,"vehicleImageId":"13982671","imagecount":8,"isTrade":false},{"advertId":"33913612034335750","vehicleMake":"Mercedes-Benz","vehicleModel":"280","vehicleDerivative":"SE 4DR A","vehiclePriceEuro":0,"vehicleYearOfManufacture":1975,"advertiserCounty":"Meath","isPSL":false,"privatePSL":false,"vehicleImageId":"0b75578c-896f-429c-951c-39eca6d4dca6","imagecount":10,"advertiserName":"Ideal Cars","isTrade":true},{"advertId":"201242210532777","vehicleMake":"Mercedes-Benz","vehicleModel":"280","vehicleDerivative":"SE 4DR A","vehiclePriceEuro":3300,"vehicleYearOfManufacture":1974,"advertiserCounty":"Galway","isPSL":true,"privatePSL":false,"vehicleImageId":"14053130","imagecount":6,"isTrade":false},{"advertId":"201245210905465","vehicleMake":"Mercedes-Benz","vehicleModel":"300","vehicleDerivative":"24v Sportline","vehiclePriceEuro":2950,"vehicleYearOfManufacture":1992,"advertiserCounty":"Dublin","isPSL":true,"privatePSL":false,"vehicleImageId":"12318741","imagecount":6,"isTrade":false},{"advertId":"6413372409474010","vehicleMake":"Mercedes-Benz","vehicleModel":"300","vehicleDerivative":"Auto 6.3 V8 Auto","vehiclePriceEuro":0,"vehicleYearOfManufacture":1970,"advertiserCounty":"Dublin","isPSL":false,"privatePSL":false,"vehicleImageId":"8a8cb2a9-c3bc-4c49-9644-5daeb003fa22","imagecount":16,"advertiserName":"Dermot Wallace Motors","isTrade":true},{"advertId":"201306212340971","vehicleMake":"Mercedes-Benz","vehicleModel":"320","vehicleDerivative":"E320 CDi Elegance A","vehiclePriceEuro":7250,"vehicleYearOfManufacture":2004,"advertiserCounty":"Tipperary","isPSL":true,"privatePSL":false,"vehicleImageId":"13987717","imagecount":4,"isTrade":false},{"advertId":"201309212674232","vehicleMake":"Mercedes-Benz","vehicleModel":"320","vehiclePriceEuro":6950,"vehicleYearOfManufacture":1994,"advertiserCounty":"Dublin","isPSL":true,"privatePSL":false,"vehicleImageId":"14040330","imagecount":9,"isTrade":false},{"advertId":"201301211800592","vehicleMake":"Mercedes-Benz","vehicleModel":"320","vehicleDerivative":"E320","vehiclePriceEuro":2250,"vehicleYearOfManufacture":1994,"advertiserCounty":"Dublin","isPSL":true,"privatePSL":false,"vehicleImageId":"14316926","imagecount":9,"isTrade":false},{"advertId":"30913511494922430","vehicleMake":"Mercedes-Benz","vehicleModel":"320","vehicleDerivative":"CE 24V 02DR A","vehiclePriceEuro":25000,"vehicleYearOfManufacture":1993,"advertiserCounty":"Dublin","isPSL":false,"privatePSL":false,"vehicleImageId":"2eaadb1c-579f-4c0b-8d71-802ba5e86498","imagecount":18,"advertiserName":"Dermot Wallace Motors","isTrade":true},{"advertId":"201309212722868","vehicleMake":"Mercedes-Benz","vehicleModel":"350","vehicleDerivative":"SL","vehiclePriceEuro":12000,"vehicleYearOfManufacture":1973,"advertiserCounty":"Dublin","isPSL":true,"privatePSL":false,"imagecount":0,"isTrade":false},{"advertId":"201247211120379","vehicleMake":"Mercedes-Benz","vehicleModel":"380","vehicleDerivative":"roadster","vehiclePriceEuro":11250,"vehicleYearOfManufacture":1980,"advertiserCounty":"Dublin","isPSL":true,"privatePSL":false,"vehicleImageId":"14163299","imagecount":5,"isTrade":false},{"advertId":"6613389372845550","vehicleMake":"Mercedes-Benz","vehicleModel":"420","vehicleDerivative":"CL","vehiclePriceEuro":4500,"vehicleYearOfManufacture":1997,"advertiserCounty":"Tipperary","isPSL":false,"privatePSL":false,"vehicleImageId":"4645c1f1-d8f3-480f-ad66-118929d4a079","imagecount":8,"advertiserName":"Strang Motors Ltd","isTrade":true},{"advertId":"201309212689361","vehicleMake":"Mercedes-Benz","vehicleModel":"450","vehicleDerivative":"slc","vehiclePriceEuro":9000,"vehicleYearOfManufacture":1980,"advertiserCounty":"Cork","isPSL":true,"privatePSL":false,"vehicleImageId":"14377042","imagecount":5,"isTrade":false},{"advertId":"201302211914453","vehicleMake":"Mercedes-Benz","vehicleModel":"450","vehicleDerivative":"SEL","vehiclePriceEuro":6500,"vehicleYearOfManufacture":1980,"advertiserCounty":"Dublin","isPSL":true,"privatePSL":false,"vehicleImageId":"14259695","imagecount":5,"isTrade":false},{"advertId":"6113331037274650","vehicleMake":"Mercedes-Benz","vehicleModel":"450","vehicleDerivative":"AUTO (CLASSIC ROAD TAX / INSURANCE ) ","vehiclePriceEuro":6950,"vehicleYearOfManufacture":1979,"advertiserCounty":"Dublin","isPSL":true,"privatePSL":false,"vehicleImageId":"ba4f08f7-a3a2-4edd-8c15-268bc51112a5","imagecount":5,"advertiserName":"Lambe & O'Connor Car Sales","isTrade":true},{"advertId":"201245210901380","vehicleMake":"Mercedes-Benz","vehicleModel":"500","vehicleDerivative":"sport","vehiclePriceEuro":8500,"vehicleYearOfManufacture":2001,"advertiserCounty":"Dublin","isPSL":true,"privatePSL":false,"vehicleImageId":"14115614","imagecount":7,"isTrade":false},{"advertId":"32013594731992710","vehicleMake":"Mercedes-Benz","vehicleModel":"500","vehicleDerivative":"CL AUTO.","vehiclePriceEuro":10000,"vehicleYearOfManufacture":1998,"advertiserCounty":"Meath","isPSL":false,"privatePSL":false,"vehicleImageId":"a9cff690-620e-46a7-95ac-fc28baa0d5ad","imagecount":8,"advertiserName":"John Kelly Motor Co.","isTrade":true},{"advertId":"201244210762824","vehicleMake":"Mercedes-Benz","vehicleModel":"500","vehicleDerivative":"SEC AUTO","vehiclePriceEuro":5000,"vehicleYearOfManufacture":1989,"advertiserCounty":"Dublin","isPSL":true,"privatePSL":false,"vehicleImageId":"14091480","imagecount":9,"isTrade":false},{"advertId":"32113553991975690","vehicleMake":"Mercedes-Benz","vehicleModel":"A-Class","vehicleDerivative":"180 Cdi --AMG PACKAGE--","vehiclePriceEuro":35950,"vehicleYearOfManufacture":2013,"advertiserCounty":"Dublin","isPSL":true,"privatePSL":false,"vehicleImageId":"1d4d90b5-3800-4b0b-aa28-c66393bf9230","imagecount":17,"advertiserName":"Bradys Mercedes-Benz (Dublin) Ltd","isTrade":true},{"advertId":"34213613704302590","vehicleMake":"Mercedes-Benz","vehicleModel":"A-Class","vehicleDerivative":"A180 CDI","vehiclePriceEuro":35688,"vehicleYearOfManufacture":2013,"advertiserCounty":"Cork","isPSL":true,"privatePSL":false,"vehicleImageId":"05ada038-9ad8-41e0-bc54-10ab6f83e128","imagecount":16,"advertiserName":"MSL Cork (located @ EastGate)","isTrade":true},{"advertId":"31813559998782850","vehicleMake":"Mercedes-Benz","vehicleModel":"A-Class","vehicleDerivative":"URBAN TRIM WITH EXCLUSIVE PACK!!STUNNING.","vehiclePriceEuro":35500,"vehicleYearOfManufacture":2013,"advertiserCounty":"Wexford","isPSL":false,"privatePSL":false,"vehicleImageId":"3f390687-2903-48ed-ba18-036af33feb17","imagecount":11,"advertiserName":"Donohoe Mercedes Benz","isTrade":true},{"advertId":"31813596416031750","vehicleMake":"Mercedes-Benz","vehicleModel":"A-Class","vehicleDerivative":"180 CDI AMG SPORT","vehiclePriceEuro":35314,"vehicleYearOfManufacture":2013,"advertiserCounty":"Dublin","isPSL":true,"privatePSL":false,"vehicleImageId":"2b69abc5-d00d-4ea6-a27b-c64ddb4f2442","imagecount":9,"advertiserName":"Park Motors Mercedes (MSL)","isTrade":true},{"advertId":"31813584195246090","vehicleMake":"Mercedes-Benz","vehicleModel":"A-Class","vehicleDerivative":"AUTO - URBAN TRIM - REVERSING CAMERA","vehiclePriceEuro":34795,"vehicleYearOfManufacture":2013,"advertiserCounty":"Wexford","isPSL":false,"privatePSL":false,"vehicleImageId":"2493f452-0332-49d2-a900-c8d560b02cbc","imagecount":10,"advertiserName":"Donohoe Mercedes Benz","isTrade":true},{"advertId":"31813578278797270","vehicleMake":"Mercedes-Benz","vehicleModel":"A-Class","vehicleDerivative":"A 180 cdi auto urban","vehiclePriceEuro":34250,"vehicleYearOfManufacture":2013,"advertiserCounty":"Dublin","isPSL":true,"privatePSL":false,"imagecount":0,"advertiserName":"Denis Mahony Mercedes Benz (M50)","isTrade":true},{"advertId":"31413584417102930","vehicleMake":"Mercedes-Benz","vehicleModel":"A-Class","vehicleDerivative":"A180 CDI AUTO urban","vehiclePriceEuro":34250,"vehicleYearOfManufacture":2013,"advertiserCounty":"Dublin","isPSL":true,"privatePSL":false,"vehicleImageId":"9af61286-62d5-41a6-91ad-d0a178af0fd8","imagecount":9,"advertiserName":"Denis Mahony Mercedes Benz (M50)","isTrade":true},{"advertId":"33913618914804260","vehicleMake":"Mercedes-Benz","vehicleModel":"A-Class","vehicleDerivative":"A 180 CDI AMG Styling ","vehiclePriceEuro":34243,"vehicleYearOfManufacture":2013,"advertiserCounty":"Dublin","isPSL":true,"privatePSL":false,"vehicleImageId":"293231a4-9405-41c9-82be-d0b02ba201b2","imagecount":15,"advertiserName":"Ballsbridge Motors Mercedes (MSL)","isTrade":true},{"advertId":"31413587654434700","vehicleMake":"Mercedes-Benz","vehicleModel":"A-Class","vehicleDerivative":"A 180 CDI AMG Sport","vehiclePriceEuro":33948,"vehicleYearOfManufacture":2013,"advertiserCounty":"Laois","isPSL":false,"privatePSL":false,"vehicleImageId":"394e7b89-449c-46d6-9fef-9ad8fe9d2027","imagecount":12,"advertiserName":"Michael Moore Portarlington","isTrade":true},{"advertId":"33913618825530150","vehicleMake":"Mercedes-Benz","vehicleModel":"A-Class","vehicleDerivative":"A 180 AMG SPORT 5DR","vehiclePriceEuro":33850,"vehicleYearOfManufacture":2013,"advertiserCounty":"Dublin","isPSL":true,"privatePSL":false,"vehicleImageId":"45fef9a7-6980-4604-85cf-d0131311cb0a","imagecount":14,"advertiserName":"Ballsbridge Motors Mercedes (MSL)","isTrade":true},{"advertId":"34013615296855990","vehicleMake":"Mercedes-Benz","vehicleModel":"A-Class","vehicleDerivative":"A 180 cdi auto urban","vehiclePriceEuro":33850,"vehicleYearOfManufacture":2013,"advertiserCounty":"Dublin","isPSL":true,"privatePSL":false,"imagecount":0,"advertiserName":"Denis Mahony Mercedes Benz (M50)","isTrade":true},{"advertId":"31113594594321780","vehicleMake":"Mercedes-Benz","vehicleModel":"A-Class","vehicleDerivative":"180 Cdi --AMG SPORTS--","vehiclePriceEuro":33645,"vehicleYearOfManufacture":2013,"advertiserCounty":"Dublin","isPSL":true,"privatePSL":false,"vehicleImageId":"bf283130-6b61-4f13-9e8a-384ca64601ed","imagecount":13,"advertiserName":"Bradys Mercedes-Benz (Dublin) Ltd","isTrade":true},{"advertId":"31813523933395940","vehicleMake":"Mercedes-Benz","vehicleModel":"A-Class","vehicleDerivative":"A180 Cdi AMG Sport","vehiclePriceEuro":33545,"vehicleYearOfManufacture":2013,"advertiserCounty":"Meath","isPSL":false,"privatePSL":false,"vehicleImageId":"dacb5572-69e1-40f7-827a-87045e329a9f","imagecount":11,"advertiserName":"Newgate Motor Company Ltd.","isTrade":true},{"advertId":"32013576448487910","vehicleMake":"Mercedes-Benz","vehicleModel":"A-Class","vehicleDerivative":"A180 CDI AMG SPORT ( €180 Road Tax )","vehiclePriceEuro":33450,"vehicleYearOfManufacture":2013,"advertiserCounty":"Cork","isPSL":true,"privatePSL":false,"vehicleImageId":"9a2aba1f-2e89-421e-9971-cf3a63652cdd","imagecount":19,"advertiserName":"MSL Cork (located @ EastGate)","isTrade":true},{"advertId":"33213601501497780","vehicleMake":"Mercedes-Benz","vehicleModel":"A-Class","vehicleDerivative":"A 180 cdi auto ","vehiclePriceEuro":33450,"vehicleYearOfManufacture":2013,"advertiserCounty":"Dublin","isPSL":true,"privatePSL":false,"imagecount":0,"advertiserName":"Denis Mahony Mercedes Benz (M50)","isTrade":true},{"advertId":"31413595450766530","vehicleMake":"Mercedes-Benz","vehicleModel":"A-Class","vehicleDerivative":"STUNNING NEW A CLASS IS HERE!","vehiclePriceEuro":33285,"vehicleYearOfManufacture":2013,"advertiserCounty":"Wexford","isPSL":false,"privatePSL":false,"vehicleImageId":"2d59084c-58f3-499b-be31-edb442d3106e","imagecount":5,"advertiserName":"Donohoe Mercedes Benz","isTrade":true},{"advertId":"31513576673914290","vehicleMake":"Mercedes-Benz","vehicleModel":"A-Class","vehicleDerivative":"180 CDI STYLE MANUAL","vehiclePriceEuro":33221,"vehicleYearOfManufacture":2013,"advertiserCounty":"Dublin","isPSL":true,"privatePSL":false,"vehicleImageId":"eed61e8c-a7e7-406c-9966-61759414c767","imagecount":9,"advertiserName":"Park Motors Mercedes (MSL)","isTrade":true},{"advertId":"31913596292189370","vehicleMake":"Mercedes-Benz","vehicleModel":"A-Class","vehicleDerivative":"AMG SPORT - €190 ROAD TAX - SIMPLY STUNNING.","vehiclePriceEuro":32945,"vehicleYearOfManufacture":2013,"advertiserCounty":"Wexford","isPSL":false,"privatePSL":false,"vehicleImageId":"160a2250-0f14-433c-afff-f21442335334","imagecount":17,"advertiserName":"Donohoe Mercedes Benz","isTrade":true},{"advertId":"31113577378251750","vehicleMake":"Mercedes-Benz","vehicleModel":"A-Class","vehicleDerivative":"A 180 CDI URBAN","vehiclePriceEuro":32609,"vehicleYearOfManufacture":2013,"advertiserCounty":"Laois","isPSL":false,"privatePSL":false,"vehicleImageId":"45cb57f7-6c37-4ab5-9140-753172bc2514","imagecount":12,"advertiserName":"Michael Moore Portarlington","isTrade":true},{"advertId":"31413580009975170","vehicleMake":"Mercedes-Benz","vehicleModel":"A-Class","vehicleDerivative":"A 180 CDI urban","vehiclePriceEuro":32595,"vehicleYearOfManufacture":2013,"advertiserCounty":"Westmeath","isPSL":true,"privatePSL":false,"vehicleImageId":"f313060c-2782-42ea-af70-53212f9485f9","imagecount":6,"advertiserName":"Michael Moore Athlone","isTrade":true},{"advertId":"31713588724887730","vehicleMake":"Mercedes-Benz","vehicleModel":"A-Class","vehicleDerivative":"A180 CDI URBAN","vehiclePriceEuro":32285,"vehicleYearOfManufacture":2013,"advertiserCounty":"Cavan","isPSL":false,"privatePSL":false,"vehicleImageId":"2d76d540-5e74-4ef4-bcd7-c8873d33f4dd","imagecount":13,"advertiserName":"Gilmores Kingscourt Limited","isTrade":true},{"advertId":"31813578164524070","vehicleMake":"Mercedes-Benz","vehicleModel":"A-Class","vehicleDerivative":"A 180 cdi URBAN ","vehiclePriceEuro":32250,"vehicleYearOfManufacture":2013,"advertiserCounty":"Dublin","isPSL":true,"privatePSL":false,"vehicleImageId":"b2e39c01-8538-4c42-9bd0-fd2b7efa3165","imagecount":5,"advertiserName":"Denis Mahony Mercedes Benz (M50)","isTrade":true},{"advertId":"31113593746522530","vehicleMake":"Mercedes-Benz","vehicleModel":"A-Class","vehicleDerivative":"Urban A180cdi Extras","vehiclePriceEuro":32210,"vehicleYearOfManufacture":2013,"advertiserCounty":"Kildare","isPSL":false,"privatePSL":false,"vehicleImageId":"6c42e84b-9f00-4fc8-983c-6fa8a9ff7bcf","imagecount":7,"advertiserName":"Fitzpatrick`s Garage Kildare Hyundai","isTrade":true},{"advertId":"31813586140809550","vehicleMake":"Mercedes-Benz","vehicleModel":"A-Class","vehicleDerivative":"A180 CDI URBAN","vehiclePriceEuro":32200,"vehicleYearOfManufacture":2013,"advertiserCounty":"Kerry","isPSL":true,"privatePSL":false,"vehicleImageId":"c5ec02e1-f90c-484a-a4d9-51d0cf5b97c2","imagecount":10,"advertiserName":"McElligott's Tralee Ltd","isTrade":true},{"advertId":"31513557455189460","vehicleMake":"Mercedes-Benz","vehicleModel":"A-Class","vehicleDerivative":"A 180 CDI Style","vehiclePriceEuro":32147,"vehicleYearOfManufacture":2013,"advertiserCounty":"Limerick","isPSL":true,"privatePSL":false,"vehicleImageId":"c0e2d68e-6380-424e-8ae6-503d592539e5","imagecount":9,"advertiserName":"Frank Hogan Ltd.","isTrade":true},{"advertId":"31813577387400970","vehicleMake":"Mercedes-Benz","vehicleModel":"A-Class","vehicleDerivative":"A 180 CDI URBAN","vehiclePriceEuro":32143,"vehicleYearOfManufacture":2013,"advertiserCounty":"Laois","isPSL":false,"privatePSL":false,"vehicleImageId":"f72bda90-aad9-4f59-ae27-2d9b9a26e058","imagecount":13,"advertiserName":"Michael Moore Portarlington","isTrade":true},{"advertId":"31813593739545500","vehicleMake":"Mercedes-Benz","vehicleModel":"A-Class","vehicleDerivative":"Urban A180 Cdi ","vehiclePriceEuro":32045,"vehicleYearOfManufacture":2013,"advertiserCounty":"Kildare","isPSL":false,"privatePSL":false,"vehicleImageId":"ce1f49de-05bd-4e99-a7da-fb39629c4d23","imagecount":10,"advertiserName":"Fitzpatrick`s Garage Kildare Hyundai","isTrade":true},{"advertId":"31113578307582560","vehicleMake":"Mercedes-Benz","vehicleModel":"A-Class","vehicleDerivative":"A 180 CDI URBAN","vehiclePriceEuro":31991,"vehicleYearOfManufacture":2013,"advertiserCounty":"Laois","isPSL":false,"privatePSL":false,"vehicleImageId":"18e414bb-ad2b-4220-8fbc-da4fc2153db2","imagecount":11,"advertiserName":"Michael Moore Portarlington","isTrade":true},{"advertId":"31813592001080910","vehicleMake":"Mercedes-Benz","vehicleModel":"A-Class","vehicleDerivative":"A180 Cdi Urban","vehiclePriceEuro":31740,"vehicleYearOfManufacture":2013,"advertiserCounty":"Meath","isPSL":false,"privatePSL":false,"imagecount":0,"advertiserName":"Newgate Motor Company Ltd.","isTrade":true},{"advertId":"31813591999000810","vehicleMake":"Mercedes-Benz","vehicleModel":"A-Class","vehicleDerivative":"180 CDI Urban","vehiclePriceEuro":31740,"vehicleYearOfManufacture":2013,"advertiserCounty":"Meath","isPSL":false,"privatePSL":false,"vehicleImageId":"a68e5d25-1b2f-4522-9e93-7a0e135b8538","imagecount":9,"advertiserName":"Newgate Motor Company Ltd.","isTrade":true},{"advertId":"32013582511428470","vehicleMake":"Mercedes-Benz","vehicleModel":"A-Class","vehicleDerivative":"180 CDI Urban","vehiclePriceEuro":31700,"vehicleYearOfManufacture":2013,"advertiserCounty":"Limerick","isPSL":true,"privatePSL":false,"vehicleImageId":"033c6ed6-7cc7-4c19-a9d3-1332b02e99e0","imagecount":9,"advertiserName":"Frank Hogan Ltd.","isTrade":true},{"advertId":"31513573832468850","vehicleMake":"Mercedes-Benz","vehicleModel":"A-Class","vehicleDerivative":"A180CDI Urban","vehiclePriceEuro":31653,"vehicleYearOfManufacture":2013,"advertiserCounty":"Dublin","isPSL":false,"privatePSL":false,"vehicleImageId":"42ca3416-5a81-460d-b5c7-b0a6eb4705c7","imagecount":9,"advertiserName":"Annesley Williams Ltd","isTrade":true},{"advertId":"31813583375266660","vehicleMake":"Mercedes-Benz","vehicleModel":"A-Class","vehicleDerivative":"180 CDI Style","vehiclePriceEuro":31501,"vehicleYearOfManufacture":2013,"advertiserCounty":"Limerick","isPSL":true,"privatePSL":false,"vehicleImageId":"3c0b8928-8413-4334-8474-35e2a1623924","imagecount":9,"advertiserName":"Frank Hogan Ltd.","isTrade":true},{"advertId":"31113542896566780","vehicleMake":"Mercedes-Benz","vehicleModel":"A-Class","vehicleDerivative":"A 180 cdi URBAN NEW MODEL","vehiclePriceEuro":31450,"vehicleYearOfManufacture":2013,"advertiserCounty":"Dublin","isPSL":true,"privatePSL":false,"vehicleImageId":"ae5860bc-7386-4ed5-8c25-5eb5989e3a1a","imagecount":9,"advertiserName":"Denis Mahony Mercedes Benz (M50)","isTrade":true},{"advertId":"31113593742853180","vehicleMake":"Mercedes-Benz","vehicleModel":"A-Class","vehicleDerivative":"Urban A180cdi Extras","vehiclePriceEuro":31345,"vehicleYearOfManufacture":2013,"advertiserCounty":"Kildare","isPSL":false,"privatePSL":false,"vehicleImageId":"93d04be3-e319-47b5-b1e7-5f804bdcceea","imagecount":8,"advertiserName":"Fitzpatrick`s Garage Kildare Hyundai","isTrade":true},{"advertId":"29813439168361080","vehicleMake":"Mercedes-Benz","vehicleModel":"A-Class","vehicleDerivative":"A 180 CDI AMG","vehiclePriceEuro":30950,"vehicleYearOfManufacture":2013,"advertiserCounty":"Westmeath","isPSL":true,"privatePSL":false,"vehicleImageId":"3899d7d8-cc08-4f55-a14b-a9d0325667f3","imagecount":8,"advertiserName":"Michael Moore Athlone","isTrade":true},{"advertId":"32013527221137200","vehicleMake":"Mercedes-Benz","vehicleModel":"A-Class","vehicleDerivative":"A 180 CDI Urban *Immediate Delivery*","vehiclePriceEuro":30885,"vehicleYearOfManufacture":2013,"advertiserCounty":"Dublin","isPSL":true,"privatePSL":false,"vehicleImageId":"4943f0fb-401b-4259-9e83-d47267055faf","imagecount":15,"advertiserName":"Ballsbridge Motors Mercedes (MSL)","isTrade":true},{"advertId":"33413618831120110","vehicleMake":"Mercedes-Benz","vehicleModel":"A-Class","vehicleDerivative":"180 CDI URBAN 5DR","vehiclePriceEuro":30850,"vehicleYearOfManufacture":2013,"advertiserCounty":"Dublin","isPSL":true,"privatePSL":false,"vehicleImageId":"0254a1af-2a4e-4b02-a838-c675fca51592","imagecount":15,"advertiserName":"Ballsbridge Motors Mercedes (MSL)","isTrade":true},{"advertId":"34313601452582800","vehicleMake":"Mercedes-Benz","vehicleModel":"A-Class","vehicleDerivative":"A180 CDI Style","vehiclePriceEuro":30790,"vehicleYearOfManufacture":2013,"advertiserCounty":"Dublin","isPSL":false,"privatePSL":false,"vehicleImageId":"1796b80e-d019-4124-a981-6f26aae8751f","imagecount":7,"advertiserName":"Annesley Williams Ltd","isTrade":true},{"advertId":"34013618897511040","vehicleMake":"Mercedes-Benz","vehicleModel":"A-Class","vehicleDerivative":"A180 CDI Style","vehiclePriceEuro":30703,"vehicleYearOfManufacture":2013,"advertiserCounty":"Dublin","isPSL":true,"privatePSL":false,"vehicleImageId":"bf54a3da-2dc4-4a42-9836-de0ff0243d5b","imagecount":14,"advertiserName":"Ballsbridge Motors Mercedes (MSL)","isTrade":true},{"advertId":"33213601497777740","vehicleMake":"Mercedes-Benz","vehicleModel":"A-Class","vehicleDerivative":"A 180 CDI Style","vehiclePriceEuro":30575,"vehicleYearOfManufacture":2013,"advertiserCounty":"Laois","isPSL":false,"privatePSL":false,"vehicleImageId":"b661bbe1-572f-43f7-a3f8-92d2e9d041d6","imagecount":12,"advertiserName":"Michael Moore Portarlington","isTrade":true},{"advertId":"31713552199018450","vehicleMake":"Mercedes-Benz","vehicleModel":"A-Class","vehicleDerivative":"180 MANUAL URBAN","vehiclePriceEuro":30301,"vehicleYearOfManufacture":2013,"advertiserCounty":"Dublin","isPSL":true,"privatePSL":false,"vehicleImageId":"89746e56-aa4c-4e81-a76b-7005b6b4d152","imagecount":9,"advertiserName":"Park Motors Mercedes (MSL)","isTrade":true},{"advertId":"31913579904312350","vehicleMake":"Mercedes-Benz","vehicleModel":"A-Class","vehicleDerivative":"180 CDI MANUAL STYLE","vehiclePriceEuro":29865,"vehicleYearOfManufacture":2013,"advertiserCounty":"Dublin","isPSL":true,"privatePSL":false,"vehicleImageId":"5789a26e-12d5-4652-8416-9c41c4b24b35","imagecount":10,"advertiserName":"Park Motors Mercedes (MSL)","isTrade":true},{"advertId":"31113552192646770","vehicleMake":"Mercedes-Benz","vehicleModel":"A-Class","vehicleDerivative":"180 CDI STYLE MANUAL - DEMO","vehiclePriceEuro":29578,"vehicleYearOfManufacture":2013,"advertiserCounty":"Dublin","isPSL":true,"privatePSL":false,"vehicleImageId":"2d89c73b-1e76-4acb-ad41-23a84aec06f2","imagecount":9,"advertiserName":"Park Motors Mercedes (MSL)","isTrade":true},{"advertId":"29813492789903830","vehicleMake":"Mercedes-Benz","vehicleModel":"A-Class","vehicleDerivative":"A 180 Style *Just Launched*","vehiclePriceEuro":28035,"vehicleYearOfManufacture":2013,"advertiserCounty":"Dublin","isPSL":true,"privatePSL":false,"vehicleImageId":"9ddf1338-fc5b-4bc0-a263-091b7c94d69b","imagecount":8,"advertiserName":"Ballsbridge Motors Mercedes (MSL)","isTrade":true},{"advertId":"29613485922541140","vehicleMake":"Mercedes-Benz","vehicleModel":"A-Class","vehicleDerivative":"A 180 Style *Now Available*","vehiclePriceEuro":28035,"vehicleYearOfManufacture":2013,"advertiserCounty":"Dublin","isPSL":true,"privatePSL":false,"vehicleImageId":"7db1e1ae-767e-41e9-ba75-c8ca9533c39c","imagecount":9,"advertiserName":"Ballsbridge Motors Mercedes (MSL)","isTrade":true},{"advertId":"30813493610309280","vehicleMake":"Mercedes-Benz","vehicleModel":"A-Class","vehicleDerivative":"A 180 Style Manaul","vehiclePriceEuro":28035,"vehicleYearOfManufacture":2013,"advertiserCounty":"Dublin","isPSL":true,"privatePSL":false,"vehicleImageId":"6262b625-941d-4779-bc32-f1e7f27054ef","imagecount":20,"advertiserName":"Ballsbridge Motors Mercedes (MSL)","isTrade":true},{"advertId":"34413615531167180","vehicleMake":"Mercedes-Benz","vehicleModel":"A-Class","vehicleDerivative":"A200 CDI  AMG 136BHP","vehiclePriceEuro":0,"vehicleYearOfManufacture":2013,"advertiserCounty":"Cork","isPSL":true,"privatePSL":false,"vehicleImageId":"7d20d49b-4bf5-4556-8301-d3e9aed6b412","imagecount":20,"advertiserName":"MSL Cork (located @ EastGate)","isTrade":true},{"advertId":"31413573923419190","vehicleMake":"Mercedes-Benz","vehicleModel":"A-Class","vehicleDerivative":"A180cdi Urban Auto","vehiclePriceEuro":0,"vehicleYearOfManufacture":2013,"advertiserCounty":"Kildare","isPSL":false,"privatePSL":false,"vehicleImageId":"ac8b128d-8c7f-4f2a-b8f5-daf3e148d028","imagecount":20,"advertiserName":"Fitzpatrick`s Garage Kildare Hyundai","isTrade":true},{"advertId":"29613456470780860","vehicleMake":"Mercedes-Benz","vehicleModel":"A-Class","vehicleDerivative":"A","vehiclePriceEuro":0,"vehicleYearOfManufacture":2013,"advertiserCounty":"Dublin","isPSL":false,"privatePSL":false,"vehicleImageId":"2a6b6134-9377-4ea3-92c1-037a9ff42271","imagecount":4,"advertiserName":"Annesley Williams Ltd","isTrade":true},{"advertId":"32013553139949180","vehicleMake":"Mercedes-Benz","vehicleModel":"A-Class","vehicleDerivative":"New Model Comming Soon to Frank Hogan's Mercedes Benz Limerick","vehiclePriceEuro":0,"vehicleYearOfManufacture":2013,"advertiserCounty":"Limerick","isPSL":true,"privatePSL":false,"vehicleImageId":"193fcffe-c0ee-4d6d-88fd-a211b4bc68bd","imagecount":8,"advertiserName":"Frank Hogan Ltd.","isTrade":true},{"advertId":"33913617931647130","vehicleMake":"Mercedes-Benz","vehicleModel":"A-Class","vehicleDerivative":"A 180 CDI STYLE *NEW MODEL*","vehiclePriceEuro":28950,"vehicleYearOfManufacture":2012,"advertiserCounty":"Dublin","isPSL":true,"privatePSL":false,"vehicleImageId":"80018266-c31b-4ca2-86d5-464c590696c3","imagecount":14,"advertiserName":"Ballsbridge Motors Mercedes (MSL)","isTrade":true},{"advertId":"31513553139919560","vehicleMake":"Mercedes-Benz","vehicleModel":"A-Class","vehicleDerivative":"160 CDI Classic BE","vehiclePriceEuro":25950,"vehicleYearOfManufacture":2012,"advertiserCounty":"Limerick","isPSL":true,"privatePSL":false,"vehicleImageId":"5201c2f2-2dfa-4bfb-bc92-4e1f8c690c8c","imagecount":9,"advertiserName":"Frank Hogan Ltd.","isTrade":true},{"advertId":"30813468584629420","vehicleMake":"Mercedes-Benz","vehicleModel":"A-Class","vehicleDerivative":"Diesel Manual","vehiclePriceEuro":23995,"vehicleYearOfManufacture":2012,"advertiserCounty":"Wexford","isPSL":false,"privatePSL":false,"vehicleImageId":"f2d32e0b-1da3-4f46-8f85-e06a80e94712","imagecount":4,"advertiserName":"Donohoe Mercedes Benz","isTrade":true},{"advertId":"131046462509362","vehicleMake":"Mercedes-Benz","vehicleModel":"A-Class","vehicleDerivative":"160 Cdi. Diesel.","vehiclePriceEuro":22950,"vehicleYearOfManufacture":2012,"advertiserCounty":"Dublin","isPSL":true,"privatePSL":false,"vehicleImageId":"17ee87bd-6cac-4a7c-bfcb-c3a681c0651d","imagecount":11,"advertiserName":"Bradys Mercedes-Benz (Dublin) Ltd","isTrade":true},{"advertId":"713237663619300","vehicleMake":"Mercedes-Benz","vehicleModel":"A-Class","vehicleDerivative":"160 Diesel €160 Road Tax","vehiclePriceEuro":22950,"vehicleYearOfManufacture":2012,"advertiserCounty":"Meath","isPSL":false,"privatePSL":false,"vehicleImageId":"d3aeaef3-e128-41ac-b7a8-0abe5a1a5786","imagecount":10,"advertiserName":"Newgate Motor Company Ltd.","isTrade":true},{"advertId":"213231611038270","vehicleMake":"Mercedes-Benz","vehicleModel":"A-Class","vehicleDerivative":"Dublin Reg. 160. Aircon. Manual","vehiclePriceEuro":18950,"vehicleYearOfManufacture":2011,"advertiserCounty":"Wexford","isPSL":false,"privatePSL":false,"vehicleImageId":"ee093deb-414b-4620-af8c-74a193ae1e90","imagecount":9,"advertiserName":"Donohoe Mercedes Benz","isTrade":true},{"advertId":"33413602268316140","vehicleMake":"Mercedes-Benz","vehicleModel":"A-Class","vehicleDerivative":"A160cdi Classic BE.","vehiclePriceEuro":17950,"vehicleYearOfManufacture":2011,"advertiserCounty":"Waterford","isPSL":false,"privatePSL":false,"vehicleImageId":"9386a569-dc70-4f45-8ef4-1f40fb4131a8","imagecount":8,"advertiserName":"Tom Murphy (Car Sales) Ltd.","isTrade":true},{"advertId":"201301211800538","vehicleMake":"Mercedes-Benz","vehicleModel":"A-Class","vehicleDerivative":"A SERIES BE CLASSIC SE 5DR BLUEEFF-Y","vehiclePriceEuro":12750,"vehicleYearOfManufacture":2010,"advertiserCounty":"Dublin","isPSL":true,"privatePSL":false,"vehicleImageId":"14244973","imagecount":7,"isTrade":false},{"advertId":"34213602267438810","vehicleMake":"Mercedes-Benz","vehicleModel":"A-Class","vehicleDerivative":"A150 Avantgarde","vehiclePriceEuro":10950,"vehicleYearOfManufacture":2009,"advertiserCounty":"Waterford","isPSL":false,"privatePSL":false,"vehicleImageId":"16833bd4-3e08-4546-ad55-7d534c1928fd","imagecount":8,"advertiserName":"Tom Murphy (Car Sales) Ltd.","isTrade":true},{"advertId":"31713554074689480","vehicleMake":"Mercedes-Benz","vehicleModel":"A-Class","vehicleDerivative":"A150...NCT 01/15 & WARRANTY","vehiclePriceEuro":10250,"vehicleYearOfManufacture":2009,"advertiserCounty":"Dublin","isPSL":true,"privatePSL":false,"vehicleImageId":"fd560821-7688-48fe-8b89-6aea0d2f621b","imagecount":15,"advertiserName":"Autocentre","isTrade":true},{"advertId":"32013577528742930","vehicleMake":"Mercedes-Benz","vehicleModel":"A-Class","vehicleDerivative":"A180 CDI Classic SE","vehiclePriceEuro":9995,"vehicleYearOfManufacture":2008,"advertiserCounty":"Limerick","isPSL":true,"privatePSL":false,"vehicleImageId":"eae5f8c8-e7dd-480d-a53b-370ddcb85a05","imagecount":9,"advertiserName":"AutoXpress.ie","isTrade":true},{"advertId":"31413596202721980","vehicleMake":"Mercedes-Benz","vehicleModel":"A-Class","vehicleDerivative":"A150","vehiclePriceEuro":9950,"vehicleYearOfManufacture":2007,"advertiserCounty":"Kildare","isPSL":false,"privatePSL":false,"vehicleImageId":"431ad93d-edc9-408e-823d-18fa7c04a12d","imagecount":9,"advertiserName":"Sheehy Motors Naas","isTrade":true},{"advertId":"34313600724733140","vehicleMake":"Mercedes-Benz","vehicleModel":"A-Class","vehicleDerivative":"A 5DR 150 ELEGANCE","vehiclePriceEuro":7950,"vehicleYearOfManufacture":2007,"advertiserCounty":"Mayo","isPSL":false,"privatePSL":false,"vehicleImageId":"3ebe7261-64fb-481f-8eb8-7d11a8810eb0","imagecount":15,"advertiserName":"A. Cleary & Sons Limited","isTrade":true},{"advertId":"34213601771388810","vehicleMake":"Mercedes-Benz","vehicleModel":"A-Class","vehiclePriceEuro":7950,"vehicleYearOfManufacture":2007,"advertiserCounty":"Carlow","isPSL":false,"privatePSL":false,"vehicleImageId":"c3bfc459-100f-4ac0-a5ff-cd2686375773","imagecount":9,"advertiserName":"Sheehy Motors Carlow","isTrade":true},{"advertId":"201242210572970","vehicleMake":"Mercedes-Benz","vehicleModel":"A-Class","vehicleDerivative":"A COUPE 3DR 150 A/T","vehiclePriceEuro":7900,"vehicleYearOfManufacture":2006,"advertiserCounty":"Louth","isPSL":true,"privatePSL":false,"vehicleImageId":"14059490","imagecount":9,"isTrade":false},{"advertId":"201302211936689","vehicleMake":"Mercedes-Benz","vehicleModel":"A-Class","vehicleDerivative":"A150 5DR AUTO 150 A/T","vehiclePriceEuro":7395,"vehicleYearOfManufacture":2006,"advertiserCounty":"Dublin","isPSL":true,"privatePSL":false,"vehicleImageId":"14261059","imagecount":3,"isTrade":false},{"advertId":"33913598165418080","vehicleMake":"Mercedes-Benz","vehicleModel":"A-Class","vehicleDerivative":"A150(LOW MILEAGE)...","vehiclePriceEuro":6750,"vehicleYearOfManufacture":2006,"advertiserCounty":"Dublin","isPSL":false,"privatePSL":false,"vehicleImageId":"3a1524a3-5eed-4346-a119-1d983d905dc8","imagecount":13,"advertiserName":"Parkwest Autopoint","isTrade":true},{"advertId":"5613323324320820","vehicleMake":"Mercedes-Benz","vehicleModel":"A-Class","vehicleDerivative":"***12 MONTH WARRANTY***","vehiclePriceEuro":6500,"vehicleYearOfManufacture":2006,"advertiserCounty":"Laois","isPSL":false,"privatePSL":false,"vehicleImageId":"b5e79e58-09a8-41dc-988b-b6ce48734bd9","imagecount":6,"advertiserName":"Des Hughes Motors","isTrade":true}],"totalAdvertCount":45174}