{"adverts":[{"advertId":"29613461773947090","vehicleMake":"Volkswagen","vehicleModel":"Jetta","vehicleDerivative":"TRENDLINE 1.6 TDI  105BHP ","vehiclePriceEuro":21950,"vehicleYearOfManufacture":2012,"advertiserCounty":"Louth","isPSL":false,"privatePSL":false,"imagecount":0,"advertiserName":"Auto Superstore Gerry Cumiskey Ltd.","isTrade":true},{"advertId":"34013605801265810","vehicleMake":"Volkswagen","vehicleModel":"Jetta","vehicleDerivative":"CL 1.6 TDCI 4DR","vehiclePriceEuro":21900,"vehicleYearOfManufacture":2012,"advertiserCounty":"Laois","isPSL":true,"privatePSL":false,"vehicleImageId":"0707270d-b9b7-4ea5-a58e-756243440edb","imagecount":8,"advertiserName":"Downey's Auto Stop Ltd","isTrade":true},{"advertId":"32013579164476980","vehicleMake":"Volkswagen","vehicleModel":"Jetta","vehicleDerivative":"Trendline","vehiclePriceEuro":21750,"vehicleYearOfManufacture":2012,"advertiserCounty":"Dublin","isPSL":false,"privatePSL":false,"vehicleImageId":"764b3839-6536-4c0a-a7ad-f84bcab90c57","imagecount":11,"advertiserName":"Karmann","isTrade":true},{"advertId":"31813553139923750","vehicleMake":"Volkswagen","vehicleModel":"Jetta","vehicleDerivative":"1.6Tdi 105bhp Trendline","vehiclePriceEuro":21750,"vehicleYearOfManufacture":2012,"advertiserCounty":"Limerick","isPSL":false,"privatePSL":false,"vehicleImageId":"8e066986-bf81-4929-bced-25f4272d0a02","imagecount":10,"advertiserName":"Frank Hogan Ltd. Volkswagen","isTrade":true},{"advertId":"31713573115235680","vehicleMake":"Volkswagen","vehicleModel":"Jetta","vehicleDerivative":"TRENDLINE 105BHP 5 SPEED NEW MODEL","vehiclePriceEuro":21500,"vehicleYearOfManufacture":2012,"advertiserCounty":"Cork","isPSL":true,"privatePSL":false,"vehicleImageId":"9b0dbc91-3f3a-4ce4-8fb3-358869e2f3ea","imagecount":10,"advertiserName":"Newmarket Motors Ltd","isTrade":true},{"advertId":"31413553139989870","vehicleMake":"Volkswagen","vehicleModel":"Jetta","vehicleDerivative":"TRENDLINE 1.6 TDI 105BHP","vehiclePriceEuro":21500,"vehicleYearOfManufacture":2012,"advertiserCounty":"Cork","isPSL":true,"privatePSL":false,"vehicleImageId":"56bbad46-9c41-413d-9306-e2d07f74b848","imagecount":10,"advertiserName":"Newmarket Motors Ltd","isTrade":true},{"advertId":"32713592015605490","vehicleMake":"Volkswagen","vehicleModel":"Jetta","vehicleDerivative":"TRENDLINE 105BHP **DEMO MODEL**","vehiclePriceEuro":21500,"vehicleYearOfManufacture":2012,"advertiserCounty":"Cork","isPSL":true,"privatePSL":false,"vehicleImageId":"a302f9d9-79f2-4241-927f-7dd4e8ed414d","imagecount":10,"advertiserName":"Newmarket Motors Ltd","isTrade":true},{"advertId":"32013552451706330","vehicleMake":"Volkswagen","vehicleModel":"Jetta","vehicleDerivative":"Trendline 1.6TDI 105BHP","vehiclePriceEuro":21450,"vehicleYearOfManufacture":2012,"advertiserCounty":"Dublin","isPSL":true,"privatePSL":false,"vehicleImageId":"83086bed-26f6-4039-aa6c-7cc75e9daaf7","imagecount":9,"advertiserName":"MSL Volkswagen Sandyford","isTrade":true},{"advertId":"31513552451698800","vehicleMake":"Volkswagen","vehicleModel":"Jetta","vehicleDerivative":"Comfortline 1.2TSI 105BHP","vehiclePriceEuro":21450,"vehicleYearOfManufacture":2012,"advertiserCounty":"Dublin","isPSL":true,"privatePSL":false,"vehicleImageId":"ff7f8145-ec34-470f-aa77-fdd502154c2a","imagecount":9,"advertiserName":"MSL Volkswagen Sandyford","isTrade":true},{"advertId":"34013621391393860","vehicleMake":"Volkswagen","vehicleModel":"Jetta","vehicleDerivative":"1.6 TDI 105 BHP 5 SPEED**FRONT FOG LIGHTS**","vehiclePriceEuro":21000,"vehicleYearOfManufacture":2012,"advertiserCounty":"Cork","isPSL":true,"privatePSL":false,"vehicleImageId":"d875eff9-aaec-4a32-bcd5-89a03da6b8f4","imagecount":10,"advertiserName":"Newmarket Motors Ltd","isTrade":true},{"advertId":"34413619771648090","vehicleMake":"Volkswagen","vehicleModel":"Jetta","vehicleDerivative":"Diesel 1.6tdi Trendline","vehiclePriceEuro":20950,"vehicleYearOfManufacture":2012,"advertiserCounty":"Dublin","isPSL":false,"privatePSL":false,"vehicleImageId":"12dbda55-acb6-4a49-a8ba-d1cb676f399d","imagecount":11,"advertiserName":"Karmann","isTrade":true},{"advertId":"34313619051804390","vehicleMake":"Volkswagen","vehicleModel":"Jetta","vehicleDerivative":"Diesel 1.6tdi","vehiclePriceEuro":20950,"vehicleYearOfManufacture":2012,"advertiserCounty":"Dublin","isPSL":false,"privatePSL":false,"vehicleImageId":"4650932d-0325-426d-a579-867b4763bbc3","imagecount":4,"advertiserName":"Karmann","isTrade":true},{"advertId":"31413518507460240","vehicleMake":"Volkswagen","vehicleModel":"Jetta","vehicleDerivative":"1.6 Tdi Trend 105 Bhp","vehiclePriceEuro":20950,"vehicleYearOfManufacture":2012,"advertiserCounty":"Waterford","isPSL":false,"privatePSL":false,"vehicleImageId":"ae62bd19-0377-4ebd-a48e-7eda61db225e","imagecount":8,"advertiserName":"Tom Murphy (Car Sales) Ltd Volkswagen","isTrade":true},{"advertId":"34013608490136400","vehicleMake":"Volkswagen","vehicleModel":"Jetta","vehicleDerivative":"1.6 TDI, Cash Price € 20950. Trade In Price € 21950","vehiclePriceEuro":20950,"vehicleYearOfManufacture":2012,"advertiserCounty":"Westmeath","isPSL":false,"privatePSL":false,"vehicleImageId":"e058f0d6-348d-42bb-b714-d6df6566154a","imagecount":8,"advertiserName":"Michael Moore Athlone Volkswagen","isTrade":true},{"advertId":"33913600840471160","vehicleMake":"Volkswagen","vehicleModel":"Jetta","vehicleDerivative":"1.6 Tdi SE 4Dr","vehiclePriceEuro":20950,"vehicleYearOfManufacture":2012,"advertiserCounty":"Dublin","isPSL":false,"privatePSL":false,"vehicleImageId":"78220805-825b-47e4-9d1b-009826bf64ee","imagecount":8,"advertiserName":"Ken Lawford Motors","isTrade":true},{"advertId":"31413553139989700","vehicleMake":"Volkswagen","vehicleModel":"Jetta","vehicleDerivative":"BIG SAVINGS 1.6TDI 105BHP TL","vehiclePriceEuro":20950,"vehicleYearOfManufacture":2012,"advertiserCounty":"Laois","isPSL":false,"privatePSL":false,"vehicleImageId":"9ea5e63a-af3c-4636-8872-ff4d6f62bd81","imagecount":11,"advertiserName":"Michael Moore Portarlington Volkswagen","isTrade":true},{"advertId":"33913622039447350","vehicleMake":"Volkswagen","vehicleModel":"Jetta","vehicleDerivative":"TL 1.6 TDI MANUAL 6SPEED FWD 105BHP","vehiclePriceEuro":20950,"vehicleYearOfManufacture":2012,"advertiserCounty":"Dublin","isPSL":true,"privatePSL":false,"vehicleImageId":"f09fab31-c2fa-4003-98f7-3a41c02c9dfb","imagecount":12,"advertiserName":"Grange Motors (MSL)","isTrade":true},{"advertId":"34013608490137980","vehicleMake":"Volkswagen","vehicleModel":"Jetta","vehicleDerivative":"1.6 TDI, Cash Price € 20950. Trade In Price € 21950","vehiclePriceEuro":20950,"vehicleYearOfManufacture":2012,"advertiserCounty":"Westmeath","isPSL":false,"privatePSL":false,"vehicleImageId":"9a9b7a37-7c70-4434-a322-2763284069ff","imagecount":11,"advertiserName":"Michael Moore Athlone Volkswagen","isTrade":true},{"advertId":"31513553139980280","vehicleMake":"Volkswagen","vehicleModel":"Jetta","vehicleDerivative":"DEMO 1.6TDI 105BHP BIG SAVINGS","vehiclePriceEuro":20950,"vehicleYearOfManufacture":2012,"advertiserCounty":"Laois","isPSL":false,"privatePSL":false,"vehicleImageId":"15140cb7-1fd4-49fe-8bef-be53d8eee149","imagecount":11,"advertiserName":"Michael Moore Portarlington Volkswagen","isTrade":true},{"advertId":"33413609569557810","vehicleMake":"Volkswagen","vehicleModel":"Jetta","vehicleDerivative":"TL 1.6 TDI MANUAL 6SPEED FWD 105BHP 4DR","vehiclePriceEuro":20500,"vehicleYearOfManufacture":2012,"advertiserCounty":"Cavan","isPSL":false,"privatePSL":false,"vehicleImageId":"12d8bdf2-e172-4093-bf92-742f4bc8cbd6","imagecount":10,"advertiserName":"Brady's Arva Ltd","isTrade":true},{"advertId":"33913609701065590","vehicleMake":"Volkswagen","vehicleModel":"Jetta","vehicleDerivative":"TL 1.6 TDI MANUAL 6SPEED FWD 105BHP 4DR","vehiclePriceEuro":20500,"vehicleYearOfManufacture":2012,"advertiserCounty":"Cavan","isPSL":false,"privatePSL":false,"vehicleImageId":"a60b79d4-cdb1-402b-b7e7-b2ef9fb7ffe0","imagecount":10,"advertiserName":"Brady's Arva Ltd","isTrade":true},{"advertId":"34113609360336330","vehicleMake":"Volkswagen","vehicleModel":"Jetta","vehicleDerivative":"TL 1.6 TDI MANUAL 6SPEED FWD 105BHP 4DR","vehiclePriceEuro":20500,"vehicleYearOfManufacture":2012,"advertiserCounty":"Cavan","isPSL":false,"privatePSL":false,"vehicleImageId":"b7c0282c-ce7e-4c80-9da4-fab5d4827192","imagecount":10,"advertiserName":"Brady's Arva Ltd","isTrade":true},{"advertId":"34113612214268780","vehicleMake":"Volkswagen","vehicleModel":"Jetta","vehicleDerivative":"TL 1.6 TDI MANUAL 6SPEED FWD 105BHP 4DR","vehiclePriceEuro":20500,"vehicleYearOfManufacture":2012,"advertiserCounty":"Cavan","isPSL":false,"privatePSL":false,"vehicleImageId":"38096197-a7bf-4e7e-bb3d-2386c94d4d29","imagecount":10,"advertiserName":"Brady's Arva Ltd","isTrade":true},{"advertId":"34313618957927940","vehicleMake":"Volkswagen","vehicleModel":"Jetta","vehicleDerivative":"1.6 tdi dsg 7 speed as new","vehiclePriceEuro":19995,"vehicleYearOfManufacture":2012,"advertiserCounty":"Wexford","isPSL":false,"privatePSL":false,"imagecount":0,"advertiserName":"Tom Moran & Sons Ltd","isTrade":true},{"advertId":"33413619050212490","vehicleMake":"Volkswagen","vehicleModel":"Jetta","vehicleDerivative":"TDI  AUTOMATIC CAR IS BRAND NEW","vehiclePriceEuro":19950,"vehicleYearOfManufacture":2012,"advertiserCounty":"Dublin","isPSL":false,"privatePSL":false,"imagecount":0,"advertiserName":"BG Autos","isTrade":true},{"advertId":"29413461780736260","vehicleMake":"Volkswagen","vehicleModel":"Jetta","vehicleDerivative":"TL 1.6 TDI 105BHP 4DR","vehiclePriceEuro":19650,"vehicleYearOfManufacture":2012,"advertiserCounty":"Louth","isPSL":false,"privatePSL":false,"vehicleImageId":"546bbf9e-61a3-45ba-be94-4a8e2ec26e0f","imagecount":6,"advertiserName":"Auto Superstore Gerry Cumiskey Ltd.","isTrade":true},{"advertId":"31513518507189720","vehicleMake":"Volkswagen","vehicleModel":"Jetta","vehicleDerivative":"1.2TSi 105Bhp,Comfortline,Alloys,Cruise Control,€280 Tax","vehiclePriceEuro":18950,"vehicleYearOfManufacture":2012,"advertiserCounty":"Dublin","isPSL":true,"privatePSL":false,"vehicleImageId":"718f9bc0-560d-43b6-9a9b-2357c763890e","imagecount":11,"advertiserName":"Ballsbridge Motors Volkswagen (MSL)","isTrade":true},{"advertId":"31113586088175530","vehicleMake":"Volkswagen","vehicleModel":"Jetta","vehicleDerivative":"Comfortline 1.6 TDI 105BHP 4DR","vehiclePriceEuro":0,"vehicleYearOfManufacture":2012,"advertiserCounty":"Louth","isPSL":false,"privatePSL":false,"vehicleImageId":"83d9a8fe-d3d1-4b89-aff5-a61af11d7eff","imagecount":6,"advertiserName":"Auto Superstore Gerry Cumiskey Ltd.","isTrade":true},{"advertId":"32713586094874570","vehicleMake":"Volkswagen","vehicleModel":"Jetta","vehicleDerivative":"TRENDLINE 1.6 TDI 105BHP 4DR","vehiclePriceEuro":0,"vehicleYearOfManufacture":2012,"advertiserCounty":"Louth","isPSL":false,"privatePSL":false,"vehicleImageId":"c3cc6bd5-01e2-4d4c-aab1-22f4416fed6c","imagecount":5,"advertiserName":"Auto Superstore Gerry Cumiskey Ltd.","isTrade":true},{"advertId":"31713499646462750","vehicleMake":"Volkswagen","vehicleModel":"Jetta","vehicleDerivative":"1.6 TDI***ALLOYS,CRUISE,*** COMFORTLINE BLUEMOTION***","vehiclePriceEuro":0,"vehicleYearOfManufacture":2012,"advertiserCounty":"Kerry","isPSL":false,"privatePSL":false,"vehicleImageId":"56c81333-595c-4db5-b248-7f9a861bc6f2","imagecount":15,"advertiserName":"Listowel Autos Ltd","isTrade":true},{"advertId":"34013621499319750","vehicleMake":"Volkswagen","vehicleModel":"Jetta","vehicleDerivative":"1.6 TDI Bluemotion","vehiclePriceEuro":0,"vehicleYearOfManufacture":2012,"advertiserCounty":"Donegal","isPSL":false,"privatePSL":false,"vehicleImageId":"7668b1a9-b469-4f08-bd47-52ca38424f65","imagecount":13,"advertiserName":"S & R Motors","isTrade":true},{"advertId":"31913555921186620","vehicleMake":"Volkswagen","vehicleModel":"Jetta","vehicleDerivative":"1.6 TDI SE BLUEMOTION.","vehiclePriceEuro":0,"vehicleYearOfManufacture":2012,"advertiserCounty":"Donegal","isPSL":false,"privatePSL":false,"vehicleImageId":"b7fd1a82-4e62-4e6a-965e-2538068c0b44","imagecount":9,"advertiserName":"Colm Dillon Cars","isTrade":true},{"advertId":"31313483278237310","vehicleMake":"Volkswagen","vehicleModel":"Jetta","vehicleDerivative":"1.6 TDI BLUEMOTION.","vehiclePriceEuro":0,"vehicleYearOfManufacture":2012,"advertiserCounty":"Donegal","isPSL":false,"privatePSL":false,"vehicleImageId":"88cb9035-a815-4b5a-8032-a02e3edb17d5","imagecount":9,"advertiserName":"Colm Dillon Cars","isTrade":true},{"advertId":"32713586111048160","vehicleMake":"Volkswagen","vehicleModel":"Jetta","vehicleDerivative":"TL 1.6 TDI 105BHP 4DR","vehiclePriceEuro":0,"vehicleYearOfManufacture":2012,"advertiserCounty":"Louth","isPSL":false,"privatePSL":false,"vehicleImageId":"6ed3c180-ee1e-45a8-b9ee-aa70f0edd62e","imagecount":4,"advertiserName":"Auto Superstore Gerry Cumiskey Ltd.","isTrade":true},{"advertId":"31513589621587740","vehicleMake":"Volkswagen","vehicleModel":"Jetta","vehicleDerivative":"COMFORTLINE 1.6 TDI MANUAL 6SPEED 105BHP 4DR","vehiclePriceEuro":22995,"vehicleYearOfManufacture":2011,"advertiserCounty":"Cork","isPSL":true,"privatePSL":false,"vehicleImageId":"8a2de649-b542-4f41-ae69-b3b9bff6e08d","imagecount":20,"advertiserName":"Blackwater Motors Skibbereen (Main Volkswagen Dealer)","isTrade":true},{"advertId":"32113510031682550","vehicleMake":"Volkswagen","vehicleModel":"Jetta","vehicleDerivative":"1.6TDI 105BHP COMFORTLINE ---BLACKWATER MOTORS","vehiclePriceEuro":22995,"vehicleYearOfManufacture":2011,"advertiserCounty":"Cork","isPSL":true,"privatePSL":false,"vehicleImageId":"24bb1bb5-0b2d-4233-86bd-70ad07c4cad6","imagecount":20,"advertiserName":"Blackwater Motors Fermoy (Main Volkswagen Dealer)","isTrade":true},{"advertId":"24513420809974660","vehicleMake":"Volkswagen","vehicleModel":"Jetta","vehicleDerivative":"TL 1.6 TDI AUTOMATIC**EX-DEMO**","vehiclePriceEuro":22500,"vehicleYearOfManufacture":2011,"advertiserCounty":"Galway","isPSL":true,"privatePSL":false,"vehicleImageId":"c51a4b67-a94d-4851-b29b-f2bd43070b01","imagecount":11,"advertiserName":"Al Hayes Motors Ltd","isTrade":true},{"advertId":"201242210510033","vehicleMake":"Volkswagen","vehicleModel":"Jetta","vehicleDerivative":"JETTA CL 1.6 TDI MANUAL 6S FWD 105BHP 4DR","vehiclePriceEuro":21000,"vehicleYearOfManufacture":2011,"advertiserCounty":"Wicklow","isPSL":true,"privatePSL":false,"vehicleImageId":"14047696","imagecount":7,"isTrade":false},{"advertId":"31413518507186760","vehicleMake":"Volkswagen","vehicleModel":"Jetta","vehicleDerivative":"Trendline 1.6TDI 105BHP New Model **BAND A TAX**","vehiclePriceEuro":20950,"vehicleYearOfManufacture":2011,"advertiserCounty":"Roscommon","isPSL":true,"privatePSL":false,"vehicleImageId":"801864c9-9fbc-49d9-910d-77c440797904","imagecount":10,"advertiserName":"J. Keane & Sons (Ros) Ltd","isTrade":true},{"advertId":"31113542025765190","vehicleMake":"Volkswagen","vehicleModel":"Jetta","vehicleDerivative":"1.6TDI 105BHP COMFORTLINE --- BLACKWATER FERMOY","vehiclePriceEuro":19995,"vehicleYearOfManufacture":2011,"advertiserCounty":"Cork","isPSL":true,"privatePSL":false,"vehicleImageId":"18ea2179-5393-4635-b2d4-2fc165aca1ea","imagecount":3,"advertiserName":"Blackwater Motors Fermoy (Main Volkswagen Dealer)","isTrade":true},{"advertId":"31513540206450980","vehicleMake":"Volkswagen","vehicleModel":"Jetta","vehicleDerivative":"HL 1.6 TDI MANUAL 6SPEED FWD 105BHP 4DR","vehiclePriceEuro":19900,"vehicleYearOfManufacture":2011,"advertiserCounty":"Kildare","isPSL":false,"privatePSL":false,"vehicleImageId":"82d450c0-c7bb-4886-891a-ca1c67d88dbd","imagecount":9,"advertiserName":"N.Conlan & Sons Peugeot","isTrade":true},{"advertId":"31113483256316270","vehicleMake":"Volkswagen","vehicleModel":"Jetta","vehicleDerivative":"1.6 Tdi Bluemotion","vehiclePriceEuro":19300,"vehicleYearOfManufacture":2011,"advertiserCounty":"Tipperary","isPSL":false,"privatePSL":false,"vehicleImageId":"2e6baf46-83ab-4c58-ab4f-1610292e061e","imagecount":10,"advertiserName":"Liam Buckley Car Sales","isTrade":true},{"advertId":"33413606884630290","vehicleMake":"Volkswagen","vehicleModel":"Jetta","vehicleDerivative":"1.6TDI Trendline","vehiclePriceEuro":18950,"vehicleYearOfManufacture":2011,"advertiserCounty":"Kildare","isPSL":false,"privatePSL":false,"vehicleImageId":"1a6326f2-7048-4801-8287-91cd15e05ca5","imagecount":9,"advertiserName":"Sheehy Motors Naas","isTrade":true},{"advertId":"34313622039818160","vehicleMake":"Volkswagen","vehicleModel":"Jetta","vehicleDerivative":"COMFORTLINE 1.2TSI 105BHP **www.frankkeanevolkswagen.ie**","vehiclePriceEuro":18950,"vehicleYearOfManufacture":2011,"advertiserCounty":"Dublin","isPSL":false,"privatePSL":false,"vehicleImageId":"2605d861-8faa-4629-9dfa-6a4cf9797c8f","imagecount":3,"advertiserName":"Frank Keane Volkswagen","isTrade":true},{"advertId":"31413595490961900","vehicleMake":"Volkswagen","vehicleModel":"Jetta","vehicleDerivative":"1.6TDI SE 105BHP","vehiclePriceEuro":18950,"vehicleYearOfManufacture":2011,"advertiserCounty":"Kildare","isPSL":false,"privatePSL":false,"vehicleImageId":"a0965e3f-54bc-450f-988f-b103080a9e7e","imagecount":9,"advertiserName":"Autoline Car Sales","isTrade":true},{"advertId":"32013588810991350","vehicleMake":"Volkswagen","vehicleModel":"Jetta","vehicleDerivative":"Comfortline 1.6TDI 105BHP ** BAND B TAX**","vehiclePriceEuro":18750,"vehicleYearOfManufacture":2011,"advertiserCounty":"Roscommon","isPSL":true,"privatePSL":false,"vehicleImageId":"71287f98-a07d-40d5-b217-b92429f6c79d","imagecount":10,"advertiserName":"J. Keane & Sons (Ros) Ltd","isTrade":true},{"advertId":"33413619849648390","vehicleMake":"Volkswagen","vehicleModel":"Jetta","vehicleDerivative":"CL 1.6 TDI MANUAL 6SPEED FWD 105BHP 4DR","vehiclePriceEuro":18750,"vehicleYearOfManufacture":2011,"advertiserCounty":"Cork","isPSL":false,"privatePSL":false,"vehicleImageId":"9e70321a-c216-4587-b883-205a4be069b8","imagecount":7,"advertiserName":"Eamonn Tarrant & Sons Ltd","isTrade":true},{"advertId":"31113560695447120","vehicleMake":"Volkswagen","vehicleModel":"Jetta","vehicleDerivative":"Trendline","vehiclePriceEuro":18500,"vehicleYearOfManufacture":2011,"advertiserCounty":"Mayo","isPSL":true,"privatePSL":false,"imagecount":0,"advertiserName":"Kevin Connolly Volkswagen","isTrade":true},{"advertId":"32913609571400860","vehicleMake":"Volkswagen","vehicleModel":"Jetta","vehicleDerivative":"CL 1.6 TDI MANUAL 5SPEED FWD 105BHP 4DR","vehiclePriceEuro":18000,"vehicleYearOfManufacture":2011,"advertiserCounty":"Cavan","isPSL":false,"privatePSL":false,"vehicleImageId":"42fe265b-a5c3-4225-ab33-453c5c7e884d","imagecount":10,"advertiserName":"Brady's Arva Ltd","isTrade":true},{"advertId":"31913582763436080","vehicleMake":"Volkswagen","vehicleModel":"Jetta","vehicleDerivative":"TL 1.6TDI M5F 105BHP 4DR","vehiclePriceEuro":17950,"vehicleYearOfManufacture":2011,"advertiserCounty":"Carlow","isPSL":false,"privatePSL":false,"vehicleImageId":"2672817b-ef26-4f9b-ab5b-59e59c702271","imagecount":9,"advertiserName":"Sheehy Motors Carlow Volkswagen","isTrade":true},{"advertId":"31913577587206760","vehicleMake":"Volkswagen","vehicleModel":"Jetta","vehicleDerivative":"1.6Tdi 105bhp Comfortline","vehiclePriceEuro":17500,"vehicleYearOfManufacture":2011,"advertiserCounty":"Limerick","isPSL":false,"privatePSL":false,"vehicleImageId":"156a6b95-4588-49b0-9218-3c0ca6b56dd1","imagecount":3,"advertiserName":"Frank Hogan Ltd. Volkswagen","isTrade":true},{"advertId":"31113589671887330","vehicleMake":"Volkswagen","vehicleModel":"Jetta","vehicleDerivative":"CL 1.6 TDI MANUAL 5SPEED FWD 105BHP 4DR","vehiclePriceEuro":17500,"vehicleYearOfManufacture":2011,"advertiserCounty":"Tipperary","isPSL":false,"privatePSL":false,"vehicleImageId":"acb5b3a6-7157-4e01-b242-0ce8f88c3eb2","imagecount":3,"advertiserName":"Con Cleary Auto Repairs & Car Sales","isTrade":true},{"advertId":"813267119017270","vehicleMake":"Volkswagen","vehicleModel":"Jetta","vehicleDerivative":"CL 1.4 TSI 122BHP **EX-DEMO**","vehiclePriceEuro":17000,"vehicleYearOfManufacture":2011,"advertiserCounty":"Galway","isPSL":true,"privatePSL":false,"vehicleImageId":"c26fbb8d-08a6-442a-bbe8-d02ba7e537b6","imagecount":8,"advertiserName":"Al Hayes Motors Ltd","isTrade":true},{"advertId":"32013561845533320","vehicleMake":"Volkswagen","vehicleModel":"Jetta","vehicleDerivative":"Trendline 1.4TSi 4Dr - REDUCED PRICE","vehiclePriceEuro":15495,"vehicleYearOfManufacture":2011,"advertiserCounty":"Dublin","isPSL":false,"privatePSL":false,"vehicleImageId":"ae87a34b-6903-4275-830c-7bca2b86d17a","imagecount":13,"advertiserName":"Windsor Deansgrange","isTrade":true},{"advertId":"31413573136650800","vehicleMake":"Volkswagen","vehicleModel":"Jetta","vehicleDerivative":" 1.4 TSI MANUAL...FINANCE ARRANGED IN 1 HOUR..","vehiclePriceEuro":13950,"vehicleYearOfManufacture":2011,"advertiserCounty":"Dublin","isPSL":true,"privatePSL":false,"vehicleImageId":"7f7fdb40-53a5-4ffc-bb3b-4230927b9ed6","imagecount":10,"advertiserName":"Sarsfield Motor Company S.C.R. Kilmainham","isTrade":true},{"advertId":"31513579110337310","vehicleMake":"Volkswagen","vehicleModel":"Jetta","vehicleDerivative":"Comfortline 1.6TDi 105BHP","vehiclePriceEuro":0,"vehicleYearOfManufacture":2011,"advertiserCounty":"Cork","isPSL":true,"privatePSL":false,"vehicleImageId":"1f70f542-88cf-41c8-ab31-a6fca0e3ae40","imagecount":10,"advertiserName":"Kevin O'Leary Group Bandon","isTrade":true},{"advertId":"31713576644824230","vehicleMake":"Volkswagen","vehicleModel":"Jetta","vehicleDerivative":"TDI","vehiclePriceEuro":18995,"vehicleYearOfManufacture":2010,"advertiserCounty":"Donegal","isPSL":false,"privatePSL":false,"vehicleImageId":"de8c316a-c082-4271-bfae-9fddb8e754fc","imagecount":9,"advertiserName":"J.J. Reid Motors","isTrade":true},{"advertId":"34213599813021800","vehicleMake":"Volkswagen","vehicleModel":"Jetta","vehicleDerivative":"1.9 TDI DSG*LIKE NEW*","vehiclePriceEuro":18500,"vehicleYearOfManufacture":2010,"advertiserCounty":"Galway","isPSL":true,"privatePSL":false,"vehicleImageId":"ae01fbbd-9cfc-44da-94dc-74535a34e695","imagecount":9,"advertiserName":"Al Hayes Motors Ltd","isTrade":true},{"advertId":"31113576644832120","vehicleMake":"Volkswagen","vehicleModel":"Jetta","vehicleDerivative":"TDI COMFORTLINE","vehiclePriceEuro":18495,"vehicleYearOfManufacture":2010,"advertiserCounty":"Donegal","isPSL":false,"privatePSL":false,"vehicleImageId":"d633910f-a9d6-4826-a7f9-7560b5f4fdf8","imagecount":9,"advertiserName":"J.J. Reid Motors","isTrade":true},{"advertId":"31813529742127200","vehicleMake":"Volkswagen","vehicleModel":"Jetta","vehicleDerivative":"1.6TDI 105BHP COMFORTLINE --- BLACKWATER FERMOY","vehiclePriceEuro":17995,"vehicleYearOfManufacture":2010,"advertiserCounty":"Cork","isPSL":true,"privatePSL":false,"vehicleImageId":"d8fd9ab9-90a0-43db-a60c-777b1e552c65","imagecount":3,"advertiserName":"Blackwater Motors Fermoy (Main Volkswagen Dealer)","isTrade":true},{"advertId":"32113576644828600","vehicleMake":"Volkswagen","vehicleModel":"Jetta","vehicleDerivative":"TDI","vehiclePriceEuro":17995,"vehicleYearOfManufacture":2010,"advertiserCounty":"Donegal","isPSL":false,"privatePSL":false,"vehicleImageId":"076d5cdb-be27-4dcf-9ff0-faf295c8d994","imagecount":9,"advertiserName":"J.J. Reid Motors","isTrade":true},{"advertId":"31513576644827240","vehicleMake":"Volkswagen","vehicleModel":"Jetta","vehicleDerivative":"TDI","vehiclePriceEuro":17995,"vehicleYearOfManufacture":2010,"advertiserCounty":"Donegal","isPSL":false,"privatePSL":false,"vehicleImageId":"8179e539-ebb7-4a2b-bf9b-6e26163a170c","imagecount":8,"advertiserName":"J.J. Reid Motors","isTrade":true},{"advertId":"31413552451648810","vehicleMake":"Volkswagen","vehicleModel":"Jetta","vehicleDerivative":"TDI","vehiclePriceEuro":17995,"vehicleYearOfManufacture":2010,"advertiserCounty":"Donegal","isPSL":false,"privatePSL":false,"vehicleImageId":"f8f4ec83-3dac-48ad-bd94-94db5efd2f50","imagecount":9,"advertiserName":"J.J. Reid Motors","isTrade":true},{"advertId":"34013621643706910","vehicleMake":"Volkswagen","vehicleModel":"Jetta","vehicleDerivative":"TL 1.6 TDI MANUAL 5SPEED FWD 105BHP 4DR","vehiclePriceEuro":17950,"vehicleYearOfManufacture":2010,"advertiserCounty":"Dublin","isPSL":true,"privatePSL":false,"vehicleImageId":"c1244067-228f-4c8f-a607-885d536a99ee","imagecount":15,"advertiserName":"Grange Motors (MSL)","isTrade":true},{"advertId":"33913619608308820","vehicleMake":"Volkswagen","vehicleModel":"Jetta","vehicleDerivative":"Comfortline 1.6 TDI, Low Mileage, Cash Price € 16,950 Trade In Price € 17950","vehiclePriceEuro":17950,"vehicleYearOfManufacture":2010,"advertiserCounty":"Westmeath","isPSL":false,"privatePSL":false,"imagecount":0,"advertiserName":"Michael Moore Athlone Volkswagen","isTrade":true},{"advertId":"34313620457128770","vehicleMake":"Volkswagen","vehicleModel":"Jetta","vehicleDerivative":"1.6TDI COMFORTLINE","vehiclePriceEuro":17950,"vehicleYearOfManufacture":2010,"advertiserCounty":"Kildare","isPSL":false,"privatePSL":false,"imagecount":0,"advertiserName":"Sheehy Motors Naas","isTrade":true},{"advertId":"31913507451374280","vehicleMake":"Volkswagen","vehicleModel":"Jetta","vehicleDerivative":"CL 1.6 TDI **MINT**","vehiclePriceEuro":17500,"vehicleYearOfManufacture":2010,"advertiserCounty":"Galway","isPSL":true,"privatePSL":false,"vehicleImageId":"e8ab6007-83c4-4f49-8648-ad4d0414fae8","imagecount":13,"advertiserName":"Al Hayes Motors Ltd","isTrade":true},{"advertId":"32013494346529430","vehicleMake":"Volkswagen","vehicleModel":"Jetta","vehicleDerivative":"CL 1.6 TDI MANUAL 5S FWD 105BHP 4DR","vehiclePriceEuro":17500,"vehicleYearOfManufacture":2010,"advertiserCounty":"Galway","isPSL":true,"privatePSL":false,"vehicleImageId":"6b950e5a-076d-4c94-b108-7f90e4f24227","imagecount":12,"advertiserName":"Al Hayes Motors Ltd","isTrade":true},{"advertId":"31413552451681070","vehicleMake":"Volkswagen","vehicleModel":"Jetta","vehicleDerivative":"TDI COMFORTLINE","vehiclePriceEuro":17495,"vehicleYearOfManufacture":2010,"advertiserCounty":"Mayo","isPSL":true,"privatePSL":false,"vehicleImageId":"769396a7-f73f-4602-b00e-bd780d9a1714","imagecount":15,"advertiserName":"Kevin Connolly Volkswagen","isTrade":true},{"advertId":"34013615521048180","vehicleMake":"Volkswagen","vehicleModel":"Jetta","vehicleDerivative":"COMFORT 1.9 TDI ","vehiclePriceEuro":17450,"vehicleYearOfManufacture":2010,"advertiserCounty":"Galway","isPSL":true,"privatePSL":false,"vehicleImageId":"98b69142-e1f2-49e8-ad1a-42ccfcc2db10","imagecount":6,"advertiserName":"Al Hayes Motors Ltd","isTrade":true},{"advertId":"31113518507418380","vehicleMake":"Volkswagen","vehicleModel":"Jetta","vehicleDerivative":"TDI COMFORTLINE","vehiclePriceEuro":17450,"vehicleYearOfManufacture":2010,"advertiserCounty":"Cork","isPSL":false,"privatePSL":false,"vehicleImageId":"2e8c724c-ed0e-4fb5-a9a3-53033a06101b","imagecount":7,"advertiserName":"O'Leary's Lissarda (Volkswagen Dealer)","isTrade":true},{"advertId":"33413604179220400","vehicleMake":"Volkswagen","vehicleModel":"Jetta","vehicleDerivative":"CL 1.6 TDI MANUAL 5SPEED FWD 105BHP 4DR","vehiclePriceEuro":17450,"vehicleYearOfManufacture":2010,"advertiserCounty":"Limerick","isPSL":false,"privatePSL":false,"vehicleImageId":"80885ea4-8656-45d0-b140-532625e04e55","imagecount":11,"advertiserName":"Newcastle West Autos","isTrade":true},{"advertId":"34213612898079320","vehicleMake":"Volkswagen","vehicleModel":"Jetta","vehicleDerivative":"TL 1.6 TDI *LIKE NEW*","vehiclePriceEuro":17000,"vehicleYearOfManufacture":2010,"advertiserCounty":"Galway","isPSL":true,"privatePSL":false,"vehicleImageId":"0a133905-1981-4ffe-8346-5ccc2b49d652","imagecount":13,"advertiserName":"Al Hayes Motors Ltd","isTrade":true},{"advertId":"33413620469996970","vehicleMake":"Volkswagen","vehicleModel":"Jetta","vehicleDerivative":"1.6 TDI 105BHP COMFORTLINE","vehiclePriceEuro":16995,"vehicleYearOfManufacture":2010,"advertiserCounty":"Cork","isPSL":true,"privatePSL":false,"vehicleImageId":"914a544c-a3b9-4222-956f-75d1f96f9556","imagecount":20,"advertiserName":"Blackwater Motors Skibbereen (Main Volkswagen Dealer)","isTrade":true},{"advertId":"32013560227988920","vehicleMake":"Volkswagen","vehicleModel":"Jetta","vehicleDerivative":"TDI COMFORTLINE","vehiclePriceEuro":16995,"vehicleYearOfManufacture":2010,"advertiserCounty":"Mayo","isPSL":true,"privatePSL":false,"vehicleImageId":"0e0e5d1d-656a-4e56-95e2-0ea27924ce53","imagecount":15,"advertiserName":"Kevin Connolly Volkswagen","isTrade":true},{"advertId":"34313624235716910","vehicleMake":"Volkswagen","vehicleModel":"Jetta","vehicleDerivative":"Comfortline 1.6TDI 105bhp 4 Door","vehiclePriceEuro":16950,"vehicleYearOfManufacture":2010,"advertiserCounty":"Kilkenny","isPSL":false,"privatePSL":false,"vehicleImageId":"dba7480b-a40b-464e-8243-a36b5fbcd81c","imagecount":9,"advertiserName":"Laharts Volkswagen","isTrade":true},{"advertId":"33413604291182940","vehicleMake":"Volkswagen","vehicleModel":"Jetta","vehicleDerivative":"Comfortline 1.6TDI 105BHP **BAND B TAX**","vehiclePriceEuro":16950,"vehicleYearOfManufacture":2010,"advertiserCounty":"Roscommon","isPSL":true,"privatePSL":false,"vehicleImageId":"e7c98149-d9b4-445a-b127-c17da9693221","imagecount":10,"advertiserName":"J. Keane & Sons (Ros) Ltd","isTrade":true},{"advertId":"34113621499727670","vehicleMake":"Volkswagen","vehicleModel":"Jetta","vehicleDerivative":"1.6 Tdi Comfort 105 Bhp","vehiclePriceEuro":16950,"vehicleYearOfManufacture":2010,"advertiserCounty":"Waterford","isPSL":false,"privatePSL":false,"vehicleImageId":"7273cdb7-ca09-4917-884a-81d68c15b0fb","imagecount":1,"advertiserName":"Tom Murphy (Car Sales) Ltd Volkswagen","isTrade":true},{"advertId":"34213624235297150","vehicleMake":"Volkswagen","vehicleModel":"Jetta","vehicleDerivative":"TDI","vehiclePriceEuro":16950,"vehicleYearOfManufacture":2010,"advertiserCounty":"Meath","isPSL":false,"privatePSL":false,"imagecount":0,"advertiserName":"Commons Road Cars Ltd","isTrade":true},{"advertId":"31813552451460340","vehicleMake":"Volkswagen","vehicleModel":"Jetta","vehicleDerivative":"1.6Tdi Trendline 105bhp","vehiclePriceEuro":16950,"vehicleYearOfManufacture":2010,"advertiserCounty":"Cork","isPSL":false,"privatePSL":false,"vehicleImageId":"53389947-6abd-42df-82db-5ed0be054b65","imagecount":11,"advertiserName":"O'Leary's Lissarda (Volkswagen Dealer)","isTrade":true},{"advertId":"31913518507202260","vehicleMake":"Volkswagen","vehicleModel":"Jetta","vehicleDerivative":"TDI","vehiclePriceEuro":16950,"vehicleYearOfManufacture":2010,"advertiserCounty":"Meath","isPSL":false,"privatePSL":false,"vehicleImageId":"4a02cf55-64bf-41ad-b704-dd978d460140","imagecount":9,"advertiserName":"Commons Road Cars Ltd","isTrade":true},{"advertId":"32913602422883180","vehicleMake":"Volkswagen","vehicleModel":"Jetta","vehicleDerivative":"1.9 TDI 105BHP 4DR","vehiclePriceEuro":16750,"vehicleYearOfManufacture":2010,"advertiserCounty":"Tipperary","isPSL":true,"privatePSL":false,"vehicleImageId":"31aecc5b-5e6a-4c91-ae76-2b75a3039a75","imagecount":10,"advertiserName":"Pierse Motors Ltd","isTrade":true},{"advertId":"33213612147511420","vehicleMake":"Volkswagen","vehicleModel":"Jetta","vehicleDerivative":"JETTA CL 1.6TDI M5F 105BHP","vehiclePriceEuro":16750,"vehicleYearOfManufacture":2010,"advertiserCounty":"Kerry","isPSL":false,"privatePSL":false,"vehicleImageId":"fddda58f-a55d-4622-a959-42889d261822","imagecount":5,"advertiserName":"Divanes Kerry","isTrade":true},{"advertId":"31813596515802380","vehicleMake":"Volkswagen","vehicleModel":"Jetta","vehicleDerivative":"1.6TDI SE 105BHP","vehiclePriceEuro":16645,"vehicleYearOfManufacture":2010,"advertiserCounty":"Galway","isPSL":true,"privatePSL":false,"vehicleImageId":"51936132-ec49-458b-aa6d-9bcb7349f316","imagecount":9,"advertiserName":"Western Motors Ltd","isTrade":true},{"advertId":"33913607747972380","vehicleMake":"Volkswagen","vehicleModel":"Jetta","vehicleDerivative":"TL 1.6 TDI *LOW MILLAGE CAR*","vehiclePriceEuro":16500,"vehicleYearOfManufacture":2010,"advertiserCounty":"Galway","isPSL":true,"privatePSL":false,"vehicleImageId":"09fd9cd5-22e4-4cc3-84ef-ef060dcbbd15","imagecount":13,"advertiserName":"Al Hayes Motors Ltd","isTrade":true},{"advertId":"32913600738280740","vehicleMake":"Volkswagen","vehicleModel":"Jetta","vehicleDerivative":"1.6TDI 105BHP TRENDLINE --- BLACKWATER FERMOY","vehiclePriceEuro":16500,"vehicleYearOfManufacture":2010,"advertiserCounty":"Cork","isPSL":true,"privatePSL":false,"vehicleImageId":"59dc9e43-abf2-48d0-baae-9289304cd0f0","imagecount":3,"advertiserName":"Blackwater Motors Fermoy (Main Volkswagen Dealer)","isTrade":true},{"advertId":"32013552451695410","vehicleMake":"Volkswagen","vehicleModel":"Jetta","vehicleDerivative":"Trendline","vehiclePriceEuro":16500,"vehicleYearOfManufacture":2010,"advertiserCounty":"Clare","isPSL":false,"privatePSL":false,"vehicleImageId":"499673c7-6459-4978-b5b2-4f1b970f6261","imagecount":9,"advertiserName":"Western Garages","isTrade":true},{"advertId":"32013588810984000","vehicleMake":"Volkswagen","vehicleModel":"Jetta","vehicleDerivative":"Trendline 1.6TDI 105BHP **BAND B TAX**","vehiclePriceEuro":16250,"vehicleYearOfManufacture":2010,"advertiserCounty":"Roscommon","isPSL":true,"privatePSL":false,"vehicleImageId":"d9b3abc1-64f4-4f28-bd66-1b6e410871e6","imagecount":10,"advertiserName":"J. Keane & Sons (Ros) Ltd","isTrade":true},{"advertId":"713267120593340","vehicleMake":"Volkswagen","vehicleModel":"Jetta","vehicleDerivative":"SPORT 1.4 TSI 140BHP **EX-DEMO**","vehiclePriceEuro":16000,"vehicleYearOfManufacture":2010,"advertiserCounty":"Galway","isPSL":true,"privatePSL":false,"vehicleImageId":"8b30f4aa-5667-4c60-94ae-54054fe34a16","imagecount":11,"advertiserName":"Al Hayes Motors Ltd","isTrade":true},{"advertId":"32013512694856060","vehicleMake":"Volkswagen","vehicleModel":"Jetta","vehicleDerivative":"TDi (Only 54k kms)","vehiclePriceEuro":15950,"vehicleYearOfManufacture":2010,"advertiserCounty":"Dublin","isPSL":true,"privatePSL":false,"vehicleImageId":"0e9ddd20-506d-46f3-a385-e9b382f888a6","imagecount":10,"advertiserName":"Fairview Motors","isTrade":true},{"advertId":"31513595657745490","vehicleMake":"Volkswagen","vehicleModel":"Jetta","vehicleDerivative":"1.4 TSi only 15km","vehiclePriceEuro":15950,"vehicleYearOfManufacture":2010,"advertiserCounty":"Cork","isPSL":false,"privatePSL":false,"vehicleImageId":"0e5b5c74-83dc-4ec0-9b43-8ed01821b88f","imagecount":12,"advertiserName":"O'Leary's Lissarda (Volkswagen Dealer)","isTrade":true},{"advertId":"34213600907574410","vehicleMake":"Volkswagen","vehicleModel":"Jetta","vehicleDerivative":"1.6TDI Trendline","vehiclePriceEuro":15750,"vehicleYearOfManufacture":2010,"advertiserCounty":"Longford","isPSL":false,"privatePSL":false,"vehicleImageId":"8de83ae2-d1a0-4648-8f8a-2b6eb3b79a61","imagecount":10,"advertiserName":"O Reilly and Sons","isTrade":true},{"advertId":"201302211870360","vehicleMake":"Volkswagen","vehicleModel":"Jetta","vehicleDerivative":"JETTA CL 1.6 TDI MANUAL 5S FWD 105BHP 4DR","vehiclePriceEuro":15250,"vehicleYearOfManufacture":2010,"advertiserCounty":"Roscommon","isPSL":true,"privatePSL":false,"vehicleImageId":"14254303","imagecount":4,"isTrade":false},{"advertId":"201242210576559","vehicleMake":"Volkswagen","vehicleModel":"Jetta","vehicleDerivative":"JETTA TL 1.6 TDI MANUAL 5S FWD 105BHP 4DR","vehiclePriceEuro":15000,"vehicleYearOfManufacture":2010,"advertiserCounty":"Offaly","isPSL":true,"privatePSL":false,"vehicleImageId":"14060532","imagecount":9,"isTrade":false},{"advertId":"31913576644756820","vehicleMake":"Volkswagen","vehicleModel":"Jetta","vehiclePriceEuro":14950,"vehicleYearOfManufacture":2010,"advertiserCounty":"Mayo","isPSL":false,"privatePSL":false,"vehicleImageId":"1c77629b-446d-4e6d-b3c7-d4cf84cfe1c3","imagecount":9,"advertiserName":"Tim Hastings Ltd","isTrade":true},{"advertId":"32113567067045630","vehicleMake":"Volkswagen","vehicleModel":"Jetta","vehicleDerivative":"COMFORT","vehiclePriceEuro":14900,"vehicleYearOfManufacture":2010,"advertiserCounty":"Westmeath","isPSL":false,"privatePSL":false,"vehicleImageId":"9f73120a-c41e-4d7e-be45-6a92979fe09d","imagecount":6,"advertiserName":"Mullingar Autos Ltd","isTrade":true},{"advertId":"34013612859468150","vehicleMake":"Volkswagen","vehicleModel":"Jetta","vehicleDerivative":"Trendline","vehiclePriceEuro":14500,"vehicleYearOfManufacture":2010,"advertiserCounty":"Longford","isPSL":false,"privatePSL":false,"vehicleImageId":"6e56b84a-8c7d-42b6-a98f-996137db65df","imagecount":10,"advertiserName":"O Reilly and Sons","isTrade":true},{"advertId":"34313617938661600","vehicleMake":"Volkswagen","vehicleModel":"Jetta","vehicleDerivative":"CL 1.4 TSI MANUAL 6SPEED 122BHP 4DR","vehiclePriceEuro":14450,"vehicleYearOfManufacture":2010,"advertiserCounty":"Dublin","isPSL":true,"privatePSL":false,"vehicleImageId":"53e7a9b1-70e3-469b-abbc-137011497828","imagecount":1,"advertiserName":"Rialto Ford","isTrade":true},{"advertId":"33913613764114680","vehicleMake":"Volkswagen","vehicleModel":"Jetta","vehicleDerivative":"CL 1.6 TDI MANUAL 5SPEED FWD 105BHP 4DR","vehiclePriceEuro":0,"vehicleYearOfManufacture":2010,"advertiserCounty":"Galway","isPSL":true,"privatePSL":false,"vehicleImageId":"0769e2b5-bb59-4245-910a-d2484114d418","imagecount":13,"advertiserName":"Al Hayes Motors Ltd","isTrade":true},{"advertId":"34213607351661310","vehicleMake":"Volkswagen","vehicleModel":"Jetta","vehicleDerivative":"Automatic Comfortline","vehiclePriceEuro":15950,"vehicleYearOfManufacture":2009,"advertiserCounty":"Dublin","isPSL":false,"privatePSL":false,"vehicleImageId":"01617943-ff4e-43d1-a955-f1b13f3515ae","imagecount":15,"advertiserName":"Karmann","isTrade":true}],"totalAdvertCount":45174}