{"adverts":[{"advertId":"1113274241560220","vehicleMake":"Mercedes-Benz","vehicleModel":"E-Class","vehicleDerivative":"E 200","vehiclePriceEuro":3000,"vehicleYearOfManufacture":2000,"advertiserCounty":"Carlow","isPSL":true,"privatePSL":false,"vehicleImageId":"6ba5f751-0476-4bf1-bee3-c0772085a008","imagecount":5,"advertiserName":"Meridian Motors","isTrade":true},{"advertId":"201301211800245","vehicleMake":"Mercedes-Benz","vehicleModel":"E-Class","vehicleDerivative":"V6 A/T F/L","vehiclePriceEuro":3000,"vehicleYearOfManufacture":2000,"advertiserCounty":"Dublin","isPSL":true,"privatePSL":false,"vehicleImageId":"13874282","imagecount":9,"isTrade":false},{"advertId":"201243210628110","vehicleMake":"Mercedes-Benz","vehicleModel":"E-Class","vehicleDerivative":"MERCEDES CDI A/T","vehiclePriceEuro":3000,"vehicleYearOfManufacture":2000,"advertiserCounty":"Mayo","isPSL":true,"privatePSL":false,"imagecount":0,"isTrade":false},{"advertId":"201305212204868","vehicleMake":"Mercedes-Benz","vehicleModel":"E-Class","vehicleDerivative":"E SERIES CDI AVANTGARDE 04DR A","vehiclePriceEuro":2800,"vehicleYearOfManufacture":2000,"advertiserCounty":"Dublin","isPSL":true,"privatePSL":false,"imagecount":0,"isTrade":false},{"advertId":"813267094025010","vehicleMake":"Mercedes-Benz","vehicleModel":"E-Class","vehicleDerivative":"E240","vehiclePriceEuro":2750,"vehicleYearOfManufacture":2000,"advertiserCounty":"Limerick","isPSL":false,"privatePSL":false,"vehicleImageId":"f26d8ca4-9c70-4712-9c48-a2aea8c44f93","imagecount":6,"advertiserName":"John Moloney Motors","isTrade":true},{"advertId":"201304212093074","vehicleMake":"Mercedes-Benz","vehicleModel":"E-Class","vehicleDerivative":"E 200 4DR Elegance","vehiclePriceEuro":2750,"vehicleYearOfManufacture":2000,"advertiserCounty":"Dublin","isPSL":true,"privatePSL":false,"vehicleImageId":"14293306","imagecount":4,"isTrade":false},{"advertId":"201245210905392","vehicleMake":"Mercedes-Benz","vehicleModel":"E-Class","vehicleDerivative":"Classic","vehiclePriceEuro":2650,"vehicleYearOfManufacture":2000,"advertiserCounty":"Galway","isPSL":true,"privatePSL":false,"vehicleImageId":"14122342","imagecount":6,"isTrade":false},{"advertId":"201304212093065","vehicleMake":"Mercedes-Benz","vehicleModel":"E-Class","vehicleDerivative":"E 200 F/L F-L 4DR A","vehiclePriceEuro":2550,"vehicleYearOfManufacture":2000,"advertiserCounty":"Dublin","isPSL":true,"privatePSL":true,"vehicleImageId":"14284365","imagecount":1,"isTrade":false},{"advertId":"613267099828510","vehicleMake":"Mercedes-Benz","vehicleModel":"E-Class","vehicleDerivative":"KOMPRESSOR 200 4DR A","vehiclePriceEuro":2500,"vehicleYearOfManufacture":2000,"advertiserCounty":"Limerick","isPSL":false,"privatePSL":false,"vehicleImageId":"3bd7cb8b-cf8c-4712-ae8a-54a07fe5626d","imagecount":8,"advertiserName":"John Moloney Motors","isTrade":true},{"advertId":"713232470119060","vehicleMake":"Mercedes-Benz","vehicleModel":"E-Class","vehicleDerivative":"MERCEDES CDI A/T","vehiclePriceEuro":2495,"vehicleYearOfManufacture":2000,"advertiserCounty":"Waterford","isPSL":false,"privatePSL":false,"vehicleImageId":"37522fd3-dee0-47ff-a40f-8a94045aa075","imagecount":7,"advertiserName":"Castletown Carsales","isTrade":true},{"advertId":"201304212137440","vehicleMake":"Mercedes-Benz","vehicleModel":"E-Class","vehicleDerivative":"E 200 F/L F-L 4DR A","vehiclePriceEuro":2250,"vehicleYearOfManufacture":2000,"advertiserCounty":"Louth","isPSL":true,"privatePSL":false,"vehicleImageId":"14290263","imagecount":1,"isTrade":false},{"advertId":"201245210854189","vehicleMake":"Mercedes-Benz","vehicleModel":"E-Class","vehicleDerivative":"E200 KOMPRESSOR 200 04DR A","vehiclePriceEuro":2250,"vehicleYearOfManufacture":2000,"advertiserCounty":"Limerick","isPSL":true,"privatePSL":false,"vehicleImageId":"14105311","imagecount":2,"isTrade":false},{"advertId":"201245210926673","vehicleMake":"Mercedes-Benz","vehicleModel":"E-Class","vehicleDerivative":"E240 T V6 ELEGANCE 5DR A","vehiclePriceEuro":2200,"vehicleYearOfManufacture":2000,"advertiserCounty":"Dublin","isPSL":true,"privatePSL":false,"vehicleImageId":"14133415","imagecount":4,"isTrade":false},{"advertId":"30813498653379430","vehicleMake":"Mercedes-Benz","vehicleModel":"E-Class","vehicleDerivative":"E CLASS  ESTATE AUTO 7 SEATER AUTO  NCT 04/14 ","vehiclePriceEuro":1950,"vehicleYearOfManufacture":2000,"advertiserCounty":"Dublin","isPSL":false,"privatePSL":false,"vehicleImageId":"79964ef8-d595-4fec-a5b7-aa1c894753e5","imagecount":8,"advertiserName":"Ferndale Cars Ltd","isTrade":true},{"advertId":"201245210926514","vehicleMake":"Mercedes-Benz","vehicleModel":"E-Class","vehicleDerivative":"E240 V6 2.3","vehiclePriceEuro":1950,"vehicleYearOfManufacture":2000,"advertiserCounty":"Dublin","isPSL":true,"privatePSL":false,"vehicleImageId":"14127189","imagecount":9,"isTrade":false},{"advertId":"201250211384453","vehicleMake":"Mercedes-Benz","vehicleModel":"E-Class","vehicleDerivative":"E 240 V6/2","vehiclePriceEuro":1500,"vehicleYearOfManufacture":2000,"advertiserCounty":"Wicklow","isPSL":true,"privatePSL":false,"vehicleImageId":"14203265","imagecount":3,"isTrade":false},{"advertId":"13313397103211510","vehicleMake":"Mercedes-Benz","vehicleModel":"E-Class","vehicleDerivative":"E 200 F/L","vehiclePriceEuro":0,"vehicleYearOfManufacture":2000,"advertiserCounty":"Tipperary","isPSL":false,"privatePSL":false,"vehicleImageId":"a23ef9f3-a572-48fd-a35f-0357f8c61b10","imagecount":8,"advertiserName":"Strang Motors Ltd","isTrade":true},{"advertId":"31413553140014890","vehicleMake":"Mercedes-Benz","vehicleModel":"E-Class","vehicleDerivative":"240 AT Elegence Leather","vehiclePriceEuro":2950,"vehicleYearOfManufacture":1999,"advertiserCounty":"Cork","isPSL":false,"privatePSL":false,"vehicleImageId":"5a170560-b83a-457c-ad38-37fc084fd64d","imagecount":9,"advertiserName":"O'Leary's Lissarda (Volkswagen Dealer)","isTrade":true},{"advertId":"201245210905450","vehicleMake":"Mercedes-Benz","vehicleModel":"E-Class","vehiclePriceEuro":1999,"vehicleYearOfManufacture":1999,"advertiserCounty":"Tipperary","isPSL":true,"privatePSL":false,"vehicleImageId":"14122620","imagecount":8,"isTrade":false},{"advertId":"31813592210917450","vehicleMake":"Mercedes-Benz","vehicleModel":"E-Class","vehicleDerivative":"Elegance AUTO,Leather,NCT,TAX","vehiclePriceEuro":1950,"vehicleYearOfManufacture":1999,"advertiserCounty":"Dublin","isPSL":true,"privatePSL":false,"vehicleImageId":"efb276b5-ad16-4a47-aa41-c3a0dadf13c7","imagecount":10,"advertiserName":"First Choice Auto's","isTrade":true},{"advertId":"201250211405710","vehicleMake":"Mercedes-Benz","vehicleModel":"E-Class","vehicleDerivative":"E200","vehiclePriceEuro":1900,"vehicleYearOfManufacture":1999,"advertiserCounty":"Dublin","isPSL":true,"privatePSL":false,"vehicleImageId":"14205495","imagecount":8,"isTrade":false},{"advertId":"413261010991860","vehicleMake":"Mercedes-Benz","vehicleModel":"E-Class","vehicleDerivative":"200","vehiclePriceEuro":1600,"vehicleYearOfManufacture":1999,"advertiserCounty":"Tipperary","isPSL":false,"privatePSL":false,"vehicleImageId":"1d67d133-1300-4d01-a4bf-3388505ff810","imagecount":5,"advertiserName":"Cathal O'Brien Car sales","isTrade":true},{"advertId":"201251211518191","vehicleMake":"Mercedes-Benz","vehicleModel":"E-Class","vehicleDerivative":"AUTO","vehiclePriceEuro":1500,"vehicleYearOfManufacture":1999,"advertiserCounty":"Dublin","isPSL":true,"privatePSL":false,"vehicleImageId":"13419808","imagecount":9,"isTrade":false},{"advertId":"201303212004541","vehicleMake":"Mercedes-Benz","vehicleModel":"E-Class","vehicleDerivative":"TD T AVANTGARDE 05DR A","vehiclePriceEuro":1500,"vehicleYearOfManufacture":1999,"advertiserCounty":"Dublin","isPSL":true,"privatePSL":false,"vehicleImageId":"14272658","imagecount":3,"isTrade":false},{"advertId":"31813553140005570","vehicleMake":"Mercedes-Benz","vehicleModel":"E-Class","vehicleDerivative":"200.","vehiclePriceEuro":1500,"vehicleYearOfManufacture":1999,"advertiserCounty":"Cork","isPSL":false,"privatePSL":false,"imagecount":0,"advertiserName":"O'Leary's Lissarda (Volkswagen Dealer)","isTrade":true},{"advertId":"31413585246206900","vehicleMake":"Mercedes-Benz","vehicleModel":"E-Class","vehicleDerivative":"Estate nct until April 2013","vehiclePriceEuro":1499,"vehicleYearOfManufacture":1999,"advertiserCounty":"Kildare","isPSL":false,"privatePSL":false,"vehicleImageId":"03b567d8-719d-4f39-be5b-32f0e015a9da","imagecount":4,"advertiserName":"Brendan Conlan Automobiles","isTrade":true},{"advertId":"613271544045460","vehicleMake":"Mercedes-Benz","vehicleModel":"E-Class","vehicleDerivative":"DT AUTO ","vehiclePriceEuro":1365,"vehicleYearOfManufacture":1999,"advertiserCounty":"Dublin","isPSL":false,"privatePSL":false,"vehicleImageId":"f396daee-9e1c-4568-9994-1b25af725ce7","imagecount":7,"advertiserName":"Automania Dublin","isTrade":true},{"advertId":"201302211868845","vehicleMake":"Mercedes-Benz","vehicleModel":"E-Class","vehicleDerivative":"E220 Diesel Auto / NCT","vehiclePriceEuro":1300,"vehicleYearOfManufacture":1999,"advertiserCounty":"Meath","isPSL":true,"privatePSL":false,"vehicleImageId":"14253450","imagecount":7,"isTrade":false},{"advertId":"201307212457197","vehicleMake":"Mercedes-Benz","vehicleModel":"E-Class","vehiclePriceEuro":1300,"vehicleYearOfManufacture":1999,"advertiserCounty":"Dublin","isPSL":true,"privatePSL":false,"imagecount":0,"isTrade":false},{"advertId":"201309212649654","vehicleMake":"Mercedes-Benz","vehicleModel":"E-Class","vehicleDerivative":"E200T F/L","vehiclePriceEuro":1200,"vehicleYearOfManufacture":1999,"advertiserCounty":"Limerick","isPSL":true,"privatePSL":false,"vehicleImageId":"14370704","imagecount":9,"isTrade":false},{"advertId":"201250211369088","vehicleMake":"Mercedes-Benz","vehicleModel":"E-Class","vehicleDerivative":"E 240 V6 AUTO","vehiclePriceEuro":1200,"vehicleYearOfManufacture":1999,"advertiserCounty":"Dublin","isPSL":true,"privatePSL":false,"vehicleImageId":"13818561","imagecount":6,"isTrade":false},{"advertId":"201251211515909","vehicleMake":"Mercedes-Benz","vehicleModel":"E-Class","vehicleDerivative":"DT AUTO","vehiclePriceEuro":2000,"vehicleYearOfManufacture":1998,"advertiserCounty":"Mayo","isPSL":true,"privatePSL":false,"vehicleImageId":"13847154","imagecount":6,"isTrade":false},{"advertId":"201245210845826","vehicleMake":"Mercedes-Benz","vehicleModel":"E-Class","vehicleDerivative":"AUTO","vehiclePriceEuro":1495,"vehicleYearOfManufacture":1998,"advertiserCounty":"Dublin","isPSL":true,"privatePSL":false,"vehicleImageId":"14103646","imagecount":9,"isTrade":false},{"advertId":"201251211494466","vehicleMake":"Mercedes-Benz","vehicleModel":"E-Class","vehicleDerivative":"E 240 V6 AUTO","vehiclePriceEuro":1450,"vehicleYearOfManufacture":1998,"advertiserCounty":"Galway","isPSL":true,"privatePSL":false,"vehicleImageId":"14216790","imagecount":4,"isTrade":false},{"advertId":"201302211824203","vehicleMake":"Mercedes-Benz","vehicleModel":"E-Class","vehicleDerivative":"E200 Auto","vehiclePriceEuro":1400,"vehicleYearOfManufacture":1998,"advertiserCounty":"Cork","isPSL":true,"privatePSL":false,"imagecount":0,"isTrade":false},{"advertId":"30813487374749150","vehicleMake":"Mercedes-Benz","vehicleModel":"E-Class","vehicleDerivative":"ELEGANCE AUTO","vehiclePriceEuro":1150,"vehicleYearOfManufacture":1998,"advertiserCounty":"Cork","isPSL":false,"privatePSL":false,"vehicleImageId":"66ba7fea-f3c2-47a9-9671-cdac1bf7bf3e","imagecount":7,"advertiserName":"Jonathan O Brien Cars","isTrade":true},{"advertId":"201246210951043","vehicleMake":"Mercedes-Benz","vehicleModel":"E-Class","vehicleDerivative":"E280 AVANTGARDE 04DR A","vehiclePriceEuro":1100,"vehicleYearOfManufacture":1998,"advertiserCounty":"Dublin","isPSL":true,"privatePSL":false,"vehicleImageId":"13743363","imagecount":3,"isTrade":false},{"advertId":"201248211239074","vehicleMake":"Mercedes-Benz","vehicleModel":"E-Class","vehicleDerivative":"Classic","vehiclePriceEuro":1000,"vehicleYearOfManufacture":1998,"advertiserCounty":"Dublin","isPSL":true,"privatePSL":false,"imagecount":0,"isTrade":false},{"advertId":"201250211384237","vehicleMake":"Mercedes-Benz","vehicleModel":"E-Class","vehicleDerivative":"E 240 V6 AUTO","vehiclePriceEuro":999,"vehicleYearOfManufacture":1998,"advertiserCounty":"Kildare","isPSL":true,"privatePSL":false,"vehicleImageId":"14203004","imagecount":2,"isTrade":false},{"advertId":"29413450397551380","vehicleMake":"Mercedes-Benz","vehicleModel":"E-Class","vehicleDerivative":"AUTO","vehiclePriceEuro":790,"vehicleYearOfManufacture":1998,"advertiserCounty":"Dublin","isPSL":false,"privatePSL":false,"vehicleImageId":"0410070e-8d36-4fe6-8401-16e71d52382b","imagecount":12,"advertiserName":"Automania Dublin","isTrade":true},{"advertId":"201305212204859","vehicleMake":"Mercedes-Benz","vehicleModel":"E-Class","vehicleDerivative":"AUTO","vehiclePriceEuro":1600,"vehicleYearOfManufacture":1997,"advertiserCounty":"Dublin","isPSL":true,"privatePSL":false,"vehicleImageId":"14301729","imagecount":4,"isTrade":false},{"advertId":"5713310767626270","vehicleMake":"Mercedes-Benz","vehicleModel":"E-Class","vehicleDerivative":"E230 ELEGANCE AUTO","vehiclePriceEuro":1000,"vehicleYearOfManufacture":1997,"advertiserCounty":"Tipperary","isPSL":false,"privatePSL":false,"vehicleImageId":"8ea2e5b5-2aa1-48d7-8405-729ffdc6f918","imagecount":7,"advertiserName":"Strang Motors Ltd","isTrade":true},{"advertId":"201305212205257","vehicleMake":"Mercedes-Benz","vehicleModel":"E-Class","vehicleDerivative":"ELEGANCE","vehiclePriceEuro":950,"vehicleYearOfManufacture":1997,"advertiserCounty":"Dublin","isPSL":true,"privatePSL":false,"vehicleImageId":"13946289","imagecount":6,"isTrade":false},{"advertId":"201303211982257","vehicleMake":"Mercedes-Benz","vehicleModel":"E-Class","vehicleDerivative":"AVANTGARDE","vehiclePriceEuro":900,"vehicleYearOfManufacture":1997,"advertiserCounty":"Dublin","isPSL":true,"privatePSL":false,"imagecount":0,"isTrade":false},{"advertId":"201305212273158","vehicleMake":"Mercedes-Benz","vehicleModel":"E-Class","vehicleDerivative":"classic","vehiclePriceEuro":800,"vehicleYearOfManufacture":1997,"advertiserCounty":"Dublin","isPSL":true,"privatePSL":false,"vehicleImageId":"13962668","imagecount":8,"isTrade":false},{"advertId":"201245210846573","vehicleMake":"Mercedes-Benz","vehicleModel":"E-Class","vehicleDerivative":"230","vehiclePriceEuro":750,"vehicleYearOfManufacture":1997,"advertiserCounty":"Dublin","isPSL":true,"privatePSL":false,"vehicleImageId":"14097171","imagecount":9,"isTrade":false},{"advertId":"201308212547972","vehicleMake":"Mercedes-Benz","vehicleModel":"E-Class","vehicleDerivative":"CONVERTIBLE 2DR","vehiclePriceEuro":9950,"vehicleYearOfManufacture":1996,"advertiserCounty":"Dublin","isPSL":true,"privatePSL":false,"vehicleImageId":"14356256","imagecount":9,"isTrade":false},{"advertId":"31413529786254540","vehicleMake":"Mercedes-Benz","vehicleModel":"E-Class","vehicleDerivative":"E 220 COUPE","vehiclePriceEuro":6750,"vehicleYearOfManufacture":1996,"advertiserCounty":"Dublin","isPSL":false,"privatePSL":false,"vehicleImageId":"f3a18f37-26c2-48c0-8134-7f7971197b28","imagecount":6,"advertiserName":"Chris Fleming Cars","isTrade":true},{"advertId":"713261010842390","vehicleMake":"Mercedes-Benz","vehicleModel":"E-Class","vehicleDerivative":"200 Kompresser Advantguard","vehiclePriceEuro":2000,"vehicleYearOfManufacture":1996,"advertiserCounty":"Tipperary","isPSL":false,"privatePSL":false,"vehicleImageId":"bff45a29-ebce-4565-907f-659624fd5c23","imagecount":5,"advertiserName":"Cathal O'Brien Car sales","isTrade":true},{"advertId":"201250211426558","vehicleMake":"Mercedes-Benz","vehicleModel":"E-Class","vehicleDerivative":"Elegance","vehiclePriceEuro":999,"vehicleYearOfManufacture":1996,"advertiserCounty":"Waterford","isPSL":true,"privatePSL":false,"vehicleImageId":"13415297","imagecount":9,"isTrade":false},{"advertId":"813256692216020","vehicleMake":"Mercedes-Benz","vehicleModel":"E-Class","vehicleDerivative":"E 220","vehiclePriceEuro":0,"vehicleYearOfManufacture":1996,"advertiserCounty":"Galway","isPSL":true,"privatePSL":false,"vehicleImageId":"9eed2167-2f7c-42f1-be67-5cb635a98bed","imagecount":7,"advertiserName":"Adrian Quinn Car Sales","isTrade":true},{"advertId":"31413494348193950","vehicleMake":"Mercedes-Benz","vehicleModel":"E-Class","vehicleDerivative":"CABRIOLET ***SOFT TOP + WIESSMAN HARDTOP***","vehiclePriceEuro":9950,"vehicleYearOfManufacture":1995,"advertiserCounty":"Dublin","isPSL":true,"privatePSL":false,"vehicleImageId":"408d429b-133a-4d46-899b-6510e4d5c2ac","imagecount":10,"advertiserName":"Cameron Car Sales","isTrade":true},{"advertId":"201251211518121","vehicleMake":"Mercedes-Benz","vehicleModel":"E-Class","vehicleDerivative":"C AUTO","vehiclePriceEuro":5995,"vehicleYearOfManufacture":1995,"advertiserCounty":"Dublin","isPSL":true,"privatePSL":false,"vehicleImageId":"13847647","imagecount":3,"isTrade":false},{"advertId":"201310212771265","vehicleMake":"Mercedes-Benz","vehicleModel":"E-Class","vehicleDerivative":"E200 **Diesel**","vehiclePriceEuro":3950,"vehicleYearOfManufacture":1995,"advertiserCounty":"Kildare","isPSL":true,"privatePSL":false,"vehicleImageId":"14386640","imagecount":9,"isTrade":false},{"advertId":"201201211707369","vehicleMake":"Mercedes-Benz","vehicleModel":"E-Class","vehicleDerivative":"E280 T 05DR A","vehiclePriceEuro":3950,"vehicleYearOfManufacture":1995,"advertiserCounty":"Dublin","isPSL":true,"privatePSL":false,"vehicleImageId":"13886534","imagecount":9,"isTrade":false},{"advertId":"201251211518352","vehicleMake":"Mercedes-Benz","vehicleModel":"E-Class","vehicleDerivative":"124","vehiclePriceEuro":1700,"vehicleYearOfManufacture":1995,"advertiserCounty":"Kildare","isPSL":true,"privatePSL":false,"vehicleImageId":"14219783","imagecount":6,"isTrade":false},{"advertId":"33213621589049510","vehicleMake":"Mercedes-Benz","vehicleModel":"E-Class","vehicleDerivative":"E-220 AUTO....NCT 12/13.....LEATHER","vehiclePriceEuro":1495,"vehicleYearOfManufacture":1995,"advertiserCounty":"Dublin","isPSL":false,"privatePSL":false,"vehicleImageId":"56763e07-c24e-4465-be24-b8dd5bf88fc1","imagecount":12,"advertiserName":"Jim Rock Motors Ltd","isTrade":true},{"advertId":"201302211892220","vehicleMake":"Mercedes-Benz","vehicleModel":"E-Class","vehicleDerivative":"AUTO","vehiclePriceEuro":1200,"vehicleYearOfManufacture":1995,"advertiserCounty":"Kerry","isPSL":true,"privatePSL":false,"vehicleImageId":"14258284","imagecount":8,"isTrade":false},{"advertId":"30913501400880690","vehicleMake":"Mercedes-Benz","vehicleModel":"E-Class","vehicleDerivative":"E 320 Cabrio ","vehiclePriceEuro":11950,"vehicleYearOfManufacture":1994,"advertiserCounty":"Dublin","isPSL":false,"privatePSL":false,"vehicleImageId":"71e86b2f-5153-427f-9713-48d62fb40459","imagecount":15,"advertiserName":"Dermot Wallace Motors","isTrade":true},{"advertId":"201307212433093","vehicleMake":"Mercedes-Benz","vehicleModel":"E-Class","vehicleDerivative":"Sportline Model","vehiclePriceEuro":10950,"vehicleYearOfManufacture":1994,"advertiserCounty":"Clare","isPSL":true,"privatePSL":false,"vehicleImageId":"13992715","imagecount":5,"isTrade":false},{"advertId":"201245210892322","vehicleMake":"Mercedes-Benz","vehicleModel":"E-Class","vehicleDerivative":"2 door","vehiclePriceEuro":10800,"vehicleYearOfManufacture":1994,"advertiserCounty":"Dublin","isPSL":true,"privatePSL":false,"vehicleImageId":"14114036","imagecount":4,"isTrade":false},{"advertId":"201246211036048","vehicleMake":"Mercedes-Benz","vehicleModel":"E-Class","vehicleDerivative":"e220 w124 series","vehiclePriceEuro":4750,"vehicleYearOfManufacture":1994,"advertiserCounty":"Dublin","isPSL":true,"privatePSL":false,"vehicleImageId":"14248967","imagecount":8,"isTrade":false},{"advertId":"813239422793070","vehicleMake":"Mercedes-Benz","vehicleModel":"E-Class","vehicleDerivative":"Sport Coupe","vehiclePriceEuro":2950,"vehicleYearOfManufacture":1994,"advertiserCounty":"Dublin","isPSL":false,"privatePSL":false,"vehicleImageId":"dbf008c8-2bd1-41ae-a3a2-6e72645e1827","imagecount":8,"advertiserName":"Martin Doolan Motors","isTrade":true},{"advertId":"33213617115472470","vehicleMake":"Mercedes-Benz","vehicleModel":"E-Class","vehicleDerivative":"E SERIES CONVERTIBLE 2DR A","vehiclePriceEuro":6950,"vehicleYearOfManufacture":1993,"advertiserCounty":"Meath","isPSL":false,"privatePSL":false,"vehicleImageId":"e91ab415-2a4a-41d9-bde0-12bffd8f7a20","imagecount":6,"advertiserName":"Mike Armstrong Cars","isTrade":true},{"advertId":"201249211340768","vehicleMake":"Mercedes-Benz","vehicleModel":"E-Class","vehicleDerivative":"200TE","vehiclePriceEuro":2750,"vehicleYearOfManufacture":1990,"advertiserCounty":"Dublin","isPSL":true,"privatePSL":false,"imagecount":0,"isTrade":false},{"advertId":"30213463421982510","vehicleMake":"Mercedes-Benz","vehicleModel":"E-Class","vehicleDerivative":"E 200  NCT 4/2013  **STRAIGHT CASH PRICE €1,750 **","vehiclePriceEuro":1750,"vehicleYearOfManufacture":1988,"advertiserCounty":"Dublin","isPSL":false,"privatePSL":false,"vehicleImageId":"bd1a8419-9b0e-4020-831b-880f908f7676","imagecount":13,"advertiserName":"Carcraft","isTrade":true},{"advertId":"201305212227698","vehicleMake":"Mercedes-Benz","vehicleModel":"G-Class","vehicleDerivative":"G Series Factory Armoured","vehiclePriceEuro":34995,"vehicleYearOfManufacture":1994,"advertiserCounty":"Dublin","isPSL":true,"privatePSL":false,"vehicleImageId":"8632868","imagecount":7,"isTrade":false},{"advertId":"201252211683443","vehicleMake":"Mercedes-Benz","vehicleModel":"G-Class","vehicleDerivative":"350 GDL TURBO","vehiclePriceEuro":21500,"vehicleYearOfManufacture":1994,"advertiserCounty":"Wicklow","isPSL":true,"privatePSL":false,"vehicleImageId":"14245198","imagecount":9,"isTrade":false},{"advertId":"201306212337855","vehicleMake":"Mercedes-Benz","vehicleModel":"G-Class","vehicleDerivative":"300 GD LWB 5DR","vehiclePriceEuro":15000,"vehicleYearOfManufacture":1989,"advertiserCounty":"Dublin","isPSL":true,"privatePSL":false,"vehicleImageId":"14325382","imagecount":9,"isTrade":false},{"advertId":"201304212137517","vehicleMake":"Mercedes-Benz","vehicleModel":"G-Class","vehicleDerivative":"ge 280","vehiclePriceEuro":5250,"vehicleYearOfManufacture":1987,"advertiserCounty":"Cork","isPSL":true,"privatePSL":false,"vehicleImageId":"14290573","imagecount":7,"isTrade":false},{"advertId":"213226463103100","vehicleMake":"Mercedes-Benz","vehicleModel":"GL-Class","vehicleDerivative":"GL320 CDI 7 Seater","vehiclePriceEuro":39950,"vehicleYearOfManufacture":2008,"advertiserCounty":"Kildare","isPSL":false,"privatePSL":false,"vehicleImageId":"ec054caa-e51c-4f5b-a02f-a862e1dd2cdc","imagecount":4,"advertiserName":"N. Conlan and Sons","isTrade":true},{"advertId":"33213620901382230","vehicleMake":"Mercedes-Benz","vehicleModel":"GL-Class","vehicleDerivative":"GL 320 CDi AUTO==HUGE SPEC==","vehiclePriceEuro":34950,"vehicleYearOfManufacture":2008,"advertiserCounty":"Galway","isPSL":true,"privatePSL":false,"imagecount":0,"advertiserName":"Adrian Quinn Car Sales","isTrade":true},{"advertId":"15413404386118870","vehicleMake":"Mercedes-Benz","vehicleModel":"GL-Class","vehicleDerivative":"GL320 CDI 5DR Auto  7 Seats","vehiclePriceEuro":0,"vehicleYearOfManufacture":2008,"advertiserCounty":"Dublin","isPSL":false,"privatePSL":false,"vehicleImageId":"9d7fb901-6bea-4189-933c-59f1b1785027","imagecount":14,"advertiserName":"Dermot Wallace Motors","isTrade":true},{"advertId":"31713496985872650","vehicleMake":"Mercedes-Benz","vehicleModel":"GL-Class","vehicleDerivative":"GL CDI 5DR A","vehiclePriceEuro":29950,"vehicleYearOfManufacture":2007,"advertiserCounty":"Dublin","isPSL":false,"privatePSL":false,"vehicleImageId":"5715b16e-ae5c-4d6f-b4ab-867fccca2a45","imagecount":16,"advertiserName":"Vanpoint Cars + 4x4`s","isTrade":true},{"advertId":"201247211058352","vehicleMake":"Mercedes-Benz","vehicleModel":"GL-Class","vehicleDerivative":"GL320 CDI 5DR A 320","vehiclePriceEuro":25000,"vehicleYearOfManufacture":2007,"advertiserCounty":"Kildare","isPSL":true,"privatePSL":false,"vehicleImageId":"14152057","imagecount":9,"isTrade":false},{"advertId":"14513402160246340","vehicleMake":"Mercedes-Benz","vehicleModel":"GL-Class","vehicleDerivative":"GL320 CDI   320 ","vehiclePriceEuro":20950,"vehicleYearOfManufacture":2007,"advertiserCounty":"Dublin","isPSL":true,"privatePSL":false,"vehicleImageId":"68f4b5f4-bbc4-45eb-a2e9-5a70aa530f7c","imagecount":13,"advertiserName":"Sarsfield Motor Company S.C.R. Kilmainham","isTrade":true},{"advertId":"31413536896789980","vehicleMake":"Mercedes-Benz","vehicleModel":"GL-Class","vehicleDerivative":"***SOLD***","vehiclePriceEuro":0,"vehicleYearOfManufacture":2007,"advertiserCounty":"Westmeath","isPSL":true,"privatePSL":false,"vehicleImageId":"2cba9466-0ef1-4c2d-bfad-647bb0b21151","imagecount":17,"advertiserName":"Michael Moore Athlone","isTrade":true},{"advertId":"30813468345625940","vehicleMake":"Mercedes-Benz","vehicleModel":"M-Class","vehicleDerivative":"250 CDI AMG SPORT - DEMO","vehiclePriceEuro":88356,"vehicleYearOfManufacture":2013,"advertiserCounty":"Dublin","isPSL":true,"privatePSL":false,"vehicleImageId":"5269be77-cd68-4c22-8b0f-741e0773dc7d","imagecount":8,"advertiserName":"Park Motors Mercedes (MSL)","isTrade":true},{"advertId":"33413618905005090","vehicleMake":"Mercedes-Benz","vehicleModel":"M-Class","vehicleDerivative":"ML 250 CDI Bluetec","vehiclePriceEuro":84628,"vehicleYearOfManufacture":2013,"advertiserCounty":"Dublin","isPSL":true,"privatePSL":false,"vehicleImageId":"46dc9752-b274-4fb6-be82-5732d4146e1d","imagecount":18,"advertiserName":"Ballsbridge Motors Mercedes (MSL)","isTrade":true},{"advertId":"22613415649625160","vehicleMake":"Mercedes-Benz","vehicleModel":"M-Class","vehicleDerivative":"250CDI AMG SPORT","vehiclePriceEuro":84500,"vehicleYearOfManufacture":2013,"advertiserCounty":"Meath","isPSL":false,"privatePSL":false,"vehicleImageId":"6e97b63c-89a8-470c-8907-ec216d79fe66","imagecount":9,"advertiserName":"Newgate Motor Company Ltd.","isTrade":true},{"advertId":"34213613670873220","vehicleMake":"Mercedes-Benz","vehicleModel":"M-Class","vehicleDerivative":"250 CDI BLUETEC 4MATIC","vehiclePriceEuro":84378,"vehicleYearOfManufacture":2013,"advertiserCounty":"Cork","isPSL":true,"privatePSL":false,"vehicleImageId":"2d601495-d7b7-4258-9115-00f2e1c4a95e","imagecount":2,"advertiserName":"MSL Cork (located @ EastGate)","isTrade":true},{"advertId":"14113399684570950","vehicleMake":"Mercedes-Benz","vehicleModel":"M-Class","vehicleDerivative":"M L 250 CDI auto","vehiclePriceEuro":84170,"vehicleYearOfManufacture":2013,"advertiserCounty":"Dublin","isPSL":true,"privatePSL":false,"vehicleImageId":"4f58ce88-5410-49cd-9681-03bb304708d7","imagecount":11,"advertiserName":"Denis Mahony Mercedes Benz (M50)","isTrade":true},{"advertId":"14113399689087240","vehicleMake":"Mercedes-Benz","vehicleModel":"M-Class","vehicleDerivative":"M L 250 cdi auto","vehiclePriceEuro":83420,"vehicleYearOfManufacture":2013,"advertiserCounty":"Dublin","isPSL":true,"privatePSL":false,"vehicleImageId":"6bd18039-f626-4225-9af3-1fa0a37b1b73","imagecount":11,"advertiserName":"Denis Mahony Mercedes Benz (M50)","isTrade":true},{"advertId":"29413491945477950","vehicleMake":"Mercedes-Benz","vehicleModel":"M-Class","vehicleDerivative":"Ml 250 Diesel","vehiclePriceEuro":82595,"vehicleYearOfManufacture":2013,"advertiserCounty":"Wexford","isPSL":false,"privatePSL":false,"vehicleImageId":"5f48dcb1-37a1-4454-a9ec-50a66f767ff2","imagecount":8,"advertiserName":"Donohoe Mercedes Benz","isTrade":true},{"advertId":"30613479606397810","vehicleMake":"Mercedes-Benz","vehicleModel":"M-Class","vehicleDerivative":"ML250 Bluetec","vehiclePriceEuro":82150,"vehicleYearOfManufacture":2013,"advertiserCounty":"Dublin","isPSL":false,"privatePSL":false,"vehicleImageId":"e8a1f8e6-e225-4110-9b48-4ff920804335","imagecount":8,"advertiserName":"Annesley Williams Ltd","isTrade":true},{"advertId":"26513425338498010","vehicleMake":"Mercedes-Benz","vehicleModel":"M-Class","vehicleDerivative":"250 CDI BLUETEC 4MATIC","vehiclePriceEuro":81420,"vehicleYearOfManufacture":2013,"advertiserCounty":"Cork","isPSL":true,"privatePSL":false,"vehicleImageId":"1126c152-0faf-447d-9def-5575e8c50e95","imagecount":15,"advertiserName":"MSL Cork (located @ EastGate)","isTrade":true},{"advertId":"31813553139946990","vehicleMake":"Mercedes-Benz","vehicleModel":"M-Class","vehicleDerivative":"250 Bluetec","vehiclePriceEuro":80135,"vehicleYearOfManufacture":2013,"advertiserCounty":"Limerick","isPSL":true,"privatePSL":false,"vehicleImageId":"636fe136-07fb-46e0-aacd-b6a8d27a1ad9","imagecount":9,"advertiserName":"Frank Hogan Ltd.","isTrade":true},{"advertId":"31713553139946710","vehicleMake":"Mercedes-Benz","vehicleModel":"M-Class","vehicleDerivative":"250 Bluetec","vehiclePriceEuro":80135,"vehicleYearOfManufacture":2013,"advertiserCounty":"Limerick","isPSL":true,"privatePSL":false,"vehicleImageId":"5b649602-688a-41a1-a80f-79fad7ff1b48","imagecount":9,"advertiserName":"Frank Hogan Ltd.","isTrade":true},{"advertId":"34113618907143770","vehicleMake":"Mercedes-Benz","vehicleModel":"M-Class","vehicleDerivative":"ML 250 CDI Bluetec","vehiclePriceEuro":79936,"vehicleYearOfManufacture":2013,"advertiserCounty":"Dublin","isPSL":true,"privatePSL":false,"vehicleImageId":"4fe3fe4a-11e2-4628-a9d8-0b1149e8fd61","imagecount":19,"advertiserName":"Ballsbridge Motors Mercedes (MSL)","isTrade":true},{"advertId":"31413576667518790","vehicleMake":"Mercedes-Benz","vehicleModel":"M-Class","vehicleDerivative":"250 CDI BLUETEC","vehiclePriceEuro":79206,"vehicleYearOfManufacture":2013,"advertiserCounty":"Dublin","isPSL":true,"privatePSL":false,"vehicleImageId":"2c2ac316-0ece-4712-af95-d7cda3908b5d","imagecount":9,"advertiserName":"Park Motors Mercedes (MSL)","isTrade":true},{"advertId":"31413518507430830","vehicleMake":"Mercedes-Benz","vehicleModel":"M-Class","vehicleDerivative":"ML250 BLUTEC AMG SPORTS PACK","vehiclePriceEuro":0,"vehicleYearOfManufacture":2013,"advertiserCounty":"Carlow","isPSL":false,"privatePSL":false,"vehicleImageId":"e9722b33-fe95-4fc8-8a7d-8db4fe915379","imagecount":9,"advertiserName":"Sheehy Motors Carlow","isTrade":true},{"advertId":"6313331041223870","vehicleMake":"Mercedes-Benz","vehicleModel":"M-Class","vehicleDerivative":"350CDI HERE FOR JAN 2013","vehiclePriceEuro":0,"vehicleYearOfManufacture":2013,"advertiserCounty":"Laois","isPSL":false,"privatePSL":false,"vehicleImageId":"a7123ffc-1602-446a-9bdd-db08515ae02c","imagecount":10,"advertiserName":"Michael Moore Portarlington","isTrade":true},{"advertId":"33213596284528470","vehicleMake":"Mercedes-Benz","vehicleModel":"M-Class","vehicleDerivative":"COMMERCIAL  ","vehiclePriceEuro":0,"vehicleYearOfManufacture":2013,"advertiserCounty":"Wexford","isPSL":false,"privatePSL":false,"vehicleImageId":"09c283eb-1c85-4e1c-9a3e-74d747b2bd26","imagecount":6,"advertiserName":"Donohoe Mercedes Benz","isTrade":true},{"advertId":"31413547036489250","vehicleMake":"Mercedes-Benz","vehicleModel":"M-Class","vehicleDerivative":"ML250 BLUETEC","vehiclePriceEuro":0,"vehicleYearOfManufacture":2013,"advertiserCounty":"Westmeath","isPSL":true,"privatePSL":false,"imagecount":0,"advertiserName":"Michael Moore Athlone","isTrade":true},{"advertId":"31913529134946250","vehicleMake":"Mercedes-Benz","vehicleModel":"M-Class","vehicleDerivative":"ML250CDI IN STOCK FOR JAN 2013","vehiclePriceEuro":0,"vehicleYearOfManufacture":2013,"advertiserCounty":"Laois","isPSL":false,"privatePSL":false,"vehicleImageId":"62e71207-65af-4ff5-b23f-16f96169b05b","imagecount":10,"advertiserName":"Michael Moore Portarlington","isTrade":true},{"advertId":"33913609390266340","vehicleMake":"Mercedes-Benz","vehicleModel":"M-Class","vehicleDerivative":"ML 350 BLUETEC 4MATIC","vehiclePriceEuro":72950,"vehicleYearOfManufacture":2012,"advertiserCounty":"Dublin","isPSL":true,"privatePSL":false,"vehicleImageId":"a97bef53-2fab-4eea-b9e2-aca5b2502fc1","imagecount":19,"advertiserName":"Ballsbridge Motors Mercedes (MSL)","isTrade":true},{"advertId":"32913611244471330","vehicleMake":"Mercedes-Benz","vehicleModel":"M-Class","vehicleDerivative":"250 BLUETEC 4 MATIC AMG STYLING/PAN ROOF/BLUETOOTH & MORE..€481 ROAD TAX..€91K NEW..LOW MILEAGE..FINANCE AVAILABLE..TRADE IN'S WELCOME..OPEN 7 DAYS..VISIT WWW.BESHOFFMOTORS.IE FOR MORE INFO..","vehiclePriceEuro":72950,"vehicleYearOfManufacture":2012,"advertiserCounty":"Dublin","isPSL":true,"privatePSL":false,"vehicleImageId":"20145bd1-2bdd-49ee-95fe-8ee7dbfe84d6","imagecount":20,"advertiserName":"Beshoff Motors","isTrade":true},{"advertId":"6613382893805060","vehicleMake":"Mercedes-Benz","vehicleModel":"M-Class","vehicleDerivative":"ML 250 BLUETEC 4MATIC","vehiclePriceEuro":69950,"vehicleYearOfManufacture":2012,"advertiserCounty":"Dublin","isPSL":true,"privatePSL":false,"vehicleImageId":"64b107aa-bfc4-48d7-90eb-6f6243200015","imagecount":9,"advertiserName":"Ballsbridge Motors Mercedes (MSL)","isTrade":true},{"advertId":"1313274904945040","vehicleMake":"Mercedes-Benz","vehicleModel":"M-Class","vehicleDerivative":"300CDI ","vehiclePriceEuro":64950,"vehicleYearOfManufacture":2012,"advertiserCounty":"Laois","isPSL":false,"privatePSL":false,"vehicleImageId":"c163ff3c-86e3-4fe6-9b15-8b8eddb9ebde","imagecount":11,"advertiserName":"Michael Moore Portarlington","isTrade":true},{"advertId":"32013581798999760","vehicleMake":"Mercedes-Benz","vehicleModel":"M-Class","vehicleDerivative":"300 CDI BE 4DR AUTO","vehiclePriceEuro":56995,"vehicleYearOfManufacture":2012,"advertiserCounty":"Waterford","isPSL":true,"privatePSL":false,"vehicleImageId":"0a1e2fe9-c3be-4c33-b69f-0b0d756f9ba1","imagecount":5,"advertiserName":"AutoBoland","isTrade":true}],"totalAdvertCount":45174}