{"adverts":[{"advertId":"31313481316392110","vehicleMake":"Renault","vehicleModel":"Fluence","vehicleDerivative":"1.5 DCI 90 DYNAMIQUE 4DR","vehiclePriceEuro":18950,"vehicleYearOfManufacture":2012,"advertiserCounty":"Louth","isPSL":false,"privatePSL":false,"vehicleImageId":"9a23e269-020c-43e3-b541-f59227f3a936","imagecount":11,"advertiserName":"Blackstone Motors","isTrade":true},{"advertId":"31913525467715740","vehicleMake":"Renault","vehicleModel":"Fluence","vehicleDerivative":"1.5 DCI 90 DYNAMIQUE 4DR","vehiclePriceEuro":18550,"vehicleYearOfManufacture":2012,"advertiserCounty":"Dublin","isPSL":false,"privatePSL":false,"vehicleImageId":"b7dfe317-22b1-4f2a-9ada-d92ae49ce49f","imagecount":9,"advertiserName":"Renault Belgard","isTrade":true},{"advertId":"34013612877703410","vehicleMake":"Renault","vehicleModel":"Fluence","vehicleDerivative":"1.5 DCI Tom Tom Edition","vehiclePriceEuro":18450,"vehicleYearOfManufacture":2012,"advertiserCounty":"Dublin","isPSL":false,"privatePSL":false,"vehicleImageId":"19fad562-a90d-4ca6-ab99-789cd02f9642","imagecount":14,"advertiserName":"Kia Liffey Valley","isTrade":true},{"advertId":"34113613583252150","vehicleMake":"Renault","vehicleModel":"Fluence","vehicleDerivative":"1.5 DCI 90 DYNAMIQUE 4DR HERE AT MOONEYS","vehiclePriceEuro":17995,"vehicleYearOfManufacture":2012,"advertiserCounty":"Dublin","isPSL":true,"privatePSL":false,"vehicleImageId":"0044c9f3-58ed-4fad-a8aa-4c9be651c2b4","imagecount":9,"advertiserName":"MOONEY'S","isTrade":true},{"advertId":"32113576254599560","vehicleMake":"Renault","vehicleModel":"Fluence","vehicleDerivative":"SALE NOW ON 1.5 DCI 90 Dynamique 4","vehiclePriceEuro":17995,"vehicleYearOfManufacture":2012,"advertiserCounty":"Waterford","isPSL":true,"privatePSL":false,"vehicleImageId":"0c228d67-1ebd-44f6-ba58-9fd3cf7d49b3","imagecount":8,"advertiserName":"H & H Motors Ltd","isTrade":true},{"advertId":"34113615481484110","vehicleMake":"Renault","vehicleModel":"Fluence","vehicleDerivative":"1.5 DCI 90 DYNAMIQUE 4DR","vehiclePriceEuro":17950,"vehicleYearOfManufacture":2012,"advertiserCounty":"Wexford","isPSL":false,"privatePSL":false,"vehicleImageId":"c0d220f4-635d-458b-87ce-bfe3fac32963","imagecount":5,"advertiserName":"P+H Doyle Renault","isTrade":true},{"advertId":"33213618973007240","vehicleMake":"Renault","vehicleModel":"Fluence","vehicleDerivative":"1.5 DCI 90 DYNAMIQUE 4DR","vehiclePriceEuro":17950,"vehicleYearOfManufacture":2012,"advertiserCounty":"Wexford","isPSL":false,"privatePSL":false,"vehicleImageId":"ba5183d0-a3b8-4fc8-b7c9-356caf9bafda","imagecount":7,"advertiserName":"P+H Doyle Renault","isTrade":true},{"advertId":"31813579197715840","vehicleMake":"Renault","vehicleModel":"Fluence","vehicleDerivative":"SALE NOW ON Expression 1.5 DCI 90","vehiclePriceEuro":17950,"vehicleYearOfManufacture":2012,"advertiserCounty":"Waterford","isPSL":true,"privatePSL":false,"vehicleImageId":"bc270203-76ed-4443-a498-7d3ed39e58c7","imagecount":8,"advertiserName":"H & H Motors Ltd","isTrade":true},{"advertId":"31513579197712850","vehicleMake":"Renault","vehicleModel":"Fluence","vehicleDerivative":"SALE NOW ON 1.5 DCI 90 Dynamique","vehiclePriceEuro":17950,"vehicleYearOfManufacture":2012,"advertiserCounty":"Waterford","isPSL":true,"privatePSL":false,"vehicleImageId":"13e9c112-c877-439e-9f23-c2fccb68bfeb","imagecount":8,"advertiserName":"H & H Motors Ltd","isTrade":true},{"advertId":"31513584289047090","vehicleMake":"Renault","vehicleModel":"Fluence","vehicleDerivative":"CALL NOW ON THIS AMAZING DEMO","vehiclePriceEuro":17899,"vehicleYearOfManufacture":2012,"advertiserCounty":"Cork","isPSL":true,"privatePSL":false,"vehicleImageId":"f3eece05-1e4d-49b0-8b44-e65869a83bce","imagecount":13,"advertiserName":"Kearys Midleton Renault","isTrade":true},{"advertId":"34313600840558020","vehicleMake":"Renault","vehicleModel":"Fluence","vehicleDerivative":"Dynamique","vehiclePriceEuro":17750,"vehicleYearOfManufacture":2012,"advertiserCounty":"Tipperary","isPSL":false,"privatePSL":false,"vehicleImageId":"ce0f5190-10ea-42d6-a1c2-f70b2b5a62fa","imagecount":8,"advertiserName":"Donal Ryan Motor Group (Nenagh)","isTrade":true},{"advertId":"32913602411179550","vehicleMake":"Renault","vehicleModel":"Fluence","vehicleDerivative":"Dynamique great price","vehiclePriceEuro":17495,"vehicleYearOfManufacture":2012,"advertiserCounty":"Cork","isPSL":true,"privatePSL":false,"vehicleImageId":"31cf0743-5832-4968-87ea-ece5ccf8025f","imagecount":8,"advertiserName":"Kearys Renault","isTrade":true},{"advertId":"31113529925685930","vehicleMake":"Renault","vehicleModel":"Fluence","vehicleDerivative":"1.5 DCI 90 DYNAMIQUE 4 4DR","vehiclePriceEuro":17495,"vehicleYearOfManufacture":2012,"advertiserCounty":"Limerick","isPSL":false,"privatePSL":false,"vehicleImageId":"ed883246-706c-4a3a-b31b-81c75f2aa16e","imagecount":11,"advertiserName":"Dennehy Motors","isTrade":true},{"advertId":"31513584290157540","vehicleMake":"Renault","vehicleModel":"Fluence","vehicleDerivative":"VERY LOW MILEAGE CALL NOW FOR TODAYS SPECIAL OFFER ON THIS CAR","vehiclePriceEuro":17494,"vehicleYearOfManufacture":2012,"advertiserCounty":"Cork","isPSL":true,"privatePSL":false,"vehicleImageId":"e270b6f9-b913-4b62-ae01-369619fcbaa3","imagecount":13,"advertiserName":"Kearys Midleton Renault","isTrade":true},{"advertId":"34113620517642290","vehicleMake":"Renault","vehicleModel":"Fluence","vehicleDerivative":"1.5 DCI 90 DYNAMIQUE 4DR","vehiclePriceEuro":17450,"vehicleYearOfManufacture":2012,"advertiserCounty":"Clare","isPSL":false,"privatePSL":false,"vehicleImageId":"d26c743f-5946-4716-936c-0ee23f8cff02","imagecount":7,"advertiserName":"Hogan Motors Ennis","isTrade":true},{"advertId":"31813596432002540","vehicleMake":"Renault","vehicleModel":"Fluence","vehicleDerivative":"**DYNAMIQUE EVERY EXTRA**","vehiclePriceEuro":17444,"vehicleYearOfManufacture":2012,"advertiserCounty":"Cork","isPSL":true,"privatePSL":false,"vehicleImageId":"7b9ab477-053e-4776-b4b8-b3a589f8e85d","imagecount":8,"advertiserName":"Kearys Renault","isTrade":true},{"advertId":"34213607596683220","vehicleMake":"Renault","vehicleModel":"Fluence","vehicleDerivative":"*Just Reduced*","vehiclePriceEuro":17444,"vehicleYearOfManufacture":2012,"advertiserCounty":"Cork","isPSL":true,"privatePSL":false,"vehicleImageId":"53b31b97-f1e9-4ddd-ae4f-2e425199a02c","imagecount":7,"advertiserName":"Kearys Renault","isTrade":true},{"advertId":"32713588509446890","vehicleMake":"Renault","vehicleModel":"Fluence","vehicleDerivative":"**DYNAMIQUE EVERY EXTRA**","vehiclePriceEuro":17444,"vehicleYearOfManufacture":2012,"advertiserCounty":"Cork","isPSL":true,"privatePSL":false,"vehicleImageId":"59b2d25f-eacf-4967-8c42-9014aa0d0980","imagecount":9,"advertiserName":"Kearys Renault","isTrade":true},{"advertId":"32713584289566770","vehicleMake":"Renault","vehicleModel":"Fluence","vehicleDerivative":"1.5 DCI 90 DYNAMIQUE 4DR","vehiclePriceEuro":17444,"vehicleYearOfManufacture":2012,"advertiserCounty":"Cork","isPSL":true,"privatePSL":false,"vehicleImageId":"33d5b422-b9ff-4400-b490-4f7ad4c14e05","imagecount":13,"advertiserName":"Kearys Midleton Renault","isTrade":true},{"advertId":"32013587777932460","vehicleMake":"Renault","vehicleModel":"Fluence","vehicleDerivative":"**4 Year Warranty**","vehiclePriceEuro":17444,"vehicleYearOfManufacture":2012,"advertiserCounty":"Cork","isPSL":true,"privatePSL":false,"vehicleImageId":"914e8137-3978-4e82-80fa-333478ec9d2d","imagecount":8,"advertiserName":"Kearys Renault","isTrade":true},{"advertId":"201250211384426","vehicleMake":"Renault","vehicleModel":"Fluence","vehicleDerivative":"Expression","vehiclePriceEuro":16995,"vehicleYearOfManufacture":2012,"advertiserCounty":"Dublin","isPSL":true,"privatePSL":false,"vehicleImageId":"14203181","imagecount":7,"isTrade":false},{"advertId":"30813469395241420","vehicleMake":"Renault","vehicleModel":"Fluence","vehicleDerivative":"EXPRESSION 1.5 DCI 90 4DR","vehiclePriceEuro":16975,"vehicleYearOfManufacture":2012,"advertiserCounty":"Wexford","isPSL":true,"privatePSL":false,"vehicleImageId":"adffa0d1-e8fa-40e5-82dd-d19389f8fff0","imagecount":11,"advertiserName":"Menapia Motors (Renault & Dacia)","isTrade":true},{"advertId":"33913624040687800","vehicleMake":"Renault","vehicleModel":"Fluence","vehicleDerivative":"1.5 DCI 90 DYNAMIQUE 4DR","vehiclePriceEuro":16950,"vehicleYearOfManufacture":2012,"advertiserCounty":"Cork","isPSL":true,"privatePSL":false,"vehicleImageId":"ad43c367-772e-448c-8cf4-8c3686cf2960","imagecount":1,"advertiserName":"Grandon Car Sales","isTrade":true},{"advertId":"31713579003016440","vehicleMake":"Renault","vehicleModel":"Fluence","vehicleDerivative":"SALE NOW ON Expression 1.5 DCI 90","vehiclePriceEuro":16950,"vehicleYearOfManufacture":2012,"advertiserCounty":"Waterford","isPSL":true,"privatePSL":false,"vehicleImageId":"a1604c8b-fe15-4723-9c2e-16ff7dd3aae9","imagecount":8,"advertiserName":"H & H Motors Ltd","isTrade":true},{"advertId":"32013587783836640","vehicleMake":"Renault","vehicleModel":"Fluence","vehicleDerivative":"**GREAT VALUE**","vehiclePriceEuro":16899,"vehicleYearOfManufacture":2012,"advertiserCounty":"Cork","isPSL":true,"privatePSL":false,"vehicleImageId":"8aafda99-b4aa-46b5-bb52-1c9d316ea9a4","imagecount":9,"advertiserName":"Kearys Renault","isTrade":true},{"advertId":"33413621580795080","vehicleMake":"Renault","vehicleModel":"Fluence","vehicleDerivative":"1.5 DCI 90 DYNAMIQUE 4 4DR","vehiclePriceEuro":16888,"vehicleYearOfManufacture":2012,"advertiserCounty":"Cork","isPSL":true,"privatePSL":false,"vehicleImageId":"8d5f592b-232c-440a-b592-0557c8aa75e0","imagecount":7,"advertiserName":"Kearys Renault","isTrade":true},{"advertId":"34113614476259700","vehicleMake":"Renault","vehicleModel":"Fluence","vehicleDerivative":"1.5 DCI 90 DYNAMIQUE","vehiclePriceEuro":0,"vehicleYearOfManufacture":2012,"advertiserCounty":"Cork","isPSL":true,"privatePSL":false,"vehicleImageId":"baa01a12-92b6-4bd1-9078-8dd2ae018c54","imagecount":7,"advertiserName":"Kearys Renault","isTrade":true},{"advertId":"34213614473947090","vehicleMake":"Renault","vehicleModel":"Fluence","vehicleDerivative":"1.5 DCI 90 DYNAMIQUE","vehiclePriceEuro":0,"vehicleYearOfManufacture":2012,"advertiserCounty":"Cork","isPSL":true,"privatePSL":false,"vehicleImageId":"b1f39734-0f52-4dfa-980d-4868f1900c56","imagecount":7,"advertiserName":"Kearys Renault","isTrade":true},{"advertId":"31413560222090270","vehicleMake":"Renault","vehicleModel":"Fluence","vehicleDerivative":"RENAULT FLUENCE ZE DYNAMIQUE 4DR ","vehiclePriceEuro":0,"vehicleYearOfManufacture":2012,"advertiserCounty":"Carlow","isPSL":false,"privatePSL":false,"vehicleImageId":"c14b14bf-ba11-4212-ab9c-604f7fb396d4","imagecount":7,"advertiserName":"Autoimage Ltd Renault","isTrade":true},{"advertId":"34013600840561840","vehicleMake":"Renault","vehicleModel":"Fluence","vehicleDerivative":"Irish Edition 1.5 T/Dsl 4Dr Auto","vehiclePriceEuro":19495,"vehicleYearOfManufacture":2011,"advertiserCounty":"Dublin","isPSL":false,"privatePSL":false,"vehicleImageId":"d125fb64-a44c-44d3-bed5-444a6da77543","imagecount":16,"advertiserName":"Windsor Deansgrange","isTrade":true},{"advertId":"34313600840576250","vehicleMake":"Renault","vehicleModel":"Fluence","vehicleDerivative":"1.5DSL DYNAMIQUE AUTOMATIC","vehiclePriceEuro":17995,"vehicleYearOfManufacture":2011,"advertiserCounty":"Dublin","isPSL":false,"privatePSL":false,"vehicleImageId":"78a4620b-83fa-448c-97f8-2320237eba8e","imagecount":7,"advertiserName":"Windsor Bray","isTrade":true},{"advertId":"31913561845499470","vehicleMake":"Renault","vehicleModel":"Fluence","vehicleDerivative":"Dynamique 1.5 T/Dsl 4Dr Auto - REDUCED PRICE","vehiclePriceEuro":17495,"vehicleYearOfManufacture":2011,"advertiserCounty":"Dublin","isPSL":false,"privatePSL":false,"vehicleImageId":"71bfb85a-2339-4621-94a5-d4d775ab79f8","imagecount":15,"advertiserName":"Windsor Deansgrange","isTrade":true},{"advertId":"32113561845501210","vehicleMake":"Renault","vehicleModel":"Fluence","vehicleDerivative":"Dynamique 1.5 T/Dsl 4Dr Auto - REDUCED PRICE","vehiclePriceEuro":17495,"vehicleYearOfManufacture":2011,"advertiserCounty":"Dublin","isPSL":false,"privatePSL":false,"vehicleImageId":"a0583a89-a483-44db-af7b-8d14b57f0733","imagecount":14,"advertiserName":"Windsor Deansgrange","isTrade":true},{"advertId":"31413584305033560","vehicleMake":"Renault","vehicleModel":"Fluence","vehicleDerivative":"**TOM TOM EVERY EXTRA**","vehiclePriceEuro":17450,"vehicleYearOfManufacture":2011,"advertiserCounty":"Cork","isPSL":true,"privatePSL":false,"vehicleImageId":"ac48c9c4-339c-4e39-b5ae-88259750d002","imagecount":9,"advertiserName":"Kearys Renault","isTrade":true},{"advertId":"31713561845491900","vehicleMake":"Renault","vehicleModel":"Fluence","vehicleDerivative":"Tom Tom 1.5 T/Dsl 4Dr - REDUCED PRICE","vehiclePriceEuro":16995,"vehicleYearOfManufacture":2011,"advertiserCounty":"Dublin","isPSL":false,"privatePSL":false,"vehicleImageId":"3bf09a15-a25d-448e-a486-a4715d3b1a4e","imagecount":16,"advertiserName":"Windsor Deansgrange","isTrade":true},{"advertId":"34313604052139420","vehicleMake":"Renault","vehicleModel":"Fluence","vehicleDerivative":"1.5 DCI 110 TOMTOM E5 4DR","vehiclePriceEuro":16950,"vehicleYearOfManufacture":2011,"advertiserCounty":"Clare","isPSL":false,"privatePSL":false,"vehicleImageId":"0383d754-bcea-4b9e-a70d-dae88b587185","imagecount":12,"advertiserName":"Sheils of Ennis","isTrade":true},{"advertId":"32013586001464990","vehicleMake":"Renault","vehicleModel":"Fluence","vehicleDerivative":"1.5 DCI 110 TOMTOM E5 4DR","vehiclePriceEuro":16950,"vehicleYearOfManufacture":2011,"advertiserCounty":"Clare","isPSL":false,"privatePSL":false,"vehicleImageId":"af53b74b-0fff-4fa4-b321-b2eacb96f218","imagecount":12,"advertiserName":"Sheils of Ennis","isTrade":true},{"advertId":"32013561845583720","vehicleMake":"Renault","vehicleModel":"Fluence","vehicleDerivative":"1.5 DCI 4dr Royale ~ Tax €200 **2 Years Warranty**","vehiclePriceEuro":16950,"vehicleYearOfManufacture":2011,"advertiserCounty":"Dublin","isPSL":false,"privatePSL":false,"vehicleImageId":"4a6acd73-d803-44c8-abc4-ae7c4461f75c","imagecount":9,"advertiserName":"Windsor Liffey Valley","isTrade":true},{"advertId":"31113528872375030","vehicleMake":"Renault","vehicleModel":"Fluence","vehicleDerivative":"1.5 DCI 110 ROYALE 4DR AUTO €€€BARGIN OF THE WEEK!!!","vehiclePriceEuro":16575,"vehicleYearOfManufacture":2011,"advertiserCounty":"Wexford","isPSL":true,"privatePSL":false,"vehicleImageId":"a6528dbc-deba-4ebe-902f-118f3a33d7ad","imagecount":11,"advertiserName":"Menapia Motors (Renault & Dacia)","isTrade":true},{"advertId":"31713566579136830","vehicleMake":"Renault","vehicleModel":"Fluence","vehicleDerivative":"Royale 1.5 T/Dsl 4Dr Auto - FINANCE ARRANGED","vehiclePriceEuro":16495,"vehicleYearOfManufacture":2011,"advertiserCounty":"Dublin","isPSL":false,"privatePSL":false,"vehicleImageId":"2503ce99-0f2d-457c-8f57-b5ff8c33812d","imagecount":13,"advertiserName":"Windsor Deansgrange","isTrade":true},{"advertId":"31113561845492860","vehicleMake":"Renault","vehicleModel":"Fluence","vehicleDerivative":"Dynamique 1.5 T/Dsl 4Dr - REDUCED PRICE","vehiclePriceEuro":16495,"vehicleYearOfManufacture":2011,"advertiserCounty":"Dublin","isPSL":false,"privatePSL":false,"vehicleImageId":"b07f3d55-5826-40a5-a4c2-5fe871238c6d","imagecount":13,"advertiserName":"Windsor Deansgrange","isTrade":true},{"advertId":"201247211139943","vehicleMake":"Renault","vehicleModel":"Fluence","vehicleDerivative":"1.5 DCI 110 DYNAMIQUE 4DR","vehiclePriceEuro":16250,"vehicleYearOfManufacture":2011,"advertiserCounty":"Wexford","isPSL":true,"privatePSL":false,"vehicleImageId":"14168670","imagecount":5,"isTrade":false},{"advertId":"33913599975547790","vehicleMake":"Renault","vehicleModel":"Fluence","vehicleDerivative":"1.5 DCI 90 DYNAMIQUE 4 4DR","vehiclePriceEuro":16250,"vehicleYearOfManufacture":2011,"advertiserCounty":"Dublin","isPSL":true,"privatePSL":false,"vehicleImageId":"ec3b9a7f-22f6-4f8f-a991-7bcd6924dc69","imagecount":10,"advertiserName":"Michael Grant Renault","isTrade":true},{"advertId":"201307212408745","vehicleMake":"Renault","vehicleModel":"Fluence","vehicleDerivative":"1.5 DCI 110 TOMTOM E5 110TOMTOM ED 4DR","vehiclePriceEuro":16000,"vehicleYearOfManufacture":2011,"advertiserCounty":"Leitrim","isPSL":true,"privatePSL":false,"vehicleImageId":"14336852","imagecount":7,"isTrade":false},{"advertId":"34413615998578000","vehicleMake":"Renault","vehicleModel":"Fluence","vehicleDerivative":"Automatic 1.5 DCI 110 Royale 4DR","vehiclePriceEuro":15995,"vehicleYearOfManufacture":2011,"advertiserCounty":"Waterford","isPSL":true,"privatePSL":false,"vehicleImageId":"b1844666-3776-4ebd-b455-0af8fc6a8e12","imagecount":1,"advertiserName":"H & H Motors Ltd","isTrade":true},{"advertId":"32013565886782470","vehicleMake":"Renault","vehicleModel":"Fluence","vehicleDerivative":"1.5 DCI 90 Dynamique 4","vehiclePriceEuro":15995,"vehicleYearOfManufacture":2011,"advertiserCounty":"Kilkenny","isPSL":true,"privatePSL":false,"vehicleImageId":"add7f513-a0de-4105-8de4-046d843a09b3","imagecount":9,"advertiserName":"O'Briens Kilkenny","isTrade":true},{"advertId":"34013597854689770","vehicleMake":"Renault","vehicleModel":"Fluence","vehicleDerivative":"1.5 DCI 90 Royle E5 4D","vehiclePriceEuro":15995,"vehicleYearOfManufacture":2011,"advertiserCounty":"Kilkenny","isPSL":true,"privatePSL":false,"vehicleImageId":"bcc6ee08-8dcd-42a3-8e59-ec9944629fd3","imagecount":9,"advertiserName":"O'Briens Kilkenny","isTrade":true},{"advertId":"31313468395082350","vehicleMake":"Renault","vehicleModel":"Fluence","vehicleDerivative":"1.5 DCI 90 DYNAMIQUE 4 4DR","vehiclePriceEuro":15995,"vehicleYearOfManufacture":2011,"advertiserCounty":"Tipperary","isPSL":false,"privatePSL":false,"vehicleImageId":"527ad5b5-5030-4c84-a116-1095836ef1a2","imagecount":9,"advertiserName":"Liam Buckley Car Sales","isTrade":true},{"advertId":"32913609086620990","vehicleMake":"Renault","vehicleModel":"Fluence","vehicleDerivative":"1.5 DCI 90 Dynamique 4","vehiclePriceEuro":15995,"vehicleYearOfManufacture":2011,"advertiserCounty":"Waterford","isPSL":true,"privatePSL":false,"vehicleImageId":"06bfbe5e-365b-4ffe-80c8-de105b63713d","imagecount":8,"advertiserName":"H & H Motors Ltd","isTrade":true},{"advertId":"31713579003036530","vehicleMake":"Renault","vehicleModel":"Fluence","vehicleDerivative":"SALE NOW ON 1.5 DCI 90 Dynamique 4","vehiclePriceEuro":15995,"vehicleYearOfManufacture":2011,"advertiserCounty":"Waterford","isPSL":true,"privatePSL":false,"vehicleImageId":"038f81d2-9a78-4785-a56c-4953ed92e55a","imagecount":8,"advertiserName":"H & H Motors Ltd","isTrade":true},{"advertId":"32013584930878160","vehicleMake":"Renault","vehicleModel":"Fluence","vehicleDerivative":"1.5 DCI 90 Royle E5 4D","vehiclePriceEuro":15995,"vehicleYearOfManufacture":2011,"advertiserCounty":"Kilkenny","isPSL":true,"privatePSL":false,"vehicleImageId":"8093c451-9330-4991-8ffe-d81a5008bfbd","imagecount":9,"advertiserName":"O'Briens Kilkenny","isTrade":true},{"advertId":"34113618892482830","vehicleMake":"Renault","vehicleModel":"Fluence","vehicleDerivative":"1.5 Dci Automatic 4dr","vehiclePriceEuro":15950,"vehicleYearOfManufacture":2011,"advertiserCounty":"Cork","isPSL":true,"privatePSL":false,"vehicleImageId":"4eaaa19a-da83-458a-8a04-c1f58333ced7","imagecount":15,"advertiserName":"Autodirect.ie Cork","isTrade":true},{"advertId":"33913624133281710","vehicleMake":"Renault","vehicleModel":"Fluence","vehicleDerivative":"1.5 DCI 106 TOM 4DR","vehiclePriceEuro":15950,"vehicleYearOfManufacture":2011,"advertiserCounty":"Wexford","isPSL":false,"privatePSL":false,"vehicleImageId":"65762297-6c70-4f23-855c-e2528261d68e","imagecount":6,"advertiserName":"P+H Doyle Renault","isTrade":true},{"advertId":"34213616169700960","vehicleMake":"Renault","vehicleModel":"Fluence","vehicleDerivative":"1.5 DCI 90 ROYLE E5 4DR","vehiclePriceEuro":15950,"vehicleYearOfManufacture":2011,"advertiserCounty":"Dublin","isPSL":false,"privatePSL":false,"vehicleImageId":"6e0b4dd8-aa9b-45a4-b5fe-70152eac1059","imagecount":1,"advertiserName":"Renault Belgard","isTrade":true},{"advertId":"34313600840568550","vehicleMake":"Renault","vehicleModel":"Fluence","vehicleDerivative":"1.5 RENAULT FLUENCE DYNAMIQUE WINDSOR GALWAY","vehiclePriceEuro":15895,"vehicleYearOfManufacture":2011,"advertiserCounty":"Galway","isPSL":false,"privatePSL":false,"vehicleImageId":"c6858576-4be7-416a-870f-be08e58a6775","imagecount":9,"advertiserName":"Windsor Galway","isTrade":true},{"advertId":"32013593313976670","vehicleMake":"Renault","vehicleModel":"Fluence","vehicleDerivative":"1.5 DCI 90 DYNAMIQUE 4 4DR","vehiclePriceEuro":15750,"vehicleYearOfManufacture":2011,"advertiserCounty":"Limerick","isPSL":false,"privatePSL":false,"vehicleImageId":"78432522-ba4e-413c-9dcb-ee8350f92f41","imagecount":15,"advertiserName":"Dennehy Motors","isTrade":true},{"advertId":"33913620729634390","vehicleMake":"Renault","vehicleModel":"Fluence","vehicleDerivative":"1.5 DCI 86 DYNAMIQUE 4 4DR","vehiclePriceEuro":15750,"vehicleYearOfManufacture":2011,"advertiserCounty":"Wexford","isPSL":true,"privatePSL":false,"vehicleImageId":"ba98fe69-acb1-4c61-b8dc-1a8fc382cfaa","imagecount":11,"advertiserName":"Menapia Motors (Renault & Dacia)","isTrade":true},{"advertId":"32013585245862920","vehicleMake":"Renault","vehicleModel":"Fluence","vehicleDerivative":"**DYNAMIQUE INCREDIBLE VALUE**","vehiclePriceEuro":15744,"vehicleYearOfManufacture":2011,"advertiserCounty":"Cork","isPSL":true,"privatePSL":false,"vehicleImageId":"2835b448-4a8b-4c70-822d-1a8831d06745","imagecount":5,"advertiserName":"Kearys Renault","isTrade":true},{"advertId":"33213596428237100","vehicleMake":"Renault","vehicleModel":"Fluence","vehicleDerivative":"**DYNAMIQUE**","vehiclePriceEuro":15744,"vehicleYearOfManufacture":2011,"advertiserCounty":"Cork","isPSL":true,"privatePSL":false,"vehicleImageId":"97b6a7a6-d1ac-4903-9dc4-8634eae0f621","imagecount":8,"advertiserName":"Kearys Renault","isTrade":true},{"advertId":"32713587792318270","vehicleMake":"Renault","vehicleModel":"Fluence","vehicleDerivative":"**GREAT PRICE EVERY EXTRA**","vehiclePriceEuro":15744,"vehicleYearOfManufacture":2011,"advertiserCounty":"Cork","isPSL":true,"privatePSL":false,"vehicleImageId":"f22bc2ce-5c26-4969-b7ec-c1ae7c5c1d8e","imagecount":8,"advertiserName":"Kearys Renault","isTrade":true},{"advertId":"31413584305433890","vehicleMake":"Renault","vehicleModel":"Fluence","vehicleDerivative":"**LIKE NEW AMAZING VALUE","vehiclePriceEuro":15744,"vehicleYearOfManufacture":2011,"advertiserCounty":"Cork","isPSL":true,"privatePSL":false,"vehicleImageId":"362266c3-9905-40da-84de-ff076a47cfb5","imagecount":8,"advertiserName":"Kearys Renault","isTrade":true},{"advertId":"32913596430049070","vehicleMake":"Renault","vehicleModel":"Fluence","vehicleDerivative":"**DYNAMIQUE**","vehiclePriceEuro":15744,"vehicleYearOfManufacture":2011,"advertiserCounty":"Cork","isPSL":true,"privatePSL":false,"vehicleImageId":"465baf01-2792-484b-b7cf-c7c2dce66b91","imagecount":8,"advertiserName":"Kearys Renault","isTrade":true},{"advertId":"33213596367395520","vehicleMake":"Renault","vehicleModel":"Fluence","vehicleDerivative":"**RUBY RED DYNAMIQUE**","vehiclePriceEuro":15744,"vehicleYearOfManufacture":2011,"advertiserCounty":"Cork","isPSL":true,"privatePSL":false,"vehicleImageId":"8508c3c3-03af-4ac0-adac-35c786446cb7","imagecount":9,"advertiserName":"Kearys Renault","isTrade":true},{"advertId":"31713596381450790","vehicleMake":"Renault","vehicleModel":"Fluence","vehicleDerivative":"**WARRANTY UPTO 2016**","vehiclePriceEuro":15744,"vehicleYearOfManufacture":2011,"advertiserCounty":"Cork","isPSL":true,"privatePSL":false,"vehicleImageId":"f0d204d7-58ed-4487-988b-1af41f237578","imagecount":9,"advertiserName":"Kearys Renault","isTrade":true},{"advertId":"31113588493358700","vehicleMake":"Renault","vehicleModel":"Fluence","vehicleDerivative":"**3 YEARS WARRANTY**","vehiclePriceEuro":15744,"vehicleYearOfManufacture":2011,"advertiserCounty":"Cork","isPSL":true,"privatePSL":false,"vehicleImageId":"079674cd-240a-4bff-9570-4ead1e3fb753","imagecount":9,"advertiserName":"Kearys Renault","isTrade":true},{"advertId":"34213601723609760","vehicleMake":"Renault","vehicleModel":"Fluence","vehicleDerivative":"\"JUST REDUCED\"","vehiclePriceEuro":15743,"vehicleYearOfManufacture":2011,"advertiserCounty":"Cork","isPSL":true,"privatePSL":false,"vehicleImageId":"3c764cef-cfdf-401e-8c41-580436018a5c","imagecount":7,"advertiserName":"Kearys Renault","isTrade":true},{"advertId":"32713587795169950","vehicleMake":"Renault","vehicleModel":"Fluence","vehicleDerivative":"**JUST REDUCED**","vehiclePriceEuro":15743,"vehicleYearOfManufacture":2011,"advertiserCounty":"Cork","isPSL":true,"privatePSL":false,"vehicleImageId":"999d4f82-1649-4e5c-a53d-f8eb1603e38e","imagecount":9,"advertiserName":"Kearys Renault","isTrade":true},{"advertId":"34213601729062810","vehicleMake":"Renault","vehicleModel":"Fluence","vehicleDerivative":"\"DYNAMIQUE SELLING VERY QUICKLY\"","vehiclePriceEuro":15743,"vehicleYearOfManufacture":2011,"advertiserCounty":"Cork","isPSL":true,"privatePSL":false,"vehicleImageId":"34030aed-3b43-466f-95fc-9eb02dc7411a","imagecount":7,"advertiserName":"Kearys Renault","isTrade":true},{"advertId":"33213605918888380","vehicleMake":"Renault","vehicleModel":"Fluence","vehicleDerivative":"1.5 DCI 90 ROYLE E5 4DR","vehiclePriceEuro":15700,"vehicleYearOfManufacture":2011,"advertiserCounty":"Offaly","isPSL":false,"privatePSL":false,"vehicleImageId":"7970080b-1081-4024-b61e-cf42d2a0ca46","imagecount":9,"advertiserName":"Tullamore Motors","isTrade":true},{"advertId":"33913604095831430","vehicleMake":"Renault","vehicleModel":"Fluence","vehicleDerivative":"AMAZING MPG GREAT CAR.","vehiclePriceEuro":15499,"vehicleYearOfManufacture":2011,"advertiserCounty":"Cork","isPSL":true,"privatePSL":false,"vehicleImageId":"9c9dc8bc-0877-4298-b8f2-e6f2b24e8839","imagecount":3,"advertiserName":"Kearys Midleton Renault","isTrade":true},{"advertId":"34113600840484880","vehicleMake":"Renault","vehicleModel":"Fluence","vehicleDerivative":"1.5DCI FLUENCE AUTOMATIC WINDSOR GALWAY","vehiclePriceEuro":15495,"vehicleYearOfManufacture":2011,"advertiserCounty":"Galway","isPSL":false,"privatePSL":false,"vehicleImageId":"f34cef15-0aa5-4a92-ae54-901a3f5f01b5","imagecount":8,"advertiserName":"Windsor Galway","isTrade":true},{"advertId":"31813585210292020","vehicleMake":"Renault","vehicleModel":"Fluence","vehicleDerivative":"**RENAULT DEALER OF THE YEAR**","vehiclePriceEuro":15490,"vehicleYearOfManufacture":2011,"advertiserCounty":"Cork","isPSL":true,"privatePSL":false,"vehicleImageId":"b532a165-cdae-4c3f-9860-08bd826ad016","imagecount":7,"advertiserName":"Kearys Renault","isTrade":true},{"advertId":"33213603368034860","vehicleMake":"Renault","vehicleModel":"Fluence","vehicleDerivative":"1.5 DCI 90 ROYLE E5 4DR ROYALE","vehiclePriceEuro":15450,"vehicleYearOfManufacture":2011,"advertiserCounty":"Dublin","isPSL":false,"privatePSL":false,"vehicleImageId":"99820244-e67a-4a9f-9018-27d76507395a","imagecount":8,"advertiserName":"Linders of Chapelizod","isTrade":true},{"advertId":"33913608428008000","vehicleMake":"Renault","vehicleModel":"Fluence","vehicleDerivative":"*Just reduced*","vehiclePriceEuro":15190,"vehicleYearOfManufacture":2011,"advertiserCounty":"Cork","isPSL":true,"privatePSL":false,"vehicleImageId":"8ec58265-58ad-47da-aea0-022ebc4f8a89","imagecount":7,"advertiserName":"Kearys Renault","isTrade":true},{"advertId":"29813490965347620","vehicleMake":"Renault","vehicleModel":"Fluence","vehicleDerivative":"1.5 DCI DYNAMIQUE ","vehiclePriceEuro":14975,"vehicleYearOfManufacture":2011,"advertiserCounty":"Wexford","isPSL":true,"privatePSL":false,"vehicleImageId":"3656fb02-349c-4274-b38b-8896c46def88","imagecount":11,"advertiserName":"Menapia Motors (Renault & Dacia)","isTrade":true},{"advertId":"34013609950683300","vehicleMake":"Renault","vehicleModel":"Fluence","vehicleDerivative":"Expression","vehiclePriceEuro":14950,"vehicleYearOfManufacture":2011,"advertiserCounty":"Kildare","isPSL":true,"privatePSL":false,"imagecount":0,"advertiserName":"Joe Mallon Motors","isTrade":true},{"advertId":"33213600860658970","vehicleMake":"Renault","vehicleModel":"Fluence","vehicleDerivative":"***SOLD**SOLD**** 110 ROYALE --DIESEL AUTOMATIC--","vehiclePriceEuro":14950,"vehicleYearOfManufacture":2011,"advertiserCounty":"Dublin","isPSL":true,"privatePSL":false,"vehicleImageId":"b8f07ad4-32a5-41ff-9d81-123842918c6d","imagecount":9,"advertiserName":"Right Price Cars (Prussia Street)","isTrade":true},{"advertId":"34313624018935120","vehicleMake":"Renault","vehicleModel":"Fluence","vehicleDerivative":"1.5 DCI 90 DYNAMIQUE 4","vehiclePriceEuro":14950,"vehicleYearOfManufacture":2011,"advertiserCounty":"Westmeath","isPSL":false,"privatePSL":false,"vehicleImageId":"515620be-4894-48ef-8a57-ed9f0b91444c","imagecount":16,"advertiserName":"Joe Lynch & Sons Ltd.","isTrade":true},{"advertId":"31113555044204720","vehicleMake":"Renault","vehicleModel":"Fluence","vehicleDerivative":"1.5 DCI 90 DYNAMIQUE 4 4DR","vehiclePriceEuro":14945,"vehicleYearOfManufacture":2011,"advertiserCounty":"Waterford","isPSL":true,"privatePSL":false,"vehicleImageId":"39d6a07b-dfc5-4a2a-b69f-3e90a0facfc7","imagecount":6,"advertiserName":"AutoBoland","isTrade":true},{"advertId":"32013585253248260","vehicleMake":"Renault","vehicleModel":"Fluence","vehicleDerivative":"*Just reduced*","vehiclePriceEuro":14899,"vehicleYearOfManufacture":2011,"advertiserCounty":"Cork","isPSL":true,"privatePSL":false,"vehicleImageId":"aab6ad26-f253-4178-8202-e6a438c5d925","imagecount":7,"advertiserName":"Kearys Renault","isTrade":true},{"advertId":"26613425312497630","vehicleMake":"Renault","vehicleModel":"Fluence","vehicleDerivative":"1.5 DCI 90 DYNAMIQUE 4 4DR","vehiclePriceEuro":14750,"vehicleYearOfManufacture":2011,"advertiserCounty":"Limerick","isPSL":false,"privatePSL":false,"vehicleImageId":"c972e051-e190-4702-8a1d-b7d499c6deb6","imagecount":15,"advertiserName":"Dennehy Motors","isTrade":true},{"advertId":"34013616298590990","vehicleMake":"Renault","vehicleModel":"Fluence","vehicleDerivative":"1.5 DCI 6SPD 4DOOR","vehiclePriceEuro":14750,"vehicleYearOfManufacture":2011,"advertiserCounty":"Dublin","isPSL":true,"privatePSL":false,"imagecount":0,"advertiserName":"Finglas Ford Centre","isTrade":true},{"advertId":"31813560912121810","vehicleMake":"Renault","vehicleModel":"Fluence","vehicleDerivative":"1.5DCI 90BHP","vehiclePriceEuro":14650,"vehicleYearOfManufacture":2011,"advertiserCounty":"Carlow","isPSL":false,"privatePSL":false,"imagecount":0,"advertiserName":"Autoimage Ltd Renault","isTrade":true},{"advertId":"32113551514074920","vehicleMake":"Renault","vehicleModel":"Fluence","vehicleDerivative":"1.5 DCI 90 DYNAMIQUE 4 4DR","vehiclePriceEuro":13995,"vehicleYearOfManufacture":2011,"advertiserCounty":"Limerick","isPSL":false,"privatePSL":false,"vehicleImageId":"7fadc597-95e1-441b-b92f-cb5e5f112a3e","imagecount":6,"advertiserName":"Dennehy Motors","isTrade":true},{"advertId":"30813504658091720","vehicleMake":"Renault","vehicleModel":"Fluence","vehicleDerivative":"1.5 DCI 90 ROYLE E5 4D 4DR","vehiclePriceEuro":13994,"vehicleYearOfManufacture":2011,"advertiserCounty":"Waterford","isPSL":true,"privatePSL":false,"vehicleImageId":"9c8f4d63-0aaf-427d-a86a-fdd9330e914c","imagecount":8,"advertiserName":"John Kelly Waterford","isTrade":true},{"advertId":"31213475217915480","vehicleMake":"Renault","vehicleModel":"Fluence","vehicleDerivative":"1.5 DCI 90 ROYLE E5 4D 4DR (160 road tax)","vehiclePriceEuro":13900,"vehicleYearOfManufacture":2011,"advertiserCounty":"Cork","isPSL":false,"privatePSL":false,"vehicleImageId":"d9975949-d40e-435c-aa71-dccb07dbe2cf","imagecount":20,"advertiserName":"Great Island Motors Ltd","isTrade":true},{"advertId":"201307212481255","vehicleMake":"Renault","vehicleModel":"Fluence","vehicleDerivative":"1.5 DCI 110 TOMTOM E5 110TOMTOM ED 4DR","vehiclePriceEuro":13000,"vehicleYearOfManufacture":2011,"advertiserCounty":"Kildare","isPSL":true,"privatePSL":false,"vehicleImageId":"14346389","imagecount":9,"isTrade":false},{"advertId":"34213614478824000","vehicleMake":"Renault","vehicleModel":"Fluence","vehicleDerivative":"1.5 DCI 90 DYNAMIQUE 4 4DR","vehiclePriceEuro":0,"vehicleYearOfManufacture":2011,"advertiserCounty":"Cork","isPSL":true,"privatePSL":false,"vehicleImageId":"b231944f-f050-4694-8656-3746bb201ebd","imagecount":7,"advertiserName":"Kearys Renault","isTrade":true},{"advertId":"31913587857413850","vehicleMake":"Renault","vehicleModel":"Fluence","vehicleDerivative":"Royale 1.5DCi Automatic","vehiclePriceEuro":0,"vehicleYearOfManufacture":2011,"advertiserCounty":"Cork","isPSL":true,"privatePSL":false,"vehicleImageId":"22ce515c-3ebb-4ff9-a7e4-ada8a5b018ea","imagecount":9,"advertiserName":"Kevin O'Leary Group Bandon","isTrade":true},{"advertId":"31413577288298580","vehicleMake":"Renault","vehicleModel":"Fluence","vehicleDerivative":"1.5 DCI 90 ROYLE E5 4DR","vehiclePriceEuro":0,"vehicleYearOfManufacture":2011,"advertiserCounty":"Louth","isPSL":false,"privatePSL":false,"vehicleImageId":"7fe8637f-ffc8-41b5-b496-7c464996b4fe","imagecount":10,"advertiserName":"Drogheda Car Sales Ltd","isTrade":true},{"advertId":"32713583302631370","vehicleMake":"Renault","vehicleModel":"Fluence","vehicleDerivative":"1.5 DCI 90 ROYLE E5 4DR","vehiclePriceEuro":0,"vehicleYearOfManufacture":2011,"advertiserCounty":"Monaghan","isPSL":false,"privatePSL":false,"vehicleImageId":"1bde07ca-6251-49bc-bed8-3c18af0a43d9","imagecount":9,"advertiserName":"Doran Motors Ltd","isTrade":true},{"advertId":"32913608389417800","vehicleMake":"Renault","vehicleModel":"Fluence","vehicleDerivative":"1.5 DCI DYNAMIQUE 4DR","vehiclePriceEuro":0,"vehicleYearOfManufacture":2011,"advertiserCounty":"Cork","isPSL":true,"privatePSL":false,"vehicleImageId":"92c4b5c8-11b8-421a-b94f-599191f38701","imagecount":6,"advertiserName":"Kevin O'Leary Group Silversprings","isTrade":true},{"advertId":"34113619857562280","vehicleMake":"Renault","vehicleModel":"Fluence","vehicleDerivative":"1.5 DCI 90 DYNAMIQUE 4 4DR","vehiclePriceEuro":0,"vehicleYearOfManufacture":2011,"advertiserCounty":"Cork","isPSL":true,"privatePSL":false,"vehicleImageId":"7cf74d7a-44b7-46ac-b045-a43ec7045d47","imagecount":7,"advertiserName":"Kearys Renault","isTrade":true},{"advertId":"33413622910713650","vehicleMake":"Renault","vehicleModel":"Fluence","vehicleDerivative":"1.5 DCI 90 Dynamique 4","vehiclePriceEuro":0,"vehicleYearOfManufacture":2011,"advertiserCounty":"Cork","isPSL":false,"privatePSL":false,"vehicleImageId":"e257c32b-aa6f-426b-9523-0e40bec09b15","imagecount":8,"advertiserName":"Deerpark Motors Ltd","isTrade":true},{"advertId":"201307212457179","vehicleMake":"Renault","vehicleModel":"Fluence","vehiclePriceEuro":17500,"vehicleYearOfManufacture":2010,"advertiserCounty":"Cavan","isPSL":true,"privatePSL":false,"vehicleImageId":"14003144","imagecount":1,"isTrade":false},{"advertId":"29613485639578350","vehicleMake":"Renault","vehicleModel":"Fluence","vehicleDerivative":"1.5 DCI  TOM ","vehiclePriceEuro":15900,"vehicleYearOfManufacture":2010,"advertiserCounty":"Mayo","isPSL":false,"privatePSL":false,"vehicleImageId":"0a6225fc-79a0-491d-a4b0-d7b6d89f5f19","imagecount":8,"advertiserName":"Cosgraves Garage Ltd","isTrade":true},{"advertId":"31113559068861030","vehicleMake":"Renault","vehicleModel":"Fluence","vehicleDerivative":"1.5 DCI 106 TOM TOM 4D","vehiclePriceEuro":15495,"vehicleYearOfManufacture":2010,"advertiserCounty":"Kilkenny","isPSL":true,"privatePSL":false,"vehicleImageId":"4e9aa92c-cf5e-4d46-9c90-e6a354b4601d","imagecount":9,"advertiserName":"O'Briens Kilkenny","isTrade":true},{"advertId":"31113565886781650","vehicleMake":"Renault","vehicleModel":"Fluence","vehicleDerivative":"1.5 DCI 86 Dynamique 4","vehiclePriceEuro":14995,"vehicleYearOfManufacture":2010,"advertiserCounty":"Kilkenny","isPSL":true,"privatePSL":false,"vehicleImageId":"b4e0cee7-ea9b-416f-a340-a2d741b54478","imagecount":9,"advertiserName":"O'Briens Kilkenny","isTrade":true},{"advertId":"31513585901924580","vehicleMake":"Renault","vehicleModel":"Fluence","vehicleDerivative":"1.5 DCI 106 TOM 5DR","vehiclePriceEuro":14575,"vehicleYearOfManufacture":2010,"advertiserCounty":"Wexford","isPSL":true,"privatePSL":false,"vehicleImageId":"5d583e9e-9439-438b-91cc-117543677ce9","imagecount":11,"advertiserName":"Menapia Motors (Renault & Dacia)","isTrade":true},{"advertId":"34313613571594650","vehicleMake":"Renault","vehicleModel":"Fluence","vehicleDerivative":"1.5 DCI 106 TOM 4DR","vehiclePriceEuro":14575,"vehicleYearOfManufacture":2010,"advertiserCounty":"Wexford","isPSL":true,"privatePSL":false,"vehicleImageId":"1d3fd28e-d242-4520-9b6a-40590bbe45e7","imagecount":11,"advertiserName":"Menapia Motors (Renault & Dacia)","isTrade":true}],"totalAdvertCount":45174}