{"adverts":[{"advertId":"201309212674280","vehicleMake":"Volvo","vehicleModel":"V40","vehicleDerivative":"40 SERIES V40 1.8 CLASSIC 5DR 51","vehiclePriceEuro":2950,"vehicleYearOfManufacture":2004,"advertiserCounty":"Dublin","isPSL":true,"privatePSL":false,"vehicleImageId":"13654022","imagecount":9,"isTrade":false},{"advertId":"34313621625451180","vehicleMake":"Volvo","vehicleModel":"V40","vehicleDerivative":"V40 1.8 CLASSIC....Nct 07/2014","vehiclePriceEuro":2650,"vehicleYearOfManufacture":2004,"advertiserCounty":"Dublin","isPSL":false,"privatePSL":false,"vehicleImageId":"794e93ee-fc99-468d-934c-9bf5cee609c9","imagecount":9,"advertiserName":"Beechlawn Motors Ltd","isTrade":true},{"advertId":"32113540179738700","vehicleMake":"Volvo","vehicleModel":"V40","vehicleDerivative":"V40 1.8 5DR 51","vehiclePriceEuro":0,"vehicleYearOfManufacture":2004,"advertiserCounty":"Donegal","isPSL":false,"privatePSL":false,"vehicleImageId":"3cb8b03d-0814-47e3-b7d1-82426fca2cbb","imagecount":10,"advertiserName":"Inishowen Motors Letterkenny (Kia Nissan)","isTrade":true},{"advertId":"713261905122960","vehicleMake":"Volvo","vehicleModel":"V40","vehicleDerivative":"ESTATE NCT AUG-13 1-OWNER MET-BLACK with LOVELY CREAM LEATHER TAXED MUST BE SEEN www.N4CARS.com","vehiclePriceEuro":4449,"vehicleYearOfManufacture":2003,"advertiserCounty":"Dublin","isPSL":false,"privatePSL":false,"vehicleImageId":"b83cdf19-6186-4efd-a0ae-e012f5edcaa9","imagecount":8,"advertiserName":"N4 Car Sales","isTrade":true},{"advertId":"201248211199373","vehicleMake":"Volvo","vehicleModel":"V40","vehicleDerivative":"40 SERIES V40 1.8 5DR 51","vehiclePriceEuro":3200,"vehicleYearOfManufacture":2003,"advertiserCounty":"Wicklow","isPSL":true,"privatePSL":false,"vehicleImageId":"14175414","imagecount":1,"isTrade":false},{"advertId":"413258403569450","vehicleMake":"Volvo","vehicleModel":"V40","vehicleDerivative":"40 SERIES V40 1.9 D 5DR 51","vehiclePriceEuro":2995,"vehicleYearOfManufacture":2003,"advertiserCounty":"Dublin","isPSL":false,"privatePSL":false,"vehicleImageId":"624661bb-2203-4ba2-9998-6502f7d697f7","imagecount":5,"advertiserName":"Fonthill Car Sales","isTrade":true},{"advertId":"33213619908639820","vehicleMake":"Volvo","vehicleModel":"V40","vehicleDerivative":"V40 1.9 D","vehiclePriceEuro":2950,"vehicleYearOfManufacture":2003,"advertiserCounty":"Cork","isPSL":true,"privatePSL":false,"vehicleImageId":"d1028635-cfe5-4287-b4bb-2bec56eb2f6c","imagecount":4,"advertiserName":"Jason O`Brien Cars","isTrade":true},{"advertId":"6613382085075390","vehicleMake":"Volvo","vehicleModel":"V40","vehicleDerivative":"V40 1.8 5DR 51","vehiclePriceEuro":2750,"vehicleYearOfManufacture":2003,"advertiserCounty":"Dublin","isPSL":true,"privatePSL":false,"vehicleImageId":"f28d02c3-1609-4005-8999-8e063d98ecf6","imagecount":9,"advertiserName":"Murphy Doyle","isTrade":true},{"advertId":"201305212182412","vehicleMake":"Volvo","vehicleModel":"V40","vehicleDerivative":"40 SERIES D SPORT","vehiclePriceEuro":1999,"vehicleYearOfManufacture":2003,"advertiserCounty":"Limerick","isPSL":true,"privatePSL":false,"vehicleImageId":"14296752","imagecount":4,"isTrade":false},{"advertId":"201307212408787","vehicleMake":"Volvo","vehicleModel":"V40","vehicleDerivative":"1.9 TDi SPORT","vehiclePriceEuro":1950,"vehicleYearOfManufacture":2003,"advertiserCounty":"Offaly","isPSL":true,"privatePSL":false,"vehicleImageId":"14337024","imagecount":2,"isTrade":false},{"advertId":"31513586309626590","vehicleMake":"Volvo","vehicleModel":"V50","vehicleDerivative":"1.6D R-Design","vehiclePriceEuro":28900,"vehicleYearOfManufacture":2012,"advertiserCounty":"Galway","isPSL":true,"privatePSL":false,"vehicleImageId":"5046f827-ed9b-40b3-90c7-4bd58ab30e31","imagecount":6,"advertiserName":"Kenny Galway","isTrade":true},{"advertId":"30913516154204860","vehicleMake":"Volvo","vehicleModel":"V50","vehicleDerivative":"D2 1.6 SE 4DR","vehiclePriceEuro":27995,"vehicleYearOfManufacture":2012,"advertiserCounty":"Dublin","isPSL":true,"privatePSL":false,"vehicleImageId":"bcf7ddc9-b15f-4875-a415-0086e4f44bd6","imagecount":8,"advertiserName":"HB Dennis (Volvo and Land Rover)","isTrade":true},{"advertId":"22513415779465110","vehicleMake":"Volvo","vehicleModel":"V50","vehicleDerivative":"D2 1.6D SE 021-4615250","vehiclePriceEuro":27900,"vehicleYearOfManufacture":2012,"advertiserCounty":"Cork","isPSL":false,"privatePSL":false,"vehicleImageId":"44c1ad41-d493-4a18-a9ff-e7f12afe57b8","imagecount":11,"advertiserName":"Johnson & Perrott Motor Group (Mahon Point)","isTrade":true},{"advertId":"31113541985026550","vehicleMake":"Volvo","vehicleModel":"V50","vehicleDerivative":"D2 1.6D SE ACTIVE 021-4615250","vehiclePriceEuro":27900,"vehicleYearOfManufacture":2012,"advertiserCounty":"Cork","isPSL":false,"privatePSL":false,"vehicleImageId":"70e72ed2-1054-4c0c-bb92-b5c2015b9a57","imagecount":11,"advertiserName":"Johnson & Perrott Motor Group (Mahon Point)","isTrade":true},{"advertId":"31913522142065070","vehicleMake":"Volvo","vehicleModel":"V50","vehicleDerivative":"D2 1.6D SE ACTIVE 021-4615250","vehiclePriceEuro":27900,"vehicleYearOfManufacture":2012,"advertiserCounty":"Cork","isPSL":false,"privatePSL":false,"vehicleImageId":"7fbc6b20-ba3e-4a5c-9793-91c261d57cbb","imagecount":11,"advertiserName":"Johnson & Perrott Motor Group (Mahon Point)","isTrade":true},{"advertId":"31913522033743380","vehicleMake":"Volvo","vehicleModel":"V50","vehicleDerivative":"D2 1.6D SE Active 021-4615250","vehiclePriceEuro":27900,"vehicleYearOfManufacture":2012,"advertiserCounty":"Cork","isPSL":false,"privatePSL":false,"vehicleImageId":"54f76a59-bde7-41dd-bab5-6016e138bdc4","imagecount":11,"advertiserName":"Johnson & Perrott Motor Group (Mahon Point)","isTrade":true},{"advertId":"22713415783433960","vehicleMake":"Volvo","vehicleModel":"V50","vehicleDerivative":"D2 1.6D R DESIGN 021-4615250","vehiclePriceEuro":27900,"vehicleYearOfManufacture":2012,"advertiserCounty":"Cork","isPSL":false,"privatePSL":false,"vehicleImageId":"fc16ebee-c228-425c-ad18-bdbb6529b2c6","imagecount":11,"advertiserName":"Johnson & Perrott Motor Group (Mahon Point)","isTrade":true},{"advertId":"22713415924785110","vehicleMake":"Volvo","vehicleModel":"V50","vehicleDerivative":"D2 SE ","vehiclePriceEuro":26241,"vehicleYearOfManufacture":2012,"advertiserCounty":"Dublin","isPSL":true,"privatePSL":false,"vehicleImageId":"7d66f3b6-dfc7-4013-a10f-68a76394370d","imagecount":7,"advertiserName":"Spirit Motor Group","isTrade":true},{"advertId":"32113528084582270","vehicleMake":"Volvo","vehicleModel":"V50","vehicleDerivative":"D2 SE ","vehiclePriceEuro":26241,"vehicleYearOfManufacture":2012,"advertiserCounty":"Dublin","isPSL":true,"privatePSL":false,"vehicleImageId":"1328c240-3e65-47a6-88e9-4b743b8ad970","imagecount":7,"advertiserName":"Spirit Motor Group","isTrade":true},{"advertId":"29913445205597430","vehicleMake":"Volvo","vehicleModel":"V50","vehicleDerivative":"D2 SE ","vehiclePriceEuro":25479,"vehicleYearOfManufacture":2012,"advertiserCounty":"Dublin","isPSL":true,"privatePSL":false,"vehicleImageId":"06b82a4d-adaf-4d4b-a6b9-faec0bd8fee9","imagecount":7,"advertiserName":"Spirit Motor Group","isTrade":true},{"advertId":"31113552472664270","vehicleMake":"Volvo","vehicleModel":"V50","vehicleDerivative":"D2 1.6D SE 021-4615250","vehiclePriceEuro":24900,"vehicleYearOfManufacture":2012,"advertiserCounty":"Cork","isPSL":false,"privatePSL":false,"vehicleImageId":"fe00c34d-dad7-4035-818b-0140a2abed0b","imagecount":11,"advertiserName":"Johnson & Perrott Motor Group (Mahon Point)","isTrade":true},{"advertId":"15713407262800120","vehicleMake":"Volvo","vehicleModel":"V50","vehicleDerivative":"D2 1.6 SE 4DR","vehiclePriceEuro":24500,"vehicleYearOfManufacture":2012,"advertiserCounty":"Kildare","isPSL":false,"privatePSL":false,"vehicleImageId":"bfe39243-a60d-4ff0-9eeb-c2816c7ab00a","imagecount":6,"advertiserName":"M. A. Finlay & Sons","isTrade":true},{"advertId":"19613412433449060","vehicleMake":"Volvo","vehicleModel":"V50","vehicleDerivative":"D2 ES (115 BHP)","vehiclePriceEuro":23995,"vehicleYearOfManufacture":2012,"advertiserCounty":"Waterford","isPSL":true,"privatePSL":false,"vehicleImageId":"183d524f-8e53-41cc-b2ba-70c7ba22ea21","imagecount":7,"advertiserName":"AutoBoland","isTrade":true},{"advertId":"201245210845744","vehicleMake":"Volvo","vehicleModel":"V50","vehicleDerivative":"V50 1.6 D DRIVE R-DESIGN 5DR","vehiclePriceEuro":21950,"vehicleYearOfManufacture":2011,"advertiserCounty":"Wicklow","isPSL":true,"privatePSL":false,"vehicleImageId":"14103311","imagecount":6,"isTrade":false},{"advertId":"34213606310108300","vehicleMake":"Volvo","vehicleModel":"V50","vehicleDerivative":"2.0 Dsl 5dr Selux 143BHP ~ Tax €390","vehiclePriceEuro":20995,"vehicleYearOfManufacture":2010,"advertiserCounty":"Dublin","isPSL":false,"privatePSL":false,"imagecount":0,"advertiserName":"Windsor Liffey Valley","isTrade":true},{"advertId":"34313606310110030","vehicleMake":"Volvo","vehicleModel":"V50","vehicleDerivative":"1.6 Dsl 5dr S D-Drive ~ Tax €190","vehiclePriceEuro":19995,"vehicleYearOfManufacture":2010,"advertiserCounty":"Dublin","isPSL":false,"privatePSL":false,"vehicleImageId":"4238b073-979a-4dea-8b2b-48d707de33b1","imagecount":9,"advertiserName":"Windsor Liffey Valley","isTrade":true},{"advertId":"33913603161877650","vehicleMake":"Volvo","vehicleModel":"V50","vehicleDerivative":"1.6 DIESEL @ DENIS MAHONY KILBARRACK","vehiclePriceEuro":19950,"vehicleYearOfManufacture":2010,"advertiserCounty":"Dublin","isPSL":true,"privatePSL":false,"vehicleImageId":"2a6404a3-3338-44f9-b461-a0249cc3075d","imagecount":17,"advertiserName":"Denis Mahony Kilbarrack","isTrade":true},{"advertId":"33913607748436100","vehicleMake":"Volvo","vehicleModel":"V50","vehicleDerivative":"V50 Estate 1.6 Diesel with Only 190 Road Tax","vehiclePriceEuro":18900,"vehicleYearOfManufacture":2010,"advertiserCounty":"Cork","isPSL":true,"privatePSL":false,"vehicleImageId":"0a038b03-d67f-450f-950f-a806092120bc","imagecount":9,"advertiserName":"Kearys Nissan Cork","isTrade":true},{"advertId":"34313612016858280","vehicleMake":"Volvo","vehicleModel":"V50","vehicleDerivative":"R DESIGN D DRIVE","vehiclePriceEuro":17999,"vehicleYearOfManufacture":2010,"advertiserCounty":"Dublin","isPSL":false,"privatePSL":false,"vehicleImageId":"d03ed869-3c0c-49c0-866f-f931d76caf31","imagecount":10,"advertiserName":"Tractamotors Blanchardstown","isTrade":true},{"advertId":"201304212159816","vehicleMake":"Volvo","vehicleModel":"V50","vehicleDerivative":"V50 1.6 D DRIVE SE 5DR","vehiclePriceEuro":17500,"vehicleYearOfManufacture":2010,"advertiserCounty":"Donegal","isPSL":true,"privatePSL":false,"vehicleImageId":"14294187","imagecount":6,"isTrade":false},{"advertId":"31913507239477380","vehicleMake":"Volvo","vehicleModel":"V50","vehicleDerivative":"1.6S D DRIVE START STOP","vehiclePriceEuro":17400,"vehicleYearOfManufacture":2010,"advertiserCounty":"Mayo","isPSL":false,"privatePSL":false,"vehicleImageId":"93c3bfa2-cfb8-46bf-b7e1-dbaee002677b","imagecount":9,"advertiserName":"Cosgraves Garage Ltd","isTrade":true},{"advertId":"31413588956446330","vehicleMake":"Volvo","vehicleModel":"V50","vehicleDerivative":"1.6D S/S Estate 5door (Diesel)","vehiclePriceEuro":16995,"vehicleYearOfManufacture":2010,"advertiserCounty":"Dublin","isPSL":false,"privatePSL":false,"vehicleImageId":"5a34295a-f6ef-4ecc-8d42-27ec2e911a43","imagecount":9,"advertiserName":"Sandyford Motor Centre (Main Opel & Mazda Dealer)","isTrade":true},{"advertId":"33413612031526030","vehicleMake":"Volvo","vehicleModel":"V50","vehicleDerivative":"1.6 DIESEL ESTATE","vehiclePriceEuro":16899,"vehicleYearOfManufacture":2010,"advertiserCounty":"Dublin","isPSL":false,"privatePSL":false,"vehicleImageId":"db78b897-e30d-4683-8a8b-cbaacca3f20f","imagecount":10,"advertiserName":"Tractamotors Blanchardstown","isTrade":true},{"advertId":"30813511011166990","vehicleMake":"Volvo","vehicleModel":"V50","vehicleDerivative":" Full Leather SE Superior Spec Startstop 1.6l Diesel","vehiclePriceEuro":16595,"vehicleYearOfManufacture":2010,"advertiserCounty":"Kildare","isPSL":false,"privatePSL":false,"vehicleImageId":"1023ca24-973d-4ddf-b26f-511dbadbe99c","imagecount":6,"advertiserName":"Car Source Direct","isTrade":true},{"advertId":"31513499639434180","vehicleMake":"Volvo","vehicleModel":"V50","vehicleDerivative":"1.6 D Drive S 110 BHP €190 Road Tax","vehiclePriceEuro":14999,"vehicleYearOfManufacture":2010,"advertiserCounty":"Leitrim","isPSL":true,"privatePSL":false,"vehicleImageId":"259b4de2-31e6-439a-b1eb-b2b8526fd2f2","imagecount":10,"advertiserName":"Sean Gallagher Cars","isTrade":true},{"advertId":"31713575643227510","vehicleMake":"Volvo","vehicleModel":"V50","vehicleDerivative":"Diesel Estate.  Annual Road Tax only €200 p/a!!!  FULL VOLVO MAIN DEALER SERVICE HISTORY FROM NEW!!!","vehiclePriceEuro":14950,"vehicleYearOfManufacture":2010,"advertiserCounty":"Dublin","isPSL":true,"privatePSL":false,"vehicleImageId":"efea60f5-6f55-42d9-9d91-06b027ffd99d","imagecount":10,"advertiserName":"Motoright Ltd.","isTrade":true},{"advertId":"34213624245469380","vehicleMake":"Volvo","vehicleModel":"V50","vehicleDerivative":"V50 S D DRIVE","vehiclePriceEuro":13450,"vehicleYearOfManufacture":2010,"advertiserCounty":"Kildare","isPSL":true,"privatePSL":false,"vehicleImageId":"8093f769-90ec-449a-a21a-8f6c5c714e18","imagecount":15,"advertiserName":"Autodirect.ie","isTrade":true},{"advertId":"31413554160269430","vehicleMake":"Volvo","vehicleModel":"V50","vehicleDerivative":"1.6 Drive se Reduced!!!","vehiclePriceEuro":12995,"vehicleYearOfManufacture":2010,"advertiserCounty":"Donegal","isPSL":false,"privatePSL":false,"vehicleImageId":"8f8996b5-f376-4056-a6d4-1abc62409ba7","imagecount":14,"advertiserName":"Anthony Conaghan Cars","isTrade":true},{"advertId":"31413566579155930","vehicleMake":"Volvo","vehicleModel":"V50","vehicleDerivative":"1.6 D DRIVE E","vehiclePriceEuro":0,"vehicleYearOfManufacture":2010,"advertiserCounty":"Cork","isPSL":true,"privatePSL":false,"vehicleImageId":"1316f158-fcde-4415-8a01-9518713ec8eb","imagecount":9,"advertiserName":"Luceys Charleville (Nissan & Mazda)","isTrade":true},{"advertId":"30613480622346560","vehicleMake":"Volvo","vehicleModel":"V50","vehicleDerivative":"1.6 D DRIVE ","vehiclePriceEuro":0,"vehicleYearOfManufacture":2010,"advertiserCounty":"Tipperary","isPSL":true,"privatePSL":false,"vehicleImageId":"9141ccfa-00d5-4c8b-926e-f6a609adedbe","imagecount":12,"advertiserName":"Mordaunt Group","isTrade":true},{"advertId":"6613373479381330","vehicleMake":"Volvo","vehicleModel":"V50","vehicleDerivative":"Diesel D-Drive 1.6l €160 road tax","vehiclePriceEuro":14595,"vehicleYearOfManufacture":2009,"advertiserCounty":"Kildare","isPSL":false,"privatePSL":false,"vehicleImageId":"3598411d-c104-4aed-9897-cad7672114f8","imagecount":5,"advertiserName":"Car Source Direct","isTrade":true},{"advertId":"31413523882718690","vehicleMake":"Volvo","vehicleModel":"V50","vehicleDerivative":"1.6 DRIVE e ( TAX 200 )","vehiclePriceEuro":13950,"vehicleYearOfManufacture":2009,"advertiserCounty":"Galway","isPSL":false,"privatePSL":false,"vehicleImageId":"3ad15e07-6369-44c1-857a-b3fc9adfb3ae","imagecount":16,"advertiserName":"The Woodland Motor Company","isTrade":true},{"advertId":"32113579233593370","vehicleMake":"Volvo","vehicleModel":"V50","vehicleDerivative":"S D DRIVE..SIMI DEALER..MASSIVE SPEC..€200.00 PER ANNUM ROAD TAX..WWW.SARSFIELDMOTORS.IE","vehiclePriceEuro":13950,"vehicleYearOfManufacture":2009,"advertiserCounty":"Dublin","isPSL":true,"privatePSL":false,"vehicleImageId":"5a30d88a-a680-4fa7-ae4e-5ac2b0f96e61","imagecount":15,"advertiserName":"Sarsfield Motor Company S.C.R. Kilmainham","isTrade":true},{"advertId":"31413594127022980","vehicleMake":"Volvo","vehicleModel":"V50","vehicleDerivative":"1.6 D DRIVE SPORT 5DR","vehiclePriceEuro":12995,"vehicleYearOfManufacture":2009,"advertiserCounty":"Cork","isPSL":false,"privatePSL":false,"vehicleImageId":"84c54820-693a-4b13-bb6f-5104f2b1c32d","imagecount":4,"advertiserName":"Denis McKerring Prestige & 4x4","isTrade":true},{"advertId":"31213487561650580","vehicleMake":"Volvo","vehicleModel":"V50","vehicleDerivative":"1.6 D DRIVE E SPORT","vehiclePriceEuro":12950,"vehicleYearOfManufacture":2009,"advertiserCounty":"Dublin","isPSL":false,"privatePSL":false,"vehicleImageId":"f00fab0d-b9c5-4715-b356-6a8fcea88ab6","imagecount":1,"advertiserName":"HB Dennis Leasing Ltd","isTrade":true},{"advertId":"32013582891581770","vehicleMake":"Volvo","vehicleModel":"V50","vehicleDerivative":"1.6 D S","vehiclePriceEuro":12950,"vehicleYearOfManufacture":2009,"advertiserCounty":"Cork","isPSL":false,"privatePSL":false,"vehicleImageId":"5b695184-c871-4416-8e22-0c20385bfdc6","imagecount":6,"advertiserName":"Jonathan O Brien Cars","isTrade":true},{"advertId":"31513573044295490","vehicleMake":"Volvo","vehicleModel":"V50","vehicleDerivative":"1.6 DIESEL S-DRIVE SPORTS TOURER (HOST OF EXTRAS) HUGE SPEC..SALE..SALE..SALE..","vehiclePriceEuro":12500,"vehicleYearOfManufacture":2009,"advertiserCounty":"Dublin","isPSL":false,"privatePSL":false,"vehicleImageId":"168cac6f-e475-47cc-9b94-955b0ec70eca","imagecount":16,"advertiserName":"Parkwest Autopoint","isTrade":true},{"advertId":"34213622323590230","vehicleMake":"Volvo","vehicleModel":"V50","vehicleDerivative":"S DIESEL ESTATE","vehiclePriceEuro":12000,"vehicleYearOfManufacture":2009,"advertiserCounty":"Galway","isPSL":false,"privatePSL":false,"vehicleImageId":"d4a595f9-cd51-4a87-8c00-145b142faa5e","imagecount":9,"advertiserName":"Kylemore Service Station","isTrade":true},{"advertId":"31113548864835160","vehicleMake":"Volvo","vehicleModel":"V50","vehicleDerivative":"TOURING 1.6 DIESEL S-DRIVE (SALE...SALE...SALE)","vehiclePriceEuro":11500,"vehicleYearOfManufacture":2009,"advertiserCounty":"Dublin","isPSL":false,"privatePSL":false,"vehicleImageId":"62675270-073c-4480-a8ed-a641f51e2e75","imagecount":20,"advertiserName":"Parkwest Autopoint","isTrade":true},{"advertId":"33213612995402210","vehicleMake":"Volvo","vehicleModel":"V50","vehicleDerivative":"2.0D SE LUXURY WITH HEATED SEATS / FULL LEATHER INTERIOR / FULL VOLVO MAIN DEALER SERVICE HISTORY / CALL 086-0429292 ANYTIME","vehiclePriceEuro":10450,"vehicleYearOfManufacture":2009,"advertiserCounty":"Dublin","isPSL":false,"privatePSL":false,"vehicleImageId":"5c0be9cb-2ce9-408f-9e58-31a3f12805d1","imagecount":20,"advertiserName":"Bill Griffin Motors","isTrade":true},{"advertId":"6013345896754950","vehicleMake":"Volvo","vehicleModel":"V50","vehicleDerivative":"1.6 S DRIVE E","vehiclePriceEuro":0,"vehicleYearOfManufacture":2009,"advertiserCounty":"Tipperary","isPSL":true,"privatePSL":false,"vehicleImageId":"d1c9daf3-1c42-4c0c-9938-51163c1f0580","imagecount":13,"advertiserName":"Mordaunt Group","isTrade":true},{"advertId":"31413572896056640","vehicleMake":"Volvo","vehicleModel":"V50","vehicleDerivative":"1.6 DIESEL S/S","vehiclePriceEuro":0,"vehicleYearOfManufacture":2009,"advertiserCounty":"Tipperary","isPSL":true,"privatePSL":false,"vehicleImageId":"7c6f77bf-bc50-4e24-9b36-52267956083a","imagecount":12,"advertiserName":"Mordaunt Group","isTrade":true},{"advertId":"34013598101705800","vehicleMake":"Volvo","vehicleModel":"V50","vehicleDerivative":"1.6 D SE","vehiclePriceEuro":13950,"vehicleYearOfManufacture":2008,"advertiserCounty":"Tipperary","isPSL":true,"privatePSL":false,"vehicleImageId":"f428f9c0-3958-4464-a723-88f3467b9483","imagecount":10,"advertiserName":"Pierse Motors Ltd","isTrade":true},{"advertId":"34113615373644310","vehicleMake":"Volvo","vehicleModel":"V50","vehicleDerivative":"1.6 Diesel Estate","vehiclePriceEuro":13900,"vehicleYearOfManufacture":2008,"advertiserCounty":"Cork","isPSL":false,"privatePSL":false,"vehicleImageId":"ccddcee4-85a1-475b-99b5-89957a700e68","imagecount":20,"advertiserName":"Breen Suzuki (Douglas)","isTrade":true},{"advertId":"201302211936883","vehicleMake":"Volvo","vehicleModel":"V50","vehiclePriceEuro":13900,"vehicleYearOfManufacture":2008,"advertiserCounty":"Louth","isPSL":true,"privatePSL":false,"vehicleImageId":"14261366","imagecount":4,"isTrade":false},{"advertId":"32013584434328910","vehicleMake":"Volvo","vehicleModel":"V50","vehicleDerivative":"1.8 SE FFV +LEATHER","vehiclePriceEuro":12950,"vehicleYearOfManufacture":2008,"advertiserCounty":"Cork","isPSL":false,"privatePSL":false,"vehicleImageId":"4a2c27c2-a936-48f7-875f-d48f7862d16d","imagecount":20,"advertiserName":"Dan Seaman Motors (Hyundai & Mitsubishi)","isTrade":true},{"advertId":"31213470964202800","vehicleMake":"Volvo","vehicleModel":"V50","vehicleDerivative":"V50 1.8 Flexifuel SE Leather","vehiclePriceEuro":12750,"vehicleYearOfManufacture":2008,"advertiserCounty":"Kildare","isPSL":false,"privatePSL":false,"vehicleImageId":"110b0b6d-a662-407d-ad7d-b667d97f77c5","imagecount":6,"advertiserName":"N. Conlan and Sons","isTrade":true},{"advertId":"201309212674126","vehicleMake":"Volvo","vehicleModel":"V50","vehicleDerivative":"2.0 D SPORT (E4) 5DR","vehiclePriceEuro":12750,"vehicleYearOfManufacture":2008,"advertiserCounty":"Cork","isPSL":true,"privatePSL":false,"vehicleImageId":"14374780","imagecount":9,"isTrade":false},{"advertId":"34313618738091600","vehicleMake":"Volvo","vehicleModel":"V50","vehicleDerivative":"2.0 d S Estate ","vehiclePriceEuro":12450,"vehicleYearOfManufacture":2008,"advertiserCounty":"Limerick","isPSL":true,"privatePSL":false,"imagecount":0,"advertiserName":"AutoXpress.ie","isTrade":true},{"advertId":"34213620564433250","vehicleMake":"Volvo","vehicleModel":"V50","vehicleDerivative":"1.6 D Black Mint Car!!","vehiclePriceEuro":12099,"vehicleYearOfManufacture":2008,"advertiserCounty":"Dublin","isPSL":false,"privatePSL":false,"vehicleImageId":"d55da072-f6c6-4803-9a41-b5af2d933c1c","imagecount":10,"advertiserName":"Motorplex","isTrade":true},{"advertId":"34213618821830610","vehicleMake":"Volvo","vehicleModel":"V50","vehicleDerivative":"1.6 D SE","vehiclePriceEuro":11950,"vehicleYearOfManufacture":2008,"advertiserCounty":"Tipperary","isPSL":false,"privatePSL":false,"vehicleImageId":"4ef20bae-e62c-45cd-bfe8-3a96900121f4","imagecount":10,"advertiserName":"Morrison","isTrade":true},{"advertId":"31413528095842680","vehicleMake":"Volvo","vehicleModel":"V50","vehicleDerivative":"1.8 SE FFV MANUFACTURE YEAR 08","vehiclePriceEuro":11950,"vehicleYearOfManufacture":2008,"advertiserCounty":"Kildare","isPSL":false,"privatePSL":false,"vehicleImageId":"82e96ce7-5000-41b4-acef-a64d25816085","imagecount":9,"advertiserName":"N.Conlan & Sons Peugeot","isTrade":true},{"advertId":"34213618163288790","vehicleMake":"Volvo","vehicleModel":"V50","vehicleDerivative":"ESTATE","vehiclePriceEuro":10950,"vehicleYearOfManufacture":2008,"advertiserCounty":"Dublin","isPSL":false,"privatePSL":false,"imagecount":0,"advertiserName":"BG Autos","isTrade":true},{"advertId":"201245210926475","vehicleMake":"Volvo","vehicleModel":"V50","vehicleDerivative":"rdesign","vehiclePriceEuro":10495,"vehicleYearOfManufacture":2008,"advertiserCounty":"Meath","isPSL":true,"privatePSL":false,"vehicleImageId":"14127269","imagecount":9,"isTrade":false},{"advertId":"201307212409017","vehicleMake":"Volvo","vehicleModel":"V50","vehicleDerivative":"V50 1.8 SE FFV - Negotiable price","vehiclePriceEuro":10450,"vehicleYearOfManufacture":2008,"advertiserCounty":"Kildare","isPSL":true,"privatePSL":false,"vehicleImageId":"14337745","imagecount":9,"isTrade":false},{"advertId":"33913618915026050","vehicleMake":"Volvo","vehicleModel":"V50","vehicleDerivative":"1.6 D SE 5DR ","vehiclePriceEuro":9950,"vehicleYearOfManufacture":2007,"advertiserCounty":"Cork","isPSL":false,"privatePSL":false,"vehicleImageId":"b22cf513-d127-4d5f-aee3-e1823d9fc225","imagecount":10,"advertiserName":"Donal O'Brien Cars Ltd","isTrade":true},{"advertId":"34213615424136700","vehicleMake":"Volvo","vehicleModel":"V50","vehicleDerivative":"1.6 D SE/LUX EURO IV (EURO","vehiclePriceEuro":9950,"vehicleYearOfManufacture":2007,"advertiserCounty":"Cork","isPSL":false,"privatePSL":false,"vehicleImageId":"cdbe8cf2-cbe6-4ab8-8366-1e9603f745e6","imagecount":15,"advertiserName":"Airport Road Car Sales","isTrade":true},{"advertId":"32913612750925850","vehicleMake":"Volvo","vehicleModel":"V50","vehicleDerivative":"1.8 SE 1.8I SPORTWAGON - 1 OWNER - NCT 04/2015","vehiclePriceEuro":9750,"vehicleYearOfManufacture":2007,"advertiserCounty":"Dublin","isPSL":false,"privatePSL":false,"vehicleImageId":"ae77c2e9-71b7-43f9-b587-69950c23d335","imagecount":20,"advertiserName":"Cambridge Motor Company","isTrade":true},{"advertId":"201305212228232","vehicleMake":"Volvo","vehicleModel":"V50","vehicleDerivative":"V50 2.0 D SE MANUAL","vehiclePriceEuro":9500,"vehicleYearOfManufacture":2007,"advertiserCounty":"Meath","isPSL":true,"privatePSL":false,"vehicleImageId":"14307602","imagecount":8,"isTrade":false},{"advertId":"30913535863196160","vehicleMake":"Volvo","vehicleModel":"V50","vehicleDerivative":"1.8 SE","vehiclePriceEuro":8950,"vehicleYearOfManufacture":2007,"advertiserCounty":"Dublin","isPSL":false,"privatePSL":false,"vehicleImageId":"0dd9ee18-c0e9-4d70-935c-22bd6bbe4a04","imagecount":10,"advertiserName":"Alasta Autos Ltd.","isTrade":true},{"advertId":"201304212093078","vehicleMake":"Volvo","vehicleModel":"V50","vehicleDerivative":"V50 1.8 SE 5DR","vehiclePriceEuro":8500,"vehicleYearOfManufacture":2007,"advertiserCounty":"Meath","isPSL":true,"privatePSL":false,"vehicleImageId":"14284396","imagecount":8,"isTrade":false},{"advertId":"34113622202082010","vehicleMake":"Volvo","vehicleModel":"V50","vehicleDerivative":"2.0 D SE MANUAL *MICHAEL DAFFY CAR SALES*","vehiclePriceEuro":0,"vehicleYearOfManufacture":2007,"advertiserCounty":"Limerick","isPSL":false,"privatePSL":false,"vehicleImageId":"24384dc8-a10d-4576-9617-aa775514ed3c","imagecount":9,"advertiserName":"Michael Daffy Quality Car Sales","isTrade":true},{"advertId":"31913527389104600","vehicleMake":"Volvo","vehicleModel":"V50","vehicleDerivative":"##SOLD##2.0 D SE (EURO IV 5DR SPORTWAGON)LOW KILMOTRES(NEW NCT 01-2015)/FULL LEATHER INTERIOR/ONE OWNER FROM NEW WITH FULL SERVICE HISTORY/SIMI APPROVED DEALER 2013..","vehiclePriceEuro":0,"vehicleYearOfManufacture":2007,"advertiserCounty":"Dublin","isPSL":false,"privatePSL":false,"vehicleImageId":"4598ef13-399a-4d0f-bc69-4fcfcd696484","imagecount":20,"advertiserName":"Brogan Motors","isTrade":true},{"advertId":"5013304422652490","vehicleMake":"Volvo","vehicleModel":"V50","vehicleDerivative":"T5 SE 5DR SPORTWAGON (220 BHP","vehiclePriceEuro":8750,"vehicleYearOfManufacture":2006,"advertiserCounty":"Dublin","isPSL":false,"privatePSL":false,"vehicleImageId":"cc0d71f1-cf8a-42df-9f66-53e4871933da","imagecount":7,"advertiserName":"G Kavanagh Car Sales","isTrade":true},{"advertId":"34313623937613190","vehicleMake":"Volvo","vehicleModel":"V50","vehicleDerivative":"1.8 SE FULL LEATHER","vehiclePriceEuro":8450,"vehicleYearOfManufacture":2006,"advertiserCounty":"Dublin","isPSL":true,"privatePSL":false,"vehicleImageId":"77c647ce-fe1e-4e4b-b7ed-0f5580b770fa","imagecount":8,"advertiserName":"MotorVation","isTrade":true},{"advertId":"34313620798868160","vehicleMake":"Volvo","vehicleModel":"V50","vehicleDerivative":"SE 5 DR 1.6cc HDI DIESEL LOVELY ESTATE","vehiclePriceEuro":7995,"vehicleYearOfManufacture":2006,"advertiserCounty":"Louth","isPSL":true,"privatePSL":false,"vehicleImageId":"9cce86c3-3c99-4a88-8571-509d66119788","imagecount":19,"advertiserName":"Holcroft Motors Ltd","isTrade":true},{"advertId":"34213601595611630","vehicleMake":"Volvo","vehicleModel":"V50","vehicleDerivative":"1.8 SE 5DR","vehiclePriceEuro":7499,"vehicleYearOfManufacture":2006,"advertiserCounty":"Dublin","isPSL":false,"privatePSL":false,"vehicleImageId":"c182f026-7a93-4ae6-98fe-a66af99f9e8a","imagecount":8,"advertiserName":"GK Motors","isTrade":true},{"advertId":"201251211518003","vehicleMake":"Volvo","vehicleModel":"V50","vehicleDerivative":"V50 1.8 SE 5DR 05DR","vehiclePriceEuro":9950,"vehicleYearOfManufacture":2005,"advertiserCounty":"Dublin","isPSL":true,"privatePSL":false,"vehicleImageId":"13846576","imagecount":8,"isTrade":false},{"advertId":"813267094239020","vehicleMake":"Volvo","vehicleModel":"V50","vehicleDerivative":"1.6 DSL","vehiclePriceEuro":7950,"vehicleYearOfManufacture":2005,"advertiserCounty":"Limerick","isPSL":false,"privatePSL":false,"vehicleImageId":"d6746fc1-7782-420b-ae96-1678d420fb16","imagecount":9,"advertiserName":"John Moloney Motors","isTrade":true},{"advertId":"34213624041848440","vehicleMake":"Volvo","vehicleModel":"V50","vehicleDerivative":"1.8 SE 5DR","vehiclePriceEuro":7500,"vehicleYearOfManufacture":2005,"advertiserCounty":"Kildare","isPSL":false,"privatePSL":false,"vehicleImageId":"122b82fd-9200-48fa-afa5-05e8439f74ab","imagecount":8,"advertiserName":"Monasterevin Motors (EST 1954) Isuzu Authorised Dealer","isTrade":true},{"advertId":"29613438314925870","vehicleMake":"Volvo","vehicleModel":"V50","vehicleDerivative":"2.0 Diesel SE Estate ","vehiclePriceEuro":6950,"vehicleYearOfManufacture":2005,"advertiserCounty":"Dublin","isPSL":false,"privatePSL":false,"vehicleImageId":"00d9e8cc-e503-408c-b5a5-0f3342ad5b04","imagecount":8,"advertiserName":"Terry Lilly Cars + Commercials","isTrade":true},{"advertId":"34313621513985120","vehicleMake":"Volvo","vehicleModel":"V50","vehicleDerivative":"T5 PREMIUM 5DR 51","vehiclePriceEuro":6950,"vehicleYearOfManufacture":2005,"advertiserCounty":"Dublin","isPSL":false,"privatePSL":false,"vehicleImageId":"d447b5bf-4bbd-4ec1-a9d7-7de4bf3a2de7","imagecount":6,"advertiserName":"Jack Doyle Motor Company","isTrade":true},{"advertId":"33913614599124820","vehicleMake":"Volvo","vehicleModel":"V50","vehicleDerivative":"1.8 SE - Leather - 2 Owners - NCT 05/15 - Low Miles - Trade Ins Welcome / Scrappage Deals Available / Finance Arranged","vehiclePriceEuro":6950,"vehicleYearOfManufacture":2005,"advertiserCounty":"Dublin","isPSL":false,"privatePSL":false,"vehicleImageId":"4006a582-a817-47c1-a357-d65d076420de","imagecount":14,"advertiserName":"Naas Road Autos","isTrade":true},{"advertId":"201309212673979","vehicleMake":"Volvo","vehicleModel":"V50","vehiclePriceEuro":6000,"vehicleYearOfManufacture":2005,"advertiserCounty":"Dublin","isPSL":true,"privatePSL":false,"vehicleImageId":"11760764","imagecount":6,"isTrade":false},{"advertId":"29813485626182980","vehicleMake":"Volvo","vehicleModel":"V50","vehicleDerivative":"1.8SE***1 YEARS WARRANTY***SIMI APPROVED DEALER***","vehiclePriceEuro":5950,"vehicleYearOfManufacture":2005,"advertiserCounty":"Dublin","isPSL":false,"privatePSL":false,"vehicleImageId":"382e5e18-33f5-40d3-87d7-4588e63fc481","imagecount":7,"advertiserName":"Walsh Motors","isTrade":true},{"advertId":"201245210901406","vehicleMake":"Volvo","vehicleModel":"V50","vehicleDerivative":"1.8 SE 5DR","vehiclePriceEuro":5600,"vehicleYearOfManufacture":2005,"advertiserCounty":"Dublin","isPSL":true,"privatePSL":false,"vehicleImageId":"14115698","imagecount":4,"isTrade":false},{"advertId":"31413557661296230","vehicleMake":"Volvo","vehicleModel":"V50","vehicleDerivative":"2.0 D SE.....Price Reduction!","vehiclePriceEuro":5250,"vehicleYearOfManufacture":2005,"advertiserCounty":"Dublin","isPSL":false,"privatePSL":false,"vehicleImageId":"ae2bf016-665b-491a-aa96-b766bac61b91","imagecount":10,"advertiserName":"Beechlawn Motors Ltd","isTrade":true},{"advertId":"33913624096339600","vehicleMake":"Volvo","vehicleModel":"V50","vehicleDerivative":"2.0 D SE 5DR 2.0S","vehiclePriceEuro":0,"vehicleYearOfManufacture":2005,"advertiserCounty":"Dublin","isPSL":false,"privatePSL":false,"vehicleImageId":"5e2b40c2-4773-4c42-bc34-c36e4d044376","imagecount":7,"advertiserName":"Dublin City Auctions","isTrade":true},{"advertId":"34113606690363230","vehicleMake":"Volvo","vehicleModel":"V60","vehicleDerivative":"D2 SE","vehiclePriceEuro":38890,"vehicleYearOfManufacture":2013,"advertiserCounty":"Dublin","isPSL":true,"privatePSL":false,"vehicleImageId":"2441c6fe-eb8c-447b-bf80-1b7faaaedc89","imagecount":8,"advertiserName":"HB Dennis (Volvo and Land Rover)","isTrade":true},{"advertId":"32013575771271310","vehicleMake":"Volvo","vehicleModel":"V60","vehicleDerivative":"D2 SE","vehiclePriceEuro":38890,"vehicleYearOfManufacture":2013,"advertiserCounty":"Waterford","isPSL":true,"privatePSL":false,"vehicleImageId":"0f12bc44-dbea-48db-b4c4-392a2b522ad8","imagecount":5,"advertiserName":"AutoBoland","isTrade":true},{"advertId":"31513575770396750","vehicleMake":"Volvo","vehicleModel":"V60","vehicleDerivative":"D2 SE","vehiclePriceEuro":38890,"vehicleYearOfManufacture":2013,"advertiserCounty":"Waterford","isPSL":true,"privatePSL":false,"vehicleImageId":"43fe7d08-dccc-4b44-b379-735c6b2abfd1","imagecount":6,"advertiserName":"AutoBoland","isTrade":true},{"advertId":"33213599913343920","vehicleMake":"Volvo","vehicleModel":"V60","vehicleDerivative":"D2 SE (115BHP)","vehiclePriceEuro":36495,"vehicleYearOfManufacture":2013,"advertiserCounty":"Waterford","isPSL":true,"privatePSL":false,"vehicleImageId":"6d678450-6b1b-4281-961f-a85b03bdd82d","imagecount":6,"advertiserName":"AutoBoland","isTrade":true},{"advertId":"34213606645414060","vehicleMake":"Volvo","vehicleModel":"V60","vehicleDerivative":"D2 SE","vehiclePriceEuro":0,"vehicleYearOfManufacture":2013,"advertiserCounty":"Galway","isPSL":true,"privatePSL":false,"vehicleImageId":"a9079917-d7e3-468e-ac40-0caa323ca643","imagecount":6,"advertiserName":"Kenny Galway","isTrade":true},{"advertId":"34313599818824150","vehicleMake":"Volvo","vehicleModel":"V60","vehicleDerivative":"D3 SE LUX GEARTRONIC","vehiclePriceEuro":39995,"vehicleYearOfManufacture":2012,"advertiserCounty":"Limerick","isPSL":false,"privatePSL":false,"vehicleImageId":"f53c0b10-013e-4578-a543-d3b54f0a7bd9","imagecount":4,"advertiserName":"Lyons of Limerick Volvo","isTrade":true},{"advertId":"32113500346209990","vehicleMake":"Volvo","vehicleModel":"V60","vehicleDerivative":"D3 R-DESIGN 136hp","vehiclePriceEuro":35950,"vehicleYearOfManufacture":2012,"advertiserCounty":"Dublin","isPSL":true,"privatePSL":false,"vehicleImageId":"8aa4b020-52b3-4984-84d8-584a14e2999a","imagecount":8,"advertiserName":"HB Dennis (Volvo and Land Rover)","isTrade":true},{"advertId":"29213448480512210","vehicleMake":"Volvo","vehicleModel":"V60","vehicleDerivative":"D3 SE","vehiclePriceEuro":34900,"vehicleYearOfManufacture":2012,"advertiserCounty":"Galway","isPSL":true,"privatePSL":false,"vehicleImageId":"ad2512e1-b0c4-4fb5-8edb-9a600a42250d","imagecount":6,"advertiserName":"Kenny Galway","isTrade":true},{"advertId":"32013594588654300","vehicleMake":"Volvo","vehicleModel":"V60","vehicleDerivative":"D3 R-Design (163HP)","vehiclePriceEuro":33950,"vehicleYearOfManufacture":2012,"advertiserCounty":"Dublin","isPSL":true,"privatePSL":false,"vehicleImageId":"28441f71-2fd1-4c9c-8769-62e161bd35a0","imagecount":8,"advertiserName":"HB Dennis (Volvo and Land Rover)","isTrade":true},{"advertId":"32913609247118910","vehicleMake":"Volvo","vehicleModel":"V60","vehicleDerivative":"D3 SE","vehiclePriceEuro":32950,"vehicleYearOfManufacture":2012,"advertiserCounty":"Dublin","isPSL":true,"privatePSL":false,"vehicleImageId":"26e2fd7c-6485-44d1-8f8c-5f079d47c344","imagecount":8,"advertiserName":"Spirit Motor Group","isTrade":true},{"advertId":"6813359504786300","vehicleMake":"Volvo","vehicleModel":"V60","vehicleDerivative":"D2 SE","vehiclePriceEuro":32500,"vehicleYearOfManufacture":2012,"advertiserCounty":"Limerick","isPSL":false,"privatePSL":false,"vehicleImageId":"c3198e09-b531-45f3-8f23-8badfdacaa05","imagecount":8,"advertiserName":"Lyons of Limerick Volvo","isTrade":true},{"advertId":"33213613734937790","vehicleMake":"Volvo","vehicleModel":"V60","vehicleDerivative":" D2 SE ","vehiclePriceEuro":31995,"vehicleYearOfManufacture":2012,"advertiserCounty":"Westmeath","isPSL":false,"privatePSL":false,"vehicleImageId":"cc0efd36-77ff-432a-bb7e-e0b1495a5bc1","imagecount":14,"advertiserName":"Motorpark Athlone","isTrade":true}],"totalAdvertCount":45174}