{"adverts":[{"advertId":"31913504690504200","vehicleMake":"Nissan","vehicleModel":"Pixo","vehicleDerivative":"N TEC","vehiclePriceEuro":7999,"vehicleYearOfManufacture":2009,"advertiserCounty":"Dublin","isPSL":false,"privatePSL":false,"vehicleImageId":"b88ba922-b2c9-49ba-a2e0-2e5df4116d37","imagecount":8,"advertiserName":"Tractamotors Blanchardstown","isTrade":true},{"advertId":"413268026096160","vehicleMake":"Nissan","vehicleModel":"President","vehicleDerivative":"LIMOUSINE*ABSOULUTE MINT CONDITION*","vehiclePriceEuro":9950,"vehicleYearOfManufacture":1991,"advertiserCounty":"Dublin","isPSL":false,"privatePSL":false,"vehicleImageId":"3df4aaf7-8a49-4e7c-88e0-c1095638e774","imagecount":9,"advertiserName":"Clarehall Motor Centre","isTrade":true},{"advertId":"201310212771282","vehicleMake":"Nissan","vehicleModel":"Primastar","vehicleDerivative":"LWB HIGH ROOF 115","vehiclePriceEuro":11250,"vehicleYearOfManufacture":2011,"advertiserCounty":"Dublin","isPSL":true,"privatePSL":false,"vehicleImageId":"14386750","imagecount":1,"isTrade":false},{"advertId":"201244210760713","vehicleMake":"Nissan","vehicleModel":"Primastar","vehicleDerivative":"LWB 115 BLIND VAN 4DR 07","vehiclePriceEuro":12950,"vehicleYearOfManufacture":2010,"advertiserCounty":"Limerick","isPSL":true,"privatePSL":false,"vehicleImageId":"14090918","imagecount":5,"isTrade":false},{"advertId":"201250211448218","vehicleMake":"Nissan","vehicleModel":"Primastar","vehicleDerivative":"LWB 90 BLIND 07","vehiclePriceEuro":10500,"vehicleYearOfManufacture":2009,"advertiserCounty":"Kildare","isPSL":true,"privatePSL":false,"imagecount":0,"isTrade":false},{"advertId":"201245210854207","vehicleMake":"Nissan","vehicleModel":"Primastar","vehicleDerivative":"LWB 115 BLIND VAN 07","vehiclePriceEuro":7500,"vehicleYearOfManufacture":2008,"advertiserCounty":"Meath","isPSL":true,"privatePSL":false,"vehicleImageId":"14105445","imagecount":9,"isTrade":false},{"advertId":"201302211824157","vehicleMake":"Nissan","vehicleModel":"Primastar","vehicleDerivative":"90 SWB 5DR 100 2 SIDE DOORS 05DR","vehiclePriceEuro":6250,"vehicleYearOfManufacture":2006,"advertiserCounty":"Dublin","isPSL":true,"privatePSL":false,"vehicleImageId":"13890113","imagecount":9,"isTrade":false},{"advertId":"201304212160003","vehicleMake":"Nissan","vehicleModel":"Primastar","vehicleDerivative":"90 LWB 100 04DR","vehiclePriceEuro":5450,"vehicleYearOfManufacture":2006,"advertiserCounty":"Dublin","isPSL":true,"privatePSL":false,"vehicleImageId":"13934283","imagecount":9,"isTrade":false},{"advertId":"201309212674243","vehicleMake":"Nissan","vehicleModel":"Primastar","vehicleDerivative":"LWB","vehiclePriceEuro":4500,"vehicleYearOfManufacture":2004,"advertiserCounty":"Dublin","isPSL":true,"privatePSL":false,"vehicleImageId":"14040212","imagecount":5,"isTrade":false},{"advertId":"201308212529829","vehicleMake":"Nissan","vehicleModel":"Primastar","vehicleDerivative":"90 LWB 100 04DR","vehiclePriceEuro":3450,"vehicleYearOfManufacture":2004,"advertiserCounty":"Dublin","isPSL":true,"privatePSL":false,"vehicleImageId":"13624943","imagecount":5,"isTrade":false},{"advertId":"27213428829817510","vehicleMake":"Nissan","vehicleModel":"Primera","vehicleDerivative":"4dr SE 1.6","vehiclePriceEuro":0,"vehicleYearOfManufacture":2011,"advertiserCounty":"Cork","isPSL":true,"privatePSL":false,"vehicleImageId":"3977ec39-baa7-4aca-8c87-192adc472f68","imagecount":10,"advertiserName":"Kevin O'Leary Group Bandon","isTrade":true},{"advertId":"33913620997973260","vehicleMake":"Nissan","vehicleModel":"Primera","vehicleDerivative":"1.6 5dr SE","vehiclePriceEuro":9495,"vehicleYearOfManufacture":2008,"advertiserCounty":"Dublin","isPSL":false,"privatePSL":false,"vehicleImageId":"6954493d-1f1b-42e7-b3c5-05b4847d1a99","imagecount":1,"advertiserName":"Windsor Liffey Valley","isTrade":true},{"advertId":"29913464962306710","vehicleMake":"Nissan","vehicleModel":"Primera","vehicleDerivative":"T-SPEC FULL LEATHER","vehiclePriceEuro":7995,"vehicleYearOfManufacture":2008,"advertiserCounty":"Dublin","isPSL":true,"privatePSL":false,"vehicleImageId":"28746c34-50fe-4f5a-a95e-4942cb5b68e9","imagecount":8,"advertiserName":"A S Cars","isTrade":true},{"advertId":"5113301767946730","vehicleMake":"Nissan","vehicleModel":"Primera","vehicleDerivative":"1.6 T-SPEC 4DR *MICHAEL DAFFY CAR SALES*","vehiclePriceEuro":7750,"vehicleYearOfManufacture":2008,"advertiserCounty":"Limerick","isPSL":false,"privatePSL":false,"vehicleImageId":"9771c5e1-657b-45e9-9153-3a989f64dfc0","imagecount":9,"advertiserName":"Michael Daffy Quality Car Sales","isTrade":true},{"advertId":"6513371635791480","vehicleMake":"Nissan","vehicleModel":"Primera","vehicleDerivative":"1.6 T-SPEC *** DONIE DAFFY CAR SALES ***","vehiclePriceEuro":7500,"vehicleYearOfManufacture":2008,"advertiserCounty":"Limerick","isPSL":false,"privatePSL":false,"vehicleImageId":"c7595b95-e07c-4392-aeb5-743061b8f48b","imagecount":8,"advertiserName":"Donie Daffy Quality Car Sales","isTrade":true},{"advertId":"31513584576978790","vehicleMake":"Nissan","vehicleModel":"Primera","vehicleDerivative":"1.6 SE 5DR","vehiclePriceEuro":0,"vehicleYearOfManufacture":2008,"advertiserCounty":"Donegal","isPSL":false,"privatePSL":false,"vehicleImageId":"42391df6-6a3d-436b-ab56-bb0a641002f6","imagecount":9,"advertiserName":"Colm Dillon Cars","isTrade":true},{"advertId":"201245210926086","vehicleMake":"Nissan","vehicleModel":"Primera","vehicleDerivative":"1.6 SE 4DR","vehiclePriceEuro":11000,"vehicleYearOfManufacture":2007,"advertiserCounty":"Kildare","isPSL":true,"privatePSL":false,"vehicleImageId":"14126984","imagecount":5,"isTrade":false},{"advertId":"34313609528893460","vehicleMake":"Nissan","vehicleModel":"Primera","vehicleDerivative":"T-Spec 1.6i 5Dr","vehiclePriceEuro":8995,"vehicleYearOfManufacture":2007,"advertiserCounty":"Dublin","isPSL":true,"privatePSL":false,"vehicleImageId":"2da7dca3-f989-4bce-8f93-fb499492b1da","imagecount":12,"advertiserName":"Joe Duffy (Opel & Mazda)","isTrade":true},{"advertId":"201243210664906","vehicleMake":"Nissan","vehicleModel":"Primera","vehicleDerivative":"1.8 T-SPEC 5DR","vehiclePriceEuro":8950,"vehicleYearOfManufacture":2007,"advertiserCounty":"Dublin","isPSL":true,"privatePSL":false,"vehicleImageId":"14076993","imagecount":5,"isTrade":false},{"advertId":"34213614950122220","vehicleMake":"Nissan","vehicleModel":"Primera","vehicleDerivative":"SE","vehiclePriceEuro":7995,"vehicleYearOfManufacture":2007,"advertiserCounty":"Dublin","isPSL":false,"privatePSL":false,"vehicleImageId":"8f03b16f-9e16-489d-9cc3-a087a6554b6f","imagecount":7,"advertiserName":"Windsor Belgard","isTrade":true},{"advertId":"34213607675552760","vehicleMake":"Nissan","vehicleModel":"Primera","vehicleDerivative":"1.6","vehiclePriceEuro":7750,"vehicleYearOfManufacture":2007,"advertiserCounty":"Limerick","isPSL":true,"privatePSL":false,"vehicleImageId":"7cc25b72-a824-4a4c-b89b-264f0ab1f956","imagecount":4,"advertiserName":"Frank Hogan Ltd.","isTrade":true},{"advertId":"413243704539070","vehicleMake":"Nissan","vehicleModel":"Primera","vehicleDerivative":"1.8 T-SPEC 4DR","vehiclePriceEuro":7750,"vehicleYearOfManufacture":2007,"advertiserCounty":"Kerry","isPSL":true,"privatePSL":false,"vehicleImageId":"abced8b5-d03b-4d4f-98b3-cf88a72c4964","imagecount":9,"advertiserName":"Reens Car Sales","isTrade":true},{"advertId":"31113566579265240","vehicleMake":"Nissan","vehicleModel":"Primera","vehicleDerivative":"SE Alloys","vehiclePriceEuro":6995,"vehicleYearOfManufacture":2007,"advertiserCounty":"Waterford","isPSL":false,"privatePSL":false,"vehicleImageId":"0f7b5cbc-ba53-4759-bff1-e8c009c1b777","imagecount":3,"advertiserName":"Dungarvan Nissan","isTrade":true},{"advertId":"34013618405998560","vehicleMake":"Nissan","vehicleModel":"Primera","vehicleDerivative":"1.6 SE 4 DR ( BOYNE CARS )","vehiclePriceEuro":6950,"vehicleYearOfManufacture":2007,"advertiserCounty":"Louth","isPSL":false,"privatePSL":false,"imagecount":0,"advertiserName":"Boyne Cars","isTrade":true},{"advertId":"33213612794991490","vehicleMake":"Nissan","vehicleModel":"Primera","vehicleDerivative":"1.6  SE 4dr","vehiclePriceEuro":6950,"vehicleYearOfManufacture":2007,"advertiserCounty":"Dublin","isPSL":true,"privatePSL":false,"vehicleImageId":"4ea7f47b-7d43-4fc3-9284-f87510bb1d43","imagecount":3,"advertiserName":"Gowan Motors Navan Road","isTrade":true},{"advertId":"31713588552798240","vehicleMake":"Nissan","vehicleModel":"Primera","vehicleDerivative":"1.6 SE 4DR","vehiclePriceEuro":6899,"vehicleYearOfManufacture":2007,"advertiserCounty":"Dublin","isPSL":true,"privatePSL":false,"vehicleImageId":"25117bbe-4f81-439e-ab43-5f063c14e716","imagecount":8,"advertiserName":"Airport Cars","isTrade":true},{"advertId":"5813313095595720","vehicleMake":"Nissan","vehicleModel":"Primera","vehicleDerivative":"1.6 SE 4DR","vehiclePriceEuro":6800,"vehicleYearOfManufacture":2007,"advertiserCounty":"Cork","isPSL":false,"privatePSL":false,"vehicleImageId":"6040f293-9f71-424b-b018-3580f68229f2","imagecount":13,"advertiserName":"O'C Motors","isTrade":true},{"advertId":"25113421941428410","vehicleMake":"Nissan","vehicleModel":"Primera","vehicleDerivative":"1.6 SE 4DR","vehiclePriceEuro":6750,"vehicleYearOfManufacture":2007,"advertiserCounty":"Dublin","isPSL":false,"privatePSL":false,"vehicleImageId":"5b772a5a-b24c-4560-a15b-50ef010bd111","imagecount":7,"advertiserName":"Tom Walsh Motors Ltd","isTrade":true},{"advertId":"201301211777237","vehicleMake":"Nissan","vehicleModel":"Primera","vehicleDerivative":"1.6 SE 4DR","vehiclePriceEuro":6750,"vehicleYearOfManufacture":2007,"advertiserCounty":"Dublin","isPSL":true,"privatePSL":false,"vehicleImageId":"13885937","imagecount":8,"isTrade":false},{"advertId":"29113436613343230","vehicleMake":"Nissan","vehicleModel":"Primera","vehicleDerivative":"1.6 SE.Low miles like new.","vehiclePriceEuro":6500,"vehicleYearOfManufacture":2007,"advertiserCounty":"Dublin","isPSL":false,"privatePSL":false,"vehicleImageId":"d89df8ae-a00c-4e60-8513-660f990cce83","imagecount":14,"advertiserName":"N 4 Autopoint","isTrade":true},{"advertId":"201308212577792","vehicleMake":"Nissan","vehicleModel":"Primera","vehicleDerivative":"1.6 SE 4DR","vehiclePriceEuro":6200,"vehicleYearOfManufacture":2007,"advertiserCounty":"Waterford","isPSL":true,"privatePSL":false,"vehicleImageId":"13653678","imagecount":9,"isTrade":false},{"advertId":"32113507318939450","vehicleMake":"Nissan","vehicleModel":"Primera","vehicleDerivative":" AUTO","vehiclePriceEuro":5995,"vehicleYearOfManufacture":2007,"advertiserCounty":"Kildare","isPSL":false,"privatePSL":false,"vehicleImageId":"f6011c1e-5805-440a-b2e1-d28b623fcf30","imagecount":10,"advertiserName":"McCormack Car Sales (Prosperous)","isTrade":true},{"advertId":"33413609221444650","vehicleMake":"Nissan","vehicleModel":"Primera","vehicleDerivative":"AUTOMATIC-SE-NCT FEB 2015--","vehiclePriceEuro":5950,"vehicleYearOfManufacture":2007,"advertiserCounty":"Dublin","isPSL":true,"privatePSL":false,"vehicleImageId":"1825f3b0-13c1-4331-8aaf-f0127382e981","imagecount":11,"advertiserName":"Right Price Cars Airport","isTrade":true},{"advertId":"29313436647682230","vehicleMake":"Nissan","vehicleModel":"Primera","vehicleDerivative":"-AUTOMATIC-GREAT VALUE--","vehiclePriceEuro":5950,"vehicleYearOfManufacture":2007,"advertiserCounty":"Dublin","isPSL":true,"privatePSL":false,"vehicleImageId":"7b050854-392f-432d-9768-201d860db595","imagecount":10,"advertiserName":"Right Price Cars (Prussia Street)","isTrade":true},{"advertId":"31113589782993860","vehicleMake":"Nissan","vehicleModel":"Primera","vehicleDerivative":"1.6 SE ***Top Spec - Reversing Camera***","vehiclePriceEuro":5900,"vehicleYearOfManufacture":2007,"advertiserCounty":"Limerick","isPSL":false,"privatePSL":false,"vehicleImageId":"09916bf1-187b-42e4-a5cf-5f5dafa0d877","imagecount":16,"advertiserName":"Hinchy's Garage","isTrade":true},{"advertId":"34013620707011680","vehicleMake":"Nissan","vehicleModel":"Primera","vehicleDerivative":"1.6 SE 4DR","vehiclePriceEuro":5795,"vehicleYearOfManufacture":2007,"advertiserCounty":"Tipperary","isPSL":false,"privatePSL":false,"vehicleImageId":"3556984a-3b65-4167-a7b1-62928fdd71d6","imagecount":7,"advertiserName":"Niall McCarthy Cars","isTrade":true},{"advertId":"34213614087712020","vehicleMake":"Nissan","vehicleModel":"Primera","vehicleDerivative":"SE","vehiclePriceEuro":5750,"vehicleYearOfManufacture":2007,"advertiserCounty":"Tipperary","isPSL":false,"privatePSL":false,"vehicleImageId":"94f8d9b3-84bc-486b-ac30-cce8b0c38a86","imagecount":7,"advertiserName":"Donal Ryan Motor Group (Nenagh)","isTrade":true},{"advertId":"201246211028859","vehicleMake":"Nissan","vehicleModel":"Primera","vehicleDerivative":"1.6 SE 4DR","vehiclePriceEuro":5600,"vehicleYearOfManufacture":2007,"advertiserCounty":"Dublin","isPSL":true,"privatePSL":false,"vehicleImageId":"14147495","imagecount":5,"isTrade":false},{"advertId":"31413596355781920","vehicleMake":"Nissan","vehicleModel":"Primera","vehicleDerivative":"1.6 SE 4DR","vehiclePriceEuro":5500,"vehicleYearOfManufacture":2007,"advertiserCounty":"Galway","isPSL":true,"privatePSL":false,"vehicleImageId":"da4775d1-eca8-4fa2-9343-3d0d4301b658","imagecount":10,"advertiserName":"Al Hayes Motors Ltd","isTrade":true},{"advertId":"201302211892184","vehicleMake":"Nissan","vehicleModel":"Primera","vehicleDerivative":"1.6 SE 4DR","vehiclePriceEuro":5445,"vehicleYearOfManufacture":2007,"advertiserCounty":"Limerick","isPSL":true,"privatePSL":false,"vehicleImageId":"14258083","imagecount":7,"isTrade":false},{"advertId":"201242210532742","vehicleMake":"Nissan","vehicleModel":"Primera","vehicleDerivative":"1.6 SE 4DR","vehiclePriceEuro":4990,"vehicleYearOfManufacture":2007,"advertiserCounty":"Meath","isPSL":true,"privatePSL":false,"vehicleImageId":"14052923","imagecount":9,"isTrade":false},{"advertId":"34013621583184540","vehicleMake":"Nissan","vehicleModel":"Primera","vehicleDerivative":"AUTOMATIC...NCT2015 --EXCELLENT VALUE--AUTOMATIC--","vehiclePriceEuro":4950,"vehicleYearOfManufacture":2007,"advertiserCounty":"Dublin","isPSL":true,"privatePSL":false,"vehicleImageId":"625626a2-47ed-4150-b3b0-fc8a9b96c3a0","imagecount":9,"advertiserName":"Right Price Cars (Prussia Street)","isTrade":true},{"advertId":"34213614716724030","vehicleMake":"Nissan","vehicleModel":"Primera","vehicleDerivative":"1.8 SE 4DR AUTO -NCT 02/15-","vehiclePriceEuro":4950,"vehicleYearOfManufacture":2007,"advertiserCounty":"Dublin","isPSL":true,"privatePSL":false,"vehicleImageId":"57dd410f-9d76-4bb2-96de-573f085926ee","imagecount":8,"advertiserName":"Right Price Cars Airport","isTrade":true},{"advertId":"6613376940100890","vehicleMake":"Nissan","vehicleModel":"Primera","vehicleDerivative":"1.8 SE 4DR AUTO","vehiclePriceEuro":4950,"vehicleYearOfManufacture":2007,"advertiserCounty":"Cork","isPSL":false,"privatePSL":false,"vehicleImageId":"10a8dfec-4c85-460b-b111-3dcd1f5a5289","imagecount":10,"advertiserName":"Right Price Cars Cork","isTrade":true},{"advertId":"29213451414589030","vehicleMake":"Nissan","vehicleModel":"Primera","vehicleDerivative":"1.6 SE 4DR (NCT 2015) ","vehiclePriceEuro":4750,"vehicleYearOfManufacture":2007,"advertiserCounty":"Carlow","isPSL":false,"privatePSL":false,"vehicleImageId":"2367c416-517e-4007-8f74-9d7126261707","imagecount":7,"advertiserName":"Carlow Kia","isTrade":true},{"advertId":"201302211870696","vehicleMake":"Nissan","vehicleModel":"Primera","vehicleDerivative":"1.6 SE 4DR","vehiclePriceEuro":4500,"vehicleYearOfManufacture":2007,"advertiserCounty":"Louth","isPSL":true,"privatePSL":false,"vehicleImageId":"14255374","imagecount":1,"isTrade":false},{"advertId":"32013566579257590","vehicleMake":"Nissan","vehicleModel":"Primera","vehicleDerivative":"1.8 T-Spec","vehiclePriceEuro":6950,"vehicleYearOfManufacture":2006,"advertiserCounty":"Meath","isPSL":false,"privatePSL":false,"vehicleImageId":"c894d49c-a803-4603-82e2-1ef73586bd56","imagecount":10,"advertiserName":"Navan Nissan, Hyundai","isTrade":true},{"advertId":"201245210905467","vehicleMake":"Nissan","vehicleModel":"Primera","vehicleDerivative":"1.6 T-SPEC 4DR","vehiclePriceEuro":6900,"vehicleYearOfManufacture":2006,"advertiserCounty":"Louth","isPSL":true,"privatePSL":false,"vehicleImageId":"14122690","imagecount":7,"isTrade":false},{"advertId":"5513318245268360","vehicleMake":"Nissan","vehicleModel":"Primera","vehicleDerivative":"1.6 SX 4DR 41","vehiclePriceEuro":6750,"vehicleYearOfManufacture":2006,"advertiserCounty":"Kerry","isPSL":false,"privatePSL":false,"vehicleImageId":"2a195539-afb5-4eb1-80ca-831b27bd93ee","imagecount":8,"advertiserName":"Adams of Tralee","isTrade":true},{"advertId":"713267095876940","vehicleMake":"Nissan","vehicleModel":"Primera","vehicleDerivative":"1.8 SVE 4d","vehiclePriceEuro":6500,"vehicleYearOfManufacture":2006,"advertiserCounty":"Limerick","isPSL":false,"privatePSL":false,"vehicleImageId":"2f3c2920-1c74-4978-87f8-c5d1a17c3f28","imagecount":9,"advertiserName":"John Moloney Motors","isTrade":true},{"advertId":"201303211960074","vehicleMake":"Nissan","vehicleModel":"Primera","vehicleDerivative":"1.6 SVE 4DR","vehiclePriceEuro":6450,"vehicleYearOfManufacture":2006,"advertiserCounty":"Monaghan","isPSL":true,"privatePSL":false,"vehicleImageId":"13902592","imagecount":7,"isTrade":false},{"advertId":"30013456422684690","vehicleMake":"Nissan","vehicleModel":"Primera","vehicleDerivative":"1.6 SE 4DR","vehiclePriceEuro":5950,"vehicleYearOfManufacture":2006,"advertiserCounty":"Galway","isPSL":false,"privatePSL":false,"vehicleImageId":"1e0908d7-1769-4533-8c89-53326ebca3c9","imagecount":5,"advertiserName":"Barrett Motors","isTrade":true},{"advertId":"34213610178620230","vehicleMake":"Nissan","vehicleModel":"Primera","vehicleDerivative":"1.6 SE 4DR,1OWNER FROM NEW,FULL SERVIVE HISTORY,VIEWING A MUST!!!!!!!!!!!!!!!!!!!!!!!!!!","vehiclePriceEuro":5950,"vehicleYearOfManufacture":2006,"advertiserCounty":"Wicklow","isPSL":false,"privatePSL":false,"vehicleImageId":"1939fcb2-0ead-4975-8770-1cca6a6873f8","imagecount":3,"advertiserName":"Paul McGovern Car Sales","isTrade":true},{"advertId":"34213620752170700","vehicleMake":"Nissan","vehicleModel":"Primera","vehicleDerivative":"1.8 SE 4DR AUTO","vehiclePriceEuro":5950,"vehicleYearOfManufacture":2006,"advertiserCounty":"Dublin","isPSL":true,"privatePSL":false,"vehicleImageId":"cb54897b-b787-479a-a896-e61142cf01b9","imagecount":2,"advertiserName":"Ultimate Cars Ltd.","isTrade":true},{"advertId":"32913613637923440","vehicleMake":"Nissan","vehicleModel":"Primera","vehicleDerivative":"1.6 SVE 4DR","vehiclePriceEuro":5950,"vehicleYearOfManufacture":2006,"advertiserCounty":"Cork","isPSL":false,"privatePSL":false,"vehicleImageId":"284e39e7-f2b6-46f3-bf42-14f408905c81","imagecount":11,"advertiserName":"Clarke Bros (Bandon)","isTrade":true},{"advertId":"32013558275024040","vehicleMake":"Nissan","vehicleModel":"Primera","vehicleDerivative":"1.8 T-SPEC AUTO-IRISH CAR","vehiclePriceEuro":5950,"vehicleYearOfManufacture":2006,"advertiserCounty":"Wicklow","isPSL":false,"privatePSL":false,"vehicleImageId":"10bb2fdf-6222-4c09-a20d-5835f53e54c1","imagecount":3,"advertiserName":"Sinnott Autos Ltd","isTrade":true},{"advertId":"31813521352248890","vehicleMake":"Nissan","vehicleModel":"Primera","vehicleDerivative":"1.6 SE 4DR","vehiclePriceEuro":5950,"vehicleYearOfManufacture":2006,"advertiserCounty":"Limerick","isPSL":false,"privatePSL":false,"vehicleImageId":"b8c32f73-7ab7-47f2-b3f8-88d73471402e","imagecount":10,"advertiserName":"Singland Motors","isTrade":true},{"advertId":"201301211777096","vehicleMake":"Nissan","vehicleModel":"Primera","vehicleDerivative":"SE 1.6","vehiclePriceEuro":5750,"vehicleYearOfManufacture":2006,"advertiserCounty":"Louth","isPSL":true,"privatePSL":false,"vehicleImageId":"12148114","imagecount":5,"isTrade":false},{"advertId":"29813479824348700","vehicleMake":"Nissan","vehicleModel":"Primera","vehicleDerivative":"1.6 SE 4DR","vehiclePriceEuro":5500,"vehicleYearOfManufacture":2006,"advertiserCounty":"Tipperary","isPSL":false,"privatePSL":false,"vehicleImageId":"e28f80ad-0ed5-43fd-9a9b-6eb34ce5d488","imagecount":5,"advertiserName":"Con Cleary Auto Repairs & Car Sales","isTrade":true},{"advertId":"33913602281280660","vehicleMake":"Nissan","vehicleModel":"Primera","vehicleDerivative":"*1.6 PETROL SE*","vehiclePriceEuro":5495,"vehicleYearOfManufacture":2006,"advertiserCounty":"Dublin","isPSL":true,"privatePSL":false,"vehicleImageId":"81d36911-488e-49e1-b474-87a2ae8f876a","imagecount":8,"advertiserName":"Hutton & Meade","isTrade":true},{"advertId":"201247211120383","vehicleMake":"Nissan","vehicleModel":"Primera","vehicleDerivative":"1.6 SE 4DR","vehiclePriceEuro":5250,"vehicleYearOfManufacture":2006,"advertiserCounty":"Galway","isPSL":true,"privatePSL":false,"vehicleImageId":"14163184","imagecount":6,"isTrade":false},{"advertId":"201245210845769","vehicleMake":"Nissan","vehicleModel":"Primera","vehicleDerivative":"1.6 T-SPEC 4DR","vehiclePriceEuro":5200,"vehicleYearOfManufacture":2006,"advertiserCounty":"Dublin","isPSL":true,"privatePSL":false,"vehicleImageId":"13279049","imagecount":7,"isTrade":false},{"advertId":"201305212228105","vehicleMake":"Nissan","vehicleModel":"Primera","vehicleDerivative":"1.6 SE 4DR","vehiclePriceEuro":5150,"vehicleYearOfManufacture":2006,"advertiserCounty":"Dublin","isPSL":true,"privatePSL":false,"vehicleImageId":"14306958","imagecount":6,"isTrade":false},{"advertId":"201305212205138","vehicleMake":"Nissan","vehicleModel":"Primera","vehiclePriceEuro":5000,"vehicleYearOfManufacture":2006,"advertiserCounty":"Meath","isPSL":true,"privatePSL":false,"vehicleImageId":"14302838","imagecount":4,"isTrade":false},{"advertId":"32013576683318450","vehicleMake":"Nissan","vehicleModel":"Primera","vehicleDerivative":"1.8 SE 4DR AUTO","vehiclePriceEuro":4999,"vehicleYearOfManufacture":2006,"advertiserCounty":"Dublin","isPSL":false,"privatePSL":false,"vehicleImageId":"527b5de4-a724-4933-b807-144cbc1ce8de","imagecount":8,"advertiserName":"Pat Barron Motors","isTrade":true},{"advertId":"201308212577713","vehicleMake":"Nissan","vehicleModel":"Primera","vehicleDerivative":"1.6 T-SPEC 4DR","vehiclePriceEuro":4999,"vehicleYearOfManufacture":2006,"advertiserCounty":"Dublin","isPSL":true,"privatePSL":false,"vehicleImageId":"14360743","imagecount":9,"isTrade":false},{"advertId":"34013618764190090","vehicleMake":"Nissan","vehicleModel":"Primera","vehicleDerivative":"1.6 SE 4DR","vehiclePriceEuro":4950,"vehicleYearOfManufacture":2006,"advertiserCounty":"Laois","isPSL":false,"privatePSL":false,"vehicleImageId":"c314fffb-fb10-4fbe-ba07-bc3215cf9139","imagecount":7,"advertiserName":"Ballybrittas Motors","isTrade":true},{"advertId":"30813529866372000","vehicleMake":"Nissan","vehicleModel":"Primera","vehicleDerivative":"1.8 SE 4DR AUTO","vehiclePriceEuro":4950,"vehicleYearOfManufacture":2006,"advertiserCounty":"Dublin","isPSL":true,"privatePSL":false,"vehicleImageId":"f786767f-6519-4121-96b6-0f3939f368dd","imagecount":9,"advertiserName":"Murphy Doyle","isTrade":true},{"advertId":"33413619016500830","vehicleMake":"Nissan","vehicleModel":"Primera","vehicleDerivative":"PRIMERA 1.6 SE","vehiclePriceEuro":4950,"vehicleYearOfManufacture":2006,"advertiserCounty":"Dublin","isPSL":true,"privatePSL":false,"vehicleImageId":"888a2d72-258c-4d9b-af6d-5081bf1c2bb0","imagecount":9,"advertiserName":"Autostation","isTrade":true},{"advertId":"201248211239083","vehicleMake":"Nissan","vehicleModel":"Primera","vehicleDerivative":"1.6 SE 4DR","vehiclePriceEuro":4750,"vehicleYearOfManufacture":2006,"advertiserCounty":"Dublin","isPSL":true,"privatePSL":false,"vehicleImageId":"14180988","imagecount":5,"isTrade":false},{"advertId":"201248211239088","vehicleMake":"Nissan","vehicleModel":"Primera","vehicleDerivative":"1.8 SE 4DR AUTO","vehiclePriceEuro":4500,"vehicleYearOfManufacture":2006,"advertiserCounty":"Dublin","isPSL":true,"privatePSL":false,"vehicleImageId":"14181011","imagecount":9,"isTrade":false},{"advertId":"201250211405728","vehicleMake":"Nissan","vehicleModel":"Primera","vehicleDerivative":"1.8 SVE 05DR","vehiclePriceEuro":4499,"vehicleYearOfManufacture":2006,"advertiserCounty":"Donegal","isPSL":true,"privatePSL":false,"vehicleImageId":"14205566","imagecount":1,"isTrade":false},{"advertId":"213224700127470","vehicleMake":"Nissan","vehicleModel":"Primera","vehicleDerivative":"1.6 SE 4DR","vehiclePriceEuro":4250,"vehicleYearOfManufacture":2006,"advertiserCounty":"Cavan","isPSL":false,"privatePSL":false,"vehicleImageId":"78ce7f06-e03c-4c1f-8c57-92b21e9d3856","imagecount":6,"advertiserName":"Moynehall Car Sales","isTrade":true},{"advertId":"34313603461009070","vehicleMake":"Nissan","vehicleModel":"Primera","vehicleDerivative":"1.6 SE 4DR","vehiclePriceEuro":4250,"vehicleYearOfManufacture":2006,"advertiserCounty":"Limerick","isPSL":false,"privatePSL":false,"vehicleImageId":"063cd11d-8de1-4e0e-b936-559e59146155","imagecount":17,"advertiserName":"T Junction Cars Ltd","isTrade":true},{"advertId":"30213461701350120","vehicleMake":"Nissan","vehicleModel":"Primera","vehicleDerivative":"1.6 SE (NCT 03-2014 /REVERSE CAM)","vehiclePriceEuro":3950,"vehicleYearOfManufacture":2006,"advertiserCounty":"Dublin","isPSL":true,"privatePSL":false,"vehicleImageId":"363b073c-0ff1-4818-99ff-ab9512c9484a","imagecount":8,"advertiserName":"1st Avenue Garage","isTrade":true},{"advertId":"201309212674307","vehicleMake":"Nissan","vehicleModel":"Primera","vehiclePriceEuro":3900,"vehicleYearOfManufacture":2006,"advertiserCounty":"Dublin","isPSL":true,"privatePSL":false,"vehicleImageId":"14040153","imagecount":5,"isTrade":false},{"advertId":"33413620474041970","vehicleMake":"Nissan","vehicleModel":"Primera","vehicleDerivative":"1.6 SE 2 KEYS NCT 01/14 WARRANTY","vehiclePriceEuro":3750,"vehicleYearOfManufacture":2006,"advertiserCounty":"Dublin","isPSL":false,"privatePSL":false,"imagecount":0,"advertiserName":"Crystal Cars","isTrade":true},{"advertId":"201242210533105","vehicleMake":"Nissan","vehicleModel":"Primera","vehicleDerivative":"1.8 T-SPEC 5DR","vehiclePriceEuro":3700,"vehicleYearOfManufacture":2006,"advertiserCounty":"Dublin","isPSL":true,"privatePSL":false,"imagecount":0,"isTrade":false},{"advertId":"31913598502631730","vehicleMake":"Nissan","vehicleModel":"Primera","vehicleDerivative":"1.6 SE 4DR","vehiclePriceEuro":3400,"vehicleYearOfManufacture":2006,"advertiserCounty":"Cork","isPSL":false,"privatePSL":false,"vehicleImageId":"1a575b0f-af68-4825-95ac-3f6b5bd4af8c","imagecount":6,"advertiserName":"Edmond Collins Motors","isTrade":true},{"advertId":"201304212115053","vehicleMake":"Nissan","vehicleModel":"Primera","vehicleDerivative":"1.6 SE 4DR","vehiclePriceEuro":2900,"vehicleYearOfManufacture":2006,"advertiserCounty":"Dublin","isPSL":true,"privatePSL":false,"vehicleImageId":"14286007","imagecount":3,"isTrade":false},{"advertId":"201307212433147","vehicleMake":"Nissan","vehicleModel":"Primera","vehicleDerivative":"1.6 SX 4DR","vehiclePriceEuro":5500,"vehicleYearOfManufacture":2005,"advertiserCounty":"Dublin","isPSL":true,"privatePSL":false,"vehicleImageId":"14005442","imagecount":5,"isTrade":false},{"advertId":"201303211960047","vehicleMake":"Nissan","vehicleModel":"Primera","vehicleDerivative":"2.2 DSL SX 4DR 41","vehiclePriceEuro":5000,"vehicleYearOfManufacture":2005,"advertiserCounty":"Kildare","isPSL":true,"privatePSL":false,"vehicleImageId":"13902578","imagecount":5,"isTrade":false},{"advertId":"201307212433153","vehicleMake":"Nissan","vehicleModel":"Primera","vehicleDerivative":"sve","vehiclePriceEuro":5000,"vehicleYearOfManufacture":2005,"advertiserCounty":"Dublin","isPSL":true,"privatePSL":false,"vehicleImageId":"14005437","imagecount":7,"isTrade":false},{"advertId":"31413593826344110","vehicleMake":"Nissan","vehicleModel":"Primera","vehicleDerivative":"SX","vehiclePriceEuro":4950,"vehicleYearOfManufacture":2005,"advertiserCounty":"Kerry","isPSL":false,"privatePSL":false,"vehicleImageId":"972abfab-ba99-4fc3-b32b-d73519de5c92","imagecount":6,"advertiserName":"Aherns","isTrade":true},{"advertId":"32913613751412970","vehicleMake":"Nissan","vehicleModel":"Primera","vehicleDerivative":"1.8 H/B ACENTA","vehiclePriceEuro":4950,"vehicleYearOfManufacture":2005,"advertiserCounty":"Dublin","isPSL":true,"privatePSL":false,"vehicleImageId":"45ac7c03-fb05-442e-9ddf-157805b8037c","imagecount":10,"advertiserName":"A S Cars","isTrade":true},{"advertId":"201304212114961","vehicleMake":"Nissan","vehicleModel":"Primera","vehicleDerivative":"1.8 SVE 4DR AUT","vehiclePriceEuro":4950,"vehicleYearOfManufacture":2005,"advertiserCounty":"Dublin","isPSL":true,"privatePSL":false,"vehicleImageId":"13928646","imagecount":8,"isTrade":false},{"advertId":"201242210572969","vehicleMake":"Nissan","vehicleModel":"Primera","vehicleDerivative":"1.6 SX 4DR","vehiclePriceEuro":4800,"vehicleYearOfManufacture":2005,"advertiserCounty":"Monaghan","isPSL":true,"privatePSL":false,"vehicleImageId":"14059510","imagecount":9,"isTrade":false},{"advertId":"31513554809767640","vehicleMake":"Nissan","vehicleModel":"Primera","vehicleDerivative":"1.6 SVE 4DR","vehiclePriceEuro":4500,"vehicleYearOfManufacture":2005,"advertiserCounty":"Cork","isPSL":true,"privatePSL":false,"vehicleImageId":"d4527889-3129-450d-9056-8e7218398bf1","imagecount":12,"advertiserName":"Michael O'Sullivan Car Sales","isTrade":true},{"advertId":"213228145815510","vehicleMake":"Nissan","vehicleModel":"Primera","vehicleDerivative":"1.8 SX 4DR","vehiclePriceEuro":4500,"vehicleYearOfManufacture":2005,"advertiserCounty":"Cavan","isPSL":false,"privatePSL":false,"vehicleImageId":"fcc22d6d-48d2-48c6-8afd-580ac878aecb","imagecount":3,"advertiserName":"Brady's Arva Ltd","isTrade":true},{"advertId":"201309212722818","vehicleMake":"Nissan","vehicleModel":"Primera","vehicleDerivative":"1.6 SX 4DR 41","vehiclePriceEuro":4500,"vehicleYearOfManufacture":2005,"advertiserCounty":"Kilkenny","isPSL":true,"privatePSL":false,"vehicleImageId":"14380946","imagecount":4,"isTrade":false},{"advertId":"33913600840411540","vehicleMake":"Nissan","vehicleModel":"Primera","vehicleDerivative":"SVE","vehiclePriceEuro":4500,"vehicleYearOfManufacture":2005,"advertiserCounty":"Tipperary","isPSL":false,"privatePSL":false,"vehicleImageId":"59ae8d44-8021-4633-ab5c-684aa9320462","imagecount":8,"advertiserName":"Donal Ryan Motor Group (Nenagh)","isTrade":true},{"advertId":"5913351865066710","vehicleMake":"Nissan","vehicleModel":"Primera","vehicleDerivative":"1.6 SX NCT & TAX.","vehiclePriceEuro":4450,"vehicleYearOfManufacture":2005,"advertiserCounty":"Dublin","isPSL":false,"privatePSL":false,"vehicleImageId":"aba47993-e902-4b14-87b8-ca23734047ea","imagecount":9,"advertiserName":"N 4 Autopoint","isTrade":true},{"advertId":"201247211120433","vehicleMake":"Nissan","vehicleModel":"Primera","vehicleDerivative":"2.2 DSL SX 4DR 41","vehiclePriceEuro":4000,"vehicleYearOfManufacture":2005,"advertiserCounty":"Cavan","isPSL":true,"privatePSL":false,"vehicleImageId":"14163573","imagecount":4,"isTrade":false},{"advertId":"34013621572267230","vehicleMake":"Nissan","vehicleModel":"Primera","vehicleDerivative":"1.6 SVE ","vehiclePriceEuro":3999,"vehicleYearOfManufacture":2005,"advertiserCounty":"Dublin","isPSL":false,"privatePSL":false,"vehicleImageId":"f81d604a-f54a-49f4-af5c-61daa24cbae2","imagecount":1,"advertiserName":"Webb Motors","isTrade":true},{"advertId":"33913609242354750","vehicleMake":"Nissan","vehicleModel":"Primera","vehicleDerivative":"SX AUTOMATIC 4DR","vehiclePriceEuro":3995,"vehicleYearOfManufacture":2005,"advertiserCounty":"Dublin","isPSL":false,"privatePSL":false,"imagecount":0,"advertiserName":"Baldonnell Motor Co","isTrade":true},{"advertId":"34213607605880850","vehicleMake":"Nissan","vehicleModel":"Primera","vehicleDerivative":"1.6 SX ","vehiclePriceEuro":3950,"vehicleYearOfManufacture":2005,"advertiserCounty":"Dublin","isPSL":false,"privatePSL":false,"vehicleImageId":"5027bb2b-970a-4a58-9f63-9af3c3e5c12f","imagecount":5,"advertiserName":"Yomac Cars","isTrade":true},{"advertId":"34113621520071580","vehicleMake":"Nissan","vehicleModel":"Primera","vehicleDerivative":"1.6 SVE 4DR","vehiclePriceEuro":3950,"vehicleYearOfManufacture":2005,"advertiserCounty":"Carlow","isPSL":false,"privatePSL":false,"vehicleImageId":"a71763a8-decf-41a7-9a8a-c5d5c7d0c10b","imagecount":9,"advertiserName":"Michael Lyng Motors Carlow","isTrade":true},{"advertId":"33913613114179910","vehicleMake":"Nissan","vehicleModel":"Primera","vehicleDerivative":"AUTOMATIC *NCT 02/15*","vehiclePriceEuro":3945,"vehicleYearOfManufacture":2005,"advertiserCounty":"Dublin","isPSL":false,"privatePSL":false,"vehicleImageId":"6f8115db-edef-4e26-ac2d-5162fb2fc70f","imagecount":7,"advertiserName":"Manorfield Cars Ltd Trade Connection","isTrade":true},{"advertId":"201304212159716","vehicleMake":"Nissan","vehicleModel":"Primera","vehicleDerivative":"1.6 SX 4DR 41","vehiclePriceEuro":3900,"vehicleYearOfManufacture":2005,"advertiserCounty":"Tipperary","isPSL":true,"privatePSL":false,"vehicleImageId":"14293822","imagecount":5,"isTrade":false},{"advertId":"201308212601822","vehicleMake":"Nissan","vehicleModel":"Primera","vehicleDerivative":"1.8 SVE 5DR Automatic","vehiclePriceEuro":3750,"vehicleYearOfManufacture":2005,"advertiserCounty":"Dublin","isPSL":false,"privatePSL":false,"vehicleImageId":"14363607","imagecount":7,"advertiserName":"Michael Collins Cars","isTrade":true}],"totalAdvertCount":45174}