{"adverts":[{"advertId":"201245210854210","vehicleMake":"Mercedes-Benz","vehicleModel":"S-Class","vehicleDerivative":"L CDI 320","vehiclePriceEuro":8500,"vehicleYearOfManufacture":2004,"advertiserCounty":"Dublin","isPSL":true,"privatePSL":false,"vehicleImageId":"14105353","imagecount":2,"isTrade":false},{"advertId":"21713414114338670","vehicleMake":"Mercedes-Benz","vehicleModel":"S-Class","vehicleDerivative":"320 CDI LWB.","vehiclePriceEuro":8500,"vehicleYearOfManufacture":2004,"advertiserCounty":"Dublin","isPSL":false,"privatePSL":false,"vehicleImageId":"482c4647-8347-4a7f-a540-d58734e63934","imagecount":20,"advertiserName":"Premier Cars","isTrade":true},{"advertId":"201309212674276","vehicleMake":"Mercedes-Benz","vehicleModel":"S-Class","vehicleDerivative":"350 LWB","vehiclePriceEuro":8500,"vehicleYearOfManufacture":2004,"advertiserCounty":"Offaly","isPSL":true,"privatePSL":false,"vehicleImageId":"14036519","imagecount":4,"isTrade":false},{"advertId":"34013618267715280","vehicleMake":"Mercedes-Benz","vehicleModel":"S-Class","vehicleDerivative":"320 CDI 4DR","vehiclePriceEuro":7750,"vehicleYearOfManufacture":2004,"advertiserCounty":"Cork","isPSL":false,"privatePSL":false,"vehicleImageId":"7ce062b8-180f-4d87-9026-515972a27427","imagecount":9,"advertiserName":"Jonathan O Brien Cars","isTrade":true},{"advertId":"32713591257342100","vehicleMake":"Mercedes-Benz","vehicleModel":"S-Class","vehicleDerivative":"S350 - Facelift Model - 2 Owners - Full Service History - Trade Ins Welcome / Scrappage Deals Available","vehiclePriceEuro":6950,"vehicleYearOfManufacture":2004,"advertiserCounty":"Dublin","isPSL":false,"privatePSL":false,"vehicleImageId":"4661fcb6-aced-4fbc-9c08-34686cfa0f6b","imagecount":13,"advertiserName":"Naas Road Autos","isTrade":true},{"advertId":"14213398755815950","vehicleMake":"Mercedes-Benz","vehicleModel":"S-Class","vehicleDerivative":"350","vehiclePriceEuro":3950,"vehicleYearOfManufacture":2004,"advertiserCounty":"Tipperary","isPSL":false,"privatePSL":false,"vehicleImageId":"5dcd59d1-b4cc-4a1e-8891-c7643d63e8ee","imagecount":10,"advertiserName":"Premier Autos","isTrade":true},{"advertId":"201307212433148","vehicleMake":"Mercedes-Benz","vehicleModel":"S-Class","vehicleDerivative":"S350 350","vehiclePriceEuro":14500,"vehicleYearOfManufacture":2003,"advertiserCounty":"Dublin","isPSL":true,"privatePSL":false,"vehicleImageId":"14005485","imagecount":3,"isTrade":false},{"advertId":"6213330953949240","vehicleMake":"Mercedes-Benz","vehicleModel":"S-Class","vehicleDerivative":"***MAGNIFICENT CAR***FULL HISTORY***GREAT VALUE***","vehiclePriceEuro":8950,"vehicleYearOfManufacture":2003,"advertiserCounty":"Wicklow","isPSL":false,"privatePSL":false,"vehicleImageId":"f6b3ac44-314f-481d-9f8e-e34b89f4a2fa","imagecount":12,"advertiserName":"Peter Deignan Cars","isTrade":true},{"advertId":"201306212363467","vehicleMake":"Mercedes-Benz","vehicleModel":"S-Class","vehicleDerivative":"350","vehiclePriceEuro":8500,"vehicleYearOfManufacture":2003,"advertiserCounty":"Kildare","isPSL":true,"privatePSL":false,"vehicleImageId":"13983441","imagecount":9,"isTrade":false},{"advertId":"32913612925171320","vehicleMake":"Mercedes-Benz","vehicleModel":"S-Class","vehicleDerivative":"S 500 LWB..HIGH SPEC..IRISH CAR WITH FULL SERVICE HISTORY..TRADE IN'S WELCOME..OPEN 7 DAYS..VISIT WWW.BESHOFFMOTORS.IE FOR MORE INFO..","vehiclePriceEuro":7950,"vehicleYearOfManufacture":2003,"advertiserCounty":"Dublin","isPSL":true,"privatePSL":false,"vehicleImageId":"03bfb762-be43-4c96-9ec5-b5a5bf4c9651","imagecount":20,"advertiserName":"Beshoff Motors","isTrade":true},{"advertId":"201244210783414","vehicleMake":"Mercedes-Benz","vehicleModel":"S-Class","vehicleDerivative":"350 LIMOUSINE","vehiclePriceEuro":7500,"vehicleYearOfManufacture":2003,"advertiserCounty":"Waterford","isPSL":true,"privatePSL":false,"vehicleImageId":"12637752","imagecount":9,"isTrade":false},{"advertId":"201245210845754","vehicleMake":"Mercedes-Benz","vehicleModel":"S-Class","vehicleDerivative":"320 CDI 4DR","vehiclePriceEuro":7150,"vehicleYearOfManufacture":2003,"advertiserCounty":"Limerick","isPSL":true,"privatePSL":false,"vehicleImageId":"14103335","imagecount":6,"isTrade":false},{"advertId":"28413433068451110","vehicleMake":"Mercedes-Benz","vehicleModel":"S-Class","vehicleDerivative":"S SERIES CDI 04DR A","vehiclePriceEuro":5950,"vehicleYearOfManufacture":2003,"advertiserCounty":"Dublin","isPSL":true,"privatePSL":false,"vehicleImageId":"0cc90ede-4671-42bb-92c9-08679eb40ab1","imagecount":9,"advertiserName":"Murphy Doyle","isTrade":true},{"advertId":"30613480553972270","vehicleMake":"Mercedes-Benz","vehicleModel":"S-Class","vehicleDerivative":"S 320 CDI NEW NCT ","vehiclePriceEuro":5950,"vehicleYearOfManufacture":2003,"advertiserCounty":"Dublin","isPSL":true,"privatePSL":false,"vehicleImageId":"c990957a-6da0-4f4b-9d93-da4de3fecdd3","imagecount":8,"advertiserName":"Cars Online.ie","isTrade":true},{"advertId":"201308212529625","vehicleMake":"Mercedes-Benz","vehicleModel":"S-Class","vehicleDerivative":"320 LWB (D Reg)","vehiclePriceEuro":5850,"vehicleYearOfManufacture":2003,"advertiserCounty":"Galway","isPSL":true,"privatePSL":false,"vehicleImageId":"14025226","imagecount":9,"isTrade":false},{"advertId":"201304212159966","vehicleMake":"Mercedes-Benz","vehicleModel":"S-Class","vehicleDerivative":"CDI 04DR A","vehiclePriceEuro":5750,"vehicleYearOfManufacture":2003,"advertiserCounty":"Westmeath","isPSL":true,"privatePSL":false,"vehicleImageId":"13933884","imagecount":5,"isTrade":false},{"advertId":"201307212457274","vehicleMake":"Mercedes-Benz","vehicleModel":"S-Class","vehicleDerivative":"350","vehiclePriceEuro":4600,"vehicleYearOfManufacture":2003,"advertiserCounty":"Kerry","isPSL":true,"privatePSL":false,"vehicleImageId":"13165437","imagecount":9,"isTrade":false},{"advertId":"201307212433116","vehicleMake":"Mercedes-Benz","vehicleModel":"S-Class","vehicleDerivative":"350 - HIGH SPEC - FULL HISTORY - NCT 03/14","vehiclePriceEuro":4450,"vehicleYearOfManufacture":2003,"advertiserCounty":"Dublin","isPSL":false,"privatePSL":false,"vehicleImageId":"14341583","imagecount":9,"advertiserName":"John Barnwell Cars, Clonskeagh, Dublin 14","isTrade":true},{"advertId":"613267095652240","vehicleMake":"Mercedes-Benz","vehicleModel":"S-Class","vehicleDerivative":"S 500","vehiclePriceEuro":11500,"vehicleYearOfManufacture":2002,"advertiserCounty":"Limerick","isPSL":false,"privatePSL":false,"vehicleImageId":"5dff6add-6b30-4b49-88c6-c70402a65aaf","imagecount":5,"advertiserName":"John Moloney Motors","isTrade":true},{"advertId":"713267095700430","vehicleMake":"Mercedes-Benz","vehicleModel":"S-Class","vehicleDerivative":"S 320","vehiclePriceEuro":10500,"vehicleYearOfManufacture":2002,"advertiserCounty":"Limerick","isPSL":false,"privatePSL":false,"vehicleImageId":"c95f22bc-f8f3-4229-8cfe-3ad1620ee0ad","imagecount":9,"advertiserName":"John Moloney Motors","isTrade":true},{"advertId":"201305212228143","vehicleMake":"Mercedes-Benz","vehicleModel":"S-Class","vehicleDerivative":"LIMOUSINE SPEC 4.3","vehiclePriceEuro":8000,"vehicleYearOfManufacture":2002,"advertiserCounty":"Meath","isPSL":true,"privatePSL":false,"imagecount":0,"isTrade":false},{"advertId":"201250211426534","vehicleMake":"Mercedes-Benz","vehicleModel":"S-Class","vehicleDerivative":"SPORT 320L AUTO","vehiclePriceEuro":7500,"vehicleYearOfManufacture":2002,"advertiserCounty":"Dublin","isPSL":true,"privatePSL":false,"vehicleImageId":"13436680","imagecount":7,"isTrade":false},{"advertId":"201250211384232","vehicleMake":"Mercedes-Benz","vehicleModel":"S-Class","vehicleDerivative":"SPORT 320 CDI","vehiclePriceEuro":6500,"vehicleYearOfManufacture":2002,"advertiserCounty":"Dublin","isPSL":true,"privatePSL":false,"imagecount":0,"isTrade":false},{"advertId":"201250211362742","vehicleMake":"Mercedes-Benz","vehicleModel":"S-Class","vehicleDerivative":"SPORT 320 CDI","vehiclePriceEuro":5900,"vehicleYearOfManufacture":2002,"advertiserCounty":"Kildare","isPSL":true,"privatePSL":false,"vehicleImageId":"13820986","imagecount":8,"isTrade":false},{"advertId":"413267091792430","vehicleMake":"Mercedes-Benz","vehicleModel":"S-Class","vehicleDerivative":"320 Diesel","vehiclePriceEuro":4850,"vehicleYearOfManufacture":2002,"advertiserCounty":"Limerick","isPSL":false,"privatePSL":false,"vehicleImageId":"c811fd98-357b-4a20-a55a-8f9b4ec999c8","imagecount":8,"advertiserName":"John Moloney Motors","isTrade":true},{"advertId":"30813484919027070","vehicleMake":"Mercedes-Benz","vehicleModel":"S-Class","vehicleDerivative":"S SERIES LWB 4DR A","vehiclePriceEuro":4850,"vehicleYearOfManufacture":2002,"advertiserCounty":"Limerick","isPSL":false,"privatePSL":false,"vehicleImageId":"8b222fff-7424-4a77-b8ce-da1165f90089","imagecount":9,"advertiserName":"John Moloney Motors","isTrade":true},{"advertId":"201302211892236","vehicleMake":"Mercedes-Benz","vehicleModel":"S-Class","vehicleDerivative":"LWB   LIMOUSINE","vehiclePriceEuro":4550,"vehicleYearOfManufacture":2002,"advertiserCounty":"Wexford","isPSL":true,"privatePSL":false,"vehicleImageId":"14258353","imagecount":8,"isTrade":false},{"advertId":"27913430616114070","vehicleMake":"Mercedes-Benz","vehicleModel":"S-Class","vehicleDerivative":"A/T","vehiclePriceEuro":3950,"vehicleYearOfManufacture":2002,"advertiserCounty":"Dublin","isPSL":true,"privatePSL":false,"vehicleImageId":"b07fb752-7563-4990-b4d0-3a26dcd36cb1","imagecount":9,"advertiserName":"Murphy Doyle","isTrade":true},{"advertId":"32113518554825320","vehicleMake":"Mercedes-Benz","vehicleModel":"S-Class","vehicleDerivative":"SPORT 320L AUTO","vehiclePriceEuro":2950,"vehicleYearOfManufacture":2002,"advertiserCounty":"Dublin","isPSL":false,"privatePSL":false,"vehicleImageId":"984cc1ba-dcc8-486b-adc1-3a88dd6434a2","imagecount":4,"advertiserName":"Killiney Car Sales","isTrade":true},{"advertId":"34213604240411010","vehicleMake":"Mercedes-Benz","vehicleModel":"S-Class","vehicleDerivative":"S SERIES 4DR A","vehiclePriceEuro":6950,"vehicleYearOfManufacture":2001,"advertiserCounty":"Dublin","isPSL":false,"privatePSL":false,"vehicleImageId":"d6621d56-43de-4131-827f-4a01b7d27cd3","imagecount":5,"advertiserName":"Clarehall Motor Centre","isTrade":true},{"advertId":"201245210905583","vehicleMake":"Mercedes-Benz","vehicleModel":"S-Class","vehicleDerivative":"A/T","vehiclePriceEuro":6000,"vehicleYearOfManufacture":2001,"advertiserCounty":"Dublin","isPSL":true,"privatePSL":false,"vehicleImageId":"14123193","imagecount":9,"isTrade":false},{"advertId":"713234184592220","vehicleMake":"Mercedes-Benz","vehicleModel":"S-Class","vehicleDerivative":"SPORT 320L AUTO NCT 08/12","vehiclePriceEuro":5950,"vehicleYearOfManufacture":2001,"advertiserCounty":"Wicklow","isPSL":false,"privatePSL":false,"vehicleImageId":"6330fbb5-eb7b-452b-8e90-7d5bd95113f0","imagecount":3,"advertiserName":"Kellys Car Centre","isTrade":true},{"advertId":"201251211541756","vehicleMake":"Mercedes-Benz","vehicleModel":"S-Class","vehicleDerivative":"S SERIES CDI SE 04DR A","vehiclePriceEuro":5250,"vehicleYearOfManufacture":2001,"advertiserCounty":"Galway","isPSL":true,"privatePSL":false,"vehicleImageId":"13850115","imagecount":6,"isTrade":false},{"advertId":"5213301013240020","vehicleMake":"Mercedes-Benz","vehicleModel":"S-Class","vehicleDerivative":" 320L AUTO","vehiclePriceEuro":4500,"vehicleYearOfManufacture":2001,"advertiserCounty":"Tipperary","isPSL":false,"privatePSL":false,"vehicleImageId":"5086245e-b8ed-44e9-8637-0bca0a3e95b3","imagecount":8,"advertiserName":"Strang Motors Ltd","isTrade":true},{"advertId":"201243210626974","vehicleMake":"Mercedes-Benz","vehicleModel":"S-Class","vehicleDerivative":"A/T","vehiclePriceEuro":3950,"vehicleYearOfManufacture":2001,"advertiserCounty":"Meath","isPSL":true,"privatePSL":false,"vehicleImageId":"14068965","imagecount":9,"isTrade":false},{"advertId":"31913504874983990","vehicleMake":"Mercedes-Benz","vehicleModel":"S-Class","vehicleDerivative":"S320 AUTO / NEW NCT / SPRING SALE NOW ON WAS €3250 NOW!","vehiclePriceEuro":2750,"vehicleYearOfManufacture":2001,"advertiserCounty":"Dublin","isPSL":false,"privatePSL":false,"vehicleImageId":"ef6b17e4-d9f7-4270-97b9-98c32b5fdbfa","imagecount":9,"advertiserName":"Webb Motors","isTrade":true},{"advertId":"31513573875210310","vehicleMake":"Mercedes-Benz","vehicleModel":"S-Class","vehicleDerivative":"A/T","vehiclePriceEuro":2550,"vehicleYearOfManufacture":2001,"advertiserCounty":"Dublin","isPSL":false,"privatePSL":false,"vehicleImageId":"e7a6d047-c4e2-4285-a340-92e6c8ea2d03","imagecount":9,"advertiserName":"Diamond Group","isTrade":true},{"advertId":"32913598113637310","vehicleMake":"Mercedes-Benz","vehicleModel":"S-Class","vehicleDerivative":"S320 Auto / Full Service History / Huge Spec / Looks & Drives Superb / NCT 05-2013 / Tax 02-2013.","vehiclePriceEuro":2495,"vehicleYearOfManufacture":2001,"advertiserCounty":"Dublin","isPSL":true,"privatePSL":false,"vehicleImageId":"1b029f19-f83e-46e9-a664-f9e8e3daaa59","imagecount":16,"advertiserName":"N3 Autolink","isTrade":true},{"advertId":"201303211960057","vehicleMake":"Mercedes-Benz","vehicleModel":"S-Class","vehicleDerivative":"280","vehiclePriceEuro":5900,"vehicleYearOfManufacture":2000,"advertiserCounty":"Dublin","isPSL":true,"privatePSL":false,"vehicleImageId":"14265095","imagecount":3,"isTrade":false},{"advertId":"201304212137500","vehicleMake":"Mercedes-Benz","vehicleModel":"S-Class","vehicleDerivative":"320","vehiclePriceEuro":5200,"vehicleYearOfManufacture":2000,"advertiserCounty":"Sligo","isPSL":true,"privatePSL":false,"vehicleImageId":"14290592","imagecount":5,"isTrade":false},{"advertId":"613267095804110","vehicleMake":"Mercedes-Benz","vehicleModel":"S-Class","vehicleDerivative":"S 320","vehiclePriceEuro":4950,"vehicleYearOfManufacture":2000,"advertiserCounty":"Limerick","isPSL":false,"privatePSL":false,"vehicleImageId":"30cb7c76-ff4f-455b-a194-180b80199e49","imagecount":9,"advertiserName":"John Moloney Motors","isTrade":true},{"advertId":"201251211518321","vehicleMake":"Mercedes-Benz","vehicleModel":"S-Class","vehiclePriceEuro":4250,"vehicleYearOfManufacture":2000,"advertiserCounty":"Dublin","isPSL":true,"privatePSL":false,"vehicleImageId":"13421594","imagecount":9,"isTrade":false},{"advertId":"31813578525251440","vehicleMake":"Mercedes-Benz","vehicleModel":"S-Class","vehicleDerivative":"A/T  NCT 06/2013  FULL MAIN DEALER SERVICE HISTORY. WARRANTY. TRADE IN WELCOME. REDUCED TO €3,250","vehiclePriceEuro":2950,"vehicleYearOfManufacture":2000,"advertiserCounty":"Dublin","isPSL":false,"privatePSL":false,"vehicleImageId":"4740c544-c8d5-4d01-8d79-d5d85cf783b4","imagecount":20,"advertiserName":"Carcraft","isTrade":true},{"advertId":"201249211329355","vehicleMake":"Mercedes-Benz","vehicleModel":"S-Class","vehicleDerivative":"PRICE DROP! L.W.BASE","vehiclePriceEuro":2500,"vehicleYearOfManufacture":2000,"advertiserCounty":"Cork","isPSL":true,"privatePSL":false,"vehicleImageId":"14195973","imagecount":7,"isTrade":false},{"advertId":"31713537902294600","vehicleMake":"Mercedes-Benz","vehicleModel":"S-Class","vehicleDerivative":"S500 LWB","vehiclePriceEuro":0,"vehicleYearOfManufacture":2000,"advertiserCounty":"Dublin","isPSL":false,"privatePSL":false,"vehicleImageId":"64e4f996-337a-48e6-9e2d-70af2f78f31e","imagecount":11,"advertiserName":"Paddy Connolly Motors (The Glen Garage Estd.1956)","isTrade":true},{"advertId":"201306212341258","vehicleMake":"Mercedes-Benz","vehicleModel":"S-Class","vehicleDerivative":"S 280 Full U.S orig. AMG  Body Kit","vehiclePriceEuro":8999,"vehicleYearOfManufacture":1999,"advertiserCounty":"Dublin","isPSL":true,"privatePSL":false,"vehicleImageId":"13984507","imagecount":9,"isTrade":false},{"advertId":"2713286128620440","vehicleMake":"Mercedes-Benz","vehicleModel":"S-Class","vehicleDerivative":"AUTO","vehiclePriceEuro":3350,"vehicleYearOfManufacture":1999,"advertiserCounty":"Limerick","isPSL":false,"privatePSL":false,"vehicleImageId":"ec27ae7b-e779-4795-84b9-22de8427e635","imagecount":8,"advertiserName":"John Moloney Motors","isTrade":true},{"advertId":"201310212771444","vehicleMake":"Mercedes-Benz","vehicleModel":"S-Class","vehicleDerivative":"SPORT 280","vehiclePriceEuro":2200,"vehicleYearOfManufacture":1999,"advertiserCounty":"Dublin","isPSL":true,"privatePSL":false,"vehicleImageId":"14381074","imagecount":9,"isTrade":false},{"advertId":"30913507719010850","vehicleMake":"Mercedes-Benz","vehicleModel":"S-Class","vehicleDerivative":"S600 V12 LWB","vehiclePriceEuro":0,"vehicleYearOfManufacture":1998,"advertiserCounty":"Dublin","isPSL":false,"privatePSL":false,"vehicleImageId":"3f897efe-9c4a-498f-850f-166f023da3d9","imagecount":16,"advertiserName":"Paddy Connolly Motors (The Glen Garage Estd.1956)","isTrade":true},{"advertId":"201249211319963","vehicleMake":"Mercedes-Benz","vehicleModel":"S-Class","vehicleDerivative":"MERCEDES S SERIES LWB LEFT HAND DRIVE","vehiclePriceEuro":10600,"vehicleYearOfManufacture":1997,"advertiserCounty":"Kerry","isPSL":true,"privatePSL":false,"vehicleImageId":"14194645","imagecount":9,"isTrade":false},{"advertId":"201304212115136","vehicleMake":"Mercedes-Benz","vehicleModel":"S-Class","vehicleDerivative":"AUTO","vehiclePriceEuro":1700,"vehicleYearOfManufacture":1996,"advertiserCounty":"Dublin","isPSL":true,"privatePSL":false,"vehicleImageId":"14286315","imagecount":5,"isTrade":false},{"advertId":"201246210973528","vehicleMake":"Mercedes-Benz","vehicleModel":"S-Class","vehicleDerivative":"Replica 0f 1929 Mercedes gazelle    2.2 Automatic","vehiclePriceEuro":6000,"vehicleYearOfManufacture":1989,"advertiserCounty":"Cork","isPSL":true,"privatePSL":false,"vehicleImageId":"13743042","imagecount":5,"isTrade":false},{"advertId":"31113550614764290","vehicleMake":"Mercedes-Benz","vehicleModel":"SEC-Class","vehicleDerivative":"500 SEC","vehiclePriceEuro":0,"vehicleYearOfManufacture":1987,"advertiserCounty":"Wexford","isPSL":false,"privatePSL":false,"vehicleImageId":"67284c80-e9b6-40c1-8eaf-3f8cd2a96228","imagecount":3,"advertiserName":"Doyles Garage Wexford","isTrade":true},{"advertId":"30913474368330580","vehicleMake":"Mercedes-Benz","vehicleModel":"SEC-Class","vehicleDerivative":"SOLD","vehiclePriceEuro":0,"vehicleYearOfManufacture":1984,"advertiserCounty":"Dublin","isPSL":false,"privatePSL":false,"vehicleImageId":"fc2e7d3c-a3e0-4fac-8a20-2ce15f073a20","imagecount":10,"advertiserName":"Karl Goodwin Motors","isTrade":true},{"advertId":"33213612069420430","vehicleMake":"Mercedes-Benz","vehicleModel":"SL-Class","vehicleDerivative":"SL350 = 2200KM FROM NEW = GARAGE STORED FROM NEW =","vehiclePriceEuro":59995,"vehicleYearOfManufacture":2008,"advertiserCounty":"Galway","isPSL":true,"privatePSL":false,"vehicleImageId":"207c798d-9af2-466f-8bba-f184f45511fc","imagecount":14,"advertiserName":"Western Motors Ltd","isTrade":true},{"advertId":"34113612757076030","vehicleMake":"Mercedes-Benz","vehicleModel":"SL-Class","vehicleDerivative":"SL350 ","vehiclePriceEuro":26950,"vehicleYearOfManufacture":2006,"advertiserCounty":"Dublin","isPSL":true,"privatePSL":false,"vehicleImageId":"75e76c6e-d436-477b-b567-bb85e7c417c7","imagecount":8,"advertiserName":"Denis Mahony Mercedes Benz (M50)","isTrade":true},{"advertId":"34113621547830530","vehicleMake":"Mercedes-Benz","vehicleModel":"SL-Class","vehicleDerivative":"SL350 2DR AUTO 350","vehiclePriceEuro":24995,"vehicleYearOfManufacture":2006,"advertiserCounty":"Limerick","isPSL":false,"privatePSL":false,"vehicleImageId":"dd83608e-9b25-47c3-b8be-63d338117e2f","imagecount":6,"advertiserName":"N. Conlan & Sons Limerick","isTrade":true},{"advertId":"32013582828426740","vehicleMake":"Mercedes-Benz","vehicleModel":"SL-Class","vehicleDerivative":"SL350 BEIGE LEATHER LOW MILEAGE FSH NCT 04/14","vehiclePriceEuro":24950,"vehicleYearOfManufacture":2006,"advertiserCounty":"Dublin","isPSL":false,"privatePSL":false,"vehicleImageId":"d5bc50f3-db7d-4ee2-8203-0de6c60e7e41","imagecount":20,"advertiserName":"Cambridge Motor Company","isTrade":true},{"advertId":"33213623937195300","vehicleMake":"Mercedes-Benz","vehicleModel":"SL-Class","vehicleDerivative":"SL350 2DR AUTO 350","vehiclePriceEuro":24950,"vehicleYearOfManufacture":2006,"advertiserCounty":"Westmeath","isPSL":true,"privatePSL":false,"imagecount":0,"advertiserName":"Michael Moore Athlone","isTrade":true},{"advertId":"31813586932126680","vehicleMake":"Mercedes-Benz","vehicleModel":"SL-Class","vehicleDerivative":"SL 350 V6 CABRIOLET..AS NEW..IRISH CAR WITH FULL SERVICE HISTORY FROM NEW..TAX TILL 11/13..FINANCE AVAILABLE..OPEN 7 DAYS..VISIT WWW.BESHOFFMOTORS.IE FOR MORE INFO..","vehiclePriceEuro":19950,"vehicleYearOfManufacture":2005,"advertiserCounty":"Dublin","isPSL":true,"privatePSL":false,"vehicleImageId":"9b213681-feb1-45cc-bf67-c2abfb0de0cd","imagecount":20,"advertiserName":"Beshoff Motors","isTrade":true},{"advertId":"31813535855309240","vehicleMake":"Mercedes-Benz","vehicleModel":"SL-Class","vehicleDerivative":"HUGE SPEC/PAN ROOF/SAT NAV/UPGRADED ALLOYS/F.S.H/BOSE SOUND","vehiclePriceEuro":18900,"vehicleYearOfManufacture":2005,"advertiserCounty":"Dublin","isPSL":false,"privatePSL":false,"vehicleImageId":"caa9bcec-bd7c-412d-b75c-bbc617571fe4","imagecount":20,"advertiserName":"Mount Merrion Cars Ltd","isTrade":true},{"advertId":"31913584345334770","vehicleMake":"Mercedes-Benz","vehicleModel":"SL-Class","vehicleDerivative":"F.Merc.S.H. Bose Sound","vehiclePriceEuro":16950,"vehicleYearOfManufacture":2005,"advertiserCounty":"Dublin","isPSL":true,"privatePSL":false,"vehicleImageId":"4cef8d62-b9fb-496d-91f0-fa93c442f35b","imagecount":20,"advertiserName":"Deerpark Motor Company","isTrade":true},{"advertId":"201243210686736","vehicleMake":"Mercedes-Benz","vehicleModel":"SL-Class","vehicleDerivative":"2DR AUTO 350","vehiclePriceEuro":20350,"vehicleYearOfManufacture":2004,"advertiserCounty":"Dublin","isPSL":true,"privatePSL":false,"vehicleImageId":"14081166","imagecount":6,"isTrade":false},{"advertId":"201302211892101","vehicleMake":"Mercedes-Benz","vehicleModel":"SL-Class","vehicleDerivative":"02DR A","vehiclePriceEuro":19000,"vehicleYearOfManufacture":2004,"advertiserCounty":"Dublin","isPSL":true,"privatePSL":false,"vehicleImageId":"14257710","imagecount":5,"isTrade":false},{"advertId":"413269717530610","vehicleMake":"Mercedes-Benz","vehicleModel":"SL-Class","vehicleDerivative":"2DR AUTO 350","vehiclePriceEuro":16950,"vehicleYearOfManufacture":2004,"advertiserCounty":"Dublin","isPSL":false,"privatePSL":false,"vehicleImageId":"52e5ece9-ce12-41c0-a597-7f364d4b49bf","imagecount":8,"advertiserName":"Glasnevin Motor Group","isTrade":true},{"advertId":"30913513425415260","vehicleMake":"Mercedes-Benz","vehicleModel":"SL-Class","vehicleDerivative":"2DR AUTO 350 ***FULL SERVICE HISTORY***","vehiclePriceEuro":16950,"vehicleYearOfManufacture":2004,"advertiserCounty":"Dublin","isPSL":true,"privatePSL":false,"vehicleImageId":"a52cf427-4e16-4b46-91dd-0181a55c8dbd","imagecount":8,"advertiserName":"Cameron Car Sales","isTrade":true},{"advertId":"34313602264385630","vehicleMake":"Mercedes-Benz","vehicleModel":"SL-Class","vehicleDerivative":"350 AUTO..IRISH CAR..1 OWNER..NAPPA LEATHER..FULL SERVICE HISTORY..WWW.SARSFIELDMOTORS.IE FINANCE ARRANGED..","vehiclePriceEuro":14950,"vehicleYearOfManufacture":2004,"advertiserCounty":"Dublin","isPSL":true,"privatePSL":false,"vehicleImageId":"96207564-d2d8-4e17-ad77-bea316d3a51d","imagecount":11,"advertiserName":"Sarsfield Motor Company S.C.R. Kilmainham","isTrade":true},{"advertId":"34313608712945170","vehicleMake":"Mercedes-Benz","vehicleModel":"SL-Class","vehicleDerivative":"..SOLD..","vehiclePriceEuro":0,"vehicleYearOfManufacture":2004,"advertiserCounty":"Dublin","isPSL":true,"privatePSL":false,"vehicleImageId":"e1e27786-e234-4e6b-9f00-95daa2486d20","imagecount":20,"advertiserName":"Beshoff Motors","isTrade":true},{"advertId":"31413573928471820","vehicleMake":"Mercedes-Benz","vehicleModel":"SL-Class","vehicleDerivative":"2DR AUTO 350 Cabrio","vehiclePriceEuro":15950,"vehicleYearOfManufacture":2003,"advertiserCounty":"Dublin","isPSL":true,"privatePSL":false,"vehicleImageId":"81d8694c-b82b-419d-920b-c7bd8623e792","imagecount":14,"advertiserName":"DC Motor Co","isTrade":true},{"advertId":"31913563789130240","vehicleMake":"Mercedes-Benz","vehicleModel":"SL-Class","vehicleDerivative":"SL 350 V6 CABRIOLET..HIGH SPEC..LOW MILEAGE WITH FULL SERVICE HISTORY..TRADE IN'S WELCOME..OPEN 7 DAYS..VISIT WWW.BESHOFFMOTORS.IE FOR MORE INFO..","vehiclePriceEuro":13950,"vehicleYearOfManufacture":2003,"advertiserCounty":"Dublin","isPSL":true,"privatePSL":false,"vehicleImageId":"2a58952b-4ed3-434c-81c0-af648e6ba9a6","imagecount":17,"advertiserName":"Beshoff Motors","isTrade":true},{"advertId":"201244210793607","vehicleMake":"Mercedes-Benz","vehicleModel":"SL-Class","vehicleDerivative":"SL350 AUTO","vehiclePriceEuro":13900,"vehicleYearOfManufacture":2003,"advertiserCounty":"Dublin","isPSL":true,"privatePSL":false,"vehicleImageId":"13714113","imagecount":9,"isTrade":false},{"advertId":"33213612067734580","vehicleMake":"Mercedes-Benz","vehicleModel":"SL-Class","vehicleDerivative":"SL 500..LOADS OF EXTRAS AND TAXED TILL 10/2013","vehiclePriceEuro":12999,"vehicleYearOfManufacture":2003,"advertiserCounty":"Dublin","isPSL":true,"privatePSL":false,"vehicleImageId":"95f932fd-b260-453a-9a58-a8f2d659b5ab","imagecount":14,"advertiserName":"Murphy Doyle","isTrade":true},{"advertId":"31513566433597520","vehicleMake":"Mercedes-Benz","vehicleModel":"SL-Class","vehicleDerivative":"SL 350 V6 CABRIOLET..HIGH SPEC..IRISH CAR WITH FULL SERVICE HISTORY..TRADE IN'S WELCOME..OPEN 7 DAYS..VISIT WWW.BESHOFFMOTORS.IE FOR MORE INFO..","vehiclePriceEuro":12950,"vehicleYearOfManufacture":2003,"advertiserCounty":"Dublin","isPSL":true,"privatePSL":false,"vehicleImageId":"0f16ef52-fe39-448b-b628-5d2b4285b0f6","imagecount":18,"advertiserName":"Beshoff Motors","isTrade":true},{"advertId":"33913604162711650","vehicleMake":"Mercedes-Benz","vehicleModel":"SL-Class","vehicleDerivative":"Pristine, 49K Mls, BOSE Sound","vehiclePriceEuro":12950,"vehicleYearOfManufacture":2003,"advertiserCounty":"Dublin","isPSL":true,"privatePSL":false,"vehicleImageId":"76574aa2-a969-418c-80b0-c75e9a9159a5","imagecount":13,"advertiserName":"Deerpark Motor Company","isTrade":true},{"advertId":"34213608429782650","vehicleMake":"Mercedes-Benz","vehicleModel":"SL-Class","vehicleDerivative":"350","vehiclePriceEuro":0,"vehicleYearOfManufacture":2003,"advertiserCounty":"Dublin","isPSL":false,"privatePSL":false,"vehicleImageId":"11740bce-326b-46de-b5e3-0d61cd011619","imagecount":9,"advertiserName":"Paddy Connolly Motors (The Glen Garage Estd.1956)","isTrade":true},{"advertId":"201242210555081","vehicleMake":"Mercedes-Benz","vehicleModel":"SL-Class","vehicleDerivative":"AUTOMATIC","vehiclePriceEuro":16500,"vehicleYearOfManufacture":2002,"advertiserCounty":"Dublin","isPSL":true,"privatePSL":false,"vehicleImageId":"14057422","imagecount":4,"isTrade":false},{"advertId":"6513359746601770","vehicleMake":"Mercedes-Benz","vehicleModel":"SL-Class","vehicleDerivative":"AUTOMATIC","vehiclePriceEuro":13950,"vehicleYearOfManufacture":2002,"advertiserCounty":"Dublin","isPSL":false,"privatePSL":false,"vehicleImageId":"a365646b-7ec1-4806-ab2f-a489bfe64beb","imagecount":8,"advertiserName":"Dermot Wallace Motors","isTrade":true},{"advertId":"30113466717265710","vehicleMake":"Mercedes-Benz","vehicleModel":"SL-Class","vehicleDerivative":"500 V8 CABRIOLET..SAT NAV/TV/BOSE/AMG ALLOYS & MORE..IRISH CAR WITH FULL SERVICE HISTORY..TAX TILL 01/13..OPEN 7 DAYS..VISIT WWW.BESHOFFMOTORS.IE FOR MORE INFO..","vehiclePriceEuro":12950,"vehicleYearOfManufacture":2002,"advertiserCounty":"Dublin","isPSL":true,"privatePSL":false,"vehicleImageId":"48cb1ba4-16c5-4c5a-be7a-3e33947ffee6","imagecount":17,"advertiserName":"Beshoff Motors","isTrade":true},{"advertId":"413202501168170","vehicleMake":"Mercedes-Benz","vehicleModel":"SL-Class","vehicleDerivative":"V8 5.0 A/T IMMACULATE","vehiclePriceEuro":10950,"vehicleYearOfManufacture":2000,"advertiserCounty":"Dublin","isPSL":true,"privatePSL":false,"vehicleImageId":"5fe5e3c4-d6a0-4dc3-a27c-a0c61e92697c","imagecount":9,"advertiserName":"Ultimate Cars Ltd.","isTrade":true},{"advertId":"15413406392850070","vehicleMake":"Mercedes-Benz","vehicleModel":"SL-Class","vehicleDerivative":"2DR 280 AUTOMATIC CONVERTIBLE","vehiclePriceEuro":10500,"vehicleYearOfManufacture":2000,"advertiserCounty":"Carlow","isPSL":true,"privatePSL":false,"vehicleImageId":"0430ff52-ce6f-4d8d-b8ec-6aa4bf43d0f8","imagecount":7,"advertiserName":"Meridian Motors","isTrade":true},{"advertId":"6813384598180410","vehicleMake":"Mercedes-Benz","vehicleModel":"SL-Class","vehicleDerivative":"129 SL","vehiclePriceEuro":15750,"vehicleYearOfManufacture":1999,"advertiserCounty":"Dublin","isPSL":false,"privatePSL":false,"vehicleImageId":"064ba741-9c16-4610-88e4-321cf642b9fb","imagecount":10,"advertiserName":"TR Motors Services Ltd","isTrade":true},{"advertId":"613243076842440","vehicleMake":"Mercedes-Benz","vehicleModel":"SL-Class","vehicleDerivative":"V6 3.2 Automatic","vehiclePriceEuro":10500,"vehicleYearOfManufacture":1999,"advertiserCounty":"Dublin","isPSL":false,"privatePSL":false,"vehicleImageId":"190110c6-e5a7-4ec8-a472-d8c917337673","imagecount":9,"advertiserName":"White Bros Cars Ltd Est. 1976","isTrade":true},{"advertId":"201309212649798","vehicleMake":"Mercedes-Benz","vehicleModel":"SL-Class","vehicleDerivative":"280 2.8V6 A/T","vehiclePriceEuro":9250,"vehicleYearOfManufacture":1999,"advertiserCounty":"Dublin","isPSL":true,"privatePSL":false,"vehicleImageId":"14043310","imagecount":9,"isTrade":false},{"advertId":"29913438215996510","vehicleMake":"Mercedes-Benz","vehicleModel":"SL-Class","vehicleDerivative":"Panoramic Roof - Hard/Soft","vehiclePriceEuro":7950,"vehicleYearOfManufacture":1999,"advertiserCounty":"Dublin","isPSL":true,"privatePSL":false,"vehicleImageId":"f0bc18b9-3aa3-4db9-b56f-a5bb594dcd31","imagecount":14,"advertiserName":"First Choice Auto's","isTrade":true},{"advertId":"613258426884740","vehicleMake":"Mercedes-Benz","vehicleModel":"SL-Class","vehicleDerivative":"V6 3.2 A/T.WITH HARD TOP NEW NCT.","vehiclePriceEuro":7500,"vehicleYearOfManufacture":1999,"advertiserCounty":"Dublin","isPSL":false,"privatePSL":false,"vehicleImageId":"d8df0dfa-8f48-44e7-8ad1-f7b4b9c6a3db","imagecount":9,"advertiserName":"N 4 Autopoint","isTrade":true},{"advertId":"31513553099517150","vehicleMake":"Mercedes-Benz","vehicleModel":"SL-Class","vehicleDerivative":"3.2 V6 AUTO LEATHER","vehiclePriceEuro":6500,"vehicleYearOfManufacture":1999,"advertiserCounty":"Tipperary","isPSL":false,"privatePSL":false,"vehicleImageId":"b5d0b8c9-21d4-4c50-8f5e-495bc6f3b405","imagecount":7,"advertiserName":"Cahir 4x4 Centre","isTrade":true},{"advertId":"201251211494605","vehicleMake":"Mercedes-Benz","vehicleModel":"SL-Class","vehicleDerivative":"V6 3.2 A/T","vehiclePriceEuro":6250,"vehicleYearOfManufacture":1999,"advertiserCounty":"Wexford","isPSL":true,"privatePSL":false,"vehicleImageId":"13861647","imagecount":4,"isTrade":false},{"advertId":"201303211982353","vehicleMake":"Mercedes-Benz","vehicleModel":"SL-Class","vehicleDerivative":"320","vehiclePriceEuro":8950,"vehicleYearOfManufacture":1998,"advertiserCounty":"Meath","isPSL":true,"privatePSL":false,"vehicleImageId":"14269890","imagecount":9,"isTrade":false},{"advertId":"201251211517937","vehicleMake":"Mercedes-Benz","vehicleModel":"SL-Class","vehicleDerivative":"SL 320 AUTO","vehiclePriceEuro":7500,"vehicleYearOfManufacture":1998,"advertiserCounty":"Dublin","isPSL":true,"privatePSL":false,"vehicleImageId":"11296166","imagecount":1,"isTrade":false},{"advertId":"201304212159729","vehicleMake":"Mercedes-Benz","vehicleModel":"SL-Class","vehicleDerivative":"280 AUTO","vehiclePriceEuro":5450,"vehicleYearOfManufacture":1997,"advertiserCounty":"Dublin","isPSL":true,"privatePSL":false,"vehicleImageId":"13928373","imagecount":5,"isTrade":false},{"advertId":"201309212674289","vehicleMake":"Mercedes-Benz","vehicleModel":"SL-Class","vehiclePriceEuro":6450,"vehicleYearOfManufacture":1996,"advertiserCounty":"Dublin","isPSL":true,"privatePSL":false,"vehicleImageId":"14040236","imagecount":9,"isTrade":false},{"advertId":"713234326501820","vehicleMake":"Mercedes-Benz","vehicleModel":"SL-Class","vehicleDerivative":"Conv Hard Soft Top Leather","vehiclePriceEuro":8995,"vehicleYearOfManufacture":1995,"advertiserCounty":"Dublin","isPSL":false,"privatePSL":false,"vehicleImageId":"fb745e63-5f39-4190-818a-c1cf73338fa7","imagecount":9,"advertiserName":"Dermot Wallace Motors","isTrade":true},{"advertId":"713234332717350","vehicleMake":"Mercedes-Benz","vehicleModel":"SL-Class","vehicleDerivative":"CONV AUTO 6 Cyclinder","vehiclePriceEuro":8995,"vehicleYearOfManufacture":1994,"advertiserCounty":"Dublin","isPSL":false,"privatePSL":false,"vehicleImageId":"5d4ce5c7-11e0-490a-8814-bcba59421c0c","imagecount":8,"advertiserName":"Dermot Wallace Motors","isTrade":true},{"advertId":"26213424509814080","vehicleMake":"Mercedes-Benz","vehicleModel":"SL-Class","vehicleDerivative":"300 24V AUTO / SPRING SALE NOW ON WAS €6750 NOW!","vehiclePriceEuro":4750,"vehicleYearOfManufacture":1992,"advertiserCounty":"Dublin","isPSL":false,"privatePSL":false,"vehicleImageId":"9f2c93f5-c84e-4921-a5c9-030c41450e53","imagecount":14,"advertiserName":"Webb Motors","isTrade":true},{"advertId":"29413479754046530","vehicleMake":"Mercedes-Benz","vehicleModel":"SL-Class","vehicleDerivative":"4 berth","vehiclePriceEuro":11650,"vehicleYearOfManufacture":1991,"advertiserCounty":"Limerick","isPSL":false,"privatePSL":false,"vehicleImageId":"33ff144f-0193-47c4-b538-833f849b123c","imagecount":6,"advertiserName":"John Moloney Motors","isTrade":true},{"advertId":"5113309493686950","vehicleMake":"Mercedes-Benz","vehicleModel":"SL-Class","vehicleDerivative":"300 *SOLD*","vehiclePriceEuro":0,"vehicleYearOfManufacture":1989,"advertiserCounty":"Dublin","isPSL":true,"privatePSL":false,"vehicleImageId":"92821f8d-3202-4599-9a34-2029e84c9935","imagecount":13,"advertiserName":"DC Motor Co","isTrade":true},{"advertId":"201244210811159","vehicleMake":"Mercedes-Benz","vehicleModel":"SL-Class","vehicleDerivative":"280","vehiclePriceEuro":13950,"vehicleYearOfManufacture":1984,"advertiserCounty":"Dublin","isPSL":true,"privatePSL":false,"vehicleImageId":"14098578","imagecount":8,"isTrade":false},{"advertId":"16513409085781360","vehicleMake":"Mercedes-Benz","vehicleModel":"SL-Class","vehicleDerivative":" STUNNING ICONIC SL 500","vehiclePriceEuro":8995,"vehicleYearOfManufacture":1984,"advertiserCounty":"Dublin","isPSL":true,"privatePSL":false,"vehicleImageId":"bb4f25b2-2d6d-4671-8847-233027593544","imagecount":15,"advertiserName":"Autocentre","isTrade":true},{"advertId":"413269664252730","vehicleMake":"Mercedes-Benz","vehicleModel":"SL-Class","vehicleDerivative":"500 AMG","vehiclePriceEuro":16950,"vehicleYearOfManufacture":1982,"advertiserCounty":"Dublin","isPSL":false,"privatePSL":false,"vehicleImageId":"88a976cd-00a8-48c3-8e8a-0dab1e0571d5","imagecount":11,"advertiserName":"Paddy Connolly Motors (The Glen Garage Estd.1956)","isTrade":true},{"advertId":"201307212433109","vehicleMake":"Mercedes-Benz","vehicleModel":"SL-Class","vehicleDerivative":"280 CABRIOLET","vehiclePriceEuro":8500,"vehicleYearOfManufacture":1982,"advertiserCounty":"Dublin","isPSL":true,"privatePSL":false,"vehicleImageId":"14006796","imagecount":9,"isTrade":false}],"totalAdvertCount":45174}