{"adverts":[{"advertId":"31913533291231190","vehicleMake":"SEAT","vehicleModel":"Leon","vehicleDerivative":"1.6 TDI COPA **3 IS THE NEW MAGIC NUMBER** **CLICK TO READ MORE**","vehiclePriceEuro":0,"vehicleYearOfManufacture":2013,"advertiserCounty":"Donegal","isPSL":false,"privatePSL":false,"vehicleImageId":"49f4a24e-5309-4343-8337-6189987fd9d5","imagecount":13,"advertiserName":"DMG Motors Ltd","isTrade":true},{"advertId":"30613491767006340","vehicleMake":"SEAT","vehicleModel":"Leon","vehicleDerivative":"1.6 TDI 105BHP COPA PLUS **DEMO CAR SAVE €3000 ON NEW PRICE**","vehiclePriceEuro":21995,"vehicleYearOfManufacture":2012,"advertiserCounty":"Donegal","isPSL":false,"privatePSL":false,"vehicleImageId":"0815a759-16a2-4b6a-b0fc-a9c576b8f5ef","imagecount":12,"advertiserName":"DMG Motors Ltd","isTrade":true},{"advertId":"31813516938236020","vehicleMake":"SEAT","vehicleModel":"Leon","vehicleDerivative":"1.6TDI 105BHP SE R-DESING -BLACKWATER FERMOY","vehiclePriceEuro":21995,"vehicleYearOfManufacture":2012,"advertiserCounty":"Cork","isPSL":true,"privatePSL":false,"vehicleImageId":"5fa914b6-8204-4278-bb35-2ca6f33b7d53","imagecount":20,"advertiserName":"Blackwater Motors Fermoy (Main Volkswagen Dealer)","isTrade":true},{"advertId":"613262090108560","vehicleMake":"SEAT","vehicleModel":"Leon","vehicleDerivative":"1.6TDi CR Reference Special Edition 105BHP","vehiclePriceEuro":19950,"vehicleYearOfManufacture":2012,"advertiserCounty":"Cork","isPSL":true,"privatePSL":false,"vehicleImageId":"220aca3e-648a-4d47-82fe-2fe81fda50a0","imagecount":20,"advertiserName":"Cashman Car Sales","isTrade":true},{"advertId":"213231630820250","vehicleMake":"SEAT","vehicleModel":"Leon","vehicleDerivative":"1.6 TDI *TP Waters*","vehiclePriceEuro":19950,"vehicleYearOfManufacture":2012,"advertiserCounty":"Kildare","isPSL":true,"privatePSL":false,"vehicleImageId":"124ad935-75af-43b7-a568-2c77682431a5","imagecount":3,"advertiserName":"T.P. Waters","isTrade":true},{"advertId":"31713553139921430","vehicleMake":"SEAT","vehicleModel":"Leon","vehicleDerivative":"1.6Tdi 105bhp Copa Plus","vehiclePriceEuro":19900,"vehicleYearOfManufacture":2012,"advertiserCounty":"Limerick","isPSL":true,"privatePSL":false,"vehicleImageId":"a97392ce-871c-47b5-9dab-1ecfaf32b4ec","imagecount":9,"advertiserName":"Frank Hogan Ltd.","isTrade":true},{"advertId":"17113409600568610","vehicleMake":"SEAT","vehicleModel":"Leon","vehicleDerivative":"1.6 TDI 105 REF S.E. 5DR *4.9% Finance available*","vehiclePriceEuro":19500,"vehicleYearOfManufacture":2012,"advertiserCounty":"Dublin","isPSL":false,"privatePSL":false,"vehicleImageId":"2c9b55eb-6be0-4ff2-8ede-1bf7d0268455","imagecount":6,"advertiserName":"Ryans Garage Limited","isTrade":true},{"advertId":"31413494466378310","vehicleMake":"SEAT","vehicleModel":"Leon","vehicleDerivative":"1.6 TDI 105BHP REFERENCE SE","vehiclePriceEuro":18995,"vehicleYearOfManufacture":2012,"advertiserCounty":"Donegal","isPSL":false,"privatePSL":false,"vehicleImageId":"b567570b-1c71-4542-9dda-6fc4d8d34a05","imagecount":11,"advertiserName":"DMG Motors Ltd","isTrade":true},{"advertId":"31113476420009440","vehicleMake":"SEAT","vehicleModel":"Leon","vehicleDerivative":"1.6 TDI 105HP COPA ***4.9%APR Finance***","vehiclePriceEuro":18950,"vehicleYearOfManufacture":2012,"advertiserCounty":"Mayo","isPSL":false,"privatePSL":false,"vehicleImageId":"6619a6a6-4acd-4c99-8e1b-a131e38232ea","imagecount":9,"advertiserName":"Rochford Motors","isTrade":true},{"advertId":"31113490325043390","vehicleMake":"SEAT","vehicleModel":"Leon","vehicleDerivative":"1.4 TSI 125bhp 6 Speed","vehiclePriceEuro":18950,"vehicleYearOfManufacture":2012,"advertiserCounty":"Kerry","isPSL":false,"privatePSL":false,"vehicleImageId":"4f25754a-4c35-44f0-92c1-4bd86a9969a9","imagecount":4,"advertiserName":"Joe O'Connor Car Sales","isTrade":true},{"advertId":"32013503089541260","vehicleMake":"SEAT","vehicleModel":"Leon","vehicleDerivative":"1.6 TDI 105HP COPA 5DR","vehiclePriceEuro":18945,"vehicleYearOfManufacture":2012,"advertiserCounty":"Westmeath","isPSL":false,"privatePSL":false,"vehicleImageId":"5ca891e1-e2de-4a0d-8331-d16144ad5e75","imagecount":9,"advertiserName":"Colton Motors Mullingar","isTrade":true},{"advertId":"31813583375266260","vehicleMake":"SEAT","vehicleModel":"Leon","vehicleDerivative":"1.6Tdi 105bhp Copa","vehiclePriceEuro":18900,"vehicleYearOfManufacture":2012,"advertiserCounty":"Limerick","isPSL":true,"privatePSL":false,"vehicleImageId":"82991064-6d70-4f2c-b1d1-10d7887f07bf","imagecount":9,"advertiserName":"Frank Hogan Ltd.","isTrade":true},{"advertId":"31513597112443700","vehicleMake":"SEAT","vehicleModel":"Leon","vehicleDerivative":"1.6 TDI CR 105 REF S.E. 4 4DR","vehiclePriceEuro":17995,"vehicleYearOfManufacture":2012,"advertiserCounty":"Westmeath","isPSL":false,"privatePSL":false,"vehicleImageId":"e4a9b2b2-24bd-4c5c-8fbf-f699164445b0","imagecount":7,"advertiserName":"Colton Motors Mullingar","isTrade":true},{"advertId":"33213596260364410","vehicleMake":"SEAT","vehicleModel":"Leon","vehicleDerivative":"1.6TDI 105BHP CR REF --- BLACKWATER FERMOY","vehiclePriceEuro":17995,"vehicleYearOfManufacture":2012,"advertiserCounty":"Cork","isPSL":true,"privatePSL":false,"vehicleImageId":"4f120f87-85cd-4b16-a9a1-754c8c5506b3","imagecount":20,"advertiserName":"Blackwater Motors Fermoy (Main Volkswagen Dealer)","isTrade":true},{"advertId":"33413599787965280","vehicleMake":"SEAT","vehicleModel":"Leon","vehicleDerivative":"1.6 TDI  REF S.E.  5DR ","vehiclePriceEuro":17995,"vehicleYearOfManufacture":2012,"advertiserCounty":"Offaly","isPSL":false,"privatePSL":false,"vehicleImageId":"637d1db6-bc31-4f80-9955-02042f0b329c","imagecount":12,"advertiserName":"Colton Motors","isTrade":true},{"advertId":"31113547829452960","vehicleMake":"SEAT","vehicleModel":"Leon","vehicleDerivative":"1.6 TDI  105BHP --- BLACKWATER CORK ---","vehiclePriceEuro":17995,"vehicleYearOfManufacture":2012,"advertiserCounty":"Cork","isPSL":true,"privatePSL":false,"vehicleImageId":"5237d555-0ff1-4dd9-b7fe-5aa9cb316144","imagecount":20,"advertiserName":"Blackwater Motors Cork (Main Volkswagen Dealer)","isTrade":true},{"advertId":"29213439013506400","vehicleMake":"SEAT","vehicleModel":"Leon","vehicleDerivative":"1.6 TDI 105hp S..E. **Taxed till end of Nov 2012**","vehiclePriceEuro":17950,"vehicleYearOfManufacture":2012,"advertiserCounty":"Dublin","isPSL":false,"privatePSL":false,"vehicleImageId":"ca1b4a5a-0e2d-4358-b9bf-88603b73660f","imagecount":11,"advertiserName":"Autodynamic","isTrade":true},{"advertId":"29713446085173870","vehicleMake":"SEAT","vehicleModel":"Leon","vehicleDerivative":"1.6 TDI Referance COPA & Copa Plus Demos From ","vehiclePriceEuro":17950,"vehicleYearOfManufacture":2012,"advertiserCounty":"Dublin","isPSL":true,"privatePSL":false,"vehicleImageId":"fc780dac-7f04-47bf-b129-4a255581629f","imagecount":8,"advertiserName":"Michael Barrable Motors","isTrade":true},{"advertId":"33413600840515000","vehicleMake":"SEAT","vehicleModel":"Leon","vehicleDerivative":"1.6 TDi REFERENCE SE HI SPEC","vehiclePriceEuro":17500,"vehicleYearOfManufacture":2012,"advertiserCounty":"Roscommon","isPSL":true,"privatePSL":false,"vehicleImageId":"bbce49c4-c365-45f1-817c-0248e56d976e","imagecount":8,"advertiserName":"Cooney Motors","isTrade":true},{"advertId":"31113576644799610","vehicleMake":"SEAT","vehicleModel":"Leon","vehicleDerivative":"1.6TDI SE 5 DR","vehiclePriceEuro":16995,"vehicleYearOfManufacture":2012,"advertiserCounty":"Galway","isPSL":true,"privatePSL":false,"vehicleImageId":"b2f677ec-828b-42e3-a983-9af6a50229b5","imagecount":5,"advertiserName":"Western Motors Ltd","isTrade":true},{"advertId":"31713576715410600","vehicleMake":"SEAT","vehicleModel":"Leon","vehicleDerivative":"1.6TDI SE","vehiclePriceEuro":16995,"vehicleYearOfManufacture":2012,"advertiserCounty":"Galway","isPSL":true,"privatePSL":false,"vehicleImageId":"a547aa1e-1937-46a9-a84c-1a954ac764d2","imagecount":11,"advertiserName":"Western Motors Ltd","isTrade":true},{"advertId":"5913345977768320","vehicleMake":"SEAT","vehicleModel":"Leon","vehicleDerivative":"1.6 TDI REFERENCE S.E. ","vehiclePriceEuro":16975,"vehicleYearOfManufacture":2012,"advertiserCounty":"Wexford","isPSL":true,"privatePSL":false,"vehicleImageId":"a5bc25e7-ecb7-4f49-86c3-257ecb8fe65b","imagecount":9,"advertiserName":"Enniscorthy Motor Co. Ltd","isTrade":true},{"advertId":"31113554150274980","vehicleMake":"SEAT","vehicleModel":"Leon","vehicleDerivative":"Reference S.E 1.6 TDi 5Dr 4.9% Finance JoeDuffy.ie","vehiclePriceEuro":15950,"vehicleYearOfManufacture":2012,"advertiserCounty":"Dublin","isPSL":true,"privatePSL":false,"vehicleImageId":"cb797378-5203-4432-a9ef-25181058ef22","imagecount":12,"advertiserName":"Joe Duffy Dun Laoghaire (SEAT)","isTrade":true},{"advertId":"31513554149808860","vehicleMake":"SEAT","vehicleModel":"Leon","vehicleDerivative":"Reference S.E 1.6 TDi 5Dr 4.9 % Finance JoeDuffy.ie","vehiclePriceEuro":15950,"vehicleYearOfManufacture":2012,"advertiserCounty":"Dublin","isPSL":true,"privatePSL":false,"vehicleImageId":"7e57ca51-a72f-472d-a887-0ddfc6e6d3de","imagecount":11,"advertiserName":"Joe Duffy Dun Laoghaire (SEAT)","isTrade":true},{"advertId":"31513535135886940","vehicleMake":"SEAT","vehicleModel":"Leon","vehicleDerivative":"1.6 TDI CR STYLE 4DR,SOLD","vehiclePriceEuro":0,"vehicleYearOfManufacture":2012,"advertiserCounty":"Dublin","isPSL":true,"privatePSL":false,"vehicleImageId":"2699622b-ef0b-495b-91fc-a816ea6fc823","imagecount":11,"advertiserName":"First Choice Auto's","isTrade":true},{"advertId":"131106026071174","vehicleMake":"SEAT","vehicleModel":"Leon","vehicleDerivative":"2.0TFSi `FR`200BHP DSG ","vehiclePriceEuro":25500,"vehicleYearOfManufacture":2011,"advertiserCounty":"Cork","isPSL":true,"privatePSL":false,"vehicleImageId":"5df0ab7f-a9f2-47cc-a7b9-9aa323460b3a","imagecount":15,"advertiserName":"Cashman Car Sales","isTrade":true},{"advertId":"7113384554702840","vehicleMake":"SEAT","vehicleModel":"Leon","vehicleDerivative":"FSI FR DSG LE 5DR AUTO L.E.**Finance Avible at 4.9%***","vehiclePriceEuro":19850,"vehicleYearOfManufacture":2011,"advertiserCounty":"Kerry","isPSL":false,"privatePSL":false,"vehicleImageId":"13b01d5a-2cb5-4546-88ef-cddce1d4672e","imagecount":16,"advertiserName":"Dineen O' Donoghue","isTrade":true},{"advertId":"34113607675533780","vehicleMake":"SEAT","vehicleModel":"Leon","vehicleDerivative":"1.6 TDI Reference","vehiclePriceEuro":17500,"vehicleYearOfManufacture":2011,"advertiserCounty":"Limerick","isPSL":true,"privatePSL":false,"vehicleImageId":"bcd98d3e-f1e6-43a9-967b-70eb740386a9","imagecount":2,"advertiserName":"Frank Hogan Ltd.","isTrade":true},{"advertId":"31113586231786420","vehicleMake":"SEAT","vehicleModel":"Leon","vehicleDerivative":"1.6 TDI CR  S.E. 5DR","vehiclePriceEuro":16950,"vehicleYearOfManufacture":2011,"advertiserCounty":"Kerry","isPSL":false,"privatePSL":false,"vehicleImageId":"9ea19415-43ff-41a6-9775-009b75e18f23","imagecount":5,"advertiserName":"Joe O'Connor Car Sales","isTrade":true},{"advertId":"6113337093624520","vehicleMake":"SEAT","vehicleModel":"Leon","vehicleDerivative":"1.6 TDI CR REFERENCE S.E. 5DR","vehiclePriceEuro":16950,"vehicleYearOfManufacture":2011,"advertiserCounty":"Tipperary","isPSL":false,"privatePSL":false,"vehicleImageId":"aa029ff0-7c72-4ea0-9088-a836b99e3556","imagecount":4,"advertiserName":"Fahy & Ryan Car Sales Limited","isTrade":true},{"advertId":"413269937906240","vehicleMake":"SEAT","vehicleModel":"Leon","vehicleDerivative":"1.6 Diesel SE","vehiclePriceEuro":16900,"vehicleYearOfManufacture":2011,"advertiserCounty":"Dublin","isPSL":false,"privatePSL":false,"vehicleImageId":"d04b2970-1c3c-4f12-b902-ab9b2fa6535d","imagecount":13,"advertiserName":"Autocity","isTrade":true},{"advertId":"31813566579141070","vehicleMake":"SEAT","vehicleModel":"Leon","vehicleDerivative":"1.6TDI CR REFERENCE**ONLY €190 ROAD TAX**","vehiclePriceEuro":15995,"vehicleYearOfManufacture":2011,"advertiserCounty":"Dublin","isPSL":false,"privatePSL":false,"vehicleImageId":"ec549344-31b4-42c9-a334-8f92ebc76e29","imagecount":8,"advertiserName":"Windsor Bray","isTrade":true},{"advertId":"31513587876033070","vehicleMake":"SEAT","vehicleModel":"Leon","vehicleDerivative":"1.6 TDI Ecomotive","vehiclePriceEuro":15995,"vehicleYearOfManufacture":2011,"advertiserCounty":"Dublin","isPSL":false,"privatePSL":false,"vehicleImageId":"2488f194-8a70-4ef6-8373-647217cb59d9","imagecount":14,"advertiserName":"Kia Liffey Valley","isTrade":true},{"advertId":"33413618817203530","vehicleMake":"SEAT","vehicleModel":"Leon","vehicleDerivative":"1.6 TDI CR S.E. 5DR","vehiclePriceEuro":15950,"vehicleYearOfManufacture":2011,"advertiserCounty":"Dublin","isPSL":true,"privatePSL":false,"vehicleImageId":"e6160be3-5a2c-43b2-89ee-43921925bb88","imagecount":15,"advertiserName":"Ballsbridge Motors Mercedes (MSL)","isTrade":true},{"advertId":"34113609306416590","vehicleMake":"SEAT","vehicleModel":"Leon","vehicleDerivative":"1.6 TDI CR  S.E. 5DR","vehiclePriceEuro":15950,"vehicleYearOfManufacture":2011,"advertiserCounty":"Dublin","isPSL":true,"privatePSL":false,"vehicleImageId":"ad608974-9dbc-4be5-b5eb-b299e1180cdd","imagecount":16,"advertiserName":"Ballsbridge Motors Mercedes (MSL)","isTrade":true},{"advertId":"32013590425097740","vehicleMake":"SEAT","vehicleModel":"Leon","vehicleDerivative":"1.6 TDI REFERENCE SE 5DR","vehiclePriceEuro":15950,"vehicleYearOfManufacture":2011,"advertiserCounty":"Galway","isPSL":false,"privatePSL":false,"vehicleImageId":"90533dd0-60dc-4cc5-a7ca-7a3f4c2fa5f9","imagecount":9,"advertiserName":"Mellotte Motors","isTrade":true},{"advertId":"33213609271109490","vehicleMake":"SEAT","vehicleModel":"Leon","vehicleDerivative":"1.6 TDI CR REFERENCE S.E. 4DR","vehiclePriceEuro":15750,"vehicleYearOfManufacture":2011,"advertiserCounty":"Laois","isPSL":false,"privatePSL":false,"vehicleImageId":"2fced6b1-5a0b-4605-98a2-4e563c041a0b","imagecount":6,"advertiserName":"Ballybrittas Motors","isTrade":true},{"advertId":"33213618195808570","vehicleMake":"SEAT","vehicleModel":"Leon","vehicleDerivative":"1.6 TDI CR REFERENCE S.E. 5DR","vehiclePriceEuro":15475,"vehicleYearOfManufacture":2011,"advertiserCounty":"Wexford","isPSL":true,"privatePSL":false,"vehicleImageId":"42db9b30-4c68-4d52-840d-ab048bf882cb","imagecount":9,"advertiserName":"Enniscorthy Motor Co. Ltd","isTrade":true},{"advertId":"22713415681694360","vehicleMake":"SEAT","vehicleModel":"Leon","vehicleDerivative":"1.6 TDI CR REFERENCE S.E. 4DR.","vehiclePriceEuro":15450,"vehicleYearOfManufacture":2011,"advertiserCounty":"Dublin","isPSL":false,"privatePSL":false,"vehicleImageId":"084e0f2c-6cef-4588-b8c9-5ca286bae05a","imagecount":7,"advertiserName":"Autodynamic","isTrade":true},{"advertId":"32013590307136300","vehicleMake":"SEAT","vehicleModel":"Leon","vehicleDerivative":"1.6 TDI ","vehiclePriceEuro":14995,"vehicleYearOfManufacture":2011,"advertiserCounty":"Wexford","isPSL":false,"privatePSL":false,"vehicleImageId":"a4c460cf-baf9-43db-9e3c-3f113b30a41a","imagecount":9,"advertiserName":"Doyle's Garage Courtown Ltd.","isTrade":true},{"advertId":"31713565886779520","vehicleMake":"SEAT","vehicleModel":"Leon","vehicleDerivative":"1.6 TDI CR Reference S.e.","vehiclePriceEuro":14995,"vehicleYearOfManufacture":2011,"advertiserCounty":"Kilkenny","isPSL":true,"privatePSL":false,"vehicleImageId":"c5208a9a-d43b-45c8-8725-091e5e441901","imagecount":9,"advertiserName":"O'Briens Kilkenny","isTrade":true},{"advertId":"31313491867184930","vehicleMake":"SEAT","vehicleModel":"Leon","vehicleDerivative":"1.6 TDI CR REFERENCE S.E. 4DR","vehiclePriceEuro":14975,"vehicleYearOfManufacture":2011,"advertiserCounty":"Wexford","isPSL":true,"privatePSL":false,"vehicleImageId":"b86b7937-70cf-4cdd-8e73-5c96871b216b","imagecount":9,"advertiserName":"Enniscorthy Motor Co. Ltd","isTrade":true},{"advertId":"33413603718130710","vehicleMake":"SEAT","vehicleModel":"Leon","vehicleDerivative":"1.6 TDi ECOMOTIVE","vehiclePriceEuro":14950,"vehicleYearOfManufacture":2011,"advertiserCounty":"Roscommon","isPSL":true,"privatePSL":false,"vehicleImageId":"f18f5c14-febd-468f-99fb-75212a4210dc","imagecount":10,"advertiserName":"Cooney Motors","isTrade":true},{"advertId":"32013584592728240","vehicleMake":"SEAT","vehicleModel":"Leon","vehicleDerivative":"1.6 TDI CR REFERENCE S.E. 4DR","vehiclePriceEuro":14950,"vehicleYearOfManufacture":2011,"advertiserCounty":"Cork","isPSL":false,"privatePSL":false,"vehicleImageId":"b16c11f5-a6a6-4bc3-8a52-15a8f5aea62c","imagecount":13,"advertiserName":"Motorview KIA","isTrade":true},{"advertId":"29613476182056400","vehicleMake":"SEAT","vehicleModel":"Leon","vehicleDerivative":"SOLD,,,,,,,,,,,,,,,,,,,,,,,,,,,,,,,,,,,","vehiclePriceEuro":14950,"vehicleYearOfManufacture":2011,"advertiserCounty":"Kildare","isPSL":false,"privatePSL":false,"vehicleImageId":"3cdde66c-37b1-4aec-a1b0-fdf112f7bf31","imagecount":8,"advertiserName":"SMC Car Sales","isTrade":true},{"advertId":"34013607675544960","vehicleMake":"SEAT","vehicleModel":"Leon","vehicleDerivative":"1.2 TSI REFERENCE SE","vehiclePriceEuro":14900,"vehicleYearOfManufacture":2011,"advertiserCounty":"Limerick","isPSL":true,"privatePSL":false,"vehicleImageId":"831ede05-9c9d-473b-afdf-cba6070a54bc","imagecount":9,"advertiserName":"Frank Hogan Ltd.","isTrade":true},{"advertId":"31413595399722540","vehicleMake":"SEAT","vehicleModel":"Leon","vehicleDerivative":"1.6 TDI CR REFERENCE S.E. 5DR","vehiclePriceEuro":14750,"vehicleYearOfManufacture":2011,"advertiserCounty":"Laois","isPSL":false,"privatePSL":false,"vehicleImageId":"ef80f332-d90c-4552-8510-2b42140da18a","imagecount":7,"advertiserName":"George Dalton","isTrade":true},{"advertId":"31813592077754480","vehicleMake":"SEAT","vehicleModel":"Leon","vehicleDerivative":"1.6 TDI CR REFERENCE S.E. 5DR","vehiclePriceEuro":14500,"vehicleYearOfManufacture":2011,"advertiserCounty":"Cork","isPSL":false,"privatePSL":false,"vehicleImageId":"1f572ab8-3568-412a-9805-5121c7835c90","imagecount":5,"advertiserName":"Finbarr Galvin Limited","isTrade":true},{"advertId":"32713596295039780","vehicleMake":"SEAT","vehicleModel":"Leon","vehicleDerivative":"1.6 TDI CR REFERENCE S.E. ","vehiclePriceEuro":14500,"vehicleYearOfManufacture":2011,"advertiserCounty":"Cork","isPSL":false,"privatePSL":false,"vehicleImageId":"d1d12dff-5f0a-4178-bb28-9a9208432d2c","imagecount":5,"advertiserName":"Finbarr Galvin Limited","isTrade":true},{"advertId":"30113449430458290","vehicleMake":"SEAT","vehicleModel":"Leon","vehicleDerivative":"1.6 TDI CR REFERENCE S.E. ","vehiclePriceEuro":14250,"vehicleYearOfManufacture":2011,"advertiserCounty":"Dublin","isPSL":false,"privatePSL":false,"vehicleImageId":"5ad9ece1-1530-4a9e-b2b3-87d15b9da3f5","imagecount":16,"advertiserName":"Michael Tynan Motors","isTrade":true},{"advertId":"30113449438502960","vehicleMake":"SEAT","vehicleModel":"Leon","vehicleDerivative":"1.6 TDI CR REFERENCE S.E.  ","vehiclePriceEuro":14250,"vehicleYearOfManufacture":2011,"advertiserCounty":"Dublin","isPSL":false,"privatePSL":false,"vehicleImageId":"5f634f82-55d1-42f5-9dd4-9c9b84e67308","imagecount":14,"advertiserName":"Michael Tynan Motors","isTrade":true},{"advertId":"31713594550798450","vehicleMake":"SEAT","vehicleModel":"Leon","vehicleDerivative":"1.6 TDI S CR.","vehiclePriceEuro":13950,"vehicleYearOfManufacture":2011,"advertiserCounty":"Roscommon","isPSL":true,"privatePSL":false,"vehicleImageId":"90369297-c61c-460b-a2e0-f7f79b6adde1","imagecount":9,"advertiserName":"Casey's Roscommon","isTrade":true},{"advertId":"32013582445296320","vehicleMake":"SEAT","vehicleModel":"Leon","vehicleDerivative":"1.6 TDI CR S","vehiclePriceEuro":13950,"vehicleYearOfManufacture":2011,"advertiserCounty":"Galway","isPSL":true,"privatePSL":false,"vehicleImageId":"52d4e7a1-90eb-4b0c-87cb-26547ac88d94","imagecount":7,"advertiserName":"Westlink Car Sales Ltd.","isTrade":true},{"advertId":"33913612070941580","vehicleMake":"SEAT","vehicleModel":"Leon","vehicleDerivative":"1.6DSL/CHEAP TAX","vehiclePriceEuro":13750,"vehicleYearOfManufacture":2011,"advertiserCounty":"Dublin","isPSL":false,"privatePSL":false,"vehicleImageId":"944bd9d4-24b6-484c-971b-ea3fd08d68cb","imagecount":20,"advertiserName":"Mount Merrion Cars Ltd","isTrade":true},{"advertId":"33913617705991360","vehicleMake":"SEAT","vehicleModel":"Leon","vehicleDerivative":"1.6 TDI CR Reference S.e. 4DR MANUAL","vehiclePriceEuro":0,"vehicleYearOfManufacture":2011,"advertiserCounty":"Kildare","isPSL":false,"privatePSL":false,"vehicleImageId":"f5a04bfc-83a4-4cd0-8f60-6962913b3f5c","imagecount":6,"advertiserName":"Merlin Car Auctions","isTrade":true},{"advertId":"31813547917604540","vehicleMake":"SEAT","vehicleModel":"Leon","vehicleDerivative":"1.6 TDI CR REFERENCE S.E. 4DR","vehiclePriceEuro":0,"vehicleYearOfManufacture":2011,"advertiserCounty":"Tipperary","isPSL":true,"privatePSL":false,"vehicleImageId":"05a48b14-72a9-4ee4-a4ae-91e9c79b8ed4","imagecount":10,"advertiserName":"Kevin O'Leary Group Clonmel","isTrade":true},{"advertId":"32113561845464010","vehicleMake":"SEAT","vehicleModel":"Leon","vehicleDerivative":"1.6 TDI","vehiclePriceEuro":0,"vehicleYearOfManufacture":2011,"advertiserCounty":"Cork","isPSL":true,"privatePSL":false,"vehicleImageId":"f075d1c9-7eb7-485c-912b-0f246fe8367f","imagecount":9,"advertiserName":"Luceys Charleville (Nissan & Mazda)","isTrade":true},{"advertId":"34413619673014230","vehicleMake":"SEAT","vehicleModel":"Leon","vehicleDerivative":"FSI FR DSG LE 5DR AUTO L.E.","vehiclePriceEuro":16950,"vehicleYearOfManufacture":2010,"advertiserCounty":"Dublin","isPSL":true,"privatePSL":false,"vehicleImageId":"9222661c-f04f-4e60-bbc7-d2962f21c77c","imagecount":13,"advertiserName":"Harford Motor Co. Ltd","isTrade":true},{"advertId":"29213436609583560","vehicleMake":"SEAT","vehicleModel":"Leon","vehicleDerivative":"1.6 TDI *TP Waters Est.1971*","vehiclePriceEuro":15900,"vehicleYearOfManufacture":2010,"advertiserCounty":"Kildare","isPSL":true,"privatePSL":false,"vehicleImageId":"ede04a23-8c54-4ca6-85b2-8a5075373e88","imagecount":9,"advertiserName":"T.P. Waters","isTrade":true},{"advertId":"713262716256620","vehicleMake":"SEAT","vehicleModel":"Leon","vehicleDerivative":"1.9 TDI  S 104bhp","vehiclePriceEuro":14800,"vehicleYearOfManufacture":2010,"advertiserCounty":"Mayo","isPSL":false,"privatePSL":false,"vehicleImageId":"9b96bec4-d471-475f-aa1e-15739ccbbd2f","imagecount":8,"advertiserName":"Cosgraves Garage Ltd","isTrade":true},{"advertId":"201306212340942","vehicleMake":"SEAT","vehicleModel":"Leon","vehicleDerivative":"SPORT PLUS L.E. 5DR","vehiclePriceEuro":14000,"vehicleYearOfManufacture":2010,"advertiserCounty":"Kildare","isPSL":true,"privatePSL":false,"vehicleImageId":"13987663","imagecount":6,"isTrade":false},{"advertId":"31913553087856270","vehicleMake":"SEAT","vehicleModel":"Leon","vehicleDerivative":"1.9 TDI 5DR.","vehiclePriceEuro":13950,"vehicleYearOfManufacture":2010,"advertiserCounty":"Dublin","isPSL":false,"privatePSL":false,"vehicleImageId":"8a7c06a7-b971-496a-9b1d-b1bf490be818","imagecount":12,"advertiserName":"Kia Liffey Valley","isTrade":true},{"advertId":"31813548798213540","vehicleMake":"SEAT","vehicleModel":"Leon","vehicleDerivative":"TDI","vehiclePriceEuro":13950,"vehicleYearOfManufacture":2010,"advertiserCounty":"Kilkenny","isPSL":false,"privatePSL":false,"vehicleImageId":"fe4ae99e-83c6-4537-9fd9-cecca3e13cf3","imagecount":8,"advertiserName":"Kilkenny Car Complex","isTrade":true},{"advertId":"32913607567311190","vehicleMake":"SEAT","vehicleModel":"Leon","vehicleDerivative":"1.9Tdi Eco Style","vehiclePriceEuro":13700,"vehicleYearOfManufacture":2010,"advertiserCounty":"Limerick","isPSL":true,"privatePSL":false,"imagecount":0,"advertiserName":"Frank Hogan Ltd.","isTrade":true},{"advertId":"30913518507194410","vehicleMake":"SEAT","vehicleModel":"Leon","vehicleDerivative":"S 1.6TDI 105BHP **BAND A TAX**","vehiclePriceEuro":13250,"vehicleYearOfManufacture":2010,"advertiserCounty":"Roscommon","isPSL":true,"privatePSL":false,"vehicleImageId":"7c6ed57d-6862-49f9-a676-e2b0a19172eb","imagecount":10,"advertiserName":"J. Keane & Sons (Ros) Ltd","isTrade":true},{"advertId":"7113388907880880","vehicleMake":"SEAT","vehicleModel":"Leon","vehicleDerivative":"1.9 TDI ECOMOTIVE STYLE 5DR","vehiclePriceEuro":12950,"vehicleYearOfManufacture":2010,"advertiserCounty":"Cork","isPSL":true,"privatePSL":false,"imagecount":0,"advertiserName":"Kiely's Car Sales","isTrade":true},{"advertId":"22213414996840690","vehicleMake":"SEAT","vehicleModel":"Leon","vehicleDerivative":"1.9 TDI ","vehiclePriceEuro":12950,"vehicleYearOfManufacture":2010,"advertiserCounty":"Galway","isPSL":false,"privatePSL":false,"vehicleImageId":"5a7cc4b7-8c23-4c22-a7a0-30700078b549","imagecount":12,"advertiserName":"Mellotte Motors","isTrade":true},{"advertId":"30813485732364840","vehicleMake":"SEAT","vehicleModel":"Leon","vehicleDerivative":"1.9TDI REFERANCE S.E**280 TAX WITH AMAZING MPG**","vehiclePriceEuro":12950,"vehicleYearOfManufacture":2010,"advertiserCounty":"Dublin","isPSL":true,"privatePSL":false,"vehicleImageId":"24d12471-7fd8-4702-8ee3-960065544af6","imagecount":6,"advertiserName":"Michael Barrable Motors","isTrade":true},{"advertId":"31113558439217980","vehicleMake":"SEAT","vehicleModel":"Leon","vehicleDerivative":"Costa L.E 1.4 5Dr 4.9% Finance  JoeDuffy.ie","vehiclePriceEuro":12950,"vehicleYearOfManufacture":2010,"advertiserCounty":"Dublin","isPSL":true,"privatePSL":false,"vehicleImageId":"e7c2da88-51ff-4ada-9698-7978785094f5","imagecount":12,"advertiserName":"Joe Duffy Dun Laoghaire (SEAT)","isTrade":true},{"advertId":"31113510957394030","vehicleMake":"SEAT","vehicleModel":"Leon","vehicleDerivative":"1.9 DIESEL  HATCHBACK CHEAP TAX BRACKET LOW MILES FULL SERVICE HISTORY TOP SPEC P/S C/D E/W ABS C/L 2 KEYS SUPERB CONDITION","vehiclePriceEuro":11950,"vehicleYearOfManufacture":2010,"advertiserCounty":"Dublin","isPSL":false,"privatePSL":false,"vehicleImageId":"20fb79fa-5f4b-4bb3-86df-6aa35241f655","imagecount":11,"advertiserName":"Declan Gill Motors","isTrade":true},{"advertId":"34013598283401950","vehicleMake":"SEAT","vehicleModel":"Leon","vehicleDerivative":"LEON COSTA LIMITED P1K L.E. 5DR","vehiclePriceEuro":11950,"vehicleYearOfManufacture":2010,"advertiserCounty":"Dublin","isPSL":false,"privatePSL":false,"vehicleImageId":"fb547ce7-f127-4208-8148-64c7675aeed2","imagecount":10,"advertiserName":"Kingstown Motors","isTrade":true},{"advertId":"31113580254580370","vehicleMake":"SEAT","vehicleModel":"Leon","vehicleDerivative":"1.4TSi Sport+ Ltd Edition ***Top spec***","vehiclePriceEuro":11900,"vehicleYearOfManufacture":2010,"advertiserCounty":"Limerick","isPSL":false,"privatePSL":false,"vehicleImageId":"0b46d4b4-990d-49d4-adcf-fada70034d96","imagecount":17,"advertiserName":"Hinchy's Garage","isTrade":true},{"advertId":"30213456466071610","vehicleMake":"SEAT","vehicleModel":"Leon","vehicleDerivative":"1.6 TDI                       \" PRICE REDUCED\"","vehiclePriceEuro":11900,"vehicleYearOfManufacture":2010,"advertiserCounty":"Dublin","isPSL":true,"privatePSL":false,"vehicleImageId":"9508d29f-5f75-4f20-a794-82978151f396","imagecount":7,"advertiserName":"Castle Motors Swords","isTrade":true},{"advertId":"34113600620359390","vehicleMake":"SEAT","vehicleModel":"Leon","vehicleDerivative":"Ecomotive 1.9 TDI SE 105 BHP €200 Road Tax","vehiclePriceEuro":11750,"vehicleYearOfManufacture":2010,"advertiserCounty":"Leitrim","isPSL":true,"privatePSL":false,"vehicleImageId":"212bba20-0367-44a1-b30c-c6e33f22f40b","imagecount":10,"advertiserName":"Sean Gallagher Cars","isTrade":true},{"advertId":"34013624059962460","vehicleMake":"SEAT","vehicleModel":"Leon","vehicleDerivative":"1.9 TDI SE ","vehiclePriceEuro":11750,"vehicleYearOfManufacture":2010,"advertiserCounty":"Galway","isPSL":true,"privatePSL":false,"vehicleImageId":"a5d7a30c-b4b4-4f24-8651-5322b966dc22","imagecount":1,"advertiserName":"Westlink Car Sales Ltd.","isTrade":true},{"advertId":"31713536029257340","vehicleMake":"SEAT","vehicleModel":"Leon","vehicleDerivative":"emocion s tdi","vehiclePriceEuro":11500,"vehicleYearOfManufacture":2010,"advertiserCounty":"Clare","isPSL":false,"privatePSL":false,"vehicleImageId":"3728cdc0-1ebd-4318-b489-e50c12e146aa","imagecount":8,"advertiserName":"David Murphy Car Sales","isTrade":true},{"advertId":"201310212771264","vehicleMake":"SEAT","vehicleModel":"Leon","vehicleDerivative":"1.9 TDI SPORT 103BHP 5DR","vehiclePriceEuro":11500,"vehicleYearOfManufacture":2010,"advertiserCounty":"Dublin","isPSL":true,"privatePSL":false,"imagecount":0,"isTrade":false},{"advertId":"31913497919879250","vehicleMake":"SEAT","vehicleModel":"Leon","vehicleDerivative":"1.9 LEON S TDI 104","vehiclePriceEuro":10950,"vehicleYearOfManufacture":2010,"advertiserCounty":"Dublin","isPSL":false,"privatePSL":false,"vehicleImageId":"1375e3e4-31f3-46eb-ae1f-c033bee8b99a","imagecount":9,"advertiserName":"Trade Price Cars","isTrade":true},{"advertId":"31913579993455210","vehicleMake":"SEAT","vehicleModel":"Leon","vehicleDerivative":"1.9 TDI ECO REFERENCE 5DR","vehiclePriceEuro":0,"vehicleYearOfManufacture":2010,"advertiserCounty":"Tipperary","isPSL":true,"privatePSL":false,"vehicleImageId":"8ff51f96-80fb-41e3-87dc-4fb7aa591315","imagecount":12,"advertiserName":"Mordaunt Group","isTrade":true},{"advertId":"201302211936904","vehicleMake":"SEAT","vehicleModel":"Leon","vehicleDerivative":"1.9 TDI SPORT 103BHP 5DR","vehiclePriceEuro":12700,"vehicleYearOfManufacture":2009,"advertiserCounty":"Donegal","isPSL":true,"privatePSL":false,"vehicleImageId":"14261470","imagecount":6,"isTrade":false},{"advertId":"34113615288845540","vehicleMake":"SEAT","vehicleModel":"Leon","vehicleDerivative":"S 1.9 Tdi","vehiclePriceEuro":12250,"vehicleYearOfManufacture":2009,"advertiserCounty":"Westmeath","isPSL":false,"privatePSL":false,"vehicleImageId":"25e936dd-0fb7-484c-816e-7c1f09993203","imagecount":7,"advertiserName":"Colton Motors Mullingar","isTrade":true},{"advertId":"33213609422308250","vehicleMake":"SEAT","vehicleModel":"Leon","vehicleDerivative":"Sport Plus 1.4 TSi 125BHP 5Dr JoeDuffy.ie","vehiclePriceEuro":11450,"vehicleYearOfManufacture":2009,"advertiserCounty":"Dublin","isPSL":true,"privatePSL":false,"vehicleImageId":"1b79c7f9-0043-49a8-8395-268124ad9942","imagecount":1,"advertiserName":"Joe Duffy Dun Laoghaire (SEAT)","isTrade":true},{"advertId":"34313605798930810","vehicleMake":"SEAT","vehicleModel":"Leon","vehicleDerivative":"1.4 SPORT PLUS 125BHP 5DR","vehiclePriceEuro":9495,"vehicleYearOfManufacture":2009,"advertiserCounty":"Dublin","isPSL":true,"privatePSL":false,"vehicleImageId":"8fecd678-ec8e-4422-aae0-b3b7b46f4b42","imagecount":6,"advertiserName":"Kenilworth Motors","isTrade":true},{"advertId":"31813596375614700","vehicleMake":"SEAT","vehicleModel":"Leon","vehicleDerivative":"2.0 CUPRA 4.9% Finance","vehiclePriceEuro":11750,"vehicleYearOfManufacture":2008,"advertiserCounty":"Kilkenny","isPSL":false,"privatePSL":false,"vehicleImageId":"4b452c03-6bd0-4929-8432-7be491d47c24","imagecount":13,"advertiserName":"Quinn Motors","isTrade":true},{"advertId":"31713507363068370","vehicleMake":"SEAT","vehicleModel":"Leon","vehicleDerivative":"1.9 TDI STYLANCE","vehiclePriceEuro":11495,"vehicleYearOfManufacture":2008,"advertiserCounty":"Kerry","isPSL":false,"privatePSL":false,"vehicleImageId":"d52e2a82-b5fb-4ad4-b98a-dda816b2214d","imagecount":5,"advertiserName":"Joe O'Connor Car Sales","isTrade":true},{"advertId":"201251211471686","vehicleMake":"SEAT","vehicleModel":"Leon","vehicleDerivative":"SEAT Leon 2.0 TFSI FR DSG 200BHP","vehiclePriceEuro":11450,"vehicleYearOfManufacture":2008,"advertiserCounty":"Dublin","isPSL":true,"privatePSL":false,"vehicleImageId":"14214319","imagecount":8,"isTrade":false},{"advertId":"34213618923720780","vehicleMake":"SEAT","vehicleModel":"Leon","vehicleDerivative":"1.9 TDI STYLANCE**LIKE NEW**","vehiclePriceEuro":10950,"vehicleYearOfManufacture":2008,"advertiserCounty":"Dublin","isPSL":false,"privatePSL":false,"vehicleImageId":"ebc547c2-dab2-4e35-af13-e5008bc47c1f","imagecount":12,"advertiserName":"Southside Motor Group","isTrade":true},{"advertId":"201308212529595","vehicleMake":"SEAT","vehicleModel":"Leon","vehicleDerivative":"1.6 SPORT 1P12D2","vehiclePriceEuro":10950,"vehicleYearOfManufacture":2008,"advertiserCounty":"Cork","isPSL":true,"privatePSL":false,"vehicleImageId":"14353176","imagecount":8,"isTrade":false},{"advertId":"201250211384252","vehicleMake":"SEAT","vehicleModel":"Leon","vehicleDerivative":"TFSI FR DSG A/T","vehiclePriceEuro":10950,"vehicleYearOfManufacture":2008,"advertiserCounty":"Dublin","isPSL":true,"privatePSL":false,"vehicleImageId":"12896792","imagecount":8,"isTrade":false},{"advertId":"201308212529850","vehicleMake":"SEAT","vehicleModel":"Leon","vehicleDerivative":"2.0 TFSI FR DSG A/T","vehiclePriceEuro":10500,"vehicleYearOfManufacture":2008,"advertiserCounty":"Dublin","isPSL":true,"privatePSL":false,"vehicleImageId":"14354042","imagecount":8,"isTrade":false},{"advertId":"34113606793245420","vehicleMake":"SEAT","vehicleModel":"Leon","vehicleDerivative":"1.9 TDI REFERENCE 5DR","vehiclePriceEuro":10500,"vehicleYearOfManufacture":2008,"advertiserCounty":"Westmeath","isPSL":false,"privatePSL":false,"vehicleImageId":"6cd1f58b-32ea-4036-a891-4f9612b55fdb","imagecount":2,"advertiserName":"Jack Sleator Motors","isTrade":true},{"advertId":"31913555073812940","vehicleMake":"SEAT","vehicleModel":"Leon","vehicleDerivative":"1.4 SPORT PLUS 125BHP","vehiclePriceEuro":9750,"vehicleYearOfManufacture":2008,"advertiserCounty":"Westmeath","isPSL":false,"privatePSL":false,"vehicleImageId":"72b7bb8e-e10e-4566-aca8-4ef123f33128","imagecount":7,"advertiserName":"Donal Murtagh Cars","isTrade":true},{"advertId":"32713590494844670","vehicleMake":"SEAT","vehicleModel":"Leon","vehicleDerivative":"1.9 TDI 4.9% Finance","vehiclePriceEuro":9500,"vehicleYearOfManufacture":2008,"advertiserCounty":"Kilkenny","isPSL":false,"privatePSL":false,"vehicleImageId":"385857a7-d868-4b80-94e4-8cf71b20ec1e","imagecount":9,"advertiserName":"Quinn Motors","isTrade":true},{"advertId":"201304212070707","vehicleMake":"SEAT","vehicleModel":"Leon","vehicleDerivative":"1.9 TDI SPORT 5DR","vehiclePriceEuro":9350,"vehicleYearOfManufacture":2008,"advertiserCounty":"Louth","isPSL":true,"privatePSL":false,"vehicleImageId":"14280380","imagecount":5,"isTrade":false},{"advertId":"31813534204951140","vehicleMake":"SEAT","vehicleModel":"Leon","vehicleDerivative":"2.0 TFSI FR DSG A/T","vehiclePriceEuro":9250,"vehicleYearOfManufacture":2008,"advertiserCounty":"Dublin","isPSL":false,"privatePSL":false,"vehicleImageId":"dbbc05ac-0ecb-4615-9853-8682eb47e1a5","imagecount":8,"advertiserName":"Motor Range Naas Road","isTrade":true},{"advertId":"201306212341295","vehicleMake":"SEAT","vehicleModel":"Leon","vehiclePriceEuro":9000,"vehicleYearOfManufacture":2008,"advertiserCounty":"Dublin","isPSL":true,"privatePSL":false,"imagecount":0,"isTrade":false},{"advertId":"32113529026657490","vehicleMake":"SEAT","vehicleModel":"Leon","vehicleDerivative":"1.9 TDI SPORT 4.9 % Finance","vehiclePriceEuro":8950,"vehicleYearOfManufacture":2008,"advertiserCounty":"Kilkenny","isPSL":false,"privatePSL":false,"vehicleImageId":"92bb806e-1127-403d-b94f-4b33192ee44c","imagecount":10,"advertiserName":"Quinn Motors","isTrade":true},{"advertId":"31913593967362380","vehicleMake":"SEAT","vehicleModel":"Leon","vehicleDerivative":"1.4 SPORT PLUS 125BHP","vehiclePriceEuro":8950,"vehicleYearOfManufacture":2008,"advertiserCounty":"Laois","isPSL":false,"privatePSL":false,"vehicleImageId":"291643d4-5377-4f4b-b88f-ce22106149bb","imagecount":7,"advertiserName":"John Adams Car Sales","isTrade":true},{"advertId":"32113555840417840","vehicleMake":"SEAT","vehicleModel":"Leon","vehicleDerivative":"1.4 COSTA ","vehiclePriceEuro":8595,"vehicleYearOfManufacture":2008,"advertiserCounty":"Offaly","isPSL":false,"privatePSL":false,"vehicleImageId":"446e0827-0453-4d73-b22f-c5cb805b8261","imagecount":11,"advertiserName":"Colton Motors","isTrade":true},{"advertId":"33913611916947710","vehicleMake":"SEAT","vehicleModel":"Leon","vehicleDerivative":"1.9 SPORT 105BHP TDI","vehiclePriceEuro":8500,"vehicleYearOfManufacture":2008,"advertiserCounty":"Kilkenny","isPSL":false,"privatePSL":false,"vehicleImageId":"b4b32b02-8067-4cf5-b139-b9e9fdc262dc","imagecount":9,"advertiserName":"David Buggy Motors","isTrade":true}],"totalAdvertCount":45174}