{"adverts":[{"advertId":"31813568059126390","vehicleMake":"Fiat","vehicleModel":"Grande Punto","vehicleDerivative":"GRANDE PUNTO 1.4 16V SPORTING","vehiclePriceEuro":5500,"vehicleYearOfManufacture":2007,"advertiserCounty":"Dublin","isPSL":true,"privatePSL":false,"vehicleImageId":"aff82184-b80b-4f9e-9e59-943109108864","imagecount":9,"advertiserName":"Finglas Ford Centre","isTrade":true},{"advertId":"32013554176257460","vehicleMake":"Fiat","vehicleModel":"Grande Punto","vehicleDerivative":"1.4 SPORTING 16V","vehiclePriceEuro":5450,"vehicleYearOfManufacture":2007,"advertiserCounty":"Dublin","isPSL":true,"privatePSL":false,"vehicleImageId":"68253ec1-c7a0-4931-b8b7-36ff649dda0c","imagecount":11,"advertiserName":"3 Rock Cars","isTrade":true},{"advertId":"201247211110118","vehicleMake":"Fiat","vehicleModel":"Grande Punto","vehicleDerivative":"1.2 8V ACTIVE 8 V","vehiclePriceEuro":5250,"vehicleYearOfManufacture":2007,"advertiserCounty":"Waterford","isPSL":true,"privatePSL":false,"vehicleImageId":"14160533","imagecount":1,"isTrade":false},{"advertId":"31813595517270210","vehicleMake":"Fiat","vehicleModel":"Grande Punto","vehicleDerivative":"1.2 8V ACTIVE  ONLY 33000 MILES","vehiclePriceEuro":5250,"vehicleYearOfManufacture":2007,"advertiserCounty":"Cork","isPSL":true,"privatePSL":false,"vehicleImageId":"7ce83c05-1a84-4061-bacd-4a05692afb2d","imagecount":9,"advertiserName":"Ballincollig Motors","isTrade":true},{"advertId":"33413609302793750","vehicleMake":"Fiat","vehicleModel":"Grande Punto","vehicleDerivative":"1.2 8V ACTIVE","vehiclePriceEuro":4950,"vehicleYearOfManufacture":2007,"advertiserCounty":"Roscommon","isPSL":false,"privatePSL":false,"vehicleImageId":"e11be723-1d03-46d1-b70f-2322099eeac8","imagecount":7,"advertiserName":"Naughtons Car Sales","isTrade":true},{"advertId":"31913554929935010","vehicleMake":"Fiat","vehicleModel":"Grande Punto","vehicleDerivative":"1.2 8V ACTIVE 8 V","vehiclePriceEuro":4950,"vehicleYearOfManufacture":2007,"advertiserCounty":"Laois","isPSL":false,"privatePSL":false,"vehicleImageId":"33d77e42-8bbb-41fe-9416-e7b17aa7483d","imagecount":10,"advertiserName":"Michael Moore Portarlington","isTrade":true},{"advertId":"33213606790872570","vehicleMake":"Fiat","vehicleModel":"Grande Punto","vehicleDerivative":"1.2 8V ACTIVE 8 V","vehiclePriceEuro":4950,"vehicleYearOfManufacture":2007,"advertiserCounty":"Westmeath","isPSL":false,"privatePSL":false,"vehicleImageId":"cf5c0b9b-3df2-464c-ba85-00c6639b7cb8","imagecount":2,"advertiserName":"Jack Sleator Motors","isTrade":true},{"advertId":"33213606831979520","vehicleMake":"Fiat","vehicleModel":"Grande Punto","vehicleDerivative":"1.4 DYNAMIQUE 8V","vehiclePriceEuro":4890,"vehicleYearOfManufacture":2007,"advertiserCounty":"Dublin","isPSL":false,"privatePSL":false,"vehicleImageId":"165f60b5-1488-4602-82fc-be6849d4b9f3","imagecount":5,"advertiserName":"Diamond Group","isTrade":true},{"advertId":"201245210895367","vehicleMake":"Fiat","vehicleModel":"Grande Punto","vehicleDerivative":"1.2 8V ACTIVE","vehiclePriceEuro":6250,"vehicleYearOfManufacture":2006,"advertiserCounty":"Dublin","isPSL":true,"privatePSL":false,"vehicleImageId":"14114868","imagecount":6,"isTrade":false},{"advertId":"33913617872655790","vehicleMake":"Fiat","vehicleModel":"Grande Punto","vehicleDerivative":"1.2 8V DYNAMIQUE","vehiclePriceEuro":4999,"vehicleYearOfManufacture":2006,"advertiserCounty":"Dublin","isPSL":false,"privatePSL":false,"vehicleImageId":"27860b02-bc15-4cb9-9f98-2e8b720684c3","imagecount":8,"advertiserName":"Tractamotors Blanchardstown","isTrade":true},{"advertId":"201301211800260","vehicleMake":"Fiat","vehicleModel":"Grande Punto","vehicleDerivative":"1.2 8V ACTIVE","vehiclePriceEuro":4700,"vehicleYearOfManufacture":2006,"advertiserCounty":"Meath","isPSL":true,"privatePSL":false,"vehicleImageId":"14244548","imagecount":6,"isTrade":false},{"advertId":"31113516160913720","vehicleMake":"Fiat","vehicleModel":"Grande Punto","vehicleDerivative":"1.2 DYNAMIQUE (NCT 10-2014)","vehiclePriceEuro":4650,"vehicleYearOfManufacture":2006,"advertiserCounty":"Dublin","isPSL":true,"privatePSL":false,"vehicleImageId":"514502bd-8cc7-45b5-b91a-7aa68fab208a","imagecount":8,"advertiserName":"1st Avenue Garage","isTrade":true},{"advertId":"31113591173903560","vehicleMake":"Fiat","vehicleModel":"Grande Punto","vehicleDerivative":"1.3 MULTIJET 75 ACTIVE","vehiclePriceEuro":4500,"vehicleYearOfManufacture":2006,"advertiserCounty":"Waterford","isPSL":false,"privatePSL":false,"vehicleImageId":"d8ccb155-97dd-4038-b9b0-a8d4aca5bdfd","imagecount":2,"advertiserName":"The Sweep Garage","isTrade":true},{"advertId":"32113502915553920","vehicleMake":"Fiat","vehicleModel":"Grande Punto","vehicleDerivative":"1.3 DIESEL DYNAMIQUE 5DR... CLEAN CAR... EXCELLENT FUEL ECONOMY.","vehiclePriceEuro":4500,"vehicleYearOfManufacture":2006,"advertiserCounty":"Cork","isPSL":false,"privatePSL":false,"vehicleImageId":"75c43293-9a81-481f-9375-7424c681bf9c","imagecount":5,"advertiserName":"Denis Cullinane Car Sales","isTrade":true},{"advertId":"31513495320568940","vehicleMake":"Fiat","vehicleModel":"Grande Punto","vehicleDerivative":"1.2 8V ACTIVE","vehiclePriceEuro":4500,"vehicleYearOfManufacture":2006,"advertiserCounty":"Cork","isPSL":false,"privatePSL":false,"vehicleImageId":"81067e30-c29d-4517-8305-241ef7ef4200","imagecount":12,"advertiserName":"Clarke Bros (Bandon)","isTrade":true},{"advertId":"31913505138419990","vehicleMake":"Fiat","vehicleModel":"Grande Punto","vehicleDerivative":"€4500","vehiclePriceEuro":4500,"vehicleYearOfManufacture":2006,"advertiserCounty":"Kerry","isPSL":true,"privatePSL":false,"vehicleImageId":"ae1ddd37-3550-4d73-9908-49da29eb5fc1","imagecount":1,"advertiserName":"Cunningham Motors","isTrade":true},{"advertId":"33913615480953420","vehicleMake":"Fiat","vehicleModel":"Grande Punto","vehicleDerivative":"1.4 8V DYNAMIQUE","vehiclePriceEuro":4450,"vehicleYearOfManufacture":2006,"advertiserCounty":"Dublin","isPSL":true,"privatePSL":false,"imagecount":0,"advertiserName":"Motoright Ltd.","isTrade":true},{"advertId":"33913609358198990","vehicleMake":"Fiat","vehicleModel":"Grande Punto","vehicleDerivative":"1.4 8V DYNAMIQUE  exceptional good driver. excellent condition. ","vehiclePriceEuro":4450,"vehicleYearOfManufacture":2006,"advertiserCounty":"Kildare","isPSL":false,"privatePSL":false,"vehicleImageId":"29d3371f-6e7b-4d27-ae48-01735c82f484","imagecount":16,"advertiserName":"Sean Boland Car Sales (Clane)","isTrade":true},{"advertId":"201250211362723","vehicleMake":"Fiat","vehicleModel":"Grande Punto","vehicleDerivative":"1.2 ACTIVE 05DR","vehiclePriceEuro":4400,"vehicleYearOfManufacture":2006,"advertiserCounty":"Dublin","isPSL":true,"privatePSL":false,"vehicleImageId":"13821067","imagecount":5,"isTrade":false},{"advertId":"201247211058890","vehicleMake":"Fiat","vehicleModel":"Grande Punto","vehicleDerivative":"1.2 8V ACTIVE","vehiclePriceEuro":4300,"vehicleYearOfManufacture":2006,"advertiserCounty":"Carlow","isPSL":true,"privatePSL":false,"vehicleImageId":"13759682","imagecount":4,"isTrade":false},{"advertId":"201302211892067","vehicleMake":"Fiat","vehicleModel":"Grande Punto","vehicleDerivative":"1.4 SPORTING 16V","vehiclePriceEuro":4250,"vehicleYearOfManufacture":2006,"advertiserCounty":"Wicklow","isPSL":true,"privatePSL":false,"vehicleImageId":"14257521","imagecount":6,"isTrade":false},{"advertId":"201245210865823","vehicleMake":"Fiat","vehicleModel":"Grande Punto","vehicleDerivative":"1.2 8V DYNAMIQUE","vehiclePriceEuro":4000,"vehicleYearOfManufacture":2006,"advertiserCounty":"Dublin","isPSL":true,"privatePSL":false,"vehicleImageId":"14108941","imagecount":9,"isTrade":false},{"advertId":"34013617910473400","vehicleMake":"Fiat","vehicleModel":"Grande Punto","vehicleDerivative":"1.2 8V ACTIVE..NCT 03/2014 AND TAXED TILL 03/2013","vehiclePriceEuro":3950,"vehicleYearOfManufacture":2006,"advertiserCounty":"Dublin","isPSL":true,"privatePSL":false,"vehicleImageId":"883c41c0-0fbc-46c0-851c-db2f1c31a8f2","imagecount":9,"advertiserName":"Murphy Doyle","isTrade":true},{"advertId":"33413624158277130","vehicleMake":"Fiat","vehicleModel":"Grande Punto","vehicleDerivative":"1.2 8V ACTIVE","vehiclePriceEuro":3500,"vehicleYearOfManufacture":2006,"advertiserCounty":"Tipperary","isPSL":false,"privatePSL":false,"imagecount":0,"advertiserName":"Ryan Motor Power","isTrade":true},{"advertId":"30513467525190620","vehicleMake":"Fiat","vehicleModel":"Grande Punto","vehicleDerivative":"1.2 8V ACTIVE... EXCELLENT VALUE 3 DOOR PUNTO.","vehiclePriceEuro":3500,"vehicleYearOfManufacture":2006,"advertiserCounty":"Cork","isPSL":false,"privatePSL":false,"vehicleImageId":"ac66f16a-af48-42f6-8c41-bd7f4ed3a03c","imagecount":6,"advertiserName":"Denis Cullinane Car Sales","isTrade":true},{"advertId":"31113488309711700","vehicleMake":"Fiat","vehicleModel":"Grande Punto","vehicleDerivative":"1.2 8V ACTIVE","vehiclePriceEuro":3500,"vehicleYearOfManufacture":2006,"advertiserCounty":"Cork","isPSL":true,"privatePSL":false,"vehicleImageId":"9cf36ae3-6374-4db7-a145-41e9a818d5e9","imagecount":1,"advertiserName":"Youghal Kia","isTrade":true},{"advertId":"201304212111149","vehicleMake":"Fiat","vehicleModel":"Grande Punto","vehicleDerivative":"1.2 8V ACTIVE","vehiclePriceEuro":3200,"vehicleYearOfManufacture":2006,"advertiserCounty":"Galway","isPSL":true,"privatePSL":false,"vehicleImageId":"14285594","imagecount":4,"isTrade":false},{"advertId":"32913597114421490","vehicleMake":"Fiat","vehicleModel":"Idea","vehicleDerivative":"1.4 16V ACTIVE 5DR","vehiclePriceEuro":3350,"vehicleYearOfManufacture":2005,"advertiserCounty":"Limerick","isPSL":false,"privatePSL":false,"vehicleImageId":"de3b07af-e6a3-40c3-9a0b-4c16441af9ad","imagecount":8,"advertiserName":"Enterprise Cars","isTrade":true},{"advertId":"31713527342564430","vehicleMake":"Fiat","vehicleModel":"Idea","vehicleDerivative":"1.4 16V ACTIVE 5DR","vehiclePriceEuro":3000,"vehicleYearOfManufacture":2005,"advertiserCounty":"Cork","isPSL":true,"privatePSL":false,"vehicleImageId":"90ceface-5b7f-4ca8-95c8-ae652d4077b3","imagecount":15,"advertiserName":"Michael O'Sullivan Car Sales","isTrade":true},{"advertId":"201245210926494","vehicleMake":"Fiat","vehicleModel":"Idea","vehicleDerivative":"1.4 16V ACTIVE 5DR","vehiclePriceEuro":2500,"vehicleYearOfManufacture":2005,"advertiserCounty":"Tipperary","isPSL":true,"privatePSL":false,"vehicleImageId":"14127354","imagecount":7,"isTrade":false},{"advertId":"201243210677654","vehicleMake":"Fiat","vehicleModel":"Marea","vehiclePriceEuro":490,"vehicleYearOfManufacture":1999,"advertiserCounty":"Dublin","isPSL":true,"privatePSL":false,"imagecount":0,"isTrade":false},{"advertId":"201242210591960","vehicleMake":"Fiat","vehicleModel":"Marea","vehicleDerivative":"1.6 SX","vehiclePriceEuro":500,"vehicleYearOfManufacture":1997,"advertiserCounty":"Tipperary","isPSL":true,"privatePSL":false,"vehicleImageId":"14064094","imagecount":8,"isTrade":false},{"advertId":"201250211384496","vehicleMake":"Fiat","vehicleModel":"Multipla","vehicleDerivative":"1.9 MULTIJET 120 DYNAMIQUE","vehiclePriceEuro":10900,"vehicleYearOfManufacture":2007,"advertiserCounty":"Tipperary","isPSL":true,"privatePSL":false,"vehicleImageId":"14203418","imagecount":4,"isTrade":false},{"advertId":"201301211800569","vehicleMake":"Fiat","vehicleModel":"Multipla","vehicleDerivative":"1.9JTD DYNAMIQUE 1.9 JTD","vehiclePriceEuro":5250,"vehicleYearOfManufacture":2005,"advertiserCounty":"Westmeath","isPSL":true,"privatePSL":false,"imagecount":0,"isTrade":false},{"advertId":"31413532753708810","vehicleMake":"Fiat","vehicleModel":"Multipla","vehicleDerivative":"MANUFACTURE YEAR 1.6 GLX 16V ELX 5DR","vehiclePriceEuro":3250,"vehicleYearOfManufacture":2005,"advertiserCounty":"Dublin","isPSL":false,"privatePSL":false,"vehicleImageId":"fd63b669-8598-4f74-a67c-e1841239432f","imagecount":11,"advertiserName":"Clifford Barron Auto Solutions","isTrade":true},{"advertId":"131097704930153","vehicleMake":"Fiat","vehicleModel":"Multipla","vehicleDerivative":"1.6 Dynamic","vehiclePriceEuro":4750,"vehicleYearOfManufacture":2004,"advertiserCounty":"Cork","isPSL":false,"privatePSL":false,"vehicleImageId":"ffd700fd-304b-4194-9a0b-ddf4b3183c59","imagecount":7,"advertiserName":"Lee Auto Centre","isTrade":true},{"advertId":"34313618316435600","vehicleMake":"Fiat","vehicleModel":"Multipla","vehicleDerivative":"TOP SPEC ELX / 6-SEATER / NCT FEB-14 / VERY CAREFUL OWNER / RELIABLE / SPACIOUS / ECONOMICAL / AS NEW / \"\"MUST BE SEEN\"\" / www.N4CARS.ie","vehiclePriceEuro":3449,"vehicleYearOfManufacture":2004,"advertiserCounty":"Dublin","isPSL":false,"privatePSL":false,"vehicleImageId":"f0207f99-1aff-460f-9a17-94762624023d","imagecount":1,"advertiserName":"N4 Car Sales","isTrade":true},{"advertId":"201304212115093","vehicleMake":"Fiat","vehicleModel":"Multipla","vehicleDerivative":"MANUFACTURE YEAR 1.9 JTD ELX","vehiclePriceEuro":3200,"vehicleYearOfManufacture":2004,"advertiserCounty":"Waterford","isPSL":true,"privatePSL":false,"vehicleImageId":"14286174","imagecount":5,"isTrade":false},{"advertId":"31813529788514450","vehicleMake":"Fiat","vehicleModel":"Multipla","vehicleDerivative":"6seater,NCT2015,low miles,IMMACULATE","vehiclePriceEuro":2450,"vehicleYearOfManufacture":2003,"advertiserCounty":"Dublin","isPSL":true,"privatePSL":false,"vehicleImageId":"228f13a7-c8bf-4fc8-ab01-255bfa62f1dd","imagecount":9,"advertiserName":"A Best Choice Cars","isTrade":true},{"advertId":"613258423438110","vehicleMake":"Fiat","vehicleModel":"Multipla","vehicleDerivative":"1.6 6 SEATS WAS 2950 NOW","vehiclePriceEuro":1150,"vehicleYearOfManufacture":2003,"advertiserCounty":"Dublin","isPSL":false,"privatePSL":false,"imagecount":0,"advertiserName":"Webb Motors","isTrade":true},{"advertId":"201250211384011","vehicleMake":"Fiat","vehicleModel":"Multipla","vehicleDerivative":"1.9 STD GLX","vehiclePriceEuro":2600,"vehicleYearOfManufacture":2002,"advertiserCounty":"Cork","isPSL":true,"privatePSL":false,"vehicleImageId":"13818572","imagecount":6,"isTrade":false},{"advertId":"31913536874416670","vehicleMake":"Fiat","vehicleModel":"Multipla","vehicleDerivative":"1.6 ELX nct 03/13","vehiclePriceEuro":2500,"vehicleYearOfManufacture":2002,"advertiserCounty":"Cork","isPSL":false,"privatePSL":false,"vehicleImageId":"6451c981-9b9b-4454-b702-fdf4ac7994d6","imagecount":20,"advertiserName":"Great Island Motors Ltd","isTrade":true},{"advertId":"201308212592931","vehicleMake":"Fiat","vehicleModel":"Multipla","vehicleDerivative":"1.6 ELX","vehiclePriceEuro":1900,"vehicleYearOfManufacture":2002,"advertiserCounty":"Mayo","isPSL":true,"privatePSL":false,"vehicleImageId":"14362625","imagecount":2,"isTrade":false},{"advertId":"713237686217720","vehicleMake":"Fiat","vehicleModel":"Multipla","vehicleDerivative":"1.6 ELX","vehiclePriceEuro":3500,"vehicleYearOfManufacture":2001,"advertiserCounty":"Cork","isPSL":false,"privatePSL":false,"vehicleImageId":"1e44efe4-ca31-4d56-887f-7e62b2433645","imagecount":7,"advertiserName":"Lee Garage (Cork) Ltd","isTrade":true},{"advertId":"813264498301580","vehicleMake":"Fiat","vehicleModel":"Multipla","vehicleDerivative":"1.6 ELX","vehiclePriceEuro":1950,"vehicleYearOfManufacture":2000,"advertiserCounty":"Limerick","isPSL":true,"privatePSL":false,"vehicleImageId":"bc313f8f-5f89-485d-bce1-f3e2733e02e5","imagecount":6,"advertiserName":"Limerick Motor Centre","isTrade":true},{"advertId":"201247211120427","vehicleMake":"Fiat","vehicleModel":"Other","vehicleDerivative":"Burnstner Argos 747-2","vehiclePriceEuro":66950,"vehicleYearOfManufacture":2010,"advertiserCounty":"Louth","isPSL":true,"privatePSL":false,"vehicleImageId":"12870137","imagecount":9,"isTrade":false},{"advertId":"201233209577562","vehicleMake":"Fiat","vehicleModel":"Other","vehicleDerivative":"DUCATO FRIDGE","vehiclePriceEuro":5995,"vehicleYearOfManufacture":2008,"advertiserCounty":"Dublin","isPSL":true,"privatePSL":false,"vehicleImageId":"13398250","imagecount":5,"isTrade":false},{"advertId":"30213473705720260","vehicleMake":"Fiat","vehicleModel":"Panda","vehicleDerivative":"1.2 Easy 5 Door","vehiclePriceEuro":13595,"vehicleYearOfManufacture":2013,"advertiserCounty":"Monaghan","isPSL":false,"privatePSL":false,"vehicleImageId":"fb3a140e-3a5c-4b91-ae49-d29c27e0287a","imagecount":14,"advertiserName":"McGuigan Motors","isTrade":true},{"advertId":"32113581560011890","vehicleMake":"Fiat","vehicleModel":"Panda","vehicleDerivative":"1.2 PANDA","vehiclePriceEuro":13495,"vehicleYearOfManufacture":2013,"advertiserCounty":"Waterford","isPSL":false,"privatePSL":false,"vehicleImageId":"82bc0b2a-7a6e-41e9-996b-a91fe6241817","imagecount":8,"advertiserName":"Waterford Motor Village","isTrade":true},{"advertId":"5413322522634500","vehicleMake":"Fiat","vehicleModel":"Panda","vehicleDerivative":"1.2 Easy","vehiclePriceEuro":13295,"vehicleYearOfManufacture":2013,"advertiserCounty":"Wicklow","isPSL":false,"privatePSL":false,"vehicleImageId":"673a1ddf-a2db-4c76-9518-fd318f78e72f","imagecount":11,"advertiserName":"John Linnane Motors","isTrade":true},{"advertId":"31513536031517770","vehicleMake":"Fiat","vehicleModel":"Panda","vehicleDerivative":"POP**2013 Special Offer**","vehiclePriceEuro":13130,"vehicleYearOfManufacture":2013,"advertiserCounty":"Dublin","isPSL":false,"privatePSL":false,"vehicleImageId":"b63037b0-4e6d-4e0a-a847-2818a51ce43d","imagecount":11,"advertiserName":"AGNELLI MOTOR PARK","isTrade":true},{"advertId":"30913536841973780","vehicleMake":"Fiat","vehicleModel":"Panda","vehicleDerivative":"1.2 Pop With Convienence Pack","vehiclePriceEuro":13095,"vehicleYearOfManufacture":2013,"advertiserCounty":"Monaghan","isPSL":false,"privatePSL":false,"vehicleImageId":"73cb4409-49a3-47ee-848b-acf35ec1d34e","imagecount":5,"advertiserName":"McGuigan Motors","isTrade":true},{"advertId":"30913536702796200","vehicleMake":"Fiat","vehicleModel":"Panda","vehicleDerivative":"Pop Convenience Pack","vehiclePriceEuro":12995,"vehicleYearOfManufacture":2013,"advertiserCounty":"Dublin","isPSL":false,"privatePSL":false,"vehicleImageId":"e6ae5c3d-b7f9-49f9-9483-aa254fc4a39f","imagecount":8,"advertiserName":"Grace & Harvey Ltd","isTrade":true},{"advertId":"31513548063331030","vehicleMake":"Fiat","vehicleModel":"Panda","vehicleDerivative":"POP","vehiclePriceEuro":11999,"vehicleYearOfManufacture":2013,"advertiserCounty":"Dublin","isPSL":false,"privatePSL":false,"vehicleImageId":"73d5aa70-22c5-4c39-b1d8-f962d85a8f9e","imagecount":3,"advertiserName":"Tractamotors Blanchardstown","isTrade":true},{"advertId":"31813561778137890","vehicleMake":"Fiat","vehicleModel":"Panda","vehicleDerivative":"New Model Available For Test Drive ","vehiclePriceEuro":0,"vehicleYearOfManufacture":2013,"advertiserCounty":"Leitrim","isPSL":false,"privatePSL":false,"vehicleImageId":"5c28af0d-f919-4f87-ad09-548b22cdaf33","imagecount":15,"advertiserName":"Central Motors","isTrade":true},{"advertId":"6113355345569990","vehicleMake":"Fiat","vehicleModel":"Panda","vehicleDerivative":"1.2 EASY 5 DOOR***ASK ABOUT OUR SPECIAL OFFERS***","vehiclePriceEuro":14775,"vehicleYearOfManufacture":2012,"advertiserCounty":"Dublin","isPSL":false,"privatePSL":false,"vehicleImageId":"c710c882-7335-49e3-80f6-72e98e829804","imagecount":13,"advertiserName":"AGNELLI MOTOR PARK","isTrade":true},{"advertId":"29213454946020460","vehicleMake":"Fiat","vehicleModel":"Panda","vehicleDerivative":"CLIMBING 4X4 TOP SPEC","vehiclePriceEuro":12999,"vehicleYearOfManufacture":2012,"advertiserCounty":"Dublin","isPSL":false,"privatePSL":false,"vehicleImageId":"38144ed0-ee58-4d26-bc28-9ee207753ce6","imagecount":5,"advertiserName":"Tractamotors Blanchardstown","isTrade":true},{"advertId":"31913561845541920","vehicleMake":"Fiat","vehicleModel":"Panda","vehicleDerivative":"69cv ss 5 Dr 1.2","vehiclePriceEuro":12999,"vehicleYearOfManufacture":2012,"advertiserCounty":"Waterford","isPSL":false,"privatePSL":false,"vehicleImageId":"21d6608d-13f1-456c-878e-9823f2b22c6c","imagecount":8,"advertiserName":"Dungarvan Nissan","isTrade":true},{"advertId":"34013613746491170","vehicleMake":"Fiat","vehicleModel":"Panda","vehicleDerivative":"1.2 69CV SS 4DR EASY","vehiclePriceEuro":11995,"vehicleYearOfManufacture":2012,"advertiserCounty":"Limerick","isPSL":false,"privatePSL":false,"vehicleImageId":"7ee528c8-e65c-4e49-ac5c-5bae649f153c","imagecount":12,"advertiserName":"Clareview Car Sales and Rentals","isTrade":true},{"advertId":"30913511745396640","vehicleMake":"Fiat","vehicleModel":"Panda","vehicleDerivative":"1.2 ACTIVE 5S 5DR","vehiclePriceEuro":11900,"vehicleYearOfManufacture":2012,"advertiserCounty":"Cork","isPSL":false,"privatePSL":false,"vehicleImageId":"6fffb293-26f1-4ca0-a535-9084d3cf5c24","imagecount":16,"advertiserName":"Great Island Motors Ltd","isTrade":true},{"advertId":"34313622170018450","vehicleMake":"Fiat","vehicleModel":"Panda","vehicleDerivative":"1.2 DYNAMIQUE-TOP SPEC","vehiclePriceEuro":9999,"vehicleYearOfManufacture":2012,"advertiserCounty":"Dublin","isPSL":false,"privatePSL":false,"vehicleImageId":"2e93adf2-239e-46ac-a027-6910a620b83b","imagecount":9,"advertiserName":"Tractamotors Blanchardstown","isTrade":true},{"advertId":"33413600840589410","vehicleMake":"Fiat","vehicleModel":"Panda","vehicleDerivative":"1.2 DYNAMIC WITH FOGS & ALLOYS ( BOYNE CARS OPEL )","vehiclePriceEuro":9950,"vehicleYearOfManufacture":2011,"advertiserCounty":"Louth","isPSL":false,"privatePSL":false,"vehicleImageId":"9a3dca91-05e1-40ed-a88a-9fa0b3d874d8","imagecount":7,"advertiserName":"Boyne Cars","isTrade":true},{"advertId":"34413618713452400","vehicleMake":"Fiat","vehicleModel":"Panda","vehicleDerivative":"1.2 ACTIVE 5SPEED 5DR","vehiclePriceEuro":8900,"vehicleYearOfManufacture":2011,"advertiserCounty":"Cork","isPSL":false,"privatePSL":false,"vehicleImageId":"cddf5f56-0e72-42b5-9973-2c7f9d79e91f","imagecount":7,"advertiserName":"Lee Garage (Cork) Ltd","isTrade":true},{"advertId":"33413601530737190","vehicleMake":"Fiat","vehicleModel":"Panda","vehicleDerivative":"1.1 ACTIVE ECO 5DR","vehiclePriceEuro":7995,"vehicleYearOfManufacture":2011,"advertiserCounty":"Waterford","isPSL":false,"privatePSL":false,"vehicleImageId":"e240bb6e-8075-4090-9a8d-062513cac801","imagecount":3,"advertiserName":"The Sweep Garage","isTrade":true},{"advertId":"32913597326909790","vehicleMake":"Fiat","vehicleModel":"Panda","vehicleDerivative":"1.2 Active","vehiclePriceEuro":7950,"vehicleYearOfManufacture":2011,"advertiserCounty":"Dublin","isPSL":false,"privatePSL":false,"vehicleImageId":"6f50b97b-7937-4050-8334-fae42db411e5","imagecount":9,"advertiserName":"Alasta Autos Ltd.","isTrade":true},{"advertId":"31813593948440110","vehicleMake":"Fiat","vehicleModel":"Panda","vehicleDerivative":"1.2 ACTIVE 5SPEED 5DR","vehiclePriceEuro":7799,"vehicleYearOfManufacture":2011,"advertiserCounty":"Dublin","isPSL":true,"privatePSL":false,"vehicleImageId":"82f77469-3f41-4891-a444-a604f0424122","imagecount":8,"advertiserName":"Airport Cars","isTrade":true},{"advertId":"31913527392039880","vehicleMake":"Fiat","vehicleModel":"Panda","vehicleDerivative":"1.2 ACTIVE 5SPEED 5DR.","vehiclePriceEuro":7750,"vehicleYearOfManufacture":2011,"advertiserCounty":"Dublin","isPSL":false,"privatePSL":false,"vehicleImageId":"41b070e1-8d21-433e-84f5-c86a14db6495","imagecount":8,"advertiserName":"Autodynamic","isTrade":true},{"advertId":"33913614390871420","vehicleMake":"Fiat","vehicleModel":"Panda","vehicleDerivative":"1.2 DYNAMIQUE 5SPEED 5DR AS NEW ONLY 8,000 KM DONE","vehiclePriceEuro":7750,"vehicleYearOfManufacture":2011,"advertiserCounty":"Cork","isPSL":false,"privatePSL":false,"vehicleImageId":"07ee5a21-ab14-403c-90a2-63cc4453eeb2","imagecount":1,"advertiserName":"Noel Deasy Cars Ltd","isTrade":true},{"advertId":"34113614687690170","vehicleMake":"Fiat","vehicleModel":"Panda","vehicleDerivative":"1.1 ACTIVE ECO 5DR  --EXCELLENT VALUE--","vehiclePriceEuro":7450,"vehicleYearOfManufacture":2011,"advertiserCounty":"Dublin","isPSL":true,"privatePSL":false,"vehicleImageId":"71d425d3-d471-4629-a86d-901b939ce73d","imagecount":8,"advertiserName":"Right Price Cars (Prussia Street)","isTrade":true},{"advertId":"33213620518040100","vehicleMake":"Fiat","vehicleModel":"Panda","vehicleDerivative":"1.1 ACTIVE ECO 5DR","vehiclePriceEuro":6995,"vehicleYearOfManufacture":2011,"advertiserCounty":"Waterford","isPSL":false,"privatePSL":false,"vehicleImageId":"cc1fe50f-a59a-4274-87dc-f3e2cd07b827","imagecount":3,"advertiserName":"The Sweep Garage","isTrade":true},{"advertId":"30913528901771840","vehicleMake":"Fiat","vehicleModel":"Panda","vehicleDerivative":"1.1 ACTIVE ECO 5DR","vehiclePriceEuro":6450,"vehicleYearOfManufacture":2011,"advertiserCounty":"Limerick","isPSL":false,"privatePSL":false,"vehicleImageId":"6dd57716-c1ec-4165-8081-053515779353","imagecount":7,"advertiserName":"Enterprise Cars","isTrade":true},{"advertId":"34013618737712630","vehicleMake":"Fiat","vehicleModel":"Panda","vehicleDerivative":"1.2 DYNAMIQUE ECO 5DR","vehiclePriceEuro":0,"vehicleYearOfManufacture":2011,"advertiserCounty":"Donegal","isPSL":false,"privatePSL":false,"vehicleImageId":"228ed94b-f958-46a5-8eb7-a62abef20ef4","imagecount":10,"advertiserName":"Inishowen Motors Letterkenny (Kia Nissan)","isTrade":true},{"advertId":"34113602635593570","vehicleMake":"Fiat","vehicleModel":"Panda","vehicleDerivative":"1.1 ACTIVE ECO 5DR","vehiclePriceEuro":7950,"vehicleYearOfManufacture":2010,"advertiserCounty":"Dublin","isPSL":true,"privatePSL":false,"vehicleImageId":"582f51eb-2787-449f-9cbf-1016f8b1c2d9","imagecount":9,"advertiserName":"MSL Volkswagen Sandyford","isTrade":true},{"advertId":"32113536039490720","vehicleMake":"Fiat","vehicleModel":"Panda","vehicleDerivative":"1.2 DYNAMIQUE ECO 5DR","vehiclePriceEuro":7750,"vehicleYearOfManufacture":2010,"advertiserCounty":"Dublin","isPSL":false,"privatePSL":false,"vehicleImageId":"d5f4da9e-38c4-4763-923e-4d3d0ac65662","imagecount":13,"advertiserName":"AGNELLI MOTOR PARK","isTrade":true},{"advertId":"33213609456071130","vehicleMake":"Fiat","vehicleModel":"Panda","vehicleDerivative":"1.1 ACTIVE ECO 5DR","vehiclePriceEuro":7450,"vehicleYearOfManufacture":2010,"advertiserCounty":"Dublin","isPSL":false,"privatePSL":false,"vehicleImageId":"29a3889f-f6cb-4e76-ad98-29dbe7a46d82","imagecount":8,"advertiserName":"Grace & Harvey Ltd","isTrade":true},{"advertId":"30113448486872580","vehicleMake":"Fiat","vehicleModel":"Panda","vehicleDerivative":"ACTIVE ECO €6,999","vehiclePriceEuro":6999,"vehicleYearOfManufacture":2010,"advertiserCounty":"Kerry","isPSL":false,"privatePSL":false,"imagecount":0,"advertiserName":"Joe O'Connor Car Sales","isTrade":true},{"advertId":"32013566579134820","vehicleMake":"Fiat","vehicleModel":"Panda","vehicleDerivative":"1.1 5dr Active Eco ~ Tax €200","vehiclePriceEuro":6995,"vehicleYearOfManufacture":2010,"advertiserCounty":"Dublin","isPSL":false,"privatePSL":false,"vehicleImageId":"7e92b5e5-8fe6-4422-972c-5ce75e10e47b","imagecount":9,"advertiserName":"Windsor Liffey Valley","isTrade":true},{"advertId":"31913566579139960","vehicleMake":"Fiat","vehicleModel":"Panda","vehicleDerivative":"1.1","vehiclePriceEuro":6995,"vehicleYearOfManufacture":2010,"advertiserCounty":"Waterford","isPSL":false,"privatePSL":false,"vehicleImageId":"0afa7da0-bab5-4f51-9c31-9009ed07c402","imagecount":8,"advertiserName":"Dungarvan Nissan","isTrade":true},{"advertId":"29713448481048750","vehicleMake":"Fiat","vehicleModel":"Panda","vehicleDerivative":"1.1 ACTIVE ECO 5DR","vehiclePriceEuro":6995,"vehicleYearOfManufacture":2010,"advertiserCounty":"Kerry","isPSL":false,"privatePSL":false,"vehicleImageId":"f2039793-f597-47aa-bd2a-5a137f7af9f0","imagecount":2,"advertiserName":"Joe O'Connor Car Sales","isTrade":true},{"advertId":"33413619835450650","vehicleMake":"Fiat","vehicleModel":"Panda","vehicleDerivative":"1.1 ACTIVE ECO 5DR","vehiclePriceEuro":6950,"vehicleYearOfManufacture":2010,"advertiserCounty":"Limerick","isPSL":false,"privatePSL":false,"vehicleImageId":"7c2f3729-89e6-47b5-ad7d-15e79ee0ae59","imagecount":11,"advertiserName":"Clareview Car Sales and Rentals","isTrade":true},{"advertId":"6213346735680310","vehicleMake":"Fiat","vehicleModel":"Panda","vehicleDerivative":"1.1 ACTIVE ECO 021-4615250","vehiclePriceEuro":6900,"vehicleYearOfManufacture":2010,"advertiserCounty":"Cork","isPSL":false,"privatePSL":false,"vehicleImageId":"997c6571-538a-4c58-8e13-74ea31faad64","imagecount":11,"advertiserName":"Johnson & Perrott Motor Group (Mahon Point)","isTrade":true},{"advertId":"33413619783619640","vehicleMake":"Fiat","vehicleModel":"Panda","vehicleDerivative":"1.1 ACTIVE ECO 5DR","vehiclePriceEuro":6900,"vehicleYearOfManufacture":2010,"advertiserCounty":"Cork","isPSL":false,"privatePSL":false,"vehicleImageId":"7a9bab2d-60af-4fda-b2af-91d3f2146bfa","imagecount":9,"advertiserName":"Lee Garage (Cork) Ltd","isTrade":true},{"advertId":"32913604211191640","vehicleMake":"Fiat","vehicleModel":"Panda","vehicleDerivative":"1.2 DYNAMIQUE ECO 5DR","vehiclePriceEuro":6900,"vehicleYearOfManufacture":2010,"advertiserCounty":"Galway","isPSL":true,"privatePSL":false,"vehicleImageId":"5ea2ff09-63f2-4264-a139-9e3e46d5d8a8","imagecount":6,"advertiserName":"Kenny Galway","isTrade":true},{"advertId":"31413561845483490","vehicleMake":"Fiat","vehicleModel":"Panda","vehicleDerivative":"1.1 5DR Active (THIS WEEKEND STRAIGHT SALE PRICE )","vehiclePriceEuro":6750,"vehicleYearOfManufacture":2010,"advertiserCounty":"Dublin","isPSL":false,"privatePSL":false,"vehicleImageId":"df6b885c-451c-4e44-bac8-2e6f9523f138","imagecount":8,"advertiserName":"Windsor Raheny","isTrade":true},{"advertId":"32713584724606270","vehicleMake":"Fiat","vehicleModel":"Panda","vehicleDerivative":"12 MONTH NISSAN GOLD STANDARD WARRANTY","vehiclePriceEuro":6750,"vehicleYearOfManufacture":2010,"advertiserCounty":"Westmeath","isPSL":false,"privatePSL":false,"vehicleImageId":"7a956d0d-b662-4729-96de-688ca296d998","imagecount":9,"advertiserName":"Mullingar Nissan & Opel","isTrade":true},{"advertId":"29913460656472000","vehicleMake":"Fiat","vehicleModel":"Panda","vehicleDerivative":"1.1 ACTIVE ECO 5DR","vehiclePriceEuro":6500,"vehicleYearOfManufacture":2010,"advertiserCounty":"Cork","isPSL":false,"privatePSL":false,"vehicleImageId":"c8e3a583-5c6d-47b9-913b-85ee1be35535","imagecount":6,"advertiserName":"Lee Garage (Cork) Ltd","isTrade":true},{"advertId":"34113621580303040","vehicleMake":"Fiat","vehicleModel":"Panda","vehicleDerivative":"1.1 ACTIVE ECO 5DR","vehiclePriceEuro":6500,"vehicleYearOfManufacture":2010,"advertiserCounty":"Monaghan","isPSL":false,"privatePSL":false,"vehicleImageId":"2a70e951-be93-4e64-8f51-e8ac77da432c","imagecount":9,"advertiserName":"McGuigan Motors","isTrade":true},{"advertId":"31113509893188510","vehicleMake":"Fiat","vehicleModel":"Panda","vehicleDerivative":"1.1 ACTIVE ECO 5DR","vehiclePriceEuro":6450,"vehicleYearOfManufacture":2010,"advertiserCounty":"Cork","isPSL":false,"privatePSL":false,"vehicleImageId":"b740f793-7cbc-4cff-ba8c-4d10e4c8b693","imagecount":9,"advertiserName":"Right Price Cars Cork","isTrade":true},{"advertId":"31413529811422300","vehicleMake":"Fiat","vehicleModel":"Panda","vehicleDerivative":"****SOLD*****","vehiclePriceEuro":6450,"vehicleYearOfManufacture":2010,"advertiserCounty":"Cork","isPSL":false,"privatePSL":false,"vehicleImageId":"63799695-80e8-4185-bf13-04696c35df42","imagecount":10,"advertiserName":"Right Price Cars Cork","isTrade":true},{"advertId":"32713590297352470","vehicleMake":"Fiat","vehicleModel":"Panda","vehicleDerivative":" 1.1 ACTIVE 5DR / VERY TIDY 1 OWNER CAR / LOW ROAD TAX RATE / TRADE INS WELCOME / DEPOSIT SECURES","vehiclePriceEuro":6445,"vehicleYearOfManufacture":2010,"advertiserCounty":"Dublin","isPSL":true,"privatePSL":false,"vehicleImageId":"7fd0face-8b91-4b6e-a3af-f022321025bc","imagecount":17,"advertiserName":"MERRION MOTOR COMPANY","isTrade":true},{"advertId":"29613479582060280","vehicleMake":"Fiat","vehicleModel":"Panda","vehicleDerivative":"1.1 ACTIVE ECO 5DR","vehiclePriceEuro":5995,"vehicleYearOfManufacture":2010,"advertiserCounty":"Waterford","isPSL":false,"privatePSL":false,"vehicleImageId":"6f3f57f8-d12b-4fcd-bec4-db4182704534","imagecount":6,"advertiserName":"Waterford Motor Village","isTrade":true},{"advertId":"31513591330097920","vehicleMake":"Fiat","vehicleModel":"Panda","vehicleDerivative":"1.1 ACTIVE --EXCEPTIONAL VALUE--","vehiclePriceEuro":5950,"vehicleYearOfManufacture":2010,"advertiserCounty":"Dublin","isPSL":true,"privatePSL":false,"vehicleImageId":"d239de04-3600-4d50-a23a-98489c9d953f","imagecount":9,"advertiserName":"Right Price Cars (Prussia Street)","isTrade":true},{"advertId":"31413593940462180","vehicleMake":"Fiat","vehicleModel":"Panda","vehicleDerivative":"1.1 ACTIVE ECO 5DR --EXCEPTIONAL VALUE--","vehiclePriceEuro":5950,"vehicleYearOfManufacture":2010,"advertiserCounty":"Dublin","isPSL":true,"privatePSL":false,"vehicleImageId":"40b64eed-73a7-4912-bdc3-eb0353f6b00b","imagecount":9,"advertiserName":"Right Price Cars (Prussia Street)","isTrade":true},{"advertId":"32913599002577940","vehicleMake":"Fiat","vehicleModel":"Panda","vehicleDerivative":"1.1 ACTIVE ECO EXCELLENT VALUE","vehiclePriceEuro":5950,"vehicleYearOfManufacture":2010,"advertiserCounty":"Dublin","isPSL":true,"privatePSL":false,"vehicleImageId":"ea5ab6ef-e8f5-43af-bcfa-f818e5e6db56","imagecount":9,"advertiserName":"Right Price Cars Airport","isTrade":true},{"advertId":"33213613844180270","vehicleMake":"Fiat","vehicleModel":"Panda","vehicleDerivative":"1.1 ACTIVE ECO 5DR--EXCELLENT FUEL EFFICIENCY--50MPG--","vehiclePriceEuro":5950,"vehicleYearOfManufacture":2010,"advertiserCounty":"Dublin","isPSL":true,"privatePSL":false,"vehicleImageId":"a42ddbe1-a530-4e41-8736-434accfac969","imagecount":9,"advertiserName":"Right Price Cars (Prussia Street)","isTrade":true},{"advertId":"31713579893321450","vehicleMake":"Fiat","vehicleModel":"Panda","vehicleDerivative":"1.1 ACTIVE ECO ***Great Value***","vehiclePriceEuro":5950,"vehicleYearOfManufacture":2010,"advertiserCounty":"Louth","isPSL":false,"privatePSL":false,"vehicleImageId":"2aacb8bc-a06e-4288-ae08-62151ccc56aa","imagecount":7,"advertiserName":"Auto Assure","isTrade":true},{"advertId":"34313618892475890","vehicleMake":"Fiat","vehicleModel":"Panda","vehicleDerivative":"1.1 Active Eco 5dr","vehiclePriceEuro":5950,"vehicleYearOfManufacture":2010,"advertiserCounty":"Cork","isPSL":true,"privatePSL":false,"vehicleImageId":"70f005e7-c1bc-4c6e-9b26-3efd60783baa","imagecount":15,"advertiserName":"Autodirect.ie Cork","isTrade":true},{"advertId":"34213602589782420","vehicleMake":"Fiat","vehicleModel":"Panda","vehicleDerivative":"1.1 ACTIVE ECO 5DR","vehiclePriceEuro":5950,"vehicleYearOfManufacture":2010,"advertiserCounty":"Dublin","isPSL":false,"privatePSL":false,"vehicleImageId":"c07c68a7-a399-4cf7-9e6b-9198ca63f9ad","imagecount":1,"advertiserName":"Autocity","isTrade":true},{"advertId":"34113602590302330","vehicleMake":"Fiat","vehicleModel":"Panda","vehicleDerivative":"1.1 ACTIVE ECO 5DR","vehiclePriceEuro":5950,"vehicleYearOfManufacture":2010,"advertiserCounty":"Dublin","isPSL":false,"privatePSL":false,"vehicleImageId":"b4b9ef5b-5acb-4080-ab99-75966b8932cd","imagecount":1,"advertiserName":"Autocity","isTrade":true},{"advertId":"33913602592372730","vehicleMake":"Fiat","vehicleModel":"Panda","vehicleDerivative":"1.1 ACTIVE ECO 5DR","vehiclePriceEuro":5950,"vehicleYearOfManufacture":2010,"advertiserCounty":"Dublin","isPSL":false,"privatePSL":false,"vehicleImageId":"05a6a94e-612a-474e-8086-d33d6117d683","imagecount":11,"advertiserName":"Autocity","isTrade":true}],"totalAdvertCount":45174}