{"adverts":[{"advertId":"32113507297247660","vehicleMake":"Opel","vehicleModel":"Insignia","vehicleDerivative":"5dr SC 2.0CDTi 130PS","vehiclePriceEuro":0,"vehicleYearOfManufacture":2011,"advertiserCounty":"Cork","isPSL":true,"privatePSL":false,"vehicleImageId":"078c7242-87e5-479c-8e7b-d79c52f3b31a","imagecount":10,"advertiserName":"Kevin O'Leary Group Bandon","isTrade":true},{"advertId":"34013619621796240","vehicleMake":"Opel","vehicleModel":"Insignia","vehicleDerivative":"SE 2.0 CDTI 130PS 5DR","vehiclePriceEuro":0,"vehicleYearOfManufacture":2011,"advertiserCounty":"Tipperary","isPSL":true,"privatePSL":false,"vehicleImageId":"45f876f1-ec49-4218-b0dc-29d9105f73fd","imagecount":14,"advertiserName":"Kevin O'Leary Group Clonmel","isTrade":true},{"advertId":"31113595467755180","vehicleMake":"Opel","vehicleModel":"Insignia","vehicleDerivative":"5dr S 2.0CDTi 130PS","vehiclePriceEuro":0,"vehicleYearOfManufacture":2011,"advertiserCounty":"Cork","isPSL":true,"privatePSL":false,"vehicleImageId":"0af700bf-7e3a-444b-9d7a-7450df47f94e","imagecount":10,"advertiserName":"Kevin O'Leary Group Bandon","isTrade":true},{"advertId":"34013602403861380","vehicleMake":"Opel","vehicleModel":"Insignia","vehicleDerivative":"SC 2.0 CDTI 130PS MY11 4DR","vehiclePriceEuro":0,"vehicleYearOfManufacture":2011,"advertiserCounty":"Donegal","isPSL":false,"privatePSL":false,"vehicleImageId":"a32515b0-d3ba-4390-805f-aa6cd83a15ce","imagecount":9,"advertiserName":"Herron Auto","isTrade":true},{"advertId":"23713419152399230","vehicleMake":"Opel","vehicleModel":"Insignia","vehicleDerivative":"SC 2.0 CDTI 130PS MY11 4DR","vehiclePriceEuro":0,"vehicleYearOfManufacture":2011,"advertiserCounty":"Tipperary","isPSL":true,"privatePSL":false,"vehicleImageId":"794ae3a9-e52d-4721-ae9c-cf0be25b22da","imagecount":10,"advertiserName":"Kevin O'Leary Group Clonmel","isTrade":true},{"advertId":"31913577351746350","vehicleMake":"Opel","vehicleModel":"Insignia","vehicleDerivative":"ELITE 2.0 CDTI 160PS E ECO MY11","vehiclePriceEuro":0,"vehicleYearOfManufacture":2011,"advertiserCounty":"Tipperary","isPSL":false,"privatePSL":false,"vehicleImageId":"7c1b7e67-53bc-4deb-929e-4594d90ef1ba","imagecount":6,"advertiserName":"Young's Garage (Roscrea) Ltd. (OPEL Main Dealer)","isTrade":true},{"advertId":"32713592039227930","vehicleMake":"Opel","vehicleModel":"Insignia","vehicleDerivative":"SC 2.0 CDTI 130PS MY11 4DR","vehiclePriceEuro":0,"vehicleYearOfManufacture":2011,"advertiserCounty":"Wexford","isPSL":false,"privatePSL":false,"vehicleImageId":"130f3d0d-6b1e-45ad-a2bf-2089e767ee74","imagecount":9,"advertiserName":"Ferrybank Motors","isTrade":true},{"advertId":"33413608388152710","vehicleMake":"Opel","vehicleModel":"Insignia","vehicleDerivative":"S 2.0 CDTI 130PS 4DR AUTO","vehiclePriceEuro":0,"vehicleYearOfManufacture":2011,"advertiserCounty":"Cork","isPSL":true,"privatePSL":false,"vehicleImageId":"8a675264-e54c-487d-aa34-fe0f291a642e","imagecount":1,"advertiserName":"Kevin O'Leary Group Silversprings","isTrade":true},{"advertId":"31813516112260280","vehicleMake":"Opel","vehicleModel":"Insignia","vehicleDerivative":"1.9TDI","vehiclePriceEuro":0,"vehicleYearOfManufacture":2011,"advertiserCounty":"Cork","isPSL":false,"privatePSL":false,"vehicleImageId":"5c01100d-276b-49f3-9801-3b70cc30285a","imagecount":13,"advertiserName":"Hurley Bros Garage","isTrade":true},{"advertId":"34313604053861110","vehicleMake":"Opel","vehicleModel":"Insignia","vehicleDerivative":"ELITE 2.0 CDTI 160PS ECOFLEX 4DR***ONLY 23000 MILES***","vehiclePriceEuro":20995,"vehicleYearOfManufacture":2010,"advertiserCounty":"Tipperary","isPSL":false,"privatePSL":false,"vehicleImageId":"07de5120-d063-4d45-9b87-5746189e650c","imagecount":9,"advertiserName":"Young's Garage (Roscrea) Ltd. (OPEL Main Dealer)","isTrade":true},{"advertId":"31513588441911280","vehicleMake":"Opel","vehicleModel":"Insignia","vehicleDerivative":"2.0cdti SE 130PS Hatch  5door (Diesel)","vehiclePriceEuro":19995,"vehicleYearOfManufacture":2010,"advertiserCounty":"Dublin","isPSL":false,"privatePSL":false,"vehicleImageId":"a52d1cee-cf57-4173-98ac-7803ced1c50a","imagecount":9,"advertiserName":"Sandyford Motor Centre (Main Opel & Mazda Dealer)","isTrade":true},{"advertId":"31513589355280630","vehicleMake":"Opel","vehicleModel":"Insignia","vehicleDerivative":"SC 2.0 CDTI 160PS ECOFLEX 5DR","vehiclePriceEuro":19950,"vehicleYearOfManufacture":2010,"advertiserCounty":"Cork","isPSL":false,"privatePSL":false,"vehicleImageId":"b120fa4e-0a7d-485a-a563-5b5a34ab2cbe","imagecount":12,"advertiserName":"Nyhan Motors","isTrade":true},{"advertId":"34213606604194650","vehicleMake":"Opel","vehicleModel":"Insignia","vehicleDerivative":"2.0 cdti  160 bhponly 26000 miles  280 tax","vehiclePriceEuro":18995,"vehicleYearOfManufacture":2010,"advertiserCounty":"Wexford","isPSL":false,"privatePSL":false,"vehicleImageId":"e0196737-ce65-4b90-9003-fdc59d1d0b86","imagecount":12,"advertiserName":"Tom Moran & Sons Ltd","isTrade":true},{"advertId":"34313619799660720","vehicleMake":"Opel","vehicleModel":"Insignia","vehicleDerivative":"ELITE 2.0 CDTI 160BHP - MASSIVE SPEC - ONE OWNER - IRISH CAR - FULL HISTORY - ALL TRADE INS WELCOME - FINANCE IN ONE HOUR - CALL ANYTIME ON 087-092 5525","vehiclePriceEuro":18950,"vehicleYearOfManufacture":2010,"advertiserCounty":"Dublin","isPSL":false,"privatePSL":false,"vehicleImageId":"4cf28947-9648-4a97-95d2-681ddc093fea","imagecount":13,"advertiserName":"Leinster Motor Group","isTrade":true},{"advertId":"34213614876624990","vehicleMake":"Opel","vehicleModel":"Insignia","vehicleDerivative":"2.0cdti 130 SE Saloon 4door","vehiclePriceEuro":18950,"vehicleYearOfManufacture":2010,"advertiserCounty":"Dublin","isPSL":false,"privatePSL":false,"vehicleImageId":"811eaffa-50cd-49fd-934d-1b932b9297ca","imagecount":9,"advertiserName":"Sandyford Motor Centre (Main Opel & Mazda Dealer)","isTrade":true},{"advertId":"32913596378701570","vehicleMake":"Opel","vehicleModel":"Insignia","vehicleDerivative":"SC 2.0 CDTi 130 6 PS Sp 4dr","vehiclePriceEuro":18500,"vehicleYearOfManufacture":2010,"advertiserCounty":"Dublin","isPSL":true,"privatePSL":false,"vehicleImageId":"d2e44c0f-fe54-4ad5-8e5d-da63a31fcc80","imagecount":10,"advertiserName":"Gowan Motors Navan Road","isTrade":true},{"advertId":"33413613871621470","vehicleMake":"Opel","vehicleModel":"Insignia","vehicleDerivative":"EXC CDTI EFLEX Estate","vehiclePriceEuro":18450,"vehicleYearOfManufacture":2010,"advertiserCounty":"Limerick","isPSL":true,"privatePSL":false,"vehicleImageId":"77aedf4a-a296-455a-acbc-829aa95541a2","imagecount":18,"advertiserName":"AutoXpress.ie","isTrade":true},{"advertId":"34013607704629760","vehicleMake":"Opel","vehicleModel":"Insignia","vehicleDerivative":"2.0 ELITE 160BHP - NCT JANUARY 2014 - ROAD TAX ONLY €280 - ALL TRADE INS WELCOME - FINANCE APPROVED IN ONE HOUR - CALL FOR MORE INFO ON 01-492 6566","vehiclePriceEuro":17950,"vehicleYearOfManufacture":2010,"advertiserCounty":"Dublin","isPSL":false,"privatePSL":false,"vehicleImageId":"d8d625b5-8483-4a7e-8559-bac146562399","imagecount":16,"advertiserName":"Leinster Motor Group","isTrade":true},{"advertId":"29413461555309040","vehicleMake":"Opel","vehicleModel":"Insignia","vehicleDerivative":"SRI 2.0 CDTI 160P 160PS 5DR","vehiclePriceEuro":17950,"vehicleYearOfManufacture":2010,"advertiserCounty":"Tipperary","isPSL":false,"privatePSL":false,"vehicleImageId":"2be9b51c-decc-4733-b7c9-c444a4e4a7ea","imagecount":8,"advertiserName":"Young's Garage (Roscrea) Ltd. (OPEL Main Dealer)","isTrade":true},{"advertId":"34313609255211470","vehicleMake":"Opel","vehicleModel":"Insignia","vehicleDerivative":"SC 2.0 CDTI 130PS ECO 4DR","vehiclePriceEuro":17900,"vehicleYearOfManufacture":2010,"advertiserCounty":"Mayo","isPSL":false,"privatePSL":false,"vehicleImageId":"39dbb287-8304-422c-8c85-86b64db26e74","imagecount":8,"advertiserName":"Cosgraves Garage Ltd","isTrade":true},{"advertId":"33913606814921920","vehicleMake":"Opel","vehicleModel":"Insignia","vehicleDerivative":"S 2.0 CDTI 130 BHP 4 DR ","vehiclePriceEuro":17900,"vehicleYearOfManufacture":2010,"advertiserCounty":"Cork","isPSL":true,"privatePSL":false,"imagecount":0,"advertiserName":"Johnson & Perrott Motor Group (Douglas Road)","isTrade":true},{"advertId":"201304212137470","vehicleMake":"Opel","vehicleModel":"Insignia","vehicleDerivative":"SE 2.0 CDTI 160PS ECOFLEX 5DR","vehiclePriceEuro":17900,"vehicleYearOfManufacture":2010,"advertiserCounty":"Kildare","isPSL":true,"privatePSL":false,"vehicleImageId":"14290377","imagecount":4,"isTrade":false},{"advertId":"32913600708764640","vehicleMake":"Opel","vehicleModel":"Insignia","vehicleDerivative":"2.0CDTI S MODEL PLUS PACK","vehiclePriceEuro":17200,"vehicleYearOfManufacture":2010,"advertiserCounty":"Dublin","isPSL":false,"privatePSL":false,"vehicleImageId":"6a5c414e-4045-4e61-acb1-bc6ceeef591f","imagecount":10,"advertiserName":"Airside Opel","isTrade":true},{"advertId":"34113618851524200","vehicleMake":"Opel","vehicleModel":"Insignia","vehicleDerivative":"5Dr S 2.0 CDTi - 130PS","vehiclePriceEuro":17200,"vehicleYearOfManufacture":2010,"advertiserCounty":"Dublin","isPSL":false,"privatePSL":false,"imagecount":0,"advertiserName":"Airside Opel","isTrade":true},{"advertId":"33213620741148880","vehicleMake":"Opel","vehicleModel":"Insignia","vehicleDerivative":"2.0 CDTi SE Sports Tourer 160bhp - Trade Ins Welcome / Scrappage Deals Available / Finance Arranged","vehiclePriceEuro":16950,"vehicleYearOfManufacture":2010,"advertiserCounty":"Dublin","isPSL":false,"privatePSL":false,"vehicleImageId":"815715d2-d86e-46c5-bdf7-d6f2ac37e0c1","imagecount":14,"advertiserName":"Naas Road Autos","isTrade":true},{"advertId":"31113587871961030","vehicleMake":"Opel","vehicleModel":"Insignia","vehicleDerivative":"2.0 CDTI EXCLUSIVE 5 DOOR ","vehiclePriceEuro":16950,"vehicleYearOfManufacture":2010,"advertiserCounty":"Monaghan","isPSL":false,"privatePSL":false,"vehicleImageId":"11e8048a-f6d6-4df3-b3bc-60f0f86b1e15","imagecount":10,"advertiserName":"McChesney J and Sons Ltd","isTrade":true},{"advertId":"32013557549115750","vehicleMake":"Opel","vehicleModel":"Insignia","vehicleDerivative":" 2.0 CDTI 130BHP 5dr.","vehiclePriceEuro":16900,"vehicleYearOfManufacture":2010,"advertiserCounty":"Dublin","isPSL":false,"privatePSL":false,"vehicleImageId":"2d0e7f87-e15d-4de5-a71c-2443e8c15e84","imagecount":14,"advertiserName":"Kia Liffey Valley","isTrade":true},{"advertId":"31913588753178360","vehicleMake":"Opel","vehicleModel":"Insignia","vehicleDerivative":"S 2.0 CDTI 130PS ECO 4DR","vehiclePriceEuro":16250,"vehicleYearOfManufacture":2010,"advertiserCounty":"Galway","isPSL":false,"privatePSL":false,"vehicleImageId":"a94129ee-9d99-47b2-ae7e-be2dd66a5b96","imagecount":9,"advertiserName":"J.J. Fleming & Co Ltd","isTrade":true},{"advertId":"201245210884851","vehicleMake":"Opel","vehicleModel":"Insignia","vehicleDerivative":"SC 2.0 CDTI 130PS ECO 4DR","vehiclePriceEuro":16000,"vehicleYearOfManufacture":2010,"advertiserCounty":"Dublin","isPSL":true,"privatePSL":false,"imagecount":0,"isTrade":false},{"advertId":"33413614963504840","vehicleMake":"Opel","vehicleModel":"Insignia","vehicleDerivative":"4Dr 1.8 SRI - From €59.99 Per week","vehiclePriceEuro":16000,"vehicleYearOfManufacture":2010,"advertiserCounty":"Dublin","isPSL":false,"privatePSL":false,"imagecount":0,"advertiserName":"Airside Opel","isTrade":true},{"advertId":"32913614420872360","vehicleMake":"Opel","vehicleModel":"Insignia","vehicleDerivative":"SPORT 2.0 CDTI 130PS ECO 5DR","vehiclePriceEuro":15995,"vehicleYearOfManufacture":2010,"advertiserCounty":"Dublin","isPSL":true,"privatePSL":false,"vehicleImageId":"bf9713fb-2bb5-458f-b666-da3e876fc871","imagecount":6,"advertiserName":"Kenilworth Motors","isTrade":true},{"advertId":"33913620940115500","vehicleMake":"Opel","vehicleModel":"Insignia","vehicleDerivative":"UPGRADED 160BHP SE 2.0 CDTI  ECOFLEX SALOON WITH HUGE SPEC / UPGRADED ELITE ALLOYS / HALF LEATHER INTERIOR / EXTERIOR CHROME PACK / STUNNING CAR ","vehiclePriceEuro":15950,"vehicleYearOfManufacture":2010,"advertiserCounty":"Dublin","isPSL":false,"privatePSL":false,"vehicleImageId":"66a54161-f6c6-48f1-8034-cddf625b7392","imagecount":19,"advertiserName":"Bill Griffin Motors","isTrade":true},{"advertId":"32713591999459110","vehicleMake":"Opel","vehicleModel":"Insignia","vehicleDerivative":"SPORT 2.0 CDTI 130PS ECO 5DR","vehiclePriceEuro":15950,"vehicleYearOfManufacture":2010,"advertiserCounty":"Cork","isPSL":false,"privatePSL":false,"vehicleImageId":"152be267-f303-43ca-bb91-412cb36c6c06","imagecount":11,"advertiserName":"Right Price Cars Cork","isTrade":true},{"advertId":"34013600840438050","vehicleMake":"Opel","vehicleModel":"Insignia","vehicleDerivative":"2.0 SC DIESEL **FINANCE AVAILABLE**","vehiclePriceEuro":15950,"vehicleYearOfManufacture":2010,"advertiserCounty":"Roscommon","isPSL":true,"privatePSL":false,"vehicleImageId":"21a26fbf-da5d-4a2d-b638-f9fc0bb73f8d","imagecount":10,"advertiserName":"Cooney Motors","isTrade":true},{"advertId":"31913560937612260","vehicleMake":"Opel","vehicleModel":"Insignia","vehicleDerivative":"SPORT 2.0 CDTI 130PS ECO 4DR","vehiclePriceEuro":15950,"vehicleYearOfManufacture":2010,"advertiserCounty":"Cork","isPSL":false,"privatePSL":false,"vehicleImageId":"012a13cf-4c02-4fd3-8176-c802f7aae41c","imagecount":9,"advertiserName":"Right Price Cars Cork","isTrade":true},{"advertId":"32913606883878580","vehicleMake":"Opel","vehicleModel":"Insignia","vehicleDerivative":"SPORT 2.0 CDTI 130PS ECO--DIESEL--","vehiclePriceEuro":15950,"vehicleYearOfManufacture":2010,"advertiserCounty":"Dublin","isPSL":true,"privatePSL":false,"vehicleImageId":"89fb41af-b3cf-412b-9c3b-c77a938124d3","imagecount":9,"advertiserName":"Right Price Cars (Prussia Street)","isTrade":true},{"advertId":"31813572989029630","vehicleMake":"Opel","vehicleModel":"Insignia","vehicleDerivative":"SAT NAV 2.0 CDTI 160PS ECOFLEX 5DR","vehiclePriceEuro":15950,"vehicleYearOfManufacture":2010,"advertiserCounty":"Meath","isPSL":false,"privatePSL":false,"vehicleImageId":"0cc34d67-a2b3-4eb2-9d29-53812c9eb7c8","imagecount":10,"advertiserName":"M3 Car Sales Ltd","isTrade":true},{"advertId":"31413582028862920","vehicleMake":"Opel","vehicleModel":"Insignia","vehicleDerivative":"2.0 CDTI 130BHP EXCLUSIVE","vehiclePriceEuro":15750,"vehicleYearOfManufacture":2010,"advertiserCounty":"Laois","isPSL":false,"privatePSL":false,"vehicleImageId":"ff4931ce-88e9-46f5-acdc-890784e2d0cf","imagecount":10,"advertiserName":"Noel Whelan Car Sales","isTrade":true},{"advertId":"30913470089977750","vehicleMake":"Opel","vehicleModel":"Insignia","vehicleDerivative":"SPORT 2.0 CDTI 130PS 4DR","vehiclePriceEuro":15650,"vehicleYearOfManufacture":2010,"advertiserCounty":"Dublin","isPSL":false,"privatePSL":false,"vehicleImageId":"e2400664-393b-4d4b-91f2-cd86ee315d79","imagecount":10,"advertiserName":"Autocity","isTrade":true},{"advertId":"33213622836119530","vehicleMake":"Opel","vehicleModel":"Insignia","vehicleDerivative":"SRI 2.0 CDTI..TOP SPEC ..BIG POWER LOW TAX .","vehiclePriceEuro":15450,"vehicleYearOfManufacture":2010,"advertiserCounty":"Dublin","isPSL":false,"privatePSL":false,"vehicleImageId":"defbc5c8-5904-496f-944d-392dd90ab027","imagecount":10,"advertiserName":"N 4 Autopoint","isTrade":true},{"advertId":"34313606031720000","vehicleMake":"Opel","vehicleModel":"Insignia","vehicleDerivative":"*****SOLD***SOLD*** 2.0 CDTI--DIESEL--","vehiclePriceEuro":15450,"vehicleYearOfManufacture":2010,"advertiserCounty":"Dublin","isPSL":true,"privatePSL":false,"vehicleImageId":"4f99b803-25b1-490e-96ab-fa9fc73bcf07","imagecount":9,"advertiserName":"Right Price Cars (Prussia Street)","isTrade":true},{"advertId":"33413618942476480","vehicleMake":"Opel","vehicleModel":"Insignia","vehicleDerivative":"SPORT 2.0 CDTI--STUNNING VEHICLE--DIESEL","vehiclePriceEuro":15450,"vehicleYearOfManufacture":2010,"advertiserCounty":"Dublin","isPSL":true,"privatePSL":false,"vehicleImageId":"b7caef72-5d16-4eb1-8014-9ec2a7a8aabb","imagecount":9,"advertiserName":"Right Price Cars (Prussia Street)","isTrade":true},{"advertId":"34313618084933090","vehicleMake":"Opel","vehicleModel":"Insignia","vehicleDerivative":"SPORT 2.0 CDTI--STUNNING VEHICLE--DIESEL--","vehiclePriceEuro":15450,"vehicleYearOfManufacture":2010,"advertiserCounty":"Dublin","isPSL":true,"privatePSL":false,"vehicleImageId":"b5e166c3-83e9-4d40-8f21-e35c05dbdae5","imagecount":9,"advertiserName":"Right Price Cars (Prussia Street)","isTrade":true},{"advertId":"34213618719109400","vehicleMake":"Opel","vehicleModel":"Insignia","vehicleDerivative":"SPORT 2.0 CDTI --LOW TAX--","vehiclePriceEuro":15450,"vehicleYearOfManufacture":2010,"advertiserCounty":"Dublin","isPSL":true,"privatePSL":false,"vehicleImageId":"18662213-3a52-4dd7-ae3f-a688a4e518a4","imagecount":8,"advertiserName":"Right Price Cars Airport","isTrade":true},{"advertId":"33913624032673790","vehicleMake":"Opel","vehicleModel":"Insignia","vehicleDerivative":"SPORT 2.0 CDTI --OUTSTANDING VALUE--","vehiclePriceEuro":15450,"vehicleYearOfManufacture":2010,"advertiserCounty":"Dublin","isPSL":true,"privatePSL":false,"vehicleImageId":"4b1eff0d-7324-446e-b3b9-b54fe816b5de","imagecount":9,"advertiserName":"Right Price Cars (Prussia Street)","isTrade":true},{"advertId":"31713591140899760","vehicleMake":"Opel","vehicleModel":"Insignia","vehicleDerivative":"SPORT 2.0 CDTI 130PS ECO 5DR","vehiclePriceEuro":15450,"vehicleYearOfManufacture":2010,"advertiserCounty":"Cork","isPSL":true,"privatePSL":false,"vehicleImageId":"e2b33403-da34-4e8e-8519-152a6adf0c94","imagecount":7,"advertiserName":"Kiely's Car Sales","isTrade":true},{"advertId":"31913598991720070","vehicleMake":"Opel","vehicleModel":"Insignia","vehicleDerivative":"SPORT 2.0 CDTI 130 Bhp --low road tax--","vehiclePriceEuro":15450,"vehicleYearOfManufacture":2010,"advertiserCounty":"Dublin","isPSL":true,"privatePSL":false,"vehicleImageId":"4e205c8f-e6c0-4ce8-a5e5-2d237d1c7d9a","imagecount":10,"advertiserName":"Right Price Cars Airport","isTrade":true},{"advertId":"34413615600137880","vehicleMake":"Opel","vehicleModel":"Insignia","vehicleDerivative":"SPORT 2.0 CDTI --€260 ROAD TAX--NCT JULY 2014--","vehiclePriceEuro":15450,"vehicleYearOfManufacture":2010,"advertiserCounty":"Dublin","isPSL":true,"privatePSL":false,"vehicleImageId":"35a0b3ba-2962-4276-b0e2-f29bc644f10e","imagecount":10,"advertiserName":"Right Price Cars Airport","isTrade":true},{"advertId":"31813572953657620","vehicleMake":"Opel","vehicleModel":"Insignia","vehicleDerivative":"SPORT 2.0 CDTI 130PS ECO 4DR","vehiclePriceEuro":15450,"vehicleYearOfManufacture":2010,"advertiserCounty":"Dublin","isPSL":true,"privatePSL":false,"vehicleImageId":"65e39a71-03d8-4c67-a665-c71574ac54a5","imagecount":9,"advertiserName":"Right Price Cars (Prussia Street)","isTrade":true},{"advertId":"32113542953354940","vehicleMake":"Opel","vehicleModel":"Insignia","vehicleDerivative":"SPORT 2.0 CDTI 130PS ECO 5DR","vehiclePriceEuro":15250,"vehicleYearOfManufacture":2010,"advertiserCounty":"Westmeath","isPSL":false,"privatePSL":false,"vehicleImageId":"7ea65695-0cf6-435d-8ce8-20711a937fcf","imagecount":8,"advertiserName":"Donal Murtagh Cars","isTrade":true},{"advertId":"201245210872987","vehicleMake":"Opel","vehicleModel":"Insignia","vehicleDerivative":"SE 2.0 CDTI 160PS ECOFLEX 4DR","vehiclePriceEuro":15000,"vehicleYearOfManufacture":2010,"advertiserCounty":"Cork","isPSL":true,"privatePSL":false,"vehicleImageId":"14109655","imagecount":2,"isTrade":false},{"advertId":"34013613856323550","vehicleMake":"Opel","vehicleModel":"Insignia","vehicleDerivative":"2.0 CDTi ECO FLEX","vehiclePriceEuro":14995,"vehicleYearOfManufacture":2010,"advertiserCounty":"Limerick","isPSL":true,"privatePSL":false,"vehicleImageId":"3b2a3620-3eab-4e81-b238-1bf044603310","imagecount":18,"advertiserName":"AutoXpress.ie","isTrade":true},{"advertId":"31913591992974660","vehicleMake":"Opel","vehicleModel":"Insignia","vehicleDerivative":"SC","vehiclePriceEuro":14950,"vehicleYearOfManufacture":2010,"advertiserCounty":"Wexford","isPSL":false,"privatePSL":false,"vehicleImageId":"43506df1-5219-4895-b723-4ec081a28767","imagecount":7,"advertiserName":"Ferrybank Motors","isTrade":true},{"advertId":"34013622233163120","vehicleMake":"Opel","vehicleModel":"Insignia","vehicleDerivative":"SE 2.0 CDTI 130PS ECO 5DR","vehiclePriceEuro":14950,"vehicleYearOfManufacture":2010,"advertiserCounty":"Dublin","isPSL":false,"privatePSL":false,"imagecount":0,"advertiserName":"Pat White Cars","isTrade":true},{"advertId":"34013610125931090","vehicleMake":"Opel","vehicleModel":"Insignia","vehicleDerivative":"SPORT 2.0 CDTI 130PS ECO 4DR","vehiclePriceEuro":14950,"vehicleYearOfManufacture":2010,"advertiserCounty":"Waterford","isPSL":true,"privatePSL":false,"vehicleImageId":"829ec009-8a10-4e08-945a-6b84e4b482f3","imagecount":4,"advertiserName":"Sheridan Waterford","isTrade":true},{"advertId":"26213425174151850","vehicleMake":"Opel","vehicleModel":"Insignia","vehicleDerivative":"2.0 CDTI 6 SPEED 130 BHP ECO *ALLOYS+FOGS+A/C+CRUISE* *€280 TAX*  ","vehiclePriceEuro":14900,"vehicleYearOfManufacture":2010,"advertiserCounty":"Galway","isPSL":false,"privatePSL":false,"vehicleImageId":"5266c548-9c65-4590-b588-d0db4c4011e8","imagecount":13,"advertiserName":"Oliver Geoghegan Car Sales","isTrade":true},{"advertId":"30113455389440590","vehicleMake":"Opel","vehicleModel":"Insignia","vehicleDerivative":"SPORT 2.0 CDTI 130 BHP ECO - FINANCE AVAILABLE / €225 TAX / F.S.H / CALL 086-8055412 ANYTIME. ","vehiclePriceEuro":14750,"vehicleYearOfManufacture":2010,"advertiserCounty":"Dublin","isPSL":false,"privatePSL":false,"vehicleImageId":"29d30fb6-2031-475b-9fe0-9ee06817821e","imagecount":20,"advertiserName":"Bill Griffin Motors","isTrade":true},{"advertId":"201201211707284","vehicleMake":"Opel","vehicleModel":"Insignia","vehicleDerivative":"SC 2.0 CDTI 160PS 5DR","vehiclePriceEuro":14745,"vehicleYearOfManufacture":2010,"advertiserCounty":"Galway","isPSL":true,"privatePSL":false,"vehicleImageId":"14169114","imagecount":5,"isTrade":false},{"advertId":"32913598983498490","vehicleMake":"Opel","vehicleModel":"Insignia","vehicleDerivative":"SPORT 2.0 CDTI -EXCELLENT-VALUE-","vehiclePriceEuro":14450,"vehicleYearOfManufacture":2010,"advertiserCounty":"Dublin","isPSL":true,"privatePSL":false,"vehicleImageId":"aede06b4-0888-45a7-af53-83b73c58ced2","imagecount":10,"advertiserName":"Right Price Cars Airport","isTrade":true},{"advertId":"34213611848511740","vehicleMake":"Opel","vehicleModel":"Insignia","vehicleDerivative":"S 1.8I 16V 5DR","vehiclePriceEuro":13995,"vehicleYearOfManufacture":2010,"advertiserCounty":"Dublin","isPSL":true,"privatePSL":false,"vehicleImageId":"81213080-1591-4ade-b645-c8d3e84f94f4","imagecount":7,"advertiserName":"Kenilworth Motors","isTrade":true},{"advertId":"34313607020110480","vehicleMake":"Opel","vehicleModel":"Insignia","vehicleDerivative":"SE 2.0 CDTI 160PS ECOFLEX 5DR","vehiclePriceEuro":13950,"vehicleYearOfManufacture":2010,"advertiserCounty":"Dublin","isPSL":false,"privatePSL":false,"vehicleImageId":"3715798b-1ba3-4378-a7ce-e6d89c0bc779","imagecount":12,"advertiserName":"Blanchardstown 4x4","isTrade":true},{"advertId":"34013606901162990","vehicleMake":"Opel","vehicleModel":"Insignia","vehicleDerivative":"ECO-FLEX 2.0 CDTI 130 BHP  - CRUISE CONTROL AND UPGRADED BLUETOOTH SYSTEM / FULL COMPREHENSIVE SERVICE HISTORY / FINANCE AVAILABLE / CALL 086-8055412 ANYTIME ","vehiclePriceEuro":13800,"vehicleYearOfManufacture":2010,"advertiserCounty":"Dublin","isPSL":false,"privatePSL":false,"vehicleImageId":"abb91792-f750-4391-a62a-e3f83708bbc3","imagecount":16,"advertiserName":"Bill Griffin Motors","isTrade":true},{"advertId":"34013615459917390","vehicleMake":"Opel","vehicleModel":"Insignia","vehicleDerivative":"2.0 CDTI EXCLUSIVE 5DR","vehiclePriceEuro":13750,"vehicleYearOfManufacture":2010,"advertiserCounty":"Kerry","isPSL":false,"privatePSL":false,"vehicleImageId":"a646ff0e-2d80-40b6-8e5b-b179c5628503","imagecount":10,"advertiserName":"Des Murphy Car Sales","isTrade":true},{"advertId":"33413616192646600","vehicleMake":"Opel","vehicleModel":"Insignia","vehicleDerivative":"SE 2.0 CDTI 160PS ECOFLEX 5DR","vehiclePriceEuro":13500,"vehicleYearOfManufacture":2010,"advertiserCounty":"Cork","isPSL":true,"privatePSL":false,"vehicleImageId":"2515a0a6-2f3a-424f-8dfa-62b949e3ad98","imagecount":4,"advertiserName":"Greenhall Motors","isTrade":true},{"advertId":"34213623970705680","vehicleMake":"Opel","vehicleModel":"Insignia","vehicleDerivative":"ELITE 2.0 CDTI 160PS ECOFLEX 5DR","vehiclePriceEuro":0,"vehicleYearOfManufacture":2010,"advertiserCounty":"Cork","isPSL":true,"privatePSL":false,"vehicleImageId":"17c89635-ad96-45a8-83d0-34be50714c29","imagecount":1,"advertiserName":"Kevin O'Leary Group Silversprings","isTrade":true},{"advertId":"33213612886536170","vehicleMake":"Opel","vehicleModel":"Insignia","vehicleDerivative":"5dr S 2.0CDTi 130PS Ecoflex","vehiclePriceEuro":0,"vehicleYearOfManufacture":2010,"advertiserCounty":"Cork","isPSL":true,"privatePSL":false,"vehicleImageId":"77b4e390-d90d-4d38-a365-1581ff37f6f8","imagecount":10,"advertiserName":"Kevin O'Leary Group Bandon","isTrade":true},{"advertId":"33913612869210920","vehicleMake":"Opel","vehicleModel":"Insignia","vehicleDerivative":"5dr S 2.0CDTi 130PS Ecoflex","vehiclePriceEuro":0,"vehicleYearOfManufacture":2010,"advertiserCounty":"Cork","isPSL":true,"privatePSL":false,"vehicleImageId":"4d2476c3-c63b-4c97-a3d2-c4a130de39c9","imagecount":10,"advertiserName":"Kevin O'Leary Group Bandon","isTrade":true},{"advertId":"32713592032341770","vehicleMake":"Opel","vehicleModel":"Insignia","vehicleDerivative":"SE 2.0 CDTI 130PS 5DR","vehiclePriceEuro":0,"vehicleYearOfManufacture":2010,"advertiserCounty":"Wexford","isPSL":false,"privatePSL":false,"vehicleImageId":"db5f18fa-5b37-409e-a389-5de9e68b4003","imagecount":8,"advertiserName":"Ferrybank Motors","isTrade":true},{"advertId":"31713583322322200","vehicleMake":"Opel","vehicleModel":"Insignia","vehicleDerivative":"SC 2.0 CDTI 160PS 4DR","vehiclePriceEuro":0,"vehicleYearOfManufacture":2010,"advertiserCounty":"Louth","isPSL":false,"privatePSL":false,"vehicleImageId":"da798bd6-4d80-43e5-86e7-d4c7c9bf5f93","imagecount":7,"advertiserName":"Drogheda Car Sales Ltd","isTrade":true},{"advertId":"33213608394910810","vehicleMake":"Opel","vehicleModel":"Insignia","vehicleDerivative":"ELITE 2.0 CDTI 160PS 5DR AUTO","vehiclePriceEuro":0,"vehicleYearOfManufacture":2010,"advertiserCounty":"Cork","isPSL":true,"privatePSL":false,"vehicleImageId":"04322f1a-0d15-4ccc-b987-2883c3c6a819","imagecount":1,"advertiserName":"Kevin O'Leary Group Silversprings","isTrade":true},{"advertId":"34213619803670950","vehicleMake":"Opel","vehicleModel":"Insignia","vehicleDerivative":"SPORT 2.0 CDTI 130PS ECO 4DR","vehiclePriceEuro":0,"vehicleYearOfManufacture":2010,"advertiserCounty":"Louth","isPSL":false,"privatePSL":false,"vehicleImageId":"9d1dd8f4-e430-47af-9652-d8fe84fed081","imagecount":12,"advertiserName":"Drogheda Car Sales Ltd","isTrade":true},{"advertId":"33213619817030520","vehicleMake":"Opel","vehicleModel":"Insignia","vehicleDerivative":"SPORT 2.0 CDTI 130PS ECO 4DR","vehiclePriceEuro":0,"vehicleYearOfManufacture":2010,"advertiserCounty":"Monaghan","isPSL":false,"privatePSL":false,"vehicleImageId":"74fd319b-770c-4b53-97d8-afad0b30c30e","imagecount":12,"advertiserName":"Doran Motors Ltd","isTrade":true},{"advertId":"32113510142282070","vehicleMake":"Opel","vehicleModel":"Insignia","vehicleDerivative":"2.0 CDTI EXCLUSIVE. 160BHP AUTOMATIC 04DR","vehiclePriceEuro":0,"vehicleYearOfManufacture":2010,"advertiserCounty":"Donegal","isPSL":false,"privatePSL":false,"vehicleImageId":"8f70797f-e943-4450-b10b-b58b93a956e4","imagecount":6,"advertiserName":"Colm Dillon Cars","isTrade":true},{"advertId":"31413547259692040","vehicleMake":"Opel","vehicleModel":"Insignia","vehicleDerivative":"SE 2.0 CDTI 160 BHP 5DR LIFTBACK","vehiclePriceEuro":17950,"vehicleYearOfManufacture":2009,"advertiserCounty":"Meath","isPSL":true,"privatePSL":false,"vehicleImageId":"2707e252-8700-466c-906d-7a61c12ada87","imagecount":7,"advertiserName":"Tadg Riordan Motors Limited","isTrade":true},{"advertId":"31713517013927990","vehicleMake":"Opel","vehicleModel":"Insignia","vehicleDerivative":"2.0CDTI SE AUTO","vehiclePriceEuro":17500,"vehicleYearOfManufacture":2009,"advertiserCounty":"Sligo","isPSL":false,"privatePSL":false,"vehicleImageId":"51776779-2e3b-49ef-abfd-933c55788c38","imagecount":7,"advertiserName":"McCormack Car Sales (Sligo)","isTrade":true},{"advertId":"31913585501059250","vehicleMake":"Opel","vehicleModel":"Insignia","vehicleDerivative":"SE 2.0 T/DSL 130HP","vehiclePriceEuro":16750,"vehicleYearOfManufacture":2009,"advertiserCounty":"Kilkenny","isPSL":false,"privatePSL":false,"vehicleImageId":"818268da-7283-4ad1-8236-e41eed37f13e","imagecount":6,"advertiserName":"Young Motors","isTrade":true},{"advertId":"33413620879070620","vehicleMake":"Opel","vehicleModel":"Insignia","vehicleDerivative":"SE 2.0 CDTI 160P 160PS 5DR","vehiclePriceEuro":16750,"vehicleYearOfManufacture":2009,"advertiserCounty":"Tipperary","isPSL":false,"privatePSL":false,"vehicleImageId":"cf89ca5f-75f8-48ed-bbf8-d17fb869a5f6","imagecount":15,"advertiserName":"Horse & Jockey Car Sales","isTrade":true},{"advertId":"31513590205419580","vehicleMake":"Opel","vehicleModel":"Insignia","vehicleDerivative":"SRI 2.0 CDTI 130PS","vehiclePriceEuro":16550,"vehicleYearOfManufacture":2009,"advertiserCounty":"Sligo","isPSL":false,"privatePSL":false,"imagecount":0,"advertiserName":"McCormack Car Sales (Sligo)","isTrade":true},{"advertId":"34413620527385270","vehicleMake":"Opel","vehicleModel":"Insignia","vehicleDerivative":"SE 2.0 CDTI 160P 160PS 4DR","vehiclePriceEuro":16395,"vehicleYearOfManufacture":2009,"advertiserCounty":"Dublin","isPSL":true,"privatePSL":false,"vehicleImageId":"8e90b742-8bd7-4660-8461-3c26cf8114f1","imagecount":1,"advertiserName":"Kenilworth Motors","isTrade":true},{"advertId":"34113614518916270","vehicleMake":"Opel","vehicleModel":"Insignia","vehicleDerivative":"SE 160 bhp ","vehiclePriceEuro":15995,"vehicleYearOfManufacture":2009,"advertiserCounty":"Wexford","isPSL":false,"privatePSL":false,"vehicleImageId":"e87d42ab-e219-4cba-9895-dddc2de0a598","imagecount":9,"advertiserName":"Donohoe Mercedes Benz","isTrade":true},{"advertId":"31713588476637600","vehicleMake":"Opel","vehicleModel":"Insignia","vehicleDerivative":"Elite 2.0 CDTi 160 BHP ","vehiclePriceEuro":15950,"vehicleYearOfManufacture":2009,"advertiserCounty":"Westmeath","isPSL":false,"privatePSL":false,"vehicleImageId":"e4587032-ffc3-4ed9-a1c0-79021ceff195","imagecount":12,"advertiserName":"Keenan Bauer Motors","isTrade":true},{"advertId":"6613382133794650","vehicleMake":"Opel","vehicleModel":"Insignia","vehicleDerivative":"SC 2.0 CDTI 130PS","vehiclePriceEuro":15950,"vehicleYearOfManufacture":2009,"advertiserCounty":"Wexford","isPSL":false,"privatePSL":false,"vehicleImageId":"c1315985-b0a8-40b8-82d5-c618e748154e","imagecount":10,"advertiserName":"Ferrybank Motors","isTrade":true},{"advertId":"34013600842298430","vehicleMake":"Opel","vehicleModel":"Insignia","vehicleDerivative":"SC 2.0 CDTI 130PS","vehiclePriceEuro":15950,"vehicleYearOfManufacture":2009,"advertiserCounty":"Wexford","isPSL":false,"privatePSL":false,"vehicleImageId":"b7ca51c7-fd7d-474b-a08a-87d936e3eaff","imagecount":8,"advertiserName":"Ferrybank Motors","isTrade":true},{"advertId":"6813372441506180","vehicleMake":"Opel","vehicleModel":"Insignia","vehicleDerivative":"S 2.0 CDTI 130PS HATCHBACK ","vehiclePriceEuro":15900,"vehicleYearOfManufacture":2009,"advertiserCounty":"Mayo","isPSL":false,"privatePSL":false,"vehicleImageId":"a5548c25-42dd-466d-9561-8b86eb063db7","imagecount":7,"advertiserName":"Cosgraves Garage Ltd","isTrade":true},{"advertId":"31913597190466720","vehicleMake":"Opel","vehicleModel":"Insignia","vehicleDerivative":"ELITE 2.0 CDTI 16 160PS *MICHAEL DAFFY CAR SALES*","vehiclePriceEuro":14950,"vehicleYearOfManufacture":2009,"advertiserCounty":"Limerick","isPSL":false,"privatePSL":false,"vehicleImageId":"03b6660e-3c65-47c8-b7cf-ee2e51f3c4da","imagecount":9,"advertiserName":"Michael Daffy Quality Car Sales","isTrade":true},{"advertId":"32913606716643240","vehicleMake":"Opel","vehicleModel":"Insignia","vehicleDerivative":"2.0 SE LEATHER - NCT SEPTEMBER 2015 - ROAD TAX €390 - ALL TRADE INS WELCOME - FINANCE APPROVED IN ONE HOUR - CALL ANYTIME ON 087-092 5525 ","vehiclePriceEuro":14950,"vehicleYearOfManufacture":2009,"advertiserCounty":"Dublin","isPSL":false,"privatePSL":false,"vehicleImageId":"fdeb621c-f870-4e6e-8f48-dcea164c50ea","imagecount":13,"advertiserName":"Leinster Motor Group","isTrade":true},{"advertId":"34413623908281870","vehicleMake":"Opel","vehicleModel":"Insignia","vehicleDerivative":"SC 2.0 CDTI 130PS 5DR","vehiclePriceEuro":14950,"vehicleYearOfManufacture":2009,"advertiserCounty":"Cork","isPSL":false,"privatePSL":false,"imagecount":0,"advertiserName":"Nyhan Motors","isTrade":true},{"advertId":"33213618031369180","vehicleMake":"Opel","vehicleModel":"Insignia","vehicleDerivative":"SC 2.0 CDTI 160PS 4DR","vehiclePriceEuro":14950,"vehicleYearOfManufacture":2009,"advertiserCounty":"Waterford","isPSL":true,"privatePSL":false,"imagecount":0,"advertiserName":"Sheridan Waterford","isTrade":true},{"advertId":"201309212698377","vehicleMake":"Opel","vehicleModel":"Insignia","vehicleDerivative":"ELITE 2.0 CDTI 16 160PS","vehiclePriceEuro":14950,"vehicleYearOfManufacture":2009,"advertiserCounty":"Dublin","isPSL":true,"privatePSL":false,"vehicleImageId":"14380033","imagecount":7,"isTrade":false},{"advertId":"32713594528159550","vehicleMake":"Opel","vehicleModel":"Insignia","vehicleDerivative":"2.0 CDTi 160PS Exclusive 4dr","vehiclePriceEuro":14900,"vehicleYearOfManufacture":2009,"advertiserCounty":"Kildare","isPSL":false,"privatePSL":false,"imagecount":0,"advertiserName":"M. A. Finlay & Sons","isTrade":true},{"advertId":"33213608614153670","vehicleMake":"Opel","vehicleModel":"Insignia","vehicleDerivative":"SRI CDTI 160bhp","vehiclePriceEuro":14500,"vehicleYearOfManufacture":2009,"advertiserCounty":"Kildare","isPSL":false,"privatePSL":false,"vehicleImageId":"fbcfc4c1-3365-4da2-8a17-4c1bcb0669c0","imagecount":8,"advertiserName":"Autoline Car Sales","isTrade":true},{"advertId":"34113609319390950","vehicleMake":"Opel","vehicleModel":"Insignia","vehicleDerivative":"SE 2.0 CDTI 160P 160PS-NEW NCT AUGUST 2015-ROAD TAX €390 PER YEAR- ALL TRADE INS WELCOME -FINANCE ARRANGED IN ONE HOUR-CALL ANYTIME 087-092-5525 ","vehiclePriceEuro":14450,"vehicleYearOfManufacture":2009,"advertiserCounty":"Dublin","isPSL":false,"privatePSL":false,"vehicleImageId":"1124fe82-fb75-4f8e-b338-50aa2775de08","imagecount":17,"advertiserName":"Leinster Motor Group","isTrade":true},{"advertId":"6413376879294310","vehicleMake":"Opel","vehicleModel":"Insignia","vehicleDerivative":"2.0 CDTI *TP Waters*","vehiclePriceEuro":14250,"vehicleYearOfManufacture":2009,"advertiserCounty":"Kildare","isPSL":true,"privatePSL":false,"vehicleImageId":"b929487b-16ac-4075-a92b-5ecc2fcfa373","imagecount":9,"advertiserName":"T.P. Waters","isTrade":true},{"advertId":"34113600708769120","vehicleMake":"Opel","vehicleModel":"Insignia","vehicleDerivative":"5Dr SC 1.6 - From €49.99 Per Week","vehiclePriceEuro":14200,"vehicleYearOfManufacture":2009,"advertiserCounty":"Dublin","isPSL":false,"privatePSL":false,"vehicleImageId":"0bb45ed4-c1ab-4a2c-8a78-3b3538d1c75b","imagecount":7,"advertiserName":"Airside Opel","isTrade":true},{"advertId":"31413593889843740","vehicleMake":"Opel","vehicleModel":"Insignia","vehicleDerivative":"SPORT 2.0 CDTI 130PS 5DR","vehiclePriceEuro":13950,"vehicleYearOfManufacture":2009,"advertiserCounty":"Dublin","isPSL":false,"privatePSL":false,"vehicleImageId":"197f4034-093c-4d42-b7fd-e47bf6e701fe","imagecount":8,"advertiserName":"Pat White Cars","isTrade":true},{"advertId":"33213619823474500","vehicleMake":"Opel","vehicleModel":"Insignia","vehicleDerivative":"SPORT 2.0 CDTI 130PS 5DR","vehiclePriceEuro":13950,"vehicleYearOfManufacture":2009,"advertiserCounty":"Waterford","isPSL":true,"privatePSL":false,"vehicleImageId":"37b5f99a-4bd0-40a5-b7a3-803b172b3e16","imagecount":4,"advertiserName":"Sheridan Waterford","isTrade":true},{"advertId":"32713593873622960","vehicleMake":"Opel","vehicleModel":"Insignia","vehicleDerivative":"ELITE 2.0 CDI 160 CDTI 160PS 5DR","vehiclePriceEuro":13500,"vehicleYearOfManufacture":2009,"advertiserCounty":"Dublin","isPSL":false,"privatePSL":false,"vehicleImageId":"421d32c6-fc6d-41d4-bcde-2854f80b1679","imagecount":9,"advertiserName":"Glasnevin Motor Group","isTrade":true},{"advertId":"31513588799272340","vehicleMake":"Opel","vehicleModel":"Insignia","vehicleDerivative":"SC 2.0 CDTI 130PS 5DR","vehiclePriceEuro":13500,"vehicleYearOfManufacture":2009,"advertiserCounty":"Cavan","isPSL":false,"privatePSL":false,"vehicleImageId":"bb642e9f-112c-49c8-9fb9-8d7778a631a9","imagecount":12,"advertiserName":"Moynehall Car Sales","isTrade":true},{"advertId":"201251211471190","vehicleMake":"Opel","vehicleModel":"Insignia","vehicleDerivative":"SC 2.0 CDTI 130PS 5DR","vehiclePriceEuro":13000,"vehicleYearOfManufacture":2009,"advertiserCounty":"Dublin","isPSL":true,"privatePSL":false,"vehicleImageId":"13268151","imagecount":3,"isTrade":false},{"advertId":"34113600840519600","vehicleMake":"Opel","vehicleModel":"Insignia","vehicleDerivative":"1.6 4dr SE","vehiclePriceEuro":12995,"vehicleYearOfManufacture":2009,"advertiserCounty":"Dublin","isPSL":false,"privatePSL":false,"vehicleImageId":"8825f168-a9b6-44ee-80d0-755531fb1062","imagecount":9,"advertiserName":"Windsor Liffey Valley","isTrade":true}],"totalAdvertCount":45174}