{"adverts":[{"advertId":"33913609261394370","vehicleMake":"Ford","vehicleModel":"Focus","vehicleDerivative":"NT ZETEC 1.6 100PS 4DR","vehiclePriceEuro":9950,"vehicleYearOfManufacture":2009,"advertiserCounty":"Kilkenny","isPSL":false,"privatePSL":false,"vehicleImageId":"603d5d80-edd9-437a-8f64-3f0dc8623ef7","imagecount":19,"advertiserName":"Michael Lyng Motors Ltd.","isTrade":true},{"advertId":"34413624023557830","vehicleMake":"Ford","vehicleModel":"Focus","vehicleDerivative":"FOCUS STYLE 1.4 80PS 5SP","vehiclePriceEuro":9950,"vehicleYearOfManufacture":2009,"advertiserCounty":"Dublin","isPSL":false,"privatePSL":false,"vehicleImageId":"2b685840-9423-449f-8333-5d91dce8cbb8","imagecount":10,"advertiserName":"Kingstown Motors","isTrade":true},{"advertId":"34413617876281480","vehicleMake":"Ford","vehicleModel":"Focus","vehicleDerivative":"STYLE 1.6 TDCI SPORT WAGON(DIESEL - ESTATE)","vehiclePriceEuro":9945,"vehicleYearOfManufacture":2009,"advertiserCounty":"Dublin","isPSL":false,"privatePSL":false,"vehicleImageId":"225e03c7-946e-4387-aeb0-f361bd818a7f","imagecount":9,"advertiserName":"Manorfield Cars Ltd Trade Connection","isTrade":true},{"advertId":"34213599815358560","vehicleMake":"Ford","vehicleModel":"Focus","vehicleDerivative":"Zetec Diesel","vehiclePriceEuro":9900,"vehicleYearOfManufacture":2009,"advertiserCounty":"Kildare","isPSL":false,"privatePSL":false,"vehicleImageId":"dc2c055f-3de0-4f45-acba-a49da1b97322","imagecount":11,"advertiserName":"Dermot Kelly Ltd","isTrade":true},{"advertId":"6613366513625190","vehicleMake":"Ford","vehicleModel":"Focus","vehicleDerivative":"1.8 tdci ESTATE               \"PRICE DROP\"","vehiclePriceEuro":9900,"vehicleYearOfManufacture":2009,"advertiserCounty":"Dublin","isPSL":true,"privatePSL":false,"vehicleImageId":"a737fb09-9460-4c15-8b3e-a610a3b70959","imagecount":8,"advertiserName":"Castle Motors Swords","isTrade":true},{"advertId":"31213487563244560","vehicleMake":"Ford","vehicleModel":"Focus","vehicleDerivative":"ZETEC 1.4 80PS 3DR STYLE","vehiclePriceEuro":9900,"vehicleYearOfManufacture":2009,"advertiserCounty":"Limerick","isPSL":true,"privatePSL":false,"vehicleImageId":"a049e4e3-7bdd-4ea1-a2b3-db812f76e434","imagecount":9,"advertiserName":"Dan Dooley Ford Centre","isTrade":true},{"advertId":"31513554954490880","vehicleMake":"Ford","vehicleModel":"Focus","vehicleDerivative":"Style","vehiclePriceEuro":9850,"vehicleYearOfManufacture":2009,"advertiserCounty":"Roscommon","isPSL":false,"privatePSL":false,"vehicleImageId":"c3348b96-678f-44a9-8ac4-c154c89e03ec","imagecount":7,"advertiserName":"Go Direct","isTrade":true},{"advertId":"34213600685557220","vehicleMake":"Ford","vehicleModel":"Focus","vehicleDerivative":"STYLE 1.8 TDCI 115PS 5DR 5SPEED","vehiclePriceEuro":9750,"vehicleYearOfManufacture":2009,"advertiserCounty":"Kilkenny","isPSL":false,"privatePSL":false,"vehicleImageId":"38686545-4db6-4980-ac76-801f9f8af35d","imagecount":20,"advertiserName":"Michael Lyng Motors Ltd.","isTrade":true},{"advertId":"34013600569894450","vehicleMake":"Ford","vehicleModel":"Focus","vehicleDerivative":"09 1.6 TDCI STYLE H BACK","vehiclePriceEuro":9750,"vehicleYearOfManufacture":2009,"advertiserCounty":"Galway","isPSL":false,"privatePSL":false,"vehicleImageId":"fed1da49-dc04-4a99-bd95-3a2666e2b362","imagecount":9,"advertiserName":"Shiel Motors Ltd","isTrade":true},{"advertId":"31513586011726880","vehicleMake":"Ford","vehicleModel":"Focus","vehicleDerivative":"STYLE 1.6 100PS WAGON PET 4SPEED","vehiclePriceEuro":9750,"vehicleYearOfManufacture":2009,"advertiserCounty":"Clare","isPSL":false,"privatePSL":false,"vehicleImageId":"e32fa457-9939-4f0b-a2f4-e8d6615c9309","imagecount":11,"advertiserName":"Sheils of Ennis","isTrade":true},{"advertId":"31813582047671970","vehicleMake":"Ford","vehicleModel":"Focus","vehicleDerivative":"1.4 LX 5DR","vehiclePriceEuro":9750,"vehicleYearOfManufacture":2009,"advertiserCounty":"Laois","isPSL":false,"privatePSL":false,"vehicleImageId":"6780f7e4-3c07-4c38-afe0-fa98124b3285","imagecount":10,"advertiserName":"Noel Whelan Car Sales","isTrade":true},{"advertId":"31713537682254770","vehicleMake":"Ford","vehicleModel":"Focus","vehicleDerivative":"1.8TDCi Estate Mint Car!!","vehiclePriceEuro":9559,"vehicleYearOfManufacture":2009,"advertiserCounty":"Dublin","isPSL":false,"privatePSL":false,"vehicleImageId":"449a2285-430d-4c24-bed3-5cc554d11583","imagecount":10,"advertiserName":"Motorplex","isTrade":true},{"advertId":"201308212577831","vehicleMake":"Ford","vehicleModel":"Focus","vehicleDerivative":"1.6 TDCI STYLE 90BHP 5DR","vehiclePriceEuro":9550,"vehicleYearOfManufacture":2009,"advertiserCounty":"Dublin","isPSL":true,"privatePSL":false,"vehicleImageId":"14022338","imagecount":9,"isTrade":false},{"advertId":"32013594599612540","vehicleMake":"Ford","vehicleModel":"Focus","vehicleDerivative":"5dr Hatchback 1.8tdci Zetec","vehiclePriceEuro":9500,"vehicleYearOfManufacture":2009,"advertiserCounty":"Cork","isPSL":false,"privatePSL":false,"vehicleImageId":"60e6aab4-46bc-4f93-847c-650e2d38d6c2","imagecount":19,"advertiserName":"Great Island Motors Ltd","isTrade":true},{"advertId":"31813542807457400","vehicleMake":"Ford","vehicleModel":"Focus","vehicleDerivative":"1.6 TDCI*60MPG165TAX*","vehiclePriceEuro":9500,"vehicleYearOfManufacture":2009,"advertiserCounty":"Dublin","isPSL":false,"privatePSL":false,"vehicleImageId":"f600ef99-7387-4843-bf92-17afee56c2fe","imagecount":7,"advertiserName":"Airways Motor Company","isTrade":true},{"advertId":"201305212228226","vehicleMake":"Ford","vehicleModel":"Focus","vehicleDerivative":"STYLE 1.8 TDCI 115PS 1.8TD 5SPEED","vehiclePriceEuro":9500,"vehicleYearOfManufacture":2009,"advertiserCounty":"Meath","isPSL":true,"privatePSL":false,"vehicleImageId":"14309370","imagecount":9,"isTrade":false},{"advertId":"201304212115156","vehicleMake":"Ford","vehicleModel":"Focus","vehicleDerivative":"zetec","vehiclePriceEuro":9495,"vehicleYearOfManufacture":2009,"advertiserCounty":"Mayo","isPSL":true,"privatePSL":false,"vehicleImageId":"13928527","imagecount":7,"isTrade":false},{"advertId":"32913610590239640","vehicleMake":"Ford","vehicleModel":"Focus","vehicleDerivative":"DIESEL / ESTATE / ONE VERY CAREFUL OWNER / AS NEW / VERY ECONOMICAL / RELIABLE / AS NEW / \"\"MUST BE SEEN\"\" / www.N4CARS.ie","vehiclePriceEuro":9449,"vehicleYearOfManufacture":2009,"advertiserCounty":"Dublin","isPSL":false,"privatePSL":false,"vehicleImageId":"c0566246-4eb0-4af6-90cd-d27a93adac20","imagecount":12,"advertiserName":"N4 Car Sales","isTrade":true},{"advertId":"34213614400068870","vehicleMake":"Ford","vehicleModel":"Focus","vehicleDerivative":"ESTATE STYLE 1.8 TDCI  - LOW TAX RATE €€ / ALL TRADE-INS WELCOME / CAR FINANCE AVAILABLE / CALL 086-8055412 ANYTIME","vehiclePriceEuro":9400,"vehicleYearOfManufacture":2009,"advertiserCounty":"Dublin","isPSL":false,"privatePSL":false,"vehicleImageId":"98062673-5f94-4162-9eac-7b70c20a99da","imagecount":12,"advertiserName":"Bill Griffin Motors","isTrade":true},{"advertId":"31913589584972580","vehicleMake":"Ford","vehicleModel":"Focus","vehicleDerivative":"Econetic 90","vehiclePriceEuro":9000,"vehicleYearOfManufacture":2009,"advertiserCounty":"Cork","isPSL":false,"privatePSL":false,"vehicleImageId":"0d33045f-dac4-4206-bfcb-8b13bec4a33f","imagecount":12,"advertiserName":"Top Class Auctions","isTrade":true},{"advertId":"31113582501924760","vehicleMake":"Ford","vehicleModel":"Focus","vehicleDerivative":"STYLE 1.6 TDCI 90PS 5SPEED","vehiclePriceEuro":8950,"vehicleYearOfManufacture":2009,"advertiserCounty":"Westmeath","isPSL":false,"privatePSL":false,"vehicleImageId":"af0a790c-d26d-44f1-90cc-9277b8341caa","imagecount":8,"advertiserName":"Colton Motors Mullingar","isTrade":true},{"advertId":"33213596488756700","vehicleMake":"Ford","vehicleModel":"Focus","vehicleDerivative":"STYLE 1.8 TDCI 115PS 1.8TD 5SPEED","vehiclePriceEuro":8950,"vehicleYearOfManufacture":2009,"advertiserCounty":"Dublin","isPSL":false,"privatePSL":false,"vehicleImageId":"a3639952-276f-44cc-ab01-cde1af799dd4","imagecount":6,"advertiserName":"Trade Price Cars","isTrade":true},{"advertId":"34013603273246320","vehicleMake":"Ford","vehicleModel":"Focus","vehicleDerivative":"1.6TDCI 110 Econetic Estate","vehiclePriceEuro":8900,"vehicleYearOfManufacture":2009,"advertiserCounty":"Kildare","isPSL":true,"privatePSL":false,"vehicleImageId":"0adc8109-cb45-44a1-8706-dccf02dd26b9","imagecount":5,"advertiserName":"Byrne Car Sales Ltd.","isTrade":true},{"advertId":"201304212137524","vehicleMake":"Ford","vehicleModel":"Focus","vehicleDerivative":"STYLE 1.4 80PS 5SPEED","vehiclePriceEuro":8650,"vehicleYearOfManufacture":2009,"advertiserCounty":"Cork","isPSL":true,"privatePSL":false,"vehicleImageId":"14290638","imagecount":7,"isTrade":false},{"advertId":"32913610591050700","vehicleMake":"Ford","vehicleModel":"Focus","vehicleDerivative":"DIESEL / ESTATE / ONE VERY CAREFUL OWNER / AS NEW / VERY ECONOMICAL / RELIABLE / AS NEW / \"\"MUST BE SEEN\"\" / www.N4CARS.ie","vehiclePriceEuro":0,"vehicleYearOfManufacture":2009,"advertiserCounty":"Dublin","isPSL":false,"privatePSL":false,"vehicleImageId":"93e55775-d109-468b-86d8-3ad05d574c6e","imagecount":12,"advertiserName":"N4 Car Sales","isTrade":true},{"advertId":"32913603386064910","vehicleMake":"Ford","vehicleModel":"Focus","vehicleDerivative":"STYLE TD 109","vehiclePriceEuro":0,"vehicleYearOfManufacture":2009,"advertiserCounty":"Donegal","isPSL":false,"privatePSL":false,"vehicleImageId":"dc161e41-cd98-473f-b181-615e4d0d4a41","imagecount":18,"advertiserName":"Inishowen Motors Letterkenny (Kia Nissan)","isTrade":true},{"advertId":"33213620669897560","vehicleMake":"Ford","vehicleModel":"Focus","vehicleDerivative":"Zetec 1.6 TDCI 110 BHP 5 Door €200 Road Tax NCT 7/15","vehiclePriceEuro":0,"vehicleYearOfManufacture":2009,"advertiserCounty":"Leitrim","isPSL":true,"privatePSL":false,"imagecount":0,"advertiserName":"Sean Gallagher Cars","isTrade":true},{"advertId":"33913613719454610","vehicleMake":"Ford","vehicleModel":"Focus","vehicleDerivative":"ZETEC 1.8 TDCI 115 1.8TD 115PS 5SPEED 5DR","vehiclePriceEuro":0,"vehicleYearOfManufacture":2009,"advertiserCounty":"Monaghan","isPSL":false,"privatePSL":false,"vehicleImageId":"f7ef0c78-2173-4437-814b-ee01eda4bc74","imagecount":4,"advertiserName":"Doran Motors Ltd","isTrade":true},{"advertId":"34113614650731090","vehicleMake":"Ford","vehicleModel":"Focus","vehicleDerivative":"ZETEC 1.8 TDCI 115 1.8TD 115PS 5SPEED 5DR","vehiclePriceEuro":0,"vehicleYearOfManufacture":2009,"advertiserCounty":"Louth","isPSL":false,"privatePSL":false,"vehicleImageId":"a2262bf3-eb03-4f5b-abaf-81e5d6e254ca","imagecount":4,"advertiserName":"Drogheda Car Sales Ltd","isTrade":true},{"advertId":"33413601521085000","vehicleMake":"Ford","vehicleModel":"Focus","vehicleDerivative":"1.8 TDCI STYLE 115 5 DR","vehiclePriceEuro":0,"vehicleYearOfManufacture":2009,"advertiserCounty":"Donegal","isPSL":false,"privatePSL":false,"vehicleImageId":"b031105b-b541-4055-8c86-8430bf70f68b","imagecount":5,"advertiserName":"Browne's Cars Group","isTrade":true},{"advertId":"813267119880490","vehicleMake":"Ford","vehicleModel":"Focus","vehicleDerivative":"STYLE 1.8 TDCI 115PS 5DR 5SP","vehiclePriceEuro":0,"vehicleYearOfManufacture":2009,"advertiserCounty":"Galway","isPSL":true,"privatePSL":false,"vehicleImageId":"6c948e15-95e2-48fb-833e-7c3dfba0ffcd","imagecount":9,"advertiserName":"Al Hayes Motors Ltd","isTrade":true},{"advertId":"34113600840562020","vehicleMake":"Ford","vehicleModel":"Focus","vehicleDerivative":"1.6 TDCI ECONETIC (BAND A)","vehiclePriceEuro":0,"vehicleYearOfManufacture":2009,"advertiserCounty":"Cork","isPSL":true,"privatePSL":false,"vehicleImageId":"8cf252b3-8b6d-4c5e-b232-e0f5693a1231","imagecount":9,"advertiserName":"Luceys Charleville (Nissan & Mazda)","isTrade":true},{"advertId":"213225607263030","vehicleMake":"Ford","vehicleModel":"Focus","vehicleDerivative":"1.6 Diesel Hatchback","vehiclePriceEuro":0,"vehicleYearOfManufacture":2009,"advertiserCounty":"Cork","isPSL":false,"privatePSL":false,"vehicleImageId":"3a4ff6e1-40bb-4478-8194-4a758bbdd60a","imagecount":10,"advertiserName":"Edmond Collins Motors","isTrade":true},{"advertId":"31113584260661610","vehicleMake":"Ford","vehicleModel":"Focus","vehicleDerivative":"1.6 TDCI***TITANIUM SALOON***","vehiclePriceEuro":0,"vehicleYearOfManufacture":2009,"advertiserCounty":"Kerry","isPSL":false,"privatePSL":false,"vehicleImageId":"8d5095b3-4142-4884-bd7d-eaed9f0ee56e","imagecount":20,"advertiserName":"Listowel Autos Ltd","isTrade":true},{"advertId":"34313613589476460","vehicleMake":"Ford","vehicleModel":"Focus","vehicleDerivative":"** SOLD **","vehiclePriceEuro":0,"vehicleYearOfManufacture":2009,"advertiserCounty":"Dublin","isPSL":false,"privatePSL":false,"vehicleImageId":"aadd44f7-b727-46c2-b34a-316f5e312188","imagecount":11,"advertiserName":"Tallaght Ford","isTrade":true},{"advertId":"201307212457131","vehicleMake":"Ford","vehicleModel":"Focus","vehiclePriceEuro":14950,"vehicleYearOfManufacture":2008,"advertiserCounty":"Clare","isPSL":true,"privatePSL":false,"vehicleImageId":"14003326","imagecount":5,"isTrade":false},{"advertId":"7013378664391030","vehicleMake":"Ford","vehicleModel":"Focus","vehicleDerivative":"GHIA 1.8 TDCI 115PS 5SP","vehiclePriceEuro":13500,"vehicleYearOfManufacture":2008,"advertiserCounty":"Cork","isPSL":false,"privatePSL":false,"vehicleImageId":"19bb0f87-13d7-4010-baa2-70e5887fe549","imagecount":3,"advertiserName":"Abernethys","isTrade":true},{"advertId":"201307212433065","vehicleMake":"Ford","vehicleModel":"Focus","vehicleDerivative":"1.8 TD ZETEC 115 BHP 5 DR","vehiclePriceEuro":13500,"vehicleYearOfManufacture":2008,"advertiserCounty":"Dublin","isPSL":true,"privatePSL":false,"vehicleImageId":"14006711","imagecount":9,"isTrade":false},{"advertId":"201248211179757","vehicleMake":"Ford","vehicleModel":"Focus","vehicleDerivative":"1.8 TDCI ZETEC CLIMATE 05DR","vehiclePriceEuro":13500,"vehicleYearOfManufacture":2008,"advertiserCounty":"Offaly","isPSL":true,"privatePSL":false,"vehicleImageId":"12019268","imagecount":4,"isTrade":false},{"advertId":"201305212250804","vehicleMake":"Ford","vehicleModel":"Focus","vehicleDerivative":"STYLE 1.6TDCI 90PS 5SP","vehiclePriceEuro":13500,"vehicleYearOfManufacture":2008,"advertiserCounty":"Galway","isPSL":true,"privatePSL":false,"vehicleImageId":"13962778","imagecount":4,"isTrade":false},{"advertId":"413267122287740","vehicleMake":"Ford","vehicleModel":"Focus","vehicleDerivative":"CABRIOLET 2.0 TDCI TITANIUM *MINT*","vehiclePriceEuro":12950,"vehicleYearOfManufacture":2008,"advertiserCounty":"Galway","isPSL":true,"privatePSL":false,"vehicleImageId":"2e7d8aaf-4ba2-4d2b-8cc3-b53d375bd9a6","imagecount":8,"advertiserName":"Al Hayes Motors Ltd","isTrade":true},{"advertId":"29813481497084770","vehicleMake":"Ford","vehicleModel":"Focus","vehicleDerivative":"GHIA 1.8 TDCI 5SP 5DR 115 PS","vehiclePriceEuro":12850,"vehicleYearOfManufacture":2008,"advertiserCounty":"Dublin","isPSL":false,"privatePSL":false,"vehicleImageId":"086aef52-d576-4062-8c05-a259e68f3abe","imagecount":14,"advertiserName":"Autocity","isTrade":true},{"advertId":"31413593727571380","vehicleMake":"Ford","vehicleModel":"Focus","vehicleDerivative":"GHIA 1.8 TDCI 5SPEED 5DR","vehiclePriceEuro":12850,"vehicleYearOfManufacture":2008,"advertiserCounty":"Dublin","isPSL":true,"privatePSL":false,"vehicleImageId":"71a6d2b0-0371-404d-a105-882a0ab2ec4e","imagecount":6,"advertiserName":"Kenilworth Motors","isTrade":true},{"advertId":"201307212457180","vehicleMake":"Ford","vehicleModel":"Focus","vehicleDerivative":"225bhp","vehiclePriceEuro":12800,"vehicleYearOfManufacture":2008,"advertiserCounty":"Dublin","isPSL":true,"privatePSL":false,"vehicleImageId":"14003210","imagecount":4,"isTrade":false},{"advertId":"713265409999600","vehicleMake":"Ford","vehicleModel":"Focus","vehicleDerivative":"STYLE 1.6 90PS 5SP","vehiclePriceEuro":12500,"vehicleYearOfManufacture":2008,"advertiserCounty":"Cork","isPSL":false,"privatePSL":false,"vehicleImageId":"82e5651e-0203-4082-b2ad-91cbe0046f4d","imagecount":3,"advertiserName":"Abernethys","isTrade":true},{"advertId":"201250211384092","vehicleMake":"Ford","vehicleModel":"Focus","vehicleDerivative":"1.8 TDCI STYLE 115 5 DR","vehiclePriceEuro":12500,"vehicleYearOfManufacture":2008,"advertiserCounty":"Kilkenny","isPSL":true,"privatePSL":false,"vehicleImageId":"14202677","imagecount":6,"isTrade":false},{"advertId":"201304212137400","vehicleMake":"Ford","vehicleModel":"Focus","vehicleDerivative":"STYLE 1.4 80PS 5DR","vehiclePriceEuro":12500,"vehicleYearOfManufacture":2008,"advertiserCounty":"Cavan","isPSL":true,"privatePSL":false,"imagecount":0,"isTrade":false},{"advertId":"201243210664924","vehicleMake":"Ford","vehicleModel":"Focus","vehicleDerivative":"ZETEC STYLE 1.4 80PS","vehiclePriceEuro":12500,"vehicleYearOfManufacture":2008,"advertiserCounty":"Dublin","isPSL":true,"privatePSL":false,"vehicleImageId":"14077063","imagecount":1,"isTrade":false},{"advertId":"201309212674270","vehicleMake":"Ford","vehicleModel":"Focus","vehicleDerivative":"Zetec","vehiclePriceEuro":12250,"vehicleYearOfManufacture":2008,"advertiserCounty":"Wexford","isPSL":true,"privatePSL":false,"vehicleImageId":"14036467","imagecount":8,"isTrade":false},{"advertId":"34413616176543920","vehicleMake":"Ford","vehicleModel":"Focus","vehicleDerivative":"1.6TDCI 90BHP STYLE --- BLACKWATER FERMOY","vehiclePriceEuro":11995,"vehicleYearOfManufacture":2008,"advertiserCounty":"Cork","isPSL":true,"privatePSL":false,"vehicleImageId":"a379a0b4-2fbe-44b2-9c26-06cb2e9a4c90","imagecount":19,"advertiserName":"Blackwater Motors Fermoy (Main Volkswagen Dealer)","isTrade":true},{"advertId":"31513575629360620","vehicleMake":"Ford","vehicleModel":"Focus","vehicleDerivative":"STYLE 1.8 TDCI 115PC 5SPEED","vehiclePriceEuro":11950,"vehicleYearOfManufacture":2008,"advertiserCounty":"Dublin","isPSL":true,"privatePSL":false,"vehicleImageId":"a50a08ca-1686-4d46-a7cc-28eb94bef40b","imagecount":1,"advertiserName":"Airside Ford","isTrade":true},{"advertId":"31513577481172900","vehicleMake":"Ford","vehicleModel":"Focus","vehicleDerivative":"1.6TDCI STYLE 110 BHP 5DR Cash Price Trade Ins Accepted","vehiclePriceEuro":11950,"vehicleYearOfManufacture":2008,"advertiserCounty":"Westmeath","isPSL":true,"privatePSL":false,"vehicleImageId":"13dcc8e2-f413-4ec8-afd5-f2ed209d12e9","imagecount":8,"advertiserName":"Michael Moore Athlone","isTrade":true},{"advertId":"34013606938647300","vehicleMake":"Ford","vehicleModel":"Focus","vehicleDerivative":"FOCUS STYLE 1.8 TDCI 5SP","vehiclePriceEuro":11950,"vehicleYearOfManufacture":2008,"advertiserCounty":"Dublin","isPSL":true,"privatePSL":false,"vehicleImageId":"74408ce9-b13a-41be-b4f4-31037088ea75","imagecount":9,"advertiserName":"Finglas Ford Centre","isTrade":true},{"advertId":"34013611998980870","vehicleMake":"Ford","vehicleModel":"Focus","vehicleDerivative":"STYLE 1.6 TDCI 90PS 5SPEED","vehiclePriceEuro":11950,"vehicleYearOfManufacture":2008,"advertiserCounty":"Cork","isPSL":false,"privatePSL":false,"vehicleImageId":"11f91682-42fc-4d34-a9fc-8c9a04eec87d","imagecount":3,"advertiserName":"Abernethys","isTrade":true},{"advertId":"34413620696182300","vehicleMake":"Ford","vehicleModel":"Focus","vehicleDerivative":"1.8 TDCI TITANIUM 113BHP 5 DR","vehiclePriceEuro":11950,"vehicleYearOfManufacture":2008,"advertiserCounty":"Cavan","isPSL":false,"privatePSL":false,"vehicleImageId":"f767b456-c288-45a4-ac3c-7e0b2ea28ba3","imagecount":5,"advertiserName":"Bradys Cavan","isTrade":true},{"advertId":"32113553953276200","vehicleMake":"Ford","vehicleModel":"Focus","vehicleDerivative":"1.6 TDCI STYLE","vehiclePriceEuro":11900,"vehicleYearOfManufacture":2008,"advertiserCounty":"Mayo","isPSL":false,"privatePSL":false,"vehicleImageId":"f2f97e25-dd2a-4a1f-b8c8-c95de10dcfd5","imagecount":9,"advertiserName":"Cosgraves Garage Ltd","isTrade":true},{"advertId":"31913591983766390","vehicleMake":"Ford","vehicleModel":"Focus","vehicleDerivative":"C-MAX ACTIVE 1.8 TDC TDCI 115PS 5SPEED","vehiclePriceEuro":11750,"vehicleYearOfManufacture":2008,"advertiserCounty":"Laois","isPSL":false,"privatePSL":false,"vehicleImageId":"ddcc074e-53e8-4f17-8ee5-72fe25550488","imagecount":8,"advertiserName":"George Dalton","isTrade":true},{"advertId":"34013609386015770","vehicleMake":"Ford","vehicleModel":"Focus","vehicleDerivative":"GHIA 1.8 TDCI 115PS 5SPEED","vehiclePriceEuro":11750,"vehicleYearOfManufacture":2008,"advertiserCounty":"Kildare","isPSL":false,"privatePSL":false,"vehicleImageId":"b60f3125-b493-4ba2-bc2d-478805c982cd","imagecount":9,"advertiserName":"M. A. Finlay & Sons","isTrade":true},{"advertId":"201302211892085","vehicleMake":"Ford","vehicleModel":"Focus","vehicleDerivative":"ZETEC STYLE 1.6 100 100PS","vehiclePriceEuro":11750,"vehicleYearOfManufacture":2008,"advertiserCounty":"Dublin","isPSL":true,"privatePSL":false,"vehicleImageId":"14257668","imagecount":3,"isTrade":false},{"advertId":"31113593728747020","vehicleMake":"Ford","vehicleModel":"Focus","vehicleDerivative":"STYLE 1.8 TDCI 115PS 5DR 1.8D 5SPEED 115 PS","vehiclePriceEuro":11600,"vehicleYearOfManufacture":2008,"advertiserCounty":"Dublin","isPSL":true,"privatePSL":false,"vehicleImageId":"fee52ea8-b5fc-4487-beba-fd4e2d71224b","imagecount":6,"advertiserName":"Kenilworth Motors","isTrade":true},{"advertId":"613261356837520","vehicleMake":"Ford","vehicleModel":"Focus","vehicleDerivative":"1.6TITANIUM 110HP 5 DOOR HATCHBACK LOW ROAD TAX","vehiclePriceEuro":11595,"vehicleYearOfManufacture":2008,"advertiserCounty":"Wexford","isPSL":false,"privatePSL":false,"vehicleImageId":"22c2a92c-548a-401e-a21d-0baa0e90d26c","imagecount":12,"advertiserName":"Shane Keegan Car Sales (Motorfit)","isTrade":true},{"advertId":"31713593900594150","vehicleMake":"Ford","vehicleModel":"Focus","vehicleDerivative":"1.8 TDCI GHIA 5DR","vehiclePriceEuro":11550,"vehicleYearOfManufacture":2008,"advertiserCounty":"Cork","isPSL":false,"privatePSL":false,"vehicleImageId":"bcde6e35-d62e-4442-a619-458b14956110","imagecount":8,"advertiserName":"Cavanaghs of Charleville Ltd","isTrade":true},{"advertId":"201249211340741","vehicleMake":"Ford","vehicleModel":"Focus","vehicleDerivative":"GHIA 1.8 TDCI 5SP 5DR","vehiclePriceEuro":11500,"vehicleYearOfManufacture":2008,"advertiserCounty":"Cork","isPSL":true,"privatePSL":false,"vehicleImageId":"14196621","imagecount":2,"isTrade":false},{"advertId":"201244210802414","vehicleMake":"Ford","vehicleModel":"Focus","vehicleDerivative":"1.8 TDCI ZETEC CLIMATE 05DR","vehiclePriceEuro":11500,"vehicleYearOfManufacture":2008,"advertiserCounty":"Cork","isPSL":true,"privatePSL":false,"vehicleImageId":"14097839","imagecount":6,"isTrade":false},{"advertId":"201246210951255","vehicleMake":"Ford","vehicleModel":"Focus","vehiclePriceEuro":11500,"vehicleYearOfManufacture":2008,"advertiserCounty":"Cork","isPSL":true,"privatePSL":false,"vehicleImageId":"13739327","imagecount":7,"isTrade":false},{"advertId":"31813531517063990","vehicleMake":"Ford","vehicleModel":"Focus","vehicleDerivative":"1.6 TDCI STYLE 110 BHP 5DR","vehiclePriceEuro":11450,"vehicleYearOfManufacture":2008,"advertiserCounty":"Limerick","isPSL":false,"privatePSL":false,"vehicleImageId":"c9b103e0-6586-45c4-b2c3-b4bfd3270970","imagecount":8,"advertiserName":"Newcastle West Autos","isTrade":true},{"advertId":"201306212363345","vehicleMake":"Ford","vehicleModel":"Focus","vehicleDerivative":"Focus Style 1.4 80PS 5DR","vehiclePriceEuro":11450,"vehicleYearOfManufacture":2008,"advertiserCounty":"Kildare","isPSL":true,"privatePSL":false,"vehicleImageId":"13983456","imagecount":6,"isTrade":false},{"advertId":"31213485045478530","vehicleMake":"Ford","vehicleModel":"Focus","vehicleDerivative":"1.6 Tdci zetec 110bhp","vehiclePriceEuro":11250,"vehicleYearOfManufacture":2008,"advertiserCounty":"Sligo","isPSL":false,"privatePSL":false,"vehicleImageId":"6dd5d23c-24cb-40f9-95ae-790ca8210c75","imagecount":9,"advertiserName":"McCormack Car Sales (Sligo)","isTrade":true},{"advertId":"201307212457165","vehicleMake":"Ford","vehicleModel":"Focus","vehicleDerivative":"CC 1.6 2DR","vehiclePriceEuro":11200,"vehicleYearOfManufacture":2008,"advertiserCounty":"Galway","isPSL":true,"privatePSL":false,"vehicleImageId":"14003188","imagecount":4,"isTrade":false},{"advertId":"33413601697329900","vehicleMake":"Ford","vehicleModel":"Focus","vehicleDerivative":"1.6 TDCI STYLE 90BHP 5DR","vehiclePriceEuro":11000,"vehicleYearOfManufacture":2008,"advertiserCounty":"Cork","isPSL":false,"privatePSL":false,"vehicleImageId":"2673c405-f236-4428-8a91-a195cb7a7975","imagecount":11,"advertiserName":"Clarke Bros (Bandon)","isTrade":true},{"advertId":"201242210598572","vehicleMake":"Ford","vehicleModel":"Focus","vehicleDerivative":"1.8 TDCI STYLE 115 5 DR","vehiclePriceEuro":10999,"vehicleYearOfManufacture":2008,"advertiserCounty":"Donegal","isPSL":true,"privatePSL":false,"vehicleImageId":"14064842","imagecount":7,"isTrade":false},{"advertId":"2213282003901230","vehicleMake":"Ford","vehicleModel":"Focus","vehicleDerivative":"NT ZETEC 1.6 TD 4DR","vehiclePriceEuro":10995,"vehicleYearOfManufacture":2008,"advertiserCounty":"Mayo","isPSL":false,"privatePSL":false,"vehicleImageId":"42de7ef6-3319-4296-aff5-cf237bf65388","imagecount":10,"advertiserName":"Griffith's Motor Group","isTrade":true},{"advertId":"34113618947942950","vehicleMake":"Ford","vehicleModel":"Focus","vehicleDerivative":"1.6 ZETEC STYLE 5 DOOR","vehiclePriceEuro":10995,"vehicleYearOfManufacture":2008,"advertiserCounty":"Dublin","isPSL":false,"privatePSL":false,"vehicleImageId":"c0743285-c91e-4596-86f4-6a7642b561e0","imagecount":1,"advertiserName":"Westbrook Motors Ltd.","isTrade":true},{"advertId":"613256713907460","vehicleMake":"Ford","vehicleModel":"Focus","vehicleDerivative":"1.6 TDCI TITANIUM 110 BHP (3 DOOR) *FULL LEATHER INTERIOR*","vehiclePriceEuro":10950,"vehicleYearOfManufacture":2008,"advertiserCounty":"Galway","isPSL":false,"privatePSL":false,"vehicleImageId":"83b904bd-cdf1-4975-85bc-9dd4f3fbf940","imagecount":13,"advertiserName":"Oliver Geoghegan Car Sales","isTrade":true},{"advertId":"31813597334905320","vehicleMake":"Ford","vehicleModel":"Focus","vehicleDerivative":"1.6-TDCI/110-BHP\"\"TITANIUM\"\"","vehiclePriceEuro":10950,"vehicleYearOfManufacture":2008,"advertiserCounty":"Louth","isPSL":false,"privatePSL":false,"vehicleImageId":"4b896671-6794-4836-a9b7-8524dc2c82af","imagecount":19,"advertiserName":"Liam Bowhan Motors","isTrade":true},{"advertId":"32913601186519830","vehicleMake":"Ford","vehicleModel":"Focus","vehicleDerivative":"Titanium","vehiclePriceEuro":10950,"vehicleYearOfManufacture":2008,"advertiserCounty":"Clare","isPSL":false,"privatePSL":false,"vehicleImageId":"2d46d4bb-85ec-4357-8405-e51b0e6a61ed","imagecount":7,"advertiserName":"Derek Considine Car Sales","isTrade":true},{"advertId":"34213615629239750","vehicleMake":"Ford","vehicleModel":"Focus","vehicleDerivative":"1.6 TDCI ZETEC 110 BHP 5dr","vehiclePriceEuro":10950,"vehicleYearOfManufacture":2008,"advertiserCounty":"Galway","isPSL":true,"privatePSL":false,"vehicleImageId":"3946d79f-e9ce-4d5d-bfd0-33e36d7930dc","imagecount":12,"advertiserName":"Adrian Quinn Car Sales","isTrade":true},{"advertId":"34013603355457120","vehicleMake":"Ford","vehicleModel":"Focus","vehicleDerivative":"1.6TDCi 5DR","vehiclePriceEuro":10950,"vehicleYearOfManufacture":2008,"advertiserCounty":"Carlow","isPSL":false,"privatePSL":false,"imagecount":0,"advertiserName":"Sheehy Motors Carlow","isTrade":true},{"advertId":"33213611934820400","vehicleMake":"Ford","vehicleModel":"Focus","vehicleDerivative":"1.8","vehiclePriceEuro":10950,"vehicleYearOfManufacture":2008,"advertiserCounty":"Dublin","isPSL":false,"privatePSL":false,"vehicleImageId":"2e74def6-6d25-4981-9988-4d09db16019c","imagecount":1,"advertiserName":"Autocity","isTrade":true},{"advertId":"34213608665303570","vehicleMake":"Ford","vehicleModel":"Focus","vehicleDerivative":"1.6 tdci Zetec","vehiclePriceEuro":10950,"vehicleYearOfManufacture":2008,"advertiserCounty":"Dublin","isPSL":false,"privatePSL":false,"vehicleImageId":"fa490064-8e37-4dfd-b90f-d6b6b75aa9fd","imagecount":1,"advertiserName":"Autocity","isTrade":true},{"advertId":"33413608666820690","vehicleMake":"Ford","vehicleModel":"Focus","vehicleDerivative":"1.6 tdci Zetec","vehiclePriceEuro":10950,"vehicleYearOfManufacture":2008,"advertiserCounty":"Dublin","isPSL":false,"privatePSL":false,"vehicleImageId":"095ab114-b75b-4df4-b93a-6183be407d76","imagecount":10,"advertiserName":"Autocity","isTrade":true},{"advertId":"30913489102770180","vehicleMake":"Ford","vehicleModel":"Focus","vehicleDerivative":"1.6 TIVICT GHIA 115PS","vehiclePriceEuro":10950,"vehicleYearOfManufacture":2008,"advertiserCounty":"Cork","isPSL":false,"privatePSL":false,"vehicleImageId":"39d7bfc4-ee8f-4593-8ae6-2bce7070ddec","imagecount":3,"advertiserName":"Abernethys","isTrade":true},{"advertId":"201242210591958","vehicleMake":"Ford","vehicleModel":"Focus","vehicleDerivative":"1.6TDCI","vehiclePriceEuro":10950,"vehicleYearOfManufacture":2008,"advertiserCounty":"Cork","isPSL":true,"privatePSL":false,"vehicleImageId":"14064085","imagecount":3,"isTrade":false},{"advertId":"33413623992324060","vehicleMake":"Ford","vehicleModel":"Focus","vehicleDerivative":"ZETEC 1.4 4DR","vehiclePriceEuro":10950,"vehicleYearOfManufacture":2008,"advertiserCounty":"Dublin","isPSL":false,"privatePSL":false,"vehicleImageId":"3d090eda-3be3-4741-a158-edbcdd6ecc5a","imagecount":20,"advertiserName":"Harmonstown Motors","isTrade":true},{"advertId":"33413608529307170","vehicleMake":"Ford","vehicleModel":"Focus","vehicleDerivative":"1.6 TDCI GUARANTEED MILEAGE","vehiclePriceEuro":10950,"vehicleYearOfManufacture":2008,"advertiserCounty":"Kerry","isPSL":false,"privatePSL":false,"imagecount":0,"advertiserName":"Joe O'Connor Car Sales","isTrade":true},{"advertId":"201304212159723","vehicleMake":"Ford","vehicleModel":"Focus","vehicleDerivative":"STYLE 1.4 80","vehiclePriceEuro":10750,"vehicleYearOfManufacture":2008,"advertiserCounty":"Tipperary","isPSL":true,"privatePSL":false,"vehicleImageId":"14293842","imagecount":3,"isTrade":false},{"advertId":"201304212159724","vehicleMake":"Ford","vehicleModel":"Focus","vehicleDerivative":"STYLE 1.4 80","vehiclePriceEuro":10750,"vehicleYearOfManufacture":2008,"advertiserCounty":"Tipperary","isPSL":true,"privatePSL":false,"vehicleImageId":"14293842","imagecount":3,"isTrade":false},{"advertId":"34213608468298020","vehicleMake":"Ford","vehicleModel":"Focus","vehicleDerivative":"1.6 TDCI ZETEC SP EDITION","vehiclePriceEuro":10500,"vehicleYearOfManufacture":2008,"advertiserCounty":"Dublin","isPSL":false,"privatePSL":false,"vehicleImageId":"0da4e101-c24a-41bd-9d40-9d92f1f364e4","imagecount":9,"advertiserName":"Airways Motor Company","isTrade":true},{"advertId":"29413481391968690","vehicleMake":"Ford","vehicleModel":"Focus","vehicleDerivative":"STYLE 1.6 TDCI Diesel 5 Door Estate","vehiclePriceEuro":10500,"vehicleYearOfManufacture":2008,"advertiserCounty":"Cork","isPSL":false,"privatePSL":false,"vehicleImageId":"49fd3c6e-09d6-4e86-b06c-d7a6bb499214","imagecount":10,"advertiserName":"Bandon Motors","isTrade":true},{"advertId":"34213601877935300","vehicleMake":"Ford","vehicleModel":"Focus","vehicleDerivative":"STYLE 1.6 TDCI 90bhp Saloon","vehiclePriceEuro":10500,"vehicleYearOfManufacture":2008,"advertiserCounty":"Cork","isPSL":false,"privatePSL":false,"vehicleImageId":"a3a020e9-c5ef-44bd-8bbe-ecd8e9b757d6","imagecount":11,"advertiserName":"Donal O'Brien Cars Ltd","isTrade":true},{"advertId":"32013585234354840","vehicleMake":"Ford","vehicleModel":"Focus","vehicleDerivative":"TITANIUM 1.8 TDCI Diesel 4 Door ","vehiclePriceEuro":10500,"vehicleYearOfManufacture":2008,"advertiserCounty":"Cork","isPSL":false,"privatePSL":false,"vehicleImageId":"18a9ba17-c1fd-4ea6-9a43-c0cb32dafb97","imagecount":11,"advertiserName":"Bandon Motors","isTrade":true},{"advertId":"30813533761038770","vehicleMake":"Ford","vehicleModel":"Focus","vehicleDerivative":"Zetec 1.6 TDCI","vehiclePriceEuro":10500,"vehicleYearOfManufacture":2008,"advertiserCounty":"Clare","isPSL":false,"privatePSL":false,"vehicleImageId":"a0d5ca14-86a9-489d-88a7-6da7c0b0e0ec","imagecount":6,"advertiserName":"Derek Considine Car Sales","isTrade":true},{"advertId":"34213622394822060","vehicleMake":"Ford","vehicleModel":"Focus","vehicleDerivative":"STYLE 1.6 TDCI 90PS","vehiclePriceEuro":10500,"vehicleYearOfManufacture":2008,"advertiserCounty":"Louth","isPSL":false,"privatePSL":false,"vehicleImageId":"06ca0491-b931-4378-9243-7d739d8d8b3e","imagecount":8,"advertiserName":"Byrne and Maguire","isTrade":true},{"advertId":"34013621712723140","vehicleMake":"Ford","vehicleModel":"Focus","vehicleDerivative":"1.6TDCI Style","vehiclePriceEuro":10500,"vehicleYearOfManufacture":2008,"advertiserCounty":"Kerry","isPSL":false,"privatePSL":false,"imagecount":0,"advertiserName":"Joe O'Connor Car Sales","isTrade":true},{"advertId":"201245210884921","vehicleMake":"Ford","vehicleModel":"Focus","vehicleDerivative":"STYLE 1.6 TDCI 90PS","vehiclePriceEuro":10500,"vehicleYearOfManufacture":2008,"advertiserCounty":"Mayo","isPSL":true,"privatePSL":false,"vehicleImageId":"14111583","imagecount":7,"isTrade":false},{"advertId":"32013592096705750","vehicleMake":"Ford","vehicleModel":"Focus","vehicleDerivative":"ZETEC STYLE 1.6 TDCI 90PS ","vehiclePriceEuro":10495,"vehicleYearOfManufacture":2008,"advertiserCounty":"Offaly","isPSL":false,"privatePSL":false,"vehicleImageId":"47bdc8d5-e38b-4b14-858d-d370fb0c1411","imagecount":10,"advertiserName":"Colton Motors","isTrade":true},{"advertId":"31813499091068400","vehicleMake":"Ford","vehicleModel":"Focus","vehicleDerivative":"1.6l D ECONETIC","vehiclePriceEuro":10495,"vehicleYearOfManufacture":2008,"advertiserCounty":"Waterford","isPSL":false,"privatePSL":false,"vehicleImageId":"cbade49f-097f-4ac7-8d92-01435c7d5463","imagecount":15,"advertiserName":"Castletown Carsales","isTrade":true},{"advertId":"33413599899307320","vehicleMake":"Ford","vehicleModel":"Focus","vehicleDerivative":"FFV 1.8i 5Dr JoeDuffy.ie","vehiclePriceEuro":10495,"vehicleYearOfManufacture":2008,"advertiserCounty":"Dublin","isPSL":true,"privatePSL":false,"vehicleImageId":"ec1572bf-6691-4e39-b8c8-2fc368910344","imagecount":8,"advertiserName":"Joe Duffy (Opel & Mazda)","isTrade":true},{"advertId":"31913584285891000","vehicleMake":"Ford","vehicleModel":"Focus","vehicleDerivative":"CONVERTABLE.","vehiclePriceEuro":10480,"vehicleYearOfManufacture":2008,"advertiserCounty":"Cork","isPSL":true,"privatePSL":false,"vehicleImageId":"891cee8e-d5c4-4bed-8788-f56bb0b52f6a","imagecount":9,"advertiserName":"Kearys Hyundai Mallow","isTrade":true},{"advertId":"33913608433534830","vehicleMake":"Ford","vehicleModel":"Focus","vehicleDerivative":"1.6 TDCI ZETEC CLIMATE 5DR","vehiclePriceEuro":10450,"vehicleYearOfManufacture":2008,"advertiserCounty":"Sligo","isPSL":false,"privatePSL":false,"vehicleImageId":"600810f7-0be7-4004-a911-52869e112f04","imagecount":8,"advertiserName":"Martin Reilly","isTrade":true}],"totalAdvertCount":45174}