{"adverts":[{"advertId":"33413618989300770","vehicleMake":"Mitsubishi","vehicleModel":"Pajero","vehicleDerivative":"3.2 COMMERCIAL LWB","vehiclePriceEuro":9500,"vehicleYearOfManufacture":2006,"advertiserCounty":"Offaly","isPSL":false,"privatePSL":false,"vehicleImageId":"e592262c-2129-4487-b95c-40da34a0546e","imagecount":7,"advertiserName":"Fitzpatrick`s Garage Tullamore Hyundai","isTrade":true},{"advertId":"201243210640198","vehicleMake":"Mitsubishi","vehicleModel":"Pajero","vehicleDerivative":"3.2 SWB 3DR AIRCON","vehiclePriceEuro":9000,"vehicleYearOfManufacture":2006,"advertiserCounty":"Dublin","isPSL":true,"privatePSL":false,"vehicleImageId":"13720522","imagecount":9,"isTrade":false},{"advertId":"29613487535037290","vehicleMake":"Mitsubishi","vehicleModel":"Pajero","vehicleDerivative":"3.2 LWB COMMERCIAL","vehiclePriceEuro":8950,"vehicleYearOfManufacture":2006,"advertiserCounty":"Carlow","isPSL":false,"privatePSL":false,"vehicleImageId":"6f94ab8b-7348-4e6d-a787-eb311a155309","imagecount":8,"advertiserName":"Fitzpatrick`s Garage Carlow","isTrade":true},{"advertId":"32113496991140170","vehicleMake":"Mitsubishi","vehicleModel":"Pajero","vehicleDerivative":"SPORT 2.5 D GLS DE LUXURY","vehiclePriceEuro":8950,"vehicleYearOfManufacture":2006,"advertiserCounty":"Wicklow","isPSL":false,"privatePSL":false,"vehicleImageId":"096ad6b1-5d19-473c-9f37-f184bee52e28","imagecount":9,"advertiserName":"J Kelly Motors","isTrade":true},{"advertId":"31813594619863060","vehicleMake":"Mitsubishi","vehicleModel":"Pajero","vehicleDerivative":"3.2 LWB 5DR SAM AUTO 52 nct 03/14 , tax till 11/13. full service history. excellent driver. 7 seater","vehiclePriceEuro":8900,"vehicleYearOfManufacture":2006,"advertiserCounty":"Kildare","isPSL":false,"privatePSL":false,"vehicleImageId":"4f2072ed-3867-41ea-8341-3e40093fc1fd","imagecount":13,"advertiserName":"Sean Boland Car Sales (Clane)","isTrade":true},{"advertId":"34313604079661660","vehicleMake":"Mitsubishi","vehicleModel":"Pajero","vehicleDerivative":"CK 3.2 COMMERCIAL","vehiclePriceEuro":8750,"vehicleYearOfManufacture":2006,"advertiserCounty":"Kildare","isPSL":false,"privatePSL":false,"vehicleImageId":"7f70cefb-d6a6-4109-8a46-7f8b99c6bbbf","imagecount":7,"advertiserName":"Ray Crofton Ltd.","isTrade":true},{"advertId":"413267128921190","vehicleMake":"Mitsubishi","vehicleModel":"Pajero","vehicleDerivative":"CK 3.2 LWB COMMERCIAL **AUTOMATIC**","vehiclePriceEuro":8500,"vehicleYearOfManufacture":2006,"advertiserCounty":"Galway","isPSL":true,"privatePSL":false,"vehicleImageId":"85d6feed-660e-4ca7-b9a9-d866ab1d544f","imagecount":8,"advertiserName":"Al Hayes Motors Ltd","isTrade":true},{"advertId":"201307212408699","vehicleMake":"Mitsubishi","vehicleModel":"Pajero","vehicleDerivative":"3.2 SWB 3DR AIRCON","vehiclePriceEuro":8500,"vehicleYearOfManufacture":2006,"advertiserCounty":"Dublin","isPSL":true,"privatePSL":false,"vehicleImageId":"14336462","imagecount":6,"isTrade":false},{"advertId":"201250211448129","vehicleMake":"Mitsubishi","vehicleModel":"Pajero","vehicleDerivative":"SPORT 2.5 D GLS DE LUXE","vehiclePriceEuro":8500,"vehicleYearOfManufacture":2006,"advertiserCounty":"Tipperary","isPSL":true,"privatePSL":false,"vehicleImageId":"13834305","imagecount":7,"isTrade":false},{"advertId":"31913588900107190","vehicleMake":"Mitsubishi","vehicleModel":"Pajero","vehicleDerivative":"3.2 DID SWB COMMERCIAL AIRCON","vehiclePriceEuro":7950,"vehicleYearOfManufacture":2006,"advertiserCounty":"Galway","isPSL":true,"privatePSL":false,"vehicleImageId":"0e1ef8f7-02cb-45a6-a283-55c90acb1991","imagecount":8,"advertiserName":"Adrian Quinn Car Sales","isTrade":true},{"advertId":"713236794489390","vehicleMake":"Mitsubishi","vehicleModel":"Pajero","vehicleDerivative":"SPORT 2.5 DIESEL ","vehiclePriceEuro":7950,"vehicleYearOfManufacture":2006,"advertiserCounty":"Wexford","isPSL":false,"privatePSL":false,"vehicleImageId":"f8f34e15-a6b9-48ce-93b0-677365ada59d","imagecount":8,"advertiserName":"Doyle's Garage Courtown Ltd.","isTrade":true},{"advertId":"33413620645671280","vehicleMake":"Mitsubishi","vehicleModel":"Pajero","vehicleDerivative":"3.2 SWB 3Dr Aircon (Tax & DOE 8-13)","vehiclePriceEuro":7750,"vehicleYearOfManufacture":2006,"advertiserCounty":"Sligo","isPSL":false,"privatePSL":false,"imagecount":0,"advertiserName":"Coen's Car Sales","isTrade":true},{"advertId":"201242210511382","vehicleMake":"Mitsubishi","vehicleModel":"Pajero","vehicleDerivative":"CK 3.2 COMMERCIAL","vehiclePriceEuro":7500,"vehicleYearOfManufacture":2006,"advertiserCounty":"Wexford","isPSL":true,"privatePSL":false,"vehicleImageId":"14048747","imagecount":1,"isTrade":false},{"advertId":"26513425228822130","vehicleMake":"Mitsubishi","vehicleModel":"Pajero","vehicleDerivative":"CK 3.2 COMMERCIAL","vehiclePriceEuro":7250,"vehicleYearOfManufacture":2006,"advertiserCounty":"Dublin","isPSL":false,"privatePSL":false,"vehicleImageId":"df60f312-b02a-4e73-ace1-3f7ae8e03b4a","imagecount":7,"advertiserName":"Yomac Cars","isTrade":true},{"advertId":"201245210925897","vehicleMake":"Mitsubishi","vehicleModel":"Pajero","vehicleDerivative":"Sport","vehiclePriceEuro":7200,"vehicleYearOfManufacture":2006,"advertiserCounty":"Meath","isPSL":true,"privatePSL":false,"vehicleImageId":"14126859","imagecount":3,"isTrade":false},{"advertId":"33213609536124040","vehicleMake":"Mitsubishi","vehicleModel":"Pajero","vehicleDerivative":"SPORT LWB A-CON","vehiclePriceEuro":6950,"vehicleYearOfManufacture":2006,"advertiserCounty":"Cork","isPSL":false,"privatePSL":false,"vehicleImageId":"a4824f03-b470-489b-b12a-55ff26b588ac","imagecount":20,"advertiserName":"Dan Seaman Motors (Hyundai & Mitsubishi)","isTrade":true},{"advertId":"31113533442202600","vehicleMake":"Mitsubishi","vehicleModel":"Pajero","vehicleDerivative":"SPORT LWB *** DONIE DAFFY CAR SALES ***","vehiclePriceEuro":6500,"vehicleYearOfManufacture":2006,"advertiserCounty":"Limerick","isPSL":false,"privatePSL":false,"vehicleImageId":"13794416-30a4-409b-b056-48c78f707796","imagecount":5,"advertiserName":"Donie Daffy Quality Car Sales","isTrade":true},{"advertId":"25913424477808430","vehicleMake":"Mitsubishi","vehicleModel":"Pajero","vehicleDerivative":"SPORT Commercial Diesel","vehiclePriceEuro":6500,"vehicleYearOfManufacture":2006,"advertiserCounty":"Offaly","isPSL":false,"privatePSL":false,"vehicleImageId":"bc7f7a60-da7c-4cf3-af71-d9422f0d94fd","imagecount":4,"advertiserName":"Clara Road Car Sales","isTrade":true},{"advertId":"31513498646518440","vehicleMake":"Mitsubishi","vehicleModel":"Pajero","vehicleDerivative":"SPORT","vehiclePriceEuro":6495,"vehicleYearOfManufacture":2006,"advertiserCounty":"Dublin","isPSL":true,"privatePSL":false,"vehicleImageId":"85344479-c1a4-4f91-a834-6e382f59a83b","imagecount":8,"advertiserName":"A S Cars","isTrade":true},{"advertId":"201306212341167","vehicleMake":"Mitsubishi","vehicleModel":"Pajero","vehicleDerivative":"LWB 2.5DSL","vehiclePriceEuro":6000,"vehicleYearOfManufacture":2006,"advertiserCounty":"Westmeath","isPSL":true,"privatePSL":false,"vehicleImageId":"13980273","imagecount":9,"isTrade":false},{"advertId":"32713596456353120","vehicleMake":"Mitsubishi","vehicleModel":"Pajero","vehicleDerivative":"SPORT LWB A-CON COMMERCIAL VERY GOOD!!","vehiclePriceEuro":5995,"vehicleYearOfManufacture":2006,"advertiserCounty":"Wexford","isPSL":false,"privatePSL":false,"vehicleImageId":"9fe77257-9009-4164-a809-60039ab31156","imagecount":9,"advertiserName":"ER Cars.ie (Eoin Reynolds Cars Ltd)","isTrade":true},{"advertId":"31813580005740930","vehicleMake":"Mitsubishi","vehicleModel":"Pajero","vehicleDerivative":"SPORT LWB A-CON","vehiclePriceEuro":4650,"vehicleYearOfManufacture":2006,"advertiserCounty":"Tipperary","isPSL":false,"privatePSL":false,"vehicleImageId":"0960c770-d82e-48a4-91a0-6cc759db726f","imagecount":6,"advertiserName":"John Corbett Motorvillage","isTrade":true},{"advertId":"33913617706008680","vehicleMake":"Mitsubishi","vehicleModel":"Pajero","vehicleDerivative":"5DR SUV AUTO COMM","vehiclePriceEuro":0,"vehicleYearOfManufacture":2006,"advertiserCounty":"Kildare","isPSL":false,"privatePSL":false,"vehicleImageId":"db21fe31-fe42-4ea0-9ad0-56342918a9d1","imagecount":6,"advertiserName":"Merlin Car Auctions","isTrade":true},{"advertId":"713267125961770","vehicleMake":"Mitsubishi","vehicleModel":"Pajero","vehicleDerivative":"CK 3.2 PASS SWB","vehiclePriceEuro":0,"vehicleYearOfManufacture":2006,"advertiserCounty":"Galway","isPSL":true,"privatePSL":false,"vehicleImageId":"c09493fc-2f00-4030-9c82-ea81c85850de","imagecount":9,"advertiserName":"Al Hayes Motors Ltd","isTrade":true},{"advertId":"413242826314580","vehicleMake":"Mitsubishi","vehicleModel":"Pajero","vehicleDerivative":"3.2 DI-D LWB GLS","vehiclePriceEuro":19500,"vehicleYearOfManufacture":2005,"advertiserCounty":"Kildare","isPSL":false,"privatePSL":false,"vehicleImageId":"df7695fd-3b71-4e75-bb8d-a54c3b50550b","imagecount":5,"advertiserName":"Ray Crofton Ltd.","isTrade":true},{"advertId":"201303211982333","vehicleMake":"Mitsubishi","vehicleModel":"Pajero","vehicleDerivative":"3.2 5DR AUTO PASSANGER (7 SEAT)","vehiclePriceEuro":16300,"vehicleYearOfManufacture":2005,"advertiserCounty":"Dublin","isPSL":true,"privatePSL":false,"vehicleImageId":"14269834","imagecount":9,"isTrade":false},{"advertId":"613240272998350","vehicleMake":"Mitsubishi","vehicleModel":"Pajero","vehicleDerivative":"3.2Td 7Seat GLS Auto","vehiclePriceEuro":13950,"vehicleYearOfManufacture":2005,"advertiserCounty":"Clare","isPSL":false,"privatePSL":false,"vehicleImageId":"5ea1a75e-7def-408c-ac4b-8758a359c9b9","imagecount":9,"advertiserName":"Liam Cleary Car Sales","isTrade":true},{"advertId":"201305212228135","vehicleMake":"Mitsubishi","vehicleModel":"Pajero","vehicleDerivative":"3.2 LWB 5DR 52","vehiclePriceEuro":10000,"vehicleYearOfManufacture":2005,"advertiserCounty":"Meath","isPSL":true,"privatePSL":false,"imagecount":0,"isTrade":false},{"advertId":"32013494361094940","vehicleMake":"Mitsubishi","vehicleModel":"Pajero","vehicleDerivative":"CK 3.2  /€1000 OFF FOR ONE WEEK","vehiclePriceEuro":9950,"vehicleYearOfManufacture":2005,"advertiserCounty":"Dublin","isPSL":false,"privatePSL":false,"vehicleImageId":"35c135c6-706c-4775-9021-cfba9ff3f305","imagecount":9,"advertiserName":"Lusk Motor Group","isTrade":true},{"advertId":"34413620486528210","vehicleMake":"Mitsubishi","vehicleModel":"Pajero","vehicleDerivative":"AUTOMATIC 7SEATER *FULL LEATHER SEATS*LOW MILLAGE*","vehiclePriceEuro":9500,"vehicleYearOfManufacture":2005,"advertiserCounty":"Galway","isPSL":true,"privatePSL":false,"vehicleImageId":"16eb69d6-8305-4d37-ba86-424afd245983","imagecount":11,"advertiserName":"Al Hayes Motors Ltd","isTrade":true},{"advertId":"201247211120446","vehicleMake":"Mitsubishi","vehicleModel":"Pajero","vehicleDerivative":"2.5 EQUIPPE 05DR","vehiclePriceEuro":9000,"vehicleYearOfManufacture":2005,"advertiserCounty":"Kerry","isPSL":true,"privatePSL":false,"vehicleImageId":"11232335","imagecount":6,"isTrade":false},{"advertId":"6213348329922990","vehicleMake":"Mitsubishi","vehicleModel":"Pajero","vehicleDerivative":"3.2 LWB....AUTO.....NCT 01/15....TAXED 04/13","vehiclePriceEuro":8995,"vehicleYearOfManufacture":2005,"advertiserCounty":"Dublin","isPSL":false,"privatePSL":false,"vehicleImageId":"d9c87796-6afe-4221-9e72-9cd7e3c1592f","imagecount":14,"advertiserName":"Jim Rock Motors Ltd","isTrade":true},{"advertId":"31113587799852650","vehicleMake":"Mitsubishi","vehicleModel":"Pajero","vehicleDerivative":"CK 3.2 COMMERCIAL","vehiclePriceEuro":8950,"vehicleYearOfManufacture":2005,"advertiserCounty":"Dublin","isPSL":true,"privatePSL":false,"vehicleImageId":"62479aa6-08d2-4902-a378-eb2ea88a0471","imagecount":6,"advertiserName":"Castle Rock Motors","isTrade":true},{"advertId":"34213619681464270","vehicleMake":"Mitsubishi","vehicleModel":"Pajero","vehicleDerivative":"3.2 LWB 5DR 52","vehiclePriceEuro":8750,"vehicleYearOfManufacture":2005,"advertiserCounty":"Dublin","isPSL":true,"privatePSL":false,"vehicleImageId":"3d0b734d-fce3-4a79-96f6-a0c39f10cc3a","imagecount":8,"advertiserName":"Harford Motor Co. Ltd","isTrade":true},{"advertId":"7013383905507730","vehicleMake":"Mitsubishi","vehicleModel":"Pajero","vehicleDerivative":"SWB","vehiclePriceEuro":8500,"vehicleYearOfManufacture":2005,"advertiserCounty":"Galway","isPSL":true,"privatePSL":false,"vehicleImageId":"deb4a3c2-0e5e-439b-b459-d58362486bcc","imagecount":9,"advertiserName":"Al Hayes Motors Ltd","isTrade":true},{"advertId":"31413572178365200","vehicleMake":"Mitsubishi","vehicleModel":"Pajero","vehicleDerivative":"7 SEAT FULL BLACK LEATHER","vehiclePriceEuro":8495,"vehicleYearOfManufacture":2005,"advertiserCounty":"Dublin","isPSL":true,"privatePSL":false,"vehicleImageId":"f1d5490b-b936-4899-94b6-05f9e8a71377","imagecount":8,"advertiserName":"A S Cars","isTrade":true},{"advertId":"201247211059326","vehicleMake":"Mitsubishi","vehicleModel":"Pajero","vehiclePriceEuro":8000,"vehicleYearOfManufacture":2005,"advertiserCounty":"Dublin","isPSL":true,"privatePSL":false,"vehicleImageId":"13755302","imagecount":8,"isTrade":false},{"advertId":"201242210511378","vehicleMake":"Mitsubishi","vehicleModel":"Pajero","vehicleDerivative":"2.5 WARRIOR 05DR","vehiclePriceEuro":8000,"vehicleYearOfManufacture":2005,"advertiserCounty":"Dublin","isPSL":true,"privatePSL":false,"vehicleImageId":"14048794","imagecount":9,"isTrade":false},{"advertId":"5413318904757300","vehicleMake":"Mitsubishi","vehicleModel":"Pajero","vehicleDerivative":"LWB COMMERCIAL","vehiclePriceEuro":7950,"vehicleYearOfManufacture":2005,"advertiserCounty":"Dublin","isPSL":true,"privatePSL":false,"vehicleImageId":"96797511-686b-4a4c-a06e-1ff091c23abd","imagecount":10,"advertiserName":"Castle Rock Motors","isTrade":true},{"advertId":"201247211059364","vehicleMake":"Mitsubishi","vehicleModel":"Pajero","vehicleDerivative":"LWB 3.2 DID","vehiclePriceEuro":7800,"vehicleYearOfManufacture":2005,"advertiserCounty":"Meath","isPSL":true,"privatePSL":false,"vehicleImageId":"11221515","imagecount":7,"isTrade":false},{"advertId":"31413557415051330","vehicleMake":"Mitsubishi","vehicleModel":"Pajero","vehicleDerivative":"3.2 LWB, 1 OWNER","vehiclePriceEuro":7800,"vehicleYearOfManufacture":2005,"advertiserCounty":"Tipperary","isPSL":false,"privatePSL":false,"vehicleImageId":"7d415a28-9a2e-48a4-8760-2747220ccc5c","imagecount":11,"advertiserName":"O Neills of Cashel","isTrade":true},{"advertId":"201301211777245","vehicleMake":"Mitsubishi","vehicleModel":"Pajero","vehicleDerivative":"CK 3.2 COMMERCIAL","vehiclePriceEuro":7550,"vehicleYearOfManufacture":2005,"advertiserCounty":"Dublin","isPSL":true,"privatePSL":false,"vehicleImageId":"14241803","imagecount":2,"isTrade":false},{"advertId":"24813421723870570","vehicleMake":"Mitsubishi","vehicleModel":"Pajero","vehicleDerivative":"CK 3.2 COMMERCIAL","vehiclePriceEuro":7500,"vehicleYearOfManufacture":2005,"advertiserCounty":"Galway","isPSL":true,"privatePSL":false,"vehicleImageId":"1e8363fd-2114-4d3e-8cf7-f0cd290ab818","imagecount":10,"advertiserName":"Al Hayes Motors Ltd","isTrade":true},{"advertId":"32013587717110900","vehicleMake":"Mitsubishi","vehicleModel":"Pajero","vehicleDerivative":"3.2 COMMERCIAL * NEW DOE TEST * FULL PARTS AND LABOUR WARRANTY * TRADE-IN WELCOME * €6100 PLUS VAT = €7500","vehiclePriceEuro":7500,"vehicleYearOfManufacture":2005,"advertiserCounty":"Longford","isPSL":false,"privatePSL":false,"vehicleImageId":"d6497603-5041-4b0c-bbe8-ec19fee37df7","imagecount":20,"advertiserName":"JJ Reilly Cars.com (TDI Specialists)","isTrade":true},{"advertId":"613267119709400","vehicleMake":"Mitsubishi","vehicleModel":"Pajero","vehicleDerivative":"CK 3.2 COMMERCIAL LWB","vehiclePriceEuro":7500,"vehicleYearOfManufacture":2005,"advertiserCounty":"Galway","isPSL":true,"privatePSL":false,"vehicleImageId":"9717842d-3d5b-498a-b485-3d1aed8481f9","imagecount":7,"advertiserName":"Al Hayes Motors Ltd","isTrade":true},{"advertId":"713267127073040","vehicleMake":"Mitsubishi","vehicleModel":"Pajero","vehicleDerivative":"DID GLS AUTOMATIC","vehiclePriceEuro":7500,"vehicleYearOfManufacture":2005,"advertiserCounty":"Galway","isPSL":true,"privatePSL":false,"vehicleImageId":"f01610a5-65ff-45b1-8912-c0921e0b04c8","imagecount":5,"advertiserName":"Al Hayes Motors Ltd","isTrade":true},{"advertId":"713264498165110","vehicleMake":"Mitsubishi","vehicleModel":"Pajero","vehicleDerivative":"COMMERCIAL","vehiclePriceEuro":7500,"vehicleYearOfManufacture":2005,"advertiserCounty":"Limerick","isPSL":true,"privatePSL":false,"vehicleImageId":"7d95e98e-2c58-4ec4-ba7d-c9d74d0b0c13","imagecount":7,"advertiserName":"Limerick Motor Centre","isTrade":true},{"advertId":"613267100264990","vehicleMake":"Mitsubishi","vehicleModel":"Pajero","vehicleDerivative":"SPORT LWB A-CON","vehiclePriceEuro":7450,"vehicleYearOfManufacture":2005,"advertiserCounty":"Limerick","isPSL":false,"privatePSL":false,"vehicleImageId":"9d9c4c91-4f5d-4514-8183-da7380df69b3","imagecount":9,"advertiserName":"John Moloney Motors","isTrade":true},{"advertId":"201245210873000","vehicleMake":"Mitsubishi","vehicleModel":"Pajero","vehicleDerivative":"SPORT 2.5 D GLS DE LUXURY","vehiclePriceEuro":7400,"vehicleYearOfManufacture":2005,"advertiserCounty":"Meath","isPSL":true,"privatePSL":false,"vehicleImageId":"14109611","imagecount":9,"isTrade":false},{"advertId":"31913541916541140","vehicleMake":"Mitsubishi","vehicleModel":"Pajero","vehicleDerivative":"CK 3.2 COMMERCIAL","vehiclePriceEuro":6950,"vehicleYearOfManufacture":2005,"advertiserCounty":"Galway","isPSL":true,"privatePSL":false,"vehicleImageId":"53fd558d-94bf-474f-b3b0-230a2a49a815","imagecount":12,"advertiserName":"Al Hayes Motors Ltd","isTrade":true},{"advertId":"33213600667984320","vehicleMake":"Mitsubishi","vehicleModel":"Pajero","vehicleDerivative":"2.5 SWB COMMERCIAL","vehiclePriceEuro":6900,"vehicleYearOfManufacture":2005,"advertiserCounty":"Mayo","isPSL":false,"privatePSL":false,"vehicleImageId":"2b3fd136-44bd-445e-b662-3463dc8a18cc","imagecount":7,"advertiserName":"Cosgraves Garage Ltd","isTrade":true},{"advertId":"30613485835416910","vehicleMake":"Mitsubishi","vehicleModel":"Pajero","vehicleDerivative":"3.2 SWB NEW D.O.E","vehiclePriceEuro":6495,"vehicleYearOfManufacture":2005,"advertiserCounty":"Dublin","isPSL":true,"privatePSL":false,"vehicleImageId":"97c11785-2d07-42b2-a279-96f521ba022d","imagecount":10,"advertiserName":"A S Cars","isTrade":true},{"advertId":"201246211015840","vehicleMake":"Mitsubishi","vehicleModel":"Pajero","vehicleDerivative":"SPORT LWB A-CON","vehiclePriceEuro":6200,"vehicleYearOfManufacture":2005,"advertiserCounty":"Dublin","isPSL":true,"privatePSL":false,"vehicleImageId":"14145615","imagecount":8,"isTrade":false},{"advertId":"33213618086152890","vehicleMake":"Mitsubishi","vehicleModel":"Pajero","vehicleDerivative":"SPORT LWB A-CON","vehiclePriceEuro":5995,"vehicleYearOfManufacture":2005,"advertiserCounty":"Limerick","isPSL":false,"privatePSL":false,"vehicleImageId":"e6608dcd-8217-475e-8cc6-b9f476e812cc","imagecount":5,"advertiserName":"Singland Motors","isTrade":true},{"advertId":"5113303636382370","vehicleMake":"Mitsubishi","vehicleModel":"Pajero","vehicleDerivative":"SPORT LWB A-CON","vehiclePriceEuro":5995,"vehicleYearOfManufacture":2005,"advertiserCounty":"Kildare","isPSL":true,"privatePSL":false,"vehicleImageId":"448b0b7c-1cc9-4978-adba-a0bce9423ddd","imagecount":7,"advertiserName":"Olympic Car Sales","isTrade":true},{"advertId":"31113499665419410","vehicleMake":"Mitsubishi","vehicleModel":"Pajero","vehicleDerivative":"SWB","vehiclePriceEuro":5950,"vehicleYearOfManufacture":2005,"advertiserCounty":"Cork","isPSL":false,"privatePSL":false,"vehicleImageId":"0925bf9f-38da-4dd2-b11f-a637b19c57c0","imagecount":3,"advertiserName":"Nyhan Motors","isTrade":true},{"advertId":"33413606962354960","vehicleMake":"Mitsubishi","vehicleModel":"Pajero","vehicleDerivative":"SPORT 2.5 TD GLS Commercial","vehiclePriceEuro":5950,"vehicleYearOfManufacture":2005,"advertiserCounty":"Limerick","isPSL":false,"privatePSL":false,"vehicleImageId":"81821b77-fffa-4d87-8431-bb60548e0c06","imagecount":11,"advertiserName":"Tom Lane 4x4 Centre","isTrade":true},{"advertId":"34113619851132570","vehicleMake":"Mitsubishi","vehicleModel":"Pajero","vehicleDerivative":"SPORT LWB A-CON","vehiclePriceEuro":5850,"vehicleYearOfManufacture":2005,"advertiserCounty":"Donegal","isPSL":false,"privatePSL":false,"vehicleImageId":"50a8f72b-21a4-46fe-ba61-5401edb829e3","imagecount":10,"advertiserName":"Paddy Doherty Car Sales","isTrade":true},{"advertId":"31413579181747140","vehicleMake":"Mitsubishi","vehicleModel":"Pajero","vehicleDerivative":"SPORT LWB A-CON","vehiclePriceEuro":5500,"vehicleYearOfManufacture":2005,"advertiserCounty":"Dublin","isPSL":true,"privatePSL":false,"vehicleImageId":"46ef2fa2-295e-4d80-83e0-9d634527bbf7","imagecount":3,"advertiserName":"Castle Rock Motors","isTrade":true},{"advertId":"31813504022832600","vehicleMake":"Mitsubishi","vehicleModel":"Pajero","vehicleDerivative":"SPORT LWB A-CON","vehiclePriceEuro":5500,"vehicleYearOfManufacture":2005,"advertiserCounty":"Cork","isPSL":false,"privatePSL":false,"vehicleImageId":"4d4ad6d2-6e70-47e7-968d-b54c126756ef","imagecount":7,"advertiserName":"Jonathan O Brien Cars","isTrade":true},{"advertId":"34213614823864950","vehicleMake":"Mitsubishi","vehicleModel":"Pajero","vehicleDerivative":"SPORT LWB A-CON","vehiclePriceEuro":5350,"vehicleYearOfManufacture":2005,"advertiserCounty":"Dublin","isPSL":false,"privatePSL":false,"vehicleImageId":"1a3e8570-6708-4e34-822d-16f11384e3bc","imagecount":10,"advertiserName":"Clifford Barron Auto Solutions","isTrade":true},{"advertId":"31813582018894590","vehicleMake":"Mitsubishi","vehicleModel":"Pajero","vehicleDerivative":"SPORT 2.5 D GLS DE LUXURY","vehiclePriceEuro":4950,"vehicleYearOfManufacture":2005,"advertiserCounty":"Cork","isPSL":false,"privatePSL":false,"vehicleImageId":"0db0575f-bb73-49e6-8b8e-b3c63bf4d334","imagecount":8,"advertiserName":"Jonathan O Brien Cars","isTrade":true},{"advertId":"34313622218712010","vehicleMake":"Mitsubishi","vehicleModel":"Pajero","vehicleDerivative":"SPORT LWB A-CON","vehiclePriceEuro":4750,"vehicleYearOfManufacture":2005,"advertiserCounty":"Wexford","isPSL":false,"privatePSL":false,"vehicleImageId":"19f07af6-d809-4ce8-a96a-1ee65ca79366","imagecount":8,"advertiserName":"T Kenny Car Sales","isTrade":true},{"advertId":"33213618721729680","vehicleMake":"Mitsubishi","vehicleModel":"Pajero","vehicleDerivative":"SPORT LWB A-CON","vehiclePriceEuro":4750,"vehicleYearOfManufacture":2005,"advertiserCounty":"Wexford","isPSL":false,"privatePSL":false,"imagecount":0,"advertiserName":"T Kenny Car Sales","isTrade":true},{"advertId":"34413617705983250","vehicleMake":"Mitsubishi","vehicleModel":"Pajero","vehicleDerivative":"CK 3.2 Comm 5DR Manual","vehiclePriceEuro":0,"vehicleYearOfManufacture":2005,"advertiserCounty":"Kildare","isPSL":false,"privatePSL":false,"vehicleImageId":"2ad66af5-b943-45f3-a16d-d330e4f802de","imagecount":6,"advertiserName":"Merlin Car Auctions","isTrade":true},{"advertId":"201305212273157","vehicleMake":"Mitsubishi","vehicleModel":"Pajero","vehiclePriceEuro":8500,"vehicleYearOfManufacture":2004,"advertiserCounty":"Mayo","isPSL":true,"privatePSL":false,"vehicleImageId":"13962712","imagecount":3,"isTrade":false},{"advertId":"201303211982219","vehicleMake":"Mitsubishi","vehicleModel":"Pajero","vehicleDerivative":"DX SWB 3DR 31","vehiclePriceEuro":8000,"vehicleYearOfManufacture":2004,"advertiserCounty":"Wicklow","isPSL":true,"privatePSL":false,"vehicleImageId":"14269620","imagecount":6,"isTrade":false},{"advertId":"201307212433041","vehicleMake":"Mitsubishi","vehicleModel":"Pajero","vehicleDerivative":"3.2 DID","vehiclePriceEuro":7250,"vehicleYearOfManufacture":2004,"advertiserCounty":"Donegal","isPSL":true,"privatePSL":false,"vehicleImageId":"14006944","imagecount":5,"isTrade":false},{"advertId":"201304212160039","vehicleMake":"Mitsubishi","vehicleModel":"Pajero","vehicleDerivative":"CK 3.2 PASS","vehiclePriceEuro":7250,"vehicleYearOfManufacture":2004,"advertiserCounty":"Westmeath","isPSL":true,"privatePSL":false,"vehicleImageId":"13934208","imagecount":9,"isTrade":false},{"advertId":"201244210802206","vehicleMake":"Mitsubishi","vehicleModel":"Pajero","vehiclePriceEuro":6950,"vehicleYearOfManufacture":2004,"advertiserCounty":"Longford","isPSL":true,"privatePSL":false,"vehicleImageId":"14097189","imagecount":3,"isTrade":false},{"advertId":"201243210626793","vehicleMake":"Mitsubishi","vehicleModel":"Pajero","vehicleDerivative":"3.2","vehiclePriceEuro":6800,"vehicleYearOfManufacture":2004,"advertiserCounty":"Meath","isPSL":true,"privatePSL":false,"vehicleImageId":"14068888","imagecount":6,"isTrade":false},{"advertId":"201243210671841","vehicleMake":"Mitsubishi","vehicleModel":"Pajero","vehicleDerivative":"DID  SWB 03DR","vehiclePriceEuro":6500,"vehicleYearOfManufacture":2004,"advertiserCounty":"Dublin","isPSL":true,"privatePSL":false,"vehicleImageId":"14078651","imagecount":9,"isTrade":false},{"advertId":"201246210990087","vehicleMake":"Mitsubishi","vehicleModel":"Pajero","vehiclePriceEuro":6200,"vehicleYearOfManufacture":2004,"advertiserCounty":"Dublin","isPSL":true,"privatePSL":false,"vehicleImageId":"14142470","imagecount":1,"isTrade":false},{"advertId":"201245210884889","vehicleMake":"Mitsubishi","vehicleModel":"Pajero","vehicleDerivative":"2.5 Turbo Diesel","vehiclePriceEuro":6200,"vehicleYearOfManufacture":2004,"advertiserCounty":"Dublin","isPSL":true,"privatePSL":false,"vehicleImageId":"14111436","imagecount":6,"isTrade":false},{"advertId":"29813446901533530","vehicleMake":"Mitsubishi","vehicleModel":"Pajero","vehicleDerivative":"7 seater Auto Tax 11/12 ELEGANCE 5DR Massive Spec","vehiclePriceEuro":5950,"vehicleYearOfManufacture":2004,"advertiserCounty":"Dublin","isPSL":false,"privatePSL":false,"vehicleImageId":"199f7551-3ec9-4e91-9284-be6644fb5a03","imagecount":20,"advertiserName":"Coby Motor Company","isTrade":true},{"advertId":"31913567951828110","vehicleMake":"Mitsubishi","vehicleModel":"Pajero","vehicleDerivative":"CK 3.2 COMMERCIAL","vehiclePriceEuro":5950,"vehicleYearOfManufacture":2004,"advertiserCounty":"Clare","isPSL":false,"privatePSL":false,"vehicleImageId":"faadc009-4ba3-4414-9dff-57367fe42cfb","imagecount":6,"advertiserName":"David Murphy Car Sales","isTrade":true},{"advertId":"24113419951918070","vehicleMake":"Mitsubishi","vehicleModel":"Pajero","vehicleDerivative":"3.2DiD","vehiclePriceEuro":5750,"vehicleYearOfManufacture":2004,"advertiserCounty":"Dublin","isPSL":false,"privatePSL":false,"vehicleImageId":"907303df-6ea4-4b0c-8dd9-9aa8591bf142","imagecount":10,"advertiserName":"Paddy Connolly Motors (The Glen Garage Estd.1956)","isTrade":true},{"advertId":"201250211384236","vehicleMake":"Mitsubishi","vehicleModel":"Pajero","vehicleDerivative":"2.5 TD WARRIOR 05DR","vehiclePriceEuro":5500,"vehicleYearOfManufacture":2004,"advertiserCounty":"Kilkenny","isPSL":true,"privatePSL":false,"vehicleImageId":"14203012","imagecount":9,"isTrade":false},{"advertId":"15613407259928640","vehicleMake":"Mitsubishi","vehicleModel":"Pajero","vehicleDerivative":"CK 3.2 COMMERCIAL","vehiclePriceEuro":5250,"vehicleYearOfManufacture":2004,"advertiserCounty":"Dublin","isPSL":false,"privatePSL":false,"vehicleImageId":"6772665d-3987-4eeb-b6c5-7665e5e52057","imagecount":4,"advertiserName":"Blanchardstown 4x4","isTrade":true},{"advertId":"201302211870711","vehicleMake":"Mitsubishi","vehicleModel":"Pajero","vehicleDerivative":"SPORT LWB A-CON","vehiclePriceEuro":3900,"vehicleYearOfManufacture":2004,"advertiserCounty":"Cork","isPSL":true,"privatePSL":false,"vehicleImageId":"14255421","imagecount":4,"isTrade":false},{"advertId":"33413603136751920","vehicleMake":"Mitsubishi","vehicleModel":"Pajero","vehicleDerivative":"2.5 TD SWB COMM","vehiclePriceEuro":6000,"vehicleYearOfManufacture":2003,"advertiserCounty":"Tipperary","isPSL":false,"privatePSL":false,"vehicleImageId":"652e502a-d75a-4f68-9c01-10863828c4ee","imagecount":7,"advertiserName":"Cahir 4x4 Centre","isTrade":true},{"advertId":"32913608553160920","vehicleMake":"Mitsubishi","vehicleModel":"Pajero","vehicleDerivative":"DX SWB 3DR 31","vehiclePriceEuro":5950,"vehicleYearOfManufacture":2003,"advertiserCounty":"Dublin","isPSL":true,"privatePSL":false,"vehicleImageId":"bae306d6-f8b5-4aa0-8321-efeefa0f733f","imagecount":6,"advertiserName":"Castle Rock Motors","isTrade":true},{"advertId":"31913497822726500","vehicleMake":"Mitsubishi","vehicleModel":"Pajero","vehicleDerivative":"SWB","vehiclePriceEuro":5950,"vehicleYearOfManufacture":2003,"advertiserCounty":"Carlow","isPSL":false,"privatePSL":false,"vehicleImageId":"9079ed84-245f-4b3d-beaf-bedf31d4a57a","imagecount":7,"advertiserName":"Michael Lyng Motors Carlow","isTrade":true},{"advertId":"201250211448123","vehicleMake":"Mitsubishi","vehicleModel":"Pajero","vehicleDerivative":"DID WARRIOR 3.2","vehiclePriceEuro":5800,"vehicleYearOfManufacture":2003,"advertiserCounty":"Kildare","isPSL":true,"privatePSL":false,"vehicleImageId":"13834370","imagecount":1,"isTrade":false},{"advertId":"34013603532547470","vehicleMake":"Mitsubishi","vehicleModel":"Pajero","vehicleDerivative":"CK 3.2 PASS","vehiclePriceEuro":5750,"vehicleYearOfManufacture":2003,"advertiserCounty":"Dublin","isPSL":false,"privatePSL":false,"vehicleImageId":"41cfb574-0d6d-4055-8ef8-687cddb63502","imagecount":7,"advertiserName":"Brians Autoworld","isTrade":true},{"advertId":"6913382969199200","vehicleMake":"Mitsubishi","vehicleModel":"Pajero","vehicleDerivative":"SPORT 2.5 D GLS","vehiclePriceEuro":5500,"vehicleYearOfManufacture":2003,"advertiserCounty":"Limerick","isPSL":true,"privatePSL":false,"vehicleImageId":"b5f2e2e3-382e-4d81-8bce-542df19c687a","imagecount":12,"advertiserName":"Limerick Motor Centre","isTrade":true},{"advertId":"31713589449642790","vehicleMake":"Mitsubishi","vehicleModel":"Pajero","vehicleDerivative":"SPORT 2.5 D GLS","vehiclePriceEuro":5255,"vehicleYearOfManufacture":2003,"advertiserCounty":"Dublin","isPSL":true,"privatePSL":false,"vehicleImageId":"f4537ad3-d318-403c-ab5a-da0e9ac1416b","imagecount":7,"advertiserName":"Castle Rock Motors","isTrade":true},{"advertId":"6813386298851030","vehicleMake":"Mitsubishi","vehicleModel":"Pajero","vehicleDerivative":"SPORT 2.5 D GLS","vehiclePriceEuro":5250,"vehicleYearOfManufacture":2003,"advertiserCounty":"Dublin","isPSL":true,"privatePSL":false,"vehicleImageId":"2573b939-369a-4c2b-9ac1-11a65392e7a4","imagecount":11,"advertiserName":"Castle Rock Motors","isTrade":true},{"advertId":"31813594755251660","vehicleMake":"Mitsubishi","vehicleModel":"Pajero","vehicleDerivative":"SWB","vehiclePriceEuro":4950,"vehicleYearOfManufacture":2003,"advertiserCounty":"Wicklow","isPSL":false,"privatePSL":false,"vehicleImageId":"22c849c4-456a-4a8a-990a-d06aafb0cc1c","imagecount":5,"advertiserName":"Avon Motors","isTrade":true},{"advertId":"31813548084715380","vehicleMake":"Mitsubishi","vehicleModel":"Pajero","vehicleDerivative":"SPORT 2.5 D GLS nct 02/14,  excellent condition , excellent driver","vehiclePriceEuro":4900,"vehicleYearOfManufacture":2003,"advertiserCounty":"Kildare","isPSL":false,"privatePSL":false,"vehicleImageId":"9162c0d9-d0f0-4fc3-bb13-970e96f2df14","imagecount":9,"advertiserName":"Sean Boland Car Sales (Clane)","isTrade":true},{"advertId":"30513463362835780","vehicleMake":"Mitsubishi","vehicleModel":"Pajero","vehicleDerivative":"SPORT LWB A-CON","vehiclePriceEuro":4750,"vehicleYearOfManufacture":2003,"advertiserCounty":"Tipperary","isPSL":false,"privatePSL":false,"vehicleImageId":"0e60bacf-620e-43da-8c10-3c5fcfccbff2","imagecount":7,"advertiserName":"Jim Strang & Sons","isTrade":true},{"advertId":"33913601679478130","vehicleMake":"Mitsubishi","vehicleModel":"Pajero","vehicleDerivative":"SPORT LWB A-CON","vehiclePriceEuro":3800,"vehicleYearOfManufacture":2003,"advertiserCounty":"Tipperary","isPSL":false,"privatePSL":false,"vehicleImageId":"031b5871-1f74-4a98-9147-be27957eb5b9","imagecount":5,"advertiserName":"Cathal O'Brien Car sales","isTrade":true},{"advertId":"31213488344916090","vehicleMake":"Mitsubishi","vehicleModel":"Pajero","vehicleDerivative":"SWB DOE 06/2013","vehiclePriceEuro":2950,"vehicleYearOfManufacture":2003,"advertiserCounty":"Clare","isPSL":false,"privatePSL":false,"vehicleImageId":"e2d096ca-8d50-45a4-bca5-a634312497cf","imagecount":7,"advertiserName":"Hogan Motors Ennis","isTrade":true},{"advertId":"34113621197667710","vehicleMake":"Mitsubishi","vehicleModel":"Pajero","vehicleDerivative":"L200 Warrior Crew CAB 4DR MANUAL","vehiclePriceEuro":0,"vehicleYearOfManufacture":2003,"advertiserCounty":"Kildare","isPSL":false,"privatePSL":false,"vehicleImageId":"da1201d6-6fc1-4aa4-9b50-64741b3d1bd1","imagecount":6,"advertiserName":"Merlin Car Auctions","isTrade":true},{"advertId":"413261045318700","vehicleMake":"Mitsubishi","vehicleModel":"Pajero","vehicleDerivative":"2.5TD GLS COMMERCIAL","vehiclePriceEuro":0,"vehicleYearOfManufacture":2003,"advertiserCounty":"Carlow","isPSL":false,"privatePSL":false,"vehicleImageId":"d81c1d1e-096c-4271-8eba-963bb045b1ab","imagecount":9,"advertiserName":"Corrigan Cars","isTrade":true},{"advertId":"201304212115085","vehicleMake":"Mitsubishi","vehicleModel":"Pajero","vehicleDerivative":"CK 2.5 COMMERCIAL","vehiclePriceEuro":6000,"vehicleYearOfManufacture":2002,"advertiserCounty":"Clare","isPSL":true,"privatePSL":false,"vehicleImageId":"14286098","imagecount":5,"isTrade":false},{"advertId":"201249211320122","vehicleMake":"Mitsubishi","vehicleModel":"Pajero","vehiclePriceEuro":5750,"vehicleYearOfManufacture":2002,"advertiserCounty":"Tipperary","isPSL":true,"privatePSL":false,"vehicleImageId":"14194948","imagecount":4,"isTrade":false},{"advertId":"201303211959908","vehicleMake":"Mitsubishi","vehicleModel":"Pajero","vehiclePriceEuro":5500,"vehicleYearOfManufacture":2002,"advertiserCounty":"Kerry","isPSL":true,"privatePSL":false,"vehicleImageId":"13906673","imagecount":1,"isTrade":false},{"advertId":"29613481414245690","vehicleMake":"Mitsubishi","vehicleModel":"Pajero","vehicleDerivative":"GLS 3DR 31","vehiclePriceEuro":5450,"vehicleYearOfManufacture":2002,"advertiserCounty":"Waterford","isPSL":false,"privatePSL":false,"vehicleImageId":"6cde8363-bf71-4bae-97c4-072f5f510ea8","imagecount":6,"advertiserName":"The Sweep Garage","isTrade":true},{"advertId":"201309212649640","vehicleMake":"Mitsubishi","vehicleModel":"Pajero","vehicleDerivative":"CK 2.5","vehiclePriceEuro":5000,"vehicleYearOfManufacture":2002,"advertiserCounty":"Laois","isPSL":true,"privatePSL":false,"vehicleImageId":"14374689","imagecount":1,"isTrade":false}],"totalAdvertCount":45174}