{"adverts":[{"advertId":"31813575786625670","vehicleMake":"BMW","vehicleModel":"5 Series","vehicleDerivative":"535d M Sport","vehiclePriceEuro":29945,"vehicleYearOfManufacture":2009,"advertiserCounty":"Sligo","isPSL":false,"privatePSL":false,"vehicleImageId":"f05daebd-bcd2-4cde-bbe4-85800db4742b","imagecount":8,"advertiserName":"Martin Reilly","isTrade":true},{"advertId":"201309212674154","vehicleMake":"BMW","vehicleModel":"5 Series","vehicleDerivative":"D SE SALOON LCI A/T NX32 E60 N47 2.0","vehiclePriceEuro":28950,"vehicleYearOfManufacture":2009,"advertiserCounty":"Dublin","isPSL":true,"privatePSL":false,"vehicleImageId":"14040555","imagecount":9,"isTrade":false},{"advertId":"33913613542935250","vehicleMake":"BMW","vehicleModel":"5 Series","vehicleDerivative":"520d M Sport Saloon","vehiclePriceEuro":28950,"vehicleYearOfManufacture":2009,"advertiserCounty":"Dublin","isPSL":true,"privatePSL":false,"vehicleImageId":"bbe5a3a0-8596-459d-a9c0-32e003284f12","imagecount":9,"advertiserName":"Murphy and Gunn (BMW)","isTrade":true},{"advertId":"34113609256186700","vehicleMake":"BMW","vehicleModel":"5 Series","vehicleDerivative":"520d SE Saloon","vehiclePriceEuro":28900,"vehicleYearOfManufacture":2009,"advertiserCounty":"Cork","isPSL":true,"privatePSL":false,"vehicleImageId":"f196a671-a2b8-4c25-a6e6-cfcac5312bb4","imagecount":6,"advertiserName":"Kearys Eastgate","isTrade":true},{"advertId":"34313621383473400","vehicleMake":"BMW","vehicleModel":"5 Series","vehicleDerivative":"520d M SPORT Auto 4DR ","vehiclePriceEuro":28495,"vehicleYearOfManufacture":2009,"advertiserCounty":"Dublin","isPSL":false,"privatePSL":false,"vehicleImageId":"a977be9a-4bcd-4b5a-a2e8-07a3321e1e37","imagecount":1,"advertiserName":"Joe Duffy","isTrade":true},{"advertId":"33413621176894770","vehicleMake":"BMW","vehicleModel":"5 Series","vehicleDerivative":"520d M Sport Saloon","vehiclePriceEuro":28495,"vehicleYearOfManufacture":2009,"advertiserCounty":"Dublin","isPSL":true,"privatePSL":false,"vehicleImageId":"9ca441a1-0a24-4df5-91b1-e2f064117ff5","imagecount":1,"advertiserName":"Joe Duffy BMW","isTrade":true},{"advertId":"34313618584938970","vehicleMake":"BMW","vehicleModel":"5 Series","vehicleDerivative":"520d M Sport Saloon","vehiclePriceEuro":28495,"vehicleYearOfManufacture":2009,"advertiserCounty":"Dublin","isPSL":true,"privatePSL":false,"vehicleImageId":"d0c11d89-ea75-4af8-aea5-56df3e02e42e","imagecount":1,"advertiserName":"Joe Duffy BMW","isTrade":true},{"advertId":"33213623984554720","vehicleMake":"BMW","vehicleModel":"5 Series","vehicleDerivative":"AUTO M-SPORT BUSINESS EDITION","vehiclePriceEuro":28450,"vehicleYearOfManufacture":2009,"advertiserCounty":"Dublin","isPSL":true,"privatePSL":false,"vehicleImageId":"2d49e568-7f84-4bc2-988a-24f6cf53402f","imagecount":9,"advertiserName":"Mongey Plunkett Motors","isTrade":true},{"advertId":"201247211100192","vehicleMake":"BMW","vehicleModel":"5 Series","vehicleDerivative":"520 D E60 M SPORT BUS EDITION 4DR","vehiclePriceEuro":27000,"vehicleYearOfManufacture":2009,"advertiserCounty":"Kildare","isPSL":true,"privatePSL":false,"vehicleImageId":"14159119","imagecount":7,"isTrade":false},{"advertId":"33213619448952460","vehicleMake":"BMW","vehicleModel":"5 Series","vehicleDerivative":"520d M Sport Saloon","vehiclePriceEuro":26995,"vehicleYearOfManufacture":2009,"advertiserCounty":"Westmeath","isPSL":true,"privatePSL":false,"vehicleImageId":"cbe25d08-57da-49c5-812e-0abcdebf034d","imagecount":9,"advertiserName":"Colm Quinn BMW","isTrade":true},{"advertId":"32113577484509610","vehicleMake":"BMW","vehicleModel":"5 Series","vehicleDerivative":"520D M Sport Business Edition Auto","vehiclePriceEuro":26995,"vehicleYearOfManufacture":2009,"advertiserCounty":"Limerick","isPSL":true,"privatePSL":false,"vehicleImageId":"49a25508-b637-4ec4-82d5-ffdbbb59a092","imagecount":12,"advertiserName":"AutoXpress.ie","isTrade":true},{"advertId":"34213600054095270","vehicleMake":"BMW","vehicleModel":"5 Series","vehicleDerivative":"520 D M SPORT BUSINESS EDITION ZSB0 4DR AUTO","vehiclePriceEuro":26950,"vehicleYearOfManufacture":2009,"advertiserCounty":"Cork","isPSL":false,"privatePSL":false,"vehicleImageId":"cd3e0ebc-9046-4d1b-94f4-66d81aa02486","imagecount":20,"advertiserName":"Dan Seaman Motors (Hyundai & Mitsubishi)","isTrade":true},{"advertId":"32113577982791740","vehicleMake":"BMW","vehicleModel":"5 Series","vehicleDerivative":"520d M Sport Saloon","vehiclePriceEuro":26950,"vehicleYearOfManufacture":2009,"advertiserCounty":"Dublin","isPSL":true,"privatePSL":false,"vehicleImageId":"e5677b26-ced6-42e1-b223-2b5bb384a72c","imagecount":9,"advertiserName":"Murphy and Gunn (BMW)","isTrade":true},{"advertId":"30613492550743370","vehicleMake":"BMW","vehicleModel":"5 Series","vehicleDerivative":"520d SE Saloon","vehiclePriceEuro":26900,"vehicleYearOfManufacture":2009,"advertiserCounty":"Cork","isPSL":true,"privatePSL":false,"vehicleImageId":"1f76a209-930d-4af7-8ae4-2ec520c521d8","imagecount":9,"advertiserName":"Kearys BMW","isTrade":true},{"advertId":"31913584311837680","vehicleMake":"BMW","vehicleModel":"5 Series","vehicleDerivative":"520d SE Saloon","vehiclePriceEuro":26900,"vehicleYearOfManufacture":2009,"advertiserCounty":"Cork","isPSL":true,"privatePSL":false,"vehicleImageId":"0bef20fe-e2b0-48a1-91e1-4aef39f24c5b","imagecount":6,"advertiserName":"Kearys Eastgate","isTrade":true},{"advertId":"33913607766514250","vehicleMake":"BMW","vehicleModel":"5 Series","vehicleDerivative":"520D SE *AUTO*SATNAV*LEATHER*LOWMILEAGE*","vehiclePriceEuro":26450,"vehicleYearOfManufacture":2009,"advertiserCounty":"Dublin","isPSL":true,"privatePSL":false,"vehicleImageId":"e81379d4-f1ee-4237-8b0e-36475f5503db","imagecount":14,"advertiserName":"Faichney Ringwood (Spirit Premium)","isTrade":true},{"advertId":"33913609945052460","vehicleMake":"BMW","vehicleModel":"5 Series","vehicleDerivative":"520d SE Business Edition Saloon","vehiclePriceEuro":25995,"vehicleYearOfManufacture":2009,"advertiserCounty":"Tipperary","isPSL":true,"privatePSL":false,"vehicleImageId":"51523035-21eb-4722-9eb0-ddbd34bbf434","imagecount":9,"advertiserName":"Morrison BMW","isTrade":true},{"advertId":"32013582353864870","vehicleMake":"BMW","vehicleModel":"5 Series","vehicleDerivative":"520d SE Saloon","vehiclePriceEuro":25995,"vehicleYearOfManufacture":2009,"advertiserCounty":"Westmeath","isPSL":true,"privatePSL":false,"vehicleImageId":"43feaaed-3d57-437b-ac65-6088544e37d5","imagecount":1,"advertiserName":"Colm Quinn BMW","isTrade":true},{"advertId":"33213618584937530","vehicleMake":"BMW","vehicleModel":"5 Series","vehicleDerivative":"520d SE Business Edition Saloon","vehiclePriceEuro":25995,"vehicleYearOfManufacture":2009,"advertiserCounty":"Westmeath","isPSL":true,"privatePSL":false,"vehicleImageId":"5318099f-62db-46ae-9222-3fdcc3018ebc","imagecount":9,"advertiserName":"Colm Quinn BMW","isTrade":true},{"advertId":"34013607353062540","vehicleMake":"BMW","vehicleModel":"5 Series","vehicleDerivative":"520d SE Saloon","vehiclePriceEuro":25950,"vehicleYearOfManufacture":2009,"advertiserCounty":"Dublin","isPSL":true,"privatePSL":false,"vehicleImageId":"e412bca4-08d9-45d9-9ccf-9cb0b737dbce","imagecount":9,"advertiserName":"Murphy and Gunn (BMW)","isTrade":true},{"advertId":"33913601305022640","vehicleMake":"BMW","vehicleModel":"5 Series","vehicleDerivative":"520d SE Saloon","vehiclePriceEuro":25900,"vehicleYearOfManufacture":2009,"advertiserCounty":"Cork","isPSL":true,"privatePSL":false,"vehicleImageId":"5edd9f95-0be4-4628-a6a4-b36851b1c0dc","imagecount":9,"advertiserName":"Kearys BMW","isTrade":true},{"advertId":"33913600576072880","vehicleMake":"BMW","vehicleModel":"5 Series","vehicleDerivative":"520d SE","vehiclePriceEuro":25900,"vehicleYearOfManufacture":2009,"advertiserCounty":"Cork","isPSL":true,"privatePSL":false,"vehicleImageId":"2004d9f4-696a-41ec-8c5a-0497bce0cfad","imagecount":6,"advertiserName":"Kearys Eastgate","isTrade":true},{"advertId":"31513593724388840","vehicleMake":"BMW","vehicleModel":"5 Series","vehicleDerivative":"520d SE","vehiclePriceEuro":25900,"vehicleYearOfManufacture":2009,"advertiserCounty":"Cork","isPSL":true,"privatePSL":false,"vehicleImageId":"ef9e39d3-df6e-49b7-b1bf-61466d4894ef","imagecount":6,"advertiserName":"Kearys Eastgate","isTrade":true},{"advertId":"201308212529637","vehicleMake":"BMW","vehicleModel":"5 Series","vehicleDerivative":"D E60 M SPORT 4DR","vehiclePriceEuro":25800,"vehicleYearOfManufacture":2009,"advertiserCounty":"Cavan","isPSL":true,"privatePSL":false,"vehicleImageId":"14353527","imagecount":7,"isTrade":false},{"advertId":"29413492550741450","vehicleMake":"BMW","vehicleModel":"5 Series","vehicleDerivative":"520d SE Saloon","vehiclePriceEuro":25495,"vehicleYearOfManufacture":2009,"advertiserCounty":"Dublin","isPSL":true,"privatePSL":false,"vehicleImageId":"1ae18ccc-1f4f-4140-a05e-e88f45861e19","imagecount":9,"advertiserName":"Frank Keane BMW","isTrade":true},{"advertId":"33413618892475340","vehicleMake":"BMW","vehicleModel":"5 Series","vehicleDerivative":"520D M-Sport Automatic 4dr","vehiclePriceEuro":25450,"vehicleYearOfManufacture":2009,"advertiserCounty":"Cork","isPSL":true,"privatePSL":false,"vehicleImageId":"4b048e03-8ca4-46ca-aeb1-c797dcf8e175","imagecount":15,"advertiserName":"Autodirect.ie Cork","isTrade":true},{"advertId":"31713529780512870","vehicleMake":"BMW","vehicleModel":"5 Series","vehicleDerivative":"** V I P Spec **","vehiclePriceEuro":25370,"vehicleYearOfManufacture":2009,"advertiserCounty":"Wexford","isPSL":true,"privatePSL":false,"vehicleImageId":"222c6c82-63b0-4170-9a21-3c30ab78abef","imagecount":3,"advertiserName":"Prestige Motors","isTrade":true},{"advertId":"201244210748534","vehicleMake":"BMW","vehicleModel":"5 Series","vehicleDerivative":"520 D Business Edition","vehiclePriceEuro":25000,"vehicleYearOfManufacture":2009,"advertiserCounty":"Kerry","isPSL":true,"privatePSL":false,"vehicleImageId":"14088564","imagecount":9,"isTrade":false},{"advertId":"713269828013010","vehicleMake":"BMW","vehicleModel":"5 Series","vehicleDerivative":"520d SE Auto Xenon ","vehiclePriceEuro":25000,"vehicleYearOfManufacture":2009,"advertiserCounty":"Kildare","isPSL":false,"privatePSL":false,"vehicleImageId":"d216520b-14e8-44da-ba56-52bf9d7c509a","imagecount":6,"advertiserName":"N. Conlan and Sons","isTrade":true},{"advertId":"31513582353863980","vehicleMake":"BMW","vehicleModel":"5 Series","vehicleDerivative":"520d SE Saloon","vehiclePriceEuro":25000,"vehicleYearOfManufacture":2009,"advertiserCounty":"Kildare","isPSL":true,"privatePSL":false,"vehicleImageId":"143f1003-3de6-43c9-bc37-464543cacd39","imagecount":7,"advertiserName":"N. Conlan and Sons BMW","isTrade":true},{"advertId":"31713580019154760","vehicleMake":"BMW","vehicleModel":"5 Series","vehicleDerivative":"520d SE Auto Leather","vehiclePriceEuro":25000,"vehicleYearOfManufacture":2009,"advertiserCounty":"Kildare","isPSL":false,"privatePSL":false,"vehicleImageId":"74f091bd-93c1-4673-8404-95b883354e34","imagecount":7,"advertiserName":"N. Conlan and Sons","isTrade":true},{"advertId":"31113507098712040","vehicleMake":"BMW","vehicleModel":"5 Series","vehicleDerivative":"520d SE Saloon","vehiclePriceEuro":24995,"vehicleYearOfManufacture":2009,"advertiserCounty":"Limerick","isPSL":true,"privatePSL":false,"vehicleImageId":"3af78c76-e69d-41cc-ab36-bf748c6d87c0","imagecount":6,"advertiserName":"N. Conlan & Sons Limerick BMW","isTrade":true},{"advertId":"31813590937530890","vehicleMake":"BMW","vehicleModel":"5 Series","vehicleDerivative":"520d SE Saloon","vehiclePriceEuro":24995,"vehicleYearOfManufacture":2009,"advertiserCounty":"Westmeath","isPSL":true,"privatePSL":false,"vehicleImageId":"f3b3f31c-e753-4723-83ea-f9172e689588","imagecount":9,"advertiserName":"Colm Quinn BMW","isTrade":true},{"advertId":"33213621176890280","vehicleMake":"BMW","vehicleModel":"5 Series","vehicleDerivative":"520d SE Business Edition Saloon","vehiclePriceEuro":24995,"vehicleYearOfManufacture":2009,"advertiserCounty":"Tipperary","isPSL":true,"privatePSL":false,"vehicleImageId":"ccbd04eb-3116-4076-a1d1-579f85271c5a","imagecount":8,"advertiserName":"Morrison BMW","isTrade":true},{"advertId":"32013577112972090","vehicleMake":"BMW","vehicleModel":"5 Series","vehicleDerivative":"520d SE Saloon","vehiclePriceEuro":24995,"vehicleYearOfManufacture":2009,"advertiserCounty":"Dublin","isPSL":true,"privatePSL":false,"vehicleImageId":"40bc055f-ba97-4540-a053-43ef7a93b345","imagecount":9,"advertiserName":"Frank Keane BMW","isTrade":true},{"advertId":"33413607691555690","vehicleMake":"BMW","vehicleModel":"5 Series","vehicleDerivative":"520 D  M SPORT AUTO","vehiclePriceEuro":24950,"vehicleYearOfManufacture":2009,"advertiserCounty":"Dublin","isPSL":false,"privatePSL":false,"vehicleImageId":"2a0b4998-2c31-402e-bc99-c26c0ea20f0f","imagecount":9,"advertiserName":"Burke & Sons Motor Co","isTrade":true},{"advertId":"201251211518185","vehicleMake":"BMW","vehicleModel":"5 Series","vehicleDerivative":"520 D SE 2.0 SALOON LCI NX32","vehiclePriceEuro":24950,"vehicleYearOfManufacture":2009,"advertiserCounty":"Cavan","isPSL":true,"privatePSL":false,"vehicleImageId":"13005937","imagecount":9,"isTrade":false},{"advertId":"32013594781547340","vehicleMake":"BMW","vehicleModel":"5 Series","vehicleDerivative":"520D M SPORT BUSINESS EDITION.","vehiclePriceEuro":24950,"vehicleYearOfManufacture":2009,"advertiserCounty":"Galway","isPSL":true,"privatePSL":false,"vehicleImageId":"4981e55a-6e02-49e1-a8bf-1d5b9e609677","imagecount":5,"advertiserName":"Hogan Motors Galway","isTrade":true},{"advertId":"201307212408728","vehicleMake":"BMW","vehicleModel":"5 Series","vehicleDerivative":"520 D E60 M SPORT 4DR A","vehiclePriceEuro":24950,"vehicleYearOfManufacture":2009,"advertiserCounty":"Dublin","isPSL":true,"privatePSL":false,"vehicleImageId":"14336760","imagecount":9,"isTrade":false},{"advertId":"201308212592952","vehicleMake":"BMW","vehicleModel":"5 Series","vehicleDerivative":"520D M SPORT","vehiclePriceEuro":24650,"vehicleYearOfManufacture":2009,"advertiserCounty":"Dublin","isPSL":false,"privatePSL":false,"vehicleImageId":"14362682","imagecount":4,"advertiserName":"G.T. MOTORS specialist bmw sales","isTrade":true},{"advertId":"34113618840995030","vehicleMake":"BMW","vehicleModel":"5 Series","vehicleDerivative":"520d SE Business Edition Nav Leather","vehiclePriceEuro":24500,"vehicleYearOfManufacture":2009,"advertiserCounty":"Kildare","isPSL":false,"privatePSL":false,"vehicleImageId":"68afe013-b68a-41ac-ab2c-15330b8f4e48","imagecount":7,"advertiserName":"N. Conlan and Sons","isTrade":true},{"advertId":"34213622040986370","vehicleMake":"BMW","vehicleModel":"5 Series","vehicleDerivative":"520d SE Business Edition Saloon","vehiclePriceEuro":24500,"vehicleYearOfManufacture":2009,"advertiserCounty":"Kildare","isPSL":true,"privatePSL":false,"vehicleImageId":"3d2e2709-a4e6-414d-9c6e-2c7eb5dd0a2d","imagecount":7,"advertiserName":"N. Conlan and Sons BMW","isTrade":true},{"advertId":"5713313909911110","vehicleMake":"BMW","vehicleModel":"5 Series","vehicleDerivative":"520 m sport spotless","vehiclePriceEuro":24500,"vehicleYearOfManufacture":2009,"advertiserCounty":"Wexford","isPSL":false,"privatePSL":false,"vehicleImageId":"7fffafaf-5459-4061-812c-62ee44d61044","imagecount":3,"advertiserName":"Tom Moran & Sons Ltd","isTrade":true},{"advertId":"30213492550747490","vehicleMake":"BMW","vehicleModel":"5 Series","vehicleDerivative":"520d SE Saloon","vehiclePriceEuro":24495,"vehicleYearOfManufacture":2009,"advertiserCounty":"Limerick","isPSL":true,"privatePSL":false,"vehicleImageId":"f313be88-02a4-4b25-9f68-b4dd12d8e11c","imagecount":6,"advertiserName":"N. Conlan & Sons Limerick BMW","isTrade":true},{"advertId":"31513548054715810","vehicleMake":"BMW","vehicleModel":"5 Series","vehicleDerivative":"520 D E60 SE 4DR","vehiclePriceEuro":23995,"vehicleYearOfManufacture":2009,"advertiserCounty":"Westmeath","isPSL":true,"privatePSL":false,"vehicleImageId":"0187688b-89e2-458d-abf1-2f45da408d56","imagecount":9,"advertiserName":"Colm Quinn Cars","isTrade":true},{"advertId":"29413492550740150","vehicleMake":"BMW","vehicleModel":"5 Series","vehicleDerivative":"520d SE Saloon","vehiclePriceEuro":23995,"vehicleYearOfManufacture":2009,"advertiserCounty":"Limerick","isPSL":true,"privatePSL":false,"vehicleImageId":"b592afa0-cee8-4251-8695-fcc1b15efec4","imagecount":6,"advertiserName":"N. Conlan & Sons Limerick BMW","isTrade":true},{"advertId":"31113584894920500","vehicleMake":"BMW","vehicleModel":"5 Series","vehicleDerivative":"520d SE Saloon","vehiclePriceEuro":23995,"vehicleYearOfManufacture":2009,"advertiserCounty":"Dublin","isPSL":true,"privatePSL":false,"vehicleImageId":"1ba090c1-f9bb-402d-b0b9-c54c83e99877","imagecount":6,"advertiserName":"Joe Duffy BMW","isTrade":true},{"advertId":"31913545558650130","vehicleMake":"BMW","vehicleModel":"5 Series","vehicleDerivative":"520d SE MANUAL","vehiclePriceEuro":23995,"vehicleYearOfManufacture":2009,"advertiserCounty":"Dublin","isPSL":false,"privatePSL":false,"vehicleImageId":"8f7e9b7f-2e0a-4741-b143-7e7dc08d7d20","imagecount":6,"advertiserName":"Joe Duffy","isTrade":true},{"advertId":"31713553161904620","vehicleMake":"BMW","vehicleModel":"5 Series","vehicleDerivative":"2.0 DIESEL M SPORT ESTATE,LIKE NEW","vehiclePriceEuro":23950,"vehicleYearOfManufacture":2009,"advertiserCounty":"Dublin","isPSL":false,"privatePSL":false,"vehicleImageId":"6cbfcfae-ca0a-4d49-a1e4-c76fa8b235c0","imagecount":20,"advertiserName":"Southside Motor Group","isTrade":true},{"advertId":"30913531320990270","vehicleMake":"BMW","vehicleModel":"5 Series","vehicleDerivative":"520d SE Business Edition Saloon","vehiclePriceEuro":23950,"vehicleYearOfManufacture":2009,"advertiserCounty":"Wexford","isPSL":true,"privatePSL":false,"vehicleImageId":"9dd2c862-bb62-449d-ad2e-9fefe96ed4ea","imagecount":9,"advertiserName":"J Donohoe BMW","isTrade":true},{"advertId":"34113618878519310","vehicleMake":"BMW","vehicleModel":"5 Series","vehicleDerivative":"520 D M SPORT AUTO","vehiclePriceEuro":23950,"vehicleYearOfManufacture":2009,"advertiserCounty":"Dublin","isPSL":false,"privatePSL":false,"vehicleImageId":"b35f649e-0e8e-4884-bdfa-5bf826c33069","imagecount":1,"advertiserName":"Yomac Cars","isTrade":true},{"advertId":"32913605947135640","vehicleMake":"BMW","vehicleModel":"5 Series","vehicleDerivative":"520D SE","vehiclePriceEuro":23950,"vehicleYearOfManufacture":2009,"advertiserCounty":"Meath","isPSL":false,"privatePSL":false,"vehicleImageId":"df090c9d-ed02-492c-9ad7-3af6e6b5b6f5","imagecount":11,"advertiserName":"Commons Road Cars Ltd","isTrade":true},{"advertId":"32013577481317640","vehicleMake":"BMW","vehicleModel":"5 Series","vehicleDerivative":"520D SE Business Edition","vehiclePriceEuro":23950,"vehicleYearOfManufacture":2009,"advertiserCounty":"Limerick","isPSL":true,"privatePSL":false,"vehicleImageId":"f7d68e09-e878-4fad-8d34-fdd9b5e7cbe1","imagecount":20,"advertiserName":"AutoXpress.ie","isTrade":true},{"advertId":"33413606720391040","vehicleMake":"BMW","vehicleModel":"5 Series","vehicleDerivative":"520d SE Business Edition","vehiclePriceEuro":23945,"vehicleYearOfManufacture":2009,"advertiserCounty":"Sligo","isPSL":false,"privatePSL":false,"vehicleImageId":"eafc7936-123c-4208-95c8-8b51bc2d3ab3","imagecount":8,"advertiserName":"Martin Reilly","isTrade":true},{"advertId":"34113601305015650","vehicleMake":"BMW","vehicleModel":"5 Series","vehicleDerivative":"520d SE Business Edition Saloon","vehiclePriceEuro":23945,"vehicleYearOfManufacture":2009,"advertiserCounty":"Sligo","isPSL":true,"privatePSL":false,"vehicleImageId":"f1ca9049-66c6-4ac0-9b28-f3029f459328","imagecount":8,"advertiserName":"Martin Reilly BMW","isTrade":true},{"advertId":"201243210677660","vehicleMake":"BMW","vehicleModel":"5 Series","vehicleDerivative":"M SPORT Spec","vehiclePriceEuro":23500,"vehicleYearOfManufacture":2009,"advertiserCounty":"Limerick","isPSL":true,"privatePSL":false,"vehicleImageId":"14079643","imagecount":7,"isTrade":false},{"advertId":"32713595382672960","vehicleMake":"BMW","vehicleModel":"5 Series","vehicleDerivative":"520D M SPORT 4DR.","vehiclePriceEuro":23495,"vehicleYearOfManufacture":2009,"advertiserCounty":"Galway","isPSL":false,"privatePSL":false,"vehicleImageId":"c6a660a6-114b-4a83-96c0-e13d7fa8a5e7","imagecount":12,"advertiserName":"Bradley Motor Works Ltd","isTrade":true},{"advertId":"31513577471035940","vehicleMake":"BMW","vehicleModel":"5 Series","vehicleDerivative":"520D SE Business Edition Touring Auto","vehiclePriceEuro":23450,"vehicleYearOfManufacture":2009,"advertiserCounty":"Limerick","isPSL":true,"privatePSL":false,"vehicleImageId":"cb2bd295-925b-4394-9b9a-ff56d27e11b1","imagecount":20,"advertiserName":"AutoXpress.ie","isTrade":true},{"advertId":"6213337087334270","vehicleMake":"BMW","vehicleModel":"5 Series","vehicleDerivative":"520 D SE SALOON LCI A/T NX32 E60 N47 2.0","vehiclePriceEuro":23000,"vehicleYearOfManufacture":2009,"advertiserCounty":"Dublin","isPSL":false,"privatePSL":false,"vehicleImageId":"52dd9615-d900-49df-a6d9-104f0b0d266d","imagecount":9,"advertiserName":"Glasnevin Motor Group","isTrade":true},{"advertId":"34213615570849010","vehicleMake":"BMW","vehicleModel":"5 Series","vehicleDerivative":"2.0 M SPORT AUTO ","vehiclePriceEuro":22995,"vehicleYearOfManufacture":2009,"advertiserCounty":"Limerick","isPSL":true,"privatePSL":false,"vehicleImageId":"45334fbe-e3bd-4a50-b3a9-c9bd670bfeb2","imagecount":2,"advertiserName":"AutoXpress.ie","isTrade":true},{"advertId":"34213615992936180","vehicleMake":"BMW","vehicleModel":"5 Series","vehicleDerivative":"520d SE Business Edition Saloon","vehiclePriceEuro":22995,"vehicleYearOfManufacture":2009,"advertiserCounty":"Tipperary","isPSL":true,"privatePSL":false,"vehicleImageId":"778f98b9-a194-42d8-bd51-dc201d9e44f4","imagecount":3,"advertiserName":"Morrison BMW","isTrade":true},{"advertId":"34213599926562440","vehicleMake":"BMW","vehicleModel":"5 Series","vehicleDerivative":"520 D E60 SE 4DR A","vehiclePriceEuro":22995,"vehicleYearOfManufacture":2009,"advertiserCounty":"Waterford","isPSL":true,"privatePSL":false,"vehicleImageId":"0c5d6eef-22e4-493e-9254-4f4219677d89","imagecount":6,"advertiserName":"AutoBoland","isTrade":true},{"advertId":"34313600807665280","vehicleMake":"BMW","vehicleModel":"5 Series","vehicleDerivative":"520d MANUAL SE","vehiclePriceEuro":22995,"vehicleYearOfManufacture":2009,"advertiserCounty":"Dublin","isPSL":true,"privatePSL":false,"vehicleImageId":"a7c7594b-586e-425e-a733-92be685523fc","imagecount":9,"advertiserName":"Park Motors Mercedes (MSL)","isTrade":true},{"advertId":"201307212433124","vehicleMake":"BMW","vehicleModel":"5 Series","vehicleDerivative":"520 D M SPORT BUSINESS EDITION ZSB0 4DR AUTO","vehiclePriceEuro":22990,"vehicleYearOfManufacture":2009,"advertiserCounty":"Meath","isPSL":true,"privatePSL":true,"vehicleImageId":"14386210","imagecount":9,"isTrade":false},{"advertId":"34313624112128390","vehicleMake":"BMW","vehicleModel":"5 Series","vehicleDerivative":"520 D  M SPORT...FULL BMW SERVICE HISTORY..FULL CREAM NAPPA LEATHER..JUST PASSED NCT 2015..","vehiclePriceEuro":22950,"vehicleYearOfManufacture":2009,"advertiserCounty":"Dublin","isPSL":true,"privatePSL":false,"vehicleImageId":"18270e6d-68e1-422d-985b-00fb8d16734b","imagecount":17,"advertiserName":"Sarsfield Motor Company S.C.R. Kilmainham","isTrade":true},{"advertId":"34013619041860790","vehicleMake":"BMW","vehicleModel":"5 Series","vehicleDerivative":"STUNNING!! 520 D M-SPORT BUS EDITION","vehiclePriceEuro":22950,"vehicleYearOfManufacture":2009,"advertiserCounty":"Dublin","isPSL":true,"privatePSL":false,"vehicleImageId":"97b070e5-0c62-4502-9c89-9d9746854e65","imagecount":18,"advertiserName":"McCoy Motors Ltd","isTrade":true},{"advertId":"29813492550740960","vehicleMake":"BMW","vehicleModel":"5 Series","vehicleDerivative":"520d SE Saloon","vehiclePriceEuro":22950,"vehicleYearOfManufacture":2009,"advertiserCounty":"Wexford","isPSL":true,"privatePSL":false,"vehicleImageId":"192e66f2-9e69-44f1-ada7-1b3707d354e2","imagecount":9,"advertiserName":"J Donohoe BMW","isTrade":true},{"advertId":"31813577490878770","vehicleMake":"BMW","vehicleModel":"5 Series","vehicleDerivative":"520D M Sport Touring Auto","vehiclePriceEuro":21995,"vehicleYearOfManufacture":2009,"advertiserCounty":"Limerick","isPSL":true,"privatePSL":false,"vehicleImageId":"3c7a5ec1-6b04-4027-9014-9df30f1cd218","imagecount":20,"advertiserName":"AutoXpress.ie","isTrade":true},{"advertId":"32013576636808400","vehicleMake":"BMW","vehicleModel":"5 Series","vehicleDerivative":"520d BUSINESS EDITION","vehiclePriceEuro":21995,"vehicleYearOfManufacture":2009,"advertiserCounty":"Donegal","isPSL":true,"privatePSL":false,"vehicleImageId":"de3367dc-3935-432d-9689-f8264bd71f27","imagecount":14,"advertiserName":"Shane Connolly","isTrade":true},{"advertId":"4913299124551890","vehicleMake":"BMW","vehicleModel":"5 Series","vehicleDerivative":"520 buisness edition se","vehiclePriceEuro":21995,"vehicleYearOfManufacture":2009,"advertiserCounty":"Wexford","isPSL":false,"privatePSL":false,"vehicleImageId":"ed59b06c-4ae6-4f63-8b08-bc2b0a4618fc","imagecount":6,"advertiserName":"Tom Moran & Sons Ltd","isTrade":true},{"advertId":"201249211259379","vehicleMake":"BMW","vehicleModel":"5 Series","vehicleDerivative":"520 D SE SALOON LCI A/T NX32 E60 N47 2.0","vehiclePriceEuro":21990,"vehicleYearOfManufacture":2009,"advertiserCounty":"Dublin","isPSL":true,"privatePSL":false,"vehicleImageId":"14185122","imagecount":6,"isTrade":false},{"advertId":"31513577469308330","vehicleMake":"BMW","vehicleModel":"5 Series","vehicleDerivative":"520D SE Business Edition Auto","vehiclePriceEuro":21950,"vehicleYearOfManufacture":2009,"advertiserCounty":"Limerick","isPSL":true,"privatePSL":false,"vehicleImageId":"8f6d0799-9500-4e15-bbde-28eb535a25e6","imagecount":20,"advertiserName":"AutoXpress.ie","isTrade":true},{"advertId":"34413618786957210","vehicleMake":"BMW","vehicleModel":"5 Series","vehicleDerivative":"520 D SE SALOON LCI A/T ","vehiclePriceEuro":21900,"vehicleYearOfManufacture":2009,"advertiserCounty":"Mayo","isPSL":false,"privatePSL":false,"vehicleImageId":"71b02964-7c0b-4807-8e99-e3a25afad03e","imagecount":12,"advertiserName":"Cosgraves Garage Ltd","isTrade":true},{"advertId":"201244210763239","vehicleMake":"BMW","vehicleModel":"5 Series","vehiclePriceEuro":21900,"vehicleYearOfManufacture":2009,"advertiserCounty":"Limerick","isPSL":true,"privatePSL":false,"vehicleImageId":"12840039","imagecount":4,"isTrade":false},{"advertId":"201309212722824","vehicleMake":"BMW","vehicleModel":"5 Series","vehicleDerivative":"D E60 SE 4DR","vehiclePriceEuro":21600,"vehicleYearOfManufacture":2009,"advertiserCounty":"Cork","isPSL":true,"privatePSL":false,"vehicleImageId":"14380981","imagecount":6,"isTrade":false},{"advertId":"201308212553730","vehicleMake":"BMW","vehicleModel":"5 Series","vehicleDerivative":"D E60 SE 4DR","vehiclePriceEuro":21500,"vehicleYearOfManufacture":2009,"advertiserCounty":"Meath","isPSL":true,"privatePSL":false,"vehicleImageId":"14357965","imagecount":5,"isTrade":false},{"advertId":"201308212529610","vehicleMake":"BMW","vehicleModel":"5 Series","vehicleDerivative":"520 D E60 SE 4DR","vehiclePriceEuro":21500,"vehicleYearOfManufacture":2009,"advertiserCounty":"Dublin","isPSL":true,"privatePSL":false,"vehicleImageId":"14353388","imagecount":8,"isTrade":false},{"advertId":"31713577472550410","vehicleMake":"BMW","vehicleModel":"5 Series","vehicleDerivative":"520D SE Business Edition Touring","vehiclePriceEuro":20995,"vehicleYearOfManufacture":2009,"advertiserCounty":"Limerick","isPSL":true,"privatePSL":false,"vehicleImageId":"d051282d-2340-4c6a-8905-324b05e2839b","imagecount":13,"advertiserName":"AutoXpress.ie","isTrade":true},{"advertId":"31113584030907430","vehicleMake":"BMW","vehicleModel":"5 Series","vehicleDerivative":"520d SE Business Edition Saloon","vehiclePriceEuro":20950,"vehicleYearOfManufacture":2009,"advertiserCounty":"Limerick","isPSL":true,"privatePSL":false,"vehicleImageId":"8b4940b8-32df-4520-9bec-e2ed9f1e89e7","imagecount":6,"advertiserName":"N. Conlan & Sons Limerick BMW","isTrade":true},{"advertId":"32113579158775030","vehicleMake":"BMW","vehicleModel":"5 Series","vehicleDerivative":"520 D E61 SE TOURING SAT/NAV      ","vehiclePriceEuro":20950,"vehicleYearOfManufacture":2009,"advertiserCounty":"Louth","isPSL":false,"privatePSL":false,"vehicleImageId":"8987294d-6af5-4afa-be36-20df2d4e0719","imagecount":14,"advertiserName":"Callanan Motor Company","isTrade":true},{"advertId":"34113606779985960","vehicleMake":"BMW","vehicleModel":"5 Series","vehicleDerivative":"520D SE - ONE OWNER - IRISH CAR - NCT FEBRUARY 2015 - ALL TRADE INS WELCOME - FINANCE APPROVED IN ONE HOUR - CALL ANYTIME ON 087-092 5525","vehiclePriceEuro":20950,"vehicleYearOfManufacture":2009,"advertiserCounty":"Dublin","isPSL":false,"privatePSL":false,"vehicleImageId":"b617ac8a-6752-4d2f-b12d-6a4ecd7db614","imagecount":13,"advertiserName":"Leinster Motor Group","isTrade":true},{"advertId":"32913605890592290","vehicleMake":"BMW","vehicleModel":"5 Series","vehicleDerivative":"520D SE €280 tax","vehiclePriceEuro":20900,"vehicleYearOfManufacture":2009,"advertiserCounty":"Galway","isPSL":true,"privatePSL":false,"vehicleImageId":"49efe21a-ad4d-4529-b584-56dad0058910","imagecount":7,"advertiserName":"Westlink Car Sales Ltd.","isTrade":true},{"advertId":"34013605802447240","vehicleMake":"BMW","vehicleModel":"5 Series","vehicleDerivative":"520 D E60 SE 4DR","vehiclePriceEuro":20895,"vehicleYearOfManufacture":2009,"advertiserCounty":"Donegal","isPSL":true,"privatePSL":false,"vehicleImageId":"476591ef-7e9b-4638-b4c9-430e96c175c4","imagecount":8,"advertiserName":"Shane Connolly","isTrade":true},{"advertId":"34013601677842940","vehicleMake":"BMW","vehicleModel":"5 Series","vehicleDerivative":"520 D SE Nav & Bluetooth","vehiclePriceEuro":20450,"vehicleYearOfManufacture":2009,"advertiserCounty":"Limerick","isPSL":true,"privatePSL":false,"vehicleImageId":"956ebcc4-44e4-4695-9530-36389bc10613","imagecount":14,"advertiserName":"AutoXpress.ie","isTrade":true},{"advertId":"31513579163322400","vehicleMake":"BMW","vehicleModel":"5 Series","vehicleDerivative":"520d ","vehiclePriceEuro":19995,"vehicleYearOfManufacture":2009,"advertiserCounty":"Offaly","isPSL":false,"privatePSL":false,"vehicleImageId":"f19b12fa-7a2e-4cfa-b932-a9c9131e5147","imagecount":9,"advertiserName":"Capital Cars","isTrade":true},{"advertId":"32013587843251360","vehicleMake":"BMW","vehicleModel":"5 Series","vehicleDerivative":"SE","vehiclePriceEuro":19990,"vehicleYearOfManufacture":2009,"advertiserCounty":"Cavan","isPSL":false,"privatePSL":false,"vehicleImageId":"d7b7e15d-15bc-4dcd-9355-bb6ececedbf9","imagecount":12,"advertiserName":"Moynehall Car Sales","isTrade":true},{"advertId":"33413624089879470","vehicleMake":"BMW","vehicleModel":"5 Series","vehicleDerivative":"520 D SE Auto","vehiclePriceEuro":19950,"vehicleYearOfManufacture":2009,"advertiserCounty":"Tipperary","isPSL":false,"privatePSL":false,"vehicleImageId":"d5130a7e-c238-411d-9287-7a54b8e1e217","imagecount":7,"advertiserName":"Autoplatz","isTrade":true},{"advertId":"34013609233604490","vehicleMake":"BMW","vehicleModel":"5 Series","vehicleDerivative":"520 D SE...FULL FRANCHISE DEALER SERVICE HISTORY..FULL CREAM NAPPA LEATHER..FINANCE ARRANGED..","vehiclePriceEuro":19950,"vehicleYearOfManufacture":2009,"advertiserCounty":"Dublin","isPSL":true,"privatePSL":false,"vehicleImageId":"1b2bc4a0-1adc-4647-acd5-0ed0d0ab888c","imagecount":14,"advertiserName":"Sarsfield Motor Company S.C.R. Kilmainham","isTrade":true},{"advertId":"34013613491754000","vehicleMake":"BMW","vehicleModel":"5 Series","vehicleDerivative":"M SPORT..SUNROOF..19\"MV M SPORT ALLOYS..FULL LEATHER..SIMI DEALER..FINANCE ARRANGED..","vehiclePriceEuro":19950,"vehicleYearOfManufacture":2009,"advertiserCounty":"Dublin","isPSL":true,"privatePSL":false,"vehicleImageId":"68b99d9a-1da3-4b6c-9d20-17baa9e8b005","imagecount":12,"advertiserName":"Sarsfield Motor Company S.C.R. Kilmainham","isTrade":true},{"advertId":"32113577460784730","vehicleMake":"BMW","vehicleModel":"5 Series","vehicleDerivative":"520D SE AUTO","vehiclePriceEuro":19250,"vehicleYearOfManufacture":2009,"advertiserCounty":"Limerick","isPSL":true,"privatePSL":false,"vehicleImageId":"58170412-171c-4783-8790-ff9201fdaec5","imagecount":17,"advertiserName":"AutoXpress.ie","isTrade":true},{"advertId":"33913614395729730","vehicleMake":"BMW","vehicleModel":"5 Series","vehicleDerivative":"520 MSPORT HALF  LEATHER  HAS FULL BMW HISTORY 96553 miles","vehiclePriceEuro":19000,"vehicleYearOfManufacture":2009,"advertiserCounty":"Dublin","isPSL":false,"privatePSL":false,"vehicleImageId":"d1b8e841-9f7d-446e-aee4-bcb791c9f69c","imagecount":10,"advertiserName":"BG Autos","isTrade":true},{"advertId":"201310212771245","vehicleMake":"BMW","vehicleModel":"5 Series","vehicleDerivative":"D SE 2.0 SALOON LCI NX32 E60 N47","vehiclePriceEuro":19000,"vehicleYearOfManufacture":2009,"advertiserCounty":"Wicklow","isPSL":true,"privatePSL":false,"vehicleImageId":"14386526","imagecount":9,"isTrade":false},{"advertId":"34213623290296220","vehicleMake":"BMW","vehicleModel":"5 Series","vehicleDerivative":"2.0 SE Business Edition","vehiclePriceEuro":18995,"vehicleYearOfManufacture":2009,"advertiserCounty":"Limerick","isPSL":true,"privatePSL":false,"vehicleImageId":"97ad991e-5986-423b-a942-f24e418830e7","imagecount":2,"advertiserName":"AutoXpress.ie","isTrade":true},{"advertId":"31513583526902890","vehicleMake":"BMW","vehicleModel":"5 Series","vehicleDerivative":"520 D SE ..SIMI DEALER..WWW.SARSFIELDMOTORS.IE","vehiclePriceEuro":18950,"vehicleYearOfManufacture":2009,"advertiserCounty":"Dublin","isPSL":true,"privatePSL":false,"vehicleImageId":"bd2a3bb8-4c86-4898-a07e-5a7835bcb511","imagecount":19,"advertiserName":"Sarsfield Motor Company S.C.R. Kilmainham","isTrade":true},{"advertId":"34213602480159820","vehicleMake":"BMW","vehicleModel":"5 Series","vehicleDerivative":"520D AUTO SE - NCT JANUARY 2015 - ALL TRADE INS WELCOME - FINANCE APPROVED IN ONE HOUR - CALL FOR MORE INFO ON 01-492 6566","vehiclePriceEuro":18950,"vehicleYearOfManufacture":2009,"advertiserCounty":"Dublin","isPSL":false,"privatePSL":false,"vehicleImageId":"8b9d9b36-a0ff-4391-b54b-e56e98e839d4","imagecount":15,"advertiserName":"Leinster Motor Group","isTrade":true},{"advertId":"34313620736348270","vehicleMake":"BMW","vehicleModel":"5 Series","vehicleDerivative":"520 MSPORT ","vehiclePriceEuro":18950,"vehicleYearOfManufacture":2009,"advertiserCounty":"Dublin","isPSL":false,"privatePSL":false,"vehicleImageId":"8ef4e083-e83a-4754-af77-1edf123b2b51","imagecount":7,"advertiserName":"Western Motor Point","isTrade":true},{"advertId":"201308212592953","vehicleMake":"BMW","vehicleModel":"5 Series","vehicleDerivative":"520D SE BUSINESS EDITION -LEATHER/BLUETOOTH/SAT NAV","vehiclePriceEuro":18950,"vehicleYearOfManufacture":2009,"advertiserCounty":"Dublin","isPSL":false,"privatePSL":false,"vehicleImageId":"14374164","imagecount":9,"advertiserName":"G.T. MOTORS specialist bmw sales","isTrade":true},{"advertId":"33413618037384640","vehicleMake":"BMW","vehicleModel":"5 Series","vehicleDerivative":"2.0D SE Auto, Leather, Low Road Tax","vehiclePriceEuro":18950,"vehicleYearOfManufacture":2009,"advertiserCounty":"Dublin","isPSL":true,"privatePSL":false,"vehicleImageId":"54979105-9c33-4784-b452-10de88632da4","imagecount":13,"advertiserName":"Petersons","isTrade":true},{"advertId":"34013618917629880","vehicleMake":"BMW","vehicleModel":"5 Series","vehicleDerivative":"520D SE 4dr","vehiclePriceEuro":18950,"vehicleYearOfManufacture":2009,"advertiserCounty":"Kildare","isPSL":true,"privatePSL":false,"vehicleImageId":"d75fbead-e325-4bd5-be44-47ca6873407a","imagecount":15,"advertiserName":"Autodirect.ie","isTrade":true},{"advertId":"34013618707251460","vehicleMake":"BMW","vehicleModel":"5 Series","vehicleDerivative":"2.0 D SE Leather, Upgrade Alloys, Low Road Tax","vehiclePriceEuro":18950,"vehicleYearOfManufacture":2009,"advertiserCounty":"Dublin","isPSL":true,"privatePSL":false,"vehicleImageId":"e19228cb-2edd-4c5d-a665-d3334fc1c5c6","imagecount":11,"advertiserName":"Petersons","isTrade":true}],"totalAdvertCount":45174}