{"adverts":[{"advertId":"201245210882051","vehicleMake":"BMW","vehicleModel":"3 Series","vehicleDerivative":"320 I SE WA72 2DR E92 COUPE N43 2.0","vehiclePriceEuro":11500,"vehicleYearOfManufacture":2007,"advertiserCounty":"Westmeath","isPSL":true,"privatePSL":false,"vehicleImageId":"14110571","imagecount":5,"isTrade":false},{"advertId":"31813595596502970","vehicleMake":"BMW","vehicleModel":"3 Series","vehicleDerivative":"318 D ES Z3SF 4DR E90 SALOON M47 2.0","vehiclePriceEuro":11250,"vehicleYearOfManufacture":2007,"advertiserCounty":"Sligo","isPSL":false,"privatePSL":false,"vehicleImageId":"5a0e3e6d-3a8e-40a7-8131-27da646fa677","imagecount":18,"advertiserName":"All Kevin Egan Cars","isTrade":true},{"advertId":"201305212228273","vehicleMake":"BMW","vehicleModel":"3 Series","vehicleDerivative":"318 E90 D SE 04DR","vehiclePriceEuro":11000,"vehicleYearOfManufacture":2007,"advertiserCounty":"Dublin","isPSL":true,"privatePSL":false,"vehicleImageId":"14307646","imagecount":6,"isTrade":false},{"advertId":"201243210626780","vehicleMake":"BMW","vehicleModel":"3 Series","vehicleDerivative":"320D SE","vehiclePriceEuro":11000,"vehicleYearOfManufacture":2007,"advertiserCounty":"Kerry","isPSL":true,"privatePSL":false,"vehicleImageId":"14068836","imagecount":1,"isTrade":false},{"advertId":"201302211892128","vehicleMake":"BMW","vehicleModel":"3 Series","vehicleDerivative":"318 I ES Z3SC 4DR SALOON","vehiclePriceEuro":11000,"vehicleYearOfManufacture":2007,"advertiserCounty":"Cork","isPSL":true,"privatePSL":false,"vehicleImageId":"14257734","imagecount":9,"isTrade":false},{"advertId":"201309212673946","vehicleMake":"BMW","vehicleModel":"3 Series","vehicleDerivative":"I E92 SE 2DR","vehiclePriceEuro":10995,"vehicleYearOfManufacture":2007,"advertiserCounty":"Cork","isPSL":true,"privatePSL":false,"vehicleImageId":"14379841","imagecount":8,"isTrade":false},{"advertId":"6313348300093740","vehicleMake":"BMW","vehicleModel":"3 Series","vehicleDerivative":"318 E90 I ES 143BHP","vehiclePriceEuro":10995,"vehicleYearOfManufacture":2007,"advertiserCounty":"Louth","isPSL":false,"privatePSL":false,"vehicleImageId":"860e2532-9241-4d6f-b3dd-24c6babe9200","imagecount":5,"advertiserName":"Tom Fox Car Sales","isTrade":true},{"advertId":"21913414881097090","vehicleMake":"BMW","vehicleModel":"3 Series","vehicleDerivative":"3 SERIES DIESEL ES","vehiclePriceEuro":10950,"vehicleYearOfManufacture":2007,"advertiserCounty":"Dublin","isPSL":false,"privatePSL":false,"vehicleImageId":"8a757b21-1253-4dfa-84aa-ed3c2db9a4c6","imagecount":10,"advertiserName":"Trade Price Cars","isTrade":true},{"advertId":"34113613583884210","vehicleMake":"BMW","vehicleModel":"3 Series","vehicleDerivative":"318D ES E90 SALOON 2.0","vehiclePriceEuro":10950,"vehicleYearOfManufacture":2007,"advertiserCounty":"Dublin","isPSL":false,"privatePSL":false,"vehicleImageId":"5dd65e88-e936-405d-bec8-77200e079971","imagecount":15,"advertiserName":"Lewis Motors","isTrade":true},{"advertId":"33413616188710570","vehicleMake":"BMW","vehicleModel":"3 Series","vehicleDerivative":"4DR SALOON --EXCELLENT VALUE--TAXED UNTIL DECEMBER 2013--","vehiclePriceEuro":10950,"vehicleYearOfManufacture":2007,"advertiserCounty":"Dublin","isPSL":true,"privatePSL":false,"vehicleImageId":"a91c39e4-2574-4e1f-bf19-6cb7e15fca7a","imagecount":10,"advertiserName":"Right Price Cars (Prussia Street)","isTrade":true},{"advertId":"22813415966506910","vehicleMake":"BMW","vehicleModel":"3 Series","vehicleDerivative":"318 E90 I SE AUTOMATIC *WARRANTY/TRADE IN WELCOME*","vehiclePriceEuro":10950,"vehicleYearOfManufacture":2007,"advertiserCounty":"Dublin","isPSL":false,"privatePSL":false,"vehicleImageId":"592de7c6-d5f3-435c-9a51-77463741bd2b","imagecount":11,"advertiserName":"Carcraft","isTrade":true},{"advertId":"34113618820205250","vehicleMake":"BMW","vehicleModel":"3 Series","vehicleDerivative":"318i SE 4DR E90 SALOON 2.0 MANUAL ***PARK SENSORS + TAX 07/13***","vehiclePriceEuro":10950,"vehicleYearOfManufacture":2007,"advertiserCounty":"Dublin","isPSL":true,"privatePSL":false,"vehicleImageId":"a23f5212-1831-4bd8-9218-61bfb9044cd9","imagecount":8,"advertiserName":"Cameron Car Sales","isTrade":true},{"advertId":"201245210845748","vehicleMake":"BMW","vehicleModel":"3 Series","vehicleDerivative":"325 325I SE WB32 COUPE 2DR E92 N52 2.5","vehiclePriceEuro":10950,"vehicleYearOfManufacture":2007,"advertiserCounty":"Kildare","isPSL":true,"privatePSL":false,"vehicleImageId":"13420035","imagecount":3,"isTrade":false},{"advertId":"32913597440398600","vehicleMake":"BMW","vehicleModel":"3 Series","vehicleDerivative":"325i COUPE SE AUTO LEATHER STUNNING CAR","vehiclePriceEuro":10950,"vehicleYearOfManufacture":2007,"advertiserCounty":"Dublin","isPSL":false,"privatePSL":false,"vehicleImageId":"a264db5c-2bc2-4bce-a901-3319c9dbd915","imagecount":5,"advertiserName":"Western Motor Point","isTrade":true},{"advertId":"201242210555039","vehicleMake":"BMW","vehicleModel":"3 Series","vehicleDerivative":"320D M SPORT","vehiclePriceEuro":10900,"vehicleYearOfManufacture":2007,"advertiserCounty":"Donegal","isPSL":true,"privatePSL":false,"vehicleImageId":"12572072","imagecount":5,"isTrade":false},{"advertId":"201307212409135","vehicleMake":"BMW","vehicleModel":"3 Series","vehicleDerivative":"320 i ES Z3SA 4DR E90","vehiclePriceEuro":10750,"vehicleYearOfManufacture":2007,"advertiserCounty":"Dublin","isPSL":true,"privatePSL":false,"vehicleImageId":"14007265","imagecount":7,"isTrade":false},{"advertId":"34213604318140160","vehicleMake":"BMW","vehicleModel":"3 Series","vehicleDerivative":"318 I ES 4DR SALOON E90","vehiclePriceEuro":10750,"vehicleYearOfManufacture":2007,"advertiserCounty":"Cork","isPSL":false,"privatePSL":false,"vehicleImageId":"1cbe05a2-394e-4984-8f84-6df9ae990ea7","imagecount":7,"advertiserName":"Donal O'Brien Cars Ltd","isTrade":true},{"advertId":"413267049683070","vehicleMake":"BMW","vehicleModel":"3 Series","vehicleDerivative":"I ES (4DR SALOON)","vehiclePriceEuro":10750,"vehicleYearOfManufacture":2007,"advertiserCounty":"Laois","isPSL":true,"privatePSL":false,"vehicleImageId":"10347377-b8d3-4d52-a7f7-fe9efef9ee75","imagecount":9,"advertiserName":"Downey's Auto Stop Ltd","isTrade":true},{"advertId":"201308212529878","vehicleMake":"BMW","vehicleModel":"3 Series","vehicleDerivative":"320D","vehiclePriceEuro":10250,"vehicleYearOfManufacture":2007,"advertiserCounty":"Meath","isPSL":true,"privatePSL":false,"vehicleImageId":"14025214","imagecount":6,"isTrade":false},{"advertId":"201248211159906","vehicleMake":"BMW","vehicleModel":"3 Series","vehicleDerivative":"320 D SE Z3S5 4DR E90 SALOON M47 2.0","vehiclePriceEuro":10000,"vehicleYearOfManufacture":2007,"advertiserCounty":"Kerry","isPSL":true,"privatePSL":false,"vehicleImageId":"14168805","imagecount":4,"isTrade":false},{"advertId":"201307212409150","vehicleMake":"BMW","vehicleModel":"3 Series","vehicleDerivative":"318 I SE **Only 30k miles** FSH**Heated Seats** Leather","vehiclePriceEuro":10000,"vehicleYearOfManufacture":2007,"advertiserCounty":"Galway","isPSL":true,"privatePSL":false,"vehicleImageId":"14337926","imagecount":9,"isTrade":false},{"advertId":"201303211960109","vehicleMake":"BMW","vehicleModel":"3 Series","vehicleDerivative":"316 316I ES Z3SQ 4DR E90 SALOON N45 1.6","vehiclePriceEuro":9995,"vehicleYearOfManufacture":2007,"advertiserCounty":"Limerick","isPSL":true,"privatePSL":false,"vehicleImageId":"14265187","imagecount":9,"isTrade":false},{"advertId":"34313617845554350","vehicleMake":"BMW","vehicleModel":"3 Series","vehicleDerivative":"318  D ES..FINANCE ARRANGED IN 1 HOUR..","vehiclePriceEuro":9950,"vehicleYearOfManufacture":2007,"advertiserCounty":"Dublin","isPSL":true,"privatePSL":false,"vehicleImageId":"914917fc-2c09-4f2d-9256-faf896169306","imagecount":14,"advertiserName":"Sarsfield Motor Company S.C.R. Kilmainham","isTrade":true},{"advertId":"6213355295717110","vehicleMake":"BMW","vehicleModel":"3 Series","vehicleDerivative":"316i ES Saloon","vehiclePriceEuro":9950,"vehicleYearOfManufacture":2007,"advertiserCounty":"Kildare","isPSL":false,"privatePSL":false,"vehicleImageId":"4252a456-d98a-4bf0-bb61-94c3fa940960","imagecount":6,"advertiserName":"N. Conlan and Sons","isTrade":true},{"advertId":"33413621446935030","vehicleMake":"BMW","vehicleModel":"3 Series","vehicleDerivative":"316i ES Saloon","vehiclePriceEuro":9950,"vehicleYearOfManufacture":2007,"advertiserCounty":"Kildare","isPSL":false,"privatePSL":false,"imagecount":0,"advertiserName":"N. Conlan and Sons","isTrade":true},{"advertId":"34413621448968470","vehicleMake":"BMW","vehicleModel":"3 Series","vehicleDerivative":"316i ES Saloon","vehiclePriceEuro":9950,"vehicleYearOfManufacture":2007,"advertiserCounty":"Kildare","isPSL":false,"privatePSL":false,"imagecount":0,"advertiserName":"N. Conlan and Sons","isTrade":true},{"advertId":"34013616306235380","vehicleMake":"BMW","vehicleModel":"3 Series","vehicleDerivative":"318i ES - NCT FEBRUARY 2015 - TAXED MARCH 2013 - ALL TRADE INS WELCOME - FINANCE APPROVED IN ONE HOUR - CALL ANYTIME ON 087-092 5525","vehiclePriceEuro":9950,"vehicleYearOfManufacture":2007,"advertiserCounty":"Dublin","isPSL":false,"privatePSL":false,"vehicleImageId":"49f1eda7-3ecc-489d-8bce-256bb411156a","imagecount":12,"advertiserName":"Leinster Motor Group","isTrade":true},{"advertId":"31813586067039770","vehicleMake":"BMW","vehicleModel":"3 Series","vehicleDerivative":"318 ES Auto, Leather, M-Sport Seats","vehiclePriceEuro":9950,"vehicleYearOfManufacture":2007,"advertiserCounty":"Dublin","isPSL":true,"privatePSL":false,"vehicleImageId":"47f8c06f-1f4d-4957-8ba7-5eda3467a68b","imagecount":12,"advertiserName":"Petersons","isTrade":true},{"advertId":"201302211823956","vehicleMake":"BMW","vehicleModel":"3 Series","vehicleDerivative":"318 I M SPORT Z3SE 4DR E90 SALOON N46 2.0","vehiclePriceEuro":9950,"vehicleYearOfManufacture":2007,"advertiserCounty":"Dublin","isPSL":true,"privatePSL":false,"vehicleImageId":"14247651","imagecount":7,"isTrade":false},{"advertId":"34213622315452480","vehicleMake":"BMW","vehicleModel":"3 Series","vehicleDerivative":"316 i SE ( low milage)","vehiclePriceEuro":9950,"vehicleYearOfManufacture":2007,"advertiserCounty":"Dublin","isPSL":false,"privatePSL":false,"vehicleImageId":"95cefbd3-3ed7-4843-b90f-054d5c88b7aa","imagecount":7,"advertiserName":"Burke & Sons Motor Co","isTrade":true},{"advertId":"33413621385387600","vehicleMake":"BMW","vehicleModel":"3 Series","vehicleDerivative":"318I SE.. ","vehiclePriceEuro":9900,"vehicleYearOfManufacture":2007,"advertiserCounty":"Dublin","isPSL":true,"privatePSL":false,"vehicleImageId":"aa844a8a-c5f7-4bc7-8f39-e70a5be5b90e","imagecount":7,"advertiserName":"MotorVation","isTrade":true},{"advertId":"34013609415116850","vehicleMake":"BMW","vehicleModel":"3 Series","vehicleDerivative":"318I SE - NCT 05/15 - F.S.H.","vehiclePriceEuro":9900,"vehicleYearOfManufacture":2007,"advertiserCounty":"Dublin","isPSL":true,"privatePSL":false,"vehicleImageId":"c8457e88-c813-414c-bf8f-b1d8dad0fa53","imagecount":7,"advertiserName":"MotorVation","isTrade":true},{"advertId":"201305212182633","vehicleMake":"BMW","vehicleModel":"3 Series","vehicleDerivative":"316 316I ES Z3SQ 4DR E90 SALOON N45 1.6","vehiclePriceEuro":9500,"vehicleYearOfManufacture":2007,"advertiserCounty":"Monaghan","isPSL":true,"privatePSL":false,"vehicleImageId":"13936279","imagecount":5,"isTrade":false},{"advertId":"201304212159794","vehicleMake":"BMW","vehicleModel":"3 Series","vehiclePriceEuro":9500,"vehicleYearOfManufacture":2007,"advertiserCounty":"Limerick","isPSL":true,"privatePSL":false,"vehicleImageId":"14294068","imagecount":5,"isTrade":false},{"advertId":"201242210532745","vehicleMake":"BMW","vehicleModel":"3 Series","vehicleDerivative":"316 316I SE Z3SP 4DR E90 SALOON N45 1.6","vehiclePriceEuro":9450,"vehicleYearOfManufacture":2007,"advertiserCounty":"Dublin","isPSL":true,"privatePSL":false,"vehicleImageId":"14052914","imagecount":6,"isTrade":false},{"advertId":"201251211471574","vehicleMake":"BMW","vehicleModel":"3 Series","vehicleDerivative":"318 I SE Z3SD 4DR E90 SALOON N46 2.0","vehiclePriceEuro":9400,"vehicleYearOfManufacture":2007,"advertiserCounty":"Galway","isPSL":true,"privatePSL":false,"vehicleImageId":"14214213","imagecount":8,"isTrade":false},{"advertId":"201308212625548","vehicleMake":"BMW","vehicleModel":"3 Series","vehicleDerivative":"320 E90 D ES 177BHP 4DR","vehiclePriceEuro":9000,"vehicleYearOfManufacture":2007,"advertiserCounty":"Mayo","isPSL":true,"privatePSL":false,"vehicleImageId":"14366469","imagecount":5,"isTrade":false},{"advertId":"33913606656714110","vehicleMake":"BMW","vehicleModel":"3 Series","vehicleDerivative":"325CI COUPE ","vehiclePriceEuro":8950,"vehicleYearOfManufacture":2007,"advertiserCounty":"Dublin","isPSL":false,"privatePSL":false,"vehicleImageId":"12e68631-2adb-4903-8d2f-a6daf601fb24","imagecount":7,"advertiserName":"Burke & Sons Motor Co","isTrade":true},{"advertId":"32013511127208740","vehicleMake":"BMW","vehicleModel":"3 Series","vehicleDerivative":"320i  2.0  Manual  Nct 3/2015  Warranty / Trade In Welcome","vehiclePriceEuro":8950,"vehicleYearOfManufacture":2007,"advertiserCounty":"Dublin","isPSL":false,"privatePSL":false,"vehicleImageId":"e686f4d7-5e23-460d-83c6-fba4200fc781","imagecount":16,"advertiserName":"Carcraft","isTrade":true},{"advertId":"201247211058874","vehicleMake":"BMW","vehicleModel":"3 Series","vehicleDerivative":"318 I SE Z3SD 4DR E90 SALOON N46 2.0","vehiclePriceEuro":8750,"vehicleYearOfManufacture":2007,"advertiserCounty":"Louth","isPSL":true,"privatePSL":false,"vehicleImageId":"13759839","imagecount":2,"isTrade":false},{"advertId":"201250211447856","vehicleMake":"BMW","vehicleModel":"3 Series","vehicleDerivative":"318 I ES Z3SC 4DR AUTO E90 SALOON N46 2.0","vehiclePriceEuro":8500,"vehicleYearOfManufacture":2007,"advertiserCounty":"Galway","isPSL":true,"privatePSL":false,"vehicleImageId":"14208932","imagecount":5,"isTrade":false},{"advertId":"201305212250630","vehicleMake":"BMW","vehicleModel":"3 Series","vehicleDerivative":"320 230 i ES IES Z3SA 4DR E90 I SALOON N46 2.0","vehiclePriceEuro":8000,"vehicleYearOfManufacture":2007,"advertiserCounty":"Wicklow","isPSL":true,"privatePSL":false,"vehicleImageId":"14310561","imagecount":5,"isTrade":false},{"advertId":"201305212182399","vehicleMake":"BMW","vehicleModel":"3 Series","vehicleDerivative":"316i NCT till 24/04/2015","vehiclePriceEuro":7950,"vehicleYearOfManufacture":2007,"advertiserCounty":"Dublin","isPSL":true,"privatePSL":false,"vehicleImageId":"14296726","imagecount":9,"isTrade":false},{"advertId":"34413621589873500","vehicleMake":"BMW","vehicleModel":"3 Series","vehicleDerivative":"325i se","vehiclePriceEuro":0,"vehicleYearOfManufacture":2007,"advertiserCounty":"Dublin","isPSL":false,"privatePSL":false,"vehicleImageId":"7879f628-9d7b-4263-a5e1-ed8c2377c288","imagecount":4,"advertiserName":"Dublin City Auctions","isTrade":true},{"advertId":"33913601724709020","vehicleMake":"BMW","vehicleModel":"3 Series","vehicleDerivative":"sold sold sold sold sold sold ","vehiclePriceEuro":0,"vehicleYearOfManufacture":2007,"advertiserCounty":"Dublin","isPSL":false,"privatePSL":false,"vehicleImageId":"3f136103-56ef-4c80-a14b-714dd63c71f3","imagecount":19,"advertiserName":"Cambridge Motor Company","isTrade":true},{"advertId":"6113342326855610","vehicleMake":"BMW","vehicleModel":"3 Series","vehicleDerivative":"335I SE CONVERTIBLE ","vehiclePriceEuro":0,"vehicleYearOfManufacture":2007,"advertiserCounty":"Dublin","isPSL":true,"privatePSL":false,"vehicleImageId":"a07f4c7d-0a36-4325-8890-24d43c8a1e8b","imagecount":13,"advertiserName":"DC Motor Co","isTrade":true},{"advertId":"34113621583583770","vehicleMake":"BMW","vehicleModel":"3 Series","vehicleDerivative":"320 D SE (Leather)**SOLD**","vehiclePriceEuro":0,"vehicleYearOfManufacture":2007,"advertiserCounty":"Dublin","isPSL":true,"privatePSL":false,"vehicleImageId":"c0410191-1e47-49b5-a727-06df4a9f3b36","imagecount":15,"advertiserName":"Fairview Motors","isTrade":true},{"advertId":"201302211870686","vehicleMake":"BMW","vehicleModel":"3 Series","vehicleDerivative":"316 316I SE Z3SP 4DR E90 SALOON N45 1.6","vehiclePriceEuro":16999,"vehicleYearOfManufacture":2006,"advertiserCounty":"Louth","isPSL":true,"privatePSL":false,"vehicleImageId":"14254862","imagecount":8,"isTrade":false},{"advertId":"201245210926672","vehicleMake":"BMW","vehicleModel":"3 Series","vehicleDerivative":"318D M SPORT Bodykit","vehiclePriceEuro":16495,"vehicleYearOfManufacture":2006,"advertiserCounty":"Limerick","isPSL":true,"privatePSL":false,"vehicleImageId":"14128130","imagecount":6,"isTrade":false},{"advertId":"201302211892098","vehicleMake":"BMW","vehicleModel":"3 Series","vehicleDerivative":"320d m sport","vehiclePriceEuro":15950,"vehicleYearOfManufacture":2006,"advertiserCounty":"Cork","isPSL":true,"privatePSL":false,"vehicleImageId":"14257613","imagecount":6,"isTrade":false},{"advertId":"201309212674171","vehicleMake":"BMW","vehicleModel":"3 Series","vehicleDerivative":"318 I SE Z3SD 04DR A","vehiclePriceEuro":15950,"vehicleYearOfManufacture":2006,"advertiserCounty":"Dublin","isPSL":true,"privatePSL":false,"vehicleImageId":"11775865","imagecount":9,"isTrade":false},{"advertId":"201305212205130","vehicleMake":"BMW","vehicleModel":"3 Series","vehicleDerivative":"320i","vehiclePriceEuro":15550,"vehicleYearOfManufacture":2006,"advertiserCounty":"Limerick","isPSL":true,"privatePSL":false,"vehicleImageId":"13946636","imagecount":2,"isTrade":false},{"advertId":"201250211384486","vehicleMake":"BMW","vehicleModel":"3 Series","vehicleDerivative":"320 D SE Z3S5 4DR AUTO","vehiclePriceEuro":15000,"vehicleYearOfManufacture":2006,"advertiserCounty":"Wexford","isPSL":true,"privatePSL":false,"vehicleImageId":"14203423","imagecount":2,"isTrade":false},{"advertId":"31513584031002260","vehicleMake":"BMW","vehicleModel":"3 Series","vehicleDerivative":"320d SE Saloon","vehiclePriceEuro":14995,"vehicleYearOfManufacture":2006,"advertiserCounty":"Westmeath","isPSL":true,"privatePSL":false,"vehicleImageId":"1aac7ccf-e84a-44cc-88ce-44a541bb17c2","imagecount":9,"advertiserName":"Colm Quinn BMW","isTrade":true},{"advertId":"31413529097274090","vehicleMake":"BMW","vehicleModel":"3 Series","vehicleDerivative":"320I SE AUTO E90 SALOON ","vehiclePriceEuro":14995,"vehicleYearOfManufacture":2006,"advertiserCounty":"Westmeath","isPSL":true,"privatePSL":false,"vehicleImageId":"f5f3b2cf-0b2c-4795-ac0f-550a5a7a840a","imagecount":9,"advertiserName":"Colm Quinn Cars","isTrade":true},{"advertId":"31913584031003310","vehicleMake":"BMW","vehicleModel":"3 Series","vehicleDerivative":"320i SE Saloon","vehiclePriceEuro":14995,"vehicleYearOfManufacture":2006,"advertiserCounty":"Westmeath","isPSL":true,"privatePSL":false,"vehicleImageId":"ca6e483a-f2fd-4ee2-80d3-c45d251a4d5b","imagecount":9,"advertiserName":"Colm Quinn BMW","isTrade":true},{"advertId":"201243210627982","vehicleMake":"BMW","vehicleModel":"3 Series","vehicleDerivative":"318 CI M SPORT ZD37 2DR 21","vehiclePriceEuro":14995,"vehicleYearOfManufacture":2006,"advertiserCounty":"Dublin","isPSL":true,"privatePSL":false,"vehicleImageId":"14069931","imagecount":6,"isTrade":false},{"advertId":"201250211399688","vehicleMake":"BMW","vehicleModel":"3 Series","vehicleDerivative":"318 I M SPORT Z3SE 4DR E90 SALOON N46 2.0","vehiclePriceEuro":14950,"vehicleYearOfManufacture":2006,"advertiserCounty":"Clare","isPSL":true,"privatePSL":false,"vehicleImageId":"14204649","imagecount":9,"isTrade":false},{"advertId":"31713580164033960","vehicleMake":"BMW","vehicleModel":"3 Series","vehicleDerivative":"335i COUPE..SUNROOF/HTD SEATS/19'' ALLOYS..IRISH CAR WITH FULL SERVICE HISTORY..FINANCE AVAILABLE..OPEN 7 DAYS..VISIT WWW.BESHOFFMOTORS.IE FOR MORE INFO..","vehiclePriceEuro":14950,"vehicleYearOfManufacture":2006,"advertiserCounty":"Dublin","isPSL":true,"privatePSL":false,"vehicleImageId":"40e8701e-f3e7-49d4-8a78-0385d6d16a9d","imagecount":18,"advertiserName":"Beshoff Motors","isTrade":true},{"advertId":"201243210686742","vehicleMake":"BMW","vehicleModel":"3 Series","vehicleDerivative":"318 E90 D M SPORT","vehiclePriceEuro":14800,"vehicleYearOfManufacture":2006,"advertiserCounty":"Mayo","isPSL":true,"privatePSL":false,"vehicleImageId":"14081222","imagecount":9,"isTrade":false},{"advertId":"5713325069975690","vehicleMake":"BMW","vehicleModel":"3 Series","vehicleDerivative":"330i SE Saloonn High Spec","vehiclePriceEuro":14750,"vehicleYearOfManufacture":2006,"advertiserCounty":"Kildare","isPSL":false,"privatePSL":false,"vehicleImageId":"2ba69696-5090-4ea9-aae5-997b7afc2bee","imagecount":6,"advertiserName":"N. Conlan and Sons","isTrade":true},{"advertId":"17213409781156340","vehicleMake":"BMW","vehicleModel":"3 Series","vehicleDerivative":"330 330ISE 330I SE Z3S6 4DR E90 SALOON N52 3.0","vehiclePriceEuro":14750,"vehicleYearOfManufacture":2006,"advertiserCounty":"Limerick","isPSL":false,"privatePSL":false,"vehicleImageId":"7325d3ca-68f3-429a-915f-886c3bcfda18","imagecount":6,"advertiserName":"N. Conlan & Sons Limerick","isTrade":true},{"advertId":"201305212250758","vehicleMake":"BMW","vehicleModel":"3 Series","vehicleDerivative":"M","vehiclePriceEuro":14500,"vehicleYearOfManufacture":2006,"advertiserCounty":"Dublin","isPSL":true,"privatePSL":false,"vehicleImageId":"12247725","imagecount":4,"isTrade":false},{"advertId":"413261144252450","vehicleMake":"BMW","vehicleModel":"3 Series","vehicleDerivative":"320d ES Auto Leather","vehiclePriceEuro":14500,"vehicleYearOfManufacture":2006,"advertiserCounty":"Kildare","isPSL":false,"privatePSL":false,"vehicleImageId":"fad5bd3a-cd5c-4146-96f6-eba12807d6e2","imagecount":3,"advertiserName":"N. Conlan and Sons","isTrade":true},{"advertId":"201242210599129","vehicleMake":"BMW","vehicleModel":"3 Series","vehicleDerivative":"330CD M Sport","vehiclePriceEuro":14500,"vehicleYearOfManufacture":2006,"advertiserCounty":"Leitrim","isPSL":true,"privatePSL":false,"vehicleImageId":"14065425","imagecount":6,"isTrade":false},{"advertId":"201302211892244","vehicleMake":"BMW","vehicleModel":"3 Series","vehicleDerivative":"318 I ES Z3SC 4DR SALOON","vehiclePriceEuro":14500,"vehicleYearOfManufacture":2006,"advertiserCounty":"Cavan","isPSL":true,"privatePSL":false,"vehicleImageId":"14258385","imagecount":4,"isTrade":false},{"advertId":"201302211892050","vehicleMake":"BMW","vehicleModel":"3 Series","vehicleDerivative":"320 E90 D SE 163BHP 04DR","vehiclePriceEuro":14000,"vehicleYearOfManufacture":2006,"advertiserCounty":"Louth","isPSL":true,"privatePSL":false,"vehicleImageId":"14257373","imagecount":9,"isTrade":false},{"advertId":"201304212137371","vehicleMake":"BMW","vehicleModel":"3 Series","vehicleDerivative":"320 D AUTO Diesel","vehiclePriceEuro":14000,"vehicleYearOfManufacture":2006,"advertiserCounty":"Dublin","isPSL":true,"privatePSL":false,"vehicleImageId":"14289962","imagecount":9,"isTrade":false},{"advertId":"201309212673934","vehicleMake":"BMW","vehicleModel":"3 Series","vehicleDerivative":"I SE Z3S7 4DR AUTO E90 SALOON N46 2.0","vehiclePriceEuro":14000,"vehicleYearOfManufacture":2006,"advertiserCounty":"Galway","isPSL":true,"privatePSL":false,"vehicleImageId":"14374540","imagecount":5,"isTrade":false},{"advertId":"34213608692991190","vehicleMake":"BMW","vehicleModel":"3 Series","vehicleDerivative":"320Si M-SPORT SALOON SPECIAL EDITION..IRISH CAR WITH FULL SERVICE HISTORY & ONLY 2 OWNERS..FINANCE AVAILABLE..OPEN 7 DAYS..VISIT WWW.BESHOFFMOTORS.IE FOR MORE INFO..","vehiclePriceEuro":13950,"vehicleYearOfManufacture":2006,"advertiserCounty":"Dublin","isPSL":true,"privatePSL":false,"vehicleImageId":"c399cba4-97db-4139-a237-7cb9a3233d5b","imagecount":20,"advertiserName":"Beshoff Motors","isTrade":true},{"advertId":"34313615371672740","vehicleMake":"BMW","vehicleModel":"3 Series","vehicleDerivative":"318 I SE Z3SD 4DR A E90 SALOON N46 2.0","vehiclePriceEuro":13950,"vehicleYearOfManufacture":2006,"advertiserCounty":"Dublin","isPSL":true,"privatePSL":false,"vehicleImageId":"de56da50-d996-4a76-98bc-28fb55fde0df","imagecount":5,"advertiserName":"Murphy and Gunn","isTrade":true},{"advertId":"201306212340934","vehicleMake":"BMW","vehicleModel":"3 Series","vehicleDerivative":"320 E90 D SE 04DR","vehiclePriceEuro":13500,"vehicleYearOfManufacture":2006,"advertiserCounty":"Kildare","isPSL":true,"privatePSL":false,"vehicleImageId":"13980119","imagecount":6,"isTrade":false},{"advertId":"201309212673984","vehicleMake":"BMW","vehicleModel":"3 Series","vehicleDerivative":"316 SE","vehiclePriceEuro":13500,"vehicleYearOfManufacture":2006,"advertiserCounty":"Limerick","isPSL":true,"privatePSL":false,"vehicleImageId":"13650023","imagecount":6,"isTrade":false},{"advertId":"34313599766587810","vehicleMake":"BMW","vehicleModel":"3 Series","vehicleDerivative":"318 I M SPORT Z3SE 4DR E90 SALOON N46 2.0","vehiclePriceEuro":13450,"vehicleYearOfManufacture":2006,"advertiserCounty":"Kildare","isPSL":false,"privatePSL":false,"vehicleImageId":"3b138a08-e0fe-4006-8c3f-a7b8206feb9a","imagecount":7,"advertiserName":"Ray Crofton Ltd.","isTrade":true},{"advertId":"201305212228148","vehicleMake":"BMW","vehicleModel":"3 Series","vehicleDerivative":"320 I M SPORT Z3SI 4DR","vehiclePriceEuro":13250,"vehicleYearOfManufacture":2006,"advertiserCounty":"Dublin","isPSL":true,"privatePSL":false,"vehicleImageId":"14307146","imagecount":6,"isTrade":false},{"advertId":"201245210884964","vehicleMake":"BMW","vehicleModel":"3 Series","vehiclePriceEuro":13000,"vehicleYearOfManufacture":2006,"advertiserCounty":"Dublin","isPSL":true,"privatePSL":false,"vehicleImageId":"14111719","imagecount":1,"isTrade":false},{"advertId":"34113607606610210","vehicleMake":"BMW","vehicleModel":"3 Series","vehicleDerivative":"320 D 2.0 Dsl 4dr M-Sport Auto","vehiclePriceEuro":12995,"vehicleYearOfManufacture":2006,"advertiserCounty":"Dublin","isPSL":false,"privatePSL":false,"vehicleImageId":"e76434fa-51bd-4732-8ab7-9664f6deca2c","imagecount":9,"advertiserName":"Windsor Liffey Valley","isTrade":true},{"advertId":"201250211405722","vehicleMake":"BMW","vehicleModel":"3 Series","vehicleDerivative":"320cd 2ltr","vehiclePriceEuro":12950,"vehicleYearOfManufacture":2006,"advertiserCounty":"Clare","isPSL":true,"privatePSL":false,"vehicleImageId":"14205506","imagecount":9,"isTrade":false},{"advertId":"201305212250589","vehicleMake":"BMW","vehicleModel":"3 Series","vehicleDerivative":"M","vehiclePriceEuro":12950,"vehicleYearOfManufacture":2006,"advertiserCounty":"Dublin","isPSL":true,"privatePSL":false,"vehicleImageId":"12247725","imagecount":4,"isTrade":false},{"advertId":"33413608653891780","vehicleMake":"BMW","vehicleModel":"3 Series","vehicleDerivative":"318i M-SPORT SALOON..LOW MILEAGE IRISH CAR WITH FULL SERVICE HISTORY FROM NEW..FINANCE AVAILABLE..OPEN 7 DAYS..VISIT WWW.BESHOFFMOTORS.IE FOR MORE INFO..","vehiclePriceEuro":12950,"vehicleYearOfManufacture":2006,"advertiserCounty":"Dublin","isPSL":true,"privatePSL":false,"vehicleImageId":"07c74e3c-764e-49b8-91fa-a36be9b9070e","imagecount":19,"advertiserName":"Beshoff Motors","isTrade":true},{"advertId":"201303212004458","vehicleMake":"BMW","vehicleModel":"3 Series","vehicleDerivative":"320 E90 D ES 163BHP 04DR A","vehiclePriceEuro":12900,"vehicleYearOfManufacture":2006,"advertiserCounty":"Limerick","isPSL":true,"privatePSL":false,"vehicleImageId":"14272386","imagecount":4,"isTrade":false},{"advertId":"201247211100206","vehicleMake":"BMW","vehicleModel":"3 Series","vehiclePriceEuro":12850,"vehicleYearOfManufacture":2006,"advertiserCounty":"Kildare","isPSL":true,"privatePSL":false,"vehicleImageId":"14159156","imagecount":5,"isTrade":false},{"advertId":"201305212205081","vehicleMake":"BMW","vehicleModel":"3 Series","vehicleDerivative":"320 D E91 SE TOURING 05DR","vehiclePriceEuro":12500,"vehicleYearOfManufacture":2006,"advertiserCounty":"Cork","isPSL":true,"privatePSL":false,"vehicleImageId":"14302656","imagecount":9,"isTrade":false},{"advertId":"201246211011340","vehicleMake":"BMW","vehicleModel":"3 Series","vehicleDerivative":"318 D SE Z3SG 4DR","vehiclePriceEuro":12500,"vehicleYearOfManufacture":2006,"advertiserCounty":"Tipperary","isPSL":true,"privatePSL":false,"vehicleImageId":"14144733","imagecount":3,"isTrade":false},{"advertId":"201246211002301","vehicleMake":"BMW","vehicleModel":"3 Series","vehicleDerivative":"320 E90 D M SPORT 4DR","vehiclePriceEuro":12500,"vehicleYearOfManufacture":2006,"advertiserCounty":"Cork","isPSL":true,"privatePSL":false,"vehicleImageId":"14144038","imagecount":9,"isTrade":false},{"advertId":"201244210760745","vehicleMake":"BMW","vehicleModel":"3 Series","vehicleDerivative":"320 E90 D M SPORT 04DR","vehiclePriceEuro":12499,"vehicleYearOfManufacture":2006,"advertiserCounty":"Donegal","isPSL":true,"privatePSL":false,"vehicleImageId":"14090851","imagecount":9,"isTrade":false},{"advertId":"201250211375137","vehicleMake":"BMW","vehicleModel":"3 Series","vehicleDerivative":"318 D SE Z3SG 4DR","vehiclePriceEuro":12450,"vehicleYearOfManufacture":2006,"advertiserCounty":"Kildare","isPSL":true,"privatePSL":false,"vehicleImageId":"14201273","imagecount":4,"isTrade":false},{"advertId":"201247211059298","vehicleMake":"BMW","vehicleModel":"3 Series","vehicleDerivative":"318 I SE TOURING","vehiclePriceEuro":12250,"vehicleYearOfManufacture":2006,"advertiserCounty":"Dublin","isPSL":true,"privatePSL":false,"vehicleImageId":"11973846","imagecount":6,"isTrade":false},{"advertId":"201306212340969","vehicleMake":"BMW","vehicleModel":"3 Series","vehicleDerivative":"320 E90 D ES 04DR","vehiclePriceEuro":12000,"vehicleYearOfManufacture":2006,"advertiserCounty":"Clare","isPSL":true,"privatePSL":false,"vehicleImageId":"13987831","imagecount":9,"isTrade":false},{"advertId":"201245210892337","vehicleMake":"BMW","vehicleModel":"3 Series","vehicleDerivative":"320D SE","vehiclePriceEuro":12000,"vehicleYearOfManufacture":2006,"advertiserCounty":"Offaly","isPSL":true,"privatePSL":false,"vehicleImageId":"14114302","imagecount":9,"isTrade":false},{"advertId":"201242210576294","vehicleMake":"BMW","vehicleModel":"3 Series","vehicleDerivative":"318 I ES Z3SC 4DR SALOON","vehiclePriceEuro":12000,"vehicleYearOfManufacture":2006,"advertiserCounty":"Cork","isPSL":true,"privatePSL":false,"vehicleImageId":"14059889","imagecount":7,"isTrade":false},{"advertId":"201305212250598","vehicleMake":"BMW","vehicleModel":"3 Series","vehicleDerivative":"320 E46 CD SE","vehiclePriceEuro":11995,"vehicleYearOfManufacture":2006,"advertiserCounty":"Galway","isPSL":true,"privatePSL":false,"vehicleImageId":"14047400","imagecount":4,"isTrade":false},{"advertId":"32913604405346580","vehicleMake":"BMW","vehicleModel":"3 Series","vehicleDerivative":"318i SE SALOON..AUTO/LEATHER..1 OWNER LOW MILEAGE IRISH CAR WITH FULL SERVICE HISTORY FROM NEW..FINANCE AVAILABLE..OPEN 7 DAYS..VISIT WWW.BESHOFFMOTORS.IE FOR MORE INFO..","vehiclePriceEuro":11950,"vehicleYearOfManufacture":2006,"advertiserCounty":"Dublin","isPSL":true,"privatePSL":false,"vehicleImageId":"a6b54847-79a5-4701-8b9a-73f6f445e4fd","imagecount":19,"advertiserName":"Beshoff Motors","isTrade":true},{"advertId":"201307212457121","vehicleMake":"BMW","vehicleModel":"3 Series","vehicleDerivative":"318 I M SPORT Z3SE 4DR","vehiclePriceEuro":11950,"vehicleYearOfManufacture":2006,"advertiserCounty":"Cork","isPSL":true,"privatePSL":false,"vehicleImageId":"14003027","imagecount":9,"isTrade":false},{"advertId":"201250211369099","vehicleMake":"BMW","vehicleModel":"3 Series","vehicleDerivative":"320 D M SPORT Z3SJ 4DR E90 SALOON M47 2.0","vehiclePriceEuro":11900,"vehicleYearOfManufacture":2006,"advertiserCounty":"Louth","isPSL":true,"privatePSL":false,"vehicleImageId":"14200056","imagecount":8,"isTrade":false},{"advertId":"201249211299291","vehicleMake":"BMW","vehicleModel":"3 Series","vehicleDerivative":"316 316I ES Z3SQ 4DR E90 SALOON N45 1.6","vehiclePriceEuro":11800,"vehicleYearOfManufacture":2006,"advertiserCounty":"Limerick","isPSL":true,"privatePSL":false,"vehicleImageId":"13801532","imagecount":4,"isTrade":false},{"advertId":"201306212363359","vehicleMake":"BMW","vehicleModel":"3 Series","vehicleDerivative":"318 I SE Z3SD 4DR","vehiclePriceEuro":11750,"vehicleYearOfManufacture":2006,"advertiserCounty":"Limerick","isPSL":true,"privatePSL":false,"vehicleImageId":"13983455","imagecount":2,"isTrade":false},{"advertId":"34313609253763430","vehicleMake":"BMW","vehicleModel":"3 Series","vehicleDerivative":"316 i SE 316I Z3SP 4DR E90 SALOON N45 1.6","vehiclePriceEuro":11750,"vehicleYearOfManufacture":2006,"advertiserCounty":"Kildare","isPSL":false,"privatePSL":false,"vehicleImageId":"7dd15f48-36ff-4b5b-804b-d71466ab7b38","imagecount":8,"advertiserName":"Ray Crofton Ltd.","isTrade":true},{"advertId":"201244210748539","vehicleMake":"BMW","vehicleModel":"3 Series","vehicleDerivative":"320 DES Z3SB 4DR E90 D ES SALOON M47 2.0","vehiclePriceEuro":11500,"vehicleYearOfManufacture":2006,"advertiserCounty":"Kerry","isPSL":true,"privatePSL":false,"vehicleImageId":"14088597","imagecount":9,"isTrade":false},{"advertId":"201309212649909","vehicleMake":"BMW","vehicleModel":"3 Series","vehicleDerivative":"320 D SE Z3S5 4DR","vehiclePriceEuro":11500,"vehicleYearOfManufacture":2006,"advertiserCounty":"Meath","isPSL":true,"privatePSL":false,"vehicleImageId":"11763975","imagecount":7,"isTrade":false}],"totalAdvertCount":45174}