{"adverts":[{"advertId":"31713596478837570","vehicleMake":"BMW","vehicleModel":"5 Series","vehicleDerivative":"AUTO 520d M-SPORT with BMW Service Inclusive Plus Pack","vehiclePriceEuro":40935,"vehicleYearOfManufacture":2011,"advertiserCounty":"Dublin","isPSL":true,"privatePSL":false,"vehicleImageId":"e1ba82ec-ce1b-442a-9d4d-d20901fb6e4a","imagecount":16,"advertiserName":"Murphy & Gunn Hyundai","isTrade":true},{"advertId":"201248211192114","vehicleMake":"BMW","vehicleModel":"5 Series","vehicleDerivative":"520 D F11 M SPORT TOURING 5DR AUTO TOUR","vehiclePriceEuro":39995,"vehicleYearOfManufacture":2011,"advertiserCounty":"Kildare","isPSL":true,"privatePSL":false,"vehicleImageId":"13780642","imagecount":3,"isTrade":false},{"advertId":"31713518732109660","vehicleMake":"BMW","vehicleModel":"5 Series","vehicleDerivative":"520 D F10 M SPORT 4DR AUTO","vehiclePriceEuro":39990,"vehicleYearOfManufacture":2011,"advertiserCounty":"Dublin","isPSL":false,"privatePSL":false,"vehicleImageId":"da22ecda-11cf-4eb5-a6ca-7c3bbb3f3f4c","imagecount":9,"advertiserName":"Diamond Group","isTrade":true},{"advertId":"33913614686643440","vehicleMake":"BMW","vehicleModel":"5 Series","vehicleDerivative":"520D M SPORT AUTO **HI SPEC**WHITE**RARE CAR WITH THESE SPEC***","vehiclePriceEuro":39950,"vehicleYearOfManufacture":2011,"advertiserCounty":"Louth","isPSL":false,"privatePSL":false,"imagecount":0,"advertiserName":"Callanan Motor Company","isTrade":true},{"advertId":"34113606005621870","vehicleMake":"BMW","vehicleModel":"5 Series","vehicleDerivative":"520d M-SPORT AUTO - HIGH SPEC - PRO NAV & MEDIA - 19'' ALLOY WHEELS - PRIVACY GLASS - 8 SPEED GEARBOX WITH PADDLE SHIFT - FOLDING MIRRORS - WWW.CAFCO.IE ","vehiclePriceEuro":39950,"vehicleYearOfManufacture":2011,"advertiserCounty":"Dublin","isPSL":false,"privatePSL":false,"vehicleImageId":"7bd50103-61c7-406f-bc23-90fafd228444","imagecount":12,"advertiserName":"Cafco Vehicle Solutions","isTrade":true},{"advertId":"33913600840447580","vehicleMake":"BMW","vehicleModel":"5 Series","vehicleDerivative":"520d Auto SE Touring Straight Sale Price","vehiclePriceEuro":39950,"vehicleYearOfManufacture":2011,"advertiserCounty":"Dublin","isPSL":false,"privatePSL":false,"vehicleImageId":"c89728f7-55c4-41b6-99b1-341e3f3c6a1b","imagecount":7,"advertiserName":"Ken Lawford Motors","isTrade":true},{"advertId":"34113616270141540","vehicleMake":"BMW","vehicleModel":"5 Series","vehicleDerivative":"520d SE Auto High Spec Visibility Pack","vehiclePriceEuro":39950,"vehicleYearOfManufacture":2011,"advertiserCounty":"Kildare","isPSL":false,"privatePSL":false,"vehicleImageId":"b6ae2183-1033-4767-8f7d-9fbe5b0ae06a","imagecount":7,"advertiserName":"N. Conlan and Sons","isTrade":true},{"advertId":"33913622040907610","vehicleMake":"BMW","vehicleModel":"5 Series","vehicleDerivative":"520d SE","vehiclePriceEuro":39950,"vehicleYearOfManufacture":2011,"advertiserCounty":"Kildare","isPSL":true,"privatePSL":false,"vehicleImageId":"269aeb44-2ab6-487e-960f-2fc14fa20074","imagecount":6,"advertiserName":"N. Conlan and Sons BMW","isTrade":true},{"advertId":"201251211494455","vehicleMake":"BMW","vehicleModel":"5 Series","vehicleDerivative":"520 D SE 7 SPEED FW12 4DR AUTO","vehiclePriceEuro":39950,"vehicleYearOfManufacture":2011,"advertiserCounty":"Kildare","isPSL":true,"privatePSL":false,"vehicleImageId":"13846811","imagecount":8,"isTrade":false},{"advertId":"201304212158699","vehicleMake":"BMW","vehicleModel":"5 Series","vehicleDerivative":"520 D F10 M SPORT 4DR AUTO","vehiclePriceEuro":39950,"vehicleYearOfManufacture":2011,"advertiserCounty":"Dublin","isPSL":true,"privatePSL":false,"vehicleImageId":"14293367","imagecount":7,"isTrade":false},{"advertId":"201245210905612","vehicleMake":"BMW","vehicleModel":"5 Series","vehicleDerivative":"520 D SE Z5I1 4DR AUTO","vehiclePriceEuro":39000,"vehicleYearOfManufacture":2011,"advertiserCounty":"Limerick","isPSL":true,"privatePSL":false,"imagecount":0,"isTrade":false},{"advertId":"34213620597524430","vehicleMake":"BMW","vehicleModel":"5 Series","vehicleDerivative":"520 D SE  4DR AUTO","vehiclePriceEuro":38999,"vehicleYearOfManufacture":2011,"advertiserCounty":"Dublin","isPSL":false,"privatePSL":false,"vehicleImageId":"723ebad4-76fd-48d6-84f0-cd0b1cc92916","imagecount":11,"advertiserName":"Tractamotors Blanchardstown","isTrade":true},{"advertId":"34213609080875290","vehicleMake":"BMW","vehicleModel":"5 Series","vehicleDerivative":"520d SE","vehiclePriceEuro":38995,"vehicleYearOfManufacture":2011,"advertiserCounty":"Westmeath","isPSL":true,"privatePSL":false,"vehicleImageId":"c165076e-b2cd-4cbf-989e-e9c19f4cdad9","imagecount":9,"advertiserName":"Colm Quinn BMW","isTrade":true},{"advertId":"34413619448856590","vehicleMake":"BMW","vehicleModel":"5 Series","vehicleDerivative":"520d SE","vehiclePriceEuro":38995,"vehicleYearOfManufacture":2011,"advertiserCounty":"Westmeath","isPSL":true,"privatePSL":false,"vehicleImageId":"ead2bb80-3bb6-4e21-9b01-14a3d6df5748","imagecount":9,"advertiserName":"Colm Quinn BMW","isTrade":true},{"advertId":"31813589208949700","vehicleMake":"BMW","vehicleModel":"5 Series","vehicleDerivative":"520d M Sport","vehiclePriceEuro":38995,"vehicleYearOfManufacture":2011,"advertiserCounty":"Tipperary","isPSL":true,"privatePSL":false,"vehicleImageId":"03fbe2f7-adef-45cd-9479-8f042b8a1e3c","imagecount":8,"advertiserName":"Morrison BMW","isTrade":true},{"advertId":"34213618199148320","vehicleMake":"BMW","vehicleModel":"5 Series","vehicleDerivative":"520D  M SPORT 4DR","vehiclePriceEuro":38975,"vehicleYearOfManufacture":2011,"advertiserCounty":"Wexford","isPSL":true,"privatePSL":false,"vehicleImageId":"e6bdfc10-d0f4-4bcf-8140-01211914f725","imagecount":9,"advertiserName":"Enniscorthy Motor Co. Ltd","isTrade":true},{"advertId":"32913598712754250","vehicleMake":"BMW","vehicleModel":"5 Series","vehicleDerivative":"520d SE Saloon IE","vehiclePriceEuro":38950,"vehicleYearOfManufacture":2011,"advertiserCounty":"Kerry","isPSL":true,"privatePSL":false,"vehicleImageId":"649c7ea2-878e-4eaf-bad1-3d4a9728fceb","imagecount":6,"advertiserName":"Aherns BMW","isTrade":true},{"advertId":"201309212722853","vehicleMake":"BMW","vehicleModel":"5 Series","vehicleDerivative":"D F10 M SPORT 4DR AUTO","vehiclePriceEuro":38950,"vehicleYearOfManufacture":2011,"advertiserCounty":"Dublin","isPSL":true,"privatePSL":false,"vehicleImageId":"14381045","imagecount":9,"isTrade":false},{"advertId":"33913608453351470","vehicleMake":"BMW","vehicleModel":"5 Series","vehicleDerivative":"SOLD,,,,,,,,,,,,,,,,,,,,,,,,,,,,,,,,,,,,,","vehiclePriceEuro":38950,"vehicleYearOfManufacture":2011,"advertiserCounty":"Kildare","isPSL":false,"privatePSL":false,"vehicleImageId":"48b7905e-bd1e-4f06-ba46-80f1459138b8","imagecount":9,"advertiserName":"SMC Car Sales","isTrade":true},{"advertId":"32713598712765300","vehicleMake":"BMW","vehicleModel":"5 Series","vehicleDerivative":"520d SE Saloon IE","vehiclePriceEuro":38950,"vehicleYearOfManufacture":2011,"advertiserCounty":"Kerry","isPSL":true,"privatePSL":false,"vehicleImageId":"04ac5f7d-c202-4869-9e58-5fe8d51b4b1b","imagecount":5,"advertiserName":"Aherns BMW","isTrade":true},{"advertId":"31913583167900380","vehicleMake":"BMW","vehicleModel":"5 Series","vehicleDerivative":"520d SE","vehiclePriceEuro":38950,"vehicleYearOfManufacture":2011,"advertiserCounty":"Kerry","isPSL":true,"privatePSL":false,"vehicleImageId":"b7490604-9276-4d94-817e-2307f5c64e99","imagecount":6,"advertiserName":"Aherns BMW","isTrade":true},{"advertId":"34013601304966130","vehicleMake":"BMW","vehicleModel":"5 Series","vehicleDerivative":"520d SE Saloon IE","vehiclePriceEuro":38900,"vehicleYearOfManufacture":2011,"advertiserCounty":"Cork","isPSL":true,"privatePSL":false,"vehicleImageId":"971e3392-7d39-43b6-96a3-4fa4c6503649","imagecount":9,"advertiserName":"Kearys BMW","isTrade":true},{"advertId":"34213600620994160","vehicleMake":"BMW","vehicleModel":"5 Series","vehicleDerivative":"520d SE","vehiclePriceEuro":38900,"vehicleYearOfManufacture":2011,"advertiserCounty":"Cork","isPSL":true,"privatePSL":false,"vehicleImageId":"79d63524-3660-44e8-9ac7-a232a9158a1a","imagecount":6,"advertiserName":"Kearys Eastgate","isTrade":true},{"advertId":"33413615992895640","vehicleMake":"BMW","vehicleModel":"5 Series","vehicleDerivative":"520d SE Saloon IE","vehiclePriceEuro":38750,"vehicleYearOfManufacture":2011,"advertiserCounty":"Dublin","isPSL":true,"privatePSL":false,"vehicleImageId":"8de31370-250d-4e62-904c-687527b97ade","imagecount":9,"advertiserName":"Murphy and Gunn (BMW)","isTrade":true},{"advertId":"34113607353006770","vehicleMake":"BMW","vehicleModel":"5 Series","vehicleDerivative":"520d SE Saloon IE","vehiclePriceEuro":37995,"vehicleYearOfManufacture":2011,"advertiserCounty":"Dublin","isPSL":true,"privatePSL":false,"vehicleImageId":"3b4dc472-d7e4-424c-a137-9ce8a34d950a","imagecount":6,"advertiserName":"Joe Duffy BMW","isTrade":true},{"advertId":"34213607752921310","vehicleMake":"BMW","vehicleModel":"5 Series","vehicleDerivative":"520d SE AUTO","vehiclePriceEuro":37995,"vehicleYearOfManufacture":2011,"advertiserCounty":"Dublin","isPSL":false,"privatePSL":false,"vehicleImageId":"1fe556cf-abcd-4f60-9a0d-e5d4550b7ef3","imagecount":6,"advertiserName":"Joe Duffy","isTrade":true},{"advertId":"32913607353000050","vehicleMake":"BMW","vehicleModel":"5 Series","vehicleDerivative":"520d SE","vehiclePriceEuro":37995,"vehicleYearOfManufacture":2011,"advertiserCounty":"Dublin","isPSL":true,"privatePSL":false,"vehicleImageId":"75dd2a90-1d9f-42c5-ba83-8cd0c8ad56bb","imagecount":6,"advertiserName":"Joe Duffy BMW","isTrade":true},{"advertId":"33913621498461160","vehicleMake":"BMW","vehicleModel":"5 Series","vehicleDerivative":"520d SE Auto 4dr","vehiclePriceEuro":37995,"vehicleYearOfManufacture":2011,"advertiserCounty":"Dublin","isPSL":false,"privatePSL":false,"vehicleImageId":"021f71ff-9e51-4040-904f-affb07244786","imagecount":6,"advertiserName":"Joe Duffy","isTrade":true},{"advertId":"34013621176794970","vehicleMake":"BMW","vehicleModel":"5 Series","vehicleDerivative":"520d SE Saloon IE","vehiclePriceEuro":37995,"vehicleYearOfManufacture":2011,"advertiserCounty":"Dublin","isPSL":true,"privatePSL":false,"vehicleImageId":"2bceed85-6ab7-40dd-b279-e8e96883fc09","imagecount":1,"advertiserName":"Joe Duffy BMW","isTrade":true},{"advertId":"31813584894834640","vehicleMake":"BMW","vehicleModel":"5 Series","vehicleDerivative":"520d SE","vehiclePriceEuro":37995,"vehicleYearOfManufacture":2011,"advertiserCounty":"Tipperary","isPSL":true,"privatePSL":false,"vehicleImageId":"00c1ae67-d963-4994-80ff-af4d7985422d","imagecount":8,"advertiserName":"Morrison BMW","isTrade":true},{"advertId":"34113600708780830","vehicleMake":"BMW","vehicleModel":"5 Series","vehicleDerivative":"520D 4dr SE - Finance Available","vehiclePriceEuro":37995,"vehicleYearOfManufacture":2011,"advertiserCounty":"Dublin","isPSL":false,"privatePSL":false,"vehicleImageId":"56f7a0c6-1c1f-417a-8e28-a9fd441d1e03","imagecount":9,"advertiserName":"Liffey Valley Opel","isTrade":true},{"advertId":"33213622904931000","vehicleMake":"BMW","vehicleModel":"5 Series","vehicleDerivative":"520d SE Saloon IE","vehiclePriceEuro":37995,"vehicleYearOfManufacture":2011,"advertiserCounty":"Dublin","isPSL":true,"privatePSL":false,"vehicleImageId":"376a71bd-98c6-4ef7-a87b-9a9f937b13e0","imagecount":1,"advertiserName":"Joe Duffy BMW","isTrade":true},{"advertId":"33913622253365970","vehicleMake":"BMW","vehicleModel":"5 Series","vehicleDerivative":"520d SE AUTO","vehiclePriceEuro":37995,"vehicleYearOfManufacture":2011,"advertiserCounty":"Dublin","isPSL":false,"privatePSL":false,"vehicleImageId":"5ff16b22-bae3-44a2-b5c5-74720cf58f44","imagecount":1,"advertiserName":"Joe Duffy","isTrade":true},{"advertId":"34113620681588490","vehicleMake":"BMW","vehicleModel":"5 Series","vehicleDerivative":"520 m sport auto sat nav hi spec 25000miles as new","vehiclePriceEuro":37995,"vehicleYearOfManufacture":2011,"advertiserCounty":"Wexford","isPSL":false,"privatePSL":false,"vehicleImageId":"c974bd56-1ce3-449e-b773-299352829672","imagecount":5,"advertiserName":"Tom Moran & Sons Ltd","isTrade":true},{"advertId":"30613492550703390","vehicleMake":"BMW","vehicleModel":"5 Series","vehicleDerivative":"520d SE","vehiclePriceEuro":37995,"vehicleYearOfManufacture":2011,"advertiserCounty":"Westmeath","isPSL":true,"privatePSL":false,"vehicleImageId":"7b64b6a7-bee8-4575-8d39-c71497229221","imagecount":9,"advertiserName":"Colm Quinn BMW","isTrade":true},{"advertId":"34113607748969900","vehicleMake":"BMW","vehicleModel":"5 Series","vehicleDerivative":"520d SE AUTO","vehiclePriceEuro":37995,"vehicleYearOfManufacture":2011,"advertiserCounty":"Dublin","isPSL":false,"privatePSL":false,"vehicleImageId":"b23dcac2-5e7c-43f9-8487-257e30e5a3d0","imagecount":4,"advertiserName":"Joe Duffy","isTrade":true},{"advertId":"33913607353007440","vehicleMake":"BMW","vehicleModel":"5 Series","vehicleDerivative":"520d SE","vehiclePriceEuro":37995,"vehicleYearOfManufacture":2011,"advertiserCounty":"Tipperary","isPSL":true,"privatePSL":false,"vehicleImageId":"70af8d4a-76b9-498a-9dda-d8fe24d61343","imagecount":8,"advertiserName":"Morrison BMW","isTrade":true},{"advertId":"31813596120789410","vehicleMake":"BMW","vehicleModel":"5 Series","vehicleDerivative":"520d SE","vehiclePriceEuro":37995,"vehicleYearOfManufacture":2011,"advertiserCounty":"Limerick","isPSL":true,"privatePSL":false,"vehicleImageId":"40d3bad3-998b-4e17-961b-55918a84467b","imagecount":5,"advertiserName":"N. Conlan & Sons Limerick BMW","isTrade":true},{"advertId":"31813499323010020","vehicleMake":"BMW","vehicleModel":"5 Series","vehicleDerivative":"520d SE","vehiclePriceEuro":37995,"vehicleYearOfManufacture":2011,"advertiserCounty":"Limerick","isPSL":true,"privatePSL":false,"vehicleImageId":"238f71f2-78cd-40b0-91c5-b29f929da268","imagecount":6,"advertiserName":"N. Conlan & Sons Limerick BMW","isTrade":true},{"advertId":"33213602169035560","vehicleMake":"BMW","vehicleModel":"5 Series","vehicleDerivative":"520d SE","vehiclePriceEuro":37995,"vehicleYearOfManufacture":2011,"advertiserCounty":"Tipperary","isPSL":true,"privatePSL":false,"vehicleImageId":"6ee6f7e0-28d0-4106-9e9d-c4bfb9e3540c","imagecount":8,"advertiserName":"Morrison BMW","isTrade":true},{"advertId":"15313407836037320","vehicleMake":"BMW","vehicleModel":"5 Series","vehicleDerivative":"520 D SE FW12 4DR AUTO","vehiclePriceEuro":37975,"vehicleYearOfManufacture":2011,"advertiserCounty":"Waterford","isPSL":true,"privatePSL":false,"vehicleImageId":"28f52e74-39ea-4327-b42e-fb251f70adc6","imagecount":4,"advertiserName":"Bolands","isTrade":true},{"advertId":"30913492550719000","vehicleMake":"BMW","vehicleModel":"5 Series","vehicleDerivative":"520d SE","vehiclePriceEuro":37975,"vehicleYearOfManufacture":2011,"advertiserCounty":"Waterford","isPSL":true,"privatePSL":false,"vehicleImageId":"62a2cdfa-d142-44fe-9afd-63a193fbd73f","imagecount":7,"advertiserName":"Bolands BMW","isTrade":true},{"advertId":"31913594516127110","vehicleMake":"BMW","vehicleModel":"5 Series","vehicleDerivative":"520 D F10 SE 4DR AUTO","vehiclePriceEuro":37975,"vehicleYearOfManufacture":2011,"advertiserCounty":"Waterford","isPSL":true,"privatePSL":false,"vehicleImageId":"0abd206e-2877-4484-b14e-c088d268ec6d","imagecount":3,"advertiserName":"Bolands","isTrade":true},{"advertId":"31513498659901900","vehicleMake":"BMW","vehicleModel":"5 Series","vehicleDerivative":"520d SE Auto","vehiclePriceEuro":37950,"vehicleYearOfManufacture":2011,"advertiserCounty":"Kildare","isPSL":false,"privatePSL":false,"vehicleImageId":"d1eaba94-9f34-4e25-9b1a-78324ddaf787","imagecount":7,"advertiserName":"N. Conlan and Sons","isTrade":true},{"advertId":"33213601304934330","vehicleMake":"BMW","vehicleModel":"5 Series","vehicleDerivative":"520d SE","vehiclePriceEuro":37950,"vehicleYearOfManufacture":2011,"advertiserCounty":"Wexford","isPSL":true,"privatePSL":false,"vehicleImageId":"00282c2b-76c0-42be-9b19-1a4233766785","imagecount":9,"advertiserName":"J Donohoe BMW","isTrade":true},{"advertId":"201306212386096","vehicleMake":"BMW","vehicleModel":"5 Series","vehicleDerivative":"520 D F10 M SPORT 4DR AUTO","vehiclePriceEuro":37950,"vehicleYearOfManufacture":2011,"advertiserCounty":"Dublin","isPSL":true,"privatePSL":false,"vehicleImageId":"14336467","imagecount":9,"isTrade":false},{"advertId":"34313617852080410","vehicleMake":"BMW","vehicleModel":"5 Series","vehicleDerivative":"520D M-SPORT F10 AUTO","vehiclePriceEuro":37950,"vehicleYearOfManufacture":2011,"advertiserCounty":"Dublin","isPSL":true,"privatePSL":false,"vehicleImageId":"c579f883-5426-4001-a3e6-0cb1af013c5a","imagecount":13,"advertiserName":"Auto Sports Motors Ltd","isTrade":true},{"advertId":"34113599818048950","vehicleMake":"BMW","vehicleModel":"5 Series","vehicleDerivative":"520d M SPORT AUTO","vehiclePriceEuro":37950,"vehicleYearOfManufacture":2011,"advertiserCounty":"Dublin","isPSL":false,"privatePSL":false,"vehicleImageId":"26ec6ceb-b93b-4faa-8593-e1f365e7c0a5","imagecount":19,"advertiserName":"BLU VMS","isTrade":true},{"advertId":"201306212318247","vehicleMake":"BMW","vehicleModel":"5 Series","vehicleDerivative":"m sport","vehiclePriceEuro":37950,"vehicleYearOfManufacture":2011,"advertiserCounty":"Dublin","isPSL":true,"privatePSL":false,"imagecount":0,"isTrade":false},{"advertId":"34313613542815150","vehicleMake":"BMW","vehicleModel":"5 Series","vehicleDerivative":"520d SE","vehiclePriceEuro":37950,"vehicleYearOfManufacture":2011,"advertiserCounty":"Wexford","isPSL":true,"privatePSL":false,"vehicleImageId":"0ca33f6a-4ed4-4c60-a813-633b72e59bda","imagecount":9,"advertiserName":"J Donohoe BMW","isTrade":true},{"advertId":"33913608216990250","vehicleMake":"BMW","vehicleModel":"5 Series","vehicleDerivative":"520d SE","vehiclePriceEuro":37900,"vehicleYearOfManufacture":2011,"advertiserCounty":"Cork","isPSL":true,"privatePSL":false,"vehicleImageId":"3e0bd2a8-9fb5-4d22-b74d-691e59d3f6b1","imagecount":9,"advertiserName":"Kearys BMW","isTrade":true},{"advertId":"34313609279382830","vehicleMake":"BMW","vehicleModel":"5 Series","vehicleDerivative":"520d SE","vehiclePriceEuro":37900,"vehicleYearOfManufacture":2011,"advertiserCounty":"Cork","isPSL":true,"privatePSL":false,"vehicleImageId":"1baf7123-99dd-4e56-ad39-d1641222f866","imagecount":6,"advertiserName":"Kearys Eastgate","isTrade":true},{"advertId":"31713501253872350","vehicleMake":"BMW","vehicleModel":"5 Series","vehicleDerivative":"520 D SE Z5I1 4DR AUTO","vehiclePriceEuro":37575,"vehicleYearOfManufacture":2011,"advertiserCounty":"Waterford","isPSL":true,"privatePSL":false,"vehicleImageId":"787cdc19-887d-4fe2-801a-85ca17db3ec8","imagecount":6,"advertiserName":"Bolands","isTrade":true},{"advertId":"31813574520845030","vehicleMake":"BMW","vehicleModel":"5 Series","vehicleDerivative":"520d SE Saloon IE","vehiclePriceEuro":37495,"vehicleYearOfManufacture":2011,"advertiserCounty":"Dublin","isPSL":true,"privatePSL":false,"vehicleImageId":"2136cb87-d5ab-4e66-945a-07e20a38ca2d","imagecount":8,"advertiserName":"Frank Keane BMW","isTrade":true},{"advertId":"34113612537177450","vehicleMake":"BMW","vehicleModel":"5 Series","vehicleDerivative":"520d SE","vehiclePriceEuro":37495,"vehicleYearOfManufacture":2011,"advertiserCounty":"Dublin","isPSL":true,"privatePSL":false,"vehicleImageId":"70d611fb-e705-4c28-92be-e951c85e83d1","imagecount":9,"advertiserName":"Frank Keane BMW","isTrade":true},{"advertId":"29813492550714130","vehicleMake":"BMW","vehicleModel":"5 Series","vehicleDerivative":"520d SE","vehiclePriceEuro":37495,"vehicleYearOfManufacture":2011,"advertiserCounty":"Dublin","isPSL":true,"privatePSL":false,"vehicleImageId":"fb8e827e-e154-4380-a30d-d31986b93319","imagecount":9,"advertiserName":"Frank Keane BMW","isTrade":true},{"advertId":"31713578075233720","vehicleMake":"BMW","vehicleModel":"5 Series","vehicleDerivative":"520d SE","vehiclePriceEuro":37495,"vehicleYearOfManufacture":2011,"advertiserCounty":"Dublin","isPSL":true,"privatePSL":false,"vehicleImageId":"38025d37-18ba-4a37-8149-769e51947935","imagecount":9,"advertiserName":"Frank Keane BMW","isTrade":true},{"advertId":"31713580009212600","vehicleMake":"BMW","vehicleModel":"5 Series","vehicleDerivative":"520 D SE FW12 4DR","vehiclePriceEuro":37000,"vehicleYearOfManufacture":2011,"advertiserCounty":"Kildare","isPSL":false,"privatePSL":false,"vehicleImageId":"39cceeed-a4a7-4579-8021-fcc310ee6ca5","imagecount":7,"advertiserName":"N. Conlan and Sons","isTrade":true},{"advertId":"32013582353819210","vehicleMake":"BMW","vehicleModel":"5 Series","vehicleDerivative":"520d SE","vehiclePriceEuro":37000,"vehicleYearOfManufacture":2011,"advertiserCounty":"Kildare","isPSL":true,"privatePSL":false,"vehicleImageId":"0fef9dec-e8cf-4c04-adb8-0d21f9983e8e","imagecount":6,"advertiserName":"N. Conlan and Sons BMW","isTrade":true},{"advertId":"34313609347666540","vehicleMake":"BMW","vehicleModel":"5 Series","vehicleDerivative":"520D SE FW12 4DR AUTO SALOON","vehiclePriceEuro":36950,"vehicleYearOfManufacture":2011,"advertiserCounty":"Dublin","isPSL":true,"privatePSL":false,"vehicleImageId":"fc83531e-83eb-4d2c-9206-64edeba72d54","imagecount":14,"advertiserName":"Gowan Motors Merrion","isTrade":true},{"advertId":"31813535947912500","vehicleMake":"BMW","vehicleModel":"5 Series","vehicleDerivative":"520D SE FW12 4DR AUTO SALOON","vehiclePriceEuro":36950,"vehicleYearOfManufacture":2011,"advertiserCounty":"Dublin","isPSL":true,"privatePSL":false,"vehicleImageId":"02342776-11a3-42ef-8273-85cc5a153f0f","imagecount":14,"advertiserName":"Gowan Motors Navan Road","isTrade":true},{"advertId":"33913601304911410","vehicleMake":"BMW","vehicleModel":"5 Series","vehicleDerivative":"520d SE","vehiclePriceEuro":36950,"vehicleYearOfManufacture":2011,"advertiserCounty":"Dublin","isPSL":true,"privatePSL":false,"vehicleImageId":"69d3f4f5-eb14-4366-bb80-f1763d7b3e99","imagecount":9,"advertiserName":"Murphy and Gunn (BMW)","isTrade":true},{"advertId":"2313281943958760","vehicleMake":"BMW","vehicleModel":"5 Series","vehicleDerivative":"520d M-Sport Leather Man. 4dr","vehiclePriceEuro":36950,"vehicleYearOfManufacture":2011,"advertiserCounty":"Dublin","isPSL":true,"privatePSL":false,"vehicleImageId":"4ae66b9b-47b9-4428-bebb-1be712a16ba6","imagecount":12,"advertiserName":"Clonskeagh Motors","isTrade":true},{"advertId":"30913529106312600","vehicleMake":"BMW","vehicleModel":"5 Series","vehicleDerivative":"520 D SE 7 SPEED 2TB FW12 4DR AUTO","vehiclePriceEuro":36950,"vehicleYearOfManufacture":2011,"advertiserCounty":"Cork","isPSL":true,"privatePSL":false,"vehicleImageId":"5c7a88ba-8fa4-4931-82e2-d7bdb1b805b1","imagecount":7,"advertiserName":"Ballincollig Motors","isTrade":true},{"advertId":"201309212674228","vehicleMake":"BMW","vehicleModel":"5 Series","vehicleDerivative":"520 D F10 M SPORT 4DR AUTO","vehiclePriceEuro":36950,"vehicleYearOfManufacture":2011,"advertiserCounty":"Dublin","isPSL":true,"privatePSL":false,"vehicleImageId":"14279731","imagecount":9,"isTrade":false},{"advertId":"31113582353835260","vehicleMake":"BMW","vehicleModel":"5 Series","vehicleDerivative":"520d SE Saloon IE","vehiclePriceEuro":36900,"vehicleYearOfManufacture":2011,"advertiserCounty":"Cork","isPSL":true,"privatePSL":false,"vehicleImageId":"381e3ff2-182a-4f7c-96f1-351c9cc58980","imagecount":9,"advertiserName":"Kearys BMW","isTrade":true},{"advertId":"31913584311035920","vehicleMake":"BMW","vehicleModel":"5 Series","vehicleDerivative":"520 D SE","vehiclePriceEuro":36900,"vehicleYearOfManufacture":2011,"advertiserCounty":"Cork","isPSL":true,"privatePSL":false,"vehicleImageId":"7748a23c-0ed1-4049-99b9-aa103915dbbc","imagecount":9,"advertiserName":"Kearys Eastgate","isTrade":true},{"advertId":"32013588441909800","vehicleMake":"BMW","vehicleModel":"5 Series","vehicleDerivative":"SE Automatic Diesel","vehiclePriceEuro":36750,"vehicleYearOfManufacture":2011,"advertiserCounty":"Dublin","isPSL":false,"privatePSL":false,"vehicleImageId":"b9e4df5c-3744-4747-84f6-427c6a778aec","imagecount":9,"advertiserName":"Sandyford Motor Centre (Main Opel & Mazda Dealer)","isTrade":true},{"advertId":"31813588441918700","vehicleMake":"BMW","vehicleModel":"5 Series","vehicleDerivative":"SE Automatic Diesel","vehiclePriceEuro":36750,"vehicleYearOfManufacture":2011,"advertiserCounty":"Dublin","isPSL":false,"privatePSL":false,"vehicleImageId":"36a059ae-8408-4aa9-a687-e068a98f4a15","imagecount":9,"advertiserName":"Sandyford Motor Centre (Main Opel & Mazda Dealer)","isTrade":true},{"advertId":"34313611912975700","vehicleMake":"BMW","vehicleModel":"5 Series","vehicleDerivative":"520d M Sport","vehiclePriceEuro":36445,"vehicleYearOfManufacture":2011,"advertiserCounty":"Sligo","isPSL":false,"privatePSL":false,"vehicleImageId":"70bc7e94-71c5-4935-92e0-e03a5bb8a31b","imagecount":8,"advertiserName":"Martin Reilly","isTrade":true},{"advertId":"34013601304952770","vehicleMake":"BMW","vehicleModel":"5 Series","vehicleDerivative":"520d SE Saloon IE","vehiclePriceEuro":36445,"vehicleYearOfManufacture":2011,"advertiserCounty":"Sligo","isPSL":true,"privatePSL":false,"vehicleImageId":"0c287b70-a1c9-4ad8-babf-84e539824da9","imagecount":8,"advertiserName":"Martin Reilly BMW","isTrade":true},{"advertId":"32013559832809240","vehicleMake":"BMW","vehicleModel":"5 Series","vehicleDerivative":"520d SE","vehiclePriceEuro":35995,"vehicleYearOfManufacture":2011,"advertiserCounty":"Dublin","isPSL":true,"privatePSL":false,"vehicleImageId":"231c3a4f-09d6-4c52-8a84-d6af4cb08545","imagecount":6,"advertiserName":"Joe Duffy BMW","isTrade":true},{"advertId":"31113545260392520","vehicleMake":"BMW","vehicleModel":"5 Series","vehicleDerivative":"520d SE MANUAL","vehiclePriceEuro":35995,"vehicleYearOfManufacture":2011,"advertiserCounty":"Dublin","isPSL":false,"privatePSL":false,"vehicleImageId":"574ee182-b620-4a3b-8631-7867f49e6e20","imagecount":5,"advertiserName":"Joe Duffy","isTrade":true},{"advertId":"32713583525041530","vehicleMake":"BMW","vehicleModel":"5 Series","vehicleDerivative":"520 D SE SA Z5I1 4DR AUTO","vehiclePriceEuro":35975,"vehicleYearOfManufacture":2011,"advertiserCounty":"Waterford","isPSL":true,"privatePSL":false,"vehicleImageId":"711f3b36-6468-43ee-8c5a-c59b87e50ddd","imagecount":7,"advertiserName":"Bolands","isTrade":true},{"advertId":"34213620942352680","vehicleMake":"BMW","vehicleModel":"5 Series","vehicleDerivative":"520d SE AUTO","vehiclePriceEuro":35950,"vehicleYearOfManufacture":2011,"advertiserCounty":"Galway","isPSL":true,"privatePSL":false,"vehicleImageId":"ebd58761-333f-425a-a7c4-bfa266cd7d72","imagecount":14,"advertiserName":"Adrian Quinn Car Sales","isTrade":true},{"advertId":"31413577477525790","vehicleMake":"BMW","vehicleModel":"5 Series","vehicleDerivative":"520D SE  4DR AUTO","vehiclePriceEuro":35950,"vehicleYearOfManufacture":2011,"advertiserCounty":"Westmeath","isPSL":true,"privatePSL":false,"vehicleImageId":"3f1dfb4a-d89a-4e63-ad31-15379ab7ed8a","imagecount":10,"advertiserName":"Michael Moore Athlone","isTrade":true},{"advertId":"34313612537144960","vehicleMake":"BMW","vehicleModel":"5 Series","vehicleDerivative":"520d SE","vehiclePriceEuro":35750,"vehicleYearOfManufacture":2011,"advertiserCounty":"Limerick","isPSL":true,"privatePSL":false,"vehicleImageId":"285c6225-3c2e-4fac-8ff5-0b25416feef9","imagecount":6,"advertiserName":"N. Conlan & Sons Limerick BMW","isTrade":true},{"advertId":"33413614588635830","vehicleMake":"BMW","vehicleModel":"5 Series","vehicleDerivative":"520i SE Sport","vehiclePriceEuro":35295,"vehicleYearOfManufacture":2011,"advertiserCounty":"Mayo","isPSL":true,"privatePSL":false,"imagecount":0,"advertiserName":"Kevin Connolly Volkswagen","isTrade":true},{"advertId":"201306212295858","vehicleMake":"BMW","vehicleModel":"5 Series","vehicleDerivative":"520 D SE Z5I1 4DR AUTO","vehiclePriceEuro":35000,"vehicleYearOfManufacture":2011,"advertiserCounty":"Wexford","isPSL":true,"privatePSL":false,"vehicleImageId":"14317067","imagecount":8,"isTrade":false},{"advertId":"201249211302577","vehicleMake":"BMW","vehicleModel":"5 Series","vehicleDerivative":"520 D SE SA Z5I1 4DR AUTO","vehiclePriceEuro":35000,"vehicleYearOfManufacture":2011,"advertiserCounty":"Cork","isPSL":true,"privatePSL":false,"vehicleImageId":"14191104","imagecount":9,"isTrade":false},{"advertId":"201243210637168","vehicleMake":"BMW","vehicleModel":"5 Series","vehicleDerivative":"D SE FW12 4DR AUTO","vehiclePriceEuro":34999,"vehicleYearOfManufacture":2011,"advertiserCounty":"Donegal","isPSL":true,"privatePSL":false,"vehicleImageId":"14072385","imagecount":6,"isTrade":false},{"advertId":"31513590491911310","vehicleMake":"BMW","vehicleModel":"5 Series","vehicleDerivative":"520D SE F10 HIGH SPEC","vehiclePriceEuro":34995,"vehicleYearOfManufacture":2011,"advertiserCounty":"Dublin","isPSL":false,"privatePSL":false,"vehicleImageId":"d9ab55cb-a906-47d1-af27-515d4e88fb54","imagecount":15,"advertiserName":"James Hennessy Motors Ltd","isTrade":true},{"advertId":"31513588344761310","vehicleMake":"BMW","vehicleModel":"5 Series","vehicleDerivative":"520d SE","vehiclePriceEuro":34995,"vehicleYearOfManufacture":2011,"advertiserCounty":"Tipperary","isPSL":true,"privatePSL":false,"vehicleImageId":"257b2347-5b82-4f50-8a45-ff09cd2ed704","imagecount":8,"advertiserName":"Morrison BMW","isTrade":true},{"advertId":"33913618989000060","vehicleMake":"BMW","vehicleModel":"5 Series","vehicleDerivative":"520d M Sport","vehiclePriceEuro":34995,"vehicleYearOfManufacture":2011,"advertiserCounty":"Louth","isPSL":false,"privatePSL":false,"vehicleImageId":"59aee710-7b0e-4297-9f5c-74d32a3c0930","imagecount":3,"advertiserName":"Direct Carriage Management LTD","isTrade":true},{"advertId":"34013610808923060","vehicleMake":"BMW","vehicleModel":"5 Series","vehicleDerivative":"520d SE","vehiclePriceEuro":34950,"vehicleYearOfManufacture":2011,"advertiserCounty":"Wexford","isPSL":true,"privatePSL":false,"vehicleImageId":"ce166c50-eade-4b04-a6e2-45ed10d19a3f","imagecount":9,"advertiserName":"J Donohoe BMW","isTrade":true},{"advertId":"31713588439986080","vehicleMake":"BMW","vehicleModel":"5 Series","vehicleDerivative":"520 D se with sport pack","vehiclePriceEuro":34950,"vehicleYearOfManufacture":2011,"advertiserCounty":"Dublin","isPSL":false,"privatePSL":false,"vehicleImageId":"739206bf-18be-49ee-bd14-31ac33befce4","imagecount":9,"advertiserName":"Cloghran Car Sales","isTrade":true},{"advertId":"31413536692761630","vehicleMake":"BMW","vehicleModel":"5 Series","vehicleDerivative":"520 D SE Z5I1 4DR AUTO","vehiclePriceEuro":34950,"vehicleYearOfManufacture":2011,"advertiserCounty":"Tipperary","isPSL":false,"privatePSL":false,"vehicleImageId":"666c082f-c5d6-4345-a816-0c8c7fa5e48a","imagecount":14,"advertiserName":"Liam Buckley Car Sales","isTrade":true},{"advertId":"31813553958634340","vehicleMake":"BMW","vehicleModel":"5 Series","vehicleDerivative":"520 D SE","vehiclePriceEuro":34950,"vehicleYearOfManufacture":2011,"advertiserCounty":"Limerick","isPSL":true,"privatePSL":false,"vehicleImageId":"6f095539-8d96-4214-bfe1-6d3ffcc7bcbb","imagecount":14,"advertiserName":"Adams of Glin","isTrade":true},{"advertId":"31513577344258180","vehicleMake":"BMW","vehicleModel":"5 Series","vehicleDerivative":"520D SE","vehiclePriceEuro":34945,"vehicleYearOfManufacture":2011,"advertiserCounty":"Galway","isPSL":true,"privatePSL":false,"vehicleImageId":"466494ec-d1de-4ec6-8842-4a26b18d89d2","imagecount":6,"advertiserName":"Western Motors Ltd","isTrade":true},{"advertId":"31513589423442480","vehicleMake":"BMW","vehicleModel":"5 Series","vehicleDerivative":"520D SE Auto","vehiclePriceEuro":34900,"vehicleYearOfManufacture":2011,"advertiserCounty":"Limerick","isPSL":true,"privatePSL":false,"vehicleImageId":"09ad2fb5-6e3f-4ca4-b507-35bff49397c1","imagecount":9,"advertiserName":"Frank Hogan Ltd.","isTrade":true},{"advertId":"31513588591347360","vehicleMake":"BMW","vehicleModel":"5 Series","vehicleDerivative":"520D SE M SPORT","vehiclePriceEuro":34795,"vehicleYearOfManufacture":2011,"advertiserCounty":"Tipperary","isPSL":false,"privatePSL":false,"vehicleImageId":"8fe08d25-2933-4e05-85e1-54b71fa2abd7","imagecount":6,"advertiserName":"Niall McCarthy Cars","isTrade":true},{"advertId":"6113343179754550","vehicleMake":"BMW","vehicleModel":"5 Series","vehicleDerivative":"520 f10 se 9000 miles","vehiclePriceEuro":34500,"vehicleYearOfManufacture":2011,"advertiserCounty":"Wexford","isPSL":false,"privatePSL":false,"vehicleImageId":"66ee98ee-b070-4e7e-aa9f-c6fcbe54ceff","imagecount":6,"advertiserName":"Tom Moran & Sons Ltd","isTrade":true},{"advertId":"34213618746467080","vehicleMake":"BMW","vehicleModel":"5 Series","vehicleDerivative":"2.0 D SE New Shape ","vehiclePriceEuro":33995,"vehicleYearOfManufacture":2011,"advertiserCounty":"Limerick","isPSL":true,"privatePSL":false,"vehicleImageId":"3a41e1e1-d79a-4df1-aaab-f8b7334609ad","imagecount":16,"advertiserName":"AutoXpress.ie","isTrade":true},{"advertId":"32013575777120180","vehicleMake":"BMW","vehicleModel":"5 Series","vehicleDerivative":"520 D SE Z5I1 4DR AUTO","vehiclePriceEuro":33950,"vehicleYearOfManufacture":2011,"advertiserCounty":"Wicklow","isPSL":true,"privatePSL":false,"vehicleImageId":"a1150d56-001f-4d78-b906-e3ece4890592","imagecount":9,"advertiserName":"Derek Burton Sales Ltd","isTrade":true},{"advertId":"33213613496203130","vehicleMake":"BMW","vehicleModel":"5 Series","vehicleDerivative":"520 D SE AUTO..XENONS..UPGRADED ALLOY WHEELS..FULLY LOADED..SIMI DEALER..","vehiclePriceEuro":33950,"vehicleYearOfManufacture":2011,"advertiserCounty":"Dublin","isPSL":true,"privatePSL":false,"vehicleImageId":"9ad0b450-0d3e-45f7-8e12-6bb2f66a6a22","imagecount":20,"advertiserName":"Sarsfield Motor Company S.C.R. Kilmainham","isTrade":true},{"advertId":"201306212386087","vehicleMake":"BMW","vehicleModel":"5 Series","vehicleDerivative":"520 D SE Z5I1 4DR","vehiclePriceEuro":33950,"vehicleYearOfManufacture":2011,"advertiserCounty":"Dublin","isPSL":true,"privatePSL":false,"vehicleImageId":"14333005","imagecount":9,"isTrade":false},{"advertId":"31813554186778060","vehicleMake":"BMW","vehicleModel":"5 Series","vehicleDerivative":"520 D SE Touring  ","vehiclePriceEuro":32975,"vehicleYearOfManufacture":2011,"advertiserCounty":"Waterford","isPSL":true,"privatePSL":false,"vehicleImageId":"43696131-076c-4f0b-976c-f5f7bb0d3e6e","imagecount":4,"advertiserName":"Bolands","isTrade":true},{"advertId":"33213623970316440","vehicleMake":"BMW","vehicleModel":"5 Series","vehicleDerivative":"2.0 D SE Auto, Leather","vehiclePriceEuro":32950,"vehicleYearOfManufacture":2011,"advertiserCounty":"Dublin","isPSL":true,"privatePSL":false,"vehicleImageId":"6b03d683-dc0e-4201-adfa-2fec3ef42135","imagecount":11,"advertiserName":"Petersons","isTrade":true},{"advertId":"31113561005124110","vehicleMake":"BMW","vehicleModel":"5 Series","vehicleDerivative":"520d SE ","vehiclePriceEuro":32750,"vehicleYearOfManufacture":2011,"advertiserCounty":"Offaly","isPSL":false,"privatePSL":false,"vehicleImageId":"ac00ba4f-d199-4884-ad6c-4e61a800c0f1","imagecount":5,"advertiserName":"Capital Cars","isTrade":true},{"advertId":"34113599870382020","vehicleMake":"BMW","vehicleModel":"5 Series","vehicleDerivative":"520D SE Automatic","vehiclePriceEuro":30950,"vehicleYearOfManufacture":2011,"advertiserCounty":"Galway","isPSL":true,"privatePSL":false,"vehicleImageId":"7b798ede-1947-43c8-84eb-0a229765658c","imagecount":7,"advertiserName":"Westlink Car Sales Ltd.","isTrade":true}],"totalAdvertCount":45174}