{"adverts":[{"advertId":"30613463251702240","vehicleMake":"Jaguar","vehicleModel":"X-Type","vehicleDerivative":"2.2 D LE 09MY 4DR AUTO","vehiclePriceEuro":21000,"vehicleYearOfManufacture":2009,"advertiserCounty":"Limerick","isPSL":false,"privatePSL":false,"vehicleImageId":"de016649-43f7-4021-9971-d174c36f5358","imagecount":5,"advertiserName":"N. Conlan & Sons Limerick","isTrade":true},{"advertId":"813241326312900","vehicleMake":"Jaguar","vehicleModel":"X-Type","vehicleDerivative":"2.2 D LE AUTO Saloon","vehiclePriceEuro":21000,"vehicleYearOfManufacture":2009,"advertiserCounty":"Kildare","isPSL":false,"privatePSL":false,"vehicleImageId":"821269c2-b791-4b86-be7b-2ea82804b094","imagecount":5,"advertiserName":"N. Conlan and Sons","isTrade":true},{"advertId":"34013610221794800","vehicleMake":"Jaguar","vehicleModel":"X-Type","vehicleDerivative":"2.0 D LE 09MY 4DR","vehiclePriceEuro":16500,"vehicleYearOfManufacture":2009,"advertiserCounty":"Wicklow","isPSL":false,"privatePSL":false,"vehicleImageId":"76e01945-23ca-4f6d-a215-fc7e42c757f2","imagecount":1,"advertiserName":"Sinnott Autos Ltd","isTrade":true},{"advertId":"30813512684591710","vehicleMake":"Jaguar","vehicleModel":"X-Type","vehicleDerivative":"2.2 D LE 09MY 4DR AUTO","vehiclePriceEuro":13975,"vehicleYearOfManufacture":2009,"advertiserCounty":"Wexford","isPSL":true,"privatePSL":false,"vehicleImageId":"143ede41-03e7-4cb3-8af4-7a6afd5049e5","imagecount":7,"advertiserName":"Bolands Wexford (Ford & Jaguar)","isTrade":true},{"advertId":"34313601465737930","vehicleMake":"Jaguar","vehicleModel":"X-Type","vehicleDerivative":"2.0 D . NCT PASSED TILL 03/2015.  12 MONTH WARRANTY. TRADE IN WELCOME.","vehiclePriceEuro":12950,"vehicleYearOfManufacture":2009,"advertiserCounty":"Dublin","isPSL":false,"privatePSL":false,"vehicleImageId":"07c85670-7f72-406f-b2d5-db8964c2fb02","imagecount":19,"advertiserName":"Carcraft","isTrade":true},{"advertId":"201304212160057","vehicleMake":"Jaguar","vehicleModel":"X-Type","vehicleDerivative":"LE","vehiclePriceEuro":18500,"vehicleYearOfManufacture":2008,"advertiserCounty":"Dublin","isPSL":true,"privatePSL":false,"vehicleImageId":"13530529","imagecount":4,"isTrade":false},{"advertId":"201306212340924","vehicleMake":"Jaguar","vehicleModel":"X-Type","vehicleDerivative":"Automatic - One Owner","vehiclePriceEuro":17995,"vehicleYearOfManufacture":2008,"advertiserCounty":"Dublin","isPSL":true,"privatePSL":false,"vehicleImageId":"13980058","imagecount":8,"isTrade":false},{"advertId":"34313607745964080","vehicleMake":"Jaguar","vehicleModel":"X-Type","vehicleDerivative":"2.0 D LUXURY SAT NAV TAX €330","vehiclePriceEuro":12950,"vehicleYearOfManufacture":2008,"advertiserCounty":"Dublin","isPSL":true,"privatePSL":false,"vehicleImageId":"d6b3cf41-6cd1-4adc-a9c6-0a1ba20d36e9","imagecount":12,"advertiserName":"First Choice Auto's","isTrade":true},{"advertId":"201309212649731","vehicleMake":"Jaguar","vehicleModel":"X-Type","vehicleDerivative":"2.0 D SPORT 04DR","vehiclePriceEuro":12500,"vehicleYearOfManufacture":2008,"advertiserCounty":"Clare","isPSL":true,"privatePSL":false,"vehicleImageId":"14044914","imagecount":3,"isTrade":false},{"advertId":"33213615373894660","vehicleMake":"Jaguar","vehicleModel":"X-Type","vehicleDerivative":"2.0D S €390 Road Tax NCT 3/14","vehiclePriceEuro":12500,"vehicleYearOfManufacture":2008,"advertiserCounty":"Leitrim","isPSL":true,"privatePSL":false,"vehicleImageId":"813a4e87-55f5-4137-89bf-e1e25b10ee1e","imagecount":8,"advertiserName":"Sean Gallagher Cars","isTrade":true},{"advertId":"32913614483904990","vehicleMake":"Jaguar","vehicleModel":"X-Type","vehicleDerivative":"2.2 D.....NCT 09/14","vehiclePriceEuro":11995,"vehicleYearOfManufacture":2008,"advertiserCounty":"Dublin","isPSL":false,"privatePSL":false,"vehicleImageId":"fbfbfdd3-aa65-4822-8fa5-bfa27b231d1c","imagecount":14,"advertiserName":"Jim Rock Motors Ltd","isTrade":true},{"advertId":"34213623261848840","vehicleMake":"Jaguar","vehicleModel":"X-Type","vehicleDerivative":"2.0 D LE 09MY 4DR","vehiclePriceEuro":11950,"vehicleYearOfManufacture":2008,"advertiserCounty":"Meath","isPSL":false,"privatePSL":false,"vehicleImageId":"dc1d8e1c-3da2-451b-b385-3e921bcd3284","imagecount":7,"advertiserName":"Kevin Brady Car Sales","isTrade":true},{"advertId":"201245210926456","vehicleMake":"Jaguar","vehicleModel":"X-Type","vehicleDerivative":"SPORT","vehiclePriceEuro":11899,"vehicleYearOfManufacture":2008,"advertiserCounty":"Dublin","isPSL":true,"privatePSL":false,"vehicleImageId":"14127229","imagecount":5,"isTrade":false},{"advertId":"30813469446709540","vehicleMake":"Jaguar","vehicleModel":"X-Type","vehicleDerivative":"2.0 D SPORT","vehiclePriceEuro":9950,"vehicleYearOfManufacture":2007,"advertiserCounty":"Dublin","isPSL":false,"privatePSL":false,"vehicleImageId":"0174d9d5-3a1d-475a-bcff-17bffb116dae","imagecount":5,"advertiserName":"Yomac Cars","isTrade":true},{"advertId":"31713597155113230","vehicleMake":"Jaguar","vehicleModel":"X-Type","vehicleDerivative":"2.0 D SPORT ","vehiclePriceEuro":9950,"vehicleYearOfManufacture":2007,"advertiserCounty":"Dublin","isPSL":false,"privatePSL":false,"vehicleImageId":"e8c55bd4-48e4-4b94-86bb-e1ee097804d6","imagecount":3,"advertiserName":"Yomac Cars","isTrade":true},{"advertId":"31813572012548070","vehicleMake":"Jaguar","vehicleModel":"X-Type","vehicleDerivative":"2.0 D CLASSIC 4DR nct 01/15","vehiclePriceEuro":6000,"vehicleYearOfManufacture":2007,"advertiserCounty":"Cork","isPSL":false,"privatePSL":false,"vehicleImageId":"c3da6974-87fc-4f61-9ab9-29fbb4812094","imagecount":16,"advertiserName":"Great Island Motors Ltd","isTrade":true},{"advertId":"201251211518149","vehicleMake":"Jaguar","vehicleModel":"X-Type","vehicleDerivative":"2.0 D SE 04DR","vehiclePriceEuro":10499,"vehicleYearOfManufacture":2006,"advertiserCounty":"Cork","isPSL":true,"privatePSL":false,"vehicleImageId":"11296451","imagecount":6,"isTrade":false},{"advertId":"201302211824158","vehicleMake":"Jaguar","vehicleModel":"X-Type","vehicleDerivative":"2.0 D SE 04DR","vehiclePriceEuro":10499,"vehicleYearOfManufacture":2006,"advertiserCounty":"Cork","isPSL":true,"privatePSL":false,"vehicleImageId":"11296451","imagecount":6,"isTrade":false},{"advertId":"34413618104263060","vehicleMake":"Jaguar","vehicleModel":"X-Type","vehicleDerivative":"2.0 D CLASSIC 4DR 06.5MY","vehiclePriceEuro":10200,"vehicleYearOfManufacture":2006,"advertiserCounty":"Meath","isPSL":false,"privatePSL":false,"vehicleImageId":"84e189fb-fa45-4506-ad6a-08143843dd81","imagecount":8,"advertiserName":"Ideal Cars","isTrade":true},{"advertId":"201245210846212","vehicleMake":"Jaguar","vehicleModel":"X-Type","vehicleDerivative":"2.0 D LUXURY 06.5 06.5MY","vehiclePriceEuro":9500,"vehicleYearOfManufacture":2006,"advertiserCounty":"Kildare","isPSL":true,"privatePSL":false,"vehicleImageId":"14103830","imagecount":6,"isTrade":false},{"advertId":"201305212250732","vehicleMake":"Jaguar","vehicleModel":"X-Type","vehicleDerivative":"2.0 D SPORT 04DR","vehiclePriceEuro":9450,"vehicleYearOfManufacture":2006,"advertiserCounty":"Offaly","isPSL":true,"privatePSL":false,"vehicleImageId":"13958356","imagecount":6,"isTrade":false},{"advertId":"33213615496591350","vehicleMake":"Jaguar","vehicleModel":"X-Type","vehicleDerivative":"2.0 D SPORT ,,FINANCE AVAILABLE","vehiclePriceEuro":7950,"vehicleYearOfManufacture":2006,"advertiserCounty":"Dublin","isPSL":false,"privatePSL":false,"vehicleImageId":"99269979-bc2d-445a-88be-b28752b348e3","imagecount":11,"advertiserName":"N 4 Autopoint","isTrade":true},{"advertId":"32913610548760610","vehicleMake":"Jaguar","vehicleModel":"X-Type","vehicleDerivative":"DIESEL / ONLY 77k / ONE CAREFUL OWNER / IMMACULATE THROUGHOUT / NCT JUN-14 / F.S.H / AS NEW / \"\"MUST BE SEEN\"\" / www.N4CARS.ie","vehiclePriceEuro":7949,"vehicleYearOfManufacture":2006,"advertiserCounty":"Dublin","isPSL":false,"privatePSL":false,"vehicleImageId":"694d8f83-7e46-4b3b-b8dd-1daf5881a893","imagecount":13,"advertiserName":"N4 Car Sales","isTrade":true},{"advertId":"4913304240955150","vehicleMake":"Jaguar","vehicleModel":"X-Type","vehicleDerivative":"***DIESEL***GREAT VALUE***","vehiclePriceEuro":7900,"vehicleYearOfManufacture":2006,"advertiserCounty":"Wicklow","isPSL":false,"privatePSL":false,"vehicleImageId":"41cecef0-324d-437b-8f42-dde662fb666c","imagecount":14,"advertiserName":"Peter Deignan Cars","isTrade":true},{"advertId":"201303211960084","vehicleMake":"Jaguar","vehicleModel":"X-Type","vehicleDerivative":"Sport 2.2 DCI 155 BHP 6 Speed Manual Transmission","vehiclePriceEuro":7200,"vehicleYearOfManufacture":2006,"advertiserCounty":"Dublin","isPSL":true,"privatePSL":false,"vehicleImageId":"13036979","imagecount":9,"isTrade":false},{"advertId":"33913614522282050","vehicleMake":"Jaguar","vehicleModel":"X-Type","vehicleDerivative":"2.0 D CLASSIC 4DR","vehiclePriceEuro":6950,"vehicleYearOfManufacture":2006,"advertiserCounty":"Cork","isPSL":false,"privatePSL":false,"vehicleImageId":"fbb24d51-76ca-434b-bf81-9eb966d54b18","imagecount":13,"advertiserName":"Blackrock Motor Company","isTrade":true},{"advertId":"34213623882861700","vehicleMake":"Jaguar","vehicleModel":"X-Type","vehicleDerivative":"2.0 D CLASSIC 4DR","vehiclePriceEuro":0,"vehicleYearOfManufacture":2006,"advertiserCounty":"Dublin","isPSL":false,"privatePSL":false,"vehicleImageId":"1ef03e49-1e78-4ad9-93ef-c36c9682cf6c","imagecount":6,"advertiserName":"Dublin City Auctions","isTrade":true},{"advertId":"34213610549755410","vehicleMake":"Jaguar","vehicleModel":"X-Type","vehicleDerivative":"DIESEL / ONLY 77k / ONE CAREFUL OWNER / IMMACULATE THROUGHOUT / NCT JUN-14 / F.S.H / AS NEW / \"\"MUST BE SEEN\"\" / www.N4CARS.ie","vehiclePriceEuro":0,"vehicleYearOfManufacture":2006,"advertiserCounty":"Dublin","isPSL":false,"privatePSL":false,"vehicleImageId":"98709c8b-a838-478f-a76a-74d18c1cf062","imagecount":13,"advertiserName":"N4 Car Sales","isTrade":true},{"advertId":"32013504834662590","vehicleMake":"Jaguar","vehicleModel":"X-Type","vehicleDerivative":"2.0 D LUXURY SE 4DR","vehiclePriceEuro":6950,"vehicleYearOfManufacture":2005,"advertiserCounty":"Galway","isPSL":true,"privatePSL":false,"vehicleImageId":"e69fb769-7006-4911-9fc5-e2beaf060a98","imagecount":13,"advertiserName":"Adrian Quinn Car Sales","isTrade":true},{"advertId":"33213610132856170","vehicleMake":"Jaguar","vehicleModel":"X-Type","vehicleDerivative":"2.0 D XS LIMITED EDITION ","vehiclePriceEuro":6950,"vehicleYearOfManufacture":2005,"advertiserCounty":"Dublin","isPSL":true,"privatePSL":false,"vehicleImageId":"4f18da59-1b4b-4e25-9b0e-b276e24ddac8","imagecount":11,"advertiserName":"3 Rock Cars","isTrade":true},{"advertId":"201245210905633","vehicleMake":"Jaguar","vehicleModel":"X-Type","vehicleDerivative":"2.0 D SE 04DR","vehiclePriceEuro":6350,"vehicleYearOfManufacture":2005,"advertiserCounty":"Dublin","isPSL":true,"privatePSL":false,"vehicleImageId":"14123127","imagecount":9,"isTrade":false},{"advertId":"201305212250586","vehicleMake":"Jaguar","vehicleModel":"X-Type","vehicleDerivative":"2.0 D LUXURY 4DR 41","vehiclePriceEuro":5800,"vehicleYearOfManufacture":2005,"advertiserCounty":"Westmeath","isPSL":true,"privatePSL":false,"vehicleImageId":"14310471","imagecount":3,"isTrade":false},{"advertId":"34313614582171490","vehicleMake":"Jaguar","vehicleModel":"X-Type","vehicleDerivative":"2.0 D CLASSIC 4DR","vehiclePriceEuro":5750,"vehicleYearOfManufacture":2005,"advertiserCounty":"Dublin","isPSL":false,"privatePSL":false,"vehicleImageId":"6f3d18aa-fc57-46e2-a078-abd686da9e57","imagecount":14,"advertiserName":"Prospect Motors","isTrade":true},{"advertId":"201305212182575","vehicleMake":"Jaguar","vehicleModel":"X-Type","vehicleDerivative":"2.0 D SPORT 04DR","vehiclePriceEuro":5750,"vehicleYearOfManufacture":2005,"advertiserCounty":"Dublin","isPSL":true,"privatePSL":false,"vehicleImageId":"13951426","imagecount":9,"isTrade":false},{"advertId":"413258469885330","vehicleMake":"Jaguar","vehicleModel":"X-Type","vehicleDerivative":"SPORT * FULL PARTS AND LABOUR WARRANTY * TRADE-IN WELCOME ","vehiclePriceEuro":5500,"vehicleYearOfManufacture":2005,"advertiserCounty":"Longford","isPSL":false,"privatePSL":false,"vehicleImageId":"1cdd623e-cced-4c43-b177-5f3887605932","imagecount":9,"advertiserName":"JJ Reilly Cars.com (TDI Specialists)","isTrade":true},{"advertId":"201306212296125","vehicleMake":"Jaguar","vehicleModel":"X-Type","vehicleDerivative":"sport 2.0 V6","vehiclePriceEuro":5200,"vehicleYearOfManufacture":2005,"advertiserCounty":"Dublin","isPSL":true,"privatePSL":false,"vehicleImageId":"13970029","imagecount":9,"isTrade":false},{"advertId":"34313618023967150","vehicleMake":"Jaguar","vehicleModel":"X-Type","vehicleDerivative":"V6 CLASSIC 4DR 41","vehiclePriceEuro":3500,"vehicleYearOfManufacture":2005,"advertiserCounty":"Dublin","isPSL":false,"privatePSL":false,"vehicleImageId":"b4540e9b-f474-4698-9fde-6185c9084825","imagecount":8,"advertiserName":"JOC Car Sales","isTrade":true},{"advertId":"34213624087811210","vehicleMake":"Jaguar","vehicleModel":"X-Type","vehicleDerivative":"2.0 DIESEL","vehiclePriceEuro":0,"vehicleYearOfManufacture":2005,"advertiserCounty":"Dublin","isPSL":true,"privatePSL":false,"imagecount":0,"advertiserName":"Castle Motors Swords","isTrade":true},{"advertId":"201246211011337","vehicleMake":"Jaguar","vehicleModel":"X-Type","vehicleDerivative":"2 LITRE V6","vehiclePriceEuro":7500,"vehicleYearOfManufacture":2004,"advertiserCounty":"Dublin","isPSL":true,"privatePSL":false,"vehicleImageId":"14144724","imagecount":4,"isTrade":false},{"advertId":"201305212227779","vehicleMake":"Jaguar","vehicleModel":"X-Type","vehicleDerivative":"2.0 D CLASSIC 04DR","vehiclePriceEuro":6750,"vehicleYearOfManufacture":2004,"advertiserCounty":"Meath","isPSL":true,"privatePSL":false,"vehicleImageId":"14305990","imagecount":9,"isTrade":false},{"advertId":"31413572145856740","vehicleMake":"Jaguar","vehicleModel":"X-Type","vehicleDerivative":"2.0 D SPORT 4DR","vehiclePriceEuro":5750,"vehicleYearOfManufacture":2004,"advertiserCounty":"Dublin","isPSL":false,"privatePSL":false,"vehicleImageId":"cfb3892c-341b-4fe1-8aec-1e1f875229f4","imagecount":9,"advertiserName":"Brians Autoworld","isTrade":true},{"advertId":"31913597325494780","vehicleMake":"Jaguar","vehicleModel":"X-Type","vehicleDerivative":"X TYPE 2.1 V6 SE 4DR","vehiclePriceEuro":4950,"vehicleYearOfManufacture":2004,"advertiserCounty":"Cork","isPSL":true,"privatePSL":false,"vehicleImageId":"98e4cd2b-5e98-41f4-909e-7ffaf964b2e0","imagecount":8,"advertiserName":"Cork Auto Sales","isTrade":true},{"advertId":"201250211384001","vehicleMake":"Jaguar","vehicleModel":"X-Type","vehicleDerivative":"2.0 D SE 04DR","vehiclePriceEuro":4000,"vehicleYearOfManufacture":2004,"advertiserCounty":"Kildare","isPSL":true,"privatePSL":false,"vehicleImageId":"13817852","imagecount":8,"isTrade":false},{"advertId":"813262715736600","vehicleMake":"Jaguar","vehicleModel":"X-Type","vehicleDerivative":"Luxury    ","vehiclePriceEuro":0,"vehicleYearOfManufacture":2004,"advertiserCounty":"Mayo","isPSL":false,"privatePSL":false,"vehicleImageId":"c7364db0-127b-4a94-9f31-30175dcc0b8a","imagecount":9,"advertiserName":"Cosgraves Garage Ltd","isTrade":true},{"advertId":"33213603351621620","vehicleMake":"Jaguar","vehicleModel":"X-Type","vehicleDerivative":"3.0","vehiclePriceEuro":5300,"vehicleYearOfManufacture":2003,"advertiserCounty":"Meath","isPSL":false,"privatePSL":false,"vehicleImageId":"646cd77b-3ba7-4372-8a89-7841f682eee9","imagecount":8,"advertiserName":"Ideal Cars","isTrade":true},{"advertId":"201247211069405","vehicleMake":"Jaguar","vehicleModel":"X-Type","vehicleDerivative":"X-TYPE 2.5","vehiclePriceEuro":4000,"vehicleYearOfManufacture":2003,"advertiserCounty":"Dublin","isPSL":true,"privatePSL":false,"vehicleImageId":"13756851","imagecount":7,"isTrade":false},{"advertId":"201305212205379","vehicleMake":"Jaguar","vehicleModel":"X-Type","vehicleDerivative":"X TYPE 2.1 V6 SE 04DR","vehiclePriceEuro":3750,"vehicleYearOfManufacture":2003,"advertiserCounty":"Westmeath","isPSL":true,"privatePSL":false,"vehicleImageId":"14303271","imagecount":9,"isTrade":false},{"advertId":"31113558411730270","vehicleMake":"Jaguar","vehicleModel":"X-Type","vehicleDerivative":"2.1 V6 SPORT AUTO NCT 3/14","vehiclePriceEuro":3000,"vehicleYearOfManufacture":2003,"advertiserCounty":"Leitrim","isPSL":true,"privatePSL":false,"vehicleImageId":"db21ba7b-bb9f-4332-9d78-91824b16325c","imagecount":8,"advertiserName":"Sean Gallagher Cars","isTrade":true},{"advertId":"201303211959529","vehicleMake":"Jaguar","vehicleModel":"X-Type","vehiclePriceEuro":2999,"vehicleYearOfManufacture":2003,"advertiserCounty":"Galway","isPSL":true,"privatePSL":false,"vehicleImageId":"14264347","imagecount":1,"isTrade":false},{"advertId":"201246210973644","vehicleMake":"Jaguar","vehicleModel":"X-Type","vehicleDerivative":"2.1 V6","vehiclePriceEuro":2000,"vehicleYearOfManufacture":2003,"advertiserCounty":"Dublin","isPSL":true,"privatePSL":false,"vehicleImageId":"13741489","imagecount":7,"isTrade":false},{"advertId":"1713280958389580","vehicleMake":"Jaguar","vehicleModel":"X-Type","vehicleDerivative":"lux","vehiclePriceEuro":4850,"vehicleYearOfManufacture":2002,"advertiserCounty":"Limerick","isPSL":false,"privatePSL":false,"vehicleImageId":"257c2d7e-6c8d-42c8-a4b3-dd7d1195fc11","imagecount":11,"advertiserName":"John Moloney Motors","isTrade":true},{"advertId":"5813311628415820","vehicleMake":"Jaguar","vehicleModel":"X-Type","vehicleDerivative":"V6 SPORT","vehiclePriceEuro":3750,"vehicleYearOfManufacture":2002,"advertiserCounty":"Tipperary","isPSL":false,"privatePSL":false,"vehicleImageId":"9ba03afb-3667-4c0e-9345-00de1c559c7b","imagecount":8,"advertiserName":"Strang Motors Ltd","isTrade":true},{"advertId":"201308212529601","vehicleMake":"Jaguar","vehicleModel":"X-Type","vehicleDerivative":"V6 SE AUTO","vehiclePriceEuro":3500,"vehicleYearOfManufacture":2002,"advertiserCounty":"Dublin","isPSL":true,"privatePSL":false,"vehicleImageId":"14353161","imagecount":9,"isTrade":false},{"advertId":"201306212341282","vehicleMake":"Jaguar","vehicleModel":"X-Type","vehiclePriceEuro":3500,"vehicleYearOfManufacture":2002,"advertiserCounty":"Dublin","isPSL":true,"privatePSL":false,"vehicleImageId":"13984443","imagecount":9,"isTrade":false},{"advertId":"201307212433029","vehicleMake":"Jaguar","vehicleModel":"X-Type","vehicleDerivative":"V6 CLASSIC","vehiclePriceEuro":3250,"vehicleYearOfManufacture":2002,"advertiserCounty":"Dublin","isPSL":true,"privatePSL":false,"vehicleImageId":"14007238","imagecount":1,"isTrade":false},{"advertId":"201301211800504","vehicleMake":"Jaguar","vehicleModel":"X-Type","vehicleDerivative":"X TYPE 2.1 V6 SPORT 04DR","vehiclePriceEuro":3000,"vehicleYearOfManufacture":2002,"advertiserCounty":"Cork","isPSL":true,"privatePSL":false,"vehicleImageId":"13874154","imagecount":6,"isTrade":false},{"advertId":"31713584453621920","vehicleMake":"Jaguar","vehicleModel":"X-Type","vehicleDerivative":"2.5 V6 24v 4WD / Immaculate Example / New NCT 02-2014 / Fully Serviced / Nice Spec.    www.N3autolink.ie ","vehiclePriceEuro":2750,"vehicleYearOfManufacture":2002,"advertiserCounty":"Dublin","isPSL":true,"privatePSL":false,"vehicleImageId":"0458fe55-52d3-42ea-ba7f-d49afe0dacb8","imagecount":15,"advertiserName":"N3 Autolink","isTrade":true},{"advertId":"201251211518289","vehicleMake":"Jaguar","vehicleModel":"X-Type","vehiclePriceEuro":2500,"vehicleYearOfManufacture":2002,"advertiserCounty":"Kerry","isPSL":true,"privatePSL":false,"vehicleImageId":"13425782","imagecount":2,"isTrade":false},{"advertId":"32013545533563810","vehicleMake":"Jaguar","vehicleModel":"X-Type","vehicleDerivative":"2.5 AUTO....4 WHEEL DRIVE","vehiclePriceEuro":1495,"vehicleYearOfManufacture":2001,"advertiserCounty":"Dublin","isPSL":false,"privatePSL":false,"vehicleImageId":"c48de7ec-081f-4cb9-8724-a205f710e0a0","imagecount":16,"advertiserName":"Jim Rock Motors Ltd","isTrade":true},{"advertId":"32013572298920340","vehicleMake":"Jaguar","vehicleModel":"X-Type","vehicleDerivative":"2.5 petrol","vehiclePriceEuro":1250,"vehicleYearOfManufacture":2001,"advertiserCounty":"Cork","isPSL":false,"privatePSL":false,"vehicleImageId":"642294c8-d7fe-448e-baf9-73061ed539aa","imagecount":6,"advertiserName":"F.M. Autos","isTrade":true},{"advertId":"34313609190176080","vehicleMake":"Jaguar","vehicleModel":"XF","vehicleDerivative":"Sportbrake Luxury 163bhp","vehiclePriceEuro":54725,"vehicleYearOfManufacture":2013,"advertiserCounty":"Cork","isPSL":false,"privatePSL":false,"vehicleImageId":"202252f2-6914-4845-b2cc-6a96589d224c","imagecount":13,"advertiserName":"Johnson & Perrott Motor Group (Mahon Point)","isTrade":true},{"advertId":"33213599757745550","vehicleMake":"Jaguar","vehicleModel":"XF","vehicleDerivative":"2.2 D Sportbrake SE AUTO 5 DR.","vehiclePriceEuro":50261,"vehicleYearOfManufacture":2013,"advertiserCounty":"Galway","isPSL":false,"privatePSL":false,"vehicleImageId":"64c175a7-d27f-41b7-b183-fd01c5a29fd6","imagecount":12,"advertiserName":"Bradley Motor Works Ltd","isTrade":true},{"advertId":"33213606034200700","vehicleMake":"Jaguar","vehicleModel":"XF","vehicleDerivative":"LUXURY 163","vehiclePriceEuro":49900,"vehicleYearOfManufacture":2013,"advertiserCounty":"Cork","isPSL":false,"privatePSL":false,"vehicleImageId":"70355d4e-2c92-4720-83bc-17d58cd7c518","imagecount":12,"advertiserName":"Johnson & Perrott Motor Group (Mahon Point)","isTrade":true},{"advertId":"31113595442608960","vehicleMake":"Jaguar","vehicleModel":"XF","vehicleDerivative":"2.2 D SE 163PS 4DR AUTO.","vehiclePriceEuro":47725,"vehicleYearOfManufacture":2013,"advertiserCounty":"Galway","isPSL":false,"privatePSL":false,"vehicleImageId":"a9588c8b-c405-45cc-998f-4cab323c5adb","imagecount":4,"advertiserName":"Bradley Motor Works Ltd","isTrade":true},{"advertId":"33913606701682760","vehicleMake":"Jaguar","vehicleModel":"XF","vehicleDerivative":"2.2 163BHP BUSINESS EDITION.","vehiclePriceEuro":47555,"vehicleYearOfManufacture":2013,"advertiserCounty":"Galway","isPSL":false,"privatePSL":false,"vehicleImageId":"4d53bb58-a390-4b90-bfc5-71c97793f44c","imagecount":7,"advertiserName":"Bradley Motor Works Ltd","isTrade":true},{"advertId":"6913380330448640","vehicleMake":"Jaguar","vehicleModel":"XF","vehicleDerivative":"SE 163BHP","vehiclePriceEuro":47090,"vehicleYearOfManufacture":2013,"advertiserCounty":"Cork","isPSL":false,"privatePSL":false,"vehicleImageId":"100e83d2-28b3-4f86-a121-adb5e28cfb66","imagecount":11,"advertiserName":"Johnson & Perrott Motor Group (Mahon Point)","isTrade":true},{"advertId":"34113603466199590","vehicleMake":"Jaguar","vehicleModel":"XF","vehicleDerivative":"2.2 D Luxury 190PS","vehiclePriceEuro":46950,"vehicleYearOfManufacture":2012,"advertiserCounty":"Dublin","isPSL":true,"privatePSL":false,"vehicleImageId":"6e7c2ddb-913b-4989-8cff-fd51b3f6cf4f","imagecount":9,"advertiserName":"Spirit Motor Group","isTrade":true},{"advertId":"14813402965153880","vehicleMake":"Jaguar","vehicleModel":"XF","vehicleDerivative":"2.2 D SE 163PS","vehiclePriceEuro":42950,"vehicleYearOfManufacture":2012,"advertiserCounty":"Dublin","isPSL":true,"privatePSL":false,"vehicleImageId":"cd7161a8-1017-4c26-8661-dfb96282687e","imagecount":8,"advertiserName":"Spirit Motor Group","isTrade":true},{"advertId":"32713582655198000","vehicleMake":"Jaguar","vehicleModel":"XF","vehicleDerivative":"2.2 D SE 4DR AUTO","vehiclePriceEuro":39975,"vehicleYearOfManufacture":2012,"advertiserCounty":"Wexford","isPSL":true,"privatePSL":false,"vehicleImageId":"96eef003-d791-42f7-9111-c30217dd3473","imagecount":11,"advertiserName":"Bolands Wexford (Ford & Jaguar)","isTrade":true},{"advertId":"34013606865096130","vehicleMake":"Jaguar","vehicleModel":"XF","vehicleDerivative":"2.2 DIESEL SE (190PS)","vehiclePriceEuro":38230,"vehicleYearOfManufacture":2012,"advertiserCounty":"Dublin","isPSL":false,"privatePSL":false,"vehicleImageId":"5e0bdcaf-a1cd-4596-b2c9-55a12524984b","imagecount":9,"advertiserName":"Charles Hurst Aston Martin","isTrade":true},{"advertId":"31713516210788730","vehicleMake":"Jaguar","vehicleModel":"XF","vehicleDerivative":"2.2 PORTFOLIO190 BHP","vehiclePriceEuro":0,"vehicleYearOfManufacture":2012,"advertiserCounty":"Tipperary","isPSL":true,"privatePSL":false,"vehicleImageId":"cba38f2e-f44f-4ed3-b64b-52b2102a24e8","imagecount":12,"advertiserName":"Mordaunt Group","isTrade":true},{"advertId":"33913622223695240","vehicleMake":"Jaguar","vehicleModel":"XF","vehicleDerivative":"3.0 D SPORT PORTFOLIO 4DR AUTO","vehiclePriceEuro":45975,"vehicleYearOfManufacture":2011,"advertiserCounty":"Wexford","isPSL":true,"privatePSL":false,"vehicleImageId":"4fd7da71-7cae-45e4-92b7-6b2700b3be5b","imagecount":9,"advertiserName":"Bolands Wexford (Ford & Jaguar)","isTrade":true},{"advertId":"32713593786471320","vehicleMake":"Jaguar","vehicleModel":"XF","vehicleDerivative":"3.0 DIESEL LUXURY 10MY 4DR D AUTO","vehiclePriceEuro":36975,"vehicleYearOfManufacture":2011,"advertiserCounty":"Wexford","isPSL":true,"privatePSL":false,"vehicleImageId":"69489e20-aa85-4bbb-bcb3-e78bd25f1187","imagecount":7,"advertiserName":"Bolands Wexford (Ford & Jaguar)","isTrade":true},{"advertId":"201251211494450","vehicleMake":"Jaguar","vehicleModel":"XF","vehicleDerivative":"2.2D SE 4DR AUTO","vehiclePriceEuro":34900,"vehicleYearOfManufacture":2011,"advertiserCounty":"Offaly","isPSL":true,"privatePSL":false,"vehicleImageId":"14216786","imagecount":3,"isTrade":false},{"advertId":"33213608434237230","vehicleMake":"Jaguar","vehicleModel":"XF","vehicleDerivative":"3.0 DIESEL S PREMIUM LUXURY","vehiclePriceEuro":36941,"vehicleYearOfManufacture":2010,"advertiserCounty":"Dublin","isPSL":false,"privatePSL":false,"vehicleImageId":"78618fdb-c8c3-4f21-b9ba-ef196e1135f6","imagecount":9,"advertiserName":"Charles Hurst Aston Martin","isTrade":true},{"advertId":"33413603471234090","vehicleMake":"Jaguar","vehicleModel":"XF","vehicleDerivative":"3.0 D S Portfolio","vehiclePriceEuro":34950,"vehicleYearOfManufacture":2010,"advertiserCounty":"Dublin","isPSL":true,"privatePSL":false,"vehicleImageId":"46fb9b2e-c5ae-4ef5-b3e4-ab2863513acb","imagecount":9,"advertiserName":"Spirit Motor Group","isTrade":true},{"advertId":"32113560906957820","vehicleMake":"Jaguar","vehicleModel":"XF","vehicleDerivative":"Luxury","vehiclePriceEuro":33950,"vehicleYearOfManufacture":2010,"advertiserCounty":"Dublin","isPSL":true,"privatePSL":false,"vehicleImageId":"cc1e7d34-a98e-46cf-95d0-071b6fe81e68","imagecount":8,"advertiserName":"HB Dennis (Volvo and Land Rover)","isTrade":true},{"advertId":"32913605966878990","vehicleMake":"Jaguar","vehicleModel":"XF","vehicleDerivative":"3.0 PETROL LUXURY","vehiclePriceEuro":33515,"vehicleYearOfManufacture":2010,"advertiserCounty":"Dublin","isPSL":false,"privatePSL":false,"vehicleImageId":"78d87591-a9e4-451c-a816-2de04a3489c5","imagecount":9,"advertiserName":"Charles Hurst Aston Martin","isTrade":true},{"advertId":"34013606808238100","vehicleMake":"Jaguar","vehicleModel":"XF","vehicleDerivative":"3.0 DIESEL LUXURY","vehiclePriceEuro":33316,"vehicleYearOfManufacture":2010,"advertiserCounty":"Dublin","isPSL":false,"privatePSL":false,"vehicleImageId":"f7915eec-bcc5-4cad-81b1-5f811cd00f0b","imagecount":9,"advertiserName":"Charles Hurst Aston Martin","isTrade":true},{"advertId":"31713594758408270","vehicleMake":"Jaguar","vehicleModel":"XF","vehicleDerivative":"3.0 DIESEL LUXURY","vehiclePriceEuro":33278,"vehicleYearOfManufacture":2010,"advertiserCounty":"Dublin","isPSL":false,"privatePSL":false,"vehicleImageId":"409b601c-2836-478c-8fec-9a35033f66d6","imagecount":9,"advertiserName":"Charles Hurst Aston Martin","isTrade":true},{"advertId":"31813587781946420","vehicleMake":"Jaguar","vehicleModel":"XF","vehicleDerivative":"3.0 PETROL LUXURY","vehiclePriceEuro":32473,"vehicleYearOfManufacture":2010,"advertiserCounty":"Dublin","isPSL":false,"privatePSL":false,"vehicleImageId":"1f713366-1630-4747-a48e-64009f998bf3","imagecount":9,"advertiserName":"Charles Hurst Aston Martin","isTrade":true},{"advertId":"34013603469656200","vehicleMake":"Jaguar","vehicleModel":"XF","vehicleDerivative":"3.0 D Premium Luxury","vehiclePriceEuro":31950,"vehicleYearOfManufacture":2010,"advertiserCounty":"Dublin","isPSL":true,"privatePSL":false,"vehicleImageId":"ec9c7aa5-2d77-4ca5-bb8f-2dbc1f7c1dd2","imagecount":9,"advertiserName":"Spirit Motor Group","isTrade":true},{"advertId":"31813594773260950","vehicleMake":"Jaguar","vehicleModel":"XF","vehicleDerivative":"3.0 PETROL LUXURY","vehiclePriceEuro":31491,"vehicleYearOfManufacture":2010,"advertiserCounty":"Dublin","isPSL":false,"privatePSL":false,"vehicleImageId":"ad67408b-cd33-4883-966f-4f012580e34b","imagecount":9,"advertiserName":"Charles Hurst Aston Martin","isTrade":true},{"advertId":"201309212649658","vehicleMake":"Jaguar","vehicleModel":"XF","vehicleDerivative":"3.0 DIESEL PREMIUM LUXURY","vehiclePriceEuro":31000,"vehicleYearOfManufacture":2010,"advertiserCounty":"Donegal","isPSL":true,"privatePSL":false,"vehicleImageId":"14370823","imagecount":9,"isTrade":false},{"advertId":"34213603464794500","vehicleMake":"Jaguar","vehicleModel":"XF","vehicleDerivative":"3.0 D Luxury","vehiclePriceEuro":29950,"vehicleYearOfManufacture":2010,"advertiserCounty":"Dublin","isPSL":true,"privatePSL":false,"vehicleImageId":"760bfbda-4a4f-4705-bff4-2c5f923b4559","imagecount":9,"advertiserName":"Spirit Motor Group","isTrade":true},{"advertId":"33913606843173240","vehicleMake":"Jaguar","vehicleModel":"XF","vehicleDerivative":"3.0 DIESEL S PORTFOLIO ","vehiclePriceEuro":34933,"vehicleYearOfManufacture":2009,"advertiserCounty":"Dublin","isPSL":false,"privatePSL":false,"vehicleImageId":"5db4bbcc-5464-4600-8ff6-41dd13d8a4a0","imagecount":9,"advertiserName":"Charles Hurst Aston Martin","isTrade":true},{"advertId":"6513358001568100","vehicleMake":"Jaguar","vehicleModel":"XF","vehicleDerivative":"3.0 D Luxury","vehiclePriceEuro":29950,"vehicleYearOfManufacture":2009,"advertiserCounty":"Dublin","isPSL":true,"privatePSL":false,"vehicleImageId":"477198a9-7b75-4bae-ba83-75443b13f5cb","imagecount":8,"advertiserName":"Spirit Motor Group","isTrade":true},{"advertId":"30213488392865900","vehicleMake":"Jaguar","vehicleModel":"XF","vehicleDerivative":"2.7 D LUXURY A/T","vehiclePriceEuro":26995,"vehicleYearOfManufacture":2009,"advertiserCounty":"Dublin","isPSL":false,"privatePSL":false,"vehicleImageId":"3ff64d71-c81a-4af1-976f-e12074d77750","imagecount":11,"advertiserName":"Frank Keane Collection","isTrade":true},{"advertId":"31213490833924120","vehicleMake":"Jaguar","vehicleModel":"XF","vehicleDerivative":"PREMIUM LUXURY V6 TURBO DIESEL","vehiclePriceEuro":26975,"vehicleYearOfManufacture":2009,"advertiserCounty":"Wexford","isPSL":true,"privatePSL":false,"vehicleImageId":"42588679-bcd2-4d7b-827f-cd3104b81ce4","imagecount":7,"advertiserName":"Bolands Wexford (Ford & Jaguar)","isTrade":true},{"advertId":"32113566579227290","vehicleMake":"Jaguar","vehicleModel":"XF","vehicleDerivative":"XF Premium Luxury","vehiclePriceEuro":18500,"vehicleYearOfManufacture":2009,"advertiserCounty":"Kilkenny","isPSL":true,"privatePSL":false,"vehicleImageId":"c3d1e112-3c9c-4cf6-ac04-90aeb06ec1a8","imagecount":7,"advertiserName":"Barlo Kilkenny (Nissan & Opel)","isTrade":true},{"advertId":"201307212457350","vehicleMake":"Jaguar","vehicleModel":"XF","vehicleDerivative":"2.7 D LUXURY A/T","vehiclePriceEuro":29000,"vehicleYearOfManufacture":2008,"advertiserCounty":"Galway","isPSL":true,"privatePSL":false,"vehicleImageId":"13170269","imagecount":7,"isTrade":false},{"advertId":"31113578950969080","vehicleMake":"Jaguar","vehicleModel":"XF","vehicleDerivative":"2.7 D PREMIUM LUXURY Auto","vehiclePriceEuro":26950,"vehicleYearOfManufacture":2008,"advertiserCounty":"Dublin","isPSL":true,"privatePSL":false,"vehicleImageId":"549388cc-2f8a-496a-a2e9-f8af4020c47b","imagecount":8,"advertiserName":"HB Dennis (Volvo and Land Rover)","isTrade":true},{"advertId":"32713596480089530","vehicleMake":"Jaguar","vehicleModel":"XF","vehicleDerivative":"2.7 DIESEL LUXURY","vehiclePriceEuro":25526,"vehicleYearOfManufacture":2008,"advertiserCounty":"Dublin","isPSL":false,"privatePSL":false,"vehicleImageId":"93977ff5-d04f-43a5-9a01-4178c8fdb240","imagecount":9,"advertiserName":"Charles Hurst Aston Martin","isTrade":true},{"advertId":"33913603414525940","vehicleMake":"Jaguar","vehicleModel":"XF","vehicleDerivative":"2.7 DIESEL LUXURY SALOON","vehiclePriceEuro":25526,"vehicleYearOfManufacture":2008,"advertiserCounty":"Dublin","isPSL":false,"privatePSL":false,"vehicleImageId":"57c824ff-5807-464e-a998-cec9ca501fd5","imagecount":9,"advertiserName":"Charles Hurst Aston Martin","isTrade":true},{"advertId":"34313619825190290","vehicleMake":"Jaguar","vehicleModel":"XF","vehicleDerivative":"2.7 D **** PREMIUM LUXURY PACK ****..FULL SERVICE HISTORY..","vehiclePriceEuro":23950,"vehicleYearOfManufacture":2008,"advertiserCounty":"Dublin","isPSL":true,"privatePSL":false,"vehicleImageId":"c8392762-7c64-4639-be30-9262b8681412","imagecount":10,"advertiserName":"Auto Trust","isTrade":true},{"advertId":"33213621447375970","vehicleMake":"Jaguar","vehicleModel":"XF","vehicleDerivative":"3.0 V6 PREMIUM LUXURY","vehiclePriceEuro":19900,"vehicleYearOfManufacture":2008,"advertiserCounty":"Dublin","isPSL":false,"privatePSL":false,"vehicleImageId":"efc21952-ef05-4a59-9a23-16f2bb45294d","imagecount":4,"advertiserName":"Stillorgan Motor Co.","isTrade":true},{"advertId":"34013609467216200","vehicleMake":"Jaguar","vehicleModel":"XF","vehicleDerivative":"... SOLD ","vehiclePriceEuro":0,"vehicleYearOfManufacture":2008,"advertiserCounty":"Dublin","isPSL":true,"privatePSL":false,"vehicleImageId":"a5a910b5-dd79-48d2-9d36-fcdda1aae984","imagecount":9,"advertiserName":"Lambe & O'Connor Car Sales","isTrade":true},{"advertId":"34313605826546150","vehicleMake":"Jaguar","vehicleModel":"Xj","vehicleDerivative":"Premium Luxury 3.0D","vehiclePriceEuro":97645,"vehicleYearOfManufacture":2013,"advertiserCounty":"Wexford","isPSL":true,"privatePSL":false,"vehicleImageId":"eb90510a-5359-4a6a-9810-0728c49b3ff6","imagecount":2,"advertiserName":"Bolands Wexford (Ford & Jaguar)","isTrade":true},{"advertId":"31513580952664850","vehicleMake":"Jaguar","vehicleModel":"Xj","vehicleDerivative":"3.0 V6 Diesel","vehiclePriceEuro":65995,"vehicleYearOfManufacture":2011,"advertiserCounty":"Dublin","isPSL":false,"privatePSL":false,"vehicleImageId":"a14db5f6-4b4f-4905-9628-982cc611bce6","imagecount":12,"advertiserName":"Dermot Wallace Motors","isTrade":true},{"advertId":"33413600692108730","vehicleMake":"Jaguar","vehicleModel":"Xj","vehicleDerivative":"4.2 V8 Sovereign","vehiclePriceEuro":28950,"vehicleYearOfManufacture":2008,"advertiserCounty":"Dublin","isPSL":true,"privatePSL":false,"vehicleImageId":"8d0aa4f5-ac4d-4bb6-8b03-e5992b3352da","imagecount":8,"advertiserName":"Spirit Motor Group","isTrade":true}],"totalAdvertCount":45174}