{"adverts":[{"advertId":"31913594654668890","vehicleMake":"Audi","vehicleModel":"A6","vehicleDerivative":"2.0Tdi Multitronic Sportline","vehiclePriceEuro":41950,"vehicleYearOfManufacture":2012,"advertiserCounty":"Dublin","isPSL":true,"privatePSL":false,"vehicleImageId":"4162f941-f64f-4d70-80bf-34230ce09658","imagecount":15,"advertiserName":"Ballsbridge Motors Mercedes (MSL)","isTrade":true},{"advertId":"31713579147091480","vehicleMake":"Audi","vehicleModel":"A6","vehicleDerivative":"C7 2.0 TDI 177 S Line - Audi North Dublin","vehiclePriceEuro":41495,"vehicleYearOfManufacture":2012,"advertiserCounty":"Dublin","isPSL":false,"privatePSL":false,"vehicleImageId":"562769ab-57b0-49b0-b268-25bd887cf7ad","imagecount":9,"advertiserName":"Audi North Dublin Audi Approved Plus","isTrade":true},{"advertId":"32913614416212860","vehicleMake":"Audi","vehicleModel":"A6","vehicleDerivative":"2.0TDI MUTI AVANT","vehiclePriceEuro":40995,"vehicleYearOfManufacture":2012,"advertiserCounty":"Dublin","isPSL":false,"privatePSL":false,"vehicleImageId":"3f0e5b14-0402-4ede-982f-c12b925a24f2","imagecount":12,"advertiserName":"James Hennessy Motors Ltd","isTrade":true},{"advertId":"33413622274863900","vehicleMake":"Audi","vehicleModel":"A6","vehicleDerivative":"2.0 TDI 177 S Line - Audi North Dublin","vehiclePriceEuro":40995,"vehicleYearOfManufacture":2012,"advertiserCounty":"Dublin","isPSL":false,"privatePSL":false,"vehicleImageId":"3a03791c-19b5-45e3-9373-695a16f388f1","imagecount":3,"advertiserName":"Audi North Dublin Audi Approved Plus","isTrade":true},{"advertId":"34113622274864070","vehicleMake":"Audi","vehicleModel":"A6","vehicleDerivative":"2.0 TDI 177 S Line - Audi North Dublin","vehiclePriceEuro":40995,"vehicleYearOfManufacture":2012,"advertiserCounty":"Dublin","isPSL":false,"privatePSL":false,"vehicleImageId":"013f5fcb-e855-4957-81a8-17d6c07d4c37","imagecount":3,"advertiserName":"Audi North Dublin Audi Approved Plus","isTrade":true},{"advertId":"32913599807645400","vehicleMake":"Audi","vehicleModel":"A6","vehicleDerivative":"2.0TDI 177BHP S-LINE","vehiclePriceEuro":40945,"vehicleYearOfManufacture":2012,"advertiserCounty":"Mayo","isPSL":false,"privatePSL":false,"vehicleImageId":"176510f9-355f-4796-8169-8975d3bcb123","imagecount":15,"advertiserName":"Kevin Connolly's Audi Approved Plus","isTrade":true},{"advertId":"31913579147148680","vehicleMake":"Audi","vehicleModel":"A6","vehicleDerivative":"2.0Tdi 177Bhp S-Line","vehiclePriceEuro":40850,"vehicleYearOfManufacture":2012,"advertiserCounty":"Galway","isPSL":false,"privatePSL":false,"vehicleImageId":"5f162033-62b7-4b04-a351-01c63aae1bd1","imagecount":10,"advertiserName":"Audi Galway Audi Approved Plus","isTrade":true},{"advertId":"31913591168491990","vehicleMake":"Audi","vehicleModel":"A6","vehicleDerivative":"2.0 TDI 177HP S-Line","vehiclePriceEuro":40450,"vehicleYearOfManufacture":2012,"advertiserCounty":"Sligo","isPSL":false,"privatePSL":false,"vehicleImageId":"70eae500-b1ea-40cf-a857-60c584e70df3","imagecount":15,"advertiserName":"Audi Sligo Audi Approved Plus","isTrade":true},{"advertId":"31513579147069330","vehicleMake":"Audi","vehicleModel":"A6","vehicleDerivative":"2.0TDI 177BHP MULTITRONIC SE","vehiclePriceEuro":39950,"vehicleYearOfManufacture":2012,"advertiserCounty":"Dublin","isPSL":false,"privatePSL":false,"vehicleImageId":"7cdb0362-8451-4db0-96c6-63d28d428b38","imagecount":9,"advertiserName":"Audi Centre Ltd. Audi Approved Plus","isTrade":true},{"advertId":"31113560179560790","vehicleMake":"Audi","vehicleModel":"A6","vehicleDerivative":"2.0 TDI 177 SE 4DR","vehiclePriceEuro":39950,"vehicleYearOfManufacture":2012,"advertiserCounty":"Laois","isPSL":false,"privatePSL":false,"vehicleImageId":"79ad0168-e72d-47bd-85d3-5ca888aa6d6c","imagecount":12,"advertiserName":"Michael Moore Portarlington","isTrade":true},{"advertId":"32013579147065870","vehicleMake":"Audi","vehicleModel":"A6","vehicleDerivative":"2.0TDI 177BHP MULTITRONIC SE","vehiclePriceEuro":39950,"vehicleYearOfManufacture":2012,"advertiserCounty":"Dublin","isPSL":false,"privatePSL":false,"vehicleImageId":"55f569a7-bbad-4d5a-b89c-6b6cd9d6d9a3","imagecount":9,"advertiserName":"Audi Centre Ltd. Audi Approved Plus","isTrade":true},{"advertId":"31813579146869500","vehicleMake":"Audi","vehicleModel":"A6","vehicleDerivative":"2.0 TDI 177HP SE","vehiclePriceEuro":39950,"vehicleYearOfManufacture":2012,"advertiserCounty":"Westmeath","isPSL":false,"privatePSL":false,"vehicleImageId":"26b28c91-d7be-436d-87d2-e026d617d3c4","imagecount":9,"advertiserName":"Michael Moore Athlone Audi Approved Plus","isTrade":true},{"advertId":"31513577376517210","vehicleMake":"Audi","vehicleModel":"A6","vehicleDerivative":"2.0Tdi S-line 177bhp","vehiclePriceEuro":39950,"vehicleYearOfManufacture":2012,"advertiserCounty":"Tipperary","isPSL":true,"privatePSL":false,"vehicleImageId":"32f2b516-1b75-4bda-a40b-a0968f457ae5","imagecount":10,"advertiserName":"Pierse Motors Ltd","isTrade":true},{"advertId":"31813518507402280","vehicleMake":"Audi","vehicleModel":"A6","vehicleDerivative":"2.0 TDI 177HP SE","vehiclePriceEuro":39950,"vehicleYearOfManufacture":2012,"advertiserCounty":"Cork","isPSL":false,"privatePSL":false,"vehicleImageId":"54fa151b-a785-4278-b6c3-65ef009f955b","imagecount":9,"advertiserName":"O'Leary's Lissarda (Volkswagen Dealer)","isTrade":true},{"advertId":"31513596202722720","vehicleMake":"Audi","vehicleModel":"A6","vehicleDerivative":"2.0TDI SE","vehiclePriceEuro":39950,"vehicleYearOfManufacture":2012,"advertiserCounty":"Kildare","isPSL":false,"privatePSL":false,"vehicleImageId":"739369cf-78ad-4fc2-8f0a-dbba878426ef","imagecount":9,"advertiserName":"Sheehy Motors Naas","isTrade":true},{"advertId":"32113579147135850","vehicleMake":"Audi","vehicleModel":"A6","vehicleDerivative":"2.0TDI SE","vehiclePriceEuro":39950,"vehicleYearOfManufacture":2012,"advertiserCounty":"Kildare","isPSL":false,"privatePSL":false,"vehicleImageId":"09cf7dbf-3a9e-4c5d-8fb6-eb721cde00c0","imagecount":9,"advertiserName":"Sheehy Motors Audi Approved Plus","isTrade":true},{"advertId":"201302211847511","vehicleMake":"Audi","vehicleModel":"A6","vehicleDerivative":"2.0 TDI 177 MULTI SE 4DR AUTO","vehiclePriceEuro":39950,"vehicleYearOfManufacture":2012,"advertiserCounty":"Dublin","isPSL":true,"privatePSL":false,"vehicleImageId":"14251221","imagecount":9,"isTrade":false},{"advertId":"31813585287323980","vehicleMake":"Audi","vehicleModel":"A6","vehicleDerivative":"2.0 TDI SE AUTOMATIC","vehiclePriceEuro":39900,"vehicleYearOfManufacture":2012,"advertiserCounty":"Waterford","isPSL":false,"privatePSL":false,"vehicleImageId":"80b10ec7-0515-4acb-951f-a50ab7300f33","imagecount":10,"advertiserName":"T Farrell & Sons","isTrade":true},{"advertId":"34113609479635430","vehicleMake":"Audi","vehicleModel":"A6","vehicleDerivative":"TDI SE AUTO 177BHP * MMi NAVIGATION * MULTIMEDIA PACK * HEATED LEATHER SEATS * ALLOY UPGRADE * MULTITRONIC  ","vehiclePriceEuro":38995,"vehicleYearOfManufacture":2012,"advertiserCounty":"Longford","isPSL":false,"privatePSL":false,"vehicleImageId":"91cee0fe-37d5-475a-b38a-211d6a7611be","imagecount":9,"advertiserName":"JJ Reilly Cars.com (TDI Specialists)","isTrade":true},{"advertId":"31513579147113430","vehicleMake":"Audi","vehicleModel":"A6","vehicleDerivative":"C7 2.0 TDI 177 SE - Audi North Dublin","vehiclePriceEuro":38995,"vehicleYearOfManufacture":2012,"advertiserCounty":"Dublin","isPSL":false,"privatePSL":false,"vehicleImageId":"88006ba1-b94b-4b84-a460-1b34747ef467","imagecount":9,"advertiserName":"Audi North Dublin Audi Approved Plus","isTrade":true},{"advertId":"34013597431829660","vehicleMake":"Audi","vehicleModel":"A6","vehicleDerivative":"2.0 TDI 177 SE - Audi North Dublin","vehiclePriceEuro":38995,"vehicleYearOfManufacture":2012,"advertiserCounty":"Dublin","isPSL":false,"privatePSL":false,"vehicleImageId":"3fa58c08-2b0f-48ea-be97-26182c7e494f","imagecount":3,"advertiserName":"Audi North Dublin Audi Approved Plus","isTrade":true},{"advertId":"33213613775906830","vehicleMake":"Audi","vehicleModel":"A6","vehicleDerivative":"2.0 TDI 177 SE - Audi North Dublin","vehiclePriceEuro":38995,"vehicleYearOfManufacture":2012,"advertiserCounty":"Dublin","isPSL":false,"privatePSL":false,"vehicleImageId":"389bb648-844a-42b1-85c6-c79bf23d2c61","imagecount":9,"advertiserName":"Audi North Dublin Audi Approved Plus","isTrade":true},{"advertId":"31513579147106590","vehicleMake":"Audi","vehicleModel":"A6","vehicleDerivative":"C7 2.0 TDI 177 SE - Audi North Dublin","vehiclePriceEuro":38995,"vehicleYearOfManufacture":2012,"advertiserCounty":"Dublin","isPSL":false,"privatePSL":false,"vehicleImageId":"b2528702-74b7-4a98-9efb-7e1fd334ab5e","imagecount":9,"advertiserName":"Audi North Dublin Audi Approved Plus","isTrade":true},{"advertId":"31713579147112680","vehicleMake":"Audi","vehicleModel":"A6","vehicleDerivative":"C7 2.0 TDI 177 SE - Audi North Dublin","vehiclePriceEuro":38995,"vehicleYearOfManufacture":2012,"advertiserCounty":"Dublin","isPSL":false,"privatePSL":false,"vehicleImageId":"dbe0189a-a8fe-464a-870b-bd838a8e9851","imagecount":9,"advertiserName":"Audi North Dublin Audi Approved Plus","isTrade":true},{"advertId":"31813579147110990","vehicleMake":"Audi","vehicleModel":"A6","vehicleDerivative":"C7 2.0 TDI 177 SE - Audi North Dublin","vehiclePriceEuro":38995,"vehicleYearOfManufacture":2012,"advertiserCounty":"Dublin","isPSL":false,"privatePSL":false,"vehicleImageId":"78d7e6fe-dfa2-4856-8f42-bbd48e9adda7","imagecount":9,"advertiserName":"Audi North Dublin Audi Approved Plus","isTrade":true},{"advertId":"34113601519661420","vehicleMake":"Audi","vehicleModel":"A6","vehicleDerivative":"2.0TDI 177BHP SE A/T **18\" ALLOYS**LEATHER**","vehiclePriceEuro":38945,"vehicleYearOfManufacture":2012,"advertiserCounty":"Galway","isPSL":true,"privatePSL":false,"vehicleImageId":"f925b015-d0b6-4eb2-9ec7-026f75dac80e","imagecount":1,"advertiserName":"Western Motors Ltd","isTrade":true},{"advertId":"31713552421837230","vehicleMake":"Audi","vehicleModel":"A6","vehicleDerivative":"SE TDI - SOLD","vehiclePriceEuro":38900,"vehicleYearOfManufacture":2012,"advertiserCounty":"Meath","isPSL":false,"privatePSL":false,"vehicleImageId":"503e1768-e079-4528-b5e3-7ddd2d8f7665","imagecount":8,"advertiserName":"John Kelly Motor Co.","isTrade":true},{"advertId":"33413605855860780","vehicleMake":"Audi","vehicleModel":"A6","vehicleDerivative":"2.0 TDI 177 SE - Audi North Dublin","vehiclePriceEuro":38495,"vehicleYearOfManufacture":2012,"advertiserCounty":"Dublin","isPSL":false,"privatePSL":false,"vehicleImageId":"43f8f5c2-9844-4925-b4e4-5a866cd0d5a4","imagecount":9,"advertiserName":"Audi North Dublin Audi Approved Plus","isTrade":true},{"advertId":"33413612073015540","vehicleMake":"Audi","vehicleModel":"A6","vehicleDerivative":"3.0 TDI MULTITRONIC SE 4 MULTI AUTO","vehiclePriceEuro":37950,"vehicleYearOfManufacture":2012,"advertiserCounty":"Wexford","isPSL":false,"privatePSL":false,"vehicleImageId":"c415ee4c-0411-4ecd-b8c4-2ffeeabd08f2","imagecount":14,"advertiserName":"T Kenny Car Sales","isTrade":true},{"advertId":"31513530937192550","vehicleMake":"Audi","vehicleModel":"A6","vehicleDerivative":"2.0 TDi SE 177 BHP","vehiclePriceEuro":37950,"vehicleYearOfManufacture":2012,"advertiserCounty":"Galway","isPSL":true,"privatePSL":false,"vehicleImageId":"04c07458-ff66-4db5-8e10-80e432490b45","imagecount":16,"advertiserName":"Adrian Quinn Car Sales","isTrade":true},{"advertId":"31813579147108510","vehicleMake":"Audi","vehicleModel":"A6","vehicleDerivative":"C7 2.0 TDI 177 SE - Audi North Dublin","vehiclePriceEuro":37495,"vehicleYearOfManufacture":2012,"advertiserCounty":"Dublin","isPSL":false,"privatePSL":false,"vehicleImageId":"9c22389d-666c-4255-8da0-aca5992a0378","imagecount":3,"advertiserName":"Audi North Dublin Audi Approved Plus","isTrade":true},{"advertId":"32713581815850710","vehicleMake":"Audi","vehicleModel":"A6","vehicleDerivative":"2.0 TDI SE 174BHP 4DR","vehiclePriceEuro":36950,"vehicleYearOfManufacture":2012,"advertiserCounty":"Wexford","isPSL":false,"privatePSL":false,"vehicleImageId":"e651107c-2bc9-4d6f-99bb-80420bd37f49","imagecount":6,"advertiserName":"J Donohoe Motors","isTrade":true},{"advertId":"33913616223351700","vehicleMake":"Audi","vehicleModel":"A6","vehicleDerivative":"2.0 tdi 177bhp se tec as new","vehiclePriceEuro":36950,"vehicleYearOfManufacture":2012,"advertiserCounty":"Wexford","isPSL":false,"privatePSL":false,"vehicleImageId":"befc6e72-8acc-40ee-bb46-91041ca02607","imagecount":7,"advertiserName":"Tom Moran & Sons Ltd","isTrade":true},{"advertId":"32713597190681230","vehicleMake":"Audi","vehicleModel":"A6","vehicleDerivative":"2.0Tdi SE 177bhp","vehiclePriceEuro":36950,"vehicleYearOfManufacture":2012,"advertiserCounty":"Tipperary","isPSL":true,"privatePSL":false,"vehicleImageId":"dc59017b-5e70-478f-87c1-08b2d8cfab81","imagecount":10,"advertiserName":"Pierse Motors Ltd","isTrade":true},{"advertId":"31513551550650100","vehicleMake":"Audi","vehicleModel":"A6","vehicleDerivative":"2.0 TDI SE 177BHP // NEW CONDITION","vehiclePriceEuro":36950,"vehicleYearOfManufacture":2012,"advertiserCounty":"Kildare","isPSL":false,"privatePSL":false,"vehicleImageId":"e967916a-b63a-453e-a9b6-153fd50a573a","imagecount":14,"advertiserName":"Charlie Donnelly Cars","isTrade":true},{"advertId":"33413600036226620","vehicleMake":"Audi","vehicleModel":"A6","vehicleDerivative":"2.0 TDI SE 177BHP / ONLY 6K MLS","vehiclePriceEuro":36950,"vehicleYearOfManufacture":2012,"advertiserCounty":"Kildare","isPSL":false,"privatePSL":false,"vehicleImageId":"71066c12-a36a-4adc-ac84-eda7b39c2eda","imagecount":14,"advertiserName":"Charlie Donnelly Cars","isTrade":true},{"advertId":"413233646574260","vehicleMake":"Audi","vehicleModel":"A6","vehicleDerivative":"2.0 TDI SE 177Bhp ,129 CO2","vehiclePriceEuro":36950,"vehicleYearOfManufacture":2012,"advertiserCounty":"Waterford","isPSL":false,"privatePSL":false,"vehicleImageId":"908a6951-8744-4cdd-acce-c128eac9b351","imagecount":15,"advertiserName":"T Farrell & Sons","isTrade":true},{"advertId":"34013609494229090","vehicleMake":"Audi","vehicleModel":"A6","vehicleDerivative":"2.0TDI SE 170BHP // AS NEW","vehiclePriceEuro":36950,"vehicleYearOfManufacture":2012,"advertiserCounty":"Kildare","isPSL":false,"privatePSL":false,"vehicleImageId":"104ba756-4d8e-4fc6-9d03-086464d1df3b","imagecount":15,"advertiserName":"Charlie Donnelly Cars","isTrade":true},{"advertId":"29413457424510300","vehicleMake":"Audi","vehicleModel":"A6","vehicleDerivative":"2.0 TDI 177 SE 4DR","vehiclePriceEuro":36950,"vehicleYearOfManufacture":2012,"advertiserCounty":"Louth","isPSL":false,"privatePSL":false,"vehicleImageId":"44ca07ca-c1aa-4c09-9597-e61fec885920","imagecount":6,"advertiserName":"Auto Superstore Gerry Cumiskey Ltd.","isTrade":true},{"advertId":"31813566579185460","vehicleMake":"Audi","vehicleModel":"A6","vehicleDerivative":"2.0 TDI SE 177 *LEATHER & NAV*","vehiclePriceEuro":36895,"vehicleYearOfManufacture":2012,"advertiserCounty":"Cork","isPSL":true,"privatePSL":false,"vehicleImageId":"59d0904e-6c0a-4db6-b7b7-2d913d8c56ab","imagecount":8,"advertiserName":"Luceys Charleville (Nissan & Mazda)","isTrade":true},{"advertId":"33413615523242500","vehicleMake":"Audi","vehicleModel":"A6","vehicleDerivative":"2.0Tdi","vehiclePriceEuro":36750,"vehicleYearOfManufacture":2012,"advertiserCounty":"Limerick","isPSL":true,"privatePSL":false,"vehicleImageId":"545340c0-2ad4-4316-b101-cc52e750e8c1","imagecount":9,"advertiserName":"Frank Hogan Ltd.","isTrade":true},{"advertId":"32913600818946200","vehicleMake":"Audi","vehicleModel":"A6","vehicleDerivative":"2.0 TDI 170HP 6 SPEED SE","vehiclePriceEuro":35975,"vehicleYearOfManufacture":2012,"advertiserCounty":"Wexford","isPSL":true,"privatePSL":false,"vehicleImageId":"4c35a7f5-1f4a-4f0d-81a6-4bf03b0a586b","imagecount":9,"advertiserName":"Audi Enniscorthy Audi Approved Plus","isTrade":true},{"advertId":"31113585918643350","vehicleMake":"Audi","vehicleModel":"A6","vehicleDerivative":"LAUNCH SPEC www.trinitymotors","vehiclePriceEuro":35950,"vehicleYearOfManufacture":2012,"advertiserCounty":"Wexford","isPSL":true,"privatePSL":false,"vehicleImageId":"75dc19d5-2315-43fe-8dcb-a0a5ae81fbb2","imagecount":7,"advertiserName":"Trinity Motors Land Rover","isTrade":true},{"advertId":"32913596480637430","vehicleMake":"Audi","vehicleModel":"A6","vehicleDerivative":"SE","vehiclePriceEuro":35950,"vehicleYearOfManufacture":2012,"advertiserCounty":"Dublin","isPSL":false,"privatePSL":false,"vehicleImageId":"733c2292-890b-4125-83ad-dbf4d8a8691b","imagecount":16,"advertiserName":"Autocity","isTrade":true},{"advertId":"31913589557798240","vehicleMake":"Audi","vehicleModel":"A6","vehicleDerivative":"2.0 TDI Se","vehiclePriceEuro":35500,"vehicleYearOfManufacture":2012,"advertiserCounty":"Tipperary","isPSL":false,"privatePSL":false,"vehicleImageId":"4ab2af07-221e-4045-9407-534169b2357c","imagecount":7,"advertiserName":"Autoplatz","isTrade":true},{"advertId":"201304212085968","vehicleMake":"Audi","vehicleModel":"A6","vehicleDerivative":"SE 177bph","vehiclePriceEuro":35500,"vehicleYearOfManufacture":2012,"advertiserCounty":"Dublin","isPSL":true,"privatePSL":false,"vehicleImageId":"14317721","imagecount":6,"isTrade":false},{"advertId":"31113542071226510","vehicleMake":"Audi","vehicleModel":"A6","vehicleDerivative":"3.0 TDI S LINE ","vehiclePriceEuro":0,"vehicleYearOfManufacture":2012,"advertiserCounty":"Tipperary","isPSL":true,"privatePSL":false,"vehicleImageId":"903286df-80c0-4ffd-8eb9-b4763b8bf8e7","imagecount":12,"advertiserName":"Mordaunt Group","isTrade":true},{"advertId":"32913603299847660","vehicleMake":"Audi","vehicleModel":"A6","vehicleDerivative":"2.0TDI 177BHP LOW TAX-HIGH SPEC","vehiclePriceEuro":0,"vehicleYearOfManufacture":2012,"advertiserCounty":"Cork","isPSL":false,"privatePSL":false,"vehicleImageId":"94c06bcb-a704-4e43-9fab-5a4235eebcf1","imagecount":18,"advertiserName":"O'Flynn Motors","isTrade":true},{"advertId":"32913602332320050","vehicleMake":"Audi","vehicleModel":"A6","vehicleDerivative":"2.0TDI AUTO 177BHP MULTITRONIC SE ","vehiclePriceEuro":0,"vehicleYearOfManufacture":2012,"advertiserCounty":"Cork","isPSL":false,"privatePSL":false,"vehicleImageId":"e58c29eb-9248-4172-bb14-6fe1829d6f76","imagecount":20,"advertiserName":"O'Flynn Motors","isTrade":true},{"advertId":"32713588939006540","vehicleMake":"Audi","vehicleModel":"A6","vehicleDerivative":"==SOLD==A6 3.0 TDi S-LINE QUATTRO 245 BHP AUTO==HUGE SPEC==","vehiclePriceEuro":0,"vehicleYearOfManufacture":2012,"advertiserCounty":"Galway","isPSL":true,"privatePSL":false,"vehicleImageId":"476cb1ae-8ed8-45fb-b3bc-c3741ab6c8a4","imagecount":20,"advertiserName":"Adrian Quinn Car Sales","isTrade":true},{"advertId":"31713578202529860","vehicleMake":"Audi","vehicleModel":"A6","vehicleDerivative":"170 bhp se","vehiclePriceEuro":0,"vehicleYearOfManufacture":2012,"advertiserCounty":"Monaghan","isPSL":false,"privatePSL":false,"vehicleImageId":"a4dd6057-edc4-40c8-9375-6fb276cbb3ba","imagecount":9,"advertiserName":"Billy Walker Car Sales","isTrade":true},{"advertId":"31113594371866790","vehicleMake":"Audi","vehicleModel":"A6","vehicleDerivative":"AVANT 170BHP SE - HUGE SPEC","vehiclePriceEuro":39900,"vehicleYearOfManufacture":2011,"advertiserCounty":"Cork","isPSL":true,"privatePSL":false,"vehicleImageId":"3a1486fd-277d-4365-95f3-95f4371d9337","imagecount":3,"advertiserName":"Audi Cork Audi Approved Plus","isTrade":true},{"advertId":"32013584380531670","vehicleMake":"Audi","vehicleModel":"A6","vehicleDerivative":"2.0 TDI 177 SPORT LINE 4DR","vehiclePriceEuro":36950,"vehicleYearOfManufacture":2011,"advertiserCounty":"Cork","isPSL":false,"privatePSL":false,"vehicleImageId":"470fdb21-a256-491e-b949-7bb1cffa9a0d","imagecount":10,"advertiserName":"F.M. Autos","isTrade":true},{"advertId":"34213607583729040","vehicleMake":"Audi","vehicleModel":"A6","vehicleDerivative":"2.0TDI 177BHP SE New Model","vehiclePriceEuro":35950,"vehicleYearOfManufacture":2011,"advertiserCounty":"Westmeath","isPSL":false,"privatePSL":false,"vehicleImageId":"933a8c17-46d0-40a6-acae-6d9a82b082ac","imagecount":9,"advertiserName":"Michael Moore Athlone Audi Approved Plus","isTrade":true},{"advertId":"131287943191576","vehicleMake":"Audi","vehicleModel":"A6","vehicleDerivative":"2.0TDi E SE €280 TAX **EXTRA SPEC**","vehiclePriceEuro":35000,"vehicleYearOfManufacture":2011,"advertiserCounty":"Cork","isPSL":true,"privatePSL":false,"vehicleImageId":"90e63872-029b-4e21-9fe4-3cd1180cb7ca","imagecount":20,"advertiserName":"Cashman Car Sales","isTrade":true},{"advertId":"34013622346816360","vehicleMake":"Audi","vehicleModel":"A6","vehicleDerivative":"2.0 TDI 177 SE - Audi North Dublin","vehiclePriceEuro":34995,"vehicleYearOfManufacture":2011,"advertiserCounty":"Dublin","isPSL":false,"privatePSL":false,"vehicleImageId":"2420eb11-277a-4c96-a032-1a529734b49e","imagecount":3,"advertiserName":"Audi North Dublin Audi Approved Plus","isTrade":true},{"advertId":"32113579147154460","vehicleMake":"Audi","vehicleModel":"A6","vehicleDerivative":"2.0 TDI 177HP SE","vehiclePriceEuro":34950,"vehicleYearOfManufacture":2011,"advertiserCounty":"Galway","isPSL":false,"privatePSL":false,"vehicleImageId":"649d85af-92c8-4cd2-bad8-b64767382d4d","imagecount":9,"advertiserName":"Audi Galway Audi Approved Plus","isTrade":true},{"advertId":"2113278647909640","vehicleMake":"Audi","vehicleModel":"A6","vehicleDerivative":"** S O L D  **","vehiclePriceEuro":34650,"vehicleYearOfManufacture":2011,"advertiserCounty":"Wexford","isPSL":true,"privatePSL":false,"vehicleImageId":"e408b864-bbe8-4162-b7de-d89ae10ea596","imagecount":4,"advertiserName":"Prestige Motors","isTrade":true},{"advertId":"201308212625470","vehicleMake":"Audi","vehicleModel":"A6","vehicleDerivative":"2.0 TDI SE 177BHP 4DR","vehiclePriceEuro":34500,"vehicleYearOfManufacture":2011,"advertiserCounty":"Dublin","isPSL":true,"privatePSL":false,"vehicleImageId":"14366295","imagecount":7,"isTrade":false},{"advertId":"34413618742176870","vehicleMake":"Audi","vehicleModel":"A6","vehicleDerivative":"2.0 Tdi S Line Sp. Ed 170 Avant ","vehiclePriceEuro":33995,"vehicleYearOfManufacture":2011,"advertiserCounty":"Limerick","isPSL":true,"privatePSL":false,"vehicleImageId":"6c05edb6-efaf-4f17-b9fc-c86a7f2723cb","imagecount":17,"advertiserName":"AutoXpress.ie","isTrade":true},{"advertId":"34213604343803660","vehicleMake":"Audi","vehicleModel":"A6","vehicleDerivative":"2.0 TDI 136 Multi S Line - Audi North Dublin","vehiclePriceEuro":33995,"vehicleYearOfManufacture":2011,"advertiserCounty":"Dublin","isPSL":false,"privatePSL":false,"vehicleImageId":"63656c35-9b33-4853-817d-b2f11798fcd7","imagecount":3,"advertiserName":"Audi North Dublin Audi Approved Plus","isTrade":true},{"advertId":"34113609548576670","vehicleMake":"Audi","vehicleModel":"A6","vehicleDerivative":"SPECIAL EDITION 170BHP S-LINE AVANT CALL PETER 0863945442 €33949","vehiclePriceEuro":33949,"vehicleYearOfManufacture":2011,"advertiserCounty":"Dublin","isPSL":true,"privatePSL":false,"vehicleImageId":"d32d4ef2-8a3d-4a9b-adbe-24d5c19a7b59","imagecount":20,"advertiserName":"Carroll & Kinsella Motors (Walkinstown)","isTrade":true},{"advertId":"31713534991681790","vehicleMake":"Audi","vehicleModel":"A6","vehicleDerivative":"2.0TDI 170BHP == S-LINE == AUTO == NAV ==","vehiclePriceEuro":32945,"vehicleYearOfManufacture":2011,"advertiserCounty":"Galway","isPSL":true,"privatePSL":false,"vehicleImageId":"1946e34e-62bb-40a3-a703-dcc48cd781e9","imagecount":9,"advertiserName":"Western Motors Ltd","isTrade":true},{"advertId":"31913579147138480","vehicleMake":"Audi","vehicleModel":"A6","vehicleDerivative":"2.0 TDI 136HP MULTITRONIC SE","vehiclePriceEuro":31975,"vehicleYearOfManufacture":2011,"advertiserCounty":"Wexford","isPSL":true,"privatePSL":false,"vehicleImageId":"284b7045-eebf-40b3-bf59-690873476902","imagecount":9,"advertiserName":"Audi Enniscorthy Audi Approved Plus","isTrade":true},{"advertId":"34313616862686480","vehicleMake":"Audi","vehicleModel":"A6","vehicleDerivative":"Sportline","vehiclePriceEuro":31500,"vehicleYearOfManufacture":2011,"advertiserCounty":"Westmeath","isPSL":false,"privatePSL":false,"vehicleImageId":"6abd8319-f282-4b2a-9e1c-9431956f3041","imagecount":9,"advertiserName":"P. O'Brien Limited","isTrade":true},{"advertId":"34213620602645580","vehicleMake":"Audi","vehicleModel":"A6","vehicleDerivative":"2.0 Tdi S Line Le Mans","vehiclePriceEuro":30995,"vehicleYearOfManufacture":2011,"advertiserCounty":"Limerick","isPSL":true,"privatePSL":false,"vehicleImageId":"d5a27d11-3338-4300-b706-c50e13cb46e7","imagecount":16,"advertiserName":"AutoXpress.ie","isTrade":true},{"advertId":"201250211426551","vehicleMake":"Audi","vehicleModel":"A6","vehicleDerivative":"S LINE TDIe","vehiclePriceEuro":29749,"vehicleYearOfManufacture":2011,"advertiserCounty":"Cork","isPSL":true,"privatePSL":false,"vehicleImageId":"13839543","imagecount":9,"isTrade":false},{"advertId":"201305212250841","vehicleMake":"Audi","vehicleModel":"A6","vehicleDerivative":"tdi","vehiclePriceEuro":29500,"vehicleYearOfManufacture":2011,"advertiserCounty":"Cork","isPSL":true,"privatePSL":false,"vehicleImageId":"13963452","imagecount":6,"isTrade":false},{"advertId":"31813588765100940","vehicleMake":"Audi","vehicleModel":"A6","vehicleDerivative":"2.0 TDI 136 ,S-LINE ALLOYS,LEATHER,SAT NAV","vehiclePriceEuro":28950,"vehicleYearOfManufacture":2011,"advertiserCounty":"Kildare","isPSL":false,"privatePSL":false,"vehicleImageId":"053a0152-fc06-47ee-aea6-3c1c5fcc200f","imagecount":8,"advertiserName":"SMC Car Sales","isTrade":true},{"advertId":"613268027661880","vehicleMake":"Audi","vehicleModel":"A6","vehicleDerivative":"** V I P SPEC **","vehiclePriceEuro":0,"vehicleYearOfManufacture":2011,"advertiserCounty":"Wexford","isPSL":true,"privatePSL":false,"vehicleImageId":"cf0f4b56-9342-4682-a8f9-5163c356565a","imagecount":5,"advertiserName":"Prestige Motors","isTrade":true},{"advertId":"32113516371097770","vehicleMake":"Audi","vehicleModel":"A6","vehicleDerivative":"2.0 TDI TDIE SE 134BHP 4DR             ","vehiclePriceEuro":0,"vehicleYearOfManufacture":2011,"advertiserCounty":"Tipperary","isPSL":false,"privatePSL":false,"vehicleImageId":"3a3bd8bf-eab9-4842-9b70-238eb492b68a","imagecount":8,"advertiserName":"Strang Motors Ltd","isTrade":true},{"advertId":"713259488228730","vehicleMake":"Audi","vehicleModel":"A6","vehicleDerivative":"2.0 tdi se new shape  sat nav s line ","vehiclePriceEuro":0,"vehicleYearOfManufacture":2011,"advertiserCounty":"Wexford","isPSL":false,"privatePSL":false,"vehicleImageId":"df53fd7b-1b35-438e-8b18-04e6134e3f0b","imagecount":7,"advertiserName":"Tom Moran & Sons Ltd","isTrade":true},{"advertId":"5913342194254630","vehicleMake":"Audi","vehicleModel":"A6","vehicleDerivative":"2.0 tdi se sat nav new shape 177 bhp","vehiclePriceEuro":0,"vehicleYearOfManufacture":2011,"advertiserCounty":"Wexford","isPSL":false,"privatePSL":false,"vehicleImageId":"6e82ca1d-c334-4cfe-bb64-f31734497752","imagecount":8,"advertiserName":"Tom Moran & Sons Ltd","isTrade":true},{"advertId":"30813501450485880","vehicleMake":"Audi","vehicleModel":"A6","vehicleDerivative":"2.0 TDI 170BHP A/T**24 MONTH WARRANTY**1 OWNER**D-REG**","vehiclePriceEuro":34995,"vehicleYearOfManufacture":2010,"advertiserCounty":"Westmeath","isPSL":true,"privatePSL":false,"vehicleImageId":"3bd138b5-812c-4f4a-9bb0-34a0f9b92ba2","imagecount":9,"advertiserName":"Colm Quinn Cars","isTrade":true},{"advertId":"201250211362780","vehicleMake":"Audi","vehicleModel":"A6","vehicleDerivative":"2.0 TDI 136 MULTI 4DR AUTO","vehiclePriceEuro":34500,"vehicleYearOfManufacture":2010,"advertiserCounty":"Cork","isPSL":true,"privatePSL":false,"vehicleImageId":"13820907","imagecount":9,"isTrade":false},{"advertId":"33213605927859870","vehicleMake":"Audi","vehicleModel":"A6","vehicleDerivative":"2.0 TDI 170 S Line","vehiclePriceEuro":31995,"vehicleYearOfManufacture":2010,"advertiserCounty":"Dublin","isPSL":false,"privatePSL":false,"vehicleImageId":"c7d3020e-87a0-4aba-a1d6-5ffdf03a128a","imagecount":9,"advertiserName":"Audi North Dublin Audi Approved Plus","isTrade":true},{"advertId":"32013579146869100","vehicleMake":"Audi","vehicleModel":"A6","vehicleDerivative":"2.0 TDI 136HP MULTITRONIC SE","vehiclePriceEuro":31950,"vehicleYearOfManufacture":2010,"advertiserCounty":"Westmeath","isPSL":false,"privatePSL":false,"vehicleImageId":"6d0207f2-099c-43aa-af53-eacf2e93083c","imagecount":9,"advertiserName":"Michael Moore Athlone Audi Approved Plus","isTrade":true},{"advertId":"31913584370878430","vehicleMake":"Audi","vehicleModel":"A6","vehicleDerivative":"\"\"S-LINE AUTO-170BHP\"\"","vehiclePriceEuro":31950,"vehicleYearOfManufacture":2010,"advertiserCounty":"Louth","isPSL":false,"privatePSL":false,"vehicleImageId":"cb928185-ebd7-4002-b4e4-1f438e6d3053","imagecount":20,"advertiserName":"Liam Bowhan Motors","isTrade":true},{"advertId":"201201211707406","vehicleMake":"Audi","vehicleModel":"A6","vehicleDerivative":"2.0 TDI 136 4DR","vehiclePriceEuro":31000,"vehicleYearOfManufacture":2010,"advertiserCounty":"Donegal","isPSL":true,"privatePSL":false,"vehicleImageId":"14238176","imagecount":4,"isTrade":false},{"advertId":"31113579147074720","vehicleMake":"Audi","vehicleModel":"A6","vehicleDerivative":"2.0 TDI 136BHP S-Line MULTI","vehiclePriceEuro":30450,"vehicleYearOfManufacture":2010,"advertiserCounty":"Sligo","isPSL":false,"privatePSL":false,"vehicleImageId":"d37eaa5f-8a5a-4a88-8e57-39d9a9e30804","imagecount":14,"advertiserName":"Audi Sligo Audi Approved Plus","isTrade":true},{"advertId":"33213623280143380","vehicleMake":"Audi","vehicleModel":"A6","vehicleDerivative":"2.0 Tdi Le Mans 170 Multitronic","vehiclePriceEuro":29995,"vehicleYearOfManufacture":2010,"advertiserCounty":"Limerick","isPSL":true,"privatePSL":false,"vehicleImageId":"1face22a-21a5-4c78-a046-adb15b1503dd","imagecount":20,"advertiserName":"AutoXpress.ie","isTrade":true},{"advertId":"34413618976428780","vehicleMake":"Audi","vehicleModel":"A6","vehicleDerivative":"2.0 tdi S LINE Le Mans ","vehiclePriceEuro":29995,"vehicleYearOfManufacture":2010,"advertiserCounty":"Limerick","isPSL":true,"privatePSL":false,"vehicleImageId":"a554a447-5597-44fd-8650-8076103fe0f1","imagecount":19,"advertiserName":"AutoXpress.ie","isTrade":true},{"advertId":"201302211823800","vehicleMake":"Audi","vehicleModel":"A6","vehicleDerivative":"Special Edition (S Line)","vehiclePriceEuro":29995,"vehicleYearOfManufacture":2010,"advertiserCounty":"Mayo","isPSL":true,"privatePSL":false,"vehicleImageId":"13003739","imagecount":8,"isTrade":false},{"advertId":"31113579147089180","vehicleMake":"Audi","vehicleModel":"A6","vehicleDerivative":"2.0 TDI 136HP MULTITRONIC","vehiclePriceEuro":29950,"vehicleYearOfManufacture":2010,"advertiserCounty":"Sligo","isPSL":false,"privatePSL":false,"vehicleImageId":"4f3bc68a-8ce0-495d-9f55-7482f3693b22","imagecount":7,"advertiserName":"Audi Sligo Audi Approved Plus","isTrade":true},{"advertId":"32913612859468390","vehicleMake":"Audi","vehicleModel":"A6","vehicleDerivative":"2.0 TDI 136HP MULTITRONIC","vehiclePriceEuro":29950,"vehicleYearOfManufacture":2010,"advertiserCounty":"Longford","isPSL":false,"privatePSL":false,"vehicleImageId":"63eb642c-3b7e-49e3-af69-6eb514ce12df","imagecount":10,"advertiserName":"O Reilly and Sons","isTrade":true},{"advertId":"34013605917176330","vehicleMake":"Audi","vehicleModel":"A6","vehicleDerivative":"2.0 TDi S-LINE 134Bhp with SAT NAV/LEATHER","vehiclePriceEuro":29935,"vehicleYearOfManufacture":2010,"advertiserCounty":"Dublin","isPSL":true,"privatePSL":false,"vehicleImageId":"49ef079e-9261-4e31-896b-30a33f2b9c24","imagecount":4,"advertiserName":"Murphy & Gunn Hyundai","isTrade":true},{"advertId":"31713584886988600","vehicleMake":"Audi","vehicleModel":"A6","vehicleDerivative":"AUTO - FULL S-LINE - SAT NAV ETC","vehiclePriceEuro":29900,"vehicleYearOfManufacture":2010,"advertiserCounty":"Cork","isPSL":true,"privatePSL":false,"vehicleImageId":"e7349622-c552-4cea-9e40-52bd98ee624a","imagecount":9,"advertiserName":"Audi Cork Audi Approved Plus","isTrade":true},{"advertId":"33213618023869590","vehicleMake":"Audi","vehicleModel":"A6","vehicleDerivative":"2.0 TDI 136 SE - Audi North Dublin","vehiclePriceEuro":28995,"vehicleYearOfManufacture":2010,"advertiserCounty":"Dublin","isPSL":false,"privatePSL":false,"vehicleImageId":"9d7b60e6-f90f-48eb-a786-8eeb0dc3e96b","imagecount":3,"advertiserName":"Audi North Dublin Audi Approved Plus","isTrade":true},{"advertId":"33913606842917340","vehicleMake":"Audi","vehicleModel":"A6","vehicleDerivative":"2.0 TDIE SE AUTO // ONLY 19K MLS","vehiclePriceEuro":28995,"vehicleYearOfManufacture":2010,"advertiserCounty":"Kildare","isPSL":false,"privatePSL":false,"vehicleImageId":"83aa7b4d-23b1-4235-9732-c0817bac2b93","imagecount":15,"advertiserName":"Charlie Donnelly Cars","isTrade":true},{"advertId":"34313622274863240","vehicleMake":"Audi","vehicleModel":"A6","vehicleDerivative":"2.0 TDI 170 - Audi North Dublin","vehiclePriceEuro":28995,"vehicleYearOfManufacture":2010,"advertiserCounty":"Dublin","isPSL":false,"privatePSL":false,"vehicleImageId":"f9ffa641-ecb5-4541-9901-22cd9a930be4","imagecount":3,"advertiserName":"Audi North Dublin Audi Approved Plus","isTrade":true},{"advertId":"34213613615427240","vehicleMake":"Audi","vehicleModel":"A6","vehicleDerivative":"2.0TDi SE Avant 5DR","vehiclePriceEuro":28950,"vehicleYearOfManufacture":2010,"advertiserCounty":"Carlow","isPSL":false,"privatePSL":false,"imagecount":0,"advertiserName":"Sheehy Motors Carlow","isTrade":true},{"advertId":"7213385579377720","vehicleMake":"Audi","vehicleModel":"A6","vehicleDerivative":"2.0 TDIE SE Avant","vehiclePriceEuro":28950,"vehicleYearOfManufacture":2010,"advertiserCounty":"Kildare","isPSL":false,"privatePSL":false,"vehicleImageId":"5ea09980-03de-4097-9053-149626ddc523","imagecount":16,"advertiserName":"Charlie Donnelly Cars","isTrade":true},{"advertId":"32013579147087520","vehicleMake":"Audi","vehicleModel":"A6","vehicleDerivative":"2.0 TDI 170HP MULTITRONIC (S-Line)","vehiclePriceEuro":28950,"vehicleYearOfManufacture":2010,"advertiserCounty":"Sligo","isPSL":false,"privatePSL":false,"vehicleImageId":"9659548d-b038-4d22-a3dd-36a6d3b3eea1","imagecount":7,"advertiserName":"Audi Sligo Audi Approved Plus","isTrade":true},{"advertId":"33213620457095340","vehicleMake":"Audi","vehicleModel":"A6","vehicleDerivative":"2.0TDI 136BHP","vehiclePriceEuro":28950,"vehicleYearOfManufacture":2010,"advertiserCounty":"Kildare","isPSL":false,"privatePSL":false,"imagecount":0,"advertiserName":"Sheehy Motors Naas","isTrade":true},{"advertId":"34413620544236280","vehicleMake":"Audi","vehicleModel":"A6","vehicleDerivative":"2.0TDI 136BHP","vehiclePriceEuro":28950,"vehicleYearOfManufacture":2010,"advertiserCounty":"Kildare","isPSL":false,"privatePSL":false,"imagecount":0,"advertiserName":"Sheehy Motors Audi Approved Plus","isTrade":true},{"advertId":"32013590494465800","vehicleMake":"Audi","vehicleModel":"A6","vehicleDerivative":"2.0 TDIE SPORT LINE 134BHP 4DR","vehiclePriceEuro":28950,"vehicleYearOfManufacture":2010,"advertiserCounty":"Wicklow","isPSL":true,"privatePSL":false,"vehicleImageId":"b43640c0-8025-48b6-9287-e8ae345f7050","imagecount":9,"advertiserName":"Derek Burton Sales Ltd","isTrade":true},{"advertId":"34313621407727590","vehicleMake":"Audi","vehicleModel":"A6","vehicleDerivative":"2.0TDI 136BHP Only 21,000 Miles","vehiclePriceEuro":28950,"vehicleYearOfManufacture":2010,"advertiserCounty":"Westmeath","isPSL":false,"privatePSL":false,"vehicleImageId":"cdc4d0b2-390e-4fd1-9ed5-4d940cd20f2a","imagecount":4,"advertiserName":"Michael Moore Athlone Audi Approved Plus","isTrade":true},{"advertId":"34113607331891520","vehicleMake":"Audi","vehicleModel":"A6","vehicleDerivative":"2.0TDI - HIGH SPECIFICATION","vehiclePriceEuro":28900,"vehicleYearOfManufacture":2010,"advertiserCounty":"Cork","isPSL":true,"privatePSL":false,"vehicleImageId":"3f9c41d0-4e99-49b8-9ed0-390b6cb88c17","imagecount":3,"advertiserName":"Audi Cork Audi Approved Plus","isTrade":true},{"advertId":"34313612695184000","vehicleMake":"Audi","vehicleModel":"A6","vehicleDerivative":"Avant 2.0 TDI (AUTO)","vehiclePriceEuro":28900,"vehicleYearOfManufacture":2010,"advertiserCounty":"Cork","isPSL":true,"privatePSL":false,"vehicleImageId":"a275dfe3-4932-414a-acba-2c7c98bd242d","imagecount":6,"advertiserName":"Kearys Eastgate","isTrade":true},{"advertId":"31413579147149290","vehicleMake":"Audi","vehicleModel":"A6","vehicleDerivative":"Avant 2.0 TDI 136HP 6 SPEED (S-Line)","vehiclePriceEuro":28450,"vehicleYearOfManufacture":2010,"advertiserCounty":"Galway","isPSL":false,"privatePSL":false,"vehicleImageId":"c720a6b6-8154-4466-8c74-867eeb533ede","imagecount":9,"advertiserName":"Audi Galway Audi Approved Plus","isTrade":true}],"totalAdvertCount":45174}