{"adverts":[{"advertId":"32013504730305100","vehicleMake":"Opel","vehicleModel":"Mokka","vehicleDerivative":"SE 1.7CDTI 5DOOR ****CHOICE OF MOKKAS IN STOCK NOW IF YOU WANT ONE WE HAVE IT****","vehiclePriceEuro":27750,"vehicleYearOfManufacture":2013,"advertiserCounty":"Tipperary","isPSL":false,"privatePSL":false,"vehicleImageId":"f9f065c0-3c8c-486a-8177-8760bf2039d8","imagecount":10,"advertiserName":"Young's Garage (Roscrea) Ltd. (OPEL Main Dealer)","isTrade":true},{"advertId":"31513506423105920","vehicleMake":"Opel","vehicleModel":"Mokka","vehicleDerivative":"1.4 SE 4WD - FULL LEATHER","vehiclePriceEuro":27700,"vehicleYearOfManufacture":2013,"advertiserCounty":"Monaghan","isPSL":false,"privatePSL":false,"vehicleImageId":"4815123c-caf1-4d32-a5d3-c2e40e9589f1","imagecount":11,"advertiserName":"McChesney J and Sons Ltd","isTrade":true},{"advertId":"34013607682694910","vehicleMake":"Opel","vehicleModel":"Mokka","vehicleDerivative":"1.7 SC 6 speed AWD ","vehiclePriceEuro":26730,"vehicleYearOfManufacture":2013,"advertiserCounty":"Wicklow","isPSL":false,"privatePSL":false,"vehicleImageId":"1ef9a4b0-bcdc-4c20-a078-6585ab03c576","imagecount":17,"advertiserName":"John Linnane Motors","isTrade":true},{"advertId":"31813548844611940","vehicleMake":"Opel","vehicleModel":"Mokka","vehicleDerivative":"Mokka SE 1.6i 5Dr JoeDuffy.ie ***5 Year Warranty***","vehiclePriceEuro":25730,"vehicleYearOfManufacture":2013,"advertiserCounty":"Dublin","isPSL":true,"privatePSL":false,"vehicleImageId":"f81e8d1b-cd3b-41ab-bdb3-9cf25dab6ed2","imagecount":11,"advertiserName":"Joe Duffy (Opel & Mazda)","isTrade":true},{"advertId":"31913576320308670","vehicleMake":"Opel","vehicleModel":"Mokka","vehicleDerivative":"SC 1.7CDTi 130 PS -","vehiclePriceEuro":25685,"vehicleYearOfManufacture":2013,"advertiserCounty":"Dublin","isPSL":false,"privatePSL":false,"vehicleImageId":"87a26138-3562-443b-8b89-a9a17d124716","imagecount":7,"advertiserName":"Airside Opel","isTrade":true},{"advertId":"31913542930395520","vehicleMake":"Opel","vehicleModel":"Mokka","vehicleDerivative":"1.7","vehiclePriceEuro":25395,"vehicleYearOfManufacture":2013,"advertiserCounty":"Donegal","isPSL":false,"privatePSL":false,"vehicleImageId":"8b11074d-6984-43a2-99fa-c32f27987c84","imagecount":9,"advertiserName":"Herron Auto","isTrade":true},{"advertId":"34413615814086770","vehicleMake":"Opel","vehicleModel":"Mokka","vehicleDerivative":"Mokka sc 1.7 cdti","vehiclePriceEuro":25380,"vehicleYearOfManufacture":2013,"advertiserCounty":"Kilkenny","isPSL":true,"privatePSL":false,"vehicleImageId":"b3e38811-7c52-411d-ab14-f09a76937b97","imagecount":1,"advertiserName":"Barlo Kilkenny (Nissan & Opel)","isTrade":true},{"advertId":"34013600840568680","vehicleMake":"Opel","vehicleModel":"Mokka","vehicleDerivative":"NEW OPEL MOKKA SC 1.7CDTI READY FOR FEB DELIVERY","vehiclePriceEuro":25380,"vehicleYearOfManufacture":2013,"advertiserCounty":"Kilkenny","isPSL":true,"privatePSL":false,"vehicleImageId":"a60a90f3-3fa6-48c5-9659-8d2c524ed6ee","imagecount":2,"advertiserName":"Barlo Kilkenny (Nissan & Opel)","isTrade":true},{"advertId":"33213619908514760","vehicleMake":"Opel","vehicleModel":"Mokka","vehicleDerivative":"SC 1.7 CDTI 4DR","vehiclePriceEuro":25295,"vehicleYearOfManufacture":2013,"advertiserCounty":"Kildare","isPSL":false,"privatePSL":false,"vehicleImageId":"0cbaea23-89b7-4027-b547-5b4599e6d9d8","imagecount":15,"advertiserName":"Fitzpatrick's Garage Naas Opel","isTrade":true},{"advertId":"32013588458812820","vehicleMake":"Opel","vehicleModel":"Mokka","vehicleDerivative":"1.7 5-Dr Diesel SC Model","vehiclePriceEuro":25294,"vehicleYearOfManufacture":2013,"advertiserCounty":"Waterford","isPSL":true,"privatePSL":false,"vehicleImageId":"2fab1a74-2e38-4cc3-be34-67e646309e79","imagecount":5,"advertiserName":"John Kelly Waterford","isTrade":true},{"advertId":"34213601534248020","vehicleMake":"Opel","vehicleModel":"Mokka","vehicleDerivative":"Opel Mokka SC","vehiclePriceEuro":24850,"vehicleYearOfManufacture":2013,"advertiserCounty":"Galway","isPSL":false,"privatePSL":false,"vehicleImageId":"efcf6b62-daa6-4238-9b65-c01cb2e44777","imagecount":11,"advertiserName":"Tom Doyle Motors Ltd","isTrade":true},{"advertId":"32113536938873540","vehicleMake":"Opel","vehicleModel":"Mokka","vehicleDerivative":"Mokka SC 1.7CDTI JoeDuffy.ie **5 YEAR WARRANTY**","vehiclePriceEuro":24595,"vehicleYearOfManufacture":2013,"advertiserCounty":"Dublin","isPSL":true,"privatePSL":false,"vehicleImageId":"4a34ad30-6762-4c40-9ed0-9fe00deed9f8","imagecount":6,"advertiserName":"Joe Duffy (Opel & Mazda)","isTrade":true},{"advertId":"34213608902463380","vehicleMake":"Opel","vehicleModel":"Mokka","vehicleDerivative":"SC 1.7 cdti","vehiclePriceEuro":24000,"vehicleYearOfManufacture":2013,"advertiserCounty":"Kilkenny","isPSL":true,"privatePSL":false,"vehicleImageId":"261d9750-4100-4354-9955-deadead4a14a","imagecount":5,"advertiserName":"Barlo Kilkenny (Nissan & Opel)","isTrade":true},{"advertId":"31713578302550140","vehicleMake":"Opel","vehicleModel":"Mokka","vehicleDerivative":"1.6 SC","vehiclePriceEuro":23450,"vehicleYearOfManufacture":2013,"advertiserCounty":"Cork","isPSL":true,"privatePSL":false,"vehicleImageId":"294c222a-ae53-4350-908a-0ec0a9021b39","imagecount":7,"advertiserName":"Greenhall Motors","isTrade":true},{"advertId":"31813555005741950","vehicleMake":"Opel","vehicleModel":"Mokka","vehicleDerivative":"Mokka 1.6 Stop/Start 5Dr","vehiclePriceEuro":23230,"vehicleYearOfManufacture":2013,"advertiserCounty":"Dublin","isPSL":true,"privatePSL":false,"vehicleImageId":"ac20ec72-abbd-4e74-acb4-11367e6c8654","imagecount":15,"advertiserName":"Joe Duffy (Opel & Mazda)","isTrade":true},{"advertId":"31813578994125240","vehicleMake":"Opel","vehicleModel":"Mokka","vehicleDerivative":"SC 1.6 - 3/4/5 Year Finance Available","vehiclePriceEuro":23230,"vehicleYearOfManufacture":2013,"advertiserCounty":"Dublin","isPSL":false,"privatePSL":false,"vehicleImageId":"cbac78b6-ecf4-49ea-ab29-04c28721350c","imagecount":9,"advertiserName":"Liffey Valley Opel","isTrade":true},{"advertId":"30813539354780360","vehicleMake":"Opel","vehicleModel":"Mokka","vehicleDerivative":"1.6 S 5dr","vehiclePriceEuro":20695,"vehicleYearOfManufacture":2013,"advertiserCounty":"Dublin","isPSL":true,"privatePSL":false,"vehicleImageId":"d46f2be9-8a3b-43fe-b3ec-f8979ca26d66","imagecount":14,"advertiserName":"Gowan Motors Navan Road","isTrade":true},{"advertId":"31113588441913750","vehicleMake":"Opel","vehicleModel":"Mokka","vehicleDerivative":"S, SC, SE  5door  SUV","vehiclePriceEuro":20695,"vehicleYearOfManufacture":2013,"advertiserCounty":"Dublin","isPSL":false,"privatePSL":false,"vehicleImageId":"1674c491-4298-4a43-9c90-4ae4e8421b44","imagecount":4,"advertiserName":"Sandyford Motor Centre (Main Opel & Mazda Dealer)","isTrade":true},{"advertId":"31513517082717250","vehicleMake":"Opel","vehicleModel":"Mokka","vehicleDerivative":"1.6 SUV VARIOUS OPTIONS AVAILABLE DIESEL FROM €23,995 AND PETROL FROM ","vehiclePriceEuro":19995,"vehicleYearOfManufacture":2013,"advertiserCounty":"Dublin","isPSL":true,"privatePSL":false,"vehicleImageId":"c0392bea-0ba2-4c68-b1ca-041904ce42d4","imagecount":6,"advertiserName":"Kenilworth Motors","isTrade":true},{"advertId":"31813546352159010","vehicleMake":"Opel","vehicleModel":"Mokka","vehicleDerivative":"SC 1.7 CDTI 4DR","vehiclePriceEuro":0,"vehicleYearOfManufacture":2013,"advertiserCounty":"Wexford","isPSL":false,"privatePSL":false,"vehicleImageId":"27bda172-c82c-410a-be73-2342d8276700","imagecount":6,"advertiserName":"Ferrybank Motors","isTrade":true},{"advertId":"32913606662739380","vehicleMake":"Opel","vehicleModel":"Mokka","vehicleDerivative":"SC 1.7 CDTI 4DR","vehiclePriceEuro":0,"vehicleYearOfManufacture":2013,"advertiserCounty":"Tipperary","isPSL":true,"privatePSL":false,"vehicleImageId":"3a6e1b8d-aca7-4739-95b0-07a9a9fe1363","imagecount":11,"advertiserName":"Kevin O'Leary Group Clonmel","isTrade":true},{"advertId":"33213598054094490","vehicleMake":"Opel","vehicleModel":"Mokka","vehicleDerivative":"1.7 SC","vehiclePriceEuro":0,"vehicleYearOfManufacture":2013,"advertiserCounty":"Cork","isPSL":true,"privatePSL":false,"vehicleImageId":"156b7a74-81a8-48ff-8ac7-896c3030f437","imagecount":10,"advertiserName":"Greenhall Motors","isTrade":true},{"advertId":"30813519577071700","vehicleMake":"Opel","vehicleModel":"Mokka","vehicleDerivative":"SC 1.7 CDTi 130","vehiclePriceEuro":0,"vehicleYearOfManufacture":2013,"advertiserCounty":"Donegal","isPSL":false,"privatePSL":false,"vehicleImageId":"faab844f-c344-4807-9fe7-aca01f78944e","imagecount":9,"advertiserName":"Herron Auto","isTrade":true},{"advertId":"31513583305854350","vehicleMake":"Opel","vehicleModel":"Mokka","vehicleDerivative":"1.7 ","vehiclePriceEuro":0,"vehicleYearOfManufacture":2013,"advertiserCounty":"Donegal","isPSL":false,"privatePSL":false,"vehicleImageId":"34f9523f-c1c4-47db-bafc-959e458d83ab","imagecount":9,"advertiserName":"Herron Auto","isTrade":true},{"advertId":"32013542922733030","vehicleMake":"Opel","vehicleModel":"Mokka","vehicleDerivative":"1.6 ","vehiclePriceEuro":0,"vehicleYearOfManufacture":2013,"advertiserCounty":"Donegal","isPSL":false,"privatePSL":false,"vehicleImageId":"b1151414-b535-41b3-b313-ccf3b268784d","imagecount":9,"advertiserName":"Herron Auto","isTrade":true},{"advertId":"31913500334859730","vehicleMake":"Opel","vehicleModel":"Mokka","vehicleDerivative":"SC 1.7 CDTI 130 BHP 5 DR SUV ","vehiclePriceEuro":0,"vehicleYearOfManufacture":2013,"advertiserCounty":"Cork","isPSL":true,"privatePSL":false,"vehicleImageId":"b04b4fbd-0e9c-4aa1-8978-ae9ffd12f299","imagecount":8,"advertiserName":"Johnson & Perrott Motor Group (Douglas Road)","isTrade":true},{"advertId":"30813497728211710","vehicleMake":"Opel","vehicleModel":"Mokka","vehicleDerivative":"**NOW AVAILABLE FOR TEST DRIVE AT KEVIN O'LEARY SILVERSPRINGS**","vehiclePriceEuro":0,"vehicleYearOfManufacture":2013,"advertiserCounty":"Cork","isPSL":true,"privatePSL":false,"vehicleImageId":"670a3097-f0a5-42a9-9b40-86bdf22f047b","imagecount":12,"advertiserName":"Kevin O'Leary Group Silversprings","isTrade":true},{"advertId":"32013589349357990","vehicleMake":"Opel","vehicleModel":"Mokka","vehicleDerivative":"SC 1.7CDTI","vehiclePriceEuro":0,"vehicleYearOfManufacture":2013,"advertiserCounty":"Wexford","isPSL":false,"privatePSL":false,"vehicleImageId":"cde8b316-9c6d-4d8c-9dd9-5872070baa49","imagecount":6,"advertiserName":"Ferrybank Motors","isTrade":true},{"advertId":"32013589347773230","vehicleMake":"Opel","vehicleModel":"Mokka","vehicleDerivative":"SC 1.7CDTI","vehiclePriceEuro":0,"vehicleYearOfManufacture":2013,"advertiserCounty":"Wexford","isPSL":false,"privatePSL":false,"vehicleImageId":"a7112678-18a4-4fba-88ef-59d1915105e0","imagecount":6,"advertiserName":"Ferrybank Motors","isTrade":true},{"advertId":"31513589345889000","vehicleMake":"Opel","vehicleModel":"Mokka","vehicleDerivative":"SC 1.7CDTI ","vehiclePriceEuro":0,"vehicleYearOfManufacture":2013,"advertiserCounty":"Wexford","isPSL":false,"privatePSL":false,"vehicleImageId":"cdb2e084-b466-4ea4-88d1-8819e334d119","imagecount":7,"advertiserName":"Ferrybank Motors","isTrade":true},{"advertId":"31413542093196830","vehicleMake":"Opel","vehicleModel":"Mokka","vehicleDerivative":" SC 1.7CDTi ***In Stock***","vehiclePriceEuro":0,"vehicleYearOfManufacture":2013,"advertiserCounty":"Limerick","isPSL":false,"privatePSL":false,"vehicleImageId":"c806ea8d-ded2-493c-a38f-c591d825a85c","imagecount":20,"advertiserName":"Hinchy's Garage","isTrade":true},{"advertId":"33413606237171910","vehicleMake":"Opel","vehicleModel":"Mokka","vehicleDerivative":"SE 1.7 CDTi","vehiclePriceEuro":0,"vehicleYearOfManufacture":2013,"advertiserCounty":"Kilkenny","isPSL":false,"privatePSL":false,"vehicleImageId":"46d12d3a-4305-4d8d-baed-71fa3c682d46","imagecount":6,"advertiserName":"Young Motors","isTrade":true},{"advertId":"31513561845525730","vehicleMake":"Opel","vehicleModel":"Mokka","vehicleDerivative":"THE ALL NEW SUV FROM OPEL!","vehiclePriceEuro":0,"vehicleYearOfManufacture":2013,"advertiserCounty":"Westmeath","isPSL":false,"privatePSL":false,"vehicleImageId":"4e6ef4d1-dfed-4236-9a1c-1fd7b6e67a1a","imagecount":9,"advertiserName":"Mullingar Nissan & Opel","isTrade":true},{"advertId":"31913576320317900","vehicleMake":"Opel","vehicleModel":"Mokka","vehicleDerivative":"From €19,995","vehiclePriceEuro":0,"vehicleYearOfManufacture":2013,"advertiserCounty":"Dublin","isPSL":false,"privatePSL":false,"vehicleImageId":"6283e8fd-39df-4731-805f-d086a003a30b","imagecount":1,"advertiserName":"Liffey Valley Opel","isTrade":true},{"advertId":"33213614812389500","vehicleMake":"Opel","vehicleModel":"Mokka","vehicleDerivative":"SC 1.6 Petrol Start / Stop ","vehiclePriceEuro":0,"vehicleYearOfManufacture":2012,"advertiserCounty":"Leitrim","isPSL":false,"privatePSL":false,"vehicleImageId":"d78abd5c-9afd-43f1-895e-c4c18869c0ef","imagecount":1,"advertiserName":"Central Motors","isTrade":true},{"advertId":"713236798904590","vehicleMake":"Opel","vehicleModel":"Nova","vehicleDerivative":"L2 H2","vehiclePriceEuro":0,"vehicleYearOfManufacture":2013,"advertiserCounty":"Wexford","isPSL":false,"privatePSL":false,"vehicleImageId":"451da79c-a1bd-4d4f-924d-bfe2e3fc47d5","imagecount":8,"advertiserName":"Ferrybank Motors","isTrade":true},{"advertId":"413267051380640","vehicleMake":"Opel","vehicleModel":"Nova","vehicleDerivative":"2.3 CDTi MWB Hi-Roof","vehiclePriceEuro":0,"vehicleYearOfManufacture":2013,"advertiserCounty":"Limerick","isPSL":false,"privatePSL":false,"vehicleImageId":"bdc8eb5b-7890-4cd6-81b5-a37a2e48287d","imagecount":19,"advertiserName":"Hinchy's Garage","isTrade":true},{"advertId":"2313285271260760","vehicleMake":"Opel","vehicleModel":"Nova","vehicleDerivative":"2.3 L2H2 100Bhp","vehiclePriceEuro":16994,"vehicleYearOfManufacture":2012,"advertiserCounty":"Waterford","isPSL":true,"privatePSL":false,"vehicleImageId":"d61d34eb-e269-4312-a5f4-2af3b8f174bc","imagecount":10,"advertiserName":"John Kelly Waterford","isTrade":true},{"advertId":"713236798827940","vehicleMake":"Opel","vehicleModel":"Nova","vehicleDerivative":"MWB HI ROOF DEMO VAN","vehiclePriceEuro":21950,"vehicleYearOfManufacture":2011,"advertiserCounty":"Wexford","isPSL":false,"privatePSL":false,"vehicleImageId":"e6983092-eeae-41a2-b63a-a5586f557435","imagecount":7,"advertiserName":"Ferrybank Motors","isTrade":true},{"advertId":"18413410542574780","vehicleMake":"Opel","vehicleModel":"Nova","vehicleDerivative":"2.3 125BHP LWB  L4H2","vehiclePriceEuro":17750,"vehicleYearOfManufacture":2011,"advertiserCounty":"Tipperary","isPSL":false,"privatePSL":false,"vehicleImageId":"27ad5724-4808-4d66-b2ba-35c7082b049d","imagecount":8,"advertiserName":"Young's Garage (Roscrea) Ltd. (OPEL Main Dealer)","isTrade":true},{"advertId":"34113620333618860","vehicleMake":"Opel","vehicleModel":"Nova","vehicleDerivative":"3500 LWB HR 2.5cdti 120PS 5DR MANUAL","vehiclePriceEuro":0,"vehicleYearOfManufacture":2008,"advertiserCounty":"Kildare","isPSL":false,"privatePSL":false,"imagecount":0,"advertiserName":"Merlin Car Auctions","isTrade":true},{"advertId":"29813487467191310","vehicleMake":"Opel","vehicleModel":"Omega","vehicleDerivative":"2.2DTI Elegance ***Opel Dealer***","vehiclePriceEuro":3500,"vehicleYearOfManufacture":2003,"advertiserCounty":"Limerick","isPSL":false,"privatePSL":false,"vehicleImageId":"ec7632e8-55d2-4a67-b4e2-0fd8088aa325","imagecount":9,"advertiserName":"Hinchy's Garage","isTrade":true},{"advertId":"201246210990106","vehicleMake":"Opel","vehicleModel":"Omega","vehicleDerivative":"CD 04DR A","vehiclePriceEuro":3750,"vehicleYearOfManufacture":2002,"advertiserCounty":"Dublin","isPSL":true,"privatePSL":false,"vehicleImageId":"14142534","imagecount":9,"isTrade":false},{"advertId":"201246210973537","vehicleMake":"Opel","vehicleModel":"Omega","vehicleDerivative":"2.2 ELEGANCE","vehiclePriceEuro":2745,"vehicleYearOfManufacture":2002,"advertiserCounty":"Kerry","isPSL":true,"privatePSL":false,"vehicleImageId":"13742918","imagecount":9,"isTrade":false},{"advertId":"201247211059313","vehicleMake":"Opel","vehicleModel":"Omega","vehicleDerivative":"ELEGANCE Y 2.2 DTH","vehiclePriceEuro":2500,"vehicleYearOfManufacture":2002,"advertiserCounty":"Galway","isPSL":true,"privatePSL":false,"vehicleImageId":"11138364","imagecount":3,"isTrade":false},{"advertId":"201306212340681","vehicleMake":"Opel","vehicleModel":"Signum","vehicleDerivative":"ELEGANCE 5DR","vehiclePriceEuro":3000,"vehicleYearOfManufacture":2005,"advertiserCounty":"Dublin","isPSL":true,"privatePSL":false,"vehicleImageId":"13992368","imagecount":9,"isTrade":false},{"advertId":"201247211058365","vehicleMake":"Opel","vehicleModel":"Signum","vehicleDerivative":"SIGNUM ELEGANCE 5DR","vehiclePriceEuro":2500,"vehicleYearOfManufacture":2003,"advertiserCounty":"Dublin","isPSL":true,"privatePSL":false,"vehicleImageId":"14152035","imagecount":9,"isTrade":false},{"advertId":"413267052185800","vehicleMake":"Opel","vehicleModel":"Tigra","vehicleDerivative":"1.4 ***As New -Low Km's***","vehiclePriceEuro":13800,"vehicleYearOfManufacture":2011,"advertiserCounty":"Limerick","isPSL":false,"privatePSL":false,"vehicleImageId":"ddc59617-2c85-4f5a-ab00-cb9f77a20137","imagecount":9,"advertiserName":"Hinchy's Garage","isTrade":true},{"advertId":"201309212649626","vehicleMake":"Opel","vehicleModel":"Tigra","vehicleDerivative":"1.4 16V SPORT 2DR I","vehiclePriceEuro":12500,"vehicleYearOfManufacture":2011,"advertiserCounty":"Donegal","isPSL":true,"privatePSL":false,"vehicleImageId":"14370579","imagecount":9,"isTrade":false},{"advertId":"34213611917321230","vehicleMake":"Opel","vehicleModel":"Tigra","vehicleDerivative":"SPORT 1.4 16V 2DR I","vehiclePriceEuro":0,"vehicleYearOfManufacture":2010,"advertiserCounty":"Galway","isPSL":false,"privatePSL":false,"vehicleImageId":"7a4b9088-aa80-445e-a377-b8ed49c8a287","imagecount":7,"advertiserName":"Tom Doyle Motors Ltd","isTrade":true},{"advertId":"31913513460323840","vehicleMake":"Opel","vehicleModel":"Tigra","vehicleDerivative":"1.4 cabrio SPORT 2DR I","vehiclePriceEuro":10750,"vehicleYearOfManufacture":2009,"advertiserCounty":"Dublin","isPSL":false,"privatePSL":false,"vehicleImageId":"6cd64dac-8373-477c-92c5-fc5b2669cca7","imagecount":2,"advertiserName":"Alan Dorgan Motors","isTrade":true},{"advertId":"201245210926612","vehicleMake":"Opel","vehicleModel":"Tigra","vehicleDerivative":"1.4 16V SPORT 2DR","vehiclePriceEuro":10750,"vehicleYearOfManufacture":2008,"advertiserCounty":"Meath","isPSL":true,"privatePSL":false,"vehicleImageId":"14127912","imagecount":6,"isTrade":false},{"advertId":"33413601523817930","vehicleMake":"Opel","vehicleModel":"Tigra","vehicleDerivative":"SPORT 1.4 16V 2DR","vehiclePriceEuro":7950,"vehicleYearOfManufacture":2008,"advertiserCounty":"Kerry","isPSL":true,"privatePSL":false,"vehicleImageId":"6d3a9650-6509-4c4b-b91e-cb7388793d0e","imagecount":6,"advertiserName":"Billy Naughton Ltd","isTrade":true},{"advertId":"201250211384022","vehicleMake":"Opel","vehicleModel":"Tigra","vehicleDerivative":"SPORT 1.4 16V 2DR","vehiclePriceEuro":7950,"vehicleYearOfManufacture":2007,"advertiserCounty":"Dublin","isPSL":true,"privatePSL":false,"vehicleImageId":"13817275","imagecount":6,"isTrade":false},{"advertId":"5713319126880390","vehicleMake":"Opel","vehicleModel":"Tigra","vehicleDerivative":"ENJOY 1.4 I 2DR 16V","vehiclePriceEuro":6950,"vehicleYearOfManufacture":2007,"advertiserCounty":"Cork","isPSL":true,"privatePSL":false,"vehicleImageId":"af3d5d72-d58f-416b-ba58-df97e4158a22","imagecount":14,"advertiserName":"Cork Auto Sales","isTrade":true},{"advertId":"201305212204880","vehicleMake":"Opel","vehicleModel":"Tigra","vehicleDerivative":"ENJOY 1.4 16V 2DR","vehiclePriceEuro":8000,"vehicleYearOfManufacture":2006,"advertiserCounty":"Dublin","isPSL":true,"privatePSL":false,"vehicleImageId":"14301913","imagecount":7,"isTrade":false},{"advertId":"201242210599192","vehicleMake":"Opel","vehicleModel":"Tigra","vehicleDerivative":"ENJOY 1.4 16V 2DR","vehiclePriceEuro":5750,"vehicleYearOfManufacture":2006,"advertiserCounty":"Cork","isPSL":true,"privatePSL":false,"vehicleImageId":"14065744","imagecount":5,"isTrade":false},{"advertId":"201249211311585","vehicleMake":"Opel","vehicleModel":"Tigra","vehicleDerivative":"ENJOY 1.4 16V 2DR","vehiclePriceEuro":4995,"vehicleYearOfManufacture":2006,"advertiserCounty":"Dublin","isPSL":true,"privatePSL":false,"vehicleImageId":"14193558","imagecount":1,"isTrade":false},{"advertId":"4913293180330940","vehicleMake":"Opel","vehicleModel":"Tigra","vehicleDerivative":"ENJOY 1.4 16V CABRIOLET","vehiclePriceEuro":4950,"vehicleYearOfManufacture":2006,"advertiserCounty":"Dublin","isPSL":false,"privatePSL":false,"vehicleImageId":"4441c743-2f2d-4afd-8115-3700c9299afe","imagecount":7,"advertiserName":"Burke & Sons Motor Co","isTrade":true},{"advertId":"201242210511431","vehicleMake":"Opel","vehicleModel":"Tigra","vehicleDerivative":"ENJOY 1.4 16V 2DR","vehiclePriceEuro":7995,"vehicleYearOfManufacture":2005,"advertiserCounty":"Cavan","isPSL":true,"privatePSL":false,"vehicleImageId":"14049049","imagecount":9,"isTrade":false},{"advertId":"201307212457223","vehicleMake":"Opel","vehicleModel":"Tigra","vehicleDerivative":"SPORT 1.4 16V 2DR","vehiclePriceEuro":5800,"vehicleYearOfManufacture":2005,"advertiserCounty":"Wicklow","isPSL":true,"privatePSL":false,"vehicleImageId":"13999316","imagecount":4,"isTrade":false},{"advertId":"213219528920620","vehicleMake":"Opel","vehicleModel":"Tigra","vehicleDerivative":"Convertible Enjoy 1.4 16V 2dr","vehiclePriceEuro":5795,"vehicleYearOfManufacture":2005,"advertiserCounty":"Tipperary","isPSL":false,"privatePSL":false,"vehicleImageId":"a450ee5c-e4d5-42e9-9a09-0c5bff665dcc","imagecount":9,"advertiserName":"Autopower Limited","isTrade":true},{"advertId":"201247211059385","vehicleMake":"Opel","vehicleModel":"Tigra","vehicleDerivative":"SPORT 1.4 16V 2DR","vehiclePriceEuro":4995,"vehicleYearOfManufacture":2005,"advertiserCounty":"Dublin","isPSL":true,"privatePSL":false,"vehicleImageId":"13753525","imagecount":5,"isTrade":false},{"advertId":"31413582493626250","vehicleMake":"Opel","vehicleModel":"Tigra","vehicleDerivative":"SPORT 1.4 16V 2DR","vehiclePriceEuro":4950,"vehicleYearOfManufacture":2005,"advertiserCounty":"Dublin","isPSL":false,"privatePSL":false,"vehicleImageId":"6f5319de-d072-43ad-93cc-387ba670ee7f","imagecount":10,"advertiserName":"Kelly's Garage Limited","isTrade":true},{"advertId":"201250211447969","vehicleMake":"Opel","vehicleModel":"Tigra","vehicleDerivative":"ENJOY 1.4 16V 2DR","vehiclePriceEuro":4700,"vehicleYearOfManufacture":2005,"advertiserCounty":"Dublin","isPSL":true,"privatePSL":false,"vehicleImageId":"13834565","imagecount":1,"isTrade":false},{"advertId":"5913345928938450","vehicleMake":"Opel","vehicleModel":"Tigra","vehicleDerivative":"SPORT 1.4 16V 2DR","vehiclePriceEuro":4535,"vehicleYearOfManufacture":2005,"advertiserCounty":"Dublin","isPSL":false,"privatePSL":false,"vehicleImageId":"c2e1c291-344c-474d-acab-967670b8494c","imagecount":9,"advertiserName":"Frank Harte Motors","isTrade":true},{"advertId":"201309212698695","vehicleMake":"Opel","vehicleModel":"Tigra","vehicleDerivative":"ENJOY 1.4 16V 2DR","vehiclePriceEuro":4500,"vehicleYearOfManufacture":2005,"advertiserCounty":"Dublin","isPSL":true,"privatePSL":false,"vehicleImageId":"14378369","imagecount":2,"isTrade":false},{"advertId":"413270473820050","vehicleMake":"Opel","vehicleModel":"Tigra","vehicleDerivative":"ENJOY 1.4 16V 2DR","vehiclePriceEuro":4400,"vehicleYearOfManufacture":2005,"advertiserCounty":"Sligo","isPSL":false,"privatePSL":false,"vehicleImageId":"2febffd7-798a-4f59-87d0-c77d19b3d47b","imagecount":9,"advertiserName":"Currid Motors","isTrade":true},{"advertId":"201305212250754","vehicleMake":"Opel","vehicleModel":"Tigra","vehicleDerivative":"SPORT 1.4 16V 2DR","vehiclePriceEuro":4300,"vehicleYearOfManufacture":2005,"advertiserCounty":"Tipperary","isPSL":true,"privatePSL":false,"vehicleImageId":"13958206","imagecount":9,"isTrade":false},{"advertId":"201242210511417","vehicleMake":"Opel","vehicleModel":"Tigra","vehicleDerivative":"SPORT 1.4 16V 2DR","vehiclePriceEuro":4200,"vehicleYearOfManufacture":2005,"advertiserCounty":"Dublin","isPSL":true,"privatePSL":false,"vehicleImageId":"14048924","imagecount":4,"isTrade":false},{"advertId":"201302211823961","vehicleMake":"Opel","vehicleModel":"Tigra","vehicleDerivative":"ENJOY 1.4 16V 2DR","vehiclePriceEuro":2850,"vehicleYearOfManufacture":2005,"advertiserCounty":"Meath","isPSL":true,"privatePSL":false,"vehicleImageId":"14247682","imagecount":6,"isTrade":false},{"advertId":"29813455593116320","vehicleMake":"Opel","vehicleModel":"Tigra","vehicleDerivative":"1389cc","vehiclePriceEuro":1750,"vehicleYearOfManufacture":2000,"advertiserCounty":"Dublin","isPSL":false,"privatePSL":false,"vehicleImageId":"d7f7823f-5aa2-4092-b8ce-e96d959614c1","imagecount":2,"advertiserName":"Fonthill Car Sales","isTrade":true},{"advertId":"713232470875730","vehicleMake":"Opel","vehicleModel":"Tigra","vehicleDerivative":"COUPE X1.4 XE 16V","vehiclePriceEuro":1495,"vehicleYearOfManufacture":2000,"advertiserCounty":"Waterford","isPSL":false,"privatePSL":false,"vehicleImageId":"411ae0cc-09b5-45fe-b348-e8c772405594","imagecount":5,"advertiserName":"Castletown Carsales","isTrade":true},{"advertId":"201302211824162","vehicleMake":"Opel","vehicleModel":"Tigra","vehicleDerivative":"X1.4XE 16V","vehiclePriceEuro":1400,"vehicleYearOfManufacture":1999,"advertiserCounty":"Cork","isPSL":true,"privatePSL":false,"vehicleImageId":"13890181","imagecount":8,"isTrade":false},{"advertId":"201306212340822","vehicleMake":"Opel","vehicleModel":"Tigra","vehicleDerivative":"X1.4XE 16V","vehiclePriceEuro":1200,"vehicleYearOfManufacture":1999,"advertiserCounty":"Kildare","isPSL":true,"privatePSL":false,"vehicleImageId":"13987966","imagecount":9,"isTrade":false},{"advertId":"32113511813635790","vehicleMake":"Opel","vehicleModel":"Tigra","vehicleDerivative":"X1.4XE","vehiclePriceEuro":1325,"vehicleYearOfManufacture":1998,"advertiserCounty":"Cork","isPSL":false,"privatePSL":false,"vehicleImageId":"7bb57981-b151-4b00-8d8e-b3fa0a2104c8","imagecount":9,"advertiserName":"Cronin Autos","isTrade":true},{"advertId":"201251211515897","vehicleMake":"Opel","vehicleModel":"Tigra","vehiclePriceEuro":1250,"vehicleYearOfManufacture":1998,"advertiserCounty":"Dublin","isPSL":true,"privatePSL":false,"vehicleImageId":"11295916","imagecount":5,"isTrade":false},{"advertId":"33213602445651740","vehicleMake":"Opel","vehicleModel":"Tigra","vehicleDerivative":"X1.4XE","vehiclePriceEuro":850,"vehicleYearOfManufacture":1998,"advertiserCounty":"Cork","isPSL":false,"privatePSL":false,"vehicleImageId":"b758731e-e246-4282-9c0c-f20e9ee1546f","imagecount":11,"advertiserName":"Airport Road Car Sales","isTrade":true},{"advertId":"201308212577717","vehicleMake":"Opel","vehicleModel":"Tigra","vehicleDerivative":"X1.4XE","vehiclePriceEuro":700,"vehicleYearOfManufacture":1997,"advertiserCounty":"Clare","isPSL":true,"privatePSL":false,"vehicleImageId":"14360745","imagecount":3,"isTrade":false},{"advertId":"33913600708758840","vehicleMake":"Opel","vehicleModel":"Vectra","vehicleDerivative":"Club 1.6","vehiclePriceEuro":13495,"vehicleYearOfManufacture":2010,"advertiserCounty":"Dublin","isPSL":false,"privatePSL":false,"vehicleImageId":"4eb6cc86-c7d6-48ee-82cd-87a64d80a003","imagecount":9,"advertiserName":"Liffey Valley Opel","isTrade":true},{"advertId":"33213597561322950","vehicleMake":"Opel","vehicleModel":"Vectra","vehicleDerivative":"1.9CDTI EXCLUSIVE 5DOOR","vehiclePriceEuro":12500,"vehicleYearOfManufacture":2009,"advertiserCounty":"Monaghan","isPSL":false,"privatePSL":false,"vehicleImageId":"15f85049-14b2-4845-b045-4baf3f321566","imagecount":10,"advertiserName":"McChesney J and Sons Ltd","isTrade":true},{"advertId":"33413609779635390","vehicleMake":"Opel","vehicleModel":"Vectra","vehicleDerivative":"Club 1.6 5dr  - From €39.99pw","vehiclePriceEuro":11995,"vehicleYearOfManufacture":2009,"advertiserCounty":"Dublin","isPSL":false,"privatePSL":false,"vehicleImageId":"5bb5635e-7d66-4475-93b3-af246d04a3d0","imagecount":7,"advertiserName":"Liffey Valley Opel","isTrade":true},{"advertId":"34313621524291200","vehicleMake":"Opel","vehicleModel":"Vectra","vehicleDerivative":"CLUB 1.6 I 16V 4DR","vehiclePriceEuro":9595,"vehicleYearOfManufacture":2009,"advertiserCounty":"Waterford","isPSL":true,"privatePSL":false,"vehicleImageId":"1f09e5b2-8824-4a36-bfbd-af3ea3fcda43","imagecount":9,"advertiserName":"John Kelly Waterford","isTrade":true},{"advertId":"201309212649675","vehicleMake":"Opel","vehicleModel":"Vectra","vehicleDerivative":"CLUB 1.6 I 16V 5 DR","vehiclePriceEuro":9000,"vehicleYearOfManufacture":2009,"advertiserCounty":"Cork","isPSL":true,"privatePSL":false,"imagecount":0,"isTrade":false},{"advertId":"713261856894410","vehicleMake":"Opel","vehicleModel":"Vectra","vehicleDerivative":"CLUB registered march 09","vehiclePriceEuro":8900,"vehicleYearOfManufacture":2009,"advertiserCounty":"Cork","isPSL":false,"privatePSL":false,"vehicleImageId":"cfb9e19f-505b-4d53-8e61-6a6baf52895d","imagecount":20,"advertiserName":"Great Island Motors Ltd","isTrade":true},{"advertId":"32913613878216070","vehicleMake":"Opel","vehicleModel":"Vectra","vehicleDerivative":"1.9 CDTi SRi \"Bargain\",Liftback,ONE OWNER,Many Extras,FSH**","vehiclePriceEuro":8500,"vehicleYearOfManufacture":2009,"advertiserCounty":"Tipperary","isPSL":false,"privatePSL":false,"vehicleImageId":"794ea43f-3437-4505-b659-405d838f9c01","imagecount":10,"advertiserName":"Fergal Murray Cars Ltd.","isTrade":true},{"advertId":"31813497798171520","vehicleMake":"Opel","vehicleModel":"Vectra","vehicleDerivative":"CDTI Diesel","vehiclePriceEuro":9995,"vehicleYearOfManufacture":2008,"advertiserCounty":"Waterford","isPSL":false,"privatePSL":false,"vehicleImageId":"34482010-0ec8-4354-9140-cff313ff9dbf","imagecount":15,"advertiserName":"Castletown Carsales","isTrade":true},{"advertId":"201245210915810","vehicleMake":"Opel","vehicleModel":"Vectra","vehicleDerivative":"CLUB 1.6 I 16V 5 DR","vehiclePriceEuro":9500,"vehicleYearOfManufacture":2008,"advertiserCounty":"Cork","isPSL":true,"privatePSL":false,"vehicleImageId":"14125087","imagecount":4,"isTrade":false},{"advertId":"31513536786384920","vehicleMake":"Opel","vehicleModel":"Vectra","vehicleDerivative":"CDTI SRI 120 BHP H/B***LOW ROAD TAX ***","vehiclePriceEuro":9250,"vehicleYearOfManufacture":2008,"advertiserCounty":"Dublin","isPSL":false,"privatePSL":false,"vehicleImageId":"c704e6eb-530f-4418-9266-714709e54bf2","imagecount":16,"advertiserName":"Premier Cars","isTrade":true},{"advertId":"30013452187727520","vehicleMake":"Opel","vehicleModel":"Vectra","vehicleDerivative":"DESIGN 1.6L 16V 1.6 I","vehiclePriceEuro":8995,"vehicleYearOfManufacture":2008,"advertiserCounty":"Dublin","isPSL":false,"privatePSL":false,"vehicleImageId":"28bfb4f2-a8ba-4300-9b13-074d6fbec5b8","imagecount":11,"advertiserName":"Fort Motors Ltd","isTrade":true},{"advertId":"33213620530325280","vehicleMake":"Opel","vehicleModel":"Vectra","vehicleDerivative":"CLUB 1.6 I 16V 5 DR","vehiclePriceEuro":8995,"vehicleYearOfManufacture":2008,"advertiserCounty":"Dublin","isPSL":true,"privatePSL":false,"vehicleImageId":"6071246a-1c9a-4e35-821f-7ce384901963","imagecount":1,"advertiserName":"Kenilworth Motors","isTrade":true},{"advertId":"34313621862075960","vehicleMake":"Opel","vehicleModel":"Vectra","vehicleDerivative":"ONE OWNER","vehiclePriceEuro":8995,"vehicleYearOfManufacture":2008,"advertiserCounty":"Dublin","isPSL":false,"privatePSL":false,"vehicleImageId":"1baad1aa-ede0-47a6-9d16-4262fa8fa0a4","imagecount":3,"advertiserName":"Windsor Belgard","isTrade":true},{"advertId":"32013591259879810","vehicleMake":"Opel","vehicleModel":"Vectra","vehicleDerivative":"1.9CDTi Hatchback","vehiclePriceEuro":8950,"vehicleYearOfManufacture":2008,"advertiserCounty":"Cork","isPSL":false,"privatePSL":false,"vehicleImageId":"c5680c9b-a839-4f13-ad61-0e0e008e6868","imagecount":4,"advertiserName":"Donal O'Brien Cars Ltd","isTrade":true},{"advertId":"29913463222551680","vehicleMake":"Opel","vehicleModel":"Vectra","vehicleDerivative":"CLUB 1.6 I 16V 5 DR","vehiclePriceEuro":8950,"vehicleYearOfManufacture":2008,"advertiserCounty":"Dublin","isPSL":false,"privatePSL":false,"vehicleImageId":"f899a1a4-91a7-43a7-9f94-49585c7e2d1d","imagecount":20,"advertiserName":"Harmonstown Motors","isTrade":true},{"advertId":"34013602700257030","vehicleMake":"Opel","vehicleModel":"Vectra","vehicleDerivative":"1.9 CDTi (DIESEL) 6 SPEED *€390 P/A ROAD TAX*","vehiclePriceEuro":8745,"vehicleYearOfManufacture":2008,"advertiserCounty":"Dublin","isPSL":false,"privatePSL":false,"vehicleImageId":"c221ab97-98da-43ae-a8e4-1428488fa5ee","imagecount":9,"advertiserName":"Manorfield Cars Ltd Trade Connection","isTrade":true},{"advertId":"28613433019102320","vehicleMake":"Opel","vehicleModel":"Vectra","vehicleDerivative":"CLUB 1.6 I 16V 5 DR","vehiclePriceEuro":8500,"vehicleYearOfManufacture":2008,"advertiserCounty":"Cork","isPSL":true,"privatePSL":false,"vehicleImageId":"da81d01d-5641-4598-a001-727dcbb6455e","imagecount":10,"advertiserName":"Greenhall Motors","isTrade":true},{"advertId":"34213619704675570","vehicleMake":"Opel","vehicleModel":"Vectra","vehicleDerivative":"1.9 CDTI EXCLUSIVE 120 BHP ***ONLY 66K MILES***NEW NCT 2015***6 MONTH WARRANTY***","vehiclePriceEuro":8495,"vehicleYearOfManufacture":2008,"advertiserCounty":"Cork","isPSL":false,"privatePSL":false,"vehicleImageId":"db82fa82-7f77-4121-aa3c-abc3374edee5","imagecount":6,"advertiserName":"MLD Auto`s","isTrade":true},{"advertId":"31713505776081370","vehicleMake":"Opel","vehicleModel":"Vectra","vehicleDerivative":"1.9 CDTI SRI 120 BHP **NEW NCT 2015**6 MONTH COMPREHENSIVE WARRANTY**","vehiclePriceEuro":8450,"vehicleYearOfManufacture":2008,"advertiserCounty":"Cork","isPSL":false,"privatePSL":false,"vehicleImageId":"2c31b2d6-2186-451e-a38f-5d11092b1ae6","imagecount":6,"advertiserName":"MLD Auto`s","isTrade":true},{"advertId":"34013605902827190","vehicleMake":"Opel","vehicleModel":"Vectra","vehicleDerivative":"1.9 CDTI Design","vehiclePriceEuro":8450,"vehicleYearOfManufacture":2008,"advertiserCounty":"Galway","isPSL":true,"privatePSL":false,"vehicleImageId":"3241e190-287e-448f-b402-de6156c94a17","imagecount":7,"advertiserName":"Westlink Car Sales Ltd.","isTrade":true},{"advertId":"31913577335468540","vehicleMake":"Opel","vehicleModel":"Vectra","vehicleDerivative":"1.9 CDTI Exclusive","vehiclePriceEuro":8450,"vehicleYearOfManufacture":2008,"advertiserCounty":"Galway","isPSL":true,"privatePSL":false,"vehicleImageId":"a6c73a9b-5405-4978-8392-3453f4133005","imagecount":7,"advertiserName":"Westlink Car Sales Ltd.","isTrade":true}],"totalAdvertCount":45174}