{"adverts":[{"advertId":"31913578203670020","vehicleMake":"Mercedes-Benz","vehicleModel":"C-Class","vehicleDerivative":"C 200 cdi auto elegance","vehiclePriceEuro":45900,"vehicleYearOfManufacture":2013,"advertiserCounty":"Dublin","isPSL":true,"privatePSL":false,"imagecount":0,"advertiserName":"Denis Mahony Mercedes Benz (M50)","isTrade":true},{"advertId":"32913614540887060","vehicleMake":"Mercedes-Benz","vehicleModel":"C-Class","vehicleDerivative":"Elegnance 321 Offer","vehiclePriceEuro":45625,"vehicleYearOfManufacture":2013,"advertiserCounty":"Wexford","isPSL":false,"privatePSL":false,"vehicleImageId":"a0c7ae2a-6c7a-4393-95ef-de5e60eda9ce","imagecount":8,"advertiserName":"Donohoe Mercedes Benz","isTrade":true},{"advertId":"33413614546763030","vehicleMake":"Mercedes-Benz","vehicleModel":"C-Class","vehicleDerivative":"Avant-Garde 321 offer","vehiclePriceEuro":45625,"vehicleYearOfManufacture":2013,"advertiserCounty":"Wexford","isPSL":false,"privatePSL":false,"vehicleImageId":"7553cc8f-d964-4656-a4e5-3b8f9afb4343","imagecount":8,"advertiserName":"Donohoe Mercedes Benz","isTrade":true},{"advertId":"29413478813391340","vehicleMake":"Mercedes-Benz","vehicleModel":"C-Class","vehicleDerivative":"Sports Coupe","vehiclePriceEuro":45595,"vehicleYearOfManufacture":2013,"advertiserCounty":"Wexford","isPSL":false,"privatePSL":false,"vehicleImageId":"be028e85-60b8-499d-a3a3-6a1386485347","imagecount":7,"advertiserName":"Donohoe Mercedes Benz","isTrade":true},{"advertId":"34313601467900190","vehicleMake":"Mercedes-Benz","vehicleModel":"C-Class","vehicleDerivative":"C200 CDI A/T Avantgarde","vehiclePriceEuro":45575,"vehicleYearOfManufacture":2013,"advertiserCounty":"Dublin","isPSL":false,"privatePSL":false,"vehicleImageId":"e8cb5aaa-6540-46d9-a973-41bd99f5740d","imagecount":6,"advertiserName":"Annesley Williams Ltd","isTrade":true},{"advertId":"33413613752704560","vehicleMake":"Mercedes-Benz","vehicleModel":"C-Class","vehicleDerivative":"200CDI Avantgarde 137 BHP ( €280 Road Tax )","vehiclePriceEuro":45525,"vehicleYearOfManufacture":2013,"advertiserCounty":"Cork","isPSL":true,"privatePSL":false,"vehicleImageId":"1a6a3084-4bb4-4459-995b-8d08c9499003","imagecount":12,"advertiserName":"MSL Cork (located @ EastGate)","isTrade":true},{"advertId":"34213613754732810","vehicleMake":"Mercedes-Benz","vehicleModel":"C-Class","vehicleDerivative":"200CDI Avantgarde 137 BHP ( €280 Road Tax )","vehiclePriceEuro":45525,"vehicleYearOfManufacture":2013,"advertiserCounty":"Cork","isPSL":true,"privatePSL":false,"vehicleImageId":"81664f20-601a-467d-96b7-8d0a91bea0d8","imagecount":12,"advertiserName":"MSL Cork (located @ EastGate)","isTrade":true},{"advertId":"33413607544820570","vehicleMake":"Mercedes-Benz","vehicleModel":"C-Class","vehicleDerivative":"200 CDI BE Avantgarde Auto 137BHP ( €270 Road Tax )","vehiclePriceEuro":44950,"vehicleYearOfManufacture":2013,"advertiserCounty":"Cork","isPSL":true,"privatePSL":false,"vehicleImageId":"4b55b600-0652-4921-b102-83b505a5d65f","imagecount":11,"advertiserName":"MSL Cork (located @ EastGate)","isTrade":true},{"advertId":"31713553139946040","vehicleMake":"Mercedes-Benz","vehicleModel":"C-Class","vehicleDerivative":"220 Cdi Coupe","vehiclePriceEuro":44730,"vehicleYearOfManufacture":2013,"advertiserCounty":"Limerick","isPSL":true,"privatePSL":false,"vehicleImageId":"178bf5e7-2504-46c6-9ee8-92e0972fb5c1","imagecount":9,"advertiserName":"Frank Hogan Ltd.","isTrade":true},{"advertId":"33913620685004170","vehicleMake":"Mercedes-Benz","vehicleModel":"C-Class","vehicleDerivative":"200 Cdi, Avantgarde Pack","vehiclePriceEuro":44500,"vehicleYearOfManufacture":2013,"advertiserCounty":"Dublin","isPSL":true,"privatePSL":false,"vehicleImageId":"a4fee619-b06c-4364-a7d9-75286117f92b","imagecount":13,"advertiserName":"Bradys Mercedes-Benz (Dublin) Ltd","isTrade":true},{"advertId":"32013593917666850","vehicleMake":"Mercedes-Benz","vehicleModel":"C-Class","vehicleDerivative":"C200CDI ELEGANCE A/T","vehiclePriceEuro":44275,"vehicleYearOfManufacture":2013,"advertiserCounty":"Kerry","isPSL":true,"privatePSL":false,"vehicleImageId":"cd105d6c-1980-4408-9d72-f17df45545d5","imagecount":8,"advertiserName":"McElligott's Tralee Ltd","isTrade":true},{"advertId":"34213618894030580","vehicleMake":"Mercedes-Benz","vehicleModel":"C-Class","vehicleDerivative":"C 200 CDI Avantgarde Auto","vehiclePriceEuro":44125,"vehicleYearOfManufacture":2013,"advertiserCounty":"Dublin","isPSL":true,"privatePSL":false,"vehicleImageId":"897bc1e4-f12b-4d3b-8fd4-7ba4028cb4bb","imagecount":12,"advertiserName":"Ballsbridge Motors Mercedes (MSL)","isTrade":true},{"advertId":"32113553139945130","vehicleMake":"Mercedes-Benz","vehicleModel":"C-Class","vehicleDerivative":"200 Cdi Auto Avantgarde","vehiclePriceEuro":44125,"vehicleYearOfManufacture":2013,"advertiserCounty":"Limerick","isPSL":true,"privatePSL":false,"vehicleImageId":"dc6c7b25-38b6-4b21-9203-d4109379d9f5","imagecount":9,"advertiserName":"Frank Hogan Ltd.","isTrade":true},{"advertId":"29813488249958260","vehicleMake":"Mercedes-Benz","vehicleModel":"C-Class","vehicleDerivative":"200CDI Classic","vehiclePriceEuro":43964,"vehicleYearOfManufacture":2013,"advertiserCounty":"Meath","isPSL":false,"privatePSL":false,"vehicleImageId":"620b4a5b-040a-4644-b868-504230c33e1c","imagecount":10,"advertiserName":"Newgate Motor Company Ltd.","isTrade":true},{"advertId":"33213618721752030","vehicleMake":"Mercedes-Benz","vehicleModel":"C-Class","vehicleDerivative":"200 CDI BE Elegance ( €270 Road Tax )","vehiclePriceEuro":43950,"vehicleYearOfManufacture":2013,"advertiserCounty":"Cork","isPSL":true,"privatePSL":false,"vehicleImageId":"f6b52e25-949d-4756-89b5-8d23fe7a4fcc","imagecount":13,"advertiserName":"MSL Cork (located @ EastGate)","isTrade":true},{"advertId":"33413607549781730","vehicleMake":"Mercedes-Benz","vehicleModel":"C-Class","vehicleDerivative":"200 CDI BE Elegance ( €270 Road Tax )","vehiclePriceEuro":43950,"vehicleYearOfManufacture":2013,"advertiserCounty":"Cork","isPSL":true,"privatePSL":false,"vehicleImageId":"f8d88ac5-446d-4709-8cfd-b30fd34c94be","imagecount":11,"advertiserName":"MSL Cork (located @ EastGate)","isTrade":true},{"advertId":"34013602452452700","vehicleMake":"Mercedes-Benz","vehicleModel":"C-Class","vehicleDerivative":"C220 Cdi SE Coupe Auto","vehiclePriceEuro":43950,"vehicleYearOfManufacture":2013,"advertiserCounty":"Dublin","isPSL":true,"privatePSL":false,"vehicleImageId":"4984df1f-2d79-45dd-a02d-091209eb6a15","imagecount":7,"advertiserName":"Grange Motors (MSL)","isTrade":true},{"advertId":"31413592024161880","vehicleMake":"Mercedes-Benz","vehicleModel":"C-Class","vehicleDerivative":"C200 CDI Avantgarde","vehiclePriceEuro":43338,"vehicleYearOfManufacture":2013,"advertiserCounty":"Laois","isPSL":false,"privatePSL":false,"vehicleImageId":"32fcd7d3-ba7a-4a83-bc91-3d0ea5d8f5f5","imagecount":10,"advertiserName":"Michael Moore Portarlington","isTrade":true},{"advertId":"34113613755479420","vehicleMake":"Mercedes-Benz","vehicleModel":"C-Class","vehicleDerivative":"200CDI Avantgarde 137 BHP ( €280 Road Tax )","vehiclePriceEuro":43245,"vehicleYearOfManufacture":2013,"advertiserCounty":"Cork","isPSL":true,"privatePSL":false,"vehicleImageId":"9b7418bc-96cc-4587-bd67-7455e3e78ef3","imagecount":11,"advertiserName":"MSL Cork (located @ EastGate)","isTrade":true},{"advertId":"6513358645315610","vehicleMake":"Mercedes-Benz","vehicleModel":"C-Class","vehicleDerivative":"200 Cdi, A/T Avandgarde Pk.","vehiclePriceEuro":43000,"vehicleYearOfManufacture":2013,"advertiserCounty":"Dublin","isPSL":true,"privatePSL":false,"vehicleImageId":"e25a1d04-4747-4198-ab1f-bfe1871a8ead","imagecount":15,"advertiserName":"Bradys Mercedes-Benz (Dublin) Ltd","isTrade":true},{"advertId":"29613488254827240","vehicleMake":"Mercedes-Benz","vehicleModel":"C-Class","vehicleDerivative":"C200 CDI Classic Auto","vehiclePriceEuro":42964,"vehicleYearOfManufacture":2013,"advertiserCounty":"Meath","isPSL":false,"privatePSL":false,"vehicleImageId":"e54ec73b-44f3-4225-8aab-1ebd52fca7cd","imagecount":9,"advertiserName":"Newgate Motor Company Ltd.","isTrade":true},{"advertId":"32713597333460510","vehicleMake":"Mercedes-Benz","vehicleModel":"C-Class","vehicleDerivative":"200 CDI AUTO AVANTGARDE","vehiclePriceEuro":42950,"vehicleYearOfManufacture":2013,"advertiserCounty":"Dublin","isPSL":true,"privatePSL":false,"vehicleImageId":"eb8bf809-0f09-4463-b18e-879a9089c802","imagecount":9,"advertiserName":"Park Motors Mercedes (MSL)","isTrade":true},{"advertId":"31113581797889970","vehicleMake":"Mercedes-Benz","vehicleModel":"C-Class","vehicleDerivative":"200 CDI AVANTGARDE ( €270 Road Tax )","vehiclePriceEuro":42950,"vehicleYearOfManufacture":2013,"advertiserCounty":"Cork","isPSL":true,"privatePSL":false,"vehicleImageId":"d8fc64d9-c211-4a51-8d7c-bb59e3caa538","imagecount":9,"advertiserName":"MSL Cork (located @ EastGate)","isTrade":true},{"advertId":"213226580021270","vehicleMake":"Mercedes-Benz","vehicleModel":"C-Class","vehicleDerivative":"C200 cdi eco auto","vehiclePriceEuro":42500,"vehicleYearOfManufacture":2013,"advertiserCounty":"Dublin","isPSL":true,"privatePSL":false,"vehicleImageId":"fe097cbc-f357-42da-be65-1dcb8a65ae51","imagecount":7,"advertiserName":"Denis Mahony Mercedes Benz (M50)","isTrade":true},{"advertId":"33213613757594010","vehicleMake":"Mercedes-Benz","vehicleModel":"C-Class","vehicleDerivative":"200CDI Avantgarde 137 BHP ( €280 Road Tax )","vehiclePriceEuro":41080,"vehicleYearOfManufacture":2013,"advertiserCounty":"Cork","isPSL":true,"privatePSL":false,"vehicleImageId":"67dff262-50cc-4456-9941-840b1e96d8d3","imagecount":12,"advertiserName":"MSL Cork (located @ EastGate)","isTrade":true},{"advertId":"34113612847191650","vehicleMake":"Mercedes-Benz","vehicleModel":"C-Class","vehicleDerivative":"220 CDI Coupe 170BHP ( €200 Road Tax )","vehiclePriceEuro":40950,"vehicleYearOfManufacture":2013,"advertiserCounty":"Cork","isPSL":true,"privatePSL":false,"vehicleImageId":"e271a29d-02f9-429e-a9fc-7db024ce481f","imagecount":12,"advertiserName":"MSL Cork (located @ EastGate)","isTrade":true},{"advertId":"31813559362808960","vehicleMake":"Mercedes-Benz","vehicleModel":"C-Class","vehicleDerivative":"C200 CDI AVANTGARDE - STUNNING FIRE OPAL RED","vehiclePriceEuro":40695,"vehicleYearOfManufacture":2013,"advertiserCounty":"Wexford","isPSL":false,"privatePSL":false,"vehicleImageId":"5f99f22d-a8ad-4f7d-b88f-f5bd6c54f8a0","imagecount":6,"advertiserName":"Donohoe Mercedes Benz","isTrade":true},{"advertId":"31913579897205170","vehicleMake":"Mercedes-Benz","vehicleModel":"C-Class","vehicleDerivative":"200 CDI AVANTGARDE MANUAL","vehiclePriceEuro":40640,"vehicleYearOfManufacture":2013,"advertiserCounty":"Dublin","isPSL":true,"privatePSL":false,"vehicleImageId":"e26cc52e-7ab6-4cc1-a1c0-b34cbcc56ed0","imagecount":6,"advertiserName":"Park Motors Mercedes (MSL)","isTrade":true},{"advertId":"31913583540985810","vehicleMake":"Mercedes-Benz","vehicleModel":"C-Class","vehicleDerivative":"C200CDI Avantgarde","vehiclePriceEuro":40640,"vehicleYearOfManufacture":2013,"advertiserCounty":"Dublin","isPSL":false,"privatePSL":false,"vehicleImageId":"6b5e2928-e9d9-4c3c-9c5e-bfcb48f6cce1","imagecount":6,"advertiserName":"Annesley Williams Ltd","isTrade":true},{"advertId":"31713575790340890","vehicleMake":"Mercedes-Benz","vehicleModel":"C-Class","vehicleDerivative":"200 CDI MANUAL","vehiclePriceEuro":40360,"vehicleYearOfManufacture":2013,"advertiserCounty":"Dublin","isPSL":true,"privatePSL":false,"vehicleImageId":"0418c5ca-c4d4-48a8-826f-5c3200d2789e","imagecount":9,"advertiserName":"Park Motors Mercedes (MSL)","isTrade":true},{"advertId":"33413600783649740","vehicleMake":"Mercedes-Benz","vehicleModel":"C-Class","vehicleDerivative":"C200cdi Full Leather","vehiclePriceEuro":39950,"vehicleYearOfManufacture":2013,"advertiserCounty":"Kildare","isPSL":false,"privatePSL":false,"vehicleImageId":"5a44aa02-36f9-4df8-83f3-0219be221416","imagecount":19,"advertiserName":"Fitzpatrick`s Garage Kildare Hyundai","isTrade":true},{"advertId":"34213607857575430","vehicleMake":"Mercedes-Benz","vehicleModel":"C-Class","vehicleDerivative":"C220 CDI BE Coupe 2DR","vehiclePriceEuro":39950,"vehicleYearOfManufacture":2013,"advertiserCounty":"Cork","isPSL":true,"privatePSL":false,"vehicleImageId":"bf66c6d6-eff0-4fe4-85aa-85ce3e3c1108","imagecount":2,"advertiserName":"MSL Cork (located @ EastGate)","isTrade":true},{"advertId":"33413602441853050","vehicleMake":"Mercedes-Benz","vehicleModel":"C-Class","vehicleDerivative":"C220 Cdi SE Coupe","vehiclePriceEuro":39950,"vehicleYearOfManufacture":2013,"advertiserCounty":"Dublin","isPSL":true,"privatePSL":false,"vehicleImageId":"d7bf4a81-4215-4de7-98e0-94c2cf533658","imagecount":2,"advertiserName":"Grange Motors (MSL)","isTrade":true},{"advertId":"32913602529038700","vehicleMake":"Mercedes-Benz","vehicleModel":"C-Class","vehicleDerivative":"C200 Cdi SE Auto","vehiclePriceEuro":39950,"vehicleYearOfManufacture":2013,"advertiserCounty":"Dublin","isPSL":true,"privatePSL":false,"vehicleImageId":"2749cbda-be0f-4f83-ba2d-f87aa32a4ef0","imagecount":2,"advertiserName":"Grange Motors (MSL)","isTrade":true},{"advertId":"29613478821145300","vehicleMake":"Mercedes-Benz","vehicleModel":"C-Class","vehicleDerivative":"200 CDI","vehiclePriceEuro":39775,"vehicleYearOfManufacture":2013,"advertiserCounty":"Wexford","isPSL":false,"privatePSL":false,"vehicleImageId":"a9fd1195-3a1e-46ea-9cec-f27d03c15982","imagecount":6,"advertiserName":"Donohoe Mercedes Benz","isTrade":true},{"advertId":"31313478802636550","vehicleMake":"Mercedes-Benz","vehicleModel":"C-Class","vehicleDerivative":"C200 CDI.","vehiclePriceEuro":39775,"vehicleYearOfManufacture":2013,"advertiserCounty":"Wexford","isPSL":false,"privatePSL":false,"vehicleImageId":"e5188d56-c1ae-4738-bb46-83533b85c5a2","imagecount":5,"advertiserName":"Donohoe Mercedes Benz","isTrade":true},{"advertId":"34013606731410040","vehicleMake":"Mercedes-Benz","vehicleModel":"C-Class","vehicleDerivative":"C200 C SERIESDI BLUE EFFIC SERIES 4DR","vehiclePriceEuro":39275,"vehicleYearOfManufacture":2013,"advertiserCounty":"Waterford","isPSL":false,"privatePSL":false,"vehicleImageId":"cfa3bca0-dd0c-4e48-8509-efc3c2e8fd66","imagecount":8,"advertiserName":"Tom Murphy (Car Sales) Ltd.","isTrade":true},{"advertId":"6613379401132480","vehicleMake":"Mercedes-Benz","vehicleModel":"C-Class","vehicleDerivative":"C200 CDI Blue Efficiency","vehiclePriceEuro":38950,"vehicleYearOfManufacture":2013,"advertiserCounty":"Dublin","isPSL":false,"privatePSL":false,"vehicleImageId":"74c2b31a-395f-4cbf-8db2-e2cd23a576ce","imagecount":6,"advertiserName":"Annesley Williams Ltd","isTrade":true},{"advertId":"33213602540809140","vehicleMake":"Mercedes-Benz","vehicleModel":"C-Class","vehicleDerivative":"C200 Cdi SE","vehiclePriceEuro":37950,"vehicleYearOfManufacture":2013,"advertiserCounty":"Dublin","isPSL":true,"privatePSL":false,"vehicleImageId":"ffe1b1e5-e50e-4e27-ae32-83e272ba6fb3","imagecount":9,"advertiserName":"Grange Motors (MSL)","isTrade":true},{"advertId":"31113594712367690","vehicleMake":"Mercedes-Benz","vehicleModel":"C-Class","vehicleDerivative":"MANUAL **LED LIGHTS**","vehiclePriceEuro":37945,"vehicleYearOfManufacture":2013,"advertiserCounty":"Westmeath","isPSL":true,"privatePSL":false,"vehicleImageId":"a30ea2c0-64c7-4362-b93d-64c948605783","imagecount":9,"advertiserName":"Michael Moore Athlone","isTrade":true},{"advertId":"34113614534106730","vehicleMake":"Mercedes-Benz","vehicleModel":"C-Class","vehicleDerivative":"Class CDI Diesil","vehiclePriceEuro":34995,"vehicleYearOfManufacture":2013,"advertiserCounty":"Wexford","isPSL":false,"privatePSL":false,"vehicleImageId":"fa42487e-db0f-4e66-a3fa-dbac462f4d10","imagecount":9,"advertiserName":"Donohoe Mercedes Benz","isTrade":true},{"advertId":"31713583398792120","vehicleMake":"Mercedes-Benz","vehicleModel":"C-Class","vehicleDerivative":"CLA 180 CDI COMING SOON...","vehiclePriceEuro":0,"vehicleYearOfManufacture":2013,"advertiserCounty":"Dublin","isPSL":true,"privatePSL":false,"vehicleImageId":"428b392a-e100-4d64-bbc1-58dd07c29113","imagecount":5,"advertiserName":"Park Motors Mercedes (MSL)","isTrade":true},{"advertId":"31913524667795060","vehicleMake":"Mercedes-Benz","vehicleModel":"C-Class","vehicleDerivative":"C200 CDI Avantgarde","vehiclePriceEuro":0,"vehicleYearOfManufacture":2013,"advertiserCounty":"Meath","isPSL":false,"privatePSL":false,"vehicleImageId":"1629848f-e582-468b-bf60-14e89cbea8f7","imagecount":8,"advertiserName":"Newgate Motor Company Ltd.","isTrade":true},{"advertId":"31113518507206260","vehicleMake":"Mercedes-Benz","vehicleModel":"C-Class","vehicleDerivative":"220 CDI Coupe Sport","vehiclePriceEuro":0,"vehicleYearOfManufacture":2013,"advertiserCounty":"Limerick","isPSL":true,"privatePSL":false,"vehicleImageId":"d57a8d2d-60b4-4904-a0d4-79b26d4356f3","imagecount":9,"advertiserName":"Frank Hogan Ltd.","isTrade":true},{"advertId":"31513553139945910","vehicleMake":"Mercedes-Benz","vehicleModel":"C-Class","vehicleDerivative":"220 Cdi Coupe Auto Sport","vehiclePriceEuro":0,"vehicleYearOfManufacture":2013,"advertiserCounty":"Limerick","isPSL":true,"privatePSL":false,"vehicleImageId":"59726f47-7785-4f90-9b51-987507e01f93","imagecount":9,"advertiserName":"Frank Hogan Ltd.","isTrade":true},{"advertId":"7113378791976800","vehicleMake":"Mercedes-Benz","vehicleModel":"C-Class","vehicleDerivative":"C200CDI A/T AMG Sport(SOLD)","vehiclePriceEuro":45500,"vehicleYearOfManufacture":2012,"advertiserCounty":"Dublin","isPSL":false,"privatePSL":false,"vehicleImageId":"34a550f9-ed47-4973-ba6f-4e01127e53f6","imagecount":10,"advertiserName":"Annesley Williams Ltd","isTrade":true},{"advertId":"34313616253354620","vehicleMake":"Mercedes-Benz","vehicleModel":"C-Class","vehicleDerivative":"220 CDI AUTO AMG SPORT SAT NAV","vehiclePriceEuro":43995,"vehicleYearOfManufacture":2012,"advertiserCounty":"Dublin","isPSL":true,"privatePSL":false,"vehicleImageId":"7bb373da-b044-4c78-96fb-858e953b81eb","imagecount":10,"advertiserName":"Park Motors Mercedes (MSL)","isTrade":true},{"advertId":"34013620737423570","vehicleMake":"Mercedes-Benz","vehicleModel":"C-Class","vehicleDerivative":"220 CDI AUTO AMG SPORT","vehiclePriceEuro":43995,"vehicleYearOfManufacture":2012,"advertiserCounty":"Dublin","isPSL":true,"privatePSL":false,"vehicleImageId":"212194d5-d9f6-49f5-b993-34bf350a9a45","imagecount":9,"advertiserName":"Park Motors Mercedes (MSL)","isTrade":true},{"advertId":"34413620734245470","vehicleMake":"Mercedes-Benz","vehicleModel":"C-Class","vehicleDerivative":"220 CDI AUTO AMG SPORT","vehiclePriceEuro":43995,"vehicleYearOfManufacture":2012,"advertiserCounty":"Dublin","isPSL":true,"privatePSL":false,"vehicleImageId":"922d1aa2-cf94-4b17-8692-3ed77012e473","imagecount":9,"advertiserName":"Park Motors Mercedes (MSL)","isTrade":true},{"advertId":"31913573979247880","vehicleMake":"Mercedes-Benz","vehicleModel":"C-Class","vehicleDerivative":"220 CDI AMG Coupe 170bhp","vehiclePriceEuro":42950,"vehicleYearOfManufacture":2012,"advertiserCounty":"Limerick","isPSL":true,"privatePSL":false,"vehicleImageId":"8085b0ef-352e-40d8-a2e3-7c9812ef9aba","imagecount":9,"advertiserName":"Frank Hogan Ltd.","isTrade":true},{"advertId":"31113594939707570","vehicleMake":"Mercedes-Benz","vehicleModel":"C-Class","vehicleDerivative":"200 CDI SPORT AMG AVANTGARDE 136BHP ( €280 Road Tax )","vehiclePriceEuro":42950,"vehicleYearOfManufacture":2012,"advertiserCounty":"Cork","isPSL":true,"privatePSL":false,"vehicleImageId":"a1c034cf-038f-4468-a22d-a4a2f81c734f","imagecount":12,"advertiserName":"MSL Cork (located @ EastGate)","isTrade":true},{"advertId":"33413607746740580","vehicleMake":"Mercedes-Benz","vehicleModel":"C-Class","vehicleDerivative":"C200 CDI AMG SPORT AVANTGARDE A\\T","vehiclePriceEuro":42950,"vehicleYearOfManufacture":2012,"advertiserCounty":"Cork","isPSL":true,"privatePSL":false,"vehicleImageId":"2e5a0596-e279-4d0f-8a81-2ad843fd0aad","imagecount":11,"advertiserName":"MSL Cork (located @ EastGate)","isTrade":true},{"advertId":"34313612684211000","vehicleMake":"Mercedes-Benz","vehicleModel":"C-Class","vehicleDerivative":"---SOLD---","vehiclePriceEuro":42950,"vehicleYearOfManufacture":2012,"advertiserCounty":"Dublin","isPSL":true,"privatePSL":false,"vehicleImageId":"9fbb4fbf-2718-4861-b528-a7ffd0bf703b","imagecount":13,"advertiserName":"Bradys Mercedes-Benz (Dublin) Ltd","isTrade":true},{"advertId":"32913613617723630","vehicleMake":"Mercedes-Benz","vehicleModel":"C-Class","vehicleDerivative":"C 220 cdi auto avantgarde A M G","vehiclePriceEuro":42500,"vehicleYearOfManufacture":2012,"advertiserCounty":"Dublin","isPSL":true,"privatePSL":false,"vehicleImageId":"bd98ff37-b27d-4ea0-9943-d7feb4ec070a","imagecount":10,"advertiserName":"Denis Mahony Mercedes Benz (M50)","isTrade":true},{"advertId":"34313602268147970","vehicleMake":"Mercedes-Benz","vehicleModel":"C-Class","vehicleDerivative":"C200 CDI BLUE EFFIC 4DR 5DR AUTO","vehiclePriceEuro":41950,"vehicleYearOfManufacture":2012,"advertiserCounty":"Waterford","isPSL":false,"privatePSL":false,"vehicleImageId":"8f301024-6d59-4a8f-a63d-46d25628404b","imagecount":6,"advertiserName":"Tom Murphy (Car Sales) Ltd.","isTrade":true},{"advertId":"31813589339882280","vehicleMake":"Mercedes-Benz","vehicleModel":"C-Class","vehicleDerivative":"C220 COUPE - €160 Road Tax   ","vehiclePriceEuro":39950,"vehicleYearOfManufacture":2012,"advertiserCounty":"Wexford","isPSL":false,"privatePSL":false,"vehicleImageId":"1ac667f2-d6c0-467c-b92a-5dfb34c7a807","imagecount":13,"advertiserName":"Donohoe Mercedes Benz","isTrade":true},{"advertId":"28913437365320460","vehicleMake":"Mercedes-Benz","vehicleModel":"C-Class","vehicleDerivative":"C 220 CDI Auto Coupe *BEIGE LEATHER*","vehiclePriceEuro":39950,"vehicleYearOfManufacture":2012,"advertiserCounty":"Dublin","isPSL":true,"privatePSL":false,"vehicleImageId":"98f2f7bf-a922-4a0c-956c-3603990e75ca","imagecount":14,"advertiserName":"Ballsbridge Motors Mercedes (MSL)","isTrade":true},{"advertId":"31813578220035750","vehicleMake":"Mercedes-Benz","vehicleModel":"C-Class","vehicleDerivative":"C220 cdi auto coupe","vehiclePriceEuro":39750,"vehicleYearOfManufacture":2012,"advertiserCounty":"Dublin","isPSL":true,"privatePSL":false,"vehicleImageId":"adc28627-05e9-4d5f-9133-250899ce0fe5","imagecount":9,"advertiserName":"Denis Mahony Mercedes Benz (M50)","isTrade":true},{"advertId":"31213493515669480","vehicleMake":"Mercedes-Benz","vehicleModel":"C-Class","vehicleDerivative":"C 200 CDI Avantgarde Auto *DEMO*","vehiclePriceEuro":38950,"vehicleYearOfManufacture":2012,"advertiserCounty":"Dublin","isPSL":true,"privatePSL":false,"vehicleImageId":"997655d5-1001-48b0-8427-22d7d5445c01","imagecount":17,"advertiserName":"Ballsbridge Motors Mercedes (MSL)","isTrade":true},{"advertId":"31713535786698140","vehicleMake":"Mercedes-Benz","vehicleModel":"C-Class","vehicleDerivative":"C220 CDI COUPE","vehiclePriceEuro":38945,"vehicleYearOfManufacture":2012,"advertiserCounty":"Westmeath","isPSL":true,"privatePSL":false,"vehicleImageId":"fcbbe855-5e72-4c0d-af72-3d798ca2a76c","imagecount":9,"advertiserName":"Michael Moore Athlone","isTrade":true},{"advertId":"33413600840568950","vehicleMake":"Mercedes-Benz","vehicleModel":"C-Class","vehicleDerivative":"C220 CDI - AMG SPORT","vehiclePriceEuro":38450,"vehicleYearOfManufacture":2012,"advertiserCounty":"Cork","isPSL":true,"privatePSL":false,"vehicleImageId":"61c7fc9b-c464-4838-bf02-fb5e34cc892a","imagecount":9,"advertiserName":"Luceys Charleville (Nissan & Mazda)","isTrade":true},{"advertId":"30913504824747170","vehicleMake":"Mercedes-Benz","vehicleModel":"C-Class","vehicleDerivative":"200 Cdi, A/T, --Taxed 2013--","vehiclePriceEuro":37995,"vehicleYearOfManufacture":2012,"advertiserCounty":"Dublin","isPSL":true,"privatePSL":false,"vehicleImageId":"b094731a-4ae8-41e9-b9eb-08cc95425823","imagecount":17,"advertiserName":"Bradys Mercedes-Benz (Dublin) Ltd","isTrade":true},{"advertId":"31113504908490310","vehicleMake":"Mercedes-Benz","vehicleModel":"C-Class","vehicleDerivative":"200 Cdi, A/T, --Taxed 2013--","vehiclePriceEuro":37995,"vehicleYearOfManufacture":2012,"advertiserCounty":"Dublin","isPSL":true,"privatePSL":false,"vehicleImageId":"ade2cbee-bb32-4575-be56-478b532c555d","imagecount":17,"advertiserName":"Bradys Mercedes-Benz (Dublin) Ltd","isTrade":true},{"advertId":"31113580028618050","vehicleMake":"Mercedes-Benz","vehicleModel":"C-Class","vehicleDerivative":"200 Cdi, A/T, Elegance Pack.","vehiclePriceEuro":37995,"vehicleYearOfManufacture":2012,"advertiserCounty":"Dublin","isPSL":true,"privatePSL":false,"vehicleImageId":"10386872-41d2-4343-9e1f-ed71aa5fddec","imagecount":14,"advertiserName":"Bradys Mercedes-Benz (Dublin) Ltd","isTrade":true},{"advertId":"31713504896352010","vehicleMake":"Mercedes-Benz","vehicleModel":"C-Class","vehicleDerivative":"200 Cdi, A/T, --Taxed 2013--","vehiclePriceEuro":37995,"vehicleYearOfManufacture":2012,"advertiserCounty":"Dublin","isPSL":true,"privatePSL":false,"vehicleImageId":"8888bc5a-3462-483c-866e-2a9cd901b2ed","imagecount":13,"advertiserName":"Bradys Mercedes-Benz (Dublin) Ltd","isTrade":true},{"advertId":"34013613643793810","vehicleMake":"Mercedes-Benz","vehicleModel":"C-Class","vehicleDerivative":"200 CDI ELEGANCE ( €200 Road Tax )","vehiclePriceEuro":37950,"vehicleYearOfManufacture":2012,"advertiserCounty":"Cork","isPSL":true,"privatePSL":false,"vehicleImageId":"8853c27c-1293-465d-ac1f-f733ba13605c","imagecount":13,"advertiserName":"MSL Cork (located @ EastGate)","isTrade":true},{"advertId":"33913607684888780","vehicleMake":"Mercedes-Benz","vehicleModel":"C-Class","vehicleDerivative":"200 CDI ELEGANCE 137 BHP ( €280 Road Tax )","vehiclePriceEuro":37950,"vehicleYearOfManufacture":2012,"advertiserCounty":"Cork","isPSL":true,"privatePSL":false,"vehicleImageId":"936eec24-13c2-44f0-809d-674e4d2cedbb","imagecount":12,"advertiserName":"MSL Cork (located @ EastGate)","isTrade":true},{"advertId":"31513594713980680","vehicleMake":"Mercedes-Benz","vehicleModel":"C-Class","vehicleDerivative":"C200 C SERIEBLUE EFFIC SERIES 4DR AUTO","vehiclePriceEuro":37950,"vehicleYearOfManufacture":2012,"advertiserCounty":"Westmeath","isPSL":true,"privatePSL":false,"vehicleImageId":"87bdc4b9-e556-4ffa-bdf0-240032d1e492","imagecount":10,"advertiserName":"Michael Moore Athlone","isTrade":true},{"advertId":"34113607687286210","vehicleMake":"Mercedes-Benz","vehicleModel":"C-Class","vehicleDerivative":"C200 CDI Elegance A\\T 137 BHP","vehiclePriceEuro":37950,"vehicleYearOfManufacture":2012,"advertiserCounty":"Cork","isPSL":true,"privatePSL":false,"vehicleImageId":"c6f4e3e4-6ff7-49f4-a06b-e48781db5dc0","imagecount":12,"advertiserName":"MSL Cork (located @ EastGate)","isTrade":true},{"advertId":"33913607690936640","vehicleMake":"Mercedes-Benz","vehicleModel":"C-Class","vehicleDerivative":"200 CDI Elegance 137 BHP ( €280 Road Tax )","vehiclePriceEuro":37950,"vehicleYearOfManufacture":2012,"advertiserCounty":"Cork","isPSL":true,"privatePSL":false,"vehicleImageId":"165eef7c-ce05-42ad-8308-4d417364f77d","imagecount":11,"advertiserName":"MSL Cork (located @ EastGate)","isTrade":true},{"advertId":"34213607446339300","vehicleMake":"Mercedes-Benz","vehicleModel":"C-Class","vehicleDerivative":"200 CDI Elegance 137BHP ( €280 Road Tax )","vehiclePriceEuro":37950,"vehicleYearOfManufacture":2012,"advertiserCounty":"Cork","isPSL":true,"privatePSL":false,"vehicleImageId":"cf26b163-ca1f-4d63-9b24-9fa92f1f4dcc","imagecount":10,"advertiserName":"MSL Cork (located @ EastGate)","isTrade":true},{"advertId":"31213487506564270","vehicleMake":"Mercedes-Benz","vehicleModel":"C-Class","vehicleDerivative":"C 200 CDI Classic Auto *New €44,034*","vehiclePriceEuro":37950,"vehicleYearOfManufacture":2012,"advertiserCounty":"Dublin","isPSL":true,"privatePSL":false,"vehicleImageId":"3a13bd1c-f4f8-415f-9d61-be5747a12aa6","imagecount":13,"advertiserName":"Ballsbridge Motors Mercedes (MSL)","isTrade":true},{"advertId":"26813426031934170","vehicleMake":"Mercedes-Benz","vehicleModel":"C-Class","vehicleDerivative":"C220CDI Coupe DEMO BIG SAVINGS","vehiclePriceEuro":37950,"vehicleYearOfManufacture":2012,"advertiserCounty":"Laois","isPSL":false,"privatePSL":false,"vehicleImageId":"df02c167-757f-44e2-b035-38d6439653c6","imagecount":7,"advertiserName":"Michael Moore Portarlington","isTrade":true},{"advertId":"7113382893492040","vehicleMake":"Mercedes-Benz","vehicleModel":"C-Class","vehicleDerivative":"C 200 CDI Eco Classic Auto","vehiclePriceEuro":37950,"vehicleYearOfManufacture":2012,"advertiserCounty":"Dublin","isPSL":true,"privatePSL":false,"vehicleImageId":"40837ea0-2a60-4488-904b-eab3b0d7bcdb","imagecount":9,"advertiserName":"Ballsbridge Motors Mercedes (MSL)","isTrade":true},{"advertId":"31913536026386640","vehicleMake":"Mercedes-Benz","vehicleModel":"C-Class","vehicleDerivative":"C220CDI Coupe Manual DEMO BIG SAVINGS","vehiclePriceEuro":37950,"vehicleYearOfManufacture":2012,"advertiserCounty":"Laois","isPSL":false,"privatePSL":false,"vehicleImageId":"12902363-0f4c-40cb-bd32-150757c21f4f","imagecount":9,"advertiserName":"Michael Moore Portarlington","isTrade":true},{"advertId":"33913608544024870","vehicleMake":"Mercedes-Benz","vehicleModel":"C-Class","vehicleDerivative":"C 200 CDI Auto Blue Efficiency ","vehiclePriceEuro":37950,"vehicleYearOfManufacture":2012,"advertiserCounty":"Dublin","isPSL":true,"privatePSL":false,"vehicleImageId":"f0ecd59d-b1d7-4bd3-99e7-bbe02d0a79e4","imagecount":10,"advertiserName":"Ballsbridge Motors Mercedes (MSL)","isTrade":true},{"advertId":"31513499708176680","vehicleMake":"Mercedes-Benz","vehicleModel":"C-Class","vehicleDerivative":"C200 Cdi Avantgarde Auto","vehiclePriceEuro":37900,"vehicleYearOfManufacture":2012,"advertiserCounty":"Dublin","isPSL":true,"privatePSL":false,"vehicleImageId":"16c0e584-3b51-4f17-9ff5-a7df65cca241","imagecount":10,"advertiserName":"Grange Motors (MSL)","isTrade":true},{"advertId":"34413616233705770","vehicleMake":"Mercedes-Benz","vehicleModel":"C-Class","vehicleDerivative":"C200 Cdi Avantgarde Auto","vehiclePriceEuro":37495,"vehicleYearOfManufacture":2012,"advertiserCounty":"Dublin","isPSL":true,"privatePSL":false,"vehicleImageId":"9cda5740-2fb7-4451-8ea3-1eaad80df453","imagecount":11,"advertiserName":"Grange Motors (MSL)","isTrade":true},{"advertId":"33213616227777230","vehicleMake":"Mercedes-Benz","vehicleModel":"C-Class","vehicleDerivative":"C200 cdi Elegance Auto","vehiclePriceEuro":37495,"vehicleYearOfManufacture":2012,"advertiserCounty":"Dublin","isPSL":true,"privatePSL":false,"vehicleImageId":"5c712728-a2ee-42f6-a4cd-c630a18c18be","imagecount":11,"advertiserName":"Grange Motors (MSL)","isTrade":true},{"advertId":"30913480404961480","vehicleMake":"Mercedes-Benz","vehicleModel":"C-Class","vehicleDerivative":"C200 CDI Elegance  (€280 Road Tax)","vehiclePriceEuro":36950,"vehicleYearOfManufacture":2012,"advertiserCounty":"Cork","isPSL":true,"privatePSL":false,"vehicleImageId":"f0c4679a-2b79-4755-b5f6-b7bbc5b05d97","imagecount":14,"advertiserName":"MSL Cork (located @ EastGate)","isTrade":true},{"advertId":"31913586002479410","vehicleMake":"Mercedes-Benz","vehicleModel":"C-Class","vehicleDerivative":"C200 cdi auto ","vehiclePriceEuro":36950,"vehicleYearOfManufacture":2012,"advertiserCounty":"Dublin","isPSL":true,"privatePSL":false,"vehicleImageId":"89ee7d80-5e95-4b06-ba34-3e4cd3be4458","imagecount":9,"advertiserName":"Denis Mahony Mercedes Benz (M50)","isTrade":true},{"advertId":"7013382895705400","vehicleMake":"Mercedes-Benz","vehicleModel":"C-Class","vehicleDerivative":"C 220 CDI Coupe Manual","vehiclePriceEuro":36950,"vehicleYearOfManufacture":2012,"advertiserCounty":"Dublin","isPSL":true,"privatePSL":false,"vehicleImageId":"0e676da5-d93d-48aa-98d5-bee73c48e43d","imagecount":9,"advertiserName":"Ballsbridge Motors Mercedes (MSL)","isTrade":true},{"advertId":"31113575530663930","vehicleMake":"Mercedes-Benz","vehicleModel":"C-Class","vehicleDerivative":"200 CDI Elegance ( €280 Road Tax )","vehiclePriceEuro":36950,"vehicleYearOfManufacture":2012,"advertiserCounty":"Cork","isPSL":true,"privatePSL":false,"vehicleImageId":"512d5d84-2852-47b5-aa55-7c6ef7e54da9","imagecount":13,"advertiserName":"MSL Cork (located @ EastGate)","isTrade":true},{"advertId":"33413616224469690","vehicleMake":"Mercedes-Benz","vehicleModel":"C-Class","vehicleDerivative":"C200 Cdi Elegance Auto","vehiclePriceEuro":36900,"vehicleYearOfManufacture":2012,"advertiserCounty":"Dublin","isPSL":true,"privatePSL":false,"vehicleImageId":"450b7baa-a90b-44c3-ba67-407650535cd8","imagecount":3,"advertiserName":"Grange Motors (MSL)","isTrade":true},{"advertId":"34413616230772260","vehicleMake":"Mercedes-Benz","vehicleModel":"C-Class","vehicleDerivative":"C200 Cdi Elegance Auto","vehiclePriceEuro":36900,"vehicleYearOfManufacture":2012,"advertiserCounty":"Dublin","isPSL":true,"privatePSL":false,"vehicleImageId":"532d802a-cfb7-401a-97ff-655edab60c34","imagecount":11,"advertiserName":"Grange Motors (MSL)","isTrade":true},{"advertId":"34313601492713370","vehicleMake":"Mercedes-Benz","vehicleModel":"C-Class","vehicleDerivative":"200 CDI AUTO ELEGANCE","vehiclePriceEuro":36900,"vehicleYearOfManufacture":2012,"advertiserCounty":"Dublin","isPSL":true,"privatePSL":false,"vehicleImageId":"4d9b18b1-4254-4df2-84d1-c0ee75c9c931","imagecount":9,"advertiserName":"Park Motors Mercedes (MSL)","isTrade":true},{"advertId":"34213620573075970","vehicleMake":"Mercedes-Benz","vehicleModel":"C-Class","vehicleDerivative":"200 CDI AUTO ELEGANCE ","vehiclePriceEuro":36900,"vehicleYearOfManufacture":2012,"advertiserCounty":"Dublin","isPSL":true,"privatePSL":false,"vehicleImageId":"b883db0e-cbdf-4041-99ec-92478d0f0566","imagecount":9,"advertiserName":"Park Motors Mercedes (MSL)","isTrade":true},{"advertId":"34013615334638420","vehicleMake":"Mercedes-Benz","vehicleModel":"C-Class","vehicleDerivative":"C200CDI ELEGANC  BLUE  EFFIC SERIES 4DR","vehiclePriceEuro":35950,"vehicleYearOfManufacture":2012,"advertiserCounty":"Westmeath","isPSL":true,"privatePSL":false,"imagecount":0,"advertiserName":"Michael Moore Athlone","isTrade":true},{"advertId":"31713545504308120","vehicleMake":"Mercedes-Benz","vehicleModel":"C-Class","vehicleDerivative":"C200 CDI SE AUTO / HI-SPEC / AS NEW","vehiclePriceEuro":35950,"vehicleYearOfManufacture":2012,"advertiserCounty":"Kildare","isPSL":false,"privatePSL":false,"vehicleImageId":"62a2a4eb-7fbb-430b-b657-9215c4e60e9a","imagecount":13,"advertiserName":"Charlie Donnelly Cars","isTrade":true},{"advertId":"33413602268234620","vehicleMake":"Mercedes-Benz","vehicleModel":"C-Class","vehicleDerivative":"C200 CDI A/T Blue Efficiency","vehiclePriceEuro":35950,"vehicleYearOfManufacture":2012,"advertiserCounty":"Waterford","isPSL":false,"privatePSL":false,"vehicleImageId":"1f18ffaa-ac69-4328-bb42-bcb31fd51f38","imagecount":1,"advertiserName":"Tom Murphy (Car Sales) Ltd.","isTrade":true},{"advertId":"31513499705185170","vehicleMake":"Mercedes-Benz","vehicleModel":"C-Class","vehicleDerivative":"C200 Cdi SE Auto","vehiclePriceEuro":35950,"vehicleYearOfManufacture":2012,"advertiserCounty":"Dublin","isPSL":true,"privatePSL":false,"vehicleImageId":"c80bcc55-25c5-4481-97be-7fdc79736808","imagecount":10,"advertiserName":"Grange Motors (MSL)","isTrade":true},{"advertId":"29813485845919970","vehicleMake":"Mercedes-Benz","vehicleModel":"C-Class","vehicleDerivative":"C200 CDI BE Special Edition","vehiclePriceEuro":35450,"vehicleYearOfManufacture":2012,"advertiserCounty":"Cork","isPSL":true,"privatePSL":false,"vehicleImageId":"e04eedb4-4bc5-4c98-8977-84a9a042d9a9","imagecount":13,"advertiserName":"MSL Cork (located @ EastGate)","isTrade":true},{"advertId":"33913620728160080","vehicleMake":"Mercedes-Benz","vehicleModel":"C-Class","vehicleDerivative":"200 CDI AUTO CLASSIC SAT NAV","vehiclePriceEuro":34995,"vehicleYearOfManufacture":2012,"advertiserCounty":"Dublin","isPSL":true,"privatePSL":false,"vehicleImageId":"ac17f3c2-8139-4362-8a2c-202b4f9eb63b","imagecount":10,"advertiserName":"Park Motors Mercedes (MSL)","isTrade":true},{"advertId":"34113620723506240","vehicleMake":"Mercedes-Benz","vehicleModel":"C-Class","vehicleDerivative":"200 CDI AUTO CLASSIC SAT NAV","vehiclePriceEuro":34995,"vehicleYearOfManufacture":2012,"advertiserCounty":"Dublin","isPSL":true,"privatePSL":false,"vehicleImageId":"a7b50026-db06-4342-9daa-800871d431b1","imagecount":10,"advertiserName":"Park Motors Mercedes (MSL)","isTrade":true},{"advertId":"33913620730661540","vehicleMake":"Mercedes-Benz","vehicleModel":"C-Class","vehicleDerivative":"200 CDI AUTO CLASSIC SAT NAV","vehiclePriceEuro":34995,"vehicleYearOfManufacture":2012,"advertiserCounty":"Dublin","isPSL":true,"privatePSL":false,"vehicleImageId":"e19ff41d-4bfa-457a-b55d-eef69e4b44d3","imagecount":10,"advertiserName":"Park Motors Mercedes (MSL)","isTrade":true},{"advertId":"31813597312524780","vehicleMake":"Mercedes-Benz","vehicleModel":"C-Class","vehicleDerivative":"200 CDI BE AUTO + COMAND SAT NAV **NEW PRICE €51,470**","vehiclePriceEuro":34950,"vehicleYearOfManufacture":2012,"advertiserCounty":"Dublin","isPSL":true,"privatePSL":false,"vehicleImageId":"e4dc479e-a63d-4435-8a27-7ea468c4c39d","imagecount":14,"advertiserName":"Clonskeagh Motors","isTrade":true},{"advertId":"31113594600865740","vehicleMake":"Mercedes-Benz","vehicleModel":"C-Class","vehicleDerivative":"200 C SERIESDI BLUE EFFIC SERIES 4DR AUTO","vehiclePriceEuro":34950,"vehicleYearOfManufacture":2012,"advertiserCounty":"Waterford","isPSL":true,"privatePSL":false,"vehicleImageId":"dc8cff86-f960-454e-a235-b12c710396d5","imagecount":9,"advertiserName":"Audi Waterford","isTrade":true},{"advertId":"31413510942991950","vehicleMake":"Mercedes-Benz","vehicleModel":"C-Class","vehicleDerivative":"LOW TAX // SAT NAV // GREAT VALUE","vehiclePriceEuro":34500,"vehicleYearOfManufacture":2012,"advertiserCounty":"Dublin","isPSL":false,"privatePSL":false,"imagecount":0,"advertiserName":"Paul Tobin Ltd","isTrade":true},{"advertId":"31513576644763030","vehicleMake":"Mercedes-Benz","vehicleModel":"C-Class","vehicleDerivative":"C200 Saloon","vehiclePriceEuro":34300,"vehicleYearOfManufacture":2012,"advertiserCounty":"Mayo","isPSL":false,"privatePSL":false,"vehicleImageId":"12339860-51c2-49d3-9bd9-62dcaf2aa3b3","imagecount":1,"advertiserName":"Tim Hastings Ltd","isTrade":true},{"advertId":"31813596412662570","vehicleMake":"Mercedes-Benz","vehicleModel":"C-Class","vehicleDerivative":"200 CDI MANUAL CLASSIC","vehiclePriceEuro":33950,"vehicleYearOfManufacture":2012,"advertiserCounty":"Dublin","isPSL":true,"privatePSL":false,"vehicleImageId":"f54f10dd-a62d-4043-bebc-ea03391af1c0","imagecount":9,"advertiserName":"Park Motors Mercedes (MSL)","isTrade":true}],"totalAdvertCount":45174}