{"adverts":[{"advertId":"713243719715760","vehicleMake":"Lexus","vehicleModel":"LS430","vehicleDerivative":"LS 430 EXECUTIVE SALOON","vehiclePriceEuro":11945,"vehicleYearOfManufacture":2005,"advertiserCounty":"Dublin","isPSL":false,"privatePSL":false,"vehicleImageId":"2565c30d-ccc2-49dd-8430-76a5da2167f5","imagecount":9,"advertiserName":"Carroll & Kinsella Motors (Churchtown)","isTrade":true},{"advertId":"201243210627040","vehicleMake":"Lexus","vehicleModel":"LS430","vehiclePriceEuro":11900,"vehicleYearOfManufacture":2005,"advertiserCounty":"Kildare","isPSL":true,"privatePSL":true,"vehicleImageId":"14069351","imagecount":5,"isTrade":false},{"advertId":"413267095376270","vehicleMake":"Lexus","vehicleModel":"LS430","vehicleDerivative":"4.3 V8 AUTO","vehiclePriceEuro":9500,"vehicleYearOfManufacture":2004,"advertiserCounty":"Limerick","isPSL":false,"privatePSL":false,"vehicleImageId":"6b2a5a0d-4f88-47c8-919c-979ad7fecb3f","imagecount":9,"advertiserName":"John Moloney Motors","isTrade":true},{"advertId":"6613376189333300","vehicleMake":"Lexus","vehicleModel":"LS430","vehicleDerivative":"4Dr","vehiclePriceEuro":8950,"vehicleYearOfManufacture":2004,"advertiserCounty":"Galway","isPSL":true,"privatePSL":false,"vehicleImageId":"da33e165-cc8b-4944-9b8a-09c263800ca4","imagecount":7,"advertiserName":"Hogan Motors Galway","isTrade":true},{"advertId":"29613469307614040","vehicleMake":"Lexus","vehicleModel":"LS430","vehicleDerivative":"Facelift Model","vehiclePriceEuro":9400,"vehicleYearOfManufacture":2003,"advertiserCounty":"Dublin","isPSL":false,"privatePSL":false,"vehicleImageId":"08717db7-39e4-4bed-8085-94ba4fb70a1b","imagecount":20,"advertiserName":"Tynan Autos","isTrade":true},{"advertId":"201308212577719","vehicleMake":"Lexus","vehicleModel":"LS430","vehiclePriceEuro":2995,"vehicleYearOfManufacture":2003,"advertiserCounty":"Dublin","isPSL":true,"privatePSL":false,"vehicleImageId":"14370188","imagecount":5,"isTrade":false},{"advertId":"31913594778191440","vehicleMake":"Lexus","vehicleModel":"LS460","vehicleDerivative":"Grand Touring Pack Automatic","vehiclePriceEuro":64950,"vehicleYearOfManufacture":2011,"advertiserCounty":"Dublin","isPSL":false,"privatePSL":false,"vehicleImageId":"cb74d023-0731-4ed2-a916-f92d7ec3780a","imagecount":10,"advertiserName":"Lexus Blackrock","isTrade":true},{"advertId":"33413600613667940","vehicleMake":"Lexus","vehicleModel":"LS460","vehicleDerivative":"LS 460 GT Pack","vehiclePriceEuro":42945,"vehicleYearOfManufacture":2009,"advertiserCounty":"Galway","isPSL":false,"privatePSL":false,"vehicleImageId":"26f6e3a9-7ddf-424e-9dff-f2b9d06d350a","imagecount":9,"advertiserName":"Lexus Galway","isTrade":true},{"advertId":"33413600606196960","vehicleMake":"Lexus","vehicleModel":"LS460","vehicleDerivative":"LS 460 GT Pack","vehiclePriceEuro":42945,"vehicleYearOfManufacture":2009,"advertiserCounty":"Galway","isPSL":true,"privatePSL":false,"vehicleImageId":"da29a654-6ba3-476b-ac19-f65c0b655bcf","imagecount":9,"advertiserName":"Tony Burke Motors Ltd.","isTrade":true},{"advertId":"34213600613673890","vehicleMake":"Lexus","vehicleModel":"LS460","vehicleDerivative":"LS 460 GT Pack","vehiclePriceEuro":33945,"vehicleYearOfManufacture":2008,"advertiserCounty":"Galway","isPSL":false,"privatePSL":false,"vehicleImageId":"8b336a33-1814-4855-983c-57ff76d22659","imagecount":12,"advertiserName":"Lexus Galway","isTrade":true},{"advertId":"34213600606187680","vehicleMake":"Lexus","vehicleModel":"LS460","vehicleDerivative":"LS 460 GT Pack","vehiclePriceEuro":33945,"vehicleYearOfManufacture":2008,"advertiserCounty":"Galway","isPSL":true,"privatePSL":false,"vehicleImageId":"e264439b-b67c-43df-847d-4368e7d7729d","imagecount":12,"advertiserName":"Tony Burke Motors Ltd.","isTrade":true},{"advertId":"15213403719175620","vehicleMake":"Lexus","vehicleModel":"LS460","vehicleDerivative":"LS460 LOW LOW MILEAGE 1 YEAR TOYOTA WARRANTY CALL PADDY 087-3286720","vehiclePriceEuro":29949,"vehicleYearOfManufacture":2007,"advertiserCounty":"Dublin","isPSL":true,"privatePSL":false,"vehicleImageId":"0ed8a820-7da8-4635-a191-648a8e669ad8","imagecount":20,"advertiserName":"Carroll & Kinsella Motors (Walkinstown)","isTrade":true},{"advertId":"33913598133813600","vehicleMake":"Lexus","vehicleModel":"LS460","vehicleDerivative":"LS460 High Spec","vehiclePriceEuro":26750,"vehicleYearOfManufacture":2007,"advertiserCounty":"Kildare","isPSL":false,"privatePSL":false,"vehicleImageId":"0c92c5de-47ea-40b5-96c5-df3e3991be4f","imagecount":7,"advertiserName":"N. Conlan and Sons","isTrade":true},{"advertId":"34213603284081730","vehicleMake":"Lexus","vehicleModel":"LS460","vehicleDerivative":"The Ultimate in Luxury Lexus LS460 with GT Pack","vehiclePriceEuro":24900,"vehicleYearOfManufacture":2007,"advertiserCounty":"Cork","isPSL":true,"privatePSL":false,"vehicleImageId":"b08d53d3-90e4-45de-a364-d3bd80afdef0","imagecount":9,"advertiserName":"Kearys Nissan Cork","isTrade":true},{"advertId":"201242210511110","vehicleMake":"Lexus","vehicleModel":"LS460","vehicleDerivative":"LS460","vehiclePriceEuro":18950,"vehicleYearOfManufacture":2007,"advertiserCounty":"Wicklow","isPSL":true,"privatePSL":false,"vehicleImageId":"14203463","imagecount":2,"isTrade":false},{"advertId":"201244210811155","vehicleMake":"Lexus","vehicleModel":"LS600H","vehiclePriceEuro":39500,"vehicleYearOfManufacture":2008,"advertiserCounty":"Dublin","isPSL":true,"privatePSL":false,"vehicleImageId":"14098593","imagecount":9,"isTrade":false},{"advertId":"31713527164218080","vehicleMake":"Lexus","vehicleModel":"LS600H","vehicleDerivative":"LS600h AWD","vehiclePriceEuro":37950,"vehicleYearOfManufacture":2008,"advertiserCounty":"Dublin","isPSL":false,"privatePSL":false,"vehicleImageId":"cdf4cf5a-7386-4c86-aa10-004a0b4f7a73","imagecount":10,"advertiserName":"Lexus Blackrock","isTrade":true},{"advertId":"31513527165198280","vehicleMake":"Lexus","vehicleModel":"LS600H","vehicleDerivative":"LS600h AWD","vehiclePriceEuro":37950,"vehicleYearOfManufacture":2008,"advertiserCounty":"Dublin","isPSL":false,"privatePSL":false,"vehicleImageId":"73f11a21-9ecf-4cf6-8008-f6478f3e2a71","imagecount":10,"advertiserName":"Carroll & Kinsella Motors (Blackrock)","isTrade":true},{"advertId":"26713426258314010","vehicleMake":"Lexus","vehicleModel":"LS600H","vehicleDerivative":"Immaculate","vehiclePriceEuro":34900,"vehicleYearOfManufacture":2008,"advertiserCounty":"Dublin","isPSL":true,"privatePSL":false,"vehicleImageId":"3047a821-027f-4038-9a8e-e2915b48d365","imagecount":14,"advertiserName":"Harford Motor Co. Ltd","isTrade":true},{"advertId":"32913611852651980","vehicleMake":"Lexus","vehicleModel":"LS600H","vehicleDerivative":"AWD","vehiclePriceEuro":0,"vehicleYearOfManufacture":2008,"advertiserCounty":"Dublin","isPSL":false,"privatePSL":false,"vehicleImageId":"bf305b29-78e9-4a4f-bfd8-4def3ff7ba08","imagecount":16,"advertiserName":"Paddy Connolly Motors (The Glen Garage Estd.1956)","isTrade":true},{"advertId":"34213618982340900","vehicleMake":"Lexus","vehicleModel":"LS600H","vehicleDerivative":"AWD","vehiclePriceEuro":0,"vehicleYearOfManufacture":2007,"advertiserCounty":"Dublin","isPSL":false,"privatePSL":false,"vehicleImageId":"b967fbc7-d2bd-485d-9896-94af0e391206","imagecount":11,"advertiserName":"Paddy Connolly Motors (The Glen Garage Estd.1956)","isTrade":true},{"advertId":"201243210686727","vehicleMake":"Lexus","vehicleModel":"RX300","vehicleDerivative":"exective","vehiclePriceEuro":18000,"vehicleYearOfManufacture":2005,"advertiserCounty":"Limerick","isPSL":true,"privatePSL":false,"vehicleImageId":"14081131","imagecount":4,"isTrade":false},{"advertId":"34313613787951310","vehicleMake":"Lexus","vehicleModel":"RX300","vehicleDerivative":"300 Executive","vehiclePriceEuro":9950,"vehicleYearOfManufacture":2005,"advertiserCounty":"Dublin","isPSL":false,"privatePSL":false,"vehicleImageId":"67cb8ef1-79bc-4eb4-a943-9bddcae1572d","imagecount":7,"advertiserName":"Larry Lawless Motors","isTrade":true},{"advertId":"33413620480746520","vehicleMake":"Lexus","vehicleModel":"RX300","vehicleDerivative":"EXECUTIVE","vehiclePriceEuro":8950,"vehicleYearOfManufacture":2005,"advertiserCounty":"Dublin","isPSL":true,"privatePSL":false,"vehicleImageId":"a51c5c55-db05-4382-800b-0efa14d25770","imagecount":12,"advertiserName":"3 Rock Cars","isTrade":true},{"advertId":"201305212273236","vehicleMake":"Lexus","vehicleModel":"RX300","vehicleDerivative":"3.0 SEL 05DR A","vehiclePriceEuro":9000,"vehicleYearOfManufacture":2004,"advertiserCounty":"Cork","isPSL":true,"privatePSL":false,"vehicleImageId":"13962091","imagecount":9,"isTrade":false},{"advertId":"31113591123718340","vehicleMake":"Lexus","vehicleModel":"RX300","vehicleDerivative":"SPORT LUXURY .","vehiclePriceEuro":6950,"vehicleYearOfManufacture":2004,"advertiserCounty":"Dublin","isPSL":true,"privatePSL":false,"vehicleImageId":"9640ce3b-af02-4c54-9eb5-56f944432d3e","imagecount":18,"advertiserName":"Cars Online.ie","isTrade":true},{"advertId":"32913606646012930","vehicleMake":"Lexus","vehicleModel":"RX300","vehicleDerivative":"EXECUTIVE AUTO / SERVICE HISTORY / 3 KEYS / NCT JANUARY 2014 / TAX MARCH 2013 / DEPOSIT SECURES / SAME DAY FINANCE / TRADE IN'S WELCOME","vehiclePriceEuro":5900,"vehicleYearOfManufacture":2004,"advertiserCounty":"Dublin","isPSL":false,"privatePSL":false,"vehicleImageId":"273dc636-164c-42b3-8226-5f3ba2627c6e","imagecount":13,"advertiserName":"Beacon Motors Limited","isTrade":true},{"advertId":"413262713714290","vehicleMake":"Lexus","vehicleModel":"RX300","vehicleDerivative":"3.0 Executive Automatic Full Leather  ","vehiclePriceEuro":0,"vehicleYearOfManufacture":2004,"advertiserCounty":"Mayo","isPSL":false,"privatePSL":false,"vehicleImageId":"b7a0a193-ed78-4c68-8497-c962bd07cb04","imagecount":9,"advertiserName":"Cosgraves Garage Ltd","isTrade":true},{"advertId":"201243210664897","vehicleMake":"Lexus","vehicleModel":"RX300","vehicleDerivative":"SE AUTO","vehiclePriceEuro":4200,"vehicleYearOfManufacture":2003,"advertiserCounty":"Carlow","isPSL":true,"privatePSL":false,"vehicleImageId":"14076981","imagecount":7,"isTrade":false},{"advertId":"31413582645273900","vehicleMake":"Lexus","vehicleModel":"RX300","vehicleDerivative":"AUTOMATIC / LEATHER / LOW MILES / NEW NCT 02/14","vehiclePriceEuro":3900,"vehicleYearOfManufacture":2003,"advertiserCounty":"Dublin","isPSL":false,"privatePSL":false,"vehicleImageId":"6293b436-0db1-4e67-8cff-0a333ef2074f","imagecount":16,"advertiserName":"Beacon Motors Limited","isTrade":true},{"advertId":"6813389991215080","vehicleMake":"Lexus","vehicleModel":"RX300","vehicleDerivative":"Executive Automatic ","vehiclePriceEuro":4700,"vehicleYearOfManufacture":2002,"advertiserCounty":"Dublin","isPSL":false,"privatePSL":false,"vehicleImageId":"a8cc99a0-a056-424f-81a9-b3fc5f90fdc3","imagecount":15,"advertiserName":"Premier Cars","isTrade":true},{"advertId":"201245210846214","vehicleMake":"Lexus","vehicleModel":"RX300","vehiclePriceEuro":3950,"vehicleYearOfManufacture":2002,"advertiserCounty":"Dublin","isPSL":true,"privatePSL":false,"vehicleImageId":"14103831","imagecount":9,"isTrade":false},{"advertId":"31913590482503520","vehicleMake":"Lexus","vehicleModel":"RX300","vehicleDerivative":"AUTOMATIC,1 OWNER FROM NEW,SAT NAV,ALLOYS,AIR CON,FULL LEATHER,ABSOLUTELY STUNNING CAR,VIEWING A MUST!!!!!!!!!!!!!!!!!!!!!!!!!","vehiclePriceEuro":3595,"vehicleYearOfManufacture":2001,"advertiserCounty":"Wicklow","isPSL":false,"privatePSL":false,"vehicleImageId":"575da48a-eec2-4074-b071-a1fafee00cae","imagecount":19,"advertiserName":"Paul McGovern Car Sales","isTrade":true},{"advertId":"613267095329240","vehicleMake":"Lexus","vehicleModel":"RX300","vehicleDerivative":"Auto 4x4","vehiclePriceEuro":2500,"vehicleYearOfManufacture":1998,"advertiserCounty":"Limerick","isPSL":false,"privatePSL":false,"vehicleImageId":"b380093e-61e8-4cb7-9fbb-f7f0f32c7086","imagecount":9,"advertiserName":"John Moloney Motors","isTrade":true},{"advertId":"201244210802453","vehicleMake":"Lexus","vehicleModel":"RX350","vehicleDerivative":"RX350 EXECUTIVE","vehiclePriceEuro":13900,"vehicleYearOfManufacture":2007,"advertiserCounty":"Dublin","isPSL":true,"privatePSL":false,"vehicleImageId":"14097700","imagecount":9,"isTrade":false},{"advertId":"201309212674217","vehicleMake":"Lexus","vehicleModel":"RX350","vehicleDerivative":"EXECUTIVE RX 350","vehiclePriceEuro":11000,"vehicleYearOfManufacture":2006,"advertiserCounty":"Clare","isPSL":true,"privatePSL":false,"vehicleImageId":"14055420","imagecount":6,"isTrade":false},{"advertId":"34413622280196590","vehicleMake":"Lexus","vehicleModel":"RX350","vehicleDerivative":"EXECUTIVE ","vehiclePriceEuro":9950,"vehicleYearOfManufacture":2006,"advertiserCounty":"Dublin","isPSL":true,"privatePSL":false,"vehicleImageId":"bf4fd7dc-82e0-463f-b931-94eee8939901","imagecount":4,"advertiserName":"Lambe & O'Connor Car Sales","isTrade":true},{"advertId":"6013352078176310","vehicleMake":"Lexus","vehicleModel":"RX350","vehicleDerivative":"RX350 EXECUTIVE","vehiclePriceEuro":9750,"vehicleYearOfManufacture":2006,"advertiserCounty":"Wicklow","isPSL":false,"privatePSL":false,"vehicleImageId":"5fb0f86b-64ac-4b2e-9e14-36623d5aa329","imagecount":14,"advertiserName":"Kellys Car Centre","isTrade":true},{"advertId":"31513547044222740","vehicleMake":"Lexus","vehicleModel":"RX400","vehicleDerivative":"RX400H","vehiclePriceEuro":24950,"vehicleYearOfManufacture":2008,"advertiserCounty":"Kildare","isPSL":false,"privatePSL":false,"vehicleImageId":"6a790ba9-d1e9-47ff-a0ca-418ebdc03c99","imagecount":14,"advertiserName":"Fitzpatrick`s Garage Kildare Hyundai","isTrade":true},{"advertId":"34213616263773480","vehicleMake":"Lexus","vehicleModel":"RX400","vehicleDerivative":"RX 400H HYBRID","vehiclePriceEuro":13950,"vehicleYearOfManufacture":2007,"advertiserCounty":"Dublin","isPSL":false,"privatePSL":false,"vehicleImageId":"ef8f07b7-e300-495c-9743-896265e6654c","imagecount":20,"advertiserName":"BLU VMS","isTrade":true},{"advertId":"33913607675386190","vehicleMake":"Lexus","vehicleModel":"RX400","vehicleDerivative":"Hybrid, Leather, Sat Nav, Reverse Camera","vehiclePriceEuro":13950,"vehicleYearOfManufacture":2007,"advertiserCounty":"Dublin","isPSL":true,"privatePSL":false,"vehicleImageId":"2a3a9513-bd4b-4461-823e-cb3f5eafe111","imagecount":16,"advertiserName":"Deerpark Motor Company","isTrade":true},{"advertId":"201310212771441","vehicleMake":"Lexus","vehicleModel":"RX400","vehicleDerivative":"RX 400H","vehiclePriceEuro":15000,"vehicleYearOfManufacture":2006,"advertiserCounty":"Dublin","isPSL":true,"privatePSL":false,"vehicleImageId":"14387139","imagecount":2,"isTrade":false},{"advertId":"201305212250665","vehicleMake":"Lexus","vehicleModel":"RX400","vehicleDerivative":"3.3 HYBRID SE ICE 05DR A","vehiclePriceEuro":12950,"vehicleYearOfManufacture":2006,"advertiserCounty":"Dublin","isPSL":true,"privatePSL":false,"vehicleImageId":"13952015","imagecount":2,"isTrade":false},{"advertId":"31713576504109470","vehicleMake":"Lexus","vehicleModel":"RX400","vehicleDerivative":"RX 400H...MEGA SPEC...FINANCE ARRANGED IN 1 HOUR..SIMI DEALER..WWW.SARSFIELDMOTORS..","vehiclePriceEuro":11950,"vehicleYearOfManufacture":2006,"advertiserCounty":"Dublin","isPSL":true,"privatePSL":false,"vehicleImageId":"0faa38f0-7ed3-49f1-a5b8-6e7b6aa5d1ed","imagecount":18,"advertiserName":"Sarsfield Motor Company S.C.R. Kilmainham","isTrade":true},{"advertId":"201302211823845","vehicleMake":"Lexus","vehicleModel":"RX400","vehicleDerivative":"RX 400H","vehiclePriceEuro":10750,"vehicleYearOfManufacture":2006,"advertiserCounty":"Dublin","isPSL":true,"privatePSL":true,"vehicleImageId":"14270001","imagecount":8,"isTrade":false},{"advertId":"34113600613671930","vehicleMake":"Lexus","vehicleModel":"RX400H","vehicleDerivative":"RX 400 h 4WD Hybrid *SALE PRICE*","vehiclePriceEuro":25945,"vehicleYearOfManufacture":2008,"advertiserCounty":"Galway","isPSL":false,"privatePSL":false,"vehicleImageId":"60a69508-ed06-4162-947f-927f9adb9c64","imagecount":6,"advertiserName":"Lexus Galway","isTrade":true},{"advertId":"34013600606197330","vehicleMake":"Lexus","vehicleModel":"RX400H","vehicleDerivative":"RX 400 h 4WD Hybrid *SALE PRICE*","vehiclePriceEuro":25945,"vehicleYearOfManufacture":2008,"advertiserCounty":"Galway","isPSL":true,"privatePSL":false,"vehicleImageId":"13ea6ec0-d193-4097-ba7a-f839db49c1af","imagecount":6,"advertiserName":"Tony Burke Motors Ltd.","isTrade":true},{"advertId":"31713546235237750","vehicleMake":"Lexus","vehicleModel":"RX400H","vehicleDerivative":"RX 400H","vehiclePriceEuro":24950,"vehicleYearOfManufacture":2008,"advertiserCounty":"Kildare","isPSL":false,"privatePSL":false,"vehicleImageId":"bc9ba03d-b5dc-47c5-b496-60568ca3d484","imagecount":15,"advertiserName":"Fitzpatrick`s Garage Kildare Hyundai","isTrade":true},{"advertId":"34113621577263390","vehicleMake":"Lexus","vehicleModel":"RX400H","vehicleDerivative":"Hybrid Automatic","vehiclePriceEuro":24950,"vehicleYearOfManufacture":2008,"advertiserCounty":"Dublin","isPSL":false,"privatePSL":false,"vehicleImageId":"b9265eeb-46de-45e1-be75-2a4d0544e1c2","imagecount":10,"advertiserName":"Lexus Blackrock","isTrade":true},{"advertId":"34313621577343250","vehicleMake":"Lexus","vehicleModel":"RX400H","vehicleDerivative":"Hybrid Automatic","vehiclePriceEuro":24950,"vehicleYearOfManufacture":2008,"advertiserCounty":"Dublin","isPSL":false,"privatePSL":false,"vehicleImageId":"a8e0b442-d01a-48e6-9542-fbbb03502e8d","imagecount":10,"advertiserName":"Carroll & Kinsella Motors (Blackrock)","isTrade":true},{"advertId":"31513546162617790","vehicleMake":"Lexus","vehicleModel":"RX400H","vehicleDerivative":"at Denis Mahony (M50)","vehiclePriceEuro":23950,"vehicleYearOfManufacture":2008,"advertiserCounty":"Dublin","isPSL":true,"privatePSL":false,"vehicleImageId":"29ac1de7-1870-45f0-868b-efae931f9799","imagecount":7,"advertiserName":"Denis Mahony Toyota (M50)","isTrade":true},{"advertId":"22813415850068020","vehicleMake":"Lexus","vehicleModel":"RX400H","vehicleDerivative":"RX 400H 3.3 HYBRID","vehiclePriceEuro":20995,"vehicleYearOfManufacture":2008,"advertiserCounty":"Dublin","isPSL":false,"privatePSL":false,"vehicleImageId":"cfac6faa-d7d3-4502-8701-b3b91b30d5f7","imagecount":7,"advertiserName":"James Hennessy Motors Ltd","isTrade":true},{"advertId":"33213603289516060","vehicleMake":"Lexus","vehicleModel":"RX400H","vehicleDerivative":"Lexus Luxury and Hybrid Technology Combined. Huge Spec","vehiclePriceEuro":20900,"vehicleYearOfManufacture":2008,"advertiserCounty":"Cork","isPSL":true,"privatePSL":false,"vehicleImageId":"fbd8e02f-ed6a-406c-8922-121b46a73abb","imagecount":9,"advertiserName":"Kearys Nissan Cork","isTrade":true},{"advertId":"30613474493420940","vehicleMake":"Lexus","vehicleModel":"RX400H","vehicleDerivative":"Hybrid","vehiclePriceEuro":17950,"vehicleYearOfManufacture":2008,"advertiserCounty":"Kildare","isPSL":true,"privatePSL":false,"vehicleImageId":"f4a371ce-e6fb-42b0-8246-fdd53f35af42","imagecount":6,"advertiserName":"Olympic Car Sales","isTrade":true},{"advertId":"31213492817215900","vehicleMake":"Lexus","vehicleModel":"RX400H","vehicleDerivative":"12 MONTHS WARRANTY","vehiclePriceEuro":17950,"vehicleYearOfManufacture":2007,"advertiserCounty":"Dublin","isPSL":true,"privatePSL":false,"vehicleImageId":"40f4ecbd-3729-426a-8f4b-86ad52d055d9","imagecount":9,"advertiserName":"Ultimate Cars Ltd.","isTrade":true},{"advertId":"34113612795255470","vehicleMake":"Lexus","vehicleModel":"RX400H","vehicleDerivative":"HYBRID..LOW MILEAGE/1 OWNER..SAT NAV/REVERSING CAMERA/HTD SEATS/XENONS & MORE..FULL LEXUS SERVICE HISTORY FROM NEW..FINANCE AVAILABLE..TRADE IN'S WELCOME..OPEN 7 DAYS..VISIT WWW.BESHOFFMOTORS.IE FOR MORE INFO..","vehiclePriceEuro":17950,"vehicleYearOfManufacture":2007,"advertiserCounty":"Dublin","isPSL":true,"privatePSL":false,"vehicleImageId":"8bd2eba9-dc5c-4091-8be4-9c69de71f405","imagecount":20,"advertiserName":"Beshoff Motors","isTrade":true},{"advertId":"34413621590491260","vehicleMake":"Lexus","vehicleModel":"RX400H","vehicleDerivative":"Hybrid*SATNAV*NCT*","vehiclePriceEuro":16950,"vehicleYearOfManufacture":2007,"advertiserCounty":"Dublin","isPSL":true,"privatePSL":false,"vehicleImageId":"4f437bc3-6077-4623-b01e-6a889db5ca4d","imagecount":2,"advertiserName":"Faichney Ringwood (Spirit Premium)","isTrade":true},{"advertId":"31513507354016820","vehicleMake":"Lexus","vehicleModel":"RX400H","vehicleDerivative":"RX 400H Leather Navigation","vehiclePriceEuro":16750,"vehicleYearOfManufacture":2007,"advertiserCounty":"Kildare","isPSL":false,"privatePSL":false,"vehicleImageId":"17eeef43-171f-41b0-8438-91bd0c8a2d0d","imagecount":7,"advertiserName":"N. Conlan and Sons","isTrade":true},{"advertId":"5713316567537010","vehicleMake":"Lexus","vehicleModel":"RX400H","vehicleDerivative":"4X4 BEIGE LEATHER, HYBRID SAT NAV, 1 YR WARRANTY, CALL PADDY NOW FOR MORE INFO 087-3286720","vehiclePriceEuro":15949,"vehicleYearOfManufacture":2007,"advertiserCounty":"Dublin","isPSL":true,"privatePSL":false,"vehicleImageId":"73a2102b-ded7-4313-9137-a205fe6b7e23","imagecount":13,"advertiserName":"Carroll & Kinsella Motors (Walkinstown)","isTrade":true},{"advertId":"34013603286370100","vehicleMake":"Lexus","vehicleModel":"RX400H","vehicleDerivative":"Lexus Luxury and Hybrid Technology combined. Huge Spec","vehiclePriceEuro":15750,"vehicleYearOfManufacture":2007,"advertiserCounty":"Cork","isPSL":true,"privatePSL":false,"vehicleImageId":"a5653872-5532-483d-b1ff-f04f9308e212","imagecount":9,"advertiserName":"Kearys Nissan Cork","isTrade":true},{"advertId":"201303212026590","vehicleMake":"Lexus","vehicleModel":"RX400H","vehiclePriceEuro":13950,"vehicleYearOfManufacture":2007,"advertiserCounty":"Clare","isPSL":true,"privatePSL":false,"vehicleImageId":"14336356","imagecount":7,"isTrade":false},{"advertId":"34313612674210110","vehicleMake":"Lexus","vehicleModel":"RX400H","vehicleDerivative":"TOP OF THE RANGE SAT NAV BLUETOOTH IN THE BEST COLOUR COMBO BLACK & BLACK CALL PETER 086-3945442 €13949 ","vehiclePriceEuro":13949,"vehicleYearOfManufacture":2007,"advertiserCounty":"Dublin","isPSL":true,"privatePSL":false,"vehicleImageId":"3eae9c1d-e4b0-4ca8-aee2-61fe6f06b201","imagecount":20,"advertiserName":"Carroll & Kinsella Motors (Walkinstown)","isTrade":true},{"advertId":"201307212457355","vehicleMake":"Lexus","vehicleModel":"RX400H","vehicleDerivative":"RX 400H - NCT 07-13 -","vehiclePriceEuro":12750,"vehicleYearOfManufacture":2007,"advertiserCounty":"Dublin","isPSL":true,"privatePSL":false,"vehicleImageId":"14138528","imagecount":9,"isTrade":false},{"advertId":"201309212698567","vehicleMake":"Lexus","vehicleModel":"RX400H","vehicleDerivative":"RX 400H","vehiclePriceEuro":11950,"vehicleYearOfManufacture":2007,"advertiserCounty":"Dublin","isPSL":true,"privatePSL":false,"vehicleImageId":"13696085","imagecount":1,"isTrade":false},{"advertId":"201301211745450","vehicleMake":"Lexus","vehicleModel":"RX400H","vehiclePriceEuro":11000,"vehicleYearOfManufacture":2007,"advertiserCounty":"Dublin","isPSL":true,"privatePSL":false,"vehicleImageId":"14239706","imagecount":7,"isTrade":false},{"advertId":"34313608568893050","vehicleMake":"Lexus","vehicleModel":"RX400H","vehicleDerivative":"3.3 HYBRID SEL 5DR A","vehiclePriceEuro":11900,"vehicleYearOfManufacture":2006,"advertiserCounty":"Dublin","isPSL":true,"privatePSL":false,"vehicleImageId":"d839f4f0-8a89-4bd0-8302-a892e568e9d4","imagecount":10,"advertiserName":"Michael Grant Renault","isTrade":true},{"advertId":"34213620517002580","vehicleMake":"Lexus","vehicleModel":"RX450H","vehicleDerivative":"Executive Fwd 2013 Demo","vehiclePriceEuro":62945,"vehicleYearOfManufacture":2013,"advertiserCounty":"Galway","isPSL":true,"privatePSL":false,"vehicleImageId":"882801f4-1f0c-4fe1-8c1b-f89f8fe47879","imagecount":8,"advertiserName":"Tony Burke Motors Ltd.","isTrade":true},{"advertId":"33913620519255190","vehicleMake":"Lexus","vehicleModel":"RX450H","vehicleDerivative":"Executive Fwd 2013 Demo","vehiclePriceEuro":62945,"vehicleYearOfManufacture":2013,"advertiserCounty":"Galway","isPSL":false,"privatePSL":false,"vehicleImageId":"7001c59a-ebcb-4400-bdfa-55a481f15856","imagecount":8,"advertiserName":"Lexus Galway","isTrade":true},{"advertId":"31513584247026290","vehicleMake":"Lexus","vehicleModel":"RX450H","vehicleDerivative":"EXECUTIVE","vehiclePriceEuro":62000,"vehicleYearOfManufacture":2013,"advertiserCounty":"Cork","isPSL":true,"privatePSL":false,"vehicleImageId":"1e7bfde7-f75b-4e67-a783-62bf0e970dfb","imagecount":7,"advertiserName":"Macroom Motor Services Ltd","isTrade":true},{"advertId":"34213609338896930","vehicleMake":"Lexus","vehicleModel":"RX450H","vehicleDerivative":"Internet Special Executive FWD Hybrid Unregistered Showroom Demo Cash Price €59950","vehiclePriceEuro":59950,"vehicleYearOfManufacture":2013,"advertiserCounty":"Dublin","isPSL":false,"privatePSL":false,"vehicleImageId":"27d7b979-02c9-4fcc-93fa-2df1d2825a2a","imagecount":10,"advertiserName":"Lexus Blackrock","isTrade":true},{"advertId":"31713553104932150","vehicleMake":"Lexus","vehicleModel":"RX450H","vehicleDerivative":"Dynamic FWD Hybrid","vehiclePriceEuro":0,"vehicleYearOfManufacture":2013,"advertiserCounty":"Dublin","isPSL":false,"privatePSL":false,"vehicleImageId":"ac7b8622-38d6-46de-bfa9-e9cfda9132e6","imagecount":10,"advertiserName":"Lexus Blackrock","isTrade":true},{"advertId":"32913609318371460","vehicleMake":"Lexus","vehicleModel":"RX450H","vehicleDerivative":"Hybrid Sport FWD Auto","vehiclePriceEuro":64950,"vehicleYearOfManufacture":2012,"advertiserCounty":"Dublin","isPSL":false,"privatePSL":false,"vehicleImageId":"828de585-af76-4a17-a3f9-8ec7e44f2a8a","imagecount":10,"advertiserName":"Lexus Blackrock","isTrade":true},{"advertId":"31813522092035340","vehicleMake":"Lexus","vehicleModel":"RX450H","vehicleDerivative":"Executive FWD Hybrid","vehiclePriceEuro":55950,"vehicleYearOfManufacture":2012,"advertiserCounty":"Dublin","isPSL":false,"privatePSL":false,"vehicleImageId":"164eb810-854d-4fb6-a797-5cb2d7374d59","imagecount":10,"advertiserName":"Lexus Blackrock","isTrade":true},{"advertId":"32913610517508130","vehicleMake":"Lexus","vehicleModel":"RX450H","vehicleDerivative":"Sport Fwd €280 Road Tax","vehiclePriceEuro":52945,"vehicleYearOfManufacture":2011,"advertiserCounty":"Galway","isPSL":true,"privatePSL":false,"vehicleImageId":"7a085346-1b9c-4809-92f3-ec94176023af","imagecount":8,"advertiserName":"Tony Burke Motors Ltd.","isTrade":true},{"advertId":"32913610519890240","vehicleMake":"Lexus","vehicleModel":"RX450H","vehicleDerivative":"Sport Fwd €280 Road Tax","vehiclePriceEuro":52945,"vehicleYearOfManufacture":2011,"advertiserCounty":"Galway","isPSL":false,"privatePSL":false,"vehicleImageId":"e1c3a098-682b-4864-8cbd-b237a245599e","imagecount":8,"advertiserName":"Lexus Galway","isTrade":true},{"advertId":"613260988675230","vehicleMake":"Lexus","vehicleModel":"RX450H","vehicleDerivative":"3.4 Hybrid EXECUTIVE  5DR. AUTO","vehiclePriceEuro":48950,"vehicleYearOfManufacture":2011,"advertiserCounty":"Roscommon","isPSL":false,"privatePSL":false,"vehicleImageId":"48b5d73c-8461-4457-975c-2bd85fb97bfa","imagecount":9,"advertiserName":"Dermot Hughes","isTrade":true},{"advertId":"34113616147402400","vehicleMake":"Lexus","vehicleModel":"RX450H","vehicleDerivative":"FWD Sport 280tax","vehiclePriceEuro":46895,"vehicleYearOfManufacture":2010,"advertiserCounty":"Kildare","isPSL":false,"privatePSL":false,"vehicleImageId":"8fa4711f-4ad5-4e8f-9824-d99a8ec4f3ce","imagecount":20,"advertiserName":"Fitzpatrick`s Garage Kildare Hyundai","isTrade":true},{"advertId":"31913589380687770","vehicleMake":"Lexus","vehicleModel":"RX450H","vehicleDerivative":"Sport FWD Hybrid Automatic","vehiclePriceEuro":45950,"vehicleYearOfManufacture":2010,"advertiserCounty":"Dublin","isPSL":false,"privatePSL":false,"vehicleImageId":"e04341fc-9cf2-4296-8a4c-2fb624d04679","imagecount":10,"advertiserName":"Lexus Blackrock","isTrade":true},{"advertId":"34213624163816030","vehicleMake":"Lexus","vehicleModel":"RX450H","vehicleDerivative":"Sport FWD Hybrid Automatic","vehiclePriceEuro":45950,"vehicleYearOfManufacture":2010,"advertiserCounty":"Dublin","isPSL":false,"privatePSL":false,"vehicleImageId":"44faec3e-e0d3-4827-8127-55f8d865a3a6","imagecount":1,"advertiserName":"Carroll & Kinsella Motors (Blackrock)","isTrade":true},{"advertId":"30113439768707270","vehicleMake":"Lexus","vehicleModel":"RX450H","vehicleDerivative":"FWD Exec 280 tax ","vehiclePriceEuro":40950,"vehicleYearOfManufacture":2010,"advertiserCounty":"Kildare","isPSL":false,"privatePSL":false,"vehicleImageId":"6134df72-2695-401f-a0a0-8d2e68700b7f","imagecount":9,"advertiserName":"Fitzpatrick`s Garage Kildare Hyundai","isTrade":true},{"advertId":"31113591135751540","vehicleMake":"Lexus","vehicleModel":"RX450H","vehicleDerivative":"RX450H","vehiclePriceEuro":39950,"vehicleYearOfManufacture":2010,"advertiserCounty":"Cork","isPSL":true,"privatePSL":false,"vehicleImageId":"1d13d148-ea42-4d12-a946-911bde00a973","imagecount":8,"advertiserName":"Macroom Motor Services Ltd","isTrade":true},{"advertId":"28013430860355270","vehicleMake":"Lexus","vehicleModel":"SC430","vehicleDerivative":"SC 430 2DR AUTO Cabrio","vehiclePriceEuro":26950,"vehicleYearOfManufacture":2007,"advertiserCounty":"Dublin","isPSL":false,"privatePSL":false,"vehicleImageId":"0a874850-e1dc-4918-80de-8dfc1e28b4e9","imagecount":10,"advertiserName":"Cafco Vehicle Solutions","isTrade":true},{"advertId":"19813412414011500","vehicleMake":"Lexus","vehicleModel":"SC430","vehicleDerivative":"***NCT 01/13, MARK LEVINSON SOUND SYSTEM***","vehiclePriceEuro":8950,"vehicleYearOfManufacture":2002,"advertiserCounty":"Dublin","isPSL":true,"privatePSL":false,"vehicleImageId":"44c02932-4ef3-46d8-b029-38ba605e4fed","imagecount":8,"advertiserName":"Cameron Car Sales","isTrade":true},{"advertId":"34013615494749730","vehicleMake":"Leyland","vehicleDerivative":"Freelander 2 2.2 2WD TD4 E 5dr","vehiclePriceEuro":25950,"vehicleYearOfManufacture":2011,"advertiserCounty":"Dublin","isPSL":true,"privatePSL":false,"vehicleImageId":"765d8f68-9fad-4663-b43f-01711851f3ee","imagecount":10,"advertiserName":"Gowan Motors Navan Road","isTrade":true},{"advertId":"201306212363375","vehicleMake":"Lincoln","vehicleModel":"Continental","vehiclePriceEuro":7300,"vehicleYearOfManufacture":1979,"advertiserCounty":"Cork","isPSL":true,"privatePSL":false,"vehicleImageId":"13984359","imagecount":4,"isTrade":false},{"advertId":"201251211518248","vehicleMake":"Lincoln","vehicleModel":"Town Car","vehiclePriceEuro":6500,"vehicleYearOfManufacture":1999,"advertiserCounty":"Tipperary","isPSL":true,"privatePSL":false,"vehicleImageId":"13420335","imagecount":4,"isTrade":false},{"advertId":"201249211320103","vehicleMake":"Lincoln","vehicleModel":"Town Car","vehiclePriceEuro":10000,"vehicleYearOfManufacture":1998,"advertiserCounty":"Cork","isPSL":true,"privatePSL":false,"vehicleImageId":"14194830","imagecount":3,"isTrade":false},{"advertId":"201304212159932","vehicleMake":"Lincoln","vehicleModel":"Town Car","vehicleDerivative":"Ford","vehiclePriceEuro":3000,"vehicleYearOfManufacture":1996,"advertiserCounty":"Kildare","isPSL":true,"privatePSL":false,"vehicleImageId":"14294424","imagecount":8,"isTrade":false},{"advertId":"6813390628886260","vehicleMake":"Lola","vehicleModel":"A1GP","vehicleDerivative":"autosportsmotors.ie","vehiclePriceEuro":0,"vehicleYearOfManufacture":2008,"advertiserCounty":"Dublin","isPSL":true,"privatePSL":false,"vehicleImageId":"c4cb4641-1579-411b-8d4c-f09358d8586f","imagecount":8,"advertiserName":"Auto Sports Motors Ltd","isTrade":true},{"advertId":"6513357070295740","vehicleMake":"Lotus","vehicleModel":"Cortina","vehicleDerivative":"LOTUS MARK 1 02DR","vehiclePriceEuro":59000,"vehicleYearOfManufacture":1963,"advertiserCounty":"Dublin","isPSL":false,"privatePSL":false,"vehicleImageId":"46ce034c-6fca-44d1-ad83-18fd5cdfa748","imagecount":5,"advertiserName":"Dermot Wallace Motors","isTrade":true},{"advertId":"32113575910479260","vehicleMake":"Lotus","vehicleModel":"Elise","vehicleDerivative":"111S VVC 160bhp with Hard-Top","vehiclePriceEuro":15950,"vehicleYearOfManufacture":2003,"advertiserCounty":"Wicklow","isPSL":false,"privatePSL":false,"vehicleImageId":"6ccd823b-d483-4db0-be04-37593f9a01db","imagecount":13,"advertiserName":"Kellys Car Centre","isTrade":true},{"advertId":"201250211447979","vehicleMake":"Lotus","vehicleModel":"Elise","vehiclePriceEuro":9300,"vehicleYearOfManufacture":2000,"advertiserCounty":"Dublin","isPSL":true,"privatePSL":false,"vehicleImageId":"13834744","imagecount":5,"isTrade":false},{"advertId":"201244210763245","vehicleMake":"Lotus","vehicleModel":"Esprit","vehicleDerivative":"TURBO","vehiclePriceEuro":18250,"vehicleYearOfManufacture":1990,"advertiserCounty":"Dublin","isPSL":true,"privatePSL":false,"vehicleImageId":"14091679","imagecount":9,"isTrade":false},{"advertId":"32913602566589460","vehicleMake":"Maserati","vehicleModel":"Granturismo","vehicleDerivative":"Sport","vehiclePriceEuro":0,"vehicleYearOfManufacture":2011,"advertiserCounty":"Dublin","isPSL":false,"privatePSL":false,"vehicleImageId":"77e95a6e-a7a9-43ff-867b-1a08f9eeca20","imagecount":3,"advertiserName":"Paddy Connolly Motors (The Glen Garage Estd.1956)","isTrade":true},{"advertId":"30813508951634270","vehicleMake":"Maserati","vehicleModel":"Quattroporte","vehicleDerivative":"EXECUTIVE GT AUTOMATIC, EXCLUSIVELY ORDERED FROM THE MASERATI PERSONALISATION PROGRAM. TAX 03-13, NCT 08-14 ","vehiclePriceEuro":49950,"vehicleYearOfManufacture":2008,"advertiserCounty":"Dublin","isPSL":false,"privatePSL":false,"vehicleImageId":"91d5608e-a011-4600-99d0-5699d76289c7","imagecount":18,"advertiserName":"Cafco Vehicle Solutions","isTrade":true},{"advertId":"201309212673953","vehicleMake":"Maserati","vehicleModel":"Quattroporte","vehicleDerivative":"HUGE SPEC","vehiclePriceEuro":19950,"vehicleYearOfManufacture":2004,"advertiserCounty":"Dublin","isPSL":true,"privatePSL":false,"vehicleImageId":"14374613","imagecount":9,"isTrade":false},{"advertId":"31413549739718750","vehicleMake":"Mazda","vehicleModel":"121","vehicleDerivative":"1.25 GLX","vehiclePriceEuro":2950,"vehicleYearOfManufacture":2002,"advertiserCounty":"Wicklow","isPSL":false,"privatePSL":false,"imagecount":0,"advertiserName":"J Kelly Motors","isTrade":true},{"advertId":"201246210951705","vehicleMake":"Mazda","vehicleModel":"121","vehicleDerivative":"GLX 5HB 1.25","vehiclePriceEuro":1800,"vehicleYearOfManufacture":2001,"advertiserCounty":"Tipperary","isPSL":true,"privatePSL":false,"imagecount":0,"isTrade":false},{"advertId":"33213623923178060","vehicleMake":"Mazda","vehicleModel":"121","vehicleDerivative":"LX 1.3","vehiclePriceEuro":0,"vehicleYearOfManufacture":1996,"advertiserCounty":"Dublin","isPSL":false,"privatePSL":false,"vehicleImageId":"00843685-3bff-4527-8a33-641e08278d85","imagecount":7,"advertiserName":"Dublin City Auctions","isTrade":true},{"advertId":"31513525484501830","vehicleMake":"Mazda","vehicleModel":"323","vehicleDerivative":"LX 1.3","vehiclePriceEuro":2950,"vehicleYearOfManufacture":2004,"advertiserCounty":"Wexford","isPSL":false,"privatePSL":false,"vehicleImageId":"4b2bd17c-febc-41cd-a66f-b5f2987b08fc","imagecount":8,"advertiserName":"Grannell Motors","isTrade":true}],"totalAdvertCount":45174}