{"adverts":[{"advertId":"32013588506546230","vehicleMake":"Toyota","vehicleModel":"Avensis","vehicleDerivative":"SALOON","vehiclePriceEuro":21750,"vehicleYearOfManufacture":2011,"advertiserCounty":"Westmeath","isPSL":false,"privatePSL":false,"vehicleImageId":"dc6a16ed-67f0-48a9-a811-789856544767","imagecount":7,"advertiserName":"Grange Motors (Mullingar) Ltd","isTrade":true},{"advertId":"33413611902464600","vehicleMake":"Toyota","vehicleModel":"Avensis","vehicleDerivative":"2.0D-4D AURA DPF 4DR","vehiclePriceEuro":21750,"vehicleYearOfManufacture":2011,"advertiserCounty":"Westmeath","isPSL":false,"privatePSL":false,"vehicleImageId":"7ccf24c9-58a8-4999-bf17-b64f54092b51","imagecount":19,"advertiserName":"Keenan Bauer Motors","isTrade":true},{"advertId":"34113621594120060","vehicleMake":"Toyota","vehicleModel":"Avensis","vehicleDerivative":"2.0D4D STRATA DPF 4DR","vehiclePriceEuro":21750,"vehicleYearOfManufacture":2011,"advertiserCounty":"Louth","isPSL":false,"privatePSL":false,"imagecount":0,"advertiserName":"Meehans Ltd","isTrade":true},{"advertId":"31713589420141860","vehicleMake":"Toyota","vehicleModel":"Avensis","vehicleDerivative":"2.0D-4D AURA DPF 4DR","vehiclePriceEuro":21500,"vehicleYearOfManufacture":2011,"advertiserCounty":"Kilkenny","isPSL":false,"privatePSL":false,"vehicleImageId":"81fabd89-bb82-4879-beb7-3959bcc5a998","imagecount":9,"advertiserName":"Walsh's Toyota Kilkenny","isTrade":true},{"advertId":"31513508982198480","vehicleMake":"Toyota","vehicleModel":"Avensis","vehicleDerivative":"2.0D4D TR 4 DR","vehiclePriceEuro":21500,"vehicleYearOfManufacture":2011,"advertiserCounty":"Limerick","isPSL":true,"privatePSL":false,"vehicleImageId":"12a11105-b015-470f-8cb9-482597240e76","imagecount":12,"advertiserName":"Leonards Motors","isTrade":true},{"advertId":"31513589423356850","vehicleMake":"Toyota","vehicleModel":"Avensis","vehicleDerivative":"2.0D-4D AURA DPF 4DR","vehiclePriceEuro":21500,"vehicleYearOfManufacture":2011,"advertiserCounty":"Kilkenny","isPSL":false,"privatePSL":false,"vehicleImageId":"e678f931-30ca-4b17-9459-6b0fd75c2dc9","imagecount":10,"advertiserName":"Walsh's Toyota Kilkenny","isTrade":true},{"advertId":"34213622405832560","vehicleMake":"Toyota","vehicleModel":"Avensis","vehicleDerivative":"2.0D4D STRATA LOW KMS","vehiclePriceEuro":21500,"vehicleYearOfManufacture":2011,"advertiserCounty":"Louth","isPSL":false,"privatePSL":false,"vehicleImageId":"c22ff5b3-0cf1-4bd2-9f7e-f0b715555c80","imagecount":9,"advertiserName":"Byrne and Maguire","isTrade":true},{"advertId":"33213622270473060","vehicleMake":"Toyota","vehicleModel":"Avensis","vehicleDerivative":"2.0D4D STRATA DPF 4DR","vehiclePriceEuro":21495,"vehicleYearOfManufacture":2011,"advertiserCounty":"Dublin","isPSL":false,"privatePSL":false,"vehicleImageId":"f90ec69d-4f72-4240-bb12-5c0ad868931c","imagecount":8,"advertiserName":"Linders of Chapelizod","isTrade":true},{"advertId":"34113600599397910","vehicleMake":"Toyota","vehicleModel":"Avensis","vehicleDerivative":"2.0D4D STRATA DPF 4DR","vehiclePriceEuro":21450,"vehicleYearOfManufacture":2011,"advertiserCounty":"Clare","isPSL":true,"privatePSL":false,"vehicleImageId":"483cd4c6-3ec1-4faa-b29a-63532aa856bf","imagecount":12,"advertiserName":"Cummins Car Centre (Main Toyota Dealer)","isTrade":true},{"advertId":"34213622313492250","vehicleMake":"Toyota","vehicleModel":"Avensis","vehicleDerivative":"2.0D-4D AURA DPF 4DR","vehiclePriceEuro":21450,"vehicleYearOfManufacture":2011,"advertiserCounty":"Dublin","isPSL":false,"privatePSL":false,"vehicleImageId":"76917e04-4f28-4b97-9a8c-d47075567761","imagecount":8,"advertiserName":"Linders of Chapelizod","isTrade":true},{"advertId":"33213609226219100","vehicleMake":"Toyota","vehicleModel":"Avensis","vehicleDerivative":"2.0D4D STRATA DPF 4DR €22450 Retail or €21450 Straight Sale","vehiclePriceEuro":21450,"vehicleYearOfManufacture":2011,"advertiserCounty":"Louth","isPSL":false,"privatePSL":false,"imagecount":0,"advertiserName":"McCabes (Toyota) Ardee","isTrade":true},{"advertId":"31813572234341290","vehicleMake":"Toyota","vehicleModel":"Avensis","vehicleDerivative":"1.8 AUTO LUNA 4DR TOP OF THE RANGE, 12 MONTH WARRANTY CALL PADDY 0873286720 NOW FOR MORE DETAILS ","vehiclePriceEuro":21449,"vehicleYearOfManufacture":2011,"advertiserCounty":"Dublin","isPSL":true,"privatePSL":false,"vehicleImageId":"cfc239d0-8515-4641-a6d4-6b7e2c790324","imagecount":17,"advertiserName":"Carroll & Kinsella Motors (Walkinstown)","isTrade":true},{"advertId":"34113603255663350","vehicleMake":"Toyota","vehicleModel":"Avensis","vehicleDerivative":"Strata D4D","vehiclePriceEuro":21000,"vehicleYearOfManufacture":2011,"advertiserCounty":"Donegal","isPSL":false,"privatePSL":false,"vehicleImageId":"da8224fa-4695-4bb1-8f22-81c07e65ffee","imagecount":10,"advertiserName":"Kelly's Sales & Service","isTrade":true},{"advertId":"31813497158437240","vehicleMake":"Toyota","vehicleModel":"Avensis","vehicleDerivative":"2.0 D4D 4DR TR","vehiclePriceEuro":21000,"vehicleYearOfManufacture":2011,"advertiserCounty":"Limerick","isPSL":true,"privatePSL":false,"vehicleImageId":"de4328b1-74ce-4ed7-a8e5-a4e7b5e725b2","imagecount":9,"advertiserName":"Leonards Motors","isTrade":true},{"advertId":"32013497156139690","vehicleMake":"Toyota","vehicleModel":"Avensis","vehicleDerivative":"2.0 D4D TR","vehiclePriceEuro":21000,"vehicleYearOfManufacture":2011,"advertiserCounty":"Limerick","isPSL":true,"privatePSL":false,"vehicleImageId":"7f45f8c5-375d-4331-abde-c57f73797a04","imagecount":6,"advertiserName":"Leonards Motors","isTrade":true},{"advertId":"32913613755622860","vehicleMake":"Toyota","vehicleModel":"Avensis","vehicleDerivative":"2.0D4D STRATA DPF 4DR","vehiclePriceEuro":21000,"vehicleYearOfManufacture":2011,"advertiserCounty":"Cork","isPSL":true,"privatePSL":false,"vehicleImageId":"57585d77-1260-4140-a937-8527ff263448","imagecount":1,"advertiserName":"Macroom Motor Services Ltd","isTrade":true},{"advertId":"201307212433068","vehicleMake":"Toyota","vehicleModel":"Avensis","vehicleDerivative":"2.0D4D STRATA DPF 4DR","vehiclePriceEuro":21000,"vehicleYearOfManufacture":2011,"advertiserCounty":"Tipperary","isPSL":true,"privatePSL":false,"vehicleImageId":"14006775","imagecount":8,"isTrade":false},{"advertId":"32913613754517870","vehicleMake":"Toyota","vehicleModel":"Avensis","vehicleDerivative":"2.0D4D STRATA DPF 4DR","vehiclePriceEuro":21000,"vehicleYearOfManufacture":2011,"advertiserCounty":"Cork","isPSL":true,"privatePSL":false,"vehicleImageId":"18f74d13-17dc-459d-9c17-745df1c6d7a8","imagecount":1,"advertiserName":"Macroom Motor Services Ltd","isTrade":true},{"advertId":"34313624037458090","vehicleMake":"Toyota","vehicleModel":"Avensis","vehicleDerivative":"2.0D4D STRATA DPF 4DR","vehiclePriceEuro":20995,"vehicleYearOfManufacture":2011,"advertiserCounty":"Cork","isPSL":true,"privatePSL":false,"vehicleImageId":"688f8cf9-40a6-4117-8d26-278d8488247f","imagecount":1,"advertiserName":"Grandon Car Sales","isTrade":true},{"advertId":"31513566579152030","vehicleMake":"Toyota","vehicleModel":"Avensis","vehicleDerivative":"2.2 Diesel Luna...ONLY 48,000 Klms ...Silver Met.","vehiclePriceEuro":20995,"vehicleYearOfManufacture":2011,"advertiserCounty":"Dublin","isPSL":true,"privatePSL":false,"vehicleImageId":"5befc1f3-9ca4-4163-9e02-3957c544c394","imagecount":10,"advertiserName":"Windsor Airside","isTrade":true},{"advertId":"33413607821266350","vehicleMake":"Toyota","vehicleModel":"Avensis","vehicleDerivative":"2.0D4D STRATA DPF 4DR","vehiclePriceEuro":20995,"vehicleYearOfManufacture":2011,"advertiserCounty":"Cork","isPSL":true,"privatePSL":false,"vehicleImageId":"72f50906-bc8e-4330-992d-4d362ddde884","imagecount":1,"advertiserName":"Grandon Car Sales","isTrade":true},{"advertId":"31413589328451100","vehicleMake":"Toyota","vehicleModel":"Avensis","vehicleDerivative":"2.0D4D STRATA DPF 4DR","vehiclePriceEuro":20995,"vehicleYearOfManufacture":2011,"advertiserCounty":"Dublin","isPSL":true,"privatePSL":false,"vehicleImageId":"d376498c-33c9-443b-b0b7-cf2e89c19bc8","imagecount":12,"advertiserName":"K & C Garages Ltd","isTrade":true},{"advertId":"33213604087799830","vehicleMake":"Toyota","vehicleModel":"Avensis","vehicleDerivative":"2.0D4D STRATA DPF 4DR","vehiclePriceEuro":20975,"vehicleYearOfManufacture":2011,"advertiserCounty":"Carlow","isPSL":true,"privatePSL":false,"vehicleImageId":"b7706fcf-5e62-497f-904e-4112e292e4cd","imagecount":14,"advertiserName":"Bolands Carlow Skoda,Volvo & Mazda","isTrade":true},{"advertId":"32913600606189870","vehicleMake":"Toyota","vehicleModel":"Avensis","vehicleDerivative":"2lt Diesel Aura - Super Value","vehiclePriceEuro":20950,"vehicleYearOfManufacture":2011,"advertiserCounty":"Galway","isPSL":true,"privatePSL":false,"vehicleImageId":"37e4bb68-947f-4e14-9182-3fb380d64066","imagecount":6,"advertiserName":"Tony Burke Motors Ltd.","isTrade":true},{"advertId":"31413578954507070","vehicleMake":"Toyota","vehicleModel":"Avensis","vehicleDerivative":"TR SALOON - SAT NAV - CRUISE CONTROL - CLIMATE CONTROL - BLUETOOTH","vehiclePriceEuro":20950,"vehicleYearOfManufacture":2011,"advertiserCounty":"Kildare","isPSL":false,"privatePSL":false,"vehicleImageId":"3903cae6-6ffc-4c4b-808c-6e745549bd63","imagecount":11,"advertiserName":"Honda Centre Kildare","isTrade":true},{"advertId":"31713542734716510","vehicleMake":"Toyota","vehicleModel":"Avensis","vehicleDerivative":"Only 1 Previous Owner!","vehiclePriceEuro":20950,"vehicleYearOfManufacture":2011,"advertiserCounty":"Longford","isPSL":false,"privatePSL":false,"vehicleImageId":"279ed02c-5798-4add-be37-6dcda6aec7a8","imagecount":12,"advertiserName":"Peter Hanley Motors","isTrade":true},{"advertId":"31113590261818040","vehicleMake":"Toyota","vehicleModel":"Avensis","vehicleDerivative":"2.0D-4D \"AURA\" 4DR I OWNER CAR LOW TAX €280  IN MINT CONDITION COMES WITH LEGENDRY TOYOTA RELIABILITY & WARRANTY  A MUST SEE CAR !!!","vehiclePriceEuro":20950,"vehicleYearOfManufacture":2011,"advertiserCounty":"Kildare","isPSL":false,"privatePSL":false,"vehicleImageId":"c184f26d-0ab0-455a-ae24-5e65fd0c08f8","imagecount":9,"advertiserName":"Monasterevin Motors (EST 1954) Isuzu Authorised Dealer","isTrade":true},{"advertId":"31813594783866420","vehicleMake":"Toyota","vehicleModel":"Avensis","vehicleDerivative":"2.0 D-4D TERRA","vehiclePriceEuro":20950,"vehicleYearOfManufacture":2011,"advertiserCounty":"Roscommon","isPSL":false,"privatePSL":false,"vehicleImageId":"db8dad47-b563-42d4-a510-113610622b2c","imagecount":10,"advertiserName":"Dermot Hughes","isTrade":true},{"advertId":"34013623974306490","vehicleMake":"Toyota","vehicleModel":"Avensis","vehicleDerivative":"2.0D-4D AURA DPF 4DR","vehiclePriceEuro":20950,"vehicleYearOfManufacture":2011,"advertiserCounty":"Kildare","isPSL":false,"privatePSL":false,"vehicleImageId":"6ccc38bc-b0a0-4045-9083-627339b46689","imagecount":8,"advertiserName":"Monasterevin Motors (EST 1954) Isuzu Authorised Dealer","isTrade":true},{"advertId":"31813594820537230","vehicleMake":"Toyota","vehicleModel":"Avensis","vehicleDerivative":"2.0D-4D AURA DPF 4DR","vehiclePriceEuro":20950,"vehicleYearOfManufacture":2011,"advertiserCounty":"Westmeath","isPSL":false,"privatePSL":false,"vehicleImageId":"59e390e1-3807-438a-9649-0272260a1060","imagecount":6,"advertiserName":"Grange Motors (Mullingar) Ltd","isTrade":true},{"advertId":"32113559425138830","vehicleMake":"Toyota","vehicleModel":"Avensis","vehicleDerivative":"2.0 D4D AURA ","vehiclePriceEuro":20950,"vehicleYearOfManufacture":2011,"advertiserCounty":"Kildare","isPSL":false,"privatePSL":false,"vehicleImageId":"c9916e0b-51ea-40fe-b765-cbd60f316806","imagecount":1,"advertiserName":"Hyundai Naas","isTrade":true},{"advertId":"31913588567590100","vehicleMake":"Toyota","vehicleModel":"Avensis","vehicleDerivative":"2.0 D-4D TERRA.","vehiclePriceEuro":20950,"vehicleYearOfManufacture":2011,"advertiserCounty":"Roscommon","isPSL":false,"privatePSL":false,"vehicleImageId":"cfcc77bf-94be-40c5-85d5-a6c4406bc19d","imagecount":9,"advertiserName":"Dermot Hughes","isTrade":true},{"advertId":"31113575562992850","vehicleMake":"Toyota","vehicleModel":"Avensis","vehicleDerivative":"Terra 2.0 D4D","vehiclePriceEuro":20950,"vehicleYearOfManufacture":2011,"advertiserCounty":"Dublin","isPSL":false,"privatePSL":false,"vehicleImageId":"f8ef73fa-8ecb-4065-b2f9-bbfd4e60bf44","imagecount":10,"advertiserName":"Carroll & Kinsella Motors (Blackrock)","isTrade":true},{"advertId":"34213621429822790","vehicleMake":"Toyota","vehicleModel":"Avensis","vehicleDerivative":"2.0 DIESEL ** LOW MILEAGE**","vehiclePriceEuro":20950,"vehicleYearOfManufacture":2011,"advertiserCounty":"Roscommon","isPSL":true,"privatePSL":false,"vehicleImageId":"ab245c73-4123-4e49-89be-2efef4009340","imagecount":1,"advertiserName":"Cooney Motors","isTrade":true},{"advertId":"33213620670504000","vehicleMake":"Toyota","vehicleModel":"Avensis","vehicleDerivative":"2.0D-4D AURA DPF 4DR","vehiclePriceEuro":20950,"vehicleYearOfManufacture":2011,"advertiserCounty":"Meath","isPSL":false,"privatePSL":false,"vehicleImageId":"5d062de4-2304-49fb-a177-84534844add5","imagecount":8,"advertiserName":"Malone's Garage Ltd","isTrade":true},{"advertId":"32113576644748370","vehicleMake":"Toyota","vehicleModel":"Avensis","vehicleDerivative":"2.0D4D Terra 4DR","vehiclePriceEuro":20950,"vehicleYearOfManufacture":2011,"advertiserCounty":"Carlow","isPSL":false,"privatePSL":false,"vehicleImageId":"92fb182f-473b-4c20-8e91-8362208937f3","imagecount":9,"advertiserName":"Sheehy Motors Carlow","isTrade":true},{"advertId":"33213623978702550","vehicleMake":"Toyota","vehicleModel":"Avensis","vehicleDerivative":"D-4D T2 4DR","vehiclePriceEuro":20950,"vehicleYearOfManufacture":2011,"advertiserCounty":"Kildare","isPSL":false,"privatePSL":false,"vehicleImageId":"d26ba8d0-3efc-4ad2-9dfb-6bcec52f5670","imagecount":8,"advertiserName":"Monasterevin Motors (EST 1954) Isuzu Authorised Dealer","isTrade":true},{"advertId":"6313347699426080","vehicleMake":"Toyota","vehicleModel":"Avensis","vehicleDerivative":"   2.0 D4D, 6 SPEED, TAX BAND \"C\" EXTRAS INC, ALLOYS , A/C , MULTI FUNC STEERING WHEEL ,ARM REST ,  LEGENDERY TOYOTA RELIABILITY & ECONOMY + 3 YEAR TOYOTA WARRANTY ","vehiclePriceEuro":20950,"vehicleYearOfManufacture":2011,"advertiserCounty":"Kildare","isPSL":false,"privatePSL":false,"vehicleImageId":"678c875c-0dff-48a9-a90a-b4c3eb59fef8","imagecount":15,"advertiserName":"Monasterevin Motors (EST 1954) Isuzu Authorised Dealer","isTrade":true},{"advertId":"34313623929597490","vehicleMake":"Toyota","vehicleModel":"Avensis","vehicleDerivative":"2.0D-4D AURA DPF 4DR","vehiclePriceEuro":20950,"vehicleYearOfManufacture":2011,"advertiserCounty":"Westmeath","isPSL":false,"privatePSL":false,"vehicleImageId":"1bab5916-797f-48bb-a777-840806cca4b4","imagecount":6,"advertiserName":"Grange Motors (Mullingar) Ltd","isTrade":true},{"advertId":"31513593691255560","vehicleMake":"Toyota","vehicleModel":"Avensis","vehicleDerivative":"2.0D-4D AURA DPF 4DR","vehiclePriceEuro":20950,"vehicleYearOfManufacture":2011,"advertiserCounty":"Galway","isPSL":false,"privatePSL":false,"vehicleImageId":"b299cd14-783b-4102-932c-ba58bbc87ceb","imagecount":1,"advertiserName":"Parsons Garage","isTrade":true},{"advertId":"31513596429589020","vehicleMake":"Toyota","vehicleModel":"Avensis","vehicleDerivative":"D-4D Aura (Diesel)","vehiclePriceEuro":20950,"vehicleYearOfManufacture":2011,"advertiserCounty":"Waterford","isPSL":false,"privatePSL":false,"vehicleImageId":"b369a397-dc02-4392-a848-4ec7742f40db","imagecount":6,"advertiserName":"McConnell Bros Ltd","isTrade":true},{"advertId":"31913578198022520","vehicleMake":"Toyota","vehicleModel":"Avensis","vehicleDerivative":"2.0D4D STRATA DPF 4DR","vehiclePriceEuro":20950,"vehicleYearOfManufacture":2011,"advertiserCounty":"Cork","isPSL":true,"privatePSL":false,"vehicleImageId":"20e9c358-1b0b-4da5-aee0-24a19fb36e16","imagecount":7,"advertiserName":"Cogan's Toyota","isTrade":true},{"advertId":"34013618910979470","vehicleMake":"Toyota","vehicleModel":"Avensis","vehicleDerivative":"2.0D4D AURA TOURER 5DR","vehiclePriceEuro":20950,"vehicleYearOfManufacture":2011,"advertiserCounty":"Offaly","isPSL":false,"privatePSL":false,"vehicleImageId":"79ec5c9c-b08e-46cd-9663-49e117b4a557","imagecount":8,"advertiserName":"Fitzpatrick`s Garage Tullamore Hyundai","isTrade":true},{"advertId":"31113586044859410","vehicleMake":"Toyota","vehicleModel":"Avensis","vehicleDerivative":"2.0D-4D TERRA DPF 4DR","vehiclePriceEuro":20950,"vehicleYearOfManufacture":2011,"advertiserCounty":"Clare","isPSL":false,"privatePSL":false,"vehicleImageId":"1c1a421c-bab0-4a25-8b19-70cdf3822cfd","imagecount":10,"advertiserName":"Sheils of Ennis","isTrade":true},{"advertId":"31813590231957310","vehicleMake":"Toyota","vehicleModel":"Avensis","vehicleDerivative":"2.0*LEATHER SEATS*D4D T4,HEATED SEATS,MEMORY SEAT SETTINGS,FOLDING MIRRORS,HIGH SPEC***","vehiclePriceEuro":20950,"vehicleYearOfManufacture":2011,"advertiserCounty":"Kerry","isPSL":false,"privatePSL":false,"vehicleImageId":"5c499908-7fc1-411d-90e2-8cb127c72189","imagecount":18,"advertiserName":"Listowel Autos Ltd","isTrade":true},{"advertId":"34013621369768830","vehicleMake":"Toyota","vehicleModel":"Avensis","vehicleDerivative":"2.0D-4D AURA DPF 4DR","vehiclePriceEuro":20950,"vehicleYearOfManufacture":2011,"advertiserCounty":"Clare","isPSL":true,"privatePSL":false,"vehicleImageId":"ad8e2829-2b0f-4bb2-8ee1-833b870129c5","imagecount":10,"advertiserName":"Cummins Car Centre (Main Toyota Dealer)","isTrade":true},{"advertId":"33213603471410520","vehicleMake":"Toyota","vehicleModel":"Avensis","vehicleDerivative":"2.0 D4D STRATA 4DR TOP SPEC ALLOYS FOGS CALL PADDY 0873286720 FOR MORE DETAILS IRISH CAR","vehiclePriceEuro":20945,"vehicleYearOfManufacture":2011,"advertiserCounty":"Dublin","isPSL":true,"privatePSL":false,"vehicleImageId":"16d27f65-aa4b-4021-86d5-d6863e588ee0","imagecount":13,"advertiserName":"Carroll & Kinsella Motors (Walkinstown)","isTrade":true},{"advertId":"34313621600401090","vehicleMake":"Toyota","vehicleModel":"Avensis","vehicleDerivative":"TR 2.0 D-4D","vehiclePriceEuro":20900,"vehicleYearOfManufacture":2011,"advertiserCounty":"Cork","isPSL":true,"privatePSL":false,"vehicleImageId":"a569721c-55e4-4c80-ae23-e759106259b5","imagecount":10,"advertiserName":"Lehane Motors","isTrade":true},{"advertId":"31413589633088600","vehicleMake":"Toyota","vehicleModel":"Avensis","vehicleDerivative":"TR 2.0 D-4D","vehiclePriceEuro":20900,"vehicleYearOfManufacture":2011,"advertiserCounty":"Cork","isPSL":true,"privatePSL":false,"vehicleImageId":"e23bc62c-122d-4538-9233-1b4825d70a33","imagecount":10,"advertiserName":"Lehane Motors","isTrade":true},{"advertId":"34013621589223280","vehicleMake":"Toyota","vehicleModel":"Avensis","vehicleDerivative":"TR 2.0 D-4D","vehiclePriceEuro":20900,"vehicleYearOfManufacture":2011,"advertiserCounty":"Cork","isPSL":true,"privatePSL":false,"vehicleImageId":"ab927dde-d9db-46c9-ac36-bca5bec2cc43","imagecount":10,"advertiserName":"Lehane Motors","isTrade":true},{"advertId":"4813293972822760","vehicleMake":"Toyota","vehicleModel":"Avensis","vehicleDerivative":"2.0D-4D TERRA DPF 4DR","vehiclePriceEuro":20750,"vehicleYearOfManufacture":2011,"advertiserCounty":"Laois","isPSL":false,"privatePSL":false,"vehicleImageId":"36b99b2b-1cac-45d3-b206-defb7d99fb2e","imagecount":3,"advertiserName":"Des Hughes Motors","isTrade":true},{"advertId":"29613473853204160","vehicleMake":"Toyota","vehicleModel":"Avensis","vehicleDerivative":"2.0 D4D TR STRATA TOP OF THE RANGE 4DR ALLOYS FOGS A/CON SAT NAV TOP SPEC CALL PADDY 0873286720 NOW FOR MORE DETAILS ","vehiclePriceEuro":20749,"vehicleYearOfManufacture":2011,"advertiserCounty":"Dublin","isPSL":true,"privatePSL":false,"vehicleImageId":"fa655a67-6310-4b70-bd56-99b9efc9a6f0","imagecount":20,"advertiserName":"Carroll & Kinsella Motors (Walkinstown)","isTrade":true},{"advertId":"32113578291947880","vehicleMake":"Toyota","vehicleModel":"Avensis","vehicleDerivative":"2.0D-4D TERRA DPF 4DR","vehiclePriceEuro":20500,"vehicleYearOfManufacture":2011,"advertiserCounty":"Kilkenny","isPSL":false,"privatePSL":false,"vehicleImageId":"9721613b-d934-4896-9615-106bd85fb896","imagecount":9,"advertiserName":"Walsh's Toyota Kilkenny","isTrade":true},{"advertId":"33213619699333740","vehicleMake":"Toyota","vehicleModel":"Avensis","vehicleDerivative":"2.0 D4D STRATA","vehiclePriceEuro":20500,"vehicleYearOfManufacture":2011,"advertiserCounty":"Donegal","isPSL":false,"privatePSL":false,"vehicleImageId":"79daeb86-f9d4-489b-9d66-ab9a48c1cd79","imagecount":8,"advertiserName":"Kelly's Sales & Service","isTrade":true},{"advertId":"31413578293981080","vehicleMake":"Toyota","vehicleModel":"Avensis","vehicleDerivative":"D-4D 2.0 OVERMOUNT T2 4DR","vehiclePriceEuro":20500,"vehicleYearOfManufacture":2011,"advertiserCounty":"Kilkenny","isPSL":false,"privatePSL":false,"vehicleImageId":"29551370-d0ca-4645-8f94-cb5a806c92df","imagecount":10,"advertiserName":"Walsh's Toyota Kilkenny","isTrade":true},{"advertId":"31913551561744220","vehicleMake":"Toyota","vehicleModel":"Avensis","vehicleDerivative":"Great fuel return","vehiclePriceEuro":20500,"vehicleYearOfManufacture":2011,"advertiserCounty":"Kerry","isPSL":false,"privatePSL":false,"vehicleImageId":"5f57b18f-9f61-45d8-a744-b1d1247e3370","imagecount":7,"advertiserName":"Bowlers Toyota","isTrade":true},{"advertId":"30013439386805840","vehicleMake":"Toyota","vehicleModel":"Avensis","vehicleDerivative":"TR D4D (€280 Road Tax) Sat Nav","vehiclePriceEuro":20500,"vehicleYearOfManufacture":2011,"advertiserCounty":"Donegal","isPSL":false,"privatePSL":false,"vehicleImageId":"6e67dfa4-9672-4e46-8bf4-bd3457ac41b8","imagecount":16,"advertiserName":"Paddy Doherty Car Sales","isTrade":true},{"advertId":"31413588573303260","vehicleMake":"Toyota","vehicleModel":"Avensis","vehicleDerivative":"2.0D-4D TERRA DPF 4DR","vehiclePriceEuro":20500,"vehicleYearOfManufacture":2011,"advertiserCounty":"Kilkenny","isPSL":false,"privatePSL":false,"vehicleImageId":"645f7401-7f4e-4bcc-9bc0-ba85db57407e","imagecount":10,"advertiserName":"Walsh's Toyota Kilkenny","isTrade":true},{"advertId":"33413601522203150","vehicleMake":"Toyota","vehicleModel":"Avensis","vehicleDerivative":"2.0D-4D TERRA DPF 4DR","vehiclePriceEuro":20500,"vehicleYearOfManufacture":2011,"advertiserCounty":"Kilkenny","isPSL":false,"privatePSL":false,"vehicleImageId":"2a1ae1fd-3d0d-40d8-ae9c-79074292d736","imagecount":10,"advertiserName":"Walsh's Toyota Kilkenny","isTrade":true},{"advertId":"31513594809560990","vehicleMake":"Toyota","vehicleModel":"Avensis","vehicleDerivative":"2.0D-4D AURA DPF 4DR","vehiclePriceEuro":20450,"vehicleYearOfManufacture":2011,"advertiserCounty":"Westmeath","isPSL":false,"privatePSL":false,"vehicleImageId":"aa839202-ddf5-465f-8928-bd9d570fd5fe","imagecount":5,"advertiserName":"Grange Motors (Mullingar) Ltd","isTrade":true},{"advertId":"32013585906609030","vehicleMake":"Toyota","vehicleModel":"Avensis","vehicleDerivative":"2.0D-4D AURA DPF 4DR","vehiclePriceEuro":20450,"vehicleYearOfManufacture":2011,"advertiserCounty":"Kildare","isPSL":false,"privatePSL":false,"vehicleImageId":"d906f73b-d86c-44ca-addc-ed6a75b60fa3","imagecount":16,"advertiserName":"Fitzpatrick`s Garage Kildare Hyundai","isTrade":true},{"advertId":"31113580022462160","vehicleMake":"Toyota","vehicleModel":"Avensis","vehicleDerivative":"2.0D-4D AURA ","vehiclePriceEuro":20450,"vehicleYearOfManufacture":2011,"advertiserCounty":"Tipperary","isPSL":false,"privatePSL":false,"vehicleImageId":"58ce320b-60e7-4344-872c-a7b9d8f9b50b","imagecount":5,"advertiserName":"Templemore Motors Works","isTrade":true},{"advertId":"33413606662437970","vehicleMake":"Toyota","vehicleModel":"Avensis","vehicleDerivative":"2.0D-4D AURA 4DR","vehiclePriceEuro":20450,"vehicleYearOfManufacture":2011,"advertiserCounty":"Kildare","isPSL":false,"privatePSL":false,"imagecount":0,"advertiserName":"Fitzpatrick's Garage Naas Opel","isTrade":true},{"advertId":"31713579077166360","vehicleMake":"Toyota","vehicleModel":"Avensis","vehicleDerivative":"NG 1.6 STRATA 4DR","vehiclePriceEuro":20450,"vehicleYearOfManufacture":2011,"advertiserCounty":"Westmeath","isPSL":false,"privatePSL":false,"vehicleImageId":"d34f31c7-8ea5-4e38-8f19-3511868adfc4","imagecount":6,"advertiserName":"Grange Motors (Mullingar) Ltd","isTrade":true},{"advertId":"30213469208424450","vehicleMake":"Toyota","vehicleModel":"Avensis","vehicleDerivative":"2.0 D4D TR 5DR STRATA ESTATE SAT NAV REVERSE CAMERA TOP SPEC CALL WAYNE 0876124281 FOR MORE DETAILS ","vehiclePriceEuro":20449,"vehicleYearOfManufacture":2011,"advertiserCounty":"Dublin","isPSL":true,"privatePSL":false,"vehicleImageId":"2977d6da-79ab-4406-b4e5-60c6741f886d","imagecount":11,"advertiserName":"Carroll & Kinsella Motors (Walkinstown)","isTrade":true},{"advertId":"32013572429258430","vehicleMake":"Toyota","vehicleModel":"Avensis","vehicleDerivative":"2.0 D4D STRATA 4DR TOP SPEC ALLOYS FOGS CALL PADDY 0873286720 FOR MORE DETAILS IRISH CAR","vehiclePriceEuro":20449,"vehicleYearOfManufacture":2011,"advertiserCounty":"Dublin","isPSL":true,"privatePSL":false,"vehicleImageId":"366909b6-9b30-415c-83da-52d3b5954b10","imagecount":12,"advertiserName":"Carroll & Kinsella Motors (Walkinstown)","isTrade":true},{"advertId":"30213457353348470","vehicleMake":"Toyota","vehicleModel":"Avensis","vehicleDerivative":"2.0 D4D Saloon","vehiclePriceEuro":20400,"vehicleYearOfManufacture":2011,"advertiserCounty":"Tipperary","isPSL":false,"privatePSL":false,"vehicleImageId":"0f41f159-8e98-498a-b0c9-ae5bd0cc05e7","imagecount":7,"advertiserName":"Liam Buckley Car Sales","isTrade":true},{"advertId":"6813364714027810","vehicleMake":"Toyota","vehicleModel":"Avensis","vehicleDerivative":"2.0D4D STRATA DPF 4 DOOR","vehiclePriceEuro":20000,"vehicleYearOfManufacture":2011,"advertiserCounty":"Cork","isPSL":false,"privatePSL":false,"vehicleImageId":"b64bf4bf-1f96-402e-a5ff-cd2319eef5d5","imagecount":10,"advertiserName":"O'Callaghan Toyota Kanturk","isTrade":true},{"advertId":"32013502947272280","vehicleMake":"Toyota","vehicleModel":"Avensis","vehicleDerivative":"2.0D-4D TERRA 4DR","vehiclePriceEuro":20000,"vehicleYearOfManufacture":2011,"advertiserCounty":"Limerick","isPSL":false,"privatePSL":false,"vehicleImageId":"a3b9345a-f350-4ec7-9b68-3e6bbf937821","imagecount":6,"advertiserName":"Lyons of Limerick","isTrade":true},{"advertId":"33413620476265290","vehicleMake":"Toyota","vehicleModel":"Avensis","vehicleDerivative":"D-4D 2.0 OVERMOUNT TR 4DR","vehiclePriceEuro":19975,"vehicleYearOfManufacture":2011,"advertiserCounty":"Waterford","isPSL":false,"privatePSL":false,"imagecount":0,"advertiserName":"Martin Barrett","isTrade":true},{"advertId":"33213596424156210","vehicleMake":"Toyota","vehicleModel":"Avensis","vehicleDerivative":"D-4D Strata (Diesel)","vehiclePriceEuro":19950,"vehicleYearOfManufacture":2011,"advertiserCounty":"Waterford","isPSL":false,"privatePSL":false,"vehicleImageId":"2c329ae1-9f7b-4560-9b0d-80ba226b4239","imagecount":1,"advertiserName":"McConnell Bros Ltd","isTrade":true},{"advertId":"33913619595652480","vehicleMake":"Toyota","vehicleModel":"Avensis","vehicleDerivative":"SAT NAV,CRUISE,CLIMATE,REVERSING CAMERA,280 ROAD TAX","vehiclePriceEuro":19950,"vehicleYearOfManufacture":2011,"advertiserCounty":"Kildare","isPSL":false,"privatePSL":false,"vehicleImageId":"363c91f9-c5a6-4b3b-8774-fb9ffab40afb","imagecount":8,"advertiserName":"SMC Car Sales","isTrade":true},{"advertId":"34313615370572770","vehicleMake":"Toyota","vehicleModel":"Avensis","vehicleDerivative":"2.0D-4D AURA DPF 4DR","vehiclePriceEuro":19950,"vehicleYearOfManufacture":2011,"advertiserCounty":"Tipperary","isPSL":false,"privatePSL":false,"vehicleImageId":"af067531-be88-4f03-9436-facae391983f","imagecount":1,"advertiserName":"John Kennedy Motors","isTrade":true},{"advertId":"34013620133956330","vehicleMake":"Toyota","vehicleModel":"Avensis","vehicleDerivative":"2.0 D4D Aura","vehiclePriceEuro":19950,"vehicleYearOfManufacture":2011,"advertiserCounty":"Westmeath","isPSL":false,"privatePSL":false,"vehicleImageId":"1ae97567-7d0b-4ac4-a18a-74047f39e1ff","imagecount":8,"advertiserName":"Mullingar Nissan & Opel","isTrade":true},{"advertId":"31513549668191810","vehicleMake":"Toyota","vehicleModel":"Avensis","vehicleDerivative":"2.0D-4D TERRA","vehiclePriceEuro":19950,"vehicleYearOfManufacture":2011,"advertiserCounty":"Tipperary","isPSL":false,"privatePSL":false,"vehicleImageId":"2be00e78-2511-45b0-9ba5-0d088fc459fb","imagecount":7,"advertiserName":"Templemore Motors Works","isTrade":true},{"advertId":"31113561022720720","vehicleMake":"Toyota","vehicleModel":"Avensis","vehicleDerivative":"TOURER AURA DIESEL","vehiclePriceEuro":19950,"vehicleYearOfManufacture":2011,"advertiserCounty":"Dublin","isPSL":true,"privatePSL":false,"vehicleImageId":"3da67fc5-2718-43be-9889-ce816f5d7924","imagecount":11,"advertiserName":"McCoy Motors Ltd","isTrade":true},{"advertId":"31813590235579390","vehicleMake":"Toyota","vehicleModel":"Avensis","vehicleDerivative":"D4D TERRA DPF           ","vehiclePriceEuro":19950,"vehicleYearOfManufacture":2011,"advertiserCounty":"Longford","isPSL":false,"privatePSL":false,"vehicleImageId":"cb4ee2de-dd96-4d78-a4b0-9e3369e20d9c","imagecount":7,"advertiserName":"McNally Motors","isTrade":true},{"advertId":"34213602391858440","vehicleMake":"Toyota","vehicleModel":"Avensis","vehicleDerivative":"1.6 STRATA 4DR Petrol","vehiclePriceEuro":19950,"vehicleYearOfManufacture":2011,"advertiserCounty":"Wicklow","isPSL":false,"privatePSL":false,"vehicleImageId":"68963dd3-f660-499e-8454-58a312e2877c","imagecount":15,"advertiserName":"Johnson & Staunton, Toyota","isTrade":true},{"advertId":"31413573063181920","vehicleMake":"Toyota","vehicleModel":"Avensis","vehicleDerivative":"2.0D-4D AURA DPF 4DR","vehiclePriceEuro":19950,"vehicleYearOfManufacture":2011,"advertiserCounty":"Louth","isPSL":false,"privatePSL":false,"vehicleImageId":"d46f38ff-38c3-4d43-a99d-a0cebe39aa1a","imagecount":8,"advertiserName":"McCabes (Toyota) Drogheda","isTrade":true},{"advertId":"34013606638664560","vehicleMake":"Toyota","vehicleModel":"Avensis","vehicleDerivative":"2.0D-4D AURA DPF 4DR","vehiclePriceEuro":19950,"vehicleYearOfManufacture":2011,"advertiserCounty":"Louth","isPSL":false,"privatePSL":false,"vehicleImageId":"4a777474-74f8-4d2d-a0cf-e0d124f6a66a","imagecount":9,"advertiserName":"McCabes (Toyota) Drogheda","isTrade":true},{"advertId":"201246210973919","vehicleMake":"Toyota","vehicleModel":"Avensis","vehicleDerivative":"2.0D4D STRATA DPF 4DR","vehiclePriceEuro":19950,"vehicleYearOfManufacture":2011,"advertiserCounty":"Laois","isPSL":true,"privatePSL":false,"vehicleImageId":"14138790","imagecount":6,"isTrade":false},{"advertId":"34113608616854290","vehicleMake":"Toyota","vehicleModel":"Avensis","vehicleDerivative":"2.0 D4D TR 5DR STRATA ESTATE SAT NAV REVERSE CAMERA TOP SPEC CALL WAYNE 0876124281 FOR MORE DETAILS ","vehiclePriceEuro":19949,"vehicleYearOfManufacture":2011,"advertiserCounty":"Dublin","isPSL":true,"privatePSL":false,"vehicleImageId":"e88b3723-afd8-49e3-abc8-05368d633a63","imagecount":11,"advertiserName":"Carroll & Kinsella Motors (Walkinstown)","isTrade":true},{"advertId":"32013589630058640","vehicleMake":"Toyota","vehicleModel":"Avensis","vehicleDerivative":"TR 2.0 D-4D","vehiclePriceEuro":19900,"vehicleYearOfManufacture":2011,"advertiserCounty":"Cork","isPSL":true,"privatePSL":false,"vehicleImageId":"cb57c271-d483-4630-9950-12c6eaff1cb0","imagecount":10,"advertiserName":"Lehane Motors","isTrade":true},{"advertId":"8013393269272370","vehicleMake":"Toyota","vehicleModel":"Avensis","vehicleDerivative":"2.0 D4D TERRA SALOON ","vehiclePriceEuro":19900,"vehicleYearOfManufacture":2011,"advertiserCounty":"Waterford","isPSL":false,"privatePSL":false,"vehicleImageId":"e616972a-4f8d-47f2-b603-1077de19a052","imagecount":5,"advertiserName":"Hornibrooks of Lismore","isTrade":true},{"advertId":"213226410993240","vehicleMake":"Toyota","vehicleModel":"Avensis","vehicleDerivative":"2.0 d4d tr sat nav","vehiclePriceEuro":19750,"vehicleYearOfManufacture":2011,"advertiserCounty":"Wexford","isPSL":false,"privatePSL":false,"vehicleImageId":"32f02766-1464-46a2-b8cb-224805f7c106","imagecount":2,"advertiserName":"Tom Moran & Sons Ltd","isTrade":true},{"advertId":"32713594093670650","vehicleMake":"Toyota","vehicleModel":"Avensis","vehicleDerivative":"2.0L D-4D DIESEL TERRA SALOON 4DR IMMACULATE CONDITION","vehiclePriceEuro":19750,"vehicleYearOfManufacture":2011,"advertiserCounty":"Cork","isPSL":true,"privatePSL":false,"vehicleImageId":"7b588383-acf4-48c0-80d1-88c222d2c847","imagecount":8,"advertiserName":"Kearys Hyundai Cork","isTrade":true},{"advertId":"34413616305743920","vehicleMake":"Toyota","vehicleModel":"Avensis","vehicleDerivative":"2.0 D4D 4DR TR","vehiclePriceEuro":19700,"vehicleYearOfManufacture":2011,"advertiserCounty":"Wexford","isPSL":false,"privatePSL":false,"vehicleImageId":"84b0609f-6e7e-470c-a9ee-9f36d125a4d4","imagecount":12,"advertiserName":"Boland Motors New Ross","isTrade":true},{"advertId":"201306212295855","vehicleMake":"Toyota","vehicleModel":"Avensis","vehicleDerivative":"2.0D4D STRATA DPF 4DR","vehiclePriceEuro":19650,"vehicleYearOfManufacture":2011,"advertiserCounty":"Kildare","isPSL":true,"privatePSL":false,"vehicleImageId":"14317063","imagecount":5,"isTrade":false},{"advertId":"34113601623514590","vehicleMake":"Toyota","vehicleModel":"Avensis","vehicleDerivative":"Strata 2.0 Diesel, AMAZING VALUE ","vehiclePriceEuro":19575,"vehicleYearOfManufacture":2011,"advertiserCounty":"Wexford","isPSL":true,"privatePSL":false,"vehicleImageId":"40a9a416-8d36-438f-89d9-a1965e959eea","imagecount":11,"advertiserName":"Menapia Motors (Renault & Dacia)","isTrade":true},{"advertId":"33413618909747470","vehicleMake":"Toyota","vehicleModel":"Avensis","vehicleDerivative":"2.0 d4d tr","vehiclePriceEuro":19500,"vehicleYearOfManufacture":2011,"advertiserCounty":"Cork","isPSL":true,"privatePSL":false,"vehicleImageId":"5839fd7c-2ccf-47df-8a51-7d5b503f6193","imagecount":5,"advertiserName":"Macroom Motor Services Ltd","isTrade":true},{"advertId":"813237885737630","vehicleMake":"Toyota","vehicleModel":"Avensis","vehicleDerivative":"2.0 d4d tr as new ","vehiclePriceEuro":19500,"vehicleYearOfManufacture":2011,"advertiserCounty":"Wexford","isPSL":false,"privatePSL":false,"vehicleImageId":"02d2944b-4d4f-4092-ade2-b1be4ebb7aaf","imagecount":7,"advertiserName":"Tom Moran & Sons Ltd","isTrade":true},{"advertId":"32013588440013160","vehicleMake":"Toyota","vehicleModel":"Avensis","vehicleDerivative":"2.0 DIESEL AURA","vehiclePriceEuro":19500,"vehicleYearOfManufacture":2011,"advertiserCounty":"Dublin","isPSL":false,"privatePSL":false,"vehicleImageId":"c3fb2e67-c5d8-44c1-8df7-cc781de9eb33","imagecount":8,"advertiserName":"Cloghran Car Sales","isTrade":true},{"advertId":"34313624003390400","vehicleMake":"Toyota","vehicleModel":"Avensis","vehicleDerivative":"2.0D-4D TERRA DPF 4DR","vehiclePriceEuro":19500,"vehicleYearOfManufacture":2011,"advertiserCounty":"Westmeath","isPSL":false,"privatePSL":false,"vehicleImageId":"1dc3df58-4c6a-4cb8-8ca4-48467403d535","imagecount":12,"advertiserName":"Joe Lynch & Sons Ltd.","isTrade":true},{"advertId":"34213611861258680","vehicleMake":"Toyota","vehicleModel":"Avensis","vehicleDerivative":"2.0D-4D AURA 4DR","vehiclePriceEuro":19500,"vehicleYearOfManufacture":2011,"advertiserCounty":"Cork","isPSL":false,"privatePSL":false,"vehicleImageId":"e09c5d53-28f0-4470-ad58-6e326f2474c7","imagecount":16,"advertiserName":"O'Callaghan Toyota Kanturk","isTrade":true},{"advertId":"31513591339210840","vehicleMake":"Toyota","vehicleModel":"Avensis","vehicleDerivative":"2.0D-4D TERRA DPF 4DR","vehiclePriceEuro":19500,"vehicleYearOfManufacture":2011,"advertiserCounty":"Cork","isPSL":false,"privatePSL":false,"vehicleImageId":"0788fcbf-a69c-4fb5-a75e-6f4154fbdf92","imagecount":4,"advertiserName":"F.M. Autos","isTrade":true},{"advertId":"30913539460712890","vehicleMake":"Toyota","vehicleModel":"Avensis","vehicleDerivative":"2.0D4D TERRA D","vehiclePriceEuro":19500,"vehicleYearOfManufacture":2011,"advertiserCounty":"Cork","isPSL":true,"privatePSL":false,"vehicleImageId":"6da6ab61-94ff-4638-a6e0-01c39567613b","imagecount":5,"advertiserName":"Cogan's Toyota","isTrade":true},{"advertId":"3313288719552230","vehicleMake":"Toyota","vehicleModel":"Avensis","vehicleDerivative":"2.0D-4D TERRA DPF 4DR","vehiclePriceEuro":19500,"vehicleYearOfManufacture":2011,"advertiserCounty":"Cork","isPSL":true,"privatePSL":false,"vehicleImageId":"b566c149-4189-4d82-b18c-419d268e1bb9","imagecount":6,"advertiserName":"Cogan's Toyota","isTrade":true},{"advertId":"34113599947893860","vehicleMake":"Toyota","vehicleModel":"Avensis","vehicleDerivative":"2.0D-4D TERRA DPF 4DR","vehiclePriceEuro":19450,"vehicleYearOfManufacture":2011,"advertiserCounty":"Kildare","isPSL":false,"privatePSL":false,"vehicleImageId":"d44c537e-a6cd-4ed9-b4f5-b11636223d22","imagecount":15,"advertiserName":"Fitzpatrick`s Garage Kildare Hyundai","isTrade":true},{"advertId":"34313614683507890","vehicleMake":"Toyota","vehicleModel":"Avensis","vehicleDerivative":"D4D --AURA--EXCELLENT VALUE--","vehiclePriceEuro":19450,"vehicleYearOfManufacture":2011,"advertiserCounty":"Dublin","isPSL":true,"privatePSL":false,"vehicleImageId":"ded16092-be83-4fc9-919b-33111ba8f618","imagecount":9,"advertiserName":"Right Price Cars (Prussia Street)","isTrade":true},{"advertId":"34113601192179880","vehicleMake":"Toyota","vehicleModel":"Avensis","vehicleDerivative":"TR","vehiclePriceEuro":19450,"vehicleYearOfManufacture":2011,"advertiserCounty":"Clare","isPSL":false,"privatePSL":false,"vehicleImageId":"647dde2f-17f3-4e33-bc73-399fd539ff33","imagecount":7,"advertiserName":"Derek Considine Car Sales","isTrade":true}],"totalAdvertCount":45174}