{"adverts":[{"advertId":"33913602420712350","vehicleMake":"Volkswagen","vehicleModel":"Golf","vehicleDerivative":"1.6TDI R-Edition","vehiclePriceEuro":21950,"vehicleYearOfManufacture":2012,"advertiserCounty":"Kildare","isPSL":false,"privatePSL":false,"vehicleImageId":"e4deee24-e070-4f12-a92b-7497616cff6c","imagecount":9,"advertiserName":"Sheehy Motors Naas","isTrade":true},{"advertId":"31513587803817020","vehicleMake":"Volkswagen","vehicleModel":"Golf","vehicleDerivative":"R Edition","vehiclePriceEuro":21950,"vehicleYearOfManufacture":2012,"advertiserCounty":"Dublin","isPSL":false,"privatePSL":false,"vehicleImageId":"4b5dd2c1-8236-4322-8b98-d0571730732c","imagecount":13,"advertiserName":"Karmann","isTrade":true},{"advertId":"31413587803816920","vehicleMake":"Volkswagen","vehicleModel":"Golf","vehicleDerivative":"R Edition Diesel 1.6tdi","vehiclePriceEuro":21950,"vehicleYearOfManufacture":2012,"advertiserCounty":"Dublin","isPSL":false,"privatePSL":false,"vehicleImageId":"15c1c73a-aa22-4ee3-98b1-380c843b70ff","imagecount":13,"advertiserName":"Karmann","isTrade":true},{"advertId":"31513590233229390","vehicleMake":"Volkswagen","vehicleModel":"Golf","vehicleDerivative":"TL 1.6 TDI *SPORTS PACK+UPGRADED ALLOYS*LIKE NEW*","vehiclePriceEuro":21950,"vehicleYearOfManufacture":2012,"advertiserCounty":"Galway","isPSL":true,"privatePSL":false,"vehicleImageId":"b7a1872e-ebe0-43b4-8c20-8106bd0180b2","imagecount":8,"advertiserName":"Al Hayes Motors Ltd","isTrade":true},{"advertId":"31413595657760070","vehicleMake":"Volkswagen","vehicleModel":"Golf","vehicleDerivative":"EDITION-R 1.6TDI 5DR 105BHP","vehiclePriceEuro":21950,"vehicleYearOfManufacture":2012,"advertiserCounty":"Dublin","isPSL":true,"privatePSL":false,"imagecount":0,"advertiserName":"Park Motors Volkswagen (MSL)","isTrade":true},{"advertId":"34113614263499030","vehicleMake":"Volkswagen","vehicleModel":"Golf","vehicleDerivative":"EDITION-R 1.6TDI 5DR 105BHP","vehiclePriceEuro":21950,"vehicleYearOfManufacture":2012,"advertiserCounty":"Dublin","isPSL":false,"privatePSL":false,"vehicleImageId":"df98b523-f44f-436f-b26f-de9d9285d0f8","imagecount":1,"advertiserName":"Karmann","isTrade":true},{"advertId":"32713595657760750","vehicleMake":"Volkswagen","vehicleModel":"Golf","vehicleDerivative":"EDITION-R 1.6TDI 5DR 105BHP","vehiclePriceEuro":21950,"vehicleYearOfManufacture":2012,"advertiserCounty":"Dublin","isPSL":true,"privatePSL":false,"imagecount":0,"advertiserName":"Park Motors Volkswagen (MSL)","isTrade":true},{"advertId":"31813528943443370","vehicleMake":"Volkswagen","vehicleModel":"Golf","vehicleDerivative":"EDITION-R 1.6TDI 5DR 105BHP","vehiclePriceEuro":21950,"vehicleYearOfManufacture":2012,"advertiserCounty":"Dublin","isPSL":true,"privatePSL":false,"vehicleImageId":"7cf0a425-6869-4a28-92c6-6cd4cdb1f1ba","imagecount":15,"advertiserName":"Park Motors Volkswagen (MSL)","isTrade":true},{"advertId":"34313608611573630","vehicleMake":"Volkswagen","vehicleModel":"Golf","vehicleDerivative":"TRENDLINE TDI","vehiclePriceEuro":21950,"vehicleYearOfManufacture":2012,"advertiserCounty":"Dublin","isPSL":true,"privatePSL":false,"vehicleImageId":"91dfe596-67d8-4b4c-8ba2-e0f825d4a368","imagecount":8,"advertiserName":"Park Motors Volkswagen (MSL)","isTrade":true},{"advertId":"33913614263499340","vehicleMake":"Volkswagen","vehicleModel":"Golf","vehicleDerivative":"EDITION-R 1.6TDI 3DR 105BHP","vehiclePriceEuro":21950,"vehicleYearOfManufacture":2012,"advertiserCounty":"Dublin","isPSL":false,"privatePSL":false,"vehicleImageId":"2df1a239-5c18-4f2d-8ab5-9e823229e99b","imagecount":1,"advertiserName":"Karmann","isTrade":true},{"advertId":"34113601771039200","vehicleMake":"Volkswagen","vehicleModel":"Golf","vehicleDerivative":"Trendline 1.6TDI 105BHP **SPORT PACK**LOW MILES**","vehiclePriceEuro":21950,"vehicleYearOfManufacture":2012,"advertiserCounty":"Roscommon","isPSL":true,"privatePSL":false,"vehicleImageId":"3ab458ae-0acf-46ea-a699-64d3987d3f25","imagecount":9,"advertiserName":"J. Keane & Sons (Ros) Ltd","isTrade":true},{"advertId":"33213596202757940","vehicleMake":"Volkswagen","vehicleModel":"Golf","vehicleDerivative":"1.6TDI Trendline","vehiclePriceEuro":21950,"vehicleYearOfManufacture":2012,"advertiserCounty":"Kildare","isPSL":false,"privatePSL":false,"vehicleImageId":"b2b70871-b679-4b7d-afca-4be4b0137ccb","imagecount":9,"advertiserName":"Sheehy Motors Naas","isTrade":true},{"advertId":"33913609477215120","vehicleMake":"Volkswagen","vehicleModel":"Golf","vehicleDerivative":"1.6 TDI Match. Phone Cash Price € 21950 Trade In Price € 22950","vehiclePriceEuro":21950,"vehicleYearOfManufacture":2012,"advertiserCounty":"Westmeath","isPSL":false,"privatePSL":false,"vehicleImageId":"7cb47fdf-ffe6-4371-b52d-fbd7f50e9052","imagecount":10,"advertiserName":"Michael Moore Athlone Volkswagen","isTrade":true},{"advertId":"34313624163607870","vehicleMake":"Volkswagen","vehicleModel":"Golf","vehicleDerivative":"Edition R 1.6tdi 105bhp","vehiclePriceEuro":21950,"vehicleYearOfManufacture":2012,"advertiserCounty":"Longford","isPSL":false,"privatePSL":false,"vehicleImageId":"1e228cee-366b-45c3-9c28-ec692837ea5a","imagecount":5,"advertiserName":"O Reilly and Sons","isTrade":true},{"advertId":"33413622039441110","vehicleMake":"Volkswagen","vehicleModel":"Golf","vehicleDerivative":"PLUS TL 1.2 TSI MANUAL 5SPEED FWD 85HP","vehiclePriceEuro":21950,"vehicleYearOfManufacture":2012,"advertiserCounty":"Dublin","isPSL":true,"privatePSL":false,"vehicleImageId":"6a0a24f4-5e6a-4d4c-94e4-8a3b26d70e62","imagecount":15,"advertiserName":"Grange Motors (MSL)","isTrade":true},{"advertId":"34013622039440740","vehicleMake":"Volkswagen","vehicleModel":"Golf","vehicleDerivative":"250 TDI MANUAL 5SPEED FWD 90HP 4DR","vehiclePriceEuro":21950,"vehicleYearOfManufacture":2012,"advertiserCounty":"Dublin","isPSL":true,"privatePSL":false,"vehicleImageId":"2f0032a7-da9f-44df-a468-914eda59ccd8","imagecount":14,"advertiserName":"Grange Motors (MSL)","isTrade":true},{"advertId":"31513582511788650","vehicleMake":"Volkswagen","vehicleModel":"Golf","vehicleDerivative":"Diesel 1.6tdi Sports Pack","vehiclePriceEuro":21950,"vehicleYearOfManufacture":2012,"advertiserCounty":"Dublin","isPSL":false,"privatePSL":false,"vehicleImageId":"a8d8591d-3c32-4591-970b-8a95953595c8","imagecount":9,"advertiserName":"Karmann","isTrade":true},{"advertId":"34113608490138870","vehicleMake":"Volkswagen","vehicleModel":"Golf","vehicleDerivative":"1.6 TDI SPORTS PACK & PHONE DEMONSTRATOR.","vehiclePriceEuro":21945,"vehicleYearOfManufacture":2012,"advertiserCounty":"Westmeath","isPSL":false,"privatePSL":false,"vehicleImageId":"6fb3d36f-1ac8-4d66-a34f-f21e0981b2e9","imagecount":12,"advertiserName":"Michael Moore Athlone Volkswagen","isTrade":true},{"advertId":"34313608490139710","vehicleMake":"Volkswagen","vehicleModel":"Golf","vehicleDerivative":"Sports Pack 1.6 TDI.","vehiclePriceEuro":21945,"vehicleYearOfManufacture":2012,"advertiserCounty":"Westmeath","isPSL":false,"privatePSL":false,"vehicleImageId":"8fcd3e7b-0d85-4575-b2b7-5cb539d09e54","imagecount":16,"advertiserName":"Michael Moore Athlone Volkswagen","isTrade":true},{"advertId":"34213613615202610","vehicleMake":"Volkswagen","vehicleModel":"Golf","vehicleDerivative":"1.6Tdi 90bhp Trendline","vehiclePriceEuro":21900,"vehicleYearOfManufacture":2012,"advertiserCounty":"Limerick","isPSL":false,"privatePSL":false,"vehicleImageId":"bf0826cb-f5dd-47cc-a1dc-2ad421026965","imagecount":9,"advertiserName":"Frank Hogan Ltd. Volkswagen","isTrade":true},{"advertId":"34013612888119170","vehicleMake":"Volkswagen","vehicleModel":"Golf","vehicleDerivative":"TL 1.6 TDI *VERY LOW MILAGE//ONLY 8K KM!!**","vehiclePriceEuro":21850,"vehicleYearOfManufacture":2012,"advertiserCounty":"Galway","isPSL":true,"privatePSL":false,"vehicleImageId":"b3f7cfbe-1fa5-41b2-9613-cb09fba7be7f","imagecount":13,"advertiserName":"Al Hayes Motors Ltd","isTrade":true},{"advertId":"30213493671754810","vehicleMake":"Volkswagen","vehicleModel":"Golf","vehicleDerivative":"SPORT PACK 1.6 TDI","vehiclePriceEuro":21750,"vehicleYearOfManufacture":2012,"advertiserCounty":"Galway","isPSL":true,"privatePSL":false,"vehicleImageId":"36dda091-3673-425e-b237-ef7ef177b0ff","imagecount":12,"advertiserName":"Al Hayes Motors Ltd","isTrade":true},{"advertId":"34113620471860040","vehicleMake":"Volkswagen","vehicleModel":"Golf","vehicleDerivative":"TRENDLINE","vehiclePriceEuro":21750,"vehicleYearOfManufacture":2012,"advertiserCounty":"Dublin","isPSL":true,"privatePSL":false,"vehicleImageId":"1d0fcbfd-ad89-4597-93fe-dd168087e145","imagecount":2,"advertiserName":"McAllister Volkswagen","isTrade":true},{"advertId":"31113573007623590","vehicleMake":"Volkswagen","vehicleModel":"Golf","vehicleDerivative":"Edition R 1.6TDI 105BHP","vehiclePriceEuro":21750,"vehicleYearOfManufacture":2012,"advertiserCounty":"Dublin","isPSL":true,"privatePSL":false,"vehicleImageId":"89057fe3-856f-4ea7-8bad-77dce54fbbe9","imagecount":10,"advertiserName":"MSL Volkswagen Sandyford","isTrade":true},{"advertId":"31713573007620800","vehicleMake":"Volkswagen","vehicleModel":"Golf","vehicleDerivative":"Edition R 1.6TDI 105BHP","vehiclePriceEuro":21750,"vehicleYearOfManufacture":2012,"advertiserCounty":"Dublin","isPSL":true,"privatePSL":false,"vehicleImageId":"ac4c8c46-3530-4a9c-9b08-2e006bf299ad","imagecount":10,"advertiserName":"MSL Volkswagen Sandyford","isTrade":true},{"advertId":"32113552451701200","vehicleMake":"Volkswagen","vehicleModel":"Golf","vehicleDerivative":"Edition-R 1.6TDI 105BHP","vehiclePriceEuro":21750,"vehicleYearOfManufacture":2012,"advertiserCounty":"Dublin","isPSL":true,"privatePSL":false,"vehicleImageId":"18ad81c6-3e6d-4a48-b1ff-accc7e37fe18","imagecount":10,"advertiserName":"MSL Volkswagen Sandyford","isTrade":true},{"advertId":"31413552451714870","vehicleMake":"Volkswagen","vehicleModel":"Golf","vehicleDerivative":"Match 1.6TDI 90HP","vehiclePriceEuro":21750,"vehicleYearOfManufacture":2012,"advertiserCounty":"Dublin","isPSL":true,"privatePSL":false,"vehicleImageId":"90c389c6-351a-470c-ab29-6c84908e3ab6","imagecount":9,"advertiserName":"MSL Volkswagen Sandyford","isTrade":true},{"advertId":"33913599971429340","vehicleMake":"Volkswagen","vehicleModel":"Golf","vehicleDerivative":"1.6 TDI 105BHP TRENDLINE **IRISH CAR**","vehiclePriceEuro":21500,"vehicleYearOfManufacture":2012,"advertiserCounty":"Cork","isPSL":true,"privatePSL":false,"vehicleImageId":"edd1d31e-5fef-41e4-8298-afa4288eb2aa","imagecount":10,"advertiserName":"Newmarket Motors Ltd","isTrade":true},{"advertId":"34213614402353870","vehicleMake":"Volkswagen","vehicleModel":"Golf","vehicleDerivative":"1.6 TDI SPORT PACK 5DR","vehiclePriceEuro":21500,"vehicleYearOfManufacture":2012,"advertiserCounty":"Galway","isPSL":false,"privatePSL":false,"vehicleImageId":"4dd4f507-052a-4e06-a62c-edefceb53f33","imagecount":9,"advertiserName":"Bradley Motor Works Ltd","isTrade":true},{"advertId":"34113612696444100","vehicleMake":"Volkswagen","vehicleModel":"Golf","vehicleDerivative":"Match & Phone 1.6 TDI Match. Cash Price € 21500. Trade In Price € 22,500","vehiclePriceEuro":21500,"vehicleYearOfManufacture":2012,"advertiserCounty":"Westmeath","isPSL":false,"privatePSL":false,"vehicleImageId":"28269872-3e9d-4192-80c8-e2e3bb388808","imagecount":19,"advertiserName":"Michael Moore Athlone Volkswagen","isTrade":true},{"advertId":"31413553140000410","vehicleMake":"Volkswagen","vehicleModel":"Golf","vehicleDerivative":"**DEMO MODEL** TRENDLINE 105BHP 5 DOOR","vehiclePriceEuro":21500,"vehicleYearOfManufacture":2012,"advertiserCounty":"Cork","isPSL":true,"privatePSL":false,"vehicleImageId":"b8156dcc-b704-4df7-88e4-a7a53c54aa6c","imagecount":10,"advertiserName":"Newmarket Motors Ltd","isTrade":true},{"advertId":"31413557550674170","vehicleMake":"Volkswagen","vehicleModel":"Golf","vehicleDerivative":"1.6TDI 90BHP 5DR TRENDLINE --- BLACKWATER FERMOY","vehiclePriceEuro":21500,"vehicleYearOfManufacture":2012,"advertiserCounty":"Cork","isPSL":true,"privatePSL":false,"vehicleImageId":"9e83b38f-d434-4e98-ba65-b989a7cf6013","imagecount":20,"advertiserName":"Blackwater Motors Fermoy (Main Volkswagen Dealer)","isTrade":true},{"advertId":"31413576463444740","vehicleMake":"Volkswagen","vehicleModel":"Golf","vehicleDerivative":"TRENDLINE 1.6 TDI 105BHP 5 SPEED","vehiclePriceEuro":21500,"vehicleYearOfManufacture":2012,"advertiserCounty":"Cork","isPSL":true,"privatePSL":false,"vehicleImageId":"2f1887e9-5ad3-4083-bc16-c6a0eecd4eb5","imagecount":10,"advertiserName":"Newmarket Motors Ltd","isTrade":true},{"advertId":"34113608490137230","vehicleMake":"Volkswagen","vehicleModel":"Golf","vehicleDerivative":"Match & Phone 1.6 TDI Cash Price € 21500 Trade In Price € 22,500","vehiclePriceEuro":21500,"vehicleYearOfManufacture":2012,"advertiserCounty":"Westmeath","isPSL":false,"privatePSL":false,"vehicleImageId":"e4232d56-ef63-4c2e-bfa2-ad1dfe95cde2","imagecount":8,"advertiserName":"Michael Moore Athlone Volkswagen","isTrade":true},{"advertId":"31913596335487280","vehicleMake":"Volkswagen","vehicleModel":"Golf","vehicleDerivative":"1.6 TDI 105BHP 5 DOOR TRENDLINE **IRISH CAR**","vehiclePriceEuro":21500,"vehicleYearOfManufacture":2012,"advertiserCounty":"Cork","isPSL":true,"privatePSL":false,"vehicleImageId":"d3a064f4-b1ad-45d4-a137-86dd60651055","imagecount":9,"advertiserName":"Newmarket Motors Ltd","isTrade":true},{"advertId":"30913506380424070","vehicleMake":"Volkswagen","vehicleModel":"Golf","vehicleDerivative":"1.6TDI 90BHP TRENDLINE --- BLACKWATER FERMOY","vehiclePriceEuro":21500,"vehicleYearOfManufacture":2012,"advertiserCounty":"Cork","isPSL":true,"privatePSL":false,"vehicleImageId":"8662db89-2743-442a-adb2-079ad927477a","imagecount":20,"advertiserName":"Blackwater Motors Fermoy (Main Volkswagen Dealer)","isTrade":true},{"advertId":"31113589599604310","vehicleMake":"Volkswagen","vehicleModel":"Golf","vehicleDerivative":"TRENDLINE 1.6 TDI MANUAL 5SPEED 105BHP 5DR M5F105BHP","vehiclePriceEuro":21500,"vehicleYearOfManufacture":2012,"advertiserCounty":"Cork","isPSL":true,"privatePSL":false,"vehicleImageId":"b2eeb768-5984-444c-9b1a-b07fd6c15a8a","imagecount":20,"advertiserName":"Blackwater Motors Skibbereen (Main Volkswagen Dealer)","isTrade":true},{"advertId":"31513576644840890","vehicleMake":"Volkswagen","vehicleModel":"Golf","vehicleDerivative":"TDI SPORT","vehiclePriceEuro":21495,"vehicleYearOfManufacture":2012,"advertiserCounty":"Donegal","isPSL":false,"privatePSL":false,"vehicleImageId":"43c4712e-41bb-40a8-bde8-c35e6b4f286b","imagecount":9,"advertiserName":"J.J. Reid Motors","isTrade":true},{"advertId":"31413552451667430","vehicleMake":"Volkswagen","vehicleModel":"Golf","vehicleDerivative":"TL 1.6TDI 5DR 90BHP","vehiclePriceEuro":21495,"vehicleYearOfManufacture":2012,"advertiserCounty":"Donegal","isPSL":false,"privatePSL":false,"vehicleImageId":"82dd99eb-59cc-4d6b-828c-114082fe17e0","imagecount":9,"advertiserName":"J.J. Reid Motors","isTrade":true},{"advertId":"32113553140000170","vehicleMake":"Volkswagen","vehicleModel":"Golf","vehicleDerivative":"**DEMO MODEL** TRENDLINE 1.6TDI 5 DOOR","vehiclePriceEuro":21490,"vehicleYearOfManufacture":2012,"advertiserCounty":"Cork","isPSL":true,"privatePSL":false,"vehicleImageId":"0565105d-7a96-46ef-a4c5-08422c6accc0","imagecount":8,"advertiserName":"Newmarket Motors Ltd","isTrade":true},{"advertId":"31713496903484580","vehicleMake":"Volkswagen","vehicleModel":"Golf","vehicleDerivative":"SPORTS PACK TL 1.6 TDI ","vehiclePriceEuro":21450,"vehicleYearOfManufacture":2012,"advertiserCounty":"Galway","isPSL":true,"privatePSL":false,"vehicleImageId":"06a36909-0b79-4a55-b5dc-087990373e23","imagecount":12,"advertiserName":"Al Hayes Motors Ltd","isTrade":true},{"advertId":"31813496898806100","vehicleMake":"Volkswagen","vehicleModel":"Golf","vehicleDerivative":"SPORTS PACK TL 1.6 TDI MANUAL 5DR","vehiclePriceEuro":21450,"vehicleYearOfManufacture":2012,"advertiserCounty":"Galway","isPSL":true,"privatePSL":false,"vehicleImageId":"6c85d4c3-dc87-4cef-ab22-79a489d1ed31","imagecount":9,"advertiserName":"Al Hayes Motors Ltd","isTrade":true},{"advertId":"31713590262263600","vehicleMake":"Volkswagen","vehicleModel":"Golf","vehicleDerivative":"TL 1.6 TDI *LIKE NEW*","vehiclePriceEuro":21450,"vehicleYearOfManufacture":2012,"advertiserCounty":"Galway","isPSL":true,"privatePSL":false,"vehicleImageId":"19043ef1-0fcc-467c-9402-311a4e7b8df4","imagecount":8,"advertiserName":"Al Hayes Motors Ltd","isTrade":true},{"advertId":"32713596335488580","vehicleMake":"Volkswagen","vehicleModel":"Golf","vehicleDerivative":"1.6 TDI 105BHP TRENDLINE 5 SPEED **IRISH CAR**","vehiclePriceEuro":21450,"vehicleYearOfManufacture":2012,"advertiserCounty":"Cork","isPSL":true,"privatePSL":false,"vehicleImageId":"aea29181-b344-45d3-a10a-97792bc6c2fb","imagecount":8,"advertiserName":"Newmarket Motors Ltd","isTrade":true},{"advertId":"33913603499511740","vehicleMake":"Volkswagen","vehicleModel":"Golf","vehicleDerivative":"Match 1.6TDI 90bhp 4 Door","vehiclePriceEuro":21450,"vehicleYearOfManufacture":2012,"advertiserCounty":"Kilkenny","isPSL":false,"privatePSL":false,"vehicleImageId":"349c4caf-91df-472c-87b3-bd13b438d182","imagecount":9,"advertiserName":"Laharts Volkswagen","isTrade":true},{"advertId":"31513596335489290","vehicleMake":"Volkswagen","vehicleModel":"Golf","vehicleDerivative":"1.6 TDI SPORT PACKAGE 105BHP **IRISH CAR**","vehiclePriceEuro":21000,"vehicleYearOfManufacture":2012,"advertiserCounty":"Cork","isPSL":true,"privatePSL":false,"vehicleImageId":"74689ecc-f916-4e83-906b-7d08d6488d71","imagecount":10,"advertiserName":"Newmarket Motors Ltd","isTrade":true},{"advertId":"34013609288538170","vehicleMake":"Volkswagen","vehicleModel":"Golf","vehicleDerivative":"TL 1.6 TDI ","vehiclePriceEuro":21000,"vehicleYearOfManufacture":2012,"advertiserCounty":"Galway","isPSL":true,"privatePSL":false,"vehicleImageId":"67125b57-02f5-401e-9d59-3f89805ba76c","imagecount":13,"advertiserName":"Al Hayes Motors Ltd","isTrade":true},{"advertId":"31413552451669920","vehicleMake":"Volkswagen","vehicleModel":"Golf","vehicleDerivative":"TRENDLINE","vehiclePriceEuro":20995,"vehicleYearOfManufacture":2012,"advertiserCounty":"Donegal","isPSL":false,"privatePSL":false,"vehicleImageId":"bc7d2793-154f-4585-a37f-3c1c9f104087","imagecount":9,"advertiserName":"J.J. Reid Motors","isTrade":true},{"advertId":"31713576644831420","vehicleMake":"Volkswagen","vehicleModel":"Golf","vehicleDerivative":"TL 1.6TDI 5DR 90BHP","vehiclePriceEuro":20995,"vehicleYearOfManufacture":2012,"advertiserCounty":"Donegal","isPSL":false,"privatePSL":false,"vehicleImageId":"12824d0b-f5d3-4485-95bc-cec7c47e63be","imagecount":9,"advertiserName":"J.J. Reid Motors","isTrade":true},{"advertId":"31113576644838410","vehicleMake":"Volkswagen","vehicleModel":"Golf","vehicleDerivative":"TL 1.6TDI 5DR 90BHP","vehiclePriceEuro":20995,"vehicleYearOfManufacture":2012,"advertiserCounty":"Donegal","isPSL":false,"privatePSL":false,"vehicleImageId":"7c6220c1-5d47-4f66-ab58-eaff04a17554","imagecount":9,"advertiserName":"J.J. Reid Motors","isTrade":true},{"advertId":"31913552451664610","vehicleMake":"Volkswagen","vehicleModel":"Golf","vehicleDerivative":"TL 1.6TDI 5DR 90BHP","vehiclePriceEuro":20995,"vehicleYearOfManufacture":2012,"advertiserCounty":"Donegal","isPSL":false,"privatePSL":false,"vehicleImageId":"52d7af08-5c3b-4690-8cdb-5c93196b92b4","imagecount":9,"advertiserName":"J.J. Reid Motors","isTrade":true},{"advertId":"32013553139969640","vehicleMake":"Volkswagen","vehicleModel":"Golf","vehicleDerivative":"1.6TDI 90BHP","vehiclePriceEuro":20995,"vehicleYearOfManufacture":2012,"advertiserCounty":"Sligo","isPSL":true,"privatePSL":false,"vehicleImageId":"dfa68d31-c2ea-4fc3-a828-f681af5ad405","imagecount":8,"advertiserName":"Connollys Sligo (Main Volkswagen and Audi Dealer)","isTrade":true},{"advertId":"31713552451667900","vehicleMake":"Volkswagen","vehicleModel":"Golf","vehicleDerivative":"TRENDLINE TDI","vehiclePriceEuro":20995,"vehicleYearOfManufacture":2012,"advertiserCounty":"Donegal","isPSL":false,"privatePSL":false,"vehicleImageId":"26885c5b-4361-410b-9644-662e11f2767f","imagecount":9,"advertiserName":"J.J. Reid Motors","isTrade":true},{"advertId":"31413552451666240","vehicleMake":"Volkswagen","vehicleModel":"Golf","vehicleDerivative":"TL 1.6TDI 5DR 90BHP","vehiclePriceEuro":20995,"vehicleYearOfManufacture":2012,"advertiserCounty":"Donegal","isPSL":false,"privatePSL":false,"vehicleImageId":"461a9746-df84-4ba9-9665-1cf00c0af33e","imagecount":9,"advertiserName":"J.J. Reid Motors","isTrade":true},{"advertId":"34213620528664850","vehicleMake":"Volkswagen","vehicleModel":"Golf","vehicleDerivative":"TRENDLINE TDI","vehiclePriceEuro":20995,"vehicleYearOfManufacture":2012,"advertiserCounty":"Donegal","isPSL":false,"privatePSL":false,"vehicleImageId":"c5d731cb-b037-436f-9dc6-49ecdf2ae331","imagecount":9,"advertiserName":"J.J. Reid Motors","isTrade":true},{"advertId":"31813552451667600","vehicleMake":"Volkswagen","vehicleModel":"Golf","vehicleDerivative":"TL 1.6TDI 5DR 90BHP","vehiclePriceEuro":20995,"vehicleYearOfManufacture":2012,"advertiserCounty":"Donegal","isPSL":false,"privatePSL":false,"vehicleImageId":"65d0dac0-6390-46db-b3a6-28c1d51c9554","imagecount":9,"advertiserName":"J.J. Reid Motors","isTrade":true},{"advertId":"33913624235449420","vehicleMake":"Volkswagen","vehicleModel":"Golf","vehicleDerivative":"1.6 TDI","vehiclePriceEuro":20995,"vehicleYearOfManufacture":2012,"advertiserCounty":"Sligo","isPSL":true,"privatePSL":false,"vehicleImageId":"83189178-f496-4c9e-852c-195df50a6eab","imagecount":15,"advertiserName":"Connollys Sligo (Main Volkswagen and Audi Dealer)","isTrade":true},{"advertId":"33213609414396960","vehicleMake":"Volkswagen","vehicleModel":"Golf","vehicleDerivative":"TRENDLINE TDI","vehiclePriceEuro":20995,"vehicleYearOfManufacture":2012,"advertiserCounty":"Donegal","isPSL":false,"privatePSL":false,"vehicleImageId":"b21efbcd-ca74-4535-9288-722aa02877af","imagecount":9,"advertiserName":"J.J. Reid Motors","isTrade":true},{"advertId":"33913616315075670","vehicleMake":"Volkswagen","vehicleModel":"Golf","vehicleDerivative":"Trendline 1.6TDI 105BHP **BAND A TAX**","vehiclePriceEuro":20950,"vehicleYearOfManufacture":2012,"advertiserCounty":"Roscommon","isPSL":true,"privatePSL":false,"vehicleImageId":"cf24a493-3bbf-4515-bca2-1f68b050d022","imagecount":10,"advertiserName":"J. Keane & Sons (Ros) Ltd","isTrade":true},{"advertId":"31413576644771080","vehicleMake":"Volkswagen","vehicleModel":"Golf","vehicleDerivative":"EDITION-R 1.6TDI 5DR 105BHP","vehiclePriceEuro":20950,"vehicleYearOfManufacture":2012,"advertiserCounty":"Waterford","isPSL":false,"privatePSL":false,"vehicleImageId":"31c98e52-ce4f-49e3-8e72-3c423ab49a0b","imagecount":8,"advertiserName":"Tom Murphy (Car Sales) Ltd Volkswagen","isTrade":true},{"advertId":"33213600666006290","vehicleMake":"Volkswagen","vehicleModel":"Golf","vehicleDerivative":"BLUEMOTION tdi","vehiclePriceEuro":20950,"vehicleYearOfManufacture":2012,"advertiserCounty":"Dublin","isPSL":false,"privatePSL":false,"vehicleImageId":"a7db7d07-65aa-45a0-9eaa-6c7f322b07ad","imagecount":11,"advertiserName":"Lusk Motor Group","isTrade":true},{"advertId":"31513584025331660","vehicleMake":"Volkswagen","vehicleModel":"Golf","vehicleDerivative":"GOLF EDITION-R TDI **FRANKKEANEVOLKSWAGEN.IE**","vehiclePriceEuro":20950,"vehicleYearOfManufacture":2012,"advertiserCounty":"Dublin","isPSL":false,"privatePSL":false,"vehicleImageId":"fb5b2811-3915-4c1e-a5e0-696b5ef3bb47","imagecount":10,"advertiserName":"Frank Keane Volkswagen","isTrade":true},{"advertId":"31713590539634330","vehicleMake":"Volkswagen","vehicleModel":"Golf","vehicleDerivative":"Trendline Sport Pack 1.6TDI 90bhp 5 Door","vehiclePriceEuro":20950,"vehicleYearOfManufacture":2012,"advertiserCounty":"Kilkenny","isPSL":false,"privatePSL":false,"vehicleImageId":"53966b93-9bb9-455c-84b9-563982128ff8","imagecount":9,"advertiserName":"Laharts Volkswagen","isTrade":true},{"advertId":"33913620610475710","vehicleMake":"Volkswagen","vehicleModel":"Golf","vehicleDerivative":"1.6 Tdi 5 Door S","vehiclePriceEuro":20950,"vehicleYearOfManufacture":2012,"advertiserCounty":"Cavan","isPSL":false,"privatePSL":false,"vehicleImageId":"d23c50d7-a3c3-4cda-aac7-2a69500d809c","imagecount":3,"advertiserName":"Bradys Cavan","isTrade":true},{"advertId":"31713576644813730","vehicleMake":"Volkswagen","vehicleModel":"Golf","vehicleDerivative":"Trendline Sport Pack 1.6TDI 90bhp 4 Door","vehiclePriceEuro":20950,"vehicleYearOfManufacture":2012,"advertiserCounty":"Kilkenny","isPSL":false,"privatePSL":false,"vehicleImageId":"a433a474-4de0-4211-9f0b-73db42bcf7e5","imagecount":9,"advertiserName":"Laharts Volkswagen","isTrade":true},{"advertId":"31413576644814170","vehicleMake":"Volkswagen","vehicleModel":"Golf","vehicleDerivative":"Trendline Sport Pack 1.6TDI 90bhp 5 Door","vehiclePriceEuro":20950,"vehicleYearOfManufacture":2012,"advertiserCounty":"Kilkenny","isPSL":false,"privatePSL":false,"vehicleImageId":"d5fe94c6-60fa-45b4-8a6c-44ff970dbc10","imagecount":9,"advertiserName":"Laharts Volkswagen","isTrade":true},{"advertId":"32713591152914690","vehicleMake":"Volkswagen","vehicleModel":"Golf","vehicleDerivative":"GOLF EDITION-R TDI 5DR 105 **FRANKKEANEVOLKSWAGEN.IE**","vehiclePriceEuro":20950,"vehicleYearOfManufacture":2012,"advertiserCounty":"Dublin","isPSL":false,"privatePSL":false,"vehicleImageId":"728c0bd8-4e2d-457c-9ae3-fa965610b833","imagecount":9,"advertiserName":"Frank Keane Volkswagen","isTrade":true},{"advertId":"31113518507200720","vehicleMake":"Volkswagen","vehicleModel":"Golf","vehicleDerivative":"Edition R 1.6Tdi 105Bhp,Road Tax €200","vehiclePriceEuro":20950,"vehicleYearOfManufacture":2012,"advertiserCounty":"Dublin","isPSL":true,"privatePSL":false,"vehicleImageId":"f63644d5-01d2-457f-9899-be92870a8f8b","imagecount":9,"advertiserName":"Ballsbridge Motors Volkswagen (MSL)","isTrade":true},{"advertId":"34113600907602460","vehicleMake":"Volkswagen","vehicleModel":"Golf","vehicleDerivative":"1.6TDi Trendline 5DR","vehiclePriceEuro":20950,"vehicleYearOfManufacture":2012,"advertiserCounty":"Carlow","isPSL":false,"privatePSL":false,"vehicleImageId":"662e8e1b-2247-410f-9e95-a9de3997d98e","imagecount":9,"advertiserName":"Sheehy Motors Carlow Volkswagen","isTrade":true},{"advertId":"30813518507492540","vehicleMake":"Volkswagen","vehicleModel":"Golf","vehicleDerivative":"Trendline 1.6TDI 90bhp 4 Door","vehiclePriceEuro":20950,"vehicleYearOfManufacture":2012,"advertiserCounty":"Kilkenny","isPSL":false,"privatePSL":false,"vehicleImageId":"c89e6b2c-b9c9-4752-8136-b572058d846d","imagecount":9,"advertiserName":"Laharts Volkswagen","isTrade":true},{"advertId":"31813518507200910","vehicleMake":"Volkswagen","vehicleModel":"Golf","vehicleDerivative":"1.6TDi \"Match\" Road Tax €200,Alloys,Blue tooth phone,Aircon","vehiclePriceEuro":20950,"vehicleYearOfManufacture":2012,"advertiserCounty":"Dublin","isPSL":true,"privatePSL":false,"vehicleImageId":"6c678ca0-054d-4d8a-a0be-a6848c20b5f1","imagecount":9,"advertiserName":"Ballsbridge Motors Volkswagen (MSL)","isTrade":true},{"advertId":"31113576644816520","vehicleMake":"Volkswagen","vehicleModel":"Golf","vehicleDerivative":"Trendline 1.6TDI 90bhp 4 Door","vehiclePriceEuro":20950,"vehicleYearOfManufacture":2012,"advertiserCounty":"Kilkenny","isPSL":false,"privatePSL":false,"vehicleImageId":"f9a5b839-65bc-4017-b1c4-1c1686af23f1","imagecount":9,"advertiserName":"Laharts Volkswagen","isTrade":true},{"advertId":"31713518507200850","vehicleMake":"Volkswagen","vehicleModel":"Golf","vehicleDerivative":"\"Match\"1.6Tdi 105Bhp,Road Tax €200","vehiclePriceEuro":20950,"vehicleYearOfManufacture":2012,"advertiserCounty":"Dublin","isPSL":true,"privatePSL":false,"vehicleImageId":"9088b06c-c981-487c-a749-5193160b16fd","imagecount":12,"advertiserName":"Ballsbridge Motors Volkswagen (MSL)","isTrade":true},{"advertId":"31413528943441920","vehicleMake":"Volkswagen","vehicleModel":"Golf","vehicleDerivative":"Match","vehiclePriceEuro":20950,"vehicleYearOfManufacture":2012,"advertiserCounty":"Dublin","isPSL":true,"privatePSL":false,"vehicleImageId":"0ec06902-d4e4-4020-8da8-f3b9a14b2b40","imagecount":15,"advertiserName":"Park Motors Volkswagen (MSL)","isTrade":true},{"advertId":"31913553139989000","vehicleMake":"Volkswagen","vehicleModel":"Golf","vehicleDerivative":"BIG SAVINGS 1.6TDI 105BHP MATCH","vehiclePriceEuro":20950,"vehicleYearOfManufacture":2012,"advertiserCounty":"Laois","isPSL":false,"privatePSL":false,"vehicleImageId":"ac865e6f-b748-4593-bc56-3119dfc4d87c","imagecount":7,"advertiserName":"Michael Moore Portarlington Volkswagen","isTrade":true},{"advertId":"31113553139985380","vehicleMake":"Volkswagen","vehicleModel":"Golf","vehicleDerivative":"1.6TDI 105BHP DEMO MATCH BIG SAVINGS","vehiclePriceEuro":20950,"vehicleYearOfManufacture":2012,"advertiserCounty":"Laois","isPSL":false,"privatePSL":false,"vehicleImageId":"0e04c4f4-6d68-4192-bef5-2ffa9c82cecf","imagecount":3,"advertiserName":"Michael Moore Portarlington Volkswagen","isTrade":true},{"advertId":"1313274942557900","vehicleMake":"Volkswagen","vehicleModel":"Golf","vehicleDerivative":"250 Final Edition TDI Manual 90HP 5DR","vehiclePriceEuro":20950,"vehicleYearOfManufacture":2012,"advertiserCounty":"Tipperary","isPSL":false,"privatePSL":false,"imagecount":0,"advertiserName":"Tom Harvey Motor Co Ltd","isTrade":true},{"advertId":"32013567067061350","vehicleMake":"Volkswagen","vehicleModel":"Golf","vehicleDerivative":"TRENDLINE","vehiclePriceEuro":20950,"vehicleYearOfManufacture":2012,"advertiserCounty":"Westmeath","isPSL":false,"privatePSL":false,"vehicleImageId":"c4beecec-cbd5-41c2-9412-a3f18fe8470d","imagecount":14,"advertiserName":"Mullingar Autos Ltd","isTrade":true},{"advertId":"32713587169845400","vehicleMake":"Volkswagen","vehicleModel":"Golf","vehicleDerivative":"TL 1.6 TDI D7F 105BHP 4DR AUTO","vehiclePriceEuro":20950,"vehicleYearOfManufacture":2012,"advertiserCounty":"Westmeath","isPSL":false,"privatePSL":false,"vehicleImageId":"26baaba1-21cb-401e-8233-d88281789e0c","imagecount":9,"advertiserName":"Centre Point Autos","isTrade":true},{"advertId":"31713527406055470","vehicleMake":"Volkswagen","vehicleModel":"Golf","vehicleDerivative":"EDITION-R TDI 105 5DR","vehiclePriceEuro":20800,"vehicleYearOfManufacture":2012,"advertiserCounty":"Louth","isPSL":false,"privatePSL":false,"vehicleImageId":"cbdf6e88-c4b2-4f68-ab01-bef4109b84b8","imagecount":4,"advertiserName":"Auto Superstore Gerry Cumiskey Ltd.","isTrade":true},{"advertId":"34313618187302340","vehicleMake":"Volkswagen","vehicleModel":"Golf","vehicleDerivative":"Edition R","vehiclePriceEuro":20800,"vehicleYearOfManufacture":2012,"advertiserCounty":"Kildare","isPSL":false,"privatePSL":false,"vehicleImageId":"1cea8347-3a47-48fa-a03c-f2a1ee854778","imagecount":8,"advertiserName":"Maxwell Motors (Athy) Ltd","isTrade":true},{"advertId":"30913518507414540","vehicleMake":"Volkswagen","vehicleModel":"Golf","vehicleDerivative":"Match 1.2tsi","vehiclePriceEuro":20750,"vehicleYearOfManufacture":2012,"advertiserCounty":"Cork","isPSL":false,"privatePSL":false,"vehicleImageId":"991e00bd-d06e-4c2a-8c4e-4926dc56141d","imagecount":9,"advertiserName":"O'Leary's Lissarda (Volkswagen Dealer)","isTrade":true},{"advertId":"31913552451717890","vehicleMake":"Volkswagen","vehicleModel":"Golf","vehicleDerivative":"GOLF EDITION-R TDI 5DR 105 **FRANKKEANEVOLKSWAGEN.IE**","vehiclePriceEuro":20495,"vehicleYearOfManufacture":2012,"advertiserCounty":"Dublin","isPSL":false,"privatePSL":false,"vehicleImageId":"05b46097-3f11-4bd6-a0ac-29174bb035b5","imagecount":9,"advertiserName":"Frank Keane Volkswagen","isTrade":true},{"advertId":"31513596202762020","vehicleMake":"Volkswagen","vehicleModel":"Golf","vehicleDerivative":"1.2TSI Trendline","vehiclePriceEuro":20450,"vehicleYearOfManufacture":2012,"advertiserCounty":"Kildare","isPSL":false,"privatePSL":false,"vehicleImageId":"84379355-f9f3-48d2-8818-097bb93926d2","imagecount":9,"advertiserName":"Sheehy Motors Naas","isTrade":true},{"advertId":"33913609253027550","vehicleMake":"Volkswagen","vehicleModel":"Golf","vehicleDerivative":"TL 1.6 TDI MANUAL 5SPEED FWD 105BHP 4DR 5DR","vehiclePriceEuro":20000,"vehicleYearOfManufacture":2012,"advertiserCounty":"Cavan","isPSL":false,"privatePSL":false,"vehicleImageId":"b7497c2d-cff3-4b83-86e0-5cbd2b3f89d3","imagecount":10,"advertiserName":"Brady's Arva Ltd","isTrade":true},{"advertId":"31813558331968540","vehicleMake":"Volkswagen","vehicleModel":"Golf","vehicleDerivative":"1.6 TDI Bluemotion","vehiclePriceEuro":19995,"vehicleYearOfManufacture":2012,"advertiserCounty":"Tipperary","isPSL":false,"privatePSL":false,"vehicleImageId":"29a26bf8-9989-4dac-a0b3-c8e212c16994","imagecount":7,"advertiserName":"Autoplatz","isTrade":true},{"advertId":"33913615342631150","vehicleMake":"Volkswagen","vehicleModel":"Golf","vehicleDerivative":"TL 1.6 TDI 90BHP 5DR --- BLACKWATER CORK ---","vehiclePriceEuro":19995,"vehicleYearOfManufacture":2012,"advertiserCounty":"Cork","isPSL":true,"privatePSL":false,"vehicleImageId":"d324b518-367b-46b5-b6e8-9537f794317c","imagecount":20,"advertiserName":"Blackwater Motors Cork (Main Volkswagen Dealer)","isTrade":true},{"advertId":"31413545476296140","vehicleMake":"Volkswagen","vehicleModel":"Golf","vehicleDerivative":"1.6 90BHP --- BLACKWATER CORK ---","vehiclePriceEuro":19995,"vehicleYearOfManufacture":2012,"advertiserCounty":"Cork","isPSL":true,"privatePSL":false,"vehicleImageId":"834cc22b-4c3d-4022-b338-43c64bc446bb","imagecount":20,"advertiserName":"Blackwater Motors Cork (Main Volkswagen Dealer)","isTrade":true},{"advertId":"31713503818681870","vehicleMake":"Volkswagen","vehicleModel":"Golf","vehicleDerivative":"1.6TDI  90BHP TRENDLINE  --- BLACKWATER  CORK ---","vehiclePriceEuro":19995,"vehicleYearOfManufacture":2012,"advertiserCounty":"Cork","isPSL":true,"privatePSL":false,"vehicleImageId":"6417da12-4e8c-4d08-9d2e-f6a53173a8d9","imagecount":19,"advertiserName":"Blackwater Motors Fermoy (Main Volkswagen Dealer)","isTrade":true},{"advertId":"31413499674138680","vehicleMake":"Volkswagen","vehicleModel":"Golf","vehicleDerivative":"1.6TDI 90BHP TRENDLINE --- BLACKWATER FERMOY","vehiclePriceEuro":19995,"vehicleYearOfManufacture":2012,"advertiserCounty":"Cork","isPSL":true,"privatePSL":false,"vehicleImageId":"045a39ab-78eb-4c39-ada7-14a8cc6f1275","imagecount":19,"advertiserName":"Blackwater Motors Fermoy (Main Volkswagen Dealer)","isTrade":true},{"advertId":"32013523891572560","vehicleMake":"Volkswagen","vehicleModel":"Golf","vehicleDerivative":"TL 1.6 TDI MANUAL 5SPEED FWD 90BHP 4DR 5DR","vehiclePriceEuro":19950,"vehicleYearOfManufacture":2012,"advertiserCounty":"Tipperary","isPSL":true,"privatePSL":false,"vehicleImageId":"6b169b9d-89a3-4c68-afea-5afd22f96ea9","imagecount":10,"advertiserName":"Pierse Motors Ltd","isTrade":true},{"advertId":"32913600745285690","vehicleMake":"Volkswagen","vehicleModel":"Golf","vehicleDerivative":"EDITION-R TDI ","vehiclePriceEuro":19950,"vehicleYearOfManufacture":2012,"advertiserCounty":"Dublin","isPSL":false,"privatePSL":false,"vehicleImageId":"83e5a8e2-a661-4a08-a47e-f35d3b135ede","imagecount":8,"advertiserName":"Burke & Sons Motor Co","isTrade":true},{"advertId":"34313614479717180","vehicleMake":"Volkswagen","vehicleModel":"Golf","vehicleDerivative":"1.6 Tdi S 90 Bhp","vehiclePriceEuro":19950,"vehicleYearOfManufacture":2012,"advertiserCounty":"Waterford","isPSL":false,"privatePSL":false,"vehicleImageId":"21200a4a-bfe6-44c9-9b8e-f63420de462f","imagecount":7,"advertiserName":"Tom Murphy (Car Sales) Ltd Volkswagen","isTrade":true},{"advertId":"33913614479716500","vehicleMake":"Volkswagen","vehicleModel":"Golf","vehicleDerivative":"1.6 Tdi S 90 Bhp","vehiclePriceEuro":19950,"vehicleYearOfManufacture":2012,"advertiserCounty":"Waterford","isPSL":false,"privatePSL":false,"vehicleImageId":"2aa09556-dd00-478f-903b-152a4cf42c11","imagecount":1,"advertiserName":"Tom Murphy (Car Sales) Ltd Volkswagen","isTrade":true},{"advertId":"34013614479717080","vehicleMake":"Volkswagen","vehicleModel":"Golf","vehicleDerivative":"1.6 Tdi S 90 Bhp","vehiclePriceEuro":19950,"vehicleYearOfManufacture":2012,"advertiserCounty":"Waterford","isPSL":false,"privatePSL":false,"vehicleImageId":"a5cf546a-05f8-4702-954d-4525684eac91","imagecount":1,"advertiserName":"Tom Murphy (Car Sales) Ltd Volkswagen","isTrade":true},{"advertId":"34113614479716540","vehicleMake":"Volkswagen","vehicleModel":"Golf","vehicleDerivative":"1.6 Tdi S 90 Bhp","vehiclePriceEuro":19950,"vehicleYearOfManufacture":2012,"advertiserCounty":"Waterford","isPSL":false,"privatePSL":false,"vehicleImageId":"b1d5175d-304e-4ad3-80e1-c3c5dd29e07f","imagecount":1,"advertiserName":"Tom Murphy (Car Sales) Ltd Volkswagen","isTrade":true},{"advertId":"34213614479717520","vehicleMake":"Volkswagen","vehicleModel":"Golf","vehicleDerivative":"1.6 Tdi S 90 Bhp","vehiclePriceEuro":19950,"vehicleYearOfManufacture":2012,"advertiserCounty":"Waterford","isPSL":false,"privatePSL":false,"vehicleImageId":"594edb26-f6f9-4fbf-aa45-6bbbe81a72fa","imagecount":1,"advertiserName":"Tom Murphy (Car Sales) Ltd Volkswagen","isTrade":true},{"advertId":"31813596202762140","vehicleMake":"Volkswagen","vehicleModel":"Golf","vehicleDerivative":"1.6TDI Trendline","vehiclePriceEuro":19950,"vehicleYearOfManufacture":2012,"advertiserCounty":"Kildare","isPSL":false,"privatePSL":false,"vehicleImageId":"15a5bf29-6a92-4774-86cc-6986c0ab8b1a","imagecount":9,"advertiserName":"Sheehy Motors Naas","isTrade":true},{"advertId":"34013619051784220","vehicleMake":"Volkswagen","vehicleModel":"Golf","vehicleDerivative":"Trendline 1.6TDI 5DR 105BHP","vehiclePriceEuro":19950,"vehicleYearOfManufacture":2012,"advertiserCounty":"Dublin","isPSL":true,"privatePSL":false,"vehicleImageId":"fedbc93d-9a36-4f10-bb82-a3cf2af569d4","imagecount":1,"advertiserName":"MSL Volkswagen Sandyford","isTrade":true},{"advertId":"32913596202757790","vehicleMake":"Volkswagen","vehicleModel":"Golf","vehicleDerivative":"1.6TDI Trendline","vehiclePriceEuro":19950,"vehicleYearOfManufacture":2012,"advertiserCounty":"Kildare","isPSL":false,"privatePSL":false,"vehicleImageId":"f8073a2d-7d3b-4238-8279-f91cdb509865","imagecount":9,"advertiserName":"Sheehy Motors Naas","isTrade":true}],"totalAdvertCount":45174}