{"adverts":[{"advertId":"33413614850331560","vehicleMake":"Ford","vehicleModel":"Mondeo","vehicleDerivative":"2.0 ZETEC 5DR Automatic","vehiclePriceEuro":2750,"vehicleYearOfManufacture":2003,"advertiserCounty":"Dublin","isPSL":false,"privatePSL":false,"vehicleImageId":"26a4577c-1b5c-46ea-84e3-128f3ae6702b","imagecount":12,"advertiserName":"Clifford Barron Auto Solutions","isTrade":true},{"advertId":"201245210926712","vehicleMake":"Ford","vehicleModel":"Mondeo","vehicleDerivative":"1.8I 5DR LX 05DR","vehiclePriceEuro":2750,"vehicleYearOfManufacture":2003,"advertiserCounty":"Mayo","isPSL":true,"privatePSL":false,"vehicleImageId":"14128259","imagecount":7,"isTrade":false},{"advertId":"6013345698495150","vehicleMake":"Ford","vehicleModel":"Mondeo","vehicleDerivative":"1.8I 5DR LX 05DR **GREAT VALUE**NCT 08/13","vehiclePriceEuro":2750,"vehicleYearOfManufacture":2003,"advertiserCounty":"Tipperary","isPSL":false,"privatePSL":false,"vehicleImageId":"dc375e31-3390-4a4f-b71c-e0698462d0f1","imagecount":8,"advertiserName":"Newport Motors Ltd","isTrade":true},{"advertId":"201309212674179","vehicleMake":"Ford","vehicleModel":"Mondeo","vehiclePriceEuro":2600,"vehicleYearOfManufacture":2003,"advertiserCounty":"Kilkenny","isPSL":true,"privatePSL":false,"vehicleImageId":"14035703","imagecount":4,"isTrade":false},{"advertId":"201243210683718","vehicleMake":"Ford","vehicleModel":"Mondeo","vehicleDerivative":"1.8I 5DR ZETEC 05DR","vehiclePriceEuro":2500,"vehicleYearOfManufacture":2003,"advertiserCounty":"Dublin","isPSL":true,"privatePSL":false,"imagecount":0,"isTrade":false},{"advertId":"201308212577826","vehicleMake":"Ford","vehicleModel":"Mondeo","vehicleDerivative":"HDCI","vehiclePriceEuro":2500,"vehicleYearOfManufacture":2003,"advertiserCounty":"Galway","isPSL":true,"privatePSL":false,"vehicleImageId":"14361050","imagecount":6,"isTrade":false},{"advertId":"31913494583520340","vehicleMake":"Ford","vehicleModel":"Mondeo","vehicleDerivative":"1.8I LX......NCT 04/13","vehiclePriceEuro":2495,"vehicleYearOfManufacture":2003,"advertiserCounty":"Dublin","isPSL":false,"privatePSL":false,"vehicleImageId":"0a80caeb-81b1-4500-bc9b-27bb27935048","imagecount":13,"advertiserName":"Jim Rock Motors Ltd","isTrade":true},{"advertId":"30813517871415170","vehicleMake":"Ford","vehicleModel":"Mondeo","vehicleDerivative":"1.8","vehiclePriceEuro":2450,"vehicleYearOfManufacture":2003,"advertiserCounty":"Galway","isPSL":true,"privatePSL":false,"vehicleImageId":"9b64bd7d-c2bd-4467-b995-f24ecc1f9c05","imagecount":8,"advertiserName":"Al Hayes Motors Ltd","isTrade":true},{"advertId":"31213482179998030","vehicleMake":"Ford","vehicleModel":"Mondeo","vehicleDerivative":"LX 5 Dr","vehiclePriceEuro":2450,"vehicleYearOfManufacture":2003,"advertiserCounty":"Kildare","isPSL":false,"privatePSL":false,"vehicleImageId":"51d5df34-dfac-448f-a6a2-0e7c9be53ad5","imagecount":7,"advertiserName":"Dermot Kelly Ltd","isTrade":true},{"advertId":"33213618790548100","vehicleMake":"Ford","vehicleModel":"Mondeo","vehicleDerivative":"4DR / IMMACULATE / NCT JUL-13 / TAXED / RELIABLE / ECONOMICAL / AS NEW / \"\"MUST BE SEEN\"\" / www.N4CARS.ie","vehiclePriceEuro":2449,"vehicleYearOfManufacture":2003,"advertiserCounty":"Dublin","isPSL":false,"privatePSL":false,"vehicleImageId":"2d25f2f5-e24e-4136-b8da-2fdd6ef190b7","imagecount":1,"advertiserName":"N4 Car Sales","isTrade":true},{"advertId":"33913610214612980","vehicleMake":"Ford","vehicleModel":"Mondeo","vehicleDerivative":"1.8I 5DR LX (NCT 01-14)","vehiclePriceEuro":2445,"vehicleYearOfManufacture":2003,"advertiserCounty":"Sligo","isPSL":false,"privatePSL":false,"vehicleImageId":"93cb32c0-9103-4147-8165-b79c7317d71e","imagecount":4,"advertiserName":"Coen's Car Sales","isTrade":true},{"advertId":"201250211405743","vehicleMake":"Ford","vehicleModel":"Mondeo","vehicleDerivative":"1.8I 4 DR LT LX 4DR","vehiclePriceEuro":2400,"vehicleYearOfManufacture":2003,"advertiserCounty":"Dublin","isPSL":true,"privatePSL":false,"vehicleImageId":"13893650","imagecount":3,"isTrade":false},{"advertId":"201247211120363","vehicleMake":"Ford","vehicleModel":"Mondeo","vehicleDerivative":"1.8I 5DR LX 05DR","vehiclePriceEuro":2250,"vehicleYearOfManufacture":2003,"advertiserCounty":"Dublin","isPSL":true,"privatePSL":false,"vehicleImageId":"14163226","imagecount":1,"isTrade":false},{"advertId":"34213619178363910","vehicleMake":"Ford","vehicleModel":"Mondeo","vehicleDerivative":"1.8I 5DR ZETEC","vehiclePriceEuro":2150,"vehicleYearOfManufacture":2003,"advertiserCounty":"Dublin","isPSL":false,"privatePSL":false,"vehicleImageId":"abe0b915-9ea7-470d-9364-93dcdc279a49","imagecount":11,"advertiserName":"Clifford Barron Auto Solutions","isTrade":true},{"advertId":"1613275983953330","vehicleMake":"Ford","vehicleModel":"Mondeo","vehicleDerivative":"1.8I 4 DR LT LX 4DR","vehiclePriceEuro":2000,"vehicleYearOfManufacture":2003,"advertiserCounty":"Kerry","isPSL":true,"privatePSL":false,"vehicleImageId":"b5c90758-0115-4379-b84a-90599f411693","imagecount":5,"advertiserName":"Billy Naughton Ltd","isTrade":true},{"advertId":"31113554079337170","vehicleMake":"Ford","vehicleModel":"Mondeo","vehicleDerivative":"1.8I 4 DR LT LX 4DR *MICHAEL DAFFY CAR SALES*","vehiclePriceEuro":2000,"vehicleYearOfManufacture":2003,"advertiserCounty":"Limerick","isPSL":false,"privatePSL":false,"vehicleImageId":"317a69eb-c053-4c8a-bb8f-77744d41fa47","imagecount":9,"advertiserName":"Michael Daffy Quality Car Sales","isTrade":true},{"advertId":"201242210532724","vehicleMake":"Ford","vehicleModel":"Mondeo","vehicleDerivative":"2.0 LX","vehiclePriceEuro":2000,"vehicleYearOfManufacture":2003,"advertiserCounty":"Dublin","isPSL":true,"privatePSL":false,"vehicleImageId":"14052834","imagecount":6,"isTrade":false},{"advertId":"201305212250691","vehicleMake":"Ford","vehicleModel":"Mondeo","vehicleDerivative":"1.8I 4 DR LT LX 4DR","vehiclePriceEuro":1950,"vehicleYearOfManufacture":2003,"advertiserCounty":"Dublin","isPSL":true,"privatePSL":false,"vehicleImageId":"13969295","imagecount":7,"isTrade":false},{"advertId":"201308212529589","vehicleMake":"Ford","vehicleModel":"Mondeo","vehicleDerivative":"1.8I 5DR LX","vehiclePriceEuro":1900,"vehicleYearOfManufacture":2003,"advertiserCounty":"Dublin","isPSL":true,"privatePSL":false,"vehicleImageId":"14353310","imagecount":5,"isTrade":false},{"advertId":"31513585139044540","vehicleMake":"Ford","vehicleModel":"Mondeo","vehicleDerivative":"1.8 (NCT-01-2014)","vehiclePriceEuro":1795,"vehicleYearOfManufacture":2003,"advertiserCounty":"Dublin","isPSL":true,"privatePSL":false,"vehicleImageId":"95293de9-d51e-4ccc-9734-5ad26eca76f6","imagecount":2,"advertiserName":"Green Isle Autos Ltd.","isTrade":true},{"advertId":"201307212457319","vehicleMake":"Ford","vehicleModel":"Mondeo","vehicleDerivative":"1.8I 4 DR LT LX 4DR","vehiclePriceEuro":1550,"vehicleYearOfManufacture":2003,"advertiserCounty":"Louth","isPSL":true,"privatePSL":false,"vehicleImageId":"14000380","imagecount":8,"isTrade":false},{"advertId":"31313474414790720","vehicleMake":"Ford","vehicleModel":"Mondeo","vehicleDerivative":"1.8 LX 05DR","vehiclePriceEuro":1450,"vehicleYearOfManufacture":2003,"advertiserCounty":"Dublin","isPSL":false,"privatePSL":false,"vehicleImageId":"5612391c-3114-42de-b4ec-9ee378261413","imagecount":9,"advertiserName":"Prospect Motors","isTrade":true},{"advertId":"201304212159988","vehicleMake":"Ford","vehicleModel":"Mondeo","vehicleDerivative":"2.0 TD 4DR LX","vehiclePriceEuro":1250,"vehicleYearOfManufacture":2003,"advertiserCounty":"Laois","isPSL":true,"privatePSL":false,"vehicleImageId":"13933700","imagecount":7,"isTrade":false},{"advertId":"31913587847732420","vehicleMake":"Ford","vehicleModel":"Mondeo","vehicleDerivative":"2.0 TD 4DR LX","vehiclePriceEuro":0,"vehicleYearOfManufacture":2003,"advertiserCounty":"Tipperary","isPSL":false,"privatePSL":false,"vehicleImageId":"bee129e6-8778-449e-b2ed-2e9d55d95742","imagecount":8,"advertiserName":"Strang Motors Ltd","isTrade":true},{"advertId":"31513523797804370","vehicleMake":"Ford","vehicleModel":"Mondeo","vehicleDerivative":"2.0 TD *TRADE SALE*","vehiclePriceEuro":0,"vehicleYearOfManufacture":2003,"advertiserCounty":"Galway","isPSL":true,"privatePSL":false,"vehicleImageId":"0331f471-e631-4889-8f02-ae6716d43ad0","imagecount":4,"advertiserName":"Al Hayes Motors Ltd","isTrade":true},{"advertId":"33213623403026660","vehicleMake":"Ford","vehicleModel":"Mondeo","vehicleDerivative":"1.8 4DR ZETEC *MICHAEL DAFFTY CAR SALES*","vehiclePriceEuro":0,"vehicleYearOfManufacture":2003,"advertiserCounty":"Limerick","isPSL":false,"privatePSL":false,"imagecount":0,"advertiserName":"Michael Daffy Quality Car Sales","isTrade":true},{"advertId":"34013617706017590","vehicleMake":"Ford","vehicleModel":"Mondeo","vehicleDerivative":"1.8I LT 4DR MANUAL","vehiclePriceEuro":0,"vehicleYearOfManufacture":2003,"advertiserCounty":"Kildare","isPSL":false,"privatePSL":false,"vehicleImageId":"d1bd69ed-d824-41a8-a484-ecd90542de95","imagecount":2,"advertiserName":"Merlin Car Auctions","isTrade":true},{"advertId":"30113461607359760","vehicleMake":"Ford","vehicleModel":"Mondeo","vehicleDerivative":"MAKE ME AN OFFER","vehiclePriceEuro":0,"vehicleYearOfManufacture":2003,"advertiserCounty":"Dublin","isPSL":false,"privatePSL":false,"vehicleImageId":"8b03038e-9077-4b4d-a244-e3178e0daff4","imagecount":9,"advertiserName":"Alan Kelly Cars","isTrade":true},{"advertId":"34413621617909200","vehicleMake":"Ford","vehicleModel":"Mondeo","vehicleDerivative":"1.8I 5DR LX","vehiclePriceEuro":0,"vehicleYearOfManufacture":2003,"advertiserCounty":"Dublin","isPSL":false,"privatePSL":false,"vehicleImageId":"13f15ecf-229b-4742-854e-0e73cef61d79","imagecount":7,"advertiserName":"Dublin City Auctions","isTrade":true},{"advertId":"5113297364494720","vehicleMake":"Ford","vehicleModel":"Mondeo","vehicleDerivative":"1.8I 4 DR LT LX 4DR","vehiclePriceEuro":3500,"vehicleYearOfManufacture":2002,"advertiserCounty":"Galway","isPSL":false,"privatePSL":false,"vehicleImageId":"1afcf6c7-ca50-4c85-a92f-bbf5805e753c","imagecount":5,"advertiserName":"Arch Motors Ltd","isTrade":true},{"advertId":"201303211982404","vehicleMake":"Ford","vehicleModel":"Mondeo","vehicleDerivative":"2.0 TD 4DR LX","vehiclePriceEuro":3450,"vehicleYearOfManufacture":2002,"advertiserCounty":"Wicklow","isPSL":true,"privatePSL":false,"vehicleImageId":"14270048","imagecount":9,"isTrade":false},{"advertId":"201251211471194","vehicleMake":"Ford","vehicleModel":"Mondeo","vehicleDerivative":"ZETEC TDCI","vehiclePriceEuro":3200,"vehicleYearOfManufacture":2002,"advertiserCounty":"Donegal","isPSL":true,"privatePSL":false,"imagecount":0,"isTrade":false},{"advertId":"201242210511446","vehicleMake":"Ford","vehicleModel":"Mondeo","vehicleDerivative":"1.8 I ZETEC","vehiclePriceEuro":3000,"vehicleYearOfManufacture":2002,"advertiserCounty":"Sligo","isPSL":true,"privatePSL":false,"vehicleImageId":"14049083","imagecount":1,"isTrade":false},{"advertId":"201304212137483","vehicleMake":"Ford","vehicleModel":"Mondeo","vehicleDerivative":"1.8 4DR ZETEC","vehiclePriceEuro":2850,"vehicleYearOfManufacture":2002,"advertiserCounty":"Kildare","isPSL":true,"privatePSL":false,"vehicleImageId":"14290406","imagecount":3,"isTrade":false},{"advertId":"201245210915821","vehicleMake":"Ford","vehicleModel":"Mondeo","vehicleDerivative":"2.0 TD 4DR LX","vehiclePriceEuro":2500,"vehicleYearOfManufacture":2002,"advertiserCounty":"Wexford","isPSL":true,"privatePSL":false,"vehicleImageId":"14125189","imagecount":6,"isTrade":false},{"advertId":"34313613767630280","vehicleMake":"Ford","vehicleModel":"Mondeo","vehicleDerivative":"1.8 *NCT 08-13*","vehiclePriceEuro":2350,"vehicleYearOfManufacture":2002,"advertiserCounty":"Kildare","isPSL":true,"privatePSL":false,"vehicleImageId":"3d378830-7ad1-4cbc-9d92-3b1773ed7662","imagecount":7,"advertiserName":"T.P. Waters","isTrade":true},{"advertId":"30213474548680730","vehicleMake":"Ford","vehicleModel":"Mondeo","vehicleDerivative":"1.8I 4 DR LT LX 4DR","vehiclePriceEuro":2250,"vehicleYearOfManufacture":2002,"advertiserCounty":"Dublin","isPSL":false,"privatePSL":false,"vehicleImageId":"57b2b49c-26f0-4103-b51f-6572ccb1ea1c","imagecount":6,"advertiserName":"Motor Range Naas Road","isTrade":true},{"advertId":"201302211839603","vehicleMake":"Ford","vehicleModel":"Mondeo","vehicleDerivative":"2.0I EXECUTIVE 4DR A","vehiclePriceEuro":2200,"vehicleYearOfManufacture":2002,"advertiserCounty":"Dublin","isPSL":true,"privatePSL":false,"vehicleImageId":"14249622","imagecount":9,"isTrade":false},{"advertId":"201245210884846","vehicleMake":"Ford","vehicleModel":"Mondeo","vehicleDerivative":"1.8 4DR ZETEC","vehiclePriceEuro":2000,"vehicleYearOfManufacture":2002,"advertiserCounty":"Dublin","isPSL":true,"privatePSL":false,"vehicleImageId":"11553517","imagecount":3,"isTrade":false},{"advertId":"31413593698289550","vehicleMake":"Ford","vehicleModel":"Mondeo","vehicleDerivative":"2.0 TD DI LX 115BHP 5DR","vehiclePriceEuro":1995,"vehicleYearOfManufacture":2002,"advertiserCounty":"Dublin","isPSL":false,"privatePSL":false,"vehicleImageId":"afeb3105-ac48-41b3-a881-aec58ada9bfd","imagecount":9,"advertiserName":"Trade Price Cars","isTrade":true},{"advertId":"32113509042652220","vehicleMake":"Ford","vehicleModel":"Mondeo","vehicleDerivative":"2.0I EXECUTIVE LEATHER","vehiclePriceEuro":1995,"vehicleYearOfManufacture":2002,"advertiserCounty":"Dublin","isPSL":false,"privatePSL":false,"vehicleImageId":"c51766c2-6f06-425f-9b7d-e13b28c57209","imagecount":9,"advertiserName":"Sandyford Motors","isTrade":true},{"advertId":"29213444328355430","vehicleMake":"Ford","vehicleModel":"Mondeo","vehicleDerivative":"2.0 TD CI ZETEC 130BHP 05DR","vehiclePriceEuro":1950,"vehicleYearOfManufacture":2002,"advertiserCounty":"Cork","isPSL":true,"privatePSL":false,"vehicleImageId":"6a673c64-35bb-4980-9753-c7e8943095c5","imagecount":4,"advertiserName":"Cork Auto Sales","isTrade":true},{"advertId":"34213618258396330","vehicleMake":"Ford","vehicleModel":"Mondeo","vehicleDerivative":"1.8I 4 DR LT LX 4DR","vehiclePriceEuro":1950,"vehicleYearOfManufacture":2002,"advertiserCounty":"Cork","isPSL":false,"privatePSL":false,"vehicleImageId":"325906b8-6669-4f8b-9c6a-404ce32a0074","imagecount":4,"advertiserName":"Jonathan O Brien Cars","isTrade":true},{"advertId":"30513464918510470","vehicleMake":"Ford","vehicleModel":"Mondeo","vehicleDerivative":"1.8I ","vehiclePriceEuro":1850,"vehicleYearOfManufacture":2002,"advertiserCounty":"Galway","isPSL":true,"privatePSL":false,"vehicleImageId":"23f6127b-04b2-4416-bcef-95923a282366","imagecount":11,"advertiserName":"Al Hayes Motors Ltd","isTrade":true},{"advertId":"713258393809770","vehicleMake":"Ford","vehicleModel":"Mondeo","vehicleDerivative":"1.8I 4 DR LX","vehiclePriceEuro":1750,"vehicleYearOfManufacture":2002,"advertiserCounty":"Dublin","isPSL":true,"privatePSL":false,"vehicleImageId":"c0b2bc4e-8a83-4878-8006-bbf85ce7f905","imagecount":5,"advertiserName":"A S Cars","isTrade":true},{"advertId":"201302211824210","vehicleMake":"Ford","vehicleModel":"Mondeo","vehicleDerivative":"1.8 LX 05DR","vehiclePriceEuro":1600,"vehicleYearOfManufacture":2002,"advertiserCounty":"Cork","isPSL":true,"privatePSL":false,"vehicleImageId":"13889972","imagecount":9,"isTrade":false},{"advertId":"201250211399680","vehicleMake":"Ford","vehicleModel":"Mondeo","vehicleDerivative":"2.0 LX 05DR","vehiclePriceEuro":1600,"vehicleYearOfManufacture":2002,"advertiserCounty":"Wexford","isPSL":true,"privatePSL":false,"vehicleImageId":"14204745","imagecount":6,"isTrade":false},{"advertId":"201245210926470","vehicleMake":"Ford","vehicleModel":"Mondeo","vehicleDerivative":"1.8I 4 DR LT LX 4DR","vehiclePriceEuro":1600,"vehicleYearOfManufacture":2002,"advertiserCounty":"Cork","isPSL":true,"privatePSL":false,"vehicleImageId":"14127460","imagecount":6,"isTrade":false},{"advertId":"201243210640181","vehicleMake":"Ford","vehicleModel":"Mondeo","vehicleDerivative":"2.0 TD 4DR ZETEC","vehiclePriceEuro":1400,"vehicleYearOfManufacture":2002,"advertiserCounty":"Cork","isPSL":true,"privatePSL":false,"vehicleImageId":"14073234","imagecount":9,"isTrade":false},{"advertId":"201251211518134","vehicleMake":"Ford","vehicleModel":"Mondeo","vehicleDerivative":"1.8I 5DR ZETEC","vehiclePriceEuro":1350,"vehicleYearOfManufacture":2002,"advertiserCounty":"Monaghan","isPSL":true,"privatePSL":false,"vehicleImageId":"12900735","imagecount":4,"isTrade":false},{"advertId":"201308212550976","vehicleMake":"Ford","vehicleModel":"Mondeo","vehicleDerivative":"1.8 4DR ZETEC","vehiclePriceEuro":1250,"vehicleYearOfManufacture":2002,"advertiserCounty":"Dublin","isPSL":true,"privatePSL":false,"vehicleImageId":"14356788","imagecount":6,"isTrade":false},{"advertId":"201250211383958","vehicleMake":"Ford","vehicleModel":"Mondeo","vehicleDerivative":"1.8 4DR ZETEC","vehiclePriceEuro":1150,"vehicleYearOfManufacture":2002,"advertiserCounty":"Dublin","isPSL":true,"privatePSL":false,"vehicleImageId":"13818143","imagecount":5,"isTrade":false},{"advertId":"32113554883365600","vehicleMake":"Ford","vehicleModel":"Mondeo","vehicleDerivative":"1.8I 4 DR LT LX 4DR","vehiclePriceEuro":950,"vehicleYearOfManufacture":2002,"advertiserCounty":"Limerick","isPSL":false,"privatePSL":false,"vehicleImageId":"28f4a01f-3fe5-404f-a619-e063a720c32a","imagecount":7,"advertiserName":"John Moloney Motors","isTrade":true},{"advertId":"201246211008324","vehicleMake":"Ford","vehicleModel":"Mondeo","vehicleDerivative":"2.0 TD LX","vehiclePriceEuro":2895,"vehicleYearOfManufacture":2001,"advertiserCounty":"Kildare","isPSL":true,"privatePSL":false,"vehicleImageId":"14144642","imagecount":7,"isTrade":false},{"advertId":"613261011021670","vehicleMake":"Ford","vehicleModel":"Mondeo","vehicleDerivative":"2.0 TD LX","vehiclePriceEuro":2500,"vehicleYearOfManufacture":2001,"advertiserCounty":"Tipperary","isPSL":false,"privatePSL":false,"vehicleImageId":"7e49615f-b880-4ee1-91ca-ff26a23dea54","imagecount":5,"advertiserName":"Cathal O'Brien Car sales","isTrade":true},{"advertId":"201304212160023","vehicleMake":"Ford","vehicleModel":"Mondeo","vehicleDerivative":"1.8I ESTATE LX 5DR","vehiclePriceEuro":2200,"vehicleYearOfManufacture":2001,"advertiserCounty":"Cork","isPSL":true,"privatePSL":false,"vehicleImageId":"13934473","imagecount":7,"isTrade":false},{"advertId":"201302211870670","vehicleMake":"Ford","vehicleModel":"Mondeo","vehicleDerivative":"1.8 LX 05DR","vehiclePriceEuro":1999,"vehicleYearOfManufacture":2001,"advertiserCounty":"Louth","isPSL":true,"privatePSL":false,"vehicleImageId":"14254847","imagecount":9,"isTrade":false},{"advertId":"201246210973633","vehicleMake":"Ford","vehicleModel":"Mondeo","vehicleDerivative":"1.8 I LX","vehiclePriceEuro":1950,"vehicleYearOfManufacture":2001,"advertiserCounty":"Clare","isPSL":true,"privatePSL":false,"vehicleImageId":"13740680","imagecount":9,"isTrade":false},{"advertId":"201302211892064","vehicleMake":"Ford","vehicleModel":"Mondeo","vehicleDerivative":"1.8 I ZETEC","vehiclePriceEuro":1950,"vehicleYearOfManufacture":2001,"advertiserCounty":"Dublin","isPSL":true,"privatePSL":false,"vehicleImageId":"14257457","imagecount":7,"isTrade":false},{"advertId":"33213622445346640","vehicleMake":"Ford","vehicleModel":"Mondeo","vehicleDerivative":"1.8 LX LOW MILEAGE TAX + NCT","vehiclePriceEuro":1945,"vehicleYearOfManufacture":2001,"advertiserCounty":"Dublin","isPSL":false,"privatePSL":false,"vehicleImageId":"817a7b0c-bbe0-4ae5-86ab-c00bd934cb08","imagecount":8,"advertiserName":"Manorfield Cars Ltd Trade Connection","isTrade":true},{"advertId":"32913609297569820","vehicleMake":"Ford","vehicleModel":"Mondeo","vehicleDerivative":"2.0 TD LX...NCT 02/14","vehiclePriceEuro":1750,"vehicleYearOfManufacture":2001,"advertiserCounty":"Wexford","isPSL":false,"privatePSL":false,"vehicleImageId":"92c53ba4-2535-430a-b191-d65ca09de133","imagecount":5,"advertiserName":"Byrne Car Sales","isTrade":true},{"advertId":"34413617938117310","vehicleMake":"Ford","vehicleModel":"Mondeo","vehicleDerivative":"2.0 TD DI LX 115BHP 5DR","vehiclePriceEuro":1500,"vehicleYearOfManufacture":2001,"advertiserCounty":"Kerry","isPSL":true,"privatePSL":false,"vehicleImageId":"d2fd0732-daa6-4778-b2b9-c513b08bc3d3","imagecount":1,"advertiserName":"Billy Naughton Ltd","isTrade":true},{"advertId":"201302211870402","vehicleMake":"Ford","vehicleModel":"Mondeo","vehicleDerivative":"1.8 ZETEC","vehiclePriceEuro":1500,"vehicleYearOfManufacture":2001,"advertiserCounty":"Meath","isPSL":true,"privatePSL":false,"vehicleImageId":"14254445","imagecount":9,"isTrade":false},{"advertId":"30913498770049980","vehicleMake":"Ford","vehicleModel":"Mondeo","vehicleDerivative":"1.8 LX","vehiclePriceEuro":1500,"vehicleYearOfManufacture":2001,"advertiserCounty":"Cork","isPSL":false,"privatePSL":false,"vehicleImageId":"f69a37b0-65cd-43e5-b59b-a3d9488736ef","imagecount":6,"advertiserName":"Jonathan O Brien Cars","isTrade":true},{"advertId":"5613324321856210","vehicleMake":"Ford","vehicleModel":"Mondeo","vehicleDerivative":"NCT 05/13","vehiclePriceEuro":1450,"vehicleYearOfManufacture":2001,"advertiserCounty":"Longford","isPSL":false,"privatePSL":false,"vehicleImageId":"d7d90d89-18c1-41ba-8461-331beb05b2ff","imagecount":10,"advertiserName":"Peter Hanley Motors","isTrade":true},{"advertId":"31113583545791010","vehicleMake":"Ford","vehicleModel":"Mondeo","vehicleDerivative":"1.8 LX","vehiclePriceEuro":1400,"vehicleYearOfManufacture":2001,"advertiserCounty":"Kilkenny","isPSL":false,"privatePSL":false,"vehicleImageId":"7bf1b627-45f6-4f83-b205-04cd0455863a","imagecount":7,"advertiserName":"David Buggy Motors","isTrade":true},{"advertId":"201251211477926","vehicleMake":"Ford","vehicleModel":"Mondeo","vehicleDerivative":"1.8 I ZETEC","vehiclePriceEuro":1400,"vehicleYearOfManufacture":2001,"advertiserCounty":"Dublin","isPSL":true,"privatePSL":false,"vehicleImageId":"14215620","imagecount":5,"isTrade":false},{"advertId":"201308212529665","vehicleMake":"Ford","vehicleModel":"Mondeo","vehicleDerivative":"2.0I EXECUTIVE 5DR","vehiclePriceEuro":1300,"vehicleYearOfManufacture":2001,"advertiserCounty":"Waterford","isPSL":true,"privatePSL":false,"vehicleImageId":"14353719","imagecount":9,"isTrade":false},{"advertId":"201307212433064","vehicleMake":"Ford","vehicleModel":"Mondeo","vehicleDerivative":"1.8 I LX","vehiclePriceEuro":1150,"vehicleYearOfManufacture":2001,"advertiserCounty":"Dublin","isPSL":true,"privatePSL":false,"imagecount":0,"isTrade":false},{"advertId":"201251211471596","vehicleMake":"Ford","vehicleModel":"Mondeo","vehicleDerivative":"1.8 I LX","vehiclePriceEuro":1000,"vehicleYearOfManufacture":2001,"advertiserCounty":"Waterford","isPSL":true,"privatePSL":false,"imagecount":0,"isTrade":false},{"advertId":"201242210555003","vehicleMake":"Ford","vehicleModel":"Mondeo","vehicleDerivative":"1.8 T ZETEC","vehiclePriceEuro":999,"vehicleYearOfManufacture":2001,"advertiserCounty":"Kildare","isPSL":true,"privatePSL":false,"vehicleImageId":"14057258","imagecount":7,"isTrade":false},{"advertId":"34413620942424220","vehicleMake":"Ford","vehicleModel":"Mondeo","vehicleDerivative":"1.8 DIESEL / NCT JUN-14 / VERY ECONOMICAL / RELIABLE / \"\"MUST BE SEEN\"\" / www.N4CARS.ie","vehiclePriceEuro":1749,"vehicleYearOfManufacture":2000,"advertiserCounty":"Dublin","isPSL":false,"privatePSL":false,"vehicleImageId":"ffdd89c7-9adf-4270-b8c5-9bed0ae45ea4","imagecount":10,"advertiserName":"N4 Car Sales","isTrade":true},{"advertId":"29613482228576850","vehicleMake":"Ford","vehicleModel":"Mondeo","vehicleDerivative":"GHIA 2.0 HUGH SPEC LOOK","vehiclePriceEuro":1400,"vehicleYearOfManufacture":2000,"advertiserCounty":"Cork","isPSL":false,"privatePSL":false,"vehicleImageId":"c49ca1f7-91c0-48e4-89c4-82c3e919312c","imagecount":14,"advertiserName":"Mallow Road Motors","isTrade":true},{"advertId":"201306212295892","vehicleMake":"Ford","vehicleModel":"Mondeo","vehicleDerivative":"GLX 1.6","vehiclePriceEuro":900,"vehicleYearOfManufacture":2000,"advertiserCounty":"Cork","isPSL":true,"privatePSL":false,"vehicleImageId":"14317271","imagecount":9,"isTrade":false},{"advertId":"201245210905455","vehicleMake":"Ford","vehicleModel":"Mondeo","vehicleDerivative":"LX 1.6","vehiclePriceEuro":890,"vehicleYearOfManufacture":2000,"advertiserCounty":"Wicklow","isPSL":true,"privatePSL":false,"vehicleImageId":"14122617","imagecount":4,"isTrade":false},{"advertId":"201309212649644","vehicleMake":"Ford","vehicleModel":"Mondeo","vehicleDerivative":"MONDEO 2.5 V6 24v GHIA X 5DR","vehiclePriceEuro":1300,"vehicleYearOfManufacture":1999,"advertiserCounty":"Wicklow","isPSL":true,"privatePSL":false,"vehicleImageId":"14370725","imagecount":9,"isTrade":false},{"advertId":"30213464190516280","vehicleMake":"Ford","vehicleModel":"Mondeo","vehicleDerivative":"1.8 TD GLS","vehiclePriceEuro":950,"vehicleYearOfManufacture":1999,"advertiserCounty":"Limerick","isPSL":false,"privatePSL":false,"vehicleImageId":"54b31b43-4114-49ae-8aa1-6930d2b2cad8","imagecount":9,"advertiserName":"John Culhane Car Sales","isTrade":true},{"advertId":"201245210926566","vehicleMake":"Ford","vehicleModel":"Mondeo","vehicleDerivative":"LX","vehiclePriceEuro":899,"vehicleYearOfManufacture":1999,"advertiserCounty":"Meath","isPSL":true,"privatePSL":false,"vehicleImageId":"14127649","imagecount":9,"isTrade":false},{"advertId":"34413621808014800","vehicleMake":"Ford","vehicleModel":"Mondeo","vehicleDerivative":"VERY CAREFUL OWNER / NCT JUN-13 / RELIABLE / ECONOMICAL / AS NEW / \"\"MUST BE SEEN\"\" / www.N4CARS.ie","vehiclePriceEuro":749,"vehicleYearOfManufacture":1999,"advertiserCounty":"Dublin","isPSL":false,"privatePSL":false,"vehicleImageId":"2471fbb6-f08c-4dd7-829e-8e150dabb140","imagecount":13,"advertiserName":"N4 Car Sales","isTrade":true},{"advertId":"31413578373984310","vehicleMake":"Ford","vehicleModel":"Mustang","vehicleDerivative":"GT 4.6 V8 SPECIAL EDITION..MEGA SPEC..LOW MILEAGE WITH FULL SERVICE HISTORY..FINANCE AVAILABLE..OPEN 7 DAYS..VISIT WWW.BESHOFFMOTORS.IE FOR MORE INFO..","vehiclePriceEuro":24950,"vehicleYearOfManufacture":2007,"advertiserCounty":"Dublin","isPSL":true,"privatePSL":false,"imagecount":0,"advertiserName":"Beshoff Motors","isTrade":true},{"advertId":"32013521235835000","vehicleMake":"Ford","vehicleModel":"Mustang","vehicleDerivative":"GT 4.6 V8 CALIFORNIA SPECIAL EDITION - FORD POWER UPGRADE 380BHP","vehiclePriceEuro":23950,"vehicleYearOfManufacture":2007,"advertiserCounty":"Dublin","isPSL":false,"privatePSL":false,"vehicleImageId":"0f313e2d-1459-4f2d-aea9-115d5e34fab6","imagecount":11,"advertiserName":"Cafco Vehicle Solutions","isTrade":true},{"advertId":"31813532361568530","vehicleMake":"Ford","vehicleModel":"Mustang","vehicleDerivative":"GT Premium","vehiclePriceEuro":24750,"vehicleYearOfManufacture":2006,"advertiserCounty":"Dublin","isPSL":false,"privatePSL":false,"vehicleImageId":"d0ef461a-12fd-430e-8772-1f6e273dbdd8","imagecount":11,"advertiserName":"Paddy Connolly Motors (The Glen Garage Estd.1956)","isTrade":true},{"advertId":"32013534159405980","vehicleMake":"Ford","vehicleModel":"Mustang","vehicleDerivative":"V6 PREMIUM LEFT HAND DRIVE 2DR A","vehiclePriceEuro":18750,"vehicleYearOfManufacture":2006,"advertiserCounty":"Dublin","isPSL":true,"privatePSL":false,"vehicleImageId":"6be29dc5-496c-4744-8764-5762cd7565a7","imagecount":16,"advertiserName":"Harford Motor Co. Ltd","isTrade":true},{"advertId":"34313615353042690","vehicleMake":"Ford","vehicleModel":"Mustang","vehicleDerivative":"GT V8 SUPERCHARGED AUTO","vehiclePriceEuro":27500,"vehicleYearOfManufacture":2005,"advertiserCounty":"Dublin","isPSL":false,"privatePSL":false,"vehicleImageId":"096c6d17-c1c4-434e-9f4d-297684030d0d","imagecount":13,"advertiserName":"Karl Goodwin Motors","isTrade":true},{"advertId":"30813511592346670","vehicleMake":"Ford","vehicleModel":"Mustang","vehicleDerivative":"V6 LEFT HAND DRIVE 02DR A","vehiclePriceEuro":0,"vehicleYearOfManufacture":2005,"advertiserCounty":"Galway","isPSL":false,"privatePSL":false,"vehicleImageId":"7210de93-3c07-48b9-accd-345efd1ac1f4","imagecount":11,"advertiserName":"J.J. Fleming & Co Ltd","isTrade":true},{"advertId":"31413509131635750","vehicleMake":"Ford","vehicleModel":"Mustang","vehicleDerivative":"3.5 lhd","vehiclePriceEuro":14000,"vehicleYearOfManufacture":2004,"advertiserCounty":"Limerick","isPSL":false,"privatePSL":false,"vehicleImageId":"4aeef6a6-92a8-4966-bb0a-0e43f112b4d0","imagecount":3,"advertiserName":"John Moloney Motors","isTrade":true},{"advertId":"201249211314642","vehicleMake":"Ford","vehicleModel":"Mustang","vehicleDerivative":"LEFT HAND DRIVE 2DR A","vehiclePriceEuro":7900,"vehicleYearOfManufacture":1999,"advertiserCounty":"Louth","isPSL":true,"privatePSL":false,"vehicleImageId":"14193938","imagecount":3,"isTrade":false},{"advertId":"32113541839708860","vehicleMake":"Ford","vehicleModel":"Mustang","vehicleDerivative":"LEFT HAND DRIVE 2DR A","vehiclePriceEuro":25000,"vehicleYearOfManufacture":1966,"advertiserCounty":"Dublin","isPSL":false,"privatePSL":false,"vehicleImageId":"9abd5ba3-b8f8-4a1c-8e44-365c1e76cfa7","imagecount":20,"advertiserName":"Dermot Wallace Motors","isTrade":true},{"advertId":"201244210763192","vehicleMake":"Ford","vehicleModel":"Mustang","vehicleDerivative":"289ci V8 coupe","vehiclePriceEuro":12000,"vehicleYearOfManufacture":1965,"advertiserCounty":"Kildare","isPSL":true,"privatePSL":false,"vehicleImageId":"14091551","imagecount":9,"isTrade":false},{"advertId":"30213484906313950","vehicleMake":"Ford","vehicleModel":"Mustang","vehicleDerivative":" 289 V8.....  POA .....","vehiclePriceEuro":0,"vehicleYearOfManufacture":1965,"advertiserCounty":"Dublin","isPSL":true,"privatePSL":false,"vehicleImageId":"f68f84a5-8e11-4061-8689-61495d60bd1d","imagecount":16,"advertiserName":"Autocentre","isTrade":true},{"advertId":"201305212273166","vehicleMake":"Ford","vehicleModel":"Probe","vehicleDerivative":"2.5I","vehiclePriceEuro":1435,"vehicleYearOfManufacture":1996,"advertiserCounty":"Dublin","isPSL":true,"privatePSL":false,"vehicleImageId":"13962181","imagecount":9,"isTrade":false},{"advertId":"31713572051522420","vehicleMake":"Ford","vehicleModel":"Puma","vehicleDerivative":"1.6 I","vehiclePriceEuro":2650,"vehicleYearOfManufacture":2002,"advertiserCounty":"Dublin","isPSL":false,"privatePSL":false,"vehicleImageId":"c84787c1-d5c2-4585-9788-75c50433d42f","imagecount":9,"advertiserName":"Delta Autos","isTrade":true},{"advertId":"31413497972701180","vehicleMake":"Ford","vehicleModel":"Puma","vehicleDerivative":"1.7 03DR","vehiclePriceEuro":0,"vehicleYearOfManufacture":2002,"advertiserCounty":"Westmeath","isPSL":false,"privatePSL":false,"vehicleImageId":"29ac6657-25ad-44db-8fdf-0a0dc4b91857","imagecount":9,"advertiserName":"Colton Motors Mullingar","isTrade":true},{"advertId":"201247211100053","vehicleMake":"Ford","vehicleModel":"Puma","vehicleDerivative":"1.4","vehiclePriceEuro":1995,"vehicleYearOfManufacture":2001,"advertiserCounty":"Meath","isPSL":true,"privatePSL":false,"imagecount":0,"isTrade":false},{"advertId":"32013591272015910","vehicleMake":"Ford","vehicleModel":"Puma","vehicleDerivative":"1.4 ***CLUTCH SLIPPING HENCE PRICE***","vehiclePriceEuro":750,"vehicleYearOfManufacture":2001,"advertiserCounty":"Leitrim","isPSL":true,"privatePSL":false,"vehicleImageId":"7b25f532-6c33-48ef-8f07-897614a84b23","imagecount":9,"advertiserName":"Sean Gallagher Cars","isTrade":true},{"advertId":"201251211471597","vehicleMake":"Ford","vehicleModel":"Puma","vehicleDerivative":"1.4","vehiclePriceEuro":2400,"vehicleYearOfManufacture":2000,"advertiserCounty":"Dublin","isPSL":true,"privatePSL":false,"vehicleImageId":"13834136","imagecount":2,"isTrade":false},{"advertId":"201247211120402","vehicleMake":"Ford","vehicleModel":"Puma","vehicleDerivative":"1.4","vehiclePriceEuro":2000,"vehicleYearOfManufacture":2000,"advertiserCounty":"Cork","isPSL":true,"privatePSL":false,"vehicleImageId":"14163463","imagecount":8,"isTrade":false},{"advertId":"201305212227746","vehicleMake":"Ford","vehicleModel":"Puma","vehicleDerivative":"1.4","vehiclePriceEuro":1700,"vehicleYearOfManufacture":2000,"advertiserCounty":"Dublin","isPSL":true,"privatePSL":false,"vehicleImageId":"14305886","imagecount":5,"isTrade":false},{"advertId":"201242210599198","vehicleMake":"Ford","vehicleModel":"Puma","vehicleDerivative":"1.4 03DR","vehiclePriceEuro":1700,"vehicleYearOfManufacture":2000,"advertiserCounty":"Laois","isPSL":true,"privatePSL":false,"imagecount":0,"isTrade":false},{"advertId":"33913605961694670","vehicleMake":"Ford","vehicleModel":"Puma","vehicleDerivative":"1.4","vehiclePriceEuro":1500,"vehicleYearOfManufacture":2000,"advertiserCounty":"Sligo","isPSL":false,"privatePSL":false,"vehicleImageId":"9ef64cec-719c-4594-89d0-96e48324b3bb","imagecount":8,"advertiserName":"Henderson Motorpark","isTrade":true}],"totalAdvertCount":45174}