{"adverts":[{"advertId":"33413624242896520","vehicleMake":"Honda","vehicleModel":"Jazz","vehicleDerivative":"1.4i SE","vehiclePriceEuro":9000,"vehicleYearOfManufacture":2008,"advertiserCounty":"Dublin","isPSL":true,"privatePSL":false,"imagecount":0,"advertiserName":"Gowan Motors Dun Laoghaire","isTrade":true},{"advertId":"201248211199125","vehicleMake":"Honda","vehicleModel":"Jazz","vehicleDerivative":"1.2 SPORT 5DR (COOL)","vehiclePriceEuro":8000,"vehicleYearOfManufacture":2008,"advertiserCounty":"Donegal","isPSL":true,"privatePSL":false,"vehicleImageId":"14174940","imagecount":5,"isTrade":false},{"advertId":"30113452146253550","vehicleMake":"Honda","vehicleModel":"Jazz","vehicleDerivative":"1.2 SPORT *** DONIE DAFFY CAR SALES ***","vehiclePriceEuro":7500,"vehicleYearOfManufacture":2008,"advertiserCounty":"Limerick","isPSL":false,"privatePSL":false,"vehicleImageId":"761978cc-bc69-48df-917e-83c3a5e6d12e","imagecount":6,"advertiserName":"Donie Daffy Quality Car Sales","isTrade":true},{"advertId":"33213619005851020","vehicleMake":"Honda","vehicleModel":"Jazz","vehicleDerivative":"1.4SE 5DR 1.4 SE","vehiclePriceEuro":7500,"vehicleYearOfManufacture":2007,"advertiserCounty":"Dublin","isPSL":false,"privatePSL":false,"imagecount":0,"advertiserName":"Tom Walsh Motors Ltd","isTrade":true},{"advertId":"34113612053466810","vehicleMake":"Honda","vehicleModel":"Jazz","vehicleDerivative":"1.4 SPORT AUTO CVT","vehiclePriceEuro":7450,"vehicleYearOfManufacture":2007,"advertiserCounty":"Dublin","isPSL":false,"privatePSL":false,"vehicleImageId":"1ddde5e5-b663-4076-980d-e8954513b499","imagecount":7,"advertiserName":"Autobuyer","isTrade":true},{"advertId":"201246210950294","vehicleMake":"Honda","vehicleModel":"Jazz","vehiclePriceEuro":6599,"vehicleYearOfManufacture":2007,"advertiserCounty":"Cork","isPSL":true,"privatePSL":false,"vehicleImageId":"14133180","imagecount":6,"isTrade":false},{"advertId":"32913606049822250","vehicleMake":"Honda","vehicleModel":"Jazz","vehicleDerivative":"1.4 SE SPORT 5DR","vehiclePriceEuro":6500,"vehicleYearOfManufacture":2007,"advertiserCounty":"Laois","isPSL":false,"privatePSL":false,"vehicleImageId":"74dc2fb8-a537-419e-b430-ca29196f59a2","imagecount":8,"advertiserName":"John Adams Car Sales","isTrade":true},{"advertId":"33413601562842770","vehicleMake":"Honda","vehicleModel":"Jazz","vehicleDerivative":"1.4i SE CVT 5DR","vehiclePriceEuro":7950,"vehicleYearOfManufacture":2006,"advertiserCounty":"Dublin","isPSL":true,"privatePSL":false,"vehicleImageId":"85727bb2-2871-4905-a356-5331ec2e4932","imagecount":11,"advertiserName":"Gowan Motors Navan Road","isTrade":true},{"advertId":"31513507375224710","vehicleMake":"Honda","vehicleModel":"Jazz","vehicleDerivative":"1.4 SE Auto","vehiclePriceEuro":6950,"vehicleYearOfManufacture":2006,"advertiserCounty":"Dublin","isPSL":false,"privatePSL":false,"vehicleImageId":"bf2a521f-dbcd-43df-a8dc-020967d03a39","imagecount":7,"advertiserName":"Autobuyer","isTrade":true},{"advertId":"31413585190855890","vehicleMake":"Honda","vehicleModel":"Jazz","vehicleDerivative":"**AUTO**SPORT EDT.** IN STOCK**","vehiclePriceEuro":6950,"vehicleYearOfManufacture":2006,"advertiserCounty":"Dublin","isPSL":false,"privatePSL":false,"vehicleImageId":"ce1a5efa-911d-4515-b52b-83a20b619eb8","imagecount":2,"advertiserName":"Clarehall Motor Centre","isTrade":true},{"advertId":"31513585190409320","vehicleMake":"Honda","vehicleModel":"Jazz","vehicleDerivative":"**AUTO** IN STOCK**","vehiclePriceEuro":6950,"vehicleYearOfManufacture":2006,"advertiserCounty":"Dublin","isPSL":false,"privatePSL":false,"vehicleImageId":"81d140bd-2fe7-4846-85dc-2009ba6d8180","imagecount":2,"advertiserName":"Clarehall Motor Centre","isTrade":true},{"advertId":"29413485009880030","vehicleMake":"Honda","vehicleModel":"Jazz","vehicleDerivative":"**SPORT**AUTOMATIC","vehiclePriceEuro":6950,"vehicleYearOfManufacture":2006,"advertiserCounty":"Dublin","isPSL":false,"privatePSL":false,"vehicleImageId":"732f6da4-e3b9-4db4-959f-154dbf776e69","imagecount":5,"advertiserName":"Clarehall Motor Centre","isTrade":true},{"advertId":"31113584396089380","vehicleMake":"Honda","vehicleModel":"Jazz","vehicleDerivative":"**AUTO**JUST ARRIVED IN","vehiclePriceEuro":6950,"vehicleYearOfManufacture":2006,"advertiserCounty":"Dublin","isPSL":false,"privatePSL":false,"vehicleImageId":"72cbebf9-a48c-4a29-95cc-d0735cb21925","imagecount":2,"advertiserName":"Clarehall Motor Centre","isTrade":true},{"advertId":"31513584396784400","vehicleMake":"Honda","vehicleModel":"Jazz","vehicleDerivative":"**AUTO**JUST ARRIVED IN","vehiclePriceEuro":6950,"vehicleYearOfManufacture":2006,"advertiserCounty":"Dublin","isPSL":false,"privatePSL":false,"vehicleImageId":"49fc14df-25c7-40b0-a8b1-3458e168c95c","imagecount":9,"advertiserName":"Clarehall Motor Centre","isTrade":true},{"advertId":"27413427270063670","vehicleMake":"Honda","vehicleModel":"Jazz","vehicleDerivative":"Honda Fit, Japanese 1.3L Auto, 2 Year NCT","vehiclePriceEuro":6950,"vehicleYearOfManufacture":2006,"advertiserCounty":"Dublin","isPSL":false,"privatePSL":false,"vehicleImageId":"75aaa6ea-c8ea-4777-81b9-262b33995835","imagecount":15,"advertiserName":"Fine Motors","isTrade":true},{"advertId":"31513596202725230","vehicleMake":"Honda","vehicleModel":"Jazz","vehicleDerivative":"1.2S","vehiclePriceEuro":6950,"vehicleYearOfManufacture":2006,"advertiserCounty":"Kildare","isPSL":false,"privatePSL":false,"vehicleImageId":"e61bc58c-ba92-475c-b523-1433d49f573d","imagecount":9,"advertiserName":"Sheehy Motors Naas","isTrade":true},{"advertId":"31513578103745000","vehicleMake":"Honda","vehicleModel":"Jazz","vehicleDerivative":"1.2 *TP Waters*","vehiclePriceEuro":5950,"vehicleYearOfManufacture":2006,"advertiserCounty":"Kildare","isPSL":true,"privatePSL":false,"vehicleImageId":"5bb045e8-674b-4a34-a60c-86eef1b3c36a","imagecount":9,"advertiserName":"T.P. Waters","isTrade":true},{"advertId":"32013535106584500","vehicleMake":"Honda","vehicleModel":"Jazz","vehicleDerivative":"1.4 SE 5DR TAX 04/13 AND NCT 01/14","vehiclePriceEuro":4950,"vehicleYearOfManufacture":2006,"advertiserCounty":"Wexford","isPSL":false,"privatePSL":false,"vehicleImageId":"9b7cfc54-ce71-49f3-a214-0008f49596ea","imagecount":11,"advertiserName":"Doyles Garage Wexford","isTrade":true},{"advertId":"29213436795598070","vehicleMake":"Honda","vehicleModel":"Jazz","vehicleDerivative":"Honda Fit, Japanese 1.3L Auto, Jan/2015 NCT","vehiclePriceEuro":5990,"vehicleYearOfManufacture":2005,"advertiserCounty":"Dublin","isPSL":false,"privatePSL":false,"vehicleImageId":"cf09a604-7ad8-4bc5-8722-817623fccedd","imagecount":15,"advertiserName":"Fine Motors","isTrade":true},{"advertId":"31113515578998990","vehicleMake":"Honda","vehicleModel":"Jazz","vehicleDerivative":"Honda Jazz, Japanese FIT  1.3L Auto, 2 Year NCT","vehiclePriceEuro":5990,"vehicleYearOfManufacture":2005,"advertiserCounty":"Dublin","isPSL":false,"privatePSL":false,"vehicleImageId":"187a9750-3d64-4e2e-8060-08dcd60e7167","imagecount":15,"advertiserName":"Fine Motors","isTrade":true},{"advertId":"31513584395666890","vehicleMake":"Honda","vehicleModel":"Jazz","vehicleDerivative":"**AUTO**LIKE NEW","vehiclePriceEuro":5950,"vehicleYearOfManufacture":2005,"advertiserCounty":"Dublin","isPSL":false,"privatePSL":false,"vehicleImageId":"2b3e1057-373f-44b7-af5b-785c61730a88","imagecount":9,"advertiserName":"Clarehall Motor Centre","isTrade":true},{"advertId":"34013619602447870","vehicleMake":"Honda","vehicleModel":"Jazz","vehicleDerivative":"1.4","vehiclePriceEuro":4650,"vehicleYearOfManufacture":2005,"advertiserCounty":"Tipperary","isPSL":false,"privatePSL":false,"vehicleImageId":"e43a9719-48a6-430c-ab06-a92501fa33c4","imagecount":2,"advertiserName":"Denis Kinane Motors (Honda Centre)","isTrade":true},{"advertId":"31713592107121880","vehicleMake":"Honda","vehicleModel":"Jazz","vehicleDerivative":"1.2 DSI","vehiclePriceEuro":4495,"vehicleYearOfManufacture":2005,"advertiserCounty":"Donegal","isPSL":false,"privatePSL":false,"vehicleImageId":"d24780e2-1592-4e3a-93bb-7156ca4dced9","imagecount":9,"advertiserName":"Kelly's Sales & Service","isTrade":true},{"advertId":"201244210802394","vehicleMake":"Honda","vehicleModel":"Jazz","vehicleDerivative":"1.2 SPORT 5DR (COOL)","vehiclePriceEuro":3200,"vehicleYearOfManufacture":2005,"advertiserCounty":"Wexford","isPSL":true,"privatePSL":false,"vehicleImageId":"14097500","imagecount":5,"isTrade":false},{"advertId":"34313623915003930","vehicleMake":"Honda","vehicleModel":"Jazz","vehicleDerivative":"1.4 SE SPORT 5DR","vehiclePriceEuro":0,"vehicleYearOfManufacture":2005,"advertiserCounty":"Donegal","isPSL":false,"privatePSL":false,"vehicleImageId":"29e60d55-2742-48a5-ab34-6752a0cd7a5c","imagecount":8,"advertiserName":"Colm Dillon Cars","isTrade":true},{"advertId":"32713584394932420","vehicleMake":"Honda","vehicleModel":"Jazz","vehicleDerivative":"**AUTO**SPORT","vehiclePriceEuro":5850,"vehicleYearOfManufacture":2004,"advertiserCounty":"Dublin","isPSL":false,"privatePSL":false,"vehicleImageId":"2b372344-382b-45e0-bdfc-c7ddd406cd00","imagecount":5,"advertiserName":"Clarehall Motor Centre","isTrade":true},{"advertId":"31813527319212980","vehicleMake":"Honda","vehicleModel":"Jazz","vehicleDerivative":"***AUTOMATIC**","vehiclePriceEuro":5350,"vehicleYearOfManufacture":2004,"advertiserCounty":"Dublin","isPSL":false,"privatePSL":false,"vehicleImageId":"0d558fd8-4874-45cc-9b2d-902c449627d4","imagecount":10,"advertiserName":"Clarehall Motor Centre","isTrade":true},{"advertId":"201306212363413","vehicleMake":"Honda","vehicleModel":"Jazz","vehicleDerivative":"1.4 NCT 2014","vehiclePriceEuro":4950,"vehicleYearOfManufacture":2004,"advertiserCounty":"Dublin","isPSL":true,"privatePSL":false,"vehicleImageId":"11028297","imagecount":9,"isTrade":false},{"advertId":"31813585228826690","vehicleMake":"Honda","vehicleModel":"Jazz","vehicleDerivative":"1.4","vehiclePriceEuro":4650,"vehicleYearOfManufacture":2004,"advertiserCounty":"Limerick","isPSL":false,"privatePSL":false,"vehicleImageId":"dfe74fd8-af41-45ba-a02e-2869facf3474","imagecount":14,"advertiserName":"John Moloney Motors","isTrade":true},{"advertId":"31713585133676390","vehicleMake":"Honda","vehicleModel":"Jazz","vehicleDerivative":"GD1 5DR A","vehiclePriceEuro":3750,"vehicleYearOfManufacture":2004,"advertiserCounty":"Dublin","isPSL":false,"privatePSL":false,"vehicleImageId":"d5f578a8-7da9-4cc6-af40-0105192a0c89","imagecount":12,"advertiserName":"Diamond Group","isTrade":true},{"advertId":"34213622925876410","vehicleMake":"Honda","vehicleModel":"Jazz","vehicleDerivative":"1.4 5DR MANUAL","vehiclePriceEuro":0,"vehicleYearOfManufacture":2004,"advertiserCounty":"Kildare","isPSL":false,"privatePSL":false,"imagecount":0,"advertiserName":"Merlin Car Auctions","isTrade":true},{"advertId":"201306212341237","vehicleMake":"Honda","vehicleModel":"Jazz","vehicleDerivative":"FIT AUTO- SPORT 1.3","vehiclePriceEuro":8500,"vehicleYearOfManufacture":2003,"advertiserCounty":"Dublin","isPSL":true,"privatePSL":false,"vehicleImageId":"8703553","imagecount":9,"isTrade":false},{"advertId":"32913613532279670","vehicleMake":"Honda","vehicleModel":"Jazz","vehicleDerivative":"1.4","vehiclePriceEuro":4450,"vehicleYearOfManufacture":2003,"advertiserCounty":"Kildare","isPSL":false,"privatePSL":false,"vehicleImageId":"85ae681d-c3dd-4d94-8ae5-42c31f981240","imagecount":12,"advertiserName":"N.Conlan & Sons Peugeot","isTrade":true},{"advertId":"201306212296138","vehicleMake":"Honda","vehicleModel":"Jazz","vehicleDerivative":"1.4 dsl se","vehiclePriceEuro":3950,"vehicleYearOfManufacture":2003,"advertiserCounty":"Wicklow","isPSL":true,"privatePSL":false,"vehicleImageId":"13980074","imagecount":5,"isTrade":false},{"advertId":"32113534301962420","vehicleMake":"Honda","vehicleModel":"Jazz","vehicleDerivative":"1.4","vehiclePriceEuro":3750,"vehicleYearOfManufacture":2003,"advertiserCounty":"Dublin","isPSL":false,"privatePSL":false,"vehicleImageId":"2ae69614-a0ff-447c-b500-67952961c253","imagecount":9,"advertiserName":"Kelly's Garage Limited","isTrade":true},{"advertId":"31913597238272210","vehicleMake":"Honda","vehicleModel":"Jazz","vehicleDerivative":"1.4 (ONLY 49k MILES)**SOLD**","vehiclePriceEuro":0,"vehicleYearOfManufacture":2003,"advertiserCounty":"Dublin","isPSL":true,"privatePSL":false,"vehicleImageId":"13531b7c-6e93-49c9-8be5-799078a0889c","imagecount":5,"advertiserName":"Fairview Motors","isTrade":true},{"advertId":"201308212529611","vehicleMake":"Honda","vehicleModel":"Jazz","vehicleDerivative":"1.2 5DR","vehiclePriceEuro":3500,"vehicleYearOfManufacture":2002,"advertiserCounty":"Meath","isPSL":true,"privatePSL":false,"imagecount":0,"isTrade":false},{"advertId":"34413621588366670","vehicleMake":"Honda","vehicleModel":"Jazz","vehicleDerivative":"1.4","vehiclePriceEuro":3450,"vehicleYearOfManufacture":2002,"advertiserCounty":"Dublin","isPSL":false,"privatePSL":false,"vehicleImageId":"5a8b05b3-4983-4881-ac34-a067d4813e8a","imagecount":6,"advertiserName":"Martin Doolan Motors","isTrade":true},{"advertId":"201302211936983","vehicleMake":"Honda","vehicleModel":"Jazz","vehicleDerivative":"1.4","vehiclePriceEuro":3000,"vehicleYearOfManufacture":2002,"advertiserCounty":"Dublin","isPSL":true,"privatePSL":false,"vehicleImageId":"14261738","imagecount":4,"isTrade":false},{"advertId":"201302211892139","vehicleMake":"Honda","vehicleModel":"Jazz","vehicleDerivative":"1.4","vehiclePriceEuro":2000,"vehicleYearOfManufacture":2002,"advertiserCounty":"Kerry","isPSL":true,"privatePSL":false,"vehicleImageId":"14257836","imagecount":7,"isTrade":false},{"advertId":"33213611009789900","vehicleMake":"Honda","vehicleModel":"Legend","vehicleDerivative":"Four Wheel Drive, Sat Nav, Sunroof.","vehiclePriceEuro":9950,"vehicleYearOfManufacture":2006,"advertiserCounty":"Dublin","isPSL":true,"privatePSL":false,"vehicleImageId":"93410c89-893c-4531-bd44-1ed6a1f11223","imagecount":15,"advertiserName":"Deerpark Motor Company","isTrade":true},{"advertId":"20513413314095090","vehicleMake":"Honda","vehicleModel":"Legend","vehicleDerivative":"3.5 V6 AUTO","vehiclePriceEuro":3950,"vehicleYearOfManufacture":2003,"advertiserCounty":"Dublin","isPSL":true,"privatePSL":false,"vehicleImageId":"0e407b82-eba7-4323-bfce-43ad79a18fad","imagecount":20,"advertiserName":"Clonskeagh Motors","isTrade":true},{"advertId":"201308212529576","vehicleMake":"Honda","vehicleModel":"Legend","vehicleDerivative":"3.5 V6 4DR A","vehiclePriceEuro":2500,"vehicleYearOfManufacture":2000,"advertiserCounty":"Dublin","isPSL":true,"privatePSL":false,"vehicleImageId":"14380027","imagecount":8,"isTrade":false},{"advertId":"32013535948196600","vehicleMake":"Honda","vehicleModel":"Legend","vehicleDerivative":"3.5 V6....NCT 01/13.......TAXED 12/12","vehiclePriceEuro":2295,"vehicleYearOfManufacture":2000,"advertiserCounty":"Dublin","isPSL":false,"privatePSL":false,"vehicleImageId":"c4b67c49-02b3-44cb-b2c9-2e312715cae0","imagecount":15,"advertiserName":"Jim Rock Motors Ltd","isTrade":true},{"advertId":"31913591081763750","vehicleMake":"Honda","vehicleModel":"Legend","vehicleDerivative":"3.5 V6","vehiclePriceEuro":1995,"vehicleYearOfManufacture":2000,"advertiserCounty":"Dublin","isPSL":false,"privatePSL":false,"vehicleImageId":"2f6a96e6-54d5-442f-99f2-239e6c0edf0e","imagecount":8,"advertiserName":"Select Cars","isTrade":true},{"advertId":"201304212137495","vehicleMake":"Honda","vehicleModel":"Prelude","vehicleDerivative":"2.0I ABS","vehiclePriceEuro":2999,"vehicleYearOfManufacture":2000,"advertiserCounty":"Dublin","isPSL":true,"privatePSL":false,"vehicleImageId":"13519414","imagecount":4,"isTrade":false},{"advertId":"201310212771438","vehicleMake":"Honda","vehicleModel":"Prelude","vehicleDerivative":"BB8 02DR Automatic","vehiclePriceEuro":2350,"vehicleYearOfManufacture":1999,"advertiserCounty":"Dublin","isPSL":true,"privatePSL":false,"vehicleImageId":"14069234","imagecount":6,"isTrade":false},{"advertId":"201245210884838","vehicleMake":"Honda","vehicleModel":"Prelude","vehicleDerivative":"BB6 02DR","vehiclePriceEuro":1900,"vehicleYearOfManufacture":1997,"advertiserCounty":"Wicklow","isPSL":true,"privatePSL":false,"vehicleImageId":"13729407","imagecount":5,"isTrade":false},{"advertId":"201303212004468","vehicleMake":"Honda","vehicleModel":"Prelude","vehicleDerivative":"2.0I ABS","vehiclePriceEuro":600,"vehicleYearOfManufacture":1997,"advertiserCounty":"Laois","isPSL":true,"privatePSL":false,"vehicleImageId":"14272390","imagecount":9,"isTrade":false},{"advertId":"201246210990111","vehicleMake":"Honda","vehicleModel":"Prelude","vehiclePriceEuro":1499,"vehicleYearOfManufacture":1995,"advertiserCounty":"Dublin","isPSL":true,"privatePSL":false,"vehicleImageId":"14142493","imagecount":9,"isTrade":false},{"advertId":"201247211079676","vehicleMake":"Honda","vehicleModel":"S2000","vehicleDerivative":"52000 ROADSTER S/T","vehiclePriceEuro":13500,"vehicleYearOfManufacture":2004,"advertiserCounty":"Dublin","isPSL":true,"privatePSL":false,"vehicleImageId":"14156136","imagecount":9,"isTrade":false},{"advertId":"201245210865765","vehicleMake":"Honda","vehicleModel":"S2000","vehicleDerivative":"02DR","vehiclePriceEuro":12500,"vehicleYearOfManufacture":2003,"advertiserCounty":"Carlow","isPSL":true,"privatePSL":false,"vehicleImageId":"14108876","imagecount":7,"isTrade":false},{"advertId":"201243210649884","vehicleMake":"Honda","vehicleModel":"S2000","vehicleDerivative":"GT 02DR","vehiclePriceEuro":6900,"vehicleYearOfManufacture":2002,"advertiserCounty":"Clare","isPSL":true,"privatePSL":false,"vehicleImageId":"13747545","imagecount":9,"isTrade":false},{"advertId":"201249211319962","vehicleMake":"Honda","vehicleModel":"S2000","vehicleDerivative":"Need a quick cash sale! Low Mileage!","vehiclePriceEuro":5999,"vehicleYearOfManufacture":2000,"advertiserCounty":"Dublin","isPSL":true,"privatePSL":false,"vehicleImageId":"14194694","imagecount":9,"isTrade":false},{"advertId":"201306212295932","vehicleMake":"Honda","vehicleModel":"Shuttle","vehicleDerivative":"2.3I LS AUTO","vehiclePriceEuro":850,"vehicleYearOfManufacture":1999,"advertiserCounty":"Westmeath","isPSL":true,"privatePSL":false,"vehicleImageId":"14317552","imagecount":6,"isTrade":false},{"advertId":"30613485001881340","vehicleMake":"Honda","vehicleModel":"Stepwagon","vehicleDerivative":"8 SEATER AUTOMATIC","vehiclePriceEuro":6950,"vehicleYearOfManufacture":2003,"advertiserCounty":"Dublin","isPSL":false,"privatePSL":false,"vehicleImageId":"dd56a70b-69dd-4aa6-8de0-64fc1e9738fb","imagecount":7,"advertiserName":"Clarehall Motor Centre","isTrade":true},{"advertId":"32013585242491590","vehicleMake":"Honda","vehicleModel":"Stepwagon","vehicleDerivative":"8 SEATER AUTOMATIC","vehiclePriceEuro":4950,"vehicleYearOfManufacture":2001,"advertiserCounty":"Dublin","isPSL":false,"privatePSL":false,"vehicleImageId":"1c258928-10af-4d38-bd3c-cea5d8636589","imagecount":2,"advertiserName":"Clarehall Motor Centre","isTrade":true},{"advertId":"32113573869305530","vehicleMake":"Honda","vehicleModel":"Stepwagon","vehicleDerivative":"8 SEATER AUTOMATIC","vehiclePriceEuro":4950,"vehicleYearOfManufacture":2001,"advertiserCounty":"Dublin","isPSL":false,"privatePSL":false,"vehicleImageId":"74a0ed49-de11-484c-bbc3-c2f2aca03665","imagecount":3,"advertiserName":"Clarehall Motor Centre","isTrade":true},{"advertId":"713239404036620","vehicleMake":"Honda","vehicleModel":"Stream","vehicleDerivative":"AUTOMATIC 7 SEATER","vehiclePriceEuro":0,"vehicleYearOfManufacture":2011,"advertiserCounty":"Dublin","isPSL":true,"privatePSL":false,"vehicleImageId":"d494f390-ad99-4e8a-95c9-092c5f9aaff0","imagecount":9,"advertiserName":"Motoright Ltd.","isTrade":true},{"advertId":"33213616404718870","vehicleMake":"Honda","vehicleModel":"Stream","vehicleDerivative":"2006 Model, 1.7L Automatic, 7 Seater, FACE LIFT, NCT 2 year","vehiclePriceEuro":7990,"vehicleYearOfManufacture":2006,"advertiserCounty":"Dublin","isPSL":false,"privatePSL":false,"vehicleImageId":"684e2890-df7d-4f0f-b42f-f796e622f51c","imagecount":17,"advertiserName":"Fine Motors","isTrade":true},{"advertId":"33213616402515140","vehicleMake":"Honda","vehicleModel":"Stream","vehicleDerivative":"2006 Model, 1.7L Automatic, 7 Seater, FACE LIFT, NCT 2 year","vehiclePriceEuro":7990,"vehicleYearOfManufacture":2006,"advertiserCounty":"Dublin","isPSL":false,"privatePSL":false,"vehicleImageId":"cb0eda19-e0bb-4905-b4db-22ead7d85a9d","imagecount":17,"advertiserName":"Fine Motors","isTrade":true},{"advertId":"31513499673924540","vehicleMake":"Honda","vehicleModel":"Stream","vehicleDerivative":"1.7 **SOLD**","vehiclePriceEuro":0,"vehicleYearOfManufacture":2005,"advertiserCounty":"Dublin","isPSL":false,"privatePSL":false,"vehicleImageId":"da0f7ef8-aa5c-4cbf-adc6-a8da9da0d4cb","imagecount":12,"advertiserName":"Naas Road Autos","isTrade":true},{"advertId":"33413616401386680","vehicleMake":"Honda","vehicleModel":"Stream","vehicleDerivative":"1.7L Automatic, 7 Seater, FACE LIFT, NCT 2 year","vehiclePriceEuro":6450,"vehicleYearOfManufacture":2004,"advertiserCounty":"Dublin","isPSL":false,"privatePSL":false,"vehicleImageId":"d85457f2-1631-4c54-a033-1c0011416294","imagecount":17,"advertiserName":"Fine Motors","isTrade":true},{"advertId":"613239405492550","vehicleMake":"Honda","vehicleModel":"Stream","vehicleDerivative":"1.7 AUTOMATIC 7 Seater.","vehiclePriceEuro":5950,"vehicleYearOfManufacture":2004,"advertiserCounty":"Dublin","isPSL":true,"privatePSL":false,"vehicleImageId":"482b3f8f-13d0-47e4-9192-dc23cafd9fbe","imagecount":7,"advertiserName":"Motoright Ltd.","isTrade":true},{"advertId":"30213455638759200","vehicleMake":"Honda","vehicleModel":"Stream","vehicleDerivative":"1.7 SE 5DR","vehiclePriceEuro":5900,"vehicleYearOfManufacture":2004,"advertiserCounty":"Cork","isPSL":false,"privatePSL":false,"vehicleImageId":"c0c45577-8b17-4079-8b6b-23da19b485f8","imagecount":20,"advertiserName":"Great Island Motors Ltd","isTrade":true},{"advertId":"201309212649813","vehicleMake":"Honda","vehicleModel":"Stream","vehicleDerivative":"2.0 E5","vehiclePriceEuro":4000,"vehicleYearOfManufacture":2004,"advertiserCounty":"Cork","isPSL":true,"privatePSL":false,"vehicleImageId":"14044673","imagecount":6,"isTrade":false},{"advertId":"30913499667861020","vehicleMake":"Honda","vehicleModel":"Stream","vehicleDerivative":"1.7 **SOLD**","vehiclePriceEuro":0,"vehicleYearOfManufacture":2004,"advertiserCounty":"Dublin","isPSL":false,"privatePSL":false,"vehicleImageId":"90489862-def9-45a8-98df-ea26c089246c","imagecount":11,"advertiserName":"Naas Road Autos","isTrade":true},{"advertId":"31513529166191600","vehicleMake":"Honda","vehicleModel":"Stream","vehicleDerivative":"**SPORTS MODEL**MINT","vehiclePriceEuro":5950,"vehicleYearOfManufacture":2003,"advertiserCounty":"Dublin","isPSL":false,"privatePSL":false,"vehicleImageId":"664ccbb6-c818-48ba-89be-44cbf17d8d77","imagecount":10,"advertiserName":"Clarehall Motor Centre","isTrade":true},{"advertId":"5613325871275520","vehicleMake":"Honda","vehicleModel":"Stream","vehicleDerivative":"IN STOCK!","vehiclePriceEuro":5350,"vehicleYearOfManufacture":2003,"advertiserCounty":"Dublin","isPSL":false,"privatePSL":false,"vehicleImageId":"92f3fd58-62d7-4ca3-aa24-1f4048b13f44","imagecount":2,"advertiserName":"Clarehall Motor Centre","isTrade":true},{"advertId":"201249211311584","vehicleMake":"Honda","vehicleModel":"Stream","vehicleDerivative":"RN1 1.7 05DR A","vehiclePriceEuro":4700,"vehicleYearOfManufacture":2003,"advertiserCounty":"Kildare","isPSL":true,"privatePSL":false,"vehicleImageId":"14193597","imagecount":7,"isTrade":false},{"advertId":"201306212318696","vehicleMake":"Honda","vehicleModel":"Stream","vehicleDerivative":"1.7 AUTO","vehiclePriceEuro":4300,"vehicleYearOfManufacture":2003,"advertiserCounty":"Dublin","isPSL":true,"privatePSL":false,"vehicleImageId":"14323662","imagecount":5,"isTrade":false},{"advertId":"613239402850400","vehicleMake":"Honda","vehicleModel":"Stream","vehicleDerivative":"AUTOMATIC 7 SEATER","vehiclePriceEuro":6450,"vehicleYearOfManufacture":2002,"advertiserCounty":"Dublin","isPSL":true,"privatePSL":false,"vehicleImageId":"bed88b80-ecba-4876-a6d5-df02b4603f7a","imagecount":7,"advertiserName":"Motoright Ltd.","isTrade":true},{"advertId":"201305212227671","vehicleMake":"Honda","vehicleModel":"Stream","vehicleDerivative":"1.7 SPECIAL EDITION","vehiclePriceEuro":5900,"vehicleYearOfManufacture":2002,"advertiserCounty":"Dublin","isPSL":true,"privatePSL":false,"vehicleImageId":"14305659","imagecount":9,"isTrade":false},{"advertId":"201246210999243","vehicleMake":"Honda","vehicleModel":"Stream","vehicleDerivative":"RN3 05DR A","vehiclePriceEuro":5000,"vehicleYearOfManufacture":2002,"advertiserCounty":"Dublin","isPSL":true,"privatePSL":false,"vehicleImageId":"13312242","imagecount":6,"isTrade":false},{"advertId":"33913619873868240","vehicleMake":"Honda","vehicleModel":"Stream","vehicleDerivative":"1.7 VTEC SE,7 SEATER,7 SEATER,SUPERB FAMILY CAR,TAXED & NCT!!!!!!!!!!!!","vehiclePriceEuro":3450,"vehicleYearOfManufacture":2002,"advertiserCounty":"Wicklow","isPSL":false,"privatePSL":false,"vehicleImageId":"6bdef7af-9cd6-40d0-a8c6-add2367b701d","imagecount":1,"advertiserName":"Paul McGovern Car Sales","isTrade":true},{"advertId":"201306212341170","vehicleMake":"Honda","vehicleModel":"Stream","vehicleDerivative":"RN1 1.7 05DR A","vehiclePriceEuro":2500,"vehicleYearOfManufacture":2002,"advertiserCounty":"Dublin","isPSL":true,"privatePSL":false,"vehicleImageId":"13980329","imagecount":3,"isTrade":false},{"advertId":"201248211179649","vehicleMake":"Honda","vehicleModel":"Stream","vehicleDerivative":"2.0 VTEC SE SPORT 5DR","vehiclePriceEuro":2300,"vehicleYearOfManufacture":2002,"advertiserCounty":"Galway","isPSL":true,"privatePSL":false,"vehicleImageId":"14172485","imagecount":9,"isTrade":false},{"advertId":"31513581561738290","vehicleMake":"Honda","vehicleModel":"Stream","vehicleDerivative":"RN1 1.7 5DR A","vehiclePriceEuro":0,"vehicleYearOfManufacture":2002,"advertiserCounty":"Dublin","isPSL":false,"privatePSL":false,"vehicleImageId":"4171453c-a860-41b0-867a-15a90844f96b","imagecount":11,"advertiserName":"Clarehall Motor Centre","isTrade":true},{"advertId":"201307212433043","vehicleMake":"Honda","vehicleModel":"Stream","vehicleDerivative":"RN1 1.7 05DR A","vehiclePriceEuro":4500,"vehicleYearOfManufacture":2001,"advertiserCounty":"Dublin","isPSL":true,"privatePSL":false,"vehicleImageId":"14006954","imagecount":7,"isTrade":false},{"advertId":"31713516980807550","vehicleMake":"Honda","vehicleDerivative":"GL1800  NEW MODEL","vehiclePriceEuro":33950,"vehicleYearOfManufacture":2013,"advertiserCounty":"Galway","isPSL":true,"privatePSL":false,"vehicleImageId":"64be715b-55b6-49df-b132-0d1527411b9c","imagecount":6,"advertiserName":"Westlink Car Sales Ltd.","isTrade":true},{"advertId":"31913547394231940","vehicleMake":"Humber","vehicleModel":"Hawk","vehicleDerivative":"2 tone in colour","vehiclePriceEuro":0,"vehicleYearOfManufacture":1959,"advertiserCounty":"Westmeath","isPSL":false,"privatePSL":false,"vehicleImageId":"2373684b-6aff-4fac-b811-4463ecabcc3a","imagecount":13,"advertiserName":"Finian Treacy Motors","isTrade":true},{"advertId":"201247211139948","vehicleMake":"Hummer","vehicleModel":"H2","vehiclePriceEuro":39000,"vehicleYearOfManufacture":2008,"advertiserCounty":"Galway","isPSL":true,"privatePSL":false,"vehicleImageId":"14165896","imagecount":9,"isTrade":false},{"advertId":"33213608426954420","vehicleMake":"Hummer","vehicleModel":"H2","vehicleDerivative":"SUV LEFT HAND DRIVE 5DR FULLY LOADED!! ***FULL LEATHER HEATED SEATS FRONT AND REAR, REVERSE CAMERA BUILT INTO REARVIEW MIRROR, PARK SENSORS, BOSE SURROUND SOUND, DVD TV'S IN HEADRESTS, 1 OWNER, VERY LOW MILES***","vehiclePriceEuro":24950,"vehicleYearOfManufacture":2007,"advertiserCounty":"Dublin","isPSL":true,"privatePSL":false,"vehicleImageId":"461d4cba-ce80-48db-af7f-c642d7a12acc","imagecount":18,"advertiserName":"Cameron Car Sales","isTrade":true},{"advertId":"30013444388515210","vehicleMake":"Hummer","vehicleModel":"H2","vehicleDerivative":"Chrome Kit","vehiclePriceEuro":29950,"vehicleYearOfManufacture":2006,"advertiserCounty":"Dublin","isPSL":true,"privatePSL":false,"vehicleImageId":"28640b1c-23b7-491d-8416-f4664d39f511","imagecount":9,"advertiserName":"DC Motor Co","isTrade":true},{"advertId":"32913607019157050","vehicleMake":"Hummer","vehicleModel":"H2","vehicleDerivative":"LEFT HAND DRIVE ","vehiclePriceEuro":22950,"vehicleYearOfManufacture":2004,"advertiserCounty":"Dublin","isPSL":false,"privatePSL":false,"vehicleImageId":"167ba354-3c01-483b-8704-efe4a4111d58","imagecount":13,"advertiserName":"Blanchardstown 4x4","isTrade":true},{"advertId":"31113531616277400","vehicleMake":"Hummer","vehicleModel":"H2","vehicleDerivative":"==SOLD==H2 6.0L AUTO","vehiclePriceEuro":0,"vehicleYearOfManufacture":2004,"advertiserCounty":"Galway","isPSL":true,"privatePSL":false,"vehicleImageId":"49b31a1d-67e1-44e4-87d0-9d0c65acf74a","imagecount":14,"advertiserName":"Adrian Quinn Car Sales","isTrade":true},{"advertId":"413267094310090","vehicleMake":"Hummer","vehicleModel":"H3","vehicleDerivative":"Commercial","vehiclePriceEuro":17850,"vehicleYearOfManufacture":2008,"advertiserCounty":"Limerick","isPSL":false,"privatePSL":false,"vehicleImageId":"1df6763a-b024-465a-af03-6fbc1f839f5c","imagecount":5,"advertiserName":"John Moloney Motors","isTrade":true},{"advertId":"34013608532229470","vehicleMake":"Hyundai","vehicleModel":"Accent","vehicleDerivative":"SPORT --EXCELLENT..VALUE","vehiclePriceEuro":8950,"vehicleYearOfManufacture":2011,"advertiserCounty":"Dublin","isPSL":true,"privatePSL":false,"vehicleImageId":"7672d866-c768-43fd-9a5e-c1afb74da667","imagecount":10,"advertiserName":"Right Price Cars Airport","isTrade":true},{"advertId":"32113560213862890","vehicleMake":"Hyundai","vehicleModel":"Accent","vehicleDerivative":"SPORT 3DR --BRILLIANT VALUE--","vehiclePriceEuro":8950,"vehicleYearOfManufacture":2011,"advertiserCounty":"Dublin","isPSL":true,"privatePSL":false,"vehicleImageId":"eb8d7b1a-57b0-4ad5-996d-cd0130a94b68","imagecount":9,"advertiserName":"Right Price Cars (Prussia Street)","isTrade":true},{"advertId":"201306212341301","vehicleMake":"Hyundai","vehicleModel":"Accent","vehiclePriceEuro":8000,"vehicleYearOfManufacture":2009,"advertiserCounty":"Cork","isPSL":true,"privatePSL":false,"vehicleImageId":"13983777","imagecount":9,"isTrade":false},{"advertId":"31813584282775650","vehicleMake":"Hyundai","vehicleModel":"Accent","vehicleDerivative":"NIPPY VAN.","vehiclePriceEuro":7950,"vehicleYearOfManufacture":2009,"advertiserCounty":"Cork","isPSL":true,"privatePSL":false,"vehicleImageId":"d07a1a21-19fc-4572-9ab8-47e955fa5b49","imagecount":9,"advertiserName":"Kearys Hyundai Mallow","isTrade":true},{"advertId":"32013582590302550","vehicleMake":"Hyundai","vehicleModel":"Accent","vehicleDerivative":"1.6 CRDI 110BHP Van","vehiclePriceEuro":7950,"vehicleYearOfManufacture":2009,"advertiserCounty":"Kerry","isPSL":false,"privatePSL":false,"vehicleImageId":"a2c7942c-f274-4b5b-9f7c-d5ddddc1e36c","imagecount":5,"advertiserName":"Donagh Hickey Motors","isTrade":true},{"advertId":"31513587608045110","vehicleMake":"Hyundai","vehicleModel":"Accent","vehicleDerivative":"SPORT 3DR","vehiclePriceEuro":7750,"vehicleYearOfManufacture":2009,"advertiserCounty":"Dublin","isPSL":false,"privatePSL":false,"vehicleImageId":"3b6b8fb6-6ddc-4ddc-9280-28dc44d3df08","imagecount":9,"advertiserName":"Annesley Williams Ltd","isTrade":true},{"advertId":"34113603425409120","vehicleMake":"Hyundai","vehicleModel":"Accent","vehicleDerivative":"SPORT 3DR","vehiclePriceEuro":7450,"vehicleYearOfManufacture":2009,"advertiserCounty":"Dublin","isPSL":true,"privatePSL":false,"vehicleImageId":"5578856b-6eff-42b7-a63e-b1da711f481d","imagecount":1,"advertiserName":"Michael Barrable Motors","isTrade":true},{"advertId":"31413549751337760","vehicleMake":"Hyundai","vehicleModel":"Accent","vehicleDerivative":"1.5 CRDI","vehiclePriceEuro":6500,"vehicleYearOfManufacture":2009,"advertiserCounty":"Dublin","isPSL":false,"privatePSL":false,"vehicleImageId":"27a3d532-dd4b-41b0-ae97-22c64c19a612","imagecount":13,"advertiserName":"TMG Motors","isTrade":true},{"advertId":"34013624023555720","vehicleMake":"Hyundai","vehicleModel":"Accent","vehicleDerivative":"ACCENT DE LUXE","vehiclePriceEuro":8750,"vehicleYearOfManufacture":2008,"advertiserCounty":"Dublin","isPSL":false,"privatePSL":false,"imagecount":0,"advertiserName":"Kingstown Motors","isTrade":true},{"advertId":"31113593892818650","vehicleMake":"Hyundai","vehicleModel":"Accent","vehicleDerivative":"1.5 CRDI.....12 MONTHS DOE","vehiclePriceEuro":6995,"vehicleYearOfManufacture":2008,"advertiserCounty":"Dublin","isPSL":false,"privatePSL":false,"vehicleImageId":"7f5488b5-92f1-4d94-aff4-88e550ed02bf","imagecount":12,"advertiserName":"Jim Rock Motors Ltd","isTrade":true},{"advertId":"201243210671701","vehicleMake":"Hyundai","vehicleModel":"Accent","vehicleDerivative":"DE LUXE 4DR","vehiclePriceEuro":6750,"vehicleYearOfManufacture":2008,"advertiserCounty":"Dublin","isPSL":true,"privatePSL":false,"vehicleImageId":"14078105","imagecount":7,"isTrade":false},{"advertId":"29713457330386940","vehicleMake":"Hyundai","vehicleModel":"Accent","vehicleDerivative":"1.4 GLS 4DR AUT","vehiclePriceEuro":6250,"vehicleYearOfManufacture":2008,"advertiserCounty":"Cork","isPSL":false,"privatePSL":false,"vehicleImageId":"73646e47-5309-4c11-90b6-83a8f0dfeae1","imagecount":6,"advertiserName":"F.M. Autos","isTrade":true},{"advertId":"31813506583032860","vehicleMake":"Hyundai","vehicleModel":"Accent","vehicleDerivative":"1.4 de luxe","vehiclePriceEuro":6000,"vehicleYearOfManufacture":2008,"advertiserCounty":"Galway","isPSL":false,"privatePSL":false,"vehicleImageId":"c9d61e3b-c3cd-4843-9eda-b98c18eef534","imagecount":9,"advertiserName":"Walsh Connolly Motors","isTrade":true}],"totalAdvertCount":45174}