{"adverts":[{"advertId":"30613474434051340","vehicleMake":"Ford","vehicleModel":"Fiesta","vehicleDerivative":"1.2 Zetec","vehiclePriceEuro":5495,"vehicleYearOfManufacture":2006,"advertiserCounty":"Waterford","isPSL":false,"privatePSL":false,"vehicleImageId":"05071ede-3c1f-4f97-a139-668fd3856cdc","imagecount":10,"advertiserName":"Castletown Carsales","isTrade":true},{"advertId":"31713518507417610","vehicleMake":"Ford","vehicleModel":"Fiesta","vehicleDerivative":"Zetec 1.25","vehiclePriceEuro":5450,"vehicleYearOfManufacture":2006,"advertiserCounty":"Cork","isPSL":false,"privatePSL":false,"vehicleImageId":"310c5118-0a96-4a56-8928-f610a056dbe6","imagecount":8,"advertiserName":"O'Leary's Lissarda (Volkswagen Dealer)","isTrade":true},{"advertId":"33913606883277540","vehicleMake":"Ford","vehicleModel":"Fiesta","vehicleDerivative":"1.25 Steel","vehiclePriceEuro":5400,"vehicleYearOfManufacture":2006,"advertiserCounty":"Limerick","isPSL":true,"privatePSL":false,"vehicleImageId":"cf66c65f-cfa2-4e81-abd2-256446387bc0","imagecount":9,"advertiserName":"Frank Hogan Ltd.","isTrade":true},{"advertId":"34213610198429570","vehicleMake":"Ford","vehicleModel":"Fiesta","vehicleDerivative":"STEEL 1.25 5DR","vehiclePriceEuro":5295,"vehicleYearOfManufacture":2006,"advertiserCounty":"Mayo","isPSL":false,"privatePSL":false,"vehicleImageId":"8599fd18-950d-4370-8ea5-419080994806","imagecount":18,"advertiserName":"Griffith's Motor Group","isTrade":true},{"advertId":"201302211870370","vehicleMake":"Ford","vehicleModel":"Fiesta","vehicleDerivative":"1.4 TDC ZETEC 05DR","vehiclePriceEuro":5250,"vehicleYearOfManufacture":2006,"advertiserCounty":"Galway","isPSL":true,"privatePSL":false,"vehicleImageId":"14254122","imagecount":9,"isTrade":false},{"advertId":"201305212250683","vehicleMake":"Ford","vehicleModel":"Fiesta","vehicleDerivative":"STEEL 1.25 5DR","vehiclePriceEuro":5250,"vehicleYearOfManufacture":2006,"advertiserCounty":"Waterford","isPSL":true,"privatePSL":false,"vehicleImageId":"13966393","imagecount":6,"isTrade":false},{"advertId":"33913616298588100","vehicleMake":"Ford","vehicleModel":"Fiesta","vehicleDerivative":"FIESTA STEEL 1.25","vehiclePriceEuro":5250,"vehicleYearOfManufacture":2006,"advertiserCounty":"Dublin","isPSL":true,"privatePSL":false,"imagecount":0,"advertiserName":"Finglas Ford Centre","isTrade":true},{"advertId":"34013612007915430","vehicleMake":"Ford","vehicleModel":"Fiesta","vehicleDerivative":"STEEL 1.25 5DR","vehiclePriceEuro":5250,"vehicleYearOfManufacture":2006,"advertiserCounty":"Westmeath","isPSL":false,"privatePSL":false,"vehicleImageId":"8c6ac1ca-0a7f-4ce9-bb82-a44dd3d87c56","imagecount":8,"advertiserName":"Motorpark Athlone","isTrade":true},{"advertId":"32013500485150550","vehicleMake":"Ford","vehicleModel":"Fiesta","vehicleDerivative":"1.4 DIESEL","vehiclePriceEuro":5000,"vehicleYearOfManufacture":2006,"advertiserCounty":"Cork","isPSL":true,"privatePSL":false,"vehicleImageId":"126a86b7-1ac2-4991-bc7f-b810c57791ed","imagecount":7,"advertiserName":"Michael O'Sullivan Car Sales","isTrade":true},{"advertId":"201304212133477","vehicleMake":"Ford","vehicleModel":"Fiesta","vehicleDerivative":"GHIA 1.4 5DR","vehiclePriceEuro":5000,"vehicleYearOfManufacture":2006,"advertiserCounty":"Wexford","isPSL":true,"privatePSL":false,"vehicleImageId":"14288569","imagecount":9,"isTrade":false},{"advertId":"34313609502369370","vehicleMake":"Ford","vehicleModel":"Fiesta","vehicleDerivative":"1.2 ZETEC CLIMATE ","vehiclePriceEuro":4999,"vehicleYearOfManufacture":2006,"advertiserCounty":"Dublin","isPSL":false,"privatePSL":false,"vehicleImageId":"a05f72ef-f694-4e28-ad46-db6ce2171ddd","imagecount":10,"advertiserName":"Trade Price Cars","isTrade":true},{"advertId":"33413605230621120","vehicleMake":"Ford","vehicleModel":"Fiesta","vehicleDerivative":"STEEL 1.25 5DR","vehiclePriceEuro":4995,"vehicleYearOfManufacture":2006,"advertiserCounty":"Dublin","isPSL":false,"privatePSL":false,"vehicleImageId":"995203d0-418c-4ad4-a3b8-540631b7b947","imagecount":12,"advertiserName":"Autosales R.C.","isTrade":true},{"advertId":"31713579150384460","vehicleMake":"Ford","vehicleModel":"Fiesta","vehicleDerivative":"STEEL 1.25 5DR","vehiclePriceEuro":4995,"vehicleYearOfManufacture":2006,"advertiserCounty":"Dublin","isPSL":true,"privatePSL":false,"vehicleImageId":"f5c20417-e23a-4f60-b04a-b862891c2dd3","imagecount":1,"advertiserName":"A S Cars","isTrade":true},{"advertId":"34113600859082250","vehicleMake":"Ford","vehicleModel":"Fiesta","vehicleDerivative":"STEEL 1.25 --NCT APRIL 2014--","vehiclePriceEuro":4950,"vehicleYearOfManufacture":2006,"advertiserCounty":"Dublin","isPSL":true,"privatePSL":false,"vehicleImageId":"5b6e6eb1-711d-43f6-9983-eb6eea29494c","imagecount":11,"advertiserName":"Right Price Cars Airport","isTrade":true},{"advertId":"34213618770012200","vehicleMake":"Ford","vehicleModel":"Fiesta","vehicleDerivative":"STEEL 1.25 3DR","vehiclePriceEuro":4950,"vehicleYearOfManufacture":2006,"advertiserCounty":"Cork","isPSL":false,"privatePSL":false,"vehicleImageId":"d205f94e-f9e5-4f3a-ac07-4163ed57d4f3","imagecount":13,"advertiserName":"Airport Road Car Sales","isTrade":true},{"advertId":"201243210671705","vehicleMake":"Ford","vehicleModel":"Fiesta","vehicleDerivative":"Zetec","vehiclePriceEuro":4500,"vehicleYearOfManufacture":2006,"advertiserCounty":"Dublin","isPSL":true,"privatePSL":false,"vehicleImageId":"14078145","imagecount":4,"isTrade":false},{"advertId":"34113606169832250","vehicleMake":"Ford","vehicleModel":"Fiesta","vehicleDerivative":"STEEL 1.25 3DR","vehiclePriceEuro":4250,"vehicleYearOfManufacture":2006,"advertiserCounty":"Dublin","isPSL":false,"privatePSL":false,"vehicleImageId":"34be346e-fb6c-4136-aa46-2982b9f1a655","imagecount":8,"advertiserName":"Crystal Cars","isTrade":true},{"advertId":"30913529085310710","vehicleMake":"Ford","vehicleModel":"Fiesta","vehicleDerivative":"STEEL 1.25 5DR","vehiclePriceEuro":3450,"vehicleYearOfManufacture":2006,"advertiserCounty":"Dublin","isPSL":false,"privatePSL":false,"vehicleImageId":"8a8cfcd2-d020-4666-97dd-f3b53beae938","imagecount":4,"advertiserName":"Killiney Car Sales","isTrade":true},{"advertId":"201252211683454","vehicleMake":"Ford","vehicleModel":"Fiesta","vehicleDerivative":"VAN 1.4TD","vehiclePriceEuro":3100,"vehicleYearOfManufacture":2006,"advertiserCounty":"Cork","isPSL":true,"privatePSL":false,"vehicleImageId":"14235159","imagecount":5,"isTrade":false},{"advertId":"34313609807628500","vehicleMake":"Ford","vehicleModel":"Fiesta","vehicleDerivative":"1.2 NEWER MODEL / TOP-SPEC STEEL / 5-DR / NCT JUN-14 / VERY CAREFUL OWNER / ONLY 45k / ALLOYS / AS NEW / \"\"MUST BE SEEN\"\" / www.N4CARS.ie","vehiclePriceEuro":0,"vehicleYearOfManufacture":2006,"advertiserCounty":"Dublin","isPSL":false,"privatePSL":false,"vehicleImageId":"a71c7d15-5ad6-45a1-b1ab-3c9836b36eb3","imagecount":15,"advertiserName":"N4 Car Sales","isTrade":true},{"advertId":"31513587807538030","vehicleMake":"Ford","vehicleModel":"Fiesta","vehicleDerivative":"STEEL 2 1.25 5DR","vehiclePriceEuro":0,"vehicleYearOfManufacture":2006,"advertiserCounty":"Tipperary","isPSL":false,"privatePSL":false,"vehicleImageId":"4863297d-3fee-403c-a375-c6af04891802","imagecount":6,"advertiserName":"Three Bridges Motors","isTrade":true},{"advertId":"33413603339383970","vehicleMake":"Ford","vehicleModel":"Fiesta","vehicleDerivative":"STEEL 2 *sold*","vehiclePriceEuro":5995,"vehicleYearOfManufacture":2005,"advertiserCounty":"Dublin","isPSL":false,"privatePSL":false,"vehicleImageId":"abb77557-6cfb-4b36-83d3-7cdd27b4a811","imagecount":9,"advertiserName":"Rathfarnham Ford","isTrade":true},{"advertId":"33213612727506130","vehicleMake":"Ford","vehicleModel":"Fiesta","vehicleDerivative":"STEEL 2 1.25i 5DR. ZETEC","vehiclePriceEuro":5950,"vehicleYearOfManufacture":2005,"advertiserCounty":"Cork","isPSL":false,"privatePSL":false,"vehicleImageId":"22d0cb3a-8555-4f77-9407-21ef973b831d","imagecount":10,"advertiserName":"Denis & Mary Ryan Car Sales","isTrade":true},{"advertId":"34113615508652360","vehicleMake":"Ford","vehicleModel":"Fiesta","vehicleDerivative":"STEEL","vehiclePriceEuro":5450,"vehicleYearOfManufacture":2005,"advertiserCounty":"Dublin","isPSL":true,"privatePSL":false,"imagecount":0,"advertiserName":"Ashley Ford","isTrade":true},{"advertId":"33413610107194630","vehicleMake":"Ford","vehicleModel":"Fiesta","vehicleDerivative":"STEEL 2 1.25 5DR","vehiclePriceEuro":5350,"vehicleYearOfManufacture":2005,"advertiserCounty":"Kerry","isPSL":false,"privatePSL":false,"vehicleImageId":"236488b4-6653-4851-b51a-70097882ef6a","imagecount":5,"advertiserName":"Poff Motors","isTrade":true},{"advertId":"31813579956573390","vehicleMake":"Ford","vehicleModel":"Fiesta","vehicleDerivative":"fiesta tdci diesel","vehiclePriceEuro":4950,"vehicleYearOfManufacture":2005,"advertiserCounty":"Cork","isPSL":true,"privatePSL":false,"vehicleImageId":"b0067ca2-f562-40ff-8f56-c144e9c40f1f","imagecount":6,"advertiserName":"Jason O`Brien Cars","isTrade":true},{"advertId":"33213608529469830","vehicleMake":"Ford","vehicleModel":"Fiesta","vehicleDerivative":"STEEL.EXCELLENT.VALUE.NCT.2015","vehiclePriceEuro":4950,"vehicleYearOfManufacture":2005,"advertiserCounty":"Dublin","isPSL":true,"privatePSL":false,"vehicleImageId":"747e863f-c9f8-4522-b80d-324c78e771c2","imagecount":8,"advertiserName":"Right Price Cars Airport","isTrade":true},{"advertId":"33913614711128310","vehicleMake":"Ford","vehicleModel":"Fiesta","vehicleDerivative":"5 DOOR LX LOW MILEAGE 1 OWNER","vehiclePriceEuro":4945,"vehicleYearOfManufacture":2005,"advertiserCounty":"Dublin","isPSL":false,"privatePSL":false,"vehicleImageId":"22916e61-3e57-495f-b23e-693dd57b7c77","imagecount":17,"advertiserName":"Manorfield Cars Ltd Trade Connection","isTrade":true},{"advertId":"34113618819554570","vehicleMake":"Ford","vehicleModel":"Fiesta","vehicleDerivative":"STEEL 2 1.25 5DR","vehiclePriceEuro":4900,"vehicleYearOfManufacture":2005,"advertiserCounty":"Dublin","isPSL":true,"privatePSL":false,"vehicleImageId":"ab648918-7bf7-4464-8e7c-1d6e4d008621","imagecount":1,"advertiserName":"MotorVation","isTrade":true},{"advertId":"31113576411656440","vehicleMake":"Ford","vehicleModel":"Fiesta","vehicleDerivative":"STEEL2..AC..ALLOYS..FOGS..","vehiclePriceEuro":4500,"vehicleYearOfManufacture":2005,"advertiserCounty":"Longford","isPSL":false,"privatePSL":false,"vehicleImageId":"936e1d4f-6353-4347-b46f-b6acdbf31137","imagecount":3,"advertiserName":"McNally Motors","isTrade":true},{"advertId":"34113618972333800","vehicleMake":"Ford","vehicleModel":"Fiesta","vehicleDerivative":"1.25 3DR BRAND NEW NCT 04/15 LOW MILES P/S A/C C/D E/W S/R ABS MULTIPLE AIRBAGS ALLOYS COMES FULLY SERVICED  SUPERB CONDITION","vehiclePriceEuro":4500,"vehicleYearOfManufacture":2005,"advertiserCounty":"Dublin","isPSL":false,"privatePSL":false,"vehicleImageId":"b1916e6e-704f-4164-b3f4-341b568fed9d","imagecount":7,"advertiserName":"Declan Gill Motors","isTrade":true},{"advertId":"31413523902142160","vehicleMake":"Ford","vehicleModel":"Fiesta","vehicleDerivative":"STEEL","vehiclePriceEuro":4490,"vehicleYearOfManufacture":2005,"advertiserCounty":"Dublin","isPSL":true,"privatePSL":false,"vehicleImageId":"617afd1b-a3f4-4f68-a707-2c7b4ab6fb5c","imagecount":8,"advertiserName":"A S Cars","isTrade":true},{"advertId":"201249211340756","vehicleMake":"Ford","vehicleModel":"Fiesta","vehicleDerivative":"ZETEC STEEL","vehiclePriceEuro":4450,"vehicleYearOfManufacture":2005,"advertiserCounty":"Wicklow","isPSL":true,"privatePSL":false,"vehicleImageId":"14196750","imagecount":6,"isTrade":false},{"advertId":"201249211340744","vehicleMake":"Ford","vehicleModel":"Fiesta","vehicleDerivative":"4 NEW TYRES+ serviced,TAX+NCT","vehiclePriceEuro":4400,"vehicleYearOfManufacture":2005,"advertiserCounty":"Dublin","isPSL":true,"privatePSL":false,"vehicleImageId":"14196645","imagecount":8,"isTrade":false},{"advertId":"201249211311606","vehicleMake":"Ford","vehicleModel":"Fiesta","vehicleDerivative":"GHIA","vehiclePriceEuro":4400,"vehicleYearOfManufacture":2005,"advertiserCounty":"Westmeath","isPSL":true,"privatePSL":false,"vehicleImageId":"14193652","imagecount":8,"isTrade":false},{"advertId":"201302211892054","vehicleMake":"Ford","vehicleModel":"Fiesta","vehicleDerivative":"STEEL 1.2 3DR","vehiclePriceEuro":4300,"vehicleYearOfManufacture":2005,"advertiserCounty":"Louth","isPSL":true,"privatePSL":false,"vehicleImageId":"14257479","imagecount":7,"isTrade":false},{"advertId":"201307212457426","vehicleMake":"Ford","vehicleModel":"Fiesta","vehicleDerivative":"VAN 1.4 D","vehiclePriceEuro":4259,"vehicleYearOfManufacture":2005,"advertiserCounty":"Laois","isPSL":true,"privatePSL":false,"vehicleImageId":"13999395","imagecount":4,"isTrade":false},{"advertId":"31113487397667470","vehicleMake":"Ford","vehicleModel":"Fiesta","vehicleDerivative":"GHIA *MICHAEL DAFFY CAR SALES*","vehiclePriceEuro":4250,"vehicleYearOfManufacture":2005,"advertiserCounty":"Limerick","isPSL":false,"privatePSL":false,"vehicleImageId":"426d86e5-dafb-4b80-9f7a-ead5307468a8","imagecount":9,"advertiserName":"Michael Daffy Quality Car Sales","isTrade":true},{"advertId":"6413371695611440","vehicleMake":"Ford","vehicleModel":"Fiesta","vehicleDerivative":"Petrol","vehiclePriceEuro":4250,"vehicleYearOfManufacture":2005,"advertiserCounty":"Waterford","isPSL":false,"privatePSL":false,"vehicleImageId":"d7cdd477-2be7-4746-87fc-361c4c1a3a34","imagecount":10,"advertiserName":"Castletown Carsales","isTrade":true},{"advertId":"201250211384468","vehicleMake":"Ford","vehicleModel":"Fiesta","vehicleDerivative":"Zetec","vehiclePriceEuro":2900,"vehicleYearOfManufacture":2005,"advertiserCounty":"Cork","isPSL":true,"privatePSL":false,"vehicleImageId":"14203285","imagecount":9,"isTrade":false},{"advertId":"27113426292216360","vehicleMake":"Ford","vehicleModel":"Fiesta","vehicleDerivative":"STEEL","vehiclePriceEuro":0,"vehicleYearOfManufacture":2005,"advertiserCounty":"Cork","isPSL":false,"privatePSL":false,"vehicleImageId":"360b3aeb-75d7-48c2-9ce0-adf30a708182","imagecount":5,"advertiserName":"Shanahan Car Sales","isTrade":true},{"advertId":"31913519607745070","vehicleMake":"Ford","vehicleModel":"Fiesta","vehicleDerivative":"STEEL 2 1.25 5DR.","vehiclePriceEuro":0,"vehicleYearOfManufacture":2005,"advertiserCounty":"Donegal","isPSL":false,"privatePSL":false,"vehicleImageId":"cb7f3d01-1fce-4cf8-89ff-495920e30693","imagecount":8,"advertiserName":"Colm Dillon Cars","isTrade":true},{"advertId":"31713584445587090","vehicleMake":"Ford","vehicleModel":"Fiesta","vehicleDerivative":"STEEL 1.25 5dr ","vehiclePriceEuro":3950,"vehicleYearOfManufacture":2004,"advertiserCounty":"Cork","isPSL":false,"privatePSL":false,"vehicleImageId":"71baad5a-2c87-4177-b1dd-82d87beb6820","imagecount":12,"advertiserName":"Donal O'Brien Cars Ltd","isTrade":true},{"advertId":"31813593730494490","vehicleMake":"Ford","vehicleModel":"Fiesta","vehicleDerivative":"LX AUTOMATIC","vehiclePriceEuro":3950,"vehicleYearOfManufacture":2004,"advertiserCounty":"Kerry","isPSL":true,"privatePSL":false,"vehicleImageId":"57025217-f45d-41d3-aaea-ddce922980cf","imagecount":6,"advertiserName":"Billy Naughton Ltd","isTrade":true},{"advertId":"31513594671277350","vehicleMake":"Ford","vehicleModel":"Fiesta","vehicleDerivative":"ZETEC","vehiclePriceEuro":3950,"vehicleYearOfManufacture":2004,"advertiserCounty":"Kilkenny","isPSL":false,"privatePSL":false,"vehicleImageId":"6aa397cc-21de-4bb2-be6e-1151cc96beb4","imagecount":6,"advertiserName":"Kilkenny Car Complex","isTrade":true},{"advertId":"6413371640926170","vehicleMake":"Ford","vehicleModel":"Fiesta","vehicleDerivative":"Petrol","vehiclePriceEuro":3950,"vehicleYearOfManufacture":2004,"advertiserCounty":"Waterford","isPSL":false,"privatePSL":false,"vehicleImageId":"721e5838-ddf8-4b0f-90eb-14cf4483643d","imagecount":10,"advertiserName":"Castletown Carsales","isTrade":true},{"advertId":"201242210517169","vehicleMake":"Ford","vehicleModel":"Fiesta","vehicleDerivative":"lx","vehiclePriceEuro":3950,"vehicleYearOfManufacture":2004,"advertiserCounty":"Louth","isPSL":true,"privatePSL":false,"vehicleImageId":"14049553","imagecount":4,"isTrade":false},{"advertId":"31113587881555960","vehicleMake":"Ford","vehicleModel":"Fiesta","vehicleDerivative":"LX 5DR NCT 2014","vehiclePriceEuro":3850,"vehicleYearOfManufacture":2004,"advertiserCounty":"Dublin","isPSL":false,"privatePSL":false,"vehicleImageId":"5d052b6a-b1aa-4da4-bf10-4e1b71807e05","imagecount":9,"advertiserName":"Cityview Car Sales","isTrade":true},{"advertId":"201250211384471","vehicleMake":"Ford","vehicleModel":"Fiesta","vehicleDerivative":"1.4 ZETEC 03DR","vehiclePriceEuro":3600,"vehicleYearOfManufacture":2004,"advertiserCounty":"Sligo","isPSL":true,"privatePSL":false,"vehicleImageId":"14203308","imagecount":4,"isTrade":false},{"advertId":"201305212250792","vehicleMake":"Ford","vehicleModel":"Fiesta","vehicleDerivative":"ARGENTO 1.25 FINESSE 03DR","vehiclePriceEuro":3550,"vehicleYearOfManufacture":2004,"advertiserCounty":"Dublin","isPSL":true,"privatePSL":false,"vehicleImageId":"13963278","imagecount":6,"isTrade":false},{"advertId":"201301211748456","vehicleMake":"Ford","vehicleModel":"Fiesta","vehicleDerivative":"STEEL","vehiclePriceEuro":3500,"vehicleYearOfManufacture":2004,"advertiserCounty":"Dublin","isPSL":true,"privatePSL":false,"vehicleImageId":"14239935","imagecount":7,"isTrade":false},{"advertId":"201305212205262","vehicleMake":"Ford","vehicleModel":"Fiesta","vehicleDerivative":"LX 5DR NCT'd 1/14","vehiclePriceEuro":3500,"vehicleYearOfManufacture":2004,"advertiserCounty":"Dublin","isPSL":true,"privatePSL":false,"vehicleImageId":"13946372","imagecount":9,"isTrade":false},{"advertId":"33213608346670100","vehicleMake":"Ford","vehicleModel":"Fiesta","vehicleDerivative":"LX 3DR.... VERY CLEAN CAR WITH VERY LOW MILEAGE.","vehiclePriceEuro":3500,"vehicleYearOfManufacture":2004,"advertiserCounty":"Cork","isPSL":false,"privatePSL":false,"vehicleImageId":"956cb20a-6517-4f95-ac1f-3e6295b85342","imagecount":6,"advertiserName":"Denis Cullinane Car Sales","isTrade":true},{"advertId":"201305212228219","vehicleMake":"Ford","vehicleModel":"Fiesta","vehicleDerivative":"STEEL","vehiclePriceEuro":3300,"vehicleYearOfManufacture":2004,"advertiserCounty":"Limerick","isPSL":true,"privatePSL":false,"vehicleImageId":"14307434","imagecount":8,"isTrade":false},{"advertId":"201301211777230","vehicleMake":"Ford","vehicleModel":"Fiesta","vehicleDerivative":"LX 5DR","vehiclePriceEuro":3300,"vehicleYearOfManufacture":2004,"advertiserCounty":"Dublin","isPSL":true,"privatePSL":false,"vehicleImageId":"14241717","imagecount":8,"isTrade":false},{"advertId":"34013609247128420","vehicleMake":"Ford","vehicleModel":"Fiesta","vehicleDerivative":"LX 5DR *** DONIE DAFFY CAR SALES ***","vehiclePriceEuro":3250,"vehicleYearOfManufacture":2004,"advertiserCounty":"Limerick","isPSL":false,"privatePSL":false,"vehicleImageId":"92644552-4022-45bd-9578-a052557b6a68","imagecount":7,"advertiserName":"Donie Daffy Quality Car Sales","isTrade":true},{"advertId":"31713572682880780","vehicleMake":"Ford","vehicleModel":"Fiesta","vehicleDerivative":"Car/Van","vehiclePriceEuro":3000,"vehicleYearOfManufacture":2004,"advertiserCounty":"Clare","isPSL":false,"privatePSL":false,"vehicleImageId":"a9b41dd4-310e-4ed8-8892-5bd34dac0325","imagecount":8,"advertiserName":"Derek Considine Car Sales","isTrade":true},{"advertId":"32113557805024820","vehicleMake":"Ford","vehicleModel":"Fiesta","vehicleDerivative":"1.4 TDCI","vehiclePriceEuro":4950,"vehicleYearOfManufacture":2003,"advertiserCounty":"Cork","isPSL":false,"privatePSL":false,"vehicleImageId":"ebc52ef2-aa08-4387-a566-5e05393ebfa2","imagecount":7,"advertiserName":"Jonathan O Brien Cars","isTrade":true},{"advertId":"34113600840562800","vehicleMake":"Ford","vehicleModel":"Fiesta","vehicleDerivative":"1.4 TD 5DR CAVAN MOTORS","vehiclePriceEuro":4250,"vehicleYearOfManufacture":2003,"advertiserCounty":"Cavan","isPSL":false,"privatePSL":false,"imagecount":0,"advertiserName":"Cavan Motors Ltd","isTrade":true},{"advertId":"201246211011347","vehicleMake":"Ford","vehicleModel":"Fiesta","vehicleDerivative":"LX","vehiclePriceEuro":4000,"vehicleYearOfManufacture":2003,"advertiserCounty":"Galway","isPSL":true,"privatePSL":false,"vehicleImageId":"14144765","imagecount":4,"isTrade":false},{"advertId":"34413621376603090","vehicleMake":"Ford","vehicleModel":"Fiesta","vehicleDerivative":"LX","vehiclePriceEuro":3950,"vehicleYearOfManufacture":2003,"advertiserCounty":"Dublin","isPSL":false,"privatePSL":false,"imagecount":0,"advertiserName":"Walsh Motors","isTrade":true},{"advertId":"32013560086449050","vehicleMake":"Ford","vehicleModel":"Fiesta","vehicleDerivative":"FINESSE","vehiclePriceEuro":3745,"vehicleYearOfManufacture":2003,"advertiserCounty":"Wicklow","isPSL":false,"privatePSL":false,"vehicleImageId":"a89f450c-726e-46dd-884c-6b43010cd5f5","imagecount":10,"advertiserName":"Sinnott Autos Ltd","isTrade":true},{"advertId":"201309212722849","vehicleMake":"Ford","vehicleModel":"Fiesta","vehicleDerivative":"CENTENARY Ghia 5DR","vehiclePriceEuro":3450,"vehicleYearOfManufacture":2003,"advertiserCounty":"Dublin","isPSL":true,"privatePSL":false,"vehicleImageId":"14381000","imagecount":9,"isTrade":false},{"advertId":"201246211028829","vehicleMake":"Ford","vehicleModel":"Fiesta","vehicleDerivative":"LX TDCI 5DR","vehiclePriceEuro":3300,"vehicleYearOfManufacture":2003,"advertiserCounty":"Meath","isPSL":true,"privatePSL":false,"vehicleImageId":"14147544","imagecount":6,"isTrade":false},{"advertId":"31113474429555550","vehicleMake":"Ford","vehicleModel":"Fiesta","vehicleDerivative":"1.2 Zetec","vehiclePriceEuro":3250,"vehicleYearOfManufacture":2003,"advertiserCounty":"Waterford","isPSL":false,"privatePSL":false,"vehicleImageId":"7034264b-84f0-4217-8f94-d3ce9c4a1c41","imagecount":9,"advertiserName":"Castletown Carsales","isTrade":true},{"advertId":"34013609465036490","vehicleMake":"Ford","vehicleModel":"Fiesta","vehicleDerivative":"LX 5DR","vehiclePriceEuro":3250,"vehicleYearOfManufacture":2003,"advertiserCounty":"Cork","isPSL":false,"privatePSL":false,"vehicleImageId":"f5a44b29-4a94-441b-b548-f7e804bedadf","imagecount":11,"advertiserName":"O'C Motors","isTrade":true},{"advertId":"201302211870757","vehicleMake":"Ford","vehicleModel":"Fiesta","vehicleDerivative":"LX","vehiclePriceEuro":3200,"vehicleYearOfManufacture":2003,"advertiserCounty":"Dublin","isPSL":true,"privatePSL":false,"vehicleImageId":"14255446","imagecount":7,"isTrade":false},{"advertId":"201302211870364","vehicleMake":"Ford","vehicleModel":"Fiesta","vehicleDerivative":"LX","vehiclePriceEuro":3200,"vehicleYearOfManufacture":2003,"advertiserCounty":"Dublin","isPSL":true,"privatePSL":false,"vehicleImageId":"14386161","imagecount":9,"isTrade":false},{"advertId":"201307212457298","vehicleMake":"Ford","vehicleModel":"Fiesta","vehicleDerivative":"LX 5DR","vehiclePriceEuro":3200,"vehicleYearOfManufacture":2003,"advertiserCounty":"Dublin","isPSL":true,"privatePSL":false,"vehicleImageId":"11646471","imagecount":5,"isTrade":false},{"advertId":"201251211494452","vehicleMake":"Ford","vehicleModel":"Fiesta","vehicleDerivative":"LX","vehiclePriceEuro":3000,"vehicleYearOfManufacture":2003,"advertiserCounty":"Cork","isPSL":true,"privatePSL":false,"imagecount":0,"isTrade":false},{"advertId":"33913620645238380","vehicleMake":"Ford","vehicleModel":"Fiesta","vehicleDerivative":"FINESSE *MICHAEL DAFFY CAR SALES*","vehiclePriceEuro":2950,"vehicleYearOfManufacture":2003,"advertiserCounty":"Limerick","isPSL":false,"privatePSL":false,"vehicleImageId":"4fa04d03-5c21-4667-8896-759d47d92d6c","imagecount":9,"advertiserName":"Michael Daffy Quality Car Sales","isTrade":true},{"advertId":"31913598013446710","vehicleMake":"Ford","vehicleModel":"Fiesta","vehicleDerivative":"LX 5dr","vehiclePriceEuro":2950,"vehicleYearOfManufacture":2003,"advertiserCounty":"Cork","isPSL":false,"privatePSL":false,"vehicleImageId":"9277248d-add1-43f2-9229-14e2b3cd3cd6","imagecount":10,"advertiserName":"Donal O'Brien Cars Ltd","isTrade":true},{"advertId":"34213620665531730","vehicleMake":"Ford","vehicleModel":"Fiesta","vehicleDerivative":"1.4 GHIA......Nct 02/2014","vehiclePriceEuro":2950,"vehicleYearOfManufacture":2003,"advertiserCounty":"Dublin","isPSL":false,"privatePSL":false,"vehicleImageId":"0f916637-7fe8-470d-a86f-a24fab96372f","imagecount":9,"advertiserName":"Beechlawn Motors Ltd","isTrade":true},{"advertId":"34013621594155200","vehicleMake":"Ford","vehicleModel":"Fiesta","vehicleDerivative":"1.3 LX *** LOW MILEAGE NEW NCT ***","vehiclePriceEuro":2950,"vehicleYearOfManufacture":2003,"advertiserCounty":"Dublin","isPSL":false,"privatePSL":false,"vehicleImageId":"1c80b3d3-ee6b-4a9f-af55-7071f29c14ec","imagecount":9,"advertiserName":"Beechlawn Motors Ltd","isTrade":true},{"advertId":"201243210628096","vehicleMake":"Ford","vehicleModel":"Fiesta","vehicleDerivative":"LX","vehiclePriceEuro":2800,"vehicleYearOfManufacture":2003,"advertiserCounty":"Roscommon","isPSL":true,"privatePSL":false,"imagecount":0,"isTrade":false},{"advertId":"201242210511438","vehicleMake":"Ford","vehicleModel":"Fiesta","vehicleDerivative":"LX","vehiclePriceEuro":2800,"vehicleYearOfManufacture":2003,"advertiserCounty":"Longford","isPSL":true,"privatePSL":false,"vehicleImageId":"14049109","imagecount":8,"isTrade":false},{"advertId":"33913617706024960","vehicleMake":"Ford","vehicleModel":"Fiesta","vehicleDerivative":"LX 1.3 5DR MANUAL","vehiclePriceEuro":0,"vehicleYearOfManufacture":2003,"advertiserCounty":"Kildare","isPSL":false,"privatePSL":false,"vehicleImageId":"a1e55d19-0f92-469b-8e96-482098327f2d","imagecount":6,"advertiserName":"Merlin Car Auctions","isTrade":true},{"advertId":"34013597341005760","vehicleMake":"Ford","vehicleModel":"Fiesta","vehicleDerivative":"LX","vehiclePriceEuro":0,"vehicleYearOfManufacture":2003,"advertiserCounty":"Cork","isPSL":false,"privatePSL":false,"vehicleImageId":"e3f04567-7649-4826-bc01-c2c8cf294ed3","imagecount":6,"advertiserName":"Shanahan Car Sales","isTrade":true},{"advertId":"33913618929245980","vehicleMake":"Ford","vehicleModel":"Fiesta","vehicleDerivative":"1.3 **SOLD**","vehiclePriceEuro":0,"vehicleYearOfManufacture":2003,"advertiserCounty":"Dublin","isPSL":false,"privatePSL":false,"vehicleImageId":"fa153ce9-810d-4f2b-b308-ce699b109567","imagecount":1,"advertiserName":"Naas Road Autos","isTrade":true},{"advertId":"33913607801471290","vehicleMake":"Ford","vehicleModel":"Fiesta","vehicleDerivative":"LX 5DR","vehiclePriceEuro":0,"vehicleYearOfManufacture":2003,"advertiserCounty":"Kerry","isPSL":false,"privatePSL":false,"vehicleImageId":"7ad73472-36fb-40d5-991f-3a72891ff83b","imagecount":3,"advertiserName":"Joe O'Connor Car Sales","isTrade":true},{"advertId":"201246210951702","vehicleMake":"Ford","vehicleModel":"Fiesta","vehicleDerivative":"GHIA","vehiclePriceEuro":3500,"vehicleYearOfManufacture":2002,"advertiserCounty":"Cork","isPSL":true,"privatePSL":false,"imagecount":0,"isTrade":false},{"advertId":"32913608533627050","vehicleMake":"Ford","vehicleModel":"Fiesta","vehicleDerivative":"1.25 GHIA***SIMI APPROVED DEALER***","vehiclePriceEuro":3250,"vehicleYearOfManufacture":2002,"advertiserCounty":"Dublin","isPSL":false,"privatePSL":false,"vehicleImageId":"572149a7-52e6-482f-a695-32f99d997075","imagecount":12,"advertiserName":"Walsh Motors","isTrade":true},{"advertId":"201249211340670","vehicleMake":"Ford","vehicleModel":"Fiesta","vehicleDerivative":"LX","vehiclePriceEuro":2800,"vehicleYearOfManufacture":2002,"advertiserCounty":"Dublin","isPSL":true,"privatePSL":false,"vehicleImageId":"14196542","imagecount":9,"isTrade":false},{"advertId":"33913614400402230","vehicleMake":"Ford","vehicleModel":"Fiesta","vehicleDerivative":"***SALE NOW ON***LX NEW MODEL","vehiclePriceEuro":2650,"vehicleYearOfManufacture":2002,"advertiserCounty":"Dublin","isPSL":false,"privatePSL":false,"vehicleImageId":"fdd4336a-6ca6-4f48-98c4-6a43dceaebc0","imagecount":7,"advertiserName":"Wright Motors Car Sales Ltd.","isTrade":true},{"advertId":"201301211748457","vehicleMake":"Ford","vehicleModel":"Fiesta","vehicleDerivative":"GHIA","vehiclePriceEuro":2450,"vehicleYearOfManufacture":2002,"advertiserCounty":"Cork","isPSL":true,"privatePSL":false,"vehicleImageId":"14243539","imagecount":3,"isTrade":false},{"advertId":"33413613005428540","vehicleMake":"Ford","vehicleModel":"Fiesta","vehicleDerivative":"1.25 GHIA ","vehiclePriceEuro":2250,"vehicleYearOfManufacture":2002,"advertiserCounty":"Clare","isPSL":false,"privatePSL":false,"vehicleImageId":"17ebb414-70a8-4bda-aea9-5631e46c9ab6","imagecount":14,"advertiserName":"Keanes of Toonagh Car Sales","isTrade":true},{"advertId":"30213474521629080","vehicleMake":"Ford","vehicleModel":"Fiesta","vehicleDerivative":"1.3","vehiclePriceEuro":2100,"vehicleYearOfManufacture":2002,"advertiserCounty":"Waterford","isPSL":false,"privatePSL":false,"vehicleImageId":"afcc12d5-961b-4d95-a8f4-7f632638dd37","imagecount":7,"advertiserName":"Castletown Carsales","isTrade":true},{"advertId":"201301211777235","vehicleMake":"Ford","vehicleModel":"Fiesta","vehicleDerivative":"FLIGHT 1.25","vehiclePriceEuro":2000,"vehicleYearOfManufacture":2002,"advertiserCounty":"Cork","isPSL":true,"privatePSL":false,"vehicleImageId":"14241691","imagecount":7,"isTrade":false},{"advertId":"201305212250651","vehicleMake":"Ford","vehicleModel":"Fiesta","vehicleDerivative":"LX","vehiclePriceEuro":1999,"vehicleYearOfManufacture":2002,"advertiserCounty":"Kildare","isPSL":true,"privatePSL":false,"vehicleImageId":"14310600","imagecount":5,"isTrade":false},{"advertId":"201251211518155","vehicleMake":"Ford","vehicleModel":"Fiesta","vehicleDerivative":"LX","vehiclePriceEuro":1999,"vehicleYearOfManufacture":2002,"advertiserCounty":"Meath","isPSL":true,"privatePSL":false,"vehicleImageId":"13420129","imagecount":1,"isTrade":false},{"advertId":"32713583281273910","vehicleMake":"Ford","vehicleModel":"Fiesta","vehicleDerivative":"FIESTA 1.25 ARGENTO FREESTYLE 5DR","vehiclePriceEuro":1950,"vehicleYearOfManufacture":2002,"advertiserCounty":"Carlow","isPSL":true,"privatePSL":false,"vehicleImageId":"5e78b602-822e-4653-8e16-0d77ca8cfed8","imagecount":7,"advertiserName":"Meridian Motors","isTrade":true},{"advertId":"201307212433032","vehicleMake":"Ford","vehicleModel":"Fiesta","vehicleDerivative":"1.25 GHIA OOMY","vehiclePriceEuro":1900,"vehicleYearOfManufacture":2002,"advertiserCounty":"Dublin","isPSL":true,"privatePSL":false,"vehicleImageId":"14006676","imagecount":5,"isTrade":false},{"advertId":"713238519757230","vehicleMake":"Ford","vehicleModel":"Fiesta","vehicleDerivative":"1.25 flight 5 door","vehiclePriceEuro":1950,"vehicleYearOfManufacture":2001,"advertiserCounty":"Cork","isPSL":true,"privatePSL":false,"vehicleImageId":"49fa9339-fc7f-4460-94bc-dc684893257f","imagecount":7,"advertiserName":"Cork Auto Sales","isTrade":true},{"advertId":"34113606886491870","vehicleMake":"Ford","vehicleModel":"Fiesta","vehicleDerivative":"FLIGHT 1.25 [TAXED TILL NOV 2013,ONLY 76000 MLS]","vehiclePriceEuro":1450,"vehicleYearOfManufacture":2001,"advertiserCounty":"Dublin","isPSL":true,"privatePSL":false,"vehicleImageId":"09bb5e6d-feca-4234-9d27-75dffd6312c4","imagecount":8,"advertiserName":"Dunhill Motors","isTrade":true},{"advertId":"201301211800578","vehicleMake":"Ford","vehicleModel":"Fiesta","vehicleDerivative":"FLIGHT 1.25","vehiclePriceEuro":1250,"vehicleYearOfManufacture":2001,"advertiserCounty":"Dublin","isPSL":true,"privatePSL":false,"vehicleImageId":"14245139","imagecount":6,"isTrade":false},{"advertId":"201250211399675","vehicleMake":"Ford","vehicleModel":"Fiesta","vehicleDerivative":"FLIGHT 1.25","vehiclePriceEuro":1150,"vehicleYearOfManufacture":2001,"advertiserCounty":"Kilkenny","isPSL":true,"privatePSL":false,"vehicleImageId":"14204725","imagecount":9,"isTrade":false},{"advertId":"201308212577873","vehicleMake":"Ford","vehicleModel":"Fiesta","vehicleDerivative":"1.3I FINESSE","vehiclePriceEuro":1100,"vehicleYearOfManufacture":2001,"advertiserCounty":"Louth","isPSL":true,"privatePSL":false,"vehicleImageId":"14022260","imagecount":7,"isTrade":false},{"advertId":"201247211100216","vehicleMake":"Ford","vehicleModel":"Fiesta","vehiclePriceEuro":2000,"vehicleYearOfManufacture":2000,"advertiserCounty":"Roscommon","isPSL":true,"privatePSL":false,"imagecount":0,"isTrade":false},{"advertId":"31113577514348750","vehicleMake":"Ford","vehicleModel":"Fiesta","vehicleDerivative":"1.25 GHIA 00MY","vehiclePriceEuro":1995,"vehicleYearOfManufacture":2000,"advertiserCounty":"Cork","isPSL":false,"privatePSL":false,"vehicleImageId":"29ed4354-daee-48cc-bb8f-213fee751010","imagecount":10,"advertiserName":"O'C Motors","isTrade":true},{"advertId":"33913614468879190","vehicleMake":"Ford","vehicleModel":"Fiesta","vehicleDerivative":"1.25 GHIA 00MY","vehiclePriceEuro":1950,"vehicleYearOfManufacture":2000,"advertiserCounty":"Cork","isPSL":false,"privatePSL":false,"vehicleImageId":"bcbd5d57-805e-459d-8ded-49af8238569c","imagecount":12,"advertiserName":"Airport Road Car Sales","isTrade":true}],"totalAdvertCount":45174}