{"adverts":[{"advertId":"34313601620459100","vehicleMake":"KIA","vehicleModel":"Rio","vehicleDerivative":"1.5 EX 4DR","vehiclePriceEuro":9500,"vehicleYearOfManufacture":2009,"advertiserCounty":"Offaly","isPSL":false,"privatePSL":false,"vehicleImageId":"46592465-83f1-4449-bc38-009d8cb3b512","imagecount":12,"advertiserName":"Lawton & Foley Motors","isTrade":true},{"advertId":"32013587276099420","vehicleMake":"KIA","vehicleModel":"Rio","vehicleDerivative":"1.5 LX 4DR DIESEL D","vehiclePriceEuro":9250,"vehicleYearOfManufacture":2009,"advertiserCounty":"Westmeath","isPSL":false,"privatePSL":false,"vehicleImageId":"fa37a91e-a4a7-436f-a2d0-072655e5645c","imagecount":8,"advertiserName":"Sleator Kia","isTrade":true},{"advertId":"34313600840564460","vehicleMake":"KIA","vehicleModel":"Rio","vehicleDerivative":"1.4 ..5 door..ONLY 28,000 Miles...White","vehiclePriceEuro":8995,"vehicleYearOfManufacture":2009,"advertiserCounty":"Dublin","isPSL":true,"privatePSL":false,"vehicleImageId":"e78876b3-25bf-4a1b-877d-a6b20241949b","imagecount":10,"advertiserName":"Windsor Airside","isTrade":true},{"advertId":"32113503937762610","vehicleMake":"KIA","vehicleModel":"Rio","vehicleDerivative":"1.5 DIESEL EX 4DR","vehiclePriceEuro":8450,"vehicleYearOfManufacture":2009,"advertiserCounty":"Galway","isPSL":true,"privatePSL":false,"vehicleImageId":"eb969b66-3300-4230-b2f8-99f0d84936ef","imagecount":7,"advertiserName":"Monaghan & Sons","isTrade":true},{"advertId":"4913309434779540","vehicleMake":"KIA","vehicleModel":"Rio","vehicleDerivative":"1.4 EX 4DR","vehiclePriceEuro":7950,"vehicleYearOfManufacture":2009,"advertiserCounty":"Dublin","isPSL":true,"privatePSL":false,"vehicleImageId":"3eecc431-6d0e-4640-97c7-67c66426005e","imagecount":6,"advertiserName":"K & C Garages Ltd","isTrade":true},{"advertId":"30013461584486650","vehicleMake":"KIA","vehicleModel":"Rio","vehicleDerivative":"1.4 EX 4DR","vehiclePriceEuro":6950,"vehicleYearOfManufacture":2009,"advertiserCounty":"Cork","isPSL":false,"privatePSL":false,"vehicleImageId":"95b4ba82-54da-414b-a269-ec48d208e3ee","imagecount":5,"advertiserName":"F.M. Autos","isTrade":true},{"advertId":"34313613619218520","vehicleMake":"KIA","vehicleModel":"Rio","vehicleDerivative":"1.4 EX 5DR AUTOMATIC","vehiclePriceEuro":6750,"vehicleYearOfManufacture":2009,"advertiserCounty":"Limerick","isPSL":false,"privatePSL":false,"vehicleImageId":"0ae55358-1f98-43f8-b6ea-4fb986e59ac2","imagecount":5,"advertiserName":"Enterprise Cars","isTrade":true},{"advertId":"31113588439993820","vehicleMake":"KIA","vehicleModel":"Rio","vehicleDerivative":"Automatic Rio","vehiclePriceEuro":6450,"vehicleYearOfManufacture":2009,"advertiserCounty":"Dublin","isPSL":false,"privatePSL":false,"vehicleImageId":"d67a2937-8a0e-4fdb-9878-1aceabddadfd","imagecount":10,"advertiserName":"Cloghran Car Sales","isTrade":true},{"advertId":"31113522922003990","vehicleMake":"KIA","vehicleModel":"Rio","vehicleDerivative":"1.4 EX 5DR A/T","vehiclePriceEuro":6299,"vehicleYearOfManufacture":2009,"advertiserCounty":"Dublin","isPSL":false,"privatePSL":false,"vehicleImageId":"d2604d3d-6831-4a63-ab61-15534164e2e2","imagecount":8,"advertiserName":"Motorplex","isTrade":true},{"advertId":"201242210511371","vehicleMake":"KIA","vehicleModel":"Rio","vehicleDerivative":"1.4 LX 4DR","vehiclePriceEuro":5500,"vehicleYearOfManufacture":2009,"advertiserCounty":"Laois","isPSL":true,"privatePSL":false,"vehicleImageId":"14074660","imagecount":3,"isTrade":false},{"advertId":"31813597106079930","vehicleMake":"KIA","vehicleModel":"Rio","vehicleDerivative":"1.4 EX 4DR","vehiclePriceEuro":7450,"vehicleYearOfManufacture":2008,"advertiserCounty":"Dublin","isPSL":true,"privatePSL":false,"vehicleImageId":"5e599504-634d-4ad1-8a9d-16ef430535a0","imagecount":9,"advertiserName":"K & C Garages Ltd","isTrade":true},{"advertId":"31413555228189770","vehicleMake":"KIA","vehicleModel":"Rio","vehicleDerivative":"SOLD!!!1.5 CRDi 5dr ","vehiclePriceEuro":6950,"vehicleYearOfManufacture":2008,"advertiserCounty":"Westmeath","isPSL":false,"privatePSL":false,"vehicleImageId":"bdce17de-26d1-42dc-af85-c4c8e356906e","imagecount":17,"advertiserName":"Lakeland Carriage Company","isTrade":true},{"advertId":"34113618917625730","vehicleMake":"KIA","vehicleModel":"Rio","vehicleDerivative":"1.4 EX AUTOMATIC","vehiclePriceEuro":6950,"vehicleYearOfManufacture":2008,"advertiserCounty":"Kildare","isPSL":true,"privatePSL":false,"vehicleImageId":"fa004891-487c-4423-acf2-67819e69bb50","imagecount":15,"advertiserName":"Autodirect.ie","isTrade":true},{"advertId":"32013595491086930","vehicleMake":"KIA","vehicleModel":"Rio","vehicleDerivative":"1.4 EX 5DR Hatchback","vehiclePriceEuro":6950,"vehicleYearOfManufacture":2008,"advertiserCounty":"Louth","isPSL":false,"privatePSL":false,"vehicleImageId":"1ebf1198-de37-4f52-ab2f-ec0e520c1179","imagecount":9,"advertiserName":"Jack Doran Motors","isTrade":true},{"advertId":"713261884712290","vehicleMake":"KIA","vehicleModel":"Rio","vehicleDerivative":"1.4 EX 4DR","vehiclePriceEuro":6750,"vehicleYearOfManufacture":2008,"advertiserCounty":"Cork","isPSL":false,"privatePSL":false,"vehicleImageId":"5d959bf9-fd59-4f3e-80ba-516b7932e39d","imagecount":8,"advertiserName":"Nyhan Motors","isTrade":true},{"advertId":"201309212674110","vehicleMake":"KIA","vehicleModel":"Rio","vehicleDerivative":"EX","vehiclePriceEuro":6700,"vehicleYearOfManufacture":2008,"advertiserCounty":"Laois","isPSL":true,"privatePSL":false,"vehicleImageId":"11766438","imagecount":4,"isTrade":false},{"advertId":"33913614624103790","vehicleMake":"KIA","vehicleModel":"Rio","vehicleDerivative":"1.3","vehiclePriceEuro":6350,"vehicleYearOfManufacture":2008,"advertiserCounty":"Dublin","isPSL":true,"privatePSL":false,"vehicleImageId":"59eb5687-b677-4b54-8055-f52e9e66b616","imagecount":8,"advertiserName":"Castle Rock Motors","isTrade":true},{"advertId":"31713529946051890","vehicleMake":"KIA","vehicleModel":"Rio","vehicleDerivative":"1.4 EX 4DR","vehiclePriceEuro":5950,"vehicleYearOfManufacture":2008,"advertiserCounty":"Cork","isPSL":true,"privatePSL":false,"imagecount":0,"advertiserName":"Colemans Millstreet","isTrade":true},{"advertId":"34413618892476530","vehicleMake":"KIA","vehicleModel":"Rio","vehicleDerivative":"1.4 Ex 4dr 2008","vehiclePriceEuro":5950,"vehicleYearOfManufacture":2008,"advertiserCounty":"Cork","isPSL":true,"privatePSL":false,"vehicleImageId":"b32ba1ab-63e9-4292-a45e-10a7a66cba1f","imagecount":15,"advertiserName":"Autodirect.ie Cork","isTrade":true},{"advertId":"29513461521068440","vehicleMake":"KIA","vehicleModel":"Rio","vehicleDerivative":"1.4 EX 4DR A/T","vehiclePriceEuro":5500,"vehicleYearOfManufacture":2008,"advertiserCounty":"Cork","isPSL":false,"privatePSL":false,"vehicleImageId":"3d467e44-b94e-4f24-8907-54b9d7e23d28","imagecount":6,"advertiserName":"F.M. Autos","isTrade":true},{"advertId":"34313606926238590","vehicleMake":"KIA","vehicleModel":"Rio","vehicleDerivative":"1.4 LX 5DR","vehiclePriceEuro":6450,"vehicleYearOfManufacture":2007,"advertiserCounty":"Dublin","isPSL":false,"privatePSL":false,"vehicleImageId":"07ae2c19-8c06-4bbe-aa44-a8d615a859d2","imagecount":10,"advertiserName":"Tom Walsh Motors Ltd","isTrade":true},{"advertId":"31913509987734740","vehicleMake":"KIA","vehicleModel":"Rio","vehicleDerivative":"1.4 EX 4DR","vehiclePriceEuro":5950,"vehicleYearOfManufacture":2007,"advertiserCounty":"Wicklow","isPSL":false,"privatePSL":false,"vehicleImageId":"58f1e66e-7274-4409-9ebe-04163992ea42","imagecount":13,"advertiserName":"Vartry Garage Kia","isTrade":true},{"advertId":"31413596436901920","vehicleMake":"KIA","vehicleModel":"Rio","vehicleDerivative":"1.4 LX 5DR","vehiclePriceEuro":5950,"vehicleYearOfManufacture":2007,"advertiserCounty":"Donegal","isPSL":false,"privatePSL":false,"vehicleImageId":"8f2a16e3-8658-4e49-89a4-d51632930a67","imagecount":9,"advertiserName":"Herron Auto","isTrade":true},{"advertId":"31813586023040630","vehicleMake":"KIA","vehicleModel":"Rio","vehicleDerivative":"1.5 D EX =Alloys, P/D/S","vehiclePriceEuro":5900,"vehicleYearOfManufacture":2007,"advertiserCounty":"Kildare","isPSL":true,"privatePSL":false,"vehicleImageId":"540fb7db-f65b-4784-8983-93f4a1b35433","imagecount":18,"advertiserName":"Byrne Car Sales Ltd.","isTrade":true},{"advertId":"31113539329760570","vehicleMake":"KIA","vehicleModel":"Rio","vehicleDerivative":"1.4 EX 4DR","vehiclePriceEuro":5750,"vehicleYearOfManufacture":2007,"advertiserCounty":"Kildare","isPSL":false,"privatePSL":false,"vehicleImageId":"6b96f734-b6c2-43b2-be48-1350d34bc4c2","imagecount":6,"advertiserName":"Ray Crofton Ltd.","isTrade":true},{"advertId":"31113501511364100","vehicleMake":"KIA","vehicleModel":"Rio","vehicleDerivative":"1.4 EX 4DR (CARLOW KIA)VERY ECONOMICAL CAR","vehiclePriceEuro":5700,"vehicleYearOfManufacture":2007,"advertiserCounty":"Carlow","isPSL":false,"privatePSL":false,"vehicleImageId":"3a47d63a-9a4f-469c-8ba1-b35a16ad8955","imagecount":7,"advertiserName":"Carlow Kia","isTrade":true},{"advertId":"30913470255489990","vehicleMake":"KIA","vehicleModel":"Rio","vehicleDerivative":"1.4 EX 5DR","vehiclePriceEuro":5500,"vehicleYearOfManufacture":2007,"advertiserCounty":"Tipperary","isPSL":true,"privatePSL":false,"vehicleImageId":"a3c45b92-76f5-4c8b-8803-433bb190f4a0","imagecount":12,"advertiserName":"Mordaunt Group","isTrade":true},{"advertId":"31813557386766580","vehicleMake":"KIA","vehicleModel":"Rio","vehicleDerivative":"1.4 EX 5DR","vehiclePriceEuro":5500,"vehicleYearOfManufacture":2007,"advertiserCounty":"Galway","isPSL":true,"privatePSL":false,"vehicleImageId":"140a418c-785f-4dae-8bfa-1573179104de","imagecount":6,"advertiserName":"Kenny Galway","isTrade":true},{"advertId":"31413573000437260","vehicleMake":"KIA","vehicleModel":"Rio","vehicleDerivative":"1.4 LX 5DR","vehiclePriceEuro":5350,"vehicleYearOfManufacture":2007,"advertiserCounty":"Cork","isPSL":false,"privatePSL":false,"vehicleImageId":"899f26bd-c809-468a-81a0-170fe06e0c6a","imagecount":12,"advertiserName":"O'C Motors","isTrade":true},{"advertId":"201243210626787","vehicleMake":"KIA","vehicleModel":"Rio","vehicleDerivative":"1.4 LX 4DR","vehiclePriceEuro":4500,"vehicleYearOfManufacture":2007,"advertiserCounty":"Laois","isPSL":true,"privatePSL":false,"imagecount":0,"isTrade":false},{"advertId":"31713555043716760","vehicleMake":"KIA","vehicleModel":"Rio","vehicleDerivative":"1.4 EX 5DR","vehiclePriceEuro":4950,"vehicleYearOfManufacture":2006,"advertiserCounty":"Donegal","isPSL":false,"privatePSL":false,"vehicleImageId":"15c57706-e795-4215-9e3c-3403fc7e24f0","imagecount":12,"advertiserName":"S & R Motors","isTrade":true},{"advertId":"34213609324774850","vehicleMake":"KIA","vehicleModel":"Rio","vehicleDerivative":"1.4 EX 4DR","vehiclePriceEuro":4950,"vehicleYearOfManufacture":2006,"advertiserCounty":"Dublin","isPSL":true,"privatePSL":false,"vehicleImageId":"a885f0b6-a86a-46ba-b6f6-2a1f350f83a1","imagecount":10,"advertiserName":"K & C Garages Ltd","isTrade":true},{"advertId":"34313612000017390","vehicleMake":"KIA","vehicleModel":"Rio","vehicleDerivative":"1.3 LX 5DR","vehiclePriceEuro":4850,"vehicleYearOfManufacture":2006,"advertiserCounty":"Dublin","isPSL":false,"privatePSL":false,"vehicleImageId":"b1b9afc1-8a35-473b-a6d0-0178870b3928","imagecount":6,"advertiserName":"Diamond Group","isTrade":true},{"advertId":"31813581687138790","vehicleMake":"KIA","vehicleModel":"Rio","vehicleDerivative":"1.4 EX 4DR","vehiclePriceEuro":4750,"vehicleYearOfManufacture":2006,"advertiserCounty":"Cork","isPSL":true,"privatePSL":false,"vehicleImageId":"8f379b58-1509-4bcc-a76c-5696d9571193","imagecount":9,"advertiserName":"Colemans Millstreet","isTrade":true},{"advertId":"31813579258236430","vehicleMake":"KIA","vehicleModel":"Rio","vehicleDerivative":"1.4 EX 4DR","vehiclePriceEuro":4500,"vehicleYearOfManufacture":2006,"advertiserCounty":"Cork","isPSL":true,"privatePSL":false,"vehicleImageId":"0fa07280-82bd-4c35-892f-ab3df11e95f4","imagecount":6,"advertiserName":"Youghal Kia","isTrade":true},{"advertId":"33213620668170650","vehicleMake":"KIA","vehicleModel":"Rio","vehicleDerivative":"1.4 EX 5DR....NCT 05/14","vehiclePriceEuro":3995,"vehicleYearOfManufacture":2006,"advertiserCounty":"Dublin","isPSL":false,"privatePSL":false,"vehicleImageId":"74305f92-1d31-4b67-9b85-73dc082f3130","imagecount":14,"advertiserName":"Jim Rock Motors Ltd","isTrade":true},{"advertId":"31713587856670230","vehicleMake":"KIA","vehicleModel":"Rio","vehicleDerivative":"1.4 LX 4DR","vehiclePriceEuro":3950,"vehicleYearOfManufacture":2006,"advertiserCounty":"Louth","isPSL":true,"privatePSL":false,"vehicleImageId":"6edba09c-1742-47ec-aae6-b5875c551b20","imagecount":15,"advertiserName":"Brian Reynolds Car Sales","isTrade":true},{"advertId":"201306212340821","vehicleMake":"KIA","vehicleModel":"Rio","vehicleDerivative":"EX 1.4","vehiclePriceEuro":3700,"vehicleYearOfManufacture":2006,"advertiserCounty":"Louth","isPSL":true,"privatePSL":false,"vehicleImageId":"13988054","imagecount":5,"isTrade":false},{"advertId":"34113608435615750","vehicleMake":"KIA","vehicleModel":"Rio","vehicleDerivative":"1.4 EX 4DR","vehiclePriceEuro":3350,"vehicleYearOfManufacture":2006,"advertiserCounty":"Dublin","isPSL":false,"privatePSL":false,"vehicleImageId":"9b42e96a-0a4a-48f8-8f74-088dfd4931bc","imagecount":8,"advertiserName":"White Bros Cars Ltd Est. 1976","isTrade":true},{"advertId":"31913598105978640","vehicleMake":"KIA","vehicleModel":"Rio","vehicleDerivative":"1.4 EX 5DR","vehiclePriceEuro":0,"vehicleYearOfManufacture":2006,"advertiserCounty":"Donegal","isPSL":false,"privatePSL":false,"vehicleImageId":"3e038f9c-5d0f-4e7e-8d25-3485717594d3","imagecount":7,"advertiserName":"Inishowen Motors Letterkenny (Kia Nissan)","isTrade":true},{"advertId":"34113608580575340","vehicleMake":"KIA","vehicleModel":"Rio","vehicleDerivative":"1.4 EX 4DR","vehiclePriceEuro":0,"vehicleYearOfManufacture":2006,"advertiserCounty":"Dublin","isPSL":true,"privatePSL":false,"vehicleImageId":"a5b71785-3b2f-46e1-93d3-253a9dcb918a","imagecount":8,"advertiserName":"Castle Motors Swords","isTrade":true},{"advertId":"31913576460339350","vehicleMake":"KIA","vehicleModel":"Rio","vehicleDerivative":"ESTATE-NCT-TAX","vehiclePriceEuro":2995,"vehicleYearOfManufacture":2005,"advertiserCounty":"Dublin","isPSL":false,"privatePSL":false,"vehicleImageId":"df59475d-cbc3-4745-bd7c-5eb6a31e1959","imagecount":9,"advertiserName":"Sandyford Motors","isTrade":true},{"advertId":"21713414164436420","vehicleMake":"KIA","vehicleModel":"Rio","vehicleDerivative":"LS VANTAGE","vehiclePriceEuro":1990,"vehicleYearOfManufacture":2005,"advertiserCounty":"Dublin","isPSL":false,"privatePSL":false,"vehicleImageId":"643cd690-fe74-4eea-866f-265889fde553","imagecount":10,"advertiserName":"Automania Dublin","isTrade":true},{"advertId":"32013530880044090","vehicleMake":"KIA","vehicleModel":"Rio","vehicleDerivative":"LX 5DR 51","vehiclePriceEuro":0,"vehicleYearOfManufacture":2005,"advertiserCounty":"Donegal","isPSL":false,"privatePSL":false,"vehicleImageId":"e234e3a5-0239-4277-8b14-04b1f1f452f7","imagecount":5,"advertiserName":"Inishowen Motors Letterkenny (Kia Nissan)","isTrade":true},{"advertId":"31113531440890130","vehicleMake":"KIA","vehicleModel":"Rio","vehicleDerivative":"1.3 LS 4DR 41","vehiclePriceEuro":0,"vehicleYearOfManufacture":2005,"advertiserCounty":"Donegal","isPSL":false,"privatePSL":false,"vehicleImageId":"bbe5514d-33d8-40f1-b548-34e429403219","imagecount":6,"advertiserName":"Inishowen Motors Letterkenny (Kia Nissan)","isTrade":true},{"advertId":"34213614404003680","vehicleMake":"KIA","vehicleModel":"Rio","vehicleDerivative":"L 5DR 51","vehiclePriceEuro":2950,"vehicleYearOfManufacture":2004,"advertiserCounty":"Cork","isPSL":false,"privatePSL":false,"vehicleImageId":"483a8637-fd46-48ba-beaa-0c7a7413073a","imagecount":10,"advertiserName":"Motorview KIA","isTrade":true},{"advertId":"413267091259490","vehicleMake":"KIA","vehicleModel":"Rio","vehicleDerivative":"L 05DR","vehiclePriceEuro":2750,"vehicleYearOfManufacture":2004,"advertiserCounty":"Limerick","isPSL":false,"privatePSL":false,"vehicleImageId":"74b49336-70e9-4d6e-8eec-5d681ff85a5d","imagecount":9,"advertiserName":"John Moloney Motors","isTrade":true},{"advertId":"201305212273469","vehicleMake":"KIA","vehicleModel":"Rio","vehicleDerivative":"LX 5DR 51","vehiclePriceEuro":1950,"vehicleYearOfManufacture":2004,"advertiserCounty":"Dublin","isPSL":true,"privatePSL":false,"vehicleImageId":"13958882","imagecount":5,"isTrade":false},{"advertId":"201245210909795","vehicleMake":"KIA","vehicleModel":"Rio","vehicleDerivative":"L 5DR 51","vehiclePriceEuro":1700,"vehicleYearOfManufacture":2004,"advertiserCounty":"Dublin","isPSL":true,"privatePSL":false,"vehicleImageId":"14123907","imagecount":9,"isTrade":false},{"advertId":"201302211870384","vehicleMake":"KIA","vehicleModel":"Rio","vehicleDerivative":"L 5DR 51","vehiclePriceEuro":1300,"vehicleYearOfManufacture":2004,"advertiserCounty":"Dublin","isPSL":true,"privatePSL":false,"vehicleImageId":"14254228","imagecount":1,"isTrade":false},{"advertId":"5813316424402100","vehicleMake":"KIA","vehicleModel":"Rio","vehicleDerivative":"1.3 Estate","vehiclePriceEuro":3850,"vehicleYearOfManufacture":2003,"advertiserCounty":"Kerry","isPSL":false,"privatePSL":false,"vehicleImageId":"1ba9e37b-a683-4a1a-a3d5-8d134861283d","imagecount":6,"advertiserName":"Ger Brennan Motors","isTrade":true},{"advertId":"29213462320488790","vehicleMake":"KIA","vehicleModel":"Rio","vehicleDerivative":"1.3 SL","vehiclePriceEuro":2950,"vehicleYearOfManufacture":2003,"advertiserCounty":"Cork","isPSL":false,"privatePSL":false,"vehicleImageId":"90a30965-4624-44f3-b7a5-eb9a6eeba370","imagecount":10,"advertiserName":"Motorview KIA","isTrade":true},{"advertId":"713236809419040","vehicleMake":"KIA","vehicleModel":"Rio","vehicleDerivative":"1.3LS","vehiclePriceEuro":2300,"vehicleYearOfManufacture":2003,"advertiserCounty":"Cork","isPSL":false,"privatePSL":false,"vehicleImageId":"cb4d68b7-eb4b-466b-90ce-2ca26fa40fdf","imagecount":7,"advertiserName":"O'C Motors","isTrade":true},{"advertId":"32913607005517600","vehicleMake":"KIA","vehicleModel":"Rio","vehicleDerivative":"03 Kia Rio L Estate 1.3ltr","vehiclePriceEuro":2300,"vehicleYearOfManufacture":2003,"advertiserCounty":"Galway","isPSL":false,"privatePSL":false,"vehicleImageId":"3b3b709c-318d-42fd-aad4-900926f7e9b0","imagecount":5,"advertiserName":"Tom Doyle Motors Ltd","isTrade":true},{"advertId":"33213621330915530","vehicleMake":"KIA","vehicleModel":"Rio","vehicleDerivative":"COMES WITH NEW NCT PASS","vehiclePriceEuro":1995,"vehicleYearOfManufacture":2003,"advertiserCounty":"Dublin","isPSL":false,"privatePSL":false,"vehicleImageId":"478a1297-bffc-4811-b970-acf7093ea5e2","imagecount":10,"advertiserName":"Carland Dublin","isTrade":true},{"advertId":"201242210511435","vehicleMake":"KIA","vehicleModel":"Rio","vehicleDerivative":"1.3 LS","vehiclePriceEuro":1550,"vehicleYearOfManufacture":2003,"advertiserCounty":"Limerick","isPSL":true,"privatePSL":false,"vehicleImageId":"14049121","imagecount":6,"isTrade":false},{"advertId":"34213620438008160","vehicleMake":"KIA","vehicleModel":"Rio","vehicleDerivative":"1.3 5DR HATCHBACK NCT 4/13 TAX 4/13 BODY WORK ROUGH ","vehiclePriceEuro":500,"vehicleYearOfManufacture":2003,"advertiserCounty":"Dublin","isPSL":false,"privatePSL":false,"vehicleImageId":"547f29b5-fcf9-4b2f-8f98-4afc9813bb54","imagecount":6,"advertiserName":"Declan Gill Motors","isTrade":true},{"advertId":"31713588969909990","vehicleMake":"KIA","vehicleModel":"Rio","vehicleDerivative":"1.3 LS ESTATE","vehiclePriceEuro":0,"vehicleYearOfManufacture":2003,"advertiserCounty":"Donegal","isPSL":false,"privatePSL":false,"vehicleImageId":"c9048f55-2e4b-4ba1-b722-7c9d77a482e2","imagecount":1,"advertiserName":"Gallaghers Cars Ltd","isTrade":true},{"advertId":"31413559365875880","vehicleMake":"KIA","vehicleModel":"Sedona","vehicleDerivative":"Wheelchair Accessible Vehicle","vehiclePriceEuro":16950,"vehicleYearOfManufacture":2007,"advertiserCounty":"Dublin","isPSL":false,"privatePSL":false,"vehicleImageId":"3a79a837-3bcd-4d1b-8d1d-fe1ad64105be","imagecount":8,"advertiserName":"OC Cars & Mobility","isTrade":true},{"advertId":"31313468576179560","vehicleMake":"KIA","vehicleModel":"Sedona","vehicleDerivative":"CRDI SE 5DR AUTOMATIC / FULL LEATHER","vehiclePriceEuro":10995,"vehicleYearOfManufacture":2007,"advertiserCounty":"Cork","isPSL":true,"privatePSL":false,"vehicleImageId":"375a64bd-5b1e-4159-a489-3c9b23b10fd1","imagecount":7,"advertiserName":"C.A.B. Motor Company","isTrade":true},{"advertId":"30613476439193040","vehicleMake":"KIA","vehicleModel":"Sedona","vehicleDerivative":"DIESEL GSE 5DR.  In remarkable condition throughout, with very low mileage!!!!","vehiclePriceEuro":10950,"vehicleYearOfManufacture":2007,"advertiserCounty":"Dublin","isPSL":true,"privatePSL":false,"vehicleImageId":"0d94f058-6277-4813-8d27-108e84925771","imagecount":10,"advertiserName":"Motoright Ltd.","isTrade":true},{"advertId":"32713586383508390","vehicleMake":"KIA","vehicleModel":"Sedona","vehicleDerivative":"7 SEATER, LEATHER, AUTO, DIESEL.","vehiclePriceEuro":6500,"vehicleYearOfManufacture":2006,"advertiserCounty":"Mayo","isPSL":false,"privatePSL":false,"vehicleImageId":"9a27bf35-890c-4716-97cf-9a0277338b09","imagecount":12,"advertiserName":"Edward Conway Ltd","isTrade":true},{"advertId":"6813374268239770","vehicleMake":"KIA","vehicleModel":"Sedona","vehicleDerivative":"L 2.9 5DR","vehiclePriceEuro":4950,"vehicleYearOfManufacture":2006,"advertiserCounty":"Dublin","isPSL":false,"privatePSL":false,"vehicleImageId":"47f12e37-e6e4-4f72-89eb-f2b773e6330a","imagecount":9,"advertiserName":"Glasnevin Motor Group","isTrade":true},{"advertId":"32113498809993220","vehicleMake":"KIA","vehicleModel":"Sedona","vehicleDerivative":"2.9 5DR!!!12 MONTH WARRANTY!!!","vehiclePriceEuro":4950,"vehicleYearOfManufacture":2006,"advertiserCounty":"Dublin","isPSL":false,"privatePSL":false,"vehicleImageId":"d4c13e27-eace-47c1-b3dd-decf19d45a60","imagecount":14,"advertiserName":"Walsh Motors","isTrade":true},{"advertId":"34013618815150110","vehicleMake":"KIA","vehicleModel":"Sedona","vehicleDerivative":"2.9 5DR LOW MILES (DIESEL)","vehiclePriceEuro":4950,"vehicleYearOfManufacture":2006,"advertiserCounty":"Dublin","isPSL":false,"privatePSL":false,"vehicleImageId":"0087e730-3bc4-45b6-aedc-ae8de045b772","imagecount":5,"advertiserName":"Carland Dublin","isTrade":true},{"advertId":"713232470714270","vehicleMake":"KIA","vehicleModel":"Sedona","vehicleDerivative":"2 GSE 5DR","vehiclePriceEuro":4750,"vehicleYearOfManufacture":2006,"advertiserCounty":"Waterford","isPSL":false,"privatePSL":false,"vehicleImageId":"525714c3-41d5-4693-aa3e-306c4bb6c2af","imagecount":7,"advertiserName":"Castletown Carsales","isTrade":true},{"advertId":"32013572338935220","vehicleMake":"KIA","vehicleModel":"Sedona","vehicleDerivative":"lx","vehiclePriceEuro":4350,"vehicleYearOfManufacture":2006,"advertiserCounty":"Kilkenny","isPSL":false,"privatePSL":false,"vehicleImageId":"66e65d9f-b922-4912-80e7-9707281464b9","imagecount":5,"advertiserName":"Kilkenny Car Complex","isTrade":true},{"advertId":"29613485008867580","vehicleMake":"KIA","vehicleModel":"Sedona","vehicleDerivative":"2.9 ","vehiclePriceEuro":3950,"vehicleYearOfManufacture":2006,"advertiserCounty":"Dublin","isPSL":false,"privatePSL":false,"vehicleImageId":"0a768d1b-872d-4475-8b8e-25f21d95bf31","imagecount":14,"advertiserName":"Lewis Motors","isTrade":true},{"advertId":"33413624116288770","vehicleMake":"KIA","vehicleModel":"Sedona","vehicleDerivative":"2.5 5DR","vehiclePriceEuro":2950,"vehicleYearOfManufacture":2006,"advertiserCounty":"Dublin","isPSL":false,"privatePSL":false,"vehicleImageId":"d46bc944-c4d7-44f9-90da-63c6726c43e3","imagecount":14,"advertiserName":"Delta Autos","isTrade":true},{"advertId":"31913540293412050","vehicleMake":"KIA","vehicleModel":"Sedona","vehicleDerivative":"L 2.9 5DR","vehiclePriceEuro":2450,"vehicleYearOfManufacture":2006,"advertiserCounty":"Clare","isPSL":false,"privatePSL":false,"vehicleImageId":"69389e3c-7000-49f6-b027-a9a83f919b70","imagecount":6,"advertiserName":"Liam Cleary Car Sales","isTrade":true},{"advertId":"24313420177108430","vehicleMake":"KIA","vehicleModel":"Sedona","vehicleDerivative":"2.9 5DR......","vehiclePriceEuro":3750,"vehicleYearOfManufacture":2005,"advertiserCounty":"Dublin","isPSL":true,"privatePSL":false,"vehicleImageId":"e5a1761b-c6bf-4655-b5bf-34849366237c","imagecount":14,"advertiserName":"Autocentre","isTrade":true},{"advertId":"26513425313090660","vehicleMake":"KIA","vehicleModel":"Sedona","vehicleDerivative":"L 2.9 5DR  ,nct 01/15, full service history. immaculate interior.  excellent condition.","vehiclePriceEuro":3500,"vehicleYearOfManufacture":2005,"advertiserCounty":"Kildare","isPSL":false,"privatePSL":false,"vehicleImageId":"e6dbc82b-5c58-41be-aea5-0e405cbf46a6","imagecount":16,"advertiserName":"Sean Boland Car Sales (Clane)","isTrade":true},{"advertId":"913274240465160","vehicleMake":"KIA","vehicleModel":"Sedona","vehicleDerivative":"2.9 5DR LX DIESEL","vehiclePriceEuro":3500,"vehicleYearOfManufacture":2005,"advertiserCounty":"Carlow","isPSL":true,"privatePSL":false,"vehicleImageId":"662a6dbd-862d-42f0-9d94-2afffd0e7f2a","imagecount":7,"advertiserName":"Meridian Motors","isTrade":true},{"advertId":"34113624034772600","vehicleMake":"KIA","vehicleModel":"Sedona","vehicleDerivative":"2.9 5DR","vehiclePriceEuro":2350,"vehicleYearOfManufacture":2005,"advertiserCounty":"Dublin","isPSL":false,"privatePSL":false,"vehicleImageId":"716c21f9-d912-4ccb-803f-c82c4e389087","imagecount":10,"advertiserName":"Diamond Group","isTrade":true},{"advertId":"201310212771446","vehicleMake":"KIA","vehicleModel":"Sedona","vehicleDerivative":"L 2.9 5DR","vehiclePriceEuro":3600,"vehicleYearOfManufacture":2004,"advertiserCounty":"Galway","isPSL":true,"privatePSL":false,"vehicleImageId":"13257785","imagecount":3,"isTrade":false},{"advertId":"613267093556740","vehicleMake":"KIA","vehicleModel":"Sedona","vehicleDerivative":"L 2.9 5DR","vehiclePriceEuro":3450,"vehicleYearOfManufacture":2004,"advertiserCounty":"Limerick","isPSL":false,"privatePSL":false,"vehicleImageId":"6ac63234-11b8-4e64-bcd2-6a6af5610a9c","imagecount":9,"advertiserName":"John Moloney Motors","isTrade":true},{"advertId":"201243210628058","vehicleMake":"KIA","vehicleModel":"Sedona","vehiclePriceEuro":3000,"vehicleYearOfManufacture":2004,"advertiserCounty":"Kildare","isPSL":true,"privatePSL":false,"vehicleImageId":"14070378","imagecount":9,"isTrade":false},{"advertId":"34213621571273090","vehicleMake":"KIA","vehicleModel":"Sedona","vehicleDerivative":"2.9 Dsl Automatic 5DR","vehiclePriceEuro":2950,"vehicleYearOfManufacture":2004,"advertiserCounty":"Kildare","isPSL":false,"privatePSL":false,"vehicleImageId":"b79dc0fe-8c41-4822-9c38-bc76a0cd0953","imagecount":13,"advertiserName":"McCormack Car Sales (Prosperous)","isTrade":true},{"advertId":"201246210990061","vehicleMake":"KIA","vehicleModel":"Sedona","vehicleDerivative":"LE 05DR","vehiclePriceEuro":2950,"vehicleYearOfManufacture":2004,"advertiserCounty":"Cork","isPSL":true,"privatePSL":false,"vehicleImageId":"14142385","imagecount":8,"isTrade":false},{"advertId":"34013624030371060","vehicleMake":"KIA","vehicleModel":"Sedona","vehicleDerivative":"2.9 5DR","vehiclePriceEuro":2700,"vehicleYearOfManufacture":2004,"advertiserCounty":"Dublin","isPSL":false,"privatePSL":false,"vehicleImageId":"f732fb95-4c0b-42c2-8a95-697a8f434e56","imagecount":2,"advertiserName":"Diamond Group","isTrade":true},{"advertId":"29813470119561960","vehicleMake":"KIA","vehicleModel":"Sedona","vehicleDerivative":"L 2.9 5DR **AUTOMATIC 6 SEATER**","vehiclePriceEuro":2450,"vehicleYearOfManufacture":2004,"advertiserCounty":"Meath","isPSL":false,"privatePSL":false,"vehicleImageId":"78b2cc49-6baa-4308-a938-b0d7cde0e386","imagecount":9,"advertiserName":"East Coast Cars + Virginia Auto Sales","isTrade":true},{"advertId":"31413504943619840","vehicleMake":"KIA","vehicleModel":"Sedona","vehicleDerivative":"2.9 5DR","vehiclePriceEuro":2250,"vehicleYearOfManufacture":2004,"advertiserCounty":"Dublin","isPSL":false,"privatePSL":false,"vehicleImageId":"59524d9e-3b36-43d7-b06a-80d68beb1700","imagecount":10,"advertiserName":"Diamond Group","isTrade":true},{"advertId":"201250211362574","vehicleMake":"KIA","vehicleModel":"Sedona","vehicleDerivative":"2 GSE 5DR","vehiclePriceEuro":2200,"vehicleYearOfManufacture":2004,"advertiserCounty":"Dublin","isPSL":true,"privatePSL":false,"vehicleImageId":"14199344","imagecount":8,"isTrade":false},{"advertId":"34213622925846970","vehicleMake":"KIA","vehicleModel":"Sedona","vehicleDerivative":"2.9D 5DR MANUAL","vehiclePriceEuro":0,"vehicleYearOfManufacture":2004,"advertiserCounty":"Kildare","isPSL":false,"privatePSL":false,"vehicleImageId":"a79a6333-8249-4ab6-bbb4-f0b36222513e","imagecount":6,"advertiserName":"Merlin Car Auctions","isTrade":true},{"advertId":"201304212159955","vehicleMake":"KIA","vehicleModel":"Sedona","vehicleDerivative":"2 EX COMBI CREWCAB","vehiclePriceEuro":3950,"vehicleYearOfManufacture":2003,"advertiserCounty":"Wicklow","isPSL":true,"privatePSL":false,"vehicleImageId":"12351033","imagecount":9,"isTrade":false},{"advertId":"29813478847600450","vehicleMake":"KIA","vehicleModel":"Sedona","vehicleDerivative":"2 GSE COMBI","vehiclePriceEuro":3450,"vehicleYearOfManufacture":2003,"advertiserCounty":"Wicklow","isPSL":false,"privatePSL":false,"vehicleImageId":"00cd60c6-ae47-4b63-becc-290cb5b19d8c","imagecount":8,"advertiserName":"Avon Motors","isTrade":true},{"advertId":"201244210824187","vehicleMake":"KIA","vehicleModel":"Sedona","vehicleDerivative":"2 GSE COMBI CREWCAB","vehiclePriceEuro":3250,"vehicleYearOfManufacture":2003,"advertiserCounty":"Kildare","isPSL":true,"privatePSL":false,"vehicleImageId":"14100271","imagecount":8,"isTrade":false},{"advertId":"6113350022411370","vehicleMake":"KIA","vehicleModel":"Sedona","vehicleDerivative":"2 EX COMBI CREWCAB.. COMM","vehiclePriceEuro":2950,"vehicleYearOfManufacture":2003,"advertiserCounty":"Westmeath","isPSL":false,"privatePSL":false,"vehicleImageId":"24a3321b-dcc9-4893-b7c5-27a2d71c95a0","imagecount":2,"advertiserName":"Sleator Kia","isTrade":true},{"advertId":"201251211518320","vehicleMake":"KIA","vehicleModel":"Sedona","vehicleDerivative":"2 EX COMBI CREWCAB","vehiclePriceEuro":2300,"vehicleYearOfManufacture":2003,"advertiserCounty":"Kildare","isPSL":true,"privatePSL":false,"vehicleImageId":"13421595","imagecount":2,"isTrade":false},{"advertId":"31713539256590960","vehicleMake":"KIA","vehicleModel":"Shuma","vehicleDerivative":"II 1.6 LS","vehiclePriceEuro":1950,"vehicleYearOfManufacture":2003,"advertiserCounty":"Roscommon","isPSL":false,"privatePSL":false,"vehicleImageId":"b08a8797-15d4-42ab-83b3-74e1119c563b","imagecount":6,"advertiserName":"Naughtons Car Sales","isTrade":true},{"advertId":"213225545174490","vehicleMake":"KIA","vehicleModel":"Shuma","vehicleDerivative":"1.6LS, NCT08/2013, 1500 TO CLEAR","vehiclePriceEuro":1500,"vehicleYearOfManufacture":2003,"advertiserCounty":"Tipperary","isPSL":false,"privatePSL":false,"vehicleImageId":"5d6efff8-41a4-47f0-bd68-91cfe2889456","imagecount":7,"advertiserName":"O Neills of Cashel","isTrade":true},{"advertId":"31713546268777060","vehicleMake":"KIA","vehicleModel":"Shuma","vehicleDerivative":"II 1.6 LS","vehiclePriceEuro":950,"vehicleYearOfManufacture":2003,"advertiserCounty":"Wexford","isPSL":false,"privatePSL":false,"vehicleImageId":"efb4bd48-1ae0-4844-be87-793b2711af39","imagecount":7,"advertiserName":"Byrne Car Sales","isTrade":true},{"advertId":"813261882567120","vehicleMake":"KIA","vehicleModel":"Shuma","vehicleDerivative":"II 1.6 LS","vehiclePriceEuro":2950,"vehicleYearOfManufacture":2002,"advertiserCounty":"Cork","isPSL":false,"privatePSL":false,"vehicleImageId":"f6caebaf-0520-48fa-ba76-aeaabe233b5d","imagecount":8,"advertiserName":"Nyhan Motors","isTrade":true},{"advertId":"201249211320113","vehicleMake":"KIA","vehicleModel":"Shuma","vehicleDerivative":"II 1.6 LS","vehiclePriceEuro":2200,"vehicleYearOfManufacture":2001,"advertiserCounty":"Dublin","isPSL":true,"privatePSL":false,"vehicleImageId":"14194899","imagecount":9,"isTrade":false},{"advertId":"29413446030059520","vehicleMake":"KIA","vehicleModel":"Sorento","vehicleDerivative":"GSE 2.2 4x4 Auto","vehiclePriceEuro":47395,"vehicleYearOfManufacture":2013,"advertiserCounty":"Cork","isPSL":false,"privatePSL":false,"vehicleImageId":"ff104ae2-4372-4391-9adc-ddbc3b3c6c0a","imagecount":3,"advertiserName":"Motorview KIA","isTrade":true},{"advertId":"29513446024866120","vehicleMake":"KIA","vehicleModel":"Sorento","vehicleDerivative":"2.2 Platium 4x4","vehiclePriceEuro":42495,"vehicleYearOfManufacture":2013,"advertiserCounty":"Cork","isPSL":false,"privatePSL":false,"vehicleImageId":"006c6c01-20f3-4665-892d-17a199861ab9","imagecount":3,"advertiserName":"Motorview KIA","isTrade":true},{"advertId":"31513511917829160","vehicleMake":"KIA","vehicleModel":"Sorento","vehicleDerivative":"** ALL NEW MODEL SORENTO PLATINUM 4X4**","vehiclePriceEuro":42290,"vehicleYearOfManufacture":2013,"advertiserCounty":"Carlow","isPSL":false,"privatePSL":false,"vehicleImageId":"bf0814b6-d4cd-477f-94e2-9b7677010fd0","imagecount":4,"advertiserName":"Carlow Kia","isTrade":true},{"advertId":"34013608482306120","vehicleMake":"KIA","vehicleModel":"Sorento","vehicleDerivative":"2.2 EX AWD","vehiclePriceEuro":39250,"vehicleYearOfManufacture":2013,"advertiserCounty":"Dublin","isPSL":false,"privatePSL":false,"vehicleImageId":"48988d07-07b2-4f0c-8156-7b61edfc4cbd","imagecount":16,"advertiserName":"Kia Liffey Valley","isTrade":true},{"advertId":"29613446023476100","vehicleMake":"KIA","vehicleModel":"Sorento","vehicleDerivative":"2.2 4X4 EX IN STOCK","vehiclePriceEuro":38995,"vehicleYearOfManufacture":2013,"advertiserCounty":"Cork","isPSL":false,"privatePSL":false,"vehicleImageId":"a96015bb-4f89-42b6-b3f0-1bd28dc8991a","imagecount":20,"advertiserName":"Motorview KIA","isTrade":true},{"advertId":"6113333900703380","vehicleMake":"KIA","vehicleModel":"Sorento","vehicleDerivative":"EX 2.2TD 4X4 PASSENGER (EX STOCK)","vehiclePriceEuro":38950,"vehicleYearOfManufacture":2013,"advertiserCounty":"Carlow","isPSL":false,"privatePSL":false,"vehicleImageId":"0e1ffbbb-bf9c-45ba-8452-117c37b96cd1","imagecount":9,"advertiserName":"Carlow Kia","isTrade":true}],"totalAdvertCount":45174}