{"adverts":[{"advertId":"31113481547370800","vehicleMake":"Opel","vehicleModel":"Corsa","vehicleDerivative":"diesel,200tax,low miles,IMMACULATE","vehiclePriceEuro":7900,"vehicleYearOfManufacture":2008,"advertiserCounty":"Dublin","isPSL":true,"privatePSL":false,"vehicleImageId":"00c583e9-118c-4884-a1c0-8a5979bb16cd","imagecount":11,"advertiserName":"A Best Choice Cars","isTrade":true},{"advertId":"29813473110622630","vehicleMake":"Opel","vehicleModel":"Corsa","vehicleDerivative":"CLUB 1.4 I 16V 5DR","vehiclePriceEuro":7750,"vehicleYearOfManufacture":2008,"advertiserCounty":"Kerry","isPSL":true,"privatePSL":false,"vehicleImageId":"39e2bc94-3845-4142-b355-ad406de3800c","imagecount":20,"advertiserName":"Reens Car Sales","isTrade":true},{"advertId":"32913599788877900","vehicleMake":"Opel","vehicleModel":"Corsa","vehicleDerivative":"LIFE 1.2I 12V 5DR E EASYTRONIC","vehiclePriceEuro":7500,"vehicleYearOfManufacture":2008,"advertiserCounty":"Cork","isPSL":false,"privatePSL":false,"vehicleImageId":"31fbb8bd-252b-4fc3-9fa6-c2cf4db6cf4f","imagecount":7,"advertiserName":"Jonathan O Brien Cars","isTrade":true},{"advertId":"31113533375175920","vehicleMake":"Opel","vehicleModel":"Corsa","vehicleDerivative":"CLUB 1.2I 16V 3DR","vehiclePriceEuro":7500,"vehicleYearOfManufacture":2008,"advertiserCounty":"Kilkenny","isPSL":false,"privatePSL":false,"vehicleImageId":"9201c6c3-83a5-40a9-b9b7-5a688dd52627","imagecount":10,"advertiserName":"David Buggy Motors","isTrade":true},{"advertId":"4813294897769370","vehicleMake":"Opel","vehicleModel":"Corsa","vehicleDerivative":"DESIGN 1.4 I 16V 5DR","vehiclePriceEuro":7500,"vehicleYearOfManufacture":2008,"advertiserCounty":"Tipperary","isPSL":false,"privatePSL":false,"vehicleImageId":"ce9ae998-aec6-4b9f-ad2f-907b7f2149b8","imagecount":6,"advertiserName":"Three Bridges Motors","isTrade":true},{"advertId":"201308212529566","vehicleMake":"Opel","vehicleModel":"Corsa","vehicleDerivative":"CLUB 1.2I 16V 5DR","vehiclePriceEuro":7500,"vehicleYearOfManufacture":2008,"advertiserCounty":"Dublin","isPSL":true,"privatePSL":false,"vehicleImageId":"14353086","imagecount":4,"isTrade":false},{"advertId":"31913578089901970","vehicleMake":"Opel","vehicleModel":"Corsa","vehicleDerivative":"CORSA LIFE 1.0 5 DOOR","vehiclePriceEuro":7500,"vehicleYearOfManufacture":2008,"advertiserCounty":"Kilkenny","isPSL":false,"privatePSL":false,"vehicleImageId":"e966e3ed-f5c3-49a4-974b-3bfb34d610f8","imagecount":5,"advertiserName":"Young Motors","isTrade":true},{"advertId":"31413507337118930","vehicleMake":"Opel","vehicleModel":"Corsa","vehicleDerivative":"5DR CLUB 1.2","vehiclePriceEuro":7350,"vehicleYearOfManufacture":2008,"advertiserCounty":"Donegal","isPSL":false,"privatePSL":false,"vehicleImageId":"d9aaed41-b29b-46fb-bc5e-32aa4c1c987c","imagecount":9,"advertiserName":"Herron Auto","isTrade":true},{"advertId":"5913333836491790","vehicleMake":"Opel","vehicleModel":"Corsa","vehicleDerivative":"1.0 (NCT 14) *TP Waters*","vehiclePriceEuro":6950,"vehicleYearOfManufacture":2008,"advertiserCounty":"Kildare","isPSL":true,"privatePSL":false,"vehicleImageId":"6dc34fb0-89ce-4c9d-8d7f-15b6ac29bccd","imagecount":9,"advertiserName":"T.P. Waters","isTrade":true},{"advertId":"31713593743102440","vehicleMake":"Opel","vehicleModel":"Corsa","vehicleDerivative":"CLUB 1.2I 16V 5DR","vehiclePriceEuro":6950,"vehicleYearOfManufacture":2008,"advertiserCounty":"Kerry","isPSL":false,"privatePSL":false,"imagecount":0,"advertiserName":"Aherns","isTrade":true},{"advertId":"201301211789328","vehicleMake":"Opel","vehicleModel":"Corsa","vehicleDerivative":"CLUB 1.2I 16V 3DR","vehiclePriceEuro":6950,"vehicleYearOfManufacture":2008,"advertiserCounty":"Kildare","isPSL":true,"privatePSL":false,"vehicleImageId":"14243542","imagecount":9,"isTrade":false},{"advertId":"32013590240360490","vehicleMake":"Opel","vehicleModel":"Corsa","vehicleDerivative":"LIFE 1.0I 12V 5DR,ONLY 23 K Miles ,ONE Owner ,NCT 01/14","vehiclePriceEuro":6950,"vehicleYearOfManufacture":2008,"advertiserCounty":"Dublin","isPSL":true,"privatePSL":false,"vehicleImageId":"739722c2-1c5c-4326-ba89-a86481e0aa59","imagecount":10,"advertiserName":"First Choice Auto's","isTrade":true},{"advertId":"201247211058338","vehicleMake":"Opel","vehicleModel":"Corsa","vehicleDerivative":"LIFE 1.2I 12V 5DR","vehiclePriceEuro":6750,"vehicleYearOfManufacture":2008,"advertiserCounty":"Dublin","isPSL":true,"privatePSL":false,"vehicleImageId":"14151951","imagecount":6,"isTrade":false},{"advertId":"34113619664607080","vehicleMake":"Opel","vehicleModel":"Corsa","vehicleDerivative":"SXI 1.2 LOW MILES","vehiclePriceEuro":6750,"vehicleYearOfManufacture":2008,"advertiserCounty":"Dublin","isPSL":false,"privatePSL":false,"vehicleImageId":"9dc90fdf-a0af-49e2-aa3d-7ba508565630","imagecount":9,"advertiserName":"Cloghran Car Sales","isTrade":true},{"advertId":"201246211028824","vehicleMake":"Opel","vehicleModel":"Corsa","vehicleDerivative":"SXI 1.2 16V 3DR 1.2I","vehiclePriceEuro":6600,"vehicleYearOfManufacture":2008,"advertiserCounty":"Dublin","isPSL":true,"privatePSL":false,"vehicleImageId":"13745938","imagecount":8,"isTrade":false},{"advertId":"32013580286738280","vehicleMake":"Opel","vehicleModel":"Corsa","vehicleDerivative":"1.2 Club ***1 owner - 5dr***","vehiclePriceEuro":6500,"vehicleYearOfManufacture":2008,"advertiserCounty":"Limerick","isPSL":false,"privatePSL":false,"vehicleImageId":"eea14597-35da-4d59-b370-1c0b66a155b2","imagecount":11,"advertiserName":"Hinchy's Garage","isTrade":true},{"advertId":"201304212159762","vehicleMake":"Opel","vehicleModel":"Corsa","vehicleDerivative":"CLUB 1.2I 16V 5DR","vehiclePriceEuro":6500,"vehicleYearOfManufacture":2008,"advertiserCounty":"Offaly","isPSL":true,"privatePSL":false,"vehicleImageId":"14293971","imagecount":8,"isTrade":false},{"advertId":"34013624185448180","vehicleMake":"Opel","vehicleModel":"Corsa","vehicleDerivative":"Life 1.0I 12V 5DR","vehiclePriceEuro":6500,"vehicleYearOfManufacture":2008,"advertiserCounty":"Galway","isPSL":true,"privatePSL":false,"vehicleImageId":"91b8c421-c7ac-418d-b24c-dc2255fa6270","imagecount":2,"advertiserName":"Monaghan & Sons","isTrade":true},{"advertId":"34213624113626350","vehicleMake":"Opel","vehicleModel":"Corsa","vehicleDerivative":"LIFE 1.0I 12V 5DR","vehiclePriceEuro":6500,"vehicleYearOfManufacture":2008,"advertiserCounty":"Galway","isPSL":true,"privatePSL":false,"vehicleImageId":"68bcdbfb-4878-422e-8724-9f581d9ec539","imagecount":2,"advertiserName":"Monaghan & Sons","isTrade":true},{"advertId":"201245210865745","vehicleMake":"Opel","vehicleModel":"Corsa","vehicleDerivative":"SXI 1.4 I 16V 3DR","vehiclePriceEuro":6500,"vehicleYearOfManufacture":2008,"advertiserCounty":"Kerry","isPSL":true,"privatePSL":false,"vehicleImageId":"14108798","imagecount":5,"isTrade":false},{"advertId":"33913618917623330","vehicleMake":"Opel","vehicleModel":"Corsa","vehicleDerivative":"CLUB 1.2 16V","vehiclePriceEuro":6450,"vehicleYearOfManufacture":2008,"advertiserCounty":"Kildare","isPSL":true,"privatePSL":false,"vehicleImageId":"21c0cdc2-0faf-416b-bafb-2ba27bab3941","imagecount":15,"advertiserName":"Autodirect.ie","isTrade":true},{"advertId":"33213619864251530","vehicleMake":"Opel","vehicleModel":"Corsa","vehicleDerivative":"1.2 16V 5dr","vehiclePriceEuro":6450,"vehicleYearOfManufacture":2008,"advertiserCounty":"Cork","isPSL":true,"privatePSL":false,"vehicleImageId":"2ee0baeb-c17f-43ce-83d2-44343196aca6","imagecount":15,"advertiserName":"Autodirect.ie Cork","isTrade":true},{"advertId":"201250211405631","vehicleMake":"Opel","vehicleModel":"Corsa","vehicleDerivative":"SXI 1.2 16V 3DR 1.2I","vehiclePriceEuro":6300,"vehicleYearOfManufacture":2008,"advertiserCounty":"Dublin","isPSL":true,"privatePSL":false,"imagecount":0,"isTrade":false},{"advertId":"201304212115140","vehicleMake":"Opel","vehicleModel":"Corsa","vehicleDerivative":"CLUB 1.2I 16V 5DR","vehiclePriceEuro":6250,"vehicleYearOfManufacture":2008,"advertiserCounty":"Galway","isPSL":true,"privatePSL":false,"vehicleImageId":"14286403","imagecount":4,"isTrade":false},{"advertId":"34213619579821890","vehicleMake":"Opel","vehicleModel":"Corsa","vehicleDerivative":"CLUB 1.2I 16V 3DR","vehiclePriceEuro":6250,"vehicleYearOfManufacture":2008,"advertiserCounty":"Galway","isPSL":false,"privatePSL":false,"vehicleImageId":"2ecf893d-0d19-4597-bd4b-c6028806d056","imagecount":8,"advertiserName":"Kieran Moran Car Sales","isTrade":true},{"advertId":"34013618980463360","vehicleMake":"Opel","vehicleModel":"Corsa","vehicleDerivative":"LIFE 1.0I 12V 5DR","vehiclePriceEuro":5995,"vehicleYearOfManufacture":2008,"advertiserCounty":"Dublin","isPSL":false,"privatePSL":false,"vehicleImageId":"14b02100-6c16-49a3-b68b-ddc9da1d6b2f","imagecount":9,"advertiserName":"Select Cars","isTrade":true},{"advertId":"34113607089490970","vehicleMake":"Opel","vehicleModel":"Corsa","vehicleDerivative":"LIFE 1.2I 12V 5DR E","vehiclePriceEuro":0,"vehicleYearOfManufacture":2008,"advertiserCounty":"Tipperary","isPSL":false,"privatePSL":false,"vehicleImageId":"84551dcb-a3ca-44f8-8c54-177ba5e33ca9","imagecount":8,"advertiserName":"Strang Motors Ltd","isTrade":true},{"advertId":"33413623975089930","vehicleMake":"Opel","vehicleModel":"Corsa","vehicleDerivative":"CLUB 1.2i 16V 5DR","vehiclePriceEuro":0,"vehicleYearOfManufacture":2008,"advertiserCounty":"Cork","isPSL":true,"privatePSL":false,"vehicleImageId":"8c2c84bf-e8ce-4ca3-9bc8-1f31c26d6de2","imagecount":1,"advertiserName":"Kevin O'Leary Group Silversprings","isTrade":true},{"advertId":"33413623920416970","vehicleMake":"Opel","vehicleModel":"Corsa","vehicleDerivative":"ONE OWNER, DESIGN 1.2i, LOW MILEAGE","vehiclePriceEuro":0,"vehicleYearOfManufacture":2008,"advertiserCounty":"Wexford","isPSL":false,"privatePSL":false,"vehicleImageId":"cd794036-890c-451a-835f-d2a14a4a2d31","imagecount":1,"advertiserName":"Trinity Motors Peugeot","isTrade":true},{"advertId":"201245210885057","vehicleMake":"Opel","vehicleModel":"Corsa","vehiclePriceEuro":8950,"vehicleYearOfManufacture":2007,"advertiserCounty":"Galway","isPSL":true,"privatePSL":false,"vehicleImageId":"14112068","imagecount":4,"isTrade":false},{"advertId":"201307212409088","vehicleMake":"Opel","vehicleModel":"Corsa","vehicleDerivative":"CLUB 1.2I 16V 3DR","vehiclePriceEuro":8100,"vehicleYearOfManufacture":2007,"advertiserCounty":"Galway","isPSL":true,"privatePSL":false,"vehicleImageId":"14007442","imagecount":2,"isTrade":false},{"advertId":"201251211518157","vehicleMake":"Opel","vehicleModel":"Corsa","vehiclePriceEuro":8000,"vehicleYearOfManufacture":2007,"advertiserCounty":"Cork","isPSL":true,"privatePSL":false,"vehicleImageId":"13846544","imagecount":6,"isTrade":false},{"advertId":"32113505631888790","vehicleMake":"Opel","vehicleModel":"Corsa","vehicleDerivative":"DESIGN 1.3 CDTI 90PS 5DR.","vehiclePriceEuro":7950,"vehicleYearOfManufacture":2007,"advertiserCounty":"Galway","isPSL":false,"privatePSL":false,"vehicleImageId":"27560804-179f-41ad-a1dc-2b47ff0fe9d6","imagecount":6,"advertiserName":"Arch Motors Ltd","isTrade":true},{"advertId":"213226510924670","vehicleMake":"Opel","vehicleModel":"Corsa","vehicleDerivative":"Club 1.2L 5 Dr. Finance Available.ONE OWNER NCT","vehiclePriceEuro":7950,"vehicleYearOfManufacture":2007,"advertiserCounty":"Dublin","isPSL":false,"privatePSL":false,"vehicleImageId":"e944e600-3b15-4d47-8eb3-b4fa6fb8ed17","imagecount":9,"advertiserName":"Bolands of Clondalkin Est. 1958","isTrade":true},{"advertId":"31513563189538330","vehicleMake":"Opel","vehicleModel":"Corsa","vehicleDerivative":"SXI 1.3 L DIESEL","vehiclePriceEuro":7795,"vehicleYearOfManufacture":2007,"advertiserCounty":"Waterford","isPSL":false,"privatePSL":false,"vehicleImageId":"89b16fe7-286e-4b78-95bb-5425baf1557b","imagecount":15,"advertiserName":"Castletown Carsales","isTrade":true},{"advertId":"201305212204830","vehicleMake":"Opel","vehicleModel":"Corsa","vehiclePriceEuro":7750,"vehicleYearOfManufacture":2007,"advertiserCounty":"Westmeath","isPSL":true,"privatePSL":false,"vehicleImageId":"13946767","imagecount":1,"isTrade":false},{"advertId":"34313619283503120","vehicleMake":"Opel","vehicleModel":"Corsa","vehicleDerivative":"5Dr 1.2","vehiclePriceEuro":7700,"vehicleYearOfManufacture":2007,"advertiserCounty":"Dublin","isPSL":false,"privatePSL":false,"vehicleImageId":"719b87b1-f321-40c7-9b8b-dc0f67e3f9ee","imagecount":9,"advertiserName":"Airside Opel","isTrade":true},{"advertId":"201246210973964","vehicleMake":"Opel","vehicleModel":"Corsa","vehicleDerivative":"CLUB 1.2I 16V 5DR","vehiclePriceEuro":7500,"vehicleYearOfManufacture":2007,"advertiserCounty":"Galway","isPSL":true,"privatePSL":false,"vehicleImageId":"14138903","imagecount":3,"isTrade":false},{"advertId":"34113619866581850","vehicleMake":"Opel","vehicleModel":"Corsa","vehicleDerivative":"CLUB 1.2I AUTOMATIC*VERY LOW MILLAGE*","vehiclePriceEuro":7500,"vehicleYearOfManufacture":2007,"advertiserCounty":"Galway","isPSL":true,"privatePSL":false,"vehicleImageId":"4ef8d599-ad92-4377-96fa-bcc5dcc25fe6","imagecount":10,"advertiserName":"Al Hayes Motors Ltd","isTrade":true},{"advertId":"31713587889997770","vehicleMake":"Opel","vehicleModel":"Corsa","vehicleDerivative":"LIFE 1.0I 12V 5DR","vehiclePriceEuro":7500,"vehicleYearOfManufacture":2007,"advertiserCounty":"Wexford","isPSL":false,"privatePSL":false,"vehicleImageId":"74e2c99a-d248-449a-a199-d045ce90c82c","imagecount":8,"advertiserName":"Ferrybank Motors","isTrade":true},{"advertId":"33213600840426650","vehicleMake":"Opel","vehicleModel":"Corsa","vehicleDerivative":"1.2 Auto Corsa Club 3 DR","vehiclePriceEuro":7499,"vehicleYearOfManufacture":2007,"advertiserCounty":"Waterford","isPSL":false,"privatePSL":false,"vehicleImageId":"80b69703-421a-4bad-b685-45c4c243b83e","imagecount":2,"advertiserName":"Dungarvan Nissan","isTrade":true},{"advertId":"34413619739013740","vehicleMake":"Opel","vehicleModel":"Corsa","vehicleDerivative":"SXI 1.2 16V 3DR 1.2I","vehiclePriceEuro":7495,"vehicleYearOfManufacture":2007,"advertiserCounty":"Dublin","isPSL":true,"privatePSL":false,"vehicleImageId":"028e725d-0775-4759-9d8b-425d13fc6b0f","imagecount":10,"advertiserName":"Joe Duffy (Opel & Mazda)","isTrade":true},{"advertId":"33213623951156570","vehicleMake":"Opel","vehicleModel":"Corsa","vehicleDerivative":"CLUB 1.2I 16V 5DR","vehiclePriceEuro":7495,"vehicleYearOfManufacture":2007,"advertiserCounty":"Dublin","isPSL":true,"privatePSL":false,"vehicleImageId":"9047d43a-7cfb-41b4-871f-b4942b34adb0","imagecount":1,"advertiserName":"Kenilworth Motors","isTrade":true},{"advertId":"32713593679013500","vehicleMake":"Opel","vehicleModel":"Corsa","vehicleDerivative":"Club 1.2i 16V 5dr","vehiclePriceEuro":7450,"vehicleYearOfManufacture":2007,"advertiserCounty":"Dublin","isPSL":true,"privatePSL":false,"vehicleImageId":"5704d61a-5876-4fcf-bc51-ccb2c6af8167","imagecount":10,"advertiserName":"Gowan Motors Navan Road","isTrade":true},{"advertId":"34213605346749240","vehicleMake":"Opel","vehicleModel":"Corsa","vehicleDerivative":"1.2 SXi ***1 owner - Low Km's","vehiclePriceEuro":7400,"vehicleYearOfManufacture":2007,"advertiserCounty":"Limerick","isPSL":false,"privatePSL":false,"vehicleImageId":"2a379984-7c62-496e-87f9-420d789511b3","imagecount":14,"advertiserName":"Hinchy's Garage","isTrade":true},{"advertId":"33213615745057660","vehicleMake":"Opel","vehicleModel":"Corsa","vehicleDerivative":"1.2i Club 5dr ***As New***","vehiclePriceEuro":7200,"vehicleYearOfManufacture":2007,"advertiserCounty":"Limerick","isPSL":false,"privatePSL":false,"vehicleImageId":"a7088f63-9dba-48bb-a8d1-44b07a59cc8e","imagecount":16,"advertiserName":"Hinchy's Garage","isTrade":true},{"advertId":"33213618982300850","vehicleMake":"Opel","vehicleModel":"Corsa","vehicleDerivative":"CLUB 1.2I 16V 3DR","vehiclePriceEuro":6995,"vehicleYearOfManufacture":2007,"advertiserCounty":"Dublin","isPSL":false,"privatePSL":false,"vehicleImageId":"085dfd47-efca-4e08-815d-ffc41949053c","imagecount":10,"advertiserName":"Fort Motors Ltd","isTrade":true},{"advertId":"33213604126487670","vehicleMake":"Opel","vehicleModel":"Corsa","vehicleDerivative":"SXI 1.2 16V 3DR 1.2I","vehiclePriceEuro":6950,"vehicleYearOfManufacture":2007,"advertiserCounty":"Tipperary","isPSL":false,"privatePSL":false,"vehicleImageId":"96e494ea-97c0-4669-8bc7-9f3863739c74","imagecount":2,"advertiserName":"John Kennedy Motors","isTrade":true},{"advertId":"31413530866552260","vehicleMake":"Opel","vehicleModel":"Corsa","vehicleDerivative":"CLUB 1.2I 16V 3DR SPORTS","vehiclePriceEuro":6950,"vehicleYearOfManufacture":2007,"advertiserCounty":"Dublin","isPSL":false,"privatePSL":false,"vehicleImageId":"cdafb98d-d777-455e-b322-9a68ec0cfd49","imagecount":18,"advertiserName":"Premier Cars","isTrade":true},{"advertId":"31913593906906960","vehicleMake":"Opel","vehicleModel":"Corsa","vehicleDerivative":"CLUB 1.2I 16V 5DR","vehiclePriceEuro":6950,"vehicleYearOfManufacture":2007,"advertiserCounty":"Cork","isPSL":false,"privatePSL":false,"vehicleImageId":"70464f66-56ed-4d75-ab83-a8e844e75a72","imagecount":15,"advertiserName":"Cavanaghs of Charleville Ltd","isTrade":true},{"advertId":"201309212674053","vehicleMake":"Opel","vehicleModel":"Corsa","vehicleDerivative":"SXI 1.2 16V 3DR 1.2I","vehiclePriceEuro":6900,"vehicleYearOfManufacture":2007,"advertiserCounty":"Cork","isPSL":true,"privatePSL":false,"imagecount":0,"isTrade":false},{"advertId":"201304212159947","vehicleMake":"Opel","vehicleModel":"Corsa","vehicleDerivative":"CLUB 1.2I 16V 5DR","vehiclePriceEuro":6900,"vehicleYearOfManufacture":2007,"advertiserCounty":"Dublin","isPSL":true,"privatePSL":false,"vehicleImageId":"14294419","imagecount":7,"isTrade":false},{"advertId":"201246211015819","vehicleMake":"Opel","vehicleModel":"Corsa","vehicleDerivative":"CLUB 1.2I 16V 5DR","vehiclePriceEuro":6900,"vehicleYearOfManufacture":2007,"advertiserCounty":"Limerick","isPSL":true,"privatePSL":false,"vehicleImageId":"14145564","imagecount":4,"isTrade":false},{"advertId":"32913596381854150","vehicleMake":"Opel","vehicleModel":"Corsa","vehicleDerivative":"SXI 1.2 16V 3DR","vehiclePriceEuro":6850,"vehicleYearOfManufacture":2007,"advertiserCounty":"Donegal","isPSL":false,"privatePSL":false,"vehicleImageId":"5d16209f-7b04-422f-96f9-ca9a671be806","imagecount":9,"advertiserName":"Herron Auto","isTrade":true},{"advertId":"33913606813258590","vehicleMake":"Opel","vehicleModel":"Corsa","vehicleDerivative":"CLUB 1.2I 16V 5DR","vehiclePriceEuro":6825,"vehicleYearOfManufacture":2007,"advertiserCounty":"Cork","isPSL":false,"privatePSL":false,"vehicleImageId":"54df3339-da19-467a-8573-a2af884c7447","imagecount":2,"advertiserName":"Cavanaghs of Charleville Ltd","isTrade":true},{"advertId":"32013585510107330","vehicleMake":"Opel","vehicleModel":"Corsa","vehicleDerivative":"1.2 Club ***1 owner - 3dr***","vehiclePriceEuro":6800,"vehicleYearOfManufacture":2007,"advertiserCounty":"Limerick","isPSL":false,"privatePSL":false,"vehicleImageId":"e32a93fd-1492-412a-83f9-a1ef3fdcc6df","imagecount":14,"advertiserName":"Hinchy's Garage","isTrade":true},{"advertId":"31813589557698320","vehicleMake":"Opel","vehicleModel":"Corsa","vehicleDerivative":"CLUB 1.2I 16V 3DR","vehiclePriceEuro":6750,"vehicleYearOfManufacture":2007,"advertiserCounty":"Galway","isPSL":false,"privatePSL":false,"vehicleImageId":"d1a00fc2-c193-40db-b51c-b17743f9ed65","imagecount":11,"advertiserName":"J.J. Fleming & Co Ltd","isTrade":true},{"advertId":"34213611927892560","vehicleMake":"Opel","vehicleModel":"Corsa","vehicleDerivative":"1.2 CLUB 3DR (THIS WEEKEND STRAIGHT SALE PRICE )","vehiclePriceEuro":6750,"vehicleYearOfManufacture":2007,"advertiserCounty":"Dublin","isPSL":false,"privatePSL":false,"vehicleImageId":"4e40e030-4e78-44d4-a68e-c33004eed45c","imagecount":9,"advertiserName":"Windsor Raheny","isTrade":true},{"advertId":"34013620564275380","vehicleMake":"Opel","vehicleModel":"Corsa","vehicleDerivative":"CLUB 1.2I 16V 5DR","vehiclePriceEuro":6750,"vehicleYearOfManufacture":2007,"advertiserCounty":"Wexford","isPSL":false,"privatePSL":false,"imagecount":0,"advertiserName":"Boland Motors New Ross","isTrade":true},{"advertId":"201303211959788","vehicleMake":"Opel","vehicleModel":"Corsa","vehicleDerivative":"CLUB 1.2I 16V 5DR","vehiclePriceEuro":6550,"vehicleYearOfManufacture":2007,"advertiserCounty":"Dublin","isPSL":true,"privatePSL":false,"vehicleImageId":"13906780","imagecount":9,"isTrade":false},{"advertId":"32913612095890910","vehicleMake":"Opel","vehicleModel":"Corsa","vehicleDerivative":"CLUB 1.2I 16V 5DR","vehiclePriceEuro":6500,"vehicleYearOfManufacture":2007,"advertiserCounty":"Wexford","isPSL":false,"privatePSL":false,"imagecount":0,"advertiserName":"Ferrybank Motors","isTrade":true},{"advertId":"201251211518228","vehicleMake":"Opel","vehicleModel":"Corsa","vehicleDerivative":"Club Cdti","vehiclePriceEuro":6500,"vehicleYearOfManufacture":2007,"advertiserCounty":"Meath","isPSL":true,"privatePSL":false,"vehicleImageId":"13846549","imagecount":5,"isTrade":false},{"advertId":"33913619269924830","vehicleMake":"Opel","vehicleModel":"Corsa","vehicleDerivative":"1.0 5Dr Life *Low Road Tax*       (straight price)","vehiclePriceEuro":6495,"vehicleYearOfManufacture":2007,"advertiserCounty":"Meath","isPSL":false,"privatePSL":false,"vehicleImageId":"282f90f2-20df-4154-b9a3-9cce9151fc4e","imagecount":4,"advertiserName":"Clonee Motor Centre","isTrade":true},{"advertId":"31813573064000660","vehicleMake":"Opel","vehicleModel":"Corsa","vehicleDerivative":"1.2i SXi 3DR = Call John 086 2154104 =","vehiclePriceEuro":6450,"vehicleYearOfManufacture":2007,"advertiserCounty":"Meath","isPSL":true,"privatePSL":false,"vehicleImageId":"6e754f96-dcab-458c-9fa8-ebb0bce19fc4","imagecount":6,"advertiserName":"Navan Ford Centre","isTrade":true},{"advertId":"201245210884941","vehicleMake":"Opel","vehicleModel":"Corsa","vehiclePriceEuro":6400,"vehicleYearOfManufacture":2007,"advertiserCounty":"Dublin","isPSL":true,"privatePSL":false,"vehicleImageId":"14111591","imagecount":5,"isTrade":false},{"advertId":"32913601523202180","vehicleMake":"Opel","vehicleModel":"Corsa","vehicleDerivative":"1.2 * TP Waters*","vehiclePriceEuro":6250,"vehicleYearOfManufacture":2007,"advertiserCounty":"Kildare","isPSL":true,"privatePSL":false,"vehicleImageId":"009a6856-4f37-4f24-83d9-50e443dc1e42","imagecount":7,"advertiserName":"T.P. Waters","isTrade":true},{"advertId":"31513583407666750","vehicleMake":"Opel","vehicleModel":"Corsa","vehicleDerivative":"SXI 1.2 16V 3DR 1.2I","vehiclePriceEuro":6250,"vehicleYearOfManufacture":2007,"advertiserCounty":"Cork","isPSL":false,"privatePSL":false,"vehicleImageId":"ababe07c-69bf-4046-9fca-579906b6bf30","imagecount":13,"advertiserName":"Blackrock Motor Company","isTrade":true},{"advertId":"34113624115165040","vehicleMake":"Opel","vehicleModel":"Corsa","vehicleDerivative":"SXI 1.2I 16V 5DR €6750 Retail or €6250 Straight Sale","vehiclePriceEuro":6250,"vehicleYearOfManufacture":2007,"advertiserCounty":"Louth","isPSL":false,"privatePSL":false,"vehicleImageId":"597ed941-3c5f-4f92-bfb4-95157af231b1","imagecount":1,"advertiserName":"McCabes (Toyota) Ardee","isTrade":true},{"advertId":"201249211320111","vehicleMake":"Opel","vehicleModel":"Corsa","vehicleDerivative":"CLUB 1.2I 16V 3DR","vehiclePriceEuro":6250,"vehicleYearOfManufacture":2007,"advertiserCounty":"Dublin","isPSL":true,"privatePSL":false,"vehicleImageId":"14194898","imagecount":6,"isTrade":false},{"advertId":"34213606910382670","vehicleMake":"Opel","vehicleModel":"Corsa","vehicleDerivative":"CLUB 1.2I 16V 5DR","vehiclePriceEuro":6200,"vehicleYearOfManufacture":2007,"advertiserCounty":"Offaly","isPSL":false,"privatePSL":false,"vehicleImageId":"e193ab4d-d138-4455-ba07-beeaa5d75cd8","imagecount":7,"advertiserName":"Lawton & Foley Motors","isTrade":true},{"advertId":"33213611870411670","vehicleMake":"Opel","vehicleModel":"Corsa","vehicleDerivative":"CLUB 1.2I 16V 5DR","vehiclePriceEuro":6000,"vehicleYearOfManufacture":2007,"advertiserCounty":"Galway","isPSL":false,"privatePSL":false,"vehicleImageId":"b4b07678-d906-4b5d-962a-1f671ceee1d4","imagecount":7,"advertiserName":"Tom Doyle Motors Ltd","isTrade":true},{"advertId":"33213618762290230","vehicleMake":"Opel","vehicleModel":"Corsa","vehicleDerivative":"SXI 1.2 16V 3DR 1.2I","vehiclePriceEuro":5995,"vehicleYearOfManufacture":2007,"advertiserCounty":"Dublin","isPSL":false,"privatePSL":false,"vehicleImageId":"8a1f2adb-cd0f-40c3-8020-9c4a67f12c3c","imagecount":12,"advertiserName":"Autosales R.C.","isTrade":true},{"advertId":"31113491966500440","vehicleMake":"Opel","vehicleModel":"Corsa","vehicleDerivative":"LIFE 1.0I 12V 5DR","vehiclePriceEuro":5950,"vehicleYearOfManufacture":2007,"advertiserCounty":"Tipperary","isPSL":false,"privatePSL":false,"vehicleImageId":"ff814fa7-7945-4a2d-81b7-df7525be76a5","imagecount":4,"advertiserName":"Con Cleary Auto Repairs & Car Sales","isTrade":true},{"advertId":"31913575711862650","vehicleMake":"Opel","vehicleModel":"Corsa","vehicleDerivative":"CLUB 1.2I 16V 5DR","vehiclePriceEuro":5950,"vehicleYearOfManufacture":2007,"advertiserCounty":"Dublin","isPSL":false,"privatePSL":false,"vehicleImageId":"a8a7fddc-5c9c-4400-8fc7-26e124d294e9","imagecount":18,"advertiserName":"Trade Price Cars","isTrade":true},{"advertId":"34413622451622560","vehicleMake":"Opel","vehicleModel":"Corsa","vehicleDerivative":"CLUB 1.2I 16V 3DR","vehiclePriceEuro":5950,"vehicleYearOfManufacture":2007,"advertiserCounty":"Dublin","isPSL":false,"privatePSL":false,"vehicleImageId":"7705a206-982e-4785-8f48-a67d97cbb9c8","imagecount":10,"advertiserName":"Grange Castle Motor Company","isTrade":true},{"advertId":"201247211120373","vehicleMake":"Opel","vehicleModel":"Corsa","vehicleDerivative":"SXI 1.2 16V 3DR 1.2I","vehiclePriceEuro":5950,"vehicleYearOfManufacture":2007,"advertiserCounty":"Cork","isPSL":true,"privatePSL":false,"vehicleImageId":"14163189","imagecount":3,"isTrade":false},{"advertId":"201245210905483","vehicleMake":"Opel","vehicleModel":"Corsa","vehicleDerivative":"1.2 i Life 12v 5d","vehiclePriceEuro":5950,"vehicleYearOfManufacture":2007,"advertiserCounty":"Meath","isPSL":true,"privatePSL":false,"vehicleImageId":"14122678","imagecount":5,"isTrade":false},{"advertId":"31513534292285550","vehicleMake":"Opel","vehicleModel":"Corsa","vehicleDerivative":"***SOLD***SXI 1.2 16V 3DR 1.2I","vehiclePriceEuro":5950,"vehicleYearOfManufacture":2007,"advertiserCounty":"Dublin","isPSL":false,"privatePSL":false,"vehicleImageId":"c0526b97-b28b-42cd-8edf-1a9aa20977bf","imagecount":9,"advertiserName":"Trade Price Cars","isTrade":true},{"advertId":"201302211892164","vehicleMake":"Opel","vehicleModel":"Corsa","vehicleDerivative":"SXI 1.2 16V 3DR","vehiclePriceEuro":5950,"vehicleYearOfManufacture":2007,"advertiserCounty":"Cork","isPSL":true,"privatePSL":false,"vehicleImageId":"14257933","imagecount":9,"isTrade":false},{"advertId":"201303211959992","vehicleMake":"Opel","vehicleModel":"Corsa","vehicleDerivative":"CLUB 1.2I 16V 3DR","vehiclePriceEuro":5750,"vehicleYearOfManufacture":2007,"advertiserCounty":"Cork","isPSL":true,"privatePSL":false,"vehicleImageId":"13906707","imagecount":5,"isTrade":false},{"advertId":"201306212296136","vehicleMake":"Opel","vehicleModel":"Corsa","vehiclePriceEuro":5750,"vehicleYearOfManufacture":2007,"advertiserCounty":"Kerry","isPSL":true,"privatePSL":false,"vehicleImageId":"13978110","imagecount":6,"isTrade":false},{"advertId":"413256711810090","vehicleMake":"Opel","vehicleModel":"Corsa","vehicleDerivative":"1.2 CLUB 3 DOOR *ALLOYS+FOGS* (NCT 04/2015)","vehiclePriceEuro":5700,"vehicleYearOfManufacture":2007,"advertiserCounty":"Galway","isPSL":false,"privatePSL":false,"imagecount":0,"advertiserName":"Oliver Geoghegan Car Sales","isTrade":true},{"advertId":"31913533461892530","vehicleMake":"Opel","vehicleModel":"Corsa","vehicleDerivative":"CLUB 1.2I 16V 5DR","vehiclePriceEuro":5650,"vehicleYearOfManufacture":2007,"advertiserCounty":"Waterford","isPSL":false,"privatePSL":false,"vehicleImageId":"e40c830a-32bb-4bbc-807d-d6280d37aaf1","imagecount":6,"advertiserName":"Pat McCarthy Car Sales Ltd","isTrade":true},{"advertId":"201247211100277","vehicleMake":"Opel","vehicleModel":"Corsa","vehiclePriceEuro":5600,"vehicleYearOfManufacture":2007,"advertiserCounty":"Limerick","isPSL":true,"privatePSL":false,"vehicleImageId":"14159470","imagecount":6,"isTrade":false},{"advertId":"201306212314267","vehicleMake":"Opel","vehicleModel":"Corsa","vehicleDerivative":"1.3 CDTI 16V 2DR","vehiclePriceEuro":5500,"vehicleYearOfManufacture":2007,"advertiserCounty":"Dublin","isPSL":true,"privatePSL":false,"vehicleImageId":"14320038","imagecount":9,"isTrade":false},{"advertId":"34113619803695150","vehicleMake":"Opel","vehicleModel":"Corsa","vehicleDerivative":"CLUB 1.2I 16V 3DR NEW NCT INCLUDED 03/2015","vehiclePriceEuro":5499,"vehicleYearOfManufacture":2007,"advertiserCounty":"Dublin","isPSL":false,"privatePSL":false,"vehicleImageId":"0e0d5b89-bd03-4047-90b7-861bcfcdc40a","imagecount":10,"advertiserName":"Carland Dublin","isTrade":true},{"advertId":"201247211058869","vehicleMake":"Opel","vehicleModel":"Corsa","vehicleDerivative":"CLUB 1.2I 16V 3DR","vehiclePriceEuro":5300,"vehicleYearOfManufacture":2007,"advertiserCounty":"Louth","isPSL":true,"privatePSL":false,"vehicleImageId":"11964757","imagecount":4,"isTrade":false},{"advertId":"201307212457149","vehicleMake":"Opel","vehicleModel":"Corsa","vehicleDerivative":"SXI 1.2I 16V 5DR","vehiclePriceEuro":5100,"vehicleYearOfManufacture":2007,"advertiserCounty":"Roscommon","isPSL":true,"privatePSL":false,"vehicleImageId":"13998181","imagecount":9,"isTrade":false},{"advertId":"201251211518272","vehicleMake":"Opel","vehicleModel":"Corsa","vehicleDerivative":"CLUB 1.2I 16V 3DR","vehiclePriceEuro":5000,"vehicleYearOfManufacture":2007,"advertiserCounty":"Cork","isPSL":true,"privatePSL":false,"vehicleImageId":"13847910","imagecount":4,"isTrade":false},{"advertId":"32013589614189440","vehicleMake":"Opel","vehicleModel":"Corsa","vehicleDerivative":"CLUB 1.0I 12V 5DR","vehiclePriceEuro":4999,"vehicleYearOfManufacture":2007,"advertiserCounty":"Cork","isPSL":false,"privatePSL":false,"vehicleImageId":"12a6f082-9081-49f0-9916-d0d6f0b1dc55","imagecount":9,"advertiserName":"Ollie Kierce Cars Ltd","isTrade":true},{"advertId":"33913599892070940","vehicleMake":"Opel","vehicleModel":"Corsa","vehicleDerivative":"CLUB 1.2NCT MARCH 2015","vehiclePriceEuro":4950,"vehicleYearOfManufacture":2007,"advertiserCounty":"Dublin","isPSL":true,"privatePSL":false,"vehicleImageId":"914160c5-6f02-4c14-bf56-6b882adb66f7","imagecount":11,"advertiserName":"Right Price Cars Airport","isTrade":true},{"advertId":"6413370054354420","vehicleMake":"Opel","vehicleModel":"Corsa","vehicleDerivative":"CLUB 1.2I 16V 3DR","vehiclePriceEuro":0,"vehicleYearOfManufacture":2007,"advertiserCounty":"Tipperary","isPSL":true,"privatePSL":false,"vehicleImageId":"7b8e7def-1db5-40a5-9f6b-8ab279b3a6fb","imagecount":12,"advertiserName":"Mordaunt Group","isTrade":true},{"advertId":"34113620656308360","vehicleMake":"Opel","vehicleModel":"Corsa","vehicleDerivative":"LIFE 1.0I 12V 5DR","vehiclePriceEuro":0,"vehicleYearOfManufacture":2007,"advertiserCounty":"Donegal","isPSL":false,"privatePSL":false,"vehicleImageId":"e89732b7-9833-4452-8d52-22fe24e76e0c","imagecount":14,"advertiserName":"Browne's Cars Group","isTrade":true},{"advertId":"32913607063917150","vehicleMake":"Opel","vehicleModel":"Corsa","vehicleDerivative":"1.0 CLUB 3DOOR","vehiclePriceEuro":5750,"vehicleYearOfManufacture":2006,"advertiserCounty":"Monaghan","isPSL":false,"privatePSL":false,"vehicleImageId":"ff8f2dc6-08f2-436f-a60f-e96c56d15368","imagecount":8,"advertiserName":"McChesney J and Sons Ltd","isTrade":true},{"advertId":"201245210905618","vehicleMake":"Opel","vehicleModel":"Corsa","vehicleDerivative":"CLUB 1.0I 12V 5DR","vehiclePriceEuro":5750,"vehicleYearOfManufacture":2006,"advertiserCounty":"Dublin","isPSL":true,"privatePSL":false,"vehicleImageId":"14123166","imagecount":4,"isTrade":false},{"advertId":"713243714776090","vehicleMake":"Opel","vehicleModel":"Corsa","vehicleDerivative":"CLUB 1.0I 12V 5DR","vehiclePriceEuro":5745,"vehicleYearOfManufacture":2006,"advertiserCounty":"Dublin","isPSL":false,"privatePSL":false,"vehicleImageId":"aa13236d-aad4-410b-beae-28a480f4730b","imagecount":9,"advertiserName":"Carroll & Kinsella Motors (Churchtown)","isTrade":true},{"advertId":"33213612099502380","vehicleMake":"Opel","vehicleModel":"Corsa","vehicleDerivative":"CLUB 1.2 16V 3DR","vehiclePriceEuro":5500,"vehicleYearOfManufacture":2006,"advertiserCounty":"Wexford","isPSL":false,"privatePSL":false,"imagecount":0,"advertiserName":"Ferrybank Motors","isTrade":true},{"advertId":"34113608902462670","vehicleMake":"Opel","vehicleModel":"Corsa","vehicleDerivative":"1.0 CLUB 5DR **LOW MILEAGE**","vehiclePriceEuro":5450,"vehicleYearOfManufacture":2006,"advertiserCounty":"Limerick","isPSL":false,"privatePSL":false,"vehicleImageId":"23f1c364-513e-4552-918d-d8cede4e5b76","imagecount":6,"advertiserName":"Pat Tiernan Motors (Nissan)","isTrade":true},{"advertId":"201309212722890","vehicleMake":"Opel","vehicleModel":"Corsa","vehicleDerivative":"1.2 Club 4 Door","vehiclePriceEuro":5000,"vehicleYearOfManufacture":2006,"advertiserCounty":"Dublin","isPSL":true,"privatePSL":false,"imagecount":0,"isTrade":false},{"advertId":"33213617970092140","vehicleMake":"Opel","vehicleModel":"Corsa","vehicleDerivative":"LIFE Z1.2XE 5DR","vehiclePriceEuro":5000,"vehicleYearOfManufacture":2006,"advertiserCounty":"Cavan","isPSL":false,"privatePSL":false,"vehicleImageId":"7c7a857c-aa0d-4fbd-851f-3d042648e804","imagecount":4,"advertiserName":"Bradys Cavan","isTrade":true}],"totalAdvertCount":45174}