{"adverts":[{"advertId":"31413579076727950","vehicleMake":"Mercedes-Benz","vehicleModel":"C-Class","vehicleDerivative":"C 200 CDI BLUE EFFIC SERIES 4DR","vehiclePriceEuro":33945,"vehicleYearOfManufacture":2012,"advertiserCounty":"Westmeath","isPSL":true,"privatePSL":false,"vehicleImageId":"52a34e35-3d33-4bb6-93c6-b0793d3e714f","imagecount":13,"advertiserName":"Michael Moore Athlone","isTrade":true},{"advertId":"32013575547669210","vehicleMake":"Mercedes-Benz","vehicleModel":"C-Class","vehicleDerivative":"200 CDI Classic 136 BHP ( €270 Road Tax )","vehiclePriceEuro":33850,"vehicleYearOfManufacture":2012,"advertiserCounty":"Cork","isPSL":true,"privatePSL":false,"vehicleImageId":"fea8893e-982c-47b6-b867-1d70e51afb16","imagecount":13,"advertiserName":"MSL Cork (located @ EastGate)","isTrade":true},{"advertId":"31413578085014840","vehicleMake":"Mercedes-Benz","vehicleModel":"C-Class","vehicleDerivative":"*SAT NAV*CDI BLUE EFFICIENCY 4DR *Tax03/13*","vehiclePriceEuro":33750,"vehicleYearOfManufacture":2012,"advertiserCounty":"Dublin","isPSL":true,"privatePSL":false,"vehicleImageId":"572894e2-b079-4970-933c-bef4f61bbef3","imagecount":14,"advertiserName":"Faichney Ringwood (Spirit Premium)","isTrade":true},{"advertId":"34113621537724480","vehicleMake":"Mercedes-Benz","vehicleModel":"C-Class","vehicleDerivative":"200 CDI BLUE EFFICIENCY ONLY 3K","vehiclePriceEuro":33500,"vehicleYearOfManufacture":2012,"advertiserCounty":"Dublin","isPSL":false,"privatePSL":false,"vehicleImageId":"9c1cf3be-946a-4660-85ce-27219771672f","imagecount":8,"advertiserName":"Mark Walsh Motors","isTrade":true},{"advertId":"31113588562255070","vehicleMake":"Mercedes-Benz","vehicleModel":"C-Class","vehicleDerivative":"200 C200CDI BLUE EFFICIENCY","vehiclePriceEuro":32950,"vehicleYearOfManufacture":2012,"advertiserCounty":"Meath","isPSL":false,"privatePSL":false,"vehicleImageId":"751c126b-29a5-44fb-9110-fc0f9f1e9fc4","imagecount":10,"advertiserName":"Newgate Motor Company Ltd.","isTrade":true},{"advertId":"31913522836658060","vehicleMake":"Mercedes-Benz","vehicleModel":"C-Class","vehicleDerivative":"C200 Cdi SE","vehiclePriceEuro":32495,"vehicleYearOfManufacture":2012,"advertiserCounty":"Dublin","isPSL":true,"privatePSL":false,"vehicleImageId":"0327f397-a104-4a16-86df-8cb54674e721","imagecount":1,"advertiserName":"Grange Motors (MSL)","isTrade":true},{"advertId":"32713588541799190","vehicleMake":"Mercedes-Benz","vehicleModel":"C-Class","vehicleDerivative":"200 BLUE EFFICIENCY","vehiclePriceEuro":31950,"vehicleYearOfManufacture":2012,"advertiserCounty":"Meath","isPSL":false,"privatePSL":false,"vehicleImageId":"7f9a229b-bd31-4df2-8ce7-0ed2581a5275","imagecount":9,"advertiserName":"Newgate Motor Company Ltd.","isTrade":true},{"advertId":"33213596202741290","vehicleMake":"Mercedes-Benz","vehicleModel":"C-Class","vehicleDerivative":"C200 CDI A/T Estate (Blue Efficiency)","vehiclePriceEuro":36950,"vehicleYearOfManufacture":2011,"advertiserCounty":"Kildare","isPSL":false,"privatePSL":false,"vehicleImageId":"e1e80dd2-5dc8-4bf4-bf78-501c1d791502","imagecount":7,"advertiserName":"Sheehy Motors Naas","isTrade":true},{"advertId":"32913611791425440","vehicleMake":"Mercedes-Benz","vehicleModel":"C-Class","vehicleDerivative":"C220 CDI ELEGANCE","vehiclePriceEuro":35995,"vehicleYearOfManufacture":2011,"advertiserCounty":"Dublin","isPSL":false,"privatePSL":false,"imagecount":0,"advertiserName":"James Hennessy Motors Ltd","isTrade":true},{"advertId":"31513526650176590","vehicleMake":"Mercedes-Benz","vehicleModel":"C-Class","vehicleDerivative":"C200 CDI ELEGANCE BLUE EFFICIANCY (2012 MODEL YEAR)","vehiclePriceEuro":34995,"vehicleYearOfManufacture":2011,"advertiserCounty":"Dublin","isPSL":false,"privatePSL":false,"vehicleImageId":"008c8797-1b26-40f1-9639-4a4a198e70c8","imagecount":15,"advertiserName":"Sutton Cars","isTrade":true},{"advertId":"201309212673929","vehicleMake":"Mercedes-Benz","vehicleModel":"C-Class","vehicleDerivative":"C220 CDI Elegance Stop Start 2012 Model","vehiclePriceEuro":34950,"vehicleYearOfManufacture":2011,"advertiserCounty":"Dublin","isPSL":true,"privatePSL":false,"vehicleImageId":"14374191","imagecount":8,"isTrade":false},{"advertId":"31913518507428000","vehicleMake":"Mercedes-Benz","vehicleModel":"C-Class","vehicleDerivative":"C 200 CDI AVANT BLUE EFFIC 4DR","vehiclePriceEuro":34950,"vehicleYearOfManufacture":2011,"advertiserCounty":"Carlow","isPSL":false,"privatePSL":false,"vehicleImageId":"c0588dd8-53de-47fc-b120-a0884065d89e","imagecount":9,"advertiserName":"Sheehy Motors Carlow","isTrade":true},{"advertId":"31813592116064290","vehicleMake":"Mercedes-Benz","vehicleModel":"C-Class","vehicleDerivative":"200 CDi Sport","vehiclePriceEuro":34500,"vehicleYearOfManufacture":2011,"advertiserCounty":"Dublin","isPSL":false,"privatePSL":false,"vehicleImageId":"3afdea8a-6f1a-4506-b4bf-233b3f776467","imagecount":1,"advertiserName":"Alan Dorgan Motors","isTrade":true},{"advertId":"33213605869048100","vehicleMake":"Mercedes-Benz","vehicleModel":"C-Class","vehicleDerivative":"200 C SERIESDI ELEGANC SERIESE BLUE EFFIC SERIES 4DR","vehiclePriceEuro":33950,"vehicleYearOfManufacture":2011,"advertiserCounty":"Waterford","isPSL":false,"privatePSL":false,"vehicleImageId":"688b4b04-d373-4d94-936c-06fe457eefdf","imagecount":8,"advertiserName":"Tom Murphy (Car Sales) Ltd.","isTrade":true},{"advertId":"29713455495868170","vehicleMake":"Mercedes-Benz","vehicleModel":"C-Class","vehicleDerivative":"C 220 C SERIES-D-AMG-SPORT  4DR","vehiclePriceEuro":33950,"vehicleYearOfManufacture":2011,"advertiserCounty":"Cork","isPSL":false,"privatePSL":false,"vehicleImageId":"657a1aa8-1862-4ae5-a374-d56cf3d5586f","imagecount":20,"advertiserName":"Dan Seaman Motors (Hyundai & Mitsubishi)","isTrade":true},{"advertId":"33213607484715540","vehicleMake":"Mercedes-Benz","vehicleModel":"C-Class","vehicleDerivative":"C 200 CDI Avantgarde Auto","vehiclePriceEuro":32950,"vehicleYearOfManufacture":2011,"advertiserCounty":"Dublin","isPSL":true,"privatePSL":false,"vehicleImageId":"b767718d-fb95-4705-91c2-3890249a47b2","imagecount":15,"advertiserName":"Ballsbridge Motors Mercedes (MSL)","isTrade":true},{"advertId":"30813538466631010","vehicleMake":"Mercedes-Benz","vehicleModel":"C-Class","vehicleDerivative":"C 200 cdi avantgarde eco","vehiclePriceEuro":32750,"vehicleYearOfManufacture":2011,"advertiserCounty":"Dublin","isPSL":true,"privatePSL":false,"vehicleImageId":"898f8e3a-b354-48e2-930d-e222d89e50c8","imagecount":10,"advertiserName":"Denis Mahony Mercedes Benz (M50)","isTrade":true},{"advertId":"33213599992811850","vehicleMake":"Mercedes-Benz","vehicleModel":"C-Class","vehicleDerivative":"200 CDI AUTO AVANTGARDE","vehiclePriceEuro":31995,"vehicleYearOfManufacture":2011,"advertiserCounty":"Dublin","isPSL":true,"privatePSL":false,"vehicleImageId":"fb8a7dcd-a423-46d6-932b-a0ee2a83f017","imagecount":9,"advertiserName":"Park Motors Mercedes (MSL)","isTrade":true},{"advertId":"31113548985202110","vehicleMake":"Mercedes-Benz","vehicleModel":"C-Class","vehicleDerivative":"Blueffiency ","vehiclePriceEuro":29950,"vehicleYearOfManufacture":2011,"advertiserCounty":"Dublin","isPSL":false,"privatePSL":false,"vehicleImageId":"ad4234ca-17e0-4c5e-8727-0342bf675725","imagecount":13,"advertiserName":"Autocity","isTrade":true},{"advertId":"29613482306299970","vehicleMake":"Mercedes-Benz","vehicleModel":"C-Class","vehicleDerivative":"C 200 C SERIES BLUE DRIVE  EDITION","vehiclePriceEuro":29500,"vehicleYearOfManufacture":2011,"advertiserCounty":"Cork","isPSL":false,"privatePSL":false,"vehicleImageId":"52ddb028-173f-4d97-86b2-57dcd28b4de1","imagecount":20,"advertiserName":"Dan Seaman Motors (Hyundai & Mitsubishi)","isTrade":true},{"advertId":"1413276015311360","vehicleMake":"Mercedes-Benz","vehicleModel":"C-Class","vehicleDerivative":"C220 CDI ELEGANCE BE ","vehiclePriceEuro":29450,"vehicleYearOfManufacture":2011,"advertiserCounty":"Dublin","isPSL":true,"privatePSL":false,"vehicleImageId":"9021394f-6eae-4fa4-aef6-ba5e7e8ce516","imagecount":6,"advertiserName":"Denis Mahony Mercedes Benz (M50)","isTrade":true},{"advertId":"33413620590042160","vehicleMake":"Mercedes-Benz","vehicleModel":"C-Class","vehicleDerivative":"C200 SERIES BLUE EFFIC","vehiclePriceEuro":28995,"vehicleYearOfManufacture":2011,"advertiserCounty":"Westmeath","isPSL":true,"privatePSL":false,"vehicleImageId":"90b9090e-4c13-40d6-8e41-c9453a8ffc5d","imagecount":9,"advertiserName":"Colm Quinn Cars","isTrade":true},{"advertId":"31513573036058290","vehicleMake":"Mercedes-Benz","vehicleModel":"C-Class","vehicleDerivative":"C200 CDI **NEW SPEC**","vehiclePriceEuro":28945,"vehicleYearOfManufacture":2011,"advertiserCounty":"Westmeath","isPSL":true,"privatePSL":false,"vehicleImageId":"4f8fd60b-8a73-4f3f-b120-dd987ce0b885","imagecount":9,"advertiserName":"Michael Moore Athlone","isTrade":true},{"advertId":"34013620577596270","vehicleMake":"Mercedes-Benz","vehicleModel":"C-Class","vehicleDerivative":"C200 CDI Classic","vehiclePriceEuro":27950,"vehicleYearOfManufacture":2011,"advertiserCounty":"Laois","isPSL":false,"privatePSL":false,"vehicleImageId":"2abad881-ffd2-411b-8926-b0c6c2cb07bf","imagecount":11,"advertiserName":"Michael Moore Portarlington","isTrade":true},{"advertId":"32713591207272530","vehicleMake":"Mercedes-Benz","vehicleModel":"C-Class","vehicleDerivative":"C200  CDI BLUE EFFIC  AUTO","vehiclePriceEuro":27945,"vehicleYearOfManufacture":2011,"advertiserCounty":"Westmeath","isPSL":true,"privatePSL":false,"vehicleImageId":"e8109d30-c889-49a7-83cf-40f3c8825829","imagecount":9,"advertiserName":"Michael Moore Athlone","isTrade":true},{"advertId":"31413573217603780","vehicleMake":"Mercedes-Benz","vehicleModel":"C-Class","vehicleDerivative":"**SOLD**","vehiclePriceEuro":26950,"vehicleYearOfManufacture":2011,"advertiserCounty":"Westmeath","isPSL":true,"privatePSL":false,"vehicleImageId":"a66f809a-eadd-42c8-b809-1a85c14cb047","imagecount":13,"advertiserName":"Michael Moore Athlone","isTrade":true},{"advertId":"33413623949876100","vehicleMake":"Mercedes-Benz","vehicleModel":"C-Class","vehicleDerivative":"200 C SERIESDI AVANT SPORT B BLUE 4DR","vehiclePriceEuro":0,"vehicleYearOfManufacture":2011,"advertiserCounty":"Dublin","isPSL":false,"privatePSL":false,"vehicleImageId":"4daf793d-bd48-4c2b-83bb-777bb5dc59a1","imagecount":5,"advertiserName":"Dublin City Auctions","isTrade":true},{"advertId":"32713597263588650","vehicleMake":"Mercedes-Benz","vehicleModel":"C-Class","vehicleDerivative":"C200 2.1 CDI BLUEEFFICIENCY SE","vehiclePriceEuro":0,"vehicleYearOfManufacture":2011,"advertiserCounty":"Kerry","isPSL":false,"privatePSL":false,"vehicleImageId":"ba754887-ad40-4260-8a59-4bf8746bdbdf","imagecount":10,"advertiserName":"Listowel Autos Ltd","isTrade":true},{"advertId":"34313619830166960","vehicleMake":"Mercedes-Benz","vehicleModel":"C-Class","vehicleDerivative":"C63 AMG 4DR AUTO FULLY LOADED!!! ***SUNROOF, FULL LEATHER HEATED SEATS, XENONS, HARMON KARDON, SATNAV, DVD, CD, PARK SENSORS, BLUETOOTH***","vehiclePriceEuro":49950,"vehicleYearOfManufacture":2010,"advertiserCounty":"Dublin","isPSL":true,"privatePSL":false,"vehicleImageId":"27405abb-1768-455d-ba7b-3a66e02425e0","imagecount":11,"advertiserName":"Cameron Car Sales","isTrade":true},{"advertId":"201243210671694","vehicleMake":"Mercedes-Benz","vehicleModel":"C-Class","vehicleDerivative":"200 CDI AVANTGARDE 4D 4DR","vehiclePriceEuro":34420,"vehicleYearOfManufacture":2010,"advertiserCounty":"Westmeath","isPSL":true,"privatePSL":false,"vehicleImageId":"14078099","imagecount":1,"isTrade":false},{"advertId":"201306212356338","vehicleMake":"Mercedes-Benz","vehicleModel":"C-Class","vehicleDerivative":"C 250 CDI B/E Sport","vehiclePriceEuro":33495,"vehicleYearOfManufacture":2010,"advertiserCounty":"Monaghan","isPSL":true,"privatePSL":false,"vehicleImageId":"14329499","imagecount":9,"isTrade":false},{"advertId":"201242210555012","vehicleMake":"Mercedes-Benz","vehicleModel":"C-Class","vehicleDerivative":"C SERIES C220 CDI SPORT","vehiclePriceEuro":32995,"vehicleYearOfManufacture":2010,"advertiserCounty":"Monaghan","isPSL":true,"privatePSL":false,"vehicleImageId":"12571210","imagecount":3,"isTrade":false},{"advertId":"31913591294760680","vehicleMake":"Mercedes-Benz","vehicleModel":"C-Class","vehicleDerivative":"C 200 CDI Auto Avantgarde AMG Sport","vehiclePriceEuro":29950,"vehicleYearOfManufacture":2010,"advertiserCounty":"Dublin","isPSL":true,"privatePSL":false,"vehicleImageId":"6432c696-cbdc-48fc-8d35-5940c3000139","imagecount":15,"advertiserName":"Ballsbridge Motors Mercedes (MSL)","isTrade":true},{"advertId":"34413620457108230","vehicleMake":"Mercedes-Benz","vehicleModel":"C-Class","vehicleDerivative":"C200 CDI Avantgarde  BE","vehiclePriceEuro":29950,"vehicleYearOfManufacture":2010,"advertiserCounty":"Kildare","isPSL":false,"privatePSL":false,"imagecount":0,"advertiserName":"Sheehy Motors Naas","isTrade":true},{"advertId":"33913620426341850","vehicleMake":"Mercedes-Benz","vehicleModel":"C-Class","vehicleDerivative":"220 Cdi, A/T --SAT NAV--","vehiclePriceEuro":29450,"vehicleYearOfManufacture":2010,"advertiserCounty":"Dublin","isPSL":true,"privatePSL":false,"vehicleImageId":"1366d015-9f1e-41af-b683-6ce17a8c0c16","imagecount":1,"advertiserName":"Bradys Mercedes-Benz (Dublin) Ltd","isTrade":true},{"advertId":"33413601586094020","vehicleMake":"Mercedes-Benz","vehicleModel":"C-Class","vehicleDerivative":"C200CDI AUTO AVANTGARDE SPORT PACK AMG","vehiclePriceEuro":28995,"vehicleYearOfManufacture":2010,"advertiserCounty":"Cavan","isPSL":false,"privatePSL":false,"vehicleImageId":"14515855-aba8-4181-a129-dc6fac450cf1","imagecount":19,"advertiserName":"Gilmores Kingscourt Limited","isTrade":true},{"advertId":"33213624020186200","vehicleMake":"Mercedes-Benz","vehicleModel":"C-Class","vehicleDerivative":"C20CDI AVANT BLUE EFFIC SERIES 4DR","vehiclePriceEuro":28950,"vehicleYearOfManufacture":2010,"advertiserCounty":"Westmeath","isPSL":true,"privatePSL":false,"imagecount":0,"advertiserName":"Michael Moore Athlone","isTrade":true},{"advertId":"201306212341210","vehicleMake":"Mercedes-Benz","vehicleModel":"C-Class","vehicleDerivative":"C 200 CDI ELEGANCE BLUE EFFICIENCY","vehiclePriceEuro":28950,"vehicleYearOfManufacture":2010,"advertiserCounty":"Dublin","isPSL":true,"privatePSL":false,"vehicleImageId":"13984653","imagecount":9,"isTrade":false},{"advertId":"34413618993161570","vehicleMake":"Mercedes-Benz","vehicleModel":"C-Class","vehicleDerivative":"200 Cdi, A/T --SAT NAV--","vehiclePriceEuro":28450,"vehicleYearOfManufacture":2010,"advertiserCounty":"Dublin","isPSL":true,"privatePSL":false,"vehicleImageId":"fc1eba25-1ff2-4481-8ef0-a1f89a7552d0","imagecount":2,"advertiserName":"Bradys Mercedes-Benz (Dublin) Ltd","isTrade":true},{"advertId":"201302211823807","vehicleMake":"Mercedes-Benz","vehicleModel":"C-Class","vehicleDerivative":"200 C SERIESDI AVANT BLUE EFFIC SERIES 4DR","vehiclePriceEuro":28000,"vehicleYearOfManufacture":2010,"advertiserCounty":"Cavan","isPSL":true,"privatePSL":false,"vehicleImageId":"14213954","imagecount":7,"isTrade":false},{"advertId":"29113434843863340","vehicleMake":"Mercedes-Benz","vehicleModel":"C-Class","vehicleDerivative":"C SERIES220 C SERIESDI BE ELEGANC SERIESE 4DR AUTO AU","vehiclePriceEuro":27995,"vehicleYearOfManufacture":2010,"advertiserCounty":"Cork","isPSL":false,"privatePSL":false,"vehicleImageId":"74e1bdbd-7144-4b4b-ba12-5071d36feb8f","imagecount":13,"advertiserName":"Clarke Bros (Bandon)","isTrade":true},{"advertId":"33913619578886970","vehicleMake":"Mercedes-Benz","vehicleModel":"C-Class","vehicleDerivative":"C200 BlueEffieciency Executive SE","vehiclePriceEuro":27950,"vehicleYearOfManufacture":2010,"advertiserCounty":"Cork","isPSL":true,"privatePSL":false,"vehicleImageId":"cea79cb4-eddd-4e52-968b-4c58874773ba","imagecount":20,"advertiserName":"Cashman Car Sales","isTrade":true},{"advertId":"32913599988491590","vehicleMake":"Mercedes-Benz","vehicleModel":"C-Class","vehicleDerivative":"200 CDI AUTO CLASSIC","vehiclePriceEuro":27495,"vehicleYearOfManufacture":2010,"advertiserCounty":"Dublin","isPSL":true,"privatePSL":false,"vehicleImageId":"1c600d3a-1015-49ef-8944-34ac5d81fcf5","imagecount":9,"advertiserName":"Park Motors Mercedes (MSL)","isTrade":true},{"advertId":"201247211059387","vehicleMake":"Mercedes-Benz","vehicleModel":"C-Class","vehicleDerivative":"200 CDI AVANTGARDE 4D 4DR","vehiclePriceEuro":27000,"vehicleYearOfManufacture":2010,"advertiserCounty":"Meath","isPSL":true,"privatePSL":false,"vehicleImageId":"13755364","imagecount":1,"isTrade":false},{"advertId":"32013588744899370","vehicleMake":"Mercedes-Benz","vehicleModel":"C-Class","vehicleDerivative":"C 220 CDI BLUE EFFICIENCY SPORT..WWW.SARSFIELDMOTORS.IE..FINANCE ARRANGED..","vehiclePriceEuro":26950,"vehicleYearOfManufacture":2010,"advertiserCounty":"Dublin","isPSL":true,"privatePSL":false,"vehicleImageId":"dae14920-ff18-4457-8f97-5305cc5e695c","imagecount":17,"advertiserName":"Sarsfield Motor Company S.C.R. Kilmainham","isTrade":true},{"advertId":"31913575532663820","vehicleMake":"Mercedes-Benz","vehicleModel":"C-Class","vehicleDerivative":"200 CDI CLASSIC ( €270 Road Tax )","vehiclePriceEuro":26950,"vehicleYearOfManufacture":2010,"advertiserCounty":"Cork","isPSL":true,"privatePSL":false,"vehicleImageId":"75c5664a-1093-46cc-9529-72a221152248","imagecount":13,"advertiserName":"MSL Cork (located @ EastGate)","isTrade":true},{"advertId":"33213602635418600","vehicleMake":"Mercedes-Benz","vehicleModel":"C-Class","vehicleDerivative":"CDI 4DR","vehiclePriceEuro":26950,"vehicleYearOfManufacture":2010,"advertiserCounty":"Carlow","isPSL":false,"privatePSL":false,"imagecount":0,"advertiserName":"Sheehy Motors Carlow","isTrade":true},{"advertId":"34213617935216620","vehicleMake":"Mercedes-Benz","vehicleModel":"C-Class","vehicleDerivative":"200 CDI A/T Elegance","vehiclePriceEuro":26500,"vehicleYearOfManufacture":2010,"advertiserCounty":"Limerick","isPSL":true,"privatePSL":false,"vehicleImageId":"04a2f8e1-46bf-446a-aa31-1d44b013cf98","imagecount":8,"advertiserName":"Frank Hogan Ltd.","isTrade":true},{"advertId":"33213611993906460","vehicleMake":"Mercedes-Benz","vehicleModel":"C-Class","vehicleDerivative":"200 C SERIES AVANT 4DR","vehiclePriceEuro":26500,"vehicleYearOfManufacture":2010,"advertiserCounty":"Limerick","isPSL":false,"privatePSL":false,"vehicleImageId":"a24382b3-a9b7-44ae-ab8a-03b9d7a460e3","imagecount":5,"advertiserName":"Lyons of Limerick Volvo","isTrade":true},{"advertId":"33913619700285590","vehicleMake":"Mercedes-Benz","vehicleModel":"C-Class","vehicleDerivative":"C200 CDI BLUE EFFIC SERIES 4DR AUTO","vehiclePriceEuro":26500,"vehicleYearOfManufacture":2010,"advertiserCounty":"Westmeath","isPSL":true,"privatePSL":false,"imagecount":0,"advertiserName":"Michael Moore Athlone","isTrade":true},{"advertId":"34213608286916320","vehicleMake":"Mercedes-Benz","vehicleModel":"C-Class","vehicleDerivative":"C220 CDI BE Estate Elegance","vehiclePriceEuro":25950,"vehicleYearOfManufacture":2010,"advertiserCounty":"Cork","isPSL":true,"privatePSL":false,"vehicleImageId":"c5aefa5c-f16c-47ba-ba0e-2e9f0a1294cc","imagecount":15,"advertiserName":"MSL Cork (located @ EastGate)","isTrade":true},{"advertId":"201307212433016","vehicleMake":"Mercedes-Benz","vehicleModel":"C-Class","vehicleDerivative":"c220 cdi elegance 4DR AUTO","vehiclePriceEuro":25950,"vehicleYearOfManufacture":2010,"advertiserCounty":"Dublin","isPSL":true,"privatePSL":false,"vehicleImageId":"14341387","imagecount":7,"isTrade":false},{"advertId":"32713597451784750","vehicleMake":"Mercedes-Benz","vehicleModel":"C-Class","vehicleDerivative":"4 Door","vehiclePriceEuro":24450,"vehicleYearOfManufacture":2010,"advertiserCounty":"Kilkenny","isPSL":false,"privatePSL":false,"vehicleImageId":"9714c28f-9541-4c2b-93ac-92762e31e706","imagecount":9,"advertiserName":"Laharts Skoda","isTrade":true},{"advertId":"31113588628527570","vehicleMake":"Mercedes-Benz","vehicleModel":"C-Class","vehicleDerivative":"200 C SERIESDI BLUE EFFIC SERIES 4DR AUTO","vehiclePriceEuro":24445,"vehicleYearOfManufacture":2010,"advertiserCounty":"Sligo","isPSL":false,"privatePSL":false,"vehicleImageId":"5a3d579e-59b7-44f3-aec4-2f9e130770e9","imagecount":8,"advertiserName":"Martin Reilly","isTrade":true},{"advertId":"30613479088997650","vehicleMake":"Mercedes-Benz","vehicleModel":"C-Class","vehicleDerivative":"C200 AVANTGARDE ","vehiclePriceEuro":23995,"vehicleYearOfManufacture":2010,"advertiserCounty":"Dublin","isPSL":false,"privatePSL":false,"vehicleImageId":"674dc1ef-0f70-4849-9b6a-e3c5a26063b8","imagecount":11,"advertiserName":"James Hennessy Motors Ltd","isTrade":true},{"advertId":"31713584468975110","vehicleMake":"Mercedes-Benz","vehicleModel":"C-Class","vehicleDerivative":"C200 CDi Classic","vehiclePriceEuro":23950,"vehicleYearOfManufacture":2010,"advertiserCounty":"Dublin","isPSL":false,"privatePSL":false,"vehicleImageId":"1fe96a86-356f-4cf1-b1e6-d2c5c3df27fc","imagecount":5,"advertiserName":"Des D'Arcy Motors Ltd.","isTrade":true},{"advertId":"34213609239225850","vehicleMake":"Mercedes-Benz","vehicleModel":"C-Class","vehicleDerivative":"C200 CDI MANUAL","vehiclePriceEuro":23945,"vehicleYearOfManufacture":2010,"advertiserCounty":"Westmeath","isPSL":true,"privatePSL":false,"imagecount":0,"advertiserName":"Michael Moore Athlone","isTrade":true},{"advertId":"30813506470615270","vehicleMake":"Mercedes-Benz","vehicleModel":"C-Class","vehicleDerivative":"Diesel","vehiclePriceEuro":23500,"vehicleYearOfManufacture":2010,"advertiserCounty":"Offaly","isPSL":false,"privatePSL":false,"vehicleImageId":"b3e170ab-6236-42ee-8d6b-2a66cef653ec","imagecount":3,"advertiserName":"Clara Road Car Sales","isTrade":true},{"advertId":"31413521180122680","vehicleMake":"Mercedes-Benz","vehicleModel":"C-Class","vehicleDerivative":"C SERIESDI","vehiclePriceEuro":23450,"vehicleYearOfManufacture":2010,"advertiserCounty":"Dublin","isPSL":false,"privatePSL":false,"vehicleImageId":"94c93e5d-4b42-4f97-b428-fbc4d6c17be5","imagecount":9,"advertiserName":"G Kavanagh Car Sales","isTrade":true},{"advertId":"33213623975502870","vehicleMake":"Mercedes-Benz","vehicleModel":"C-Class","vehicleDerivative":"200 Cdi --SPORTS APCK--","vehiclePriceEuro":22950,"vehicleYearOfManufacture":2010,"advertiserCounty":"Dublin","isPSL":true,"privatePSL":false,"vehicleImageId":"799402c5-f580-469f-bfc2-3c4dc84fae1c","imagecount":1,"advertiserName":"Bradys Mercedes-Benz (Dublin) Ltd","isTrade":true},{"advertId":"34013619872032350","vehicleMake":"Mercedes-Benz","vehicleModel":"C-Class","vehicleDerivative":"C 250 BLUE EFFICIENCY SE CDI..","vehiclePriceEuro":20950,"vehicleYearOfManufacture":2010,"advertiserCounty":"Dublin","isPSL":true,"privatePSL":false,"vehicleImageId":"c2386b8f-2639-49c3-9897-e7f3d66eedcd","imagecount":1,"advertiserName":"Sarsfield Motor Company S.C.R. Kilmainham","isTrade":true},{"advertId":"34013615315560600","vehicleMake":"Mercedes-Benz","vehicleModel":"C-Class","vehicleDerivative":"SOLD !! 220 D, Blue Efficiency, Low Road Tax, Leather","vehiclePriceEuro":0,"vehicleYearOfManufacture":2010,"advertiserCounty":"Dublin","isPSL":true,"privatePSL":false,"vehicleImageId":"b1a4b382-f801-4901-a6a4-92e5baff2fd5","imagecount":13,"advertiserName":"Petersons","isTrade":true},{"advertId":"33213619698013660","vehicleMake":"Mercedes-Benz","vehicleModel":"C-Class","vehicleDerivative":"C220CDI ELEGANCE LEATHER SAT NAV PARKTRONIC","vehiclePriceEuro":0,"vehicleYearOfManufacture":2010,"advertiserCounty":"Cavan","isPSL":false,"privatePSL":false,"vehicleImageId":"14b17207-f88c-4014-a647-7be38092e783","imagecount":16,"advertiserName":"Gilmores Kingscourt Limited","isTrade":true},{"advertId":"201243210671886","vehicleMake":"Mercedes-Benz","vehicleModel":"C-Class","vehicleDerivative":"200 CDI ELEGANCE","vehiclePriceEuro":28750,"vehicleYearOfManufacture":2009,"advertiserCounty":"Galway","isPSL":true,"privatePSL":false,"vehicleImageId":"14078876","imagecount":1,"isTrade":false},{"advertId":"201242210554855","vehicleMake":"Mercedes-Benz","vehicleModel":"C-Class","vehicleDerivative":"C220 CDI","vehiclePriceEuro":27250,"vehicleYearOfManufacture":2009,"advertiserCounty":"Mayo","isPSL":true,"privatePSL":false,"vehicleImageId":"12409844","imagecount":3,"isTrade":false},{"advertId":"31113518507435090","vehicleMake":"Mercedes-Benz","vehicleModel":"C-Class","vehicleDerivative":"C 200 CDI A/T AVANTGARDE ESTATE","vehiclePriceEuro":26950,"vehicleYearOfManufacture":2009,"advertiserCounty":"Carlow","isPSL":false,"privatePSL":false,"vehicleImageId":"cbfe7091-263f-411d-a37a-a766609e7f9a","imagecount":9,"advertiserName":"Sheehy Motors Carlow","isTrade":true},{"advertId":"34313620430219610","vehicleMake":"Mercedes-Benz","vehicleModel":"C-Class","vehicleDerivative":"220 Cdi, A/T, Elegance Pack","vehiclePriceEuro":25950,"vehicleYearOfManufacture":2009,"advertiserCounty":"Dublin","isPSL":true,"privatePSL":false,"vehicleImageId":"8ed8828d-a26c-43ac-ad40-ce4f79c707d3","imagecount":2,"advertiserName":"Bradys Mercedes-Benz (Dublin) Ltd","isTrade":true},{"advertId":"33413620434076690","vehicleMake":"Mercedes-Benz","vehicleModel":"C-Class","vehicleDerivative":"250 Cdi, A/T --SAT NAV--","vehiclePriceEuro":25950,"vehicleYearOfManufacture":2009,"advertiserCounty":"Dublin","isPSL":true,"privatePSL":false,"vehicleImageId":"0243a00b-2411-4a85-b449-3a8bd8e298b9","imagecount":2,"advertiserName":"Bradys Mercedes-Benz (Dublin) Ltd","isTrade":true},{"advertId":"201304212137383","vehicleMake":"Mercedes-Benz","vehicleModel":"C-Class","vehicleDerivative":"200 CDI ELEGANCE A/T 4DR AUTO","vehiclePriceEuro":25000,"vehicleYearOfManufacture":2009,"advertiserCounty":"Leitrim","isPSL":true,"privatePSL":false,"vehicleImageId":"14290039","imagecount":7,"isTrade":false},{"advertId":"201304212115187","vehicleMake":"Mercedes-Benz","vehicleModel":"C-Class","vehicleDerivative":"180 K AVANTGARDE A/T 4DR AUTO","vehiclePriceEuro":24500,"vehicleYearOfManufacture":2009,"advertiserCounty":"Cork","isPSL":true,"privatePSL":false,"vehicleImageId":"14286482","imagecount":5,"isTrade":false},{"advertId":"6613373295301070","vehicleMake":"Mercedes-Benz","vehicleModel":"C-Class","vehicleDerivative":"200 CDI AVANTGARDE","vehiclePriceEuro":24495,"vehicleYearOfManufacture":2009,"advertiserCounty":"Limerick","isPSL":false,"privatePSL":false,"vehicleImageId":"e5e5ff2b-cd4f-4eaa-8d55-f3044a88f44c","imagecount":6,"advertiserName":"N. Conlan & Sons Limerick","isTrade":true},{"advertId":"33413606722137740","vehicleMake":"Mercedes-Benz","vehicleModel":"C-Class","vehicleDerivative":"C 180 auto ELEGANCE","vehiclePriceEuro":23950,"vehicleYearOfManufacture":2009,"advertiserCounty":"Dublin","isPSL":true,"privatePSL":false,"vehicleImageId":"ae0c55d8-5afa-4c42-897a-f7d60b76d8a9","imagecount":10,"advertiserName":"Denis Mahony Mercedes Benz (M50)","isTrade":true},{"advertId":"34013603271423610","vehicleMake":"Mercedes-Benz","vehicleModel":"C-Class","vehicleDerivative":"C SERIES 200 C SERIESDI","vehiclePriceEuro":23500,"vehicleYearOfManufacture":2009,"advertiserCounty":"Tipperary","isPSL":false,"privatePSL":false,"vehicleImageId":"3882676c-efa9-43dd-85fc-7e8b94d29d52","imagecount":5,"advertiserName":"Cathal O'Brien Car sales","isTrade":true},{"advertId":"201305212273540","vehicleMake":"Mercedes-Benz","vehicleModel":"C-Class","vehicleDerivative":"220 CDI ELEGANCE","vehiclePriceEuro":23000,"vehicleYearOfManufacture":2009,"advertiserCounty":"Cavan","isPSL":true,"privatePSL":false,"vehicleImageId":"13958817","imagecount":8,"isTrade":false},{"advertId":"30613477184516540","vehicleMake":"Mercedes-Benz","vehicleModel":"C-Class","vehicleDerivative":"AVANTGARDE,AUTO,C200 CDI,NCT 5/15","vehiclePriceEuro":22950,"vehicleYearOfManufacture":2009,"advertiserCounty":"Kildare","isPSL":false,"privatePSL":false,"vehicleImageId":"0694594d-c9b6-4c7e-9a5a-88b40186e097","imagecount":9,"advertiserName":"SMC Car Sales","isTrade":true},{"advertId":"31713589665833310","vehicleMake":"Mercedes-Benz","vehicleModel":"C-Class","vehicleDerivative":"180 K BLUE EFFICIEN 5DR AUTO","vehiclePriceEuro":22750,"vehicleYearOfManufacture":2009,"advertiserCounty":"Dublin","isPSL":false,"privatePSL":false,"vehicleImageId":"732c03b3-0782-441a-938a-711edb1b5ac0","imagecount":3,"advertiserName":"Chris Fleming Cars","isTrade":true},{"advertId":"31413577268525170","vehicleMake":"Mercedes-Benz","vehicleModel":"C-Class","vehicleDerivative":"C200 CDI A/T  AVANTGARDE","vehiclePriceEuro":21950,"vehicleYearOfManufacture":2009,"advertiserCounty":"Westmeath","isPSL":true,"privatePSL":false,"vehicleImageId":"33d8fc22-758c-4d0c-b4b0-532a567629a3","imagecount":11,"advertiserName":"Michael Moore Athlone","isTrade":true},{"advertId":"33913607656692390","vehicleMake":"Mercedes-Benz","vehicleModel":"C-Class","vehicleDerivative":"180 Kompressor Avantgarde","vehiclePriceEuro":21950,"vehicleYearOfManufacture":2009,"advertiserCounty":"Cork","isPSL":true,"privatePSL":false,"vehicleImageId":"5f314a52-7409-4bdd-888a-00eec2d65723","imagecount":10,"advertiserName":"MSL Cork (located @ EastGate)","isTrade":true},{"advertId":"201242210576296","vehicleMake":"Mercedes-Benz","vehicleModel":"C-Class","vehicleDerivative":"C SERIES CDI COUPE","vehiclePriceEuro":19999,"vehicleYearOfManufacture":2009,"advertiserCounty":"Monaghan","isPSL":true,"privatePSL":false,"vehicleImageId":"14059887","imagecount":7,"isTrade":false},{"advertId":"31913525661227500","vehicleMake":"Mercedes-Benz","vehicleModel":"C-Class","vehicleDerivative":"C180 Avantgarde","vehiclePriceEuro":19950,"vehicleYearOfManufacture":2009,"advertiserCounty":"Kildare","isPSL":false,"privatePSL":false,"vehicleImageId":"3994ee44-25e1-45f8-a253-744c011fc6c5","imagecount":6,"advertiserName":"N. Conlan and Sons","isTrade":true},{"advertId":"32013572967333730","vehicleMake":"Mercedes-Benz","vehicleModel":"C-Class","vehicleDerivative":"CLC 200 CDI Coupe Automatic","vehiclePriceEuro":19950,"vehicleYearOfManufacture":2009,"advertiserCounty":"Dublin","isPSL":true,"privatePSL":false,"vehicleImageId":"5941cfaa-f3f2-44b7-b06d-ff7ce2b7e0ef","imagecount":15,"advertiserName":"Ballsbridge Motors Mercedes (MSL)","isTrade":true},{"advertId":"34313616225304680","vehicleMake":"Mercedes-Benz","vehicleModel":"C-Class","vehicleDerivative":"C180 K Avantegarde Automatic","vehiclePriceEuro":19950,"vehicleYearOfManufacture":2009,"advertiserCounty":"Dublin","isPSL":true,"privatePSL":false,"vehicleImageId":"830569ab-e780-4678-af60-5019cd71eee6","imagecount":12,"advertiserName":"Spirit Motor Group","isTrade":true},{"advertId":"31413590510505070","vehicleMake":"Mercedes-Benz","vehicleModel":"C-Class","vehicleDerivative":"C220 DIESEL SPORT AMG ","vehiclePriceEuro":19500,"vehicleYearOfManufacture":2009,"advertiserCounty":"Dublin","isPSL":false,"privatePSL":false,"vehicleImageId":"07df7da5-2a09-45ac-b934-66789c40ef71","imagecount":7,"advertiserName":"Western Motor Point","isTrade":true},{"advertId":"201243210705950","vehicleMake":"Mercedes-Benz","vehicleModel":"C-Class","vehicleDerivative":"C SERIES200 C SERIESDI ELEGANC SERIESE 4DR A","vehiclePriceEuro":19000,"vehicleYearOfManufacture":2009,"advertiserCounty":"Dublin","isPSL":true,"privatePSL":false,"vehicleImageId":"14084644","imagecount":6,"isTrade":false},{"advertId":"31513579072971880","vehicleMake":"Mercedes-Benz","vehicleModel":"C-Class","vehicleDerivative":"200 CDI AVANTGARDE..WWW.SARSFIELDMOTORS.IE..SIMI DEALER..FINANCE ARRANGED IN 1 HOUR..","vehiclePriceEuro":18950,"vehicleYearOfManufacture":2009,"advertiserCounty":"Dublin","isPSL":true,"privatePSL":false,"vehicleImageId":"8fdfbfa1-23cd-460b-badc-52d17e8ce677","imagecount":15,"advertiserName":"Sarsfield Motor Company S.C.R. Kilmainham","isTrade":true},{"advertId":"32113579073139570","vehicleMake":"Mercedes-Benz","vehicleModel":"C-Class","vehicleDerivative":"200 CDI AVANTGARDE..WWW.SARSFIELDMOTORS.IE..SIMI DEALER..FINANCE ARRANGED IN 1 HOUR..","vehiclePriceEuro":18950,"vehicleYearOfManufacture":2009,"advertiserCounty":"Dublin","isPSL":true,"privatePSL":false,"vehicleImageId":"ad7b4aef-bb75-4fe4-8468-5e9e1a832e8e","imagecount":16,"advertiserName":"Sarsfield Motor Company S.C.R. Kilmainham","isTrade":true},{"advertId":"31713542870117690","vehicleMake":"Mercedes-Benz","vehicleModel":"C-Class","vehicleDerivative":"C SERIES 200 C SERIESDI","vehiclePriceEuro":18950,"vehicleYearOfManufacture":2009,"advertiserCounty":"Laois","isPSL":false,"privatePSL":false,"vehicleImageId":"596e2506-faba-4571-b64e-55c6830c8a97","imagecount":10,"advertiserName":"Michael Moore Portarlington","isTrade":true},{"advertId":"34313607723094340","vehicleMake":"Mercedes-Benz","vehicleModel":"C-Class","vehicleDerivative":"C220 CDI BLUEF-Y ELEGANCE CDI..FINANCE ARRANGED..WWW.SARSFIELDMOTORS.IE","vehiclePriceEuro":18950,"vehicleYearOfManufacture":2009,"advertiserCounty":"Dublin","isPSL":true,"privatePSL":false,"vehicleImageId":"95fd9561-a6f9-46df-9a95-81706d71b7fa","imagecount":16,"advertiserName":"Sarsfield Motor Company S.C.R. Kilmainham","isTrade":true},{"advertId":"31513576644748870","vehicleMake":"Mercedes-Benz","vehicleModel":"C-Class","vehicleDerivative":"CDI clc 2dr coupe","vehiclePriceEuro":18950,"vehicleYearOfManufacture":2009,"advertiserCounty":"Carlow","isPSL":false,"privatePSL":false,"vehicleImageId":"5e33c4b0-3732-4e4b-931d-615fb01ac3da","imagecount":6,"advertiserName":"Sheehy Motors Carlow","isTrade":true},{"advertId":"34413619761726850","vehicleMake":"Mercedes-Benz","vehicleModel":"C-Class","vehicleDerivative":"C200 CDI DIESEL - NCT FEBRUARY 2015 - ROAD TAX ONLY €390 - ALL TRADE INS WELCOME - FINANCE APPROVED IN ONE HOUR - CALL ANYTIME ON 087-092 5525","vehiclePriceEuro":18950,"vehicleYearOfManufacture":2009,"advertiserCounty":"Dublin","isPSL":false,"privatePSL":false,"vehicleImageId":"5d001b1b-0b43-48de-830b-f0b0e64a324f","imagecount":11,"advertiserName":"Leinster Motor Group","isTrade":true},{"advertId":"34113615494821590","vehicleMake":"Mercedes-Benz","vehicleModel":"C-Class","vehicleDerivative":"CDI COUPE SPORT 200","vehiclePriceEuro":18950,"vehicleYearOfManufacture":2009,"advertiserCounty":"Cork","isPSL":false,"privatePSL":false,"vehicleImageId":"a0a58f98-c678-4a41-aa9b-c34466cac978","imagecount":8,"advertiserName":"Mallow Road Motors","isTrade":true},{"advertId":"201309212649894","vehicleMake":"Mercedes-Benz","vehicleModel":"C-Class","vehicleDerivative":"CLC SERIES CDI COUPE AUTO 200","vehiclePriceEuro":18950,"vehicleYearOfManufacture":2009,"advertiserCounty":"Cork","isPSL":true,"privatePSL":false,"vehicleImageId":"12543697","imagecount":8,"isTrade":false},{"advertId":"30213487545693680","vehicleMake":"Mercedes-Benz","vehicleModel":"C-Class","vehicleDerivative":"C SERIES COUPE 2DR","vehiclePriceEuro":18750,"vehicleYearOfManufacture":2009,"advertiserCounty":"Dublin","isPSL":false,"privatePSL":false,"vehicleImageId":"62ade630-bffa-441d-b76a-fcb174cd6eab","imagecount":12,"advertiserName":"TR Motors Services Ltd","isTrade":true},{"advertId":"33213602592493090","vehicleMake":"Mercedes-Benz","vehicleModel":"C-Class","vehicleDerivative":"C-200 CDi.......LEATHER......NCT 07/15","vehiclePriceEuro":17995,"vehicleYearOfManufacture":2009,"advertiserCounty":"Dublin","isPSL":false,"privatePSL":false,"vehicleImageId":"83671cc5-fc85-49ce-9da8-e9c052fc5054","imagecount":15,"advertiserName":"Jim Rock Motors Ltd","isTrade":true},{"advertId":"31413573867978780","vehicleMake":"Mercedes-Benz","vehicleModel":"C-Class","vehicleDerivative":"CLC 200 Diesel","vehiclePriceEuro":17950,"vehicleYearOfManufacture":2009,"advertiserCounty":"Dublin","isPSL":false,"privatePSL":false,"vehicleImageId":"982a6594-fc3b-4329-961b-597e1dcf57fd","imagecount":6,"advertiserName":"Des D'Arcy Motors Ltd.","isTrade":true},{"advertId":"33413617902461500","vehicleMake":"Mercedes-Benz","vehicleModel":"C-Class","vehicleDerivative":"C SERIES 200 C SERIESDI","vehiclePriceEuro":16999,"vehicleYearOfManufacture":2009,"advertiserCounty":"Dublin","isPSL":false,"privatePSL":false,"imagecount":0,"advertiserName":"Driven.ie","isTrade":true},{"advertId":"31413585439392520","vehicleMake":"Mercedes-Benz","vehicleModel":"C-Class","vehicleDerivative":"C220 CDI AUTOMATIC CLASSIC / FULL COMPREHENSIVE MAIN DEALER SERVICE HISTORY / TOP SPEC / BRAND NEW NCT 2015 / TRADE-INS WELCOME / CALL 086-0429292 ANYTIME","vehiclePriceEuro":15500,"vehicleYearOfManufacture":2009,"advertiserCounty":"Dublin","isPSL":false,"privatePSL":false,"vehicleImageId":"a752c671-bebf-4cf3-9d7d-98ec0c7d7ee5","imagecount":19,"advertiserName":"Bill Griffin Motors","isTrade":true},{"advertId":"201247211110117","vehicleMake":"Mercedes-Benz","vehicleModel":"C-Class","vehicleDerivative":"Kompressor Sportspack","vehiclePriceEuro":27950,"vehicleYearOfManufacture":2008,"advertiserCounty":"Dublin","isPSL":true,"privatePSL":false,"imagecount":0,"isTrade":false},{"advertId":"201251211471368","vehicleMake":"Mercedes-Benz","vehicleModel":"C-Class","vehicleDerivative":"CDI SE 4DR","vehiclePriceEuro":26000,"vehicleYearOfManufacture":2008,"advertiserCounty":"Dublin","isPSL":true,"privatePSL":false,"vehicleImageId":"13834266","imagecount":2,"isTrade":false},{"advertId":"201245210885065","vehicleMake":"Mercedes-Benz","vehicleModel":"C-Class","vehicleDerivative":"220 CDI SE - REDUCED for Quick Sale","vehiclePriceEuro":25500,"vehicleYearOfManufacture":2008,"advertiserCounty":"Louth","isPSL":true,"privatePSL":false,"vehicleImageId":"14112152","imagecount":4,"isTrade":false}],"totalAdvertCount":45174}