{"adverts":[{"advertId":"31413561845576020","vehicleMake":"Nissan","vehicleModel":"Micra","vehicleDerivative":"1.2SV 5Dr - FINANCE ARRANGED","vehiclePriceEuro":12795,"vehicleYearOfManufacture":2012,"advertiserCounty":"Dublin","isPSL":false,"privatePSL":false,"vehicleImageId":"26378c86-80a4-4726-8356-b935f7811802","imagecount":15,"advertiserName":"Windsor Deansgrange","isTrade":true},{"advertId":"34313601990163160","vehicleMake":"Nissan","vehicleModel":"Micra","vehicleDerivative":"1.2 5Dr (Just In)","vehiclePriceEuro":12795,"vehicleYearOfManufacture":2012,"advertiserCounty":"Dublin","isPSL":false,"privatePSL":false,"imagecount":0,"advertiserName":"Windsor Deansgrange","isTrade":true},{"advertId":"34013600840536430","vehicleMake":"Nissan","vehicleModel":"Micra","vehicleDerivative":"1.2 5Dr","vehiclePriceEuro":12795,"vehicleYearOfManufacture":2012,"advertiserCounty":"Dublin","isPSL":false,"privatePSL":false,"vehicleImageId":"98a9821c-811f-4474-8605-bcaef4e4de6d","imagecount":7,"advertiserName":"Windsor Deansgrange","isTrade":true},{"advertId":"33913614598607900","vehicleMake":"Nissan","vehicleModel":"Micra","vehicleDerivative":"Pure drive -1.2 4DR","vehiclePriceEuro":12750,"vehicleYearOfManufacture":2012,"advertiserCounty":"Carlow","isPSL":false,"privatePSL":false,"vehicleImageId":"f2c366a4-e3ad-4556-a3fb-37727899cde9","imagecount":6,"advertiserName":"Carlow Kia","isTrade":true},{"advertId":"33413605445342480","vehicleMake":"Nissan","vehicleModel":"Micra","vehicleDerivative":"1.2XE 5Dr - Demo Model","vehiclePriceEuro":12695,"vehicleYearOfManufacture":2012,"advertiserCounty":"Dublin","isPSL":false,"privatePSL":false,"imagecount":0,"advertiserName":"Windsor Deansgrange","isTrade":true},{"advertId":"34313600840559800","vehicleMake":"Nissan","vehicleModel":"Micra","vehicleDerivative":"1.2 5Dr","vehiclePriceEuro":12495,"vehicleYearOfManufacture":2012,"advertiserCounty":"Dublin","isPSL":false,"privatePSL":false,"vehicleImageId":"d1873d36-ff19-40df-a721-c6d0bf42205c","imagecount":8,"advertiserName":"Windsor Deansgrange","isTrade":true},{"advertId":"34313603718107700","vehicleMake":"Nissan","vehicleModel":"Micra","vehicleDerivative":"1.2 5Dr (Just In)","vehiclePriceEuro":12495,"vehicleYearOfManufacture":2012,"advertiserCounty":"Dublin","isPSL":false,"privatePSL":false,"imagecount":0,"advertiserName":"Windsor Deansgrange","isTrade":true},{"advertId":"34113606310139830","vehicleMake":"Nissan","vehicleModel":"Micra","vehicleDerivative":"1.2 5DR","vehiclePriceEuro":12495,"vehicleYearOfManufacture":2012,"advertiserCounty":"Meath","isPSL":false,"privatePSL":false,"vehicleImageId":"77265e8c-fecb-4c97-8248-55794408373b","imagecount":9,"advertiserName":"Navan Nissan, Hyundai","isTrade":true},{"advertId":"34113600840453900","vehicleMake":"Nissan","vehicleModel":"Micra","vehicleDerivative":"1.2 5dr ....ONLY 12,000 klms....One Owner","vehiclePriceEuro":12495,"vehicleYearOfManufacture":2012,"advertiserCounty":"Dublin","isPSL":true,"privatePSL":false,"vehicleImageId":"dce8641f-53ef-4719-8e5f-d88781490a2c","imagecount":8,"advertiserName":"Windsor Airside","isTrade":true},{"advertId":"34313600840524310","vehicleMake":"Nissan","vehicleModel":"Micra","vehicleDerivative":"LOW MILEAGE","vehiclePriceEuro":12495,"vehicleYearOfManufacture":2012,"advertiserCounty":"Dublin","isPSL":false,"privatePSL":false,"vehicleImageId":"e7fdb0c4-59e0-47b4-8675-5d9be694a5d9","imagecount":3,"advertiserName":"Windsor Belgard","isTrade":true},{"advertId":"33213612357893230","vehicleMake":"Nissan","vehicleModel":"Micra","vehicleDerivative":"1.2 5DR  (Call Raheny now 087 2211218)","vehiclePriceEuro":12495,"vehicleYearOfManufacture":2012,"advertiserCounty":"Dublin","isPSL":false,"privatePSL":false,"imagecount":0,"advertiserName":"Windsor Raheny","isTrade":true},{"advertId":"34013600840540890","vehicleMake":"Nissan","vehicleModel":"Micra","vehicleDerivative":"very low mileage","vehiclePriceEuro":12495,"vehicleYearOfManufacture":2012,"advertiserCounty":"Dublin","isPSL":false,"privatePSL":false,"vehicleImageId":"9cb6bc68-7fd3-438b-b751-b21f23d289e7","imagecount":9,"advertiserName":"Windsor Belgard","isTrade":true},{"advertId":"33913602422106690","vehicleMake":"Nissan","vehicleModel":"Micra","vehicleDerivative":"LOW MILEAGE","vehiclePriceEuro":12495,"vehicleYearOfManufacture":2012,"advertiserCounty":"Dublin","isPSL":false,"privatePSL":false,"vehicleImageId":"974c9ff9-2d23-4c24-8a08-b8fe6d3d1b35","imagecount":4,"advertiserName":"Windsor Belgard","isTrade":true},{"advertId":"33913600840448190","vehicleMake":"Nissan","vehicleModel":"Micra","vehicleDerivative":"VERY LOW MILEAGE","vehiclePriceEuro":12495,"vehicleYearOfManufacture":2012,"advertiserCounty":"Dublin","isPSL":false,"privatePSL":false,"vehicleImageId":"e90bf56b-fd9f-456b-9a75-6c37d735f30c","imagecount":3,"advertiserName":"Windsor Belgard","isTrade":true},{"advertId":"33913608037568610","vehicleMake":"Nissan","vehicleModel":"Micra","vehicleDerivative":"1.2 5DR PREMIUM PACK","vehiclePriceEuro":12250,"vehicleYearOfManufacture":2012,"advertiserCounty":"Limerick","isPSL":false,"privatePSL":false,"vehicleImageId":"c7e342a1-3ff0-49e6-afdc-ff01f37a2cc4","imagecount":6,"advertiserName":"Pat Tiernan Motors (Nissan)","isTrade":true},{"advertId":"31413561845577080","vehicleMake":"Nissan","vehicleModel":"Micra","vehicleDerivative":"1.2 Cruise Pack 5DR  (Call Raheny now 087 2211218)","vehiclePriceEuro":11995,"vehicleYearOfManufacture":2012,"advertiserCounty":"Dublin","isPSL":false,"privatePSL":false,"vehicleImageId":"20168d7b-6993-4c60-8538-2bed127e8716","imagecount":8,"advertiserName":"Windsor Raheny","isTrade":true},{"advertId":"34313600840465410","vehicleMake":"Nissan","vehicleModel":"Micra","vehicleDerivative":"NISSAN MICRA EX","vehiclePriceEuro":11950,"vehicleYearOfManufacture":2012,"advertiserCounty":"Dublin","isPSL":false,"privatePSL":false,"vehicleImageId":"89409222-4e54-4b38-b14f-8e07c1fd4c14","imagecount":7,"advertiserName":"Murphy Chambers Cars Ltd","isTrade":true},{"advertId":"33213619666087730","vehicleMake":"Nissan","vehicleModel":"Micra","vehicleDerivative":"1.2 SV PSM 5DR","vehiclePriceEuro":11900,"vehicleYearOfManufacture":2012,"advertiserCounty":"Meath","isPSL":false,"privatePSL":false,"vehicleImageId":"73523269-ebaf-40c6-ae52-fa2488686de4","imagecount":8,"advertiserName":"John Kelly Motor Co.","isTrade":true},{"advertId":"34013600840524930","vehicleMake":"Nissan","vehicleModel":"Micra","vehicleDerivative":"****SOLD****","vehiclePriceEuro":11900,"vehicleYearOfManufacture":2012,"advertiserCounty":"Kilkenny","isPSL":true,"privatePSL":false,"vehicleImageId":"8ecf4cd1-c137-4ae2-86a6-722a6049f260","imagecount":4,"advertiserName":"Barlo Kilkenny (Nissan & Opel)","isTrade":true},{"advertId":"34313600840455610","vehicleMake":"Nissan","vehicleModel":"Micra","vehicleDerivative":"1.2 5DR € 12750 Less €1000 Scrappage Speciial","vehiclePriceEuro":11750,"vehicleYearOfManufacture":2012,"advertiserCounty":"Waterford","isPSL":false,"privatePSL":false,"imagecount":0,"advertiserName":"Walsh's Car Sales","isTrade":true},{"advertId":"31913562305638240","vehicleMake":"Nissan","vehicleModel":"Micra","vehicleDerivative":"1.2 XE 5DR","vehiclePriceEuro":0,"vehicleYearOfManufacture":2012,"advertiserCounty":"Donegal","isPSL":false,"privatePSL":false,"vehicleImageId":"26e841d2-e9e1-403c-b96c-661da163b775","imagecount":6,"advertiserName":"Browne's Cars Group","isTrade":true},{"advertId":"32013579918020200","vehicleMake":"Nissan","vehicleModel":"Micra","vehicleDerivative":"1.2 4DR","vehiclePriceEuro":0,"vehicleYearOfManufacture":2012,"advertiserCounty":"Clare","isPSL":false,"privatePSL":false,"vehicleImageId":"cd4d5659-02c0-4792-a624-ae8f69b303b7","imagecount":10,"advertiserName":"Dulick Motors","isTrade":true},{"advertId":"31513575525738150","vehicleMake":"Nissan","vehicleModel":"Micra","vehicleDerivative":"1.2 4DR","vehiclePriceEuro":0,"vehicleYearOfManufacture":2012,"advertiserCounty":"Clare","isPSL":false,"privatePSL":false,"vehicleImageId":"3c1ecf97-ebcd-491a-a779-4722e6c7f4f2","imagecount":1,"advertiserName":"Dulick Motors","isTrade":true},{"advertId":"32013587674358940","vehicleMake":"Nissan","vehicleModel":"Micra","vehicleDerivative":"1.2 CVT 4DR AUTO","vehiclePriceEuro":0,"vehicleYearOfManufacture":2012,"advertiserCounty":"Clare","isPSL":false,"privatePSL":false,"vehicleImageId":"88a89bed-5989-4a30-bbe4-40a97b41ed34","imagecount":10,"advertiserName":"Dulick Motors","isTrade":true},{"advertId":"33413600840410610","vehicleMake":"Nissan","vehicleModel":"Micra","vehicleDerivative":"1.2 XE, 5dr.","vehiclePriceEuro":11995,"vehicleYearOfManufacture":2011,"advertiserCounty":"Cork","isPSL":false,"privatePSL":false,"vehicleImageId":"bab043c1-749d-4c19-bc4a-e1b9d1a0d28e","imagecount":7,"advertiserName":"Windsor Motor World","isTrade":true},{"advertId":"34013621862095330","vehicleMake":"Nissan","vehicleModel":"Micra","vehicleDerivative":"1.2 XE, 5dr.","vehiclePriceEuro":11995,"vehicleYearOfManufacture":2011,"advertiserCounty":"Cork","isPSL":false,"privatePSL":false,"vehicleImageId":"e38e4b32-7933-4e3e-87ff-8b888cc8547f","imagecount":7,"advertiserName":"Windsor Motor World","isTrade":true},{"advertId":"34113620997971710","vehicleMake":"Nissan","vehicleModel":"Micra","vehicleDerivative":"1.2 5dr XE ~ Tax €200","vehiclePriceEuro":11995,"vehicleYearOfManufacture":2011,"advertiserCounty":"Dublin","isPSL":false,"privatePSL":false,"vehicleImageId":"b993b0bb-9ab3-416c-8a52-740770fb98e0","imagecount":1,"advertiserName":"Windsor Liffey Valley","isTrade":true},{"advertId":"34413622416570030","vehicleMake":"Nissan","vehicleModel":"Micra","vehicleDerivative":"1.2 XE CVT 5DR AUTO","vehiclePriceEuro":11950,"vehicleYearOfManufacture":2011,"advertiserCounty":"Cork","isPSL":true,"privatePSL":false,"vehicleImageId":"f44dda1a-47bc-4223-baf8-76f406ef7af8","imagecount":9,"advertiserName":"Kearys Nissan Cork","isTrade":true},{"advertId":"34213619269923920","vehicleMake":"Nissan","vehicleModel":"Micra","vehicleDerivative":"NISSAN MICRA 1.2 XE AUTOMATIC","vehiclePriceEuro":11950,"vehicleYearOfManufacture":2011,"advertiserCounty":"Dublin","isPSL":false,"privatePSL":false,"vehicleImageId":"b860fe30-fa14-4e1d-8fea-cad332c589c0","imagecount":7,"advertiserName":"Murphy Chambers Cars Ltd","isTrade":true},{"advertId":"201302211870345","vehicleMake":"Nissan","vehicleModel":"Micra","vehicleDerivative":"1.2 XE 5DR","vehiclePriceEuro":11500,"vehicleYearOfManufacture":2011,"advertiserCounty":"Cork","isPSL":true,"privatePSL":false,"vehicleImageId":"14254108","imagecount":7,"isTrade":false},{"advertId":"33913600840562850","vehicleMake":"Nissan","vehicleModel":"Micra","vehicleDerivative":"1.2 SVE (TOP SPEC) NISSAN MICRA WINDSOR GALWAY","vehiclePriceEuro":11495,"vehicleYearOfManufacture":2011,"advertiserCounty":"Galway","isPSL":false,"privatePSL":false,"vehicleImageId":"da3a929c-f078-4b28-93fd-7adff205f62b","imagecount":10,"advertiserName":"Windsor Galway","isTrade":true},{"advertId":"34213600840491150","vehicleMake":"Nissan","vehicleModel":"Micra","vehicleDerivative":"5DR 1.2  **ONLY €200 ROAD TAX**","vehiclePriceEuro":10995,"vehicleYearOfManufacture":2011,"advertiserCounty":"Dublin","isPSL":false,"privatePSL":false,"imagecount":0,"advertiserName":"Windsor Bray","isTrade":true},{"advertId":"32913600840514150","vehicleMake":"Nissan","vehicleModel":"Micra","vehicleDerivative":"1.2 Pet 5dr Elite ~ Tax €280","vehiclePriceEuro":10995,"vehicleYearOfManufacture":2011,"advertiserCounty":"Dublin","isPSL":false,"privatePSL":false,"vehicleImageId":"2ff800ce-3803-4835-b605-e8a23a67f80e","imagecount":9,"advertiserName":"Windsor Liffey Valley","isTrade":true},{"advertId":"34213600840591080","vehicleMake":"Nissan","vehicleModel":"Micra","vehicleDerivative":"1.2 XE NISSAN MICRA WINDSOR GALWAY","vehiclePriceEuro":10995,"vehicleYearOfManufacture":2011,"advertiserCounty":"Galway","isPSL":false,"privatePSL":false,"vehicleImageId":"07eab302-ad2a-499e-ae1a-5564a5d4f265","imagecount":8,"advertiserName":"Windsor Galway","isTrade":true},{"advertId":"33413614950107000","vehicleMake":"Nissan","vehicleModel":"Micra","vehicleDerivative":"XE","vehiclePriceEuro":10995,"vehicleYearOfManufacture":2011,"advertiserCounty":"Dublin","isPSL":false,"privatePSL":false,"vehicleImageId":"2434298a-30c7-46e8-883c-25e7b04d4e31","imagecount":7,"advertiserName":"Windsor Belgard","isTrade":true},{"advertId":"34213600840487890","vehicleMake":"Nissan","vehicleModel":"Micra","vehicleDerivative":"1.2 XE","vehiclePriceEuro":10995,"vehicleYearOfManufacture":2011,"advertiserCounty":"Wexford","isPSL":true,"privatePSL":false,"vehicleImageId":"74c5a9d4-386b-4900-aed8-477b42f655ff","imagecount":7,"advertiserName":"Wexford Car Centre","isTrade":true},{"advertId":"34113600840540560","vehicleMake":"Nissan","vehicleModel":"Micra","vehicleDerivative":"1.2 Elite 5 Dr....ONLY 22,000 Klms...One Owner","vehiclePriceEuro":10995,"vehicleYearOfManufacture":2011,"advertiserCounty":"Dublin","isPSL":true,"privatePSL":false,"imagecount":0,"advertiserName":"Windsor Airside","isTrade":true},{"advertId":"33913618780700680","vehicleMake":"Nissan","vehicleModel":"Micra","vehicleDerivative":"1.2 XE 5DR","vehiclePriceEuro":10950,"vehicleYearOfManufacture":2011,"advertiserCounty":"Mayo","isPSL":false,"privatePSL":false,"vehicleImageId":"42ffc433-788b-4904-92d6-81e4796dace0","imagecount":1,"advertiserName":"A. Cleary & Sons Limited","isTrade":true},{"advertId":"33913598096080740","vehicleMake":"Nissan","vehicleModel":"Micra","vehicleDerivative":"1.2 SV 5DR","vehiclePriceEuro":10900,"vehicleYearOfManufacture":2011,"advertiserCounty":"Kildare","isPSL":true,"privatePSL":false,"vehicleImageId":"fedb7b16-c83d-420e-9fc3-dba0694ddc16","imagecount":9,"advertiserName":"PG Duffy & Sons","isTrade":true},{"advertId":"32113566579134880","vehicleMake":"Nissan","vehicleModel":"Micra","vehicleDerivative":"1.2XE 5Dr - FINANCE ARRANGED.","vehiclePriceEuro":10495,"vehicleYearOfManufacture":2011,"advertiserCounty":"Dublin","isPSL":false,"privatePSL":false,"vehicleImageId":"e25db554-46de-4549-8367-758255787b1d","imagecount":12,"advertiserName":"Windsor Deansgrange","isTrade":true},{"advertId":"33913609339343470","vehicleMake":"Nissan","vehicleModel":"Micra","vehicleDerivative":"1.2 XL 5DR ELITE.","vehiclePriceEuro":10450,"vehicleYearOfManufacture":2011,"advertiserCounty":"Dublin","isPSL":false,"privatePSL":false,"vehicleImageId":"003224ac-05d8-4a26-9e14-7ae25c1f1ce2","imagecount":7,"advertiserName":"Autodynamic","isTrade":true},{"advertId":"201248211179764","vehicleMake":"Nissan","vehicleModel":"Micra","vehicleDerivative":"XL Elite","vehiclePriceEuro":10450,"vehicleYearOfManufacture":2011,"advertiserCounty":"Dublin","isPSL":true,"privatePSL":false,"vehicleImageId":"13777246","imagecount":5,"isTrade":false},{"advertId":"34013600840576670","vehicleMake":"Nissan","vehicleModel":"Micra","vehicleDerivative":"1.2 5DR","vehiclePriceEuro":10425,"vehicleYearOfManufacture":2011,"advertiserCounty":"Cork","isPSL":true,"privatePSL":false,"vehicleImageId":"ac183f1e-b134-46cd-8a34-55e2ea4fe1a8","imagecount":9,"advertiserName":"Luceys Charleville (Nissan & Mazda)","isTrade":true},{"advertId":"33213600840575310","vehicleMake":"Nissan","vehicleModel":"Micra","vehicleDerivative":"1.2 5DR","vehiclePriceEuro":10425,"vehicleYearOfManufacture":2011,"advertiserCounty":"Cork","isPSL":true,"privatePSL":false,"vehicleImageId":"e535bdf8-02b8-4cec-8fd9-c85ae88ad735","imagecount":8,"advertiserName":"Luceys Charleville (Nissan & Mazda)","isTrade":true},{"advertId":"33913600840769620","vehicleMake":"Nissan","vehicleModel":"Micra","vehicleDerivative":"1.2 XE 5DR","vehiclePriceEuro":10250,"vehicleYearOfManufacture":2011,"advertiserCounty":"Kilkenny","isPSL":true,"privatePSL":false,"imagecount":0,"advertiserName":"Barlo Kilkenny (Nissan & Opel)","isTrade":true},{"advertId":"33913600840455640","vehicleMake":"Nissan","vehicleModel":"Micra","vehicleDerivative":"1.2 Micra","vehiclePriceEuro":9999,"vehicleYearOfManufacture":2011,"advertiserCounty":"Waterford","isPSL":false,"privatePSL":false,"vehicleImageId":"8891479d-c437-4764-9518-e7bb884c3b80","imagecount":7,"advertiserName":"Dungarvan Nissan","isTrade":true},{"advertId":"34013616154577770","vehicleMake":"Nissan","vehicleModel":"Micra","vehicleDerivative":"*1.2 XE 5DR DEMO PRICE REDUCED*LIMITED TIME ONLY*","vehiclePriceEuro":9999,"vehicleYearOfManufacture":2011,"advertiserCounty":"Dublin","isPSL":true,"privatePSL":false,"vehicleImageId":"fe0358cb-dacd-457f-9288-f6049eeb165f","imagecount":8,"advertiserName":"Hutton & Meade","isTrade":true},{"advertId":"34113601125629440","vehicleMake":"Nissan","vehicleModel":"Micra","vehicleDerivative":"1.2 5DR ( Cabra Cars)","vehiclePriceEuro":9995,"vehicleYearOfManufacture":2011,"advertiserCounty":"Cavan","isPSL":false,"privatePSL":false,"vehicleImageId":"61ef0f98-ef45-4c3d-8256-2843394eedcd","imagecount":13,"advertiserName":"Cabra Cars (Kingscourt)","isTrade":true},{"advertId":"32113549703350520","vehicleMake":"Nissan","vehicleModel":"Micra","vehicleDerivative":"1.2 XE 5DR","vehiclePriceEuro":9975,"vehicleYearOfManufacture":2011,"advertiserCounty":"Carlow","isPSL":true,"privatePSL":false,"vehicleImageId":"ff07fff7-4c9e-4dbc-8196-82538645b44b","imagecount":11,"advertiserName":"Bolands Carlow Skoda,Volvo & Mazda","isTrade":true},{"advertId":"32013566579137990","vehicleMake":"Nissan","vehicleModel":"Micra","vehicleDerivative":"NISSAN MICRA 1.2 XE","vehiclePriceEuro":9950,"vehicleYearOfManufacture":2011,"advertiserCounty":"Dublin","isPSL":false,"privatePSL":false,"vehicleImageId":"59778735-fe33-4a0a-a355-cd417347f4fc","imagecount":6,"advertiserName":"Murphy Chambers Cars Ltd","isTrade":true},{"advertId":"32013561845505450","vehicleMake":"Nissan","vehicleModel":"Micra","vehicleDerivative":"XE 1.2 5DR","vehiclePriceEuro":9950,"vehicleYearOfManufacture":2011,"advertiserCounty":"Limerick","isPSL":false,"privatePSL":false,"vehicleImageId":"85d9dffa-0bd2-4e96-a653-ffda39f19d09","imagecount":8,"advertiserName":"Pat Tiernan Motors (Nissan)","isTrade":true},{"advertId":"33913597423965430","vehicleMake":"Nissan","vehicleModel":"Micra","vehicleDerivative":"1.2 XE 5DR","vehiclePriceEuro":9250,"vehicleYearOfManufacture":2011,"advertiserCounty":"Dublin","isPSL":false,"privatePSL":false,"vehicleImageId":"d153a515-ca0d-4743-bc35-789a1821e1f6","imagecount":10,"advertiserName":"BG Autos","isTrade":true},{"advertId":"34213608370882050","vehicleMake":"Nissan","vehicleModel":"Micra","vehicleDerivative":"1.2 XE 5DR","vehiclePriceEuro":8999,"vehicleYearOfManufacture":2011,"advertiserCounty":"Dublin","isPSL":true,"privatePSL":false,"vehicleImageId":"57caa951-e56b-4b56-90f3-7aa1741454fc","imagecount":8,"advertiserName":"Airport Cars","isTrade":true},{"advertId":"33913606839021820","vehicleMake":"Nissan","vehicleModel":"Micra","vehicleDerivative":"5door New model 1.2","vehiclePriceEuro":8999,"vehicleYearOfManufacture":2011,"advertiserCounty":"Dublin","isPSL":true,"privatePSL":false,"vehicleImageId":"06920fb7-aa73-48e4-b7db-869c698d889a","imagecount":8,"advertiserName":"Airport Cars","isTrade":true},{"advertId":"813257542109030","vehicleMake":"Nissan","vehicleModel":"Micra","vehicleDerivative":"SOLD SOLD 1.2 XE 5dr ","vehiclePriceEuro":8995,"vehicleYearOfManufacture":2011,"advertiserCounty":"Cork","isPSL":true,"privatePSL":false,"vehicleImageId":"89a5149d-6548-40ba-ac6c-c5962e81cd72","imagecount":9,"advertiserName":"Fermoy Nissan Ltd","isTrade":true},{"advertId":"201308212592944","vehicleMake":"Nissan","vehicleModel":"Micra","vehicleDerivative":"1.2 XE 5DR","vehiclePriceEuro":8750,"vehicleYearOfManufacture":2011,"advertiserCounty":"Kilkenny","isPSL":true,"privatePSL":false,"vehicleImageId":"14362642","imagecount":2,"isTrade":false},{"advertId":"201246210950484","vehicleMake":"Nissan","vehicleModel":"Micra","vehicleDerivative":"1.2","vehiclePriceEuro":8100,"vehicleYearOfManufacture":2011,"advertiserCounty":"Cavan","isPSL":true,"privatePSL":false,"vehicleImageId":"14133743","imagecount":1,"isTrade":false},{"advertId":"33413617706003120","vehicleMake":"Nissan","vehicleModel":"Micra","vehicleDerivative":"1.2 XE 5DR MANUAL","vehiclePriceEuro":0,"vehicleYearOfManufacture":2011,"advertiserCounty":"Kildare","isPSL":false,"privatePSL":false,"vehicleImageId":"275e800d-7c80-4a2c-a395-7bfb2fe10c70","imagecount":6,"advertiserName":"Merlin Car Auctions","isTrade":true},{"advertId":"31713566579160870","vehicleMake":"Nissan","vehicleModel":"Micra","vehicleDerivative":"1.2 XE CVT Auto","vehiclePriceEuro":0,"vehicleYearOfManufacture":2011,"advertiserCounty":"Tipperary","isPSL":false,"privatePSL":false,"vehicleImageId":"064ecb3c-9687-4dd1-ade6-476edc37618f","imagecount":5,"advertiserName":"Donal Ryan Motor Group (Thurles)","isTrade":true},{"advertId":"33213607802604390","vehicleMake":"Nissan","vehicleModel":"Micra","vehicleDerivative":"MICRA 1.2 ELITE 5DR AUTO","vehiclePriceEuro":12750,"vehicleYearOfManufacture":2010,"advertiserCounty":"Dublin","isPSL":true,"privatePSL":false,"vehicleImageId":"57930d4b-c11c-4b9e-8a65-fa7dda8fed5c","imagecount":9,"advertiserName":"Hutton & Meade","isTrade":true},{"advertId":"32913601990167750","vehicleMake":"Nissan","vehicleModel":"Micra","vehicleDerivative":"Elite 1.2 5Dr Auto","vehiclePriceEuro":12495,"vehicleYearOfManufacture":2010,"advertiserCounty":"Dublin","isPSL":false,"privatePSL":false,"vehicleImageId":"fe37a210-fe91-4665-9798-67081f1b7db1","imagecount":11,"advertiserName":"Windsor Deansgrange","isTrade":true},{"advertId":"34013600840485720","vehicleMake":"Nissan","vehicleModel":"Micra","vehicleDerivative":"1.2 Pet 5dr Elite Auto ~ Taxed until 04/13","vehiclePriceEuro":10995,"vehicleYearOfManufacture":2010,"advertiserCounty":"Dublin","isPSL":false,"privatePSL":false,"vehicleImageId":"af7a401a-7be3-41e6-99e9-96ea2f3f6ed3","imagecount":9,"advertiserName":"Windsor Liffey Valley","isTrade":true},{"advertId":"32913600840499160","vehicleMake":"Nissan","vehicleModel":"Micra","vehicleDerivative":"5DR 1.2 ELITE **ONLY €270 ROAD TAX**","vehiclePriceEuro":9995,"vehicleYearOfManufacture":2010,"advertiserCounty":"Dublin","isPSL":false,"privatePSL":false,"vehicleImageId":"b05e36e4-464c-49bb-8349-3222db025c93","imagecount":7,"advertiserName":"Windsor Bray","isTrade":true},{"advertId":"33213600840444140","vehicleMake":"Nissan","vehicleModel":"Micra","vehicleDerivative":"ELITE.","vehiclePriceEuro":9995,"vehicleYearOfManufacture":2010,"advertiserCounty":"Dublin","isPSL":false,"privatePSL":false,"vehicleImageId":"40d88ae1-3cf6-4b36-86c3-932f2c520dbf","imagecount":3,"advertiserName":"Windsor Belgard","isTrade":true},{"advertId":"34113621862083660","vehicleMake":"Nissan","vehicleModel":"Micra","vehicleDerivative":"1.2 Elite 5 Dr...ONLY 38,000...One Owner","vehiclePriceEuro":9995,"vehicleYearOfManufacture":2010,"advertiserCounty":"Dublin","isPSL":true,"privatePSL":false,"imagecount":0,"advertiserName":"Windsor Airside","isTrade":true},{"advertId":"32913607606601370","vehicleMake":"Nissan","vehicleModel":"Micra","vehicleDerivative":"1.2 5dr Elite ~ Tax €280","vehiclePriceEuro":9995,"vehicleYearOfManufacture":2010,"advertiserCounty":"Dublin","isPSL":false,"privatePSL":false,"vehicleImageId":"2a7a243d-0a64-441c-97e7-88024526364a","imagecount":9,"advertiserName":"Windsor Liffey Valley","isTrade":true},{"advertId":"33413600840446620","vehicleMake":"Nissan","vehicleModel":"Micra","vehicleDerivative":"low mileage","vehiclePriceEuro":9995,"vehicleYearOfManufacture":2010,"advertiserCounty":"Dublin","isPSL":false,"privatePSL":false,"vehicleImageId":"9de36756-76d5-45e4-84aa-6141854e41e2","imagecount":9,"advertiserName":"Windsor Belgard","isTrade":true},{"advertId":"33213602854558310","vehicleMake":"Nissan","vehicleModel":"Micra","vehicleDerivative":"ELITE","vehiclePriceEuro":9995,"vehicleYearOfManufacture":2010,"advertiserCounty":"Dublin","isPSL":false,"privatePSL":false,"vehicleImageId":"d99b21e9-b4a8-4218-84d4-3995ef6a17e7","imagecount":10,"advertiserName":"Windsor Belgard","isTrade":true},{"advertId":"34113602854559570","vehicleMake":"Nissan","vehicleModel":"Micra","vehicleDerivative":"ELITE","vehiclePriceEuro":9995,"vehicleYearOfManufacture":2010,"advertiserCounty":"Dublin","isPSL":false,"privatePSL":false,"vehicleImageId":"48feedf1-aeda-4fff-9bfd-f20963138342","imagecount":10,"advertiserName":"Windsor Belgard","isTrade":true},{"advertId":"33413613654044960","vehicleMake":"Nissan","vehicleModel":"Micra","vehicleDerivative":"1.2 Elite 5DR  (Call Raheny now 087 2211218)","vehiclePriceEuro":9995,"vehicleYearOfManufacture":2010,"advertiserCounty":"Dublin","isPSL":false,"privatePSL":false,"imagecount":0,"advertiserName":"Windsor Raheny","isTrade":true},{"advertId":"31913561845561240","vehicleMake":"Nissan","vehicleModel":"Micra","vehicleDerivative":"1.2 5DR ELITE","vehiclePriceEuro":9950,"vehicleYearOfManufacture":2010,"advertiserCounty":"Meath","isPSL":false,"privatePSL":false,"vehicleImageId":"9ebb4ecc-76e9-4a36-b7b7-f3c3067be39d","imagecount":10,"advertiserName":"Navan Nissan, Hyundai","isTrade":true},{"advertId":"34313618116095700","vehicleMake":"Nissan","vehicleModel":"Micra","vehicleDerivative":"1.2 XL 5DR ELITE","vehiclePriceEuro":9950,"vehicleYearOfManufacture":2010,"advertiserCounty":"Kildare","isPSL":false,"privatePSL":false,"vehicleImageId":"740a4b4a-10fd-4342-bdaf-3ffa74af9f06","imagecount":15,"advertiserName":"Fitzpatrick`s Garage Kildare Hyundai","isTrade":true},{"advertId":"31413510861365120","vehicleMake":"Nissan","vehicleModel":"Micra","vehicleDerivative":"1.2 XL ELITE MODEL","vehiclePriceEuro":9900,"vehicleYearOfManufacture":2010,"advertiserCounty":"Mayo","isPSL":false,"privatePSL":false,"vehicleImageId":"6957552b-ad8d-4650-ac9a-efb092162ef5","imagecount":12,"advertiserName":"Cosgraves Garage Ltd","isTrade":true},{"advertId":"31113561845573560","vehicleMake":"Nissan","vehicleModel":"Micra","vehicleDerivative":"finance arranged,for you@mullingar nissan","vehiclePriceEuro":9750,"vehicleYearOfManufacture":2010,"advertiserCounty":"Westmeath","isPSL":false,"privatePSL":false,"vehicleImageId":"a1ba9ac7-ba1f-47fb-ac7d-f6bf893816ae","imagecount":7,"advertiserName":"Mullingar Nissan & Opel","isTrade":true},{"advertId":"713242826978650","vehicleMake":"Nissan","vehicleModel":"Micra","vehicleDerivative":"1.2 VISIA 5DR","vehiclePriceEuro":9500,"vehicleYearOfManufacture":2010,"advertiserCounty":"Kildare","isPSL":false,"privatePSL":false,"vehicleImageId":"bfa864c9-fd27-48ca-9dde-3a64691800df","imagecount":4,"advertiserName":"Ray Crofton Ltd.","isTrade":true},{"advertId":"33213610629990380","vehicleMake":"Nissan","vehicleModel":"Micra","vehicleDerivative":"1.2 SXE MICRA WINDSOR GALWAY","vehiclePriceEuro":9495,"vehicleYearOfManufacture":2010,"advertiserCounty":"Galway","isPSL":false,"privatePSL":false,"imagecount":0,"advertiserName":"Windsor Galway","isTrade":true},{"advertId":"201308212625546","vehicleMake":"Nissan","vehicleModel":"Micra","vehicleDerivative":"1.2 Elite","vehiclePriceEuro":9450,"vehicleYearOfManufacture":2010,"advertiserCounty":"Dublin","isPSL":true,"privatePSL":false,"vehicleImageId":"14366455","imagecount":7,"isTrade":false},{"advertId":"32113577277347830","vehicleMake":"Nissan","vehicleModel":"Micra","vehicleDerivative":"1.2 ELITE @ DENIS MAHONY KILBARRACK","vehiclePriceEuro":9450,"vehicleYearOfManufacture":2010,"advertiserCounty":"Dublin","isPSL":true,"privatePSL":false,"vehicleImageId":"b24dfe6a-27f5-4cc5-b1dd-59a07d8911f2","imagecount":15,"advertiserName":"Denis Mahony Kilbarrack","isTrade":true},{"advertId":"34313610507579180","vehicleMake":"Nissan","vehicleModel":"Micra","vehicleDerivative":"**FINANCE AVAILABLE** AUTOMATIC, 5DR, MICRA, EXCELLENT ONE OWNER CAR, ALLOYS, AIR-CON, AS NEW, \"\"MUST BE SEEN\"\" N4CARS.ie","vehiclePriceEuro":9449,"vehicleYearOfManufacture":2010,"advertiserCounty":"Dublin","isPSL":false,"privatePSL":false,"vehicleImageId":"fa5a7992-65e8-490e-a3fb-4a9fcaf8a547","imagecount":13,"advertiserName":"N4 Car Sales","isTrade":true},{"advertId":"34113614661082960","vehicleMake":"Nissan","vehicleModel":"Micra","vehicleDerivative":"1.2 XL AUTO 5DR ELITE","vehiclePriceEuro":9400,"vehicleYearOfManufacture":2010,"advertiserCounty":"Cork","isPSL":false,"privatePSL":false,"vehicleImageId":"54cb7ed2-19ed-424b-b5fb-c6c8f8b98450","imagecount":20,"advertiserName":"Great Island Motors Ltd","isTrade":true},{"advertId":"34213614629814130","vehicleMake":"Nissan","vehicleModel":"Micra","vehicleDerivative":"1.2 XL AUTO 5DR ELITE","vehiclePriceEuro":9400,"vehicleYearOfManufacture":2010,"advertiserCounty":"Cork","isPSL":false,"privatePSL":false,"vehicleImageId":"670aa940-84c3-4a40-b354-52ece38ed996","imagecount":20,"advertiserName":"Great Island Motors Ltd","isTrade":true},{"advertId":"33413603718145050","vehicleMake":"Nissan","vehicleModel":"Micra","vehicleDerivative":"1.2 **LOW ROAD TAX**","vehiclePriceEuro":8950,"vehicleYearOfManufacture":2010,"advertiserCounty":"Roscommon","isPSL":true,"privatePSL":false,"vehicleImageId":"e92d66b3-0bc4-41b0-a718-461ead4712cb","imagecount":10,"advertiserName":"Cooney Motors","isTrade":true},{"advertId":"34013623954391920","vehicleMake":"Nissan","vehicleModel":"Micra","vehicleDerivative":"1.2 5DR","vehiclePriceEuro":8950,"vehicleYearOfManufacture":2010,"advertiserCounty":"Laois","isPSL":true,"privatePSL":false,"vehicleImageId":"1edd2c33-c50f-478e-9181-11af584f121b","imagecount":1,"advertiserName":"Downey's Auto Stop Ltd","isTrade":true},{"advertId":"33913600840457810","vehicleMake":"Nissan","vehicleModel":"Micra","vehicleDerivative":"1.2 5DR SXE (Call Raheny now 087 2211218)","vehiclePriceEuro":7995,"vehicleYearOfManufacture":2010,"advertiserCounty":"Dublin","isPSL":false,"privatePSL":false,"vehicleImageId":"4d2f98e1-4940-4549-bfd1-1dd1867fc3bc","imagecount":9,"advertiserName":"Windsor Raheny","isTrade":true},{"advertId":"34313618892484220","vehicleMake":"Nissan","vehicleModel":"Micra","vehicleDerivative":"1.2 SV 5dr","vehiclePriceEuro":7995,"vehicleYearOfManufacture":2010,"advertiserCounty":"Cork","isPSL":true,"privatePSL":false,"vehicleImageId":"0a0ab657-2c65-4c01-b524-c2ac9d416db8","imagecount":15,"advertiserName":"Autodirect.ie Cork","isTrade":true},{"advertId":"34313608037560530","vehicleMake":"Nissan","vehicleModel":"Micra","vehicleDerivative":"Elite 1.2 5dr   €8995 Less €1000 Scrappage Special","vehiclePriceEuro":7995,"vehicleYearOfManufacture":2010,"advertiserCounty":"Waterford","isPSL":false,"privatePSL":false,"vehicleImageId":"a8257b99-776b-4dcc-b50d-fa315e2d4de3","imagecount":12,"advertiserName":"Walsh's Car Sales","isTrade":true},{"advertId":"29613462403099350","vehicleMake":"Nissan","vehicleModel":"Micra","vehicleDerivative":"1.2 VISIA 5DR","vehiclePriceEuro":7950,"vehicleYearOfManufacture":2010,"advertiserCounty":"Dublin","isPSL":false,"privatePSL":false,"vehicleImageId":"90d0c3a7-2abe-427b-830f-5d98248c5fd2","imagecount":20,"advertiserName":"Harmonstown Motors","isTrade":true},{"advertId":"34213613715594790","vehicleMake":"Nissan","vehicleModel":"Micra","vehicleDerivative":"1.2 VISIA 5DR *** DONIE DAFFY CAR SALES ***","vehiclePriceEuro":7950,"vehicleYearOfManufacture":2010,"advertiserCounty":"Limerick","isPSL":false,"privatePSL":false,"vehicleImageId":"310fcf5f-2cde-4828-a1e2-78098d30645f","imagecount":7,"advertiserName":"Donie Daffy Quality Car Sales","isTrade":true},{"advertId":"4813301808369910","vehicleMake":"Nissan","vehicleModel":"Micra","vehicleDerivative":"1.2 VISIA 5DR *MICHAEL DAFFY CAR SALES*","vehiclePriceEuro":7950,"vehicleYearOfManufacture":2010,"advertiserCounty":"Limerick","isPSL":false,"privatePSL":false,"vehicleImageId":"187cfc8c-65a9-4d21-83e7-8a7c445e5c4b","imagecount":9,"advertiserName":"Michael Daffy Quality Car Sales","isTrade":true},{"advertId":"31913586009303600","vehicleMake":"Nissan","vehicleModel":"Micra","vehicleDerivative":"1.2 VISIA 5DR","vehiclePriceEuro":7950,"vehicleYearOfManufacture":2010,"advertiserCounty":"Louth","isPSL":false,"privatePSL":false,"vehicleImageId":"23a60f34-5e1b-451e-a449-8755a047c7f1","imagecount":7,"advertiserName":"Dunleer Car Sales","isTrade":true},{"advertId":"33213612080443470","vehicleMake":"Nissan","vehicleModel":"Micra","vehicleDerivative":"1.2 XL 5DR ELITE NCT MARCH 2014","vehiclePriceEuro":7650,"vehicleYearOfManufacture":2010,"advertiserCounty":"Dublin","isPSL":true,"privatePSL":false,"vehicleImageId":"df8f3075-27ac-4e7b-a6c7-65fe9db1aa31","imagecount":10,"advertiserName":"Right Price Cars Airport","isTrade":true},{"advertId":"34313620673901570","vehicleMake":"Nissan","vehicleModel":"Micra","vehicleDerivative":"1.2 VISIA 5DR *MICHAEL DAFFY CAR SALES*","vehiclePriceEuro":7500,"vehicleYearOfManufacture":2010,"advertiserCounty":"Limerick","isPSL":false,"privatePSL":false,"vehicleImageId":"eeca1df2-a5dc-4910-b321-f51d2a0615fd","imagecount":9,"advertiserName":"Michael Daffy Quality Car Sales","isTrade":true},{"advertId":"33913619600993240","vehicleMake":"Nissan","vehicleModel":"Micra","vehicleDerivative":"1.2 VISIA 5DR","vehiclePriceEuro":7500,"vehicleYearOfManufacture":2010,"advertiserCounty":"Clare","isPSL":false,"privatePSL":false,"vehicleImageId":"379756c9-263b-402d-8e51-96e80ed0e1fe","imagecount":8,"advertiserName":"John Gleeson Autos","isTrade":true},{"advertId":"34013612009488090","vehicleMake":"Nissan","vehicleModel":"Micra","vehicleDerivative":"1.2 VISIA 5DR nct 03/14 , excellent driver.excellent interior","vehiclePriceEuro":7500,"vehicleYearOfManufacture":2010,"advertiserCounty":"Kildare","isPSL":false,"privatePSL":false,"vehicleImageId":"3ff7803b-41d7-4173-837d-5ccfe5883360","imagecount":12,"advertiserName":"Sean Boland Car Sales (Clane)","isTrade":true},{"advertId":"33913600840590430","vehicleMake":"Nissan","vehicleModel":"Micra","vehicleDerivative":"1.2 5DR  (Call Raheny now 087 2211218)","vehiclePriceEuro":7495,"vehicleYearOfManufacture":2010,"advertiserCounty":"Dublin","isPSL":false,"privatePSL":false,"vehicleImageId":"d2d11d48-cec6-4cd8-8ab7-7988ec86969d","imagecount":8,"advertiserName":"Windsor Raheny","isTrade":true},{"advertId":"34213601604824530","vehicleMake":"Nissan","vehicleModel":"Micra","vehicleDerivative":"1.2 XL 5DR ELITE","vehiclePriceEuro":7450,"vehicleYearOfManufacture":2010,"advertiserCounty":"Cork","isPSL":false,"privatePSL":false,"vehicleImageId":"d9f31b13-d039-4b78-a7d2-e68831f3447c","imagecount":11,"advertiserName":"Right Price Cars Cork","isTrade":true},{"advertId":"31113576635971290","vehicleMake":"Nissan","vehicleModel":"Micra","vehicleDerivative":"****SOLD***SOLD*** ELITE--EXCELLENT FUEL EFFICIENCY--","vehiclePriceEuro":7450,"vehicleYearOfManufacture":2010,"advertiserCounty":"Dublin","isPSL":true,"privatePSL":false,"vehicleImageId":"12389337-8423-4300-99fc-fb0d5cf36c43","imagecount":6,"advertiserName":"Right Price Cars (Prussia Street)","isTrade":true},{"advertId":"33913597545651190","vehicleMake":"Nissan","vehicleModel":"Micra","vehicleDerivative":"1.2 VISIA 5DR","vehiclePriceEuro":7250,"vehicleYearOfManufacture":2010,"advertiserCounty":"Dublin","isPSL":false,"privatePSL":false,"vehicleImageId":"613cda13-6cc2-4860-9bf1-25e8cccdab9d","imagecount":8,"advertiserName":"BG Autos","isTrade":true},{"advertId":"32713597543462840","vehicleMake":"Nissan","vehicleModel":"Micra","vehicleDerivative":"1.2 VISIA 5DR","vehiclePriceEuro":7250,"vehicleYearOfManufacture":2010,"advertiserCounty":"Dublin","isPSL":false,"privatePSL":false,"vehicleImageId":"e69b42b4-a661-4c6d-a575-de30049f3fd2","imagecount":7,"advertiserName":"BG Autos","isTrade":true},{"advertId":"34313612072688340","vehicleMake":"Nissan","vehicleModel":"Micra","vehicleDerivative":"***SOLD**SOLD*** VISIA 5DR--GREAT VALUE--","vehiclePriceEuro":6950,"vehicleYearOfManufacture":2010,"advertiserCounty":"Dublin","isPSL":true,"privatePSL":false,"vehicleImageId":"d13003c4-bda2-4804-acfb-cb7c7e5abda1","imagecount":9,"advertiserName":"Right Price Cars (Prussia Street)","isTrade":true}],"totalAdvertCount":45174}