{"adverts":[{"advertId":"32113529285759780","vehicleMake":"Skoda","vehicleModel":"Citigo","vehicleDerivative":"automatic","vehiclePriceEuro":0,"vehicleYearOfManufacture":2013,"advertiserCounty":"Laois","isPSL":false,"privatePSL":false,"vehicleImageId":"ba02e71b-873c-4d79-98af-9316030a923a","imagecount":10,"advertiserName":"Ballybrittas Motors","isTrade":true},{"advertId":"31913496935071720","vehicleMake":"Skoda","vehicleModel":"Citigo","vehicleDerivative":"#DEMO SALE#MASSIVE SAVINGS# ELEGENCE 1.0 75BHP","vehiclePriceEuro":12750,"vehicleYearOfManufacture":2012,"advertiserCounty":"Dublin","isPSL":false,"privatePSL":false,"vehicleImageId":"7fb43fd0-0444-47a3-a4ba-5e929d54c261","imagecount":11,"advertiserName":"Pilsen Auto Ltd","isTrade":true},{"advertId":"31213480724917180","vehicleMake":"Skoda","vehicleModel":"Citigo","vehicleDerivative":"AMBITION 5 DOOR","vehiclePriceEuro":11500,"vehicleYearOfManufacture":2012,"advertiserCounty":"Kerry","isPSL":false,"privatePSL":false,"vehicleImageId":"7367f594-52d8-42e1-ac38-700380e637b3","imagecount":4,"advertiserName":"Liam Lynch Motors","isTrade":true},{"advertId":"31413596202755740","vehicleMake":"Skoda","vehicleModel":"Citigo","vehicleDerivative":"1.0MPI 60HP AMBITION","vehiclePriceEuro":10950,"vehicleYearOfManufacture":2012,"advertiserCounty":"Kildare","isPSL":false,"privatePSL":false,"vehicleImageId":"3d40eb06-e33c-4e2d-82c1-60241f9e8ca2","imagecount":9,"advertiserName":"Sheehy Motors Naas","isTrade":true},{"advertId":"30713465011704010","vehicleMake":"Skoda","vehicleModel":"Citigo","vehicleDerivative":" Ambition 3dr ","vehiclePriceEuro":10650,"vehicleYearOfManufacture":2012,"advertiserCounty":"Tipperary","isPSL":false,"privatePSL":false,"vehicleImageId":"396e4084-33da-4d92-bbf9-b71145b6d61b","imagecount":6,"advertiserName":"Ryan Motor Power","isTrade":true},{"advertId":"31713596202755280","vehicleMake":"Skoda","vehicleModel":"Citigo","vehicleDerivative":"AMBITION 1.0MPI 60HP","vehiclePriceEuro":10500,"vehicleYearOfManufacture":2012,"advertiserCounty":"Kildare","isPSL":false,"privatePSL":false,"vehicleImageId":"3984b12d-3853-4aa6-9eee-6c04669874bb","imagecount":9,"advertiserName":"Sheehy Motors Naas","isTrade":true},{"advertId":"17013409923143850","vehicleMake":"Skoda","vehicleModel":"Citigo","vehicleDerivative":"1.2 AMBITION 3 DOOR","vehiclePriceEuro":0,"vehicleYearOfManufacture":2012,"advertiserCounty":"Kerry","isPSL":false,"privatePSL":false,"vehicleImageId":"f8b95f7d-6944-4857-ad96-ca9e178637a5","imagecount":7,"advertiserName":"Liam Lynch Motors","isTrade":true},{"advertId":"32913598074925050","vehicleMake":"Skoda","vehicleModel":"Citigo","vehicleDerivative":"1.0 litre low tax","vehiclePriceEuro":10990,"vehicleYearOfManufacture":2010,"advertiserCounty":"Dublin","isPSL":false,"privatePSL":false,"vehicleImageId":"b5e9265c-4434-4ee0-b261-568b1f11e595","imagecount":10,"advertiserName":"Phoenix Motor Centre Ltd","isTrade":true},{"advertId":"32913601628737570","vehicleMake":"Skoda","vehicleModel":"Fabia","vehicleDerivative":"0%APR 1.2 TSi DSG FACTORY EXTRA'S","vehiclePriceEuro":20100,"vehicleYearOfManufacture":2013,"advertiserCounty":"Dublin","isPSL":true,"privatePSL":false,"vehicleImageId":"5bf8b3fd-c812-43f7-a827-2ea6276cf716","imagecount":6,"advertiserName":"Autostation","isTrade":true},{"advertId":"31913584361158600","vehicleMake":"Skoda","vehicleModel":"Fabia","vehicleDerivative":"1.2 TSI DSG-AUTO Ambition","vehiclePriceEuro":19410,"vehicleYearOfManufacture":2013,"advertiserCounty":"Wicklow","isPSL":false,"privatePSL":false,"vehicleImageId":"4920c9c6-f666-41c0-a58a-b124fc982806","imagecount":5,"advertiserName":"Sinnott Autos Ltd","isTrade":true},{"advertId":"31413548989110240","vehicleMake":"Skoda","vehicleModel":"Fabia","vehicleDerivative":"COMBI 1.2 TSI AUTO","vehiclePriceEuro":19000,"vehicleYearOfManufacture":2013,"advertiserCounty":"Kerry","isPSL":false,"privatePSL":false,"vehicleImageId":"fa9b2223-4046-40d2-bb4d-0da2dba1e7bc","imagecount":5,"advertiserName":"Liam Lynch Motors","isTrade":true},{"advertId":"32013584365506720","vehicleMake":"Skoda","vehicleModel":"Fabia","vehicleDerivative":"1.2TSI DSG-AUTO Ambition ","vehiclePriceEuro":18995,"vehicleYearOfManufacture":2013,"advertiserCounty":"Wicklow","isPSL":false,"privatePSL":false,"vehicleImageId":"2bd78134-89f3-4baa-8923-cb510ce0b33f","imagecount":1,"advertiserName":"Sinnott Autos Ltd","isTrade":true},{"advertId":"31913534903711260","vehicleMake":"Skoda","vehicleModel":"Fabia","vehicleDerivative":"COMBI AMBITION 1.6 TDI 75BHP","vehiclePriceEuro":18950,"vehicleYearOfManufacture":2013,"advertiserCounty":"Kerry","isPSL":false,"privatePSL":false,"vehicleImageId":"e5f6d440-b289-4835-99e5-797de4b7fca0","imagecount":4,"advertiserName":"Liam Lynch Motors","isTrade":true},{"advertId":"32113549690256180","vehicleMake":"Skoda","vehicleModel":"Fabia","vehicleDerivative":"1.2 TSI AUTOMATIC","vehiclePriceEuro":18600,"vehicleYearOfManufacture":2013,"advertiserCounty":"Kerry","isPSL":false,"privatePSL":false,"vehicleImageId":"f6bece2b-ed03-4863-a261-8e8b399e9344","imagecount":4,"advertiserName":"Liam Lynch Motors","isTrade":true},{"advertId":"413198814367980","vehicleMake":"Skoda","vehicleModel":"Fabia","vehicleDerivative":"1.2 TSI 105 BHP, MONTE CARLO, CALL US NOW,CORK CITYS ONLY SKODA DEALER","vehiclePriceEuro":18250,"vehicleYearOfManufacture":2013,"advertiserCounty":"Cork","isPSL":false,"privatePSL":false,"vehicleImageId":"e3ea244e-ebc0-4cd5-8e89-9588a3bd8ec1","imagecount":5,"advertiserName":"Noel Deasy Cars Ltd","isTrade":true},{"advertId":"413262928628360","vehicleMake":"Skoda","vehicleModel":"Fabia","vehicleDerivative":"1.6 TDI 75 BHP","vehiclePriceEuro":18000,"vehicleYearOfManufacture":2013,"advertiserCounty":"Kerry","isPSL":false,"privatePSL":false,"vehicleImageId":"c559a9ff-3311-47d8-9747-7b869b343efd","imagecount":2,"advertiserName":"Liam Lynch Motors","isTrade":true},{"advertId":"33413615584223270","vehicleMake":"Skoda","vehicleModel":"Fabia","vehicleDerivative":"1.6 TDI AMBITION","vehiclePriceEuro":17950,"vehicleYearOfManufacture":2013,"advertiserCounty":"Kerry","isPSL":false,"privatePSL":false,"vehicleImageId":"8729696b-e0af-400a-ae4d-bcc4acd6daa6","imagecount":5,"advertiserName":"Liam Lynch Motors","isTrade":true},{"advertId":"32913600691376050","vehicleMake":"Skoda","vehicleModel":"Fabia","vehicleDerivative":"Combi 1.2TSI 85BHP AMBI","vehiclePriceEuro":17000,"vehicleYearOfManufacture":2013,"advertiserCounty":"Wicklow","isPSL":false,"privatePSL":false,"vehicleImageId":"2a6f691c-efa1-4305-8838-2839f3e56632","imagecount":7,"advertiserName":"Sinnott Autos Ltd","isTrade":true},{"advertId":"31313476333516680","vehicleMake":"Skoda","vehicleModel":"Fabia","vehicleDerivative":"Monte Carlo 1.2 HTP 60HP","vehiclePriceEuro":16995,"vehicleYearOfManufacture":2013,"advertiserCounty":"Galway","isPSL":true,"privatePSL":false,"vehicleImageId":"0bfc9323-d418-40f2-8cbf-69dfc8ad1f05","imagecount":7,"advertiserName":"Monaghan & Sons","isTrade":true},{"advertId":"33413600616097170","vehicleMake":"Skoda","vehicleModel":"Fabia","vehicleDerivative":"ELEGANCE 1.2 TSI 105HP 4DR","vehiclePriceEuro":16950,"vehicleYearOfManufacture":2013,"advertiserCounty":"Galway","isPSL":true,"privatePSL":false,"vehicleImageId":"919477a7-9b60-4a5a-899c-afeeedea06b1","imagecount":8,"advertiserName":"Monaghan & Sons","isTrade":true},{"advertId":"32013519387202480","vehicleMake":"Skoda","vehicleModel":"Fabia","vehicleDerivative":"1.2 TSI Sportline","vehiclePriceEuro":16835,"vehicleYearOfManufacture":2013,"advertiserCounty":"Wexford","isPSL":false,"privatePSL":false,"vehicleImageId":"449b2c79-784f-43e9-a537-628bbb40bb36","imagecount":9,"advertiserName":"J Donohoe Motors","isTrade":true},{"advertId":"32113553139940390","vehicleMake":"Skoda","vehicleModel":"Fabia","vehicleDerivative":"1.2T htp 60bhp","vehiclePriceEuro":16525,"vehicleYearOfManufacture":2013,"advertiserCounty":"Limerick","isPSL":true,"privatePSL":false,"vehicleImageId":"eecfe79d-fa2b-47ef-ab60-394003ad2941","imagecount":10,"advertiserName":"Frank Hogan Ltd.","isTrade":true},{"advertId":"31913557402800740","vehicleMake":"Skoda","vehicleModel":"Fabia","vehicleDerivative":"MONTE CARLO","vehiclePriceEuro":16380,"vehicleYearOfManufacture":2013,"advertiserCounty":"Laois","isPSL":false,"privatePSL":false,"vehicleImageId":"cb2bb07c-d16b-4ac1-bf5f-935ad5690154","imagecount":7,"advertiserName":"Ballybrittas Motors","isTrade":true},{"advertId":"32013534899957660","vehicleMake":"Skoda","vehicleModel":"Fabia","vehicleDerivative":"COMBI AMBITION 1.2 70BHP","vehiclePriceEuro":16300,"vehicleYearOfManufacture":2013,"advertiserCounty":"Kerry","isPSL":false,"privatePSL":false,"vehicleImageId":"1b1ce3ac-9b29-4e93-9a6a-5dd99866de4c","imagecount":4,"advertiserName":"Liam Lynch Motors","isTrade":true},{"advertId":"131097517586727","vehicleMake":"Skoda","vehicleModel":"Fabia","vehicleDerivative":"AMBIENTE 1.2 COMBI FACELIFT CALL US NOW GREAT VALUE","vehiclePriceEuro":16275,"vehicleYearOfManufacture":2013,"advertiserCounty":"Cork","isPSL":false,"privatePSL":false,"vehicleImageId":"580581f5-7786-4c46-a3c9-d7eae3368b30","imagecount":2,"advertiserName":"Noel Deasy Cars Ltd","isTrade":true},{"advertId":"31113540346018730","vehicleMake":"Skoda","vehicleModel":"Fabia","vehicleDerivative":"Combi Ambition 1.2TSI DEMO","vehiclePriceEuro":15950,"vehicleYearOfManufacture":2013,"advertiserCounty":"Wicklow","isPSL":false,"privatePSL":false,"vehicleImageId":"eba08568-0f5d-4438-8fdf-cf6f869ca2c8","imagecount":2,"advertiserName":"Sinnott Autos Ltd","isTrade":true},{"advertId":"32913600636088890","vehicleMake":"Skoda","vehicleModel":"Fabia","vehicleDerivative":"Combi Ambition 1.2TSI DEMO","vehiclePriceEuro":15950,"vehicleYearOfManufacture":2013,"advertiserCounty":"Wicklow","isPSL":false,"privatePSL":false,"vehicleImageId":"a55e4577-82e1-4290-84c5-b9a9f857b726","imagecount":2,"advertiserName":"Sinnott Autos Ltd","isTrade":true},{"advertId":"34013615586532840","vehicleMake":"Skoda","vehicleModel":"Fabia","vehicleDerivative":"COMI 1.2 AMBITION","vehiclePriceEuro":15950,"vehicleYearOfManufacture":2013,"advertiserCounty":"Kerry","isPSL":false,"privatePSL":false,"vehicleImageId":"8d3b4cbf-ff70-4189-b2c6-dd93c30d8e89","imagecount":4,"advertiserName":"Liam Lynch Motors","isTrade":true},{"advertId":"131097519754094","vehicleMake":"Skoda","vehicleModel":"Fabia","vehicleDerivative":"1.2 AMBITION 60 BHP,ARTIC GREEN,2014 SPEC CAR NEW STEERING WHEEL+GEARKNOB+NEW LOGOS+BLUETOOTH+REAR PARK ASSIST+ARMREST","vehiclePriceEuro":15350,"vehicleYearOfManufacture":2013,"advertiserCounty":"Cork","isPSL":false,"privatePSL":false,"vehicleImageId":"32cd55c0-edcd-4501-8472-1c78ca8bf08a","imagecount":4,"advertiserName":"Noel Deasy Cars Ltd","isTrade":true},{"advertId":"31713555014157570","vehicleMake":"Skoda","vehicleModel":"Fabia","vehicleDerivative":"AMBITION 1.2HTP 60BHP","vehiclePriceEuro":14920,"vehicleYearOfManufacture":2013,"advertiserCounty":"Wicklow","isPSL":false,"privatePSL":false,"vehicleImageId":"8dc8ce71-c83e-49a5-9f90-056a26bd1ad8","imagecount":6,"advertiserName":"Sinnott Autos Ltd","isTrade":true},{"advertId":"34213606955284410","vehicleMake":"Skoda","vehicleModel":"Fabia","vehicleDerivative":"Ambiente","vehiclePriceEuro":14900,"vehicleYearOfManufacture":2013,"advertiserCounty":"Limerick","isPSL":true,"privatePSL":false,"imagecount":0,"advertiserName":"Frank Hogan Ltd.","isTrade":true},{"advertId":"6413373549883240","vehicleMake":"Skoda","vehicleModel":"Fabia","vehicleDerivative":"1.2 Htp Ambition 60 Bhp","vehiclePriceEuro":0,"vehicleYearOfManufacture":2013,"advertiserCounty":"Cork","isPSL":false,"privatePSL":false,"vehicleImageId":"079caf67-e0b6-478f-b87b-ca2c48ee8651","imagecount":6,"advertiserName":"Eamonn Tarrant & Sons Ltd","isTrade":true},{"advertId":"33213619811198230","vehicleMake":"Skoda","vehicleModel":"Fabia","vehicleDerivative":"AMBIENTE COMBI 1.6 TDI 66KW 4 4DR","vehiclePriceEuro":17250,"vehicleYearOfManufacture":2012,"advertiserCounty":"Cork","isPSL":false,"privatePSL":false,"vehicleImageId":"a4b86583-53d9-4f32-a642-02a03f1969b0","imagecount":7,"advertiserName":"Eamonn Tarrant & Sons Ltd","isTrade":true},{"advertId":"33413619778188230","vehicleMake":"Skoda","vehicleModel":"Fabia","vehicleDerivative":"MONTE CARLO 1.6 TDI 75HP 4DR","vehiclePriceEuro":16950,"vehicleYearOfManufacture":2012,"advertiserCounty":"Tipperary","isPSL":false,"privatePSL":false,"vehicleImageId":"6df4deb4-83f8-47c6-8160-d8a350fb51f4","imagecount":16,"advertiserName":"Ryan Motor Power","isTrade":true},{"advertId":"32913596202744130","vehicleMake":"Skoda","vehicleModel":"Fabia","vehicleDerivative":"1.6TDI MONTE CARLO","vehiclePriceEuro":16950,"vehicleYearOfManufacture":2012,"advertiserCounty":"Kildare","isPSL":false,"privatePSL":false,"vehicleImageId":"1497b85e-ee42-4d80-af7e-ff89693f43c5","imagecount":9,"advertiserName":"Sheehy Motors Naas","isTrade":true},{"advertId":"32113501244154540","vehicleMake":"Skoda","vehicleModel":"Fabia","vehicleDerivative":"MONTE CARLO 1.2 TSI 105HP","vehiclePriceEuro":15995,"vehicleYearOfManufacture":2012,"advertiserCounty":"Waterford","isPSL":false,"privatePSL":false,"vehicleImageId":"6a372447-9856-4cb9-bb00-16e974aee79f","imagecount":3,"advertiserName":"Martin Barrett","isTrade":true},{"advertId":"713262928309130","vehicleMake":"Skoda","vehicleModel":"Fabia","vehicleDerivative":"***IN STOCK NOW***","vehiclePriceEuro":15250,"vehicleYearOfManufacture":2012,"advertiserCounty":"Kerry","isPSL":false,"privatePSL":false,"vehicleImageId":"5b451b38-7ece-4ab1-ac59-8d629358a401","imagecount":2,"advertiserName":"Liam Lynch Motors","isTrade":true},{"advertId":"34013614383923630","vehicleMake":"Skoda","vehicleModel":"Fabia","vehicleDerivative":"AMBIENTE COMBI 1.6 TDI 55KW 16\" ALLOYS,AS NEW,CAPPUCCINO BEIGE","vehiclePriceEuro":14950,"vehicleYearOfManufacture":2012,"advertiserCounty":"Cork","isPSL":false,"privatePSL":false,"vehicleImageId":"c9837679-efbf-4d83-9aa7-6142fefe1521","imagecount":4,"advertiserName":"Noel Deasy Cars Ltd","isTrade":true},{"advertId":"31513534344873360","vehicleMake":"Skoda","vehicleModel":"Fabia","vehicleDerivative":"SE TDI CR - SOLD","vehiclePriceEuro":14900,"vehicleYearOfManufacture":2012,"advertiserCounty":"Meath","isPSL":false,"privatePSL":false,"vehicleImageId":"75df5993-89ae-4019-9973-25eb91117143","imagecount":1,"advertiserName":"John Kelly Motor Co.","isTrade":true},{"advertId":"31813533285736320","vehicleMake":"Skoda","vehicleModel":"Fabia","vehicleDerivative":" SE TDI CR..","vehiclePriceEuro":14900,"vehicleYearOfManufacture":2012,"advertiserCounty":"Meath","isPSL":false,"privatePSL":false,"vehicleImageId":"60bcf317-d77a-4827-9cc1-f2124a2e4b4c","imagecount":7,"advertiserName":"John Kelly Motor Co.","isTrade":true},{"advertId":"31813560161871150","vehicleMake":"Skoda","vehicleModel":"Fabia","vehicleDerivative":"1.6 DIESEL","vehiclePriceEuro":14499,"vehicleYearOfManufacture":2012,"advertiserCounty":"Dublin","isPSL":false,"privatePSL":false,"vehicleImageId":"ceb9a5b7-a3d5-470f-838f-34b9b481f0f1","imagecount":8,"advertiserName":"GK Motors","isTrade":true},{"advertId":"32713590539635360","vehicleMake":"Skoda","vehicleModel":"Fabia","vehicleDerivative":"Monte Carlo 1.2 4 Door","vehiclePriceEuro":14450,"vehicleYearOfManufacture":2012,"advertiserCounty":"Kilkenny","isPSL":false,"privatePSL":false,"vehicleImageId":"5d6fa8fc-132e-4012-affe-e802bbf1f51d","imagecount":9,"advertiserName":"Laharts Skoda","isTrade":true},{"advertId":"131097517018598","vehicleMake":"Skoda","vehicleModel":"Fabia","vehicleDerivative":"1.2 AMBIENTE FL,VW BANK FINANCE 5.9% APR,CALL NOW!","vehiclePriceEuro":14250,"vehicleYearOfManufacture":2012,"advertiserCounty":"Cork","isPSL":false,"privatePSL":false,"vehicleImageId":"9484e531-a81f-4893-9da7-04708c91f2c0","imagecount":6,"advertiserName":"Noel Deasy Cars Ltd","isTrade":true},{"advertId":"33213608646785120","vehicleMake":"Skoda","vehicleModel":"Fabia","vehicleDerivative":"COMBI 1.6 TDI 75HP 5DR","vehiclePriceEuro":13950,"vehicleYearOfManufacture":2012,"advertiserCounty":"Longford","isPSL":false,"privatePSL":false,"vehicleImageId":"e4eac192-75e5-4dd4-b526-0577413b2c4a","imagecount":3,"advertiserName":"Michael Shaw Car Sales","isTrade":true},{"advertId":"31113533281952710","vehicleMake":"Skoda","vehicleModel":"Fabia","vehicleDerivative":"1.6 - SOLD","vehiclePriceEuro":13900,"vehicleYearOfManufacture":2012,"advertiserCounty":"Meath","isPSL":false,"privatePSL":false,"vehicleImageId":"13bfd693-6e8e-43e7-8c4a-bcb5c4636a65","imagecount":4,"advertiserName":"John Kelly Motor Co.","isTrade":true},{"advertId":"32013494498303950","vehicleMake":"Skoda","vehicleModel":"Fabia","vehicleDerivative":"1.2 HTP  60BHP AMBITION ","vehiclePriceEuro":12995,"vehicleYearOfManufacture":2012,"advertiserCounty":"Donegal","isPSL":false,"privatePSL":false,"vehicleImageId":"ac7d8068-6e20-4a84-9390-ee3d3c37ad4a","imagecount":12,"advertiserName":"DMG Motors Ltd","isTrade":true},{"advertId":"31113576644791440","vehicleMake":"Skoda","vehicleModel":"Fabia","vehicleDerivative":"Ambiente","vehiclePriceEuro":12995,"vehicleYearOfManufacture":2012,"advertiserCounty":"Louth","isPSL":false,"privatePSL":false,"vehicleImageId":"57672e5c-821a-4de1-b94d-1185ea79a475","imagecount":9,"advertiserName":"Western Motors (Drogheda)","isTrade":true},{"advertId":"31113595666842450","vehicleMake":"Skoda","vehicleModel":"Fabia","vehicleDerivative":"AMBITION 1.2HTP 60HP 4DR","vehiclePriceEuro":12995,"vehicleYearOfManufacture":2012,"advertiserCounty":"Waterford","isPSL":false,"privatePSL":false,"vehicleImageId":"6b9cbeac-ade4-4298-ab91-5089e02429f4","imagecount":3,"advertiserName":"Martin Barrett","isTrade":true},{"advertId":"31113573780543110","vehicleMake":"Skoda","vehicleModel":"Fabia","vehicleDerivative":"FL AMBIENTE 1.2 60HP 5DR","vehiclePriceEuro":12950,"vehicleYearOfManufacture":2012,"advertiserCounty":"Laois","isPSL":false,"privatePSL":false,"vehicleImageId":"2ef70248-b730-43fe-9f0b-3a4f4bc98faa","imagecount":6,"advertiserName":"Ballybrittas Motors","isTrade":true},{"advertId":"32113546318030520","vehicleMake":"Skoda","vehicleModel":"Fabia","vehicleDerivative":"AMBITION 1.2HTP 60HP 4DR","vehiclePriceEuro":12950,"vehicleYearOfManufacture":2012,"advertiserCounty":"Waterford","isPSL":false,"privatePSL":false,"vehicleImageId":"59b011cf-6920-4d26-b2fb-1d98793c28a5","imagecount":3,"advertiserName":"Martin Barrett","isTrade":true},{"advertId":"31813597945431740","vehicleMake":"Skoda","vehicleModel":"Fabia","vehicleDerivative":"AMBITION 1.2HTP 4DR 44KW","vehiclePriceEuro":12750,"vehicleYearOfManufacture":2012,"advertiserCounty":"Laois","isPSL":false,"privatePSL":false,"vehicleImageId":"bf150bfd-fc05-4d08-a333-bc7ee171ca50","imagecount":5,"advertiserName":"Ballybrittas Motors","isTrade":true},{"advertId":"29413455462997110","vehicleMake":"Skoda","vehicleModel":"Fabia","vehicleDerivative":"FL AMBIENTE 1.2 70HP 5DR","vehiclePriceEuro":12500,"vehicleYearOfManufacture":2012,"advertiserCounty":"Kerry","isPSL":false,"privatePSL":false,"vehicleImageId":"4a7b4f77-f527-4daa-8801-2a79860a755b","imagecount":4,"advertiserName":"Liam Lynch Motors","isTrade":true},{"advertId":"30913474505279780","vehicleMake":"Skoda","vehicleModel":"Fabia","vehicleDerivative":"AMBITION 1.2HTP 4DR 44KW","vehiclePriceEuro":12500,"vehicleYearOfManufacture":2012,"advertiserCounty":"Mayo","isPSL":false,"privatePSL":false,"vehicleImageId":"943ee08e-3d1b-4eea-8579-fa8cc0f70af3","imagecount":5,"advertiserName":"Monaghan & Sons Castlebar","isTrade":true},{"advertId":"30613471187108090","vehicleMake":"Skoda","vehicleModel":"Fabia","vehicleDerivative":"FL AMBIENTE 1.2 60HP 5DR","vehiclePriceEuro":12495,"vehicleYearOfManufacture":2012,"advertiserCounty":"Longford","isPSL":false,"privatePSL":false,"vehicleImageId":"8269eed5-36ac-4a97-bf9a-beb5cb323184","imagecount":6,"advertiserName":"Michael Shaw Car Sales","isTrade":true},{"advertId":"29813449320787840","vehicleMake":"Skoda","vehicleModel":"Fabia","vehicleDerivative":"DEMO SALE!! 5.9% FINANCE AVAILABLE! AMBITION 1.2HTP 4DR ","vehiclePriceEuro":12450,"vehicleYearOfManufacture":2012,"advertiserCounty":"Dublin","isPSL":false,"privatePSL":false,"vehicleImageId":"9f056c31-1d91-48b4-a6ba-4e0d22c2c27c","imagecount":10,"advertiserName":"Pilsen Auto Ltd","isTrade":true},{"advertId":"31413512471774600","vehicleMake":"Skoda","vehicleModel":"Fabia","vehicleDerivative":"#SAME DAY 5.9% FINANCE AVAILABLE#DEMO SALE#AMBITION 1.2HTP 60HP 4DR","vehiclePriceEuro":12450,"vehicleYearOfManufacture":2012,"advertiserCounty":"Dublin","isPSL":false,"privatePSL":false,"vehicleImageId":"440bfc32-1aa9-49da-ad9a-daba8071c98c","imagecount":11,"advertiserName":"Pilsen Auto Ltd","isTrade":true},{"advertId":"29713449568166610","vehicleMake":"Skoda","vehicleModel":"Fabia","vehicleDerivative":"DEMO SALE!! 5.9% SKODA FINANCE AVAILABLE! 18MTHS MANUFACTURER WARRANTY!!! AMBITION 1.2HTP 4DR 44KW","vehiclePriceEuro":12450,"vehicleYearOfManufacture":2012,"advertiserCounty":"Dublin","isPSL":false,"privatePSL":false,"vehicleImageId":"feb0f907-2b4b-4072-a133-6475499fd122","imagecount":6,"advertiserName":"Pilsen Auto Ltd","isTrade":true},{"advertId":"30113444414570860","vehicleMake":"Skoda","vehicleModel":"Fabia","vehicleDerivative":"DEMO SALE!!!MASSIVE SAVINGS 5.9% SAME DAY FINANCE AVAILABLE AMBITION 1.2HTP 4DR 51KW","vehiclePriceEuro":12450,"vehicleYearOfManufacture":2012,"advertiserCounty":"Dublin","isPSL":false,"privatePSL":false,"vehicleImageId":"1ec1c274-cc5a-48af-9d74-41883994fcc5","imagecount":6,"advertiserName":"Pilsen Auto Ltd","isTrade":true},{"advertId":"34213602526602590","vehicleMake":"Skoda","vehicleModel":"Fabia","vehicleDerivative":"AMBITION 1.2HTP 4DR 44KW","vehiclePriceEuro":12250,"vehicleYearOfManufacture":2012,"advertiserCounty":"Tipperary","isPSL":false,"privatePSL":false,"vehicleImageId":"3ff39b6c-2c71-4830-97ee-f301cff40abc","imagecount":5,"advertiserName":"Fahy & Ryan Car Sales Limited","isTrade":true},{"advertId":"31713576644812150","vehicleMake":"Skoda","vehicleModel":"Fabia","vehicleDerivative":"Active 1.2HTP 4 Door","vehiclePriceEuro":11950,"vehicleYearOfManufacture":2012,"advertiserCounty":"Kilkenny","isPSL":false,"privatePSL":false,"vehicleImageId":"29611fc6-35d8-4eda-bcf3-b14d6f40dd38","imagecount":9,"advertiserName":"Laharts Skoda","isTrade":true},{"advertId":"32013576644812370","vehicleMake":"Skoda","vehicleModel":"Fabia","vehicleDerivative":"Active 1.2HTP 60bhp 4 Door","vehiclePriceEuro":11950,"vehicleYearOfManufacture":2012,"advertiserCounty":"Kilkenny","isPSL":false,"privatePSL":false,"vehicleImageId":"7f616dba-685e-44eb-909a-bb02cdf3101a","imagecount":9,"advertiserName":"Laharts Skoda","isTrade":true},{"advertId":"31513576644813410","vehicleMake":"Skoda","vehicleModel":"Fabia","vehicleDerivative":"Active 1.2 4 Door","vehiclePriceEuro":11950,"vehicleYearOfManufacture":2012,"advertiserCounty":"Kilkenny","isPSL":false,"privatePSL":false,"vehicleImageId":"228066f8-4be8-4d9c-8d0c-8965e02079dd","imagecount":9,"advertiserName":"Laharts Skoda","isTrade":true},{"advertId":"29813446130493020","vehicleMake":"Skoda","vehicleModel":"Fabia","vehicleDerivative":"DEMO SALE!!! 5.9% SAME DAY FINANCE AVAILABLE MASSIVE SAVINGS UPGRADED ALLOYS ACTIVE 1.2HTP 44KW 4DR","vehiclePriceEuro":11950,"vehicleYearOfManufacture":2012,"advertiserCounty":"Dublin","isPSL":false,"privatePSL":false,"vehicleImageId":"3043b267-46c1-45a9-a736-b56a23b443cb","imagecount":6,"advertiserName":"Pilsen Auto Ltd","isTrade":true},{"advertId":"34213605869102580","vehicleMake":"Skoda","vehicleModel":"Fabia","vehicleDerivative":"MONTE CARLO 1.2 TSI 105HP 4DR","vehiclePriceEuro":0,"vehicleYearOfManufacture":2012,"advertiserCounty":"Louth","isPSL":false,"privatePSL":false,"vehicleImageId":"fe55965b-d61a-43a1-a3fe-43ce0a1d0354","imagecount":8,"advertiserName":"Drogheda Car Sales Ltd","isTrade":true},{"advertId":"33413602533615690","vehicleMake":"Skoda","vehicleModel":"Fabia","vehicleDerivative":"MONTE CARLO 1.2 TSI 105HP 4DR","vehiclePriceEuro":0,"vehicleYearOfManufacture":2012,"advertiserCounty":"Monaghan","isPSL":false,"privatePSL":false,"vehicleImageId":"f0b2a3a2-649b-44e7-8cb2-984026ef5e0b","imagecount":10,"advertiserName":"Doran Motors Ltd","isTrade":true},{"advertId":"34113612730576290","vehicleMake":"Skoda","vehicleModel":"Fabia","vehicleDerivative":"AMBITION 1.2HTP 4DR 44KW","vehiclePriceEuro":0,"vehicleYearOfManufacture":2012,"advertiserCounty":"Laois","isPSL":false,"privatePSL":false,"vehicleImageId":"ef8e61d2-aad0-4be1-9737-f6ce18a1ae14","imagecount":5,"advertiserName":"Ballybrittas Motors","isTrade":true},{"advertId":"6913357938967020","vehicleMake":"Skoda","vehicleModel":"Fabia","vehicleDerivative":"MONTE CARLO 1.2HTP 4DR","vehiclePriceEuro":0,"vehicleYearOfManufacture":2012,"advertiserCounty":"Waterford","isPSL":false,"privatePSL":false,"vehicleImageId":"3c0d80df-37a2-435d-82c0-dacae57d2d0f","imagecount":2,"advertiserName":"Martin Barrett","isTrade":true},{"advertId":"33913600602412730","vehicleMake":"Skoda","vehicleModel":"Fabia","vehicleDerivative":"ELEGANCE 1.6TDi Combi","vehiclePriceEuro":16950,"vehicleYearOfManufacture":2011,"advertiserCounty":"Dublin","isPSL":true,"privatePSL":false,"vehicleImageId":"7eac2f4b-df4d-4967-85c9-0bbb51d711c4","imagecount":8,"advertiserName":"Autostation","isTrade":true},{"advertId":"30813488483018570","vehicleMake":"Skoda","vehicleModel":"Fabia","vehicleDerivative":"H/B RS 5DR AUTO","vehiclePriceEuro":15995,"vehicleYearOfManufacture":2011,"advertiserCounty":"Waterford","isPSL":false,"privatePSL":false,"vehicleImageId":"f9d8a3fe-0411-4274-a800-8bcaed27f793","imagecount":3,"advertiserName":"Martin Barrett","isTrade":true},{"advertId":"34213619581028470","vehicleMake":"Skoda","vehicleModel":"Fabia","vehicleDerivative":"FL AMBIENTE 1.6 TDI 75HP","vehiclePriceEuro":13995,"vehicleYearOfManufacture":2011,"advertiserCounty":"Tipperary","isPSL":false,"privatePSL":false,"vehicleImageId":"7bbdf542-eccb-40e0-b88f-4ef4ec662ecb","imagecount":10,"advertiserName":"Newport Motors Ltd","isTrade":true},{"advertId":"31113579955289190","vehicleMake":"Skoda","vehicleModel":"Fabia","vehicleDerivative":"COM FL AMBIENTE 1.2 70HP 5DR","vehiclePriceEuro":13450,"vehicleYearOfManufacture":2011,"advertiserCounty":"Dublin","isPSL":false,"privatePSL":false,"vehicleImageId":"ccd64601-37d3-4e9b-b2eb-7e53abadbab5","imagecount":9,"advertiserName":"Annesley Williams Ltd","isTrade":true},{"advertId":"31913578119399030","vehicleMake":"Skoda","vehicleModel":"Fabia","vehicleDerivative":"Ambiente 1.6TDI 75HP","vehiclePriceEuro":12950,"vehicleYearOfManufacture":2011,"advertiserCounty":"Galway","isPSL":true,"privatePSL":false,"vehicleImageId":"7ced78cd-9519-45de-b15c-ca81726d64f0","imagecount":8,"advertiserName":"Monaghan & Sons","isTrade":true},{"advertId":"7213389957051760","vehicleMake":"Skoda","vehicleModel":"Fabia","vehicleDerivative":"1.6TDi SE 105BPH *MINT CONDITION* *WARRANTY* *HISTORY CHECK* *ROCHFORD MOTORS MAIN DEALER*","vehiclePriceEuro":12950,"vehicleYearOfManufacture":2011,"advertiserCounty":"Mayo","isPSL":false,"privatePSL":false,"vehicleImageId":"3f3515ed-b04b-4a71-99bb-bbc821460bd6","imagecount":17,"advertiserName":"Rochford Motors","isTrade":true},{"advertId":"34213622184481680","vehicleMake":"Skoda","vehicleModel":"Fabia","vehicleDerivative":"COMBI AMBITION 1.2 16' ALLOYS","vehiclePriceEuro":12950,"vehicleYearOfManufacture":2011,"advertiserCounty":"Dublin","isPSL":true,"privatePSL":false,"vehicleImageId":"8d293008-917a-4286-a978-50b19c6d51f3","imagecount":9,"advertiserName":"Autostation","isTrade":true},{"advertId":"16413408742962180","vehicleMake":"Skoda","vehicleModel":"Fabia","vehicleDerivative":"SPORTLINE1.2HTP 60BHP 4 4DR","vehiclePriceEuro":12950,"vehicleYearOfManufacture":2011,"advertiserCounty":"Westmeath","isPSL":true,"privatePSL":false,"vehicleImageId":"ac1d0a44-4643-4088-9590-d1cbe39ff2db","imagecount":10,"advertiserName":"Michael Moore Athlone","isTrade":true},{"advertId":"29213457190959120","vehicleMake":"Skoda","vehicleModel":"Fabia","vehicleDerivative":" AMBIENTE 1.6 TDI  5DR contact glenn on 0877963174","vehiclePriceEuro":12850,"vehicleYearOfManufacture":2011,"advertiserCounty":"Longford","isPSL":false,"privatePSL":false,"vehicleImageId":"1e5826b6-dc3e-4020-8acb-983b58f7ca51","imagecount":7,"advertiserName":"Michael Shaw Car Sales","isTrade":true},{"advertId":"31713566579145330","vehicleMake":"Skoda","vehicleModel":"Fabia","vehicleDerivative":"5DR 1.2 AMBIENTE **ONLY €280 ROAD TAX**","vehiclePriceEuro":11995,"vehicleYearOfManufacture":2011,"advertiserCounty":"Dublin","isPSL":false,"privatePSL":false,"vehicleImageId":"687619c9-9333-48d6-867d-5696cc94bb67","imagecount":7,"advertiserName":"Windsor Bray","isTrade":true},{"advertId":"30613472712502650","vehicleMake":"Skoda","vehicleModel":"Fabia","vehicleDerivative":"COM FL AMBIENTE 1.2 70HP 5DR","vehiclePriceEuro":11950,"vehicleYearOfManufacture":2011,"advertiserCounty":"Mayo","isPSL":false,"privatePSL":false,"vehicleImageId":"dbc8f3bf-fd72-4e80-9269-b0ffb2f576f5","imagecount":8,"advertiserName":"Monaghan & Sons Castlebar","isTrade":true},{"advertId":"31113493670975980","vehicleMake":"Skoda","vehicleModel":"Fabia","vehicleDerivative":"SPORTLINE 1.2HTP 60BHP 4 4DR","vehiclePriceEuro":11950,"vehicleYearOfManufacture":2011,"advertiserCounty":"Waterford","isPSL":false,"privatePSL":false,"vehicleImageId":"d0747667-f2db-42b2-80c8-2e5d0717a50c","imagecount":3,"advertiserName":"Martin Barrett","isTrade":true},{"advertId":"31513592120100820","vehicleMake":"Skoda","vehicleModel":"Fabia","vehicleDerivative":"UPGRADED 16\" ALLOY'S#ALSO FREE SERVICE INCLUDED WITH PURCHASE# COM FL AMBIENTE 1.2 70HP 5DR","vehiclePriceEuro":11750,"vehicleYearOfManufacture":2011,"advertiserCounty":"Dublin","isPSL":false,"privatePSL":false,"vehicleImageId":"765b72d9-ddc6-4afe-b876-4602a8dcda25","imagecount":11,"advertiserName":"Pilsen Auto Ltd","isTrade":true},{"advertId":"201302211932537","vehicleMake":"Skoda","vehicleModel":"Fabia","vehicleDerivative":"FL AMBIENTE 1.2 TSI 85HP 5DR","vehiclePriceEuro":11250,"vehicleYearOfManufacture":2011,"advertiserCounty":"Dublin","isPSL":true,"privatePSL":false,"vehicleImageId":"14260948","imagecount":8,"isTrade":false},{"advertId":"33413614660617910","vehicleMake":"Skoda","vehicleModel":"Fabia","vehicleDerivative":"FL AMBIENTE 1.2 60HP 5DR","vehiclePriceEuro":10995,"vehicleYearOfManufacture":2011,"advertiserCounty":"Limerick","isPSL":false,"privatePSL":false,"vehicleImageId":"896dfdae-5f62-458e-b82f-aebc3bf87932","imagecount":12,"advertiserName":"Clareview Car Sales and Rentals","isTrade":true},{"advertId":"34213620463483820","vehicleMake":"Skoda","vehicleModel":"Fabia","vehicleDerivative":"FL AMBIENTE 1.2 60HP 5DR","vehiclePriceEuro":10995,"vehicleYearOfManufacture":2011,"advertiserCounty":"Waterford","isPSL":false,"privatePSL":false,"imagecount":0,"advertiserName":"Martin Barrett","isTrade":true},{"advertId":"33213602440999220","vehicleMake":"Skoda","vehicleModel":"Fabia","vehicleDerivative":"FL AMBIENTE 1.2 60HP 5DR","vehiclePriceEuro":10950,"vehicleYearOfManufacture":2011,"advertiserCounty":"Dublin","isPSL":true,"privatePSL":false,"vehicleImageId":"81657f13-6618-4d91-8151-f1b7321055f2","imagecount":11,"advertiserName":"3 Rock Cars","isTrade":true},{"advertId":"31713552451704850","vehicleMake":"Skoda","vehicleModel":"Fabia","vehicleDerivative":"Ambiente 1.2 60HP 5DR","vehiclePriceEuro":10950,"vehicleYearOfManufacture":2011,"advertiserCounty":"Dublin","isPSL":true,"privatePSL":false,"vehicleImageId":"e4f3ea23-ffdf-44a0-a8ea-5cb1757c5e0f","imagecount":9,"advertiserName":"MSL Volkswagen Sandyford","isTrade":true},{"advertId":"32113555043687000","vehicleMake":"Skoda","vehicleModel":"Fabia","vehicleDerivative":"Ambiente","vehiclePriceEuro":10950,"vehicleYearOfManufacture":2011,"advertiserCounty":"Donegal","isPSL":false,"privatePSL":false,"vehicleImageId":"f5938777-e65a-4a18-8f7e-5de0a0061554","imagecount":11,"advertiserName":"S & R Motors","isTrade":true},{"advertId":"31813547255415580","vehicleMake":"Skoda","vehicleModel":"Fabia","vehicleDerivative":"AMBIENTE 1.2 60HP 5DR","vehiclePriceEuro":10750,"vehicleYearOfManufacture":2011,"advertiserCounty":"Meath","isPSL":true,"privatePSL":false,"vehicleImageId":"2b8b984a-126d-44ae-b676-7b8d6aa2abb1","imagecount":5,"advertiserName":"Joe Norris Motors Main Renault Dealers Est 1986","isTrade":true},{"advertId":"32113545418657800","vehicleMake":"Skoda","vehicleModel":"Fabia","vehicleDerivative":"FL AMBIENTE 1.2 60HP 5DR","vehiclePriceEuro":10750,"vehicleYearOfManufacture":2011,"advertiserCounty":"Laois","isPSL":false,"privatePSL":false,"vehicleImageId":"13767af3-f77e-46fe-8fd4-2e9dee46adf3","imagecount":7,"advertiserName":"Ballybrittas Motors","isTrade":true},{"advertId":"30813477226886300","vehicleMake":"Skoda","vehicleModel":"Fabia","vehicleDerivative":"1.2 , Alloys & Extras","vehiclePriceEuro":10650,"vehicleYearOfManufacture":2011,"advertiserCounty":"Sligo","isPSL":false,"privatePSL":false,"vehicleImageId":"ed378d22-89c8-4dd3-b474-9f6ddf6e62c0","imagecount":17,"advertiserName":"All Kevin Egan Cars","isTrade":true},{"advertId":"31813574777916030","vehicleMake":"Skoda","vehicleModel":"Fabia","vehicleDerivative":"FL AMBIENTE 1.2 70HP Contact Sales On 0868104090","vehiclePriceEuro":10500,"vehicleYearOfManufacture":2011,"advertiserCounty":"Meath","isPSL":false,"privatePSL":false,"vehicleImageId":"a30ce34c-f3f0-44dc-9e33-64015614b110","imagecount":8,"advertiserName":"Autopoint Trim","isTrade":true},{"advertId":"33413615299764370","vehicleMake":"Skoda","vehicleModel":"Fabia","vehicleDerivative":"FL AMBIENTE 1.2 60HP 5DR","vehiclePriceEuro":10250,"vehicleYearOfManufacture":2011,"advertiserCounty":"Cork","isPSL":false,"privatePSL":false,"vehicleImageId":"235435c0-b216-466b-b41e-9269864c5187","imagecount":11,"advertiserName":"Right Price Cars Cork","isTrade":true},{"advertId":"33413597227109380","vehicleMake":"Skoda","vehicleModel":"Fabia","vehicleDerivative":"FL AMBIENTE 1.2 60HP 5DR","vehiclePriceEuro":9999,"vehicleYearOfManufacture":2011,"advertiserCounty":"Cork","isPSL":false,"privatePSL":false,"vehicleImageId":"da602693-2031-4ece-b1fa-9d5b95f4574e","imagecount":9,"advertiserName":"Kelleher Motors","isTrade":true},{"advertId":"34413618086055450","vehicleMake":"Skoda","vehicleModel":"Fabia","vehicleDerivative":"FL AMBIENTE 1.2--EXCEPTIONAL FUEL EFFICIENCY--","vehiclePriceEuro":9950,"vehicleYearOfManufacture":2011,"advertiserCounty":"Dublin","isPSL":true,"privatePSL":false,"vehicleImageId":"0303c8d1-2d05-4cfa-b770-f1617124ea3b","imagecount":9,"advertiserName":"Right Price Cars (Prussia Street)","isTrade":true},{"advertId":"33413612089900270","vehicleMake":"Skoda","vehicleModel":"Fabia","vehicleDerivative":"FL AMBIENTE 1.2 -NCT MARCH 2015--","vehiclePriceEuro":9950,"vehicleYearOfManufacture":2011,"advertiserCounty":"Dublin","isPSL":true,"privatePSL":false,"vehicleImageId":"0f6ac17e-f9c6-47ac-9d5d-44f0acad7e49","imagecount":11,"advertiserName":"Right Price Cars Airport","isTrade":true},{"advertId":"33213619871529760","vehicleMake":"Skoda","vehicleModel":"Fabia","vehicleDerivative":"FL AMBIENTE 1.2 --NCT 03/2014--","vehiclePriceEuro":9950,"vehicleYearOfManufacture":2011,"advertiserCounty":"Dublin","isPSL":true,"privatePSL":false,"vehicleImageId":"1a94b418-a490-45b2-91a1-e55e2b0652ce","imagecount":11,"advertiserName":"Right Price Cars Airport","isTrade":true},{"advertId":"31913534232626020","vehicleMake":"Skoda","vehicleModel":"Fabia","vehicleDerivative":"FL AMBIENTE 1.2--VERY ECONOMICAL--","vehiclePriceEuro":9950,"vehicleYearOfManufacture":2011,"advertiserCounty":"Dublin","isPSL":true,"privatePSL":false,"vehicleImageId":"19dff013-2eae-4b13-bdbd-98db96995a96","imagecount":9,"advertiserName":"Right Price Cars (Prussia Street)","isTrade":true},{"advertId":"34213607606613090","vehicleMake":"Skoda","vehicleModel":"Fabia","vehicleDerivative":"AMBIENTE","vehiclePriceEuro":9950,"vehicleYearOfManufacture":2011,"advertiserCounty":"Tipperary","isPSL":false,"privatePSL":false,"vehicleImageId":"32fd27e0-7fad-4bf8-b8b9-8e1b62f800a8","imagecount":8,"advertiserName":"Donal Ryan Motor Group (Nenagh)","isTrade":true},{"advertId":"31113592046593660","vehicleMake":"Skoda","vehicleModel":"Fabia","vehicleDerivative":"Active 1.2 60BHP 1 Owner","vehiclePriceEuro":9950,"vehicleYearOfManufacture":2011,"advertiserCounty":"Wicklow","isPSL":false,"privatePSL":false,"vehicleImageId":"e033c134-b40a-49f0-81c7-2bf0bd1df46d","imagecount":1,"advertiserName":"Sinnott Autos Ltd","isTrade":true},{"advertId":"34113618182327980","vehicleMake":"Skoda","vehicleModel":"Fabia","vehicleDerivative":"FL AMBIENTE 1.2 60HP 5DR","vehiclePriceEuro":9950,"vehicleYearOfManufacture":2011,"advertiserCounty":"Dublin","isPSL":false,"privatePSL":false,"vehicleImageId":"c8c96eb8-9360-4f86-ac12-b41068dc7f13","imagecount":16,"advertiserName":"Carland Dublin","isTrade":true},{"advertId":"33913616203091070","vehicleMake":"Skoda","vehicleModel":"Fabia","vehicleDerivative":"5dr Ambiente 60HP","vehiclePriceEuro":0,"vehicleYearOfManufacture":2011,"advertiserCounty":"Cork","isPSL":true,"privatePSL":false,"vehicleImageId":"1d076120-4b93-46c9-8e65-9b92e4b11728","imagecount":10,"advertiserName":"Kevin O'Leary Group Bandon","isTrade":true}],"totalAdvertCount":45174}