{"adverts":[{"advertId":"33213607085493480","vehicleMake":"Honda","vehicleModel":"Civic","vehicleDerivative":"1.4 I 3DR  NCT 01/14, TAX 03/13","vehiclePriceEuro":3950,"vehicleYearOfManufacture":2004,"advertiserCounty":"Dublin","isPSL":false,"privatePSL":false,"vehicleImageId":"73d76ff4-0154-41fe-9a90-d0aad1bd2f17","imagecount":9,"advertiserName":"SD Motor Group","isTrade":true},{"advertId":"201305212250552","vehicleMake":"Honda","vehicleModel":"Civic","vehicleDerivative":"1.4 I 3DR","vehiclePriceEuro":3900,"vehicleYearOfManufacture":2004,"advertiserCounty":"Meath","isPSL":true,"privatePSL":false,"vehicleImageId":"14310334","imagecount":7,"isTrade":false},{"advertId":"34213605933087540","vehicleMake":"Honda","vehicleModel":"Civic","vehicleDerivative":"V-TEC SPORT - NCT JANUARY 2014 - LOW MILEAGE - ALL TRADE INS WELCOME - CALL ANYTIME ON 087-092 5525","vehiclePriceEuro":3750,"vehicleYearOfManufacture":2004,"advertiserCounty":"Dublin","isPSL":false,"privatePSL":false,"vehicleImageId":"0f30d265-8bd9-4efd-81fc-a9c2f1e4cdf3","imagecount":14,"advertiserName":"Leinster Motor Group","isTrade":true},{"advertId":"201252211659899","vehicleMake":"Honda","vehicleModel":"Civic","vehicleDerivative":"cdti","vehiclePriceEuro":3599,"vehicleYearOfManufacture":2004,"advertiserCounty":"Dublin","isPSL":true,"privatePSL":false,"vehicleImageId":"14234495","imagecount":8,"isTrade":false},{"advertId":"201303211982224","vehicleMake":"Honda","vehicleModel":"Civic","vehicleDerivative":"1.3 EXECUTIVE IMA HYB 04DR","vehiclePriceEuro":2999,"vehicleYearOfManufacture":2004,"advertiserCounty":"Offaly","isPSL":true,"privatePSL":false,"vehicleImageId":"14269524","imagecount":9,"isTrade":false},{"advertId":"201304212160042","vehicleMake":"Honda","vehicleModel":"Civic","vehicleDerivative":"2.0 VTEC TYPE R 03DR","vehiclePriceEuro":6500,"vehicleYearOfManufacture":2003,"advertiserCounty":"Dublin","isPSL":true,"privatePSL":false,"vehicleImageId":"13934350","imagecount":4,"isTrade":false},{"advertId":"201304212115128","vehicleMake":"Honda","vehicleModel":"Civic","vehicleDerivative":"IMA HYBRID SE EXECUTIVE 04DR 90BHP","vehiclePriceEuro":5500,"vehicleYearOfManufacture":2003,"advertiserCounty":"Dublin","isPSL":true,"privatePSL":false,"vehicleImageId":"13936195","imagecount":7,"isTrade":false},{"advertId":"201247211059390","vehicleMake":"Honda","vehicleModel":"Civic","vehicleDerivative":"1.4 I SPORT 03DR","vehiclePriceEuro":5300,"vehicleYearOfManufacture":2003,"advertiserCounty":"Donegal","isPSL":true,"privatePSL":false,"vehicleImageId":"13753454","imagecount":2,"isTrade":false},{"advertId":"201249211299499","vehicleMake":"Honda","vehicleModel":"Civic","vehicleDerivative":"TYPE-R","vehiclePriceEuro":5295,"vehicleYearOfManufacture":2003,"advertiserCounty":"Dublin","isPSL":true,"privatePSL":false,"vehicleImageId":"12099987","imagecount":5,"isTrade":false},{"advertId":"201243210671709","vehicleMake":"Honda","vehicleModel":"Civic","vehicleDerivative":"1.4 petrol","vehiclePriceEuro":4500,"vehicleYearOfManufacture":2003,"advertiserCounty":"Kildare","isPSL":true,"privatePSL":false,"vehicleImageId":"14078138","imagecount":6,"isTrade":false},{"advertId":"201245210882038","vehicleMake":"Honda","vehicleModel":"Civic","vehicleDerivative":"TYPE-R","vehiclePriceEuro":4300,"vehicleYearOfManufacture":2003,"advertiserCounty":"Dublin","isPSL":true,"privatePSL":false,"vehicleImageId":"14110537","imagecount":9,"isTrade":false},{"advertId":"201305212228248","vehicleMake":"Honda","vehicleModel":"Civic","vehicleDerivative":"1.4 I","vehiclePriceEuro":4200,"vehicleYearOfManufacture":2003,"advertiserCounty":"Wexford","isPSL":true,"privatePSL":false,"vehicleImageId":"14307561","imagecount":5,"isTrade":false},{"advertId":"201245210926568","vehicleMake":"Honda","vehicleModel":"Civic","vehicleDerivative":"1.4 I VISION LIMITED EDITION OHC 03DR","vehiclePriceEuro":3900,"vehicleYearOfManufacture":2003,"advertiserCounty":"Donegal","isPSL":true,"privatePSL":false,"vehicleImageId":"14127738","imagecount":3,"isTrade":false},{"advertId":"2913287157214720","vehicleMake":"Honda","vehicleModel":"Civic","vehicleDerivative":"1.5 Auto","vehiclePriceEuro":3750,"vehicleYearOfManufacture":2003,"advertiserCounty":"Dublin","isPSL":false,"privatePSL":false,"vehicleImageId":"83308698-fc3d-4a19-a269-7db92968c417","imagecount":2,"advertiserName":"Autobuyer","isTrade":true},{"advertId":"201250211447952","vehicleMake":"Honda","vehicleModel":"Civic","vehicleDerivative":"1.4 S/R 4 DOORS","vehiclePriceEuro":3500,"vehicleYearOfManufacture":2003,"advertiserCounty":"Dublin","isPSL":true,"privatePSL":false,"vehicleImageId":"13834658","imagecount":3,"isTrade":false},{"advertId":"213219535976450","vehicleMake":"Honda","vehicleModel":"Civic","vehicleDerivative":"1.6 4 Door Vtec","vehiclePriceEuro":3450,"vehicleYearOfManufacture":2003,"advertiserCounty":"Galway","isPSL":false,"privatePSL":false,"vehicleImageId":"85150e4e-3628-4d50-b291-34e7537b0278","imagecount":3,"advertiserName":"Walsh Connolly Motors","isTrade":true},{"advertId":"201249211299348","vehicleMake":"Honda","vehicleModel":"Civic","vehicleDerivative":"1.4 I SPORT NEW 03DR","vehiclePriceEuro":3200,"vehicleYearOfManufacture":2003,"advertiserCounty":"Tipperary","isPSL":true,"privatePSL":false,"vehicleImageId":"13801543","imagecount":4,"isTrade":false},{"advertId":"34113624043621200","vehicleMake":"Honda","vehicleModel":"Civic","vehicleDerivative":"1.4 I SE","vehiclePriceEuro":2950,"vehicleYearOfManufacture":2003,"advertiserCounty":"Kildare","isPSL":false,"privatePSL":false,"vehicleImageId":"523aade4-5e50-42ff-b31c-d13d6b6f57f4","imagecount":8,"advertiserName":"Monasterevin Motors (EST 1954) Isuzu Authorised Dealer","isTrade":true},{"advertId":"31713555770624380","vehicleMake":"Honda","vehicleModel":"Civic","vehicleDerivative":"1.4 5DR HATCHBACK NCT 07/13 P/C C/D C/L E/W ABS ALLOYS SUPERB CONDITION","vehiclePriceEuro":2950,"vehicleYearOfManufacture":2003,"advertiserCounty":"Dublin","isPSL":false,"privatePSL":false,"vehicleImageId":"924ea7c9-7bbb-43c6-a9e3-c674dacb7c8f","imagecount":8,"advertiserName":"Declan Gill Motors","isTrade":true},{"advertId":"34013621575789060","vehicleMake":"Honda","vehicleModel":"Civic","vehicleDerivative":"1.4i 3 Door - 2 Owners - NCT 04/14 - Trade Ins Welcome / Scrappage Deals Available","vehiclePriceEuro":2950,"vehicleYearOfManufacture":2003,"advertiserCounty":"Dublin","isPSL":false,"privatePSL":false,"vehicleImageId":"f3d9eee3-3243-4780-b9cc-56d9ac61ef89","imagecount":12,"advertiserName":"Naas Road Autos","isTrade":true},{"advertId":"6913378480249910","vehicleMake":"Honda","vehicleModel":"Civic","vehicleDerivative":"TYPE-S 2.0 V-TEC","vehiclePriceEuro":2950,"vehicleYearOfManufacture":2003,"advertiserCounty":"Dublin","isPSL":false,"privatePSL":false,"vehicleImageId":"0ebc8356-4fa1-47d2-b213-64df97357a3a","imagecount":9,"advertiserName":"Blanchardstown 4x4","isTrade":true},{"advertId":"201242210555015","vehicleMake":"Honda","vehicleModel":"Civic","vehicleDerivative":"1.6 I SE(AW) 5DR SE (AW)","vehiclePriceEuro":2950,"vehicleYearOfManufacture":2003,"advertiserCounty":"Carlow","isPSL":true,"privatePSL":false,"vehicleImageId":"13674243","imagecount":6,"isTrade":false},{"advertId":"201307212457317","vehicleMake":"Honda","vehicleModel":"Civic","vehicleDerivative":"1.7 VTEC OHC 2DR","vehiclePriceEuro":2600,"vehicleYearOfManufacture":2003,"advertiserCounty":"Clare","isPSL":true,"privatePSL":false,"vehicleImageId":"14344582","imagecount":7,"isTrade":false},{"advertId":"201302211823850","vehicleMake":"Honda","vehicleModel":"Civic","vehicleDerivative":"1.7 VTEC","vehiclePriceEuro":2500,"vehicleYearOfManufacture":2003,"advertiserCounty":"Galway","isPSL":true,"privatePSL":false,"vehicleImageId":"14109182","imagecount":5,"isTrade":false},{"advertId":"201246210950310","vehicleMake":"Honda","vehicleModel":"Civic","vehicleDerivative":"2.0 Type R 200bhp","vehiclePriceEuro":7250,"vehicleYearOfManufacture":2002,"advertiserCounty":"Cork","isPSL":true,"privatePSL":false,"vehicleImageId":"14133188","imagecount":8,"isTrade":false},{"advertId":"201309212649890","vehicleMake":"Honda","vehicleModel":"Civic","vehicleDerivative":"1.4 LSE","vehiclePriceEuro":4500,"vehicleYearOfManufacture":2002,"advertiserCounty":"Dublin","isPSL":true,"privatePSL":false,"vehicleImageId":"12543810","imagecount":9,"isTrade":false},{"advertId":"813268028015800","vehicleMake":"Honda","vehicleModel":"Civic","vehicleDerivative":"**SALE NOW ON**HYBRID","vehiclePriceEuro":4450,"vehicleYearOfManufacture":2002,"advertiserCounty":"Dublin","isPSL":false,"privatePSL":false,"vehicleImageId":"8f37b59a-f06c-4e7e-912a-98714289fa5c","imagecount":7,"advertiserName":"Clarehall Motor Centre","isTrade":true},{"advertId":"201303212004489","vehicleMake":"Honda","vehicleModel":"Civic","vehicleDerivative":"1.7 VTEC OHC 02DR","vehiclePriceEuro":3995,"vehicleYearOfManufacture":2002,"advertiserCounty":"Dublin","isPSL":true,"privatePSL":false,"vehicleImageId":"14272440","imagecount":1,"isTrade":false},{"advertId":"34113619673672870","vehicleMake":"Honda","vehicleModel":"Civic","vehicleDerivative":"1.6 I SPORT --NCT JULY 2013--","vehiclePriceEuro":3950,"vehicleYearOfManufacture":2002,"advertiserCounty":"Dublin","isPSL":true,"privatePSL":false,"vehicleImageId":"b41288c5-2950-42b1-b32b-a0cdd0ef26fd","imagecount":7,"advertiserName":"Right Price Cars Airport","isTrade":true},{"advertId":"201306212341202","vehicleMake":"Honda","vehicleModel":"Civic","vehicleDerivative":"1.7 VTEC OHC 02DR","vehiclePriceEuro":3600,"vehicleYearOfManufacture":2002,"advertiserCounty":"Dublin","isPSL":true,"privatePSL":false,"vehicleImageId":"13984218","imagecount":1,"isTrade":false},{"advertId":"201306212363532","vehicleMake":"Honda","vehicleModel":"Civic","vehicleDerivative":"2.0 TYPE R DOHC 03DR","vehiclePriceEuro":3500,"vehicleYearOfManufacture":2002,"advertiserCounty":"Dublin","isPSL":true,"privatePSL":false,"vehicleImageId":"13618158","imagecount":9,"isTrade":false},{"advertId":"34313606883421620","vehicleMake":"Honda","vehicleModel":"Civic","vehicleDerivative":"1.6 SE 5dr","vehiclePriceEuro":3250,"vehicleYearOfManufacture":2002,"advertiserCounty":"Cork","isPSL":false,"privatePSL":false,"imagecount":0,"advertiserName":"O'Leary's Lissarda (Volkswagen Dealer)","isTrade":true},{"advertId":"34013600840412740","vehicleMake":"Honda","vehicleModel":"Civic","vehicleDerivative":"S","vehiclePriceEuro":2950,"vehicleYearOfManufacture":2002,"advertiserCounty":"Tipperary","isPSL":false,"privatePSL":false,"vehicleImageId":"f3f94f5d-0bc5-4d42-8adf-bf2f4c2d63a5","imagecount":7,"advertiserName":"Donal Ryan Motor Group (Nenagh)","isTrade":true},{"advertId":"31913597111421800","vehicleMake":"Honda","vehicleModel":"Civic","vehicleDerivative":"1.6 I","vehiclePriceEuro":2950,"vehicleYearOfManufacture":2002,"advertiserCounty":"Limerick","isPSL":false,"privatePSL":false,"vehicleImageId":"a13dc57f-e7bc-4d84-a66c-38602645f285","imagecount":7,"advertiserName":"Enterprise Cars","isTrade":true},{"advertId":"201302211870388","vehicleMake":"Honda","vehicleModel":"Civic","vehicleDerivative":"1.4 I","vehiclePriceEuro":2900,"vehicleYearOfManufacture":2002,"advertiserCounty":"Dublin","isPSL":true,"privatePSL":false,"vehicleImageId":"14254171","imagecount":9,"isTrade":false},{"advertId":"201303211959937","vehicleMake":"Honda","vehicleModel":"Civic","vehicleDerivative":"1.4","vehiclePriceEuro":2800,"vehicleYearOfManufacture":2002,"advertiserCounty":"Dublin","isPSL":true,"privatePSL":false,"vehicleImageId":"14264922","imagecount":9,"isTrade":false},{"advertId":"34213606115209550","vehicleMake":"Honda","vehicleModel":"Civic","vehicleDerivative":"1.4 I SE NEW NCT 04/14 TAX 06/13","vehiclePriceEuro":2750,"vehicleYearOfManufacture":2002,"advertiserCounty":"Dublin","isPSL":false,"privatePSL":false,"vehicleImageId":"d000134b-e80f-46e1-bda1-d4cd4e604f53","imagecount":8,"advertiserName":"Crystal Cars","isTrade":true},{"advertId":"31713590513447330","vehicleMake":"Honda","vehicleModel":"Civic","vehicleDerivative":"1.4 I","vehiclePriceEuro":2745,"vehicleYearOfManufacture":2002,"advertiserCounty":"Meath","isPSL":false,"privatePSL":false,"vehicleImageId":"c501b37d-545e-4f06-9f61-ebf094dbb909","imagecount":8,"advertiserName":"East Coast Cars + Virginia Auto Sales","isTrade":true},{"advertId":"201242210533205","vehicleMake":"Honda","vehicleModel":"Civic","vehicleDerivative":"1.6 I SE OHC 05DR","vehiclePriceEuro":2700,"vehicleYearOfManufacture":2002,"advertiserCounty":"Monaghan","isPSL":true,"privatePSL":false,"vehicleImageId":"14054008","imagecount":4,"isTrade":false},{"advertId":"201301211800617","vehicleMake":"Honda","vehicleModel":"Civic","vehicleDerivative":"1.4 I SPORT NEW 03DR","vehiclePriceEuro":2699,"vehicleYearOfManufacture":2002,"advertiserCounty":"Dublin","isPSL":true,"privatePSL":false,"vehicleImageId":"14245288","imagecount":7,"isTrade":false},{"advertId":"201243210693475","vehicleMake":"Honda","vehicleModel":"Civic","vehicleDerivative":"1.4","vehiclePriceEuro":2500,"vehicleYearOfManufacture":2002,"advertiserCounty":"Dublin","isPSL":true,"privatePSL":false,"imagecount":0,"isTrade":false},{"advertId":"201246211028801","vehicleMake":"Honda","vehicleModel":"Civic","vehicleDerivative":"2002 Honda civic 1.6 SE Sport VTEC JUST NCTD","vehiclePriceEuro":2400,"vehicleYearOfManufacture":2002,"advertiserCounty":"Mayo","isPSL":true,"privatePSL":false,"vehicleImageId":"14147476","imagecount":5,"isTrade":false},{"advertId":"201249211340754","vehicleMake":"Honda","vehicleModel":"Civic","vehicleDerivative":"1.4 I","vehiclePriceEuro":2250,"vehicleYearOfManufacture":2002,"advertiserCounty":"Dublin","isPSL":true,"privatePSL":false,"vehicleImageId":"14196725","imagecount":4,"isTrade":false},{"advertId":"201302211892248","vehicleMake":"Honda","vehicleModel":"Civic","vehicleDerivative":"1.4","vehiclePriceEuro":2200,"vehicleYearOfManufacture":2002,"advertiserCounty":"Dublin","isPSL":true,"privatePSL":false,"vehicleImageId":"14258389","imagecount":6,"isTrade":false},{"advertId":"201307212505337","vehicleMake":"Honda","vehicleModel":"Civic","vehicleDerivative":"1.4 I SPORT NEW 3DR","vehiclePriceEuro":2200,"vehicleYearOfManufacture":2002,"advertiserCounty":"Tipperary","isPSL":true,"privatePSL":false,"vehicleImageId":"14348651","imagecount":4,"isTrade":false},{"advertId":"201250211426594","vehicleMake":"Honda","vehicleModel":"Civic","vehiclePriceEuro":2000,"vehicleYearOfManufacture":2002,"advertiserCounty":"Dublin","isPSL":true,"privatePSL":false,"vehicleImageId":"13841953","imagecount":6,"isTrade":false},{"advertId":"201245210901384","vehicleMake":"Honda","vehicleModel":"Civic","vehicleDerivative":"1.7 VTEC OHC 02DR","vehiclePriceEuro":4000,"vehicleYearOfManufacture":2001,"advertiserCounty":"Dublin","isPSL":true,"privatePSL":false,"vehicleImageId":"14115559","imagecount":2,"isTrade":false},{"advertId":"201242210572925","vehicleMake":"Honda","vehicleModel":"Civic","vehicleDerivative":"1.4 I","vehiclePriceEuro":3000,"vehicleYearOfManufacture":2001,"advertiserCounty":"Dublin","isPSL":true,"privatePSL":false,"vehicleImageId":"14059348","imagecount":4,"isTrade":false},{"advertId":"201309212698624","vehicleMake":"Honda","vehicleModel":"Civic","vehicleDerivative":"1.7 VTEC OHC 02DR","vehiclePriceEuro":2950,"vehicleYearOfManufacture":2001,"advertiserCounty":"Roscommon","isPSL":true,"privatePSL":false,"vehicleImageId":"14036948","imagecount":7,"isTrade":false},{"advertId":"201250211384005","vehicleMake":"Honda","vehicleModel":"Civic","vehicleDerivative":"1.6 I","vehiclePriceEuro":2800,"vehicleYearOfManufacture":2001,"advertiserCounty":"Dublin","isPSL":true,"privatePSL":false,"vehicleImageId":"13818326","imagecount":4,"isTrade":false},{"advertId":"201250211383947","vehicleMake":"Honda","vehicleModel":"Civic","vehicleDerivative":"COUPE","vehiclePriceEuro":2500,"vehicleYearOfManufacture":2001,"advertiserCounty":"Mayo","isPSL":true,"privatePSL":false,"imagecount":0,"isTrade":false},{"advertId":"201245210905086","vehicleMake":"Honda","vehicleModel":"Civic","vehicleDerivative":"1.4 I","vehiclePriceEuro":2200,"vehicleYearOfManufacture":2001,"advertiserCounty":"Dublin","isPSL":true,"privatePSL":false,"vehicleImageId":"14121720","imagecount":5,"isTrade":false},{"advertId":"33413612148547630","vehicleMake":"Honda","vehicleModel":"Civic","vehicleDerivative":"1.6 I","vehiclePriceEuro":1950,"vehicleYearOfManufacture":2001,"advertiserCounty":"Dublin","isPSL":false,"privatePSL":false,"vehicleImageId":"37f24e32-ae5c-4c6f-886e-796a90a7bd3e","imagecount":6,"advertiserName":"Jack Doyle Motor Company","isTrade":true},{"advertId":"30213467475129480","vehicleMake":"Honda","vehicleModel":"Civic","vehicleDerivative":"sport","vehiclePriceEuro":1850,"vehicleYearOfManufacture":2001,"advertiserCounty":"Limerick","isPSL":false,"privatePSL":false,"vehicleImageId":"13205720-bd56-4961-8e2c-c5c7bb6dcaec","imagecount":6,"advertiserName":"John Moloney Motors","isTrade":true},{"advertId":"201305212250551","vehicleMake":"Honda","vehicleModel":"Civic","vehicleDerivative":"1.4","vehiclePriceEuro":1750,"vehicleYearOfManufacture":2001,"advertiserCounty":"Kildare","isPSL":true,"privatePSL":false,"vehicleImageId":"13956929","imagecount":7,"isTrade":false},{"advertId":"31413541855090960","vehicleMake":"Honda","vehicleModel":"Civic","vehicleDerivative":"1.4 I","vehiclePriceEuro":1700,"vehicleYearOfManufacture":2001,"advertiserCounty":"Galway","isPSL":true,"privatePSL":false,"vehicleImageId":"cde233f3-6e92-49cc-af4f-458e73a30837","imagecount":5,"advertiserName":"Al Hayes Motors Ltd","isTrade":true},{"advertId":"5513323682049560","vehicleMake":"Honda","vehicleModel":"Civic","vehicleDerivative":"1.4 I","vehiclePriceEuro":0,"vehicleYearOfManufacture":2001,"advertiserCounty":"Tipperary","isPSL":false,"privatePSL":false,"vehicleImageId":"65c0b35b-2d2c-4c7f-ae5c-7656647b67e2","imagecount":7,"advertiserName":"Strang Motors Ltd","isTrade":true},{"advertId":"201304212115179","vehicleMake":"Honda","vehicleModel":"Civic","vehicleDerivative":"1.6 I SPORT 02DR","vehiclePriceEuro":2200,"vehicleYearOfManufacture":2000,"advertiserCounty":"Monaghan","isPSL":true,"privatePSL":false,"vehicleImageId":"14286437","imagecount":5,"isTrade":false},{"advertId":"31513523689007410","vehicleMake":"Honda","vehicleModel":"Civic","vehicleDerivative":"1.4 3DR ","vehiclePriceEuro":2200,"vehicleYearOfManufacture":2000,"advertiserCounty":"Kilkenny","isPSL":false,"privatePSL":false,"vehicleImageId":"41b6c6d0-d7d7-4332-87e5-74b981b948a2","imagecount":7,"advertiserName":"Quinn Motors","isTrade":true},{"advertId":"201245210926611","vehicleMake":"Honda","vehicleModel":"Civic","vehicleDerivative":"1.4 I SRS","vehiclePriceEuro":2000,"vehicleYearOfManufacture":2000,"advertiserCounty":"Kerry","isPSL":true,"privatePSL":false,"vehicleImageId":"14127982","imagecount":1,"isTrade":false},{"advertId":"201302211870362","vehicleMake":"Honda","vehicleModel":"Civic","vehicleDerivative":"1.4 I SPORT AUTO","vehiclePriceEuro":1800,"vehicleYearOfManufacture":2000,"advertiserCounty":"Mayo","isPSL":true,"privatePSL":false,"imagecount":0,"isTrade":false},{"advertId":"33213609284845310","vehicleMake":"Honda","vehicleModel":"Civic","vehicleDerivative":"1.4 LIMITED EDITION (NCT-06-2014)","vehiclePriceEuro":1795,"vehicleYearOfManufacture":2000,"advertiserCounty":"Dublin","isPSL":true,"privatePSL":false,"vehicleImageId":"6e690093-76a3-4363-ba38-920d74c52863","imagecount":7,"advertiserName":"Green Isle Autos Ltd.","isTrade":true},{"advertId":"201246210951707","vehicleMake":"Honda","vehicleModel":"Civic","vehicleDerivative":"1.4 I SRS","vehiclePriceEuro":1600,"vehicleYearOfManufacture":2000,"advertiserCounty":"Dublin","isPSL":true,"privatePSL":false,"vehicleImageId":"14134870","imagecount":9,"isTrade":false},{"advertId":"201246211011339","vehicleMake":"Honda","vehicleModel":"Civic","vehicleDerivative":"1.4 I SPORT","vehiclePriceEuro":1400,"vehicleYearOfManufacture":2000,"advertiserCounty":"Dublin","isPSL":true,"privatePSL":false,"vehicleImageId":"14144730","imagecount":6,"isTrade":false},{"advertId":"32013557658558790","vehicleMake":"Honda","vehicleModel":"Civic","vehicleDerivative":"1.4 I SRS","vehiclePriceEuro":950,"vehicleYearOfManufacture":2000,"advertiserCounty":"Kildare","isPSL":true,"privatePSL":false,"vehicleImageId":"23685b92-60f1-4bc4-9581-6b218c401eae","imagecount":10,"advertiserName":"Byrne Car Sales Ltd.","isTrade":true},{"advertId":"34013620747990310","vehicleMake":"Honda","vehicleModel":"Civic","vehicleDerivative":"EK 3 3DR A","vehiclePriceEuro":0,"vehicleYearOfManufacture":2000,"advertiserCounty":"Dublin","isPSL":false,"privatePSL":false,"vehicleImageId":"f0eee7a6-ac71-4f36-baa3-000a906505da","imagecount":9,"advertiserName":"Clarehall Motor Centre","isTrade":true},{"advertId":"201243210671797","vehicleMake":"Honda","vehicleModel":"Civic","vehiclePriceEuro":5250,"vehicleYearOfManufacture":1999,"advertiserCounty":"Tipperary","isPSL":true,"privatePSL":false,"vehicleImageId":"14078394","imagecount":9,"isTrade":false},{"advertId":"201303211959934","vehicleMake":"Honda","vehicleModel":"Civic","vehicleDerivative":"EK 9 TYPE R 03DR","vehiclePriceEuro":4250,"vehicleYearOfManufacture":1999,"advertiserCounty":"Clare","isPSL":true,"privatePSL":false,"vehicleImageId":"13906360","imagecount":9,"isTrade":false},{"advertId":"201242210591947","vehicleMake":"Honda","vehicleModel":"Civic","vehicleDerivative":"SIR EK4","vehiclePriceEuro":3450,"vehicleYearOfManufacture":1999,"advertiserCounty":"Dublin","isPSL":true,"privatePSL":false,"vehicleImageId":"14063973","imagecount":3,"isTrade":false},{"advertId":"32913614499917930","vehicleMake":"Honda","vehicleModel":"Civic","vehicleDerivative":"1.4 I INITIAL LIMITED EDITION 3DR","vehiclePriceEuro":1550,"vehicleYearOfManufacture":1999,"advertiserCounty":"Wexford","isPSL":false,"privatePSL":false,"vehicleImageId":"e92ca6b2-191e-44d1-a77b-61e617a602a3","imagecount":8,"advertiserName":"Slaney View Motors Ltd","isTrade":true},{"advertId":"34413618994874320","vehicleMake":"Honda","vehicleModel":"Civic","vehicleDerivative":"1.4 I INITIAL LIMITED EDITION 3DR","vehiclePriceEuro":1550,"vehicleYearOfManufacture":1999,"advertiserCounty":"Wexford","isPSL":false,"privatePSL":false,"vehicleImageId":"404c7f6d-95d2-471c-907b-5f6e38e7d27a","imagecount":8,"advertiserName":"Slaney View Motors Ltd","isTrade":true},{"advertId":"201246210994542","vehicleMake":"Honda","vehicleModel":"Civic","vehicleDerivative":"1.4 I","vehiclePriceEuro":1500,"vehicleYearOfManufacture":1999,"advertiserCounty":"Dublin","isPSL":true,"privatePSL":false,"vehicleImageId":"14142931","imagecount":3,"isTrade":false},{"advertId":"201307212433062","vehicleMake":"Honda","vehicleModel":"Civic","vehicleDerivative":"1.6 I SE LIMITED EDITION OHC 02DR","vehiclePriceEuro":1500,"vehicleYearOfManufacture":1999,"advertiserCounty":"Donegal","isPSL":true,"privatePSL":false,"vehicleImageId":"14006795","imagecount":5,"isTrade":false},{"advertId":"7113378763782220","vehicleMake":"Honda","vehicleModel":"Civic","vehicleDerivative":"1.4 (NCT 05-2014)","vehiclePriceEuro":1495,"vehicleYearOfManufacture":1999,"advertiserCounty":"Dublin","isPSL":true,"privatePSL":false,"vehicleImageId":"e4c7f434-a4bd-4f64-9d73-10c7c3557e66","imagecount":5,"advertiserName":"Green Isle Autos Ltd.","isTrade":true},{"advertId":"201246210973630","vehicleMake":"Honda","vehicleModel":"Civic","vehiclePriceEuro":1400,"vehicleYearOfManufacture":1999,"advertiserCounty":"Meath","isPSL":true,"privatePSL":false,"vehicleImageId":"12683670","imagecount":3,"isTrade":false},{"advertId":"201305212250612","vehicleMake":"Honda","vehicleModel":"Civic","vehicleDerivative":"1.49 VTEC I LS","vehiclePriceEuro":1350,"vehicleYearOfManufacture":1999,"advertiserCounty":"Dublin","isPSL":true,"privatePSL":false,"vehicleImageId":"14310540","imagecount":6,"isTrade":false},{"advertId":"201242210576524","vehicleMake":"Honda","vehicleModel":"Civic","vehicleDerivative":"1.4 I","vehiclePriceEuro":1300,"vehicleYearOfManufacture":1999,"advertiserCounty":"Dublin","isPSL":true,"privatePSL":false,"vehicleImageId":"14060379","imagecount":1,"isTrade":false},{"advertId":"201304212115195","vehicleMake":"Honda","vehicleModel":"Civic","vehicleDerivative":"1.6 I SE","vehiclePriceEuro":1250,"vehicleYearOfManufacture":1999,"advertiserCounty":"Cork","isPSL":true,"privatePSL":false,"vehicleImageId":"14286470","imagecount":9,"isTrade":false},{"advertId":"201302211892096","vehicleMake":"Honda","vehicleModel":"Civic","vehicleDerivative":"1.5 I VTEC OHC 05DR","vehiclePriceEuro":1250,"vehicleYearOfManufacture":1999,"advertiserCounty":"Dublin","isPSL":true,"privatePSL":false,"vehicleImageId":"14257681","imagecount":5,"isTrade":false},{"advertId":"201308212577859","vehicleMake":"Honda","vehicleModel":"Civic","vehicleDerivative":"1.4 I SRS","vehiclePriceEuro":1250,"vehicleYearOfManufacture":1999,"advertiserCounty":"Kildare","isPSL":true,"privatePSL":false,"vehicleImageId":"14021917","imagecount":8,"isTrade":false},{"advertId":"201302211870393","vehicleMake":"Honda","vehicleModel":"Civic","vehicleDerivative":"1.4 I SRS","vehiclePriceEuro":1200,"vehicleYearOfManufacture":1999,"advertiserCounty":"Dublin","isPSL":true,"privatePSL":false,"vehicleImageId":"14254438","imagecount":8,"isTrade":false},{"advertId":"201243210626985","vehicleMake":"Honda","vehicleModel":"Civic","vehicleDerivative":"1.6 I LS 05DR","vehiclePriceEuro":950,"vehicleYearOfManufacture":1999,"advertiserCounty":"Laois","isPSL":true,"privatePSL":false,"vehicleImageId":"14070853","imagecount":7,"isTrade":false},{"advertId":"201247211099875","vehicleMake":"Honda","vehicleModel":"Civic","vehicleDerivative":"1.5 I LS","vehiclePriceEuro":800,"vehicleYearOfManufacture":1999,"advertiserCounty":"Dublin","isPSL":true,"privatePSL":false,"vehicleImageId":"14158520","imagecount":7,"isTrade":false},{"advertId":"201251211518151","vehicleMake":"Honda","vehicleModel":"Civic","vehicleDerivative":"1.4 I SRS","vehiclePriceEuro":600,"vehicleYearOfManufacture":1999,"advertiserCounty":"Dublin","isPSL":true,"privatePSL":false,"vehicleImageId":"13847467","imagecount":4,"isTrade":false},{"advertId":"201251211518236","vehicleMake":"Honda","vehicleModel":"Civic","vehicleDerivative":"1.6 I LS SUMMER SPECIAL OHC 02DR","vehiclePriceEuro":2450,"vehicleYearOfManufacture":1998,"advertiserCounty":"Cork","isPSL":true,"privatePSL":false,"vehicleImageId":"13846374","imagecount":8,"isTrade":false},{"advertId":"201305212227781","vehicleMake":"Honda","vehicleModel":"Civic","vehicleDerivative":"Vti vtec","vehiclePriceEuro":2000,"vehicleYearOfManufacture":1998,"advertiserCounty":"Dublin","isPSL":true,"privatePSL":false,"vehicleImageId":"14305998","imagecount":6,"isTrade":false},{"advertId":"201309212674190","vehicleMake":"Honda","vehicleModel":"Civic","vehicleDerivative":"1.6 I LS OHC 02DR","vehiclePriceEuro":1800,"vehicleYearOfManufacture":1998,"advertiserCounty":"Tipperary","isPSL":true,"privatePSL":false,"vehicleImageId":"11746891","imagecount":7,"isTrade":false},{"advertId":"201250211384207","vehicleMake":"Honda","vehicleModel":"Civic","vehicleDerivative":"1.5 I LS","vehiclePriceEuro":1750,"vehicleYearOfManufacture":1998,"advertiserCounty":"Cork","isPSL":true,"privatePSL":false,"vehicleImageId":"14202838","imagecount":7,"isTrade":false},{"advertId":"31113518470478330","vehicleMake":"Honda","vehicleModel":"Civic","vehicleDerivative":"1.6 LS","vehiclePriceEuro":1495,"vehicleYearOfManufacture":1998,"advertiserCounty":"Dublin","isPSL":false,"privatePSL":false,"vehicleImageId":"8ba032e5-ac1f-4fb7-892a-5b11e1a9120e","imagecount":4,"advertiserName":"Blanchardstown 4x4","isTrade":true},{"advertId":"32913606051480390","vehicleMake":"Honda","vehicleModel":"Civic","vehicleDerivative":"1.6 I LS OHC 2DR,TAXED & NCT,METALLIC BLACK WITH WHITE ALLOYS!!!!!!!!","vehiclePriceEuro":1450,"vehicleYearOfManufacture":1998,"advertiserCounty":"Wicklow","isPSL":false,"privatePSL":false,"vehicleImageId":"15325aa9-e59e-463a-8eca-ff4e3497524b","imagecount":1,"advertiserName":"Paul McGovern Car Sales","isTrade":true},{"advertId":"201245210873006","vehicleMake":"Honda","vehicleModel":"Civic","vehicleDerivative":"1.5 I LS OHC 4DR A","vehiclePriceEuro":1300,"vehicleYearOfManufacture":1998,"advertiserCounty":"Laois","isPSL":true,"privatePSL":false,"vehicleImageId":"14109729","imagecount":9,"isTrade":false},{"advertId":"201306212340933","vehicleMake":"Honda","vehicleModel":"Civic","vehicleDerivative":"1.6 I LS 02DR","vehiclePriceEuro":1300,"vehicleYearOfManufacture":1998,"advertiserCounty":"Galway","isPSL":true,"privatePSL":false,"vehicleImageId":"13980103","imagecount":7,"isTrade":false},{"advertId":"201245210905092","vehicleMake":"Honda","vehicleModel":"Civic","vehicleDerivative":"1.4 I SRS","vehiclePriceEuro":1200,"vehicleYearOfManufacture":1998,"advertiserCounty":"Dublin","isPSL":true,"privatePSL":false,"vehicleImageId":"14121740","imagecount":2,"isTrade":false},{"advertId":"201245210905150","vehicleMake":"Honda","vehicleModel":"Civic","vehicleDerivative":"EK 2 03DR A","vehiclePriceEuro":1100,"vehicleYearOfManufacture":1998,"advertiserCounty":"Dublin","isPSL":true,"privatePSL":false,"vehicleImageId":"14121840","imagecount":6,"isTrade":false},{"advertId":"201307212457103","vehicleMake":"Honda","vehicleModel":"Civic","vehicleDerivative":"EK 4 03DR","vehiclePriceEuro":3000,"vehicleYearOfManufacture":1997,"advertiserCounty":"Dublin","isPSL":true,"privatePSL":false,"vehicleImageId":"14003642","imagecount":9,"isTrade":false},{"advertId":"201245210905383","vehicleMake":"Honda","vehicleModel":"Civic","vehiclePriceEuro":1400,"vehicleYearOfManufacture":1997,"advertiserCounty":"Limerick","isPSL":true,"privatePSL":false,"vehicleImageId":"14122318","imagecount":5,"isTrade":false},{"advertId":"201248211234580","vehicleMake":"Honda","vehicleModel":"Civic","vehicleDerivative":"1.4 I","vehiclePriceEuro":1200,"vehicleYearOfManufacture":1997,"advertiserCounty":"Kildare","isPSL":true,"privatePSL":false,"vehicleImageId":"14180245","imagecount":8,"isTrade":false},{"advertId":"201245210905706","vehicleMake":"Honda","vehicleModel":"Civic","vehicleDerivative":"1.4 I SRS","vehiclePriceEuro":1200,"vehicleYearOfManufacture":1997,"advertiserCounty":"Kerry","isPSL":true,"privatePSL":false,"vehicleImageId":"14123436","imagecount":9,"isTrade":false},{"advertId":"201305212227722","vehicleMake":"Honda","vehicleModel":"Civic","vehicleDerivative":"1.4 I","vehiclePriceEuro":1199,"vehicleYearOfManufacture":1997,"advertiserCounty":"Sligo","isPSL":true,"privatePSL":false,"vehicleImageId":"14305834","imagecount":9,"isTrade":false},{"advertId":"201306212341206","vehicleMake":"Honda","vehicleModel":"Civic","vehicleDerivative":"1.4 I SRS","vehiclePriceEuro":1000,"vehicleYearOfManufacture":1997,"advertiserCounty":"Meath","isPSL":true,"privatePSL":false,"vehicleImageId":"13992144","imagecount":6,"isTrade":false}],"totalAdvertCount":45174}