{"adverts":[{"advertId":"34213618736857680","vehicleMake":"Honda","vehicleModel":"Civic","vehicleDerivative":"1.4 I GT 5DR","vehiclePriceEuro":15500,"vehicleYearOfManufacture":2010,"advertiserCounty":"Cork","isPSL":false,"privatePSL":false,"imagecount":0,"advertiserName":"Johnson & Perrott Motor Group (Mahon Point)","isTrade":true},{"advertId":"5713319096503530","vehicleMake":"Honda","vehicleModel":"Civic","vehicleDerivative":"1.4 I GT 5DR","vehiclePriceEuro":15490,"vehicleYearOfManufacture":2010,"advertiserCounty":"Tipperary","isPSL":false,"privatePSL":false,"vehicleImageId":"ebe42867-8990-4acb-ab96-cd0fc8e525e7","imagecount":3,"advertiserName":"Denis Kinane Motors (Honda Centre)","isTrade":true},{"advertId":"33213620499255320","vehicleMake":"Honda","vehicleModel":"Civic","vehicleDerivative":"1.4 I GT 5DR","vehiclePriceEuro":15450,"vehicleYearOfManufacture":2010,"advertiserCounty":"Dublin","isPSL":true,"privatePSL":false,"vehicleImageId":"077ecd9f-fee1-4806-aca3-e73936b7438a","imagecount":7,"advertiserName":"Airside Ford","isTrade":true},{"advertId":"33913612150355990","vehicleMake":"Honda","vehicleModel":"Civic","vehicleDerivative":"1.4i SE 5dr","vehiclePriceEuro":15450,"vehicleYearOfManufacture":2010,"advertiserCounty":"Dublin","isPSL":true,"privatePSL":false,"vehicleImageId":"7e49c1bc-b60b-43d0-b146-5c28d3904c6a","imagecount":10,"advertiserName":"Gowan Motors Dun Laoghaire","isTrade":true},{"advertId":"34013611935159410","vehicleMake":"Honda","vehicleModel":"Civic","vehicleDerivative":"1.4i SE 5dr","vehiclePriceEuro":15450,"vehicleYearOfManufacture":2010,"advertiserCounty":"Dublin","isPSL":true,"privatePSL":false,"vehicleImageId":"4274d1c7-d5a9-474b-91de-144a0c7b86c6","imagecount":14,"advertiserName":"Gowan Motors Merrion","isTrade":true},{"advertId":"31513590330874070","vehicleMake":"Honda","vehicleModel":"Civic","vehicleDerivative":"1.4i SE 5dr","vehiclePriceEuro":15450,"vehicleYearOfManufacture":2010,"advertiserCounty":"Dublin","isPSL":true,"privatePSL":false,"vehicleImageId":"f3a72011-ad1c-4773-bc82-7ab89229cd1f","imagecount":10,"advertiserName":"Gowan Motors Navan Road","isTrade":true},{"advertId":"33213620462862910","vehicleMake":"Honda","vehicleModel":"Civic","vehicleDerivative":"1.4 SE 5dr","vehiclePriceEuro":15450,"vehicleYearOfManufacture":2010,"advertiserCounty":"Dublin","isPSL":true,"privatePSL":false,"vehicleImageId":"4af77c31-0af1-4028-85ba-3c0f9685716b","imagecount":9,"advertiserName":"Gowan Motors Navan Road","isTrade":true},{"advertId":"33213599727131570","vehicleMake":"Honda","vehicleModel":"Civic","vehicleDerivative":"1.4i Se-S  5dr 5dr","vehiclePriceEuro":15250,"vehicleYearOfManufacture":2010,"advertiserCounty":"Dublin","isPSL":true,"privatePSL":false,"vehicleImageId":"52d6b4c1-2345-4071-83bc-0604be91a02f","imagecount":8,"advertiserName":"Gowan Motors Dun Laoghaire","isTrade":true},{"advertId":"33413602301770720","vehicleMake":"Honda","vehicleModel":"Civic","vehicleDerivative":"1.4 I SE-S 5DR","vehiclePriceEuro":14995,"vehicleYearOfManufacture":2010,"advertiserCounty":"Tipperary","isPSL":false,"privatePSL":false,"vehicleImageId":"37ec9ba7-cede-45b4-ac69-5a78856035de","imagecount":3,"advertiserName":"Denis Kinane Motors (Honda Centre)","isTrade":true},{"advertId":"34313603245798480","vehicleMake":"Honda","vehicleModel":"Civic","vehicleDerivative":"1.4 I SE-S 5DR","vehiclePriceEuro":14950,"vehicleYearOfManufacture":2010,"advertiserCounty":"Westmeath","isPSL":false,"privatePSL":false,"vehicleImageId":"a892c60e-a3bf-41fc-9463-3b6ba2d2ba89","imagecount":1,"advertiserName":"Keenan Bauer Motors","isTrade":true},{"advertId":"34113611935165950","vehicleMake":"Honda","vehicleModel":"Civic","vehicleDerivative":"1.4i-SE 5dr","vehiclePriceEuro":14950,"vehicleYearOfManufacture":2010,"advertiserCounty":"Dublin","isPSL":true,"privatePSL":false,"vehicleImageId":"e8edb292-489b-495f-9c59-4f878682cf7c","imagecount":14,"advertiserName":"Gowan Motors Merrion","isTrade":true},{"advertId":"33413606854910360","vehicleMake":"Honda","vehicleModel":"Civic","vehicleDerivative":"1.4i-SE 5dr","vehiclePriceEuro":14950,"vehicleYearOfManufacture":2010,"advertiserCounty":"Dublin","isPSL":true,"privatePSL":false,"vehicleImageId":"6c24f77d-476e-4384-aacf-cb7f5c7040c6","imagecount":10,"advertiserName":"Gowan Motors Navan Road","isTrade":true},{"advertId":"33213613659451290","vehicleMake":"Honda","vehicleModel":"Civic","vehicleDerivative":"1.4i-SE 5dr","vehiclePriceEuro":14950,"vehicleYearOfManufacture":2010,"advertiserCounty":"Dublin","isPSL":true,"privatePSL":false,"vehicleImageId":"2faac50c-574f-474f-bebd-a52f7e9b7681","imagecount":10,"advertiserName":"Gowan Motors Navan Road","isTrade":true},{"advertId":"33413602299203260","vehicleMake":"Honda","vehicleModel":"Civic","vehicleDerivative":"1.4 I GT 5DR","vehiclePriceEuro":14795,"vehicleYearOfManufacture":2010,"advertiserCounty":"Tipperary","isPSL":false,"privatePSL":false,"vehicleImageId":"d187f98a-3dbd-4bbe-8951-c20991bbbc20","imagecount":3,"advertiserName":"Denis Kinane Motors (Honda Centre)","isTrade":true},{"advertId":"34013618740897830","vehicleMake":"Honda","vehicleModel":"Civic","vehicleDerivative":"1.4 I SE-S 5DR","vehiclePriceEuro":14750,"vehicleYearOfManufacture":2010,"advertiserCounty":"Wexford","isPSL":false,"privatePSL":false,"vehicleImageId":"e513c8cb-e6e1-4c1b-a0f3-84622b191ed7","imagecount":9,"advertiserName":"Slaney View Motors Ltd","isTrade":true},{"advertId":"34413618987931900","vehicleMake":"Honda","vehicleModel":"Civic","vehicleDerivative":"HYBRID","vehiclePriceEuro":14750,"vehicleYearOfManufacture":2010,"advertiserCounty":"Dublin","isPSL":false,"privatePSL":false,"vehicleImageId":"36e3d712-45f5-4054-9ba1-d7c2906eb5e6","imagecount":9,"advertiserName":"Kelly's Garage Limited","isTrade":true},{"advertId":"34413623924111410","vehicleMake":"Honda","vehicleModel":"Civic","vehicleDerivative":"1.4 TYPE-S 3DR","vehiclePriceEuro":14650,"vehicleYearOfManufacture":2010,"advertiserCounty":"Dublin","isPSL":false,"privatePSL":false,"vehicleImageId":"870dbab2-18c3-4058-bd0f-45826b740a13","imagecount":9,"advertiserName":"Alan Dorgan Motors","isTrade":true},{"advertId":"32913599897733940","vehicleMake":"Honda","vehicleModel":"Civic","vehicleDerivative":"IMA 4 DOORS AUTO 4DR","vehiclePriceEuro":14595,"vehicleYearOfManufacture":2010,"advertiserCounty":"Louth","isPSL":false,"privatePSL":false,"vehicleImageId":"219d75be-2ab2-481f-85b3-54c6c01a91e6","imagecount":7,"advertiserName":"Tom Fox Car Sales","isTrade":true},{"advertId":"34013620495538160","vehicleMake":"Honda","vehicleModel":"Civic","vehicleDerivative":"1.4i GT 5DR","vehiclePriceEuro":14500,"vehicleYearOfManufacture":2010,"advertiserCounty":"Laois","isPSL":false,"privatePSL":false,"vehicleImageId":"1a17d5f6-72df-495b-8655-b69c16774606","imagecount":7,"advertiserName":"John Adams Car Sales","isTrade":true},{"advertId":"33913603471071530","vehicleMake":"Honda","vehicleModel":"Civic","vehicleDerivative":"1.4i SE-S 5DR","vehiclePriceEuro":14500,"vehicleYearOfManufacture":2010,"advertiserCounty":"Laois","isPSL":false,"privatePSL":false,"vehicleImageId":"4aca060f-2137-4d18-b5e5-a700389f1c7b","imagecount":7,"advertiserName":"John Adams Car Sales","isTrade":true},{"advertId":"34113615347958700","vehicleMake":"Honda","vehicleModel":"Civic","vehicleDerivative":"1.8i SES 4DR Automatic","vehiclePriceEuro":14500,"vehicleYearOfManufacture":2010,"advertiserCounty":"Laois","isPSL":false,"privatePSL":false,"vehicleImageId":"65f58afe-6210-4c76-808a-235aacb426eb","imagecount":8,"advertiserName":"John Adams Car Sales","isTrade":true},{"advertId":"31513590330870070","vehicleMake":"Honda","vehicleModel":"Civic","vehicleDerivative":"1.4i-SE 5dr Auto","vehiclePriceEuro":14450,"vehicleYearOfManufacture":2010,"advertiserCounty":"Dublin","isPSL":true,"privatePSL":false,"vehicleImageId":"70a4add2-58fd-4512-bae9-c99a49201ddf","imagecount":10,"advertiserName":"Gowan Motors Navan Road","isTrade":true},{"advertId":"34213611935158730","vehicleMake":"Honda","vehicleModel":"Civic","vehicleDerivative":"1.4i-SE 5dr Auto","vehiclePriceEuro":14450,"vehicleYearOfManufacture":2010,"advertiserCounty":"Dublin","isPSL":true,"privatePSL":false,"vehicleImageId":"a67c5420-5147-452f-ae47-a6a026ee9c38","imagecount":14,"advertiserName":"Gowan Motors Merrion","isTrade":true},{"advertId":"201308212601724","vehicleMake":"Honda","vehicleModel":"Civic","vehicleDerivative":"1.4 I SE-S 5DR","vehiclePriceEuro":14250,"vehicleYearOfManufacture":2010,"advertiserCounty":"Dublin","isPSL":true,"privatePSL":false,"vehicleImageId":"14363493","imagecount":8,"isTrade":false},{"advertId":"33213600840577840","vehicleMake":"Honda","vehicleModel":"Civic","vehicleDerivative":"1.4 I se-s 5dr","vehiclePriceEuro":13950,"vehicleYearOfManufacture":2010,"advertiserCounty":"Limerick","isPSL":false,"privatePSL":false,"vehicleImageId":"f470cb03-8082-4804-bb6b-b18ea09d8c03","imagecount":8,"advertiserName":"Pat Tiernan Motors (Nissan)","isTrade":true},{"advertId":"33413603259494260","vehicleMake":"Honda","vehicleModel":"Civic","vehicleDerivative":"1.8I SES 4 DOORS 4DR","vehiclePriceEuro":13850,"vehicleYearOfManufacture":2010,"advertiserCounty":"Tipperary","isPSL":false,"privatePSL":false,"vehicleImageId":"64faf80f-a9bb-4e86-b3fb-8272fb090a3b","imagecount":3,"advertiserName":"Denis Kinane Motors (Honda Centre)","isTrade":true},{"advertId":"34113617978843140","vehicleMake":"Honda","vehicleModel":"Civic","vehicleDerivative":"1.8i SES 4dr","vehiclePriceEuro":13750,"vehicleYearOfManufacture":2010,"advertiserCounty":"Dublin","isPSL":true,"privatePSL":false,"vehicleImageId":"a30a2acf-412e-4686-bbfb-a377ac1595f2","imagecount":3,"advertiserName":"Gowan Motors Navan Road","isTrade":true},{"advertId":"201306212295865","vehicleMake":"Honda","vehicleModel":"Civic","vehicleDerivative":"1.4 I GT 5DR","vehiclePriceEuro":13500,"vehicleYearOfManufacture":2010,"advertiserCounty":"Clare","isPSL":true,"privatePSL":false,"vehicleImageId":"14317128","imagecount":5,"isTrade":false},{"advertId":"201309212698598","vehicleMake":"Honda","vehicleModel":"Civic","vehicleDerivative":"IMA HYBRID ES 04DR A 113BHP","vehiclePriceEuro":13500,"vehicleYearOfManufacture":2010,"advertiserCounty":"Galway","isPSL":true,"privatePSL":false,"vehicleImageId":"14038822","imagecount":4,"isTrade":false},{"advertId":"201310212771417","vehicleMake":"Honda","vehicleModel":"Civic","vehicleDerivative":"1.4 I SE-S 5DR","vehiclePriceEuro":13000,"vehicleYearOfManufacture":2010,"advertiserCounty":"Meath","isPSL":true,"privatePSL":false,"vehicleImageId":"14387113","imagecount":4,"isTrade":false},{"advertId":"34113613806692720","vehicleMake":"Honda","vehicleModel":"Civic","vehicleDerivative":"EXI-CTDI","vehiclePriceEuro":12950,"vehicleYearOfManufacture":2010,"advertiserCounty":"Dublin","isPSL":false,"privatePSL":false,"vehicleImageId":"addd42d2-13ed-490e-ba19-1875f5789917","imagecount":8,"advertiserName":"Western Motor Point","isTrade":true},{"advertId":"34213601600440900","vehicleMake":"Honda","vehicleModel":"Civic","vehicleDerivative":"1.4i SE-S 5DR","vehiclePriceEuro":0,"vehicleYearOfManufacture":2010,"advertiserCounty":"Cork","isPSL":true,"privatePSL":false,"vehicleImageId":"63ce6433-0c1c-4ea1-b129-4f7deedaec29","imagecount":7,"advertiserName":"Kevin O'Leary Group Silversprings","isTrade":true},{"advertId":"413256674630810","vehicleMake":"Honda","vehicleModel":"Civic","vehicleDerivative":"2.2 diesel.","vehiclePriceEuro":15450,"vehicleYearOfManufacture":2009,"advertiserCounty":"Dublin","isPSL":false,"privatePSL":false,"vehicleImageId":"9e40b310-2cf3-48a1-9d2c-b55127ed7178","imagecount":7,"advertiserName":"Autocity","isTrade":true},{"advertId":"201250211405628","vehicleMake":"Honda","vehicleModel":"Civic","vehicleDerivative":"IMA HYBRID ES 04DR A 113BHP","vehiclePriceEuro":14995,"vehicleYearOfManufacture":2009,"advertiserCounty":"Dublin","isPSL":true,"privatePSL":false,"vehicleImageId":"14205482","imagecount":3,"isTrade":false},{"advertId":"33413605811390170","vehicleMake":"Honda","vehicleModel":"Civic","vehicleDerivative":"IMA HYBRID ES LEATHER 4DR A 113BHP","vehiclePriceEuro":14950,"vehicleYearOfManufacture":2009,"advertiserCounty":"Dublin","isPSL":true,"privatePSL":false,"vehicleImageId":"ad8fbdfa-9c8f-4ae3-8fd5-9c27d6501eab","imagecount":10,"advertiserName":"Clonskeagh Motors","isTrade":true},{"advertId":"31813588441912030","vehicleMake":"Honda","vehicleModel":"Civic","vehicleDerivative":"2.2 CDTi SE 5 Door Hatch (Diesel)","vehiclePriceEuro":14500,"vehicleYearOfManufacture":2009,"advertiserCounty":"Dublin","isPSL":false,"privatePSL":false,"vehicleImageId":"c1ceb229-10c2-40ab-a4a1-054e74d0cbdb","imagecount":9,"advertiserName":"Sandyford Motor Centre (Main Opel & Mazda Dealer)","isTrade":true},{"advertId":"201242210532760","vehicleMake":"Honda","vehicleModel":"Civic","vehicleDerivative":"1.8I VTEC SPORT GT 3DR","vehiclePriceEuro":14499,"vehicleYearOfManufacture":2009,"advertiserCounty":"Dublin","isPSL":true,"privatePSL":false,"vehicleImageId":"14053048","imagecount":6,"isTrade":false},{"advertId":"33913606839845940","vehicleMake":"Honda","vehicleModel":"Civic","vehicleDerivative":"1.4 IMA Hybrid Auto €190 Road Tax","vehiclePriceEuro":14000,"vehicleYearOfManufacture":2009,"advertiserCounty":"Laois","isPSL":false,"privatePSL":false,"vehicleImageId":"89cc9080-3a64-4d58-aa99-eaaf37a188c1","imagecount":7,"advertiserName":"John Adams Car Sales","isTrade":true},{"advertId":"5713317250580570","vehicleMake":"Honda","vehicleModel":"Civic","vehicleDerivative":"1.8I ES 5 DOORS","vehiclePriceEuro":13950,"vehicleYearOfManufacture":2009,"advertiserCounty":"Dublin","isPSL":true,"privatePSL":false,"vehicleImageId":"c96d4df9-3e6e-4216-9083-7b4bab478f00","imagecount":14,"advertiserName":"Clonskeagh Motors","isTrade":true},{"advertId":"31313478779174820","vehicleMake":"Honda","vehicleModel":"Civic","vehicleDerivative":"1.4 I SE 5 DOORS 5DR","vehiclePriceEuro":13950,"vehicleYearOfManufacture":2009,"advertiserCounty":"Offaly","isPSL":false,"privatePSL":false,"vehicleImageId":"ce9299a4-74df-47d0-ba42-3a21482215f1","imagecount":6,"advertiserName":"Fitzpatrick`s Garage Tullamore Hyundai","isTrade":true},{"advertId":"31113592058745870","vehicleMake":"Honda","vehicleModel":"Civic","vehicleDerivative":"1.8i Es I-Shift 5dr","vehiclePriceEuro":13950,"vehicleYearOfManufacture":2009,"advertiserCounty":"Dublin","isPSL":true,"privatePSL":false,"vehicleImageId":"85e56014-6554-4b36-844d-6b2d6148e70e","imagecount":8,"advertiserName":"Gowan Motors Dun Laoghaire","isTrade":true},{"advertId":"34313606680678510","vehicleMake":"Honda","vehicleModel":"Civic","vehicleDerivative":"1.4 I SE 5 DOORS 5DR","vehiclePriceEuro":13495,"vehicleYearOfManufacture":2009,"advertiserCounty":"Waterford","isPSL":true,"privatePSL":false,"vehicleImageId":"16c3cc17-7708-4525-9903-1f54ef7d2f5e","imagecount":1,"advertiserName":"AutoBoland","isTrade":true},{"advertId":"6813359506421390","vehicleMake":"Honda","vehicleModel":"Civic","vehicleDerivative":"1.8I SES 4 DOORS 4DR","vehiclePriceEuro":13145,"vehicleYearOfManufacture":2009,"advertiserCounty":"Tipperary","isPSL":false,"privatePSL":false,"vehicleImageId":"b7152ce6-8989-4da6-be45-7212b13bee76","imagecount":5,"advertiserName":"Denis Kinane Motors (Honda Centre)","isTrade":true},{"advertId":"34313618865651600","vehicleMake":"Honda","vehicleModel":"Civic","vehicleDerivative":"1.4 I SE 5 DOOR HATCHBACK ONLY 35,000KMS","vehiclePriceEuro":12950,"vehicleYearOfManufacture":2009,"advertiserCounty":"Dublin","isPSL":false,"privatePSL":false,"vehicleImageId":"703dd105-9f16-4d4c-8431-868fbb64c6cf","imagecount":12,"advertiserName":"Cambridge Motor Company","isTrade":true},{"advertId":"201251211494381","vehicleMake":"Honda","vehicleModel":"Civic","vehicleDerivative":"1.4 I SE 5 DOORS 5DR","vehiclePriceEuro":12750,"vehicleYearOfManufacture":2009,"advertiserCounty":"Clare","isPSL":true,"privatePSL":false,"vehicleImageId":"13868420","imagecount":5,"isTrade":false},{"advertId":"201305212250557","vehicleMake":"Honda","vehicleModel":"Civic","vehicleDerivative":"IMA HYBRID ES 04DR A 113BHP","vehiclePriceEuro":12350,"vehicleYearOfManufacture":2009,"advertiserCounty":"Meath","isPSL":true,"privatePSL":false,"vehicleImageId":"13570223","imagecount":7,"isTrade":false},{"advertId":"34013617049552030","vehicleMake":"Honda","vehicleModel":"Civic","vehicleDerivative":"2.2 i-CDTi ES (Tax €280)","vehiclePriceEuro":12250,"vehicleYearOfManufacture":2009,"advertiserCounty":"Meath","isPSL":false,"privatePSL":false,"vehicleImageId":"b815293d-95a6-4565-a33a-7a608f378557","imagecount":12,"advertiserName":"AIG Autos","isTrade":true},{"advertId":"33213596385901350","vehicleMake":"Honda","vehicleModel":"Civic","vehicleDerivative":"1.8I SES 4 DOORS 4DR","vehiclePriceEuro":11995,"vehicleYearOfManufacture":2009,"advertiserCounty":"Dublin","isPSL":false,"privatePSL":false,"vehicleImageId":"2544d3fb-cbc1-49f3-8c7f-f252614032f1","imagecount":11,"advertiserName":"James Hennessy Motors Ltd","isTrade":true},{"advertId":"33413604156607220","vehicleMake":"Honda","vehicleModel":"Civic","vehicleDerivative":"I-CDTI SE 5DR ( TAX 280 )","vehiclePriceEuro":11950,"vehicleYearOfManufacture":2009,"advertiserCounty":"Galway","isPSL":false,"privatePSL":false,"vehicleImageId":"b51288b7-4efb-474d-bbf7-817d2a489913","imagecount":15,"advertiserName":"The Woodland Motor Company","isTrade":true},{"advertId":"201248211179650","vehicleMake":"Honda","vehicleModel":"Civic","vehiclePriceEuro":11450,"vehicleYearOfManufacture":2009,"advertiserCounty":"Dublin","isPSL":true,"privatePSL":false,"vehicleImageId":"13773055","imagecount":9,"isTrade":false},{"advertId":"34213611917144950","vehicleMake":"Honda","vehicleModel":"Civic","vehicleDerivative":"1.8I SES 4 DOORS 4DR","vehiclePriceEuro":10975,"vehicleYearOfManufacture":2009,"advertiserCounty":"Wexford","isPSL":true,"privatePSL":false,"vehicleImageId":"54216077-5b01-420f-b3f8-0b9d27a95534","imagecount":5,"advertiserName":"Bolands Wexford (Ford & Jaguar)","isTrade":true},{"advertId":"31113591346158890","vehicleMake":"Honda","vehicleModel":"Civic","vehicleDerivative":"1.8I SES 4DR.","vehiclePriceEuro":10950,"vehicleYearOfManufacture":2009,"advertiserCounty":"Galway","isPSL":true,"privatePSL":false,"vehicleImageId":"745e4269-8de8-4305-b141-86a8db453f7d","imagecount":5,"advertiserName":"Hogan Motors Galway","isTrade":true},{"advertId":"33413610052203380","vehicleMake":"Honda","vehicleModel":"Civic","vehicleDerivative":"2.2 ictdi LEATHER","vehiclePriceEuro":0,"vehicleYearOfManufacture":2009,"advertiserCounty":"Donegal","isPSL":true,"privatePSL":false,"vehicleImageId":"2bdc2939-1d98-411d-96fd-93745d3675c2","imagecount":11,"advertiserName":"Shane Connolly","isTrade":true},{"advertId":"34313623972637390","vehicleMake":"Honda","vehicleModel":"Civic","vehicleDerivative":"4DR HYBRID AUTO **€180 Annual Tax**","vehiclePriceEuro":0,"vehicleYearOfManufacture":2009,"advertiserCounty":"Cork","isPSL":true,"privatePSL":false,"vehicleImageId":"619b32d3-abb1-467b-b356-e39a4d60a720","imagecount":1,"advertiserName":"Kevin O'Leary Group Silversprings","isTrade":true},{"advertId":"201245210926649","vehicleMake":"Honda","vehicleModel":"Civic","vehicleDerivative":"FD2 TYPE R 04DR","vehiclePriceEuro":20000,"vehicleYearOfManufacture":2008,"advertiserCounty":"Dublin","isPSL":true,"privatePSL":false,"vehicleImageId":"13704372","imagecount":8,"isTrade":false},{"advertId":"201246210973596","vehicleMake":"Honda","vehicleModel":"Civic","vehicleDerivative":"1.8I ES 5 DOORS","vehiclePriceEuro":16750,"vehicleYearOfManufacture":2008,"advertiserCounty":"Wicklow","isPSL":true,"privatePSL":false,"imagecount":0,"isTrade":false},{"advertId":"201246210950302","vehicleMake":"Honda","vehicleModel":"Civic","vehicleDerivative":"2.2 CDTi","vehiclePriceEuro":15995,"vehicleYearOfManufacture":2008,"advertiserCounty":"Kildare","isPSL":true,"privatePSL":false,"vehicleImageId":"14133185","imagecount":8,"isTrade":false},{"advertId":"29613470329826490","vehicleMake":"Honda","vehicleModel":"Civic","vehicleDerivative":"TYPE R SPORT 3DR","vehiclePriceEuro":15950,"vehicleYearOfManufacture":2008,"advertiserCounty":"Dublin","isPSL":true,"privatePSL":false,"vehicleImageId":"777ea1a6-bd00-4961-ba22-fedb1564f91e","imagecount":16,"advertiserName":"Clonskeagh Motors","isTrade":true},{"advertId":"201242210517133","vehicleMake":"Honda","vehicleModel":"Civic","vehicleDerivative":"CTDI TYPE S GT - Type R Grill","vehiclePriceEuro":15600,"vehicleYearOfManufacture":2008,"advertiserCounty":"Louth","isPSL":true,"privatePSL":false,"vehicleImageId":"14049385","imagecount":5,"isTrade":false},{"advertId":"201246211015850","vehicleMake":"Honda","vehicleModel":"Civic","vehicleDerivative":"1.8 TYPE-S SPORT 3DR","vehiclePriceEuro":15500,"vehicleYearOfManufacture":2008,"advertiserCounty":"Waterford","isPSL":true,"privatePSL":false,"vehicleImageId":"14145675","imagecount":9,"isTrade":false},{"advertId":"34013598107774690","vehicleMake":"Honda","vehicleModel":"Civic","vehicleDerivative":"TYPE R SPORT 3DR***LIKE BRAND NEW LOOK***","vehiclePriceEuro":14950,"vehicleYearOfManufacture":2008,"advertiserCounty":"Dublin","isPSL":true,"privatePSL":false,"vehicleImageId":"0da668a1-db0d-4638-9822-ed330ccd39bc","imagecount":13,"advertiserName":"Hi line Motors","isTrade":true},{"advertId":"201242210594982","vehicleMake":"Honda","vehicleModel":"Civic","vehiclePriceEuro":13750,"vehicleYearOfManufacture":2008,"advertiserCounty":"Cork","isPSL":true,"privatePSL":false,"vehicleImageId":"14064249","imagecount":9,"isTrade":false},{"advertId":"201304212114958","vehicleMake":"Honda","vehicleModel":"Civic","vehicleDerivative":"1.8 EX SPORT 5DR","vehiclePriceEuro":13650,"vehicleYearOfManufacture":2008,"advertiserCounty":"Wexford","isPSL":true,"privatePSL":false,"vehicleImageId":"14285809","imagecount":1,"isTrade":false},{"advertId":"33413603394096390","vehicleMake":"Honda","vehicleModel":"Civic","vehicleDerivative":"IMA 4 DOORS AUTO","vehiclePriceEuro":13000,"vehicleYearOfManufacture":2008,"advertiserCounty":"Tipperary","isPSL":false,"privatePSL":false,"vehicleImageId":"67564ff4-ce96-4ed2-a009-d3ffd60058c9","imagecount":5,"advertiserName":"Denis Kinane Motors (Honda Centre)","isTrade":true},{"advertId":"33413600840567890","vehicleMake":"Honda","vehicleModel":"Civic","vehicleDerivative":"1.4ES Hybrid 4Dr Auto ** LOW KMS **","vehiclePriceEuro":12995,"vehicleYearOfManufacture":2008,"advertiserCounty":"Dublin","isPSL":false,"privatePSL":false,"vehicleImageId":"c0735123-69f4-47e9-887e-1318eb7dffac","imagecount":14,"advertiserName":"Windsor Deansgrange","isTrade":true},{"advertId":"33913603178785190","vehicleMake":"Honda","vehicleModel":"Civic","vehicleDerivative":"2.2L -C TDI EX (BASIC) 5DR","vehiclePriceEuro":12850,"vehicleYearOfManufacture":2008,"advertiserCounty":"Westmeath","isPSL":false,"privatePSL":false,"vehicleImageId":"467f1bc6-b822-4e0e-9818-31f56ac2da8e","imagecount":15,"advertiserName":"Keenan Bauer Motors","isTrade":true},{"advertId":"34213620677753120","vehicleMake":"Honda","vehicleModel":"Civic","vehicleDerivative":"2.2I CTDI ES 5 DR","vehiclePriceEuro":12795,"vehicleYearOfManufacture":2008,"advertiserCounty":"Louth","isPSL":false,"privatePSL":false,"vehicleImageId":"4a7a9ff7-2320-457a-b908-256c6147f291","imagecount":8,"advertiserName":"Tom Fox Car Sales","isTrade":true},{"advertId":"33913620550167200","vehicleMake":"Honda","vehicleModel":"Civic","vehicleDerivative":"IMA 4 DOORS AUTO","vehiclePriceEuro":12750,"vehicleYearOfManufacture":2008,"advertiserCounty":"Tipperary","isPSL":false,"privatePSL":false,"vehicleImageId":"79d8fe02-8a4a-4f27-830e-7f3a9e1e40db","imagecount":5,"advertiserName":"Denis Kinane Motors (Honda Centre)","isTrade":true},{"advertId":"201309212698586","vehicleMake":"Honda","vehicleModel":"Civic","vehicleDerivative":"CTDI TYPE SPORT GT 03DR","vehiclePriceEuro":12500,"vehicleYearOfManufacture":2008,"advertiserCounty":"Dublin","isPSL":true,"privatePSL":false,"vehicleImageId":"14037001","imagecount":9,"isTrade":false},{"advertId":"213231600877140","vehicleMake":"Honda","vehicleModel":"Civic","vehicleDerivative":"1.4 I SE 5 DOORS 5DR","vehiclePriceEuro":11985,"vehicleYearOfManufacture":2008,"advertiserCounty":"Tipperary","isPSL":false,"privatePSL":false,"vehicleImageId":"a770727d-a5de-4aa5-9b29-c12c7dfd6854","imagecount":9,"advertiserName":"Denis Kinane Motors (Honda Centre)","isTrade":true},{"advertId":"32113510957160720","vehicleMake":"Honda","vehicleModel":"Civic","vehicleDerivative":"cdti 2.2 es 5 door","vehiclePriceEuro":11950,"vehicleYearOfManufacture":2008,"advertiserCounty":"Meath","isPSL":false,"privatePSL":false,"vehicleImageId":"e1b53215-7184-44a9-9e79-b0701ecd4bdb","imagecount":12,"advertiserName":"M3 Car Sales Ltd","isTrade":true},{"advertId":"33213604222760160","vehicleMake":"Honda","vehicleModel":"Civic","vehicleDerivative":"IMA 4 DOORS AUTO","vehiclePriceEuro":11950,"vehicleYearOfManufacture":2008,"advertiserCounty":"Clare","isPSL":true,"privatePSL":false,"vehicleImageId":"8cb81bbd-1c23-4611-8bba-b731340ad5a3","imagecount":13,"advertiserName":"Cummins Car Centre (Main Toyota Dealer)","isTrade":true},{"advertId":"24613421075052330","vehicleMake":"Honda","vehicleModel":"Civic","vehicleDerivative":"1.4 I SE 5 DOORS 5DR","vehiclePriceEuro":11950,"vehicleYearOfManufacture":2008,"advertiserCounty":"Dublin","isPSL":true,"privatePSL":false,"vehicleImageId":"936110f8-89fb-441f-b58b-6571d6793298","imagecount":8,"advertiserName":"Clonskeagh Motors","isTrade":true},{"advertId":"34113614738814160","vehicleMake":"Honda","vehicleModel":"Civic","vehicleDerivative":"Ima 4dr","vehiclePriceEuro":11950,"vehicleYearOfManufacture":2008,"advertiserCounty":"Dublin","isPSL":true,"privatePSL":false,"vehicleImageId":"ae4d888f-5806-4e79-a9d9-0c5d06b65dd7","imagecount":9,"advertiserName":"Gowan Motors Navan Road","isTrade":true},{"advertId":"29613474703216890","vehicleMake":"Honda","vehicleModel":"Civic","vehicleDerivative":"TDI Executive 5 Dr. with Satnav.  FULL HONDA MAIN DEALER SERVICE HISTORY FROM NEW. Road Tax only €280 p/a!!!","vehiclePriceEuro":11945,"vehicleYearOfManufacture":2008,"advertiserCounty":"Dublin","isPSL":true,"privatePSL":false,"vehicleImageId":"e466a8d8-36c0-4e20-a53b-41f6e2a591f2","imagecount":10,"advertiserName":"Motoright Ltd.","isTrade":true},{"advertId":"30613474704340700","vehicleMake":"Honda","vehicleModel":"Civic","vehicleDerivative":"CTDI Executive 5 Dr. with Satnav.  FULL HONDA MAIN DEALER SERVICE HISTORY FROM NEW.  Road Tax only €280 p/a!!!","vehiclePriceEuro":11945,"vehicleYearOfManufacture":2008,"advertiserCounty":"Dublin","isPSL":true,"privatePSL":false,"vehicleImageId":"7478a4ce-95c9-4187-8068-8f3855e2c5e4","imagecount":10,"advertiserName":"Motoright Ltd.","isTrade":true},{"advertId":"201308212577860","vehicleMake":"Honda","vehicleModel":"Civic","vehicleDerivative":"1.8 TYPE-S SPORT 3DR","vehiclePriceEuro":11250,"vehicleYearOfManufacture":2008,"advertiserCounty":"Cork","isPSL":true,"privatePSL":false,"vehicleImageId":"14022008","imagecount":9,"isTrade":false},{"advertId":"201242210572943","vehicleMake":"Honda","vehicleModel":"Civic","vehicleDerivative":"ES IMA HYBRID","vehiclePriceEuro":11000,"vehicleYearOfManufacture":2008,"advertiserCounty":"Cork","isPSL":true,"privatePSL":false,"vehicleImageId":"14059441","imagecount":6,"isTrade":false},{"advertId":"31713587768403690","vehicleMake":"Honda","vehicleModel":"Civic","vehicleDerivative":"1.8I SES 4 DOORS 4DR","vehiclePriceEuro":10995,"vehicleYearOfManufacture":2008,"advertiserCounty":"Cork","isPSL":true,"privatePSL":false,"vehicleImageId":"97767b34-6706-4177-aaaa-7229504d5993","imagecount":20,"advertiserName":"Blackwater Motors Skibbereen (Main Volkswagen Dealer)","isTrade":true},{"advertId":"34113599134589250","vehicleMake":"Honda","vehicleModel":"Civic","vehicleDerivative":"2.2 i-CDTi EX SAT NAV (Tax €280)","vehiclePriceEuro":10950,"vehicleYearOfManufacture":2008,"advertiserCounty":"Meath","isPSL":false,"privatePSL":false,"vehicleImageId":"f57735b4-7bc9-488c-adc2-e20f7e7da166","imagecount":14,"advertiserName":"AIG Autos","isTrade":true},{"advertId":"34113603187956440","vehicleMake":"Honda","vehicleModel":"Civic","vehicleDerivative":"1.4 I SE 5 DOORS 5DR","vehiclePriceEuro":10950,"vehicleYearOfManufacture":2008,"advertiserCounty":"Tipperary","isPSL":false,"privatePSL":false,"vehicleImageId":"58f0aed1-8c71-4af2-89bf-e97a7a8db6ff","imagecount":3,"advertiserName":"Denis Kinane Motors (Honda Centre)","isTrade":true},{"advertId":"34013614738815900","vehicleMake":"Honda","vehicleModel":"Civic","vehicleDerivative":"Ima 4dr","vehiclePriceEuro":10950,"vehicleYearOfManufacture":2008,"advertiserCounty":"Dublin","isPSL":true,"privatePSL":false,"vehicleImageId":"b537b33b-8a25-46cd-a362-42c44ef9576f","imagecount":3,"advertiserName":"Gowan Motors Navan Road","isTrade":true},{"advertId":"33413608582798720","vehicleMake":"Honda","vehicleModel":"Civic","vehicleDerivative":"1.4i Se 5dr","vehiclePriceEuro":10950,"vehicleYearOfManufacture":2008,"advertiserCounty":"Dublin","isPSL":true,"privatePSL":false,"vehicleImageId":"9d290039-c832-4728-8904-59ed7255f335","imagecount":8,"advertiserName":"Gowan Motors Dun Laoghaire","isTrade":true},{"advertId":"34313613605810770","vehicleMake":"Honda","vehicleModel":"Civic","vehicleDerivative":"1.4 I SE***12 MONTHS WARRANTY***SIMI APPROVED DEALER***","vehiclePriceEuro":10750,"vehicleYearOfManufacture":2008,"advertiserCounty":"Dublin","isPSL":false,"privatePSL":false,"vehicleImageId":"3c21dd74-a3a4-41ef-af9c-c7428d21d697","imagecount":10,"advertiserName":"Walsh Motors","isTrade":true},{"advertId":"34013615278210450","vehicleMake":"Honda","vehicleModel":"Civic","vehicleDerivative":"2.2I CTDI SE","vehiclePriceEuro":10595,"vehicleYearOfManufacture":2008,"advertiserCounty":"Louth","isPSL":false,"privatePSL":false,"vehicleImageId":"b321cb7d-342d-43c0-970f-6ba4ebf700a1","imagecount":9,"advertiserName":"Tom Fox Car Sales","isTrade":true},{"advertId":"34313609224112260","vehicleMake":"Honda","vehicleModel":"Civic","vehicleDerivative":"1.8I SES 4 DOORS 4DR","vehiclePriceEuro":10595,"vehicleYearOfManufacture":2008,"advertiserCounty":"Louth","isPSL":false,"privatePSL":false,"vehicleImageId":"4911f2e2-dbbc-4712-9661-1c5b3cebfb0f","imagecount":8,"advertiserName":"Tom Fox Car Sales","isTrade":true},{"advertId":"33213618818958850","vehicleMake":"Honda","vehicleModel":"Civic","vehicleDerivative":"1.8I SE EXECUTIVE 5DR 1.8 I","vehiclePriceEuro":10500,"vehicleYearOfManufacture":2008,"advertiserCounty":"Galway","isPSL":false,"privatePSL":false,"vehicleImageId":"874655da-1804-4d54-925d-16e0629438e5","imagecount":8,"advertiserName":"J.J. Fleming & Co Ltd","isTrade":true},{"advertId":"32013591099839000","vehicleMake":"Honda","vehicleModel":"Civic","vehicleDerivative":"AUTOMATIC 1.8 LOW ROAD TAX.","vehiclePriceEuro":10495,"vehicleYearOfManufacture":2008,"advertiserCounty":"Galway","isPSL":false,"privatePSL":false,"vehicleImageId":"07d03cea-6bb5-48f4-8e3e-4ad39c2c1112","imagecount":8,"advertiserName":"Bradley Motor Works Ltd","isTrade":true},{"advertId":"34313612784578610","vehicleMake":"Honda","vehicleModel":"Civic","vehicleDerivative":"1.4 ES Hybrid Auto","vehiclePriceEuro":10450,"vehicleYearOfManufacture":2008,"advertiserCounty":"Galway","isPSL":true,"privatePSL":false,"vehicleImageId":"5860410f-8aa3-40ea-a478-338abf8ade04","imagecount":7,"advertiserName":"Westlink Car Sales Ltd.","isTrade":true},{"advertId":"34213602295110760","vehicleMake":"Honda","vehicleModel":"Civic","vehicleDerivative":"1.8I SES 4 DOORS 4DR","vehiclePriceEuro":10350,"vehicleYearOfManufacture":2008,"advertiserCounty":"Tipperary","isPSL":false,"privatePSL":false,"vehicleImageId":"e6dac930-cc42-4d6a-bd2d-6ab4a4a98b29","imagecount":7,"advertiserName":"Denis Kinane Motors (Honda Centre)","isTrade":true},{"advertId":"34013616176132730","vehicleMake":"Honda","vehicleModel":"Civic","vehicleDerivative":"1.4 I SE 5 DOORS 5DR","vehiclePriceEuro":10250,"vehicleYearOfManufacture":2008,"advertiserCounty":"Meath","isPSL":false,"privatePSL":false,"vehicleImageId":"f3df9132-9758-4605-90b7-019b6dd53cae","imagecount":9,"advertiserName":"Newgate Motor Company Ltd.","isTrade":true},{"advertId":"201308212625488","vehicleMake":"Honda","vehicleModel":"Civic","vehicleDerivative":"1.4 I SE 5 DOORS 5DR","vehiclePriceEuro":10250,"vehicleYearOfManufacture":2008,"advertiserCounty":"Dublin","isPSL":true,"privatePSL":false,"vehicleImageId":"14021708","imagecount":4,"isTrade":false},{"advertId":"32913611888762180","vehicleMake":"Honda","vehicleModel":"Civic","vehicleDerivative":"HYBRID 1.4 ES (LOW KLM'S/LOW TAX)","vehiclePriceEuro":9950,"vehicleYearOfManufacture":2008,"advertiserCounty":"Cork","isPSL":false,"privatePSL":false,"vehicleImageId":"b4848fe7-22fb-4111-b606-aec8eaf2014a","imagecount":20,"advertiserName":"O'Flynn Motors","isTrade":true},{"advertId":"33213618113334030","vehicleMake":"Honda","vehicleModel":"Civic","vehicleDerivative":"1.4CC 5DR SE.. **LONG TAX 12/13,,F/S/H. NCT 2014, CHEAP TAX €280. CRUISE CONTROL. PARK ASSIST, 12 MONTH WARRANTY OPTION, CALL KEN 01-4298823 SALE SALE SALE ","vehiclePriceEuro":9949,"vehicleYearOfManufacture":2008,"advertiserCounty":"Dublin","isPSL":true,"privatePSL":false,"vehicleImageId":"b5c32d33-192b-46a1-8d5c-71874f71f2fa","imagecount":1,"advertiserName":"Bluegate Motor Company","isTrade":true},{"advertId":"201309212649816","vehicleMake":"Honda","vehicleModel":"Civic","vehicleDerivative":"1.4 I SE 5 DOORS 5DR","vehiclePriceEuro":9900,"vehicleYearOfManufacture":2008,"advertiserCounty":"Sligo","isPSL":true,"privatePSL":false,"vehicleImageId":"14280131","imagecount":7,"isTrade":false},{"advertId":"31113591091718070","vehicleMake":"Honda","vehicleModel":"Civic","vehicleDerivative":"1.4 I SE 5 DOORS 5DR","vehiclePriceEuro":9750,"vehicleYearOfManufacture":2008,"advertiserCounty":"Tipperary","isPSL":false,"privatePSL":false,"vehicleImageId":"248fc7c6-e42e-45f6-a339-defbdb4c3b87","imagecount":9,"advertiserName":"Slatterys Garage Ltd","isTrade":true},{"advertId":"201306212340935","vehicleMake":"Honda","vehicleModel":"Civic","vehicleDerivative":"1.8I ES 5 DOORS","vehiclePriceEuro":9700,"vehicleYearOfManufacture":2008,"advertiserCounty":"Westmeath","isPSL":true,"privatePSL":false,"vehicleImageId":"13980242","imagecount":7,"isTrade":false},{"advertId":"30913503204983070","vehicleMake":"Honda","vehicleModel":"Civic","vehicleDerivative":"1.8i SES 4DR 12mths Warranty","vehiclePriceEuro":9500,"vehicleYearOfManufacture":2008,"advertiserCounty":"Laois","isPSL":false,"privatePSL":false,"vehicleImageId":"502d0758-e3b0-4b46-9f0c-cd47e75e9cc0","imagecount":7,"advertiserName":"John Adams Car Sales","isTrade":true},{"advertId":"201246210973661","vehicleMake":"Honda","vehicleModel":"Civic","vehicleDerivative":"IMA 4 DOORS AUTO","vehiclePriceEuro":9495,"vehicleYearOfManufacture":2008,"advertiserCounty":"Wexford","isPSL":true,"privatePSL":false,"vehicleImageId":"13762439","imagecount":9,"isTrade":false},{"advertId":"31713586929314740","vehicleMake":"Honda","vehicleModel":"Civic","vehicleDerivative":"HYBRID LEATHER IMA","vehiclePriceEuro":9450,"vehicleYearOfManufacture":2008,"advertiserCounty":"Kildare","isPSL":false,"privatePSL":false,"vehicleImageId":"40635130-f101-41c1-a80d-43e3ff362d93","imagecount":15,"advertiserName":"AOR Motors Ltd","isTrade":true}],"totalAdvertCount":45174}