{"adverts":[{"advertId":"31913575898858720","vehicleMake":"Citroen","vehicleModel":"Xsara","vehicleDerivative":"1.6 HDI PICASSO VTX 92 BHP 5DR","vehiclePriceEuro":8500,"vehicleYearOfManufacture":2008,"advertiserCounty":"Clare","isPSL":false,"privatePSL":false,"vehicleImageId":"c2bb1d94-d000-41e8-a228-0b2aa3484434","imagecount":8,"advertiserName":"David Murphy Car Sales","isTrade":true},{"advertId":"33413615232708710","vehicleMake":"Citroen","vehicleModel":"Xsara","vehicleDerivative":"1.6 HDI PICASSO VTX 92 BHP 5DR","vehiclePriceEuro":0,"vehicleYearOfManufacture":2007,"advertiserCounty":"Donegal","isPSL":false,"privatePSL":false,"vehicleImageId":"c18923c1-239b-47de-ad73-69644ce2370a","imagecount":7,"advertiserName":"Browne's Cars Group","isTrade":true},{"advertId":"201245210905385","vehicleMake":"Citroen","vehicleModel":"Xsara","vehicleDerivative":"PICASSO 2.0 HDI DESIRE 2 05DR","vehiclePriceEuro":4950,"vehicleYearOfManufacture":2005,"advertiserCounty":"Dublin","isPSL":true,"privatePSL":false,"vehicleImageId":"14122275","imagecount":7,"isTrade":false},{"advertId":"34313618055696580","vehicleMake":"Citroen","vehicleModel":"Xsara","vehicleDerivative":"1.4i 5DR. *LOW MILEAGE*","vehiclePriceEuro":4950,"vehicleYearOfManufacture":2005,"advertiserCounty":"Cork","isPSL":false,"privatePSL":false,"vehicleImageId":"dfe0ccdd-b025-4008-ab50-f735cc10094c","imagecount":9,"advertiserName":"Denis & Mary Ryan Car Sales","isTrade":true},{"advertId":"213226471808000","vehicleMake":"Citroen","vehicleModel":"Xsara","vehicleDerivative":"PICASSO 1.6 5DR I 51","vehiclePriceEuro":4000,"vehicleYearOfManufacture":2005,"advertiserCounty":"Kilkenny","isPSL":false,"privatePSL":false,"vehicleImageId":"c27a1e56-ddb7-4380-8d32-a8ec8755b14f","imagecount":6,"advertiserName":"Kilkenny Vehicle Centre","isTrade":true},{"advertId":"201308212529859","vehicleMake":"Citroen","vehicleModel":"Xsara","vehicleDerivative":"1.6 PICASSO DESIRE 2 5DR 0","vehiclePriceEuro":3850,"vehicleYearOfManufacture":2005,"advertiserCounty":"Dublin","isPSL":true,"privatePSL":false,"vehicleImageId":"14354059","imagecount":5,"isTrade":false},{"advertId":"30813485648622000","vehicleMake":"Citroen","vehicleModel":"Xsara","vehicleDerivative":"PICASSO 1.6 5DR 51","vehiclePriceEuro":3250,"vehicleYearOfManufacture":2005,"advertiserCounty":"Clare","isPSL":false,"privatePSL":false,"vehicleImageId":"98b6797f-e09d-4753-91be-8906df074118","imagecount":8,"advertiserName":"Liam Cleary Car Sales","isTrade":true},{"advertId":"2213282653492090","vehicleMake":"Citroen","vehicleModel":"Xsara","vehicleDerivative":"1.4","vehiclePriceEuro":3950,"vehicleYearOfManufacture":2004,"advertiserCounty":"Tipperary","isPSL":false,"privatePSL":false,"vehicleImageId":"c330b3e7-65df-4b6f-9eb4-e9152d66032e","imagecount":7,"advertiserName":"Mulcahy Car Sales","isTrade":true},{"advertId":"813238519420670","vehicleMake":"Citroen","vehicleModel":"Xsara","vehicleDerivative":"1.4 5dr","vehiclePriceEuro":3750,"vehicleYearOfManufacture":2004,"advertiserCounty":"Cork","isPSL":true,"privatePSL":false,"vehicleImageId":"60db9e84-ed9c-411c-b3e7-c1f09964245b","imagecount":7,"advertiserName":"Cork Auto Sales","isTrade":true},{"advertId":"4813298245474760","vehicleMake":"Citroen","vehicleModel":"Xsara","vehicleDerivative":"PICASSO SPORT","vehiclePriceEuro":3000,"vehicleYearOfManufacture":2004,"advertiserCounty":"Westmeath","isPSL":false,"privatePSL":false,"vehicleImageId":"cfdd1639-7625-4462-9518-115613406c79","imagecount":1,"advertiserName":"Keenan Bauer Motors","isTrade":true},{"advertId":"201304212137592","vehicleMake":"Citroen","vehicleModel":"Xsara","vehicleDerivative":"PICASSO SPORT SERIE","vehiclePriceEuro":2950,"vehicleYearOfManufacture":2004,"advertiserCounty":"Dublin","isPSL":true,"privatePSL":false,"vehicleImageId":"14290819","imagecount":6,"isTrade":false},{"advertId":"34413618937860870","vehicleMake":"Citroen","vehicleModel":"Xsara","vehicleDerivative":"PICASSO SPORT","vehiclePriceEuro":2900,"vehicleYearOfManufacture":2004,"advertiserCounty":"Dublin","isPSL":false,"privatePSL":false,"vehicleImageId":"27110d11-2e3e-4c09-8071-eb75261c4ed0","imagecount":20,"advertiserName":"Northwest Autos","isTrade":true},{"advertId":"201243210628009","vehicleMake":"Citroen","vehicleModel":"Xsara","vehicleDerivative":"1.6 PICASSO LX 05DR","vehiclePriceEuro":2750,"vehicleYearOfManufacture":2004,"advertiserCounty":"Dublin","isPSL":true,"privatePSL":false,"vehicleImageId":"14070125","imagecount":6,"isTrade":false},{"advertId":"201249211259368","vehicleMake":"Citroen","vehicleModel":"Xsara","vehicleDerivative":"1.4","vehiclePriceEuro":2650,"vehicleYearOfManufacture":2004,"advertiserCounty":"Dublin","isPSL":true,"privatePSL":false,"vehicleImageId":"14184994","imagecount":9,"isTrade":false},{"advertId":"201306212296003","vehicleMake":"Citroen","vehicleModel":"Xsara","vehicleDerivative":"1.4 VTR COUPE","vehiclePriceEuro":2600,"vehicleYearOfManufacture":2004,"advertiserCounty":"Dublin","isPSL":true,"privatePSL":false,"vehicleImageId":"14317644","imagecount":3,"isTrade":false},{"advertId":"201305212194879","vehicleMake":"Citroen","vehicleModel":"Xsara","vehicleDerivative":"1.4","vehiclePriceEuro":2500,"vehicleYearOfManufacture":2004,"advertiserCounty":"Cork","isPSL":true,"privatePSL":false,"vehicleImageId":"14299773","imagecount":6,"isTrade":false},{"advertId":"513230740474390","vehicleMake":"Citroen","vehicleModel":"Xsara","vehicleDerivative":"1.4 VTR COUPE   NCT 06/14 , NEW TIMING BELT","vehiclePriceEuro":2500,"vehicleYearOfManufacture":2004,"advertiserCounty":"Cork","isPSL":true,"privatePSL":false,"vehicleImageId":"8030e58b-4de1-4b36-b0a4-a76a3835f477","imagecount":8,"advertiserName":"Ballincollig Motors","isTrade":true},{"advertId":"201305212194881","vehicleMake":"Citroen","vehicleModel":"Xsara","vehicleDerivative":"1.4","vehiclePriceEuro":1995,"vehicleYearOfManufacture":2004,"advertiserCounty":"Cork","isPSL":true,"privatePSL":false,"vehicleImageId":"14299774","imagecount":4,"isTrade":false},{"advertId":"6913389820100130","vehicleMake":"Citroen","vehicleModel":"Xsara","vehicleDerivative":"2.0 HDI ","vehiclePriceEuro":1700,"vehicleYearOfManufacture":2004,"advertiserCounty":"Offaly","isPSL":false,"privatePSL":false,"vehicleImageId":"9df1ccaf-6bc0-45d8-8012-f5048995c01b","imagecount":9,"advertiserName":"Colton Motors","isTrade":true},{"advertId":"6913382993756520","vehicleMake":"Citroen","vehicleModel":"Xsara","vehicleDerivative":"PICASSO 1.6 MPV SERVICED-NCT'ED","vehiclePriceEuro":0,"vehicleYearOfManufacture":2004,"advertiserCounty":"Cork","isPSL":false,"privatePSL":false,"vehicleImageId":"c8c060cc-b74b-4ea8-9a10-748e2d267890","imagecount":7,"advertiserName":"O'Flynn Motors","isTrade":true},{"advertId":"713237658662500","vehicleMake":"Citroen","vehicleModel":"Xsara","vehicleDerivative":"2.0 hdi","vehiclePriceEuro":4900,"vehicleYearOfManufacture":2003,"advertiserCounty":"Sligo","isPSL":false,"privatePSL":false,"vehicleImageId":"37c0302a-ff05-4ce3-a205-9bb92515a9ec","imagecount":5,"advertiserName":"McCormack Car Sales (Sligo)","isTrade":true},{"advertId":"201305212182614","vehicleMake":"Citroen","vehicleModel":"Xsara","vehicleDerivative":"1.6 PLUS SIR","vehiclePriceEuro":3300,"vehicleYearOfManufacture":2003,"advertiserCounty":"Cork","isPSL":true,"privatePSL":false,"vehicleImageId":"14297351","imagecount":5,"isTrade":false},{"advertId":"201251211494648","vehicleMake":"Citroen","vehicleModel":"Xsara","vehicleDerivative":"1.4 VTR COUPE","vehiclePriceEuro":1600,"vehicleYearOfManufacture":2003,"advertiserCounty":"Dublin","isPSL":true,"privatePSL":false,"vehicleImageId":"13847197","imagecount":6,"isTrade":false},{"advertId":"31513531753937050","vehicleMake":"Citroen","vehicleModel":"Xsara","vehicleDerivative":"1.4 VSX 5DR","vehiclePriceEuro":1350,"vehicleYearOfManufacture":2003,"advertiserCounty":"Dublin","isPSL":false,"privatePSL":false,"vehicleImageId":"ef4864bf-1b59-4684-8095-396ee137e7b2","imagecount":7,"advertiserName":"Jack Doyle Motor Company","isTrade":true},{"advertId":"201302211824123","vehicleMake":"Citroen","vehicleModel":"Xsara","vehicleDerivative":"1.4","vehiclePriceEuro":1200,"vehicleYearOfManufacture":2003,"advertiserCounty":"Wexford","isPSL":true,"privatePSL":false,"vehicleImageId":"13890166","imagecount":8,"isTrade":false},{"advertId":"201243210628112","vehicleMake":"Citroen","vehicleModel":"Xsara","vehicleDerivative":"XSARA1.6 PICASSO SX 05DR","vehiclePriceEuro":2450,"vehicleYearOfManufacture":2002,"advertiserCounty":"Laois","isPSL":true,"privatePSL":false,"vehicleImageId":"14070593","imagecount":4,"isTrade":false},{"advertId":"32013516770531670","vehicleMake":"Citroen","vehicleModel":"Xsara","vehicleDerivative":"1.4 VTR COUPE","vehiclePriceEuro":2000,"vehicleYearOfManufacture":2002,"advertiserCounty":"Cork","isPSL":true,"privatePSL":false,"vehicleImageId":"36d8ff85-2692-4a5a-b7d1-3edf58736809","imagecount":6,"advertiserName":"Youghal Kia","isTrade":true},{"advertId":"613261898927930","vehicleMake":"Citroen","vehicleModel":"Xsara","vehicleDerivative":"1.4 VSX 05DR","vehiclePriceEuro":2000,"vehicleYearOfManufacture":2002,"advertiserCounty":"Dublin","isPSL":false,"privatePSL":false,"vehicleImageId":"afb095ed-5793-4cfc-986e-f14edbc94e37","imagecount":9,"advertiserName":"Glasnevin Motor Group","isTrade":true},{"advertId":"201306212296124","vehicleMake":"Citroen","vehicleModel":"Xsara","vehiclePriceEuro":1800,"vehicleYearOfManufacture":2002,"advertiserCounty":"Cork","isPSL":true,"privatePSL":false,"vehicleImageId":"14317931","imagecount":7,"isTrade":false},{"advertId":"201247211100218","vehicleMake":"Citroen","vehicleModel":"Xsara","vehiclePriceEuro":1800,"vehicleYearOfManufacture":2002,"advertiserCounty":"Dublin","isPSL":true,"privatePSL":false,"vehicleImageId":"14159235","imagecount":3,"isTrade":false},{"advertId":"201305212204858","vehicleMake":"Citroen","vehicleModel":"Xsara","vehicleDerivative":"1.6","vehiclePriceEuro":1450,"vehicleYearOfManufacture":2002,"advertiserCounty":"Dublin","isPSL":true,"privatePSL":false,"vehicleImageId":"14301767","imagecount":8,"isTrade":false},{"advertId":"7213385612632590","vehicleMake":"Citroen","vehicleModel":"Xsara","vehicleDerivative":"PICASSO 1.8 LOW MILEAGE","vehiclePriceEuro":1450,"vehicleYearOfManufacture":2002,"advertiserCounty":"Cork","isPSL":false,"privatePSL":false,"vehicleImageId":"a72b7d53-2a3a-41f9-b96b-6de483d7829b","imagecount":6,"advertiserName":"Mallow Road Motors","isTrade":true},{"advertId":"201245210905401","vehicleMake":"Citroen","vehicleModel":"Xsara","vehicleDerivative":"1.4 VTR COUPE","vehiclePriceEuro":1250,"vehicleYearOfManufacture":2002,"advertiserCounty":"Cork","isPSL":true,"privatePSL":false,"vehicleImageId":"14122438","imagecount":9,"isTrade":false},{"advertId":"201304212136485","vehicleMake":"Citroen","vehicleModel":"Xsara","vehicleDerivative":"1.6","vehiclePriceEuro":1200,"vehicleYearOfManufacture":2002,"advertiserCounty":"Wicklow","isPSL":true,"privatePSL":false,"vehicleImageId":"14288717","imagecount":4,"isTrade":false},{"advertId":"34413617705979020","vehicleMake":"Citroen","vehicleModel":"Xsara","vehicleDerivative":"Picasso 1.6 5DR MANUAL","vehiclePriceEuro":0,"vehicleYearOfManufacture":2002,"advertiserCounty":"Kildare","isPSL":false,"privatePSL":false,"vehicleImageId":"18454a89-ef43-41fd-8ee0-85e9266e5b99","imagecount":6,"advertiserName":"Merlin Car Auctions","isTrade":true},{"advertId":"32713587860095380","vehicleMake":"Citroen","vehicleModel":"Xsara","vehicleDerivative":"1.9 D XD 5DR","vehiclePriceEuro":0,"vehicleYearOfManufacture":2002,"advertiserCounty":"Limerick","isPSL":false,"privatePSL":false,"vehicleImageId":"2ed7c308-55c6-4efa-abb7-84c7e2043489","imagecount":11,"advertiserName":"T Junction Cars Ltd","isTrade":true},{"advertId":"201306212341154","vehicleMake":"Citroen","vehicleModel":"Xsara","vehicleDerivative":"1.4 VTR COUPE","vehiclePriceEuro":2200,"vehicleYearOfManufacture":2001,"advertiserCounty":"Dublin","isPSL":true,"privatePSL":false,"vehicleImageId":"13979833","imagecount":6,"isTrade":false},{"advertId":"34113612247406220","vehicleMake":"Citroen","vehicleModel":"Xsara","vehicleDerivative":"NCT MAY-14 / LOW MILES / RELIABLE / ECONOMICAL / \"\"MUST BE SEEN\"\" / www.N4CARS.ie","vehiclePriceEuro":1449,"vehicleYearOfManufacture":2001,"advertiserCounty":"Dublin","isPSL":false,"privatePSL":false,"vehicleImageId":"637d3e43-e842-4822-b817-f8cf7771924c","imagecount":12,"advertiserName":"N4 Car Sales","isTrade":true},{"advertId":"201307212457418","vehicleMake":"Citroen","vehicleModel":"Xsara","vehicleDerivative":"1.4","vehiclePriceEuro":1100,"vehicleYearOfManufacture":2001,"advertiserCounty":"Mayo","isPSL":true,"privatePSL":false,"vehicleImageId":"13999489","imagecount":7,"isTrade":false},{"advertId":"813267098938480","vehicleMake":"Citroen","vehicleModel":"Xsara","vehicleDerivative":"2.0 HDI 90 SERIES 2 05DR","vehiclePriceEuro":950,"vehicleYearOfManufacture":2001,"advertiserCounty":"Limerick","isPSL":false,"privatePSL":false,"vehicleImageId":"67fb6574-9a5b-44c2-b2f4-ce6c618fb7a1","imagecount":5,"advertiserName":"John Moloney Motors","isTrade":true},{"advertId":"201309212673961","vehicleMake":"Citroen","vehicleModel":"Xsara","vehicleDerivative":"1.4 VTR COUPE","vehiclePriceEuro":500,"vehicleYearOfManufacture":2001,"advertiserCounty":"Galway","isPSL":true,"privatePSL":false,"imagecount":0,"isTrade":false},{"advertId":"201304212137374","vehicleMake":"Citroen","vehicleModel":"Xsara","vehicleDerivative":"1.9 D LX 05DR","vehiclePriceEuro":1400,"vehicleYearOfManufacture":2000,"advertiserCounty":"Dublin","isPSL":true,"privatePSL":false,"vehicleImageId":"14289977","imagecount":2,"isTrade":false},{"advertId":"5813323741252300","vehicleMake":"Citroen","vehicleModel":"Xsara","vehicleDerivative":"1.4 VSX","vehiclePriceEuro":1000,"vehicleYearOfManufacture":2000,"advertiserCounty":"Tipperary","isPSL":false,"privatePSL":false,"vehicleImageId":"9d6f4087-3001-4d85-93e2-e3e6fe3adb36","imagecount":3,"advertiserName":"Strang Motors Ltd","isTrade":true},{"advertId":"201305212205080","vehicleMake":"Citroen","vehicleModel":"Xsara","vehiclePriceEuro":800,"vehicleYearOfManufacture":2000,"advertiserCounty":"Dublin","isPSL":true,"privatePSL":false,"vehicleImageId":"14302655","imagecount":6,"isTrade":false},{"advertId":"201245210926469","vehicleMake":"Citroen","vehicleModel":"Xsara","vehicleDerivative":"1.4 SX","vehiclePriceEuro":750,"vehicleYearOfManufacture":2000,"advertiserCounty":"Mayo","isPSL":true,"privatePSL":false,"vehicleImageId":"14127407","imagecount":5,"isTrade":false},{"advertId":"33213614471048270","vehicleMake":"Citroen","vehicleModel":"Xsara","vehicleDerivative":"1.4 F/S/H (NCT-03-2014 TAX-03-2013)","vehiclePriceEuro":1495,"vehicleYearOfManufacture":1999,"advertiserCounty":"Dublin","isPSL":true,"privatePSL":false,"vehicleImageId":"5cdeefa7-cb52-45cc-a72d-30c5daedbdd9","imagecount":1,"advertiserName":"Green Isle Autos Ltd.","isTrade":true},{"advertId":"201306212341299","vehicleMake":"Citroen","vehicleModel":"Xsara","vehicleDerivative":"1.4 I","vehiclePriceEuro":1000,"vehicleYearOfManufacture":1999,"advertiserCounty":"Wicklow","isPSL":true,"privatePSL":false,"vehicleImageId":"13983801","imagecount":4,"isTrade":false},{"advertId":"813238516877570","vehicleMake":"Citroen","vehicleModel":"Xsara","vehicleDerivative":"1.4 VT","vehiclePriceEuro":1495,"vehicleYearOfManufacture":1998,"advertiserCounty":"Cork","isPSL":false,"privatePSL":false,"vehicleImageId":"4e05b45b-caf3-4e98-8354-c1103b1282ad","imagecount":9,"advertiserName":"Cronin Autos","isTrade":true},{"advertId":"27513428802319550","vehicleMake":"Citroen","vehicleModel":"Xsara Picasso","vehicleDerivative":"1.6 HDI PICASSO VTX 92 BHP 05DR","vehiclePriceEuro":9750,"vehicleYearOfManufacture":2008,"advertiserCounty":"Clare","isPSL":false,"privatePSL":false,"vehicleImageId":"192e0468-3bda-4152-b6a1-94a632b873f1","imagecount":5,"advertiserName":"O'Sullivan & Hansbury Motors Ltd","isTrade":true},{"advertId":"32013576389303120","vehicleMake":"Citroen","vehicleModel":"Xsara Picasso","vehicleDerivative":"1.6 I VSX PICASSO 110 BHP SR EU4 EU","vehiclePriceEuro":7995,"vehicleYearOfManufacture":2008,"advertiserCounty":"Mayo","isPSL":false,"privatePSL":false,"vehicleImageId":"bf25bc7b-692f-437b-9413-0d0747a8b07d","imagecount":9,"advertiserName":"Edward Conway Ltd","isTrade":true},{"advertId":"32113566579146380","vehicleMake":"Citroen","vehicleModel":"Xsara Picasso","vehicleDerivative":"1.6 Classic","vehiclePriceEuro":6995,"vehicleYearOfManufacture":2008,"advertiserCounty":"Wexford","isPSL":true,"privatePSL":false,"vehicleImageId":"86ecc262-b209-4ac3-a849-aad08c28bf6a","imagecount":9,"advertiserName":"Wexford Car Centre","isTrade":true},{"advertId":"29213463546254510","vehicleMake":"Citroen","vehicleModel":"Xsara Picasso","vehicleDerivative":"1.6 I SX ","vehiclePriceEuro":5995,"vehicleYearOfManufacture":2007,"advertiserCounty":"Carlow","isPSL":false,"privatePSL":false,"vehicleImageId":"97cf1523-ba03-43dd-b705-fc8388aecb01","imagecount":14,"advertiserName":"Active Cars (Pratts Citroen & Subaru)","isTrade":true},{"advertId":"201305212205156","vehicleMake":"Citroen","vehicleModel":"Xsara Picasso","vehicleDerivative":"1.6L VSX","vehiclePriceEuro":5950,"vehicleYearOfManufacture":2006,"advertiserCounty":"Tipperary","isPSL":true,"privatePSL":false,"vehicleImageId":"14302834","imagecount":7,"isTrade":false},{"advertId":"30613486555497230","vehicleMake":"Citroen","vehicleModel":"Xsara Picasso","vehicleDerivative":"1.6 I VSX PICASSO 110 BHP SR. EU4 EU","vehiclePriceEuro":5950,"vehicleYearOfManufacture":2006,"advertiserCounty":"Galway","isPSL":false,"privatePSL":false,"vehicleImageId":"a82502b2-d7fa-4d36-91d5-de0e658460d9","imagecount":8,"advertiserName":"Arch Motors Ltd","isTrade":true},{"advertId":"31113591312831280","vehicleMake":"Citroen","vehicleModel":"Xsara Picasso","vehicleDerivative":"1.6i VSX 110 BHP ","vehiclePriceEuro":5350,"vehicleYearOfManufacture":2006,"advertiserCounty":"Westmeath","isPSL":false,"privatePSL":false,"vehicleImageId":"a6cc4ac0-dc0e-4a2a-af31-73b8c66d536d","imagecount":9,"advertiserName":"Keenan Bauer Motors","isTrade":true},{"advertId":"201309212649807","vehicleMake":"Citroen","vehicleModel":"Xsara Picasso","vehicleDerivative":"1.6 I VSX 110 BHP EU4","vehiclePriceEuro":5250,"vehicleYearOfManufacture":2006,"advertiserCounty":"Limerick","isPSL":true,"privatePSL":false,"vehicleImageId":"14044397","imagecount":8,"isTrade":false},{"advertId":"31913541194857350","vehicleMake":"Citroen","vehicleModel":"Xsara Picasso","vehicleDerivative":"1.6 SX PICASSO 110 BHP ","vehiclePriceEuro":4995,"vehicleYearOfManufacture":2006,"advertiserCounty":"Dublin","isPSL":false,"privatePSL":false,"vehicleImageId":"310445a3-455f-4e34-bc80-beae708691d4","imagecount":8,"advertiserName":"Mark Walsh Motors","isTrade":true},{"advertId":"201249211259341","vehicleMake":"Citroen","vehicleModel":"Xsara Picasso","vehicleDerivative":"PICASSO XSARA 1.6 I SX 110 BHP EU4","vehiclePriceEuro":4950,"vehicleYearOfManufacture":2006,"advertiserCounty":"Dublin","isPSL":true,"privatePSL":false,"vehicleImageId":"14184889","imagecount":6,"isTrade":false},{"advertId":"30813512537596470","vehicleMake":"Citroen","vehicleModel":"Xsara Picasso","vehicleDerivative":"1.6 HDI DESIRE","vehiclePriceEuro":4850,"vehicleYearOfManufacture":2006,"advertiserCounty":"Dublin","isPSL":false,"privatePSL":false,"vehicleImageId":"561bed42-01ce-4b56-b413-7ee7d3249c0d","imagecount":7,"advertiserName":"K & N Car Sales","isTrade":true},{"advertId":"201245210905470","vehicleMake":"Citroen","vehicleModel":"Xsara Picasso","vehicleDerivative":"1.6 I SX PICASSO 110 BHP EU4","vehiclePriceEuro":4850,"vehicleYearOfManufacture":2006,"advertiserCounty":"Dublin","isPSL":true,"privatePSL":false,"vehicleImageId":"14122772","imagecount":8,"isTrade":false},{"advertId":"34213613647658810","vehicleMake":"Citroen","vehicleModel":"Xsara Picasso","vehicleDerivative":"PICASSO XSARA 1.6 I SX 110 BHP EU4","vehiclePriceEuro":4450,"vehicleYearOfManufacture":2006,"advertiserCounty":"Dublin","isPSL":true,"privatePSL":false,"vehicleImageId":"6ae07641-1d6d-4641-9e0b-82d728da3921","imagecount":9,"advertiserName":"Murphy Doyle","isTrade":true},{"advertId":"31813510077271840","vehicleMake":"Citroen","vehicleModel":"Xsara Picasso","vehicleDerivative":"1.6 I SX PICASSO 110 BHP EU4","vehiclePriceEuro":0,"vehicleYearOfManufacture":2006,"advertiserCounty":"Clare","isPSL":false,"privatePSL":false,"vehicleImageId":"3ed5a4cf-9b8b-4eef-a7a6-eccbb0c7f872","imagecount":4,"advertiserName":"O'Sullivan & Hansbury Motors Ltd","isTrade":true},{"advertId":"32113501234782180","vehicleMake":"Citroen","vehicleModel":"Xsara Picasso","vehicleDerivative":"PICASSO 1.6 5DR 51","vehiclePriceEuro":4499,"vehicleYearOfManufacture":2005,"advertiserCounty":"Dublin","isPSL":false,"privatePSL":false,"vehicleImageId":"f085943c-74f7-4692-8dea-e834fcee95f9","imagecount":9,"advertiserName":"Driven.ie","isTrade":true},{"advertId":"413238503091480","vehicleMake":"Citroen","vehicleModel":"Xsara Picasso","vehicleDerivative":"PICASSO 1.6 5DR 51","vehiclePriceEuro":4200,"vehicleYearOfManufacture":2005,"advertiserCounty":"Tipperary","isPSL":false,"privatePSL":false,"vehicleImageId":"4197c6b8-42e2-4056-82b3-2e7844442654","imagecount":5,"advertiserName":"Mulcahy Car Sales","isTrade":true},{"advertId":"201250211369089","vehicleMake":"Citroen","vehicleModel":"Xsara Picasso","vehicleDerivative":"PICASSO 1.6 5DR 51","vehiclePriceEuro":2600,"vehicleYearOfManufacture":2005,"advertiserCounty":"Dublin","isPSL":true,"privatePSL":false,"vehicleImageId":"14200005","imagecount":5,"isTrade":false},{"advertId":"713240243776470","vehicleMake":"Citroen","vehicleModel":"Xsara Picasso","vehicleDerivative":"1.6i 16V *** DONIE DAFFY CAR SALES ***","vehiclePriceEuro":4750,"vehicleYearOfManufacture":2004,"advertiserCounty":"Limerick","isPSL":false,"privatePSL":false,"vehicleImageId":"dda4791a-c53b-444e-99d5-c88a871cd2f6","imagecount":8,"advertiserName":"Donie Daffy Quality Car Sales","isTrade":true},{"advertId":"201245210892315","vehicleMake":"Citroen","vehicleModel":"Xsara Picasso","vehicleDerivative":"1.9 Desire 2","vehiclePriceEuro":4250,"vehicleYearOfManufacture":2004,"advertiserCounty":"Dublin","isPSL":true,"privatePSL":false,"vehicleImageId":"14113989","imagecount":3,"isTrade":false},{"advertId":"713267096402880","vehicleMake":"Citroen","vehicleModel":"Xsara Picasso","vehicleDerivative":"Desire","vehiclePriceEuro":3750,"vehicleYearOfManufacture":2004,"advertiserCounty":"Limerick","isPSL":false,"privatePSL":false,"vehicleImageId":"247bb1c1-feca-41e4-b850-c6cdc4e509d5","imagecount":9,"advertiserName":"John Moloney Motors","isTrade":true},{"advertId":"201249211299444","vehicleMake":"Citroen","vehicleModel":"Xsara Picasso","vehiclePriceEuro":3200,"vehicleYearOfManufacture":2004,"advertiserCounty":"Donegal","isPSL":true,"privatePSL":false,"vehicleImageId":"14190955","imagecount":8,"isTrade":false},{"advertId":"33413618965368800","vehicleMake":"Citroen","vehicleModel":"Xsara Picasso","vehicleDerivative":"1YEAR WARRANTY","vehiclePriceEuro":2900,"vehicleYearOfManufacture":2004,"advertiserCounty":"Dublin","isPSL":false,"privatePSL":false,"vehicleImageId":"0d6f1446-11a8-4b2e-a629-258c5712f29c","imagecount":1,"advertiserName":"Northwest Autos","isTrade":true},{"advertId":"201244210824226","vehicleMake":"Citroen","vehicleModel":"Xsara Picasso","vehiclePriceEuro":2750,"vehicleYearOfManufacture":2004,"advertiserCounty":"Wexford","isPSL":true,"privatePSL":false,"vehicleImageId":"14100370","imagecount":5,"isTrade":false},{"advertId":"5213294200899380","vehicleMake":"Citroen","vehicleModel":"Xsara Picasso","vehicleDerivative":"1.6 TRADE SALE","vehiclePriceEuro":2500,"vehicleYearOfManufacture":2004,"advertiserCounty":"Galway","isPSL":true,"privatePSL":false,"vehicleImageId":"2465ac98-5cd0-4f04-96ae-dcfb068d2a3e","imagecount":10,"advertiserName":"Al Hayes Motors Ltd","isTrade":true},{"advertId":"201245210926696","vehicleMake":"Citroen","vehicleModel":"Xsara Picasso","vehicleDerivative":"PICASSO SPORT SERIE","vehiclePriceEuro":2400,"vehicleYearOfManufacture":2004,"advertiserCounty":"Cork","isPSL":true,"privatePSL":false,"vehicleImageId":"13758902","imagecount":9,"isTrade":false},{"advertId":"201245210926697","vehicleMake":"Citroen","vehicleModel":"Xsara Picasso","vehicleDerivative":"PICASSO SPORT SERIE","vehiclePriceEuro":2400,"vehicleYearOfManufacture":2004,"advertiserCounty":"Cork","isPSL":true,"privatePSL":false,"vehicleImageId":"13758902","imagecount":9,"isTrade":false},{"advertId":"713240243930310","vehicleMake":"Citroen","vehicleModel":"Xsara Picasso","vehicleDerivative":"2.0 HDI *** DONIE DAFFY CAR SALES ***","vehiclePriceEuro":3500,"vehicleYearOfManufacture":2003,"advertiserCounty":"Limerick","isPSL":false,"privatePSL":false,"vehicleImageId":"da243d27-be9d-4236-8687-ad72afead955","imagecount":7,"advertiserName":"Donie Daffy Quality Car Sales","isTrade":true},{"advertId":"713232472187820","vehicleMake":"Citroen","vehicleModel":"Xsara Picasso","vehicleDerivative":"Petrol","vehiclePriceEuro":2995,"vehicleYearOfManufacture":2003,"advertiserCounty":"Waterford","isPSL":false,"privatePSL":false,"vehicleImageId":"1dfe192f-52f6-4794-89eb-232db0b2fa64","imagecount":7,"advertiserName":"Castletown Carsales","isTrade":true},{"advertId":"201305212205115","vehicleMake":"Citroen","vehicleModel":"Xsara Picasso","vehiclePriceEuro":2700,"vehicleYearOfManufacture":2003,"advertiserCounty":"Dublin","isPSL":true,"privatePSL":false,"vehicleImageId":"13946343","imagecount":9,"isTrade":false},{"advertId":"30213475510467200","vehicleMake":"Citroen","vehicleModel":"Xsara Picasso","vehicleDerivative":"1.6i SX Allure 5 seats","vehiclePriceEuro":2450,"vehicleYearOfManufacture":2003,"advertiserCounty":"Carlow","isPSL":false,"privatePSL":false,"vehicleImageId":"6c4cc421-87b2-43e8-a08b-52e086774457","imagecount":15,"advertiserName":"Active Cars (Pratts Citroen & Subaru)","isTrade":true},{"advertId":"34013618984452500","vehicleMake":"Citroen","vehicleModel":"Xsara Picasso","vehicleDerivative":"NCT09/13 TAX03/13","vehiclePriceEuro":2300,"vehicleYearOfManufacture":2003,"advertiserCounty":"Dublin","isPSL":false,"privatePSL":false,"vehicleImageId":"5225dcbd-9014-4878-89e0-daad58d12947","imagecount":1,"advertiserName":"Northwest Autos","isTrade":true},{"advertId":"32113516184505210","vehicleMake":"Citroen","vehicleModel":"Xsara Picasso","vehicleDerivative":"1.6 (AIR CON /ALLOYS /NCT 03-2013)","vehiclePriceEuro":1950,"vehicleYearOfManufacture":2003,"advertiserCounty":"Dublin","isPSL":true,"privatePSL":false,"vehicleImageId":"d1c6cea2-d3e2-448b-a00d-836cbe5a5eda","imagecount":6,"advertiserName":"1st Avenue Garage","isTrade":true},{"advertId":"713262911873620","vehicleMake":"Citroen","vehicleModel":"Xsara Picasso","vehicleDerivative":"1.6i 16V","vehiclePriceEuro":1995,"vehicleYearOfManufacture":2002,"advertiserCounty":"Dublin","isPSL":false,"privatePSL":false,"vehicleImageId":"9ea21df0-9bd3-4564-9517-5a247d05575f","imagecount":6,"advertiserName":"Drimnagh Motors Ltd.","isTrade":true},{"advertId":"31913535161803870","vehicleMake":"Citroen","vehicleModel":"Xsara Picasso","vehicleDerivative":"1.6 (NCT 06-2013 /TAX 08-13)","vehiclePriceEuro":1950,"vehicleYearOfManufacture":2002,"advertiserCounty":"Dublin","isPSL":true,"privatePSL":false,"vehicleImageId":"25e96a95-5d33-4f59-a97b-020c111f1378","imagecount":8,"advertiserName":"1st Avenue Garage","isTrade":true},{"advertId":"31713595623237800","vehicleMake":"Citroen","vehicleModel":"Xsara Picasso","vehicleDerivative":"PICASSO 2.0HDI SX taxed 03/13","vehiclePriceEuro":1600,"vehicleYearOfManufacture":2002,"advertiserCounty":"Dublin","isPSL":false,"privatePSL":false,"vehicleImageId":"a896b178-c993-43c1-906a-a6e07d8f36e3","imagecount":5,"advertiserName":"K & N Car Sales","isTrade":true},{"advertId":"201250211384212","vehicleMake":"Citroen","vehicleModel":"Xsara Picasso","vehiclePriceEuro":1500,"vehicleYearOfManufacture":2002,"advertiserCounty":"Wicklow","isPSL":true,"privatePSL":false,"vehicleImageId":"14202870","imagecount":6,"isTrade":false},{"advertId":"201306212363344","vehicleMake":"Citroen","vehicleModel":"Xsara Picasso","vehiclePriceEuro":1950,"vehicleYearOfManufacture":2001,"advertiserCounty":"Laois","isPSL":true,"privatePSL":false,"imagecount":0,"isTrade":false},{"advertId":"30813512581877640","vehicleMake":"Citroen","vehicleModel":"Xsara Picasso","vehicleDerivative":"1.6 PETROL RECENT SERVICE AND NCT","vehiclePriceEuro":1750,"vehicleYearOfManufacture":2001,"advertiserCounty":"Dublin","isPSL":false,"privatePSL":false,"vehicleImageId":"ea5ea4b7-3eb7-43a9-b69a-de5bdd5fe7ba","imagecount":7,"advertiserName":"Glasnevin Motor Group","isTrade":true},{"advertId":"2413282742052700","vehicleMake":"Citroen","vehicleModel":"Xsara Picasso","vehicleDerivative":"PICASSO 1.8 NEW NCT SERVICED VALETED","vehiclePriceEuro":1550,"vehicleYearOfManufacture":2001,"advertiserCounty":"Dublin","isPSL":false,"privatePSL":false,"vehicleImageId":"affb708e-689b-4ff8-b11a-b40f53491de0","imagecount":7,"advertiserName":"Crystal Cars","isTrade":true},{"advertId":"201309212649742","vehicleMake":"Citroen","vehicleModel":"Xsara Picasso","vehicleDerivative":"PICASSO SX HDI","vehiclePriceEuro":1400,"vehicleYearOfManufacture":2001,"advertiserCounty":"Limerick","isPSL":true,"privatePSL":false,"vehicleImageId":"14044475","imagecount":9,"isTrade":false},{"advertId":"31813581624839250","vehicleMake":"Citroen","vehicleDerivative":"110 HDI VTR 5DR 51","vehiclePriceEuro":4950,"vehicleYearOfManufacture":2004,"advertiserCounty":"Tipperary","isPSL":false,"privatePSL":false,"vehicleImageId":"85aa0487-08da-40d2-95d3-3533a7147498","imagecount":8,"advertiserName":"Newport Motors Ltd","isTrade":true},{"advertId":"6213343234159530","vehicleMake":"Citroen","vehicleDerivative":"10 Seater Mini Bus 1.9HDi","vehiclePriceEuro":0,"vehicleYearOfManufacture":2004,"advertiserCounty":"Cork","isPSL":true,"privatePSL":false,"vehicleImageId":"775c6842-80d3-45d8-9a50-90d97dfbdde8","imagecount":7,"advertiserName":"Kevin O'Leary Group Bandon","isTrade":true},{"advertId":"7113378498965490","vehicleMake":"Citroen","vehicleDerivative":"1100 SWB 2.0 HDI LR KPH","vehiclePriceEuro":2950,"vehicleYearOfManufacture":2003,"advertiserCounty":"Limerick","isPSL":false,"privatePSL":false,"vehicleImageId":"4f6a616e-51a0-4bdc-b448-745813f594ce","imagecount":3,"advertiserName":"John Moloney Motors","isTrade":true},{"advertId":"31913510788819290","vehicleMake":"Dacia","vehicleModel":"Duster","vehicleDerivative":"SIGNATURE 4X4 1.5 DCI 110BHP DIESEL SIX SPEED GEARBOX","vehiclePriceEuro":21090,"vehicleYearOfManufacture":2013,"advertiserCounty":"Meath","isPSL":true,"privatePSL":false,"vehicleImageId":"b8269556-0358-4065-ac7b-b743bb9e238d","imagecount":9,"advertiserName":"Joe Norris Motors Main Renault Dealers Est 1986","isTrade":true},{"advertId":"31713565886769980","vehicleMake":"Dacia","vehicleModel":"Duster","vehicleDerivative":"Signature 4x4","vehiclePriceEuro":20590,"vehicleYearOfManufacture":2013,"advertiserCounty":"Kildare","isPSL":true,"privatePSL":false,"vehicleImageId":"86a1a206-16b6-4b83-a54a-81e797d31047","imagecount":8,"advertiserName":"Joe Mallon Motors","isTrade":true},{"advertId":"30613462333414970","vehicleMake":"Dacia","vehicleModel":"Duster","vehicleDerivative":"SIGNATURE 4WD","vehiclePriceEuro":19990,"vehicleYearOfManufacture":2013,"advertiserCounty":"Dublin","isPSL":false,"privatePSL":false,"vehicleImageId":"95c83cd8-86ac-4879-9717-fa01bd9d189e","imagecount":9,"advertiserName":"Renault Belgard","isTrade":true},{"advertId":"32713584306459910","vehicleMake":"Dacia","vehicleModel":"Duster","vehicleDerivative":"**SIGNATURE**","vehiclePriceEuro":19990,"vehicleYearOfManufacture":2013,"advertiserCounty":"Cork","isPSL":true,"privatePSL":false,"vehicleImageId":"23c8b802-ef5f-4f97-a361-b4b4fc4d78b2","imagecount":12,"advertiserName":"Kearys Renault","isTrade":true},{"advertId":"27213428793959730","vehicleMake":"Dacia","vehicleModel":"Duster","vehicleDerivative":"SIGNATURE 4X4 110BHP DIESEL","vehiclePriceEuro":19990,"vehicleYearOfManufacture":2013,"advertiserCounty":"Louth","isPSL":false,"privatePSL":false,"vehicleImageId":"93e66909-aa5b-4aaf-b5a5-e15122da4bf5","imagecount":13,"advertiserName":"Blackstone Motors","isTrade":true},{"advertId":"31513596414887500","vehicleMake":"Dacia","vehicleModel":"Duster","vehicleDerivative":"**2WD SIGNATURE**","vehiclePriceEuro":18600,"vehicleYearOfManufacture":2013,"advertiserCounty":"Cork","isPSL":true,"privatePSL":false,"vehicleImageId":"80a8ba7c-95d0-4c8e-8492-0474306947d7","imagecount":10,"advertiserName":"Kearys Renault","isTrade":true},{"advertId":"31413565886773840","vehicleMake":"Dacia","vehicleModel":"Duster","vehicleDerivative":"Signature 4x2","vehiclePriceEuro":18590,"vehicleYearOfManufacture":2013,"advertiserCounty":"Kildare","isPSL":true,"privatePSL":false,"vehicleImageId":"eb8d995a-6487-4f54-b5df-f3dee9b62d4b","imagecount":8,"advertiserName":"Joe Mallon Motors","isTrade":true},{"advertId":"31113565886796870","vehicleMake":"Dacia","vehicleModel":"Duster","vehicleDerivative":"1.5dci 110 Signature 2WD","vehiclePriceEuro":17990,"vehicleYearOfManufacture":2013,"advertiserCounty":"Kerry","isPSL":false,"privatePSL":false,"vehicleImageId":"a81292a4-1dc5-429d-a936-dc2150ebf175","imagecount":4,"advertiserName":"Donagh Hickey Motors","isTrade":true},{"advertId":"27513431345581100","vehicleMake":"Dacia","vehicleModel":"Duster","vehicleDerivative":"SIGNATURE","vehiclePriceEuro":17990,"vehicleYearOfManufacture":2013,"advertiserCounty":"Dublin","isPSL":false,"privatePSL":false,"vehicleImageId":"2beb80ae-8b63-4436-975b-021e0da8dea3","imagecount":9,"advertiserName":"Renault Belgard","isTrade":true}],"totalAdvertCount":45174}