{"adverts":[{"advertId":"31813552451725790","vehicleMake":"Volkswagen","vehicleModel":"Tiguan","vehicleDerivative":"TIGUAN TFN 2.0TDI 110HP **FRANKKEANEVOLKSWAGEN.IE**","vehiclePriceEuro":26950,"vehicleYearOfManufacture":2012,"advertiserCounty":"Dublin","isPSL":false,"privatePSL":false,"vehicleImageId":"47c34a51-e71a-4907-8202-5c573d5dac30","imagecount":9,"advertiserName":"Frank Keane Volkswagen","isTrade":true},{"advertId":"201249211266106","vehicleMake":"Volkswagen","vehicleModel":"Tiguan","vehicleDerivative":"TIGUAN TFN 2.0 TDI MANUAL 6SPEED FWD 110HP 4DR","vehiclePriceEuro":26000,"vehicleYearOfManufacture":2012,"advertiserCounty":"Dublin","isPSL":true,"privatePSL":false,"vehicleImageId":"14186059","imagecount":3,"isTrade":false},{"advertId":"31113586075149600","vehicleMake":"Volkswagen","vehicleModel":"Tiguan","vehicleDerivative":"SPORT 2.0 TDI  140HP ","vehiclePriceEuro":0,"vehicleYearOfManufacture":2012,"advertiserCounty":"Louth","isPSL":false,"privatePSL":false,"vehicleImageId":"edbaa233-db80-48ed-8940-135e0f2bba90","imagecount":7,"advertiserName":"Auto Superstore Gerry Cumiskey Ltd.","isTrade":true},{"advertId":"32013496896182010","vehicleMake":"Volkswagen","vehicleModel":"Tiguan","vehicleDerivative":"SOLD SOLD SOLD SOLD TFN 2.0 TDI MANUAL 6S FWD 4DR","vehiclePriceEuro":0,"vehicleYearOfManufacture":2012,"advertiserCounty":"Galway","isPSL":true,"privatePSL":false,"vehicleImageId":"0ecf2794-5311-4f5a-86ef-7e430688d055","imagecount":13,"advertiserName":"Al Hayes Motors Ltd","isTrade":true},{"advertId":"5613317324663930","vehicleMake":"Volkswagen","vehicleModel":"Tiguan","vehicleDerivative":"R line 2.0 tdi","vehiclePriceEuro":0,"vehicleYearOfManufacture":2012,"advertiserCounty":"Louth","isPSL":false,"privatePSL":false,"vehicleImageId":"812cf2ad-ae55-413a-8e8b-324aa47c7106","imagecount":10,"advertiserName":"Auto Superstore Gerry Cumiskey Ltd.","isTrade":true},{"advertId":"201245210926655","vehicleMake":"Volkswagen","vehicleModel":"Tiguan","vehicleDerivative":"TIGUAN SPORT 2.0 TDI MANUAL 6S FWD BM 140HP 5DR","vehiclePriceEuro":32500,"vehicleYearOfManufacture":2011,"advertiserCounty":"Meath","isPSL":true,"privatePSL":false,"vehicleImageId":"13332165","imagecount":5,"isTrade":false},{"advertId":"33413611835222360","vehicleMake":"Volkswagen","vehicleModel":"Tiguan","vehicleDerivative":"2.0 Tdi Sport & Style 140 Bhp","vehiclePriceEuro":29950,"vehicleYearOfManufacture":2011,"advertiserCounty":"Waterford","isPSL":false,"privatePSL":false,"vehicleImageId":"ba4f40d5-48c8-4c89-977c-c7272a7c7516","imagecount":8,"advertiserName":"Tom Murphy (Car Sales) Ltd Volkswagen","isTrade":true},{"advertId":"31913583361140990","vehicleMake":"Volkswagen","vehicleModel":"Tiguan","vehicleDerivative":"TRD 2.0 TDI 140BHP BlueMotion*LIKE NEW*","vehiclePriceEuro":28500,"vehicleYearOfManufacture":2011,"advertiserCounty":"Galway","isPSL":true,"privatePSL":false,"vehicleImageId":"cad9289f-e6c7-47b8-8a78-b8e129c6550e","imagecount":8,"advertiserName":"Al Hayes Motors Ltd","isTrade":true},{"advertId":"32913606704578390","vehicleMake":"Volkswagen","vehicleModel":"Tiguan","vehicleDerivative":"SPORT 2.0 TDI MANUAL 6SPEED FWD BM 140HP 5DR","vehiclePriceEuro":26750,"vehicleYearOfManufacture":2011,"advertiserCounty":"Westmeath","isPSL":false,"privatePSL":false,"vehicleImageId":"165a16e9-8365-4b18-877b-53460e080e4c","imagecount":5,"advertiserName":"Sleator Kia","isTrade":true},{"advertId":"32013552451672910","vehicleMake":"Volkswagen","vehicleModel":"Tiguan","vehicleDerivative":"Trend & Fun","vehiclePriceEuro":26500,"vehicleYearOfManufacture":2011,"advertiserCounty":"Kerry","isPSL":false,"privatePSL":false,"vehicleImageId":"5e749b94-6943-460a-a808-5525b33ab239","imagecount":13,"advertiserName":"Divanes Kerry","isTrade":true},{"advertId":"32013552451460260","vehicleMake":"Volkswagen","vehicleModel":"Tiguan","vehicleDerivative":"Trend & Fun","vehiclePriceEuro":25450,"vehicleYearOfManufacture":2011,"advertiserCounty":"Cork","isPSL":false,"privatePSL":false,"vehicleImageId":"5a42783b-d08d-4a0e-ab97-faac00d23f0a","imagecount":11,"advertiserName":"O'Leary's Lissarda (Volkswagen Dealer)","isTrade":true},{"advertId":"31513587875723770","vehicleMake":"Volkswagen","vehicleModel":"Tiguan","vehicleDerivative":"Trend & Fun","vehiclePriceEuro":24750,"vehicleYearOfManufacture":2011,"advertiserCounty":"Clare","isPSL":false,"privatePSL":false,"vehicleImageId":"6929937d-82b7-46a9-b0d5-ff82b4556204","imagecount":8,"advertiserName":"Western Garages","isTrade":true},{"advertId":"31913594585040120","vehicleMake":"Volkswagen","vehicleModel":"Tiguan","vehicleDerivative":"SPORT 2.0 TDI MANUAL 6SPEED FWD BM 140HP 5DR","vehiclePriceEuro":23950,"vehicleYearOfManufacture":2011,"advertiserCounty":"Waterford","isPSL":true,"privatePSL":false,"vehicleImageId":"de405bc0-fe8c-4063-851a-4a53d9f84f0b","imagecount":8,"advertiserName":"Audi Waterford","isTrade":true},{"advertId":"31913582619181490","vehicleMake":"Volkswagen","vehicleModel":"Tiguan","vehicleDerivative":"Trend & Fun","vehiclePriceEuro":23950,"vehicleYearOfManufacture":2011,"advertiserCounty":"Westmeath","isPSL":false,"privatePSL":false,"vehicleImageId":"57c9e6ce-aba0-438d-9da0-f4402b6cfb4e","imagecount":14,"advertiserName":"Mullingar Autos Ltd","isTrade":true},{"advertId":"31113553140005230","vehicleMake":"Volkswagen","vehicleModel":"Tiguan","vehicleDerivative":"2.0 TDI 110BHP 6 SPEED TREND AND FUN SPEC","vehiclePriceEuro":23850,"vehicleYearOfManufacture":2011,"advertiserCounty":"Cork","isPSL":true,"privatePSL":false,"vehicleImageId":"3ec796f8-2063-4d8c-9cf5-8bd53dd84d81","imagecount":9,"advertiserName":"Newmarket Motors Ltd","isTrade":true},{"advertId":"34313620732116490","vehicleMake":"Volkswagen","vehicleModel":"Tiguan","vehicleDerivative":" 2.0 TDI 2WD TREND & FUN","vehiclePriceEuro":22450,"vehicleYearOfManufacture":2011,"advertiserCounty":"Dublin","isPSL":true,"privatePSL":false,"imagecount":0,"advertiserName":"McCoy Motors Ltd","isTrade":true},{"advertId":"33913612721544890","vehicleMake":"Volkswagen","vehicleModel":"Tiguan","vehicleDerivative":"TFN 2.0 TDI MANUAL 6SPEED FWD 1240HP 5 5DR","vehiclePriceEuro":21000,"vehicleYearOfManufacture":2011,"advertiserCounty":"Cavan","isPSL":false,"privatePSL":false,"vehicleImageId":"aeb44ebc-94d3-4b3c-be82-09fe6729ae58","imagecount":10,"advertiserName":"Brady's Arva Ltd","isTrade":true},{"advertId":"34213606606889400","vehicleMake":"Volkswagen","vehicleModel":"Tiguan","vehicleDerivative":"SOLD SOLD SOLD SOLD TFN 2.0 TDI*MINT*","vehiclePriceEuro":0,"vehicleYearOfManufacture":2011,"advertiserCounty":"Galway","isPSL":true,"privatePSL":false,"vehicleImageId":"a8b376a1-4f6c-48a0-b01b-5c9970d07953","imagecount":8,"advertiserName":"Al Hayes Motors Ltd","isTrade":true},{"advertId":"201306212340723","vehicleMake":"Volkswagen","vehicleModel":"Tiguan","vehicleDerivative":"TIGUAN SPORT 2.0 TDI MANUAL 6S 2WD 140BHP 5 5DR","vehiclePriceEuro":25750,"vehicleYearOfManufacture":2010,"advertiserCounty":"Leitrim","isPSL":true,"privatePSL":false,"vehicleImageId":"13621758","imagecount":9,"isTrade":false},{"advertId":"31413529932772940","vehicleMake":"Volkswagen","vehicleModel":"Tiguan","vehicleDerivative":"TFN 2.0 TDI MANUAL 6SPEED FWD 140HP BM 5DR","vehiclePriceEuro":23500,"vehicleYearOfManufacture":2010,"advertiserCounty":"Galway","isPSL":true,"privatePSL":false,"vehicleImageId":"d7fdb2ab-3da9-415e-a1a3-493e689a1238","imagecount":15,"advertiserName":"Al Hayes Motors Ltd","isTrade":true},{"advertId":"34413619829570190","vehicleMake":"Volkswagen","vehicleModel":"Tiguan","vehicleDerivative":"TFN 2.0TDI 140BHP BLUEMOTION 5DR","vehiclePriceEuro":22995,"vehicleYearOfManufacture":2010,"advertiserCounty":"Wicklow","isPSL":false,"privatePSL":false,"vehicleImageId":"cb3f3eb9-bd08-495e-8bb2-c0c4bc82f931","imagecount":15,"advertiserName":"Sinnott Autos Ltd","isTrade":true},{"advertId":"33413606608895850","vehicleMake":"Volkswagen","vehicleModel":"Tiguan","vehicleDerivative":"VOLKSWAGAN 140BHP TFN 2.0 TDI MANUAL 6SPEED FWD 5 5DR","vehiclePriceEuro":22500,"vehicleYearOfManufacture":2010,"advertiserCounty":"Galway","isPSL":true,"privatePSL":false,"vehicleImageId":"187542c2-7fec-47af-bb58-b5ffdf1de935","imagecount":8,"advertiserName":"Al Hayes Motors Ltd","isTrade":true},{"advertId":"33213619875962380","vehicleMake":"Volkswagen","vehicleModel":"Tiguan","vehicleDerivative":"TFN 2.0 TDI 6SPEED  140Bhp BlueMotion*MINT*","vehiclePriceEuro":21500,"vehicleYearOfManufacture":2010,"advertiserCounty":"Galway","isPSL":true,"privatePSL":false,"vehicleImageId":"af053da6-8689-408b-bc61-af217a690e23","imagecount":11,"advertiserName":"Al Hayes Motors Ltd","isTrade":true},{"advertId":"33913622421352710","vehicleMake":"Volkswagen","vehicleModel":"Tiguan","vehicleDerivative":"SPORT 2.0 TDI 4WD 140BHP Auto","vehiclePriceEuro":26995,"vehicleYearOfManufacture":2009,"advertiserCounty":"Westmeath","isPSL":true,"privatePSL":false,"vehicleImageId":"6abd8d2f-885c-4302-969b-988281fe59be","imagecount":1,"advertiserName":"Colm Quinn Cars","isTrade":true},{"advertId":"31913576644827520","vehicleMake":"Volkswagen","vehicleModel":"Tiguan","vehicleDerivative":"140 BHP Trend and Fun","vehiclePriceEuro":21495,"vehicleYearOfManufacture":2009,"advertiserCounty":"Donegal","isPSL":false,"privatePSL":false,"vehicleImageId":"7ff7ae2e-915e-4b09-ac40-cd8769f48d18","imagecount":9,"advertiserName":"J.J. Reid Motors","isTrade":true},{"advertId":"32013547903811420","vehicleMake":"Volkswagen","vehicleModel":"Tiguan","vehicleDerivative":"2.0 TDI 140BHP","vehiclePriceEuro":20995,"vehicleYearOfManufacture":2009,"advertiserCounty":"Cork","isPSL":true,"privatePSL":false,"vehicleImageId":"4acb5aae-67d3-441c-a6d8-129e2f28015d","imagecount":20,"advertiserName":"Blackwater Motors Cork (Main Volkswagen Dealer)","isTrade":true},{"advertId":"6613378638358420","vehicleMake":"Volkswagen","vehicleModel":"Tiguan","vehicleDerivative":"TFN 2.0 TDI 4WD 140BHP 6S","vehiclePriceEuro":19500,"vehicleYearOfManufacture":2008,"advertiserCounty":"Galway","isPSL":true,"privatePSL":false,"vehicleImageId":"36735198-2b78-4add-936e-cd54617c2f6f","imagecount":14,"advertiserName":"Al Hayes Motors Ltd","isTrade":true},{"advertId":"32013561767538510","vehicleMake":"Volkswagen","vehicleModel":"Tiguan","vehicleDerivative":"SPORT 1.4 TSI 4WD 150BHP 12 MONTHS WARRANTY","vehiclePriceEuro":16950,"vehicleYearOfManufacture":2008,"advertiserCounty":"Dublin","isPSL":true,"privatePSL":false,"vehicleImageId":"9d7f7184-3ecb-4a93-8dcb-bf8e3da692d4","imagecount":9,"advertiserName":"Ultimate Cars Ltd.","isTrade":true},{"advertId":"32913614453652960","vehicleMake":"Volkswagen","vehicleModel":"Tiguan","vehicleDerivative":"SPORT 2.0 TDI 4 4WD 140BHP 6SPEED","vehiclePriceEuro":16750,"vehicleYearOfManufacture":2008,"advertiserCounty":"Limerick","isPSL":true,"privatePSL":false,"vehicleImageId":"0cd97a1d-6f76-4d82-9bfa-8a68efceee8f","imagecount":11,"advertiserName":"Leonards Motors","isTrade":true},{"advertId":"31713584285505550","vehicleMake":"Volkswagen","vehicleModel":"Tiguan","vehicleDerivative":"DIESEL.","vehiclePriceEuro":16400,"vehicleYearOfManufacture":2008,"advertiserCounty":"Cork","isPSL":true,"privatePSL":false,"vehicleImageId":"771a9b2e-f0ca-4b24-ba3a-8e1b261331c6","imagecount":9,"advertiserName":"Kearys Hyundai Mallow","isTrade":true},{"advertId":"31413595657759920","vehicleMake":"Volkswagen","vehicleModel":"Tiguan","vehicleDerivative":"Trend & Fun","vehiclePriceEuro":15950,"vehicleYearOfManufacture":2008,"advertiserCounty":"Dublin","isPSL":true,"privatePSL":false,"vehicleImageId":"a15b8aa5-38a5-42b7-8000-865824860fde","imagecount":7,"advertiserName":"Park Motors Volkswagen (MSL)","isTrade":true},{"advertId":"31513577313377770","vehicleMake":"Volkswagen","vehicleModel":"Tiguan","vehicleDerivative":"TFN1.4TSI 4WD 150BHP 6SPEED *IMMACULATE & ONLY 44,000 MILES*","vehiclePriceEuro":14950,"vehicleYearOfManufacture":2008,"advertiserCounty":"Meath","isPSL":false,"privatePSL":false,"vehicleImageId":"dc5c1e99-31e2-49b0-8823-4b283209a795","imagecount":9,"advertiserName":"Dunshaughlin Motor Company","isTrade":true},{"advertId":"31413579366160750","vehicleMake":"Volkswagen","vehicleModel":"Touareg","vehicleDerivative":"** JUST SOLD **","vehiclePriceEuro":0,"vehicleYearOfManufacture":2013,"advertiserCounty":"Wexford","isPSL":true,"privatePSL":false,"vehicleImageId":"3b8a841f-e16f-48fa-82fd-2982399cd20d","imagecount":3,"advertiserName":"Prestige Motors","isTrade":true},{"advertId":"31713554259007820","vehicleMake":"Volkswagen","vehicleModel":"Touareg","vehicleDerivative":"3.0 TDI 204bhp V6 AT 8speed Bluemotion","vehiclePriceEuro":0,"vehicleYearOfManufacture":2013,"advertiserCounty":"Donegal","isPSL":false,"privatePSL":false,"vehicleImageId":"84386c9e-ba8a-4177-8a8e-531724b84619","imagecount":8,"advertiserName":"S & R Motors","isTrade":true},{"advertId":"31813516057568680","vehicleMake":"Volkswagen","vehicleModel":"Touareg","vehicleDerivative":"3.0TDI V6 204BHP BMT AUTO --- BLACKWATER FERMOY","vehiclePriceEuro":69995,"vehicleYearOfManufacture":2012,"advertiserCounty":"Cork","isPSL":true,"privatePSL":false,"vehicleImageId":"fd395a0f-3a13-4876-a7d2-bfd8f0083362","imagecount":20,"advertiserName":"Blackwater Motors Fermoy (Main Volkswagen Dealer)","isTrade":true},{"advertId":"31513567067061980","vehicleMake":"Volkswagen","vehicleModel":"Touareg","vehicleDerivative":"3.0 V6","vehiclePriceEuro":67950,"vehicleYearOfManufacture":2012,"advertiserCounty":"Westmeath","isPSL":false,"privatePSL":false,"vehicleImageId":"134563a9-b7ff-49e9-822c-4f58992b053d","imagecount":14,"advertiserName":"Mullingar Autos Ltd","isTrade":true},{"advertId":"33913597199818400","vehicleMake":"Volkswagen","vehicleModel":"Touareg","vehicleDerivative":"Altitude 3.0 TDI V6 -Fully Loaded- **www.frankkeanevolkswagen.ie**","vehiclePriceEuro":66950,"vehicleYearOfManufacture":2012,"advertiserCounty":"Dublin","isPSL":false,"privatePSL":false,"vehicleImageId":"9b06b0fa-302d-4d29-9663-969f9b8b30c7","imagecount":14,"advertiserName":"Frank Keane Volkswagen","isTrade":true},{"advertId":"33413606885658400","vehicleMake":"Volkswagen","vehicleModel":"Touareg","vehicleDerivative":"3.0 TDI BMT A8A 204BHP 4DR AUTO","vehiclePriceEuro":59950,"vehicleYearOfManufacture":2012,"advertiserCounty":"Wicklow","isPSL":true,"privatePSL":false,"vehicleImageId":"1667db9f-950f-4434-8ff2-fd1d8a1edf21","imagecount":9,"advertiserName":"Derek Burton Sales Ltd","isTrade":true},{"advertId":"30913518507202970","vehicleMake":"Volkswagen","vehicleModel":"Touareg","vehicleDerivative":"TDI TIPTRONIC","vehiclePriceEuro":59950,"vehicleYearOfManufacture":2012,"advertiserCounty":"Meath","isPSL":false,"privatePSL":false,"vehicleImageId":"8dff0ce4-e2ba-4571-9325-71aea25e4530","imagecount":10,"advertiserName":"Commons Road Cars Ltd","isTrade":true},{"advertId":"34013602438480250","vehicleMake":"Volkswagen","vehicleModel":"Touareg","vehicleDerivative":"2.5 TDI COMMERCIAL","vehiclePriceEuro":23995,"vehicleYearOfManufacture":2010,"advertiserCounty":"Dublin","isPSL":false,"privatePSL":false,"vehicleImageId":"5b8f43fe-2cc6-47b7-bae2-ddd92a21a8f5","imagecount":15,"advertiserName":"James Hennessy Motors Ltd","isTrade":true},{"advertId":"31113584414599050","vehicleMake":"Volkswagen","vehicleModel":"Touareg","vehicleDerivative":"AUTOMATIC.","vehiclePriceEuro":22750,"vehicleYearOfManufacture":2010,"advertiserCounty":"Cork","isPSL":true,"privatePSL":false,"vehicleImageId":"80ca534e-56c6-4c1a-9b20-fcc9a415b98b","imagecount":7,"advertiserName":"Kearys Hyundai Mallow","isTrade":true},{"advertId":"31813594659931760","vehicleMake":"Volkswagen","vehicleModel":"Touareg","vehicleDerivative":"3.0 TDI V6 FULL LEATHER","vehiclePriceEuro":19950,"vehicleYearOfManufacture":2010,"advertiserCounty":"Dublin","isPSL":true,"privatePSL":false,"vehicleImageId":"eddf4e99-9388-413c-8f07-b2b755fefca1","imagecount":7,"advertiserName":"A S Cars","isTrade":true},{"advertId":"201304212137334","vehicleMake":"Volkswagen","vehicleModel":"Touareg","vehicleDerivative":"TOUAREG 3.0 TDI V6 225BHP 5DR AUTO","vehiclePriceEuro":18500,"vehicleYearOfManufacture":2009,"advertiserCounty":"Kerry","isPSL":true,"privatePSL":false,"vehicleImageId":"14289784","imagecount":1,"isTrade":false},{"advertId":"201251211497854","vehicleMake":"Volkswagen","vehicleModel":"Touareg","vehicleDerivative":"2.5","vehiclePriceEuro":37000,"vehicleYearOfManufacture":2008,"advertiserCounty":"Cork","isPSL":true,"privatePSL":false,"vehicleImageId":"13421173","imagecount":3,"isTrade":false},{"advertId":"201306212363502","vehicleMake":"Volkswagen","vehicleModel":"Touareg","vehicleDerivative":"TOUAREG GP 2.5 TDI 174 AT 5DR 174BHP","vehiclePriceEuro":36000,"vehicleYearOfManufacture":2008,"advertiserCounty":"Dublin","isPSL":true,"privatePSL":false,"vehicleImageId":"13983314","imagecount":3,"isTrade":false},{"advertId":"201303211982199","vehicleMake":"Volkswagen","vehicleModel":"Touareg","vehicleDerivative":"TOUAREG GP 2.5 TDI 174 AT 5DR 174BHP","vehiclePriceEuro":29500,"vehicleYearOfManufacture":2008,"advertiserCounty":"Limerick","isPSL":true,"privatePSL":false,"vehicleImageId":"14269481","imagecount":9,"isTrade":false},{"advertId":"201306212340682","vehicleMake":"Volkswagen","vehicleModel":"Touareg","vehicleDerivative":"TOUAREG 3.0 V6 TDI ALTITUDE 05DR A","vehiclePriceEuro":27500,"vehicleYearOfManufacture":2008,"advertiserCounty":"Kildare","isPSL":true,"privatePSL":false,"vehicleImageId":"13992882","imagecount":9,"isTrade":false},{"advertId":"31513552451738990","vehicleMake":"Volkswagen","vehicleModel":"Touareg","vehicleDerivative":"3.0tdi One Years Warranty","vehiclePriceEuro":23950,"vehicleYearOfManufacture":2008,"advertiserCounty":"Dublin","isPSL":false,"privatePSL":false,"vehicleImageId":"c18eb783-5b52-4021-bc9b-7ec7e7135271","imagecount":9,"advertiserName":"Karmann","isTrade":true},{"advertId":"34213621540774300","vehicleMake":"Volkswagen","vehicleModel":"Touareg","vehicleDerivative":"GP 2.5 TDI AUTO 5DR 174BHP","vehiclePriceEuro":23500,"vehicleYearOfManufacture":2008,"advertiserCounty":"Galway","isPSL":false,"privatePSL":false,"imagecount":0,"advertiserName":"Bradley Motor Works Ltd","isTrade":true},{"advertId":"31113576440488180","vehicleMake":"Volkswagen","vehicleModel":"Touareg","vehicleDerivative":"GP 2.5 TDI 174 AT 5DR 174BHP","vehiclePriceEuro":22500,"vehicleYearOfManufacture":2008,"advertiserCounty":"Tipperary","isPSL":false,"privatePSL":false,"vehicleImageId":"6d86ed8a-6951-49d0-97fa-7be2c04276a5","imagecount":5,"advertiserName":"Cathal O'Brien Car sales","isTrade":true},{"advertId":"201245210846682","vehicleMake":"Volkswagen","vehicleModel":"Touareg","vehicleDerivative":"GP 2.5 TDI 174BHP 6SPEED","vehiclePriceEuro":21950,"vehicleYearOfManufacture":2008,"advertiserCounty":"Kildare","isPSL":true,"privatePSL":false,"vehicleImageId":"14104040","imagecount":9,"isTrade":false},{"advertId":"201246210990062","vehicleMake":"Volkswagen","vehicleModel":"Touareg","vehiclePriceEuro":20000,"vehicleYearOfManufacture":2008,"advertiserCounty":"Monaghan","isPSL":true,"privatePSL":false,"vehicleImageId":"14142269","imagecount":5,"isTrade":false},{"advertId":"34013620742314860","vehicleMake":"Volkswagen","vehicleModel":"Touareg","vehicleDerivative":"GP 2.5 TDI AT  174BHP","vehiclePriceEuro":18950,"vehicleYearOfManufacture":2008,"advertiserCounty":"Dublin","isPSL":false,"privatePSL":false,"vehicleImageId":"560026a2-3da0-4cb6-8ca1-361391f72fd2","imagecount":13,"advertiserName":"Lewis Motors","isTrade":true},{"advertId":"201305212273279","vehicleMake":"Volkswagen","vehicleModel":"Touareg","vehiclePriceEuro":18000,"vehicleYearOfManufacture":2008,"advertiserCounty":"Meath","isPSL":true,"privatePSL":false,"vehicleImageId":"13962474","imagecount":3,"isTrade":false},{"advertId":"30813524739544980","vehicleMake":"Volkswagen","vehicleModel":"Touareg","vehicleDerivative":"GP 2.5 TDI 174 AT 5DR 174BHP","vehiclePriceEuro":17950,"vehicleYearOfManufacture":2008,"advertiserCounty":"Dublin","isPSL":true,"privatePSL":false,"vehicleImageId":"26d3ceb2-7532-4ce1-a9bc-0e5acac878f7","imagecount":16,"advertiserName":"Sarsfield Motor Company S.C.R. Kilmainham","isTrade":true},{"advertId":"201309212674136","vehicleMake":"Volkswagen","vehicleModel":"Touareg","vehicleDerivative":"Incl VAT + Warranty","vehiclePriceEuro":16999,"vehicleYearOfManufacture":2008,"advertiserCounty":"Meath","isPSL":true,"privatePSL":false,"vehicleImageId":"14035225","imagecount":3,"isTrade":false},{"advertId":"31113507402532400","vehicleMake":"Volkswagen","vehicleModel":"Touareg","vehicleDerivative":"2.5 TDI AUTO VAN 174BHP","vehiclePriceEuro":16950,"vehicleYearOfManufacture":2008,"advertiserCounty":"Cork","isPSL":false,"privatePSL":false,"vehicleImageId":"bad66958-8727-4da3-925b-64cbce5436dc","imagecount":12,"advertiserName":"Motorview KIA","isTrade":true},{"advertId":"201251211518350","vehicleMake":"Volkswagen","vehicleModel":"Touareg","vehiclePriceEuro":16000,"vehicleYearOfManufacture":2008,"advertiserCounty":"Mayo","isPSL":true,"privatePSL":false,"vehicleImageId":"13426118","imagecount":8,"isTrade":false},{"advertId":"31913582635071070","vehicleMake":"Volkswagen","vehicleModel":"Touareg","vehicleDerivative":"3.0 TDI V6 225BHP","vehiclePriceEuro":14500,"vehicleYearOfManufacture":2008,"advertiserCounty":"Dublin","isPSL":false,"privatePSL":false,"vehicleImageId":"43ac271c-176e-4034-9c0f-f23dda40ea70","imagecount":1,"advertiserName":"Premier Cars","isTrade":true},{"advertId":"201304212137565","vehicleMake":"Volkswagen","vehicleModel":"Touareg","vehicleDerivative":"TOUAREG 2.5 TDI VAN 174BHP","vehiclePriceEuro":12000,"vehicleYearOfManufacture":2008,"advertiserCounty":"Dublin","isPSL":true,"privatePSL":false,"vehicleImageId":"14290766","imagecount":6,"isTrade":false},{"advertId":"34313623408519450","vehicleMake":"Volkswagen","vehicleModel":"Touareg","vehicleDerivative":"3.0 TDI ALTITUDE V6 5DR A","vehiclePriceEuro":11850,"vehicleYearOfManufacture":2008,"advertiserCounty":"Donegal","isPSL":true,"privatePSL":false,"vehicleImageId":"52b9cf16-8bcd-427d-9c1b-f5b8d4139889","imagecount":8,"advertiserName":"Shane Connolly","isTrade":true},{"advertId":"34313622925856370","vehicleMake":"Volkswagen","vehicleModel":"Touareg","vehicleDerivative":"3.0 TDI V6 225BHP 5DR VAN","vehiclePriceEuro":0,"vehicleYearOfManufacture":2008,"advertiserCounty":"Kildare","isPSL":false,"privatePSL":false,"imagecount":0,"advertiserName":"Merlin Car Auctions","isTrade":true},{"advertId":"1813279267694680","vehicleMake":"Volkswagen","vehicleModel":"Touareg","vehicleDerivative":"2.5L TDI Facelift Model","vehiclePriceEuro":17945,"vehicleYearOfManufacture":2007,"advertiserCounty":"Dublin","isPSL":false,"privatePSL":false,"vehicleImageId":"f2e53672-1a75-4f1b-a925-7629dded5ea9","imagecount":10,"advertiserName":"Paddy Connolly Motors (The Glen Garage Estd.1956)","isTrade":true},{"advertId":"29513443330684400","vehicleMake":"Volkswagen","vehicleModel":"Touareg","vehicleDerivative":"2.5 TDI NEW NCT 1 YEAR WARRANTY  AVAILABLE.","vehiclePriceEuro":16950,"vehicleYearOfManufacture":2007,"advertiserCounty":"Dublin","isPSL":false,"privatePSL":false,"vehicleImageId":"a0aaf5f1-f9f3-4769-ae26-2dfb388cce81","imagecount":14,"advertiserName":"N 4 Autopoint","isTrade":true},{"advertId":"34413618766307380","vehicleMake":"Volkswagen","vehicleModel":"Touareg","vehicleDerivative":"TDI/AUTO/LEATHER","vehiclePriceEuro":16900,"vehicleYearOfManufacture":2007,"advertiserCounty":"Dublin","isPSL":false,"privatePSL":false,"vehicleImageId":"3129f350-7ff5-4439-a824-a9b7b6e93881","imagecount":20,"advertiserName":"Mount Merrion Cars Ltd","isTrade":true},{"advertId":"201307212408986","vehicleMake":"Volkswagen","vehicleModel":"Touareg","vehicleDerivative":"3.0 TDI V6 225BHP A/T PASSANGER","vehiclePriceEuro":15950,"vehicleYearOfManufacture":2007,"advertiserCounty":"Kerry","isPSL":true,"privatePSL":false,"vehicleImageId":"14337754","imagecount":9,"isTrade":false},{"advertId":"32113548874572520","vehicleMake":"Volkswagen","vehicleModel":"Touareg","vehicleDerivative":"GP 2.5 TDI 174 BHP FINANCE ARRANGED IN 1 HOUR","vehiclePriceEuro":14950,"vehicleYearOfManufacture":2007,"advertiserCounty":"Dublin","isPSL":true,"privatePSL":false,"vehicleImageId":"f19bd04d-6800-434e-9e9f-cc1fd698286c","imagecount":14,"advertiserName":"Sarsfield Motor Company S.C.R. Kilmainham","isTrade":true},{"advertId":"31913588811494930","vehicleMake":"Volkswagen","vehicleModel":"Touareg","vehicleDerivative":"TOUAREG 3.0 TDI VAN V6 225B AT","vehiclePriceEuro":14500,"vehicleYearOfManufacture":2007,"advertiserCounty":"Kerry","isPSL":false,"privatePSL":false,"vehicleImageId":"fee70cde-41cb-4544-ae51-bfb862d5ca54","imagecount":10,"advertiserName":"Divanes Kerry","isTrade":true},{"advertId":"32013587751911610","vehicleMake":"Volkswagen","vehicleModel":"Touareg","vehicleDerivative":"2.5 TDI, AUTO, ONE OWNER, LEATHER, STUNNING JEEP","vehiclePriceEuro":12999,"vehicleYearOfManufacture":2007,"advertiserCounty":"Dublin","isPSL":false,"privatePSL":false,"vehicleImageId":"4d397f1a-f524-4f30-b0eb-6763220a3908","imagecount":7,"advertiserName":"Dunne Motor Services","isTrade":true},{"advertId":"31813521382519320","vehicleMake":"Volkswagen","vehicleModel":"Touareg","vehicleDerivative":"2.5 TDI 5DR VAN 174BHP 6SPEED","vehiclePriceEuro":12950,"vehicleYearOfManufacture":2007,"advertiserCounty":"Dublin","isPSL":true,"privatePSL":false,"vehicleImageId":"2e7993b6-4e30-447c-bff6-14859f4a056b","imagecount":14,"advertiserName":"Sarsfield Motor Company S.C.R. Kilmainham","isTrade":true},{"advertId":"201251211518020","vehicleMake":"Volkswagen","vehicleModel":"Touareg","vehicleDerivative":"TOUAREG 2.5 TDI 5DR VAN 174BHP 6S","vehiclePriceEuro":12500,"vehicleYearOfManufacture":2007,"advertiserCounty":"Waterford","isPSL":true,"privatePSL":false,"vehicleImageId":"13846545","imagecount":1,"isTrade":false},{"advertId":"201305212227828","vehicleMake":"Volkswagen","vehicleModel":"Touareg","vehicleDerivative":"TOUAREG 2.5 TDI 5DR VAN 174BHP AT","vehiclePriceEuro":12500,"vehicleYearOfManufacture":2007,"advertiserCounty":"Kilkenny","isPSL":true,"privatePSL":false,"vehicleImageId":"14306223","imagecount":7,"isTrade":false},{"advertId":"201246210977987","vehicleMake":"Volkswagen","vehicleModel":"Touareg","vehicleDerivative":"TOUAREG 2.5 TDI 5DR VAN 174BHP 6S","vehiclePriceEuro":12000,"vehicleYearOfManufacture":2007,"advertiserCounty":"Dublin","isPSL":true,"privatePSL":false,"vehicleImageId":"14139139","imagecount":6,"isTrade":false},{"advertId":"201250211375126","vehicleMake":"Volkswagen","vehicleModel":"Touareg","vehicleDerivative":"TOUAREG 2.5 TDI 5DR VAN 174BHP AT","vehiclePriceEuro":12000,"vehicleYearOfManufacture":2007,"advertiserCounty":"Dublin","isPSL":true,"privatePSL":false,"vehicleImageId":"14201118","imagecount":7,"isTrade":false},{"advertId":"34213617932427960","vehicleMake":"Volkswagen","vehicleModel":"Touareg","vehicleDerivative":"2.5 TDI 5DR VAN 174BHP 6SPEED","vehiclePriceEuro":11995,"vehicleYearOfManufacture":2007,"advertiserCounty":"Waterford","isPSL":false,"privatePSL":false,"vehicleImageId":"5e950c03-fd49-48fd-99c7-89ea0efc9a56","imagecount":7,"advertiserName":"Waterford Motor Village","isTrade":true},{"advertId":"31513553139997810","vehicleMake":"Volkswagen","vehicleModel":"Touareg","vehicleDerivative":"COMMERCIAL 2.5TDI 6 SPEED **IMMACULATE**","vehiclePriceEuro":11900,"vehicleYearOfManufacture":2007,"advertiserCounty":"Cork","isPSL":true,"privatePSL":false,"vehicleImageId":"bd3d5f56-675b-4715-91b8-9a39dc8ab8a4","imagecount":9,"advertiserName":"Newmarket Motors Ltd","isTrade":true},{"advertId":"31813530839711530","vehicleMake":"Volkswagen","vehicleModel":"Touareg","vehicleDerivative":"2.5 TDI VAN 174BHP SE A/T","vehiclePriceEuro":11500,"vehicleYearOfManufacture":2007,"advertiserCounty":"Dublin","isPSL":false,"privatePSL":false,"vehicleImageId":"e787e666-0285-4aea-aca8-2873e56bd28c","imagecount":6,"advertiserName":"Airways Motor Company","isTrade":true},{"advertId":"201303211959368","vehicleMake":"Volkswagen","vehicleModel":"Touareg","vehicleDerivative":"TOUAREG 2.5 TDI 5DR VAN 174BHP 6S","vehiclePriceEuro":11500,"vehicleYearOfManufacture":2007,"advertiserCounty":"Dublin","isPSL":true,"privatePSL":false,"vehicleImageId":"14263986","imagecount":9,"isTrade":false},{"advertId":"34313612821910130","vehicleMake":"Volkswagen","vehicleModel":"Touareg","vehicleDerivative":"2.5 TDI VAN 174BHP NEW MODEL","vehiclePriceEuro":10950,"vehicleYearOfManufacture":2007,"advertiserCounty":"Dublin","isPSL":true,"privatePSL":false,"vehicleImageId":"7d489fbc-4e02-4557-9d71-7cc3fac06724","imagecount":12,"advertiserName":"3 Rock Cars","isTrade":true},{"advertId":"201303211960137","vehicleMake":"Volkswagen","vehicleModel":"Touareg","vehicleDerivative":"TOUAREG 2.5 TDI 5DR VAN 174BHP AT","vehiclePriceEuro":10455,"vehicleYearOfManufacture":2007,"advertiserCounty":"Galway","isPSL":true,"privatePSL":false,"vehicleImageId":"13899816","imagecount":5,"isTrade":false},{"advertId":"31913537858802800","vehicleMake":"Volkswagen","vehicleModel":"Touareg","vehicleDerivative":"2.5 TDI 5DR VAN 174BHP AT   COMMERCIAL  DOE TILL 12/2013   TRADE IN WELCOME. WARRANTY","vehiclePriceEuro":9950,"vehicleYearOfManufacture":2007,"advertiserCounty":"Dublin","isPSL":false,"privatePSL":false,"vehicleImageId":"805564ed-9824-4b8c-a0cb-5ef64c11d205","imagecount":18,"advertiserName":"Carcraft","isTrade":true},{"advertId":"201304212137418","vehicleMake":"Volkswagen","vehicleModel":"Touareg","vehicleDerivative":"TOUAREG 2.5 TDI 5DR VAN 174BHP AT","vehiclePriceEuro":9950,"vehicleYearOfManufacture":2007,"advertiserCounty":"Kilkenny","isPSL":true,"privatePSL":false,"vehicleImageId":"14290227","imagecount":4,"isTrade":false},{"advertId":"201249211299248","vehicleMake":"Volkswagen","vehicleModel":"Touareg","vehicleDerivative":"TOUAREG 2.5 TDI 5DR VAN 174BHP AT","vehiclePriceEuro":9500,"vehicleYearOfManufacture":2007,"advertiserCounty":"Dublin","isPSL":true,"privatePSL":false,"imagecount":0,"isTrade":false},{"advertId":"33213619006380310","vehicleMake":"Volkswagen","vehicleModel":"Touareg","vehicleDerivative":"2.5 TDI VAN 174BHP STUNNING JEEP ","vehiclePriceEuro":9450,"vehicleYearOfManufacture":2007,"advertiserCounty":"Dublin","isPSL":false,"privatePSL":false,"vehicleImageId":"bbb1de2f-6c8b-41e0-9de7-04eddaf1b973","imagecount":6,"advertiserName":"Western Motor Point","isTrade":true},{"advertId":"31713573125089110","vehicleMake":"Volkswagen","vehicleModel":"Touareg","vehicleDerivative":"2.5 TDI 174BHP DOE 01/14 - PRICE INC VAT..","vehiclePriceEuro":8900,"vehicleYearOfManufacture":2007,"advertiserCounty":"Dublin","isPSL":true,"privatePSL":false,"vehicleImageId":"7b332b8c-f9ea-4a47-883a-f0bad874071c","imagecount":7,"advertiserName":"MotorVation","isTrade":true},{"advertId":"34213605947158880","vehicleMake":"Volkswagen","vehicleModel":"Touareg","vehicleDerivative":"2.5 TDI Commercial.","vehiclePriceEuro":0,"vehicleYearOfManufacture":2007,"advertiserCounty":"Donegal","isPSL":false,"privatePSL":false,"vehicleImageId":"4c6d5d5d-9241-4f75-b6d7-b726e7ff92b2","imagecount":10,"advertiserName":"S & R Motors","isTrade":true},{"advertId":"201305212205260","vehicleMake":"Volkswagen","vehicleModel":"Touareg","vehicleDerivative":"TOUAREG V6 TDI SPORT 225BHP 05DR A","vehiclePriceEuro":25000,"vehicleYearOfManufacture":2006,"advertiserCounty":"Meath","isPSL":true,"privatePSL":false,"vehicleImageId":"14303175","imagecount":9,"isTrade":false},{"advertId":"201305212228127","vehicleMake":"Volkswagen","vehicleModel":"Touareg","vehicleDerivative":"TOUAREG 3.0 TDI V6 225BHP AT","vehiclePriceEuro":18990,"vehicleYearOfManufacture":2006,"advertiserCounty":"Kilkenny","isPSL":true,"privatePSL":false,"vehicleImageId":"14307094","imagecount":6,"isTrade":false},{"advertId":"201301211800526","vehicleMake":"Volkswagen","vehicleModel":"Touareg","vehicleDerivative":"TDi","vehiclePriceEuro":16000,"vehicleYearOfManufacture":2006,"advertiserCounty":"Mayo","isPSL":true,"privatePSL":false,"vehicleImageId":"14244844","imagecount":4,"isTrade":false},{"advertId":"201307212457133","vehicleMake":"Volkswagen","vehicleModel":"Touareg","vehicleDerivative":"TOUAREG 3.0 TDI 05DR A","vehiclePriceEuro":15000,"vehicleYearOfManufacture":2006,"advertiserCounty":"Kildare","isPSL":true,"privatePSL":false,"vehicleImageId":"14003312","imagecount":8,"isTrade":false},{"advertId":"201305212182429","vehicleMake":"Volkswagen","vehicleModel":"Touareg","vehicleDerivative":"TOUAREG D 3.0 TDI V6 SPORT 221BHP 5DR A","vehiclePriceEuro":13999,"vehicleYearOfManufacture":2006,"advertiserCounty":"Dublin","isPSL":true,"privatePSL":false,"vehicleImageId":"14296835","imagecount":6,"isTrade":false},{"advertId":"32013594669775350","vehicleMake":"Volkswagen","vehicleModel":"Touareg","vehicleDerivative":"3.0 TDI V6 225BHP","vehiclePriceEuro":13995,"vehicleYearOfManufacture":2006,"advertiserCounty":"Dublin","isPSL":true,"privatePSL":false,"vehicleImageId":"bb6a215e-762e-401a-bfd2-529b1fbe4edd","imagecount":8,"advertiserName":"A S Cars","isTrade":true},{"advertId":"201305212182372","vehicleMake":"Volkswagen","vehicleModel":"Touareg","vehicleDerivative":"PASSENGER 2.5 TDI 174BHP AT","vehiclePriceEuro":13950,"vehicleYearOfManufacture":2006,"advertiserCounty":"Cork","isPSL":true,"privatePSL":false,"vehicleImageId":"14316979","imagecount":9,"isTrade":false},{"advertId":"27113427384508610","vehicleMake":"Volkswagen","vehicleModel":"Touareg","vehicleDerivative":"3.0 TDI V6 SPORT AUTO==HIGH SPEC== ","vehiclePriceEuro":13950,"vehicleYearOfManufacture":2006,"advertiserCounty":"Galway","isPSL":true,"privatePSL":false,"vehicleImageId":"c0ba9ef7-3af6-4767-aafb-3379f4e1a7f7","imagecount":14,"advertiserName":"Adrian Quinn Car Sales","isTrade":true},{"advertId":"33213624105916510","vehicleMake":"Volkswagen","vehicleModel":"Touareg","vehicleDerivative":"2.5 TDI PASSANGER 6 SPEEED ","vehiclePriceEuro":12950,"vehicleYearOfManufacture":2006,"advertiserCounty":"Dublin","isPSL":true,"privatePSL":false,"vehicleImageId":"77279ff3-ecda-4876-aa6c-42d52c50c00a","imagecount":5,"advertiserName":"Lambe & O'Connor Car Sales","isTrade":true},{"advertId":"201305212227875","vehicleMake":"Volkswagen","vehicleModel":"Touareg","vehicleDerivative":"TOUAREG 2.5 TDI 174BHP AT","vehiclePriceEuro":12750,"vehicleYearOfManufacture":2006,"advertiserCounty":"Kildare","isPSL":true,"privatePSL":false,"vehicleImageId":"14306429","imagecount":6,"isTrade":false},{"advertId":"201304212160031","vehicleMake":"Volkswagen","vehicleModel":"Touareg","vehicleDerivative":"TOUAREG 2.5 TDI 5DR VAN 174BHP 6S","vehiclePriceEuro":12000,"vehicleYearOfManufacture":2006,"advertiserCounty":"Kerry","isPSL":true,"privatePSL":false,"vehicleImageId":"13934181","imagecount":5,"isTrade":false},{"advertId":"33413614620419260","vehicleMake":"Volkswagen","vehicleModel":"Touareg","vehicleDerivative":"3.0 V6 TDi Auto Commercial - Very Low Miles **41k Miles** 1 Owner - FSH - Vat Invoice - Trade Ins Welcome / Scrappage Deals Available / Finance Arranged ","vehiclePriceEuro":11950,"vehicleYearOfManufacture":2006,"advertiserCounty":"Dublin","isPSL":false,"privatePSL":false,"vehicleImageId":"3ea3fff8-d041-444d-ac37-7c5af042197c","imagecount":15,"advertiserName":"Naas Road Autos","isTrade":true},{"advertId":"201245210926603","vehicleMake":"Volkswagen","vehicleModel":"Touareg","vehicleDerivative":"TOUAREG 2.5 TDI 5DR VAN 174BHP AT","vehiclePriceEuro":11500,"vehicleYearOfManufacture":2006,"advertiserCounty":"Dublin","isPSL":true,"privatePSL":false,"vehicleImageId":"14127907","imagecount":5,"isTrade":false},{"advertId":"201248211219338","vehicleMake":"Volkswagen","vehicleModel":"Touareg","vehicleDerivative":"TOUAREG 2.5 TDI 5DR VAN 174BHP AT","vehiclePriceEuro":10950,"vehicleYearOfManufacture":2006,"advertiserCounty":"Meath","isPSL":true,"privatePSL":false,"vehicleImageId":"14178284","imagecount":9,"isTrade":false}],"totalAdvertCount":45174}