{"adverts":[{"advertId":"201246210981051","vehicleMake":"Renault","vehicleModel":"Clio","vehicleDerivative":"1.4 RN","vehiclePriceEuro":950,"vehicleYearOfManufacture":1999,"advertiserCounty":"Wexford","isPSL":true,"privatePSL":false,"vehicleImageId":"14140340","imagecount":5,"isTrade":false},{"advertId":"201242210582884","vehicleMake":"Renault","vehicleModel":"Clio","vehicleDerivative":"1.2 RN","vehiclePriceEuro":700,"vehicleYearOfManufacture":1999,"advertiserCounty":"Dublin","isPSL":true,"privatePSL":false,"vehicleImageId":"14061514","imagecount":7,"isTrade":false},{"advertId":"413238517883360","vehicleMake":"Renault","vehicleModel":"Clio","vehicleDerivative":"1.2","vehiclePriceEuro":1245,"vehicleYearOfManufacture":1997,"advertiserCounty":"Cork","isPSL":false,"privatePSL":false,"vehicleImageId":"05dc7cb9-943b-444c-ae8a-b0da5fa88687","imagecount":9,"advertiserName":"Cronin Autos","isTrade":true},{"advertId":"201304212160005","vehicleMake":"Renault","vehicleModel":"Clio","vehicleDerivative":"Williams 3","vehiclePriceEuro":3000,"vehicleYearOfManufacture":1995,"advertiserCounty":"Wicklow","isPSL":true,"privatePSL":false,"vehicleImageId":"13934317","imagecount":6,"isTrade":false},{"advertId":"201304212137332","vehicleMake":"Renault","vehicleModel":"Clio","vehicleDerivative":"1.8 RSI 3DR","vehiclePriceEuro":899,"vehicleYearOfManufacture":1995,"advertiserCounty":"Dublin","isPSL":true,"privatePSL":false,"vehicleImageId":"14164110","imagecount":9,"isTrade":false},{"advertId":"201304212137362","vehicleMake":"Renault","vehicleModel":"Clio","vehicleDerivative":"1.8 RSI 3DR","vehiclePriceEuro":899,"vehicleYearOfManufacture":1995,"advertiserCounty":"Dublin","isPSL":true,"privatePSL":false,"vehicleImageId":"14164110","imagecount":9,"isTrade":false},{"advertId":"34013617145060120","vehicleMake":"Renault","vehicleModel":"Clio","vehicleDerivative":"2.0 WILLIAMS 1 3DR","vehiclePriceEuro":2450,"vehicleYearOfManufacture":1994,"advertiserCounty":"Meath","isPSL":false,"privatePSL":false,"vehicleImageId":"fa3cca9b-5ea4-420b-8241-f59b855d315e","imagecount":5,"advertiserName":"Mike Armstrong Cars","isTrade":true},{"advertId":"34013619620923580","vehicleMake":"Renault","vehicleModel":"Espace","vehicleDerivative":"GRAND 2 2.0 DCI 130 ROYALE LWB","vehiclePriceEuro":15950,"vehicleYearOfManufacture":2009,"advertiserCounty":"Tipperary","isPSL":false,"privatePSL":false,"imagecount":0,"advertiserName":"Liam Buckley Car Sales","isTrade":true},{"advertId":"201242210533096","vehicleMake":"Renault","vehicleModel":"Espace","vehicleDerivative":"2.2 DCI DYNAMIQUE 05DR","vehiclePriceEuro":9500,"vehicleYearOfManufacture":2006,"advertiserCounty":"Mayo","isPSL":true,"privatePSL":false,"vehicleImageId":"14053562","imagecount":7,"isTrade":false},{"advertId":"201306212363376","vehicleMake":"Renault","vehicleModel":"Espace","vehicleDerivative":"2 1.9 dCi Dynamique II","vehiclePriceEuro":10500,"vehicleYearOfManufacture":2005,"advertiserCounty":"Mayo","isPSL":true,"privatePSL":false,"vehicleImageId":"13984350","imagecount":9,"isTrade":false},{"advertId":"31413570012094490","vehicleMake":"Renault","vehicleModel":"Espace","vehicleDerivative":"DIESEL, AUTO, TOP-SPEC PRIVILEGE, DCI, 7-SEATER, LEATHER, SAT-NAV, CLIMATE, EVERY EXTRA, NCT DEC-13, TAX MAY-13, ONE OWNER, LOW MILES, AS NEW THROUGHOUT, \"\"MUST BE SEEN\"\", N4CARS.ie","vehiclePriceEuro":9449,"vehicleYearOfManufacture":2005,"advertiserCounty":"Dublin","isPSL":false,"privatePSL":false,"vehicleImageId":"5bd9919d-f40c-4516-b6b1-4ee24d0f5599","imagecount":17,"advertiserName":"N4 Car Sales","isTrade":true},{"advertId":"31713506492583640","vehicleMake":"Renault","vehicleModel":"Espace","vehicleDerivative":"II 1.9 DCI EPRESSION","vehiclePriceEuro":7950,"vehicleYearOfManufacture":2005,"advertiserCounty":"Cavan","isPSL":false,"privatePSL":false,"vehicleImageId":"97471c32-6fcb-4019-bcdd-8a16c9a8700a","imagecount":8,"advertiserName":"Moynehall Car Sales","isTrade":true},{"advertId":"201303211982356","vehicleMake":"Renault","vehicleModel":"Espace","vehicleDerivative":"2 1.9DCI EXPRESS","vehiclePriceEuro":7950,"vehicleYearOfManufacture":2005,"advertiserCounty":"Dublin","isPSL":true,"privatePSL":false,"vehicleImageId":"14269938","imagecount":9,"isTrade":false},{"advertId":"34113621342228600","vehicleMake":"Renault","vehicleModel":"Espace","vehicleDerivative":"2 1.9DCI EXPRESS BRAND NEW NCT PASS 03/15","vehiclePriceEuro":6950,"vehicleYearOfManufacture":2005,"advertiserCounty":"Dublin","isPSL":false,"privatePSL":false,"vehicleImageId":"8a772cac-b894-475e-8ed7-1558dae8909c","imagecount":3,"advertiserName":"Carland Dublin","isTrade":true},{"advertId":"201308212601801","vehicleMake":"Renault","vehicleModel":"Espace","vehicleDerivative":"2 EXPRESSION 1.9 1.9DCI 05DR","vehiclePriceEuro":6500,"vehicleYearOfManufacture":2005,"advertiserCounty":"Kildare","isPSL":true,"privatePSL":false,"vehicleImageId":"14021339","imagecount":6,"isTrade":false},{"advertId":"31713583358356050","vehicleMake":"Renault","vehicleModel":"Espace","vehicleDerivative":"2 1.9DCI EXPRESS [FSH,NCT,WARRANTY]","vehiclePriceEuro":6250,"vehicleYearOfManufacture":2005,"advertiserCounty":"Dublin","isPSL":true,"privatePSL":false,"vehicleImageId":"1f46a143-da31-45cd-8039-963175d37302","imagecount":9,"advertiserName":"Dunhill Motors","isTrade":true},{"advertId":"31913569973064550","vehicleMake":"Renault","vehicleModel":"Espace","vehicleDerivative":"DIESEL, AUTO, TOP-SPEC PRIVILEGE, DCI, 7-SEATER, LEATHER, CLIMATE, EVERY EXTRA, SAT NAV, NCT DEC-13, TAX MAY-13, AS NEW THROUGHOUT, \"\"MUST BE SEEN\"\", N4CARS.ie","vehiclePriceEuro":0,"vehicleYearOfManufacture":2005,"advertiserCounty":"Dublin","isPSL":false,"privatePSL":false,"vehicleImageId":"ba67d44d-ff8e-4023-b835-ad38f6434714","imagecount":17,"advertiserName":"N4 Car Sales","isTrade":true},{"advertId":"201245210905081","vehicleMake":"Renault","vehicleModel":"Espace","vehicleDerivative":"2 1.9 DCI AUTHENTIC","vehiclePriceEuro":6500,"vehicleYearOfManufacture":2004,"advertiserCounty":"Meath","isPSL":true,"privatePSL":false,"vehicleImageId":"14121707","imagecount":3,"isTrade":false},{"advertId":"201245210905646","vehicleMake":"Renault","vehicleModel":"Espace","vehicleDerivative":"2.0 16V EXPRESSION 05DR A","vehiclePriceEuro":6500,"vehicleYearOfManufacture":2004,"advertiserCounty":"Offaly","isPSL":true,"privatePSL":false,"vehicleImageId":"14123290","imagecount":9,"isTrade":false},{"advertId":"201249211299249","vehicleMake":"Renault","vehicleModel":"Espace","vehicleDerivative":"1.9 DCI EXPRESSION 05DR","vehiclePriceEuro":6000,"vehicleYearOfManufacture":2004,"advertiserCounty":"Galway","isPSL":true,"privatePSL":false,"imagecount":0,"isTrade":false},{"advertId":"32913603364828960","vehicleMake":"Renault","vehicleModel":"Espace","vehicleDerivative":"1.9 DCI AUTHENTIQUE","vehiclePriceEuro":5990,"vehicleYearOfManufacture":2004,"advertiserCounty":"Tipperary","isPSL":false,"privatePSL":false,"vehicleImageId":"86a50b49-0717-4ed2-84ee-1953c068a567","imagecount":8,"advertiserName":"South East Car Sales","isTrade":true},{"advertId":"201308212601787","vehicleMake":"Renault","vehicleModel":"Espace","vehiclePriceEuro":5500,"vehicleYearOfManufacture":2004,"advertiserCounty":"Galway","isPSL":true,"privatePSL":false,"vehicleImageId":"14016050","imagecount":4,"isTrade":false},{"advertId":"32913612835465890","vehicleMake":"Renault","vehicleModel":"Espace","vehicleDerivative":"2 EXPRESSION 1.9DCI **7 SEATER PEOPLE CARRIER LOW MILES**","vehiclePriceEuro":5445,"vehicleYearOfManufacture":2004,"advertiserCounty":"Meath","isPSL":false,"privatePSL":false,"vehicleImageId":"92584585-4a65-4fa2-9434-199a4c194bb8","imagecount":10,"advertiserName":"East Coast Cars + Virginia Auto Sales","isTrade":true},{"advertId":"33213622215523680","vehicleMake":"Renault","vehicleModel":"Espace","vehicleDerivative":"1.9 DCI AUTHENTIQUE [FSH,WARRANTY]","vehiclePriceEuro":4950,"vehicleYearOfManufacture":2004,"advertiserCounty":"Dublin","isPSL":true,"privatePSL":false,"vehicleImageId":"cb27e331-60df-4a97-b4f0-326d8110d1dd","imagecount":1,"advertiserName":"Dunhill Motors","isTrade":true},{"advertId":"33413613714226350","vehicleMake":"Renault","vehicleModel":"Espace","vehicleDerivative":"2 EXPRESSION 1.9","vehiclePriceEuro":2950,"vehicleYearOfManufacture":2004,"advertiserCounty":"Cork","isPSL":true,"privatePSL":false,"imagecount":0,"advertiserName":"Cork Auto Sales","isTrade":true},{"advertId":"201307212457248","vehicleMake":"Renault","vehicleModel":"Espace","vehicleDerivative":"2.0t  EXPRESSION","vehiclePriceEuro":5300,"vehicleYearOfManufacture":2003,"advertiserCounty":"Dublin","isPSL":true,"privatePSL":false,"vehicleImageId":"13999531","imagecount":8,"isTrade":false},{"advertId":"31913547882960990","vehicleMake":"Renault","vehicleModel":"Espace","vehicleDerivative":"diesel,low miles,fsh,IMMACULATE","vehiclePriceEuro":4950,"vehicleYearOfManufacture":2003,"advertiserCounty":"Dublin","isPSL":true,"privatePSL":false,"vehicleImageId":"27975387-4ec2-4edd-9b93-af61d32360db","imagecount":10,"advertiserName":"A Best Choice Cars","isTrade":true},{"advertId":"201242210572963","vehicleMake":"Renault","vehicleModel":"Espace","vehicleDerivative":"2.0T","vehiclePriceEuro":4000,"vehicleYearOfManufacture":2003,"advertiserCounty":"Cork","isPSL":true,"privatePSL":false,"vehicleImageId":"14059494","imagecount":9,"isTrade":false},{"advertId":"34213608623149310","vehicleMake":"Renault","vehicleModel":"Espace","vehicleDerivative":"2.0 T PRIVILEGE 2/7 SEATER/LOW KILMOTRES","vehiclePriceEuro":3900,"vehicleYearOfManufacture":2003,"advertiserCounty":"Dublin","isPSL":false,"privatePSL":false,"vehicleImageId":"2592e976-2bbb-491b-bd62-7f6b54a89258","imagecount":18,"advertiserName":"Brogan Motors","isTrade":true},{"advertId":"201309212698642","vehicleMake":"Renault","vehicleModel":"Espace","vehicleDerivative":"1.9 DCI AUTHENTIQUE 05DR","vehiclePriceEuro":3750,"vehicleYearOfManufacture":2003,"advertiserCounty":"Wicklow","isPSL":true,"privatePSL":false,"vehicleImageId":"14037062","imagecount":1,"isTrade":false},{"advertId":"201248211239101","vehicleMake":"Renault","vehicleModel":"Espace","vehicleDerivative":"2.0T EXPRESSION","vehiclePriceEuro":2249,"vehicleYearOfManufacture":2003,"advertiserCounty":"Cork","isPSL":true,"privatePSL":false,"imagecount":0,"isTrade":false},{"advertId":"33413622925855860","vehicleMake":"Renault","vehicleModel":"Espace","vehicleDerivative":"Authentique DCI 5DR MANUAL","vehiclePriceEuro":0,"vehicleYearOfManufacture":2003,"advertiserCounty":"Kildare","isPSL":false,"privatePSL":false,"vehicleImageId":"291dce4f-c261-422d-b278-a0b9f897f66e","imagecount":6,"advertiserName":"Merlin Car Auctions","isTrade":true},{"advertId":"201303211982188","vehicleMake":"Renault","vehicleModel":"Espace","vehicleDerivative":"2.0 EXPRESSION","vehiclePriceEuro":2999,"vehicleYearOfManufacture":2002,"advertiserCounty":"Monaghan","isPSL":true,"privatePSL":false,"vehicleImageId":"14269439","imagecount":7,"isTrade":false},{"advertId":"34013601632055240","vehicleMake":"Renault","vehicleModel":"Espace","vehicleDerivative":"7 seater ","vehiclePriceEuro":2750,"vehicleYearOfManufacture":2002,"advertiserCounty":"Dublin","isPSL":false,"privatePSL":false,"vehicleImageId":"df9aa481-0aab-41c7-b4ce-06cb943a03b4","imagecount":8,"advertiserName":"Drimnagh Motors Ltd.","isTrade":true},{"advertId":"201244210814181","vehicleMake":"Renault","vehicleModel":"Espace","vehicleDerivative":"2.0 PRIVILEGE NCT 06/2013 7 SEATER","vehiclePriceEuro":1400,"vehicleYearOfManufacture":2002,"advertiserCounty":"Dublin","isPSL":true,"privatePSL":false,"vehicleImageId":"14099292","imagecount":7,"isTrade":false},{"advertId":"31813567067047270","vehicleMake":"Renault","vehicleModel":"Espace","vehicleDerivative":"2.0 Expressin","vehiclePriceEuro":3450,"vehicleYearOfManufacture":2001,"advertiserCounty":"Westmeath","isPSL":false,"privatePSL":false,"vehicleImageId":"f118ef23-a53a-4da9-9303-b4625e83e579","imagecount":15,"advertiserName":"Mullingar Autos Ltd","isTrade":true},{"advertId":"201247211100280","vehicleMake":"Renault","vehicleModel":"Espace","vehicleDerivative":"2.0 PRIVILEGE","vehiclePriceEuro":2850,"vehicleYearOfManufacture":2001,"advertiserCounty":"Wicklow","isPSL":true,"privatePSL":false,"vehicleImageId":"14159440","imagecount":8,"isTrade":false},{"advertId":"713267096772400","vehicleMake":"Renault","vehicleModel":"Espace","vehicleDerivative":"2.2 D EXPRESSION DCI 05DR","vehiclePriceEuro":2150,"vehicleYearOfManufacture":2001,"advertiserCounty":"Limerick","isPSL":false,"privatePSL":false,"vehicleImageId":"f8012eef-63b5-411e-a6eb-d6c8851655a2","imagecount":9,"advertiserName":"John Moloney Motors","isTrade":true},{"advertId":"34113618052626820","vehicleMake":"Renault","vehicleModel":"Espace","vehicleDerivative":"2.0 7 Seater","vehiclePriceEuro":950,"vehicleYearOfManufacture":2000,"advertiserCounty":"Dublin","isPSL":false,"privatePSL":false,"vehicleImageId":"9e43665a-ccaf-4345-9ebf-331ec422cd99","imagecount":8,"advertiserName":"JOC Car Sales","isTrade":true},{"advertId":"31413539288471970","vehicleMake":"Renault","vehicleModel":"Fluence","vehicleDerivative":"1.5DCI DYNAMIQUE 110EDC","vehiclePriceEuro":25710,"vehicleYearOfManufacture":2013,"advertiserCounty":"Louth","isPSL":false,"privatePSL":false,"vehicleImageId":"3bc934a5-846a-49dc-acf7-6fee64763585","imagecount":15,"advertiserName":"Blackstone Motors","isTrade":true},{"advertId":"31713539293939450","vehicleMake":"Renault","vehicleModel":"Fluence","vehicleDerivative":"1.5DCI R-LINK","vehiclePriceEuro":25010,"vehicleYearOfManufacture":2013,"advertiserCounty":"Louth","isPSL":false,"privatePSL":false,"vehicleImageId":"f2623ef7-a6de-46fe-ab09-dd689d12706d","imagecount":16,"advertiserName":"Blackstone Motors","isTrade":true},{"advertId":"31813534288782280","vehicleMake":"Renault","vehicleModel":"Fluence","vehicleDerivative":" R LINK 1.5DCI STUNNING NEW FLUENCE","vehiclePriceEuro":24995,"vehicleYearOfManufacture":2013,"advertiserCounty":"Carlow","isPSL":false,"privatePSL":false,"vehicleImageId":"ef93fd06-47b6-4df3-a46b-c3009b12f35f","imagecount":6,"advertiserName":"Autoimage Ltd Renault","isTrade":true},{"advertId":"31813584288084600","vehicleMake":"Renault","vehicleModel":"Fluence","vehicleDerivative":"2013 R-LINK FLUENCE AMAZING","vehiclePriceEuro":24995,"vehicleYearOfManufacture":2013,"advertiserCounty":"Cork","isPSL":true,"privatePSL":false,"vehicleImageId":"a0f730bf-2898-4214-a5ce-c6e483c1593b","imagecount":12,"advertiserName":"Kearys Midleton Renault","isTrade":true},{"advertId":"32113565886790030","vehicleMake":"Renault","vehicleModel":"Fluence","vehicleDerivative":"R Link From €23790 Ex Works","vehiclePriceEuro":23790,"vehicleYearOfManufacture":2013,"advertiserCounty":"Kilkenny","isPSL":true,"privatePSL":false,"vehicleImageId":"c4b781cf-0a69-4e75-ae3c-dc69178c88c6","imagecount":6,"advertiserName":"O'Briens Kilkenny","isTrade":true},{"advertId":"32013588702837670","vehicleMake":"Renault","vehicleModel":"Fluence","vehicleDerivative":"NEW 2013 FLUENCE","vehiclePriceEuro":23560,"vehicleYearOfManufacture":2013,"advertiserCounty":"Dublin","isPSL":false,"privatePSL":false,"vehicleImageId":"0b09b1b0-9730-4c42-b9ac-1f8c2788a981","imagecount":9,"advertiserName":"Renault Belgard","isTrade":true},{"advertId":"31413573830346830","vehicleMake":"Renault","vehicleModel":"Fluence","vehicleDerivative":"fluence dynamique 1.5dci 90bhp","vehiclePriceEuro":23500,"vehicleYearOfManufacture":2013,"advertiserCounty":"Carlow","isPSL":false,"privatePSL":false,"vehicleImageId":"e197e025-ddda-4ebd-aed0-d2388a2b1a45","imagecount":8,"advertiserName":"Autoimage Ltd Renault","isTrade":true},{"advertId":"31513591116365750","vehicleMake":"Renault","vehicleModel":"Fluence","vehicleDerivative":"R-LINK 1.5 DCI 90 2013","vehiclePriceEuro":23495,"vehicleYearOfManufacture":2013,"advertiserCounty":"Dublin","isPSL":true,"privatePSL":false,"vehicleImageId":"7ac60494-b2bc-4375-be20-703ed55ba863","imagecount":11,"advertiserName":"Michael Grant Renault","isTrade":true},{"advertId":"32013584290424720","vehicleMake":"Renault","vehicleModel":"Fluence","vehicleDerivative":"1.5 Dynamique","vehiclePriceEuro":23490,"vehicleYearOfManufacture":2013,"advertiserCounty":"Cork","isPSL":true,"privatePSL":false,"vehicleImageId":"b6f8ed12-e60b-4735-9a71-a119102645cf","imagecount":13,"advertiserName":"Kearys Midleton Renault","isTrade":true},{"advertId":"33213596126638710","vehicleMake":"Renault","vehicleModel":"Fluence","vehicleDerivative":"Auto Expression 1.5 DCI 110","vehiclePriceEuro":22995,"vehicleYearOfManufacture":2013,"advertiserCounty":"Waterford","isPSL":true,"privatePSL":false,"vehicleImageId":"506b849c-aae4-420e-8a68-8b5cf87d0e87","imagecount":8,"advertiserName":"H & H Motors Ltd","isTrade":true},{"advertId":"31913584419062460","vehicleMake":"Renault","vehicleModel":"Fluence","vehicleDerivative":"R-LINK 1.5 DCI 90 2013","vehiclePriceEuro":22950,"vehicleYearOfManufacture":2013,"advertiserCounty":"Dublin","isPSL":false,"privatePSL":false,"vehicleImageId":"8602cfeb-6c33-4a23-92dc-9b211b624db6","imagecount":8,"advertiserName":"Renault Belgard","isTrade":true},{"advertId":"32913596742423570","vehicleMake":"Renault","vehicleModel":"Fluence","vehicleDerivative":"DYNAMIQUE dCi 90 NEW MODEL","vehiclePriceEuro":22810,"vehicleYearOfManufacture":2013,"advertiserCounty":"Limerick","isPSL":false,"privatePSL":false,"vehicleImageId":"b1676c18-2635-4296-8b51-5472cdab2977","imagecount":15,"advertiserName":"Dennehy Motors","isTrade":true},{"advertId":"33413612710858360","vehicleMake":"Renault","vehicleModel":"Fluence","vehicleDerivative":"DYNAMIQUE 1.5 DCI 110 AUTO","vehiclePriceEuro":22750,"vehicleYearOfManufacture":2013,"advertiserCounty":"Wexford","isPSL":true,"privatePSL":false,"vehicleImageId":"37e2ba18-3629-452b-940a-9827d9e4432c","imagecount":11,"advertiserName":"Menapia Motors (Renault & Dacia)","isTrade":true},{"advertId":"34113620577604250","vehicleMake":"Renault","vehicleModel":"Fluence","vehicleDerivative":"Dynamique","vehiclePriceEuro":22500,"vehicleYearOfManufacture":2013,"advertiserCounty":"Mayo","isPSL":false,"privatePSL":false,"imagecount":0,"advertiserName":"J.J. Burke Car Sales Ltd","isTrade":true},{"advertId":"32913610814699460","vehicleMake":"Renault","vehicleModel":"Fluence","vehicleDerivative":"Dynamique","vehiclePriceEuro":22500,"vehicleYearOfManufacture":2013,"advertiserCounty":"Cork","isPSL":false,"privatePSL":false,"vehicleImageId":"9fdfa6ee-ccc8-4d4b-9403-a0b68542d08d","imagecount":7,"advertiserName":"Deerpark Motors Ltd","isTrade":true},{"advertId":"31513564616691710","vehicleMake":"Renault","vehicleModel":"Fluence","vehicleDerivative":"DYNAMIQUE dCi 90 NEW MODEL","vehiclePriceEuro":22290,"vehicleYearOfManufacture":2013,"advertiserCounty":"Limerick","isPSL":false,"privatePSL":false,"vehicleImageId":"4ec6d710-d6a2-4230-8c2c-d23827b6eeaa","imagecount":15,"advertiserName":"Dennehy Motors","isTrade":true},{"advertId":"31513547231760840","vehicleMake":"Renault","vehicleModel":"Fluence","vehicleDerivative":"1.5DCI 90 Expression","vehiclePriceEuro":22190,"vehicleYearOfManufacture":2013,"advertiserCounty":"Carlow","isPSL":false,"privatePSL":false,"vehicleImageId":"acbf897d-fe1c-4c5a-a048-b7c4bada339c","imagecount":2,"advertiserName":"Autoimage Ltd Renault","isTrade":true},{"advertId":"31913539281171120","vehicleMake":"Renault","vehicleModel":"Fluence","vehicleDerivative":"1.5DCI 90 EXPRESSION","vehiclePriceEuro":22110,"vehicleYearOfManufacture":2013,"advertiserCounty":"Louth","isPSL":false,"privatePSL":false,"vehicleImageId":"e95e42dc-e119-41a6-a0c8-d9afebd4d9e5","imagecount":15,"advertiserName":"Blackstone Motors","isTrade":true},{"advertId":"32013585961304170","vehicleMake":"Renault","vehicleModel":"Fluence","vehicleDerivative":"expression 1.5 dci 90 bhp ","vehiclePriceEuro":22100,"vehicleYearOfManufacture":2013,"advertiserCounty":"Carlow","isPSL":false,"privatePSL":false,"vehicleImageId":"98e5dba6-5236-42ad-9ec5-1b794980bae8","imagecount":9,"advertiserName":"Autoimage Ltd Renault","isTrade":true},{"advertId":"34213605976548360","vehicleMake":"Renault","vehicleModel":"Fluence","vehicleDerivative":"DYNAMIQUE 1.5 DCI 90 4 2 4DR","vehiclePriceEuro":22010,"vehicleYearOfManufacture":2013,"advertiserCounty":"Louth","isPSL":false,"privatePSL":false,"vehicleImageId":"0b0519dc-4f81-4119-b8b4-6c6bdba6da07","imagecount":14,"advertiserName":"Blackstone Motors","isTrade":true},{"advertId":"31513512410819670","vehicleMake":"Renault","vehicleModel":"Fluence","vehicleDerivative":"1.5dci90bhp dynamique","vehiclePriceEuro":21950,"vehicleYearOfManufacture":2013,"advertiserCounty":"Louth","isPSL":false,"privatePSL":false,"vehicleImageId":"a6ca3f8c-54b7-4f72-bee5-45a1adeb356e","imagecount":14,"advertiserName":"Blackstone Motors","isTrade":true},{"advertId":"31513582590248430","vehicleMake":"Renault","vehicleModel":"Fluence","vehicleDerivative":"Dynamique","vehiclePriceEuro":21900,"vehicleYearOfManufacture":2013,"advertiserCounty":"Cork","isPSL":false,"privatePSL":false,"vehicleImageId":"1f7c750a-14cb-4ec9-8759-0265a68cffad","imagecount":8,"advertiserName":"Deerpark Motors Ltd","isTrade":true},{"advertId":"32113572631893360","vehicleMake":"Renault","vehicleModel":"Fluence","vehicleDerivative":"DYNAMIQUE dCi 90","vehiclePriceEuro":21890,"vehicleYearOfManufacture":2013,"advertiserCounty":"Limerick","isPSL":false,"privatePSL":false,"vehicleImageId":"5ca4e98f-775f-403d-b909-b2927292f14e","imagecount":15,"advertiserName":"Dennehy Motors","isTrade":true},{"advertId":"31813571754787340","vehicleMake":"Renault","vehicleModel":"Fluence","vehicleDerivative":"DYNAMIQUE dCi 90","vehiclePriceEuro":21890,"vehicleYearOfManufacture":2013,"advertiserCounty":"Limerick","isPSL":false,"privatePSL":false,"vehicleImageId":"0699b62f-5f8c-492c-b660-b2a1b3533a11","imagecount":15,"advertiserName":"Dennehy Motors","isTrade":true},{"advertId":"32113512415260250","vehicleMake":"Renault","vehicleModel":"Fluence","vehicleDerivative":"1.5DCI90BHPDYNAMIQUE","vehiclePriceEuro":21450,"vehicleYearOfManufacture":2013,"advertiserCounty":"Louth","isPSL":false,"privatePSL":false,"vehicleImageId":"86a9a553-35cd-492b-ace3-54ea02e367b6","imagecount":13,"advertiserName":"Blackstone Motors","isTrade":true},{"advertId":"31713582695324290","vehicleMake":"Renault","vehicleModel":"Fluence","vehicleDerivative":"DYNAMIQUE 1.5 DCI 90 BHP","vehiclePriceEuro":21450,"vehicleYearOfManufacture":2013,"advertiserCounty":"Meath","isPSL":true,"privatePSL":false,"vehicleImageId":"20a28279-eab4-482e-b66c-7c09b1c17a61","imagecount":7,"advertiserName":"Joe Norris Motors Main Renault Dealers Est 1986","isTrade":true},{"advertId":"32013511750450240","vehicleMake":"Renault","vehicleModel":"Fluence","vehicleDerivative":"1.5dci90bhp DYNAMIQUE","vehiclePriceEuro":21450,"vehicleYearOfManufacture":2013,"advertiserCounty":"Louth","isPSL":false,"privatePSL":false,"vehicleImageId":"77bb91fc-1963-4369-b5fa-3219dc6d938b","imagecount":10,"advertiserName":"Blackstone Motors","isTrade":true},{"advertId":"31713558335729570","vehicleMake":"Renault","vehicleModel":"Fluence","vehicleDerivative":"1.5DCI 90BHP","vehiclePriceEuro":20890,"vehicleYearOfManufacture":2013,"advertiserCounty":"Carlow","isPSL":false,"privatePSL":false,"vehicleImageId":"0871ffb8-6b92-4bd8-a6fd-cad109ec45ed","imagecount":3,"advertiserName":"Autoimage Ltd Renault","isTrade":true},{"advertId":"31513572638396930","vehicleMake":"Renault","vehicleModel":"Fluence","vehicleDerivative":"EXPRESSION dCi 90","vehiclePriceEuro":20590,"vehicleYearOfManufacture":2013,"advertiserCounty":"Limerick","isPSL":false,"privatePSL":false,"vehicleImageId":"98744c72-3b90-4a26-b961-ee9e596a6f1c","imagecount":15,"advertiserName":"Dennehy Motors","isTrade":true},{"advertId":"32113572648529270","vehicleMake":"Renault","vehicleModel":"Fluence","vehicleDerivative":"EXPRESSION dCi 90","vehiclePriceEuro":20590,"vehicleYearOfManufacture":2013,"advertiserCounty":"Limerick","isPSL":false,"privatePSL":false,"vehicleImageId":"624c9305-75bd-42da-89ff-65aafb225fb1","imagecount":15,"advertiserName":"Dennehy Motors","isTrade":true},{"advertId":"31713596126668640","vehicleMake":"Renault","vehicleModel":"Fluence","vehicleDerivative":"Dynamique 1.5 DCI 90 4","vehiclePriceEuro":19950,"vehicleYearOfManufacture":2013,"advertiserCounty":"Kildare","isPSL":true,"privatePSL":false,"vehicleImageId":"eb6bd1db-ea9d-403e-a6ae-e408c4e05e71","imagecount":6,"advertiserName":"Joe Mallon Motors","isTrade":true},{"advertId":"31713553985694960","vehicleMake":"Renault","vehicleModel":"Fluence","vehicleDerivative":"FLUENCE DYN 1.5DCI (CASH DEAL OFFER)","vehiclePriceEuro":19950,"vehicleYearOfManufacture":2013,"advertiserCounty":"Carlow","isPSL":false,"privatePSL":false,"vehicleImageId":"7376f60b-14a1-427e-8585-55f859a42dd1","imagecount":7,"advertiserName":"Autoimage Ltd Renault","isTrade":true},{"advertId":"32013558334589940","vehicleMake":"Renault","vehicleModel":"Fluence","vehicleDerivative":"1.6 16V 110BHP","vehiclePriceEuro":19690,"vehicleYearOfManufacture":2013,"advertiserCounty":"Carlow","isPSL":false,"privatePSL":false,"vehicleImageId":"b08b049a-4ac5-4cb8-bff7-03fcfdc4de17","imagecount":2,"advertiserName":"Autoimage Ltd Renault","isTrade":true},{"advertId":"31513579003016500","vehicleMake":"Renault","vehicleModel":"Fluence","vehicleDerivative":"New 2013 Fluence","vehiclePriceEuro":19690,"vehicleYearOfManufacture":2013,"advertiserCounty":"Waterford","isPSL":true,"privatePSL":false,"vehicleImageId":"d43926b1-b07a-44bd-a03b-7f3fcbaceb47","imagecount":7,"advertiserName":"H & H Motors Ltd","isTrade":true},{"advertId":"31813596413731480","vehicleMake":"Renault","vehicleModel":"Fluence","vehicleDerivative":"**NEW SHAPE**","vehiclePriceEuro":19249,"vehicleYearOfManufacture":2013,"advertiserCounty":"Cork","isPSL":true,"privatePSL":false,"vehicleImageId":"c2eec0f1-0c4c-449b-af8b-2ec9938dce92","imagecount":8,"advertiserName":"Kearys Renault","isTrade":true},{"advertId":"31113555661372790","vehicleMake":"Renault","vehicleModel":"Fluence","vehicleDerivative":"1.5DCI 90BHP ","vehiclePriceEuro":18990,"vehicleYearOfManufacture":2013,"advertiserCounty":"Carlow","isPSL":false,"privatePSL":false,"vehicleImageId":"32ed610a-5335-40af-93f7-9081a254a306","imagecount":2,"advertiserName":"Autoimage Ltd Renault","isTrade":true},{"advertId":"33213620550630690","vehicleMake":"Renault","vehicleModel":"Fluence","vehicleDerivative":"1.5 DCI 90 DYNAMIQUE 4DR","vehiclePriceEuro":0,"vehicleYearOfManufacture":2013,"advertiserCounty":"Cork","isPSL":true,"privatePSL":false,"vehicleImageId":"6f12792a-ec25-42a2-8bc9-8c59d33b773b","imagecount":10,"advertiserName":"Kearys Midleton Renault","isTrade":true},{"advertId":"34013620552805110","vehicleMake":"Renault","vehicleModel":"Fluence","vehicleDerivative":"1.5 DCI 90 DYNAMIQUE 4DR","vehiclePriceEuro":0,"vehicleYearOfManufacture":2013,"advertiserCounty":"Cork","isPSL":true,"privatePSL":false,"vehicleImageId":"f8b90367-d968-4201-99ed-10ff6511cb45","imagecount":10,"advertiserName":"Kearys Midleton Renault","isTrade":true},{"advertId":"34213620555454000","vehicleMake":"Renault","vehicleModel":"Fluence","vehicleDerivative":"EXPRESSION 1.5 DCI 90 4DR","vehiclePriceEuro":0,"vehicleYearOfManufacture":2013,"advertiserCounty":"Cork","isPSL":true,"privatePSL":false,"vehicleImageId":"f3ad2703-69f6-4298-8a09-85ba40690898","imagecount":10,"advertiserName":"Kearys Midleton Renault","isTrade":true},{"advertId":"34313620536031290","vehicleMake":"Renault","vehicleModel":"Fluence","vehicleDerivative":"1.5 DCI EXPRESSION","vehiclePriceEuro":0,"vehicleYearOfManufacture":2013,"advertiserCounty":"Clare","isPSL":false,"privatePSL":false,"vehicleImageId":"718eb2c0-b6ce-4d26-b912-68e52e8b33ac","imagecount":7,"advertiserName":"Hogan Motors Ennis","isTrade":true},{"advertId":"34013620563257910","vehicleMake":"Renault","vehicleModel":"Fluence","vehicleDerivative":"1.5 DCI Expression","vehiclePriceEuro":0,"vehicleYearOfManufacture":2013,"advertiserCounty":"Clare","isPSL":false,"privatePSL":false,"vehicleImageId":"c5290802-a073-44da-9fa9-6a03510e4c76","imagecount":8,"advertiserName":"Hogan Motors Ennis","isTrade":true},{"advertId":"32013535917565610","vehicleMake":"Renault","vehicleModel":"Fluence","vehicleDerivative":"1.5dci 110 Irish ED 4R","vehiclePriceEuro":23950,"vehicleYearOfManufacture":2012,"advertiserCounty":"Kildare","isPSL":true,"privatePSL":false,"vehicleImageId":"8cd19c54-c55a-4f82-880a-2387f38bb55d","imagecount":8,"advertiserName":"Joe Mallon Motors","isTrade":true},{"advertId":"31513579002974420","vehicleMake":"Renault","vehicleModel":"Fluence","vehicleDerivative":"Z.e. Dynamique 4DR AUT","vehiclePriceEuro":23710,"vehicleYearOfManufacture":2012,"advertiserCounty":"Westmeath","isPSL":false,"privatePSL":false,"vehicleImageId":"1e40f6f0-7a0f-4a97-94a5-7860e0d324af","imagecount":7,"advertiserName":"P. O'Brien Limited","isTrade":true},{"advertId":"31713559318205770","vehicleMake":"Renault","vehicleModel":"Fluence","vehicleDerivative":"Z.E. EXPRESSION 4DR AU","vehiclePriceEuro":23710,"vehicleYearOfManufacture":2012,"advertiserCounty":"Carlow","isPSL":false,"privatePSL":false,"vehicleImageId":"d829bf38-2f68-4491-9a31-e476cd5d32dc","imagecount":7,"advertiserName":"Autoimage Ltd Renault","isTrade":true},{"advertId":"30813540053423860","vehicleMake":"Renault","vehicleModel":"Fluence","vehicleDerivative":"ZE","vehiclePriceEuro":22800,"vehicleYearOfManufacture":2012,"advertiserCounty":"Cork","isPSL":false,"privatePSL":false,"vehicleImageId":"f5ac9e73-942f-4be3-9889-97729762105d","imagecount":8,"advertiserName":"Deerpark Motors Ltd","isTrade":true},{"advertId":"31113561669778990","vehicleMake":"Renault","vehicleModel":"Fluence","vehicleDerivative":"Z.E. DYNAMIQUE 4DR AUTO","vehiclePriceEuro":22710,"vehicleYearOfManufacture":2012,"advertiserCounty":"Limerick","isPSL":false,"privatePSL":false,"vehicleImageId":"f2aec21b-7bd7-4df5-82b3-b846d05ed471","imagecount":15,"advertiserName":"Dennehy Motors","isTrade":true},{"advertId":"30813481413814530","vehicleMake":"Renault","vehicleModel":"Fluence","vehicleDerivative":"Z.E. EXPRESSION 4DR AU","vehiclePriceEuro":22210,"vehicleYearOfManufacture":2012,"advertiserCounty":"Offaly","isPSL":false,"privatePSL":false,"vehicleImageId":"6868df28-e303-4c88-a0a7-8dacbf08192f","imagecount":11,"advertiserName":"Tullamore Motors","isTrade":true},{"advertId":"6013354719833660","vehicleMake":"Renault","vehicleModel":"Fluence","vehicleDerivative":"EV","vehiclePriceEuro":21575,"vehicleYearOfManufacture":2012,"advertiserCounty":"Wexford","isPSL":true,"privatePSL":false,"vehicleImageId":"45208358-624d-43f2-9800-97a2a16a4b09","imagecount":12,"advertiserName":"Menapia Motors (Renault & Dacia)","isTrade":true},{"advertId":"34113604209799710","vehicleMake":"Renault","vehicleModel":"Fluence","vehicleDerivative":"1.5 DCI 110 IRISH ED A 4DR AUTO","vehiclePriceEuro":20995,"vehicleYearOfManufacture":2012,"advertiserCounty":"Dublin","isPSL":false,"privatePSL":false,"vehicleImageId":"46f2b0b1-c714-4754-b1ab-d61d7b0f74d7","imagecount":1,"advertiserName":"Renault Belgard","isTrade":true},{"advertId":"31813565886793620","vehicleMake":"Renault","vehicleModel":"Fluence","vehicleDerivative":"1.5 DCI 90 Dynamique","vehiclePriceEuro":19995,"vehicleYearOfManufacture":2012,"advertiserCounty":"Kilkenny","isPSL":true,"privatePSL":false,"vehicleImageId":"4bb69aba-f6d6-4b60-b0fd-0715e26e44bf","imagecount":9,"advertiserName":"O'Briens Kilkenny","isTrade":true},{"advertId":"31113565886790610","vehicleMake":"Renault","vehicleModel":"Fluence","vehicleDerivative":"1.5 DCI 90 Dynamique","vehiclePriceEuro":19995,"vehicleYearOfManufacture":2012,"advertiserCounty":"Kilkenny","isPSL":true,"privatePSL":false,"vehicleImageId":"003d22ae-60fa-41a8-868a-10d6e0d4d677","imagecount":9,"advertiserName":"O'Briens Kilkenny","isTrade":true},{"advertId":"34413620695970290","vehicleMake":"Renault","vehicleModel":"Fluence","vehicleDerivative":"DYNAMIQUE","vehiclePriceEuro":19950,"vehicleYearOfManufacture":2012,"advertiserCounty":"Mayo","isPSL":false,"privatePSL":false,"imagecount":0,"advertiserName":"J.J. Burke Car Sales Ltd","isTrade":true},{"advertId":"31713565886773510","vehicleMake":"Renault","vehicleModel":"Fluence","vehicleDerivative":"Expression 1.5 DCI 90","vehiclePriceEuro":18995,"vehicleYearOfManufacture":2012,"advertiserCounty":"Kilkenny","isPSL":true,"privatePSL":false,"vehicleImageId":"c88c026e-3f03-4abd-89bb-79b469d5a3f4","imagecount":9,"advertiserName":"O'Briens Kilkenny","isTrade":true},{"advertId":"31413535917586510","vehicleMake":"Renault","vehicleModel":"Fluence","vehicleDerivative":"Expression 1.5 DCI 90","vehiclePriceEuro":18995,"vehicleYearOfManufacture":2012,"advertiserCounty":"Kilkenny","isPSL":true,"privatePSL":false,"vehicleImageId":"63553e02-c786-4a6c-85a8-9edb03baad2e","imagecount":9,"advertiserName":"O'Briens Kilkenny","isTrade":true},{"advertId":"33413619527008540","vehicleMake":"Renault","vehicleModel":"Fluence","vehicleDerivative":"1.5 DCI 90 DYNAMIQUE 4DR","vehiclePriceEuro":18990,"vehicleYearOfManufacture":2012,"advertiserCounty":"Dublin","isPSL":false,"privatePSL":false,"vehicleImageId":"89c37b2e-2132-40ec-b6c5-705e5ea969e5","imagecount":1,"advertiserName":"Renault Belgard","isTrade":true},{"advertId":"34013619523752970","vehicleMake":"Renault","vehicleModel":"Fluence","vehicleDerivative":"1.5 DCI 90 DYNAMIQUE 4DR","vehiclePriceEuro":18990,"vehicleYearOfManufacture":2012,"advertiserCounty":"Dublin","isPSL":false,"privatePSL":false,"vehicleImageId":"8bce5c91-f61e-4c41-85a1-e18b7f0919c6","imagecount":1,"advertiserName":"Renault Belgard","isTrade":true},{"advertId":"34313619525475730","vehicleMake":"Renault","vehicleModel":"Fluence","vehicleDerivative":"1.5 DCI 90 DYNAMIQUE 4DR","vehiclePriceEuro":18990,"vehicleYearOfManufacture":2012,"advertiserCounty":"Dublin","isPSL":false,"privatePSL":false,"vehicleImageId":"719946e0-7279-4597-b46c-c950fbf53355","imagecount":1,"advertiserName":"Renault Belgard","isTrade":true},{"advertId":"31813582675308360","vehicleMake":"Renault","vehicleModel":"Fluence","vehicleDerivative":"Pre Reg Dynamique 90bhp","vehiclePriceEuro":18975,"vehicleYearOfManufacture":2012,"advertiserCounty":"Wexford","isPSL":true,"privatePSL":false,"vehicleImageId":"2282e5a6-b622-4edb-b2f7-ebb1399ff76e","imagecount":11,"advertiserName":"Menapia Motors (Renault & Dacia)","isTrade":true},{"advertId":"32113577202920150","vehicleMake":"Renault","vehicleModel":"Fluence","vehicleDerivative":"1.5 DCI 90 Dynamiquethis car is in our portlaois 4","vehiclePriceEuro":18955,"vehicleYearOfManufacture":2012,"advertiserCounty":"Kildare","isPSL":true,"privatePSL":false,"vehicleImageId":"7210af11-cf75-4aa9-a0d4-1ad775826d48","imagecount":5,"advertiserName":"Joe Mallon Motors","isTrade":true},{"advertId":"34013600680215810","vehicleMake":"Renault","vehicleModel":"Fluence","vehicleDerivative":"1.5 DCI 110 DYNAMIQUE 4DR","vehiclePriceEuro":18950,"vehicleYearOfManufacture":2012,"advertiserCounty":"Louth","isPSL":false,"privatePSL":false,"vehicleImageId":"e9be1bba-fc45-4893-b6d9-79bba0aa3607","imagecount":13,"advertiserName":"Blackstone Motors","isTrade":true},{"advertId":"33213602572371220","vehicleMake":"Renault","vehicleModel":"Fluence","vehicleDerivative":"1.5 DCI 110 DYNAMIQUE 4DR","vehiclePriceEuro":18950,"vehicleYearOfManufacture":2012,"advertiserCounty":"Louth","isPSL":false,"privatePSL":false,"vehicleImageId":"a9d5d6c7-e718-4b2f-b8b8-25dc868a4eac","imagecount":15,"advertiserName":"Blackstone Motors","isTrade":true}],"totalAdvertCount":45174}