{"adverts":[{"advertId":"29813480536038430","vehicleMake":"Skoda","vehicleModel":"Fabia","vehicleDerivative":"COM FL AMBIENTE 1.2 70HP 5DR €225p.a. road tax","vehiclePriceEuro":0,"vehicleYearOfManufacture":2011,"advertiserCounty":"Cork","isPSL":false,"privatePSL":false,"vehicleImageId":"2d6e7958-1b96-4f73-b5db-66d0be0788c2","imagecount":11,"advertiserName":"Blackrock Motor Company","isTrade":true},{"advertId":"33413614403002220","vehicleMake":"Skoda","vehicleModel":"Fabia","vehicleDerivative":"COM FL AMBIENTE 1.6 TDI 75HP 5DR GREAT SAVING NEARLY €20K NEW,HIGHLY SOUGHT AFTER DIESEL MODEL","vehiclePriceEuro":12750,"vehicleYearOfManufacture":2010,"advertiserCounty":"Cork","isPSL":false,"privatePSL":false,"vehicleImageId":"756bc72b-7cd9-4afd-9cbd-8176ae3a2e86","imagecount":1,"advertiserName":"Noel Deasy Cars Ltd","isTrade":true},{"advertId":"34313615381737330","vehicleMake":"Skoda","vehicleModel":"Fabia","vehicleDerivative":"1.4DSL","vehiclePriceEuro":11995,"vehicleYearOfManufacture":2010,"advertiserCounty":"Meath","isPSL":false,"privatePSL":false,"imagecount":0,"advertiserName":"Navan Nissan, Hyundai","isTrade":true},{"advertId":"34013612751654070","vehicleMake":"Skoda","vehicleModel":"Fabia","vehicleDerivative":"Ambition 1.2 70bhp 5 Door","vehiclePriceEuro":10950,"vehicleYearOfManufacture":2010,"advertiserCounty":"Kilkenny","isPSL":false,"privatePSL":false,"vehicleImageId":"9feb1e2b-8aa1-4b33-ac2b-d10cba64cdb4","imagecount":9,"advertiserName":"Laharts Skoda","isTrade":true},{"advertId":"29913457343551490","vehicleMake":"Skoda","vehicleModel":"Fabia","vehicleDerivative":"1.4 TDI 5DOOR HATCHBACK","vehiclePriceEuro":10700,"vehicleYearOfManufacture":2010,"advertiserCounty":"Cork","isPSL":false,"privatePSL":false,"vehicleImageId":"5d6438c0-3ec0-4155-a8a8-8461a81e3eec","imagecount":12,"advertiserName":"O'Callaghan Toyota Kanturk","isTrade":true},{"advertId":"29613452352217810","vehicleMake":"Skoda","vehicleModel":"Fabia","vehicleDerivative":"ELEGANCE 1.2 70HP 5DR","vehiclePriceEuro":10500,"vehicleYearOfManufacture":2010,"advertiserCounty":"Laois","isPSL":false,"privatePSL":false,"vehicleImageId":"928b131c-f9a1-4a8c-8d28-d50815391445","imagecount":11,"advertiserName":"Ballybrittas Motors","isTrade":true},{"advertId":"33913608539498370","vehicleMake":"Skoda","vehicleModel":"Fabia","vehicleDerivative":"Elegance 1.2 70bhp 5 Door","vehiclePriceEuro":10450,"vehicleYearOfManufacture":2010,"advertiserCounty":"Kilkenny","isPSL":false,"privatePSL":false,"vehicleImageId":"42ecada1-d25b-4fef-a456-dbb0e8314dae","imagecount":9,"advertiserName":"Laharts Skoda","isTrade":true},{"advertId":"32913605908593490","vehicleMake":"Skoda","vehicleModel":"Fabia","vehicleDerivative":"AMBIENTE 1.2 60HP 5DR","vehiclePriceEuro":10450,"vehicleYearOfManufacture":2010,"advertiserCounty":"Wicklow","isPSL":false,"privatePSL":false,"vehicleImageId":"0a1a16b0-ba3c-4da8-86e1-2feb4e4db2a1","imagecount":10,"advertiserName":"Newcastle Garage","isTrade":true},{"advertId":"33213612535445290","vehicleMake":"Skoda","vehicleModel":"Fabia","vehicleDerivative":"Ambiente","vehiclePriceEuro":9995,"vehicleYearOfManufacture":2010,"advertiserCounty":"Louth","isPSL":false,"privatePSL":false,"vehicleImageId":"810ffd07-e048-4550-a342-95f552d5095c","imagecount":9,"advertiserName":"Western Motors (Drogheda)","isTrade":true},{"advertId":"31413579269195820","vehicleMake":"Skoda","vehicleModel":"Fabia","vehicleDerivative":"FL AMBIENTE 1.2 60HP 5DR","vehiclePriceEuro":9950,"vehicleYearOfManufacture":2010,"advertiserCounty":"Kerry","isPSL":false,"privatePSL":false,"vehicleImageId":"a9f8128e-299d-4c64-b6cc-da1e1a38509f","imagecount":4,"advertiserName":"Liam Lynch Motors","isTrade":true},{"advertId":"34113614406569050","vehicleMake":"Skoda","vehicleModel":"Fabia","vehicleDerivative":"FL AMBIENTE 1.2 60HP 5DR AS NEW FACELIFT MODEL IN WHITE ALLOYS FOGS +MORE,NOEL DEASY CARS CORK 021 4395024","vehiclePriceEuro":9950,"vehicleYearOfManufacture":2010,"advertiserCounty":"Cork","isPSL":false,"privatePSL":false,"vehicleImageId":"0343d763-fbcb-420f-82b1-fd184be59e25","imagecount":4,"advertiserName":"Noel Deasy Cars Ltd","isTrade":true},{"advertId":"33913621561518250","vehicleMake":"Skoda","vehicleModel":"Fabia","vehicleDerivative":"ELEGANCE 1.2 70HP 5DR","vehiclePriceEuro":9500,"vehicleYearOfManufacture":2010,"advertiserCounty":"Cork","isPSL":false,"privatePSL":false,"vehicleImageId":"381c061f-e75f-408f-9922-91aa66902b93","imagecount":6,"advertiserName":"Eamonn Tarrant & Sons Ltd","isTrade":true},{"advertId":"34113600840487170","vehicleMake":"Skoda","vehicleModel":"Fabia","vehicleDerivative":"1.2 Ambient 5dr","vehiclePriceEuro":9495,"vehicleYearOfManufacture":2010,"advertiserCounty":"Waterford","isPSL":false,"privatePSL":false,"vehicleImageId":"34ddbfa5-9167-48fd-b86a-b7b1a43c007a","imagecount":10,"advertiserName":"Walsh's Car Sales","isTrade":true},{"advertId":"32913612072836940","vehicleMake":"Skoda","vehicleModel":"Fabia","vehicleDerivative":"AMBIENTE 1.2 60HP 5DR**like New**","vehiclePriceEuro":9450,"vehicleYearOfManufacture":2010,"advertiserCounty":"Dublin","isPSL":true,"privatePSL":false,"vehicleImageId":"4937ca07-0d07-4710-9826-758e2946a069","imagecount":6,"advertiserName":"Michael Barrable Motors","isTrade":true},{"advertId":"33913597951795010","vehicleMake":"Skoda","vehicleModel":"Fabia","vehicleDerivative":"CLASSIC 1.2 60HP 5DR","vehiclePriceEuro":9450,"vehicleYearOfManufacture":2010,"advertiserCounty":"Laois","isPSL":false,"privatePSL":false,"vehicleImageId":"94ae38ae-d447-462f-96a3-03f5bc4cfeb5","imagecount":7,"advertiserName":"Ballybrittas Motors","isTrade":true},{"advertId":"201245210854199","vehicleMake":"Skoda","vehicleModel":"Fabia","vehicleDerivative":"FL AMBIENTE 1.2 60HP 5DR","vehiclePriceEuro":9000,"vehicleYearOfManufacture":2010,"advertiserCounty":"Dublin","isPSL":true,"privatePSL":false,"vehicleImageId":"14105397","imagecount":7,"isTrade":false},{"advertId":"32013587797485940","vehicleMake":"Skoda","vehicleModel":"Fabia","vehicleDerivative":"FL AMBIENTE 1.2 60HP 5DR","vehiclePriceEuro":0,"vehicleYearOfManufacture":2010,"advertiserCounty":"Tipperary","isPSL":false,"privatePSL":false,"vehicleImageId":"2aa27008-05a2-4b2c-8572-711649d4e793","imagecount":6,"advertiserName":"Three Bridges Motors","isTrade":true},{"advertId":"31513541213207110","vehicleMake":"Skoda","vehicleModel":"Fabia","vehicleDerivative":"AMBIENTE 1.2 60HP 5DR","vehiclePriceEuro":0,"vehicleYearOfManufacture":2010,"advertiserCounty":"Monaghan","isPSL":false,"privatePSL":false,"vehicleImageId":"cd28825e-247f-409e-a9f7-e4e0a4b7ec2c","imagecount":7,"advertiserName":"Doran Motors Ltd","isTrade":true},{"advertId":"31713541232614350","vehicleMake":"Skoda","vehicleModel":"Fabia","vehicleDerivative":"AMBIENTE 1.2 60HP 5DR","vehiclePriceEuro":0,"vehicleYearOfManufacture":2010,"advertiserCounty":"Louth","isPSL":false,"privatePSL":false,"vehicleImageId":"5cc68208-c8fc-43e4-912b-bf0c413596ca","imagecount":7,"advertiserName":"Drogheda Car Sales Ltd","isTrade":true},{"advertId":"34013603222153070","vehicleMake":"Skoda","vehicleModel":"Fabia","vehicleDerivative":"COM SPORT 1.2 70HP 5DR","vehiclePriceEuro":0,"vehicleYearOfManufacture":2010,"advertiserCounty":"Laois","isPSL":false,"privatePSL":false,"imagecount":0,"advertiserName":"Ballybrittas Motors","isTrade":true},{"advertId":"30913535137812260","vehicleMake":"Skoda","vehicleModel":"Fabia","vehicleDerivative":"COM AMBIENTE 1.2 70HP","vehiclePriceEuro":9950,"vehicleYearOfManufacture":2009,"advertiserCounty":"Dublin","isPSL":false,"privatePSL":false,"vehicleImageId":"5ca7c6e6-0d5c-404c-955c-9f98eafea491","imagecount":13,"advertiserName":"Autocity","isTrade":true},{"advertId":"30913476583662460","vehicleMake":"Skoda","vehicleModel":"Fabia","vehicleDerivative":"AMBIENTE 1.4 TDI 70HP","vehiclePriceEuro":9500,"vehicleYearOfManufacture":2009,"advertiserCounty":"Sligo","isPSL":false,"privatePSL":false,"vehicleImageId":"1b44991e-c8df-4b82-8803-69878b142c35","imagecount":6,"advertiserName":"Currid Motors","isTrade":true},{"advertId":"31413578171188070","vehicleMake":"Skoda","vehicleModel":"Fabia","vehicleDerivative":"3 TDI PD","vehiclePriceEuro":9450,"vehicleYearOfManufacture":2009,"advertiserCounty":"Kildare","isPSL":true,"privatePSL":false,"vehicleImageId":"6cd01786-d9b3-44be-9176-0ef76894499a","imagecount":7,"advertiserName":"Olympic Car Sales","isTrade":true},{"advertId":"33213618698848910","vehicleMake":"Skoda","vehicleModel":"Fabia","vehicleDerivative":"AMBIENTE 1.2 60HP","vehiclePriceEuro":8750,"vehicleYearOfManufacture":2009,"advertiserCounty":"Cork","isPSL":true,"privatePSL":false,"vehicleImageId":"6e614fc1-efdc-48a2-a686-ea3377ae3710","imagecount":6,"advertiserName":"Cogan's Toyota","isTrade":true},{"advertId":"34013613825341390","vehicleMake":"Skoda","vehicleModel":"Fabia","vehicleDerivative":"SPORT 1.2 60HP 5DR","vehiclePriceEuro":8500,"vehicleYearOfManufacture":2009,"advertiserCounty":"Kerry","isPSL":false,"privatePSL":false,"vehicleImageId":"798608d2-8ecf-4ec1-97d5-379168fcdb06","imagecount":9,"advertiserName":"Liam Lynch Motors","isTrade":true},{"advertId":"31913542998315830","vehicleMake":"Skoda","vehicleModel":"Fabia","vehicleDerivative":"SPORT 1.2 60HP 5DR","vehiclePriceEuro":8500,"vehicleYearOfManufacture":2009,"advertiserCounty":"Kerry","isPSL":false,"privatePSL":false,"vehicleImageId":"ceac3735-d1f0-4989-b201-e9057deec697","imagecount":6,"advertiserName":"Liam Lynch Motors","isTrade":true},{"advertId":"31713594604927700","vehicleMake":"Skoda","vehicleModel":"Fabia","vehicleDerivative":"AMBIENTE 1.2 60HP","vehiclePriceEuro":8500,"vehicleYearOfManufacture":2009,"advertiserCounty":"Tipperary","isPSL":false,"privatePSL":false,"vehicleImageId":"20122bc3-d09e-4751-aa18-f63f16b7f39e","imagecount":9,"advertiserName":"Slatterys Garage Ltd","isTrade":true},{"advertId":"34213609445513600","vehicleMake":"Skoda","vehicleModel":"Fabia","vehicleDerivative":"SPORT 1.2 60HP 5DR","vehiclePriceEuro":7850,"vehicleYearOfManufacture":2009,"advertiserCounty":"Tipperary","isPSL":false,"privatePSL":false,"vehicleImageId":"05a76d52-c557-4983-9ab6-228d05abffe7","imagecount":8,"advertiserName":"Niall McCarthy Cars","isTrade":true},{"advertId":"34013623446236480","vehicleMake":"Skoda","vehicleModel":"Fabia","vehicleDerivative":"TDI","vehiclePriceEuro":8950,"vehicleYearOfManufacture":2008,"advertiserCounty":"Cork","isPSL":false,"privatePSL":false,"vehicleImageId":"a65581a9-0c1a-4c1f-9b24-43fb8819727d","imagecount":7,"advertiserName":"Jonathan O Brien Cars","isTrade":true},{"advertId":"33913622491335830","vehicleMake":"Skoda","vehicleModel":"Fabia","vehicleDerivative":"*AMBIENTE 1.2 70HP*","vehiclePriceEuro":8950,"vehicleYearOfManufacture":2008,"advertiserCounty":"Dublin","isPSL":true,"privatePSL":false,"vehicleImageId":"b3fa59c6-94d4-4f90-a185-58187d3aa7b0","imagecount":7,"advertiserName":"Hutton & Meade","isTrade":true},{"advertId":"30513467536794030","vehicleMake":"Skoda","vehicleModel":"Fabia","vehicleDerivative":"1.4diesel,160tax,low miles,immaculate.","vehiclePriceEuro":8900,"vehicleYearOfManufacture":2008,"advertiserCounty":"Dublin","isPSL":true,"privatePSL":false,"vehicleImageId":"04fb59ce-79d1-4d10-8bc7-5788dd69c441","imagecount":14,"advertiserName":"A Best Choice Cars","isTrade":true},{"advertId":"30113449410623080","vehicleMake":"Skoda","vehicleModel":"Fabia","vehicleDerivative":"AMBIENTE 1.4 TDI 70HP [TAXED,NCT,WARRANTY]","vehiclePriceEuro":8750,"vehicleYearOfManufacture":2008,"advertiserCounty":"Dublin","isPSL":true,"privatePSL":false,"vehicleImageId":"0616b9c3-0e31-4427-8abe-b42b35cebe0e","imagecount":7,"advertiserName":"Dunhill Motors","isTrade":true},{"advertId":"33913612894836230","vehicleMake":"Skoda","vehicleModel":"Fabia","vehicleDerivative":"1.2 HTP 60BHP AMBIENTE","vehiclePriceEuro":7995,"vehicleYearOfManufacture":2008,"advertiserCounty":"Donegal","isPSL":false,"privatePSL":false,"vehicleImageId":"7eec6316-d5fa-466a-9eb5-d2d301bc6d74","imagecount":11,"advertiserName":"DMG Motors Ltd","isTrade":true},{"advertId":"32013587590228000","vehicleMake":"Skoda","vehicleModel":"Fabia","vehicleDerivative":"AMBIENTE 1.2 60HP","vehiclePriceEuro":7900,"vehicleYearOfManufacture":2008,"advertiserCounty":"Cork","isPSL":false,"privatePSL":false,"vehicleImageId":"3e095683-54c1-47b6-906f-dba1b472c650","imagecount":20,"advertiserName":"Great Island Motors Ltd","isTrade":true},{"advertId":"201305212273277","vehicleMake":"Skoda","vehicleModel":"Fabia","vehicleDerivative":"AMBIENTE 1.2 60HP","vehiclePriceEuro":6000,"vehicleYearOfManufacture":2008,"advertiserCounty":"Cork","isPSL":true,"privatePSL":false,"vehicleImageId":"13962492","imagecount":3,"isTrade":false},{"advertId":"34313609423820760","vehicleMake":"Skoda","vehicleModel":"Fabia","vehicleDerivative":"AMBIENTE 1.2 60HP","vehiclePriceEuro":5950,"vehicleYearOfManufacture":2008,"advertiserCounty":"Limerick","isPSL":false,"privatePSL":false,"vehicleImageId":"736379c1-de85-4e05-83a7-1f9f4d65af13","imagecount":11,"advertiserName":"Trade Cars Direct","isTrade":true},{"advertId":"29813487670586660","vehicleMake":"Skoda","vehicleModel":"Fabia","vehicleDerivative":"vrs 1.9 tdi contact glenn on 0877963174","vehiclePriceEuro":8950,"vehicleYearOfManufacture":2007,"advertiserCounty":"Longford","isPSL":false,"privatePSL":false,"vehicleImageId":"c330b4e4-b1e9-44f0-b588-fb68f1ed3b75","imagecount":6,"advertiserName":"Michael Shaw Car Sales","isTrade":true},{"advertId":"32913602349352520","vehicleMake":"Skoda","vehicleModel":"Fabia","vehicleDerivative":"AMBIENTE 1.2 60HP","vehiclePriceEuro":6950,"vehicleYearOfManufacture":2007,"advertiserCounty":"Kerry","isPSL":false,"privatePSL":false,"vehicleImageId":"d6dcad8a-35a8-4381-87dc-5e875ebc8011","imagecount":9,"advertiserName":"Adams of Tralee","isTrade":true},{"advertId":"31513589424371840","vehicleMake":"Skoda","vehicleModel":"Fabia","vehicleDerivative":"AMBIENTE 1.2 70HP","vehiclePriceEuro":6950,"vehicleYearOfManufacture":2007,"advertiserCounty":"Dublin","isPSL":false,"privatePSL":false,"vehicleImageId":"f856ea6d-d554-4d2c-be90-fcb65ccd8d5b","imagecount":10,"advertiserName":"Phoenix Motor Centre Ltd","isTrade":true},{"advertId":"34413620620096630","vehicleMake":"Skoda","vehicleModel":"Fabia","vehicleDerivative":"AMBIENTE 1.2 60HP","vehiclePriceEuro":6950,"vehicleYearOfManufacture":2007,"advertiserCounty":"Tipperary","isPSL":true,"privatePSL":false,"imagecount":0,"advertiserName":"Pierse Motors Ltd","isTrade":true},{"advertId":"32913612535469490","vehicleMake":"Skoda","vehicleModel":"Fabia","vehicleDerivative":"Combi","vehiclePriceEuro":6945,"vehicleYearOfManufacture":2007,"advertiserCounty":"Louth","isPSL":false,"privatePSL":false,"vehicleImageId":"5be69665-59df-4fd5-8fdf-ef86d6aebe48","imagecount":9,"advertiserName":"Western Motors (Drogheda)","isTrade":true},{"advertId":"4813293282291470","vehicleMake":"Skoda","vehicleModel":"Fabia","vehicleDerivative":"1.4 AMBIENTE 5Dr Estate","vehiclePriceEuro":6250,"vehicleYearOfManufacture":2007,"advertiserCounty":"Tipperary","isPSL":false,"privatePSL":false,"vehicleImageId":"875007b5-ccfd-46e5-ae31-6a0ae03cad74","imagecount":5,"advertiserName":"Young's Garage Ltd","isTrade":true},{"advertId":"201245210926561","vehicleMake":"Skoda","vehicleModel":"Fabia","vehicleDerivative":"1.2 Petrol","vehiclePriceEuro":6000,"vehicleYearOfManufacture":2007,"advertiserCounty":"Meath","isPSL":true,"privatePSL":false,"vehicleImageId":"14127652","imagecount":1,"isTrade":false},{"advertId":"33413603277653230","vehicleMake":"Skoda","vehicleModel":"Fabia","vehicleDerivative":"AMBIENTE 1.2, *QUALITY SALOON VEHICLE, ONE OWNER!*","vehiclePriceEuro":5990,"vehicleYearOfManufacture":2007,"advertiserCounty":"Wicklow","isPSL":false,"privatePSL":false,"vehicleImageId":"257b45d9-b3b8-4c93-a660-87bfe1c569a8","imagecount":10,"advertiserName":"Hills Garage Bray","isTrade":true},{"advertId":"34113614617083400","vehicleMake":"Skoda","vehicleModel":"Fabia","vehicleDerivative":"AMBIENTE 1.2 60HP","vehiclePriceEuro":5900,"vehicleYearOfManufacture":2007,"advertiserCounty":"Dublin","isPSL":false,"privatePSL":false,"vehicleImageId":"d05405c2-471e-4a52-a29b-62b53fd0922f","imagecount":20,"advertiserName":"Stillorgan Motor Co.","isTrade":true},{"advertId":"201305212250815","vehicleMake":"Skoda","vehicleModel":"Fabia","vehiclePriceEuro":5800,"vehicleYearOfManufacture":2007,"advertiserCounty":"Dublin","isPSL":true,"privatePSL":false,"vehicleImageId":"13962627","imagecount":7,"isTrade":false},{"advertId":"201310212771238","vehicleMake":"Skoda","vehicleModel":"Fabia","vehicleDerivative":"CLASSIC HTP54 05DR","vehiclePriceEuro":4250,"vehicleYearOfManufacture":2007,"advertiserCounty":"Waterford","isPSL":true,"privatePSL":false,"vehicleImageId":"14386454","imagecount":8,"isTrade":false},{"advertId":"201310212771224","vehicleMake":"Skoda","vehicleModel":"Fabia","vehicleDerivative":"CLASSIC HTP54 05DR","vehiclePriceEuro":3750,"vehicleYearOfManufacture":2007,"advertiserCounty":"Waterford","isPSL":true,"privatePSL":false,"vehicleImageId":"14386454","imagecount":8,"isTrade":false},{"advertId":"34013614647230510","vehicleMake":"Skoda","vehicleModel":"Fabia","vehicleDerivative":"AMBIENTE 1.2 5DR 55BHP NG","vehiclePriceEuro":0,"vehicleYearOfManufacture":2007,"advertiserCounty":"Louth","isPSL":false,"privatePSL":false,"vehicleImageId":"f63a9a5e-e43c-49dd-9acd-7fa17462c1ea","imagecount":5,"advertiserName":"Drogheda Car Sales Ltd","isTrade":true},{"advertId":"34213613717490580","vehicleMake":"Skoda","vehicleModel":"Fabia","vehicleDerivative":"AMBIENTE 1.2 5DR 55BHP NG","vehiclePriceEuro":0,"vehicleYearOfManufacture":2007,"advertiserCounty":"Monaghan","isPSL":false,"privatePSL":false,"vehicleImageId":"cc89ad77-d93a-4ed9-aa88-8e9149e9d037","imagecount":5,"advertiserName":"Doran Motors Ltd","isTrade":true},{"advertId":"31513557629767160","vehicleMake":"Skoda","vehicleModel":"Fabia","vehicleDerivative":"1.4l Diesel","vehiclePriceEuro":6995,"vehicleYearOfManufacture":2006,"advertiserCounty":"Waterford","isPSL":false,"privatePSL":false,"vehicleImageId":"b79c067d-7214-41de-aac9-797353a3bbb7","imagecount":14,"advertiserName":"Castletown Carsales","isTrade":true},{"advertId":"33913620577347480","vehicleMake":"Skoda","vehicleModel":"Fabia","vehicleDerivative":"1.4TDi 5Dr","vehiclePriceEuro":6499,"vehicleYearOfManufacture":2006,"advertiserCounty":"Dublin","isPSL":false,"privatePSL":false,"vehicleImageId":"aa12a894-b66d-4774-b208-88e438efec26","imagecount":10,"advertiserName":"Motorplex","isTrade":true},{"advertId":"31913573846991970","vehicleMake":"Skoda","vehicleModel":"Fabia","vehicleDerivative":"COMBI AMBIENTE 65BHP NG","vehiclePriceEuro":6250,"vehicleYearOfManufacture":2006,"advertiserCounty":"Dublin","isPSL":false,"privatePSL":false,"vehicleImageId":"353906a2-4ecb-4677-9756-31fb571c738f","imagecount":10,"advertiserName":"Annesley Williams Ltd","isTrade":true},{"advertId":"31113512708081330","vehicleMake":"Skoda","vehicleModel":"Fabia","vehicleDerivative":"AUTOMATIC ELEGANCE 1.4 75HP","vehiclePriceEuro":5500,"vehicleYearOfManufacture":2006,"advertiserCounty":"Longford","isPSL":false,"privatePSL":false,"vehicleImageId":"06bdaa62-ff35-4ed1-b027-e92f4aafc786","imagecount":6,"advertiserName":"McNally Motors","isTrade":true},{"advertId":"201248211179769","vehicleMake":"Skoda","vehicleModel":"Fabia","vehicleDerivative":"AMBIENTE 1.4 5DR 75BHP NG","vehiclePriceEuro":5500,"vehicleYearOfManufacture":2006,"advertiserCounty":"Kerry","isPSL":true,"privatePSL":false,"vehicleImageId":"12012132","imagecount":5,"isTrade":false},{"advertId":"33213607515667230","vehicleMake":"Skoda","vehicleModel":"Fabia","vehicleDerivative":"1.2 PETROL - AMBIENTE","vehiclePriceEuro":5250,"vehicleYearOfManufacture":2006,"advertiserCounty":"Louth","isPSL":false,"privatePSL":false,"vehicleImageId":"6d78787d-9df1-4247-bc60-75fbe87995aa","imagecount":14,"advertiserName":"Jack Doran Motors","isTrade":true},{"advertId":"201309212674117","vehicleMake":"Skoda","vehicleModel":"Fabia","vehiclePriceEuro":5200,"vehicleYearOfManufacture":2006,"advertiserCounty":"Dublin","isPSL":true,"privatePSL":false,"imagecount":0,"isTrade":false},{"advertId":"201307212457232","vehicleMake":"Skoda","vehicleModel":"Fabia","vehicleDerivative":"Sport Sport","vehiclePriceEuro":5200,"vehicleYearOfManufacture":2006,"advertiserCounty":"Cork","isPSL":true,"privatePSL":false,"vehicleImageId":"13999320","imagecount":5,"isTrade":false},{"advertId":"31413534137923770","vehicleMake":"Skoda","vehicleModel":"Fabia","vehicleDerivative":"AMBIENTE 1.4 5DR 75BHP NG","vehiclePriceEuro":4950,"vehicleYearOfManufacture":2006,"advertiserCounty":"Tipperary","isPSL":false,"privatePSL":false,"vehicleImageId":"8e4d5556-f890-4fd7-ab2c-2919f2a1b1d1","imagecount":6,"advertiserName":"Three Bridges Motors","isTrade":true},{"advertId":"201242210533119","vehicleMake":"Skoda","vehicleModel":"Fabia","vehicleDerivative":"COMBI AMBIENTE 65BHP NG","vehiclePriceEuro":4900,"vehicleYearOfManufacture":2006,"advertiserCounty":"Wicklow","isPSL":true,"privatePSL":false,"vehicleImageId":"14053720","imagecount":4,"isTrade":false},{"advertId":"201251211494459","vehicleMake":"Skoda","vehicleModel":"Fabia","vehicleDerivative":"AMBIENTE 1.2 5DR 65BHP NG","vehiclePriceEuro":4500,"vehicleYearOfManufacture":2006,"advertiserCounty":"Sligo","isPSL":true,"privatePSL":false,"vehicleImageId":"13846753","imagecount":9,"isTrade":false},{"advertId":"6613357945581900","vehicleMake":"Skoda","vehicleModel":"Fabia","vehicleDerivative":"AMBIENTE 1.2 4DR 65HP NG","vehiclePriceEuro":4495,"vehicleYearOfManufacture":2006,"advertiserCounty":"Waterford","isPSL":false,"privatePSL":false,"vehicleImageId":"d0f2a8d6-a5c6-4d48-8b1d-1f3f76b00f7c","imagecount":3,"advertiserName":"Martin Barrett","isTrade":true},{"advertId":"201250211447943","vehicleMake":"Skoda","vehicleModel":"Fabia","vehicleDerivative":"AMBIENTE 1.2 5DR 55BHP NG","vehiclePriceEuro":3600,"vehicleYearOfManufacture":2006,"advertiserCounty":"Cork","isPSL":true,"privatePSL":false,"vehicleImageId":"14243502","imagecount":8,"isTrade":false},{"advertId":"6513370016024110","vehicleMake":"Skoda","vehicleModel":"Fabia","vehicleDerivative":"AMBIENTE 1.2 4DR 65HP NG","vehiclePriceEuro":3500,"vehicleYearOfManufacture":2006,"advertiserCounty":"Meath","isPSL":false,"privatePSL":false,"vehicleImageId":"0a838477-6354-4a77-b836-945d38ac80e0","imagecount":4,"advertiserName":"Autopoint Trim","isTrade":true},{"advertId":"31913557642067980","vehicleMake":"Skoda","vehicleModel":"Fabia","vehicleDerivative":"1.4l DIESEL","vehiclePriceEuro":6495,"vehicleYearOfManufacture":2005,"advertiserCounty":"Waterford","isPSL":false,"privatePSL":false,"vehicleImageId":"50a2d9f9-d42b-4a4c-9f70-0027605986b6","imagecount":11,"advertiserName":"Castletown Carsales","isTrade":true},{"advertId":"33413620476188870","vehicleMake":"Skoda","vehicleModel":"Fabia","vehicleDerivative":"COMB ELEGANCE 1.2 65HP COMBI 65BHP NG","vehiclePriceEuro":5750,"vehicleYearOfManufacture":2005,"advertiserCounty":"Cavan","isPSL":false,"privatePSL":false,"vehicleImageId":"4f16d4cf-bc0c-4931-a865-99618928ccb4","imagecount":5,"advertiserName":"Bradys Cavan","isTrade":true},{"advertId":"31813595455467850","vehicleMake":"Skoda","vehicleModel":"Fabia","vehicleDerivative":"AMBIENTE 1.4 TDI 75HPN 75HP NG","vehiclePriceEuro":5200,"vehicleYearOfManufacture":2005,"advertiserCounty":"Offaly","isPSL":false,"privatePSL":false,"vehicleImageId":"573a0cb7-9c13-4793-b098-3321c6623940","imagecount":10,"advertiserName":"Lawton & Foley Motors","isTrade":true},{"advertId":"31213468411068980","vehicleMake":"Skoda","vehicleModel":"Fabia","vehicleDerivative":"AMBIENTE 1.2 5DR 55BHP NG","vehiclePriceEuro":4950,"vehicleYearOfManufacture":2005,"advertiserCounty":"Dublin","isPSL":false,"privatePSL":false,"vehicleImageId":"cb6750ea-08b5-47de-8649-0bb63679ee90","imagecount":5,"advertiserName":"Terry Lilly Cars + Commercials","isTrade":true},{"advertId":"34313614685768620","vehicleMake":"Skoda","vehicleModel":"Fabia","vehicleDerivative":"AMBIENTE 1.2 LOW.MILEAGE","vehiclePriceEuro":4950,"vehicleYearOfManufacture":2005,"advertiserCounty":"Dublin","isPSL":true,"privatePSL":false,"vehicleImageId":"5e985633-540b-41d1-80bd-75fd87251a03","imagecount":10,"advertiserName":"Right Price Cars Airport","isTrade":true},{"advertId":"14713400226641000","vehicleMake":"Skoda","vehicleModel":"Fabia","vehicleDerivative":"COMBI AMBIENTE 65BHP NG *SPACIOUS*","vehiclePriceEuro":4750,"vehicleYearOfManufacture":2005,"advertiserCounty":"Tipperary","isPSL":false,"privatePSL":false,"vehicleImageId":"599f942f-b39a-4391-9a2d-571a3d147987","imagecount":8,"advertiserName":"Newport Motors Ltd","isTrade":true},{"advertId":"1213274261638300","vehicleMake":"Skoda","vehicleModel":"Fabia","vehicleDerivative":"AMBIENTE 1.2 5DR 55BHP NG","vehiclePriceEuro":4450,"vehicleYearOfManufacture":2005,"advertiserCounty":"Tipperary","isPSL":false,"privatePSL":false,"vehicleImageId":"c6be61a5-d47f-4ce0-9cbf-697fa3c6855b","imagecount":15,"advertiserName":"Newport Motors Ltd","isTrade":true},{"advertId":"30813535940521010","vehicleMake":"Skoda","vehicleModel":"Fabia","vehicleDerivative":"COMBI AMBIENTE 65BHP NG","vehiclePriceEuro":3950,"vehicleYearOfManufacture":2005,"advertiserCounty":"Cork","isPSL":false,"privatePSL":false,"vehicleImageId":"6eb647e8-b7b2-42bb-8ce2-5c838fc2d11d","imagecount":11,"advertiserName":"Airport Road Car Sales","isTrade":true},{"advertId":"34013622206924310","vehicleMake":"Skoda","vehicleModel":"Fabia","vehicleDerivative":"AMBIENTE 1.2 5DR 55BHP NG","vehiclePriceEuro":0,"vehicleYearOfManufacture":2005,"advertiserCounty":"Kildare","isPSL":false,"privatePSL":false,"vehicleImageId":"5dea8ae9-1afc-4b23-9126-93a6c3bb2091","imagecount":1,"advertiserName":"Monasterevin Motors (EST 1954) Isuzu Authorised Dealer","isTrade":true},{"advertId":"34113622220664320","vehicleMake":"Skoda","vehicleModel":"Fabia","vehicleDerivative":"1.2 HTP 55BHP AMBIENTE","vehiclePriceEuro":0,"vehicleYearOfManufacture":2005,"advertiserCounty":"Donegal","isPSL":false,"privatePSL":false,"vehicleImageId":"adbce85c-5795-49f0-b1e5-26eaa283e01e","imagecount":1,"advertiserName":"DMG Motors Ltd","isTrade":true},{"advertId":"32013581797409510","vehicleMake":"Skoda","vehicleModel":"Fabia","vehicleDerivative":"AMBIENTE 1.2 5DR 55BHP NG","vehiclePriceEuro":0,"vehicleYearOfManufacture":2005,"advertiserCounty":"Laois","isPSL":false,"privatePSL":false,"vehicleImageId":"5ae190f9-6126-4cc5-b754-69d19852ab2b","imagecount":4,"advertiserName":"Ballybrittas Motors","isTrade":true},{"advertId":"201250211384447","vehicleMake":"Skoda","vehicleModel":"Fabia","vehicleDerivative":"SALOON 1.2 COMFORT 65BHP","vehiclePriceEuro":4250,"vehicleYearOfManufacture":2004,"advertiserCounty":"Dublin","isPSL":true,"privatePSL":false,"imagecount":0,"isTrade":false},{"advertId":"33213617903889820","vehicleMake":"Skoda","vehicleModel":"Fabia","vehicleDerivative":"COMBI 1.2 COMFORT 65 BHP","vehiclePriceEuro":3950,"vehicleYearOfManufacture":2004,"advertiserCounty":"Dublin","isPSL":false,"privatePSL":false,"vehicleImageId":"719d48b2-38ae-4118-8137-0d93643b3c59","imagecount":12,"advertiserName":"Glasnevin Motor Group","isTrade":true},{"advertId":"33913613577897060","vehicleMake":"Skoda","vehicleModel":"Fabia","vehicleDerivative":"COMFORT 1.2LTR 55B 55BHP","vehiclePriceEuro":3950,"vehicleYearOfManufacture":2004,"advertiserCounty":"Sligo","isPSL":false,"privatePSL":false,"vehicleImageId":"4206f137-dfdf-43ef-b4d0-29be26116188","imagecount":4,"advertiserName":"McCormack Car Sales (Sligo)","isTrade":true},{"advertId":"32013549008974680","vehicleMake":"Skoda","vehicleModel":"Fabia","vehicleDerivative":"COMFORT 1.2 55BHP","vehiclePriceEuro":3750,"vehicleYearOfManufacture":2004,"advertiserCounty":"Cork","isPSL":false,"privatePSL":false,"vehicleImageId":"19befa4c-b941-4304-a4b4-24a2c55f9e20","imagecount":7,"advertiserName":"Jonathan O Brien Cars","isTrade":true},{"advertId":"32713588483647250","vehicleMake":"Skoda","vehicleModel":"Fabia","vehicleDerivative":"1.4 COMFORT Automatic 75 HP,call glenn on 0877963174","vehiclePriceEuro":3750,"vehicleYearOfManufacture":2004,"advertiserCounty":"Longford","isPSL":false,"privatePSL":false,"vehicleImageId":"d27895ba-b64c-42eb-967a-0f0ef1ba979f","imagecount":5,"advertiserName":"Michael Shaw Car Sales","isTrade":true},{"advertId":"32013546204516580","vehicleMake":"Skoda","vehicleModel":"Fabia","vehicleDerivative":"CLASSIC 1.2LTR 55B 55BHP","vehiclePriceEuro":3650,"vehicleYearOfManufacture":2004,"advertiserCounty":"Waterford","isPSL":false,"privatePSL":false,"vehicleImageId":"46d2baa7-9391-4b4f-9f02-324e23b65105","imagecount":3,"advertiserName":"Martin Barrett","isTrade":true},{"advertId":"31713542281723150","vehicleMake":"Skoda","vehicleModel":"Fabia","vehicleDerivative":"COMFORT 1.2LTR 55B 55BHP","vehiclePriceEuro":3400,"vehicleYearOfManufacture":2004,"advertiserCounty":"Sligo","isPSL":false,"privatePSL":false,"vehicleImageId":"5551ba82-37aa-451b-aa61-44161d80a09f","imagecount":6,"advertiserName":"Currid Motors","isTrade":true},{"advertId":"201246210973450","vehicleMake":"Skoda","vehicleModel":"Fabia","vehicleDerivative":"CLASSIC 1.2LTR 55B 55BHP","vehiclePriceEuro":3300,"vehicleYearOfManufacture":2004,"advertiserCounty":"Wicklow","isPSL":true,"privatePSL":false,"vehicleImageId":"14138490","imagecount":6,"isTrade":false},{"advertId":"32913613544767720","vehicleMake":"Skoda","vehicleModel":"Fabia","vehicleDerivative":"COMFORT 55BHP 05DR","vehiclePriceEuro":4450,"vehicleYearOfManufacture":2003,"advertiserCounty":"Dublin","isPSL":true,"privatePSL":false,"vehicleImageId":"20f96a7a-82f4-42d6-a581-632516328ad0","imagecount":9,"advertiserName":"Autostation","isTrade":true},{"advertId":"34213612975917990","vehicleMake":"Skoda","vehicleModel":"Fabia","vehicleDerivative":"CLASSIC 1.2 ONLY NOW SOLD","vehiclePriceEuro":3695,"vehicleYearOfManufacture":2003,"advertiserCounty":"Dublin","isPSL":false,"privatePSL":false,"vehicleImageId":"33fb2ecf-4c8d-4fc4-8998-f5a4d9d9d9b5","imagecount":6,"advertiserName":"Mark Walsh Motors","isTrade":true},{"advertId":"201245210905339","vehicleMake":"Skoda","vehicleModel":"Fabia","vehicleDerivative":"COMFORT 1.2 55BHP","vehiclePriceEuro":3500,"vehicleYearOfManufacture":2003,"advertiserCounty":"Dublin","isPSL":true,"privatePSL":false,"vehicleImageId":"14122178","imagecount":3,"isTrade":false},{"advertId":"31113595478866370","vehicleMake":"Skoda","vehicleModel":"Fabia","vehicleDerivative":"COMFORT 1.2**62K miles**NCT 02/14*","vehiclePriceEuro":3350,"vehicleYearOfManufacture":2003,"advertiserCounty":"Dublin","isPSL":false,"privatePSL":false,"vehicleImageId":"1b5151b9-af65-4a34-b4fe-a5f3e9488796","imagecount":4,"advertiserName":"Motor Range Naas Road","isTrade":true},{"advertId":"31913595678206690","vehicleMake":"Skoda","vehicleModel":"Fabia","vehicleDerivative":"COMFORT**62k miles**New NCT*","vehiclePriceEuro":3350,"vehicleYearOfManufacture":2003,"advertiserCounty":"Dublin","isPSL":false,"privatePSL":false,"vehicleImageId":"6df61a58-250c-454f-867e-f68758994374","imagecount":4,"advertiserName":"Motor Range Naas Road","isTrade":true},{"advertId":"33213620649310360","vehicleMake":"Skoda","vehicleModel":"Fabia","vehicleDerivative":"COMFORT 1.2 55BHP(NEW NCT 3-2014)2 KEYS/ALL ELECTRIC/SIMI APPROVED DEALER 2013..","vehiclePriceEuro":3250,"vehicleYearOfManufacture":2003,"advertiserCounty":"Dublin","isPSL":false,"privatePSL":false,"vehicleImageId":"812d8dfb-01f8-4fe9-b18c-81334f1ffdb1","imagecount":4,"advertiserName":"Brogan Motors","isTrade":true},{"advertId":"31413596445411740","vehicleMake":"Skoda","vehicleModel":"Fabia","vehicleDerivative":"COMFORT 1.2 55BHP","vehiclePriceEuro":2750,"vehicleYearOfManufacture":2003,"advertiserCounty":"Longford","isPSL":false,"privatePSL":false,"vehicleImageId":"85dc0f69-699b-4375-b514-94f2f5b7e20a","imagecount":4,"advertiserName":"Michael Shaw Car Sales","isTrade":true},{"advertId":"201247211120385","vehicleMake":"Skoda","vehicleModel":"Fabia","vehicleDerivative":"COMBI 1.4 COMFORT","vehiclePriceEuro":2750,"vehicleYearOfManufacture":2003,"advertiserCounty":"Dublin","isPSL":true,"privatePSL":false,"imagecount":0,"isTrade":false},{"advertId":"201303211960042","vehicleMake":"Skoda","vehicleModel":"Fabia","vehicleDerivative":"CLASSIC 05DR","vehiclePriceEuro":2700,"vehicleYearOfManufacture":2003,"advertiserCounty":"Galway","isPSL":true,"privatePSL":false,"vehicleImageId":"13903816","imagecount":4,"isTrade":false},{"advertId":"31713590395236500","vehicleMake":"Skoda","vehicleModel":"Fabia","vehicleDerivative":"COMFORT 1.2 55BHP ","vehiclePriceEuro":2250,"vehicleYearOfManufacture":2003,"advertiserCounty":"Galway","isPSL":false,"privatePSL":false,"vehicleImageId":"3ad82be1-dd99-43d9-89c2-653b241aa154","imagecount":10,"advertiserName":"The Woodland Motor Company","isTrade":true},{"advertId":"201251211518307","vehicleMake":"Skoda","vehicleModel":"Fabia","vehicleDerivative":"SALOON 1.9 SDI 1.9SDI COMFORT 04DR","vehiclePriceEuro":2000,"vehicleYearOfManufacture":2003,"advertiserCounty":"Longford","isPSL":true,"privatePSL":false,"vehicleImageId":"13451879","imagecount":6,"isTrade":false},{"advertId":"201309212649677","vehicleMake":"Skoda","vehicleModel":"Fabia","vehicleDerivative":"SALOON 1.4 CLASSIC","vehiclePriceEuro":1850,"vehicleYearOfManufacture":2003,"advertiserCounty":"Dublin","isPSL":true,"privatePSL":false,"vehicleImageId":"14370899","imagecount":5,"isTrade":false},{"advertId":"32113577378156120","vehicleMake":"Skoda","vehicleModel":"Fabia","vehicleDerivative":"COMFORT 1.2","vehiclePriceEuro":1995,"vehicleYearOfManufacture":2002,"advertiserCounty":"Dublin","isPSL":true,"privatePSL":false,"vehicleImageId":"7ed1196e-21bd-4748-b21c-3686904efec8","imagecount":2,"advertiserName":"A S Cars","isTrade":true},{"advertId":"201307212433045","vehicleMake":"Skoda","vehicleModel":"Fabia","vehiclePriceEuro":1750,"vehicleYearOfManufacture":2002,"advertiserCounty":"Tipperary","isPSL":true,"privatePSL":false,"vehicleImageId":"14006873","imagecount":8,"isTrade":false},{"advertId":"201301211800500","vehicleMake":"Skoda","vehicleModel":"Fabia","vehicleDerivative":"CLASSIC 05DR","vehiclePriceEuro":1700,"vehicleYearOfManufacture":2002,"advertiserCounty":"Meath","isPSL":true,"privatePSL":false,"vehicleImageId":"13874214","imagecount":3,"isTrade":false},{"advertId":"32713597370219870","vehicleMake":"Skoda","vehicleModel":"Fabia","vehicleDerivative":"1.4 CLASSIC (NCT-01-2014 TAX-06-2013)","vehiclePriceEuro":1495,"vehicleYearOfManufacture":2002,"advertiserCounty":"Dublin","isPSL":true,"privatePSL":false,"vehicleImageId":"9dd7483c-f623-4363-a020-47dae095d29a","imagecount":6,"advertiserName":"Green Isle Autos Ltd.","isTrade":true},{"advertId":"201248211193308","vehicleMake":"Skoda","vehicleModel":"Fabia","vehicleDerivative":"1.9 SDI CLASSIC","vehiclePriceEuro":2200,"vehicleYearOfManufacture":2001,"advertiserCounty":"Galway","isPSL":true,"privatePSL":false,"vehicleImageId":"14174292","imagecount":7,"isTrade":false}],"totalAdvertCount":45174}