{"adverts":[{"advertId":"34013609247596390","vehicleMake":"Citroen","vehicleModel":"C4 Grand Picasso","vehicleDerivative":"1.6 VTR + Automatic  ","vehiclePriceEuro":14950,"vehicleYearOfManufacture":2010,"advertiserCounty":"Dublin","isPSL":false,"privatePSL":false,"vehicleImageId":"cfdbf743-fcb7-4dfe-bc5d-86631cc71f35","imagecount":12,"advertiserName":"Michael Tynan Motors","isTrade":true},{"advertId":"30813539330122050","vehicleMake":"Citroen","vehicleModel":"C4 Grand Picasso","vehicleDerivative":"VTR Plus HDI EGS","vehiclePriceEuro":14950,"vehicleYearOfManufacture":2010,"advertiserCounty":"Roscommon","isPSL":false,"privatePSL":false,"vehicleImageId":"9900bfcf-4b5a-4c6e-bd63-170c355816c0","imagecount":8,"advertiserName":"Naughtons Car Sales","isTrade":true},{"advertId":"31713506510235300","vehicleMake":"Citroen","vehicleModel":"C4 Grand Picasso","vehicleDerivative":"1.6 HDi VTR+ Auto 7 Seater - Trade Ins Welcome / Scrappage Deals Available / Finance Arranged ","vehiclePriceEuro":14950,"vehicleYearOfManufacture":2010,"advertiserCounty":"Dublin","isPSL":false,"privatePSL":false,"vehicleImageId":"1755c872-9b18-408d-8168-0e1a069a91ea","imagecount":5,"advertiserName":"Naas Road Autos","isTrade":true},{"advertId":"8913394226593690","vehicleMake":"Citroen","vehicleModel":"C4 Grand Picasso","vehicleDerivative":"1.6 VTR  +","vehiclePriceEuro":14500,"vehicleYearOfManufacture":2010,"advertiserCounty":"Tipperary","isPSL":true,"privatePSL":false,"vehicleImageId":"95ec0de7-3404-486d-a10b-42723be0a2ff","imagecount":10,"advertiserName":"Mordaunt Group","isTrade":true},{"advertId":"29613486907565470","vehicleMake":"Citroen","vehicleModel":"C4 Grand Picasso","vehicleDerivative":"1.6HDi VTR+ EGS - One Owner..Low Tax €280..Up to 65mpg..Full Citroen Service History","vehiclePriceEuro":14500,"vehicleYearOfManufacture":2010,"advertiserCounty":"Dublin","isPSL":false,"privatePSL":false,"vehicleImageId":"06979758-eaf6-4d94-b283-5d6e4551e166","imagecount":18,"advertiserName":"Kevin Barry Motors Ltd","isTrade":true},{"advertId":"5913331942668910","vehicleMake":"Citroen","vehicleModel":"C4 Grand Picasso","vehicleDerivative":"1.6 HDi VTR+ AUTOMATIC...7 SEATS..€280 TAX..FULL CITROEN SERVICE HISTORY..LOVELY CONDITION","vehiclePriceEuro":14450,"vehicleYearOfManufacture":2010,"advertiserCounty":"Dublin","isPSL":false,"privatePSL":false,"vehicleImageId":"3b1006e6-47a2-40a4-bec9-53630f83dc1e","imagecount":8,"advertiserName":"John Hayes Cars","isTrade":true},{"advertId":"31913547471893840","vehicleMake":"Citroen","vehicleModel":"C4 Grand Picasso","vehicleDerivative":"vtr 1.6 hdi diesel 7 seater 37000 miles.","vehiclePriceEuro":14450,"vehicleYearOfManufacture":2010,"advertiserCounty":"Dublin","isPSL":false,"privatePSL":false,"vehicleImageId":"7dc65a24-15e2-4f27-81d4-52e347367bcb","imagecount":11,"advertiserName":"BG Autos","isTrade":true},{"advertId":"201306212299059","vehicleMake":"Citroen","vehicleModel":"C4 Grand Picasso","vehicleDerivative":"1.6 HDI VTR +","vehiclePriceEuro":14250,"vehicleYearOfManufacture":2010,"advertiserCounty":"Cavan","isPSL":true,"privatePSL":false,"vehicleImageId":"14366490","imagecount":8,"isTrade":false},{"advertId":"30213446963526500","vehicleMake":"Citroen","vehicleModel":"C4 Grand Picasso","vehicleDerivative":"1.6HDI 110HP VTR+ 5DR","vehiclePriceEuro":0,"vehicleYearOfManufacture":2010,"advertiserCounty":"Carlow","isPSL":false,"privatePSL":false,"vehicleImageId":"d9aef7db-3ba7-44b5-8453-52a5b55b73a9","imagecount":20,"advertiserName":"Active Cars (Pratts Citroen & Subaru)","isTrade":true},{"advertId":"31413595883201020","vehicleMake":"Citroen","vehicleModel":"C4 Grand Picasso","vehicleDerivative":"ONLY €65 WEEKLY ON OUR SPECIAL FINANCE OFFER","vehiclePriceEuro":0,"vehicleYearOfManufacture":2010,"advertiserCounty":"Wexford","isPSL":false,"privatePSL":false,"vehicleImageId":"a30e9409-9661-4977-8e8a-e32c5c93a080","imagecount":9,"advertiserName":"Hugh Boggan Motors Ltd (Newtown Road)","isTrade":true},{"advertId":"34313613835603320","vehicleMake":"Citroen","vehicleModel":"C4 Grand Picasso","vehicleDerivative":"1.6 HDI, VTR+  Manual.  Road Tax €280 p/a.  Full Citroen main Dealer Service History from new!!!","vehiclePriceEuro":0,"vehicleYearOfManufacture":2010,"advertiserCounty":"Dublin","isPSL":true,"privatePSL":false,"imagecount":0,"advertiserName":"Motoright Ltd.","isTrade":true},{"advertId":"33913606036856430","vehicleMake":"Citroen","vehicleModel":"C4 Grand Picasso","vehicleDerivative":"VTR+ AUTOMATIC Diesel.   Annual Road Tax only €280!!!","vehiclePriceEuro":0,"vehicleYearOfManufacture":2010,"advertiserCounty":"Dublin","isPSL":true,"privatePSL":false,"vehicleImageId":"015212b7-467c-4473-89d7-1f901eb14df0","imagecount":9,"advertiserName":"Motoright Ltd.","isTrade":true},{"advertId":"131176499111880","vehicleMake":"Citroen","vehicleModel":"C4 Grand Picasso","vehicleDerivative":"1.6HDi VTR+ ","vehiclePriceEuro":16950,"vehicleYearOfManufacture":2009,"advertiserCounty":"Cork","isPSL":true,"privatePSL":false,"vehicleImageId":"a816f9a2-e53a-4a35-ad55-4a16af155367","imagecount":20,"advertiserName":"Cashman Car Sales","isTrade":true},{"advertId":"33213612050615870","vehicleMake":"Citroen","vehicleModel":"C4 Grand Picasso","vehicleDerivative":"1.6 HDI 7 SEATS","vehiclePriceEuro":15950,"vehicleYearOfManufacture":2009,"advertiserCounty":"Mayo","isPSL":false,"privatePSL":false,"vehicleImageId":"cebf2428-7493-4f05-9e22-6527cda0f734","imagecount":10,"advertiserName":"Cosgraves Garage Ltd","isTrade":true},{"advertId":"32013588507430840","vehicleMake":"Citroen","vehicleModel":"C4 Grand Picasso","vehicleDerivative":"1.6 HDI PRIVILEGE ","vehiclePriceEuro":15950,"vehicleYearOfManufacture":2009,"advertiserCounty":"Dublin","isPSL":false,"privatePSL":false,"vehicleImageId":"7457639e-282d-45ba-aa4a-2360c132d8fa","imagecount":9,"advertiserName":"Bluebell Motor Company","isTrade":true},{"advertId":"30813487615405420","vehicleMake":"Citroen","vehicleModel":"C4 Grand Picasso","vehicleDerivative":"7 Seater","vehiclePriceEuro":15950,"vehicleYearOfManufacture":2009,"advertiserCounty":"Dublin","isPSL":false,"privatePSL":false,"vehicleImageId":"775448c4-bfc0-4354-b828-47359b5f57b8","imagecount":15,"advertiserName":"Koping","isTrade":true},{"advertId":"34213606639245480","vehicleMake":"Citroen","vehicleModel":"C4 Grand Picasso","vehicleDerivative":"1.6 Hdi VTR+ 7 Seats","vehiclePriceEuro":15950,"vehicleYearOfManufacture":2009,"advertiserCounty":"Dublin","isPSL":true,"privatePSL":false,"vehicleImageId":"36815d7e-cf2b-486e-bcb3-d851918cc48d","imagecount":12,"advertiserName":"Gowan Motors Merrion","isTrade":true},{"advertId":"32113572186951900","vehicleMake":"Citroen","vehicleModel":"C4 Grand Picasso","vehicleDerivative":"1.6 Hdi VTR+ 7 Seats","vehiclePriceEuro":15950,"vehicleYearOfManufacture":2009,"advertiserCounty":"Dublin","isPSL":true,"privatePSL":false,"vehicleImageId":"bb30bcf3-0761-4baa-8e03-ea29c5f8ea61","imagecount":10,"advertiserName":"Gowan Motors Navan Road","isTrade":true},{"advertId":"32913605990760390","vehicleMake":"Citroen","vehicleModel":"C4 Grand Picasso","vehicleDerivative":"1.6 Hdi VTR+ 7 Seats","vehiclePriceEuro":15950,"vehicleYearOfManufacture":2009,"advertiserCounty":"Dublin","isPSL":true,"privatePSL":false,"vehicleImageId":"918bae1b-29bd-4f7e-9c1e-521864d2b6cd","imagecount":11,"advertiserName":"Gowan Motors Dun Laoghaire","isTrade":true},{"advertId":"31913572186951980","vehicleMake":"Citroen","vehicleModel":"C4 Grand Picasso","vehicleDerivative":"1.6 Hdi VTR+ 7 Seats Auto","vehiclePriceEuro":15950,"vehicleYearOfManufacture":2009,"advertiserCounty":"Dublin","isPSL":true,"privatePSL":false,"vehicleImageId":"702796a4-6348-4fe6-85d0-9f2b78ab4444","imagecount":11,"advertiserName":"Gowan Motors Navan Road","isTrade":true},{"advertId":"33213609460542040","vehicleMake":"Citroen","vehicleModel":"C4 Grand Picasso","vehicleDerivative":"1.6 Hdi VTR+ 7 Seats Auto","vehiclePriceEuro":15950,"vehicleYearOfManufacture":2009,"advertiserCounty":"Dublin","isPSL":true,"privatePSL":false,"vehicleImageId":"69d1e320-4dd0-44d6-92a6-e528ba229d0c","imagecount":8,"advertiserName":"Gowan Motors Merrion","isTrade":true},{"advertId":"32913612150358180","vehicleMake":"Citroen","vehicleModel":"C4 Grand Picasso","vehicleDerivative":"1.6 Hdi VTR+ 7 Seats Auto","vehiclePriceEuro":15950,"vehicleYearOfManufacture":2009,"advertiserCounty":"Dublin","isPSL":true,"privatePSL":false,"vehicleImageId":"f4b15b80-59c8-493f-b6e9-4d27a9878824","imagecount":12,"advertiserName":"Gowan Motors Dun Laoghaire","isTrade":true},{"advertId":"31413571322994310","vehicleMake":"Citroen","vehicleModel":"C4 Grand Picasso","vehicleDerivative":"1.6 Hdi VTR+ 7 Seats Auto","vehiclePriceEuro":15950,"vehicleYearOfManufacture":2009,"advertiserCounty":"Dublin","isPSL":true,"privatePSL":false,"vehicleImageId":"a3a40aae-38d1-4b0d-ba5a-6991fdf63acf","imagecount":12,"advertiserName":"Gowan Motors Navan Road","isTrade":true},{"advertId":"31713559226704320","vehicleMake":"Citroen","vehicleModel":"C4 Grand Picasso","vehicleDerivative":"1.6 Hdi VTR+ 7 Seats Auto","vehiclePriceEuro":15950,"vehicleYearOfManufacture":2009,"advertiserCounty":"Dublin","isPSL":true,"privatePSL":false,"vehicleImageId":"a21ddbc9-1093-4b59-8163-a15a791cb220","imagecount":10,"advertiserName":"Gowan Motors Navan Road","isTrade":true},{"advertId":"33413612150362770","vehicleMake":"Citroen","vehicleModel":"C4 Grand Picasso","vehicleDerivative":"1.6 Hdi VTR+ 7 Seats Auto","vehiclePriceEuro":15950,"vehicleYearOfManufacture":2009,"advertiserCounty":"Dublin","isPSL":true,"privatePSL":false,"vehicleImageId":"7c7e6a68-23c3-4e0d-848c-32dfa30323ec","imagecount":6,"advertiserName":"Gowan Motors Dun Laoghaire","isTrade":true},{"advertId":"32013553040113210","vehicleMake":"Citroen","vehicleModel":"C4 Grand Picasso","vehicleDerivative":"1.6 Hdi VTR+ 7 Seats Auto","vehiclePriceEuro":15950,"vehicleYearOfManufacture":2009,"advertiserCounty":"Dublin","isPSL":true,"privatePSL":false,"vehicleImageId":"2ccff091-db22-49ce-9fdd-e455c8ea2a82","imagecount":9,"advertiserName":"Gowan Motors Navan Road","isTrade":true},{"advertId":"33913609460546340","vehicleMake":"Citroen","vehicleModel":"C4 Grand Picasso","vehicleDerivative":"1.6 Hdi VTR+ 7 Seats Auto","vehiclePriceEuro":15950,"vehicleYearOfManufacture":2009,"advertiserCounty":"Dublin","isPSL":true,"privatePSL":false,"vehicleImageId":"331074ed-5cb5-4a20-b302-d950f0394ee9","imagecount":6,"advertiserName":"Gowan Motors Merrion","isTrade":true},{"advertId":"34113609460544670","vehicleMake":"Citroen","vehicleModel":"C4 Grand Picasso","vehicleDerivative":"1.6 Hdi VTR+ 7 Seats Auto","vehiclePriceEuro":15950,"vehicleYearOfManufacture":2009,"advertiserCounty":"Dublin","isPSL":true,"privatePSL":false,"vehicleImageId":"b868b2a6-98a2-4c54-9d29-3499285103e7","imagecount":2,"advertiserName":"Gowan Motors Merrion","isTrade":true},{"advertId":"32913598090628800","vehicleMake":"Citroen","vehicleModel":"C4 Grand Picasso","vehicleDerivative":"1.6HDi VTR + Auto 7 Seater","vehiclePriceEuro":15750,"vehicleYearOfManufacture":2009,"advertiserCounty":"Dublin","isPSL":true,"privatePSL":false,"vehicleImageId":"0eec4688-0208-4e4c-87e1-4bd58e67fdae","imagecount":9,"advertiserName":"Fairview Motors","isTrade":true},{"advertId":"201249211320162","vehicleMake":"Citroen","vehicleModel":"C4 Grand Picasso","vehicleDerivative":"1.6HDI 5DR 110 BHP","vehiclePriceEuro":15750,"vehicleYearOfManufacture":2009,"advertiserCounty":"Donegal","isPSL":true,"privatePSL":false,"vehicleImageId":"14195036","imagecount":9,"isTrade":false},{"advertId":"31713572186950610","vehicleMake":"Citroen","vehicleModel":"C4 Grand Picasso","vehicleDerivative":"1.6 Hdi VTR+ 7 Seats","vehiclePriceEuro":15750,"vehicleYearOfManufacture":2009,"advertiserCounty":"Dublin","isPSL":true,"privatePSL":false,"vehicleImageId":"6af28b54-61f7-49e4-889c-55919af84f5f","imagecount":9,"advertiserName":"Gowan Motors Navan Road","isTrade":true},{"advertId":"34213612150361170","vehicleMake":"Citroen","vehicleModel":"C4 Grand Picasso","vehicleDerivative":"1.6 Hdi VTR+ 7 Seats","vehiclePriceEuro":15750,"vehicleYearOfManufacture":2009,"advertiserCounty":"Dublin","isPSL":true,"privatePSL":false,"vehicleImageId":"e8fa6b84-a767-48f0-a51d-6e3673b151b6","imagecount":9,"advertiserName":"Gowan Motors Dun Laoghaire","isTrade":true},{"advertId":"33413618194805380","vehicleMake":"Citroen","vehicleModel":"C4 Grand Picasso","vehicleDerivative":"1.6 Hdi VTR+ 7 Seats","vehiclePriceEuro":15750,"vehicleYearOfManufacture":2009,"advertiserCounty":"Dublin","isPSL":true,"privatePSL":false,"vehicleImageId":"7f6c4ad6-4c54-4971-b599-37654af5323b","imagecount":13,"advertiserName":"Gowan Motors Merrion","isTrade":true},{"advertId":"34213609460545770","vehicleMake":"Citroen","vehicleModel":"C4 Grand Picasso","vehicleDerivative":"1.6 Hdi VTR+ 7 Seats Auto","vehiclePriceEuro":15750,"vehicleYearOfManufacture":2009,"advertiserCounty":"Dublin","isPSL":true,"privatePSL":false,"vehicleImageId":"31ecadd7-a153-4463-a596-d771ed385c49","imagecount":12,"advertiserName":"Gowan Motors Merrion","isTrade":true},{"advertId":"31813572186943550","vehicleMake":"Citroen","vehicleModel":"C4 Grand Picasso","vehicleDerivative":"1.6 Hdi VTR+ 7 Seats Auto","vehiclePriceEuro":15750,"vehicleYearOfManufacture":2009,"advertiserCounty":"Dublin","isPSL":true,"privatePSL":false,"vehicleImageId":"9dae2b85-f973-4134-96d9-4b2bfc8a9fb2","imagecount":10,"advertiserName":"Gowan Motors Navan Road","isTrade":true},{"advertId":"34313609460546230","vehicleMake":"Citroen","vehicleModel":"C4 Grand Picasso","vehicleDerivative":"1.6 Hdi VTR+ 7 Seats Auto","vehiclePriceEuro":15750,"vehicleYearOfManufacture":2009,"advertiserCounty":"Dublin","isPSL":true,"privatePSL":false,"vehicleImageId":"a732f018-5482-4f28-beb4-f2cf45ad97bf","imagecount":11,"advertiserName":"Gowan Motors Merrion","isTrade":true},{"advertId":"31913571322995110","vehicleMake":"Citroen","vehicleModel":"C4 Grand Picasso","vehicleDerivative":"1.6 Hdi VTR+ 7 Seats Auto","vehiclePriceEuro":15750,"vehicleYearOfManufacture":2009,"advertiserCounty":"Dublin","isPSL":true,"privatePSL":false,"vehicleImageId":"52d91f72-ff0d-4651-99c1-1de278a8b94f","imagecount":11,"advertiserName":"Gowan Motors Navan Road","isTrade":true},{"advertId":"34013609460547530","vehicleMake":"Citroen","vehicleModel":"C4 Grand Picasso","vehicleDerivative":"1.6 Hdi VTR+ 7 Seats Auto","vehiclePriceEuro":15750,"vehicleYearOfManufacture":2009,"advertiserCounty":"Dublin","isPSL":true,"privatePSL":false,"vehicleImageId":"8e07af96-fed8-4426-880f-b216868e7a24","imagecount":13,"advertiserName":"Gowan Motors Merrion","isTrade":true},{"advertId":"31413580176917720","vehicleMake":"Citroen","vehicleModel":"C4 Grand Picasso","vehicleDerivative":"1.6 HDI VTR+ EGS","vehiclePriceEuro":15500,"vehicleYearOfManufacture":2009,"advertiserCounty":"Galway","isPSL":true,"privatePSL":false,"vehicleImageId":"d6e857e5-f6f6-4f22-a69f-74e8b94f7cb0","imagecount":6,"advertiserName":"Kenny Galway","isTrade":true},{"advertId":"31813580174245740","vehicleMake":"Citroen","vehicleModel":"C4 Grand Picasso","vehicleDerivative":"1.6HDI VTR+ EGS","vehiclePriceEuro":15500,"vehicleYearOfManufacture":2009,"advertiserCounty":"Galway","isPSL":true,"privatePSL":false,"vehicleImageId":"bab8d98c-4ce6-4eb8-8935-3b828169443d","imagecount":6,"advertiserName":"Kenny Galway","isTrade":true},{"advertId":"31713501305963170","vehicleMake":"Citroen","vehicleModel":"C4 Grand Picasso","vehicleDerivative":"vtr plus 7 seater","vehiclePriceEuro":15500,"vehicleYearOfManufacture":2009,"advertiserCounty":"Clare","isPSL":false,"privatePSL":false,"vehicleImageId":"51113ebd-2e4e-4f88-9bbd-3f06e3bd0359","imagecount":8,"advertiserName":"David Murphy Car Sales","isTrade":true},{"advertId":"31513561845456200","vehicleMake":"Citroen","vehicleModel":"C4 Grand Picasso","vehicleDerivative":"VTR-PLUS","vehiclePriceEuro":15495,"vehicleYearOfManufacture":2009,"advertiserCounty":"Dublin","isPSL":false,"privatePSL":false,"vehicleImageId":"9e0ec82f-4ec8-452e-bfbf-d70b04d94f84","imagecount":13,"advertiserName":"Windsor Belgard","isTrade":true},{"advertId":"32013561845461630","vehicleMake":"Citroen","vehicleModel":"C4 Grand Picasso","vehicleDerivative":"VTR-PLUS","vehiclePriceEuro":15495,"vehicleYearOfManufacture":2009,"advertiserCounty":"Dublin","isPSL":false,"privatePSL":false,"vehicleImageId":"dc6c2e13-f5f4-42a0-9d51-598380a36994","imagecount":15,"advertiserName":"Windsor Belgard","isTrade":true},{"advertId":"34313600840495900","vehicleMake":"Citroen","vehicleModel":"C4 Grand Picasso","vehicleDerivative":"1.6 HDI AUTO 7 (THIS WEEKEND STRAIGHT SALE PRICE )","vehiclePriceEuro":15495,"vehicleYearOfManufacture":2009,"advertiserCounty":"Dublin","isPSL":false,"privatePSL":false,"vehicleImageId":"76efa248-a2b8-42d4-ad78-e5b3b54b4fc7","imagecount":11,"advertiserName":"Windsor Raheny","isTrade":true},{"advertId":"31813561845469680","vehicleMake":"Citroen","vehicleModel":"C4 Grand Picasso","vehicleDerivative":"VTR-PLUS","vehiclePriceEuro":15495,"vehicleYearOfManufacture":2009,"advertiserCounty":"Dublin","isPSL":false,"privatePSL":false,"vehicleImageId":"1b30c32f-e9e7-4d7f-8a9c-1d02ad0ba08c","imagecount":15,"advertiserName":"Windsor Belgard","isTrade":true},{"advertId":"30813535947967430","vehicleMake":"Citroen","vehicleModel":"C4 Grand Picasso","vehicleDerivative":"Picasso 1.6 Hdi VTR+ 7 Seats Auto","vehiclePriceEuro":15450,"vehicleYearOfManufacture":2009,"advertiserCounty":"Dublin","isPSL":true,"privatePSL":false,"vehicleImageId":"50435e8f-a73f-47e8-9d97-3590d89e3d3e","imagecount":9,"advertiserName":"Gowan Motors Dun Laoghaire","isTrade":true},{"advertId":"31413535947915820","vehicleMake":"Citroen","vehicleModel":"C4 Grand Picasso","vehicleDerivative":"1.6 Hdi VTR+ 7 Seats","vehiclePriceEuro":15450,"vehicleYearOfManufacture":2009,"advertiserCounty":"Dublin","isPSL":true,"privatePSL":false,"vehicleImageId":"65098728-17c0-4c4d-aa99-4a8589e9bbd0","imagecount":10,"advertiserName":"Gowan Motors Navan Road","isTrade":true},{"advertId":"34213615386806250","vehicleMake":"Citroen","vehicleModel":"C4 Grand Picasso","vehicleDerivative":"1.6 Hdi VTR+ 7 Seats","vehiclePriceEuro":15450,"vehicleYearOfManufacture":2009,"advertiserCounty":"Dublin","isPSL":true,"privatePSL":false,"vehicleImageId":"ad4397ea-c32b-4b6c-a812-3ecd7ec7534a","imagecount":5,"advertiserName":"Gowan Motors Merrion","isTrade":true},{"advertId":"34013612150355480","vehicleMake":"Citroen","vehicleModel":"C4 Grand Picasso","vehicleDerivative":"1.6 Hdi VTR+ 7 Seats Auto","vehiclePriceEuro":15450,"vehicleYearOfManufacture":2009,"advertiserCounty":"Dublin","isPSL":true,"privatePSL":false,"vehicleImageId":"59bca378-9aa8-4e46-a232-e54399e13fd3","imagecount":11,"advertiserName":"Gowan Motors Dun Laoghaire","isTrade":true},{"advertId":"33913609460544940","vehicleMake":"Citroen","vehicleModel":"C4 Grand Picasso","vehicleDerivative":"1.6 Hdi VTR+ 7 Seats Auto","vehiclePriceEuro":15450,"vehicleYearOfManufacture":2009,"advertiserCounty":"Dublin","isPSL":true,"privatePSL":false,"vehicleImageId":"a78beb08-3aec-4cae-9352-5263bf33ea40","imagecount":11,"advertiserName":"Gowan Motors Merrion","isTrade":true},{"advertId":"31513571322993830","vehicleMake":"Citroen","vehicleModel":"C4 Grand Picasso","vehicleDerivative":"1.6 Hdi VTR+ 7 Seats Auto","vehiclePriceEuro":15450,"vehicleYearOfManufacture":2009,"advertiserCounty":"Dublin","isPSL":true,"privatePSL":false,"vehicleImageId":"19f45aba-db0f-4b38-8e53-e8cbcc25fe70","imagecount":11,"advertiserName":"Gowan Motors Navan Road","isTrade":true},{"advertId":"31113582034093220","vehicleMake":"Citroen","vehicleModel":"C4 Grand Picasso","vehicleDerivative":"1.6 HDI VTR+ EGS","vehiclePriceEuro":15250,"vehicleYearOfManufacture":2009,"advertiserCounty":"Laois","isPSL":false,"privatePSL":false,"vehicleImageId":"267ece41-1e69-49e3-94e9-00caae7e9b18","imagecount":10,"advertiserName":"Noel Whelan Car Sales","isTrade":true},{"advertId":"31413572186944390","vehicleMake":"Citroen","vehicleModel":"C4 Grand Picasso","vehicleDerivative":"1.6 Hdi VTR+ 7 Seats Auto","vehiclePriceEuro":15250,"vehicleYearOfManufacture":2009,"advertiserCounty":"Dublin","isPSL":true,"privatePSL":false,"vehicleImageId":"5b143e3b-d9fc-4fc1-aec8-e57c54562648","imagecount":10,"advertiserName":"Gowan Motors Navan Road","isTrade":true},{"advertId":"33413609460545200","vehicleMake":"Citroen","vehicleModel":"C4 Grand Picasso","vehicleDerivative":"1.6 Hdi VTR+ 7 Seats Auto","vehiclePriceEuro":15250,"vehicleYearOfManufacture":2009,"advertiserCounty":"Dublin","isPSL":true,"privatePSL":false,"vehicleImageId":"144156af-e8ee-47f0-90bf-a1aaf364cb33","imagecount":10,"advertiserName":"Gowan Motors Merrion","isTrade":true},{"advertId":"32013572186940490","vehicleMake":"Citroen","vehicleModel":"C4 Grand Picasso","vehicleDerivative":"1.6 Hdi VTR+ 7 Seats Auto","vehiclePriceEuro":15250,"vehicleYearOfManufacture":2009,"advertiserCounty":"Dublin","isPSL":true,"privatePSL":false,"vehicleImageId":"7f4faec2-589c-4d45-9b13-de302864c00d","imagecount":10,"advertiserName":"Gowan Motors Navan Road","isTrade":true},{"advertId":"33413611831799050","vehicleMake":"Citroen","vehicleModel":"C4 Grand Picasso","vehicleDerivative":"1.6 Hdi VTR+ 7 Seats Auto","vehiclePriceEuro":15250,"vehicleYearOfManufacture":2009,"advertiserCounty":"Dublin","isPSL":true,"privatePSL":false,"vehicleImageId":"8bc8a4dd-e6dd-4f74-8968-b8d6d9d418c6","imagecount":7,"advertiserName":"Gowan Motors Merrion","isTrade":true},{"advertId":"29613446007379010","vehicleMake":"Citroen","vehicleModel":"C4 Grand Picasso","vehicleDerivative":"1.6HDi SX","vehiclePriceEuro":14950,"vehicleYearOfManufacture":2009,"advertiserCounty":"Cork","isPSL":true,"privatePSL":false,"vehicleImageId":"87242c99-38c9-4a0b-a741-f2b5463983b5","imagecount":20,"advertiserName":"Cashman Car Sales","isTrade":true},{"advertId":"34013607695798070","vehicleMake":"Citroen","vehicleModel":"C4 Grand Picasso","vehicleDerivative":"VTR+ 1.6 HDI...FINANCE ARRANGED","vehiclePriceEuro":14950,"vehicleYearOfManufacture":2009,"advertiserCounty":"Wexford","isPSL":false,"privatePSL":false,"vehicleImageId":"13b98930-d4a1-4edb-8f07-842464038f9f","imagecount":8,"advertiserName":"Byrne Car Sales","isTrade":true},{"advertId":"30613464055548190","vehicleMake":"Citroen","vehicleModel":"C4 Grand Picasso","vehicleDerivative":"1.6 HDI VTR Plus ","vehiclePriceEuro":14950,"vehicleYearOfManufacture":2009,"advertiserCounty":"Offaly","isPSL":false,"privatePSL":false,"vehicleImageId":"0d2c3c9d-dcda-4dda-a0ec-cbaa4cc8d5e4","imagecount":9,"advertiserName":"Capital Cars","isTrade":true},{"advertId":"30813533358218900","vehicleMake":"Citroen","vehicleModel":"C4 Grand Picasso","vehicleDerivative":"1.6 VTR + AUTO DSL 7 SEATER","vehiclePriceEuro":14950,"vehicleYearOfManufacture":2009,"advertiserCounty":"Dublin","isPSL":false,"privatePSL":false,"vehicleImageId":"f6d32e77-15af-45e4-99c4-c90fab641326","imagecount":11,"advertiserName":"OC Cars & Mobility","isTrade":true},{"advertId":"29613476332044490","vehicleMake":"Citroen","vehicleModel":"C4 Grand Picasso","vehicleDerivative":"1.6 d VTR+","vehiclePriceEuro":14950,"vehicleYearOfManufacture":2009,"advertiserCounty":"Dublin","isPSL":false,"privatePSL":false,"vehicleImageId":"edbc95de-dc21-445f-b88a-db17b587fd26","imagecount":12,"advertiserName":"Autocity","isTrade":true},{"advertId":"33913599689756930","vehicleMake":"Citroen","vehicleModel":"C4 Grand Picasso","vehicleDerivative":"VTR+","vehiclePriceEuro":14950,"vehicleYearOfManufacture":2009,"advertiserCounty":"Louth","isPSL":false,"privatePSL":false,"vehicleImageId":"0c753f54-f990-4c34-969b-87a0490ba793","imagecount":8,"advertiserName":"McCabes (Toyota) Drogheda","isTrade":true},{"advertId":"33413624103368390","vehicleMake":"Citroen","vehicleModel":"C4 Grand Picasso","vehicleDerivative":"VTR+ EGS","vehiclePriceEuro":14950,"vehicleYearOfManufacture":2009,"advertiserCounty":"Kildare","isPSL":true,"privatePSL":false,"vehicleImageId":"d537f7ca-8c56-4ec3-a511-e011957ba50f","imagecount":8,"advertiserName":"PG Duffy & Sons","isTrade":true},{"advertId":"34113612150353900","vehicleMake":"Citroen","vehicleModel":"C4 Grand Picasso","vehicleDerivative":"1.6 Hdi VTR+ 7 Seats Auto","vehiclePriceEuro":14950,"vehicleYearOfManufacture":2009,"advertiserCounty":"Dublin","isPSL":true,"privatePSL":false,"vehicleImageId":"7821ea46-1258-4259-afb0-cb877ca8807e","imagecount":7,"advertiserName":"Gowan Motors Dun Laoghaire","isTrade":true},{"advertId":"31913559226703990","vehicleMake":"Citroen","vehicleModel":"C4 Grand Picasso","vehicleDerivative":"1.6 Hdi VTR+ 7 Seats Auto","vehiclePriceEuro":14950,"vehicleYearOfManufacture":2009,"advertiserCounty":"Dublin","isPSL":true,"privatePSL":false,"vehicleImageId":"deda567d-d2c2-4c25-8587-1126e9d0cc6a","imagecount":10,"advertiserName":"Gowan Motors Navan Road","isTrade":true},{"advertId":"32913609460544000","vehicleMake":"Citroen","vehicleModel":"C4 Grand Picasso","vehicleDerivative":"1.6 Hdi VTR+ 7 Seats Auto","vehiclePriceEuro":14950,"vehicleYearOfManufacture":2009,"advertiserCounty":"Dublin","isPSL":true,"privatePSL":false,"vehicleImageId":"a9f05531-451a-41df-b6f9-e54c8337d706","imagecount":10,"advertiserName":"Gowan Motors Merrion","isTrade":true},{"advertId":"34013612150362340","vehicleMake":"Citroen","vehicleModel":"C4 Grand Picasso","vehicleDerivative":"1.6 Hdi VTR+ 7 Seats Auto","vehiclePriceEuro":14950,"vehicleYearOfManufacture":2009,"advertiserCounty":"Dublin","isPSL":true,"privatePSL":false,"vehicleImageId":"4455b33a-bf50-4d0b-83df-b250cfd41155","imagecount":6,"advertiserName":"Gowan Motors Dun Laoghaire","isTrade":true},{"advertId":"31113572186941450","vehicleMake":"Citroen","vehicleModel":"C4 Grand Picasso","vehicleDerivative":"1.6 Hdi VTR+ 7 Seats Auto","vehiclePriceEuro":14950,"vehicleYearOfManufacture":2009,"advertiserCounty":"Dublin","isPSL":true,"privatePSL":false,"vehicleImageId":"829d1e7a-6396-43d4-8ef2-030bc6495027","imagecount":9,"advertiserName":"Gowan Motors Navan Road","isTrade":true},{"advertId":"34213609460546740","vehicleMake":"Citroen","vehicleModel":"C4 Grand Picasso","vehicleDerivative":"1.6 Hdi VTR+7 Seats Auto","vehiclePriceEuro":14950,"vehicleYearOfManufacture":2009,"advertiserCounty":"Dublin","isPSL":true,"privatePSL":false,"vehicleImageId":"7f56d004-8d92-43b0-b780-4ede0980716d","imagecount":12,"advertiserName":"Gowan Motors Merrion","isTrade":true},{"advertId":"31513572186941560","vehicleMake":"Citroen","vehicleModel":"C4 Grand Picasso","vehicleDerivative":"1.6 Hdi VTR+7 Seats Auto","vehiclePriceEuro":14950,"vehicleYearOfManufacture":2009,"advertiserCounty":"Dublin","isPSL":true,"privatePSL":false,"vehicleImageId":"6cca2d51-2c6b-4600-94f9-dee59b7de4e0","imagecount":10,"advertiserName":"Gowan Motors Navan Road","isTrade":true},{"advertId":"33213622353287450","vehicleMake":"Citroen","vehicleModel":"C4 Grand Picasso","vehicleDerivative":"1.6 HDI DYNAMIQUE 5DR","vehiclePriceEuro":14900,"vehicleYearOfManufacture":2009,"advertiserCounty":"Galway","isPSL":true,"privatePSL":false,"vehicleImageId":"f7512878-4e60-4001-98ee-4f80bfb163a0","imagecount":4,"advertiserName":"Kenny Galway","isTrade":true},{"advertId":"31113582040519910","vehicleMake":"Citroen","vehicleModel":"C4 Grand Picasso","vehicleDerivative":"1.6 HDI VTR +","vehiclePriceEuro":14900,"vehicleYearOfManufacture":2009,"advertiserCounty":"Laois","isPSL":false,"privatePSL":false,"vehicleImageId":"40e13b49-021f-490a-af03-e739f605370f","imagecount":10,"advertiserName":"Noel Whelan Car Sales","isTrade":true},{"advertId":"33413602281263860","vehicleMake":"Citroen","vehicleModel":"C4 Grand Picasso","vehicleDerivative":"**DIESEL VTR + 7 SEATER BAND C ROAD TAX MASSIVE FUEL SAVINGS*","vehiclePriceEuro":14777,"vehicleYearOfManufacture":2009,"advertiserCounty":"Dublin","isPSL":true,"privatePSL":false,"vehicleImageId":"779e5dd9-78e6-436c-9126-260866509957","imagecount":8,"advertiserName":"Hutton & Meade","isTrade":true},{"advertId":"33913603354229730","vehicleMake":"Citroen","vehicleModel":"C4 Grand Picasso","vehicleDerivative":"1.6 d VTR+.","vehiclePriceEuro":14750,"vehicleYearOfManufacture":2009,"advertiserCounty":"Dublin","isPSL":false,"privatePSL":false,"vehicleImageId":"417344f5-e6dc-428e-a932-2cb7bb8439ae","imagecount":11,"advertiserName":"Autocity","isTrade":true},{"advertId":"31113571322995350","vehicleMake":"Citroen","vehicleModel":"C4 Grand Picasso","vehicleDerivative":"1.6 Hdi VTR+ 7 Seats Auto","vehiclePriceEuro":14750,"vehicleYearOfManufacture":2009,"advertiserCounty":"Dublin","isPSL":true,"privatePSL":false,"vehicleImageId":"fc254c08-d721-486f-b06f-1254e2faf9e0","imagecount":11,"advertiserName":"Gowan Motors Navan Road","isTrade":true},{"advertId":"34313612150360820","vehicleMake":"Citroen","vehicleModel":"C4 Grand Picasso","vehicleDerivative":"1.6 Hdi VTR+ 7 Seats Auto","vehiclePriceEuro":14750,"vehicleYearOfManufacture":2009,"advertiserCounty":"Dublin","isPSL":true,"privatePSL":false,"vehicleImageId":"77998c9c-b0c8-4601-aae0-662025d4018a","imagecount":11,"advertiserName":"Gowan Motors Dun Laoghaire","isTrade":true},{"advertId":"33213609460540180","vehicleMake":"Citroen","vehicleModel":"C4 Grand Picasso","vehicleDerivative":"1.6 Hdi VTR+ 7 Seats Auto","vehiclePriceEuro":14750,"vehicleYearOfManufacture":2009,"advertiserCounty":"Dublin","isPSL":true,"privatePSL":false,"vehicleImageId":"be6bed82-1479-47f3-8125-b6ecb0a1c17b","imagecount":11,"advertiserName":"Gowan Motors Merrion","isTrade":true},{"advertId":"32913600840582200","vehicleMake":"Citroen","vehicleModel":"C4 Grand Picasso","vehicleDerivative":"1.6 HDI VTR +","vehiclePriceEuro":14695,"vehicleYearOfManufacture":2009,"advertiserCounty":"Cork","isPSL":true,"privatePSL":false,"vehicleImageId":"68f02414-43b6-4e9d-9e78-ac806e6919b9","imagecount":10,"advertiserName":"Luceys Charleville (Nissan & Mazda)","isTrade":true},{"advertId":"18213410530577860","vehicleMake":"Citroen","vehicleModel":"C4 Grand Picasso","vehicleDerivative":"VTR + EGS","vehiclePriceEuro":14500,"vehicleYearOfManufacture":2009,"advertiserCounty":"Kerry","isPSL":true,"privatePSL":false,"vehicleImageId":"de1c6ced-1b59-49ee-94ed-9a2024105bbc","imagecount":11,"advertiserName":"Cunningham Motors","isTrade":true},{"advertId":"31513504834277300","vehicleMake":"Citroen","vehicleModel":"C4 Grand Picasso","vehicleDerivative":"1.6 HDI VTR+ AUTO SPOTLESS","vehiclePriceEuro":14500,"vehicleYearOfManufacture":2009,"advertiserCounty":"Wicklow","isPSL":false,"privatePSL":false,"vehicleImageId":"45165fbc-0f94-4d75-8f9f-3861fac24b88","imagecount":9,"advertiserName":"Kavanaghs Garage","isTrade":true},{"advertId":"31413535169699870","vehicleMake":"Citroen","vehicleModel":"C4 Grand Picasso","vehicleDerivative":"1.6 HDi VTR+ 7-Seat €225 Road Tax","vehiclePriceEuro":14500,"vehicleYearOfManufacture":2009,"advertiserCounty":"Galway","isPSL":false,"privatePSL":false,"vehicleImageId":"335ad9a3-7e1f-488b-ab43-a32ddb849d88","imagecount":18,"advertiserName":"Glenn Cahill Cars","isTrade":true},{"advertId":"32013549728679590","vehicleMake":"Citroen","vehicleModel":"C4 Grand Picasso","vehicleDerivative":"1.6HDi VTR","vehiclePriceEuro":14500,"vehicleYearOfManufacture":2009,"advertiserCounty":"Kerry","isPSL":true,"privatePSL":false,"vehicleImageId":"0fa6e785-259f-45d2-9feb-6696cb3838ea","imagecount":9,"advertiserName":"Billy Naughton Ltd","isTrade":true},{"advertId":"30213476215835430","vehicleMake":"Citroen","vehicleModel":"C4 Grand Picasso","vehicleDerivative":"VTR HDI 1.6 Automatic","vehiclePriceEuro":14500,"vehicleYearOfManufacture":2009,"advertiserCounty":"Galway","isPSL":false,"privatePSL":false,"vehicleImageId":"4e8db91e-64ca-4803-a223-e8d25406ac73","imagecount":10,"advertiserName":"Tom Doyle Motors Ltd","isTrade":true},{"advertId":"31813548750743490","vehicleMake":"Citroen","vehicleModel":"C4 Grand Picasso","vehicleDerivative":"1.6 Hdi VTR+ 7 Seats Auto","vehiclePriceEuro":14450,"vehicleYearOfManufacture":2009,"advertiserCounty":"Dublin","isPSL":true,"privatePSL":false,"vehicleImageId":"00945ad7-c5b2-4df1-a749-eead204af1f0","imagecount":11,"advertiserName":"Gowan Motors Navan Road","isTrade":true},{"advertId":"34013618194805200","vehicleMake":"Citroen","vehicleModel":"C4 Grand Picasso","vehicleDerivative":"1.6 Hdi VTR+ 7 Seats Auto","vehiclePriceEuro":14450,"vehicleYearOfManufacture":2009,"advertiserCounty":"Dublin","isPSL":true,"privatePSL":false,"vehicleImageId":"ef0c1309-70dc-48d2-b8df-df80387ecfd3","imagecount":15,"advertiserName":"Gowan Motors Merrion","isTrade":true},{"advertId":"31713541190773430","vehicleMake":"Citroen","vehicleModel":"C4 Grand Picasso","vehicleDerivative":"1.6 Hdi VTR+ 7 Seats Auto","vehiclePriceEuro":14450,"vehicleYearOfManufacture":2009,"advertiserCounty":"Dublin","isPSL":true,"privatePSL":false,"vehicleImageId":"36bec6aa-2693-481b-b914-55a0972205d5","imagecount":9,"advertiserName":"Gowan Motors Merrion","isTrade":true},{"advertId":"32013536654831820","vehicleMake":"Citroen","vehicleModel":"C4 Grand Picasso","vehicleDerivative":"1.6 Hdi VTR+ 7 Seats Auto","vehiclePriceEuro":14450,"vehicleYearOfManufacture":2009,"advertiserCounty":"Dublin","isPSL":true,"privatePSL":false,"vehicleImageId":"c0212969-4a05-4c89-99f6-c360e75c4726","imagecount":7,"advertiserName":"Gowan Motors Dun Laoghaire","isTrade":true},{"advertId":"31913549694447340","vehicleMake":"Citroen","vehicleModel":"C4 Grand Picasso","vehicleDerivative":"diesel,low miles,IMMACULATE","vehiclePriceEuro":14450,"vehicleYearOfManufacture":2009,"advertiserCounty":"Dublin","isPSL":true,"privatePSL":false,"vehicleImageId":"b363eef5-30ae-43ac-9d87-9eee35c54170","imagecount":17,"advertiserName":"A Best Choice Cars","isTrade":true},{"advertId":"33413602653414180","vehicleMake":"Citroen","vehicleModel":"C4 Grand Picasso","vehicleDerivative":"AUTOMATIC DIESEL LIKE NEW","vehiclePriceEuro":14300,"vehicleYearOfManufacture":2009,"advertiserCounty":"Louth","isPSL":true,"privatePSL":false,"vehicleImageId":"3e3f32d5-bbb9-4884-9a77-f0eb34fa2ccf","imagecount":20,"advertiserName":"Holcroft Motors Ltd","isTrade":true},{"advertId":"31713542981952180","vehicleMake":"Citroen","vehicleModel":"C4 Grand Picasso","vehicleDerivative":"1.6 HDi 110bhp VTR+ 7 Seater - Annual Road Tax €390 -","vehiclePriceEuro":14250,"vehicleYearOfManufacture":2009,"advertiserCounty":"Cork","isPSL":false,"privatePSL":false,"vehicleImageId":"58d7153b-76d7-4583-a4bb-f25160dc230a","imagecount":15,"advertiserName":"Donal O'Brien Cars Ltd","isTrade":true},{"advertId":"32013500600019800","vehicleMake":"Citroen","vehicleModel":"C4 Grand Picasso","vehicleDerivative":"1.6HDI VTR+","vehiclePriceEuro":13995,"vehicleYearOfManufacture":2009,"advertiserCounty":"Tipperary","isPSL":false,"privatePSL":false,"vehicleImageId":"83071a32-b34b-496d-85fe-5606f9a7e1b0","imagecount":7,"advertiserName":"Niall McCarthy Cars","isTrade":true},{"advertId":"30913522172580750","vehicleMake":"Citroen","vehicleModel":"C4 Grand Picasso","vehicleDerivative":"HDI VTR PLUS * FULL WARRANTY SIMI GARAGE * TRADE-IN WELCOME","vehiclePriceEuro":13995,"vehicleYearOfManufacture":2009,"advertiserCounty":"Longford","isPSL":false,"privatePSL":false,"vehicleImageId":"c514db15-a946-4fce-8176-146ef02eb898","imagecount":18,"advertiserName":"JJ Reilly Cars.com (TDI Specialists)","isTrade":true},{"advertId":"32013523098491990","vehicleMake":"Citroen","vehicleModel":"C4 Grand Picasso","vehicleDerivative":"1.6 Hdi VTR+ Turbo Diesel - 7 Seater MPV / Full Citroen Service History / Pristine Condition / Full Service & 12 Months Comprehensive Warranty   www.N3Autolink.ie","vehiclePriceEuro":13995,"vehicleYearOfManufacture":2009,"advertiserCounty":"Dublin","isPSL":true,"privatePSL":false,"vehicleImageId":"0bf9ffd7-dbc8-4c1c-9ddf-997a7ae342b3","imagecount":20,"advertiserName":"N3 Autolink","isTrade":true},{"advertId":"31413594171776370","vehicleMake":"Citroen","vehicleModel":"C4 Grand Picasso","vehicleDerivative":"diesel,FSH,low miles,IMMACULATE","vehiclePriceEuro":13950,"vehicleYearOfManufacture":2009,"advertiserCounty":"Dublin","isPSL":true,"privatePSL":false,"vehicleImageId":"a8637185-0ad5-4488-a40e-3e48ab573157","imagecount":16,"advertiserName":"A Best Choice Cars","isTrade":true},{"advertId":"31413587836347990","vehicleMake":"Citroen","vehicleModel":"C4 Grand Picasso","vehicleDerivative":"1.6 HDI VTR+ ( 7 SEATER )","vehiclePriceEuro":13950,"vehicleYearOfManufacture":2009,"advertiserCounty":"Galway","isPSL":false,"privatePSL":false,"vehicleImageId":"cb32b91e-305e-4bf7-93d0-ed93cb8c2169","imagecount":15,"advertiserName":"The Woodland Motor Company","isTrade":true},{"advertId":"34013600062557440","vehicleMake":"Citroen","vehicleModel":"C4 Grand Picasso","vehicleDerivative":"VTR+ Automatic","vehiclePriceEuro":13950,"vehicleYearOfManufacture":2009,"advertiserCounty":"Westmeath","isPSL":false,"privatePSL":false,"vehicleImageId":"34a2bdb2-e198-40de-bc9a-c98ac32b64b9","imagecount":18,"advertiserName":"Lakeland Carriage Company","isTrade":true},{"advertId":"34313618159613150","vehicleMake":"Citroen","vehicleModel":"C4 Grand Picasso","vehicleDerivative":"SOLD!!!   VTR+ 1.6 Diesel Automatic","vehiclePriceEuro":13950,"vehicleYearOfManufacture":2009,"advertiserCounty":"Westmeath","isPSL":false,"privatePSL":false,"vehicleImageId":"3330c060-17a8-4b82-9179-17ea71624dfa","imagecount":17,"advertiserName":"Lakeland Carriage Company","isTrade":true},{"advertId":"413256714092320","vehicleMake":"Citroen","vehicleModel":"C4 Grand Picasso","vehicleDerivative":"1.6 HDi VTR+ **€280 TAX** (7 SEATER) ","vehiclePriceEuro":13750,"vehicleYearOfManufacture":2009,"advertiserCounty":"Galway","isPSL":false,"privatePSL":false,"imagecount":0,"advertiserName":"Oliver Geoghegan Car Sales","isTrade":true},{"advertId":"34013601508127840","vehicleMake":"Citroen","vehicleModel":"C4 Grand Picasso","vehicleDerivative":"Great Grand Picasso Diesel 7 Seater in Manual","vehiclePriceEuro":13750,"vehicleYearOfManufacture":2009,"advertiserCounty":"Cork","isPSL":true,"privatePSL":false,"vehicleImageId":"ae6205e0-0986-4a4f-aa72-9b013bdd9def","imagecount":9,"advertiserName":"Kearys Nissan Cork","isTrade":true},{"advertId":"31113537581270430","vehicleMake":"Citroen","vehicleModel":"C4 Grand Picasso","vehicleDerivative":"1.6 Hdi VTR+ 12 MONTHS WARRANTY","vehiclePriceEuro":13750,"vehicleYearOfManufacture":2009,"advertiserCounty":"Dublin","isPSL":true,"privatePSL":false,"vehicleImageId":"0694566b-03dd-4928-99a4-778de8d68870","imagecount":10,"advertiserName":"Ultimate Cars Ltd.","isTrade":true}],"totalAdvertCount":45174}