{"adverts":[{"advertId":"201309212674062","vehicleMake":"Mercedes-Benz","vehicleModel":"C-Class","vehicleDerivative":"C K 180, Avantgarde","vehiclePriceEuro":24950,"vehicleYearOfManufacture":2008,"advertiserCounty":"Kildare","isPSL":true,"privatePSL":false,"vehicleImageId":"13650203","imagecount":6,"isTrade":false},{"advertId":"31713596498222880","vehicleMake":"Mercedes-Benz","vehicleModel":"C-Class","vehicleDerivative":"C220 CDI Auto**1 Owner**24 Month Warranty**","vehiclePriceEuro":23995,"vehicleYearOfManufacture":2008,"advertiserCounty":"Westmeath","isPSL":true,"privatePSL":false,"vehicleImageId":"28f46fd1-7769-49fc-b48d-3ef956a88f1f","imagecount":9,"advertiserName":"Colm Quinn Cars","isTrade":true},{"advertId":"201246210973601","vehicleMake":"Mercedes-Benz","vehicleModel":"C-Class","vehicleDerivative":"CDI ELEGANCE 4DR A","vehiclePriceEuro":23250,"vehicleYearOfManufacture":2008,"advertiserCounty":"Wicklow","isPSL":true,"privatePSL":false,"vehicleImageId":"13740719","imagecount":5,"isTrade":false},{"advertId":"201247211059327","vehicleMake":"Mercedes-Benz","vehicleModel":"C-Class","vehicleDerivative":"C SERIES CDI","vehiclePriceEuro":20995,"vehicleYearOfManufacture":2008,"advertiserCounty":"Westmeath","isPSL":true,"privatePSL":false,"vehicleImageId":"13755418","imagecount":9,"isTrade":false},{"advertId":"34113607868349950","vehicleMake":"Mercedes-Benz","vehicleModel":"C-Class","vehicleDerivative":"200 Kompressor  AMG Avantgarde","vehiclePriceEuro":20950,"vehicleYearOfManufacture":2008,"advertiserCounty":"Cork","isPSL":true,"privatePSL":false,"vehicleImageId":"03407c87-f832-4a6e-87ed-2e38d7ee965e","imagecount":12,"advertiserName":"MSL Cork (located @ EastGate)","isTrade":true},{"advertId":"201305212194683","vehicleMake":"Mercedes-Benz","vehicleModel":"C-Class","vehicleDerivative":"C SERIES K A/T","vehiclePriceEuro":20000,"vehicleYearOfManufacture":2008,"advertiserCounty":"Wicklow","isPSL":true,"privatePSL":false,"imagecount":0,"isTrade":false},{"advertId":"201307212457306","vehicleMake":"Mercedes-Benz","vehicleModel":"C-Class","vehicleDerivative":"180c COUPESPORT","vehiclePriceEuro":20000,"vehicleYearOfManufacture":2008,"advertiserCounty":"Dublin","isPSL":true,"privatePSL":false,"imagecount":0,"isTrade":false},{"advertId":"34213621566776700","vehicleMake":"Mercedes-Benz","vehicleModel":"C-Class","vehicleDerivative":"C180 ELEGANCE ESTATE A/T","vehiclePriceEuro":19995,"vehicleYearOfManufacture":2008,"advertiserCounty":"Dublin","isPSL":false,"privatePSL":false,"vehicleImageId":"e307ac73-dbdb-4e73-b749-c4dbaaf7a7b9","imagecount":5,"advertiserName":"James Hennessy Motors Ltd","isTrade":true},{"advertId":"31813575553540880","vehicleMake":"Mercedes-Benz","vehicleModel":"C-Class","vehicleDerivative":"200 CDI","vehiclePriceEuro":19950,"vehicleYearOfManufacture":2008,"advertiserCounty":"Cork","isPSL":true,"privatePSL":false,"vehicleImageId":"8ea0d4af-aef0-49dc-906e-5744478427e8","imagecount":9,"advertiserName":"MSL Cork (located @ EastGate)","isTrade":true},{"advertId":"32113529947761860","vehicleMake":"Mercedes-Benz","vehicleModel":"C-Class","vehicleDerivative":"C 320 CDI AMG","vehiclePriceEuro":19750,"vehicleYearOfManufacture":2008,"advertiserCounty":"Dublin","isPSL":true,"privatePSL":false,"vehicleImageId":"168ea5b4-752b-40f9-ae8b-a0bd34b53548","imagecount":15,"advertiserName":"Harford Motor Co. Ltd","isTrade":true},{"advertId":"32013511557111550","vehicleMake":"Mercedes-Benz","vehicleModel":"C-Class","vehicleDerivative":"220 CDI,AUTO,AVANTGARDE,FULL MERCEDES SERVICE HISTORY,NCT 1/14","vehiclePriceEuro":18950,"vehicleYearOfManufacture":2008,"advertiserCounty":"Kildare","isPSL":false,"privatePSL":false,"vehicleImageId":"e24181be-1efb-4831-b4a9-634f6976537f","imagecount":8,"advertiserName":"SMC Car Sales","isTrade":true},{"advertId":"33913606900726110","vehicleMake":"Mercedes-Benz","vehicleModel":"C-Class","vehicleDerivative":"C200 CDI AUTOMATIC","vehiclePriceEuro":18950,"vehicleYearOfManufacture":2008,"advertiserCounty":"Dublin","isPSL":false,"privatePSL":false,"vehicleImageId":"b7a35699-f872-459a-a6c3-e8b1bdf20f7a","imagecount":7,"advertiserName":"Treacy's Auto Centre","isTrade":true},{"advertId":"32913613578205790","vehicleMake":"Mercedes-Benz","vehicleModel":"C-Class","vehicleDerivative":"C 180 auto avantgarde","vehiclePriceEuro":18950,"vehicleYearOfManufacture":2008,"advertiserCounty":"Dublin","isPSL":true,"privatePSL":false,"vehicleImageId":"4f8b7a12-ac82-4b1a-8155-7ef02c9264ab","imagecount":9,"advertiserName":"Denis Mahony Mercedes Benz (M50)","isTrade":true},{"advertId":"713262716859780","vehicleMake":"Mercedes-Benz","vehicleModel":"C-Class","vehicleDerivative":"180 KOMPRESSOR CLASSIC SE","vehiclePriceEuro":18900,"vehicleYearOfManufacture":2008,"advertiserCounty":"Mayo","isPSL":false,"privatePSL":false,"vehicleImageId":"b7e64d34-75c8-4b5b-acee-e77e78cb0408","imagecount":7,"advertiserName":"Cosgraves Garage Ltd","isTrade":true},{"advertId":"201244210783454","vehicleMake":"Mercedes-Benz","vehicleModel":"C-Class","vehicleDerivative":"C C180 K 180","vehiclePriceEuro":18500,"vehicleYearOfManufacture":2008,"advertiserCounty":"Cork","isPSL":true,"privatePSL":false,"vehicleImageId":"14094080","imagecount":9,"isTrade":false},{"advertId":"201243210671874","vehicleMake":"Mercedes-Benz","vehicleModel":"C-Class","vehicleDerivative":"C SERIES 180 SPORT COUPE A/T","vehiclePriceEuro":18250,"vehicleYearOfManufacture":2008,"advertiserCounty":"Dublin","isPSL":true,"privatePSL":false,"vehicleImageId":"14078837","imagecount":5,"isTrade":false},{"advertId":"201246210950486","vehicleMake":"Mercedes-Benz","vehicleModel":"C-Class","vehicleDerivative":"AVANTGARDE AUTOMATIC","vehiclePriceEuro":18200,"vehicleYearOfManufacture":2008,"advertiserCounty":"Dublin","isPSL":true,"privatePSL":true,"vehicleImageId":"14133459","imagecount":9,"isTrade":false},{"advertId":"201243210708967","vehicleMake":"Mercedes-Benz","vehicleModel":"C-Class","vehicleDerivative":"C SERIES 200 C SERIESDI 4DR","vehiclePriceEuro":18000,"vehicleYearOfManufacture":2008,"advertiserCounty":"Monaghan","isPSL":true,"privatePSL":false,"vehicleImageId":"14084879","imagecount":5,"isTrade":false},{"advertId":"201250211426556","vehicleMake":"Mercedes-Benz","vehicleModel":"C-Class","vehicleDerivative":"AMG 1.8 WHITE PEARL","vehiclePriceEuro":18000,"vehicleYearOfManufacture":2008,"advertiserCounty":"Dublin","isPSL":true,"privatePSL":false,"vehicleImageId":"13839141","imagecount":8,"isTrade":false},{"advertId":"201302211936893","vehicleMake":"Mercedes-Benz","vehicleModel":"C-Class","vehicleDerivative":"220 CDI","vehiclePriceEuro":17950,"vehicleYearOfManufacture":2008,"advertiserCounty":"Louth","isPSL":true,"privatePSL":false,"vehicleImageId":"14261460","imagecount":6,"isTrade":false},{"advertId":"31113554175339610","vehicleMake":"Mercedes-Benz","vehicleModel":"C-Class","vehicleDerivative":"C 200, Auto, Diesel, Leather","vehiclePriceEuro":17950,"vehicleYearOfManufacture":2008,"advertiserCounty":"Dublin","isPSL":true,"privatePSL":false,"vehicleImageId":"967c8ecb-1eb5-4314-8be6-4af9da50dbdf","imagecount":14,"advertiserName":"Petersons","isTrade":true},{"advertId":"31113594608121550","vehicleMake":"Mercedes-Benz","vehicleModel":"C-Class","vehicleDerivative":"C180 SE Auto","vehiclePriceEuro":17950,"vehicleYearOfManufacture":2008,"advertiserCounty":"Dublin","isPSL":true,"privatePSL":false,"vehicleImageId":"8f3f7fd6-938b-4c33-a37d-3d0d05fcfaff","imagecount":10,"advertiserName":"Grange Motors (MSL)","isTrade":true},{"advertId":"32913611990505550","vehicleMake":"Mercedes-Benz","vehicleModel":"C-Class","vehicleDerivative":"Avantgarde Auto C180 K A/T 180","vehiclePriceEuro":17950,"vehicleYearOfManufacture":2008,"advertiserCounty":"Meath","isPSL":false,"privatePSL":false,"imagecount":0,"advertiserName":"Newgate Motor Company Ltd.","isTrade":true},{"advertId":"34313615343300670","vehicleMake":"Mercedes-Benz","vehicleModel":"C-Class","vehicleDerivative":"180 Kompressor A/T Elegance","vehiclePriceEuro":17750,"vehicleYearOfManufacture":2008,"advertiserCounty":"Limerick","isPSL":true,"privatePSL":false,"vehicleImageId":"2b3eb03e-ed34-40e1-9329-7e261a785299","imagecount":9,"advertiserName":"Frank Hogan Ltd.","isTrade":true},{"advertId":"33213597344068860","vehicleMake":"Mercedes-Benz","vehicleModel":"C-Class","vehicleDerivative":"AVANTGARDE AUTO // SPOTLESS","vehiclePriceEuro":17750,"vehicleYearOfManufacture":2008,"advertiserCounty":"Dublin","isPSL":false,"privatePSL":false,"vehicleImageId":"c0f4465d-cd0a-40bb-b5fc-dd21aeb296b2","imagecount":5,"advertiserName":"Paul Tobin Ltd","isTrade":true},{"advertId":"30913534229088180","vehicleMake":"Mercedes-Benz","vehicleModel":"C-Class","vehicleDerivative":"C SERIES 200 *** DONIE DAFFY CAR SALES ***","vehiclePriceEuro":17500,"vehicleYearOfManufacture":2008,"advertiserCounty":"Limerick","isPSL":false,"privatePSL":false,"vehicleImageId":"101d2da9-78b4-4783-a59b-accef9001129","imagecount":6,"advertiserName":"Donie Daffy Quality Car Sales","isTrade":true},{"advertId":"201309212649472","vehicleMake":"Mercedes-Benz","vehicleModel":"C-Class","vehicleDerivative":"C SERIES K A/T","vehiclePriceEuro":17500,"vehicleYearOfManufacture":2008,"advertiserCounty":"Wicklow","isPSL":true,"privatePSL":false,"vehicleImageId":"14370113","imagecount":9,"isTrade":false},{"advertId":"6113331085601230","vehicleMake":"Mercedes-Benz","vehicleModel":"C-Class","vehicleDerivative":"C SERIESDI","vehiclePriceEuro":16950,"vehicleYearOfManufacture":2008,"advertiserCounty":"Dublin","isPSL":false,"privatePSL":false,"vehicleImageId":"da3abcdd-9a50-4efe-8ecc-446899467c94","imagecount":7,"advertiserName":"G Kavanagh Car Sales","isTrade":true},{"advertId":"201302211870653","vehicleMake":"Mercedes-Benz","vehicleModel":"C-Class","vehicleDerivative":"C K A/T 180","vehiclePriceEuro":16950,"vehicleYearOfManufacture":2008,"advertiserCounty":"Meath","isPSL":true,"privatePSL":false,"vehicleImageId":"14255054","imagecount":8,"isTrade":false},{"advertId":"31913592467923940","vehicleMake":"Mercedes-Benz","vehicleModel":"C-Class","vehicleDerivative":"C 180..AUTO/LEATHER..IRISH CAR WITH FULL MERCEDES SERVICE HISTORY FROM NEW..NCT TILL 04/2014 & TAX TILL 09/13..FINANCE AVAILABLE..OPEN 7 DAYS..VISIT WWW.BESHOFFMOTORS.IE FOR MORE INFO..","vehiclePriceEuro":16950,"vehicleYearOfManufacture":2008,"advertiserCounty":"Dublin","isPSL":true,"privatePSL":false,"vehicleImageId":"fb7d6819-b41b-4d89-9e0e-9fe1db7890c1","imagecount":20,"advertiserName":"Beshoff Motors","isTrade":true},{"advertId":"32013593854351870","vehicleMake":"Mercedes-Benz","vehicleModel":"C-Class","vehicleDerivative":"C180 Avantgarde Kompressor Automatic - Low Mileage / Immaculate - Trade Ins Welcome / Scrappage Deals Available / Finance Arranged ","vehiclePriceEuro":16950,"vehicleYearOfManufacture":2008,"advertiserCounty":"Dublin","isPSL":false,"privatePSL":false,"vehicleImageId":"636b3748-b20c-4f34-83e5-7e4be0817975","imagecount":14,"advertiserName":"Naas Road Autos","isTrade":true},{"advertId":"33913616195989420","vehicleMake":"Mercedes-Benz","vehicleModel":"C-Class","vehicleDerivative":" C220 CDI AUTO NCT 5/14 LOW TAX FULL LEATHER/// ","vehiclePriceEuro":16500,"vehicleYearOfManufacture":2008,"advertiserCounty":"Dublin","isPSL":false,"privatePSL":false,"vehicleImageId":"864a1536-3274-44b0-a12a-bddb19d6b902","imagecount":9,"advertiserName":"Eric Leonard Motors Ltd","isTrade":true},{"advertId":"201303212004546","vehicleMake":"Mercedes-Benz","vehicleModel":"C-Class","vehicleDerivative":"C SERIES CDI CLASSIC 5DR","vehiclePriceEuro":16495,"vehicleYearOfManufacture":2008,"advertiserCounty":"Dublin","isPSL":true,"privatePSL":false,"vehicleImageId":"14296436","imagecount":9,"isTrade":false},{"advertId":"201247211099856","vehicleMake":"Mercedes-Benz","vehicleModel":"C-Class","vehicleDerivative":"C SERIES KOMPRESSOR SE 156BHP 4DR A","vehiclePriceEuro":16000,"vehicleYearOfManufacture":2008,"advertiserCounty":"Kilkenny","isPSL":true,"privatePSL":false,"vehicleImageId":"14158480","imagecount":7,"isTrade":false},{"advertId":"1313275785622090","vehicleMake":"Mercedes-Benz","vehicleModel":"C-Class","vehicleDerivative":"C SERIES CDI SPORT ","vehiclePriceEuro":15950,"vehicleYearOfManufacture":2008,"advertiserCounty":"Limerick","isPSL":false,"privatePSL":false,"vehicleImageId":"f10055ee-a94f-4a71-9eee-68e66fb1c737","imagecount":7,"advertiserName":"Lyons of Limerick Volvo","isTrade":true},{"advertId":"1613275803335400","vehicleMake":"Mercedes-Benz","vehicleModel":"C-Class","vehicleDerivative":"C SERIES CDI SPORT AUTO","vehiclePriceEuro":15950,"vehicleYearOfManufacture":2008,"advertiserCounty":"Limerick","isPSL":false,"privatePSL":false,"vehicleImageId":"3281a958-5ea2-4a53-b940-1dea8e2bb60a","imagecount":6,"advertiserName":"Lyons of Limerick","isTrade":true},{"advertId":"201245210926509","vehicleMake":"Mercedes-Benz","vehicleModel":"C-Class","vehicleDerivative":"Avantgarde","vehiclePriceEuro":15950,"vehicleYearOfManufacture":2008,"advertiserCounty":"Galway","isPSL":true,"privatePSL":false,"vehicleImageId":"14127370","imagecount":5,"isTrade":false},{"advertId":"32013594779878420","vehicleMake":"Mercedes-Benz","vehicleModel":"C-Class","vehicleDerivative":"C200 CDI","vehiclePriceEuro":15750,"vehicleYearOfManufacture":2008,"advertiserCounty":"Dublin","isPSL":false,"privatePSL":false,"vehicleImageId":"e51e3e3f-8e2a-4c6a-bcd6-5cb97b4b4b0c","imagecount":9,"advertiserName":"Burke & Sons Motor Co","isTrade":true},{"advertId":"201307212408734","vehicleMake":"Mercedes-Benz","vehicleModel":"C-Class","vehicleDerivative":"C180 K Elegance","vehiclePriceEuro":15000,"vehicleYearOfManufacture":2008,"advertiserCounty":"Dublin","isPSL":true,"privatePSL":false,"vehicleImageId":"14337721","imagecount":3,"isTrade":false},{"advertId":"33213613542029430","vehicleMake":"Mercedes-Benz","vehicleModel":"C-Class","vehicleDerivative":"C C180 K A/T 180","vehiclePriceEuro":14950,"vehicleYearOfManufacture":2008,"advertiserCounty":"Waterford","isPSL":true,"privatePSL":false,"vehicleImageId":"40d6a217-10b6-422c-af46-86b47da6aa2a","imagecount":4,"advertiserName":"Sheridan Waterford","isTrade":true},{"advertId":"33913611880978750","vehicleMake":"Mercedes-Benz","vehicleModel":"C-Class","vehicleDerivative":"C C SERIES CDI 4DR 200","vehiclePriceEuro":14950,"vehicleYearOfManufacture":2008,"advertiserCounty":"Wexford","isPSL":false,"privatePSL":false,"vehicleImageId":"e41bc0b3-6640-40a1-ba6c-335c1082eab8","imagecount":9,"advertiserName":"Doyles Garage Wexford","isTrade":true},{"advertId":"34313624067626450","vehicleMake":"Mercedes-Benz","vehicleModel":"C-Class","vehicleDerivative":"C200 2.2 CDI SE","vehiclePriceEuro":14950,"vehicleYearOfManufacture":2008,"advertiserCounty":"Galway","isPSL":true,"privatePSL":false,"vehicleImageId":"8d576f18-5521-4962-b1ab-f6c6e57de355","imagecount":1,"advertiserName":"Westlink Car Sales Ltd.","isTrade":true},{"advertId":"33213605229594840","vehicleMake":"Mercedes-Benz","vehicleModel":"C-Class","vehicleDerivative":"C 180 AVANTGARDE..LEATHER/AIRCON & MORE..LOW MILEAGE IRISH CAR WITH FULL MERCEDES SERVICE HISTORY FROM NEW..FINANCE AVAILABLE..OPEN 7 DAYS..VISIT WWW.BESHOFFMOTORS.IE FOR MORE INFO..","vehiclePriceEuro":14950,"vehicleYearOfManufacture":2008,"advertiserCounty":"Dublin","isPSL":true,"privatePSL":false,"vehicleImageId":"9359b2f2-1b60-4dfc-8d90-0e33c0b894e3","imagecount":19,"advertiserName":"Beshoff Motors","isTrade":true},{"advertId":"201305212265915","vehicleMake":"Mercedes-Benz","vehicleModel":"C-Class","vehicleDerivative":"C C180 K 180","vehiclePriceEuro":14250,"vehicleYearOfManufacture":2008,"advertiserCounty":"Kildare","isPSL":true,"privatePSL":false,"imagecount":0,"isTrade":false},{"advertId":"34113619881962060","vehicleMake":"Mercedes-Benz","vehicleModel":"C-Class","vehicleDerivative":"STUNNING CAR, AUTO, FULL HISTORY, AVANTGARDE, SPOTLESS","vehiclePriceEuro":13999,"vehicleYearOfManufacture":2008,"advertiserCounty":"Dublin","isPSL":false,"privatePSL":false,"vehicleImageId":"b213eedc-1b88-40df-9834-52af22b00f6f","imagecount":12,"advertiserName":"Dunne Motor Services","isTrade":true},{"advertId":"34213619657038190","vehicleMake":"Mercedes-Benz","vehicleModel":"C-Class","vehicleDerivative":"C C180 KOMPRESSOR ADVANTGARDE","vehiclePriceEuro":13950,"vehicleYearOfManufacture":2008,"advertiserCounty":"Dublin","isPSL":false,"privatePSL":false,"vehicleImageId":"fb0dde01-1ea6-46c9-ac73-ecff21422022","imagecount":10,"advertiserName":"Burke & Sons Motor Co","isTrade":true},{"advertId":"201305212182445","vehicleMake":"Mercedes-Benz","vehicleModel":"C-Class","vehicleDerivative":"C C180 K A/T 180","vehiclePriceEuro":13250,"vehicleYearOfManufacture":2008,"advertiserCounty":"Wexford","isPSL":true,"privatePSL":false,"vehicleImageId":"14296907","imagecount":6,"isTrade":false},{"advertId":"26913426403331700","vehicleMake":"Mercedes-Benz","vehicleModel":"C-Class","vehicleDerivative":"C SERIES 200 C SERIESDI","vehiclePriceEuro":0,"vehicleYearOfManufacture":2008,"advertiserCounty":"Tipperary","isPSL":false,"privatePSL":false,"vehicleImageId":"b69b9f9d-3860-4e7d-9c63-0a2b67a03220","imagecount":8,"advertiserName":"Strang Motors Ltd","isTrade":true},{"advertId":"34413623990221220","vehicleMake":"Mercedes-Benz","vehicleModel":"C-Class","vehicleDerivative":"C180 KOMPRESSOR A/T","vehiclePriceEuro":0,"vehicleYearOfManufacture":2008,"advertiserCounty":"Cork","isPSL":true,"privatePSL":false,"vehicleImageId":"ba033d87-be77-470b-af7e-c6c149c9f5a0","imagecount":1,"advertiserName":"Kevin O'Leary Group Silversprings","isTrade":true},{"advertId":"26713426387834980","vehicleMake":"Mercedes-Benz","vehicleModel":"C-Class","vehicleDerivative":"C C180 K A/T 180","vehiclePriceEuro":0,"vehicleYearOfManufacture":2008,"advertiserCounty":"Tipperary","isPSL":false,"privatePSL":false,"vehicleImageId":"08478450-ef74-4793-b6cf-598af3b44b33","imagecount":9,"advertiserName":"Strang Motors Ltd","isTrade":true},{"advertId":"201248211179731","vehicleMake":"Mercedes-Benz","vehicleModel":"C-Class","vehicleDerivative":"C CDI 220","vehiclePriceEuro":22750,"vehicleYearOfManufacture":2007,"advertiserCounty":"Galway","isPSL":true,"privatePSL":false,"vehicleImageId":"12021718","imagecount":4,"isTrade":false},{"advertId":"201245210926444","vehicleMake":"Mercedes-Benz","vehicleModel":"C-Class","vehicleDerivative":"C SERIES KOMPRESSOR AVANTGARDE","vehiclePriceEuro":22450,"vehicleYearOfManufacture":2007,"advertiserCounty":"Dublin","isPSL":true,"privatePSL":false,"vehicleImageId":"14123506","imagecount":9,"isTrade":false},{"advertId":"201247211058906","vehicleMake":"Mercedes-Benz","vehicleModel":"C-Class","vehicleDerivative":"220 CDI CLASSIC SPORT","vehiclePriceEuro":19950,"vehicleYearOfManufacture":2007,"advertiserCounty":"Galway","isPSL":true,"privatePSL":false,"vehicleImageId":"13759757","imagecount":3,"isTrade":false},{"advertId":"201250211399692","vehicleMake":"Mercedes-Benz","vehicleModel":"C-Class","vehicleDerivative":"C200CDi","vehiclePriceEuro":19595,"vehicleYearOfManufacture":2007,"advertiserCounty":"Galway","isPSL":true,"privatePSL":false,"vehicleImageId":"14204674","imagecount":5,"isTrade":false},{"advertId":"31213487543637320","vehicleMake":"Mercedes-Benz","vehicleModel":"C-Class","vehicleDerivative":"C C220 CDI A/T 220","vehiclePriceEuro":17250,"vehicleYearOfManufacture":2007,"advertiserCounty":"Dublin","isPSL":false,"privatePSL":false,"vehicleImageId":"090fca1e-75b1-4c4d-ba6e-179e981e4a2e","imagecount":11,"advertiserName":"TR Motors Services Ltd","isTrade":true},{"advertId":"33913614679672930","vehicleMake":"Mercedes-Benz","vehicleModel":"C-Class","vehicleDerivative":"STUNNING CAR","vehiclePriceEuro":16400,"vehicleYearOfManufacture":2007,"advertiserCounty":"Cork","isPSL":true,"privatePSL":false,"vehicleImageId":"42aff4ca-ed90-43bf-92b7-a4290fddef10","imagecount":17,"advertiserName":"Kearys Hyundai Mallow","isTrade":true},{"advertId":"14413398574703400","vehicleMake":"Mercedes-Benz","vehicleModel":"C-Class","vehicleDerivative":"C220 CDI Leather Sat Nav  ELEGANCE 4DR","vehiclePriceEuro":15950,"vehicleYearOfManufacture":2007,"advertiserCounty":"Cork","isPSL":false,"privatePSL":false,"vehicleImageId":"afe037f0-cb8d-4069-9117-ac72ec2b0040","imagecount":16,"advertiserName":"Motorview KIA","isTrade":true},{"advertId":"34113615344309500","vehicleMake":"Mercedes-Benz","vehicleModel":"C-Class","vehicleDerivative":"C220CDI SE 4DR A/T **NEW MODEL**","vehiclePriceEuro":15950,"vehicleYearOfManufacture":2007,"advertiserCounty":"Westmeath","isPSL":true,"privatePSL":false,"imagecount":0,"advertiserName":"Michael Moore Athlone","isTrade":true},{"advertId":"201305212250743","vehicleMake":"Mercedes-Benz","vehicleModel":"C-Class","vehicleDerivative":"CDI CLASSIC SE 4DR AUTO","vehiclePriceEuro":15950,"vehicleYearOfManufacture":2007,"advertiserCounty":"Mayo","isPSL":true,"privatePSL":false,"vehicleImageId":"13963383","imagecount":9,"isTrade":false},{"advertId":"613238505366970","vehicleMake":"Mercedes-Benz","vehicleModel":"C-Class","vehicleDerivative":"200 Cdi Elegance Auto","vehiclePriceEuro":14995,"vehicleYearOfManufacture":2007,"advertiserCounty":"Tipperary","isPSL":false,"privatePSL":false,"vehicleImageId":"0d78c853-a205-4f2d-a235-333fe5ee325c","imagecount":7,"advertiserName":"Autoplatz","isTrade":true},{"advertId":"32713596313663120","vehicleMake":"Mercedes-Benz","vehicleModel":"C-Class","vehicleDerivative":"180 K AUTO SPORT","vehiclePriceEuro":14995,"vehicleYearOfManufacture":2007,"advertiserCounty":"Dublin","isPSL":true,"privatePSL":false,"vehicleImageId":"956d5862-6493-4f2e-addd-7587655764d1","imagecount":9,"advertiserName":"Park Motors Mercedes (MSL)","isTrade":true},{"advertId":"201250211426609","vehicleMake":"Mercedes-Benz","vehicleModel":"C-Class","vehicleDerivative":"New Model C 180","vehiclePriceEuro":14900,"vehicleYearOfManufacture":2007,"advertiserCounty":"Dublin","isPSL":true,"privatePSL":false,"vehicleImageId":"13412311","imagecount":9,"isTrade":false},{"advertId":"34013615316272430","vehicleMake":"Mercedes-Benz","vehicleModel":"C-Class","vehicleDerivative":"C C SERIES CDI 4DR 200","vehiclePriceEuro":13975,"vehicleYearOfManufacture":2007,"advertiserCounty":"Waterford","isPSL":true,"privatePSL":false,"vehicleImageId":"2716951f-b62a-4dea-bab1-bf54476573bd","imagecount":5,"advertiserName":"Bolands","isTrade":true},{"advertId":"5513309929200950","vehicleMake":"Mercedes-Benz","vehicleModel":"C-Class","vehicleDerivative":"C200 CDI A/T 4DR CLASSIC","vehiclePriceEuro":13000,"vehicleYearOfManufacture":2007,"advertiserCounty":"Tipperary","isPSL":false,"privatePSL":false,"vehicleImageId":"3099e4fc-bf34-4756-b28b-72fc25798fc5","imagecount":8,"advertiserName":"Strang Motors Ltd","isTrade":true},{"advertId":"201245210926493","vehicleMake":"Mercedes-Benz","vehicleModel":"C-Class","vehicleDerivative":"C K A/T 4DR 180","vehiclePriceEuro":13000,"vehicleYearOfManufacture":2007,"advertiserCounty":"Meath","isPSL":true,"privatePSL":false,"vehicleImageId":"14127503","imagecount":9,"isTrade":false},{"advertId":"201302211892061","vehicleMake":"Mercedes-Benz","vehicleModel":"C-Class","vehicleDerivative":"C SPORTS COUPE 180","vehiclePriceEuro":13000,"vehicleYearOfManufacture":2007,"advertiserCounty":"Kilkenny","isPSL":true,"privatePSL":false,"vehicleImageId":"14257362","imagecount":4,"isTrade":false},{"advertId":"201309212698597","vehicleMake":"Mercedes-Benz","vehicleModel":"C-Class","vehicleDerivative":"KOMPRESSOR CLASSIC SE A","vehiclePriceEuro":12995,"vehicleYearOfManufacture":2007,"advertiserCounty":"Dublin","isPSL":true,"privatePSL":false,"vehicleImageId":"13654057","imagecount":6,"isTrade":false},{"advertId":"33913608539414670","vehicleMake":"Mercedes-Benz","vehicleModel":"C-Class","vehicleDerivative":"C 200 CDI","vehiclePriceEuro":12950,"vehicleYearOfManufacture":2007,"advertiserCounty":"Carlow","isPSL":false,"privatePSL":false,"imagecount":0,"advertiserName":"Sheehy Motors Carlow","isTrade":true},{"advertId":"34213620714729230","vehicleMake":"Mercedes-Benz","vehicleModel":"C-Class","vehicleDerivative":"SPORT AUTO / LOW MILES / FULL HISTORY / NCT FEBUARY 2015 / TAX OCTOBER 2013 / SAME DAY FINANCE / TRADE IN'S WELCOM / DEPOSIT SECURES","vehiclePriceEuro":12900,"vehicleYearOfManufacture":2007,"advertiserCounty":"Dublin","isPSL":false,"privatePSL":false,"vehicleImageId":"e236fbcc-a477-4f9e-8212-2e22c007580a","imagecount":15,"advertiserName":"Beacon Motors Limited","isTrade":true},{"advertId":"201245210926496","vehicleMake":"Mercedes-Benz","vehicleModel":"C-Class","vehicleDerivative":"C K 4DR 180","vehiclePriceEuro":12000,"vehicleYearOfManufacture":2007,"advertiserCounty":"Wicklow","isPSL":true,"privatePSL":false,"vehicleImageId":"14127420","imagecount":2,"isTrade":false},{"advertId":"201246211015831","vehicleMake":"Mercedes-Benz","vehicleModel":"C-Class","vehicleDerivative":"C C180 K A/T 4DR 180","vehiclePriceEuro":11900,"vehicleYearOfManufacture":2007,"advertiserCounty":"Dublin","isPSL":true,"privatePSL":false,"vehicleImageId":"14145601","imagecount":3,"isTrade":false},{"advertId":"31413553139949170","vehicleMake":"Mercedes-Benz","vehicleModel":"C-Class","vehicleDerivative":"180 Sport Coupe","vehiclePriceEuro":11900,"vehicleYearOfManufacture":2007,"advertiserCounty":"Limerick","isPSL":true,"privatePSL":false,"vehicleImageId":"32e3ca24-3397-4562-9d08-bf9f4b47d80e","imagecount":8,"advertiserName":"Frank Hogan Ltd.","isTrade":true},{"advertId":"31513506409467840","vehicleMake":"Mercedes-Benz","vehicleModel":"C-Class","vehicleDerivative":"C180 Kompressor Auto","vehiclePriceEuro":11500,"vehicleYearOfManufacture":2007,"advertiserCounty":"Galway","isPSL":true,"privatePSL":false,"vehicleImageId":"cb9109ae-6fc9-424e-b5a1-e78fb8b6ef12","imagecount":5,"advertiserName":"Hogan Motors Galway","isTrade":true},{"advertId":"16713408752551370","vehicleMake":"Mercedes-Benz","vehicleModel":"C-Class","vehicleDerivative":"C SERIES CDI SE 02DR A","vehiclePriceEuro":11450,"vehicleYearOfManufacture":2007,"advertiserCounty":"Dublin","isPSL":false,"privatePSL":false,"vehicleImageId":"82f6f8ef-a387-49cd-a9e7-c662b46c8194","imagecount":12,"advertiserName":"Glasnevin Motor Group","isTrade":true},{"advertId":"34013602267252780","vehicleMake":"Mercedes-Benz","vehicleModel":"C-Class","vehicleDerivative":"C180K Sports Coupe A/T","vehiclePriceEuro":11450,"vehicleYearOfManufacture":2007,"advertiserCounty":"Waterford","isPSL":false,"privatePSL":false,"vehicleImageId":"099d364c-e066-478f-9455-2785dda23a06","imagecount":8,"advertiserName":"Tom Murphy (Car Sales) Ltd.","isTrade":true},{"advertId":"6613370751801950","vehicleMake":"Mercedes-Benz","vehicleModel":"C-Class","vehicleDerivative":"C180K SPORT COUPE A/T EVOLUTION PACK LEATHER.","vehiclePriceEuro":10950,"vehicleYearOfManufacture":2007,"advertiserCounty":"Cavan","isPSL":false,"privatePSL":false,"vehicleImageId":"2b907e68-a039-4f49-8de9-0b602fba24d5","imagecount":13,"advertiserName":"Gilmores Kingscourt Limited","isTrade":true},{"advertId":"34013609205739750","vehicleMake":"Mercedes-Benz","vehicleModel":"C-Class","vehicleDerivative":"***AUTO***ALLOYS***FOGS***","vehiclePriceEuro":10950,"vehicleYearOfManufacture":2007,"advertiserCounty":"Wicklow","isPSL":false,"privatePSL":false,"vehicleImageId":"58165879-f4f9-4604-8ba3-b4d717fcc6d1","imagecount":8,"advertiserName":"Peter Deignan Cars","isTrade":true},{"advertId":"34013600551803230","vehicleMake":"Mercedes-Benz","vehicleModel":"C-Class","vehicleDerivative":"C SPORTS COUPE 180","vehiclePriceEuro":10945,"vehicleYearOfManufacture":2007,"advertiserCounty":"Sligo","isPSL":false,"privatePSL":false,"vehicleImageId":"ef1ca23a-b042-4e4c-98af-dc3cf3a1e873","imagecount":8,"advertiserName":"Martin Reilly","isTrade":true},{"advertId":"32913602574048440","vehicleMake":"Mercedes-Benz","vehicleModel":"C-Class","vehicleDerivative":"C SPORTS COUPE 180 *ONLY 44,000MILES*","vehiclePriceEuro":10900,"vehicleYearOfManufacture":2007,"advertiserCounty":"Meath","isPSL":false,"privatePSL":false,"vehicleImageId":"ceb25734-d1d8-4c45-914b-747fb261b78c","imagecount":12,"advertiserName":"Dunshaughlin Motor Company","isTrade":true},{"advertId":"201306212295888","vehicleMake":"Mercedes-Benz","vehicleModel":"C-Class","vehicleDerivative":"C SERIES180 KOMPRESSOR C SERIESLASSIC SERIES SE 4DR A","vehiclePriceEuro":10500,"vehicleYearOfManufacture":2007,"advertiserCounty":"Clare","isPSL":true,"privatePSL":false,"vehicleImageId":"14317203","imagecount":6,"isTrade":false},{"advertId":"34313609336348860","vehicleMake":"Mercedes-Benz","vehicleModel":"C-Class","vehicleDerivative":"C C180 K A/T 4DR 180.","vehiclePriceEuro":10450,"vehicleYearOfManufacture":2007,"advertiserCounty":"Dublin","isPSL":false,"privatePSL":false,"imagecount":0,"advertiserName":"Autodynamic","isTrade":true},{"advertId":"31913595840145130","vehicleMake":"Mercedes-Benz","vehicleModel":"C-Class","vehicleDerivative":"AUTOMATIC WITH LEATHER FULL SERVICE HISTORY ONE OWNER NCT 01/15","vehiclePriceEuro":9950,"vehicleYearOfManufacture":2007,"advertiserCounty":"Dublin","isPSL":false,"privatePSL":false,"vehicleImageId":"437bb757-31ca-4509-b106-2f785ac851cf","imagecount":20,"advertiserName":"Cambridge Motor Company","isTrade":true},{"advertId":"31713596438049480","vehicleMake":"Mercedes-Benz","vehicleModel":"C-Class","vehicleDerivative":"C180 SPORT COUPE A/T","vehiclePriceEuro":9950,"vehicleYearOfManufacture":2007,"advertiserCounty":"Louth","isPSL":false,"privatePSL":false,"vehicleImageId":"4956f5a5-423b-411f-afa0-6a06255aeadd","imagecount":10,"advertiserName":"Auto Assure","isTrade":true},{"advertId":"30913486565207650","vehicleMake":"Mercedes-Benz","vehicleModel":"C-Class","vehicleDerivative":"C180 K 4DR 180","vehiclePriceEuro":9500,"vehicleYearOfManufacture":2007,"advertiserCounty":"Meath","isPSL":false,"privatePSL":false,"vehicleImageId":"563ee833-4c47-4b92-b5dd-c1d7919f35b7","imagecount":10,"advertiserName":"Kevin Brady Car Sales","isTrade":true},{"advertId":"10613395145549460","vehicleMake":"Mercedes-Benz","vehicleModel":"C-Class","vehicleDerivative":"C C SERIES CDI 4DR 200..LEATHER SEATS..","vehiclePriceEuro":8750,"vehicleYearOfManufacture":2007,"advertiserCounty":"Dublin","isPSL":true,"privatePSL":false,"vehicleImageId":"809f2d4a-1198-40fe-bfd8-305e678bfaf2","imagecount":9,"advertiserName":"Murphy Doyle","isTrade":true},{"advertId":"31513497279664520","vehicleMake":"Mercedes-Benz","vehicleModel":"C-Class","vehicleDerivative":"C 200 CDI 4DR  6 SPEED","vehiclePriceEuro":0,"vehicleYearOfManufacture":2007,"advertiserCounty":"Tipperary","isPSL":false,"privatePSL":false,"vehicleImageId":"cd15035d-89ac-4479-b35a-0a6234e1fa72","imagecount":8,"advertiserName":"Strang Motors Ltd","isTrade":true},{"advertId":"32913609444724320","vehicleMake":"Mercedes-Benz","vehicleModel":"C-Class","vehicleDerivative":"C220CDI AUTO AVANTGARDE LEATHER NEW MODEL.","vehiclePriceEuro":0,"vehicleYearOfManufacture":2007,"advertiserCounty":"Cavan","isPSL":false,"privatePSL":false,"vehicleImageId":"04e8bdea-cfb4-447d-a1a6-9874ab45bef4","imagecount":20,"advertiserName":"Gilmores Kingscourt Limited","isTrade":true},{"advertId":"32913614663257800","vehicleMake":"Mercedes-Benz","vehicleModel":"C-Class","vehicleDerivative":"C SERIES220 C SERIESDI SE 4DR A","vehiclePriceEuro":0,"vehicleYearOfManufacture":2007,"advertiserCounty":"Dublin","isPSL":false,"privatePSL":false,"vehicleImageId":"c8abfc0d-1dea-481a-8cda-ff04d3ca96b8","imagecount":7,"advertiserName":"Tractamotors Blanchardstown","isTrade":true},{"advertId":"201305212273159","vehicleMake":"Mercedes-Benz","vehicleModel":"C-Class","vehicleDerivative":"220 Diesel","vehiclePriceEuro":15200,"vehicleYearOfManufacture":2006,"advertiserCounty":"Donegal","isPSL":true,"privatePSL":false,"vehicleImageId":"13962660","imagecount":5,"isTrade":false},{"advertId":"31913576644747820","vehicleMake":"Mercedes-Benz","vehicleModel":"C-Class","vehicleDerivative":"C180 K Sports","vehiclePriceEuro":13900,"vehicleYearOfManufacture":2006,"advertiserCounty":"Mayo","isPSL":false,"privatePSL":false,"vehicleImageId":"844168ce-b9d1-46a2-8777-a07078fa2fa9","imagecount":9,"advertiserName":"Tim Hastings Ltd","isTrade":true},{"advertId":"201242210554842","vehicleMake":"Mercedes-Benz","vehicleModel":"C-Class","vehicleDerivative":"200 C CDI 4DR 200","vehiclePriceEuro":13500,"vehicleYearOfManufacture":2006,"advertiserCounty":"Cork","isPSL":true,"privatePSL":false,"vehicleImageId":"12572273","imagecount":6,"isTrade":false},{"advertId":"201305212228149","vehicleMake":"Mercedes-Benz","vehicleModel":"C-Class","vehicleDerivative":"C K A/T 4DR 180","vehiclePriceEuro":13000,"vehicleYearOfManufacture":2006,"advertiserCounty":"Wicklow","isPSL":true,"privatePSL":false,"vehicleImageId":"14307147","imagecount":7,"isTrade":false},{"advertId":"201302211936866","vehicleMake":"Mercedes-Benz","vehicleModel":"C-Class","vehicleDerivative":"C SERIES CDI AVANTGARDE SE 05DR A","vehiclePriceEuro":12000,"vehicleYearOfManufacture":2006,"advertiserCounty":"Kildare","isPSL":true,"privatePSL":false,"imagecount":0,"isTrade":false},{"advertId":"201301211800602","vehicleMake":"Mercedes-Benz","vehicleModel":"C-Class","vehicleDerivative":"200 Diesel Avantgarde","vehiclePriceEuro":12000,"vehicleYearOfManufacture":2006,"advertiserCounty":"Galway","isPSL":true,"privatePSL":false,"vehicleImageId":"14245215","imagecount":4,"isTrade":false},{"advertId":"201247211099604","vehicleMake":"Mercedes-Benz","vehicleModel":"C-Class","vehicleDerivative":"180","vehiclePriceEuro":12000,"vehicleYearOfManufacture":2006,"advertiserCounty":"Dublin","isPSL":true,"privatePSL":false,"imagecount":0,"isTrade":false},{"advertId":"34313621920670610","vehicleMake":"Mercedes-Benz","vehicleModel":"C-Class","vehicleDerivative":"180 K AUTO","vehiclePriceEuro":11995,"vehicleYearOfManufacture":2006,"advertiserCounty":"Dublin","isPSL":true,"privatePSL":false,"vehicleImageId":"e629d840-ca2c-4c2b-9cfc-35523ff8711e","imagecount":1,"advertiserName":"Park Motors Mercedes (MSL)","isTrade":true},{"advertId":"201310212771437","vehicleMake":"Mercedes-Benz","vehicleModel":"C-Class","vehicleDerivative":"C SERIES CDI SPORT EDITION 4DR A","vehiclePriceEuro":11850,"vehicleYearOfManufacture":2006,"advertiserCounty":"Dublin","isPSL":true,"privatePSL":false,"vehicleImageId":"14069191","imagecount":9,"isTrade":false},{"advertId":"201246210973646","vehicleMake":"Mercedes-Benz","vehicleModel":"C-Class","vehicleDerivative":"2.2 CDI SE 02DR","vehiclePriceEuro":11500,"vehicleYearOfManufacture":2006,"advertiserCounty":"Meath","isPSL":true,"privatePSL":false,"vehicleImageId":"11197024","imagecount":9,"isTrade":false},{"advertId":"201242210598005","vehicleMake":"Mercedes-Benz","vehicleModel":"C-Class","vehicleDerivative":"C K A/T 4DR 180","vehiclePriceEuro":10999,"vehicleYearOfManufacture":2006,"advertiserCounty":"Limerick","isPSL":true,"privatePSL":false,"vehicleImageId":"14064752","imagecount":9,"isTrade":false},{"advertId":"31813573037910640","vehicleMake":"Mercedes-Benz","vehicleModel":"C-Class","vehicleDerivative":"C SERIES CDI CLASSIC SE A- SOLD","vehiclePriceEuro":10900,"vehicleYearOfManufacture":2006,"advertiserCounty":"Meath","isPSL":false,"privatePSL":false,"vehicleImageId":"1707beda-39ec-46c5-b91c-5ab57be2d019","imagecount":8,"advertiserName":"John Kelly Motor Co.","isTrade":true}],"totalAdvertCount":45174}