{"adverts":[{"advertId":"201248211199349","vehicleMake":"BMW","vehicleModel":"3 Series","vehicleDerivative":"316 I E46 SE 04DR","vehiclePriceEuro":3250,"vehicleYearOfManufacture":2001,"advertiserCounty":"Kildare","isPSL":true,"privatePSL":false,"vehicleImageId":"14175286","imagecount":5,"isTrade":false},{"advertId":"201305212273214","vehicleMake":"BMW","vehicleModel":"3 Series","vehicleDerivative":"318 I 1.9","vehiclePriceEuro":3250,"vehicleYearOfManufacture":2001,"advertiserCounty":"Westmeath","isPSL":true,"privatePSL":false,"vehicleImageId":"13961813","imagecount":8,"isTrade":false},{"advertId":"201304212137454","vehicleMake":"BMW","vehicleModel":"3 Series","vehiclePriceEuro":3200,"vehicleYearOfManufacture":2001,"advertiserCounty":"Cork","isPSL":true,"privatePSL":false,"vehicleImageId":"14290339","imagecount":7,"isTrade":false},{"advertId":"201242210572941","vehicleMake":"BMW","vehicleModel":"3 Series","vehicleDerivative":"318 COUPE","vehiclePriceEuro":3200,"vehicleYearOfManufacture":2001,"advertiserCounty":"Cork","isPSL":true,"privatePSL":false,"vehicleImageId":"14059387","imagecount":9,"isTrade":false},{"advertId":"201303211982343","vehicleMake":"BMW","vehicleModel":"3 Series","vehicleDerivative":"320 D","vehiclePriceEuro":3175,"vehicleYearOfManufacture":2001,"advertiserCounty":"Limerick","isPSL":true,"privatePSL":false,"imagecount":0,"isTrade":false},{"advertId":"201243210627991","vehicleMake":"BMW","vehicleModel":"3 Series","vehicleDerivative":"318 CI E46 SE 02DR","vehiclePriceEuro":3150,"vehicleYearOfManufacture":2001,"advertiserCounty":"Dublin","isPSL":true,"privatePSL":false,"vehicleImageId":"14069950","imagecount":9,"isTrade":false},{"advertId":"201305212227885","vehicleMake":"BMW","vehicleModel":"3 Series","vehicleDerivative":"318 E46 1.9I SE 04DR","vehiclePriceEuro":3100,"vehicleYearOfManufacture":2001,"advertiserCounty":"Dublin","isPSL":true,"privatePSL":false,"vehicleImageId":"14306377","imagecount":9,"isTrade":false},{"advertId":"201248211234559","vehicleMake":"BMW","vehicleModel":"3 Series","vehicleDerivative":"320 E46 CI SE 02DR","vehiclePriceEuro":3000,"vehicleYearOfManufacture":2001,"advertiserCounty":"Cork","isPSL":true,"privatePSL":false,"vehicleImageId":"14180119","imagecount":9,"isTrade":false},{"advertId":"201242210591935","vehicleMake":"BMW","vehicleModel":"3 Series","vehiclePriceEuro":3000,"vehicleYearOfManufacture":2001,"advertiserCounty":"Louth","isPSL":true,"privatePSL":false,"vehicleImageId":"14063911","imagecount":6,"isTrade":false},{"advertId":"201305212273550","vehicleMake":"BMW","vehicleModel":"3 Series","vehicleDerivative":"SE","vehiclePriceEuro":2999,"vehicleYearOfManufacture":2001,"advertiserCounty":"Kildare","isPSL":true,"privatePSL":false,"vehicleImageId":"13117412","imagecount":4,"isTrade":false},{"advertId":"6313354424348790","vehicleMake":"BMW","vehicleModel":"3 Series","vehicleDerivative":"330 CI Coupe / SPRING SALE NOW ON WAS €3750 NOW!","vehiclePriceEuro":2999,"vehicleYearOfManufacture":2001,"advertiserCounty":"Dublin","isPSL":false,"privatePSL":false,"vehicleImageId":"4d184395-d485-40af-b9b9-73237a15b220","imagecount":8,"advertiserName":"Webb Motors","isTrade":true},{"advertId":"201303211982166","vehicleMake":"BMW","vehicleModel":"3 Series","vehicleDerivative":"316 I E46 SE 04DR","vehiclePriceEuro":2999,"vehicleYearOfManufacture":2001,"advertiserCounty":"Dublin","isPSL":true,"privatePSL":false,"vehicleImageId":"14269379","imagecount":1,"isTrade":false},{"advertId":"201243210671803","vehicleMake":"BMW","vehicleModel":"3 Series","vehicleDerivative":"318 E46 1.9 CI 02DR","vehiclePriceEuro":2999,"vehicleYearOfManufacture":2001,"advertiserCounty":"Dublin","isPSL":true,"privatePSL":false,"vehicleImageId":"14078403","imagecount":9,"isTrade":false},{"advertId":"31413588805076500","vehicleMake":"BMW","vehicleModel":"3 Series","vehicleDerivative":"320D SE TOURING 5DR // NEW NCT","vehiclePriceEuro":2950,"vehicleYearOfManufacture":2001,"advertiserCounty":"Kildare","isPSL":false,"privatePSL":false,"vehicleImageId":"1699ca47-378d-48cf-a797-2bade3fd4061","imagecount":11,"advertiserName":"Charlie Donnelly Cars","isTrade":true},{"advertId":"201251211515906","vehicleMake":"BMW","vehicleModel":"3 Series","vehicleDerivative":"320dsl","vehiclePriceEuro":2950,"vehicleYearOfManufacture":2001,"advertiserCounty":"Wicklow","isPSL":true,"privatePSL":false,"vehicleImageId":"11290145","imagecount":4,"isTrade":false},{"advertId":"34213609215926370","vehicleMake":"BMW","vehicleModel":"3 Series","vehicleDerivative":"***COUPE***LEATHER***ALLOYS***","vehiclePriceEuro":2950,"vehicleYearOfManufacture":2001,"advertiserCounty":"Wicklow","isPSL":false,"privatePSL":false,"vehicleImageId":"4486370a-3af2-4a77-be46-928f6a31c277","imagecount":9,"advertiserName":"Peter Deignan Cars","isTrade":true},{"advertId":"201301211776918","vehicleMake":"BMW","vehicleModel":"3 Series","vehicleDerivative":"320 E46 CI SE 2DR","vehiclePriceEuro":2950,"vehicleYearOfManufacture":2001,"advertiserCounty":"Dublin","isPSL":true,"privatePSL":false,"vehicleImageId":"14241315","imagecount":9,"isTrade":false},{"advertId":"813261897881570","vehicleMake":"BMW","vehicleModel":"3 Series","vehicleDerivative":"316 1.6","vehiclePriceEuro":2950,"vehicleYearOfManufacture":2001,"advertiserCounty":"Dublin","isPSL":false,"privatePSL":false,"vehicleImageId":"83042943-af28-4910-a24f-5d1cf80ec36b","imagecount":8,"advertiserName":"Glasnevin Motor Group","isTrade":true},{"advertId":"201250211405521","vehicleMake":"BMW","vehicleModel":"3 Series","vehicleDerivative":"320 4DR","vehiclePriceEuro":2950,"vehicleYearOfManufacture":2001,"advertiserCounty":"Cork","isPSL":true,"privatePSL":false,"vehicleImageId":"14205409","imagecount":5,"isTrade":false},{"advertId":"201250211405737","vehicleMake":"BMW","vehicleModel":"3 Series","vehicleDerivative":"318 I 1.9","vehiclePriceEuro":2950,"vehicleYearOfManufacture":2001,"advertiserCounty":"Dublin","isPSL":true,"privatePSL":false,"vehicleImageId":"12817694","imagecount":4,"isTrade":false},{"advertId":"34213612028933360","vehicleMake":"BMW","vehicleModel":"3 Series","vehicleDerivative":"320 SE","vehiclePriceEuro":2950,"vehicleYearOfManufacture":2001,"advertiserCounty":"Dublin","isPSL":false,"privatePSL":false,"vehicleImageId":"4bd4943e-b005-4629-993a-9cd72c74e2af","imagecount":10,"advertiserName":"Walsh Motors","isTrade":true},{"advertId":"201306212363531","vehicleMake":"BMW","vehicleModel":"3 Series","vehicleDerivative":"318 E46 1.9I 04DR A","vehiclePriceEuro":2900,"vehicleYearOfManufacture":2001,"advertiserCounty":"Meath","isPSL":true,"privatePSL":false,"vehicleImageId":"13165356","imagecount":9,"isTrade":false},{"advertId":"32013573225371260","vehicleMake":"BMW","vehicleModel":"3 Series","vehicleDerivative":"316i / NEW NCT / FSH","vehiclePriceEuro":2750,"vehicleYearOfManufacture":2001,"advertiserCounty":"Kildare","isPSL":false,"privatePSL":false,"vehicleImageId":"49aaebf2-f7a2-4968-8932-cd4e9eb73515","imagecount":10,"advertiserName":"Charlie Donnelly Cars","isTrade":true},{"advertId":"201305212204855","vehicleMake":"BMW","vehicleModel":"3 Series","vehicleDerivative":"318 SE","vehiclePriceEuro":2750,"vehicleYearOfManufacture":2001,"advertiserCounty":"Dublin","isPSL":true,"privatePSL":false,"vehicleImageId":"14301752","imagecount":5,"isTrade":false},{"advertId":"201251211518209","vehicleMake":"BMW","vehicleModel":"3 Series","vehicleDerivative":"316","vehiclePriceEuro":2750,"vehicleYearOfManufacture":2001,"advertiserCounty":"Dublin","isPSL":true,"privatePSL":false,"vehicleImageId":"13420095","imagecount":7,"isTrade":false},{"advertId":"201246210994548","vehicleMake":"BMW","vehicleModel":"3 Series","vehicleDerivative":"318 E46 1.9 CI SE 2DR","vehiclePriceEuro":2750,"vehicleYearOfManufacture":2001,"advertiserCounty":"Dublin","isPSL":true,"privatePSL":false,"vehicleImageId":"14142937","imagecount":1,"isTrade":false},{"advertId":"201251211515911","vehicleMake":"BMW","vehicleModel":"3 Series","vehicleDerivative":"318","vehiclePriceEuro":2700,"vehicleYearOfManufacture":2001,"advertiserCounty":"Meath","isPSL":true,"privatePSL":false,"vehicleImageId":"13846972","imagecount":6,"isTrade":false},{"advertId":"201247211120352","vehicleMake":"BMW","vehicleModel":"3 Series","vehicleDerivative":"316 1.6","vehiclePriceEuro":2650,"vehicleYearOfManufacture":2001,"advertiserCounty":"Dublin","isPSL":true,"privatePSL":false,"vehicleImageId":"14163233","imagecount":9,"isTrade":false},{"advertId":"201306212296128","vehicleMake":"BMW","vehicleModel":"3 Series","vehicleDerivative":"318 I 1.9","vehiclePriceEuro":2650,"vehicleYearOfManufacture":2001,"advertiserCounty":"Dublin","isPSL":true,"privatePSL":false,"vehicleImageId":"13973899","imagecount":9,"isTrade":false},{"advertId":"201304212115141","vehicleMake":"BMW","vehicleModel":"3 Series","vehicleDerivative":"320d sport m-tec","vehiclePriceEuro":2650,"vehicleYearOfManufacture":2001,"advertiserCounty":"Monaghan","isPSL":true,"privatePSL":false,"vehicleImageId":"14286345","imagecount":5,"isTrade":false},{"advertId":"34013620775918590","vehicleMake":"BMW","vehicleModel":"3 Series","vehicleDerivative":"E46 318i SE Automatic & Leather","vehiclePriceEuro":2595,"vehicleYearOfManufacture":2001,"advertiserCounty":"Sligo","isPSL":false,"privatePSL":false,"vehicleImageId":"f428ff6f-5ee0-432f-ad8f-e5f401e12ce3","imagecount":10,"advertiserName":"Coen's Car Sales","isTrade":true},{"advertId":"201308212592942","vehicleMake":"BMW","vehicleModel":"3 Series","vehicleDerivative":"E46 SE TOURING 136BHP 5DR","vehiclePriceEuro":2500,"vehicleYearOfManufacture":2001,"advertiserCounty":"Louth","isPSL":true,"privatePSL":false,"vehicleImageId":"14362661","imagecount":9,"isTrade":false},{"advertId":"201242210599153","vehicleMake":"BMW","vehicleModel":"3 Series","vehicleDerivative":"325 CI","vehiclePriceEuro":2500,"vehicleYearOfManufacture":2001,"advertiserCounty":"Cork","isPSL":true,"privatePSL":false,"vehicleImageId":"14065531","imagecount":4,"isTrade":false},{"advertId":"201250211384075","vehicleMake":"BMW","vehicleModel":"3 Series","vehicleDerivative":"318 CI E46 SE 02DR","vehiclePriceEuro":2500,"vehicleYearOfManufacture":2001,"advertiserCounty":"Dublin","isPSL":true,"privatePSL":false,"vehicleImageId":"13817229","imagecount":9,"isTrade":false},{"advertId":"201245210926458","vehicleMake":"BMW","vehicleModel":"3 Series","vehicleDerivative":"316 i 1.9","vehiclePriceEuro":2500,"vehicleYearOfManufacture":2001,"advertiserCounty":"Dublin","isPSL":true,"privatePSL":false,"vehicleImageId":"14127275","imagecount":9,"isTrade":false},{"advertId":"201307212457218","vehicleMake":"BMW","vehicleModel":"3 Series","vehicleDerivative":"318 E46 2.0 CI SE 02DR","vehiclePriceEuro":2500,"vehicleYearOfManufacture":2001,"advertiserCounty":"Dublin","isPSL":true,"privatePSL":false,"vehicleImageId":"13999290","imagecount":9,"isTrade":false},{"advertId":"201242210585917","vehicleMake":"BMW","vehicleModel":"3 Series","vehicleDerivative":"318 I 1.9 A/T","vehiclePriceEuro":2500,"vehicleYearOfManufacture":2001,"advertiserCounty":"Dublin","isPSL":true,"privatePSL":false,"vehicleImageId":"14069824","imagecount":9,"isTrade":false},{"advertId":"34213612026212790","vehicleMake":"BMW","vehicleModel":"3 Series","vehicleDerivative":"318 SE","vehiclePriceEuro":2450,"vehicleYearOfManufacture":2001,"advertiserCounty":"Dublin","isPSL":false,"privatePSL":false,"vehicleImageId":"89f024a4-21ed-42f5-8f63-c8624c4fcec9","imagecount":10,"advertiserName":"Walsh Motors","isTrade":true},{"advertId":"31813578210531730","vehicleMake":"BMW","vehicleModel":"3 Series","vehicleDerivative":"318 SE","vehiclePriceEuro":2450,"vehicleYearOfManufacture":2001,"advertiserCounty":"Dublin","isPSL":false,"privatePSL":false,"imagecount":0,"advertiserName":"Clarehall Motor Centre","isTrade":true},{"advertId":"201305212228275","vehicleMake":"BMW","vehicleModel":"3 Series","vehicleDerivative":"323 CI E46 02DR","vehiclePriceEuro":2450,"vehicleYearOfManufacture":2001,"advertiserCounty":"Dublin","isPSL":true,"privatePSL":false,"vehicleImageId":"14307747","imagecount":1,"isTrade":false},{"advertId":"201247211058310","vehicleMake":"BMW","vehicleModel":"3 Series","vehicleDerivative":"320 CI","vehiclePriceEuro":2400,"vehicleYearOfManufacture":2001,"advertiserCounty":"Dublin","isPSL":true,"privatePSL":false,"vehicleImageId":"14151779","imagecount":9,"isTrade":false},{"advertId":"201309212698648","vehicleMake":"BMW","vehicleModel":"3 Series","vehicleDerivative":"318 E46 1.9I SE 04DR","vehiclePriceEuro":2350,"vehicleYearOfManufacture":2001,"advertiserCounty":"Dublin","isPSL":true,"privatePSL":false,"vehicleImageId":"13654208","imagecount":4,"isTrade":false},{"advertId":"201251211518171","vehicleMake":"BMW","vehicleModel":"3 Series","vehicleDerivative":"316 I E46 SE 04DR","vehiclePriceEuro":2300,"vehicleYearOfManufacture":2001,"advertiserCounty":"Limerick","isPSL":true,"privatePSL":false,"vehicleImageId":"13847560","imagecount":8,"isTrade":false},{"advertId":"32013509071966420","vehicleMake":"BMW","vehicleModel":"3 Series","vehicleDerivative":"318 1.9 CI Coupe","vehiclePriceEuro":2250,"vehicleYearOfManufacture":2001,"advertiserCounty":"Kildare","isPSL":true,"privatePSL":false,"vehicleImageId":"18904800-06c1-4af9-bfca-9cbbb5f8b9aa","imagecount":6,"advertiserName":"Olympic Car Sales","isTrade":true},{"advertId":"31713503899371980","vehicleMake":"BMW","vehicleModel":"3 Series","vehicleDerivative":"316","vehiclePriceEuro":2250,"vehicleYearOfManufacture":2001,"advertiserCounty":"Dublin","isPSL":false,"privatePSL":false,"vehicleImageId":"3382385b-a653-4c6e-b62c-9c58b1a3b09f","imagecount":6,"advertiserName":"Drimnagh Motors Ltd.","isTrade":true},{"advertId":"201310212771200","vehicleMake":"BMW","vehicleModel":"3 Series","vehicleDerivative":"I E46 SE 4DR","vehiclePriceEuro":2250,"vehicleYearOfManufacture":2001,"advertiserCounty":"Dublin","isPSL":true,"privatePSL":false,"vehicleImageId":"14386310","imagecount":9,"isTrade":false},{"advertId":"31813592135027300","vehicleMake":"BMW","vehicleModel":"3 Series","vehicleDerivative":"318 I... FULL LEATHER... LOW MILEAGE... VERY CLEAN CAR.","vehiclePriceEuro":2250,"vehicleYearOfManufacture":2001,"advertiserCounty":"Cork","isPSL":false,"privatePSL":false,"vehicleImageId":"dcdd0557-26f7-4b3e-b5f5-35ed828bb596","imagecount":8,"advertiserName":"Denis Cullinane Car Sales","isTrade":true},{"advertId":"201305212182457","vehicleMake":"BMW","vehicleModel":"3 Series","vehicleDerivative":"316 SE","vehiclePriceEuro":2200,"vehicleYearOfManufacture":2001,"advertiserCounty":"Dublin","isPSL":true,"privatePSL":false,"vehicleImageId":"14296987","imagecount":8,"isTrade":false},{"advertId":"201250211362719","vehicleMake":"BMW","vehicleModel":"3 Series","vehicleDerivative":"325 CI","vehiclePriceEuro":2100,"vehicleYearOfManufacture":2001,"advertiserCounty":"Dublin","isPSL":true,"privatePSL":false,"vehicleImageId":"13820948","imagecount":7,"isTrade":false},{"advertId":"201302211824199","vehicleMake":"BMW","vehicleModel":"3 Series","vehicleDerivative":"316 I E46 SE 04DR","vehiclePriceEuro":2100,"vehicleYearOfManufacture":2001,"advertiserCounty":"Wicklow","isPSL":true,"privatePSL":false,"vehicleImageId":"13890160","imagecount":9,"isTrade":false},{"advertId":"201245210865750","vehicleMake":"BMW","vehicleModel":"3 Series","vehicleDerivative":"318 COUPE","vehiclePriceEuro":2100,"vehicleYearOfManufacture":2001,"advertiserCounty":"Dublin","isPSL":true,"privatePSL":false,"vehicleImageId":"14108806","imagecount":4,"isTrade":false},{"advertId":"201304212070682","vehicleMake":"BMW","vehicleModel":"3 Series","vehicleDerivative":"330 D","vehiclePriceEuro":2000,"vehicleYearOfManufacture":2001,"advertiserCounty":"Kildare","isPSL":true,"privatePSL":false,"vehicleImageId":"14280219","imagecount":9,"isTrade":false},{"advertId":"201243210667946","vehicleMake":"BMW","vehicleModel":"3 Series","vehicleDerivative":"316 E46 I SE 04DR","vehiclePriceEuro":2000,"vehicleYearOfManufacture":2001,"advertiserCounty":"Dublin","isPSL":true,"privatePSL":false,"vehicleImageId":"14077452","imagecount":4,"isTrade":false},{"advertId":"201245210892294","vehicleMake":"BMW","vehicleModel":"3 Series","vehicleDerivative":"320i","vehiclePriceEuro":1995,"vehicleYearOfManufacture":2001,"advertiserCounty":"Dublin","isPSL":true,"privatePSL":false,"vehicleImageId":"14114072","imagecount":5,"isTrade":false},{"advertId":"33213596493012050","vehicleMake":"BMW","vehicleModel":"3 Series","vehicleDerivative":"316 I E46 SE 4DR","vehiclePriceEuro":1950,"vehicleYearOfManufacture":2001,"advertiserCounty":"Cork","isPSL":false,"privatePSL":false,"vehicleImageId":"4cef686b-7a01-459a-b662-bb1e37e2dc81","imagecount":12,"advertiserName":"Airport Road Car Sales","isTrade":true},{"advertId":"31913582422479340","vehicleMake":"BMW","vehicleModel":"3 Series","vehicleDerivative":"318 I 1.9","vehiclePriceEuro":1900,"vehicleYearOfManufacture":2001,"advertiserCounty":"Dublin","isPSL":false,"privatePSL":false,"vehicleImageId":"06d0fe2e-7aaa-471c-9b9e-5c5a527d67df","imagecount":9,"advertiserName":"Frank Harte Motors","isTrade":true},{"advertId":"201303211960040","vehicleMake":"BMW","vehicleModel":"3 Series","vehicleDerivative":"316 1.6 MPower","vehiclePriceEuro":1800,"vehicleYearOfManufacture":2001,"advertiserCounty":"Kildare","isPSL":true,"privatePSL":false,"vehicleImageId":"14265066","imagecount":5,"isTrade":false},{"advertId":"201245210926616","vehicleMake":"BMW","vehicleModel":"3 Series","vehicleDerivative":"318 SE","vehiclePriceEuro":1750,"vehicleYearOfManufacture":2001,"advertiserCounty":"Limerick","isPSL":true,"privatePSL":false,"vehicleImageId":"14127906","imagecount":6,"isTrade":false},{"advertId":"33213613724460320","vehicleMake":"BMW","vehicleModel":"3 Series","vehicleDerivative":"316 1.9 PETROL - NEW NCT JANUARY 2014-ROAD TAX APRIL 2013 -CALL ANYTIME 087-092-5525","vehiclePriceEuro":1250,"vehicleYearOfManufacture":2001,"advertiserCounty":"Dublin","isPSL":false,"privatePSL":false,"vehicleImageId":"d30a5a82-0efe-4220-be8e-284441d1e3ca","imagecount":13,"advertiserName":"Leinster Motor Group","isTrade":true},{"advertId":"201302211824153","vehicleMake":"BMW","vehicleModel":"3 Series","vehicleDerivative":"316i","vehiclePriceEuro":950,"vehicleYearOfManufacture":2001,"advertiserCounty":"Dublin","isPSL":true,"privatePSL":false,"vehicleImageId":"13890252","imagecount":3,"isTrade":false},{"advertId":"201305212273190","vehicleMake":"BMW","vehicleModel":"3 Series","vehicleDerivative":"318","vehiclePriceEuro":7200,"vehicleYearOfManufacture":2000,"advertiserCounty":"Clare","isPSL":true,"privatePSL":false,"vehicleImageId":"13962165","imagecount":9,"isTrade":false},{"advertId":"201305212205380","vehicleMake":"BMW","vehicleModel":"3 Series","vehicleDerivative":"318 COUPE","vehiclePriceEuro":4000,"vehicleYearOfManufacture":2000,"advertiserCounty":"Cork","isPSL":true,"privatePSL":false,"vehicleImageId":"14303306","imagecount":7,"isTrade":false},{"advertId":"201245210926546","vehicleMake":"BMW","vehicleModel":"3 Series","vehicleDerivative":"318 I 1.9 A/T","vehiclePriceEuro":3750,"vehicleYearOfManufacture":2000,"advertiserCounty":"Galway","isPSL":true,"privatePSL":false,"vehicleImageId":"14127728","imagecount":4,"isTrade":false},{"advertId":"201242210533209","vehicleMake":"BMW","vehicleModel":"3 Series","vehicleDerivative":"318 I 1.9","vehiclePriceEuro":3750,"vehicleYearOfManufacture":2000,"advertiserCounty":"Dublin","isPSL":true,"privatePSL":false,"vehicleImageId":"12578985","imagecount":1,"isTrade":false},{"advertId":"201245210905469","vehicleMake":"BMW","vehicleModel":"3 Series","vehicleDerivative":"323 CONVERTIBLE","vehiclePriceEuro":3750,"vehicleYearOfManufacture":2000,"advertiserCounty":"Wicklow","isPSL":true,"privatePSL":false,"vehicleImageId":"14122771","imagecount":9,"isTrade":false},{"advertId":"201251211518017","vehicleMake":"BMW","vehicleModel":"3 Series","vehicleDerivative":"316 1.6","vehiclePriceEuro":3750,"vehicleYearOfManufacture":2000,"advertiserCounty":"Dublin","isPSL":true,"privatePSL":false,"vehicleImageId":"13421378","imagecount":3,"isTrade":false},{"advertId":"201245210926638","vehicleMake":"BMW","vehicleModel":"3 Series","vehicleDerivative":"318","vehiclePriceEuro":3600,"vehicleYearOfManufacture":2000,"advertiserCounty":"Kilkenny","isPSL":true,"privatePSL":false,"vehicleImageId":"14128053","imagecount":5,"isTrade":false},{"advertId":"201243210686732","vehicleMake":"BMW","vehicleModel":"3 Series","vehicleDerivative":"318 COUPE","vehiclePriceEuro":3500,"vehicleYearOfManufacture":2000,"advertiserCounty":"Kildare","isPSL":true,"privatePSL":false,"vehicleImageId":"14081161","imagecount":9,"isTrade":false},{"advertId":"201309212698606","vehicleMake":"BMW","vehicleModel":"3 Series","vehicleDerivative":"318 COUPE €€€PRICE DROP€€€","vehiclePriceEuro":3500,"vehicleYearOfManufacture":2000,"advertiserCounty":"Dublin","isPSL":true,"privatePSL":false,"vehicleImageId":"14040097","imagecount":9,"isTrade":false},{"advertId":"201243210664908","vehicleMake":"BMW","vehicleModel":"3 Series","vehicleDerivative":"320","vehiclePriceEuro":3500,"vehicleYearOfManufacture":2000,"advertiserCounty":"Dublin","isPSL":true,"privatePSL":false,"vehicleImageId":"14077005","imagecount":8,"isTrade":false},{"advertId":"201247211100225","vehicleMake":"BMW","vehicleModel":"3 Series","vehicleDerivative":"318 E46 Ci","vehiclePriceEuro":3400,"vehicleYearOfManufacture":2000,"advertiserCounty":"Laois","isPSL":true,"privatePSL":false,"vehicleImageId":"14159272","imagecount":7,"isTrade":false},{"advertId":"201303211960009","vehicleMake":"BMW","vehicleModel":"3 Series","vehicleDerivative":"318 E46 1.9 CI 2DR","vehiclePriceEuro":3300,"vehicleYearOfManufacture":2000,"advertiserCounty":"Tipperary","isPSL":true,"privatePSL":false,"vehicleImageId":"14265047","imagecount":7,"isTrade":false},{"advertId":"201242210591965","vehicleMake":"BMW","vehicleModel":"3 Series","vehicleDerivative":"318 I E46 04DR","vehiclePriceEuro":3250,"vehicleYearOfManufacture":2000,"advertiserCounty":"Dublin","isPSL":true,"privatePSL":false,"vehicleImageId":"14064079","imagecount":6,"isTrade":false},{"advertId":"201251211518206","vehicleMake":"BMW","vehicleModel":"3 Series","vehicleDerivative":"318 COUPE","vehiclePriceEuro":3000,"vehicleYearOfManufacture":2000,"advertiserCounty":"Offaly","isPSL":true,"privatePSL":false,"vehicleImageId":"13846403","imagecount":8,"isTrade":false},{"advertId":"201251211497853","vehicleMake":"BMW","vehicleModel":"3 Series","vehicleDerivative":"318 I E46 SE 04DR","vehiclePriceEuro":3000,"vehicleYearOfManufacture":2000,"advertiserCounty":"Offaly","isPSL":true,"privatePSL":false,"vehicleImageId":"13421251","imagecount":5,"isTrade":false},{"advertId":"201303211982178","vehicleMake":"BMW","vehicleModel":"3 Series","vehicleDerivative":"318 COUPE","vehiclePriceEuro":3000,"vehicleYearOfManufacture":2000,"advertiserCounty":"Dublin","isPSL":true,"privatePSL":false,"vehicleImageId":"13905626","imagecount":5,"isTrade":false},{"advertId":"201305212182615","vehicleMake":"BMW","vehicleModel":"3 Series","vehicleDerivative":"323 CI E46 SE 02DR","vehiclePriceEuro":2999,"vehicleYearOfManufacture":2000,"advertiserCounty":"Kildare","isPSL":true,"privatePSL":false,"vehicleImageId":"14297354","imagecount":8,"isTrade":false},{"advertId":"201242210572960","vehicleMake":"BMW","vehicleModel":"3 Series","vehicleDerivative":"328 2.8","vehiclePriceEuro":2995,"vehicleYearOfManufacture":2000,"advertiserCounty":"Dublin","isPSL":true,"privatePSL":false,"vehicleImageId":"14059485","imagecount":7,"isTrade":false},{"advertId":"201304212137569","vehicleMake":"BMW","vehicleModel":"3 Series","vehicleDerivative":"318 E46 1.9 CI 02DR","vehiclePriceEuro":2950,"vehicleYearOfManufacture":2000,"advertiserCounty":"Laois","isPSL":true,"privatePSL":false,"vehicleImageId":"14290769","imagecount":3,"isTrade":false},{"advertId":"201250211362722","vehicleMake":"BMW","vehicleModel":"3 Series","vehicleDerivative":"320 D","vehiclePriceEuro":2950,"vehicleYearOfManufacture":2000,"advertiserCounty":"Mayo","isPSL":true,"privatePSL":false,"vehicleImageId":"13821030","imagecount":7,"isTrade":false},{"advertId":"34013622232763570","vehicleMake":"BMW","vehicleModel":"3 Series","vehicleDerivative":"318 CI E46 A/T Coupe","vehiclePriceEuro":2950,"vehicleYearOfManufacture":2000,"advertiserCounty":"Meath","isPSL":false,"privatePSL":false,"vehicleImageId":"06a03084-34b5-4613-9d6b-5cbc7c01d8b2","imagecount":12,"advertiserName":"Dunshaughlin Motor Company","isTrade":true},{"advertId":"413241343467940","vehicleMake":"BMW","vehicleModel":"3 Series","vehicleDerivative":"330 CI Coupe","vehiclePriceEuro":2950,"vehicleYearOfManufacture":2000,"advertiserCounty":"Dublin","isPSL":true,"privatePSL":false,"vehicleImageId":"b05c2ed6-4e01-4235-987f-6469febe756e","imagecount":9,"advertiserName":"Auto Trust","isTrade":true},{"advertId":"201246211008319","vehicleMake":"BMW","vehicleModel":"3 Series","vehicleDerivative":"318 I 1.9","vehiclePriceEuro":2900,"vehicleYearOfManufacture":2000,"advertiserCounty":"Kildare","isPSL":true,"privatePSL":false,"vehicleImageId":"14144627","imagecount":7,"isTrade":false},{"advertId":"201242210576563","vehicleMake":"BMW","vehicleModel":"3 Series","vehicleDerivative":"328","vehiclePriceEuro":2900,"vehicleYearOfManufacture":2000,"advertiserCounty":"Dublin","isPSL":true,"privatePSL":false,"vehicleImageId":"14060569","imagecount":9,"isTrade":false},{"advertId":"201243210628098","vehicleMake":"BMW","vehicleModel":"3 Series","vehicleDerivative":"320 D","vehiclePriceEuro":2800,"vehicleYearOfManufacture":2000,"advertiserCounty":"Galway","isPSL":true,"privatePSL":false,"vehicleImageId":"14070510","imagecount":6,"isTrade":false},{"advertId":"201250211375134","vehicleMake":"BMW","vehicleModel":"3 Series","vehicleDerivative":"316 I E36 COMPACT 03DR A","vehiclePriceEuro":2550,"vehicleYearOfManufacture":2000,"advertiserCounty":"Galway","isPSL":true,"privatePSL":false,"vehicleImageId":"14201160","imagecount":8,"isTrade":false},{"advertId":"201306212318698","vehicleMake":"BMW","vehicleModel":"3 Series","vehicleDerivative":"318 CI E46 SE 02DR","vehiclePriceEuro":2500,"vehicleYearOfManufacture":2000,"advertiserCounty":"Dublin","isPSL":true,"privatePSL":false,"vehicleImageId":"13979994","imagecount":5,"isTrade":false},{"advertId":"201305212273509","vehicleMake":"BMW","vehicleModel":"3 Series","vehiclePriceEuro":2500,"vehicleYearOfManufacture":2000,"advertiserCounty":"Dublin","isPSL":true,"privatePSL":false,"vehicleImageId":"13958777","imagecount":5,"isTrade":false},{"advertId":"201306212363474","vehicleMake":"BMW","vehicleModel":"3 Series","vehicleDerivative":"316 1.6","vehiclePriceEuro":2500,"vehicleYearOfManufacture":2000,"advertiserCounty":"Dublin","isPSL":true,"privatePSL":false,"vehicleImageId":"12495043","imagecount":7,"isTrade":false},{"advertId":"201304212070656","vehicleMake":"BMW","vehicleModel":"3 Series","vehicleDerivative":"3 1.9 SERIES AUTO","vehiclePriceEuro":2500,"vehicleYearOfManufacture":2000,"advertiserCounty":"Dublin","isPSL":true,"privatePSL":false,"vehicleImageId":"14280137","imagecount":7,"isTrade":false},{"advertId":"201244210760744","vehicleMake":"BMW","vehicleModel":"3 Series","vehicleDerivative":"318 E46 1.9 CI 02DR A","vehiclePriceEuro":2499,"vehicleYearOfManufacture":2000,"advertiserCounty":"Dublin","isPSL":true,"privatePSL":false,"vehicleImageId":"14090908","imagecount":9,"isTrade":false},{"advertId":"201306212341293","vehicleMake":"BMW","vehicleModel":"3 Series","vehicleDerivative":"318 CI","vehiclePriceEuro":2450,"vehicleYearOfManufacture":2000,"advertiserCounty":"Cork","isPSL":true,"privatePSL":false,"vehicleImageId":"13983827","imagecount":5,"isTrade":false},{"advertId":"201247211100046","vehicleMake":"BMW","vehicleModel":"3 Series","vehicleDerivative":"318 I 1.9","vehiclePriceEuro":2400,"vehicleYearOfManufacture":2000,"advertiserCounty":"Dublin","isPSL":true,"privatePSL":false,"vehicleImageId":"14158926","imagecount":9,"isTrade":false},{"advertId":"201244210802398","vehicleMake":"BMW","vehicleModel":"3 Series","vehicleDerivative":"323 COUPE","vehiclePriceEuro":2350,"vehicleYearOfManufacture":2000,"advertiserCounty":"Dublin","isPSL":true,"privatePSL":false,"vehicleImageId":"13709854","imagecount":4,"isTrade":false},{"advertId":"201245210905623","vehicleMake":"BMW","vehicleModel":"3 Series","vehicleDerivative":"318 I 1.9","vehiclePriceEuro":2300,"vehicleYearOfManufacture":2000,"advertiserCounty":"Cork","isPSL":true,"privatePSL":false,"vehicleImageId":"14123104","imagecount":7,"isTrade":false},{"advertId":"5513323293494650","vehicleMake":"BMW","vehicleModel":"3 Series","vehicleDerivative":"316","vehiclePriceEuro":2250,"vehicleYearOfManufacture":2000,"advertiserCounty":"Limerick","isPSL":false,"privatePSL":false,"vehicleImageId":"22b1ef57-727c-4dcd-b7c3-e06c041341da","imagecount":7,"advertiserName":"John Moloney Motors","isTrade":true},{"advertId":"201245210873012","vehicleMake":"BMW","vehicleModel":"3 Series","vehicleDerivative":"320 E46 D SE 150BHP 4DR","vehiclePriceEuro":2250,"vehicleYearOfManufacture":2000,"advertiserCounty":"Wicklow","isPSL":true,"privatePSL":false,"vehicleImageId":"14109675","imagecount":9,"isTrade":false},{"advertId":"4913296920268460","vehicleMake":"BMW","vehicleModel":"3 Series","vehicleDerivative":"316 I SE","vehiclePriceEuro":2250,"vehicleYearOfManufacture":2000,"advertiserCounty":"Cork","isPSL":false,"privatePSL":false,"vehicleImageId":"9d984c0b-4ab0-4c70-9692-0750c7721442","imagecount":13,"advertiserName":"Clarke Bros (Bandon)","isTrade":true},{"advertId":"201245210892285","vehicleMake":"BMW","vehicleModel":"3 Series","vehicleDerivative":"318 I 1.9","vehiclePriceEuro":2250,"vehicleYearOfManufacture":2000,"advertiserCounty":"Wexford","isPSL":true,"privatePSL":false,"vehicleImageId":"14113941","imagecount":6,"isTrade":false},{"advertId":"201306212318502","vehicleMake":"BMW","vehicleModel":"3 Series","vehicleDerivative":"323ci","vehiclePriceEuro":2200,"vehicleYearOfManufacture":2000,"advertiserCounty":"Cork","isPSL":true,"privatePSL":false,"vehicleImageId":"13980139","imagecount":7,"isTrade":false}],"totalAdvertCount":45174}