{"adverts":[{"advertId":"31713573168873180","vehicleMake":"Nissan","vehicleModel":"Micra","vehicleDerivative":"1.2 VISIA 5DR  --FANTASTIC VALUE--","vehiclePriceEuro":6950,"vehicleYearOfManufacture":2010,"advertiserCounty":"Dublin","isPSL":true,"privatePSL":false,"vehicleImageId":"45881fe4-4387-4860-b2a3-344e06fce6bc","imagecount":9,"advertiserName":"Right Price Cars (Prussia Street)","isTrade":true},{"advertId":"34013597385525960","vehicleMake":"Nissan","vehicleModel":"Micra","vehicleDerivative":"1.2 VISIA -EXCELLENT.VALUE.","vehiclePriceEuro":6950,"vehicleYearOfManufacture":2010,"advertiserCounty":"Dublin","isPSL":true,"privatePSL":false,"vehicleImageId":"91f32a10-4a85-42f1-a688-df50836eebb8","imagecount":6,"advertiserName":"Right Price Cars Airport","isTrade":true},{"advertId":"32913601704524550","vehicleMake":"Nissan","vehicleModel":"Micra","vehicleDerivative":"1.2 VISIA 5DR--FANTASTIC PRICE--","vehiclePriceEuro":6950,"vehicleYearOfManufacture":2010,"advertiserCounty":"Dublin","isPSL":true,"privatePSL":false,"vehicleImageId":"ffe518f9-8a4b-434b-a1d8-858a09328089","imagecount":9,"advertiserName":"Right Price Cars (Prussia Street)","isTrade":true},{"advertId":"33913607763302340","vehicleMake":"Nissan","vehicleModel":"Micra","vehicleDerivative":"1.2 VISIA 5DR--EXCELLENT PRICE--","vehiclePriceEuro":6950,"vehicleYearOfManufacture":2010,"advertiserCounty":"Dublin","isPSL":true,"privatePSL":false,"vehicleImageId":"bf62a9ea-9cb7-4812-be50-3a02051ae6e8","imagecount":9,"advertiserName":"Right Price Cars (Prussia Street)","isTrade":true},{"advertId":"31813576382638470","vehicleMake":"Nissan","vehicleModel":"Micra","vehicleDerivative":"***SOLD*** VISIA 5DR--VERY ECONOMICAL--","vehiclePriceEuro":6950,"vehicleYearOfManufacture":2010,"advertiserCounty":"Dublin","isPSL":true,"privatePSL":false,"vehicleImageId":"1d5da24d-f4f2-485f-96f1-172ffe7df1e3","imagecount":9,"advertiserName":"Right Price Cars (Prussia Street)","isTrade":true},{"advertId":"31213479876361670","vehicleMake":"Nissan","vehicleModel":"Micra","vehicleDerivative":"1.2 VISIA 5DR","vehiclePriceEuro":6950,"vehicleYearOfManufacture":2010,"advertiserCounty":"Dublin","isPSL":false,"privatePSL":false,"vehicleImageId":"2cff5626-2f40-4d84-8f25-333716edaabd","imagecount":6,"advertiserName":"Tom Walsh Motors Ltd","isTrade":true},{"advertId":"31813547272149720","vehicleMake":"Nissan","vehicleModel":"Micra","vehicleDerivative":"1.2 XL 5DR ELITE","vehiclePriceEuro":6950,"vehicleYearOfManufacture":2010,"advertiserCounty":"Dublin","isPSL":false,"privatePSL":false,"vehicleImageId":"111246eb-12b7-4459-befd-8120158faf1f","imagecount":10,"advertiserName":"Trade Price Cars","isTrade":true},{"advertId":"813263833769530","vehicleMake":"Nissan","vehicleModel":"Micra","vehicleDerivative":"1.2 VISIA 5DR","vehiclePriceEuro":6900,"vehicleYearOfManufacture":2010,"advertiserCounty":"Cork","isPSL":false,"privatePSL":false,"vehicleImageId":"1a5132da-0874-4ddf-a136-a41dcadd557d","imagecount":20,"advertiserName":"Great Island Motors Ltd","isTrade":true},{"advertId":"34013600866854100","vehicleMake":"Nissan","vehicleModel":"Micra","vehicleDerivative":"1.2 VISIA 5DR HATCHBACK P/S C/D C/L E/W E/M ABS MULTIPLE AIRBAGS SUPERB CONDITION","vehiclePriceEuro":6500,"vehicleYearOfManufacture":2010,"advertiserCounty":"Dublin","isPSL":false,"privatePSL":false,"vehicleImageId":"7bc604f4-128e-4af3-8f14-fc42e6ccb840","imagecount":6,"advertiserName":"Declan Gill Motors","isTrade":true},{"advertId":"32913600861217940","vehicleMake":"Nissan","vehicleModel":"Micra","vehicleDerivative":"1.2 VISIA 5DR HATCHBACK P/S C/D C/L E/W E/M 2 KEYS ABS MULTIPLE AIRBAGS CHEAP TO RUN SUPERB CONDITION","vehiclePriceEuro":6500,"vehicleYearOfManufacture":2010,"advertiserCounty":"Dublin","isPSL":false,"privatePSL":false,"vehicleImageId":"faea42bf-3e79-4ca4-a55b-329ac99e99f3","imagecount":8,"advertiserName":"Declan Gill Motors","isTrade":true},{"advertId":"32913600737706590","vehicleMake":"Nissan","vehicleModel":"Micra","vehicleDerivative":"1.2 VISIA 5DR TAX 02/13 TOP SPEC P/S C/D C/L E/W ABS MULTIPLE AIRBAGS  CHEAP TAX CHEAP TO RUN SUPERB CONDITION","vehiclePriceEuro":6500,"vehicleYearOfManufacture":2010,"advertiserCounty":"Dublin","isPSL":false,"privatePSL":false,"vehicleImageId":"97bac496-ca00-4795-a4bd-b2a5050843ae","imagecount":5,"advertiserName":"Declan Gill Motors","isTrade":true},{"advertId":"201243210627042","vehicleMake":"Nissan","vehicleModel":"Micra","vehicleDerivative":"1.2 VISIA 5DR","vehiclePriceEuro":6500,"vehicleYearOfManufacture":2010,"advertiserCounty":"Galway","isPSL":true,"privatePSL":false,"vehicleImageId":"14069353","imagecount":7,"isTrade":false},{"advertId":"33213617705982360","vehicleMake":"Nissan","vehicleModel":"Micra","vehicleDerivative":"1.2 Visia 5DR MANUAL","vehiclePriceEuro":0,"vehicleYearOfManufacture":2010,"advertiserCounty":"Kildare","isPSL":false,"privatePSL":false,"vehicleImageId":"aead75a3-8540-46bc-b66e-8e7569123185","imagecount":6,"advertiserName":"Merlin Car Auctions","isTrade":true},{"advertId":"34013619864756320","vehicleMake":"Nissan","vehicleModel":"Micra","vehicleDerivative":"1.2 XL 5DR ELITE NCT 03/14","vehiclePriceEuro":0,"vehicleYearOfManufacture":2010,"advertiserCounty":"Dublin","isPSL":true,"privatePSL":false,"vehicleImageId":"58df717b-1227-401a-a773-356d7ee2384b","imagecount":10,"advertiserName":"Right Price Cars Airport","isTrade":true},{"advertId":"33213610508569390","vehicleMake":"Nissan","vehicleModel":"Micra","vehicleDerivative":"**FINANCE AVAILABLE** AUTOMATIC, 5DR, MICRA, EXCELLENT ONE OWNER CAR, ALLOYS, AIR-CON, AS NEW, \"\"MUST BE SEEN\"\" N4CARS.ie","vehiclePriceEuro":0,"vehicleYearOfManufacture":2010,"advertiserCounty":"Dublin","isPSL":false,"privatePSL":false,"vehicleImageId":"983d3554-dd51-40ae-a634-183166817994","imagecount":13,"advertiserName":"N4 Car Sales","isTrade":true},{"advertId":"34213600840503880","vehicleMake":"Nissan","vehicleModel":"Micra","vehicleDerivative":"1.2SV 5Dr Auto","vehiclePriceEuro":12495,"vehicleYearOfManufacture":2009,"advertiserCounty":"Dublin","isPSL":false,"privatePSL":false,"vehicleImageId":"bfbcc90c-66bf-4aa9-bb9e-b843964e2a38","imagecount":13,"advertiserName":"Windsor Deansgrange","isTrade":true},{"advertId":"34113603135785000","vehicleMake":"Nissan","vehicleModel":"Micra","vehicleDerivative":"*DIESEL REALLY LOW RUNNING COSTS BAND A ROAD TAX*","vehiclePriceEuro":9777,"vehicleYearOfManufacture":2009,"advertiserCounty":"Dublin","isPSL":true,"privatePSL":false,"vehicleImageId":"e461186e-9e82-41bf-8f0f-427d2cafbd87","imagecount":7,"advertiserName":"Hutton & Meade","isTrade":true},{"advertId":"33413600840433880","vehicleMake":"Nissan","vehicleModel":"Micra","vehicleDerivative":"1.2 AUTO 5DR (THIS WEEKEND STRAIGHT SALE PRICE )","vehiclePriceEuro":9750,"vehicleYearOfManufacture":2009,"advertiserCounty":"Dublin","isPSL":false,"privatePSL":false,"vehicleImageId":"d39203e4-9876-4626-b6bb-918137cdb3c3","imagecount":10,"advertiserName":"Windsor Raheny","isTrade":true},{"advertId":"34013597258881110","vehicleMake":"Nissan","vehicleModel":"Micra","vehicleDerivative":"**SOLD**SOLD** AUTO NCT JULY 2015--LOW ROAD TAX--","vehiclePriceEuro":8950,"vehicleYearOfManufacture":2009,"advertiserCounty":"Dublin","isPSL":true,"privatePSL":false,"vehicleImageId":"e35efc80-f4dc-4a5b-851d-e63aea2fc2e5","imagecount":8,"advertiserName":"Right Price Cars Airport","isTrade":true},{"advertId":"34313600840432570","vehicleMake":"Nissan","vehicleModel":"Micra","vehicleDerivative":"NISSAN MICRA 1.2 SV","vehiclePriceEuro":8950,"vehicleYearOfManufacture":2009,"advertiserCounty":"Dublin","isPSL":false,"privatePSL":false,"vehicleImageId":"02d92561-aa6b-4eae-b9df-48d1f2da4d58","imagecount":8,"advertiserName":"Murphy Chambers Cars Ltd","isTrade":true},{"advertId":"201307212481279","vehicleMake":"Nissan","vehicleModel":"Micra","vehicleDerivative":"1.2 5DR SVE AUTO 09","vehiclePriceEuro":8900,"vehicleYearOfManufacture":2009,"advertiserCounty":"Meath","isPSL":true,"privatePSL":false,"vehicleImageId":"14346674","imagecount":8,"isTrade":false},{"advertId":"201302211824415","vehicleMake":"Nissan","vehicleModel":"Micra","vehicleDerivative":"1.2 SC 09 5DR A SV AUTO","vehiclePriceEuro":8750,"vehicleYearOfManufacture":2009,"advertiserCounty":"Dublin","isPSL":true,"privatePSL":false,"vehicleImageId":"14248535","imagecount":8,"isTrade":false},{"advertId":"34313615814071810","vehicleMake":"Nissan","vehicleModel":"Micra","vehicleDerivative":"1.2 5DR  (Call Raheny now 087 2211218)","vehiclePriceEuro":8750,"vehicleYearOfManufacture":2009,"advertiserCounty":"Dublin","isPSL":false,"privatePSL":false,"vehicleImageId":"a6363cb9-580c-4d82-a0f4-e4586460e243","imagecount":9,"advertiserName":"Windsor Raheny","isTrade":true},{"advertId":"31213481383322010","vehicleMake":"Nissan","vehicleModel":"Micra","vehicleDerivative":"1.2 SC 5DR AUTOMATIC *MICHAEL DAFFY CAR SALES*","vehiclePriceEuro":8500,"vehicleYearOfManufacture":2009,"advertiserCounty":"Limerick","isPSL":false,"privatePSL":false,"vehicleImageId":"6231d3c1-c4b0-4f2d-94fb-baea21c7b84d","imagecount":9,"advertiserName":"Michael Daffy Quality Car Sales","isTrade":true},{"advertId":"33213615276764920","vehicleMake":"Nissan","vehicleModel":"Micra","vehicleDerivative":"1.2 SV 09 5DR 2009","vehiclePriceEuro":8495,"vehicleYearOfManufacture":2009,"advertiserCounty":"Mayo","isPSL":false,"privatePSL":false,"vehicleImageId":"89f48684-81b1-4040-844d-0cec7a4cf2b2","imagecount":5,"advertiserName":"J.J. Griffith Ltd","isTrade":true},{"advertId":"33213609334205340","vehicleMake":"Nissan","vehicleModel":"Micra","vehicleDerivative":"1.5 SV 09 5DR 2009.","vehiclePriceEuro":8450,"vehicleYearOfManufacture":2009,"advertiserCounty":"Dublin","isPSL":false,"privatePSL":false,"vehicleImageId":"a7c459b4-bced-487a-b42b-5fe2adebfbb4","imagecount":6,"advertiserName":"Autodynamic","isTrade":true},{"advertId":"32913603135780050","vehicleMake":"Nissan","vehicleModel":"Micra","vehicleDerivative":"1.2 SV LOW KMS BAND B ROAD TAX","vehiclePriceEuro":8444,"vehicleYearOfManufacture":2009,"advertiserCounty":"Dublin","isPSL":true,"privatePSL":false,"vehicleImageId":"acb02be6-97e2-488d-b692-f1420cfda056","imagecount":3,"advertiserName":"Hutton & Meade","isTrade":true},{"advertId":"34113607681302690","vehicleMake":"Nissan","vehicleModel":"Micra","vehicleDerivative":"SXE 1.2 AIR CONDITIONING + 5DR","vehiclePriceEuro":8390,"vehicleYearOfManufacture":2009,"advertiserCounty":"Tipperary","isPSL":false,"privatePSL":false,"vehicleImageId":"c0e7bad2-5fd1-49b9-940b-c736bbbcf5a0","imagecount":9,"advertiserName":"Barlo Motors (Ford & Nissan)","isTrade":true},{"advertId":"201310212771220","vehicleMake":"Nissan","vehicleModel":"Micra","vehicleDerivative":"1.2 SPORT 5DR","vehiclePriceEuro":8200,"vehicleYearOfManufacture":2009,"advertiserCounty":"Dublin","isPSL":true,"privatePSL":false,"vehicleImageId":"14386406","imagecount":4,"isTrade":false},{"advertId":"33213600840522710","vehicleMake":"Nissan","vehicleModel":"Micra","vehicleDerivative":"1.2 5dr SV Auto","vehiclePriceEuro":7995,"vehicleYearOfManufacture":2009,"advertiserCounty":"Dublin","isPSL":false,"privatePSL":false,"vehicleImageId":"62a2f0d0-9442-4518-9b9c-4379c3ade2e2","imagecount":1,"advertiserName":"Windsor Liffey Valley","isTrade":true},{"advertId":"34313619269910870","vehicleMake":"Nissan","vehicleModel":"Micra","vehicleDerivative":"1.2 5dr SV Auto","vehiclePriceEuro":7995,"vehicleYearOfManufacture":2009,"advertiserCounty":"Dublin","isPSL":false,"privatePSL":false,"vehicleImageId":"7a932f82-f5e4-48ee-a2ac-11c106a53751","imagecount":1,"advertiserName":"Windsor Liffey Valley","isTrade":true},{"advertId":"34113600840508260","vehicleMake":"Nissan","vehicleModel":"Micra","vehicleDerivative":"SXE","vehiclePriceEuro":7995,"vehicleYearOfManufacture":2009,"advertiserCounty":"Dublin","isPSL":false,"privatePSL":false,"vehicleImageId":"f2db8092-4505-45d5-9def-2a1823b24ff5","imagecount":2,"advertiserName":"Windsor Belgard","isTrade":true},{"advertId":"32913600840506900","vehicleMake":"Nissan","vehicleModel":"Micra","vehicleDerivative":"SXE","vehiclePriceEuro":7995,"vehicleYearOfManufacture":2009,"advertiserCounty":"Dublin","isPSL":false,"privatePSL":false,"vehicleImageId":"935b2ae7-a9cd-4e27-afd1-4c9bf719ad1f","imagecount":7,"advertiserName":"Windsor Belgard","isTrade":true},{"advertId":"34213615606600050","vehicleMake":"Nissan","vehicleModel":"Micra","vehicleDerivative":"1.2  AUTO --NCT MARCH 2014--","vehiclePriceEuro":7950,"vehicleYearOfManufacture":2009,"advertiserCounty":"Dublin","isPSL":true,"privatePSL":false,"vehicleImageId":"d7fc737b-daae-4da5-a67e-0183db125179","imagecount":10,"advertiserName":"Right Price Cars Airport","isTrade":true},{"advertId":"7013382451892120","vehicleMake":"Nissan","vehicleModel":"Micra","vehicleDerivative":"1.2L Auto, Japanese, 2009 FACE-LIFT MODEL.","vehiclePriceEuro":7950,"vehicleYearOfManufacture":2009,"advertiserCounty":"Dublin","isPSL":false,"privatePSL":false,"vehicleImageId":"c18596e2-e3ee-454e-9907-6765de9e4b0b","imagecount":16,"advertiserName":"Fine Motors","isTrade":true},{"advertId":"34113609468448860","vehicleMake":"Nissan","vehicleModel":"Micra","vehicleDerivative":"1.2 SPORT + 5DR","vehiclePriceEuro":7950,"vehicleYearOfManufacture":2009,"advertiserCounty":"Kildare","isPSL":true,"privatePSL":false,"vehicleImageId":"5e06a879-1fa7-4b24-bd49-dc6f3f08d184","imagecount":8,"advertiserName":"PG Duffy & Sons","isTrade":true},{"advertId":"32913597978531220","vehicleMake":"Nissan","vehicleModel":"Micra","vehicleDerivative":"1.2 SV 09 5DR 2009","vehiclePriceEuro":7950,"vehicleYearOfManufacture":2009,"advertiserCounty":"Limerick","isPSL":true,"privatePSL":false,"vehicleImageId":"440b2687-f6c7-4051-abf8-f5c0ee70df84","imagecount":16,"advertiserName":"Limerick Motor Centre","isTrade":true},{"advertId":"32013535072291710","vehicleMake":"Nissan","vehicleModel":"Micra","vehicleDerivative":"Sport 1.2 3Dr JoeDuffy.ie","vehiclePriceEuro":7950,"vehicleYearOfManufacture":2009,"advertiserCounty":"Dublin","isPSL":true,"privatePSL":false,"vehicleImageId":"0d9cdb36-4224-4136-9aa0-77c9d8933d38","imagecount":8,"advertiserName":"Joe Duffy (Opel & Mazda)","isTrade":true},{"advertId":"34013601528231630","vehicleMake":"Nissan","vehicleModel":"Micra","vehicleDerivative":"1.2 5DR AUTO..BLUETOOTH/AUX AND T 03/15","vehiclePriceEuro":7750,"vehicleYearOfManufacture":2009,"advertiserCounty":"Dublin","isPSL":true,"privatePSL":false,"vehicleImageId":"b0ac5a63-3c24-4b81-b772-55f108443909","imagecount":12,"advertiserName":"Autocentre","isTrade":true},{"advertId":"34313611345890660","vehicleMake":"Nissan","vehicleModel":"Micra","vehicleDerivative":"1.2 SV 09 5DR 2009","vehiclePriceEuro":7750,"vehicleYearOfManufacture":2009,"advertiserCounty":"Sligo","isPSL":false,"privatePSL":false,"vehicleImageId":"37d22ad5-3319-4533-ac56-ddc259ec2de7","imagecount":7,"advertiserName":"Currid Motors","isTrade":true},{"advertId":"31413566579123160","vehicleMake":"Nissan","vehicleModel":"Micra","vehicleDerivative":"1.2 5dr SV ~ Tax €280","vehiclePriceEuro":7495,"vehicleYearOfManufacture":2009,"advertiserCounty":"Dublin","isPSL":false,"privatePSL":false,"vehicleImageId":"b89b2153-1e0e-4eb8-8878-2452382e3bfd","imagecount":9,"advertiserName":"Windsor Liffey Valley","isTrade":true},{"advertId":"31813561845556600","vehicleMake":"Nissan","vehicleModel":"Micra","vehicleDerivative":"1.2 5dr SV ~ Tax €280","vehiclePriceEuro":7495,"vehicleYearOfManufacture":2009,"advertiserCounty":"Dublin","isPSL":false,"privatePSL":false,"vehicleImageId":"51a39da8-c10d-4089-bdb5-b89e60b79f6c","imagecount":9,"advertiserName":"Windsor Liffey Valley","isTrade":true},{"advertId":"31913585336366050","vehicleMake":"Nissan","vehicleModel":"Micra","vehicleDerivative":"1.2 SPORT 5DR","vehiclePriceEuro":7250,"vehicleYearOfManufacture":2009,"advertiserCounty":"Dublin","isPSL":false,"privatePSL":false,"vehicleImageId":"e464cf99-eff0-47c1-9072-165da56fd55d","imagecount":7,"advertiserName":"Pat Barron Motors","isTrade":true},{"advertId":"34113605794075470","vehicleMake":"Nissan","vehicleModel":"Micra","vehicleDerivative":"1.2  SV AUTO..NEW NCT 1 OWNER,,FINANCE IN 1 HOUR,,","vehiclePriceEuro":6900,"vehicleYearOfManufacture":2009,"advertiserCounty":"Dublin","isPSL":false,"privatePSL":false,"vehicleImageId":"aac7e4a5-9ae0-4dce-af3e-6ca94f4363ed","imagecount":9,"advertiserName":"N 4 Autopoint","isTrade":true},{"advertId":"34313605798116530","vehicleMake":"Nissan","vehicleModel":"Micra","vehicleDerivative":"1.2 SV AUTO..NEW NCT 1 OWNER ,,FINANCE IN 1 HOUR,,,","vehiclePriceEuro":6900,"vehicleYearOfManufacture":2009,"advertiserCounty":"Dublin","isPSL":false,"privatePSL":false,"vehicleImageId":"3e8096b8-e715-4d50-b39a-9ccf821c0dbb","imagecount":8,"advertiserName":"N 4 Autopoint","isTrade":true},{"advertId":"31513595566972420","vehicleMake":"Nissan","vehicleModel":"Micra","vehicleDerivative":"1.2 SC 09 5DR A SV AUTO","vehiclePriceEuro":6895,"vehicleYearOfManufacture":2009,"advertiserCounty":"Dublin","isPSL":false,"privatePSL":false,"vehicleImageId":"7ae999f4-95a4-4ff0-9468-946984f5ef32","imagecount":8,"advertiserName":"Motorplex","isTrade":true},{"advertId":"31813595570904350","vehicleMake":"Nissan","vehicleModel":"Micra","vehicleDerivative":"1.2 SC 09 5DR A SV AUTO","vehiclePriceEuro":6795,"vehicleYearOfManufacture":2009,"advertiserCounty":"Dublin","isPSL":false,"privatePSL":false,"vehicleImageId":"f8e680b7-c75b-46ff-bf37-aaa1b69f9d0c","imagecount":8,"advertiserName":"Motorplex","isTrade":true},{"advertId":"33913600852870300","vehicleMake":"Nissan","vehicleModel":"Micra","vehicleDerivative":"1.2 AUTOMATIC 5DR HATCHBACK BRAND NEW NCT 2015 AIR CON  P/S C/D C/L E/W E/M ABS MULTIPLE AIRBAGS SUPERB CONDITION","vehiclePriceEuro":5950,"vehicleYearOfManufacture":2009,"advertiserCounty":"Dublin","isPSL":false,"privatePSL":false,"vehicleImageId":"33952365-f92c-4d68-9f0a-f50b99869aba","imagecount":7,"advertiserName":"Declan Gill Motors","isTrade":true},{"advertId":"34313619936255400","vehicleMake":"Nissan","vehicleModel":"Micra","vehicleDerivative":"1.2 SV 5dr","vehiclePriceEuro":5950,"vehicleYearOfManufacture":2009,"advertiserCounty":"Cork","isPSL":true,"privatePSL":false,"vehicleImageId":"a05a8153-d647-450b-8283-0118300a1212","imagecount":15,"advertiserName":"Autodirect.ie Cork","isTrade":true},{"advertId":"713261856938600","vehicleMake":"Nissan","vehicleModel":"Micra","vehicleDerivative":"1.2 SV 09 5DR 2009","vehiclePriceEuro":5900,"vehicleYearOfManufacture":2009,"advertiserCounty":"Cork","isPSL":false,"privatePSL":false,"vehicleImageId":"10d32532-a0f5-40c2-9e30-5db5b448a0f3","imagecount":20,"advertiserName":"Great Island Motors Ltd","isTrade":true},{"advertId":"201303211982336","vehicleMake":"Nissan","vehicleModel":"Micra","vehicleDerivative":"SXE 1.2 AIR CONDITIONING +","vehiclePriceEuro":8950,"vehicleYearOfManufacture":2008,"advertiserCounty":"Dublin","isPSL":true,"privatePSL":false,"vehicleImageId":"14269815","imagecount":3,"isTrade":false},{"advertId":"34313600840480890","vehicleMake":"Nissan","vehicleModel":"Micra","vehicleDerivative":"1.2 Sve 5DR...ONLY 28,000 ......White Metallic","vehiclePriceEuro":8495,"vehicleYearOfManufacture":2008,"advertiserCounty":"Dublin","isPSL":true,"privatePSL":false,"vehicleImageId":"8df60897-53f9-40e1-a586-979c368e0866","imagecount":10,"advertiserName":"Windsor Airside","isTrade":true},{"advertId":"34313600840435600","vehicleMake":"Nissan","vehicleModel":"Micra","vehicleDerivative":"1.2 5dr SXE + AC Auto ~ Tax €358 (CC based)","vehiclePriceEuro":7995,"vehicleYearOfManufacture":2008,"advertiserCounty":"Dublin","isPSL":false,"privatePSL":false,"vehicleImageId":"7bb58ddc-4578-4aa0-8e25-f02813eb825b","imagecount":9,"advertiserName":"Windsor Liffey Valley","isTrade":true},{"advertId":"34213602854566560","vehicleMake":"Nissan","vehicleModel":"Micra","vehicleDerivative":"1.2 Sxe + A/C...ONLY 65,000 Klms....Blue Metallic","vehiclePriceEuro":7995,"vehicleYearOfManufacture":2008,"advertiserCounty":"Dublin","isPSL":true,"privatePSL":false,"vehicleImageId":"69a1732c-aeb0-408f-8de1-b9d8f1d04203","imagecount":11,"advertiserName":"Windsor Airside","isTrade":true},{"advertId":"33413600840478060","vehicleMake":"Nissan","vehicleModel":"Micra","vehicleDerivative":"1.2 Pet 5dr Sport + AC ~ Tax €390","vehiclePriceEuro":7995,"vehicleYearOfManufacture":2008,"advertiserCounty":"Dublin","isPSL":false,"privatePSL":false,"vehicleImageId":"2cb6ea0a-3b7f-44cd-9067-ec22958d995c","imagecount":9,"advertiserName":"Windsor Liffey Valley","isTrade":true},{"advertId":"34113600840566130","vehicleMake":"Nissan","vehicleModel":"Micra","vehicleDerivative":"1.2 SXE with Air Con...ONLY 30,000 Klms..One Owner","vehiclePriceEuro":7995,"vehicleYearOfManufacture":2008,"advertiserCounty":"Dublin","isPSL":true,"privatePSL":false,"vehicleImageId":"a1c46e71-eaad-46c9-a46e-dbffe99d913e","imagecount":9,"advertiserName":"Windsor Airside","isTrade":true},{"advertId":"33413600840590420","vehicleMake":"Nissan","vehicleModel":"Micra","vehicleDerivative":"1.2 5dr Sport Auto","vehiclePriceEuro":7499,"vehicleYearOfManufacture":2008,"advertiserCounty":"Offaly","isPSL":true,"privatePSL":false,"vehicleImageId":"63eb199e-66c6-42af-aeb9-8182c4b60644","imagecount":8,"advertiserName":"Tullamore Nissan","isTrade":true},{"advertId":"32913608037552030","vehicleMake":"Nissan","vehicleModel":"Micra","vehicleDerivative":"1.2 5dr SXE Auto","vehiclePriceEuro":7499,"vehicleYearOfManufacture":2008,"advertiserCounty":"Offaly","isPSL":true,"privatePSL":false,"vehicleImageId":"1fcb2131-466c-4126-96e2-fefe23239fdf","imagecount":8,"advertiserName":"Tullamore Nissan","isTrade":true},{"advertId":"33413617956371200","vehicleMake":"Nissan","vehicleModel":"Micra","vehicleDerivative":"SXE 1.2 AIR CONDITIONING + 5DR","vehiclePriceEuro":7499,"vehicleYearOfManufacture":2008,"advertiserCounty":"Dublin","isPSL":true,"privatePSL":false,"vehicleImageId":"ed151ab7-9381-459c-bb97-840c7ebf599b","imagecount":9,"advertiserName":"Park Motors Hyundai (MSL)","isTrade":true},{"advertId":"34113600840567690","vehicleMake":"Nissan","vehicleModel":"Micra","vehicleDerivative":"1.2 SXE NISSAN MICRA WINDSOR GALWAY","vehiclePriceEuro":7495,"vehicleYearOfManufacture":2008,"advertiserCounty":"Galway","isPSL":false,"privatePSL":false,"vehicleImageId":"2b82a8a1-15d6-408f-8295-34e96a712cb2","imagecount":9,"advertiserName":"Windsor Galway","isTrade":true},{"advertId":"33913620565631920","vehicleMake":"Nissan","vehicleModel":"Micra","vehicleDerivative":"1.2 SXE 5DR (THIS WEEKEND STRAIGHT SALE PRICE )","vehiclePriceEuro":7250,"vehicleYearOfManufacture":2008,"advertiserCounty":"Dublin","isPSL":false,"privatePSL":false,"imagecount":0,"advertiserName":"Windsor Raheny","isTrade":true},{"advertId":"33413611888653420","vehicleMake":"Nissan","vehicleModel":"Micra","vehicleDerivative":"1.2 SPORT 5dr *LOW MILEAGE*","vehiclePriceEuro":7250,"vehicleYearOfManufacture":2008,"advertiserCounty":"Dublin","isPSL":true,"privatePSL":false,"vehicleImageId":"2d43bf31-5b7e-4d6b-93b1-dc811eb61f8c","imagecount":9,"advertiserName":"Mongey Plunkett Motors","isTrade":true},{"advertId":"34113600840582200","vehicleMake":"Nissan","vehicleModel":"Micra","vehicleDerivative":"***1.2 MICRA SVE WITH AIR CON***","vehiclePriceEuro":7225,"vehicleYearOfManufacture":2008,"advertiserCounty":"Cork","isPSL":true,"privatePSL":false,"vehicleImageId":"5c380307-4535-4022-bff0-f32a5abab00d","imagecount":5,"advertiserName":"Luceys Charleville (Nissan & Mazda)","isTrade":true},{"advertId":"5113292365293620","vehicleMake":"Nissan","vehicleModel":"Micra","vehicleDerivative":"SXE 1.2 AUTO NEW NCT 1 0WNER","vehiclePriceEuro":6950,"vehicleYearOfManufacture":2008,"advertiserCounty":"Dublin","isPSL":false,"privatePSL":false,"vehicleImageId":"5bfb6af4-6e40-4596-abfa-1a7d23de0179","imagecount":12,"advertiserName":"N 4 Autopoint","isTrade":true},{"advertId":"32013567789458560","vehicleMake":"Nissan","vehicleModel":"Micra","vehicleDerivative":"SXE 1.2 AIR CONDITIONING A/T +","vehiclePriceEuro":6850,"vehicleYearOfManufacture":2008,"advertiserCounty":"Donegal","isPSL":false,"privatePSL":false,"vehicleImageId":"44a4bd45-feab-497e-8a0a-7506f9d1a8fb","imagecount":5,"advertiserName":"Gallaghers Cars Ltd","isTrade":true},{"advertId":"31813535150961040","vehicleMake":"Nissan","vehicleModel":"Micra","vehicleDerivative":"SXE 1.2 AIR CONDITIONING + 5DR","vehiclePriceEuro":6500,"vehicleYearOfManufacture":2008,"advertiserCounty":"Tipperary","isPSL":false,"privatePSL":false,"vehicleImageId":"fe5ac965-b9b2-4b11-880c-11b2548acdff","imagecount":8,"advertiserName":"Jim Carey Car Sales","isTrade":true},{"advertId":"33213606615106820","vehicleMake":"Nissan","vehicleModel":"Micra","vehicleDerivative":"1.0 5 door as new  37000 miles","vehiclePriceEuro":6500,"vehicleYearOfManufacture":2008,"advertiserCounty":"Wexford","isPSL":false,"privatePSL":false,"imagecount":0,"advertiserName":"Tom Moran & Sons Ltd","isTrade":true},{"advertId":"34013611926301030","vehicleMake":"Nissan","vehicleModel":"Micra","vehicleDerivative":"SORRY JUST SOLD,BUT KEEP IN TOUCH","vehiclePriceEuro":6495,"vehicleYearOfManufacture":2008,"advertiserCounty":"Wicklow","isPSL":false,"privatePSL":false,"vehicleImageId":"47fc8588-76f1-4f1e-b057-a21016b10840","imagecount":1,"advertiserName":"Paul McGovern Car Sales","isTrade":true},{"advertId":"31113490978956520","vehicleMake":"Nissan","vehicleModel":"Micra","vehicleDerivative":"1.2 SXE","vehiclePriceEuro":5950,"vehicleYearOfManufacture":2008,"advertiserCounty":"Tipperary","isPSL":false,"privatePSL":false,"vehicleImageId":"c2ed60ec-aa57-49c9-b3ec-cb419e9ac7ef","imagecount":12,"advertiserName":"O Neills of Cashel","isTrade":true},{"advertId":"31713554867787180","vehicleMake":"Nissan","vehicleModel":"Micra","vehicleDerivative":"SXE 1.2 AIR CONDITIONING A/T +","vehiclePriceEuro":5950,"vehicleYearOfManufacture":2008,"advertiserCounty":"Kildare","isPSL":true,"privatePSL":false,"vehicleImageId":"f431f512-1135-4574-b32a-1d5f599f7a32","imagecount":7,"advertiserName":"Olympic Car Sales","isTrade":true},{"advertId":"201246210973614","vehicleMake":"Nissan","vehicleModel":"Micra","vehicleDerivative":"SXE 1.2 AIR CONDITIONING + 05DR","vehiclePriceEuro":4995,"vehicleYearOfManufacture":2008,"advertiserCounty":"Dublin","isPSL":true,"privatePSL":false,"imagecount":0,"isTrade":false},{"advertId":"34013603174803150","vehicleMake":"Nissan","vehicleModel":"Micra","vehicleDerivative":"SXE 1.2 AIR CONDITIONING A/T +","vehiclePriceEuro":0,"vehicleYearOfManufacture":2008,"advertiserCounty":"Westmeath","isPSL":false,"privatePSL":false,"vehicleImageId":"091dd95d-41c3-4ed7-ade8-f4a5a92d8610","imagecount":12,"advertiserName":"Keenan Bauer Motors","isTrade":true},{"advertId":"34213600793390730","vehicleMake":"Nissan","vehicleModel":"Micra","vehicleDerivative":"1.2 SPORT AUTO WITH NCT HERE AT MOONEYS","vehiclePriceEuro":7995,"vehicleYearOfManufacture":2007,"advertiserCounty":"Dublin","isPSL":true,"privatePSL":false,"vehicleImageId":"5e208ed1-cf30-42ca-9b87-e719f9c8d394","imagecount":10,"advertiserName":"MOONEY'S","isTrade":true},{"advertId":"33913604217273950","vehicleMake":"Nissan","vehicleModel":"Micra","vehicleDerivative":"1.2 SPORT 5DR AUTO","vehiclePriceEuro":7500,"vehicleYearOfManufacture":2007,"advertiserCounty":"Galway","isPSL":true,"privatePSL":false,"vehicleImageId":"33f44338-4493-43d2-bf77-e8bf2b7500d6","imagecount":6,"advertiserName":"Kenny Galway","isTrade":true},{"advertId":"33413609766198650","vehicleMake":"Nissan","vehicleModel":"Micra","vehicleDerivative":"5DR 1.2 SPORT **LOW MILEAGE**","vehiclePriceEuro":7495,"vehicleYearOfManufacture":2007,"advertiserCounty":"Dublin","isPSL":false,"privatePSL":false,"vehicleImageId":"122437b2-a428-4894-99a2-842e3a719337","imagecount":7,"advertiserName":"Windsor Bray","isTrade":true},{"advertId":"201305212273539","vehicleMake":"Nissan","vehicleModel":"Micra","vehicleDerivative":"1.2 SPORT 5DR AUTO, SUNROOF, ALLOYS , LOW MILEAGE (BEST BUY - SEE COMPARE)","vehiclePriceEuro":7295,"vehicleYearOfManufacture":2007,"advertiserCounty":"Dublin","isPSL":true,"privatePSL":false,"vehicleImageId":"13959018","imagecount":9,"isTrade":false},{"advertId":"32013561845553880","vehicleMake":"Nissan","vehicleModel":"Micra","vehicleDerivative":"1.2 5dr Sport+","vehiclePriceEuro":6995,"vehicleYearOfManufacture":2007,"advertiserCounty":"Dublin","isPSL":false,"privatePSL":false,"vehicleImageId":"1199b754-be1d-438c-8d14-fdbcd2981039","imagecount":9,"advertiserName":"Windsor Liffey Valley","isTrade":true},{"advertId":"34013600840508800","vehicleMake":"Nissan","vehicleModel":"Micra","vehicleDerivative":"SPORT low mileage","vehiclePriceEuro":6995,"vehicleYearOfManufacture":2007,"advertiserCounty":"Dublin","isPSL":false,"privatePSL":false,"vehicleImageId":"c066e85c-195c-4aea-9b50-be673f38ae6a","imagecount":2,"advertiserName":"Windsor Belgard","isTrade":true},{"advertId":"30913531487134720","vehicleMake":"Nissan","vehicleModel":"Micra","vehicleDerivative":"1.2 SPORT + 5DR","vehiclePriceEuro":6994,"vehicleYearOfManufacture":2007,"advertiserCounty":"Waterford","isPSL":true,"privatePSL":false,"vehicleImageId":"78141b07-02cf-44d9-9291-d1fb70b2f378","imagecount":7,"advertiserName":"John Kelly Waterford","isTrade":true},{"advertId":"34213618406443080","vehicleMake":"Nissan","vehicleModel":"Micra","vehicleDerivative":"1.2 5DR NISSAN MICRA WINDSOR GALWAY","vehiclePriceEuro":6895,"vehicleYearOfManufacture":2007,"advertiserCounty":"Galway","isPSL":false,"privatePSL":false,"imagecount":0,"advertiserName":"Windsor Galway","isTrade":true},{"advertId":"33913602476477230","vehicleMake":"Nissan","vehicleModel":"Micra","vehicleDerivative":"1.2 SPORT 5DR","vehiclePriceEuro":6750,"vehicleYearOfManufacture":2007,"advertiserCounty":"Dublin","isPSL":false,"privatePSL":false,"vehicleImageId":"c39b4d81-fa7d-4f30-acb7-b1a2e71f5267","imagecount":6,"advertiserName":"Bluebell Motor Company","isTrade":true},{"advertId":"201250211426580","vehicleMake":"Nissan","vehicleModel":"Micra","vehicleDerivative":"sport","vehiclePriceEuro":6500,"vehicleYearOfManufacture":2007,"advertiserCounty":"Cavan","isPSL":true,"privatePSL":false,"imagecount":0,"isTrade":false},{"advertId":"34013614583069950","vehicleMake":"Nissan","vehicleModel":"Micra","vehicleDerivative":"1.2 SPORT + 5DR","vehiclePriceEuro":6500,"vehicleYearOfManufacture":2007,"advertiserCounty":"Dublin","isPSL":false,"privatePSL":false,"vehicleImageId":"1d0915b5-08f4-45ad-b699-f1ad4bc47102","imagecount":7,"advertiserName":"Airways Motor Company","isTrade":true},{"advertId":"6613357948289050","vehicleMake":"Nissan","vehicleModel":"Micra","vehicleDerivative":"1.2 SPORT 5DR","vehiclePriceEuro":6495,"vehicleYearOfManufacture":2007,"advertiserCounty":"Waterford","isPSL":false,"privatePSL":false,"vehicleImageId":"201fdc24-7a73-45b1-ba6a-09f1ffa395c3","imagecount":3,"advertiserName":"Martin Barrett","isTrade":true},{"advertId":"31713548836473920","vehicleMake":"Nissan","vehicleModel":"Micra","vehicleDerivative":"1.2 SPORT 5DR","vehiclePriceEuro":5950,"vehicleYearOfManufacture":2007,"advertiserCounty":"Kilkenny","isPSL":false,"privatePSL":false,"vehicleImageId":"8ecaacc0-7c13-4899-8177-45b231421db5","imagecount":4,"advertiserName":"Kilkenny Car Complex","isTrade":true},{"advertId":"34213603328253930","vehicleMake":"Nissan","vehicleModel":"Micra","vehicleDerivative":"AUTOMATIC-SPORT ---NCT April 2014--","vehiclePriceEuro":5950,"vehicleYearOfManufacture":2007,"advertiserCounty":"Dublin","isPSL":true,"privatePSL":false,"vehicleImageId":"438ce7d5-4ee7-44e8-ae0d-4ec1c656f4c3","imagecount":10,"advertiserName":"Right Price Cars Airport","isTrade":true},{"advertId":"32113540275964980","vehicleMake":"Nissan","vehicleModel":"Micra","vehicleDerivative":"1.2 SPORT 5DR","vehiclePriceEuro":5950,"vehicleYearOfManufacture":2007,"advertiserCounty":"Dublin","isPSL":false,"privatePSL":false,"vehicleImageId":"90bd116e-99a5-41a4-85f2-2dd532a37ab7","imagecount":8,"advertiserName":"Motor Range Naas Road","isTrade":true},{"advertId":"32013523929131570","vehicleMake":"Nissan","vehicleModel":"Micra","vehicleDerivative":"1.2 SPORT 5DR","vehiclePriceEuro":5950,"vehicleYearOfManufacture":2007,"advertiserCounty":"Dublin","isPSL":false,"privatePSL":false,"vehicleImageId":"65fa0ce6-54cf-490f-bb74-dedaf321566c","imagecount":9,"advertiserName":"Trade Price Cars","isTrade":true},{"advertId":"29613488334533240","vehicleMake":"Nissan","vehicleModel":"Micra","vehicleDerivative":"1.2 SPORT 5DR","vehiclePriceEuro":5950,"vehicleYearOfManufacture":2007,"advertiserCounty":"Clare","isPSL":false,"privatePSL":false,"vehicleImageId":"57d902ff-2c52-4356-b7b5-3034e08d1e91","imagecount":9,"advertiserName":"Hogan Motors Ennis","isTrade":true},{"advertId":"33213596477340950","vehicleMake":"Nissan","vehicleModel":"Micra","vehicleDerivative":"1.2 Automatic SPORT FSH only 32k 5DR ","vehiclePriceEuro":5950,"vehicleYearOfManufacture":2007,"advertiserCounty":"Dublin","isPSL":false,"privatePSL":false,"vehicleImageId":"289c5e40-8683-4c18-ba49-59705c159b14","imagecount":20,"advertiserName":"Coby Motor Company","isTrade":true},{"advertId":"33913610516846940","vehicleMake":"Nissan","vehicleModel":"Micra","vehicleDerivative":"**FINANCE AVAILABLE**, AUTOMATIC, 1.1, TOP-SPEC SPORT, NCT FEB-15, TAX SEP-13, VERY CAREFUL OWNER, IMMACULATE, AS NEW, \"\"MUST BE SEEN\"\", N4CARS.ie","vehiclePriceEuro":5949,"vehicleYearOfManufacture":2007,"advertiserCounty":"Dublin","isPSL":false,"privatePSL":false,"vehicleImageId":"9eb77b1d-6547-4e7f-8759-eaf3301afe4a","imagecount":12,"advertiserName":"N4 Car Sales","isTrade":true},{"advertId":"31713554210763190","vehicleMake":"Nissan","vehicleModel":"Micra","vehicleDerivative":"1.2 SPORT 5DR","vehiclePriceEuro":5750,"vehicleYearOfManufacture":2007,"advertiserCounty":"Mayo","isPSL":false,"privatePSL":false,"vehicleImageId":"bde235f1-39e5-4a6c-8994-6a1c5af082ef","imagecount":1,"advertiserName":"A. Cleary & Sons Limited","isTrade":true},{"advertId":"32713597220628250","vehicleMake":"Nissan","vehicleModel":"Micra","vehicleDerivative":"1.2 SPORT 5DR","vehiclePriceEuro":5750,"vehicleYearOfManufacture":2007,"advertiserCounty":"Dublin","isPSL":false,"privatePSL":false,"vehicleImageId":"1912d67a-da93-423d-ac91-bc2fa4c0dcdb","imagecount":12,"advertiserName":"TMG Motors","isTrade":true},{"advertId":"33213599994852590","vehicleMake":"Nissan","vehicleModel":"Micra","vehicleDerivative":"COMES WITH NEW NCT 01-15  TAX 05-13","vehiclePriceEuro":5500,"vehicleYearOfManufacture":2007,"advertiserCounty":"Cork","isPSL":false,"privatePSL":false,"vehicleImageId":"33004c58-0213-45bf-8f44-b05269d91cb0","imagecount":6,"advertiserName":"John Ramsay Motors","isTrade":true},{"advertId":"34213615524973620","vehicleMake":"Nissan","vehicleModel":"Micra","vehicleDerivative":"1.2 SPORT 5DR","vehiclePriceEuro":5150,"vehicleYearOfManufacture":2007,"advertiserCounty":"Dublin","isPSL":false,"privatePSL":false,"vehicleImageId":"e03d07f8-8353-4745-acdb-0b94bf17f31e","imagecount":9,"advertiserName":"Pat Barron Motors","isTrade":true},{"advertId":"30913512473352260","vehicleMake":"Nissan","vehicleModel":"Micra","vehicleDerivative":"1.2 SPORT 5DR","vehiclePriceEuro":4950,"vehicleYearOfManufacture":2007,"advertiserCounty":"Cork","isPSL":false,"privatePSL":false,"vehicleImageId":"6039c2c2-1a1c-4062-bf07-dd1a7a0d4023","imagecount":9,"advertiserName":"Motorview KIA","isTrade":true},{"advertId":"30913474449938340","vehicleMake":"Nissan","vehicleModel":"Micra","vehicleDerivative":"1.2 SPORT 5DR","vehiclePriceEuro":4900,"vehicleYearOfManufacture":2007,"advertiserCounty":"Cork","isPSL":false,"privatePSL":false,"vehicleImageId":"f30a9dd8-2da7-4049-8f16-1847e69b26c6","imagecount":20,"advertiserName":"Great Island Motors Ltd","isTrade":true},{"advertId":"413261856004110","vehicleMake":"Nissan","vehicleModel":"Micra","vehicleDerivative":"1.2 SPORT 5DR","vehiclePriceEuro":4900,"vehicleYearOfManufacture":2007,"advertiserCounty":"Cork","isPSL":false,"privatePSL":false,"vehicleImageId":"a0a5054a-3159-49e4-a985-ee58b151da3d","imagecount":20,"advertiserName":"Great Island Motors Ltd","isTrade":true},{"advertId":"201308212601754","vehicleMake":"Nissan","vehicleModel":"Micra","vehicleDerivative":"1.2 SPORT 5DR","vehiclePriceEuro":4750,"vehicleYearOfManufacture":2007,"advertiserCounty":"Dublin","isPSL":true,"privatePSL":false,"vehicleImageId":"14363559","imagecount":5,"isTrade":false},{"advertId":"34313610517976420","vehicleMake":"Nissan","vehicleModel":"Micra","vehicleDerivative":"**FINANCE AVAILABLE**, AUTOMATIC, 1.1, TOP-SPEC SPORT, NCT FEB-15, TAX SEP-13, VERY CAREFUL OWNER, IMMACULATE, AS NEW, \"\"MUST BE SEEN\"\", N4CARS.ie","vehiclePriceEuro":0,"vehicleYearOfManufacture":2007,"advertiserCounty":"Dublin","isPSL":false,"privatePSL":false,"vehicleImageId":"21103ca1-25b1-49f5-99f5-1b5478912188","imagecount":12,"advertiserName":"N4 Car Sales","isTrade":true}],"totalAdvertCount":45174}