{"adverts":[{"advertId":"34213613760597490","vehicleMake":"Skoda","vehicleModel":"Octavia","vehicleDerivative":"AMBIENTE 1.2 TSI 105HP 5DR","vehiclePriceEuro":13950,"vehicleYearOfManufacture":2011,"advertiserCounty":"Dublin","isPSL":false,"privatePSL":false,"vehicleImageId":"c0cb60ad-0ab8-4294-b879-a21ca6d25918","imagecount":10,"advertiserName":"Phoenix Motor Centre Ltd","isTrade":true},{"advertId":"29713454612566630","vehicleMake":"Skoda","vehicleModel":"Octavia","vehicleDerivative":"CLASS 1.2 TSI 105HP,CONTACT GLENN ON 0877963174","vehiclePriceEuro":12850,"vehicleYearOfManufacture":2011,"advertiserCounty":"Longford","isPSL":false,"privatePSL":false,"vehicleImageId":"9945ef51-1910-4a62-af2d-601ebf130e23","imagecount":1,"advertiserName":"Michael Shaw Car Sales","isTrade":true},{"advertId":"34313615780299690","vehicleMake":"Skoda","vehicleModel":"Octavia","vehicleDerivative":"ELEGANCE 1.6  TDI","vehiclePriceEuro":0,"vehicleYearOfManufacture":2011,"advertiserCounty":"Cork","isPSL":false,"privatePSL":false,"vehicleImageId":"692dccbd-3273-493f-8106-d5e08d8a5a49","imagecount":5,"advertiserName":"Edmond Collins Motors","isTrade":true},{"advertId":"30813533212643160","vehicleMake":"Skoda","vehicleModel":"Octavia","vehicleDerivative":"SORRY I'M NOW SOLD","vehiclePriceEuro":0,"vehicleYearOfManufacture":2011,"advertiserCounty":"Donegal","isPSL":false,"privatePSL":false,"vehicleImageId":"020f784d-862f-470b-9f2a-0256d4cc76e7","imagecount":12,"advertiserName":"DMG Motors Ltd","isTrade":true},{"advertId":"34213615510406970","vehicleMake":"Skoda","vehicleModel":"Octavia","vehicleDerivative":"ELEGANCE 1.6TDI 105BHP","vehiclePriceEuro":0,"vehicleYearOfManufacture":2011,"advertiserCounty":"Wicklow","isPSL":false,"privatePSL":false,"vehicleImageId":"a7ee4c1c-849a-4721-aab9-a44393eba294","imagecount":1,"advertiserName":"Sinnott Autos Ltd","isTrade":true},{"advertId":"33213623912501850","vehicleMake":"Skoda","vehicleModel":"Octavia","vehicleDerivative":"ELEGANCE 1.6 CR TDi DSG (AUTO)","vehiclePriceEuro":0,"vehicleYearOfManufacture":2011,"advertiserCounty":"Dublin","isPSL":true,"privatePSL":false,"imagecount":0,"advertiserName":"Autostation","isTrade":true},{"advertId":"34113602334292860","vehicleMake":"Skoda","vehicleModel":"Octavia","vehicleDerivative":"ELEGANCE 1.6 CR TDI 105HP 5 5DR","vehiclePriceEuro":0,"vehicleYearOfManufacture":2011,"advertiserCounty":"Donegal","isPSL":false,"privatePSL":false,"vehicleImageId":"32e3c945-559f-482b-879d-a483296a2f84","imagecount":9,"advertiserName":"Herron Auto","isTrade":true},{"advertId":"32713592004753170","vehicleMake":"Skoda","vehicleModel":"Octavia","vehicleDerivative":"SORRY I'M NOW SOLD","vehiclePriceEuro":0,"vehicleYearOfManufacture":2011,"advertiserCounty":"Donegal","isPSL":false,"privatePSL":false,"vehicleImageId":"e9b0e6e3-2891-45f3-ac87-062701809e22","imagecount":12,"advertiserName":"DMG Motors Ltd","isTrade":true},{"advertId":"33413615513764890","vehicleMake":"Skoda","vehicleModel":"Octavia","vehicleDerivative":"ELEGANCE 1.6TDI 105BHP ","vehiclePriceEuro":0,"vehicleYearOfManufacture":2011,"advertiserCounty":"Wicklow","isPSL":false,"privatePSL":false,"vehicleImageId":"006c6b1a-6fc4-4c50-a473-abd630b8d16d","imagecount":1,"advertiserName":"Sinnott Autos Ltd","isTrade":true},{"advertId":"32913613784504890","vehicleMake":"Skoda","vehicleModel":"Octavia","vehicleDerivative":"AMBIENTE 1.2 TSI 105HP 5DR","vehiclePriceEuro":0,"vehicleYearOfManufacture":2011,"advertiserCounty":"Laois","isPSL":false,"privatePSL":false,"vehicleImageId":"04b493ec-9021-4968-882f-98f87bd9e9d9","imagecount":6,"advertiserName":"Ballybrittas Motors","isTrade":true},{"advertId":"33413620563481030","vehicleMake":"Skoda","vehicleModel":"Octavia","vehicleDerivative":"RS 2.0 TDI 170HP 5DR","vehiclePriceEuro":20950,"vehicleYearOfManufacture":2010,"advertiserCounty":"Wicklow","isPSL":true,"privatePSL":false,"vehicleImageId":"12e9b803-d635-4e97-9804-6a6d3b87ff1d","imagecount":11,"advertiserName":"Derek Burton Sales Ltd","isTrade":true},{"advertId":"31813598244314260","vehicleMake":"Skoda","vehicleModel":"Octavia","vehicleDerivative":"RS 2.0 TDI 170HP 5DR","vehiclePriceEuro":19950,"vehicleYearOfManufacture":2010,"advertiserCounty":"Meath","isPSL":false,"privatePSL":false,"vehicleImageId":"418cc31c-c47f-42cf-ab41-233830bec53c","imagecount":12,"advertiserName":"Kells Car Sales","isTrade":true},{"advertId":"201306212340923","vehicleMake":"Skoda","vehicleModel":"Octavia","vehicleDerivative":"ELEGANCE 1.6 CR TDI 105HP 5DR","vehiclePriceEuro":19950,"vehicleYearOfManufacture":2010,"advertiserCounty":"Cork","isPSL":true,"privatePSL":false,"vehicleImageId":"13979879","imagecount":5,"isTrade":false},{"advertId":"33913623589669950","vehicleMake":"Skoda","vehicleModel":"Octavia","vehicleDerivative":"2.0 TDI VRS 170","vehiclePriceEuro":19695,"vehicleYearOfManufacture":2010,"advertiserCounty":"Cork","isPSL":true,"privatePSL":false,"vehicleImageId":"f4282f6b-2bf0-4c21-9fdb-a2ff5c430beb","imagecount":1,"advertiserName":"Luceys Charleville (Nissan & Mazda)","isTrade":true},{"advertId":"34113603382772060","vehicleMake":"Skoda","vehicleModel":"Octavia","vehicleDerivative":"ELEGANCE 1.9 TDI DSG 105HP 5DR AUTO","vehiclePriceEuro":19450,"vehicleYearOfManufacture":2010,"advertiserCounty":"Dublin","isPSL":false,"privatePSL":false,"vehicleImageId":"43577d5f-90ed-4d55-ad93-76d0099ff0c5","imagecount":8,"advertiserName":"Linders of Chapelizod","isTrade":true},{"advertId":"6413377624896400","vehicleMake":"Skoda","vehicleModel":"Octavia","vehicleDerivative":"ELEGANCE 1.6 CR 105HP 5DR","vehiclePriceEuro":18000,"vehicleYearOfManufacture":2010,"advertiserCounty":"Wicklow","isPSL":false,"privatePSL":false,"vehicleImageId":"3a65ed52-cf85-4706-bdb1-ca1152d87e45","imagecount":13,"advertiserName":"Vartry Garage Kia","isTrade":true},{"advertId":"34213624190060770","vehicleMake":"Skoda","vehicleModel":"Octavia","vehicleDerivative":"ELEGANCE 1.6 CR TDI DSG 5DR AUTO","vehiclePriceEuro":17950,"vehicleYearOfManufacture":2010,"advertiserCounty":"Mayo","isPSL":false,"privatePSL":false,"vehicleImageId":"b6aabac8-a36a-484b-8108-f99060b0dc23","imagecount":1,"advertiserName":"Monaghan & Sons Castlebar","isTrade":true},{"advertId":"31513507250684610","vehicleMake":"Skoda","vehicleModel":"Octavia","vehicleDerivative":"ELEGANCE 1.6 CR 105HP 5DR","vehiclePriceEuro":17950,"vehicleYearOfManufacture":2010,"advertiserCounty":"Dublin","isPSL":false,"privatePSL":false,"vehicleImageId":"1ac7b50f-4928-490e-bbfc-891b1ec86e2f","imagecount":2,"advertiserName":"Phoenix Motor Centre Ltd","isTrade":true},{"advertId":"33413614400538170","vehicleMake":"Skoda","vehicleModel":"Octavia","vehicleDerivative":"ELEGANCE 1.6 CR 105HP 5DR AS NEW CALL US NOW 26,000 MILES DONE,UNREPEATABLE!NOEL DEASY CARS LTD CORK","vehiclePriceEuro":17500,"vehicleYearOfManufacture":2010,"advertiserCounty":"Cork","isPSL":false,"privatePSL":false,"vehicleImageId":"645a44d5-ac54-48c2-a64e-d25c5d3e85ae","imagecount":4,"advertiserName":"Noel Deasy Cars Ltd","isTrade":true},{"advertId":"34013620586447670","vehicleMake":"Skoda","vehicleModel":"Octavia","vehicleDerivative":"AMBIENTE 1.6 CR TDI 105HP 5DR","vehiclePriceEuro":17250,"vehicleYearOfManufacture":2010,"advertiserCounty":"Cork","isPSL":false,"privatePSL":false,"vehicleImageId":"cec51223-f620-414f-8a29-e6743a68a189","imagecount":8,"advertiserName":"Eamonn Tarrant & Sons Ltd","isTrade":true},{"advertId":"34313619607285360","vehicleMake":"Skoda","vehicleModel":"Octavia","vehicleDerivative":"ELEGANCE 1.6 CR 105HP 5DR","vehiclePriceEuro":16950,"vehicleYearOfManufacture":2010,"advertiserCounty":"Wicklow","isPSL":false,"privatePSL":false,"vehicleImageId":"3c6ee3bf-4584-49f6-b686-9c9baeafa5f5","imagecount":4,"advertiserName":"Sinnott Autos Ltd","isTrade":true},{"advertId":"33913603154871390","vehicleMake":"Skoda","vehicleModel":"Octavia","vehicleDerivative":"ELEGANCE 1.9 TDI 105HP 5DR","vehiclePriceEuro":16950,"vehicleYearOfManufacture":2010,"advertiserCounty":"Wexford","isPSL":false,"privatePSL":false,"vehicleImageId":"b0505ac5-6a46-48eb-aef6-93c9e8e31e5c","imagecount":8,"advertiserName":"Ferrybank Motors","isTrade":true},{"advertId":"34113605924774730","vehicleMake":"Skoda","vehicleModel":"Octavia","vehicleDerivative":"1.6 TDi SPORT 105hp 5dr - 200 TAX","vehiclePriceEuro":16935,"vehicleYearOfManufacture":2010,"advertiserCounty":"Dublin","isPSL":true,"privatePSL":false,"vehicleImageId":"c847ad66-a202-4d71-9b67-6eaae1f07ea5","imagecount":14,"advertiserName":"Murphy & Gunn Hyundai","isTrade":true},{"advertId":"33213600840503210","vehicleMake":"Skoda","vehicleModel":"Octavia","vehicleDerivative":"2.0 TDI 140BHP","vehiclePriceEuro":16725,"vehicleYearOfManufacture":2010,"advertiserCounty":"Cork","isPSL":true,"privatePSL":false,"vehicleImageId":"c3203293-ddbb-4365-ad73-b2aec8e5b819","imagecount":1,"advertiserName":"Luceys Charleville (Nissan & Mazda)","isTrade":true},{"advertId":"34313612768037090","vehicleMake":"Skoda","vehicleModel":"Octavia","vehicleDerivative":"AMBIENTE 1.9 TDI 105HP 5DR","vehiclePriceEuro":16500,"vehicleYearOfManufacture":2010,"advertiserCounty":"Laois","isPSL":false,"privatePSL":false,"vehicleImageId":"b79cf083-a56a-44bb-b251-95ae938abb41","imagecount":5,"advertiserName":"Ballybrittas Motors","isTrade":true},{"advertId":"34113607964568770","vehicleMake":"Skoda","vehicleModel":"Octavia","vehicleDerivative":"1.6D Elegance Hatch 5door (Diesel)","vehiclePriceEuro":16495,"vehicleYearOfManufacture":2010,"advertiserCounty":"Dublin","isPSL":false,"privatePSL":false,"vehicleImageId":"28e150d2-b253-4f90-80df-b8cc81ac82e3","imagecount":9,"advertiserName":"Sandyford Motor Centre (Main Opel & Mazda Dealer)","isTrade":true},{"advertId":"33913621429822930","vehicleMake":"Skoda","vehicleModel":"Octavia","vehicleDerivative":"1.6 ELEGANCE **HI SPEC ESTATE**","vehiclePriceEuro":16450,"vehicleYearOfManufacture":2010,"advertiserCounty":"Roscommon","isPSL":true,"privatePSL":false,"vehicleImageId":"cf9674c2-3a14-49af-a212-a44c855acc82","imagecount":1,"advertiserName":"Cooney Motors","isTrade":true},{"advertId":"34013601601455950","vehicleMake":"Skoda","vehicleModel":"Octavia","vehicleDerivative":"AMBIENTE 1.9 TDI 105HP 5DR","vehiclePriceEuro":16450,"vehicleYearOfManufacture":2010,"advertiserCounty":"Dublin","isPSL":false,"privatePSL":false,"imagecount":0,"advertiserName":"Annesley Williams Ltd","isTrade":true},{"advertId":"31713507262516620","vehicleMake":"Skoda","vehicleModel":"Octavia","vehicleDerivative":"AMBIENTE 1.6 CR TDI 105HP 5DR","vehiclePriceEuro":16450,"vehicleYearOfManufacture":2010,"advertiserCounty":"Dublin","isPSL":false,"privatePSL":false,"vehicleImageId":"97b4244c-7400-4207-a168-111f991ff377","imagecount":10,"advertiserName":"Phoenix Motor Centre Ltd","isTrade":true},{"advertId":"32913606955282130","vehicleMake":"Skoda","vehicleModel":"Octavia","vehicleDerivative":"Ambiente Tdi","vehiclePriceEuro":16250,"vehicleYearOfManufacture":2010,"advertiserCounty":"Limerick","isPSL":true,"privatePSL":false,"imagecount":0,"advertiserName":"Frank Hogan Ltd.","isTrade":true},{"advertId":"33213618876185140","vehicleMake":"Skoda","vehicleModel":"Octavia","vehicleDerivative":"1.6 TDI 105BHP AMBITION","vehiclePriceEuro":15995,"vehicleYearOfManufacture":2010,"advertiserCounty":"Donegal","isPSL":false,"privatePSL":false,"vehicleImageId":"36f514a4-caa4-450e-8e07-e6ecd14f3804","imagecount":11,"advertiserName":"DMG Motors Ltd","isTrade":true},{"advertId":"34113617893344090","vehicleMake":"Skoda","vehicleModel":"Octavia","vehicleDerivative":"AMBIENTE 1.6 CR TDI 105HP 5DR","vehiclePriceEuro":15975,"vehicleYearOfManufacture":2010,"advertiserCounty":"Carlow","isPSL":true,"privatePSL":false,"vehicleImageId":"f9f3fe1d-6fb3-4211-a3db-f950c4eb6c45","imagecount":15,"advertiserName":"Bolands Carlow Skoda,Volvo & Mazda","isTrade":true},{"advertId":"31513585094477720","vehicleMake":"Skoda","vehicleModel":"Octavia","vehicleDerivative":"2.0 *DIESEL* *MICHAEL DAFFY CAR SALES*","vehiclePriceEuro":15950,"vehicleYearOfManufacture":2010,"advertiserCounty":"Limerick","isPSL":false,"privatePSL":false,"vehicleImageId":"dd5ab223-df5c-4e77-92ad-c1d3d084870a","imagecount":9,"advertiserName":"Michael Daffy Quality Car Sales","isTrade":true},{"advertId":"34313614491392500","vehicleMake":"Skoda","vehicleModel":"Octavia","vehicleDerivative":"AMBIENTE 1.6 CR TDI 105HP 5DR","vehiclePriceEuro":15950,"vehicleYearOfManufacture":2010,"advertiserCounty":"Tipperary","isPSL":false,"privatePSL":false,"vehicleImageId":"74f88c25-53cd-4b24-bb47-6aa2507d2c2c","imagecount":13,"advertiserName":"Ryan Motor Power","isTrade":true},{"advertId":"34413619647518810","vehicleMake":"Skoda","vehicleModel":"Octavia","vehicleDerivative":"ELEGANCE 1.6 CR 105HP 5DR","vehiclePriceEuro":15950,"vehicleYearOfManufacture":2010,"advertiserCounty":"Cavan","isPSL":false,"privatePSL":false,"vehicleImageId":"e32be0a5-71f8-4780-9cbe-ed2a942fdb6b","imagecount":4,"advertiserName":"Bradys Cavan","isTrade":true},{"advertId":"34013601465867980","vehicleMake":"Skoda","vehicleModel":"Octavia","vehicleDerivative":"AMBIENTE 1.6 CR TDI 105HP -SOLD","vehiclePriceEuro":15900,"vehicleYearOfManufacture":2010,"advertiserCounty":"Meath","isPSL":false,"privatePSL":false,"vehicleImageId":"b504fd15-335e-4bfc-a461-db7ebdb5ec0a","imagecount":8,"advertiserName":"John Kelly Motor Co.","isTrade":true},{"advertId":"34113620458821720","vehicleMake":"Skoda","vehicleModel":"Octavia","vehicleDerivative":"AMBIENTE 1.9 TDI 105HP 5DR","vehiclePriceEuro":15500,"vehicleYearOfManufacture":2010,"advertiserCounty":"Waterford","isPSL":false,"privatePSL":false,"imagecount":0,"advertiserName":"Martin Barrett","isTrade":true},{"advertId":"33213618821785510","vehicleMake":"Skoda","vehicleModel":"Octavia","vehicleDerivative":"1.6 TDI SE CR","vehiclePriceEuro":15500,"vehicleYearOfManufacture":2010,"advertiserCounty":"Roscommon","isPSL":true,"privatePSL":false,"vehicleImageId":"a0c764c2-ddc0-4d5c-9af8-89a5becafb09","imagecount":11,"advertiserName":"Casey's Roscommon","isTrade":true},{"advertId":"201247211139801","vehicleMake":"Skoda","vehicleModel":"Octavia","vehicleDerivative":"AMBIENTE 1.9 TDI 105HP 5DR","vehiclePriceEuro":15450,"vehicleYearOfManufacture":2010,"advertiserCounty":"Meath","isPSL":true,"privatePSL":false,"vehicleImageId":"14165820","imagecount":2,"isTrade":false},{"advertId":"30813485696821790","vehicleMake":"Skoda","vehicleModel":"Octavia","vehicleDerivative":"COMB AMBIENTE 1.9 TDI 105HP 5DR","vehiclePriceEuro":15400,"vehicleYearOfManufacture":2010,"advertiserCounty":"Cork","isPSL":false,"privatePSL":false,"vehicleImageId":"db80cfc2-e774-4f25-a28a-541c43aad4a8","imagecount":19,"advertiserName":"Nyhan Motors","isTrade":true},{"advertId":"201307212457384","vehicleMake":"Skoda","vehicleModel":"Octavia","vehicleDerivative":"1.6 TDI DIESEL","vehiclePriceEuro":15250,"vehicleYearOfManufacture":2010,"advertiserCounty":"Cork","isPSL":true,"privatePSL":false,"vehicleImageId":"13999889","imagecount":7,"isTrade":false},{"advertId":"33913602583733670","vehicleMake":"Skoda","vehicleModel":"Octavia","vehicleDerivative":"CLASS 1.6 ***Deposit Taken***","vehiclePriceEuro":14995,"vehicleYearOfManufacture":2010,"advertiserCounty":"Louth","isPSL":false,"privatePSL":false,"vehicleImageId":"bc23e858-64b4-4a1e-846b-785330949185","imagecount":1,"advertiserName":"Jack Doran Motors","isTrade":true},{"advertId":"34313606891013940","vehicleMake":"Skoda","vehicleModel":"Octavia","vehicleDerivative":"AMBIENTE 1.6TDI IRISH CAR","vehiclePriceEuro":14499,"vehicleYearOfManufacture":2010,"advertiserCounty":"Dublin","isPSL":false,"privatePSL":false,"vehicleImageId":"01c42bba-f043-48f8-baab-e2252ca99b00","imagecount":5,"advertiserName":"Haines Fleet","isTrade":true},{"advertId":"31513503847440330","vehicleMake":"Skoda","vehicleModel":"Octavia","vehicleDerivative":"AMBIENTE 1.2 TSI 105HP ","vehiclePriceEuro":14450,"vehicleYearOfManufacture":2010,"advertiserCounty":"Mayo","isPSL":false,"privatePSL":false,"vehicleImageId":"4a6d536f-c258-483c-8471-9819ddc2b2d3","imagecount":12,"advertiserName":"Cosgraves Garage Ltd","isTrade":true},{"advertId":"29613462407716940","vehicleMake":"Skoda","vehicleModel":"Octavia","vehicleDerivative":"Elegance 1.6 TDI 105 BHP €200 Road Tax","vehiclePriceEuro":13999,"vehicleYearOfManufacture":2010,"advertiserCounty":"Leitrim","isPSL":true,"privatePSL":false,"vehicleImageId":"dbd4cd28-78e0-4eb7-8d8c-ee60532446d5","imagecount":9,"advertiserName":"Sean Gallagher Cars","isTrade":true},{"advertId":"34313621499782500","vehicleMake":"Skoda","vehicleModel":"Octavia","vehicleDerivative":"Classic 1.6 105bhp 5 Door","vehiclePriceEuro":13950,"vehicleYearOfManufacture":2010,"advertiserCounty":"Kilkenny","isPSL":false,"privatePSL":false,"vehicleImageId":"7cb55713-5e82-41e8-98ce-b8a96e1ac020","imagecount":9,"advertiserName":"Laharts Skoda","isTrade":true},{"advertId":"32013499580696560","vehicleMake":"Skoda","vehicleModel":"Octavia","vehicleDerivative":"ELEGANCE 1.2 TSI Irish Car","vehiclePriceEuro":13950,"vehicleYearOfManufacture":2010,"advertiserCounty":"Wicklow","isPSL":false,"privatePSL":false,"vehicleImageId":"6e49b5bf-3e38-4df3-8350-32e41ad2834b","imagecount":7,"advertiserName":"Sinnott Autos Ltd","isTrade":true},{"advertId":"33913610629987730","vehicleMake":"Skoda","vehicleModel":"Octavia","vehicleDerivative":"1.6 TDI SE **ALLOYS / AC**","vehiclePriceEuro":13795,"vehicleYearOfManufacture":2010,"advertiserCounty":"Cork","isPSL":true,"privatePSL":false,"vehicleImageId":"d9c6f6b9-ed69-4b43-a04f-b855bfa49e82","imagecount":5,"advertiserName":"Luceys Charleville (Nissan & Mazda)","isTrade":true},{"advertId":"31913596224507920","vehicleMake":"Skoda","vehicleModel":"Octavia","vehicleDerivative":"1.6 TDI S CR","vehiclePriceEuro":13750,"vehicleYearOfManufacture":2010,"advertiserCounty":"Galway","isPSL":true,"privatePSL":false,"vehicleImageId":"010c3f4f-dcd8-4dbe-937c-f0baa05f4ddf","imagecount":7,"advertiserName":"Westlink Car Sales Ltd.","isTrade":true},{"advertId":"32113576419337120","vehicleMake":"Skoda","vehicleModel":"Octavia","vehicleDerivative":"AMBIENTE 2.0 CR TDI estate","vehiclePriceEuro":12950,"vehicleYearOfManufacture":2010,"advertiserCounty":"Dublin","isPSL":false,"privatePSL":false,"vehicleImageId":"33ef9aee-596e-44f1-8dd4-105eef1e2d9b","imagecount":7,"advertiserName":"Redcow Car Sales","isTrade":true},{"advertId":"33913612081758220","vehicleMake":"Skoda","vehicleModel":"Octavia","vehicleDerivative":"1.9 TDI SE 105 BHP €270 Road Tax ","vehiclePriceEuro":0,"vehicleYearOfManufacture":2010,"advertiserCounty":"Leitrim","isPSL":true,"privatePSL":false,"vehicleImageId":"cbcaa7a8-0fc6-449f-a581-bec407f0948c","imagecount":8,"advertiserName":"Sean Gallagher Cars","isTrade":true},{"advertId":"34113622203115790","vehicleMake":"Skoda","vehicleModel":"Octavia","vehicleDerivative":"1.6 TDI 105BHP ELEGANCE","vehiclePriceEuro":0,"vehicleYearOfManufacture":2010,"advertiserCounty":"Donegal","isPSL":false,"privatePSL":false,"vehicleImageId":"2ad095fe-d1da-4e90-8f4c-c2c9c7790545","imagecount":1,"advertiserName":"DMG Motors Ltd","isTrade":true},{"advertId":"34113622213033060","vehicleMake":"Skoda","vehicleModel":"Octavia","vehicleDerivative":"1.6 TDI 105BHP ACTIVE ","vehiclePriceEuro":0,"vehicleYearOfManufacture":2010,"advertiserCounty":"Donegal","isPSL":false,"privatePSL":false,"vehicleImageId":"ae7a1fef-aced-49c1-b6a0-c1be393ef008","imagecount":1,"advertiserName":"DMG Motors Ltd","isTrade":true},{"advertId":"201303211982344","vehicleMake":"Skoda","vehicleModel":"Octavia","vehicleDerivative":"ELEGANCE 1.9 TDI 105HP FL","vehiclePriceEuro":17499,"vehicleYearOfManufacture":2009,"advertiserCounty":"Kilkenny","isPSL":true,"privatePSL":false,"imagecount":0,"isTrade":false},{"advertId":"33213601699442580","vehicleMake":"Skoda","vehicleModel":"Octavia","vehicleDerivative":"Greenline Combi 1.6 TDI","vehiclePriceEuro":15945,"vehicleYearOfManufacture":2009,"advertiserCounty":"Louth","isPSL":false,"privatePSL":false,"vehicleImageId":"2d0cb276-6388-4a03-a9bd-f8d13d4e9589","imagecount":9,"advertiserName":"Western Motors (Drogheda)","isTrade":true},{"advertId":"201304212137386","vehicleMake":"Skoda","vehicleModel":"Octavia","vehicleDerivative":"AMBIENTE 1.9 TDI 105 HP FL 105HP","vehiclePriceEuro":15850,"vehicleYearOfManufacture":2009,"advertiserCounty":"Wexford","isPSL":true,"privatePSL":false,"vehicleImageId":"14290002","imagecount":9,"isTrade":false},{"advertId":"201305212204816","vehicleMake":"Skoda","vehicleModel":"Octavia","vehicleDerivative":"Elegance","vehiclePriceEuro":15000,"vehicleYearOfManufacture":2009,"advertiserCounty":"Dublin","isPSL":true,"privatePSL":false,"vehicleImageId":"13946751","imagecount":9,"isTrade":false},{"advertId":"201309212673955","vehicleMake":"Skoda","vehicleModel":"Octavia","vehicleDerivative":"AMBIENTE 1.9 TDI 105 HP FL 105HP","vehiclePriceEuro":15000,"vehicleYearOfManufacture":2009,"advertiserCounty":"Clare","isPSL":true,"privatePSL":false,"vehicleImageId":"14374669","imagecount":5,"isTrade":false},{"advertId":"33213613813343300","vehicleMake":"Skoda","vehicleModel":"Octavia","vehicleDerivative":"VRS 2.0 TDI CR 170 BHP €390 Road Tax NCT 3/15","vehiclePriceEuro":14999,"vehicleYearOfManufacture":2009,"advertiserCounty":"Leitrim","isPSL":true,"privatePSL":false,"vehicleImageId":"3cdc56c0-c8f2-438b-953a-da1c6a6b666e","imagecount":11,"advertiserName":"Sean Gallagher Cars","isTrade":true},{"advertId":"33913623983122890","vehicleMake":"Skoda","vehicleModel":"Octavia","vehicleDerivative":"Estate Elegance 1.9TDI 105BHP **BAND B TAX**","vehiclePriceEuro":14950,"vehicleYearOfManufacture":2009,"advertiserCounty":"Roscommon","isPSL":true,"privatePSL":false,"vehicleImageId":"87f2572b-489c-440f-a34c-4216a72b8e4a","imagecount":10,"advertiserName":"J. Keane & Sons (Ros) Ltd","isTrade":true},{"advertId":"34013612675775410","vehicleMake":"Skoda","vehicleModel":"Octavia","vehicleDerivative":"1.9-TDI-ELEGANCE***1 YEAR WARRANTY***ONLY 1 OWNER***SIMI APPROVED DEALER***","vehiclePriceEuro":14950,"vehicleYearOfManufacture":2009,"advertiserCounty":"Dublin","isPSL":false,"privatePSL":false,"vehicleImageId":"2a25005d-e7c2-4f51-8d7a-992ffb7e88db","imagecount":12,"advertiserName":"Walsh Motors","isTrade":true},{"advertId":"32913606648199520","vehicleMake":"Skoda","vehicleModel":"Octavia","vehicleDerivative":"AMBIENTE 1.9 TDI","vehiclePriceEuro":14950,"vehicleYearOfManufacture":2009,"advertiserCounty":"Wexford","isPSL":false,"privatePSL":false,"vehicleImageId":"b2d6c9e0-879a-4014-ae96-02e1bcbdb417","imagecount":9,"advertiserName":"Byrne Car Sales","isTrade":true},{"advertId":"34313622175120160","vehicleMake":"Skoda","vehicleModel":"Octavia","vehicleDerivative":"AMBIENTE 1.9 TDI 105BHP JoeDuffy.ie","vehiclePriceEuro":14950,"vehicleYearOfManufacture":2009,"advertiserCounty":"Dublin","isPSL":true,"privatePSL":false,"vehicleImageId":"44ec7fe2-a9a8-4fe0-ac14-c5a5ec295c91","imagecount":13,"advertiserName":"Joe Duffy (Opel & Mazda)","isTrade":true},{"advertId":"201250211405625","vehicleMake":"Skoda","vehicleModel":"Octavia","vehicleDerivative":"ELEGANCE 1.9 TDI DSG 105HP","vehiclePriceEuro":14750,"vehicleYearOfManufacture":2009,"advertiserCounty":"Dublin","isPSL":true,"privatePSL":false,"vehicleImageId":"13824291","imagecount":5,"isTrade":false},{"advertId":"34213606955284810","vehicleMake":"Skoda","vehicleModel":"Octavia","vehicleDerivative":"Elegance Tdi","vehiclePriceEuro":14400,"vehicleYearOfManufacture":2009,"advertiserCounty":"Limerick","isPSL":true,"privatePSL":false,"imagecount":0,"advertiserName":"Frank Hogan Ltd.","isTrade":true},{"advertId":"33413620466682850","vehicleMake":"Skoda","vehicleModel":"Octavia","vehicleDerivative":"ELEGANCE 1.9 TDI 105HP","vehiclePriceEuro":13995,"vehicleYearOfManufacture":2009,"advertiserCounty":"Waterford","isPSL":false,"privatePSL":false,"imagecount":0,"advertiserName":"Martin Barrett","isTrade":true},{"advertId":"34213617977554960","vehicleMake":"Skoda","vehicleModel":"Octavia","vehicleDerivative":"ELEGANCE 1.9 TDI 105HP FL","vehiclePriceEuro":13950,"vehicleYearOfManufacture":2009,"advertiserCounty":"Cavan","isPSL":false,"privatePSL":false,"vehicleImageId":"957904ad-b50a-4828-8f8e-946970f0edfe","imagecount":6,"advertiserName":"Bradys Cavan","isTrade":true},{"advertId":"31513587739098860","vehicleMake":"Skoda","vehicleModel":"Octavia","vehicleDerivative":"1.9 tdi COMFORT LINE SE-SPEC                  \" NEW MODEL\"","vehiclePriceEuro":13900,"vehicleYearOfManufacture":2009,"advertiserCounty":"Dublin","isPSL":true,"privatePSL":false,"vehicleImageId":"6b3431da-525d-4b5b-8d12-64725c3055ef","imagecount":8,"advertiserName":"Castle Motors Swords","isTrade":true},{"advertId":"33213610498759910","vehicleMake":"Skoda","vehicleModel":"Octavia","vehicleDerivative":"2.0 TDI 170BHP VRS","vehiclePriceEuro":13750,"vehicleYearOfManufacture":2009,"advertiserCounty":"Carlow","isPSL":false,"privatePSL":false,"vehicleImageId":"71e412ec-6f3f-4281-87d6-350ab59f4775","imagecount":10,"advertiserName":"Condron Car Sales","isTrade":true},{"advertId":"33913621740122670","vehicleMake":"Skoda","vehicleModel":"Octavia","vehicleDerivative":"1.6 TDI CR ESTATE","vehiclePriceEuro":13500,"vehicleYearOfManufacture":2009,"advertiserCounty":"Sligo","isPSL":false,"privatePSL":false,"vehicleImageId":"51d9243d-ac3e-40f2-af4a-e24be8b6a053","imagecount":9,"advertiserName":"Currid Motors","isTrade":true},{"advertId":"30913523991348690","vehicleMake":"Skoda","vehicleModel":"Octavia","vehicleDerivative":"AMBIENTE 1.6 CR 105HP FL 5 5DR","vehiclePriceEuro":13500,"vehicleYearOfManufacture":2009,"advertiserCounty":"Kerry","isPSL":false,"privatePSL":false,"vehicleImageId":"6491d8cc-cd01-4550-87cf-0d3ef44df901","imagecount":4,"advertiserName":"Liam Lynch Motors","isTrade":true},{"advertId":"33413600840474800","vehicleMake":"Skoda","vehicleModel":"Octavia","vehicleDerivative":"1.9 TDI SE","vehiclePriceEuro":13295,"vehicleYearOfManufacture":2009,"advertiserCounty":"Cork","isPSL":true,"privatePSL":false,"vehicleImageId":"7379f915-5b00-4e1b-ada1-04791cb77279","imagecount":9,"advertiserName":"Luceys Charleville (Nissan & Mazda)","isTrade":true},{"advertId":"34313613867952000","vehicleMake":"Skoda","vehicleModel":"Octavia","vehicleDerivative":"Ambiente Tdi","vehiclePriceEuro":13000,"vehicleYearOfManufacture":2009,"advertiserCounty":"Clare","isPSL":false,"privatePSL":false,"vehicleImageId":"70aefb08-891f-4095-8b34-2ab753f22b31","imagecount":10,"advertiserName":"Western Garages","isTrade":true},{"advertId":"33913616145142200","vehicleMake":"Skoda","vehicleModel":"Octavia","vehicleDerivative":"AMBIENTE 1.9 TDI 105 HP FL 105HP","vehiclePriceEuro":12950,"vehicleYearOfManufacture":2009,"advertiserCounty":"Limerick","isPSL":true,"privatePSL":false,"vehicleImageId":"7d097349-a1a5-4a2f-8ca7-f7b0ed79eac9","imagecount":14,"advertiserName":"Limerick Motor Centre","isTrade":true},{"advertId":"34213619682591200","vehicleMake":"Skoda","vehicleModel":"Octavia","vehicleDerivative":"1.9 TDI TOUR  100HP","vehiclePriceEuro":12950,"vehicleYearOfManufacture":2009,"advertiserCounty":"Roscommon","isPSL":false,"privatePSL":false,"vehicleImageId":"1f4d850e-4ef9-43e6-ad29-c66066fa0c82","imagecount":11,"advertiserName":"Dermot Hughes","isTrade":true},{"advertId":"29813450422946830","vehicleMake":"Skoda","vehicleModel":"Octavia","vehicleDerivative":"1.9TDI S","vehiclePriceEuro":12950,"vehicleYearOfManufacture":2009,"advertiserCounty":"Tipperary","isPSL":true,"privatePSL":false,"vehicleImageId":"202b1662-d9e7-4be9-95f1-afc9a90e347d","imagecount":9,"advertiserName":"Pierse Motors Ltd","isTrade":true},{"advertId":"34313614782488570","vehicleMake":"Skoda","vehicleModel":"Octavia","vehicleDerivative":"1.9 TDI Ambiente ","vehiclePriceEuro":12750,"vehicleYearOfManufacture":2009,"advertiserCounty":"Mayo","isPSL":false,"privatePSL":false,"vehicleImageId":"62e485dd-dd65-4e62-a1d3-5a40186e4912","imagecount":11,"advertiserName":"Kilcoyne & Scahill Motors","isTrade":true},{"advertId":"33213601524323190","vehicleMake":"Skoda","vehicleModel":"Octavia","vehicleDerivative":"1.9 tdi se tdi","vehiclePriceEuro":12500,"vehicleYearOfManufacture":2009,"advertiserCounty":"Clare","isPSL":false,"privatePSL":false,"vehicleImageId":"96e9f41f-a812-4861-8c57-97f87738c98c","imagecount":7,"advertiserName":"David Murphy Car Sales","isTrade":true},{"advertId":"31113469440244480","vehicleMake":"Skoda","vehicleModel":"Octavia","vehicleDerivative":"Estate 1.9 TDI 105 BHP €270 Road Tax NCT 7/15","vehiclePriceEuro":12250,"vehicleYearOfManufacture":2009,"advertiserCounty":"Leitrim","isPSL":true,"privatePSL":false,"vehicleImageId":"2e5e8ebc-6473-45e4-8964-c1c3d2f0f45d","imagecount":8,"advertiserName":"Sean Gallagher Cars","isTrade":true},{"advertId":"29813486749134940","vehicleMake":"Skoda","vehicleModel":"Octavia","vehicleDerivative":"1.9 TDI SE 105 BHP €270 Road Tax","vehiclePriceEuro":12250,"vehicleYearOfManufacture":2009,"advertiserCounty":"Leitrim","isPSL":true,"privatePSL":false,"vehicleImageId":"99690ebf-4023-488c-862d-da61b340b241","imagecount":8,"advertiserName":"Sean Gallagher Cars","isTrade":true},{"advertId":"31913555062249210","vehicleMake":"Skoda","vehicleModel":"Octavia","vehicleDerivative":"ambiente1.9 tdi","vehiclePriceEuro":12000,"vehicleYearOfManufacture":2009,"advertiserCounty":"Clare","isPSL":false,"privatePSL":false,"vehicleImageId":"40167672-63ac-420e-92e3-34d4490907f8","imagecount":8,"advertiserName":"David Murphy Car Sales","isTrade":true},{"advertId":"31113582448276140","vehicleMake":"Skoda","vehicleModel":"Octavia","vehicleDerivative":"1.9 TDI Estate SE","vehiclePriceEuro":11950,"vehicleYearOfManufacture":2009,"advertiserCounty":"Galway","isPSL":true,"privatePSL":false,"vehicleImageId":"5270ac9a-4a18-4a4d-b854-a02b4446b2cc","imagecount":7,"advertiserName":"Westlink Car Sales Ltd.","isTrade":true},{"advertId":"34213600683721270","vehicleMake":"Skoda","vehicleModel":"Octavia","vehicleDerivative":"1.9 TDi Estate","vehiclePriceEuro":11500,"vehicleYearOfManufacture":2009,"advertiserCounty":"Tipperary","isPSL":false,"privatePSL":false,"vehicleImageId":"d171c740-0132-4cd9-a339-bc4f575d5334","imagecount":8,"advertiserName":"Premier Autos","isTrade":true},{"advertId":"31913549800036420","vehicleMake":"Skoda","vehicleModel":"Octavia","vehicleDerivative":"TOUR 1.9 TDI 100H 100HP","vehiclePriceEuro":11450,"vehicleYearOfManufacture":2009,"advertiserCounty":"Dublin","isPSL":false,"privatePSL":false,"imagecount":0,"advertiserName":"Pilsen Auto Ltd","isTrade":true},{"advertId":"34113612055615020","vehicleMake":"Skoda","vehicleModel":"Octavia","vehicleDerivative":"DUAL ZONE 1.4 5DR AIR CONDITIONING 80HP","vehiclePriceEuro":10950,"vehicleYearOfManufacture":2009,"advertiserCounty":"Dublin","isPSL":true,"privatePSL":false,"vehicleImageId":"a6fbce95-26b0-437c-9aa2-3bc52222ebad","imagecount":6,"advertiserName":"Michael Barrable Motors","isTrade":true},{"advertId":"29813449486218640","vehicleMake":"Skoda","vehicleModel":"Octavia","vehicleDerivative":"1.9 AMBIENTE TDI..finance available 1 hour...","vehiclePriceEuro":10500,"vehicleYearOfManufacture":2009,"advertiserCounty":"Dublin","isPSL":false,"privatePSL":false,"vehicleImageId":"8b544326-9de2-4111-9fe1-ceff4be72c18","imagecount":10,"advertiserName":"N 4 Autopoint","isTrade":true},{"advertId":"201246210990077","vehicleMake":"Skoda","vehicleModel":"Octavia","vehicleDerivative":"DUAL ZONE 1.4 5DR A/C 80HP","vehiclePriceEuro":10000,"vehicleYearOfManufacture":2009,"advertiserCounty":"Wexford","isPSL":true,"privatePSL":false,"vehicleImageId":"14142326","imagecount":6,"isTrade":false},{"advertId":"34013604068506480","vehicleMake":"Skoda","vehicleModel":"Octavia","vehicleDerivative":"DUAL ZONE 1.4 5DR AIR CONDITIONING 80HP","vehiclePriceEuro":9950,"vehicleYearOfManufacture":2009,"advertiserCounty":"Wicklow","isPSL":false,"privatePSL":false,"vehicleImageId":"f78a877e-d870-4438-8b01-40dcc7413e16","imagecount":15,"advertiserName":"John Linnane Motors","isTrade":true},{"advertId":"34013599899607290","vehicleMake":"Skoda","vehicleModel":"Octavia","vehicleDerivative":"Elegance","vehiclePriceEuro":9945,"vehicleYearOfManufacture":2009,"advertiserCounty":"Louth","isPSL":false,"privatePSL":false,"vehicleImageId":"5cff6e88-949e-473a-8f57-d884203fcd33","imagecount":9,"advertiserName":"Western Motors (Drogheda)","isTrade":true},{"advertId":"34113612050364000","vehicleMake":"Skoda","vehicleModel":"Octavia","vehicleDerivative":"AMBIENTE 1.4 5DR 80HP","vehiclePriceEuro":9750,"vehicleYearOfManufacture":2009,"advertiserCounty":"Cork","isPSL":false,"privatePSL":false,"vehicleImageId":"19f6659f-931a-45dc-9855-653468904eaa","imagecount":5,"advertiserName":"Finbarr Galvin Limited","isTrade":true},{"advertId":"32113536851807030","vehicleMake":"Skoda","vehicleModel":"Octavia","vehicleDerivative":"1.9 diesel","vehiclePriceEuro":9500,"vehicleYearOfManufacture":2009,"advertiserCounty":"Limerick","isPSL":false,"privatePSL":false,"vehicleImageId":"1dd65fa8-c22a-401a-bc4e-26e318598dea","imagecount":8,"advertiserName":"DG Autos","isTrade":true},{"advertId":"201302211936684","vehicleMake":"Skoda","vehicleModel":"Octavia","vehicleDerivative":"ELEGANCE 1.9 TDI DSG 105HP","vehiclePriceEuro":8950,"vehicleYearOfManufacture":2009,"advertiserCounty":"Kilkenny","isPSL":true,"privatePSL":false,"vehicleImageId":"14261048","imagecount":5,"isTrade":false},{"advertId":"31713560190581370","vehicleMake":"Skoda","vehicleModel":"Octavia","vehicleDerivative":"AMBIENTE 1.4 5DR 80HP","vehiclePriceEuro":8950,"vehicleYearOfManufacture":2009,"advertiserCounty":"Laois","isPSL":false,"privatePSL":false,"vehicleImageId":"cd32ee37-04cf-4a56-8759-dea997be88c2","imagecount":7,"advertiserName":"Ballybrittas Motors","isTrade":true},{"advertId":"33913606060671790","vehicleMake":"Skoda","vehicleModel":"Octavia","vehicleDerivative":"AMBIENTE 1.4 HATCHBACK --NCT 03 2015--","vehiclePriceEuro":7950,"vehicleYearOfManufacture":2009,"advertiserCounty":"Dublin","isPSL":true,"privatePSL":false,"vehicleImageId":"f98a884a-998d-4b88-9e9e-a7e368d44883","imagecount":10,"advertiserName":"Right Price Cars Airport","isTrade":true},{"advertId":"29613478814690430","vehicleMake":"Skoda","vehicleModel":"Octavia","vehicleDerivative":"AMBIENTE 1.4--BRILLIANT PRICE--","vehiclePriceEuro":7950,"vehicleYearOfManufacture":2009,"advertiserCounty":"Dublin","isPSL":true,"privatePSL":false,"vehicleImageId":"b370d13e-172e-4e4f-ad35-46d63bdae221","imagecount":10,"advertiserName":"Right Price Cars (Prussia Street)","isTrade":true},{"advertId":"30613475221712340","vehicleMake":"Skoda","vehicleModel":"Octavia","vehicleDerivative":"AMBIENTE 1.4 5DR 80HP nct 03/15","vehiclePriceEuro":7900,"vehicleYearOfManufacture":2009,"advertiserCounty":"Cork","isPSL":false,"privatePSL":false,"vehicleImageId":"4e197427-b070-4f97-886d-2bde61e01945","imagecount":20,"advertiserName":"Great Island Motors Ltd","isTrade":true},{"advertId":"34113602499735750","vehicleMake":"Skoda","vehicleModel":"Octavia","vehicleDerivative":"1.9 TDI SPORT 105BHP 5DR","vehiclePriceEuro":0,"vehicleYearOfManufacture":2009,"advertiserCounty":"Cork","isPSL":false,"privatePSL":false,"vehicleImageId":"431c0fd0-8800-4130-a06c-82701bee33fc","imagecount":7,"advertiserName":"Shanahan Car Sales","isTrade":true},{"advertId":"32013589808479200","vehicleMake":"Skoda","vehicleModel":"Octavia","vehicleDerivative":"1.9 Tdi","vehiclePriceEuro":0,"vehicleYearOfManufacture":2009,"advertiserCounty":"Cork","isPSL":false,"privatePSL":false,"vehicleImageId":"6f054577-50bd-4189-96dc-8ac389270394","imagecount":8,"advertiserName":"Edmond Collins Motors","isTrade":true},{"advertId":"33213602275620990","vehicleMake":"Skoda","vehicleModel":"Octavia","vehicleDerivative":"ELEGANCE 1.9 TDI 105HP FL","vehiclePriceEuro":0,"vehicleYearOfManufacture":2009,"advertiserCounty":"Donegal","isPSL":false,"privatePSL":false,"vehicleImageId":"81c07ba5-9f11-48e2-a3c8-b3baa69db317","imagecount":11,"advertiserName":"T Diver and Sons Ltd","isTrade":true},{"advertId":"34313605180690920","vehicleMake":"Skoda","vehicleModel":"Octavia","vehicleDerivative":"1.9 TDI SE ***ALLOYS,AIRCON***","vehiclePriceEuro":0,"vehicleYearOfManufacture":2009,"advertiserCounty":"Kerry","isPSL":false,"privatePSL":false,"vehicleImageId":"51603f14-a56a-47b4-803f-1dcac8dbbcac","imagecount":10,"advertiserName":"Listowel Autos Ltd","isTrade":true}],"totalAdvertCount":45174}