{"adverts":[{"advertId":"201307212457092","vehicleMake":"BMW","vehicleModel":"3 Series","vehicleDerivative":"318 CI","vehiclePriceEuro":3500,"vehicleYearOfManufacture":2002,"advertiserCounty":"Cork","isPSL":true,"privatePSL":false,"vehicleImageId":"14003237","imagecount":6,"isTrade":false},{"advertId":"33213596630174850","vehicleMake":"BMW","vehicleModel":"3 Series","vehicleDerivative":"318 CI","vehiclePriceEuro":3450,"vehicleYearOfManufacture":2002,"advertiserCounty":"Dublin","isPSL":false,"privatePSL":false,"vehicleImageId":"1f29bc91-6931-44df-a752-158c878c51ae","imagecount":7,"advertiserName":"Jack Doyle Motor Company","isTrade":true},{"advertId":"33913612216032100","vehicleMake":"BMW","vehicleModel":"3 Series","vehicleDerivative":"AUTOMATIC / NEW NCT JUN-14 / AS NEW /  \"\"MUST BE SEEN\"\" / www.N4CARS.ie","vehiclePriceEuro":3450,"vehicleYearOfManufacture":2002,"advertiserCounty":"Dublin","isPSL":false,"privatePSL":false,"vehicleImageId":"2847749c-c9c4-4264-be3a-7ad182021ae9","imagecount":11,"advertiserName":"N4 Car Sales","isTrade":true},{"advertId":"34313618219005210","vehicleMake":"BMW","vehicleModel":"3 Series","vehicleDerivative":"318 CI NCT 7/2013","vehiclePriceEuro":3450,"vehicleYearOfManufacture":2002,"advertiserCounty":"Dublin","isPSL":false,"privatePSL":false,"vehicleImageId":"5fab47a8-4c30-438e-ba10-a0e117b73db2","imagecount":10,"advertiserName":"Moore & Farrell","isTrade":true},{"advertId":"201305212182396","vehicleMake":"BMW","vehicleModel":"3 Series","vehicleDerivative":"318 CI | Leather | Automatic | Sunroof | Excellent Condition","vehiclePriceEuro":3450,"vehicleYearOfManufacture":2002,"advertiserCounty":"Dublin","isPSL":true,"privatePSL":false,"vehicleImageId":"14296724","imagecount":9,"isTrade":false},{"advertId":"201305212205181","vehicleMake":"BMW","vehicleModel":"3 Series","vehicleDerivative":"E46 2.0 CI 02DR","vehiclePriceEuro":3395,"vehicleYearOfManufacture":2002,"advertiserCounty":"Kilkenny","isPSL":true,"privatePSL":false,"vehicleImageId":"14302929","imagecount":6,"isTrade":false},{"advertId":"201309212674297","vehicleMake":"BMW","vehicleModel":"3 Series","vehicleDerivative":"D","vehiclePriceEuro":3350,"vehicleYearOfManufacture":2002,"advertiserCounty":"Wexford","isPSL":true,"privatePSL":false,"vehicleImageId":"14374883","imagecount":9,"isTrade":false},{"advertId":"201305212228098","vehicleMake":"BMW","vehicleModel":"3 Series","vehicleDerivative":"316 E46 1.9I SE 4DR","vehiclePriceEuro":3300,"vehicleYearOfManufacture":2002,"advertiserCounty":"Dublin","isPSL":true,"privatePSL":false,"vehicleImageId":"14306881","imagecount":6,"isTrade":false},{"advertId":"201243210672006","vehicleMake":"BMW","vehicleModel":"3 Series","vehicleDerivative":"320 D COMPACT","vehiclePriceEuro":3300,"vehicleYearOfManufacture":2002,"advertiserCounty":"Kildare","isPSL":true,"privatePSL":false,"vehicleImageId":"14079227","imagecount":6,"isTrade":false},{"advertId":"201242210576384","vehicleMake":"BMW","vehicleModel":"3 Series","vehicleDerivative":"318 T I COMPACT","vehiclePriceEuro":3300,"vehicleYearOfManufacture":2002,"advertiserCounty":"Dublin","isPSL":true,"privatePSL":false,"vehicleImageId":"14060134","imagecount":6,"isTrade":false},{"advertId":"201250211399673","vehicleMake":"BMW","vehicleModel":"3 Series","vehiclePriceEuro":3250,"vehicleYearOfManufacture":2002,"advertiserCounty":"Dublin","isPSL":true,"privatePSL":false,"vehicleImageId":"14204665","imagecount":9,"isTrade":false},{"advertId":"201310212771427","vehicleMake":"BMW","vehicleModel":"3 Series","vehiclePriceEuro":3250,"vehicleYearOfManufacture":2002,"advertiserCounty":"Dublin","isPSL":true,"privatePSL":false,"vehicleImageId":"14387130","imagecount":4,"isTrade":false},{"advertId":"29713445152017650","vehicleMake":"BMW","vehicleModel":"3 Series","vehicleDerivative":"316 COMPACT","vehiclePriceEuro":3250,"vehicleYearOfManufacture":2002,"advertiserCounty":"Dublin","isPSL":false,"privatePSL":false,"vehicleImageId":"d707739d-c8a5-474a-a11e-bed45d10b4a5","imagecount":8,"advertiserName":"Tom Walsh Motors Ltd","isTrade":true},{"advertId":"201305212228217","vehicleMake":"BMW","vehicleModel":"3 Series","vehicleDerivative":"316 COMPACT","vehiclePriceEuro":3200,"vehicleYearOfManufacture":2002,"advertiserCounty":"Dublin","isPSL":true,"privatePSL":false,"vehicleImageId":"14307432","imagecount":6,"isTrade":false},{"advertId":"201303212004370","vehicleMake":"BMW","vehicleModel":"3 Series","vehicleDerivative":"318 CI","vehiclePriceEuro":3150,"vehicleYearOfManufacture":2002,"advertiserCounty":"Galway","isPSL":true,"privatePSL":false,"vehicleImageId":"14272211","imagecount":6,"isTrade":false},{"advertId":"201305212273555","vehicleMake":"BMW","vehicleModel":"3 Series","vehicleDerivative":"E46 D 04DR","vehiclePriceEuro":3000,"vehicleYearOfManufacture":2002,"advertiserCounty":"Wexford","isPSL":true,"privatePSL":false,"vehicleImageId":"13958730","imagecount":6,"isTrade":false},{"advertId":"201303211959913","vehicleMake":"BMW","vehicleModel":"3 Series","vehicleDerivative":"320 CI","vehiclePriceEuro":3000,"vehicleYearOfManufacture":2002,"advertiserCounty":"Wexford","isPSL":true,"privatePSL":false,"vehicleImageId":"13906681","imagecount":9,"isTrade":false},{"advertId":"201305212250835","vehicleMake":"BMW","vehicleModel":"3 Series","vehicleDerivative":"320i","vehiclePriceEuro":3000,"vehicleYearOfManufacture":2002,"advertiserCounty":"Dublin","isPSL":true,"privatePSL":false,"vehicleImageId":"13962551","imagecount":5,"isTrade":false},{"advertId":"31913567037398070","vehicleMake":"BMW","vehicleModel":"3 Series","vehicleDerivative":"318 E46 2.0 CI 2DR","vehiclePriceEuro":2999,"vehicleYearOfManufacture":2002,"advertiserCounty":"Dublin","isPSL":false,"privatePSL":false,"vehicleImageId":"cf3643d7-5c52-4964-9502-7c5e8fe6eba4","imagecount":10,"advertiserName":"TMG Motors","isTrade":true},{"advertId":"201307212409153","vehicleMake":"BMW","vehicleModel":"3 Series","vehicleDerivative":"316","vehiclePriceEuro":2999,"vehicleYearOfManufacture":2002,"advertiserCounty":"Dublin","isPSL":true,"privatePSL":false,"vehicleImageId":"14006680","imagecount":9,"isTrade":false},{"advertId":"201247211107095","vehicleMake":"BMW","vehicleModel":"3 Series","vehicleDerivative":"316 316I SALOON","vehiclePriceEuro":2999,"vehicleYearOfManufacture":2002,"advertiserCounty":"Dublin","isPSL":true,"privatePSL":false,"vehicleImageId":"14160073","imagecount":9,"isTrade":false},{"advertId":"201309212649585","vehicleMake":"BMW","vehicleModel":"3 Series","vehicleDerivative":"E46 D SE 150BHP 4DR","vehiclePriceEuro":2995,"vehicleYearOfManufacture":2002,"advertiserCounty":"Meath","isPSL":true,"privatePSL":false,"vehicleImageId":"14370389","imagecount":9,"isTrade":false},{"advertId":"201243210649882","vehicleMake":"BMW","vehicleModel":"3 Series","vehicleDerivative":"318 2LTR","vehiclePriceEuro":2995,"vehicleYearOfManufacture":2002,"advertiserCounty":"Dublin","isPSL":true,"privatePSL":false,"vehicleImageId":"12623464","imagecount":2,"isTrade":false},{"advertId":"32013524882888600","vehicleMake":"BMW","vehicleModel":"3 Series","vehicleDerivative":"316 COMPACT","vehiclePriceEuro":2995,"vehicleYearOfManufacture":2002,"advertiserCounty":"Meath","isPSL":false,"privatePSL":false,"vehicleImageId":"26654874-fbd4-4685-abc4-4db906cb538f","imagecount":5,"advertiserName":"Kells Car Sales","isTrade":true},{"advertId":"201250211384455","vehicleMake":"BMW","vehicleModel":"3 Series","vehicleDerivative":"320 CI","vehiclePriceEuro":2995,"vehicleYearOfManufacture":2002,"advertiserCounty":"Kildare","isPSL":true,"privatePSL":false,"vehicleImageId":"13817657","imagecount":7,"isTrade":false},{"advertId":"32113576611717440","vehicleMake":"BMW","vehicleModel":"3 Series","vehicleDerivative":"330 CI E46 SPORT 2DR A","vehiclePriceEuro":2950,"vehicleYearOfManufacture":2002,"advertiserCounty":"Dublin","isPSL":true,"privatePSL":false,"vehicleImageId":"74939380-cc4c-48e9-8105-50df2bab4344","imagecount":8,"advertiserName":"Murphy Doyle","isTrade":true},{"advertId":"201242210585906","vehicleMake":"BMW","vehicleModel":"3 Series","vehicleDerivative":"320 D","vehiclePriceEuro":2950,"vehicleYearOfManufacture":2002,"advertiserCounty":"Dublin","isPSL":true,"privatePSL":false,"vehicleImageId":"14062637","imagecount":3,"isTrade":false},{"advertId":"17313409881140240","vehicleMake":"BMW","vehicleModel":"3 Series","vehicleDerivative":"318 CI E46 SE 02DR","vehiclePriceEuro":2950,"vehicleYearOfManufacture":2002,"advertiserCounty":"Dublin","isPSL":false,"privatePSL":false,"vehicleImageId":"21ba21d0-920d-4465-b501-5659e8156cbd","imagecount":5,"advertiserName":"Clarehall Motor Centre","isTrade":true},{"advertId":"201304212137241","vehicleMake":"BMW","vehicleModel":"3 Series","vehicleDerivative":"318 I E46 04DR","vehiclePriceEuro":2950,"vehicleYearOfManufacture":2002,"advertiserCounty":"Galway","isPSL":true,"privatePSL":false,"vehicleImageId":"12382506","imagecount":4,"isTrade":false},{"advertId":"31413494567150780","vehicleMake":"BMW","vehicleModel":"3 Series","vehicleDerivative":"316 I E46 1.8 04DR","vehiclePriceEuro":2950,"vehicleYearOfManufacture":2002,"advertiserCounty":"Dublin","isPSL":false,"privatePSL":false,"vehicleImageId":"909f7aa9-2a4d-44e7-9c1d-97da53c11b23","imagecount":8,"advertiserName":"Motor Range Naas Road","isTrade":true},{"advertId":"201303211959535","vehicleMake":"BMW","vehicleModel":"3 Series","vehicleDerivative":"318 CI E46 SE 02DR","vehiclePriceEuro":2950,"vehicleYearOfManufacture":2002,"advertiserCounty":"Wicklow","isPSL":true,"privatePSL":false,"vehicleImageId":"11504542","imagecount":4,"isTrade":false},{"advertId":"27513430394554290","vehicleMake":"BMW","vehicleModel":"3 Series","vehicleDerivative":"316 COMPACT 03DR Automatic","vehiclePriceEuro":2950,"vehicleYearOfManufacture":2002,"advertiserCounty":"Dublin","isPSL":true,"privatePSL":false,"vehicleImageId":"f46acaac-887e-4989-8a5f-0cc62b0dee54","imagecount":11,"advertiserName":"First Choice Auto's","isTrade":true},{"advertId":"34013612201492870","vehicleMake":"BMW","vehicleModel":"3 Series","vehicleDerivative":"318 CI SE  NCT 03/14","vehiclePriceEuro":2945,"vehicleYearOfManufacture":2002,"advertiserCounty":"Dublin","isPSL":false,"privatePSL":false,"vehicleImageId":"f286e223-c02e-4189-bb1a-4c221e4ac12c","imagecount":9,"advertiserName":"SD Motor Group","isTrade":true},{"advertId":"813270470759960","vehicleMake":"BMW","vehicleModel":"3 Series","vehicleDerivative":"318Ci","vehiclePriceEuro":2850,"vehicleYearOfManufacture":2002,"advertiserCounty":"Cork","isPSL":false,"privatePSL":false,"vehicleImageId":"236f354e-1af2-48c4-92af-cd18730ef1ef","imagecount":6,"advertiserName":"Donal Byrne Motors","isTrade":true},{"advertId":"201307212457264","vehicleMake":"BMW","vehicleModel":"3 Series","vehicleDerivative":"316i Automatic","vehiclePriceEuro":2800,"vehicleYearOfManufacture":2002,"advertiserCounty":"Kilkenny","isPSL":true,"privatePSL":false,"vehicleImageId":"13999702","imagecount":5,"isTrade":false},{"advertId":"7113378523848750","vehicleMake":"BMW","vehicleModel":"3 Series","vehicleDerivative":"2.2 CI COUPE","vehiclePriceEuro":2750,"vehicleYearOfManufacture":2002,"advertiserCounty":"Tipperary","isPSL":false,"privatePSL":false,"vehicleImageId":"14e1d8e0-e048-4cbf-ba76-6bc5237ea137","imagecount":8,"advertiserName":"Cahir 4x4 Centre","isTrade":true},{"advertId":"201248211160359","vehicleMake":"BMW","vehicleModel":"3 Series","vehicleDerivative":"318 I E46 SE 4DR","vehiclePriceEuro":2750,"vehicleYearOfManufacture":2002,"advertiserCounty":"Dublin","isPSL":true,"privatePSL":false,"vehicleImageId":"14169109","imagecount":8,"isTrade":false},{"advertId":"813269879670400","vehicleMake":"BMW","vehicleModel":"3 Series","vehicleDerivative":"316 COMPACT *** DONIE DAFFY CAR SALES ***","vehiclePriceEuro":2750,"vehicleYearOfManufacture":2002,"advertiserCounty":"Limerick","isPSL":false,"privatePSL":false,"vehicleImageId":"b18a9ca4-8657-4504-ae90-f6888c2dcc85","imagecount":10,"advertiserName":"Donie Daffy Quality Car Sales","isTrade":true},{"advertId":"201245210854204","vehicleMake":"BMW","vehicleModel":"3 Series","vehicleDerivative":"316 316I SALOON","vehiclePriceEuro":2750,"vehicleYearOfManufacture":2002,"advertiserCounty":"Cork","isPSL":true,"privatePSL":false,"vehicleImageId":"14105358","imagecount":8,"isTrade":false},{"advertId":"34113612689215440","vehicleMake":"BMW","vehicleModel":"3 Series","vehicleDerivative":"316 COMPACT","vehiclePriceEuro":2750,"vehicleYearOfManufacture":2002,"advertiserCounty":"Dublin","isPSL":false,"privatePSL":false,"vehicleImageId":"78e9a5a3-2186-4c48-9955-809d014de93c","imagecount":7,"advertiserName":"Glasnevin Motor Group","isTrade":true},{"advertId":"201248211178573","vehicleMake":"BMW","vehicleModel":"3 Series","vehicleDerivative":"318","vehiclePriceEuro":2700,"vehicleYearOfManufacture":2002,"advertiserCounty":"Tipperary","isPSL":true,"privatePSL":false,"vehicleImageId":"13777463","imagecount":6,"isTrade":false},{"advertId":"201309212698653","vehicleMake":"BMW","vehicleModel":"3 Series","vehicleDerivative":"316L","vehiclePriceEuro":2700,"vehicleYearOfManufacture":2002,"advertiserCounty":"Dublin","isPSL":true,"privatePSL":false,"vehicleImageId":"11740517","imagecount":5,"isTrade":false},{"advertId":"201251211494380","vehicleMake":"BMW","vehicleModel":"3 Series","vehicleDerivative":"3 Series Sport 320cl","vehiclePriceEuro":2700,"vehicleYearOfManufacture":2002,"advertiserCounty":"Dublin","isPSL":true,"privatePSL":false,"vehicleImageId":"13861677","imagecount":3,"isTrade":false},{"advertId":"201306212296157","vehicleMake":"BMW","vehicleModel":"3 Series","vehicleDerivative":"318i","vehiclePriceEuro":2650,"vehicleYearOfManufacture":2002,"advertiserCounty":"Dublin","isPSL":true,"privatePSL":false,"vehicleImageId":"12430435","imagecount":6,"isTrade":false},{"advertId":"31913585987650050","vehicleMake":"BMW","vehicleModel":"3 Series","vehicleDerivative":"318i ","vehiclePriceEuro":2650,"vehicleYearOfManufacture":2002,"advertiserCounty":"Dublin","isPSL":false,"privatePSL":false,"vehicleImageId":"49c37adf-8834-421f-bf93-6143bebc9c80","imagecount":8,"advertiserName":"Burke & Sons Motor Co","isTrade":true},{"advertId":"201309212649868","vehicleMake":"BMW","vehicleModel":"3 Series","vehicleDerivative":"320 E46 D SE TOURING 150BHP 05DR","vehiclePriceEuro":2500,"vehicleYearOfManufacture":2002,"advertiserCounty":"Mayo","isPSL":true,"privatePSL":false,"vehicleImageId":"14043258","imagecount":7,"isTrade":false},{"advertId":"201250211384216","vehicleMake":"BMW","vehicleModel":"3 Series","vehicleDerivative":"330 D E46 SE 04DR A","vehiclePriceEuro":2500,"vehicleYearOfManufacture":2002,"advertiserCounty":"Meath","isPSL":true,"privatePSL":false,"vehicleImageId":"14202881","imagecount":9,"isTrade":false},{"advertId":"201305212273217","vehicleMake":"BMW","vehicleModel":"3 Series","vehicleDerivative":"320 I","vehiclePriceEuro":2500,"vehicleYearOfManufacture":2002,"advertiserCounty":"Dublin","isPSL":true,"privatePSL":false,"vehicleImageId":"13961838","imagecount":4,"isTrade":false},{"advertId":"33213620509487800","vehicleMake":"BMW","vehicleModel":"3 Series","vehicleDerivative":"LEATHER,HEATED SEATS,CLIMATE","vehiclePriceEuro":2499,"vehicleYearOfManufacture":2002,"advertiserCounty":"Dublin","isPSL":false,"privatePSL":false,"imagecount":0,"advertiserName":"Carroll & McAuley Ltd","isTrade":true},{"advertId":"31413594642895070","vehicleMake":"BMW","vehicleModel":"3 Series","vehicleDerivative":"LEATHER,CLIMATE,ALLOYS","vehiclePriceEuro":2499,"vehicleYearOfManufacture":2002,"advertiserCounty":"Dublin","isPSL":false,"privatePSL":false,"imagecount":0,"advertiserName":"Carroll & McAuley Ltd","isTrade":true},{"advertId":"201302211870661","vehicleMake":"BMW","vehicleModel":"3 Series","vehicleDerivative":"325 CI","vehiclePriceEuro":2400,"vehicleYearOfManufacture":2002,"advertiserCounty":"Kildare","isPSL":true,"privatePSL":false,"vehicleImageId":"14255188","imagecount":4,"isTrade":false},{"advertId":"201240210312360","vehicleMake":"BMW","vehicleModel":"3 Series","vehicleDerivative":"325 CI","vehiclePriceEuro":2400,"vehicleYearOfManufacture":2002,"advertiserCounty":"Kildare","isPSL":true,"privatePSL":false,"vehicleImageId":"14148615","imagecount":6,"isTrade":false},{"advertId":"201304212085959","vehicleMake":"BMW","vehicleModel":"3 Series","vehicleDerivative":"318 E46","vehiclePriceEuro":2300,"vehicleYearOfManufacture":2002,"advertiserCounty":"Wexford","isPSL":true,"privatePSL":false,"vehicleImageId":"14282759","imagecount":9,"isTrade":false},{"advertId":"201304212070905","vehicleMake":"BMW","vehicleModel":"3 Series","vehicleDerivative":"318i E46 146bhp","vehiclePriceEuro":2300,"vehicleYearOfManufacture":2002,"advertiserCounty":"Cork","isPSL":true,"privatePSL":false,"vehicleImageId":"14280733","imagecount":6,"isTrade":false},{"advertId":"201250211405717","vehicleMake":"BMW","vehicleModel":"3 Series","vehicleDerivative":"318 CI","vehiclePriceEuro":2295,"vehicleYearOfManufacture":2002,"advertiserCounty":"Dublin","isPSL":true,"privatePSL":false,"vehicleImageId":"14205541","imagecount":9,"isTrade":false},{"advertId":"31213476216565680","vehicleMake":"BMW","vehicleModel":"3 Series","vehicleDerivative":"320 I...NCT..","vehiclePriceEuro":2250,"vehicleYearOfManufacture":2002,"advertiserCounty":"Dublin","isPSL":true,"privatePSL":false,"vehicleImageId":"82e984be-e95d-4e16-92e8-14931444cfbd","imagecount":9,"advertiserName":"Murphy Doyle","isTrade":true},{"advertId":"31513552233409250","vehicleMake":"BMW","vehicleModel":"3 Series","vehicleDerivative":"316   NCT 12/13 JUST DONE  EXCELLENT CONDITION","vehiclePriceEuro":2250,"vehicleYearOfManufacture":2002,"advertiserCounty":"Cork","isPSL":true,"privatePSL":false,"vehicleImageId":"0c81f693-989b-4ef2-90f5-aa6251b8de56","imagecount":8,"advertiserName":"Ballincollig Motors","isTrade":true},{"advertId":"32113554353312520","vehicleMake":"BMW","vehicleModel":"3 Series","vehicleDerivative":"316 SE COMPACT","vehiclePriceEuro":2150,"vehicleYearOfManufacture":2002,"advertiserCounty":"Dublin","isPSL":false,"privatePSL":false,"vehicleImageId":"5aec34f5-4b18-4d47-939d-f873822849eb","imagecount":7,"advertiserName":"Clifford Barron Auto Solutions","isTrade":true},{"advertId":"201301211753653","vehicleMake":"BMW","vehicleModel":"3 Series","vehicleDerivative":"318","vehiclePriceEuro":2099,"vehicleYearOfManufacture":2002,"advertiserCounty":"Dublin","isPSL":true,"privatePSL":false,"vehicleImageId":"14240269","imagecount":7,"isTrade":false},{"advertId":"201303211959521","vehicleMake":"BMW","vehicleModel":"3 Series","vehicleDerivative":"316 SE","vehiclePriceEuro":1999,"vehicleYearOfManufacture":2002,"advertiserCounty":"Galway","isPSL":true,"privatePSL":false,"vehicleImageId":"14274932","imagecount":8,"isTrade":false},{"advertId":"34213609415413600","vehicleMake":"BMW","vehicleModel":"3 Series","vehicleDerivative":"318 ","vehiclePriceEuro":1799,"vehicleYearOfManufacture":2002,"advertiserCounty":"Cork","isPSL":true,"privatePSL":false,"vehicleImageId":"dc08f5a6-5446-4f03-8ab6-3703c33ff52f","imagecount":5,"advertiserName":"Jason O`Brien Cars","isTrade":true},{"advertId":"31113579035941800","vehicleMake":"BMW","vehicleModel":"3 Series","vehicleDerivative":"TRADE SALE","vehiclePriceEuro":1100,"vehicleYearOfManufacture":2002,"advertiserCounty":"Tipperary","isPSL":false,"privatePSL":false,"vehicleImageId":"87f7fef4-67a8-4a7b-80c3-75fca6cfe1ad","imagecount":7,"advertiserName":"O Neills of Cashel","isTrade":true},{"advertId":"31313474482963970","vehicleMake":"BMW","vehicleModel":"3 Series","vehicleDerivative":"CI COUPE 2.0 IMMACULATE ","vehiclePriceEuro":0,"vehicleYearOfManufacture":2002,"advertiserCounty":"Wexford","isPSL":true,"privatePSL":false,"vehicleImageId":"41ee4f3c-9082-4bdd-b6af-bdede5591554","imagecount":7,"advertiserName":"Trinity Motors Land Rover","isTrade":true},{"advertId":"33213615482018270","vehicleMake":"BMW","vehicleModel":"3 Series","vehicleDerivative":"... SOLD ","vehiclePriceEuro":0,"vehicleYearOfManufacture":2002,"advertiserCounty":"Dublin","isPSL":true,"privatePSL":false,"vehicleImageId":"2247146e-cef3-4652-aad0-ae48f8df2b4c","imagecount":6,"advertiserName":"Lambe & O'Connor Car Sales","isTrade":true},{"advertId":"29613448750438780","vehicleMake":"BMW","vehicleModel":"3 Series","vehicleDerivative":" 318i","vehiclePriceEuro":0,"vehicleYearOfManufacture":2002,"advertiserCounty":"Kerry","isPSL":false,"privatePSL":false,"imagecount":0,"advertiserName":"Joe O'Connor Car Sales","isTrade":true},{"advertId":"201245210926479","vehicleMake":"BMW","vehicleModel":"3 Series","vehicleDerivative":"318 E46 SE 1.9 Ci","vehiclePriceEuro":6400,"vehicleYearOfManufacture":2001,"advertiserCounty":"Dublin","isPSL":true,"privatePSL":false,"vehicleImageId":"14127412","imagecount":6,"isTrade":false},{"advertId":"201306212363492","vehicleMake":"BMW","vehicleModel":"3 Series","vehicleDerivative":"318ci","vehiclePriceEuro":5700,"vehicleYearOfManufacture":2001,"advertiserCounty":"Dublin","isPSL":true,"privatePSL":false,"vehicleImageId":"13980794","imagecount":8,"isTrade":false},{"advertId":"201245210926629","vehicleMake":"BMW","vehicleModel":"3 Series","vehicleDerivative":"330 CONVERTIBLE","vehiclePriceEuro":5500,"vehicleYearOfManufacture":2001,"advertiserCounty":"Dublin","isPSL":true,"privatePSL":false,"vehicleImageId":"14128010","imagecount":9,"isTrade":false},{"advertId":"201302211936933","vehicleMake":"BMW","vehicleModel":"3 Series","vehicleDerivative":"325i","vehiclePriceEuro":5300,"vehicleYearOfManufacture":2001,"advertiserCounty":"Galway","isPSL":true,"privatePSL":false,"vehicleImageId":"14261529","imagecount":9,"isTrade":false},{"advertId":"201251211518018","vehicleMake":"BMW","vehicleModel":"3 Series","vehicleDerivative":"318 E46 1.9I 04DR","vehiclePriceEuro":5295,"vehicleYearOfManufacture":2001,"advertiserCounty":"Cavan","isPSL":true,"privatePSL":false,"vehicleImageId":"13846547","imagecount":6,"isTrade":false},{"advertId":"201305212182363","vehicleMake":"BMW","vehicleModel":"3 Series","vehicleDerivative":"325 CI E46 M-SPORT 2DR","vehiclePriceEuro":5000,"vehicleYearOfManufacture":2001,"advertiserCounty":"Cork","isPSL":true,"privatePSL":false,"vehicleImageId":"14296524","imagecount":8,"isTrade":false},{"advertId":"201244210802447","vehicleMake":"BMW","vehicleModel":"3 Series","vehicleDerivative":"320 CONVERTIBLE","vehiclePriceEuro":5000,"vehicleYearOfManufacture":2001,"advertiserCounty":"Dublin","isPSL":true,"privatePSL":false,"vehicleImageId":"14097760","imagecount":5,"isTrade":false},{"advertId":"201247211100303","vehicleMake":"BMW","vehicleModel":"3 Series","vehiclePriceEuro":5000,"vehicleYearOfManufacture":2001,"advertiserCounty":"Waterford","isPSL":true,"privatePSL":false,"vehicleImageId":"14159610","imagecount":6,"isTrade":false},{"advertId":"201305212250622","vehicleMake":"BMW","vehicleModel":"3 Series","vehicleDerivative":"325CI Convertible","vehiclePriceEuro":4999,"vehicleYearOfManufacture":2001,"advertiserCounty":"Dublin","isPSL":true,"privatePSL":false,"vehicleImageId":"13467211","imagecount":9,"isTrade":false},{"advertId":"201242210597999","vehicleMake":"BMW","vehicleModel":"3 Series","vehicleDerivative":"325 TOURING","vehiclePriceEuro":4999,"vehicleYearOfManufacture":2001,"advertiserCounty":"Dublin","isPSL":true,"privatePSL":false,"vehicleImageId":"14064731","imagecount":5,"isTrade":false},{"advertId":"201245210926431","vehicleMake":"BMW","vehicleModel":"3 Series","vehicleDerivative":"320 E46 SE Diesel","vehiclePriceEuro":4650,"vehicleYearOfManufacture":2001,"advertiserCounty":"Waterford","isPSL":true,"privatePSL":false,"vehicleImageId":"14127081","imagecount":2,"isTrade":false},{"advertId":"201305212227694","vehicleMake":"BMW","vehicleModel":"3 Series","vehicleDerivative":"320 SE","vehiclePriceEuro":4500,"vehicleYearOfManufacture":2001,"advertiserCounty":"Wicklow","isPSL":true,"privatePSL":false,"vehicleImageId":"14305758","imagecount":6,"isTrade":false},{"advertId":"201251211518116","vehicleMake":"BMW","vehicleModel":"3 Series","vehicleDerivative":"318I TOURING","vehiclePriceEuro":4500,"vehicleYearOfManufacture":2001,"advertiserCounty":"Kilkenny","isPSL":true,"privatePSL":false,"vehicleImageId":"13420972","imagecount":9,"isTrade":false},{"advertId":"201250211384066","vehicleMake":"BMW","vehicleModel":"3 Series","vehicleDerivative":"318 E46 1.9 CI 2DR","vehiclePriceEuro":4500,"vehicleYearOfManufacture":2001,"advertiserCounty":"Cork","isPSL":true,"privatePSL":false,"vehicleImageId":"14202591","imagecount":8,"isTrade":false},{"advertId":"201306212341148","vehicleMake":"BMW","vehicleModel":"3 Series","vehicleDerivative":"318ci","vehiclePriceEuro":4450,"vehicleYearOfManufacture":2001,"advertiserCounty":"Limerick","isPSL":true,"privatePSL":false,"vehicleImageId":"13979541","imagecount":8,"isTrade":false},{"advertId":"201302211824196","vehicleMake":"BMW","vehicleModel":"3 Series","vehicleDerivative":"320 E46 CI 02DR A","vehiclePriceEuro":4295,"vehicleYearOfManufacture":2001,"advertiserCounty":"Wicklow","isPSL":true,"privatePSL":false,"vehicleImageId":"13889947","imagecount":7,"isTrade":false},{"advertId":"201248211219422","vehicleMake":"BMW","vehicleModel":"3 Series","vehicleDerivative":"318 COUPE","vehiclePriceEuro":4250,"vehicleYearOfManufacture":2001,"advertiserCounty":"Laois","isPSL":true,"privatePSL":false,"vehicleImageId":"14178571","imagecount":3,"isTrade":false},{"advertId":"201242210599188","vehicleMake":"BMW","vehicleModel":"3 Series","vehicleDerivative":"318 E46 1.9 CI SE 02DR","vehiclePriceEuro":4200,"vehicleYearOfManufacture":2001,"advertiserCounty":"Cork","isPSL":true,"privatePSL":false,"vehicleImageId":"14065746","imagecount":5,"isTrade":false},{"advertId":"201304212159837","vehicleMake":"BMW","vehicleModel":"3 Series","vehicleDerivative":"318 I 1.9","vehiclePriceEuro":4200,"vehicleYearOfManufacture":2001,"advertiserCounty":"Dublin","isPSL":true,"privatePSL":false,"vehicleImageId":"14294198","imagecount":9,"isTrade":false},{"advertId":"201250211426611","vehicleMake":"BMW","vehicleModel":"3 Series","vehicleDerivative":"330 D E46 SE 04DR","vehiclePriceEuro":4000,"vehicleYearOfManufacture":2001,"advertiserCounty":"Dublin","isPSL":true,"privatePSL":false,"vehicleImageId":"12894480","imagecount":8,"isTrade":false},{"advertId":"201301211800501","vehicleMake":"BMW","vehicleModel":"3 Series","vehiclePriceEuro":4000,"vehicleYearOfManufacture":2001,"advertiserCounty":"Dublin","isPSL":true,"privatePSL":false,"vehicleImageId":"14244725","imagecount":6,"isTrade":false},{"advertId":"201245210884966","vehicleMake":"BMW","vehicleModel":"3 Series","vehicleDerivative":"CI","vehiclePriceEuro":4000,"vehicleYearOfManufacture":2001,"advertiserCounty":"Dublin","isPSL":true,"privatePSL":false,"vehicleImageId":"14111696","imagecount":5,"isTrade":false},{"advertId":"201305212250580","vehicleMake":"BMW","vehicleModel":"3 Series","vehicleDerivative":"320 CI","vehiclePriceEuro":4000,"vehicleYearOfManufacture":2001,"advertiserCounty":"Cork","isPSL":true,"privatePSL":false,"vehicleImageId":"14310487","imagecount":5,"isTrade":false},{"advertId":"201309212698640","vehicleMake":"BMW","vehicleModel":"3 Series","vehicleDerivative":"320 E46 D SE 04DR","vehiclePriceEuro":3950,"vehicleYearOfManufacture":2001,"advertiserCounty":"Dublin","isPSL":true,"privatePSL":false,"vehicleImageId":"12529100","imagecount":9,"isTrade":false},{"advertId":"32913607737561070","vehicleMake":"BMW","vehicleModel":"3 Series","vehicleDerivative":"330ci CONVERTIBLE","vehiclePriceEuro":3950,"vehicleYearOfManufacture":2001,"advertiserCounty":"Dublin","isPSL":true,"privatePSL":false,"vehicleImageId":"f7969c44-ac7f-4028-ba84-41c0a03de94d","imagecount":16,"advertiserName":"Auto Sports Motors Ltd","isTrade":true},{"advertId":"33413617871404970","vehicleMake":"BMW","vehicleModel":"3 Series","vehicleDerivative":"320 CONVERTIBLE ***1 Owner Irish Car with F.S.H in Mint Condition***","vehiclePriceEuro":3950,"vehicleYearOfManufacture":2001,"advertiserCounty":"Dublin","isPSL":true,"privatePSL":false,"vehicleImageId":"01426c96-52cd-44bc-a7a0-855bb4f5252c","imagecount":16,"advertiserName":"Auto Sports Motors Ltd","isTrade":true},{"advertId":"31813537764191330","vehicleMake":"BMW","vehicleModel":"3 Series","vehicleDerivative":"320CI CONVERTIBLE NCT\"D","vehiclePriceEuro":3950,"vehicleYearOfManufacture":2001,"advertiserCounty":"Dublin","isPSL":false,"privatePSL":false,"vehicleImageId":"fbf568d0-1296-4d2a-a6a9-93f888f06383","imagecount":13,"advertiserName":"JK Car Sales","isTrade":true},{"advertId":"34213602254409700","vehicleMake":"BMW","vehicleModel":"3 Series","vehicleDerivative":"320 CI AUTOMATIC..VERY LOW MILES..WWW.SARSFIELDMOTORS.IE..MASSIVE SPEC..FULL BMW SERVICE HISTORY..IRISH CAR..","vehiclePriceEuro":3950,"vehicleYearOfManufacture":2001,"advertiserCounty":"Dublin","isPSL":true,"privatePSL":false,"vehicleImageId":"c907b828-6c4b-4aca-95ce-9e32b0a81caf","imagecount":1,"advertiserName":"Sarsfield Motor Company S.C.R. Kilmainham","isTrade":true},{"advertId":"31713552451454670","vehicleMake":"BMW","vehicleModel":"3 Series","vehicleDerivative":"316 COMPACT","vehiclePriceEuro":3750,"vehicleYearOfManufacture":2001,"advertiserCounty":"Cork","isPSL":false,"privatePSL":false,"vehicleImageId":"1a8b6551-b9a3-41c3-be1e-03cec0ed882d","imagecount":7,"advertiserName":"O'Leary's Lissarda (Volkswagen Dealer)","isTrade":true},{"advertId":"201305212227791","vehicleMake":"BMW","vehicleModel":"3 Series","vehicleDerivative":"318 SE","vehiclePriceEuro":3700,"vehicleYearOfManufacture":2001,"advertiserCounty":"Sligo","isPSL":true,"privatePSL":false,"vehicleImageId":"14306106","imagecount":9,"isTrade":false},{"advertId":"34113607644819240","vehicleMake":"BMW","vehicleModel":"3 Series","vehicleDerivative":"320 D SE ","vehiclePriceEuro":3500,"vehicleYearOfManufacture":2001,"advertiserCounty":"Mayo","isPSL":false,"privatePSL":false,"vehicleImageId":"ce8a6dbf-d02c-4a8b-8654-13388d26132e","imagecount":8,"advertiserName":"Cosgraves Garage Ltd","isTrade":true},{"advertId":"201244210784024","vehicleMake":"BMW","vehicleModel":"3 Series","vehicleDerivative":"318ci","vehiclePriceEuro":3500,"vehicleYearOfManufacture":2001,"advertiserCounty":"Dublin","isPSL":true,"privatePSL":false,"vehicleImageId":"13704496","imagecount":9,"isTrade":false},{"advertId":"201244210784014","vehicleMake":"BMW","vehicleModel":"3 Series","vehicleDerivative":"318i","vehiclePriceEuro":3499,"vehicleYearOfManufacture":2001,"advertiserCounty":"Carlow","isPSL":true,"privatePSL":false,"vehicleImageId":"13704503","imagecount":9,"isTrade":false},{"advertId":"201242210598570","vehicleMake":"BMW","vehicleModel":"3 Series","vehicleDerivative":"CI Coupe","vehiclePriceEuro":3300,"vehicleYearOfManufacture":2001,"advertiserCounty":"Dublin","isPSL":true,"privatePSL":false,"vehicleImageId":"14064833","imagecount":5,"isTrade":false},{"advertId":"201244210802289","vehicleMake":"BMW","vehicleModel":"3 Series","vehicleDerivative":"320 D","vehiclePriceEuro":3250,"vehicleYearOfManufacture":2001,"advertiserCounty":"Cork","isPSL":true,"privatePSL":false,"vehicleImageId":"14097373","imagecount":8,"isTrade":false}],"totalAdvertCount":45174}