{"total":"23408","result":[{"ad_id":"869527","reg_year":"2005","make":"Renault","model":"Grand Scenic","variant":"MEGANE 2 7seater diesel","mileage":"85000","engine_size":"1.9","fuel_type":"Diesel","body_type":null,"colour":"0000c0","location":"Dublin","price":"\u20ac 5,950","images":{"base_url":"http:\/\/i0.carsie.ie\/","image_list":[{"thumb":"YTJhZDIwNDdiMWY5OGM3ZjNhNWYzOTcwZjUxZGJkZmEwNDs3cuh061UmzYBjbwYQODY5NTI3LTcwODY1MTQuanBnfHx8fHx8OTJ4Njl8fHx8fA==.jpg","main":"OTkwYWM4MmY0Nzg2YTFlMDE2MGQ1ZGRkOGFmM2UxZTMyfECd1iQoR8oC73H7cIbPODY5NTI3LTcwODY1MTQuanBnfHx8fHx8fHx8fHw0MDB4MzAw.jpg","large":"YjdkMGNjMDFhZTIwNzczZTdiMzJkOTI2ODk0M2M0MzYRyKa-wxo1GIG-SgI0uPodODY5NTI3LTcwODY1MTQuanBnfHx8fHx8fHx8fHw2NDB4NDgw.jpg"}]}},{"ad_id":"873487","reg_year":"2005","make":"Renault","model":"Kangoo","variant":null,"mileage":"33554","engine_size":"1.2","fuel_type":"Petrol","body_type":null,"colour":"e0e0e0","location":"Dublin","price":"\u20ac 5,950","images":{"base_url":"http:\/\/i0.carsie.ie\/","image_list":[{"thumb":"YzU3MWIxNDlmNGRlYzdkZDYwMTZiOGQ3ZjE2ODFiMDFfLDTFUxXJsjYvjyQqBeAEODczNDg3LTcwNTc3OTQuanBnfHx8fHx8OTJ4Njl8fHx8fA==.jpg","main":"OGI0MGIyMTM4YmZkMjUzNmI2MTk4ZTAwOTYwNWY1Yjmfam7-D2i2LBH_EiQvNp4HODczNDg3LTcwNTc3OTQuanBnfHx8fHx8fHx8fHw0MDB4MzAw.jpg","large":"ZjJlNzg2MTQxYjg4NDhjMGVjNTUzZTliYTAyNjJkNWH1EvfYh4xVe1OLIrWDQU0PODczNDg3LTcwNTc3OTQuanBnfHx8fHx8fHx8fHw2NDB4NDgw.jpg"}]}},{"ad_id":"881542","reg_year":"2007","make":"Renault","model":"Laguna","variant":"1.9dci Expression NAV 95BHP 5DR","mileage":"82000","engine_size":"1.9","fuel_type":"Diesel","body_type":"Estate","colour":"e0e0e0","location":"Dublin","price":"\u20ac 5,950","images":{"base_url":"http:\/\/i0.carsie.ie\/","image_list":[{"thumb":"N2FjOWQ5ZWY4MTBiZDA2ZGYzZWM0ZmQyYmVjZjNjYjC2kLBc8HU4xju57UGXDighODgxNTQyLTcxNTU1NTEuanBnfHx8fHx8OTJ4Njl8fHx8fA==.jpg","main":"ZDFiYzlhNDNmMWQ4ODFmNGJiN2M5OTVmZWFjMTIwMDnqc2LmDGRyG4tTxUVZbjSaODgxNTQyLTcxNTU1NTEuanBnfHx8fHx8fHx8fHw0MDB4MzAw.jpg","large":"MjU0M2YyYTNiZjZjOGZkMDgyZTM5YWVjYjNhMGY1NDccMXgwIC3o9ThoxEmLv3uIODgxNTQyLTcxNTU1NTEuanBnfHx8fHx8fHx8fHw2NDB4NDgw.jpg"}]}},{"ad_id":"816997","reg_year":"2007","make":"Renault","model":"Laguna","variant":"2 1.6 16V Authe","mileage":"85130","engine_size":"1.6","fuel_type":"Petrol","body_type":"Hatchback","colour":"008000","location":"Roscommon","price":"\u20ac 5,950","images":{"base_url":"http:\/\/i0.carsie.ie\/","image_list":[{"thumb":"NmI1NjJjNjJiMDkwNjM5MTRlODg3YzY1MDcwNWU2MWbAVegDT_cP9BMTbcHswCWAODE2OTk3LTY0NTU1NzkuanBnfHx8fHx8OTJ4Njl8fHx8fA==.jpg","main":"ZDFhMTc4NWQ4ODFkZjI4NTNkNWM3MjE2YTVlYTg3ZTkWSMVNRlJjuQsp3FSOpCKDODE2OTk3LTY0NTU1NzkuanBnfHx8fHx8fHx8fHw0MDB4MzAw.jpg","large":"Y2EwYTI4MTJlZmI3NGY3N2QyYjcxYTQyZDc2Mzk1ODc4g1yKk96ilTO4YtJJyj6xODE2OTk3LTY0NTU1NzkuanBnfHx8fHx8fHx8fHw2NDB4NDgw.jpg"}]}},{"ad_id":"891696","reg_year":"2007","make":"Renault","model":"Master","variant":"crew cab","mileage":"141175","engine_size":"2.5","fuel_type":"Diesel","body_type":"Hatchback","colour":"ffffff","location":"Cork","price":"\u20ac 5,950","images":{"base_url":"http:\/\/i0.carsie.ie\/","image_list":[{"thumb":"MTg2MjE5ZTQzN2RhMjUxMTk4YjdhN2I2NTAwODkzZjeqbsQw6EZHSjgNAAX3x9b5ODkxNjk2LTcyNjU4MDQuanBnfHx8fHx8OTJ4Njl8fHx8fA==.jpg","main":"MGVjOTBlNzg4MjdmZDYwZTQ2ZDIwNzA5M2UyZTgzYWPZxDa-ASjCeSdq2i1WLwRLODkxNjk2LTcyNjU4MDQuanBnfHx8fHx8fHx8fHw0MDB4MzAw.jpg","large":"MGJlMGZjNTlmZDhlZWFiYjM2ZThjNThlZGE5ZjcyNDfDbpKkkpjEDc1ebHLdpL39ODkxNjk2LTcyNjU4MDQuanBnfHx8fHx8fHx8fHw2NDB4NDgw.jpg"}]}},{"ad_id":"720718","reg_year":"2007","make":"Renault","model":"Megane","variant":"SPORTS 1.4 16V DYNAMIQUE PH2","mileage":"27341","engine_size":"1.4","fuel_type":"Petrol","body_type":"Saloon","colour":"f0b800","location":"Cavan","price":"\u20ac 5,950","images":{"base_url":"http:\/\/i0.carsie.ie\/","image_list":[{"thumb":"NWQyZWYwYjRiODRjZTIzMjMzMWFlZTE5NTZlZTg0MWRx55z6kQuC8ADPEQgw8lRUNzIwNzE4LTU0MzkxOTguanBnfHx8fHx8OTJ4Njl8fHx8fA==.jpg","main":"ZDhjZTYxOTY3M2M3NzBkYjg0ZmU1YzAwYzBmNmFjZGTUXA5hVA-e3gfnx1-X0kAZNzIwNzE4LTU0MzkxOTguanBnfHx8fHx8fHx8fHw0MDB4MzAw.jpg","large":"ZmMyMzcxMjliY2JmM2M4YzI1NTZjMmNlMmIxZjExNWIoWillRrLYO8X3Pro0SBB-NzIwNzE4LTU0MzkxOTguanBnfHx8fHx8fHx8fHw2NDB4NDgw.jpg"}]}},{"ad_id":"809260","reg_year":"2007","make":"Renault","model":"Megane","variant":"3 door","mileage":"62137","engine_size":"1.5","fuel_type":"Diesel","body_type":"Hatchback","colour":"ffffff","location":"Cork","price":"\u20ac 5,950","images":{"base_url":"http:\/\/i0.carsie.ie\/","image_list":[{"thumb":"ZjliNmJkYmRkZGRjMmRhYjMwNGQ1ZDRhZWU1OTdlMTiK2ZXZJox5NXP9oK8JqgXEODA5MjYwLTYzMTg2OTcuanBnfHx8fHx8OTJ4Njl8fHx8fA==.jpg","main":"NWNkZDZjMDgwYTFjYTQxODU3N2IyMDYzYzQ3MDgxMDcvs79DlPnSdEYtgtf2hJ-xODA5MjYwLTYzMTg2OTcuanBnfHx8fHx8fHx8fHw0MDB4MzAw.jpg","large":"NTU3YTg3MGQ4M2YwYWQwY2YyZGQxMjQ0YWY1YWNiOGPZJZdCWUOnb_hyKPNraOkSODA5MjYwLTYzMTg2OTcuanBnfHx8fHx8fHx8fHw2NDB4NDgw.jpg"}]}},{"ad_id":"817695","reg_year":"2006","make":"Renault","model":"Megane","variant":"Sport Tourer1.6","mileage":"52817","engine_size":"1.6","fuel_type":"Petrol","body_type":"Saloon","colour":"e0e0e0","location":"Dublin","price":"\u20ac 5,950","images":{"base_url":"http:\/\/i0.carsie.ie\/","image_list":[{"thumb":"M2I5MDVlZThiYWRjOWQ2NGY1YmJlMDZiMDBlNjkzNDH3KWWzDHt5vz20OOuLEzWPODE3Njk1LTY0MjQyNTQuanBnfHx8fHx8OTJ4Njl8fHx8fA==.jpg","main":"YmM3NmI1Nzk4NjBiZDRiYzE0YTZiZDk3MGRhNDYzYzlp5vcu5Pp7KwB0bUhEAeOIODE3Njk1LTY0MjQyNTQuanBnfHx8fHx8fHx8fHw0MDB4MzAw.jpg","large":"NWM2NjljOTY0NDEwNWMyOWEwZjEyYTg4NDZkYzU5ZjO0WPXMPBewEs4ioxXWz6VmODE3Njk1LTY0MjQyNTQuanBnfHx8fHx8fHx8fHw2NDB4NDgw.jpg"}]}},{"ad_id":"882973","reg_year":"2006","make":"Renault","model":"Megane","variant":null,"mileage":"56918","engine_size":"1.6","fuel_type":"Petrol","body_type":null,"colour":"008000","location":"Dublin","price":"\u20ac 5,950","images":{"base_url":"http:\/\/i0.carsie.ie\/","image_list":[{"thumb":"NmJkYjFhNDU4Y2Y5YjdhYWNiNmEyOWM1NjM2OWNkYjf_2MggNlL44ib3GPDqB1DpODgyOTczLTczMzM3NTkuanBnfHx8fHx8OTJ4Njl8fHx8fA==.jpg","main":"MDQyZWNlZTA2MWMyYTA1OWQxZDBhMTdkNTg0YmJmOGYlqy9s87ioiZ5m-6FXsdmKODgyOTczLTczMzM3NTkuanBnfHx8fHx8fHx8fHw0MDB4MzAw.jpg","large":"MzM0ODNjMTAxZWJiNzk0OWY0Y2JmNGYxNGExNjc5YzL__e89F9CkKqzbQ63WhcbwODgyOTczLTczMzM3NTkuanBnfHx8fHx8fHx8fHw2NDB4NDgw.jpg"}]}},{"ad_id":"900183","reg_year":"2006","make":"Renault","model":"Megane","variant":"1.6 MONACO*1 YEARS WARRANTY*SIMI APPROVED DEALER*","mileage":"63380","engine_size":"1.6","fuel_type":"Petrol","body_type":null,"colour":"e0e0e0","location":"Dublin","price":"\u20ac 5,950","images":{"base_url":"http:\/\/i0.carsie.ie\/","image_list":[{"thumb":"MDAyZjNjZjZjN2JiN2NmNDI3YWVlODEwZmRhMmY2NzWdLRQqB50XL8KS4GgSoISDOTAwMTgzLTc0MDA3MjkuanBnfHx8fHx8OTJ4Njl8fHx8fA==.jpg","main":"MTNhOTg2NTJhZDc4ZWRkNjkyMWM4ZDhjYTU0OWNiNDQRO7-qxjDEU4WvwL3P5_g9OTAwMTgzLTc0MDA3MjkuanBnfHx8fHx8fHx8fHw0MDB4MzAw.jpg","large":"ZDA5Y2I5NzU4YTg1M2EwZWVkYjk4ZDA3MDczMWNmNTL4GSF4W65g7gDZ_oQf5EV5OTAwMTgzLTc0MDA3MjkuanBnfHx8fHx8fHx8fHw2NDB4NDgw.jpg"}]}},{"ad_id":"896089","reg_year":"2007","make":"Renault","model":"Megane","variant":null,"mileage":"84000","engine_size":"1.4","fuel_type":"Petrol","body_type":null,"colour":"858585","location":"Galway","price":"\u20ac 5,950","images":{"base_url":"http:\/\/i0.carsie.ie\/","image_list":[{"thumb":"YjI0OWRmN2MyYjQ1MDM2ZWVhODM5NGNmZjM4MDc0ZmOf1FDalB6Fa-PAf720ha-MODk2MDg5LTc0MTExODcuanBnfHx8fHx8OTJ4Njl8fHx8fA==.jpg","main":"Y2ZjMTIzZGRhMmViNTdmNDE3NWUxYWRjMDBkYmIxYjclZqLCTAiphKWxB3BblcalODk2MDg5LTc0MTExODcuanBnfHx8fHx8fHx8fHw0MDB4MzAw.jpg","large":"MTc2MDRkMGI0OWNkM2JhZWRlMGEwNzIxOGY2YmE3YTGNwDrucJgvkoY6Rop9A0eAODk2MDg5LTc0MTExODcuanBnfHx8fHx8fHx8fHw2NDB4NDgw.jpg"}]}},{"ad_id":"895063","reg_year":"2007","make":"Renault","model":"Megane","variant":null,"mileage":"60000","engine_size":"1.4","fuel_type":"Petrol","body_type":null,"colour":"ff0000","location":"Laois","price":"\u20ac 5,950","images":{"base_url":"http:\/\/i0.carsie.ie\/","image_list":[{"thumb":"OWU3MjRjMjVmOGU0MjlhZmMyZDFmMjYwN2M2NWYzOTmgBuW03QZnD99lJGuqjJfhODk1MDYzLTc0MTA3NjQuanBnfHx8fHx8OTJ4Njl8fHx8fA==.jpg","main":"ZjFiMjYzYzRlYmM1MTMwMTYxYTZkZjI2YWNlMjQwMTUWh-EIpik5H6EScHp9LmzgODk1MDYzLTc0MTA3NjQuanBnfHx8fHx8fHx8fHw0MDB4MzAw.jpg","large":"NjFhYTViNDlkOGYyMWFmNzQzOTlmNGY3M2U5YmYwMzUAw2HsUkCpx33LyTbitMRHODk1MDYzLTc0MTA3NjQuanBnfHx8fHx8fHx8fHw2NDB4NDgw.jpg"}]}},{"ad_id":"877953","reg_year":"2006","make":"Renault","model":"Megane","variant":"2 1.4 16V SKY","mileage":"50000","engine_size":"1.4","fuel_type":"Petrol","body_type":null,"colour":"000000","location":"Limerick","price":"\u20ac 5,950","images":{"base_url":"http:\/\/i0.carsie.ie\/","image_list":[{"thumb":"N2I5OTA0NDJjNmIwZTUxOTMzNmQzMjY3NDZjNzkwNTK9ObBNHQtwwDre_hvAmJKhODc3OTUzLTczMzIzMzEuanBnfHx8fHx8OTJ4Njl8fHx8fA==.jpg","main":"MTY3NTliOGM1ZGRhZDg0NjgxNWU4NThkYjA4ZWZlYjZQ2bsxBhkyZZ9ek-XSOj_bODc3OTUzLTczMzIzMzEuanBnfHx8fHx8fHx8fHw0MDB4MzAw.jpg","large":"NDE3OWU4OTBkMmEwNmVhMjcwODg1ZWJhZmZhMTdhOTE98U09fbOyBCvJdPq4nKZ8ODc3OTUzLTczMzIzMzEuanBnfHx8fHx8fHx8fHw2NDB4NDgw.jpg"}]}},{"ad_id":"900991","reg_year":"2006","make":"Renault","model":"Megane","variant":"SCENIC 1.4 ROYAL \"1 YEARS WARRANTY\"-TOP TRADE IN_COND. AS NEW-THE BEST","mileage":"64002","engine_size":"1.4","fuel_type":"Petrol","body_type":"Hatchback","colour":"ff0000","location":"Waterford","price":"\u20ac 5,950","images":{"base_url":"http:\/\/i0.carsie.ie\/","image_list":[{"thumb":"ZGE0Mzk4OGU3YWE4YzY1NGZiOTc3NWYxYTFhY2U2MjhguewOdFx7Rj7wk1PHmYvqOTAwOTkxLTc0MTQ4NDYuanBnfHx8fHx8OTJ4Njl8fHx8fA==.jpg","main":"NmE4NWM2YmIzMmYzYjZlNWRmOWYyYWI4MDA2YjM5OTGPAhhml-OoCtxznH_1KZsTOTAwOTkxLTc0MTQ4NDYuanBnfHx8fHx8fHx8fHw0MDB4MzAw.jpg","large":"MWEwOTRiMDI5OTMyM2RlMDdhZTBkNTIyOTMxZjlhMTCbKIvM5GgQFL0QJwLFkL-nOTAwOTkxLTc0MTQ4NDYuanBnfHx8fHx8fHx8fHw2NDB4NDgw.jpg"}]}},{"ad_id":"883626","reg_year":"2007","make":"Renault","model":"Megane","variant":"Sport 1.4 16V","mileage":"73323","engine_size":"1.4","fuel_type":"Petrol","body_type":"Saloon","colour":"ffff00","location":"Westmeath","price":"\u20ac 5,950","images":{"base_url":"http:\/\/i0.carsie.ie\/","image_list":[{"thumb":"ZTY4NzUwMDc5ZTk5ZDgxYWNhMjhmMjUzOTU1MmI1ZDjcxQfgrlMRUrdJ1qG8y5VtODgzNjI2LTcxODAwNjEuanBnfHx8fHx8OTJ4Njl8fHx8fA==.jpg","main":"MjA5YTUwNDQ3OTZlYjdhNmE3OGU1MmViYjY4MjBlMDNeFM5WqSBiYlOA8vqqkd-JODgzNjI2LTcxODAwNjEuanBnfHx8fHx8fHx8fHw0MDB4MzAw.jpg","large":"NGMxZWYxYjhkY2RmODk3Y2IzMGJlOTY1MGZhYWE2N2aogEPkRn3armJzcwkJxAjmODgzNjI2LTcxODAwNjEuanBnfHx8fHx8fHx8fHw2NDB4NDgw.jpg"}]}},{"ad_id":"772298","reg_year":"2007","make":"Renault","model":"Megane","variant":"SPORT 1.4i MONACO HI SPEC","mileage":"64623","engine_size":"1.4","fuel_type":"Petrol","body_type":"Saloon","colour":"e0e0e0","location":"Wexford","price":"\u20ac 5,950","images":{"base_url":"http:\/\/i0.carsie.ie\/","image_list":[{"thumb":"ZDcxYjg1MzcxODQxOWFlYmYxMzQwYmQxM2QxYWU4MjIdrIz0vs7q0V_cyPf4Okb5NzcyMjk4LTcxMjQ1NzkuanBnfHx8fHx8OTJ4Njl8fHx8fA==.jpg","main":"ZmI0YzVhYjYxNDBiZDA1NDE1NmI2MmE5OWQ5MTI0Y2SKK_4qBLID6KoOYKIqAJNWNzcyMjk4LTcxMjQ1NzkuanBnfHx8fHx8fHx8fHw0MDB4MzAw.jpg","large":"MDljZjA4M2I4ZjZhYmVkNjhhNjZiOWQ1MTQ1MmM0MjbRYMPwQ7A6IEjd_2KZdxT5NzcyMjk4LTcxMjQ1NzkuanBnfHx8fHx8fHx8fHw2NDB4NDgw.jpg"}]}},{"ad_id":"901934","reg_year":"2006","make":"Renault","model":"Megane","variant":"16V Cabrio Dyna","mileage":"99422","engine_size":"1.6","fuel_type":"Petrol","body_type":"Cabriolet \/ Convertible","colour":"000000","location":"Wicklow","price":"\u20ac 5,950","images":{"base_url":"http:\/\/i0.carsie.ie\/","image_list":[{"thumb":"YWZkYmY1NTdlMDFiZDc1ZDBlZDJhYmI1ZTk3YjljNmJXmagWXwROJdDnoWEYS_5ROTAxOTM0LTc0MjY1MjcuanBnfHx8fHx8OTJ4Njl8fHx8fA==.jpg","main":"ZTQ2NDkxMzY4MjkzN2ZhZDFiNzIyOGNkZGE2MTljZDgEiRVWIb6BNyIrgglQQz8WOTAxOTM0LTc0MjY1MjcuanBnfHx8fHx8fHx8fHw0MDB4MzAw.jpg","large":"YmIwYjAxNTgxYWNjNWViYmY0YjJkMTZjNDZiYzI4YzUN2bRXbtXpcnZh56jjTCsnOTAxOTM0LTc0MjY1MjcuanBnfHx8fHx8fHx8fHw2NDB4NDgw.jpg"}]}},{"ad_id":"900979","reg_year":"2006","make":"Renault","model":"Megane Scenic","variant":"1.4 DYNAMIQUE-\"1 YEARS WARRANTY\"-COND. AS NEW-ALL EXTRAS-TRADE IN","mileage":"64002","engine_size":"1.4","fuel_type":"Petrol","body_type":"Hatchback","colour":"ff0000","location":"Dublin","price":"\u20ac 5,950","images":{"base_url":"http:\/\/i0.carsie.ie\/","image_list":[{"thumb":"MzVmMDUxNTUwMzAzOTQ2Y2UxNDdhOGQ1NWM1MTMzMDedC0A72Hizk6RakhiuAsyOOTAwOTc5LTc0MTQ3NDEuanBnfHx8fHx8OTJ4Njl8fHx8fA==.jpg","main":"YWQ2ZjFmOTJhMWQ4MmM0YTVjYTU2Y2MxZTYzYzI0NTaK71xZQps0ZoNWfhwihz6jOTAwOTc5LTc0MTQ3NDEuanBnfHx8fHx8fHx8fHw0MDB4MzAw.jpg","large":"ODdlZDRmNjEzZTc3MzkwN2U4MGE5MGQ0ODc4NjNlNDnko2nT3jLGqalTzia21BhmOTAwOTc5LTc0MTQ3NDEuanBnfHx8fHx8fHx8fHw2NDB4NDgw.jpg"}]}},{"ad_id":"900987","reg_year":"2006","make":"Renault","model":"Megane Scenic","variant":"1.4 ROYAL-1 YEARS WARRANTY-PANORAMIC ROOF-AS BRAND NEW-ALL EXTRAS-TOP TRADE IN ALLOWANCE","mileage":"64002","engine_size":"1.4","fuel_type":"Petrol","body_type":"Hatchback","colour":"ff0000","location":"Waterford","price":"\u20ac 5,950","images":{"base_url":"http:\/\/i0.carsie.ie\/","image_list":[{"thumb":"NDE4MmUzMmMzZDcxMDYzZTI4ZGNhZGU5MWRmODIxODhAysI1ID9R16gVZZSxYhABOTAwOTg3LTc0MTQ4MTQuanBnfHx8fHx8OTJ4Njl8fHx8fA==.jpg","main":"YWRkOWU4MWYzNWI3MGM0NzNlYTk5N2E5YzYyZDQ2YWPlfaA5GIw2IHDAdv4fvrKjOTAwOTg3LTc0MTQ4MTQuanBnfHx8fHx8fHx8fHw0MDB4MzAw.jpg","large":"NjQ2MDRiODE0OTk2NWJhZjc0Y2I4MmExNTFlNzc1MjE5dGaIPVhPcsUiqvskZec1OTAwOTg3LTc0MTQ4MTQuanBnfHx8fHx8fHx8fHw2NDB4NDgw.jpg"}]}},{"ad_id":"885160","reg_year":"2008","make":"Renault","model":"Modus","variant":"","mileage":"40000","engine_size":"1.1","fuel_type":"Petrol","body_type":"Hatchback","colour":"858585","location":"Dublin","price":"\u20ac 5,950","images":{"base_url":"http:\/\/i0.carsie.ie\/","image_list":[{"thumb":"NTkwZTY4MDM2NjkwYTZiODM3Nzg3ZjlmNzJlZGZmOWOnxS7edTtTjen7MTPMn6fTODg1MTYwLTczNzYxNzMuanBnfHx8fHx8OTJ4Njl8fHx8fA==.jpg","main":"MGYwMGFhZTFkODExMjQ2Yzg1ZGMzODE0MzE4NTJkOWQBqoyhIfHKRZslF7L3h6HhODg1MTYwLTczNzYxNzMuanBnfHx8fHx8fHx8fHw0MDB4MzAw.jpg","large":"NmIyODkzZjliNDUxYTNjYWU1N2M1ZTM0ZDkwNGE3NGMfC3HOJ-ArTLMB6MkKGVGdODg1MTYwLTczNzYxNzMuanBnfHx8fHx8fHx8fHw2NDB4NDgw.jpg"}]}}]}