{"total":"23408","result":[{"ad_id":"865223","reg_year":"2008","make":"Vauxhall","model":"Astra","variant":"Club Cdti","mileage":"54000","engine_size":"1.3","fuel_type":"Diesel","body_type":"Hatchback","colour":"0000c0","location":"Clare","price":"\u20ac 9,750","images":{"base_url":"http:\/\/i0.carsie.ie\/","image_list":[{"thumb":"YzVhYzI2NWQ5ZTQ5MWQ5YWYxYjVmYTg1NjUzNzRiZWGcQqqKrkHSLz1LNYGMA_4PODY1MjIzLTY5NjUzNzIuanBnfHx8fHx8OTJ4Njl8fHx8fA==.jpg","main":"ZDgwN2E0ODUzY2UxMDVkMTg3NjBlMDM4YjkxODI2ZGL3lB99MV7bIlPxBdcheOlbODY1MjIzLTY5NjUzNzIuanBnfHx8fHx8fHx8fHw0MDB4MzAw.jpg","large":"NGQ1MTJmNDNkOTllNjk2MDRlNTkxZjIwYWRlZWE5MmG7cTHKNHGyRKaJo_odep23ODY1MjIzLTY5NjUzNzIuanBnfHx8fHx8fHx8fHw2NDB4NDgw.jpg"}]}},{"ad_id":"878892","reg_year":"2008","make":"Volkswagen","model":"Caddy","variant":"VAN 1.9 TDI 77KW DSD","mileage":"38526","engine_size":"1.9","fuel_type":"Diesel","body_type":"Van","colour":"ff0000","location":"Kerry","price":"\u20ac 9,750","images":{"base_url":"http:\/\/i0.carsie.ie\/","image_list":[{"thumb":"MWM5MDczNDUzNjYxOTJjOTNiYTE1OWQ1MmFiYmJhYWb-xOnzAanem52VCh4gR97aODc4ODkyLS5qcGd8fHx8fHw5Mng2OXx8fHx8.jpg","main":"ZmYwZjBjZDMzNWExZTI3YzBkNzdkMTE4ZGJkZmI5NTJKW5hXOZrmEf0UHBmcrSgcODc4ODkyLS5qcGd8fHx8fHx8fHx8fDQwMHgzMDA=.jpg","large":"NzFhMWM1NTVjZmU0ZTUzYWZlODc1ODhkYThhN2VmNzmSd0sa_ht-o5xvXgB-DK5RODc4ODkyLS5qcGd8fHx8fHx8fHx8fDY0MHg0ODA=.jpg"}]}},{"ad_id":"888203","reg_year":"2007","make":"Volkswagen","model":"Golf","variant":"1.9D TDI S 103BHP 05DR","mileage":"69000","engine_size":"1.9","fuel_type":"Diesel","body_type":"Hatchback","colour":"0000c0","location":"Cork","price":"\u20ac 9,750","images":{"base_url":"http:\/\/i0.carsie.ie\/","image_list":[{"thumb":"ZmQ5NGU4MTdiM2Y5ZTI5OWRmZDMwYTQ5MzM4ZmE5MGX5_0b6k6Gu-DQMd0MtYYtPODg4MjAzLTcyMzMzNTEuanBnfHx8fHx8OTJ4Njl8fHx8fA==.jpg","main":"NTI2ZTNmZmFiNWJmMTFhZjEyYmJmNzFjZGUxZjRmODfYPVuanjh3IYn9xLDhFdOBODg4MjAzLTcyMzMzNTEuanBnfHx8fHx8fHx8fHw0MDB4MzAw.jpg","large":"MGYyZDcwMDM3NDU4ZmQ4MzkzNmI5MmQzN2IwMjAxNWUjYJ-sSMFUNvxZibGyE2tfODg4MjAzLTcyMzMzNTEuanBnfHx8fHx8fHx8fHw2NDB4NDgw.jpg"}]}},{"ad_id":"860463","reg_year":"2008","make":"Volkswagen","model":"Golf","variant":"DIESEL","mileage":"94000","engine_size":"1.9","fuel_type":"Diesel","body_type":"Hatchback","colour":"0000c0","location":"Dublin","price":"\u20ac 9,750","images":{"base_url":"http:\/\/i0.carsie.ie\/","image_list":[{"thumb":"Y2I4ZTJmOWEzNDlhMGJjYjIwZWFmZTVhMWI0NGI4N2JPhECotmSMB1_BdVhcY2GwODYwNDYzLTY5MDc1MzguanBnfHx8fHx8OTJ4Njl8fHx8fA==.jpg","main":"OGQ3YWI2NzA2OGYzMjg1YzlkN2QxNWEzZGExODQzYjc6IfveGfskV6mZ1x_cM47CODYwNDYzLTY5MDc1MzguanBnfHx8fHx8fHx8fHw0MDB4MzAw.jpg","large":"MDY2NGViZDgxMTRjODJhZDE1NDFkNjExOTRhMDVkNDD7ziNzge85v_8qe1DsVGfaODYwNDYzLTY5MDc1MzguanBnfHx8fHx8fHx8fHw2NDB4NDgw.jpg"}]}},{"ad_id":"885935","reg_year":"2007","make":"Volkswagen","model":"Golf","variant":"1.9D TDI Match 105BHP 05DR","mileage":"88482","engine_size":"1.9","fuel_type":"Diesel","body_type":"Hatchback","colour":"e0e0e0","location":"Dublin","price":"\u20ac 9,750","images":{"base_url":"http:\/\/i0.carsie.ie\/","image_list":[{"thumb":"NGJmNDdlN2ZjYmQxMmRkYmQ0MWI0ODBmMzQwMjkzN2LGwyE8ewdiPOOLMxeacG9YODg1OTM1LTcyMTkxNDkuanBnfHx8fHx8OTJ4Njl8fHx8fA==.jpg","main":"MjEwYzRjMjAwM2I3ODYyODI5MDE0MzVlYTQ1ZWRiOTOFuKe0OSxcDMTg1B4jAXu-ODg1OTM1LTcyMTkxNDkuanBnfHx8fHx8fHx8fHw0MDB4MzAw.jpg","large":"NDA3OTZhMTYwOTQzMDE0MmM1YjZmNzY4MTU0OGU3NWWh2cUOPxDyFa4OyyNKniBfODg1OTM1LTcyMTkxNDkuanBnfHx8fHx8fHx8fHw2NDB4NDgw.jpg"}]}},{"ad_id":"832462","reg_year":"2008","make":"Volkswagen","model":"Golf","variant":"MATCH TDI","mileage":"108255","engine_size":"1.9","fuel_type":"Diesel","body_type":"Hatchback","colour":"e0e0e0","location":"Westmeath","price":"\u20ac 9,750","images":{"base_url":"http:\/\/i0.carsie.ie\/","image_list":[{"thumb":"NTA2NzIyMjk4ZWM1NmRlNzlmNTkyZjAxNjg4NjE1NTiZNjz5dZ-I5rxG4PYNdUt7ODMyNDYyLTcwOTQxMzEuanBnfHx8fHx8OTJ4Njl8fHx8fA==.jpg","main":"NWU4MGUwYTc4NzZlNTM2MmQ0NmY5ZjI4MzU5ZDI2OWQEdfL2CirXsOMlFo5xkTyEODMyNDYyLTcwOTQxMzEuanBnfHx8fHx8fHx8fHw0MDB4MzAw.jpg","large":"OTQ0OWVjODJmNDhiMjJhZGNmMTljYmZiYWQyMTFiNjXLj-WyNhBDh7T0k9Z_1i9wODMyNDYyLTcwOTQxMzEuanBnfHx8fHx8fHx8fHw2NDB4NDgw.jpg"}]}},{"ad_id":"878878","reg_year":"2008","make":"Volkswagen","model":"Golf","variant":"1.9 tdi match","mileage":"116314","engine_size":"1.9","fuel_type":"Diesel","body_type":"Hatchback","colour":"ff0000","location":"Westmeath","price":"\u20ac 9,750","images":{"base_url":"http:\/\/i0.carsie.ie\/","image_list":[{"thumb":"NmQ2OWI0OGQ5MDYyNjk5ZDQxN2ViMmZmNDVjYzc3YTKBfCl8ePmT2cyQvsj5FG4XODc4ODc4LTcxMjU3OTAuanBnfHx8fHx8OTJ4Njl8fHx8fA==.jpg","main":"NzAxNzcwMmU2NGNjZjlmOTk2MmE2Y2I3MTBmZDg1YzRMBFK-nyUfYkDMuZsGqY-3ODc4ODc4LTcxMjU3OTAuanBnfHx8fHx8fHx8fHw0MDB4MzAw.jpg","large":"ZWMzNTljOTQxN2VkMWRhZjQ0YmUxNDk5OGYwZTA0OWEM82ikwLz9KjOznzQ2Zv4-ODc4ODc4LTcxMjU3OTAuanBnfHx8fHx8fHx8fHw2NDB4NDgw.jpg"}]}},{"ad_id":"894804","reg_year":"2007","make":"Volkswagen","model":"Jetta","variant":"Comf 1.9tdi","mileage":"82644","engine_size":"1.9","fuel_type":"Diesel","body_type":"Saloon","colour":"f0d2a0","location":"Limerick","price":"\u20ac 9,750","images":{"base_url":"http:\/\/i0.carsie.ie\/","image_list":[{"thumb":"ZTYzYzJlM2RjOTM2NmM3ZTU5ZmEzMjEzYjNiZGZlZjJDS4DSsJ5LncPbSse790sGODk0ODA0LTczMDc4NzQuanBnfHx8fHx8OTJ4Njl8fHx8fA==.jpg","main":"ZTU4ODk2YzNhYzQ3MWJjNTlmOTgyNDc4ZTQ0NTIyODDOwLtK9HD_Kc3mQmKZvwkWODk0ODA0LTczMDc4NzQuanBnfHx8fHx8fHx8fHw0MDB4MzAw.jpg","large":"YmEwYjZhMDlhMDgzOGQxYjBhN2U4MzAxZGJkMjlkMTURs0ZFUn7P2IIidrEw-pOLODk0ODA0LTczMDc4NzQuanBnfHx8fHx8fHx8fHw2NDB4NDgw.jpg"}]}},{"ad_id":"872069","reg_year":"2007","make":"Volkswagen","model":"Passat","variant":"COMFORTLINE","mileage":"117439","engine_size":"1.9","fuel_type":"Diesel","body_type":null,"colour":"0000c0","location":"Cork","price":"\u20ac 9,750","images":{"base_url":"http:\/\/i0.carsie.ie\/","image_list":[{"thumb":"ODU2OGJhMmMzMjU4NGZmZDQ5OGNhMTdhYzRiYTI4YTOwcRFzAM_ABXXQnL76nvimODcyMDY5LTcwNDg5ODMuanBnfHx8fHx8OTJ4Njl8fHx8fA==.jpg","main":"OTEyNDE5ZTUwYWE4NmYxNjMzMTFkODFmMGY0OWIzNGND8MRTJKXuQ0zgusZfBjSQODcyMDY5LTcwNDg5ODMuanBnfHx8fHx8fHx8fHw0MDB4MzAw.jpg","large":"ZWQxZDRhMDg1N2JlOTk3ZDM3M2ViMTk2MjM0NTNhNjG8UoKu8HWc_5B7gM9LOPJgODcyMDY5LTcwNDg5ODMuanBnfHx8fHx8fHx8fHw2NDB4NDgw.jpg"}]}},{"ad_id":"896686","reg_year":"2007","make":"Volkswagen","model":"Passat","variant":"HIGHLINE 1.9 DIESEL NCT 15","mileage":"86994","engine_size":"1.9","fuel_type":"Diesel","body_type":"Saloon","colour":"000000","location":"Kildare","price":"\u20ac 9,750","images":{"base_url":"http:\/\/i0.carsie.ie\/","image_list":[{"thumb":"MDZjNTNiNTRkOWIzNjE0YjdiZDA0MjQxYzIzMGE0YjkeirQBPtTe-ihfS9B6xy6WODk2Njg2LTc0MTUwNTEuanBnfHx8fHx8OTJ4Njl8fHx8fA==.jpg","main":"NzQ2Yzg5MDU3MmI2MTNmZWZiNDJjZTJmYzM3YzlkMmOoVeX8G7m3KGFbl3dj8qIyODk2Njg2LTc0MTUwNTEuanBnfHx8fHx8fHx8fHw0MDB4MzAw.jpg","large":"MjRiNTI4MzRhOThiZTk4N2UwZjBkY2JlODkyZTU2NmLh_ep1hrs8TxGQw2bkYZDQODk2Njg2LTc0MTUwNTEuanBnfHx8fHx8fHx8fHw2NDB4NDgw.jpg"}]}},{"ad_id":"880613","reg_year":"2009","make":"Volkswagen","model":"Polo","variant":"polo united 1.2 m5f 70bhp 5dr","mileage":"39923","engine_size":"1.2","fuel_type":"Petrol","body_type":"Hatchback","colour":"ff0000","location":"Cork","price":"\u20ac 9,750","images":{"base_url":"http:\/\/i0.carsie.ie\/","image_list":[{"thumb":"MDViZmM4ZjUyMzU1MDJjMjk2M2FhMTM3ZjdhZDU4NmMTDP2PoU0WLE447K12OvmGODgwNjEzLTcxNDE4NzYuanBnfHx8fHx8OTJ4Njl8fHx8fA==.jpg","main":"NDg5NGZiMjQxZTIzOGU4ZTVhMWM3NjMxODBhYWNmNznByNg_qcxRLjFRcsFHlhymODgwNjEzLTcxNDE4NzYuanBnfHx8fHx8fHx8fHw0MDB4MzAw.jpg","large":"NDI4N2QwODg2NDJjYzFlODE1NmIzZjIwZDk1YjFjMDgOwKdinu1PGUHSmOsDRfAGODgwNjEzLTcxNDE4NzYuanBnfHx8fHx8fHx8fHw2NDB4NDgw.jpg"}]}},{"ad_id":"804191","reg_year":"2009","make":"Volkswagen","model":"Polo","variant":"POLO COMFORT 1.4 TDI 5DR 80BHP","mileage":"86992","engine_size":"1.4","fuel_type":"Diesel","body_type":"Hatchback","colour":"e0e0e0","location":"Kerry","price":"\u20ac 9,750","images":{"base_url":"http:\/\/i0.carsie.ie\/","image_list":[{"thumb":"NjM3OGRlYTI5ZDMyNzEwMTU5ZGYxZWFiYTFhMjJkNjhs1kLrPAtsOyx33kApWLBGODA0MTkxLTY2NTg2ODYuanBnfHx8fHx8OTJ4Njl8fHx8fA==.jpg","main":"MmVlMDFhMTgxMDMwODhhZDg4Yzk2YjY3N2JiOGMxZTDD351HrrnZT5c9n8nZptIoODA0MTkxLTY2NTg2ODYuanBnfHx8fHx8fHx8fHw0MDB4MzAw.jpg","large":"OTcxOGM4MDM5NzJkYWFiMjNkM2FkOGNkZDUwOGZkMWK3teDM9B5PES_kJeWxFCqnODA0MTkxLTY2NTg2ODYuanBnfHx8fHx8fHx8fHw2NDB4NDgw.jpg"}]}},{"ad_id":"900604","reg_year":"2010","make":"Volkswagen","model":"Polo","variant":"Moda","mileage":"34000","engine_size":"1.2","fuel_type":"Petrol","body_type":"Hatchback","colour":"000000","location":"Kildare","price":"\u20ac 9,750","images":{"base_url":"http:\/\/i0.carsie.ie\/","image_list":[{"thumb":"ZjgwN2Q3N2MyZmViNzliY2M5NDE3ZmE0MTcwYTc1MTKsaBiruIBDodIPnE72G77mOTAwNjA0LTc0MDM4OTAuanBnfHx8fHx8OTJ4Njl8fHx8fA==.jpg","main":"YWNmODcyNzE4NWFlMWYyOGI3NWZkMzU1OWZlMTEzY2E0DYxxBiAMPE1VRxoqYOBEOTAwNjA0LTc0MDM4OTAuanBnfHx8fHx8fHx8fHw0MDB4MzAw.jpg","large":"YzBhODhkOTZjOGQzYWY3YmQxM2Q3MWFmNjU1NmRjYjlR75WwoEnEqJg85ECD-1c5OTAwNjA0LTc0MDM4OTAuanBnfHx8fHx8fHx8fHw2NDB4NDgw.jpg"}]}},{"ad_id":"897094","reg_year":"2008","make":"Volkswagen","model":"Transporter","variant":"VAN LWB 3000 96KW TDI 6SP RED\/D\/RED\/I\/ DOE UNTIL 3\/14 FOR MORE DETAILS PHONE SEAN ON 0871307296 ","mileage":"86000","engine_size":"2.5","fuel_type":"Diesel","body_type":"Van","colour":"ffffff","location":"Wexford","price":"\u20ac 9,750","images":{"base_url":"http:\/\/i0.carsie.ie\/","image_list":[{"thumb":"OTI3Y2Q1ZDgzMTMyYjVhNzlkZGI0Mjg0MGFkMjNiYTT6u-Ayas377y4XrvXi7tvuODk3MDk0LTczNTA2MTQuanBnfHx8fHx8OTJ4Njl8fHx8fA==.jpg","main":"M2JhODljODgwMjhkM2U4NmI3NDk0N2UzMDA4ZDY0ZDjsMKZXalLw-CUFt-9PE5PVODk3MDk0LTczNTA2MTQuanBnfHx8fHx8fHx8fHw0MDB4MzAw.jpg","large":"MTBlNGFlMjkxNTI3MTVkNmRiNmYxOGNlMzE0YzI4NGK4Sc-QUlIuWSSVG33ORm0JODk3MDk0LTczNTA2MTQuanBnfHx8fHx8fHx8fHw2NDB4NDgw.jpg"}]}},{"ad_id":"714666","reg_year":"2007","make":"Volvo","model":"C30","variant":"1.8 SE","mileage":"33554","engine_size":"1.8","fuel_type":"Petrol","body_type":"Hatchback","colour":"000000","location":"Dublin","price":"\u20ac 9,750","images":{"base_url":"http:\/\/i0.carsie.ie\/","image_list":[{"thumb":"ZmM2NGM4ZmEzZDk5MzIzYjUwNTgzMTJjN2Q3NzNiMmZWs07AHAD7Q0iX4ssBd9iBNzE0NjY2LTUwOTYxMTQuanBnfHx8fHx8OTJ4Njl8fHx8fA==.jpg","main":"ZTY5YzFmNGM3ODNhYjMxZWQyNjk1YjQyMzIwN2U0Y2TfDeeBDiWOTKt61ZuAzASWNzE0NjY2LTUwOTYxMTQuanBnfHx8fHx8fHx8fHw0MDB4MzAw.jpg","large":"YjA2YTQ5ZGJhNWUxZGFiNzhkMTdmMGNkNDBjMDRmYjOOWKiAsB0WHxsbZDOuy72QNzE0NjY2LTUwOTYxMTQuanBnfHx8fHx8fHx8fHw2NDB4NDgw.jpg"}]}},{"ad_id":"892333","reg_year":"2006","make":"Volvo","model":"S80","variant":"V8 Se\/lux Geartronic 4 WHEEL DRIVE","mileage":"95000","engine_size":"4.4","fuel_type":"Petrol","body_type":"Saloon","colour":"858585","location":"Wicklow","price":"\u20ac 9,750","images":{"base_url":"http:\/\/i0.carsie.ie\/","image_list":[{"thumb":"MGQ1NWI5MjhmNjhjMzQ4NzY4OTA3NzViODY4NzhiNTNiAFe7g4b-b7Ziz80oN8u_ODkyMzMzLTcyNzE3NjAuanBnfHx8fHx8OTJ4Njl8fHx8fA==.jpg","main":"NDE3ZGExZGU3NjI1Nzg0YzBmNDE3YThlOTNiYjVhNmT5IGNxnROrebTrc9wKhN7LODkyMzMzLTcyNzE3NjAuanBnfHx8fHx8fHx8fHw0MDB4MzAw.jpg","large":"NTBlMzI4ZDk0OWVlNjdhNjBhN2MzZjAyNGQ0NWZkN2SL_A7xO4dvXR2eOB9uUS4hODkyMzMzLTcyNzE3NjAuanBnfHx8fHx8fHx8fHw2NDB4NDgw.jpg"}]}},{"ad_id":"891228","reg_year":"2009","make":"Nissan","model":"Micra","variant":"*DIESEL REALLY LOW RUNNING COSTS BAND A ROAD TAX*","mileage":"32933","engine_size":"1.5","fuel_type":"Diesel","body_type":"Hatchback","colour":"e0e0e0","location":"Dublin","price":"\u20ac 9,777","images":{"base_url":"http:\/\/i0.carsie.ie\/","image_list":[{"thumb":"Y2IxNDRkNWJhMWY3NWMzYjNlMzMzY2M2ZDhkYjhkMGSecmLlys1eqhPjW7Sg6dxFODkxMjI4LTcyNjE0NjAuanBnfHx8fHx8OTJ4Njl8fHx8fA==.jpg","main":"ZGJkNDIwNTE2MjU4NjNhMGEwMzlmZDhlYzQ4NDNlNjTlcgcCrJp49v2DgVcSuY1vODkxMjI4LTcyNjE0NjAuanBnfHx8fHx8fHx8fHw0MDB4MzAw.jpg","large":"NTcwMjJjNjgwZmM0MGFjYTQ4Zjg4NDcwYWVhYTQ4NzNnRXmFa2dVDJvzm2J8DLw7ODkxMjI4LTcyNjE0NjAuanBnfHx8fHx8fHx8fHw2NDB4NDgw.jpg"}]}},{"ad_id":"853743","reg_year":"2008","make":"Skoda","model":"Octavia","variant":"Elegance TDI","mileage":"120655","engine_size":"1.9","fuel_type":"Diesel","body_type":"Estate","colour":"858585","location":"Galway","price":"\u20ac 9,790","images":{"base_url":"http:\/\/i0.carsie.ie\/","image_list":[{"thumb":"YjU2MmYzNzU5NzU1OWUyMTQ1MjkxMzJhMTA3NDRjNmF4Xro6J_sF9AguvrZj6d1tODUzNzQzLTY4Mzg0OTAuanBnfHx8fHx8OTJ4Njl8fHx8fA==.jpg","main":"MzE3MTYzOTg0MGUwZTRjMjRmYTFlYTM5ZTQ4YzZmNjldLq5wYhv2DbK00HfRGwO7ODUzNzQzLTY4Mzg0OTAuanBnfHx8fHx8fHx8fHw0MDB4MzAw.jpg","large":"MzdlYmUyMjFiYjZhZDA1NzVkNmIyNjEzZjQ0NTAzZjO_zjKUTS0PsRMXsmjnJRcuODUzNzQzLTY4Mzg0OTAuanBnfHx8fHx8fHx8fHw2NDB4NDgw.jpg"}]}},{"ad_id":"864852","reg_year":"2008","make":"Dodge","model":"Nitro","variant":"4WD ** 12 Months Warranty ** NCT'D 02\/2014 **","mileage":"59375","engine_size":"2.8","fuel_type":"Diesel","body_type":"Estate","colour":"ff0000","location":"Dublin","price":"\u20ac 9,795","images":{"base_url":"http:\/\/i0.carsie.ie\/","image_list":[{"thumb":"YWE4NDJkNzY3MTgwYmJjYzM3NjlmZjcxOTUzMzhmYWRXlP-qVnoDpUqwUBEx67hZODY0ODUyLTY5NjI3MTAuanBnfHx8fHx8OTJ4Njl8fHx8fA==.jpg","main":"OTJlZDQwZmMwMjk0NjljNWQ3Mjc3NzhmMTcwMTU2N2ar4rWL5kYzrtBp-gVVPHGqODY0ODUyLTY5NjI3MTAuanBnfHx8fHx8fHx8fHw0MDB4MzAw.jpg","large":"YWU2NGYwMWI2ZGM1MDYzODc0YWIwNzYxODg4M2Q0OTdouK7f4GJ2pBmIp6pG8hAQODY0ODUyLTY5NjI3MTAuanBnfHx8fHx8fHx8fHw2NDB4NDgw.jpg"}]}},{"ad_id":"842972","reg_year":"2007","make":"Mini","model":"Cooper","variant":"R56 1.6 Petrol","mileage":"57586","engine_size":"1.6","fuel_type":"Petrol","body_type":"Hatchback","colour":"0000c0","location":"Tipperary","price":"\u20ac 9,795","images":{"base_url":"http:\/\/i0.carsie.ie\/","image_list":[{"thumb":"ZWYyNTJmOTQ0MmFkMWJlNjVjZjFlMmMzZmVlM2Q5MjBPcBBg_LpQPIqrnAejdXcYODQyOTcyLTY3MTk4OTMuanBnfHx8fHx8OTJ4Njl8fHx8fA==.jpg","main":"NzEyYWYzNzE1MmY5ZWViNTFlYTE5M2YzZDMyN2Y1MzjTSVN4-Ikf9t3VmHGZsB52ODQyOTcyLTY3MTk4OTMuanBnfHx8fHx8fHx8fHw0MDB4MzAw.jpg","large":"ZTJkZWU2YzY0OTUwM2M4YzQxNDM5MWZmZjY1NjUwZGb6_QZIs_dbhW4t-MNGoEXkODQyOTcyLTY3MTk4OTMuanBnfHx8fHx8fHx8fHw2NDB4NDgw.jpg"}]}}]}