{"total":"23408","result":[{"ad_id":"880524","reg_year":"2002","make":"BMW","model":"316","variant":"Touring","mileage":"118720","engine_size":"1.8","fuel_type":"Petrol","body_type":"Estate","colour":"e0e0e0","location":"Dublin","price":"\u20ac 1,999","images":{"base_url":"http:\/\/i0.carsie.ie\/","image_list":[{"thumb":"ZWQwNjk2YzYxNjVhMWI0ZmUwYzQ3MWQwY2RlMmM5MmMdxEbjMZU_2t_OlRtuy-zyODgwNTI0LTcxNDExNjYuanBnfHx8fHx8OTJ4Njl8fHx8fA==.jpg","main":"YmI3NzA2NTg2ZTAwMDk1ZjI5NzljODEyOWNjOTUwNGGEXn-CTgzZLBMgfACErFjZODgwNTI0LTcxNDExNjYuanBnfHx8fHx8fHx8fHw0MDB4MzAw.jpg","large":"OGIxN2U2YjcxZWY0YjMxZDJkNTdhODFmZTMyMjVhMTRIgOJFMs3EzuLdYaDKhAnzODgwNTI0LTcxNDExNjYuanBnfHx8fHx8fHx8fHw2NDB4NDgw.jpg"}]}},{"ad_id":"901974","reg_year":"2001","make":"BMW","model":"318","variant":"Coupe","mileage":"120000","engine_size":"1.9","fuel_type":"Petrol","body_type":"Coupe","colour":"000000","location":"Dublin","price":"\u20ac 1,999","images":{"base_url":"http:\/\/i0.carsie.ie\/","image_list":[{"thumb":"ZDExOGY2NmZjYmMxMTJiYzU4NDlmYmI5YTJiMmQ0NjhKv45G2prvcPympQPLv-jfOTAxOTc0LTc0MjY4MTguanBnfHx8fHx8OTJ4Njl8fHx8fA==.jpg","main":"MDhhYjg0NGJhZGE4YWU2NDg5NzVhYjAxMTdhYTRkYzehsLXX4DlrDgCpZmcJTLn3OTAxOTc0LTc0MjY4MTguanBnfHx8fHx8fHx8fHw0MDB4MzAw.jpg","large":"MDA5OTJjN2Y2NjE4N2QyYzFjMmE4NGY5NGE5NWFkMWN4f-xFIl4mwk7kA-5QcCNsOTAxOTc0LTc0MjY4MTguanBnfHx8fHx8fHx8fHw2NDB4NDgw.jpg"}]}},{"ad_id":"819195","reg_year":"2000","make":"BMW","model":"523","variant":"2.5, ONLY 61, 000MILES, STUNNING CAR!","mileage":"61000","engine_size":"2.5","fuel_type":"Petrol","body_type":"Saloon","colour":"ff0000","location":"Dublin","price":"\u20ac 1,999","images":{"base_url":"http:\/\/i0.carsie.ie\/","image_list":[{"thumb":"OTFkMzYxY2U1NWVjYzcxZTY0ZTI2ZDcyMmUzNjk3ODdhGjsJClGNfZHL7cRvxs6wODE5MTk1LTY0NDI5NjEuanBnfHx8fHx8OTJ4Njl8fHx8fA==.jpg","main":"MmYxYmI5YjExZDRjZDMxNjA0NzM1ZTVhY2UxMDY4MWXV642azplNpZN5P_Esv4ItODE5MTk1LTY0NDI5NjEuanBnfHx8fHx8fHx8fHw0MDB4MzAw.jpg","large":"MTEyNTIyMTk4NWFmYWQwNGY5ZDJlNzlmMWM3YThkYWOrKd7jKL3G1CWPe4OILnWCODE5MTk1LTY0NDI5NjEuanBnfHx8fHx8fHx8fHw2NDB4NDgw.jpg"}]}},{"ad_id":"859865","reg_year":"2001","make":"Honda","model":"Accord","variant":"1.8 SE","mileage":"90000","engine_size":"1.8","fuel_type":"Petrol","body_type":"Saloon","colour":"e0e0e0","location":"Dublin","price":"\u20ac 1,999","images":{"base_url":"http:\/\/i0.carsie.ie\/","image_list":[{"thumb":"ZjBhODE1NjE0OGY0NDVmZjdiOTNkMmNlMjhlODc0MWMO7eMKp6dyk99g3Sg6gX_jODU5ODY1LTY5MDEzNzkuanBnfHx8fHx8OTJ4Njl8fHx8fA==.jpg","main":"MzljYmM0NzYwMGFmOWI2YjBmOTE0YTQyZWEyMDUxYTk4PZ8W2mkEFu_inZ-g8oiOODU5ODY1LTY5MDEzNzkuanBnfHx8fHx8fHx8fHw0MDB4MzAw.jpg","large":"MmFmOGE4NTI5ZjdlNGU4MDRiN2Y4M2ZjYzk2ZGNkYTZ5Um876vy2Sth6RLf9sksBODU5ODY1LTY5MDEzNzkuanBnfHx8fHx8fHx8fHw2NDB4NDgw.jpg"}]}},{"ad_id":"896418","reg_year":"2003","make":"Hyundai","model":"Trajet","variant":"GLS 2.0","mileage":"69000","engine_size":"2.0","fuel_type":"Petrol","body_type":"Estate","colour":"e0e0e0","location":"Kilkenny","price":"\u20ac 1,999","images":{"base_url":"http:\/\/i0.carsie.ie\/","image_list":[{"thumb":"Y2JhYjEzMDI3MWIyYTUzMmUwZTViMjFkYjk2YzlmMze2byvwxm1z2cfU94yhA4btODk2NDE4LTczNDIyMzcuanBnfHx8fHx8OTJ4Njl8fHx8fA==.jpg","main":"ZTc0MmRhY2Q4ZTBiZWNhNzk5OTEwNWE1NzIyNGI2MjeCAnXC_4O5-aXddk86ohfMODk2NDE4LTczNDIyMzcuanBnfHx8fHx8fHx8fHw0MDB4MzAw.jpg","large":"NDljYTVjOTczNTQ2MmY2NmExZGE3NDdhZTYyMDA5YmHMVnKGcEMS9FDLWvwM5bnqODk2NDE4LTczNDIyMzcuanBnfHx8fHx8fHx8fHw2NDB4NDgw.jpg"}]}},{"ad_id":"890478","reg_year":"2005","make":"Nissan","model":"Almera","variant":"1.8sve AUTO 4DR ","mileage":"112471","engine_size":"1.8","fuel_type":"Petrol","body_type":"Saloon","colour":"0000c0","location":"Dublin","price":"\u20ac 1,999","images":{"base_url":"http:\/\/i0.carsie.ie\/","image_list":[{"thumb":"NzcwZTZjNGIzMjE3YTk2ZjUzMzk5NTIzMjNiZGUwMzdoLvTYkMOZGT-DmydgGeQiODkwNDc4LTcyNDc2NTAuanBnfHx8fHx8OTJ4Njl8fHx8fA==.jpg","main":"NDVjZGYzZjBkNmViNGZmMjE0ZDRmMmU3YTBmNWYyZWX6qfF7eAWuhawZdwMqoemrODkwNDc4LTcyNDc2NTAuanBnfHx8fHx8fHx8fHw0MDB4MzAw.jpg","large":"NThhNjcxNDFlNDZlMTkxY2RkYzU4ZWRjYWI3OWNjYWX2YlNoM6GOpRrgN1xq_s6aODkwNDc4LTcyNDc2NTAuanBnfHx8fHx8fHx8fHw2NDB4NDgw.jpg"}]}},{"ad_id":"899139","reg_year":"2003","make":"Opel","model":"Astra","variant":"NJOY 1.4 3-DOOR \/ NEW NCT MARCH 2014 \/ EXCELLENT DRIVE \/ CALL 086-0429292 ANYTIME","mileage":"133000","engine_size":"1.4","fuel_type":"Petrol","body_type":"Hatchback","colour":"000000","location":"Dublin","price":"\u20ac 1,999","images":{"base_url":"http:\/\/i0.carsie.ie\/","image_list":[{"thumb":"ZDcxN2FjZWU4MWFjMWY5NTNjOTljNWU5YTMzZTlhOWXETGUJWmHlmXXC8wyimBBzODk5MTM5LTczNzUwMTcuanBnfHx8fHx8OTJ4Njl8fHx8fA==.jpg","main":"MTI3YTAxNWQzMmZlOTNmMzI0N2E5MTA1YTRhNjNmOGVOQ6o2FbR5k0DTIMVklwh7ODk5MTM5LTczNzUwMTcuanBnfHx8fHx8fHx8fHw0MDB4MzAw.jpg","large":"ZWU2OTM3MGY5OTcwZWFjNjdmMDAwOWQ0ZDdiYWE5ZjTa0E-6csc2qxdiOcELvRbbODk5MTM5LTczNzUwMTcuanBnfHx8fHx8fHx8fHw2NDB4NDgw.jpg"}]}},{"ad_id":"898322","reg_year":"2001","make":"Opel","model":"Zafira","variant":"1.6 XE Comfort","mileage":"97226","engine_size":"1.6","fuel_type":"Petrol","body_type":"Estate","colour":"e0e0e0","location":"Wicklow","price":"\u20ac 1,999","images":{"base_url":"http:\/\/i0.carsie.ie\/","image_list":[{"thumb":"N2RmOGEzMmNkYzZlNmQyOTZmODYyZDc2MWQwYWJhZWMghuviC8vyBukXy060BlRIODk4MzIyLTczNjQyNzYuanBnfHx8fHx8OTJ4Njl8fHx8fA==.jpg","main":"OGE4MGM3ZDQ1MTg5YTM5NDU4YjUzNzE4NzIzYTIwNjgSdDiTGKp9CstI4OVlTBF6ODk4MzIyLTczNjQyNzYuanBnfHx8fHx8fHx8fHw0MDB4MzAw.jpg","large":"ZDhmZGExYmFkMDk2Yzc1YTRlZGU0MTVlYzMwNTdlZmbFwt8hwIaxEd7dNgeMGOxdODk4MzIyLTczNjQyNzYuanBnfHx8fHx8fHx8fHw2NDB4NDgw.jpg"}]}},{"ad_id":"831480","reg_year":"2002","make":"Renault","model":"Scenic","variant":"1.9dci Express+ 105BHP 05DR","mileage":"131000","engine_size":"1.9","fuel_type":"Diesel","body_type":"Hatchback","colour":"e0e0e0","location":"Dublin","price":"\u20ac 1,999","images":{"base_url":"http:\/\/i0.carsie.ie\/","image_list":[{"thumb":"NjA4NDE1YjQ4YTgyYzMwNmI1NjVjZDYxNTZmNjFjNjTd2iIOfCYKizMAW4HCNP7hODMxNDgwLS5qcGd8fHx8fHw5Mng2OXx8fHx8.jpg","main":"ZWZhYzRiNGI3NmZkMjcyNTIwMzRhYTgxMjM4Yjc0MTc1d_gElz3BZ3ADMJrR1j9qODMxNDgwLS5qcGd8fHx8fHx8fHx8fDQwMHgzMDA=.jpg","large":"YzMzNjM4NWQ2MTFmMGFhY2EyMzNhMWY4OTU4NGQzMjgsEONpccP9eNrVw0vAKowRODMxNDgwLS5qcGd8fHx8fHx8fHx8fDY0MHg0ODA=.jpg"}]}},{"ad_id":"897130","reg_year":"2001","make":"Renault","model":"Scenic","variant":"1.4 Super","mileage":"96000","engine_size":"1.4","fuel_type":"Petrol","body_type":"People Carrier","colour":"858585","location":"Kildare","price":"\u20ac 1,999","images":{"base_url":"http:\/\/i0.carsie.ie\/","image_list":[{"thumb":"N2ZiNGZlOTM4ZjFkMWRhYzg2YzNkMTk4ZDY0ZjY5N2bDsanwe10NSnMXVvu6c8jwODk3MTMwLTc0MjU3NzYuanBnfHx8fHx8OTJ4Njl8fHx8fA==.jpg","main":"NzgxMzRlNDQ0NmNmZDdhNTdlN2MwY2JhNWEwOWY2ZGVhlVUt3whQvp_HIvjc19l7ODk3MTMwLTc0MjU3NzYuanBnfHx8fHx8fHx8fHw0MDB4MzAw.jpg","large":"MGMyZWE0NWJmYzZkNzc4MDBjNWVmZDdhYzM2YmYyNmS5_kn-hSw6rklLu3FoAfmvODk3MTMwLTc0MjU3NzYuanBnfHx8fHx8fHx8fHw2NDB4NDgw.jpg"}]}},{"ad_id":"897363","reg_year":"2002","make":"Skoda","model":"Octavia","variant":"1.4 AMBIENTE 5dr Tax 4\/13 FSH","mileage":"149000","engine_size":"1.4","fuel_type":"Petrol","body_type":"Hatchback","colour":"008000","location":"Dublin","price":"\u20ac 1,999","images":{"base_url":"http:\/\/i0.carsie.ie\/","image_list":[{"thumb":"YTgzZTFkY2VlMTU3MTA2NDViMGQyNDM0NTc1NmQ3ZDnp_RZgkb5tp2bpopZF01JbODk3MzYzLTczNTI4NjguanBnfHx8fHx8OTJ4Njl8fHx8fA==.jpg","main":"ZjkwZjExNGE3ZjUzZWI3MTQ1MTVhZTE5YzcxZWUxZDC0CJv6Y0sX1SKufAOnoArZODk3MzYzLTczNTI4NjguanBnfHx8fHx8fHx8fHw0MDB4MzAw.jpg","large":"MDFiOTczMzZmNDI1ZDI2YzdjNWQ3NzM0NmJiNTgzNTarNgYFGS6gyI8_Bk82Jc2TODk3MzYzLTczNTI4NjguanBnfHx8fHx8fHx8fHw2NDB4NDgw.jpg"}]}},{"ad_id":"863204","reg_year":"2002","make":"Subaru","model":"Forester","variant":"4x4, SPOTLESS CAR, TOP SPEC, PANORAMIC SUNROOF, NCT 4\/13","mileage":"130000","engine_size":"2.0","fuel_type":"Petrol","body_type":"Estate","colour":"0000c0","location":"Dublin","price":"\u20ac 1,999","images":{"base_url":"http:\/\/i0.carsie.ie\/","image_list":[{"thumb":"MWZiYjZlODE5ZWY1NzA5MDJlNGY0YjBhZDNkOTE4NmJyrvVEw3WCp9XEXuqcA61lODYzMjA0LTY5Mzk4NDAuanBnfHx8fHx8OTJ4Njl8fHx8fA==.jpg","main":"YWQ4NjUwY2YzMmFlY2ZiODliY2VhNTJhZDczYzQ1NmGJUbCl6j6aZ2eEjRSEfd05ODYzMjA0LTY5Mzk4NDAuanBnfHx8fHx8fHx8fHw0MDB4MzAw.jpg","large":"OTc2ZmUyMzRhMDY3ZDlkMjA4ZGZjYzgyZGM4YzI5ZDQwC4ahjiwGA_8pGhGGjfW3ODYzMjA0LTY5Mzk4NDAuanBnfHx8fHx8fHx8fHw2NDB4NDgw.jpg"}]}},{"ad_id":"851740","reg_year":"2002","make":"Suzuki","model":"Liana","variant":"VERY CLEAN CAR, FULLY SERVICED","mileage":"89000","engine_size":"1.3","fuel_type":"Petrol","body_type":"Hatchback","colour":"e0e0e0","location":"Dublin","price":"\u20ac 1,999","images":{"base_url":"http:\/\/i0.carsie.ie\/","image_list":[{"thumb":"OTQ5ZTUxM2IzZWFmNjdlMmNjNmVjODZkZDI1MWZlMmJmZP8wkRfvi_DhScDqrAlCODUxNzQwLTY4NTU0NTAuanBnfHx8fHx8OTJ4Njl8fHx8fA==.jpg","main":"MDJiMjk0NTg4Y2E2Njg3OGU2NmNmMDhlNDU1MmJiZDZzmGk2leH7lBfqT8kVd5jEODUxNzQwLTY4NTU0NTAuanBnfHx8fHx8fHx8fHw0MDB4MzAw.jpg","large":"YmQ1ZjdlNDZiNDNmYTFiNDJlNjZjOThlNWMzMzdhYmJBvp-z5a4yfSCUNCF4OAEzODUxNzQwLTY4NTU0NTAuanBnfHx8fHx8fHx8fHw2NDB4NDgw.jpg"}]}},{"ad_id":"901062","reg_year":"1999","make":"Toyota","model":"Yaris","variant":"1.0 Terra","mileage":"105650","engine_size":"1.0","fuel_type":"Petrol","body_type":"Hatchback","colour":"ff0000","location":"Dublin","price":"\u20ac 1,999","images":{"base_url":"http:\/\/i0.carsie.ie\/","image_list":[{"thumb":"ZTBkNDU1NGJmNzk3ZDA1YjE4ODAyY2MzNmJmMzMxNzRJvRLeAvFqdQZ7s5WMhzqvOTAxMDYyLS5qcGd8fHx8fHw5Mng2OXx8fHx8.jpg","main":"NDhiZTBkMTllMjQ3Y2U5NDhiYTliZDEzMjAwNWJjNWPBm2mPzqiA2f_J2zKI4Le0OTAxMDYyLS5qcGd8fHx8fHx8fHx8fDQwMHgzMDA=.jpg","large":"MDNiOWQ3Yzk2MTY3ODg2MWE0ODI3YzNhZTI5YmFiNGTraQcnIAfcU3V-JopSlGpMOTAxMDYyLS5qcGd8fHx8fHx8fHx8fDY0MHg0ODA=.jpg"}]}},{"ad_id":"896604","reg_year":"1989","make":"Austin","model":"Mini","variant":"1000 Mini Sky Rose 2DR","mileage":"75000","engine_size":"1.0","fuel_type":"Petrol","body_type":"Saloon","colour":"0000c0","location":"Dublin","price":"\u20ac 2,000","images":{"base_url":"http:\/\/i0.carsie.ie\/","image_list":[{"thumb":"NDY0MzJjYmQ0MmUwZjg3YTRjZGNlYmM5MDVkODgwNGJ8_kMG8S-Ej3BOO9tIyG6kODk2NjA0LS5qcGd8fHx8fHw5Mng2OXx8fHx8.jpg","main":"ZjI1YTEwYmU0NzNkYTY5NjcxMjZkMjJkZjRhNGVkN2JpHyAalA8VZf8gGJOfYY8VODk2NjA0LS5qcGd8fHx8fHx8fHx8fDQwMHgzMDA=.jpg","large":"ZGQzMDY4ZThiNzNkODA3MjJmNmZjOTBjZjk0NmFhYWGTyHEKVOlFClsVXiubQWYPODk2NjA0LS5qcGd8fHx8fHx8fHx8fDY0MHg0ODA=.jpg"}]}},{"ad_id":"858248","reg_year":"1998","make":"BMW","model":"3 Series","variant":"CLEAN AUTOMATIC","mileage":"123000","engine_size":"2.0","fuel_type":"Petrol","body_type":"Saloon","colour":"000000","location":"Dublin","price":"\u20ac 2,000","images":{"base_url":"http:\/\/i0.carsie.ie\/","image_list":[{"thumb":"Nzg4MzIxMGRmMzVkMTE1N2NiZDAzYWE4YTIxYTc3ZTJz8KL_IojHosAShBn20CEwODU4MjQ4LTY4OTAxNzkuanBnfHx8fHx8OTJ4Njl8fHx8fA==.jpg","main":"NDcyODQ1MjljMGMzZDZmZDI0YjQ2Y2M1ODkzMTUyODL3_LCdph0aL5y2kViElFhKODU4MjQ4LTY4OTAxNzkuanBnfHx8fHx8fHx8fHw0MDB4MzAw.jpg","large":"NDFhY2EyMzQ4ZTIyMjY5MzY2OWRkOWJhMmUzYjkzYzNLugcP9oc1qTLMfBDV1FtuODU4MjQ4LTY4OTAxNzkuanBnfHx8fHx8fHx8fHw2NDB4NDgw.jpg"}]}},{"ad_id":"858303","reg_year":"2002","make":"Citroen","model":"Xsara","variant":"1.4 VSX 05DR","mileage":"80000","engine_size":"1.4","fuel_type":"Petrol","body_type":"Hatchback","colour":"0000c0","location":"Dublin","price":"\u20ac 2,000","images":{"base_url":"http:\/\/i0.carsie.ie\/","image_list":[{"thumb":"ZjMxOTk0NmU5NzVhNGJkZjFlNmRmNWUwMTE2MmQ1MTWvaC9KuhQDONugrPJvYsVpODU4MzAzLTY4OTA2MzIuanBnfHx8fHx8OTJ4Njl8fHx8fA==.jpg","main":"YzY3YTUzNTkzMjczZGZlYWMyZmE4Yjg2MzVkZjhiNmNhWQHJUQ4Wr827Mw2KKUbqODU4MzAzLTY4OTA2MzIuanBnfHx8fHx8fHx8fHw0MDB4MzAw.jpg","large":"OTJiOWEyYTNmNmQ0ODZlODUxODU4MDU4ODYzMzE1NGG5_DIJGbG_unPit8ZCFwm8ODU4MzAzLTY4OTA2MzIuanBnfHx8fHx8fHx8fHw2NDB4NDgw.jpg"}]}},{"ad_id":"868737","reg_year":"2004","make":"Fiat","model":"Ducato","variant":"RST 2.3 JTD","mileage":"","engine_size":"2.3","fuel_type":"Diesel","body_type":"Van","colour":"ff0000","location":"Cork","price":"\u20ac 2,000","images":{"base_url":"http:\/\/i0.carsie.ie\/","image_list":[{"thumb":"YjAxNWJlOWI0MDQyMzIwYjUyNzBhNzYzOGZmN2EwNDTZ2yw7Qza-SUyZm0NYJN0qODY4NzM3LS5qcGd8fHx8fHw5Mng2OXx8fHx8.jpg","main":"NmI2MWNmN2ZjOWIzNTFjMWJkYzBiNGJjYTJkZDQwOTbr00qlWDFjoSUWendqvtqfODY4NzM3LS5qcGd8fHx8fHx8fHx8fDQwMHgzMDA=.jpg","large":"YzkzYTU5MDJkMTFkMWUzYTA5NGVlODU4MGE0YzZiMDE485nEa2VIdehqi62oTivRODY4NzM3LS5qcGd8fHx8fHx8fHx8fDY0MHg0ODA=.jpg"}]}},{"ad_id":"866110","reg_year":"2003","make":"Ford","model":"Focus","variant":"LX 4DR","mileage":"132000","engine_size":"1.6","fuel_type":"Petrol","body_type":"Saloon","colour":"0000c0","location":"Cork","price":"\u20ac 2,000","images":{"base_url":"http:\/\/i0.carsie.ie\/","image_list":[{"thumb":"YmI2MTM2MzliNWZkNWI3ZDI3NGE3YjY2ZTc1NDQ1ODbR7KoxzUP2NEQzaIy199_BODY2MTEwLS5qcGd8fHx8fHw5Mng2OXx8fHx8.jpg","main":"YzFiNDI1ZDg1NjJiYjdiNThhOTczYTQ3YjNmOTUzMjajryUFag2RfrvBVwumUOoHODY2MTEwLS5qcGd8fHx8fHx8fHx8fDQwMHgzMDA=.jpg","large":"MDE4MzE1MzgwZWY2ZTEyZTdiMDRiMGNkNzQ0NjFmNGI0dgzzITLzeEVW6uZ9kcDeODY2MTEwLS5qcGd8fHx8fHx8fHx8fDY0MHg0ODA=.jpg"}]}},{"ad_id":"848013","reg_year":"2002","make":"Ford","model":"Focus","variant":"LX Tddi","mileage":"181000","engine_size":"1.8","fuel_type":"Diesel","body_type":"Hatchback","colour":"ff0000","location":"Galway","price":"\u20ac 2,000","images":{"base_url":"http:\/\/i0.carsie.ie\/","image_list":[{"thumb":"MGMzZTAzZWMwMTFmNGQ5Y2NhYWNhMTdiYmNiZDM5YWT7JQenr7hE7_EWglwAve39ODQ4MDEzLTY3ODAxMTQuanBnfHx8fHx8OTJ4Njl8fHx8fA==.jpg","main":"OWM2NDEyYTZmZGUzNTAzZjhhYzUzNWM4NTNjMWI2NWX4HVw1Hz-mWysBnDKvmUYFODQ4MDEzLTY3ODAxMTQuanBnfHx8fHx8fHx8fHw0MDB4MzAw.jpg","large":"ODFiYjVlZjNjM2RhYWUyM2QxMzc4ZjA0NGNiOWZkNGQsbvjsGJM716IcG2x3I8N6ODQ4MDEzLTY3ODAxMTQuanBnfHx8fHx8fHx8fHw2NDB4NDgw.jpg"}]}}]}