{"total":"23408","result":[{"ad_id":"894058","reg_year":"2009","make":"Chevrolet","model":"Lacetti","variant":"1.6 SX S\/W","mileage":"68481","engine_size":"1.6","fuel_type":"Petrol","body_type":"Estate","colour":"0000c0","location":"Dublin","price":"\u20ac 5,999","images":{"base_url":"http:\/\/i0.carsie.ie\/","image_list":[{"thumb":"ZjIwYThjMGQzYjBmNzg1NmM1MTgzMmM3NjQ5NDkxOTeBipMI2-qt-9Qd37-G732-ODk0MDU4LTczMDEwMzIuanBnfHx8fHx8OTJ4Njl8fHx8fA==.jpg","main":"NzkwOGY5YThiZTNjMmFlZDk1MDk4NjkzMmE5MzVlZjbaigXi3KFemI3h-kW0boJ1ODk0MDU4LTczMDEwMzIuanBnfHx8fHx8fHx8fHw0MDB4MzAw.jpg","large":"MzIzOTM0MjFkNTQyNWMwOGY1N2FhNjVhNWQzMDkxMjGgEiab-AJaQLrx8lWyqOCIODk0MDU4LTczMDEwMzIuanBnfHx8fHx8fHx8fHw2NDB4NDgw.jpg"}]}},{"ad_id":"898325","reg_year":"2007","make":"Chrysler","model":"Pt Cruiser","variant":"Touring 5DR","mileage":"33500","engine_size":"2.4","fuel_type":"Petrol","body_type":"Estate","colour":"0000c0","location":"Wexford","price":"\u20ac 5,999","images":{"base_url":"http:\/\/i0.carsie.ie\/","image_list":[{"thumb":"OTljM2E3OThkNzNlZmE1YmQ3M2NkYTc4YTMyMmU3YTdfwjuCab3hLY1JNT_xHdQkODk4MzI1LTczNjQzMTQuanBnfHx8fHx8OTJ4Njl8fHx8fA==.jpg","main":"NDZmMjU4ZTc5NmM0NDZjMDUyMGJhYWU0ZmZmMTdhZTmFo0h30ltF6s7jEIJBINwcODk4MzI1LTczNjQzMTQuanBnfHx8fHx8fHx8fHw0MDB4MzAw.jpg","large":"MTZkYTU4N2QzNzg0MTYyODQxMjUxMGFjMWQyYTQyMzGYkFyBxDd9ADTcQdEd5wtzODk4MzI1LTczNjQzMTQuanBnfHx8fHx8fHx8fHw2NDB4NDgw.jpg"}]}},{"ad_id":"898862","reg_year":"2007","make":"Ford","model":"C-Max","variant":"*SOLD*","mileage":"72000","engine_size":"1.6","fuel_type":"Petrol","body_type":"Hatchback","colour":"0000c0","location":"Dublin","price":"\u20ac 5,999","images":{"base_url":"http:\/\/i0.carsie.ie\/","image_list":[{"thumb":"ZjlmODc2NjZhZDYyZmQxYjJiMTBmMmVmMDQyNzg5NzJeXsO-ZabqHwRganvRlTBpODk4ODYyLTczOTAzOTYuanBnfHx8fHx8OTJ4Njl8fHx8fA==.jpg","main":"ZDJiNDlhMjVjNTJmY2Q0NTA4NjZhYjJlNDZmMmYyMTNufjA2usDlHrRJzQpwf3KXODk4ODYyLTczOTAzOTYuanBnfHx8fHx8fHx8fHw0MDB4MzAw.jpg","large":"ZjAwYjQ4MTZlZjM1NDI5NzhlNDkzNjYzZGZkMDkwZWZDzy98a_f0Qu8DuHHHzLGVODk4ODYyLTczOTAzOTYuanBnfHx8fHx8fHx8fHw2NDB4NDgw.jpg"}]}},{"ad_id":"890125","reg_year":"2006","make":"Ford","model":"Mondeo","variant":"LX Steel 2.0D 4DR","mileage":"138569","engine_size":"2.0","fuel_type":"Diesel","body_type":"Saloon","colour":"e0e0e0","location":"Cork","price":"\u20ac 5,999","images":{"base_url":"http:\/\/i0.carsie.ie\/","image_list":[{"thumb":"MzQ1YWRjMDNhYWIxYTVjMDNkOTBhOTlkMDFlMzM3NDI_KRhLqoeAggDRZkV3tFbMODkwMTI1LTcyNDYyNzcuanBnfHx8fHx8OTJ4Njl8fHx8fA==.jpg","main":"ODkyMWY2MTcyOGFhZjg0MTQ0ZjhiMDIxNjdjMDQyMDaXzQWxgSB0csZ6DT7fm89KODkwMTI1LTcyNDYyNzcuanBnfHx8fHx8fHx8fHw0MDB4MzAw.jpg","large":"MDhhMjIwY2UyYmMzNjk2ZGUwMDc0NGJiMGQ4N2MzMTIAJ28kplgTgJJBgbtovSpAODkwMTI1LTcyNDYyNzcuanBnfHx8fHx8fHx8fHw2NDB4NDgw.jpg"}]}},{"ad_id":"884150","reg_year":"2006","make":"Ford","model":"Mondeo","variant":"Platinum SOLD","mileage":"87398","engine_size":"2.0","fuel_type":"Diesel","body_type":"Hatchback","colour":"858585","location":"Dublin","price":"\u20ac 5,999","images":{"base_url":"http:\/\/i0.carsie.ie\/","image_list":[{"thumb":"ZGUxMmE4ZTdhNzIxYzcyYzAzMmZmZDEwYTU0ZDMyMTI9pqd2gkm08X9eo4FZfEt2ODg0MTUwLTcxOTE3NjIuanBnfHx8fHx8OTJ4Njl8fHx8fA==.jpg","main":"ZDRkOTJhYmNjZDYzNmVhMmI0NDlmZTVmMGYzZjkxMzTt4QQNk5fFllbgYq2qmqIXODg0MTUwLTcxOTE3NjIuanBnfHx8fHx8fHx8fHw0MDB4MzAw.jpg","large":"MzBiNGYxMGNkYzJhZjg3ZDlhODc2MDg2N2MzYjhhYTe1ObyaiFJiSLw-WYJex0GwODg0MTUwLTcxOTE3NjIuanBnfHx8fHx8fHx8fHw2NDB4NDgw.jpg"}]}},{"ad_id":"900376","reg_year":"2005","make":"Honda","model":"FR-V","variant":"FRV 1.7SE 5DR","mileage":"85000","engine_size":"1.7","fuel_type":"Petrol","body_type":"Estate","colour":"000000","location":"Dublin","price":"\u20ac 5,999","images":{"base_url":"http:\/\/i0.carsie.ie\/","image_list":[{"thumb":"MjVlYmQ4M2NkYjc1MzQ1ZGUwMzdkMmUyZjY0YmUxNjkvEhbIQzLV0O3NhWkDEeCYOTAwMzc2LTczODczNjAuanBnfHx8fHx8OTJ4Njl8fHx8fA==.jpg","main":"MjllZjhjOTE2OGU4MmIyMmMyMGNlMjliYzdiNTEyZWO4YK8fVAr5gQTj1pu-WRYSOTAwMzc2LTczODczNjAuanBnfHx8fHx8fHx8fHw0MDB4MzAw.jpg","large":"Yjk4Y2RhOTE0OGMzYmVhYjQ3M2UwMzZiMzIwZmEzYTFybhhk7Bt51KpfN5Wed_n0OTAwMzc2LTczODczNjAuanBnfHx8fHx8fHx8fHw2NDB4NDgw.jpg"}]}},{"ad_id":"902134","reg_year":"2006","make":"Hyundai","model":"Coupe","variant":"Coupe 1.6 2DR","mileage":"98971","engine_size":"1.6","fuel_type":"Petrol","body_type":"Coupe","colour":"ff0000","location":"Meath","price":"\u20ac 5,999","images":{"base_url":"http:\/\/i0.carsie.ie\/","image_list":[{"thumb":"YWQxMTZkYjg4Y2NhOWE4YzQzZjRlMjU3MzkyOWQ0OTV_QojQ-OElBw8-nBPkAsYdOTAyMTM0LTc0Mjg1NjcuanBnfHx8fHx8OTJ4Njl8fHx8fA==.jpg","main":"YjhmZTc3ZjMyZGFlMGI1NWVkYTZmM2E0MjA1MzZiYmJMJrPEoHZCtTCoOuiTt8jVOTAyMTM0LTc0Mjg1NjcuanBnfHx8fHx8fHx8fHw0MDB4MzAw.jpg","large":"YzMyZDhiZDM5OGFlYTMyYzRkNTYwMmYxMjRlOTBmYjQpFmaOxNfV-_zRCBB3Wv1gOTAyMTM0LTc0Mjg1NjcuanBnfHx8fHx8fHx8fHw2NDB4NDgw.jpg"}]}},{"ad_id":"878827","reg_year":"2005","make":"Kia","model":"Sorento","variant":"2.5 CSE A\/T 5DR","mileage":"99150","engine_size":"2.5","fuel_type":"Diesel","body_type":"Estate","colour":"e0e0e0","location":"Dublin","price":"\u20ac 5,999","images":{"base_url":"http:\/\/i0.carsie.ie\/","image_list":[{"thumb":"NTdkNjU1MTVjNDM4ZjA1NWJkYmU3MWZlYWJjMjkyZTaDfrAscyptkp9AQJBKT16lODc4ODI3LTcxMjUyNjQuanBnfHx8fHx8OTJ4Njl8fHx8fA==.jpg","main":"ZmIxOWU0ZTRiMWM2OGE5MjQ3MzRkZGUxNmJiNzc4ZTATqsl0ae2LWa_jPsKuGT8GODc4ODI3LTcxMjUyNjQuanBnfHx8fHx8fHx8fHw0MDB4MzAw.jpg","large":"ZTUxZDUxYTEwNjU1NGQ1YTQxOTQ4NmFiN2E3NmFhYWFNCNa4Zd-O_bmsLefbhv7fODc4ODI3LTcxMjUyNjQuanBnfHx8fHx8fHx8fHw2NDB4NDgw.jpg"}]}},{"ad_id":"802273","reg_year":"2004","make":"Mazda","model":"RX-8","variant":"Comfort 4DR","mileage":"47449","engine_size":"1.7","fuel_type":"Petrol","body_type":"Saloon","colour":"0000c0","location":"Dublin","price":"\u20ac 5,999","images":{"base_url":"http:\/\/i0.carsie.ie\/","image_list":[{"thumb":"YmZmMzc4YzBmZjg0M2E4ZGNjMDA2ZDgwMzY5NDI4N2bK9xWv-SoECE2mr5R__DE_ODAyMjczLTYyMjc2MjQuanBnfHx8fHx8OTJ4Njl8fHx8fA==.jpg","main":"Y2VmMjgzZDc4ZWQ1MDYzZThhNDc1NjY0N2EwOGQzYjB6WjdHV1LVIFtdWSXu7AnyODAyMjczLTYyMjc2MjQuanBnfHx8fHx8fHx8fHw0MDB4MzAw.jpg","large":"MzcxYjc3MzNkZmY3ZjkzOGJiMTEyZWZkZmNlZmEzYzBmaROG8lgDIn2BrdVQJjttODAyMjczLTYyMjc2MjQuanBnfHx8fHx8fHx8fHw2NDB4NDgw.jpg"}]}},{"ad_id":"898907","reg_year":"2008","make":"Nissan","model":"Tiida","variant":"1.6 SE hatchback 5dr","mileage":"82644","engine_size":"1.6","fuel_type":"Petrol","body_type":"Hatchback","colour":"e0e0e0","location":"Cork","price":"\u20ac 5,999","images":{"base_url":"http:\/\/i0.carsie.ie\/","image_list":[{"thumb":"YTEzMjkzODVhZDVjNDRhZjViM2Q3MGRkMzdkMjc2MzYsB2P1KIY0hpLueyFpdOfJODk4OTA3LTczNzU4OTEuanBnfHx8fHx8OTJ4Njl8fHx8fA==.jpg","main":"MGVhZWU0MWRkOWYyZTc1ZjE1ZjA2ODBjZDgyOTNiYjjCx4lopXpV2qhog26XAvq6ODk4OTA3LTczNzU4OTEuanBnfHx8fHx8fHx8fHw0MDB4MzAw.jpg","large":"NmZlMzQxYWE3NTcxNjJhMzEzMjk2ZjRiMjI1NzMyY2b5SQ2qyb_yUNtPEoBwejbiODk4OTA3LTczNzU4OTEuanBnfHx8fHx8fHx8fHw2NDB4NDgw.jpg"}]}},{"ad_id":"884207","reg_year":"2007","make":"Nissan","model":"Tiida","variant":"1.6 SE 4DR, 1 OWNER FROM NEW, SUPERB CAR, VIEWING A MUST, BLUETOOTH!","mileage":"58410","engine_size":"1.6","fuel_type":"Petrol","body_type":"Saloon","colour":"f0b800","location":"Dublin","price":"\u20ac 5,999","images":{"base_url":"http:\/\/i0.carsie.ie\/","image_list":[{"thumb":"NmU3Yzk5NzRhOGFiYWFlOWZlN2MyMWQ4ZGFmNmYyOThgwza8WCmyPFGk4pAdcKhGODg0MjA3LTcxOTQ1NTUuanBnfHx8fHx8OTJ4Njl8fHx8fA==.jpg","main":"Y2RmNWEyZmNmNjg0MjNkMjQwY2Y3YTRjYjY5MWY4YzJ9ZOpYZyPh9G_ya6CqKCkaODg0MjA3LTcxOTQ1NTUuanBnfHx8fHx8fHx8fHw0MDB4MzAw.jpg","large":"ZTc4Mjc4ZDkyNDBhNzgzOTdjODM5OTNkMjFlN2JkMDIiBh8OYyXJt0DMwbPW9AXoODg0MjA3LTcxOTQ1NTUuanBnfHx8fHx8fHx8fHw2NDB4NDgw.jpg"}]}},{"ad_id":"846497","reg_year":"2007","make":"Opel","model":"Astra","variant":"Design 1.4I 16V","mileage":"68352","engine_size":"1.4","fuel_type":"Petrol","body_type":"Hatchback","colour":"0000c0","location":"Dublin","price":"\u20ac 5,999","images":{"base_url":"http:\/\/i0.carsie.ie\/","image_list":[{"thumb":"YzI0ZjgwMTMzZmMzMjBiZTU5MjIxMDg0ZTFkOTYyMjFjAD5cwahYmWahthQMRecTODQ2NDk3LTY3NjAyMjkuanBnfHx8fHx8OTJ4Njl8fHx8fA==.jpg","main":"YjY4ZjMwMTkyYjE2YzRlNDYzNDRjYzc5OGM5NTc0YTXLTcoIHUpbHBjKHppoh4gOODQ2NDk3LTY3NjAyMjkuanBnfHx8fHx8fHx8fHw0MDB4MzAw.jpg","large":"NjRkNmE0ZmU0Njc0Y2E0MDI1MDYyYzJjZjdlNDdkNzi1CFyvdV_J2-uPD20zCB9AODQ2NDk3LTY3NjAyMjkuanBnfHx8fHx8fHx8fHw2NDB4NDgw.jpg"}]}},{"ad_id":"898802","reg_year":"2007","make":"Opel","model":"Corsa","variant":"Club 1.2I 16V 5DR","mileage":"46944","engine_size":"1.2","fuel_type":"Petrol","body_type":"Hatchback","colour":"000000","location":"Dublin","price":"\u20ac 5,999","images":{"base_url":"http:\/\/i0.carsie.ie\/","image_list":[{"thumb":"OWNhYWE3ZDE3YTQ3NGViMTgxOGFmYzZhMjg2YzI2YjS8ytiOMefTI6F8ZZEcAPlJODk4ODAyLTczNjk4ODcuanBnfHx8fHx8OTJ4Njl8fHx8fA==.jpg","main":"NWU0NDQxYTJiODk5MmEzN2Q1ZGUxNWFhMDI3NWZkNGNjbDdQ2mqIHfE1p4imhTOeODk4ODAyLTczNjk4ODcuanBnfHx8fHx8fHx8fHw0MDB4MzAw.jpg","large":"ZmM4OGViYzRmYjIyNTk1Yjk2NmRlYWU3MmIzMmZkNjCBUWNHbaI-cMZtPzRiBRghODk4ODAyLTczNjk4ODcuanBnfHx8fHx8fHx8fHw2NDB4NDgw.jpg"}]}},{"ad_id":"891867","reg_year":"2008","make":"Peugeot","model":"207","variant":"1.4 - SALE ON ! REDUCED TO CLEAR ","mileage":"79500","engine_size":"1.4","fuel_type":"Petrol","body_type":"Hatchback","colour":"e0e0e0","location":"Meath","price":"\u20ac 5,999","images":{"base_url":"http:\/\/i0.carsie.ie\/","image_list":[{"thumb":"YjQ4YTM4ODQzYTUzMGMxNTBjZjFjYWJlMWY4MzI0Nmb5k8VrXSIHp-CXomdDzSlKODkxODY3LTcyNjgyMjQuanBnfHx8fHx8OTJ4Njl8fHx8fA==.jpg","main":"YThhNDQ3YWIxMDA2OGE0NTQwODdkM2Y4YTU3NTc0OGUFT20bcAcUd5TJb-KsfEPkODkxODY3LTcyNjgyMjQuanBnfHx8fHx8fHx8fHw0MDB4MzAw.jpg","large":"OTFkYzA3ZDkyMWE3ZjFiMTM0NTI5YjFiMTZhYmVjMjQTatQTIUXS_WkHAIpndA3XODkxODY3LTcyNjgyMjQuanBnfHx8fHx8fHx8fHw2NDB4NDgw.jpg"}]}},{"ad_id":"893783","reg_year":"2006","make":"Peugeot","model":"307","variant":"Zenith 1.4 16V , 1 OWNER FROM NEW, VIEWING A MUST!","mileage":"64624","engine_size":"1.4","fuel_type":"Petrol","body_type":"Hatchback","colour":"858585","location":"Dublin","price":"\u20ac 5,999","images":{"base_url":"http:\/\/i0.carsie.ie\/","image_list":[{"thumb":"YWRkNGJlODY4NzBiMzg2ZTI1OGE2M2FkYWQzMGYxZDHjSX9auwL4nm2oP1LWBy-9ODkzNzgzLTczMTEwMDQuanBnfHx8fHx8OTJ4Njl8fHx8fA==.jpg","main":"NWRhZmUzNGQ3ZWVkNTAwMDBlZTk4YmZiZGI1MmJlZTZTqmOavk6B8JRxEg0nlhmOODkzNzgzLTczMTEwMDQuanBnfHx8fHx8fHx8fHw0MDB4MzAw.jpg","large":"OWU1MDcxMDIyYjliY2YyNzIxZTkwM2E2MmFlNDkwYTII0dmX_fid280d3V0y4HPRODkzNzgzLTczMTEwMDQuanBnfHx8fHx8fHx8fHw2NDB4NDgw.jpg"}]}},{"ad_id":"867334","reg_year":"2006","make":"Peugeot","model":"307","variant":"1.4 307 5dr ST","mileage":"59375","engine_size":"1.4","fuel_type":"Petrol","body_type":"Hatchback","colour":"0000c0","location":"Waterford","price":"\u20ac 5,999","images":{"base_url":"http:\/\/i0.carsie.ie\/","image_list":[{"thumb":"OWEyOTAwOGYwZmM3Y2QwNDQ1YTk4OWU3NGFlNDVkOWI2KqcZgOnuFsO2L1ffySzOODY3MzM0LTY5OTAwMzAuanBnfHx8fHx8OTJ4Njl8fHx8fA==.jpg","main":"MmMyYzZkNzJmYTRhZWE4NDg0ZDRmOTg1OTNlM2Q4NjUBAf6s-lEp9r5q3ej1xn2UODY3MzM0LTY5OTAwMzAuanBnfHx8fHx8fHx8fHw0MDB4MzAw.jpg","large":"MWE4YTAwNWVlYzdiNWY2ZGE1YmNhMzk4ODkyZTgyOTO17MuAMIoQ5F4Z_cLtfgDlODY3MzM0LTY5OTAwMzAuanBnfHx8fHx8fHx8fHw2NDB4NDgw.jpg"}]}},{"ad_id":"851543","reg_year":"2006","make":"Saab","model":"9-3","variant":"1.8T Linear Sport EST AUTOMATIC\/NCT 2014","mileage":"74390","engine_size":"2.0","fuel_type":"Petrol","body_type":"Estate","colour":"e0e0e0","location":"Dublin","price":"\u20ac 5,999","images":{"base_url":"http:\/\/i0.carsie.ie\/","image_list":[{"thumb":"Y2EyMzAxNDVjYTkxZDI0NjQxZjQ2MTVjY2FlYTVkNDWYhigrbYRcfo9rETWQcyG3ODUxNTQzLTY4MjU1MTEuanBnfHx8fHx8OTJ4Njl8fHx8fA==.jpg","main":"YTc5MTU1Y2QwOGYwYjUyMzU4NTY3NTcyMzI4N2M5OTLrKHT4H-lF0inJm7WvkcU_ODUxNTQzLTY4MjU1MTEuanBnfHx8fHx8fHx8fHw0MDB4MzAw.jpg","large":"MzdhY2RiOThmMzYxODVlYjIwYTY2OWFhODQ4ZDQ3Y2SJ6c7pW_0JpyRoDFDsRQdCODUxNTQzLTY4MjU1MTEuanBnfHx8fHx8fHx8fHw2NDB4NDgw.jpg"}]}},{"ad_id":"833510","reg_year":"1971","make":"Skoda","model":"S 100","variant":"","mileage":"16199","engine_size":"1.0","fuel_type":"Petrol","body_type":"Saloon","colour":"ffffff","location":"Dublin","price":"\u20ac 5,999","images":{"base_url":"http:\/\/i0.carsie.ie\/","image_list":[{"thumb":"Yjc5ODdmOTcxNjVjMWM3MmNmY2JjYmUxZjZiM2QwYTIcjwQuNUCYj7azpNAIylkFODMzNTEwLTY4MzczMTkuanBnfHx8fHx8OTJ4Njl8fHx8fA==.jpg","main":"NjMxNzYxODg5ZTVjNzQyZGJlYjA1ZTk2Mzk2MzgxNDSXT17BXggdMl9X5LPLOc00ODMzNTEwLTY4MzczMTkuanBnfHx8fHx8fHx8fHw0MDB4MzAw.jpg","large":"NjJjYTdjNWZkNWRiNzExMDIxYjQ3NDI1YjNlYTVjNjZrwfg0MnHMZsyI8KyxD46BODMzNTEwLTY4MzczMTkuanBnfHx8fHx8fHx8fHw2NDB4NDgw.jpg"}]}},{"ad_id":"901075","reg_year":"2005","make":"Toyota","model":"Avensis Verso","variant":"2.0 LUNA 7 Seater, NEW 01\/2015 NCT & Tax 03\/13","mileage":"99900","engine_size":"2.0","fuel_type":"Petrol","body_type":"SUV","colour":"000000","location":"Dublin","price":"\u20ac 5,999","images":{"base_url":"http:\/\/i0.carsie.ie\/","image_list":[{"thumb":"YWZhMjM5ZTY0YTUyYWYzYWYxY2VmNWM1M2Q3MzZjNDIU_PSW5Og6HmFpQnKZz_wIOTAxMDc1LTc0MTU0ODkuanBnfHx8fHx8OTJ4Njl8fHx8fA==.jpg","main":"NzZiOTlhYjkwNDgxMDdmMGE4MjA4ODMyN2FmOTc3ZjGYZczqR412ob_gGF20uRGVOTAxMDc1LTc0MTU0ODkuanBnfHx8fHx8fHx8fHw0MDB4MzAw.jpg","large":"NGQ4NmFhMDRiY2ZjMmYwMTVlNTRjNGEyYmNkYzVkZGQb13FVdFHX9OYC-UT1R39VOTAxMDc1LTc0MTU0ODkuanBnfHx8fHx8fHx8fHw2NDB4NDgw.jpg"}]}},{"ad_id":"880404","reg_year":"2006","make":"Toyota","model":"Yaris","variant":"NEW MODEL NCT 2014","mileage":"67109","engine_size":"1.0","fuel_type":"Petrol","body_type":"Hatchback","colour":"ff0000","location":"Kildare","price":"\u20ac 5,999","images":{"base_url":"http:\/\/i0.carsie.ie\/","image_list":[{"thumb":"ZGViMDkwMzBiMTdkNzk3NjA2OGE3OTQzMmI3OTZmZjcx8FjBS9IzQNGQDgajh-RsODgwNDA0LTcxOTQ0NTUuanBnfHx8fHx8OTJ4Njl8fHx8fA==.jpg","main":"NWY1NDc0OTM5NDNlMGU2ZThlNmU5Yjg0NmM4MmZmZDlPQhQN1w3_4jbW7-Gu2ScpODgwNDA0LTcxOTQ0NTUuanBnfHx8fHx8fHx8fHw0MDB4MzAw.jpg","large":"NDViMjcyMDdhZWViNTY2OGVkOTNhZGExYWRlMzA4ZTEY09vsPajXcLEJq6PT1XxPODgwNDA0LTcxOTQ0NTUuanBnfHx8fHx8fHx8fHw2NDB4NDgw.jpg"}]}}]}