{"total":"23408","result":[{"ad_id":"894875","reg_year":"2006","make":"Volkswagen","model":"Passat","variant":null,"mileage":"142000","engine_size":"2.0","fuel_type":"Diesel","body_type":null,"colour":"000000","location":"Westmeath","price":"\u20ac 7,950","images":{"base_url":"http:\/\/i0.carsie.ie\/","image_list":[{"thumb":"N2Y4YTdhODAzOTUyYWJhMTg5N2Q2ZmRlYmY2MzQ3ZTf_RxQdJmenOb4tTPFThoFAODk0ODc1LTczMjAyNDIuanBnfHx8fHx8OTJ4Njl8fHx8fA==.jpg","main":"YzdhNTZiNzNhYmI1ZmE5YzJhMjJmNzc3ODdmZDUxYTNoTDcwypziQ1IoeHgVJAzyODk0ODc1LTczMjAyNDIuanBnfHx8fHx8fHx8fHw0MDB4MzAw.jpg","large":"ODZkYWZjMDA4ZmEyMTViOTc5NTRhOWQzNWMyODFhZjiWvb23vKpcT9VVR_HfFuDzODk0ODc1LTczMjAyNDIuanBnfHx8fHx8fHx8fHw2NDB4NDgw.jpg"}]}},{"ad_id":"825035","reg_year":"2005","make":"Volkswagen","model":"Passat","variant":"1.6 FSI 4DR B6 SAL 115BHP","mileage":"71991","engine_size":"1.6","fuel_type":"Petrol","body_type":"Saloon","colour":"e0e0e0","location":"Wicklow","price":"\u20ac 7,950","images":{"base_url":"http:\/\/i0.carsie.ie\/","image_list":[{"thumb":"MzBjMjU1NTZlOTdiZWQ3MThmZjNlNDcwMWQxYjFmNzfBXQvPgVNMblDirre0pHC-ODI1MDM1LTY1OTE4MzEuanBnfHx8fHx8OTJ4Njl8fHx8fA==.jpg","main":"NDBiYmNjYmM0ZjM3Y2FmM2JhY2M2M2UxNjlkODEzMTF_RFS6c1UoNuoJJwgBQjLuODI1MDM1LTY1OTE4MzEuanBnfHx8fHx8fHx8fHw0MDB4MzAw.jpg","large":"NzFmODQ5NDNjN2I4ZjdlZTZhMjlhMDNjMmMzOGQyN2QSHiAB1kVnH8j67BGtq61VODI1MDM1LTY1OTE4MzEuanBnfHx8fHx8fHx8fHw2NDB4NDgw.jpg"}]}},{"ad_id":"844858","reg_year":"2008","make":"Volkswagen","model":"Polo","variant":null,"mileage":"55274","engine_size":"1.2","fuel_type":"Petrol","body_type":"Hatchback","colour":"000000","location":"Cork","price":"\u20ac 7,950","images":{"base_url":"http:\/\/i0.carsie.ie\/","image_list":[{"thumb":"ZTA0ZGEzMDNhM2JiNjhmZWMxMGJhZWFjNDg4NWRlM2LUxrIeOqHaR6iIG_ENbJVBODQ0ODU4LTY3OTQ1MTIuanBnfHx8fHx8OTJ4Njl8fHx8fA==.jpg","main":"NDI3ZTlhNjQ5ZGJiODI2OTRjNDZlMzQ3MDc4NzdkNTJGG904d-2Q3tElOi7eq8BGODQ0ODU4LTY3OTQ1MTIuanBnfHx8fHx8fHx8fHw0MDB4MzAw.jpg","large":"NDNmNWM1NDJjNDhlNDViNzc2NGJiOTRjMGE1M2RmNTJiaP2fuRI00HgHlcqpEXy5ODQ0ODU4LTY3OTQ1MTIuanBnfHx8fHx8fHx8fHw2NDB4NDgw.jpg"}]}},{"ad_id":"673956","reg_year":"2007","make":"Volkswagen","model":"Polo","variant":"","mileage":"14913","engine_size":"1.2","fuel_type":"Petrol","body_type":"Hatchback","colour":"000000","location":"Dublin","price":"\u20ac 7,950","images":{"base_url":"http:\/\/i0.carsie.ie\/","image_list":[{"thumb":"MmUwM2U4OTM5ZTJiZjM5NjI3M2ZjYzU0ZDhmOWEzMDXNj8-Nbn1cNtWM81u-UAoyNjczOTU2LTQ3NTc3ODMuanBnfHx8fHx8OTJ4Njl8fHx8fA==.jpg","main":"YmM5NWMyMTdiNDQ5NTM4MGQ2OWI2OGQyN2JjNzE5MDRaVxdthDfoggos7UnEjNyqNjczOTU2LTQ3NTc3ODMuanBnfHx8fHx8fHx8fHw0MDB4MzAw.jpg","large":"ZDFkOWU1ODAzZjcwOWEzYTg4OTc3NTU0ZTNiYTEwYWS6CJFaog8ZgHQNG7PP7tpENjczOTU2LTQ3NTc3ODMuanBnfHx8fHx8fHx8fHw2NDB4NDgw.jpg"}]}},{"ad_id":"741945","reg_year":"2007","make":"Volkswagen","model":"Polo","variant":"COMFORT 1.2","mileage":"47001","engine_size":"1.2","fuel_type":"Petrol","body_type":"Hatchback","colour":"994d00","location":"Galway","price":"\u20ac 7,950","images":{"base_url":"http:\/\/i0.carsie.ie\/","image_list":[{"thumb":"YmFmZTVjN2I2ZjFhNmM2YWE1NWMzMmU0NDZkOGU3OWOOX4JbPrVCYtAS2qwM61LUNzQxOTQ1LTU5Mzg4MzYuanBnfHx8fHx8OTJ4Njl8fHx8fA==.jpg","main":"YzQ5NzA5YjhlOGFhNjY3NTU0ZDFkYjhjZmQ5NGQ2NzIHxYBaB5P2GEFNVyeTdlXWNzQxOTQ1LTU5Mzg4MzYuanBnfHx8fHx8fHx8fHw0MDB4MzAw.jpg","large":"ZDk1NzY1ZTM0MjFkODY0MTRlMDdkYmIxMmI0ODhjYTFNUjV2tREwt5fY-lsBgWRQNzQxOTQ1LTU5Mzg4MzYuanBnfHx8fHx8fHx8fHw2NDB4NDgw.jpg"}]}},{"ad_id":"892309","reg_year":"2007","make":"Volkswagen","model":"Polo","variant":"S TDI","mileage":"48002","engine_size":"1.4","fuel_type":"Diesel","body_type":"Hatchback","colour":"858585","location":"Tipperary","price":"\u20ac 7,950","images":{"base_url":"http:\/\/i0.carsie.ie\/","image_list":[{"thumb":"MGZiNDU3NGU0NDA3YjU1YzZlNTQyMGU5YmMyZTA2OTnVjPCtm_TTIDgqrFbmIvimODkyMzA5LTcyNzE0NTUuanBnfHx8fHx8OTJ4Njl8fHx8fA==.jpg","main":"NzhmMGE5NWQ5NDRhMzNhZDc1ODcwZTZmMzVhYzA1MmPFhJXMfNGU_MrnujHijZ4dODkyMzA5LTcyNzE0NTUuanBnfHx8fHx8fHx8fHw0MDB4MzAw.jpg","large":"Mjc5OWVjYjE4NDFhZGZhNDRhM2IwMzEwYWQ2NGViMjJ3m9yRgxKMUi2ZlqkCHgyZODkyMzA5LTcyNzE0NTUuanBnfHx8fHx8fHx8fHw2NDB4NDgw.jpg"}]}},{"ad_id":"892734","reg_year":"2004","make":"Volkswagen","model":"Touareg","variant":"2.5 TDI","mileage":"121000","engine_size":"2.5","fuel_type":"Diesel","body_type":"SUV","colour":"0000c0","location":"Dublin","price":"\u20ac 7,950","images":{"base_url":"http:\/\/i0.carsie.ie\/","image_list":[{"thumb":"ZmE0NDkwMWQzOGViMzBlZjQ2ZDVjZDMyODJjNGQ4NTamEEh7KHPgf1Yj_X94PrOyODkyNzM0LTcyNzUxMTMuanBnfHx8fHx8OTJ4Njl8fHx8fA==.jpg","main":"MDQ0ZDcxMjc5MmUxMjYyZjMwODU2ZmU5ZjQwNGQ0OGaorDZk1SULzi55wYdBEX-rODkyNzM0LTcyNzUxMTMuanBnfHx8fHx8fHx8fHw0MDB4MzAw.jpg","large":"Zjc4YWYxMDRiYzllYWVmYThhZmZmOGNlYzk3MzY2NTHa5-NSIO6pOc1Ow8-vgsCFODkyNzM0LTcyNzUxMTMuanBnfHx8fHx8fHx8fHw2NDB4NDgw.jpg"}]}},{"ad_id":"871288","reg_year":"2005","make":"Volkswagen","model":"Touran","variant":"Trendline","mileage":"93000","engine_size":"1.6","fuel_type":"Petrol","body_type":null,"colour":"858585","location":"Cork","price":"\u20ac 7,950","images":{"base_url":"http:\/\/i0.carsie.ie\/","image_list":[{"thumb":"MDhmNjVhOTFlODZkZWZkZmIwZDQyMTVlNzI4ZGRhZDI3zyCCy4AqzrFi_27U4b9JODcxMjg4LTcwNDc4MjkuanBnfHx8fHx8OTJ4Njl8fHx8fA==.jpg","main":"N2I0ZGQ4YmEyMmIyNzBmOTg0MDk5OGMwMDk2YmM2ZDiD7m1ccoycmGKlu4d6zQBFODcxMjg4LTcwNDc4MjkuanBnfHx8fHx8fHx8fHw0MDB4MzAw.jpg","large":"NzMzMjBhNmJlY2U5ODZmNGUyMTljM2I3MDkyYzQ4MzHOZZYjFyvcNPA0-TiWfo9OODcxMjg4LTcwNDc4MjkuanBnfHx8fHx8fHx8fHw2NDB4NDgw.jpg"}]}},{"ad_id":"898896","reg_year":"2005","make":"Volkswagen","model":"Touran","variant":"Comf 1.9 TDI","mileage":"144000","engine_size":"1.9","fuel_type":"Diesel","body_type":"People Carrier","colour":"ff0000","location":"Westmeath","price":"\u20ac 7,950","images":{"base_url":"http:\/\/i0.carsie.ie\/","image_list":[{"thumb":"NDIwZTMyZTdlMWZkZmZkYjUxZDUyNDVkMTljMmM1N2YBHPYwa1gRkzILdK0sX_5qODk4ODk2LTczNzA2NzQuanBnfHx8fHx8OTJ4Njl8fHx8fA==.jpg","main":"YTVlZGQ5NzdhYTMxN2Q2ZTkzYjRkNzg2YjhkMWE0NTSfxg-euWW2UbP5Vjkhi2iZODk4ODk2LTczNzA2NzQuanBnfHx8fHx8fHx8fHw0MDB4MzAw.jpg","large":"YTUyOGVhNGU1MjY0ZGU1MTk2NDI2ODBlNjZhZDIxMTn2Bn7h0aQRDEFebqVFiG5oODk4ODk2LTczNzA2NzQuanBnfHx8fHx8fHx8fHw2NDB4NDgw.jpg"}]}},{"ad_id":"846183","reg_year":"2008","make":"Volvo","model":"C30","variant":"1.8 SE","mileage":"58300","engine_size":"1.8","fuel_type":"Petrol","body_type":"Hatchback","colour":"994d00","location":"Dublin","price":"\u20ac 7,950","images":{"base_url":"http:\/\/i0.carsie.ie\/","image_list":[{"thumb":"YTIzMTNlNzVjMmI4ZWUzZWFhNjQ2NTZhMmMyNDVlNDduuD9uHk0BMgpSXoQfQNqNODQ2MTgzLTY3NTYwOTguanBnfHx8fHx8OTJ4Njl8fHx8fA==.jpg","main":"NmVjYmU4NGM4MGRmOWVmNmQ3N2JhMzg4OGY1OTdmNmIfTNJHlN1Uc5Fr4e3D1_qoODQ2MTgzLTY3NTYwOTguanBnfHx8fHx8fHx8fHw0MDB4MzAw.jpg","large":"NjIxMjdjODJiMTk2NTA0ODQzNjczZjFkMmE5MjVkYjTTsZL3ohJbyR1iTVulrkpKODQ2MTgzLTY3NTYwOTguanBnfHx8fHx8fHx8fHw2NDB4NDgw.jpg"}]}},{"ad_id":"884079","reg_year":"2007","make":"Volvo","model":"S40","variant":"1.6D SE 4DR","mileage":"126763","engine_size":"1.6","fuel_type":"Diesel","body_type":"Saloon","colour":"000000","location":"Dublin","price":"\u20ac 7,950","images":{"base_url":"http:\/\/i0.carsie.ie\/","image_list":[{"thumb":"NDhjNzA3N2JiNjc2Y2EwOWE2ZDM2ZGQ2ODVhMTAzMWMvuuHABh_wALontykX3dDKODg0MDc5LTcxODkwMjYuanBnfHx8fHx8OTJ4Njl8fHx8fA==.jpg","main":"ZWQxZjVlNTM2NWRmYTkzZWYzMzg2NTkzMjQ2ZGUwOWZImU3dHAFxRxjKfr_ktCMjODg0MDc5LTcxODkwMjYuanBnfHx8fHx8fHx8fHw0MDB4MzAw.jpg","large":"MWE0NDFmN2Y0NGYxYjAyMmM1YzEyNmE1YWY2ZjJiMzXzrH3QvzEC2VDC5JJwMo1OODg0MDc5LTcxODkwMjYuanBnfHx8fHx8fHx8fHw2NDB4NDgw.jpg"}]}},{"ad_id":"901814","reg_year":"2007","make":"Volvo","model":"S40","variant":"1.8 SE --STUNNING VEHICLE--","mileage":"69097","engine_size":"1.8","fuel_type":"Petrol","body_type":"Saloon","colour":"000000","location":"Dublin","price":"\u20ac 7,950","images":{"base_url":"http:\/\/i0.carsie.ie\/","image_list":[{"thumb":"MTRiZTNmOGY2MjYwZjYxMmRmMTA0MTc2MmQyZjIyMzMYhOB9r-WCmVOcB1KT_BITOTAxODE0LTc0MjUxNTIuanBnfHx8fHx8OTJ4Njl8fHx8fA==.jpg","main":"ZDcyYmVhNzIzMzAwMTAxNDg0NzQxNmJlNjY5ZGEzYzJCTLVBJpqGOo2eBLQVPG_COTAxODE0LTc0MjUxNTIuanBnfHx8fHx8fHx8fHw0MDB4MzAw.jpg","large":"ZGIyNzU3OWVhZTJlYjA3NTQzN2M2M2E1MGQ3ZDc1NjlBB3zlB9k0-SrfX7jPBGH3OTAxODE0LTc0MjUxNTIuanBnfHx8fHx8fHx8fHw2NDB4NDgw.jpg"}]}},{"ad_id":"899673","reg_year":"2007","make":"Volvo","model":"S40","variant":"1.8 SE 4DR","mileage":"84506","engine_size":"1.8","fuel_type":"Petrol","body_type":null,"colour":"ff0000","location":"Kerry","price":"\u20ac 7,950","images":{"base_url":"http:\/\/i0.carsie.ie\/","image_list":[{"thumb":"NmIyYTAwY2ZlMTNmZWJmNjYyYzhiZDViMDdmMDQyNDgOu6RtYB-oIRFAnUepuOm9ODk5NjczLTczOTkyNTYuanBnfHx8fHx8OTJ4Njl8fHx8fA==.jpg","main":"Y2ZkMGQzMzczNjI5YjA2ZTc0ZThhM2NjY2U2OTU2NWF2q33w6KNqwvcpdGX-8-fuODk5NjczLTczOTkyNTYuanBnfHx8fHx8fHx8fHw0MDB4MzAw.jpg","large":"ZDExNGExOTA5ODM1NTdhYTBhNzdiZWIyYTc4NzJlYTSKFmsmYOsKhuPyTjUr_AYJODk5NjczLTczOTkyNTYuanBnfHx8fHx8fHx8fHw2NDB4NDgw.jpg"}]}},{"ad_id":"901940","reg_year":"2006","make":"Volvo","model":"S40","variant":null,"mileage":"112500","engine_size":"1.6","fuel_type":"Diesel","body_type":null,"colour":"e0e0e0","location":"Mayo","price":"\u20ac 7,950","images":{"base_url":"http:\/\/i0.carsie.ie\/","image_list":[{"thumb":"NzliMjg4MzUyYWU0OGNlMTNkNmEzZWQwZGI4N2UwMzIWr0Vcafu94rGPxV_yVi9pOTAxOTQwLTc0Mjg1MzMuanBnfHx8fHx8OTJ4Njl8fHx8fA==.jpg","main":"ZmJlMGRkZjEyZThhNzBlYjY4ZjBkMGNiZTdmOWVlNzNkOmiZaQ_AUGQFlP-d7fQxOTAxOTQwLTc0Mjg1MzMuanBnfHx8fHx8fHx8fHw0MDB4MzAw.jpg","large":"YTliODlkZTA5YzQ5N2I3MmZlZjk1ZmU5NTJhYzU4MDlHGd7qSU7Y3TRuY9C8HztzOTAxOTQwLTc0Mjg1MzMuanBnfHx8fHx8fHx8fHw2NDB4NDgw.jpg"}]}},{"ad_id":"895245","reg_year":"2006","make":"Volvo","model":"S40","variant":"1.6 DIESEL - LOW MILES - SALE NOW ON !","mileage":"79000","engine_size":"1.6","fuel_type":"Diesel","body_type":"Saloon","colour":"858585","location":"Meath","price":"\u20ac 7,950","images":{"base_url":"http:\/\/i0.carsie.ie\/","image_list":[{"thumb":"MWRjNjkyZWNkNTdhMGExYjgyNDA1YjA1YjNhOTdjNDJFyMMjBiH6eUYOTZhfQNBkODk1MjQ1LTczMjE3NzUuanBnfHx8fHx8OTJ4Njl8fHx8fA==.jpg","main":"Yjk3ODVkMDg2OTE1YzlhOWEwMjVmNGNiZGNmNmU3ZTWpcsA8dDk58wzji1wipnaAODk1MjQ1LTczMjE3NzUuanBnfHx8fHx8fHx8fHw0MDB4MzAw.jpg","large":"NjJiYWU0NmVjZDE0MDJiYzEwYjkwYjUxZjgyZGZmOGHsJv7rHGrRpwtfAGswWWiOODk1MjQ1LTczMjE3NzUuanBnfHx8fHx8fHx8fHw2NDB4NDgw.jpg"}]}},{"ad_id":"808618","reg_year":"2008","make":"Volvo","model":"S60","variant":"2.0 T SE SPORT","mileage":"93827","engine_size":"2.0","fuel_type":"Petrol","body_type":"Saloon","colour":"ff0000","location":"Dublin","price":"\u20ac 7,950","images":{"base_url":"http:\/\/i0.carsie.ie\/","image_list":[{"thumb":"ZTYyYWUzY2YzM2FkYWUyYWFkZWQ4MTE2MjQ0OGI2YjZLuVS0YhSwAEmLVTdOcWOdODA4NjE4LTcxNTY2NjEuanBnfHx8fHx8OTJ4Njl8fHx8fA==.jpg","main":"MmMwN2ZlOTI3ZjRhOGNmODdmN2FjOGU4MzUyNzM1MWWBlmz9czOwQEaPcbODw7D-ODA4NjE4LTcxNTY2NjEuanBnfHx8fHx8fHx8fHw0MDB4MzAw.jpg","large":"YmIxNDk2N2E1OWY2NDQ3NjliNDJiYmE4ZGJjMzhkYWRzJtefsK0m7CumFOFueCuZODA4NjE4LTcxNTY2NjEuanBnfHx8fHx8fHx8fHw2NDB4NDgw.jpg"}]}},{"ad_id":"854117","reg_year":"2007","make":"Volvo","model":"S60","variant":"D5 SE 4DR E","mileage":"150997","engine_size":"2.4","fuel_type":"Diesel","body_type":"Saloon","colour":"858585","location":"Dublin","price":"\u20ac 7,950","images":{"base_url":"http:\/\/i0.carsie.ie\/","image_list":[{"thumb":"MmIwYmM3Mjc0ODY3NmE3ODY1YjVhMzYyMTJkODVkODlMuf4qyzBg6nqHC6sZg2TFODU0MTE3LTY4NDIzNDQuanBnfHx8fHx8OTJ4Njl8fHx8fA==.jpg","main":"ZjViMjQ1Y2NjYTMzNGNmMTJjZWFiYTcyNTY5OWM3ZDjA5beIfE4CEJj196QnsFX_ODU0MTE3LTY4NDIzNDQuanBnfHx8fHx8fHx8fHw0MDB4MzAw.jpg","large":"NTQ5YzdhNTk5NDRiODg5MGU5NDY4ZWM5MmI0ZmQ3ZDDXayQwN72wAJVUVDawxcddODU0MTE3LTY4NDIzNDQuanBnfHx8fHx8fHx8fHw2NDB4NDgw.jpg"}]}},{"ad_id":"880840","reg_year":"2006","make":"Volvo","model":"S80","variant":"D5 SE 4DR --DIESEL--BRILLIANT VALUE--","mileage":"66887","engine_size":"2.4","fuel_type":"Diesel","body_type":"Saloon","colour":"e0e0e0","location":"Dublin","price":"\u20ac 7,950","images":{"base_url":"http:\/\/i0.carsie.ie\/","image_list":[{"thumb":"NGY4NjA0NjFkNjI4OTUxMDYzMTk0Y2E0OTBkZDk0OGLiv9h-bDlPXE1jjSKYe2KEODgwODQwLTcxNDMwMjUuanBnfHx8fHx8OTJ4Njl8fHx8fA==.jpg","main":"ZDAzZWExYzBkYzZhMzRjY2IxNTJmMjljZjY4MGZiOTnVx0XHQm7siB2Uu86MxIIAODgwODQwLTcxNDMwMjUuanBnfHx8fHx8fHx8fHw0MDB4MzAw.jpg","large":"YzEyOGUxMWYwMjA2YzhiN2JkYjYzNjMyY2U4Y2Y3MjY4p9xVBdamllBmtzw2fXfvODgwODQwLTcxNDMwMjUuanBnfHx8fHx8fHx8fHw2NDB4NDgw.jpg"}]}},{"ad_id":"774571","reg_year":"2006","make":"Volvo","model":"V70","variant":"2.0T S 5DR sport","mileage":"120000","engine_size":"2.0","fuel_type":"Petrol","body_type":"Estate","colour":"e0e0e0","location":"Dublin","price":"\u20ac 7,950","images":{"base_url":"http:\/\/i0.carsie.ie\/","image_list":[{"thumb":"YmI1MDlhNThkNDI3YTc0NjkxM2Q0YWNjMDU0Mjk5ODE9BybD5XAp2U0Tl9eCMpp1Nzc0NTcxLTU4OTgwNjQuanBnfHx8fHx8OTJ4Njl8fHx8fA==.jpg","main":"ZjZmNTc2N2U2ODcyMGUzODk0Mzc4ODQzM2IyNDA1ZGRxof1bmWPbh-Vpnyv2NXyKNzc0NTcxLTU4OTgwNjQuanBnfHx8fHx8fHx8fHw0MDB4MzAw.jpg","large":"OGE0NWNjYTA2ZDcxZjZhOGY1MjNkMTUwYzcxNmNmOTG0X2ln8pHwuSSwigALUQVQNzc0NTcxLTU4OTgwNjQuanBnfHx8fHx8fHx8fHw2NDB4NDgw.jpg"}]}},{"ad_id":"873610","reg_year":"2006","make":"Volvo","model":"V70","variant":"D5 SE 5DR","mileage":"144162","engine_size":"2.4","fuel_type":"Diesel","body_type":"Estate","colour":"0000c0","location":"Tipperary","price":"\u20ac 7,950","images":{"base_url":"http:\/\/i0.carsie.ie\/","image_list":[{"thumb":"MDMyZDQwZWY3MTZmYjUyYTZiNmE2ZjcwOTI5NzM0MjSu0SkpQKBJ6_paBV4rrPWcODczNjEwLTcwNTU5MzQuanBnfHx8fHx8OTJ4Njl8fHx8fA==.jpg","main":"MmZlZDI2MDlmZDc1NWVkNmYyZDgzNGU3YTY0ZWJmZDUMN6e-XOqYmpgQVlhq6zJ0ODczNjEwLTcwNTU5MzQuanBnfHx8fHx8fHx8fHw0MDB4MzAw.jpg","large":"YTE4ZTlmMzlkMTY5NDk3ZjVjOTUyYjc3MjQ5ZjJmZTJ4JUjkrTgnAH2gdMOLXz9bODczNjEwLTcwNTU5MzQuanBnfHx8fHx8fHx8fHw2NDB4NDgw.jpg"}]}}]}