{"total":"23407","result":[{"ad_id":"895733","reg_year":"2006","make":"Peugeot","model":"307","variant":"** FINANCE AVAILABLE **, NEWER FACELIFT MODEL, ZENITH, ONLY 69k, 5DR, NCT JUN-14, FOGS, AS NEW, \"\"MUST BE SEEN\"\", N4CARS. ie","mileage":"69000","engine_size":"1.4","fuel_type":"Petrol","body_type":null,"colour":"e0e0e0","location":"Dublin","price":"\u20ac 5,949","images":{"base_url":"http:\/\/i0.carsie.ie\/","image_list":[{"thumb":"YTE1MzIzOWZjZWY1YjZmNzAwZDEwMzYwODQ5NDA5ZDFTAYQmmlZyJhxecpoOCDFgODk1NzMzLTczNjkyOTcuanBnfHx8fHx8OTJ4Njl8fHx8fA==.jpg","main":"NGMxMTRiMzc4YTE4NWRjNjgzNTg1ZjEyZTlkNDhlOTTG3iIqqvtK3yuIun0SWdHRODk1NzMzLTczNjkyOTcuanBnfHx8fHx8fHx8fHw0MDB4MzAw.jpg","large":"ZTRkZGI4NDg5MTYyNTJlZjM2MTg5ZTdmYTAzN2NiZjewjOW4o1DyGXVxAvUghcGgODk1NzMzLTczNjkyOTcuanBnfHx8fHx8fHx8fHw2NDB4NDgw.jpg"}]}},{"ad_id":"895632","reg_year":"2006","make":"Peugeot","model":"307","variant":"NEW NCT 2015 , HDi , LOW MILES","mileage":"86000","engine_size":"1.6","fuel_type":"Diesel","body_type":"Hatchback","colour":"0000c0","location":"Wexford","price":"\u20ac 5,949","images":{"base_url":"http:\/\/i0.carsie.ie\/","image_list":[{"thumb":"YzhlOTBjMzdkMzNkNDI1NjM0ZTc0Njk5MWRiNzM3ZjJuEc1yp2N-uKBYSNazMKMCODk1NjMyLTczMzEzNzUuanBnfHx8fHx8OTJ4Njl8fHx8fA==.jpg","main":"YWI2OTQwOWM2MjM0OTcwN2ZiMmRkMjdmMmUxMzg4NDfbCEGsDrK3rYMfResRcokaODk1NjMyLTczMzEzNzUuanBnfHx8fHx8fHx8fHw0MDB4MzAw.jpg","large":"ODlmZmI2ZWZhMTM2ZGY0MTkzOWQ2MzE3NTZkNzdlZTOVwGW_VwVT7Wyqw9rPWuolODk1NjMyLTczMzEzNzUuanBnfHx8fHx8fHx8fHw2NDB4NDgw.jpg"}]}},{"ad_id":"898530","reg_year":"2005","make":"Toyota","model":"Corolla","variant":"DIESEL \/ 1.4 D-4D \/ NCT JAN-15 \/ VERY ECONOMICAL \/ RELIABLE TOYOTA \/ VERY CAREFUL OWNER \/ AS NEW \/ \"\"MUST BE SEEN\"\" \/ www. N4CARS. ie","mileage":"148000","engine_size":"1.4","fuel_type":"Diesel","body_type":null,"colour":"e0e0e0","location":"Dublin","price":"\u20ac 5,949","images":{"base_url":"http:\/\/i0.carsie.ie\/","image_list":[{"thumb":"Y2JmOWI5Yjc1YzJkZWIxMjdkMjZiMWE1ZjlkNWI2Mzd9lr7eN_laGIEGu1R88DbaODk4NTMwLTczNjk1MzQuanBnfHx8fHx8OTJ4Njl8fHx8fA==.jpg","main":"MWUyZDBhZmMwNTE0YTNjOWNiOGEyZDQzOWMwM2Q1MWKzG7dX4HVhWZJGE1ig3KiEODk4NTMwLTczNjk1MzQuanBnfHx8fHx8fHx8fHw0MDB4MzAw.jpg","large":"NTRiMzUxMzFmZjk2NzdiZDZhNjVmYWZlOTMzMmIyNmSzD8NFuqEPFMkzpLflNcwlODk4NTMwLTczNjk1MzQuanBnfHx8fHx8fHx8fHw2NDB4NDgw.jpg"}]}},{"ad_id":"892132","reg_year":"2005","make":"Volkswagen","model":"Polo","variant":"NEW MODEL, GP-SPORT, TOP-SPEC, 5DR, ONLY 43k, ALLOYS, NCT JUN-13, TAX JUL-13, VERY CAREFUL ONE OWNER, AS NEW, \"\"MUST BE SEEN\"\", N4CARS. ie","mileage":"43000","engine_size":"1.2","fuel_type":"Petrol","body_type":null,"colour":"e0e0e0","location":"Dublin","price":"\u20ac 5,949","images":{"base_url":"http:\/\/i0.carsie.ie\/","image_list":[{"thumb":"MWZkMzVkNmVjOWY5NDFlZGJlMzkzNzJmMTA2Y2UwNWJKk4h0hxB28zW9f4HeadJfODkyMTMyLTcyNzIxMjcuanBnfHx8fHx8OTJ4Njl8fHx8fA==.jpg","main":"NDMxZTkxNzcwYTAwZTQyMGFiMzFlZTkzYTA0NWMzZGIGeVKg6YCn79bjtqycb7tYODkyMTMyLTcyNzIxMjcuanBnfHx8fHx8fHx8fHw0MDB4MzAw.jpg","large":"NjA4OTc1NDU0YTNjZWUwYTMzYmI4NTJkMjNiOWYyYTZsliC-VlTErq1L9b0pNzKKODkyMTMyLTcyNzIxMjcuanBnfHx8fHx8fHx8fHw2NDB4NDgw.jpg"}]}},{"ad_id":"894013","reg_year":"2006","make":"Alfa Romeo","model":"GT","variant":"1.9 Sportivo 3DR","mileage":"119927","engine_size":"1.9","fuel_type":"Diesel","body_type":"Hatchback","colour":"0000c0","location":"Dublin","price":"\u20ac 5,950","images":{"base_url":"http:\/\/i0.carsie.ie\/","image_list":[{"thumb":"ODg5ZDgyZTk3MGUxNTA2MzkzM2FhMjBmNDQxMGNjZTAoCL4RQwM1P_8V_9aJkME9ODk0MDEzLTczMDA3MzAuanBnfHx8fHx8OTJ4Njl8fHx8fA==.jpg","main":"OTNiNDY3NTFmNTZmMDBlYzczOTZmNjM0ZWFmZDkwZTWXUkjOnW_-Gj-5i75N2zJbODk0MDEzLTczMDA3MzAuanBnfHx8fHx8fHx8fHw0MDB4MzAw.jpg","large":"MjI4OWVmMDNkOTNkMjZhZWFhMjNiNjU5Zjc1YWE3ZmMApQmGaGeNKyzw8X_HSeClODk0MDEzLTczMDA3MzAuanBnfHx8fHx8fHx8fHw2NDB4NDgw.jpg"}]}},{"ad_id":"892703","reg_year":"2004","make":"Audi","model":"A3","variant":"1.6 Attraction. VERY LOW MILEAGE. FULL MAIN DEALER HISTORY!","mileage":"66000","engine_size":"1.6","fuel_type":"Petrol","body_type":"Hatchback","colour":"000000","location":"Cork","price":"\u20ac 5,950","images":{"base_url":"http:\/\/i0.carsie.ie\/","image_list":[{"thumb":"MzcwMDAyNWYxOGU1YjlhOWYxNmMxYjk1ODRhYzNlYTLj5ALvF3LLBuIwmqrrsn6LODkyNzAzLTcyODA5MzQuanBnfHx8fHx8OTJ4Njl8fHx8fA==.jpg","main":"MjJlYzEyYzRiNjdkOTY2YjM0N2NhZTA0NjA2ODc3YTGAT0fFxJ2KKKo6_ALanjVyODkyNzAzLTcyODA5MzQuanBnfHx8fHx8fHx8fHw0MDB4MzAw.jpg","large":"NjZiODUxZjBkZGI4ZTU4MzhjYTk3OGQzNGE4MTBkYmUxWdd1CK9u-N7k0Xcn9-PlODkyNzAzLTcyODA5MzQuanBnfHx8fHx8fHx8fHw2NDB4NDgw.jpg"}]}},{"ad_id":"901383","reg_year":"2005","make":"Audi","model":"A3","variant":"1.6 102HP Attract","mileage":"114000","engine_size":"1.6","fuel_type":"Petrol","body_type":"Hatchback","colour":"000000","location":"Cork","price":"\u20ac 5,950","images":{"base_url":"http:\/\/i0.carsie.ie\/","image_list":[{"thumb":"YjlkYWJmNDM4YzAyNDBiOGU5ODgwYTEwMjhjMGMxZWTFSIpg1p0U9xzfEgx8E4xCOTAxMzgzLTc0MTg4ODcuanBnfHx8fHx8OTJ4Njl8fHx8fA==.jpg","main":"ZGUzNjVlNDI2ZmI5MjE4YTcwNWM1ZmMxN2E1YWZiZje1R_VWazDrk3qpxyNQfTeaOTAxMzgzLTc0MTg4ODcuanBnfHx8fHx8fHx8fHw0MDB4MzAw.jpg","large":"MWY0OGU0ZWYyMGRkNzdhMThjZDEwY2I0YjM2MTk0ODkhwEzpmWBkm9mpuFGrk8EzOTAxMzgzLTc0MTg4ODcuanBnfHx8fHx8fHx8fHw2NDB4NDgw.jpg"}]}},{"ad_id":"891778","reg_year":"2005","make":"Audi","model":"A3","variant":"1.9tdi Attraction","mileage":"150997","engine_size":"1.9","fuel_type":"Diesel","body_type":"Hatchback","colour":"000000","location":"Dublin","price":"\u20ac 5,950","images":{"base_url":"http:\/\/i0.carsie.ie\/","image_list":[{"thumb":"ODgxN2Q1NmI3ZWQ5NDQwYzhiMDk1NDRjNDhkMDg1MDXeRrdr_HHRlcoLAeUWDxyIODkxNzc4LTcyNjY3NDQuanBnfHx8fHx8OTJ4Njl8fHx8fA==.jpg","main":"OTIwZGY4N2JjZTdlMTBiN2YyMGRiNDBjNzFhYzZhYzWcu2NUpoQV2A_AhtZL4XypODkxNzc4LTcyNjY3NDQuanBnfHx8fHx8fHx8fHw0MDB4MzAw.jpg","large":"ZjY0NDE3ODE0N2M5YWYwOTUzYTM5MjA1ZmY3MDg4MzgRfyEKmlt8JPOcQ2utCn55ODkxNzc4LTcyNjY3NDQuanBnfHx8fHx8fHx8fHw2NDB4NDgw.jpg"}]}},{"ad_id":"892210","reg_year":"2003","make":"Audi","model":"A4","variant":"Avant TDI SE","mileage":"125000","engine_size":"1.9","fuel_type":"Diesel","body_type":"Estate","colour":"858585","location":"Clare","price":"\u20ac 5,950","images":{"base_url":"http:\/\/i0.carsie.ie\/","image_list":[{"thumb":"NWE4YjY1ZWQ0NWJkMDFmNTZjYmQ4OGNlZjdhMjI3YzapX9_rFTZsjhyQE8oyQdciODkyMjEwLTcyNzA2MDcuanBnfHx8fHx8OTJ4Njl8fHx8fA==.jpg","main":"OGZmNGY2MmM0ZjY3ZTFhN2NiMDZjMTJkY2U4OTg1ZTgbFpb0dF4C6hoTxYPVZ3ygODkyMjEwLTcyNzA2MDcuanBnfHx8fHx8fHx8fHw0MDB4MzAw.jpg","large":"NTYzNjk5YjQ2YjUzMTY3NTFiZWMzNWVjMjg0NjE2NGFmWz6w3GnsYVXw5yFkSvh3ODkyMjEwLTcyNzA2MDcuanBnfHx8fHx8fHx8fHw2NDB4NDgw.jpg"}]}},{"ad_id":"807058","reg_year":"2002","make":"Audi","model":"A4","variant":"","mileage":"78000","engine_size":"3.0","fuel_type":"Petrol","body_type":"Hatchback","colour":"e0e0e0","location":"Dublin","price":"\u20ac 5,950","images":{"base_url":"http:\/\/i0.carsie.ie\/","image_list":[{"thumb":"ODhmMmYxYTFhOGU1NWRmMWUyZGZlNzZkMWY1ZjlmODkl8qMwrdDdVfNoClGv79gkODA3MDU4LTYyOTA3NDkuanBnfHx8fHx8OTJ4Njl8fHx8fA==.jpg","main":"ZTg0MmRhMzk5NjE2NTUwNzhlNzNlOTViNTRkOTUwODRzLfNZV3pDZAMeiHD5rIBQODA3MDU4LTYyOTA3NDkuanBnfHx8fHx8fHx8fHw0MDB4MzAw.jpg","large":"MmY4NWRmMDBlMDI2ZTc0YzU3MzY5ODJjYWRhYWExM2OjGHwj8DcyaBI3CqcmwDDlODA3MDU4LTYyOTA3NDkuanBnfHx8fHx8fHx8fHw2NDB4NDgw.jpg"}]}},{"ad_id":"859898","reg_year":"2003","make":"Audi","model":"A4","variant":"diesel cabriolet","mileage":"102000","engine_size":"2.5","fuel_type":"Diesel","body_type":"Cabriolet \/ Convertible","colour":"0000c0","location":"Dublin","price":"\u20ac 5,950","images":{"base_url":"http:\/\/i0.carsie.ie\/","image_list":[{"thumb":"ZWUyOTQ3ZmRhNGRmYzFmZjg1Yjk0YzIzYjQyYjY2OTQLFkFGVhPQX0Jc1yudpAgvODU5ODk4LTY5MDE2ODkuanBnfHx8fHx8OTJ4Njl8fHx8fA==.jpg","main":"YjQ0MmRiOWMyNDA2NjZiODAwNTVlMGFhMjQyMmM0Y2MaFuj6zHMZhEICBZKd6tYIODU5ODk4LTY5MDE2ODkuanBnfHx8fHx8fHx8fHw0MDB4MzAw.jpg","large":"ZTk5MzgzNTBmYmRmMzFkNzcwYzIwZDkwZDI5NmM1MzgkbC_RZUe54tIeD9NrpQpaODU5ODk4LTY5MDE2ODkuanBnfHx8fHx8fHx8fHw2NDB4NDgw.jpg"}]}},{"ad_id":"880771","reg_year":"2004","make":"Audi","model":"A4","variant":"102BHP 4DR 102 BHP","mileage":"107800","engine_size":"1.6","fuel_type":"Petrol","body_type":"Hatchback","colour":"000000","location":"Dublin","price":"\u20ac 5,950","images":{"base_url":"http:\/\/i0.carsie.ie\/","image_list":[{"thumb":"YzY2MDg4NTk3OGQ2ZWU0ZTdjNzM3ZDdhNTFkYjA5Y2R5KnW5KyuAdHKn_k1fYqdVODgwNzcxLTcxNDkwNjEuanBnfHx8fHx8OTJ4Njl8fHx8fA==.jpg","main":"OGY2NmRmZjNjYThkZTEyMTNjNzAxYjk5YzhlM2UxYWIImZLzmkBGi0IA7PoAkt6-ODgwNzcxLTcxNDkwNjEuanBnfHx8fHx8fHx8fHw0MDB4MzAw.jpg","large":"YzM0OWM0M2U2ZmM3OGY0YzA4YzU2OWM5NjMwNDIwM2JXxY1krm6B7ygGqOGkh9mMODgwNzcxLTcxNDkwNjEuanBnfHx8fHx8fHx8fHw2NDB4NDgw.jpg"}]}},{"ad_id":"893949","reg_year":"2004","make":"Audi","model":"A4","variant":"1.9 TDI SE 130BHP 6SPEED. FULL AUDI SERVICE HISTORY. TIMING BELT JUST DONE.","mileage":"169000","engine_size":"1.9","fuel_type":"Diesel","body_type":null,"colour":"858585","location":"Dublin","price":"\u20ac 5,950","images":{"base_url":"http:\/\/i0.carsie.ie\/","image_list":[{"thumb":"MWYyMGFkNWU5YTQzNjhiYzRjZDA2NzhjODkzZmZkNjHQYaeumCimSMeOWD1Hvg3AODkzOTQ5LTc0MDIyNzEuanBnfHx8fHx8OTJ4Njl8fHx8fA==.jpg","main":"ZDY5NWE3ZTIyZGUzYWQzYzEyOGIyODk0MGQyOTQ4MzcOunBcukGUDSJIaMcEg8XDODkzOTQ5LTc0MDIyNzEuanBnfHx8fHx8fHx8fHw0MDB4MzAw.jpg","large":"ZDA3ZDgzODNjMGMxM2E1YTNkODFkNzM5YTNmNGM1YjbUcCFsj3x9wuX8KqZok6AhODkzOTQ5LTc0MDIyNzEuanBnfHx8fHx8fHx8fHw2NDB4NDgw.jpg"}]}},{"ad_id":"790140","reg_year":"2006","make":"Audi","model":"A6","variant":"2.0TFSI 170BHP 4DR","mileage":"217480","engine_size":"2.0","fuel_type":"Petrol","body_type":"Saloon","colour":"0000c0","location":"Dublin","price":"\u20ac 5,950","images":{"base_url":"http:\/\/i0.carsie.ie\/","image_list":[{"thumb":"MmJhOGZlMzk5NGY3Y2QwMzMzNWRkNjNiZDdjMmUyZDBiYF5znz_yq8_V9bFHXluUNzkwMTQwLTcwMTMzODcuanBnfHx8fHx8OTJ4Njl8fHx8fA==.jpg","main":"YTBhMGE1ZGM4NTY2MjM2NzQxYmYzY2YwZTdlYzBiMjYpxQzPYa34zWY_nLTPWwReNzkwMTQwLTcwMTMzODcuanBnfHx8fHx8fHx8fHw0MDB4MzAw.jpg","large":"YjQ2MjBlNzBjZDcyMGQ1MjJiOWJkZDIyZGM3YmIxYzHNhP_CgqsSznCVsju0TMCGNzkwMTQwLTcwMTMzODcuanBnfHx8fHx8fHx8fHw2NDB4NDgw.jpg"}]}},{"ad_id":"896469","reg_year":"2005","make":"Audi","model":"A6","variant":"2.4 V6 177BHP 4DR","mileage":"115000","engine_size":"2.4","fuel_type":"Petrol","body_type":"Saloon","colour":"f0d2a0","location":"Roscommon","price":"\u20ac 5,950","images":{"base_url":"http:\/\/i0.carsie.ie\/","image_list":[{"thumb":"ODY5NWEyZGZmNDJjOGNmYTU2ZWIzYjZiNjk4ZDdlNTP8R562Cwi7ZFMixDu6w0QUODk2NDY5LTczNDI1NzUuanBnfHx8fHx8OTJ4Njl8fHx8fA==.jpg","main":"ZmU0YTZhZjc0NGFkOTdmZDUyYmQ0MmQ4YTkxMDljMGPaXsMedYiL3yxoe9d9HdGQODk2NDY5LTczNDI1NzUuanBnfHx8fHx8fHx8fHw0MDB4MzAw.jpg","large":"MmRiMWU3MGI4ODg1NjExZjNmYmU3MjI4OTQ2OGJmNze89De6g8wMaS-okSxasMKvODk2NDY5LTczNDI1NzUuanBnfHx8fHx8fHx8fHw2NDB4NDgw.jpg"}]}},{"ad_id":"848118","reg_year":"2003","make":"Audi","model":"TT","variant":"COUPE QUATTRO 1.8T 180 BHP 6SP","mileage":"111225","engine_size":"1.8","fuel_type":"Petrol","body_type":null,"colour":"000000","location":"Dublin","price":"\u20ac 5,950","images":{"base_url":"http:\/\/i0.carsie.ie\/","image_list":[{"thumb":"MDc5YmMxMmM5YzAyNWNmMjgyNzk0ZDM5NTYzNDc5OWRQ32u0w02OZR6cWYyjFwTUODQ4MTE4LTczMjc0NjcuanBnfHx8fHx8OTJ4Njl8fHx8fA==.jpg","main":"MDRlZTdkZmJhZDdjN2E3NGViNTQ1OWIwZTFiYjdiNWZUCGZvh2_AuDlpphnd7_OMODQ4MTE4LTczMjc0NjcuanBnfHx8fHx8fHx8fHw0MDB4MzAw.jpg","large":"NmU5NGU3MjEzZGQxNzQ5ZWNhZjRlZDg3ZTk5OWU5NTNLdLSzcUPpG35QYle50zwiODQ4MTE4LTczMjc0NjcuanBnfHx8fHx8fHx8fHw2NDB4NDgw.jpg"}]}},{"ad_id":"877203","reg_year":"2002","make":"Audi","model":"TT","variant":"QUATTRO 225 BHP. MASSIVE SPEC.","mileage":"69000","engine_size":"1.8","fuel_type":"Petrol","body_type":null,"colour":"000000","location":"Dublin","price":"\u20ac 5,950","images":{"base_url":"http:\/\/i0.carsie.ie\/","image_list":[{"thumb":"Y2VlNTU2NTQxNWZhN2I4Mzk1NzQ2ODEwNGFlMDc5MjRMc9HUUJhRXTXxusFrUU0kODc3MjAzLTcxNTI0NTIuanBnfHx8fHx8OTJ4Njl8fHx8fA==.jpg","main":"ZGM3MDQ3NzYyM2I2ZGI3YWJjZmJhNTI3ZTdlMzI5ODUB0c_rnvRIKhxBwu-aKGxKODc3MjAzLTcxNTI0NTIuanBnfHx8fHx8fHx8fHw0MDB4MzAw.jpg","large":"YmUzMjAzNDgxMjBiNzhhNDk1NThiZDIzMWY3OTdlYzJ8tTN31rbS3U_OOyvkAQUkODc3MjAzLTcxNTI0NTIuanBnfHx8fHx8fHx8fHw2NDB4NDgw.jpg"}]}},{"ad_id":"724553","reg_year":"2003","make":"Audi","model":"TT","variant":"Coupe Quattro 1.8T","mileage":"99000","engine_size":"1.8","fuel_type":"Petrol","body_type":"Coupe","colour":"ff0000","location":"Meath","price":"\u20ac 5,950","images":{"base_url":"http:\/\/i0.carsie.ie\/","image_list":[{"thumb":"NDQ4YzhkZTI2YWViN2EyNWYyY2RjMGI0ZjdiMzg4MTOTNFQilZcR_0XERxNpuh95NzI0NTUzLTcyNDc4ODUuanBnfHx8fHx8OTJ4Njl8fHx8fA==.jpg","main":"Njk4NTc2NjM3OTU2Y2RjYTBiYTQ3NDdlNTg5YzkxZmP9_VoxI-hL8rPn1hzy_mobNzI0NTUzLTcyNDc4ODUuanBnfHx8fHx8fHx8fHw0MDB4MzAw.jpg","large":"YmNkMTJiMTkxYTUxYTRjYzY5YTJmODhhZDdhYzgzODNVVCF4CuR8f2k3NgmGISwVNzI0NTUzLTcyNDc4ODUuanBnfHx8fHx8fHx8fHw2NDB4NDgw.jpg"}]}},{"ad_id":"858245","reg_year":"2004","make":"BMW","model":"3 Series","variant":"STUNNING CAR","mileage":"62000","engine_size":"2.0","fuel_type":"Petrol","body_type":"Hatchback","colour":"0000c0","location":"Dublin","price":"\u20ac 5,950","images":{"base_url":"http:\/\/i0.carsie.ie\/","image_list":[{"thumb":"YjJlM2NiMDViN2QxNWE1NDNhNWNkOTg5NzAzMTYxZTA08l4GFqodPTw4SU6VC3-dODU4MjQ1LTY4OTAxNTQuanBnfHx8fHx8OTJ4Njl8fHx8fA==.jpg","main":"MTgzNDViNjZjMWZlZjAxNWE5MmE1MTZmYzFhMzJiNDcbWw7us4vbFccOpY3BV6CEODU4MjQ1LTY4OTAxNTQuanBnfHx8fHx8fHx8fHw0MDB4MzAw.jpg","large":"YzhlNWFiYTIzOTM3ZjY2M2JjNWVlZmFiZDYzZTc4Y2JB9xkaGsddjyT3zNZjwM41ODU4MjQ1LTY4OTAxNTQuanBnfHx8fHx8fHx8fHw2NDB4NDgw.jpg"}]}},{"ad_id":"891790","reg_year":"2002","make":"BMW","model":"3 Series","variant":"318 E46 2.0 CI ","mileage":"105120","engine_size":"2.0","fuel_type":"Petrol","body_type":"Cabriolet \/ Convertible","colour":"000000","location":"Dublin","price":"\u20ac 5,950","images":{"base_url":"http:\/\/i0.carsie.ie\/","image_list":[{"thumb":"YzJlYjFmY2I0NjU4MzQwNWJlYWZiNjU3Y2MwOWEzNmaSm-ieLu6F4ET_GiEOPS72ODkxNzkwLTczNDk3NDIuanBnfHx8fHx8OTJ4Njl8fHx8fA==.jpg","main":"MjcxMGUzZmM3Yzg5YzVhYTVlOTk4MmIyYzY0MWIzYmLCE_LgDpnSurYQGQiSR_qhODkxNzkwLTczNDk3NDIuanBnfHx8fHx8fHx8fHw0MDB4MzAw.jpg","large":"ZTlhODRjMjBkMTY4OWViYzAyOGVhOTE3NzM5NmU4MDHIHOy1pi3v7H-hTtwDNvymODkxNzkwLTczNDk3NDIuanBnfHx8fHx8fHx8fHw2NDB4NDgw.jpg"}]}}]}