{"total":"23408","result":[{"ad_id":"876400","reg_year":"2006","make":"Renault","model":"Laguna","variant":"2 1.9sci Authen","mileage":"150997","engine_size":"1.9","fuel_type":"Diesel","body_type":"Hatchback","colour":"000000","location":"Meath","price":"\u20ac 4,745","images":{"base_url":"http:\/\/i0.carsie.ie\/","image_list":[{"thumb":"MGNlZTg0MWYxZWI5Mzk2NjIzMzc2MjVmZmI4NWI2NGH3XVPF_HPTHoYCHLNSXtdqODc2NDAwLTcxMDEzOTIuanBnfHx8fHx8OTJ4Njl8fHx8fA==.jpg","main":"MmIxYzI1ZTI0OGY2YmJlMDdjYzYxMDQ0NDBlYTMwNjWICNBLN7CCyBi4DLqtRSe_ODc2NDAwLTcxMDEzOTIuanBnfHx8fHx8fHx8fHw0MDB4MzAw.jpg","large":"MTdjNjQzNGI4ZDI2OGJjNmIwMzJmYWQyYjcwNjNkNmP7hBof0WQHoq1lKV3DheAFODc2NDAwLTcxMDEzOTIuanBnfHx8fHx8fHx8fHw2NDB4NDgw.jpg"}]}},{"ad_id":"884639","reg_year":"2005","make":"Skoda","model":"Octavia","variant":"1.6 \"Elegance \" **SORRY, DEPOSIT TAKEN*","mileage":"109000","engine_size":"1.6","fuel_type":"Petrol","body_type":"Hatchback","colour":"f0d2a0","location":"Dublin","price":"\u20ac 4,745","images":{"base_url":"http:\/\/i0.carsie.ie\/","image_list":[{"thumb":"NGNjNTlhOTcxZjlkYWMxMDNkNTExYjU4MDNiZjUzMTXf-bvDrKifFxg-jAKaWkvWODg0NjM5LTcyMDMxODAuanBnfHx8fHx8OTJ4Njl8fHx8fA==.jpg","main":"OTU3MmM5MWY0NzQ3NTU3ZDhhNGE0MmUxZDYwMjI1ZDbuA1q9hd5I2cvrIKtXj-U4ODg0NjM5LTcyMDMxODAuanBnfHx8fHx8fHx8fHw0MDB4MzAw.jpg","large":"MjBkZDgwZmUxM2U4ZGFiNTE4NTM0MDM5NzI5ZDc4MmPpeokFrHEqywFA_MXPeE5aODg0NjM5LTcyMDMxODAuanBnfHx8fHx8fHx8fHw2NDB4NDgw.jpg"}]}},{"ad_id":"901050","reg_year":"2003","make":"Land Rover","model":"Freelander","variant":"DIESEL TD4 (BMW DIESEL TECHNOLOGY) \/ GS TOP-SPEC \/ NCT SEP-13 \/ TAXED \/ ONE VERY CAREFUL OWNER \/ VERY ECONOMICAL \/ RELIABLE \/ AS NEW \/ \"\"MUST BE SEEN\"\" \/ www. N4CARS. ie","mileage":"108700","engine_size":"2.0","fuel_type":"Diesel","body_type":null,"colour":"e0e0e0","location":"Dublin","price":"\u20ac 4,749","images":{"base_url":"http:\/\/i0.carsie.ie\/","image_list":[{"thumb":"ZDViYzRhNzc2MmNhZTk4ZWFmZTdjYjdiY2ZkNTc4NTjdKqRwxscppmql8qC-4qU4OTAxMDUwLTc0MTYxNTguanBnfHx8fHx8OTJ4Njl8fHx8fA==.jpg","main":"ZDIxYzkzZGRlMGFiNDQyMzE3YjkzZjZiMjQyYTM0NzHMswr4AQPjIpBTcX4c3DUlOTAxMDUwLTc0MTYxNTguanBnfHx8fHx8fHx8fHw0MDB4MzAw.jpg","large":"MWY3NGRjZjIzYWVkYWU2YzIyN2NkOTk5NDk4YTI2MGY1w8Efn__UnZ-eF4bgnVqMOTAxMDUwLTc0MTYxNTguanBnfHx8fHx8fHx8fHw2NDB4NDgw.jpg"}]}},{"ad_id":"858575","reg_year":"2005","make":"Nissan","model":"Micra","variant":"1.2 5DR Auto Visia","mileage":"68068","engine_size":"1.2","fuel_type":"Petrol","body_type":"Hatchback","colour":"e0e0e0","location":"Meath","price":"\u20ac 4,749","images":{"base_url":"http:\/\/i0.carsie.ie\/","image_list":[{"thumb":"ZjY2ODYyYzgyNDg1OTBmZWEzYzk2M2I3ODVlMGUwMGPTyPm5gUzN9T43QfVFu6I1ODU4NTc1LTczNjI5MzcuanBnfHx8fHx8OTJ4Njl8fHx8fA==.jpg","main":"MjJmNzQ4MTIzZGI1YzM5MjQ5NDZmMTM4YjE2NGNlOWO6vrXAE65G85kivoaf6WV-ODU4NTc1LTczNjI5MzcuanBnfHx8fHx8fHx8fHw0MDB4MzAw.jpg","large":"NTgwNWFkZDA3ZmExZTM0ZDFjNmY5M2QxMWM0NGZlNmR6i-QioBqq3uySiV8cnxQGODU4NTc1LTczNjI5MzcuanBnfHx8fHx8fHx8fHw2NDB4NDgw.jpg"}]}},{"ad_id":"835154","reg_year":"2005","make":"Peugeot","model":"307","variant":"1.4 5DR VERVE, ONE OWNER, TOP-SPEC, ALLOYS, EXCELLENT THROUGHOUT, AS NEW, \"\"MUST BE SEEN\"\", N4CARS. ie","mileage":"69300","engine_size":"1.4","fuel_type":"Petrol","body_type":"Hatchback","colour":"0000c0","location":"Dublin","price":"\u20ac 4,749","images":{"base_url":"http:\/\/i0.carsie.ie\/","image_list":[{"thumb":"ZGYxMjk0MmYwYTQzZjI0YzY0MzZiNjYxNzI2OWFiYmTfvP-_qHzDFDGXj9ZfX-UzODM1MTU0LTcwODM2NTcuanBnfHx8fHx8OTJ4Njl8fHx8fA==.jpg","main":"MzBhNmYxYmZjMGFiMWZiMjYzY2I3NjA1OGI0NmY2ZjX_KIxHHjAIWDGq-6OSkVr5ODM1MTU0LTcwODM2NTcuanBnfHx8fHx8fHx8fHw0MDB4MzAw.jpg","large":"ZDc5N2U0NTBiZDIyYzEwNzgxYjBlZWQ0YWNhNWQxMmFwg0j0Dzq7JAthJ-g4825SODM1MTU0LTcwODM2NTcuanBnfHx8fHx8fHx8fHw2NDB4NDgw.jpg"}]}},{"ad_id":"830173","reg_year":"2006","make":"Subaru","model":"Impreza","variant":"2.0RX, NCT JAN-14, ONLY 65k, EXCELLENT THROUGHOUT, \"\"MUST BE SEEN\"\", AS NEW, N4CARS. ie","mileage":"65000","engine_size":"2.0","fuel_type":"Petrol","body_type":"Saloon","colour":"858585","location":"Dublin","price":"\u20ac 4,749","images":{"base_url":"http:\/\/i0.carsie.ie\/","image_list":[{"thumb":"OTUwNzI0ZDg1NDFkZDUxNzcyNDQ3NzU1NDZlYTcxZTfaE-0pTCuHJm0zeP9W-KloODMwMTczLTcwODM0NzMuanBnfHx8fHx8OTJ4Njl8fHx8fA==.jpg","main":"NTlmNzA4YzU1MWYzOGNkZjBhZTM0ZTAzNDc4NzkzNmanlJvRRyqrHsmFqSLwbUgtODMwMTczLTcwODM0NzMuanBnfHx8fHx8fHx8fHw0MDB4MzAw.jpg","large":"YTg5MGMxMjE5YjU2MmM1YWU3ZTM2YjUwOTZkZWE2MjZPMUdZyw6XJoLJpGr6fC8XODMwMTczLTcwODM0NzMuanBnfHx8fHx8fHx8fHw2NDB4NDgw.jpg"}]}},{"ad_id":"889064","reg_year":"2005","make":"Alfa Romeo","model":"156","variant":"1.9 JTD 140 LUS","mileage":"66394","engine_size":"1.9","fuel_type":"Diesel","body_type":"Hatchback","colour":"858585","location":"Cork","price":"\u20ac 4,750","images":{"base_url":"http:\/\/i0.carsie.ie\/","image_list":[{"thumb":"OWE0YWVjZjIyOThiYzYwYmJhZTUzOGI3NmUxOTlkZTCh5CP9rZrjYwm5OZEplE1wODg5MDY0LTcyNzA5NjEuanBnfHx8fHx8OTJ4Njl8fHx8fA==.jpg","main":"OTc2MDU3OTdjZGJmZDkzOWE2ZTQ5NjBlNjlkNDQ3YjZDlpkkn-ThokBQFWX4unXEODg5MDY0LTcyNzA5NjEuanBnfHx8fHx8fHx8fHw0MDB4MzAw.jpg","large":"ODM4MzVmMjRiNGRkZGZmMDhiMmNmZjdiYWVkODBiYjJ9Rt9k3w2U_YorWIs_zDbMODg5MDY0LTcyNzA5NjEuanBnfHx8fHx8fHx8fHw2NDB4NDgw.jpg"}]}},{"ad_id":"888232","reg_year":"2004","make":"Audi","model":"A6","variant":"1.9 TDI SE 130BHP 04DR","mileage":"160589","engine_size":"1.9","fuel_type":"Diesel","body_type":"Saloon","colour":"0000c0","location":"Meath","price":"\u20ac 4,750","images":{"base_url":"http:\/\/i0.carsie.ie\/","image_list":[{"thumb":"OWVkNzNjMmMxNWM1MmVjMmQ4YjBlY2E3MzU0ZDZkMWFhWdkF8DQMJB8KEafjiuWjODg4MjMyLTcyMzM1NjUuanBnfHx8fHx8OTJ4Njl8fHx8fA==.jpg","main":"ZWExNjc5YjMwYTg3ZjczZGRkNmJhODI0NjNiMWMzYWWj5gC9_jbMcRube5XWJ9u5ODg4MjMyLTcyMzM1NjUuanBnfHx8fHx8fHx8fHw0MDB4MzAw.jpg","large":"ZmYyMzU3ZDEzMTI3NzFhM2ZlNGYwYzliZDE1YTE2ZGbv3H2ICHNfQuZFu2ycR6YeODg4MjMyLTcyMzM1NjUuanBnfHx8fHx8fHx8fHw2NDB4NDgw.jpg"}]}},{"ad_id":"858297","reg_year":"2003","make":"BMW","model":"3 Series","variant":"STUNNING CAR AUTOMATIC","mileage":"90000","engine_size":"2.0","fuel_type":"Petrol","body_type":"Hatchback","colour":"0000c0","location":"Dublin","price":"\u20ac 4,750","images":{"base_url":"http:\/\/i0.carsie.ie\/","image_list":[{"thumb":"OGI0NWQxODZmYTlkNGQ2ZDU2ODUyY2M2NWZkZWM5ZDZveTnCJCjYOT9Dn2nZgt9fODU4Mjk3LTY4OTA1NzguanBnfHx8fHx8OTJ4Njl8fHx8fA==.jpg","main":"MTIzMjgxM2I4YmFhOGZmMWNkMjExMTliNDcyMWU1Y2bg0DEcL_sfk-2Eq0Bbow1wODU4Mjk3LTY4OTA1NzguanBnfHx8fHx8fHx8fHw0MDB4MzAw.jpg","large":"OTFiMjk5MTFkYTY2OTg3YmI4NmE0MmRmYjI4OTUzYmPHBOChJu5lDA4_OZywPlqCODU4Mjk3LTY4OTA1NzguanBnfHx8fHx8fHx8fHw2NDB4NDgw.jpg"}]}},{"ad_id":"898796","reg_year":"2004","make":"BMW","model":"316","variant":"ES TAXED AND NCT","mileage":"111000","engine_size":"1.8","fuel_type":"Petrol","body_type":"Saloon","colour":"ff0000","location":"Dublin","price":"\u20ac 4,750","images":{"base_url":"http:\/\/i0.carsie.ie\/","image_list":[{"thumb":"ZjZkODQ4MzUzZmJiNTc4YmMzM2I1NzhjNjcyNTg4NWE_hxfSZgpiJoI_OaTXtrpvODk4Nzk2LTczNjk3NzguanBnfHx8fHx8OTJ4Njl8fHx8fA==.jpg","main":"MzM4ZjZmNWFjMDE4MjQ1YzI3Y2Y1NDM1OGE2YmI1NWE5xlC-teaM3D9upRxFS1H2ODk4Nzk2LTczNjk3NzguanBnfHx8fHx8fHx8fHw0MDB4MzAw.jpg","large":"NTgzMTU4ZTBlY2EzZjFlY2ZjMGEwYTVmN2VjN2I0NzKpnc-fZ69Vy4LjmXAf0fCEODk4Nzk2LTczNjk3NzguanBnfHx8fHx8fHx8fHw2NDB4NDgw.jpg"}]}},{"ad_id":"892168","reg_year":"2003","make":"BMW","model":"320","variant":"DIESEL 4\/D\/R SALOON NCT2\/14 FOR DTAILS PHONE SEAN ON 0871307296 ","mileage":"144000","engine_size":"2.0","fuel_type":"Diesel","body_type":"Saloon","colour":"e0e0e0","location":"Wexford","price":"\u20ac 4,750","images":{"base_url":"http:\/\/i0.carsie.ie\/","image_list":[{"thumb":"Y2Q1NjhhZTcxMjMyNDAyNjk3OTg0MjI5NzljMTEwMDfQ-Xb-dcjIX49N_i4m-pecODkyMTY4LTcyNzYyODIuanBnfHx8fHx8OTJ4Njl8fHx8fA==.jpg","main":"YjExNmE5MThiYzI4OTk1NjY0OGZlODc4NDk4YjQzMDAYVx_n3bhCapCir3E2PSXQODkyMTY4LTcyNzYyODIuanBnfHx8fHx8fHx8fHw0MDB4MzAw.jpg","large":"ODZmNmEwN2IxYmNmZjRhNjM5ZWM1NjkyOTI2OWFlZmWuhyiFZxKYc4u7EJm7LAwKODkyMTY4LTcyNzYyODIuanBnfHx8fHx8fHx8fHw2NDB4NDgw.jpg"}]}},{"ad_id":"897617","reg_year":"2007","make":"Chevrolet","model":"Aveo","variant":"LS MY07 4DR *MICHAEL DAFFY CAR SALES*","mileage":"70216","engine_size":"1.4","fuel_type":"Petrol","body_type":"Saloon","colour":"7a0000","location":"Limerick","price":"\u20ac 4,750","images":{"base_url":"http:\/\/i0.carsie.ie\/","image_list":[{"thumb":"Njk5NzExZjQ2OTZkNGZlYzc2NTVjOTU0ZDJiOTQxZmYM19NaMOZzCEIsRqaCmJXCODk3NjE3LTczNTU5NTEuanBnfHx8fHx8OTJ4Njl8fHx8fA==.jpg","main":"OGZjMmNkNTU2YTY2Y2JkMGVmZjljMTE2NmYxMGQ1YTegOCN6p4lsm4gmlhXYlXvNODk3NjE3LTczNTU5NTEuanBnfHx8fHx8fHx8fHw0MDB4MzAw.jpg","large":"MmMxZTk4ZWRmZTY3NjM0NjM0Yjk5MTQyNjM4MzE5M2T-ZZsmMzHf3MV_xzDq1DAKODk3NjE3LTczNTU5NTEuanBnfHx8fHx8fHx8fHw2NDB4NDgw.jpg"}]}},{"ad_id":"896695","reg_year":"2007","make":"Chevrolet","model":"Lacetti","variant":"1.4 SX MY06","mileage":"65245","engine_size":"1.4","fuel_type":"Petrol","body_type":"Saloon","colour":"000000","location":"Cork","price":"\u20ac 4,750","images":{"base_url":"http:\/\/i0.carsie.ie\/","image_list":[{"thumb":"MWFlYzZhMTM1NTc0Yzc5MWRkOTMxYTM4NmExZjI3MzIaxM5qHPEmvUymmQXknKYfODk2Njk1LTczNDU3NTEuanBnfHx8fHx8OTJ4Njl8fHx8fA==.jpg","main":"NTgxYzQzOWZhYzgzZDY4MDQ2NzQ2NzdlMTJkMGJiZmIyf3STlzePhpl6NoxSZOOJODk2Njk1LTczNDU3NTEuanBnfHx8fHx8fHx8fHw0MDB4MzAw.jpg","large":"NGQxNDEzNjZlNDBmNmU5NzhhOTYxNjA4NWQ5ZTU0ODh3WkwvOBrHVmp4PoIlGHp0ODk2Njk1LTczNDU3NTEuanBnfHx8fHx8fHx8fHw2NDB4NDgw.jpg"}]}},{"ad_id":"901911","reg_year":"2006","make":"Citroen","model":"C2","variant":"1.1 3DR","mileage":"74970","engine_size":"1.1","fuel_type":"Petrol","body_type":"Hatchback","colour":"ff0000","location":"Meath","price":"\u20ac 4,750","images":{"base_url":"http:\/\/i0.carsie.ie\/","image_list":[{"thumb":"NTEwY2I4MTY2Mjk0ZmU0MmZlYjU1YzhjMTc3N2Y0NDl3LFx-reCQ0ZEc0Xa-a_FnOTAxOTExLS5qcGd8fHx8fHw5Mng2OXx8fHx8.jpg","main":"ZGIxODc2ZDdmMTNiYWZlZjI3OTZiZDQxZDI2OWY4ZTQEO7wOLGUDTSGnsZOXF-QxOTAxOTExLS5qcGd8fHx8fHx8fHx8fDQwMHgzMDA=.jpg","large":"NzljNTkzM2YwMzkzY2M1OGIzZWUxMjNlM2YzNzQ4OWIR-z72b5mBuEIZ7DSr_j5xOTAxOTExLS5qcGd8fHx8fHx8fHx8fDY0MHg0ODA=.jpg"}]}},{"ad_id":"866747","reg_year":"2005","make":"Citroen","model":"C4","variant":"1.6hdi VSX 110 5DR","mileage":"91344","engine_size":"1.6","fuel_type":"Diesel","body_type":"Hatchback","colour":"858585","location":"Galway","price":"\u20ac 4,750","images":{"base_url":"http:\/\/i0.carsie.ie\/","image_list":[{"thumb":"ZGFiMzJmYTE0Mjg4M2EzZTQ3YjZiNzBmOTMxY2ZhMDf-zPhHZOuEl3VwEJFP5ieQODY2NzQ3LTcwNTI0MjYuanBnfHx8fHx8OTJ4Njl8fHx8fA==.jpg","main":"MmQ4ZmU0MjA3NGUyNmNjODhjNWIzNmJlZjljMWU3M2RhEyevA8OKvh1GHbvG6pZkODY2NzQ3LTcwNTI0MjYuanBnfHx8fHx8fHx8fHw0MDB4MzAw.jpg","large":"NjgzZTRhM2RiNzgxZWIxNmQ5MWM4OWYxMjJmNDFlZTLHtPg0zfXKTvVKomtqSeFRODY2NzQ3LTcwNTI0MjYuanBnfHx8fHx8fHx8fHw2NDB4NDgw.jpg"}]}},{"ad_id":"897934","reg_year":"2006","make":"Citroen","model":"Xsara Picasso","variant":"1.6I SX","mileage":"65382","engine_size":"1.6","fuel_type":"Petrol","body_type":"Estate","colour":"000000","location":"Longford","price":"\u20ac 4,750","images":{"base_url":"http:\/\/i0.carsie.ie\/","image_list":[{"thumb":"NDBjN2E1Zjg3ZTQwZjAxYTMyZWFhZDMwM2M0M2NhMzgHVWcu4Ubo3Wm2xWWyicabODk3OTM0LTczNTk1NjguanBnfHx8fHx8OTJ4Njl8fHx8fA==.jpg","main":"MjZkNmJkZTdjZWE4MzQ2MGIyMjJlNTQzN2Q5M2IwNTm5HoTpmqzJS2DEVtL6VvCIODk3OTM0LTczNTk1NjguanBnfHx8fHx8fHx8fHw0MDB4MzAw.jpg","large":"NTdkMDBjNzFjY2M0NWY5NDlmZTZhYjA5MzQyYWY4ZmaMmTLiyg495BM0V2BFm7phODk3OTM0LTczNTk1NjguanBnfHx8fHx8fHx8fHw2NDB4NDgw.jpg"}]}},{"ad_id":"889251","reg_year":"2005","make":"Daihatsu","model":"Terios","variant":"II 2WD","mileage":"79000","engine_size":"1.3","fuel_type":"Petrol","body_type":"Estate","colour":"000000","location":"Cork","price":"\u20ac 4,750","images":{"base_url":"http:\/\/i0.carsie.ie\/","image_list":[{"thumb":"MmY2ODcyNDkwZjk1MDhlMmUwNjYyY2JhYTZmMmI4YjUn7kVp5Rozl207buRyEFSOODg5MjUxLTcyNDE5MjIuanBnfHx8fHx8OTJ4Njl8fHx8fA==.jpg","main":"OGRjZTkwMzEyMjMzZDY2YzVmNDNmY2NmODViODJkMjloYlskVhY9X9j-_RTHsL7WODg5MjUxLTcyNDE5MjIuanBnfHx8fHx8fHx8fHw0MDB4MzAw.jpg","large":"NDkyOTRjNTVlNTFlNjNlYzA3NDk4ZWY2MGQ0ZmRmYjnJbILcnmt2rJg9CnX_Vtc9ODg5MjUxLTcyNDE5MjIuanBnfHx8fHx8fHx8fHw2NDB4NDgw.jpg"}]}},{"ad_id":"748096","reg_year":"2004","make":"Fiat","model":"Multipla","variant":"1.6 Dynamic","mileage":"78000","engine_size":"1.6","fuel_type":"Petrol","body_type":"People Carrier","colour":"e0e0e0","location":"Cork","price":"\u20ac 4,750","images":{"base_url":"http:\/\/i0.carsie.ie\/","image_list":[{"thumb":"MThkYjY1OGVjZjdmYjZhNzY5MjNkNjIyOGI3NDg4MWFudNJj9_Vz1JP5O4HmObakNzQ4MDk2LTY3OTEwMjIuanBnfHx8fHx8OTJ4Njl8fHx8fA==.jpg","main":"ZjY4M2M3OWFmOGIwMDE2ZjQzNmU1NzZlNjcxZWMyY2GvhG2Ot0P9LzZpqOIaT8iPNzQ4MDk2LTY3OTEwMjIuanBnfHx8fHx8fHx8fHw0MDB4MzAw.jpg","large":"YWQ5M2YxYjc4ZDBjOGY3MWQwMjA2N2Y5MTZkNDMxZDitF1VVHxrOB_CokpPJsSOpNzQ4MDk2LTY3OTEwMjIuanBnfHx8fHx8fHx8fHw2NDB4NDgw.jpg"}]}},{"ad_id":"897038","reg_year":"2006","make":"Fiat","model":"Scudo","variant":null,"mileage":"105436","engine_size":"2.0","fuel_type":"Diesel","body_type":null,"colour":"ffffff","location":"Galway","price":"\u20ac 4,750","images":{"base_url":"http:\/\/i0.carsie.ie\/","image_list":[{"thumb":"ODQxYTQ4NmY2MmMwZWY0ODdhZWQ1M2RkNjU5OWEwODU6Wyo0kADr7xFTVEOBNrxEODk3MDM4LTc0MTE4NjkuanBnfHx8fHx8OTJ4Njl8fHx8fA==.jpg","main":"MjU0NmViZGM1M2QyY2Y4NDA0MDUwNTY5ZTdhOGU3NziFxpHKurL-w165fqVTajahODk3MDM4LTc0MTE4NjkuanBnfHx8fHx8fHx8fHw0MDB4MzAw.jpg","large":"NDliMDkyYzAwZGYzNTVlZDhkYWJhZWIwNTI1YmVmMmN7W2qBZ4gr9sLqLsSsW3pdODk3MDM4LTc0MTE4NjkuanBnfHx8fHx8fHx8fHw2NDB4NDgw.jpg"}]}},{"ad_id":"873354","reg_year":"2003","make":"Ford","model":"Fiesta","variant":"Finesse TDCI","mileage":"81000","engine_size":"1.4","fuel_type":"Diesel","body_type":"Hatchback","colour":"ff0000","location":"Cork","price":"\u20ac 4,750","images":{"base_url":"http:\/\/i0.carsie.ie\/","image_list":[{"thumb":"MTdhMjk4YTVmNGU3ZWM5YWIzYzc4NDU5MjBjMTkxODbUosGvqu-otgIENhb_W3y9ODczMzU0LTcwNzExMzAuanBnfHx8fHx8OTJ4Njl8fHx8fA==.jpg","main":"ODRlZWNlZTYyZTNmM2QwNGJlYTI2MWQ3ZDNjY2NlOTk3ZMskEJgP0LZQ_isMEwxOODczMzU0LTcwNzExMzAuanBnfHx8fHx8fHx8fHw0MDB4MzAw.jpg","large":"MDhiNjU0ODk1NDI1NDllY2JjMzg4M2VkYzIxYjhhYjQyysNALC1VF2Roeoyh5GblODczMzU0LTcwNzExMzAuanBnfHx8fHx8fHx8fHw2NDB4NDgw.jpg"}]}}]}