{"total":"23408","result":[{"ad_id":"899146","reg_year":"2005","make":"Ford","model":"Focus","variant":"NT Zetec 1.4 5DR","mileage":"23000","engine_size":"1.4","fuel_type":"Petrol","body_type":"Hatchback","colour":"e0e0e0","location":"Tipperary","price":"\u20ac 5,995","images":{"base_url":"http:\/\/i0.carsie.ie\/","image_list":[{"thumb":"YmM4MmY5YmZjYjIzMzAxN2ZlMzVhNGM1YjcyYWU2YjimOF_Nlo57OKwGUIP9ZC7_ODk5MTQ2LTczNzUxMTYuanBnfHx8fHx8OTJ4Njl8fHx8fA==.jpg","main":"N2EyOWUyMGJjMDRiNzRmNzI5OTJjNTJkOWYwNzY0ZDmD0SN-S1M-CdQ6T3Ugl3b1ODk5MTQ2LTczNzUxMTYuanBnfHx8fHx8fHx8fHw0MDB4MzAw.jpg","large":"M2UzMDM3MjYxMjZiNmJlYzA1MzY4ZjI3NWFjNzY2MTmvNhHhlvPKn_LsqEAu1bmWODk5MTQ2LTczNzUxMTYuanBnfHx8fHx8fHx8fHw2NDB4NDgw.jpg"}]}},{"ad_id":"837529","reg_year":"2008","make":"Ford","model":"Fusion","variant":"Steel 2 1.4","mileage":"78916","engine_size":"1.4","fuel_type":"Petrol","body_type":"Hatchback","colour":"000000","location":"Dublin","price":"\u20ac 5,995","images":{"base_url":"http:\/\/i0.carsie.ie\/","image_list":[{"thumb":"NjRkNTVlZjIxZDJlODUxOGNiMTE1NmYyYWYwNzI0YzkAcaHktSp1TvVu3Qepb2LYODM3NTI5LTY2NTk5OTYuanBnfHx8fHx8OTJ4Njl8fHx8fA==.jpg","main":"YzUxZTM2NTFiM2M3NDI1YWQwYzZiMmM1NjJkMzgzYmYHyWY7XZ-m8I4Ig5qcxt93ODM3NTI5LTY2NTk5OTYuanBnfHx8fHx8fHx8fHw0MDB4MzAw.jpg","large":"MzA1NDExNGE4OTE4OGFlYmI4NWE0ZjA1ZDkxYjBiNDIRf5Fe_vkinYPp7zO4lzKoODM3NTI5LTY2NTk5OTYuanBnfHx8fHx8fHx8fHw2NDB4NDgw.jpg"}]}},{"ad_id":"836391","reg_year":"2006","make":"Ford","model":"Mondeo","variant":"Platinum Diesel","mileage":"69593","engine_size":"2.0","fuel_type":"Diesel","body_type":"Hatchback","colour":"000000","location":"Donegal","price":"\u20ac 5,995","images":{"base_url":"http:\/\/i0.carsie.ie\/","image_list":[{"thumb":"NDA4YmY5YzZkNjQ0NjI2OWQ2M2VlNTdkYjAyMDliMWGWEjXizKLdqsZ8k6R04HSDODM2MzkxLTY2NDY4NjAuanBnfHx8fHx8OTJ4Njl8fHx8fA==.jpg","main":"ZDM4NDU5YjM4MTc2ZTU1NzMzODQyNmI2OWNlZTcwNGUGhKdpaVbgdH0vU7a6xvwgODM2MzkxLTY2NDY4NjAuanBnfHx8fHx8fHx8fHw0MDB4MzAw.jpg","large":"NTYxNGZiMTZlMzhhYWE2ZDZjOTdkNmRmNmIwNTVmMzkqmLk9tYSAl-0ZznDCVyrnODM2MzkxLTY2NDY4NjAuanBnfHx8fHx8fHx8fHw2NDB4NDgw.jpg"}]}},{"ad_id":"878133","reg_year":"2007","make":"Ford","model":"Mondeo","variant":"2.0 TDCI Turbo Diesel \/ Immaculate Car \/ Full Service History \/ New 2 Year NCT \/ Fully Serviced \/ Warranty Included. www. N3autolink. ie","mileage":"115000","engine_size":"2.0","fuel_type":"Diesel","body_type":"Hatchback","colour":"858585","location":"Dublin","price":"\u20ac 5,995","images":{"base_url":"http:\/\/i0.carsie.ie\/","image_list":[{"thumb":"ZjIyZjFjNjNiM2Y1ZjU0YTIwODZlOGZlMjQyMTFmMjiHEsIVCD6JrDBGL8dhf--fODc4MTMzLTcxMTQzNDMuanBnfHx8fHx8OTJ4Njl8fHx8fA==.jpg","main":"ZGY3ZDk2MTIyYTE3MDMxZTVmZGY3MjVhNjY4MTAxN2JFprDt0HMoXIe_WLYNLL8RODc4MTMzLTcxMTQzNDMuanBnfHx8fHx8fHx8fHw0MDB4MzAw.jpg","large":"YzlhZjM0NjkxZGE5ZjQ3Y2JhOTBlNDU3YTQ5YjA4YzA5W7BhO1EFHWkUeHOdxfL-ODc4MTMzLTcxMTQzNDMuanBnfHx8fHx8fHx8fHw2NDB4NDgw.jpg"}]}},{"ad_id":"896299","reg_year":"2007","make":"Ford","model":"Transit","variant":"Connect NT T200","mileage":"85751","engine_size":"1.8","fuel_type":"Diesel","body_type":"Van","colour":"ffffff","location":"Meath","price":"\u20ac 5,995","images":{"base_url":"http:\/\/i0.carsie.ie\/","image_list":[{"thumb":"N2I5MDQwNWIwNmEwM2MxY2QwYTE2NzEyOGFjZmU4ODGXrowaRT1iNXgf5CI8ZhjLODk2Mjk5LTczMzE4MDMuanBnfHx8fHx8OTJ4Njl8fHx8fA==.jpg","main":"ZDhhOGE0ODA1ZmQxZTRkZWRjMjMzNTk3Y2QxMDczMGXR7ym9A4QRNWvs1-qREyvsODk2Mjk5LTczMzE4MDMuanBnfHx8fHx8fHx8fHw0MDB4MzAw.jpg","large":"ZTFhOGY5NTgwYTkyZTI5OThiYTc1MDhkODhhMzBmOGEeRvUYHaJS8_5x_zxqqtRMODk2Mjk5LTczMzE4MDMuanBnfHx8fHx8fHx8fHw2NDB4NDgw.jpg"}]}},{"ad_id":"899349","reg_year":"2007","make":"Hyundai","model":"Accent","variant":"DE Luxe 4DR","mileage":"77673","engine_size":"1.4","fuel_type":"Petrol","body_type":"Saloon","colour":"f0b800","location":"Tipperary","price":"\u20ac 5,995","images":{"base_url":"http:\/\/i0.carsie.ie\/","image_list":[{"thumb":"MGJiYzc2ZjdmOWY3NmUxMmIzYWQ4MGViMWZhYjJhMGUWc49i-DbHHpuLCkLqJ1gYODk5MzQ5LTczNzY2NTEuanBnfHx8fHx8OTJ4Njl8fHx8fA==.jpg","main":"ZjQyMTQxMDQ2ODIyZDFmMmQxMTlkNjUyNjMyMDcyMjU2cFRSUcO-137FzhZrXv7qODk5MzQ5LTczNzY2NTEuanBnfHx8fHx8fHx8fHw0MDB4MzAw.jpg","large":"OWYxMGFjNTYxN2M5NzE4YzkzYmU0ZDExZGI5OGQ4OWKrdXG48aBfptK5MoZ2FlSFODk5MzQ5LTczNzY2NTEuanBnfHx8fHx8fHx8fHw2NDB4NDgw.jpg"}]}},{"ad_id":"888299","reg_year":"2006","make":"Hyundai","model":"Santa Fe","variant":"GLS 2WD 4DR. NCT 04\/14. TAXED 07\/13","mileage":"68602","engine_size":"2.0","fuel_type":"Petrol","body_type":"SUV","colour":"0000c0","location":"Dublin","price":"\u20ac 5,995","images":{"base_url":"http:\/\/i0.carsie.ie\/","image_list":[{"thumb":"YWZkNmY1NjVmZjVjYTI4NzJlN2VlNjEwYTQ1ODY1ZDnKOUTdeYpnG4GpjSsPvRUrODg4Mjk5LTcyMzM5MjMuanBnfHx8fHx8OTJ4Njl8fHx8fA==.jpg","main":"MmVkNTRkNjliYmFiZDcwNzBmMzU1OGQwMjk4ZDkzY2FAcrzh8T2aMiYnlfuL9ag3ODg4Mjk5LTcyMzM5MjMuanBnfHx8fHx8fHx8fHw0MDB4MzAw.jpg","large":"NTkxZDk3OWFlNjFlN2M5N2I0ZTRmMjNiZDQwOTFkMWI-jnASjmRJV7xaj2MH9fLTODg4Mjk5LTcyMzM5MjMuanBnfHx8fHx8fHx8fHw2NDB4NDgw.jpg"}]}},{"ad_id":"879731","reg_year":"2006","make":"Hyundai","model":"Trajet","variant":"MPV DIESEL 7 SEATER","mileage":"109985","engine_size":"2.0","fuel_type":"Diesel","body_type":"People Carrier","colour":"ff0000","location":"Galway","price":"\u20ac 5,995","images":{"base_url":"http:\/\/i0.carsie.ie\/","image_list":[{"thumb":"Y2FiZTdjZGQ2MDE0NmQ3MTI4ZmFjOTQxZTI4OWZiYTUdJE-_iMWR-xiAi57lNCRTODc5NzMxLTcyMjc5OTcuanBnfHx8fHx8OTJ4Njl8fHx8fA==.jpg","main":"NDI0OTgyNGVkODFjMGFlOWNhNTI1MDJmMWUyODdkZTZvyddxpnRlU0p9T2FS6nH2ODc5NzMxLTcyMjc5OTcuanBnfHx8fHx8fHx8fHw0MDB4MzAw.jpg","large":"OWQ5ZWJhOWRhMDA4ZmU1ZDdkNThjYWMwNjMxZWZlY2Tj_lgO6futSmfC4fFnegzuODc5NzMxLTcyMjc5OTcuanBnfHx8fHx8fHx8fHw2NDB4NDgw.jpg"}]}},{"ad_id":"901686","reg_year":"2005","make":"Jaguar","model":"X-Type","variant":"2.0D LUXURY. NCT 05\/2015","mileage":"123000","engine_size":"2.0","fuel_type":"Diesel","body_type":"Saloon","colour":"0000c0","location":"Dublin","price":"\u20ac 5,995","images":{"base_url":"http:\/\/i0.carsie.ie\/","image_list":[{"thumb":"Y2QzNDU4MmIyMTMwNWExMDdlMzU0YzhjNzcxNTMzMDjlW1Nc42LdVAy-eQ0YzIyTOTAxNjg2LTc0MjM1MjUuanBnfHx8fHx8OTJ4Njl8fHx8fA==.jpg","main":"ZGY1MzJiNzY4NDNmMDhiNjM0YjliYTY2YzI5MDZkMWV3Zmxbbg9SSx2KJ_WQT14-OTAxNjg2LTc0MjM1MjUuanBnfHx8fHx8fHx8fHw0MDB4MzAw.jpg","large":"YzRmMWRmMWM1ZWM4ZmI0MjZmZThkYTdlNTE2YjE4MGbyTlvRweaScxcmfMnH3VC2OTAxNjg2LTc0MjM1MjUuanBnfHx8fHx8fHx8fHw2NDB4NDgw.jpg"}]}},{"ad_id":"845066","reg_year":"2005","make":"Kia","model":"Sorento","variant":"2.5 CSE MT 5DR","mileage":"65000","engine_size":"2.5","fuel_type":"Diesel","body_type":"Estate","colour":"000000","location":"Dublin","price":"\u20ac 5,995","images":{"base_url":"http:\/\/i0.carsie.ie\/","image_list":[{"thumb":"YTY5MjQ0ZjU0Mzk4ZmFlNTRmOTVhOWE4MDE5MjIyZjUOWLSn3KU_D65Qhr1SM9IPODQ1MDY2LTY3ODA1MDQuanBnfHx8fHx8OTJ4Njl8fHx8fA==.jpg","main":"N2U3ZjQ5NWY4MDBhNzY5ZGE3ODZhMTkyMGM2ZGM0ZjCy_e3Bpp2WZ_VbSoB9_sS8ODQ1MDY2LTY3ODA1MDQuanBnfHx8fHx8fHx8fHw0MDB4MzAw.jpg","large":"NTIxNmE5M2RkODA2OTU5MTNiZmU5MDIzMmZmYTAzNTBjzgXllWxGID43Hq9aJwFOODQ1MDY2LTY3ODA1MDQuanBnfHx8fHx8fHx8fHw2NDB4NDgw.jpg"}]}},{"ad_id":"810262","reg_year":"2005","make":"Land Rover","model":"Freelander","variant":"2.0E 3DR","mileage":"106878","engine_size":"2.0","fuel_type":"Diesel","body_type":"Estate","colour":"0000c0","location":"Dublin","price":"\u20ac 5,995","images":{"base_url":"http:\/\/i0.carsie.ie\/","image_list":[{"thumb":"Y2ZiMjA0MjNlNzc3MWJkMWZlYmExZWM4ZWJhNWU3MTGA084l398x2ofaNTSAdOW6ODEwMjYyLTYzMzAwMDMuanBnfHx8fHx8OTJ4Njl8fHx8fA==.jpg","main":"NTNhMzJlNDc4MjQ2MzU2Y2JiYzBhNDY2OTc1YjA1MzZZrLnaSZZoh4m-6yd5lgUsODEwMjYyLTYzMzAwMDMuanBnfHx8fHx8fHx8fHw0MDB4MzAw.jpg","large":"OTZmYzNkYmIwYmQ4YTg5NzRkZDNkMDk0Y2RjMWE1YTMpTEpwZK9ANGLRqApsmWDJODEwMjYyLTYzMzAwMDMuanBnfHx8fHx8fHx8fHw2NDB4NDgw.jpg"}]}},{"ad_id":"891826","reg_year":"2006","make":"Mazda","model":"Mazda3","variant":"1.6 Comfort 4DR","mileage":"70000","engine_size":"1.6","fuel_type":"Petrol","body_type":"Saloon","colour":"000000","location":"Kildare","price":"\u20ac 5,995","images":{"base_url":"http:\/\/i0.carsie.ie\/","image_list":[{"thumb":"Y2IwOTk4MGUyN2I3M2RiNzQwMzdjY2YwMDBlOTJhOTlEuNXgCEWjti7i3TOP00j_ODkxODI2LTcyNjc1NDUuanBnfHx8fHx8OTJ4Njl8fHx8fA==.jpg","main":"N2U5Yzk4M2JmZjQ0MGIyNzk0NzNlZWMzNmQxNzczZjijSEkKud7iALAri2O7klk9ODkxODI2LTcyNjc1NDUuanBnfHx8fHx8fHx8fHw0MDB4MzAw.jpg","large":"ZjI0NzhjZTEzOGQzNDUyZDRhZWExOTI3ZWU3ZjRiNjiImeNERXuKI9BCo30lXZKlODkxODI2LTcyNjc1NDUuanBnfHx8fHx8fHx8fHw2NDB4NDgw.jpg"}]}},{"ad_id":"898555","reg_year":"2001","make":"Mercedes-Benz","model":"CL 500","variant":"Coupe Auto. NCT 02\/14","mileage":"112180","engine_size":"5.0","fuel_type":"Petrol","body_type":"Coupe","colour":"000000","location":"Dublin","price":"\u20ac 5,995","images":{"base_url":"http:\/\/i0.carsie.ie\/","image_list":[{"thumb":"NGQ1ZDEwOTAzMDUzMTg3YTVmYmNlYjljMmY4NDMwODBRWbtpZNCpKC-8LzsjPRJOODk4NTU1LTczNzg5NzMuanBnfHx8fHx8OTJ4Njl8fHx8fA==.jpg","main":"MzIyYzY4MjEwY2I2MWI5MjVmMzg0NzA2ODVmMDNmYTSVJaJGKefvyaJZvFT9gcx1ODk4NTU1LTczNzg5NzMuanBnfHx8fHx8fHx8fHw0MDB4MzAw.jpg","large":"YTNmYjQ4NDY1MDUwYjdiNWFlMTg4MTcwZmIwMTRlMTkIzYjt8cOXuxWkZs7eborfODk4NTU1LTczNzg5NzMuanBnfHx8fHx8fHx8fHw2NDB4NDgw.jpg"}]}},{"ad_id":"899785","reg_year":"2001","make":"Mercedes-Benz","model":"CLK 200","variant":"ML","mileage":"78000","engine_size":"2.0","fuel_type":"Petrol","body_type":"Cabriolet \/ Convertible","colour":"0000c0","location":"Meath","price":"\u20ac 5,995","images":{"base_url":"http:\/\/i0.carsie.ie\/","image_list":[{"thumb":"Njg3YWQ1NmNhYThhMzU4MTQwM2Q3MzYwOWNhMGZkMmLCj5d-lok53q0vW6jWEaZWODk5Nzg1LTczODE4NDMuanBnfHx8fHx8OTJ4Njl8fHx8fA==.jpg","main":"YWE5NDViNWJiNmY5ZjU5ZDA0NzdiOWIyZGExYTc3MWXXgNFkgnf9_JYyjl7b2cxIODk5Nzg1LTczODE4NDMuanBnfHx8fHx8fHx8fHw0MDB4MzAw.jpg","large":"MmExYzIzZWQ2MDNkODk0MzQwNzU5M2E1Y2MwZWExOWRYQxi0_QN4VtxO4OuO7dxSODk5Nzg1LTczODE4NDMuanBnfHx8fHx8fHx8fHw2NDB4NDgw.jpg"}]}},{"ad_id":"868466","reg_year":"1988","make":"Mercedes-Benz","model":"G Class","variant":"GE230","mileage":"65000","engine_size":"2.3","fuel_type":"Petrol","body_type":"Estate","colour":"ff0000","location":"Meath","price":"\u20ac 5,995","images":{"base_url":"http:\/\/i0.carsie.ie\/","image_list":[{"thumb":"MmRkYjEzOTljNTg1NmM2ZjcwNjU3NGNiZjUwY2E4YjSDCh-1P9cKnONrJcUj7JlBODY4NDY2LTcwMDM0ODMuanBnfHx8fHx8OTJ4Njl8fHx8fA==.jpg","main":"ZjdjNDNiMGY5ZjVjYmVmYmRlN2YwZDk3OGE0YmY0Zjhqpljc_ikstjUEG0MSCDb3ODY4NDY2LTcwMDM0ODMuanBnfHx8fHx8fHx8fHw0MDB4MzAw.jpg","large":"ZmMxNzlhNzFhZDlmYmE5MTYzYTBkYzI2YTEzMTY5Nzi8yvU8Sp_x6GHyp37C23guODY4NDY2LTcwMDM0ODMuanBnfHx8fHx8fHx8fHw2NDB4NDgw.jpg"}]}},{"ad_id":"719444","reg_year":"2001","make":"Mitsubishi","model":"Pajero","variant":"Sport 2.5 L. W. B.","mileage":"80000","engine_size":"2.5","fuel_type":"Diesel","body_type":"Other","colour":"0000c0","location":"Cork","price":"\u20ac 5,995","images":{"base_url":"http:\/\/i0.carsie.ie\/","image_list":[{"thumb":"NjBiNzY4ODBkN2FlY2MwNWM5NmZjYWEwMTVhODQ3ZjEav4jOktTQVSeLwbKDmkK2NzE5NDQ0LTUxNjI3MTEuanBnfHx8fHx8OTJ4Njl8fHx8fA==.jpg","main":"MmFlNzE0OGExZjkwNGIyNDcwZGMyMjkyNTI0MGJhYTNktAr-VqQv_w843_4vUoB8NzE5NDQ0LTUxNjI3MTEuanBnfHx8fHx8fHx8fHw0MDB4MzAw.jpg","large":"M2QwMmQ1OWM0MjMzZmJkM2UzOTdhNGExMTc5OTJkOTV7zkJM0JkCHWJ5jU4GzTlcNzE5NDQ0LTUxNjI3MTEuanBnfHx8fHx8fHx8fHw2NDB4NDgw.jpg"}]}},{"ad_id":"764272","reg_year":"2005","make":"Mitsubishi","model":"Pajero","variant":"Sport","mileage":"91638","engine_size":"2.5","fuel_type":"Diesel","body_type":"SUV","colour":"e0e0e0","location":"Kildare","price":"\u20ac 5,995","images":{"base_url":"http:\/\/i0.carsie.ie\/","image_list":[{"thumb":"OGI1NGI1MjEyY2Y0NmVkODhjZjVhYzY5ZDBjNzQwNzWZ0n51aytqJcK25z9-IUFvNzY0MjcyLTU3NDcyNTUuanBnfHx8fHx8OTJ4Njl8fHx8fA==.jpg","main":"NGIyNTM0ZWM2NTIzOTMwNDQyYWJiOWFiYzZiYzQ2ZWbyo4dGispDmTiRyMlh-vjeNzY0MjcyLTU3NDcyNTUuanBnfHx8fHx8fHx8fHw0MDB4MzAw.jpg","large":"OWE3OWNiMzBiODcyMWE4NmI2ZGJhYjk1ZDBjMTBhMzDvBHrv6Xedd0yRs30pWrN1NzY0MjcyLTU3NDcyNTUuanBnfHx8fHx8fHx8fHw2NDB4NDgw.jpg"}]}},{"ad_id":"889463","reg_year":"2007","make":"Nissan","model":"Almera","variant":"1.5 4DR SXE (Call Raheny now 087 2211218)","mileage":"42500","engine_size":"1.5","fuel_type":"Petrol","body_type":"Saloon","colour":"858585","location":"Dublin","price":"\u20ac 5,995","images":{"base_url":"http:\/\/i0.carsie.ie\/","image_list":[{"thumb":"M2NiZTkwYjY5ZWNkMTEwNjY2YzE4MzhmY2E5MzVjODQNZW3oucHtV20Mqghw8vEkODg5NDYzLTcyNDI5NTUuanBnfHx8fHx8OTJ4Njl8fHx8fA==.jpg","main":"YTkzYmIxNzRkYjZjZjVjOTljYzEwZjRhMDgwMDhhOTBMjZ38QAKALWJsV6TYsI5tODg5NDYzLTcyNDI5NTUuanBnfHx8fHx8fHx8fHw0MDB4MzAw.jpg","large":"ZjlmOWIxM2E4NmVjZDdkMzQ2NGE4OTczMTliOGI2ZTXB5CeVWflJBtjEuvkz8UFfODg5NDYzLTcyNDI5NTUuanBnfHx8fHx8fHx8fHw2NDB4NDgw.jpg"}]}},{"ad_id":"866347","reg_year":"2006","make":"Nissan","model":"Almera","variant":"1.5 4DR SXE","mileage":"77242","engine_size":"1.5","fuel_type":"Petrol","body_type":"Saloon","colour":"0000c0","location":"Wexford","price":"\u20ac 5,995","images":{"base_url":"http:\/\/i0.carsie.ie\/","image_list":[{"thumb":"ODNkNmJkMWZmZmQzMDAyZGVkZjdlYWVlNjliOGUyNzjqRo-i3qP4-KI6rvVN6dhcODY2MzQ3LTY5ODM3NjkuanBnfHx8fHx8OTJ4Njl8fHx8fA==.jpg","main":"YjQ5ZTEyNjc0ZjBhZDQ1NmYyZWZkMzYzNjZiYWE0NTK9T_HuTg3xsKvJaNGihBdhODY2MzQ3LTY5ODM3NjkuanBnfHx8fHx8fHx8fHw0MDB4MzAw.jpg","large":"ZmEzNjUxYzUwODY2MGRlODFlOGZiZTM5YTBmOGRjOTBDwA7BwVrM6bSCxbV4aRiAODY2MzQ3LTY5ODM3NjkuanBnfHx8fHx8fHx8fHw2NDB4NDgw.jpg"}]}},{"ad_id":"881181","reg_year":"2007","make":"Nissan","model":"Almera","variant":"almera 1.5 sxe","mileage":"71458","engine_size":"1.5","fuel_type":"Petrol","body_type":"Saloon","colour":"994d00","location":"Wexford","price":"\u20ac 5,995","images":{"base_url":"http:\/\/i0.carsie.ie\/","image_list":[{"thumb":"YzA3ZTk1ZWMyOGU4M2E4OGUyNWM5Nzc3YWE0ZmNjYTcdrxxx93b9L_n315LjLsVOODgxMTgxLTcxOTQyNTkuanBnfHx8fHx8OTJ4Njl8fHx8fA==.jpg","main":"NzRiMzQzNWJiOWVkODFkNzU2ZjJiZGE0MjNiZGRkNTH7NadDit3Xnthrsbzc5qYbODgxMTgxLTcxOTQyNTkuanBnfHx8fHx8fHx8fHw0MDB4MzAw.jpg","large":"NmQ1NjI4MjU0N2JhNjQzM2JlYzQ4NWZkMTFlYTIxNTfhTpYagLyyClsiaD_YzbU7ODgxMTgxLTcxOTQyNTkuanBnfHx8fHx8fHx8fHw2NDB4NDgw.jpg"}]}}]}