{"total":"23408","result":[{"ad_id":"870403","reg_year":"2006","make":"Saab","model":"9-3","variant":"1.9 TID Vector 120BHP 04DR","mileage":"99000","engine_size":"1.9","fuel_type":"Diesel","body_type":"Saloon","colour":"0000c0","location":"Wexford","price":"\u20ac 6,750","images":{"base_url":"http:\/\/i0.carsie.ie\/","image_list":[{"thumb":"YzNkNTRmNWVlZmM5Yjg5YTNjNTAwZTk4NDgzZmM2NDmmBhj7Ec-v00ejo2-AHVUzODcwNDAzLTcwMjQ4MTIuanBnfHx8fHx8OTJ4Njl8fHx8fA==.jpg","main":"NjMyNzNjYTVjMTc1OWUwZDNiOTk4NWVhOTYyOTFlOGOsB4sQ66W1uc3b50LTIV2UODcwNDAzLTcwMjQ4MTIuanBnfHx8fHx8fHx8fHw0MDB4MzAw.jpg","large":"MTlmNjg5N2MzZDg1OGU0Njc3NjMzZjU1ODgzNDU1ZTlJBjzEB7g1yuRm_rhL7o_fODcwNDAzLTcwMjQ4MTIuanBnfHx8fHx8fHx8fHw2NDB4NDgw.jpg"}]}},{"ad_id":"878957","reg_year":"2008","make":"Seat","model":"Cordoba","variant":"Cordoba 1.2 COSTA *FULL MAIN DEALER SERVICE HISTORY* *MAIN DEALER PARTS AND LABOUR WARRANTY* *ROCHFORD MOTORS, BUY WITH CONFIDENCE*","mileage":"47225","engine_size":"1.2","fuel_type":"Petrol","body_type":"Saloon","colour":"e0e0e0","location":"Mayo","price":"\u20ac 6,750","images":{"base_url":"http:\/\/i0.carsie.ie\/","image_list":[{"thumb":"OTA4M2I3ZTFjYzEwMzQxOWM3YmZkYjkxOWI2YWQ0OTls4ieDkfGk_qzt8rg8taMCODc4OTU3LTczNzM0ODQuanBnfHx8fHx8OTJ4Njl8fHx8fA==.jpg","main":"NzJhNTg0OGUxZmFkNDY0MzNiNmE0ZmU3MmI4MTEzOGMOSEkLRxjl5g1E5XgIjEE9ODc4OTU3LTczNzM0ODQuanBnfHx8fHx8fHx8fHw0MDB4MzAw.jpg","large":"YjYxNjUwNmFiZTcwN2FkZjljYjQ0OTkwYmY5ZmE2Njb77XUaSTvX8p9XZ-V0u86yODc4OTU3LTczNzM0ODQuanBnfHx8fHx8fHx8fHw2NDB4NDgw.jpg"}]}},{"ad_id":"882763","reg_year":"2008","make":"Seat","model":"Ibiza","variant":"1.2 Costaplus 5DR","mileage":"50301","engine_size":"1.2","fuel_type":"Petrol","body_type":"Hatchback","colour":"ff0000","location":"Tipperary","price":"\u20ac 6,750","images":{"base_url":"http:\/\/i0.carsie.ie\/","image_list":[{"thumb":"MWQ1MDAzNjBhNzE2NzBhMmE5MjgyMDkzYzdhNmNhMjL_81DPPXAsjq2TQ86liFDRODgyNzYzLTcxNzAwNjUuanBnfHx8fHx8OTJ4Njl8fHx8fA==.jpg","main":"ZThiNzA5Y2MwMGFkNjVlMDQ1ZWYwNTA5YzZhNDYyYzEfFlTWxiIb2E8HmdSL5wAtODgyNzYzLTcxNzAwNjUuanBnfHx8fHx8fHx8fHw0MDB4MzAw.jpg","large":"MDc4MzMyOTNkNjk0MDQ4MjM5NWFkOTA4YTBhMmM3ZjQjIThyGWxQIQhFASz-HR1jODgyNzYzLTcxNzAwNjUuanBnfHx8fHx8fHx8fHw2NDB4NDgw.jpg"}]}},{"ad_id":"890075","reg_year":"2006","make":"Seat","model":"Leon","variant":"1.6S","mileage":"63000","engine_size":"1.6","fuel_type":"Petrol","body_type":"Hatchback","colour":"000000","location":"Dublin","price":"\u20ac 6,750","images":{"base_url":"http:\/\/i0.carsie.ie\/","image_list":[{"thumb":"YWZjNjFhNmExYmRlODY1ZTRiYzVjMjE2MjZhNmI2ODZ4kuSjWYalmoD5FJIBFh4gODkwMDc1LTcyNjE3NTAuanBnfHx8fHx8OTJ4Njl8fHx8fA==.jpg","main":"Mjg3MjMwODY2YTlmYjNiZTRhYTc4YTIyNmYxODAwMzcrvvF2LLWKEww768FifcfmODkwMDc1LTcyNjE3NTAuanBnfHx8fHx8fHx8fHw0MDB4MzAw.jpg","large":"MDVhNzQ3NTJlNDUzNjkxYzljNDYzYTA2MWMyNWM1ZDfrcr_JqVD8EgcmMfJTHzkAODkwMDc1LTcyNjE3NTAuanBnfHx8fHx8fHx8fHw2NDB4NDgw.jpg"}]}},{"ad_id":"848477","reg_year":"2006","make":"Ssangyong","model":"Rexton","variant":"RX270 Comm","mileage":"85000","engine_size":"2.7","fuel_type":"Diesel","body_type":"SUV","colour":"000000","location":"Dublin","price":"\u20ac 6,750","images":{"base_url":"http:\/\/i0.carsie.ie\/","image_list":[{"thumb":"YjEzOWI0OTQyOTJlNmRkZjI3Mjg3Zjc0NGQ4NTI5Zjgz6KPkX4P8f7fZVz9fZNonODQ4NDc3LTY3ODQ3NDIuanBnfHx8fHx8OTJ4Njl8fHx8fA==.jpg","main":"NGM2Mzk1MDc5MDFlMzAyNzdiOGU0ZTZkYjRhNGMxOTBLqGbnaIDAyzYQN6ZxNXGYODQ4NDc3LTY3ODQ3NDIuanBnfHx8fHx8fHx8fHw0MDB4MzAw.jpg","large":"OWU1YWYwOTBiOGU1YTkyNmM4YTBiMjIxYzJiYmFmOTIodJ5SwaT97vIQppI0ecncODQ4NDc3LTY3ODQ3NDIuanBnfHx8fHx8fHx8fHw2NDB4NDgw.jpg"}]}},{"ad_id":"887454","reg_year":"2007","make":"Ssangyong","model":"Rexton","variant":"RX270 LEATHER NEW NCT","mileage":"81988","engine_size":"2.7","fuel_type":"Diesel","body_type":"Estate","colour":"e0e0e0","location":"Dublin","price":"\u20ac 6,750","images":{"base_url":"http:\/\/i0.carsie.ie\/","image_list":[{"thumb":"YzgwNWIxODYwYmJhNDE1ZDZiZTZiZDBkYzQyMDQ0MWMxYf1DFd6g4kFEc3767EIdODg3NDU0LTcyMjUzODEuanBnfHx8fHx8OTJ4Njl8fHx8fA==.jpg","main":"NmZjNjY0MDdiOWE0YTM0NDYzNWYxZTYyOGU2MjNhZWOE9bw7xoHbfxV_ToL6nPkbODg3NDU0LTcyMjUzODEuanBnfHx8fHx8fHx8fHw0MDB4MzAw.jpg","large":"Y2M0YjliYzZiMzI5YjAwYzMyZTQyMjY5YjM3NTVhOWIluxvTEmBL71s8pYjTXHNrODg3NDU0LTcyMjUzODEuanBnfHx8fHx8fHx8fHw2NDB4NDgw.jpg"}]}},{"ad_id":"830791","reg_year":"2007","make":"Suzuki","model":"Grand Vitara","variant":"GV JB 5DR","mileage":"102529","engine_size":"2.0","fuel_type":"Petrol","body_type":"Estate","colour":"000000","location":"Carlow","price":"\u20ac 6,750","images":{"base_url":"http:\/\/i0.carsie.ie\/","image_list":[{"thumb":"YzM3MTQxMjdlNzc0ZDY5MjZjMzMxNjlmYjkyM2M1MWF0YgVnJy33tOZo4DjV5VFZODMwNzkxLTY1OTE5NjcuanBnfHx8fHx8OTJ4Njl8fHx8fA==.jpg","main":"ZWRmNzhiNjA0OTBmZDAyYTJkNDFjMGZjODE4MjFiZTIXVFULah5oLZTwIwX7Y8P_ODMwNzkxLTY1OTE5NjcuanBnfHx8fHx8fHx8fHw0MDB4MzAw.jpg","large":"MDNkNTk4NWE2M2VkZDRkY2RhMDU5NTlhNTI4NDc1MTXUmFSwcHme31abd9x_7V3IODMwNzkxLTY1OTE5NjcuanBnfHx8fHx8fHx8fHw2NDB4NDgw.jpg"}]}},{"ad_id":"899171","reg_year":"2006","make":"Suzuki","model":"Grand Vitara","variant":"GV JB 3DR","mileage":"81930","engine_size":"1.6","fuel_type":"Petrol","body_type":"Estate","colour":"000000","location":"Cork","price":"\u20ac 6,750","images":{"base_url":"http:\/\/i0.carsie.ie\/","image_list":[{"thumb":"MGExMzkzMzI1NTlmYmM5NTZkZjEyNWE0ZWUwOTZhNGYtyRxyR9VGD7Ptbz9lnjVPODk5MTcxLTczNzU4ODMuanBnfHx8fHx8OTJ4Njl8fHx8fA==.jpg","main":"ZDk5YzcyZGYzYjJkNDRlZTk0MzllZGEwZjA4ZTUxMWbIbQUuqHHvEGAtEB8ykYuXODk5MTcxLTczNzU4ODMuanBnfHx8fHx8fHx8fHw0MDB4MzAw.jpg","large":"MmNmNWRjYTc4NDNlNTZjZmNiYjI2MWVjYjQ2ZDc0MzYsx2EjUKL7u5Qenbta7cAZODk5MTcxLTczNzU4ODMuanBnfHx8fHx8fHx8fHw2NDB4NDgw.jpg"}]}},{"ad_id":"797097","reg_year":"2006","make":"Toyota","model":"Avensis","variant":"Aura 4DR","mileage":"75809","engine_size":"1.6","fuel_type":"Petrol","body_type":"Saloon","colour":"ff0000","location":"Dublin","price":"\u20ac 6,750","images":{"base_url":"http:\/\/i0.carsie.ie\/","image_list":[{"thumb":"YjY2MjBkZTA0M2EwODE2MjYxZDZmYzFlOTM2Nzc1ZDVdoiRBE5skSJSJ2-JEDI18Nzk3MDk3LTYxNjUwNzEuanBnfHx8fHx8OTJ4Njl8fHx8fA==.jpg","main":"MDlmOWUzZDE2OWFiZWJmOTdiZjNkNzM0ZGU4Njg4MGKqwI3ATKjxwalh_SDGG-feNzk3MDk3LTYxNjUwNzEuanBnfHx8fHx8fHx8fHw0MDB4MzAw.jpg","large":"YTRlNWUzOWQxMWVmYmRmYTk2MDlhNTRhYjE5MjBhN2Igz6Q_5AJ6WXFYNXr7O__mNzk3MDk3LTYxNjUwNzEuanBnfHx8fHx8fHx8fHw2NDB4NDgw.jpg"}]}},{"ad_id":"895221","reg_year":"2006","make":"Toyota","model":"Avensis","variant":"Strata 4DR","mileage":"83887","engine_size":"1.6","fuel_type":"Petrol","body_type":"Saloon","colour":"000000","location":"Dublin","price":"\u20ac 6,750","images":{"base_url":"http:\/\/i0.carsie.ie\/","image_list":[{"thumb":"Yzc1NjZkZThkMDBlZTJmOTM2M2FhOGE5MTAxMmFhZGZz4oAgIlpnTazLZdrjoYo6ODk1MjIxLTczMjE0MDcuanBnfHx8fHx8OTJ4Njl8fHx8fA==.jpg","main":"MzQ5Yjk4NGZkOTYyNGU3NTNiM2I4ZWU0NjRjYzI2YWZNl_AD2Qhm3rtO3uP7QwCuODk1MjIxLTczMjE0MDcuanBnfHx8fHx8fHx8fHw0MDB4MzAw.jpg","large":"ZmFjNjc1OTJiYjdkNjQ2NDMzNzFlN2RhZjBiMmI4MmY7tpdhaCL2JNHuzS9SL4JAODk1MjIxLTczMjE0MDcuanBnfHx8fHx8fHx8fHw2NDB4NDgw.jpg"}]}},{"ad_id":"896602","reg_year":"2005","make":"Toyota","model":"Avensis","variant":"COLOUR C-TION D-4D","mileage":"71000","engine_size":"2.0","fuel_type":"Diesel","body_type":"Saloon","colour":"e0e0e0","location":"Dublin","price":"\u20ac 6,750","images":{"base_url":"http:\/\/i0.carsie.ie\/","image_list":[{"thumb":"ZTZjZjI2Y2RiMDdkMDEyZWM5MzU0Yzk3YzhiOWVhNGNnA8gpe330aMSLGzdZMU_BODk2NjAyLTczNDQ3MzYuanBnfHx8fHx8OTJ4Njl8fHx8fA==.jpg","main":"MTdhMDg0ZDdlN2QwYzA3MzkxNWUxODBhM2IxMmExMmO0ltx_8wZNOW3S-gCUR2XJODk2NjAyLTczNDQ3MzYuanBnfHx8fHx8fHx8fHw0MDB4MzAw.jpg","large":"Y2ExOGU0MDhlNGFhN2UzNWMxN2FjYjUzYjUxZGRhZWNRpFDSq5o2LVDbYnL1ralSODk2NjAyLTczNDQ3MzYuanBnfHx8fHx8fHx8fHw2NDB4NDgw.jpg"}]}},{"ad_id":"881692","reg_year":"2006","make":"Toyota","model":"Avensis","variant":"1.6 Strata 4Dr","mileage":"92871","engine_size":"1.6","fuel_type":"Petrol","body_type":"Saloon","colour":"000000","location":"Roscommon","price":"\u20ac 6,750","images":{"base_url":"http:\/\/i0.carsie.ie\/","image_list":[{"thumb":"N2Q1YTc1ODIxNDBjMjJiZTM1OWQ0OGRkZDI0NDkxZjByYi5Jfwo7Otyx0TuqkPj7ODgxNjkyLTcxNTYwODguanBnfHx8fHx8OTJ4Njl8fHx8fA==.jpg","main":"NjI5MWM4MDc1NjE4ODQyNTFmN2JhMjNlMGUwMmRjZGFudvWIN_ZZYAdSRkGo9K80ODgxNjkyLTcxNTYwODguanBnfHx8fHx8fHx8fHw0MDB4MzAw.jpg","large":"NjY1ZmRlMWVjMGRjZWEyMjdjNGYzMTgzMDMwYTZjZTPjwZpsV8ZdihLburozoTtOODgxNjkyLTcxNTYwODguanBnfHx8fHx8fHx8fHw2NDB4NDgw.jpg"}]}},{"ad_id":"839639","reg_year":"2007","make":"Toyota","model":"Avensis","variant":"1.6 Aura 4DR","mileage":"116806","engine_size":"1.6","fuel_type":"Petrol","body_type":"Saloon","colour":"b04a49","location":"Tipperary","price":"\u20ac 6,750","images":{"base_url":"http:\/\/i0.carsie.ie\/","image_list":[{"thumb":"YmRhYTBmZTY3NzcyOGEzYjNlOTk3YTA1NDlkNGJiNTHvBumOvg-ye2G44VkX_dNIODM5NjM5LTY3MDIwNTQuanBnfHx8fHx8OTJ4Njl8fHx8fA==.jpg","main":"NzY5ZTA2ZTNkMzQzMTc4OTk3NmMyMmM0OWJjMjg5YjiO7NT22OS__BALtrQMjJEkODM5NjM5LTY3MDIwNTQuanBnfHx8fHx8fHx8fHw0MDB4MzAw.jpg","large":"YjYzNTdjMmQxMmFmMWNhNTc4MmI4MGI2MDg1MjU4Mzhp2hLQ0Dt2U55qDYOuBaLvODM5NjM5LTY3MDIwNTQuanBnfHx8fHx8fHx8fHw2NDB4NDgw.jpg"}]}},{"ad_id":"869960","reg_year":"2009","make":"Toyota","model":"Aygo","variant":"1.0 VVTI 3 DOOR 1 YEAR WARRANTY & ROAD TAX (FREE)!","mileage":"22000","engine_size":"1.0","fuel_type":"Petrol","body_type":"Hatchback","colour":"ff0000","location":"Dublin","price":"\u20ac 6,750","images":{"base_url":"http:\/\/i0.carsie.ie\/","image_list":[{"thumb":"ODE1MzRhZGJkZDZmYzQ1NTU5NzEzNjc4NDFhZWU0Y2S1PWnPK99unP-fFPfLl08dODY5OTYwLTcwMTkyODkuanBnfHx8fHx8OTJ4Njl8fHx8fA==.jpg","main":"ZGIwZjFjMjNlYTQ3ZTNkYzNiNDgwODQ1ZWM5MmQwNzds3hTVABV8veqvhY69H25TODY5OTYwLTcwMTkyODkuanBnfHx8fHx8fHx8fHw0MDB4MzAw.jpg","large":"ODY1OWNiMjA5NjI0ZjIwN2NlNDBhZDA5NDhhOTAyM2U3n5QLh9pFB7y5NTA7esw6ODY5OTYwLTcwMTkyODkuanBnfHx8fHx8fHx8fHw2NDB4NDgw.jpg"}]}},{"ad_id":"874321","reg_year":"2007","make":"Toyota","model":"Aygo","variant":"1.0 5DR Aura","mileage":"53087","engine_size":"1.0","fuel_type":"Petrol","body_type":"Hatchback","colour":"ff0000","location":"Dublin","price":"\u20ac 6,750","images":{"base_url":"http:\/\/i0.carsie.ie\/","image_list":[{"thumb":"NzY4NjM3MGQyMTk0NWM2NWIxYjc0MDEwMzE4ZTczNThv-H2seOR4U7gerb2FVezYODc0MzIxLTcxMzQwMDYuanBnfHx8fHx8OTJ4Njl8fHx8fA==.jpg","main":"NWVjMmIzYmJhYzE0ZWY0NGQ0YWZkYmMxMWYyNzliZGaKSZ6lQYWXa3vVlG3_Ls2YODc0MzIxLTcxMzQwMDYuanBnfHx8fHx8fHx8fHw0MDB4MzAw.jpg","large":"NjRhYmEyNTNlMzI1NjIwMGZmNzE1ZTljMmFlNjdjZjTwra5skRs2lmO2fZpH8FwPODc0MzIxLTcxMzQwMDYuanBnfHx8fHx8fHx8fHw2NDB4NDgw.jpg"}]}},{"ad_id":"860860","reg_year":"2006","make":"Toyota","model":"Corolla","variant":"1.4 Terra 4DR","mileage":"30448","engine_size":"1.4","fuel_type":"Petrol","body_type":"Saloon","colour":"ff0000","location":"Mayo","price":"\u20ac 6,750","images":{"base_url":"http:\/\/i0.carsie.ie\/","image_list":[{"thumb":"ZDU4YmU1MGYxZGIyMzhmYzc3NjlhNDRkY2JjNWJiMjHDPu4Cd_88hUM0AS4YFgdLODYwODYwLTczODQyNTIuanBnfHx8fHx8OTJ4Njl8fHx8fA==.jpg","main":"ZmM3ZWVkZjFjMDI4MGJhMmM3ZDk0YWIxZTU5YmVmYWW_TWAT08j7M9WjINGZEcYIODYwODYwLTczODQyNTIuanBnfHx8fHx8fHx8fHw0MDB4MzAw.jpg","large":"NmU5OTFmYmQyZTgyYjI2ZmRmMWE0MTU0NDRkYzJmMjlap5AluOK5WLkNcIRD22OQODYwODYwLTczODQyNTIuanBnfHx8fHx8fHx8fHw2NDB4NDgw.jpg"}]}},{"ad_id":"869921","reg_year":"2006","make":"Toyota","model":"Dyna","variant":"300 SWB","mileage":"75000","engine_size":"2.5","fuel_type":"Diesel","body_type":"Hatchback","colour":"ffffff","location":"Sligo","price":"\u20ac 6,750","images":{"base_url":"http:\/\/i0.carsie.ie\/","image_list":[{"thumb":"YjY3MDQ1NTY4OGZiYjg2ZGUwOGUwZWViM2YzOWI2NjYFt97xKoNeE_uuwQkpv4KLODY5OTIxLTcwMTkxMDkuanBnfHx8fHx8OTJ4Njl8fHx8fA==.jpg","main":"NTNiMzZlMjAxNjAzMTc4ZDYwY2M5Mzg0ZjE0ZTA4ZmZm7V2GRw3wVscpnQmFiLfQODY5OTIxLTcwMTkxMDkuanBnfHx8fHx8fHx8fHw0MDB4MzAw.jpg","large":"NGNlNDk4NTFiM2I0YTY5NjdmMjFlMzNmZDk1NTQ5ZjdAdrHRQXPYRMR03GtlJ3R1ODY5OTIxLTcwMTkxMDkuanBnfHx8fHx8fHx8fHw2NDB4NDgw.jpg"}]}},{"ad_id":"894726","reg_year":"2006","make":"Toyota","model":"Yaris","variant":"1.0L Terra 5dr NCT 01-14 TAX 10-13","mileage":"54526","engine_size":"1.0","fuel_type":"Petrol","body_type":"Hatchback","colour":"e0e0e0","location":"Cork","price":"\u20ac 6,750","images":{"base_url":"http:\/\/i0.carsie.ie\/","image_list":[{"thumb":"M2ZmMmYyOGVkNjYwMmY0ZjgyMjYyNzFhZjYwOWEzNzHfP2dqDHQUVOQxXWDp56N5ODk0NzI2LTczNDQ1NzguanBnfHx8fHx8OTJ4Njl8fHx8fA==.jpg","main":"YmMxOGZjODgzYjZkZTA3OGIzYjI1NDI5ZWQyNjgzOWNYMn9WskAyVsSNKxkz755AODk0NzI2LTczNDQ1NzguanBnfHx8fHx8fHx8fHw0MDB4MzAw.jpg","large":"YmU1ZmUwNDI1MmRhMTNiYTlmM2ZkZTJkMDZhZDljOGb8PRW3dItjPHYFbLJ-QGZOODk0NzI2LTczNDQ1NzguanBnfHx8fHx8fHx8fHw2NDB4NDgw.jpg"}]}},{"ad_id":"879128","reg_year":"2005","make":"Toyota","model":"Yaris","variant":"1.0 PETROL AUTO MINT CONDITION","mileage":"53439","engine_size":"1.0","fuel_type":"Petrol","body_type":"Hatchback","colour":"e0e0e0","location":"Dublin","price":"\u20ac 6,750","images":{"base_url":"http:\/\/i0.carsie.ie\/","image_list":[{"thumb":"OGMyMDhkMThkZGUxZWNlZDRjZDdlYzNhOWVlYjZhOWS3nz2HvRyKKu-a-AuVTDmqODc5MTI4LTcxMjgyMTYuanBnfHx8fHx8OTJ4Njl8fHx8fA==.jpg","main":"MmYwNTg3YjZmZjc2MTZmYzA0YWZkYmYzOTcxMzEyY2SVnbE9wnRkXAPUTMx45I2eODc5MTI4LTcxMjgyMTYuanBnfHx8fHx8fHx8fHw0MDB4MzAw.jpg","large":"ZmYxYmZkNzljNzVmNjBmODI2NjZjMjliZTQ1MzE1NTJLwYY0OgEBrcvyoISisQQOODc5MTI4LTcxMjgyMTYuanBnfHx8fHx8fHx8fHw2NDB4NDgw.jpg"}]}},{"ad_id":"878971","reg_year":"2007","make":"Toyota","model":"Yaris","variant":"T2 Vvt-i","mileage":"79000","engine_size":"1.0","fuel_type":"Petrol","body_type":"Hatchback","colour":"e0e0e0","location":"Louth","price":"\u20ac 6,750","images":{"base_url":"http:\/\/i0.carsie.ie\/","image_list":[{"thumb":"MDI3NjM4ZGQxMGRjZDQwZTRmOWI3NDM5YzdkMzNlNTM_Lnt7-MWvUfHsxyUo8ar9ODc4OTcxLTcxMjY4MzguanBnfHx8fHx8OTJ4Njl8fHx8fA==.jpg","main":"ZGFkNWZhNDIyOTdiMjExYWFkOTlmNDIzNDAwZmE1NGW-yByiUjtJUksyxGC_3FqhODc4OTcxLTcxMjY4MzguanBnfHx8fHx8fHx8fHw0MDB4MzAw.jpg","large":"MjE1NDYzNmY2MTVlZWM3MTA5Y2NjZTgyZDYzZTcyODdywOslyapcgycoejrx_IOJODc4OTcxLTcxMjY4MzguanBnfHx8fHx8fHx8fHw2NDB4NDgw.jpg"}]}}]}