{"total":"23408","result":[{"ad_id":"893630","reg_year":"2008","make":"Seat","model":"Cordoba","variant":"1.4 TDI S","mileage":"83887","engine_size":"1.4","fuel_type":"Diesel","body_type":"Saloon","colour":"000000","location":"Louth","price":"\u20ac 8,250","images":{"base_url":"http:\/\/i0.carsie.ie\/","image_list":[{"thumb":"NWFlNTgyMzY2NmMyZDAzYjgzZDFjNmRjNTY4YzZkMTkUQWcHLxgmiyjiPipE1vEmODkzNjMwLTcyODE4NTUuanBnfHx8fHx8OTJ4Njl8fHx8fA==.jpg","main":"MWY4MmVhNGZlNzE4MzcyOWU3Mzc4OGI4YTUxMmJmNWb2PwoSeCJPxfxenvbRkrqfODkzNjMwLTcyODE4NTUuanBnfHx8fHx8fHx8fHw0MDB4MzAw.jpg","large":"MjQ2ZmYzNDFkNDc2MzhmOGM3ZWM2OWVjZDBlM2Q1Y2ExUVFYVLbskHRto2LD1lzIODkzNjMwLTcyODE4NTUuanBnfHx8fHx8fHx8fHw2NDB4NDgw.jpg"}]}},{"ad_id":"847085","reg_year":"2008","make":"Seat","model":"Ibiza","variant":"1.2 R 5DR","mileage":"36028","engine_size":"1.2","fuel_type":"Petrol","body_type":"Hatchback","colour":"ff0000","location":"Cavan","price":"\u20ac 8,250","images":{"base_url":"http:\/\/i0.carsie.ie\/","image_list":[{"thumb":"MThmYTU2YmJjMjZhMzI3OTE1MTA2ODRmYzhlOWUxZDJ36RKHAjJ9qWI1BtZVkQHmODQ3MDg1LS5qcGd8fHx8fHw5Mng2OXx8fHx8.jpg","main":"Y2Q3NGYwMjNlOWM5ZWY5MWUzNjM3YjlkYmIyMWU0MjEJRNMyO-ZayxEwl2YVYuyBODQ3MDg1LS5qcGd8fHx8fHx8fHx8fDQwMHgzMDA=.jpg","large":"NDhjOTI3Nzc1MGQyNWQzZjYyYzUxMjRiMWU4MmRlZmUX4rGeCoc30B_ua9WeHhZbODQ3MDg1LS5qcGd8fHx8fHx8fHx8fDY0MHg0ODA=.jpg"}]}},{"ad_id":"894663","reg_year":"2008","make":"Skoda","model":"Octavia","variant":"Ambiente 1.4 80HP","mileage":"41135","engine_size":"1.4","fuel_type":"Petrol","body_type":"Hatchback","colour":"e0e0e0","location":"Cork","price":"\u20ac 8,250","images":{"base_url":"http:\/\/i0.carsie.ie\/","image_list":[{"thumb":"OTdmNTkyODgxZjk2ZGMxNGRhODkwNzA1NGQ1MDAxNGV2T7MA3LxLlx8ykHyjh1-UODk0NjYzLTczMjIwNTUuanBnfHx8fHx8OTJ4Njl8fHx8fA==.jpg","main":"NDFkZTg1MzU3YThhMTM0NTNkOGNiODgxZWUzYjllMjnc4nX1m6pPtEhVgdfzuB-AODk0NjYzLTczMjIwNTUuanBnfHx8fHx8fHx8fHw0MDB4MzAw.jpg","large":"MGQ1MDk0OTA3ZDViYWQ3NjNlYWJkZDgzZjYyMjMyNGIhkq-4MV8Lg40HRyooE9g7ODk0NjYzLTczMjIwNTUuanBnfHx8fHx8fHx8fHw2NDB4NDgw.jpg"}]}},{"ad_id":"867258","reg_year":"2008","make":"Skoda","model":"Octavia","variant":"Ambiente TDI estate","mileage":"100650","engine_size":"1.9","fuel_type":"Diesel","body_type":"Estate","colour":"000000","location":"Donegal","price":"\u20ac 8,250","images":{"base_url":"http:\/\/i0.carsie.ie\/","image_list":[{"thumb":"YjRkNDVlMDFjNDFjMjcxOGU0MjM4ZDdmYThjY2M3ZDnsgtWCkm9OuTHozlUhSgDyODY3MjU4LTcwMjA2NzcuanBnfHx8fHx8OTJ4Njl8fHx8fA==.jpg","main":"YjQzZjc4MjZhYmNiZGVhM2I2MDk4MDg3YzQwYjY2Yjlx7bZVY1D1dv1cQ1nSocWrODY3MjU4LTcwMjA2NzcuanBnfHx8fHx8fHx8fHw0MDB4MzAw.jpg","large":"N2Q3M2RlZmQ2YmIxYWEwZDE2YWM2ZTRjODNmN2VlOGbOG_MRCSe36xsX1ng5iSfrODY3MjU4LTcwMjA2NzcuanBnfHx8fHx8fHx8fHw2NDB4NDgw.jpg"}]}},{"ad_id":"878841","reg_year":"2008","make":"Suzuki","model":"Grand Vitara","variant":"5 Door Petrol","mileage":"61000","engine_size":"2.0","fuel_type":"Petrol","body_type":"Estate","colour":"000000","location":"Dublin","price":"\u20ac 8,250","images":{"base_url":"http:\/\/i0.carsie.ie\/","image_list":[{"thumb":"ZWVmMDIzMjI4NmQzOGI0YWQ2YjFjMGRmMDE4NzA2NjcvJFJa3k_V6ToPEQ9CYWYNODc4ODQxLTcxMjU0ODEuanBnfHx8fHx8OTJ4Njl8fHx8fA==.jpg","main":"OWUyZWNlNDQ0ZjczZDMxMTdmMjg0YzYyMmU1NGY1MWYAoZ6HCgUAdFB86AUx8N8RODc4ODQxLTcxMjU0ODEuanBnfHx8fHx8fHx8fHw0MDB4MzAw.jpg","large":"ZDE4ZWU5MTkwMDJiYTFlMzlhYjI3MmZjYTM3OTE5YTcgIWHh__GzaPsaEEG-Fk2oODc4ODQxLTcxMjU0ODEuanBnfHx8fHx8fHx8fHw2NDB4NDgw.jpg"}]}},{"ad_id":"878961","reg_year":"2008","make":"Suzuki","model":"SX4","variant":"1.5 GLX","mileage":"42254","engine_size":"1.5","fuel_type":"Petrol","body_type":"Hatchback","colour":"ff0000","location":"Dublin","price":"\u20ac 8,250","images":{"base_url":"http:\/\/i0.carsie.ie\/","image_list":[{"thumb":"NjZjOWMwODgzZDUzMGZlNTlmNzhjY2U2YjNlMjg0ZjGLM550_EAhXO2aQJHbuGPGODc4OTYxLTcxMjY2NzguanBnfHx8fHx8OTJ4Njl8fHx8fA==.jpg","main":"ODZlOTNmZDg0NmNiNWFkYjMwNWYzZmQ2ODJmZTlhZWRKtuBADaK84gTzS2W1a9NKODc4OTYxLTcxMjY2NzguanBnfHx8fHx8fHx8fHw0MDB4MzAw.jpg","large":"NGQ3Nzc3ZDljZjVkN2Q0OWEzMTk2ZWZkMmU3ZmQ0ZjTwKzch-TSr4x-cMLjL3LVkODc4OTYxLTcxMjY2NzguanBnfHx8fHx8fHx8fHw2NDB4NDgw.jpg"}]}},{"ad_id":"896742","reg_year":"2008","make":"Toyota","model":"Avensis","variant":"RC 1.8 Luna","mileage":"91033","engine_size":"1.8","fuel_type":"Petrol","body_type":"Saloon","colour":"e0e0e0","location":"Cork","price":"\u20ac 8,250","images":{"base_url":"http:\/\/i0.carsie.ie\/","image_list":[{"thumb":"ZWEyNjY4MDViYjNiMDJjMmI5NGY0NTBjYjZmMGZmMmb2gVVdHUq_03HIxAHNm4pQODk2NzQyLTczNTkwNjMuanBnfHx8fHx8OTJ4Njl8fHx8fA==.jpg","main":"YzU0MWYyNjY5NTQyNmZiMGE0NTIxNDU1ZDYwOGJmYTCpvggXO4Oey7jEo7cJMGmmODk2NzQyLTczNTkwNjMuanBnfHx8fHx8fHx8fHw0MDB4MzAw.jpg","large":"ZDMwNTdjYTAyYjkxOGM2MTg1ZjE3MjJmM2UzMzZkZDK7a3IIEpWHLiLh7KAGySHOODk2NzQyLTczNTkwNjMuanBnfHx8fHx8fHx8fHw2NDB4NDgw.jpg"}]}},{"ad_id":"901541","reg_year":"2008","make":"Toyota","model":"Avensis","variant":"1.6 Aura VSC","mileage":"66488","engine_size":"1.6","fuel_type":"Petrol","body_type":"Saloon","colour":"858585","location":"Dublin","price":"\u20ac 8,250","images":{"base_url":"http:\/\/i0.carsie.ie\/","image_list":[{"thumb":"ZTRhODRjMzg1ODU0Njg2Zjk2ZDE2OTdlNjZiNjUxODJDBXv-s9r8q6Iy18JGGA9fOTAxNTQxLTc0MjExOTUuanBnfHx8fHx8OTJ4Njl8fHx8fA==.jpg","main":"YWZjNWE2ODMxZjBkNjk5YmI3OWU1MDNmNWY0N2IwYTGZzPS8wntIBLke-XG9lEYuOTAxNTQxLTc0MjExOTUuanBnfHx8fHx8fHx8fHw0MDB4MzAw.jpg","large":"NWI3YmNjMzc3ZTBjZDM0MWEyMzg2ODM4MGQ5OWEzYzgJ8FtoBmpv-Ty1Gi4ivLX_OTAxNTQxLTc0MjExOTUuanBnfHx8fHx8fHx8fHw2NDB4NDgw.jpg"}]}},{"ad_id":"838081","reg_year":"2007","make":"Toyota","model":"Avensis","variant":"avensis mc 1.6 aura","mileage":"50275","engine_size":"1.6","fuel_type":"Petrol","body_type":"Saloon","colour":"b04a49","location":"Sligo","price":"\u20ac 8,250","images":{"base_url":"http:\/\/i0.carsie.ie\/","image_list":[{"thumb":"YjJjMmE2ZmYzZmY5YWQxYjA1NzRmYzQ4ODg0YjlmOTW25acyYNIGhmB_5Di3i4fTODM4MDgxLS5qcGd8fHx8fHw5Mng2OXx8fHx8.jpg","main":"OGVhYjdmN2YxOGFkMzE0ZGM5NDE0NDNlYTc2NDRmMzgro6J2xXjX-nrdx1RG0YaXODM4MDgxLS5qcGd8fHx8fHx8fHx8fDQwMHgzMDA=.jpg","large":"NDEwNmQzNzg0YjdjMDhlMmFjNzVjMWRhMzBkZWIyYWMGBSVuDYHOyak7brSb775nODM4MDgxLS5qcGd8fHx8fHx8fHx8fDY0MHg0ODA=.jpg"}]}},{"ad_id":"884430","reg_year":"2007","make":"Toyota","model":"Avensis","variant":"avensis mc 1.6 strata","mileage":"73103","engine_size":"1.6","fuel_type":"Petrol","body_type":"Saloon","colour":"e0e0e0","location":"Sligo","price":"\u20ac 8,250","images":{"base_url":"http:\/\/i0.carsie.ie\/","image_list":[{"thumb":"YTgwZWVlOTE1ZGJiYzIxN2ZmZGQ0YjUyZmI0OGQ5MjiSUTHr-O2Fgcwsc9RK3xdDODg0NDMwLS5qcGd8fHx8fHw5Mng2OXx8fHx8.jpg","main":"ZGQ5ZTg3MjQ0NDQxZjBkNjNjMWRjNWQzNDViMmIwOGSvgU8YbsVYOxIOC-vL86_FODg0NDMwLS5qcGd8fHx8fHx8fHx8fDQwMHgzMDA=.jpg","large":"NDA2NTRjNTA4NzE2ZWU2MzEwMGM0NDkwMDVjNWRkZTMI2WslGwx-z_bcu4JhebHqODg0NDMwLS5qcGd8fHx8fHx8fHx8fDY0MHg0ODA=.jpg"}]}},{"ad_id":"841886","reg_year":"2007","make":"Toyota","model":"Avensis","variant":"MC D4D STRATA","mileage":"102600","engine_size":"2.0","fuel_type":"Diesel","body_type":"Saloon","colour":"ff0000","location":"Tipperary","price":"\u20ac 8,250","images":{"base_url":"http:\/\/i0.carsie.ie\/","image_list":[{"thumb":"MmJjOGQ4N2QzZWRhZDA3M2Q4NzYwMDUxNzRhM2JlYTAVdthdVjv3DpjqZbp0LUh1ODQxODg2LTY3MDc0NjMuanBnfHx8fHx8OTJ4Njl8fHx8fA==.jpg","main":"ZDI0ZmY5ZDg2NzhjODMxZmJjYTVmYzExODBlZjU5Yzi-7036Z5qse9n8lUOXKtlCODQxODg2LTY3MDc0NjMuanBnfHx8fHx8fHx8fHw0MDB4MzAw.jpg","large":"Nzg2MDFhYzU4Y2NkZTFkYWUyN2Y1ZGUxOWMxNmI4MGatIYo3rkiB7378QIAkxsLdODQxODg2LTY3MDc0NjMuanBnfHx8fHx8fHx8fHw2NDB4NDgw.jpg"}]}},{"ad_id":"887184","reg_year":"2006","make":"Toyota","model":"Avensis","variant":"VVTi Luna Saloon (Petrol)","mileage":"56358","engine_size":"1.8","fuel_type":"Petrol","body_type":"Saloon","colour":"000000","location":"Waterford","price":"\u20ac 8,250","images":{"base_url":"http:\/\/i0.carsie.ie\/","image_list":[{"thumb":"NWRkYjlkZmFmOGY4ZjEzN2E1OTc5NjExMzA4YzA2ZWK1Uxkv9E5QRFFngiM4ZyBJODg3MTg0LTc0MDU1MjAuanBnfHx8fHx8OTJ4Njl8fHx8fA==.jpg","main":"NWZlYWI3ZDVlZTI2OTBkZmJjMjkxZGIzYTZhMzIxNjkoUNHOB9gnY5qCoWvdPjpyODg3MTg0LTc0MDU1MjAuanBnfHx8fHx8fHx8fHw0MDB4MzAw.jpg","large":"ODdkNjU5Nzg3ODE0ZjVlYTQ2MTYxNWEwNDdmYWQ2ZDa9RcHvDBzZyPp8c5-_I7ywODg3MTg0LTc0MDU1MjAuanBnfHx8fHx8fHx8fHw2NDB4NDgw.jpg"}]}},{"ad_id":"899484","reg_year":"2005","make":"Toyota","model":"Corolla","variant":"1.4 D4D 5DR","mileage":"89479","engine_size":"1.4","fuel_type":"Diesel","body_type":"Hatchback","colour":"e0e0e0","location":"Dublin","price":"\u20ac 8,250","images":{"base_url":"http:\/\/i0.carsie.ie\/","image_list":[{"thumb":"MzNhOWY5MDI3OTNhMTFhYTA4NGQ0ZjFlMmUyOTkxMzII6c_FWbZI8SENKjiaYMZ-ODk5NDg0LTczNzg5NzAuanBnfHx8fHx8OTJ4Njl8fHx8fA==.jpg","main":"ZmMxZWI3MmE3MTY1NzgwNGE0YmE0NWFjOGVmYmQ3NWYYuMxKsu0h75LX9XRHh8FfODk5NDg0LTczNzg5NzAuanBnfHx8fHx8fHx8fHw0MDB4MzAw.jpg","large":"OWUwZGY2ZDJmMjdjMDU4ZTgxZDI2M2E4MGRkZWMwNmHj5FCVlrF4xqJwRK2gA9h4ODk5NDg0LTczNzg5NzAuanBnfHx8fHx8fHx8fHw2NDB4NDgw.jpg"}]}},{"ad_id":"859737","reg_year":"2006","make":"Toyota","model":"Rav4","variant":"RAV 4 D-4D 2.2 XT3 134BHP 05DR","mileage":"56000","engine_size":"2.2","fuel_type":"Diesel","body_type":"SUV","colour":"e0e0e0","location":"Dublin","price":"\u20ac 8,250","images":{"base_url":"http:\/\/i0.carsie.ie\/","image_list":[{"thumb":"MDczNjY0OWM0Mjc0NDg0MzBlOWZiOGMwNzkyNTMyMGL5NBXoEduPmvg-GKBTKHtRODU5NzM3LTczMjU4NDguanBnfHx8fHx8OTJ4Njl8fHx8fA==.jpg","main":"MGIxZDFmNDM5ZTgzYThlYWMzZTVjNjgyNGZmOTc5NTkPL2E2wYgqcwF_9Kru2I5fODU5NzM3LTczMjU4NDguanBnfHx8fHx8fHx8fHw0MDB4MzAw.jpg","large":"ODllM2JhMzNiMzljZDE5ZmI3NTZiZTE3NjA2NGU0ZGOIuy9g2FGMJjExSU8O_zjOODU5NzM3LTczMjU4NDguanBnfHx8fHx8fHx8fHw2NDB4NDgw.jpg"}]}},{"ad_id":"895389","reg_year":"2008","make":"Toyota","model":"Yaris","variant":"TR D-4D","mileage":"94000","engine_size":"1.4","fuel_type":"Diesel","body_type":"Hatchback","colour":"e0e0e0","location":"Clare","price":"\u20ac 8,250","images":{"base_url":"http:\/\/i0.carsie.ie\/","image_list":[{"thumb":"Y2QxNTc1M2FjNTJkODlmN2I1MDgwMTRiZjU5NjE5NjE0ECZE5mQiT8gYLY7CVOEGODk1Mzg5LTczMjM2NzYuanBnfHx8fHx8OTJ4Njl8fHx8fA==.jpg","main":"ZjIzMWJjZDQxNGFiYjA1MjdmNDliYzM1YTI5NTUzNDIyTiA71eADt3a9HSNJnzSEODk1Mzg5LTczMjM2NzYuanBnfHx8fHx8fHx8fHw0MDB4MzAw.jpg","large":"NmRiNmFiY2JhMzkwY2QwNDM3N2I0ZDNkODUyMTIzMTO6hjTW-zHT38YtbV6ObrHtODk1Mzg5LTczMjM2NzYuanBnfHx8fHx8fHx8fHw2NDB4NDgw.jpg"}]}},{"ad_id":"891511","reg_year":"2009","make":"Vauxhall","model":"Astra","variant":"Club Cdti","mileage":"88750","engine_size":"1.2","fuel_type":"Diesel","body_type":"Estate","colour":"e0e0e0","location":"Tipperary","price":"\u20ac 8,250","images":{"base_url":"http:\/\/i0.carsie.ie\/","image_list":[{"thumb":"OWZhNjBiYzI5MjYwZWM2MDMxNDg3YTk3YjE5MTU3YTge_JE173JZfFdcKN4SmzG-ODkxNTExLTcyNjM1MDcuanBnfHx8fHx8OTJ4Njl8fHx8fA==.jpg","main":"NDU4YWMxMzUzM2RkMmExZDUyMTE1ZjBiODUxMzE0NzkGVlvqc7ShQ3YyTULQlyWDODkxNTExLTcyNjM1MDcuanBnfHx8fHx8fHx8fHw0MDB4MzAw.jpg","large":"N2U4MGNmMmEzNDFiZWNiMmRkNWYwOTdjYzZkNDZhMDFJf-J65ZLLNHu1LBarAeLEODkxNTExLTcyNjM1MDcuanBnfHx8fHx8fHx8fHw2NDB4NDgw.jpg"}]}},{"ad_id":"694769","reg_year":"2005","make":"Volkswagen","model":"Golf","variant":"","mileage":"98800","engine_size":"1.9","fuel_type":"Diesel","body_type":"Hatchback","colour":"0000c0","location":"Cavan","price":"\u20ac 8,250","images":{"base_url":"http:\/\/i0.carsie.ie\/","image_list":[{"thumb":"ZjhmZThmYjgwNmM5OWZkOGVhNmVjYjE3Y2U5OWI3YjdRA9MteXiSqvhHojUHxjosNjk0NzY5LTQ4NTk1MTcuanBnfHx8fHx8OTJ4Njl8fHx8fA==.jpg","main":"N2VkMTJmZDIzNGU2MzZjNTRhMzdmNDY3YjYyNjVkNmaiPtSK3v_AOcxXH7j7MM0ANjk0NzY5LTQ4NTk1MTcuanBnfHx8fHx8fHx8fHw0MDB4MzAw.jpg","large":"NGNkYWQxZjY2OTg0M2M5ZDFjMzNlM2I4YmJmYjc0YzFan0Njzwg9piR-pw38brv4Njk0NzY5LTQ4NTk1MTcuanBnfHx8fHx8fHx8fHw2NDB4NDgw.jpg"}]}},{"ad_id":"902034","reg_year":"2006","make":"Volkswagen","model":"Golf","variant":"1.9tdi 5 DR","mileage":"93000","engine_size":"1.9","fuel_type":"Diesel","body_type":"Hatchback","colour":"e0e0e0","location":"Dublin","price":"\u20ac 8,250","images":{"base_url":"http:\/\/i0.carsie.ie\/","image_list":[{"thumb":"Yjg1OWZmYzliYzAxZmFmNGYzNjdlNDM5NTRmNWIyNmOIEEJVf9vPfo3vbBrGX7BxOTAyMDM0LTc0Mjc0MjUuanBnfHx8fHx8OTJ4Njl8fHx8fA==.jpg","main":"NmM2OWVkOTc5OWY3M2I0YTgyZjZiYzQ4ZDgyYjljMGNNzTlvARb0AMHOpbyg8jjuOTAyMDM0LTc0Mjc0MjUuanBnfHx8fHx8fHx8fHw0MDB4MzAw.jpg","large":"YmNmOWU2ZDI0YThkOTU3NDRmMmViYTY0ZjA1NTE5MDLhlkS7EIabvO3RWaYLAkl7OTAyMDM0LTc0Mjc0MjUuanBnfHx8fHx8fHx8fHw2NDB4NDgw.jpg"}]}},{"ad_id":"900575","reg_year":"2007","make":"Volkswagen","model":"Passat","variant":"1.9tdi 4DR","mileage":"151383","engine_size":"1.9","fuel_type":"Diesel","body_type":"Saloon","colour":"000000","location":"Cavan","price":"\u20ac 8,250","images":{"base_url":"http:\/\/i0.carsie.ie\/","image_list":[{"thumb":"YjVmMTE3OWE0MmZjMTBhYjU4YzY3MGVlZWE3NjEyYzYiK0M9BjZaJmcS7tPjRcd-OTAwNTc1LTc0MDM0MzkuanBnfHx8fHx8OTJ4Njl8fHx8fA==.jpg","main":"Njc4YTYwZDBmZDViMTQyYTg5MzYwMTljMWViODFkY2Onzu2i-hbi_hhpxxgU7o6TOTAwNTc1LTc0MDM0MzkuanBnfHx8fHx8fHx8fHw0MDB4MzAw.jpg","large":"NmNkMzIzY2U4N2M2OGUyYTgzOGJmZjNkYWVhNjVmMWGgosCBxcsNo20UCnzBOKPROTAwNTc1LTc0MDM0MzkuanBnfHx8fHx8fHx8fHw2NDB4NDgw.jpg"}]}},{"ad_id":"880520","reg_year":"2007","make":"Volkswagen","model":"Passat","variant":"1.9 TDI S 105BHP 04DR","mileage":"96052","engine_size":"1.9","fuel_type":"Diesel","body_type":"Saloon","colour":"000000","location":"Dublin","price":"\u20ac 8,250","images":{"base_url":"http:\/\/i0.carsie.ie\/","image_list":[{"thumb":"N2VlMTkxZTliNmFjNTA5ZTcxZTZmZGM0MWExMzAwNDLiSE1gcBgsT6gq_50BI0z0ODgwNTIwLTcxNDEwNTYuanBnfHx8fHx8OTJ4Njl8fHx8fA==.jpg","main":"ZjlhZTIxNDM3MzhhYTNjNjA5MDkzMDg1ZTBhM2QwN2IE8h1f1viAdKpOaWLvvMx9ODgwNTIwLTcxNDEwNTYuanBnfHx8fHx8fHx8fHw0MDB4MzAw.jpg","large":"NDBjYTIwYzhjODQ0OWViZWY4ZjdhMzNiMTZiYjk0YTQUwE5xq8Vpq_-g8jtYxKaUODgwNTIwLTcxNDEwNTYuanBnfHx8fHx8fHx8fHw2NDB4NDgw.jpg"}]}}]}