{"total":"23408","result":[{"ad_id":"893106","reg_year":"2007","make":"Volkswagen","model":"Passat","variant":null,"mileage":"91963","engine_size":"1.9","fuel_type":"Diesel","body_type":null,"colour":"000000","location":"Kildare","price":"\u20ac 8,850","images":{"base_url":"http:\/\/i0.carsie.ie\/","image_list":[{"thumb":"MTQ5MjdmNjM1MTBhNTUzNmI3MGU2NmUzOGQwNzdhYjLTtHj7X7j99fznnjclBS5uODkzMTA2LTczMTgxMTguanBnfHx8fHx8OTJ4Njl8fHx8fA==.jpg","main":"NTgyZWMyNmM5ZGE3NDc4YTE4OWNkOTdjM2M2Mjk4MjNRCCK2-tK9eoDBF6ybBXIsODkzMTA2LTczMTgxMTguanBnfHx8fHx8fHx8fHw0MDB4MzAw.jpg","large":"YjUwZmNhYWQ3YjM4NWVmZGQ2NmJiMjYzNDE2MGI4NTJEHqXAm6K-rKiX0LrNcaBhODkzMTA2LTczMTgxMTguanBnfHx8fHx8fHx8fHw2NDB4NDgw.jpg"}]}},{"ad_id":"891230","reg_year":"2010","make":"Renault","model":"Megane","variant":"**DIESEL ESTATE LOW ROAD TAX BAND B AND LOW FUEL COSTS*","mileage":"108000","engine_size":"1.5","fuel_type":"Diesel","body_type":"Estate","colour":"e0e0e0","location":"Dublin","price":"\u20ac 8,888","images":{"base_url":"http:\/\/i0.carsie.ie\/","image_list":[{"thumb":"YTk5Zjg3ZDQ5NGMyODJjOGFmYzVhNjg1ZDEzY2U3ZjDvHdfvWeVg1uu2ZZlYpvOwODkxMjMwLTcyNjE0NzAuanBnfHx8fHx8OTJ4Njl8fHx8fA==.jpg","main":"NGI2YWM5NWE2OGFhZTE5NGI4YjU2NTQyNDY5MzUxYmL2MqNfF_LIvH6nUQ3vsRZ3ODkxMjMwLTcyNjE0NzAuanBnfHx8fHx8fHx8fHw0MDB4MzAw.jpg","large":"MDRkNjA5NmQ2MmY1MWYyYjA2YjQ1MGJmMTQyMzMxN2SxPtCMN9-3C_7KX2WHKsIAODkxMjMwLTcyNjE0NzAuanBnfHx8fHx8fHx8fHw2NDB4NDgw.jpg"}]}},{"ad_id":"835652","reg_year":"2009","make":"Opel","model":"Corsa","variant":"Life 1.3cdti 5DR","mileage":"78549","engine_size":"1.2","fuel_type":"Diesel","body_type":"Hatchback","colour":"e0e0e0","location":"Dublin","price":"\u20ac 8,899","images":{"base_url":"http:\/\/i0.carsie.ie\/","image_list":[{"thumb":"OWZiOWQ5ODkxMGQ3OTA0NjIyZDk5NmE5YzE0Zjg2M2XkQeQDNLs7t7yslN4CN2m1ODM1NjUyLTY2Mzc5MDEuanBnfHx8fHx8OTJ4Njl8fHx8fA==.jpg","main":"YThiMDBiYjIzMGFhZmM1YWZmOWNjODZhMTlkNmZhZTd8uc3v0XHlZd27QXN1fV26ODM1NjUyLTY2Mzc5MDEuanBnfHx8fHx8fHx8fHw0MDB4MzAw.jpg","large":"MmNhYzc2MDc2NTJlODQ1MmQ3ZTAzM2M4NzQ1NmUyYWPAv-rVrXWDjzpoTE-pOmsoODM1NjUyLTY2Mzc5MDEuanBnfHx8fHx8fHx8fHw2NDB4NDgw.jpg"}]}},{"ad_id":"887261","reg_year":"2006","make":"Audi","model":"A3","variant":"Sportback 1.9tdi 5DR","mileage":"102000","engine_size":"1.9","fuel_type":"Diesel","body_type":"Hatchback","colour":"000000","location":"Dublin","price":"\u20ac 8,900","images":{"base_url":"http:\/\/i0.carsie.ie\/","image_list":[{"thumb":"NDg3MWI0NWI5Mjc0NjdiYWQxMzZiODczYmYwYjk1OTYI7AUSpiO66sesry4sabHXODg3MjYxLTcyMjcyMzEuanBnfHx8fHx8OTJ4Njl8fHx8fA==.jpg","main":"NDZiZDAxYjUyYTY4NTBkNTgxNTMxYTE1YzdjMzBiMWFfu98JcnyWNWkARNE82r3EODg3MjYxLTcyMjcyMzEuanBnfHx8fHx8fHx8fHw0MDB4MzAw.jpg","large":"ZGQ2NDAzNmY3YmY3ZTQ3MmQ0MTZiNzgyZTA1OWZkODaEwEEaa0hu8QWNrzOHVxZzODg3MjYxLTcyMjcyMzEuanBnfHx8fHx8fHx8fHw2NDB4NDgw.jpg"}]}},{"ad_id":"897161","reg_year":"2005","make":"Audi","model":"A3","variant":"AUTOMATIC SPORTBACK 1.6 ATTRACTION \/ NCT TESTED \/ LOW LOW MILEAGE \/ CALL 086-8055412 ANYTIME","mileage":"35419","engine_size":"1.6","fuel_type":"Petrol","body_type":"Hatchback","colour":"e0e0e0","location":"Dublin","price":"\u20ac 8,900","images":{"base_url":"http:\/\/i0.carsie.ie\/","image_list":[{"thumb":"MzZjZGQ1M2JlYmU0MDM3MDdiYWMxYWE0MDNhYTcxYTi1D61rYZGh-fl3ocpH2NWKODk3MTYxLTczNTE1NDkuanBnfHx8fHx8OTJ4Njl8fHx8fA==.jpg","main":"YzM1NDU4ODFjYWNkYTg5MzM1MmVkZmVjYjUxZWY2ZWUCapCxCeYYS2dtyXzyACQ2ODk3MTYxLTczNTE1NDkuanBnfHx8fHx8fHx8fHw0MDB4MzAw.jpg","large":"NjFkNDgzMjkzZmQwMDA1ODA2NWI2MGJhMGQ5OTc1NTV6qK1911UytWygh3MJFVaCODk3MTYxLTczNTE1NDkuanBnfHx8fHx8fHx8fHw2NDB4NDgw.jpg"}]}},{"ad_id":"896997","reg_year":"2005","make":"Audi","model":"A4","variant":"","mileage":"113947","engine_size":"1.9","fuel_type":"Diesel","body_type":"Saloon","colour":"0000c0","location":"Wicklow","price":"\u20ac 8,900","images":{"base_url":"http:\/\/i0.carsie.ie\/","image_list":[{"thumb":"NmVlZDBlM2QwNmM0ZGVjMDhjZTIwODFlMDAwZjFmYjNP1c_6ky0Ng6i753PDvwwzODk2OTk3LTczNDk4NjguanBnfHx8fHx8OTJ4Njl8fHx8fA==.jpg","main":"MTg0OGMyZDFiY2E2MjU1NmM2YTI3YjBkNTQ1YzFhYWHgkAXn3q1EQnu_aAO1fpgEODk2OTk3LTczNDk4NjguanBnfHx8fHx8fHx8fHw0MDB4MzAw.jpg","large":"ZDRhZmJhZTY5YWYxNzRkYjZmNjRjZTdjNjZhNWIzZjV7UU_fhxQxTxzwaul97xWXODk2OTk3LTczNDk4NjguanBnfHx8fHx8fHx8fHw2NDB4NDgw.jpg"}]}},{"ad_id":"899517","reg_year":"2006","make":"BMW","model":"316","variant":"I ES Z3SQ 4DR","mileage":"83124","engine_size":"1.6","fuel_type":"Petrol","body_type":"Saloon","colour":"ff0000","location":"Cork","price":"\u20ac 8,900","images":{"base_url":"http:\/\/i0.carsie.ie\/","image_list":[{"thumb":"MWFiMTkxZDI2MGQ2MjU4ZjJlY2U2YmU0NjdlNWNhZGXA871HZjtT79NyA895KgL5ODk5NTE3LTczNzk1NDkuanBnfHx8fHx8OTJ4Njl8fHx8fA==.jpg","main":"YzU1NGY3ODdiYTQyZDFkMjRkNjc1ZjQwN2NlMGI4MWKpz-b74LczkjXwnCPH33NvODk5NTE3LTczNzk1NDkuanBnfHx8fHx8fHx8fHw0MDB4MzAw.jpg","large":"MmVmNDk2Y2MxMWU1ZTBhMGQzMDIyYzRiMTFjZTI4NTMagdpCdzjWHwS1huk9o07qODk5NTE3LTczNzk1NDkuanBnfHx8fHx8fHx8fHw2NDB4NDgw.jpg"}]}},{"ad_id":"894098","reg_year":"2006","make":"BMW","model":"318","variant":"I ES ","mileage":"42000","engine_size":"2.0","fuel_type":"Petrol","body_type":"Saloon","colour":"0000c0","location":"Dublin","price":"\u20ac 8,900","images":{"base_url":"http:\/\/i0.carsie.ie\/","image_list":[{"thumb":"OTJhMmM1YjJmMGRkNWVmNTMxZGNhYmUzMDQzNWZlN2I-UieS003FaRleTSsMwqQUODk0MDk4LTczMDI0MjUuanBnfHx8fHx8OTJ4Njl8fHx8fA==.jpg","main":"NGE4OGI5M2EyZDlkNzJmMmJkZDRhYTgwNWM4NjEwOTTatZNQ4oa_c5mKZDmQwC61ODk0MDk4LTczMDI0MjUuanBnfHx8fHx8fHx8fHw0MDB4MzAw.jpg","large":"MWRiZDVkNzRhMzA3Nzk1NjQ2Y2JiMzM0NjMwNjExZDWmddR0tCH45_Nz3qgdK1p7ODk0MDk4LTczMDI0MjUuanBnfHx8fHx8fHx8fHw2NDB4NDgw.jpg"}]}},{"ad_id":"893268","reg_year":"2005","make":"BMW","model":"530","variant":"D SE NC72 MY05 4DR Auto","mileage":"99000","engine_size":"3.0","fuel_type":"Diesel","body_type":"Saloon","colour":"000000","location":"Dublin","price":"\u20ac 8,900","images":{"base_url":"http:\/\/i0.carsie.ie\/","image_list":[{"thumb":"MWFiMTM4MTg0YTAyMmJiYzg0NzVkMjgzYTI2N2YyZWMFSEj2Gy0u7pywr6Lqrsl6ODkzMjY4LTcyNzcxMTQuanBnfHx8fHx8OTJ4Njl8fHx8fA==.jpg","main":"YzM0MGJiMWI1ZGNhOGU2ZjM0MGU5MWM3ZDNmMTZiMDUDM8Csjvi4oqhKwd8oOUR8ODkzMjY4LTcyNzcxMTQuanBnfHx8fHx8fHx8fHw0MDB4MzAw.jpg","large":"Y2M3ZDRhZDhmZGIyY2I1OTRhYzI2MGVjYzMxZGZjMWMmQ-tXjmltHZv7tiJETtg3ODkzMjY4LTcyNzcxMTQuanBnfHx8fHx8fHx8fHw2NDB4NDgw.jpg"}]}},{"ad_id":"885791","reg_year":"2005","make":"BMW","model":"X3","variant":"2.5I Sport 5DR","mileage":"63322","engine_size":"2.5","fuel_type":"Petrol","body_type":"Estate","colour":"0000c0","location":"Dublin","price":"\u20ac 8,900","images":{"base_url":"http:\/\/i0.carsie.ie\/","image_list":[{"thumb":"MDdkYWU4YmI5N2I1NTBjYzFlOTg0MzY0ZmJhODczNjPK-LXkhq7xejeSidoIxkruODg1NzkxLTcyMDgxMTMuanBnfHx8fHx8OTJ4Njl8fHx8fA==.jpg","main":"ODVjZTJmYTI4NzNkMDY5NGM4MDliOGI2ZDk5OWFmOGMW4x8BCCfPOhmDJeQtyaiCODg1NzkxLTcyMDgxMTMuanBnfHx8fHx8fHx8fHw0MDB4MzAw.jpg","large":"MDhiNGViZjVmMWZhYjY4NzJkMzJmYTJhMjNiYjA1YWVPrifxYx0wIbtbSE-aLLvAODg1NzkxLTcyMDgxMTMuanBnfHx8fHx8fHx8fHw2NDB4NDgw.jpg"}]}},{"ad_id":"864117","reg_year":"2006","make":"Citroen","model":"C8","variant":"","mileage":"64000","engine_size":"2.0","fuel_type":"Diesel","body_type":null,"colour":null,"location":"Dublin","price":"\u20ac 8,900","images":{"base_url":"http:\/\/i0.carsie.ie\/","image_list":[{"thumb":"ZjU5MDhkNmYxMTM3NWYyMzBmNTdhNTUzYjA4MGQzOTJNSdUY-Z-oNYVqTvXoMFXTODY0MTE3LTY5NTA5MDQuanBnfHx8fHx8OTJ4Njl8fHx8fA==.jpg","main":"YzFlM2EzZTIzYTIyNTVmNDZhOWMwNjJlYzE3YmE4NWa9eBrcP26VVyXOVd-wpHHuODY0MTE3LTY5NTA5MDQuanBnfHx8fHx8fHx8fHw0MDB4MzAw.jpg","large":"ZTA3MWEwZjgxMjgzMTFjMDM1ZTg5OWJiYzdiYTk4MTF3F4tdCGy-A6_yyEF7-KbBODY0MTE3LTY5NTA5MDQuanBnfHx8fHx8fHx8fHw2NDB4NDgw.jpg"}]}},{"ad_id":"895681","reg_year":"2008","make":"Ford","model":"Focus","variant":"Style 1.6 100PS","mileage":"59000","engine_size":"1.6","fuel_type":"Petrol","body_type":"Hatchback","colour":"000000","location":"Dublin","price":"\u20ac 8,900","images":{"base_url":"http:\/\/i0.carsie.ie\/","image_list":[{"thumb":"NjEzMDIyNThjODQyMjFmZTYwODQzYmJmMDhjNDc0MDOgArhOSUUmeQbY0Ex1qFpSODk1NjgxLTc0MDE3NjIuanBnfHx8fHx8OTJ4Njl8fHx8fA==.jpg","main":"N2E0YzRlODBkNjhmZDQ4NTE5NWNmMTE2MzY0NWVjNTGenTa-ybFKxUwSOHSZ4FkMODk1NjgxLTc0MDE3NjIuanBnfHx8fHx8fHx8fHw0MDB4MzAw.jpg","large":"MGViMjFkZDU2MGE2MjUzYjQyZDlmYjY0YzQ1NzEwODBCagQauCECBnSPza4V9f43ODk1NjgxLTc0MDE3NjIuanBnfHx8fHx8fHx8fHw2NDB4NDgw.jpg"}]}},{"ad_id":"898476","reg_year":"2008","make":"Ford","model":"Focus","variant":"1.6 TDCI Style","mileage":"97000","engine_size":"1.6","fuel_type":"Diesel","body_type":"Hatchback","colour":"858585","location":"Galway","price":"\u20ac 8,900","images":{"base_url":"http:\/\/i0.carsie.ie\/","image_list":[{"thumb":"NmNiZmUwYmVmNTNiMmFkYmI3NDdmNTlkNzY5MTMxOTTdwhMO7Ig2njWWVloXi4khODk4NDc2LTczNzI3MTIuanBnfHx8fHx8OTJ4Njl8fHx8fA==.jpg","main":"NWZmM2NjMDI1ZmJkNTExYjJiYTliNDgxYjE0YjgxMjgZv0kFM3eP9Se-9vLtzWNIODk4NDc2LTczNzI3MTIuanBnfHx8fHx8fHx8fHw0MDB4MzAw.jpg","large":"MmVlYzEwYzFkMjc3NTY4ZjNhMGZkM2QwNGM4OTEzZmEIbUF6K5TQ8TCUBj1Q7aGQODk4NDc2LTczNzI3MTIuanBnfHx8fHx8fHx8fHw2NDB4NDgw.jpg"}]}},{"ad_id":"865567","reg_year":"2008","make":"Ford","model":"Fusion","variant":"diesel, 160e tax, new nct, IMMACULATE","mileage":"25000","engine_size":"1.6","fuel_type":"Diesel","body_type":"Hatchback","colour":"e0e0e0","location":"Dublin","price":"\u20ac 8,900","images":{"base_url":"http:\/\/i0.carsie.ie\/","image_list":[{"thumb":"Yzk3ZDg3NzhlNGFiNzE5ZDg3NzY1NzZiNDg0MjQ0MzILfU3agjEy_bD0Tax2DLiqODY1NTY3LTY5NzE1MTMuanBnfHx8fHx8OTJ4Njl8fHx8fA==.jpg","main":"YmRmNGFiMDE3NjQ0YjY4NmY2ZWRhZDAyYTM4OTdmMWPodTC0u37HVi9i8h0f6ObhODY1NTY3LTY5NzE1MTMuanBnfHx8fHx8fHx8fHw0MDB4MzAw.jpg","large":"OTQ4MWFiZmI2ZDIyM2ZlNjQyN2FlNjNlMGY0NjkxMmKlbhoGWIz2An-G-aLgQ76lODY1NTY3LTY5NzE1MTMuanBnfHx8fHx8fHx8fHw2NDB4NDgw.jpg"}]}},{"ad_id":"899426","reg_year":"2007","make":"Honda","model":"Accord","variant":"2.0 SR 4DR Auto","mileage":"70000","engine_size":"2.0","fuel_type":"Petrol","body_type":"Saloon","colour":"000000","location":"Meath","price":"\u20ac 8,900","images":{"base_url":"http:\/\/i0.carsie.ie\/","image_list":[{"thumb":"M2FhYjNmOTMxODU4NTUwNjhkOWFhY2Y3YTM3MjNlNzDmcvuzFKVc06L3cwPyivnmODk5NDI2LTczNzg0MjcuanBnfHx8fHx8OTJ4Njl8fHx8fA==.jpg","main":"MjFiZTRlM2Y1MTM5MmE2YWYxNjUxYTNlNzJjNTAyMmTlt63OnRhKV5GBd2Jbh4ZnODk5NDI2LTczNzg0MjcuanBnfHx8fHx8fHx8fHw0MDB4MzAw.jpg","large":"OGU2NDYwMWUxMTZkNWZjYWVkNDRlNzhjNzU3OGI0MDC1xzd9TuB2CM0ASXrE6EpzODk5NDI2LTczNzg0MjcuanBnfHx8fHx8fHx8fHw2NDB4NDgw.jpg"}]}},{"ad_id":"886290","reg_year":"2010","make":"Hyundai","model":"i20","variant":"CLASSIC 3DR","mileage":"55928","engine_size":"1.3","fuel_type":"Petrol","body_type":null,"colour":"e0e0e0","location":"Limerick","price":"\u20ac 8,900","images":{"base_url":"http:\/\/i0.carsie.ie\/","image_list":[{"thumb":"NDYxZjU2NWRmMmVjNDJlNmVmZjYzODQyMjZlNmZmNTY4nvh3Jrt9UZKNVfNsgGnyODg2MjkwLTcyMzUxMDAuanBnfHx8fHx8OTJ4Njl8fHx8fA==.jpg","main":"YzIxMzNiYWJmZjQzODFmNjdmNGZjNjVmZDdjNDk0YTeIR95vtYQFBvusuVsajfEhODg2MjkwLTcyMzUxMDAuanBnfHx8fHx8fHx8fHw0MDB4MzAw.jpg","large":"YzMyNDQ5ZDJiOTg3NjA5MDc4Yjc2ZmI5NjA5ODJkMTLbIA5dKCUBRqHMJqX3F7OsODg2MjkwLTcyMzUxMDAuanBnfHx8fHx8fHx8fHw2NDB4NDgw.jpg"}]}},{"ad_id":"819290","reg_year":"2008","make":"Hyundai","model":"Tucson","variant":"Aircon 2WD","mileage":"58410","engine_size":"2.0","fuel_type":"Petrol","body_type":"SUV","colour":"008000","location":"Cork","price":"\u20ac 8,900","images":{"base_url":"http:\/\/i0.carsie.ie\/","image_list":[{"thumb":"YzdlZTg5OTU0ZmMxZWEyYTQzMjYxNzhjNzUwOWZjZWHe7UkKgfLDqQwV0G6OdjwRODE5MjkwLTY0NDU2OTAuanBnfHx8fHx8OTJ4Njl8fHx8fA==.jpg","main":"MDY3NGQ2NDk1MDBjYTRhYmFjZjdhMzU1ZWRkMzU0NzfNemcvwpzWJv5gtHRns0OtODE5MjkwLTY0NDU2OTAuanBnfHx8fHx8fHx8fHw0MDB4MzAw.jpg","large":"ODE0YmIxYmJkNGM3YjgwNDAxNWRlNTdhNGU3ZTQxMjeGWZWMn0ypBT2-SzYaRoWIODE5MjkwLTY0NDU2OTAuanBnfHx8fHx8fHx8fHw2NDB4NDgw.jpg"}]}},{"ad_id":"871334","reg_year":"2006","make":"Lexus","model":"GS 300","variant":"GS 300 Executive 4DR AUT","mileage":"100043","engine_size":"3.0","fuel_type":"Petrol","body_type":"Saloon","colour":"e0e0e0","location":"Meath","price":"\u20ac 8,900","images":{"base_url":"http:\/\/i0.carsie.ie\/","image_list":[{"thumb":"NjFlZGQ2M2IyZDYzN2NhMTM4MGM2OWNjZTNjNzBlYjC7O8Wgn6TyPPgJa9iQPOw4ODcxMzM0LTcwMzQ5MDMuanBnfHx8fHx8OTJ4Njl8fHx8fA==.jpg","main":"MmNkN2YyMmUyNDEwYjRiNzdhYTZhZmE1Mzk5ZGRlMDZmiwBzQDOF4TGPELmOT3yHODcxMzM0LTcwMzQ5MDMuanBnfHx8fHx8fHx8fHw0MDB4MzAw.jpg","large":"ODNmMWU1YjQzNjZkZmE0YzZmZDYwMzkyOWJhZmMyNTH2J0luIkKyYStcU6_bdZVmODcxMzM0LTcwMzQ5MDMuanBnfHx8fHx8fHx8fHw2NDB4NDgw.jpg"}]}},{"ad_id":"731864","reg_year":"2007","make":"Mazda","model":"Mazda6","variant":"2.0D 143PS 4DR Execut","mileage":"98447","engine_size":"2.0","fuel_type":"Diesel","body_type":"Saloon","colour":"000000","location":"Monaghan","price":"\u20ac 8,900","images":{"base_url":"http:\/\/i0.carsie.ie\/","image_list":[{"thumb":"Y2Q4YWQ2MmJmMjU0ODc0ZGEyZTMyMzZhZDEyYzQ5MDAQEP_N25wx4umK9yfnvzOuNzMxODY0LTUzNDY4ODQuanBnfHx8fHx8OTJ4Njl8fHx8fA==.jpg","main":"NGQyODQwZmUyN2VhOTk5MDU1OWM0OTAyZDY3ODFlN2SLaKEZkxQ-_ksezM-ZjvVFNzMxODY0LTUzNDY4ODQuanBnfHx8fHx8fHx8fHw0MDB4MzAw.jpg","large":"MjBkOTA3NjBhYmI2YWE1NzllN2RhYTYyYjQ5OTgwZTnlaqTnj5oayu--E72vG4DsNzMxODY0LTUzNDY4ODQuanBnfHx8fHx8fHx8fHw2NDB4NDgw.jpg"}]}},{"ad_id":"901014","reg_year":"2006","make":"Mercedes-Benz","model":"B 150","variant":"SPORT","mileage":"47000","engine_size":"1.5","fuel_type":"Petrol","body_type":"Hatchback","colour":"0000c0","location":"Dublin","price":"\u20ac 8,900","images":{"base_url":"http:\/\/i0.carsie.ie\/","image_list":[{"thumb":"NTdiODA4NzkzMjU0NzdjM2RmYWE2MGYzM2I1NmM3OTj4MxFk6SdE92Y-TbviCErmOTAxMDE0LTc0MTUwMDAuanBnfHx8fHx8OTJ4Njl8fHx8fA==.jpg","main":"NTk4OTUzMWI2NjdjNDIxZTIyM2Y1YTNmYjI0MzAxODTtzqpO-C_4nMyIvUb3FLfgOTAxMDE0LTc0MTUwMDAuanBnfHx8fHx8fHx8fHw0MDB4MzAw.jpg","large":"ODBjODViMjk1N2FjZjc1Yzc2YWYwOWFjYTZkNzQxZjaaoubCyfAe-uvKCZqLOxWBOTAxMDE0LTc0MTUwMDAuanBnfHx8fHx8fHx8fHw2NDB4NDgw.jpg"}]}}]}