{"total":"23408","result":[{"ad_id":"828616","reg_year":"2002","make":"Mitsubishi","model":"Carisma","variant":"CLASSIC","mileage":"127168","engine_size":"1.6","fuel_type":"Petrol","body_type":null,"colour":"0000c0","location":"Dublin","price":"\u20ac 2,650","images":{"base_url":"http:\/\/i0.carsie.ie\/","image_list":[{"thumb":"NzIwYTFhODJiMTRhZjZhNmI5MmU4ZmQ5N2NhNDExNDZ_XIKyiXaz3aQfT6_HgFCMODI4NjE2LTcxNDY2MzYuanBnfHx8fHx8OTJ4Njl8fHx8fA==.jpg","main":"ZTM0ZTQ4MGI4NGNlM2Q2MzMwMzRhN2E2Zjk0ODViMmTyrecDPCrjv66iGHwlZwfAODI4NjE2LTcxNDY2MzYuanBnfHx8fHx8fHx8fHw0MDB4MzAw.jpg","large":"OWYxZTVhYmMwOGM4YmMwZjNlNzliYzViYjcwMzQ4YTirEsVW2GJqI5ScfWCySE5nODI4NjE2LTcxNDY2MzYuanBnfHx8fHx8fHx8fHw2NDB4NDgw.jpg"}]}},{"ad_id":"880788","reg_year":"1995","make":"Mitsubishi","model":"Pajero","variant":"V 46 2.8 05DR A","mileage":"88000","engine_size":"2.8","fuel_type":"Diesel","body_type":null,"colour":"008000","location":"Dublin","price":"\u20ac 2,650","images":{"base_url":"http:\/\/i0.carsie.ie\/","image_list":[{"thumb":"Mjg3ZDBhMDk4N2M4ZDhjYWU3ZWVmYjU2M2U4YzZlN2PtuDET06iPCLJd-FDynQ0qODgwNzg4LTcxNDY3NDUuanBnfHx8fHx8OTJ4Njl8fHx8fA==.jpg","main":"ZjgwYzVjODBiNDU2MzUwYzE3OTc2OGU4OGRmMGUwZTO_ZGVPmmp30vRXvFu48r7JODgwNzg4LTcxNDY3NDUuanBnfHx8fHx8fHx8fHw0MDB4MzAw.jpg","large":"ZTkwZWUwM2ViNTJlZTJmMTY3ZTBlOGRkYzIyZGU2ZmRVW2ltmLPvK3rZLLF8G_EVODgwNzg4LTcxNDY3NDUuanBnfHx8fHx8fHx8fHw2NDB4NDgw.jpg"}]}},{"ad_id":"892283","reg_year":"2003","make":"Nissan","model":"Almera","variant":"1.5 4DR Tekna","mileage":"120000","engine_size":"1.5","fuel_type":"Petrol","body_type":"Saloon","colour":"f0d2a0","location":"Cavan","price":"\u20ac 2,650","images":{"base_url":"http:\/\/i0.carsie.ie\/","image_list":[{"thumb":"NzNiNDM2MDkwMDM1ODU3YzI3ZDA1YmM2NzMxZjY5MTINqRK3G5Jn3kJ1GRXMJ9zDODkyMjgzLTcyNzEyMTEuanBnfHx8fHx8OTJ4Njl8fHx8fA==.jpg","main":"NGU2OTU5YTMwYjNiYTRjZWE5ZWQzMGI5MmFlOTNhZGI48p6xYybm0e4u_oxCvfvkODkyMjgzLTcyNzEyMTEuanBnfHx8fHx8fHx8fHw0MDB4MzAw.jpg","large":"NmIyMGFlMDUxMTVlZDk1NTY4MDdlN2Y1MjExNDUzODi_MxJdaSGZ3NakMobP95BpODkyMjgzLTcyNzEyMTEuanBnfHx8fHx8fHx8fHw2NDB4NDgw.jpg"}]}},{"ad_id":"800490","reg_year":"2004","make":"Nissan","model":"Almera","variant":"1.5 4DR Tekna","mileage":"112000","engine_size":"1.5","fuel_type":"Petrol","body_type":"Saloon","colour":"e0e0e0","location":"Dublin","price":"\u20ac 2,650","images":{"base_url":"http:\/\/i0.carsie.ie\/","image_list":[{"thumb":"OTIyNTU0ZTZmN2ZjZWU2YzJjODAwMWEzNGFmN2E4N2JEcqCz1qxR_3bktaUttgLzODAwNDkwLTYyMDcxNjMuanBnfHx8fHx8OTJ4Njl8fHx8fA==.jpg","main":"NTRhYzhhZGY1ZGY3ZDZiYTNjMmI1ZGRhMzNkZTkzZjSgTdwl0VWrFMBV7htADP2sODAwNDkwLTYyMDcxNjMuanBnfHx8fHx8fHx8fHw0MDB4MzAw.jpg","large":"NDdiZTdkM2Q0YzgwOWY3MmRhOTFmOWUwZjQ0MzJjYTKP5wmZ4OqQmL4a2rYztV_EODAwNDkwLTYyMDcxNjMuanBnfHx8fHx8fHx8fHw2NDB4NDgw.jpg"}]}},{"ad_id":"899686","reg_year":"2004","make":"Nissan","model":"Almera","variant":"1.5 Sport 5DR","mileage":"110000","engine_size":"1.5","fuel_type":"Petrol","body_type":"Hatchback","colour":"f0b800","location":"Dublin","price":"\u20ac 2,650","images":{"base_url":"http:\/\/i0.carsie.ie\/","image_list":[{"thumb":"ODhkYzU4NDc5ZGNhMWZkOTIwZjUzYjBkMzg1MTRlN2VgiOTEwxwGkDVpA21SImNKODk5Njg2LTczODEwOTYuanBnfHx8fHx8OTJ4Njl8fHx8fA==.jpg","main":"NzM3NmI4OWVhNjdkODNhOGU0N2MxY2E0OGY5YTk3NjPj4c-AjZIn9_CEmQtW6YryODk5Njg2LTczODEwOTYuanBnfHx8fHx8fHx8fHw0MDB4MzAw.jpg","large":"MjgxMDczNGQxNTFkYTE3MDYyN2YwOTYzZWFiYzZjMzBcGSr7XGdz4lL9okLCKrRxODk5Njg2LTczODEwOTYuanBnfHx8fHx8fHx8fHw2NDB4NDgw.jpg"}]}},{"ad_id":"891117","reg_year":"2003","make":"Nissan","model":"Almera","variant":"NOW SOLD NOW SOLD","mileage":"64532","engine_size":"1.5","fuel_type":"Petrol","body_type":"Saloon","colour":"e0e0e0","location":"Kildare","price":"\u20ac 2,650","images":{"base_url":"http:\/\/i0.carsie.ie\/","image_list":[{"thumb":"ZWNkOTNhZjI0OGU2Mzk3YzVkMTNjYmFiYWJkNWVkMTJ_ubjFxGhV7E5OYDwRBylyODkxMTE3LTcyNTg5OTcuanBnfHx8fHx8OTJ4Njl8fHx8fA==.jpg","main":"NTI3YzFhZGQwOTU0MmQ2MDAzMDE2NDFiNTcyOWJhMjBCFn_hL-1iu5lDWmui3Lb3ODkxMTE3LTcyNTg5OTcuanBnfHx8fHx8fHx8fHw0MDB4MzAw.jpg","large":"MzMzNGQ0OTRmYWQ5Y2UwODAxNjI0MzNiZGM0ODBhZWYACvReaE0_VJGFq4DKtYo8ODkxMTE3LTcyNTg5OTcuanBnfHx8fHx8fHx8fHw2NDB4NDgw.jpg"}]}},{"ad_id":"767508","reg_year":"2003","make":"Nissan","model":"Almera","variant":"saloon sx","mileage":"129000","engine_size":"1.5","fuel_type":"Petrol","body_type":"Saloon","colour":"7a0000","location":"Laois","price":"\u20ac 2,650","images":{"base_url":"http:\/\/i0.carsie.ie\/","image_list":[{"thumb":"MTQ0NTcxNWMzMTk1N2JjNzU3NzY2OTg2ZDhmMDYyNTVc9PYiCsPOIe8oFS6bM1-WNzY3NTA4LTU3OTQxMDguanBnfHx8fHx8OTJ4Njl8fHx8fA==.jpg","main":"NDI0YTRiNjUyOTQ2ODI1YTU1YzdiM2Y4MDVhODIwMjgHPOVflc-guEZlRr39viyrNzY3NTA4LTU3OTQxMDguanBnfHx8fHx8fHx8fHw0MDB4MzAw.jpg","large":"MzkxNjcxYTdlMjQwYjM5ODM5ZDE4MTkzODI1NDk5OWbQqn79aN-hmQ2_1paBdIb3NzY3NTA4LTU3OTQxMDguanBnfHx8fHx8fHx8fHw2NDB4NDgw.jpg"}]}},{"ad_id":"901850","reg_year":"2003","make":"Nissan","model":"Micra","variant":"1.0 5DR Visia","mileage":"57000","engine_size":"1.0","fuel_type":"Petrol","body_type":"Hatchback","colour":"e0e0e0","location":"Waterford","price":"\u20ac 2,650","images":{"base_url":"http:\/\/i0.carsie.ie\/","image_list":[{"thumb":"ZWQ4NDEwMzcxYTA0MTYyNTE0YjE0NjgxNTYzOGI4MDkG6-e-Nm_lD8lVRKVJh8y2OTAxODUwLTc0MjU2NDYuanBnfHx8fHx8OTJ4Njl8fHx8fA==.jpg","main":"MGQxMzMzMjFmNGFlMDFiNjQ5YTBiMDA2Yzg4MzBhODVDkKdy3uplKYHHrCNlp7MmOTAxODUwLTc0MjU2NDYuanBnfHx8fHx8fHx8fHw0MDB4MzAw.jpg","large":"NTViM2EwNjU2NGI1YjIyZWFiMmNiY2JhODE0MWRlY2TfSNjmXT636bEdvdg8CpcHOTAxODUwLTc0MjU2NDYuanBnfHx8fHx8fHx8fHw2NDB4NDgw.jpg"}]}},{"ad_id":"897789","reg_year":"2003","make":"Opel","model":"Astra","variant":"GLXE 04DR","mileage":"63000","engine_size":"1.4","fuel_type":"Petrol","body_type":"Saloon","colour":"e0e0e0","location":"Kildare","price":"\u20ac 2,650","images":{"base_url":"http:\/\/i0.carsie.ie\/","image_list":[{"thumb":"NWY2ZDA1YWVjMzEyM2JjMmVlNzIwM2QwMGQ1MDBjNzLgLfiEfCBuBNFGApGSuzlHODk3Nzg5LTczNTgyODQuanBnfHx8fHx8OTJ4Njl8fHx8fA==.jpg","main":"NDg3NjQ5ZTcyYjM3YThiZWY5NzA1N2FjNGNjMmIyNDcJI1EQNtca4SDd5MKjWmR1ODk3Nzg5LTczNTgyODQuanBnfHx8fHx8fHx8fHw0MDB4MzAw.jpg","large":"OTQzZThjNGY2ZGEzZjYwZGZiMzBiYTVmZjY4MDY2ZGPDf5DiRxEHn6wGIPTgMZVHODk3Nzg5LTczNTgyODQuanBnfHx8fHx8fHx8fHw2NDB4NDgw.jpg"}]}},{"ad_id":"829148","reg_year":"2002","make":"Opel","model":"Zafira","variant":"Club Y 2.0 DTH","mileage":"107000","engine_size":"2.0","fuel_type":"Diesel","body_type":"Hatchback","colour":"0000c0","location":"Cork","price":"\u20ac 2,650","images":{"base_url":"http:\/\/i0.carsie.ie\/","image_list":[{"thumb":"NzVjNjA2NDUwODRlZWI5ZTFkNzZjNTI2YzFiMWU1YmNtjhyAV2wWSl6JKoA56BX4ODI5MTQ4LTY2ODYyNjguanBnfHx8fHx8OTJ4Njl8fHx8fA==.jpg","main":"Y2IxZmY3N2QzMTZiMWUwNTIzOGVmNzhiZjkwM2Y2OTg80LoOiNY6gqAPJuUe2tGKODI5MTQ4LTY2ODYyNjguanBnfHx8fHx8fHx8fHw0MDB4MzAw.jpg","large":"MDgzZDk1ODM3YzFhNzliZjIxMTZlZjkyOWZiZTUzZDJXOrYlipkMcCkU7LAOmSKWODI5MTQ4LTY2ODYyNjguanBnfHx8fHx8fHx8fHw2NDB4NDgw.jpg"}]}},{"ad_id":"806661","reg_year":"2005","make":"Peugeot","model":"206","variant":"Coupe Cabriolet","mileage":"165910","engine_size":"1.6","fuel_type":"Petrol","body_type":"Cabriolet \/ Convertible","colour":"000000","location":"Roscommon","price":"\u20ac 2,650","images":{"base_url":"http:\/\/i0.carsie.ie\/","image_list":[{"thumb":"YmQ5YTk0OGUxNWQ4ZGY5ZjlhMjdjMTNjOWI2NTQ2Yjei90YMtjolLZPDPFLm9PLfODA2NjYxLTYyODU0OTUuanBnfHx8fHx8OTJ4Njl8fHx8fA==.jpg","main":"MzcxMWIzYmI1MTY4ZDc1N2RiMTFlMGY2ZDE5NDRhOTPiNPbpasTRBLXSfERCX2jrODA2NjYxLTYyODU0OTUuanBnfHx8fHx8fHx8fHw0MDB4MzAw.jpg","large":"YTRmOTQ2YzU3MWYxNjVhZDc1MGYzOGUwNTY3M2QxMjDhqohf1JbKO_KRwZgvj-PrODA2NjYxLTYyODU0OTUuanBnfHx8fHx8fHx8fHw2NDB4NDgw.jpg"}]}},{"ad_id":"892139","reg_year":"2002","make":"Peugeot","model":"307","variant":"XR","mileage":"980000","engine_size":"1.4","fuel_type":"Petrol","body_type":"Hatchback","colour":"ff0000","location":"Dublin","price":"\u20ac 2,650","images":{"base_url":"http:\/\/i0.carsie.ie\/","image_list":[{"thumb":"YWZkY2FhNmNlZjQxYTBhZmRhODYzMmIyMWFiODJhNzFMkYypiYTdepgKRNOsR6H9ODkyMTM5LTcyNjk3NDguanBnfHx8fHx8OTJ4Njl8fHx8fA==.jpg","main":"M2M3YjliMWM5MGU1Njc3MDIzODgyZThlZTVhMmUyZTXkWTcktFqGJ81D7f-W6G_yODkyMTM5LTcyNjk3NDguanBnfHx8fHx8fHx8fHw0MDB4MzAw.jpg","large":"ZGVmM2VmNzc2NDBlZGRjMWQxM2FjZmQ1MGI4YTliMjUZGo2hOv4XWCz2OTy8F6H3ODkyMTM5LTcyNjk3NDguanBnfHx8fHx8fHx8fHw2NDB4NDgw.jpg"}]}},{"ad_id":"901883","reg_year":"2004","make":"Peugeot","model":"407","variant":"ST Sport 2.0 4DR","mileage":"85000","engine_size":"2.0","fuel_type":"Petrol","body_type":"Saloon","colour":"858585","location":"Dublin","price":"\u20ac 2,650","images":{"base_url":"http:\/\/i0.carsie.ie\/","image_list":[{"thumb":"M2IyNGJkZWVjOGY3MjM4ZWVhY2ZlOThjYzI5MDM5MTUiYKmHP_eAl6VlHpSWaslIOTAxODgzLTc0MjU5NjAuanBnfHx8fHx8OTJ4Njl8fHx8fA==.jpg","main":"MDQ1N2YxOWRiNjk2ZWQ3M2VjNjIyYTEwMDBhZmNhNTSycqZZ_dC__BGprBP2y-HYOTAxODgzLTc0MjU5NjAuanBnfHx8fHx8fHx8fHw0MDB4MzAw.jpg","large":"MTA4MWUxZDI1MmRjMGMyMmMyOWU3MTI5YzNhZmI2OTIFRgAJ-biWEtYupsbxYdAqOTAxODgzLTc0MjU5NjAuanBnfHx8fHx8fHx8fHw2NDB4NDgw.jpg"}]}},{"ad_id":"891890","reg_year":"2003","make":"Renault","model":"Clio","variant":"1.2 Extreme","mileage":"50000","engine_size":"1.1","fuel_type":"Petrol","body_type":"Hatchback","colour":"e0e0e0","location":"Dublin","price":"\u20ac 2,650","images":{"base_url":"http:\/\/i0.carsie.ie\/","image_list":[{"thumb":"MDQ4NTk2MjlmOGYyNmY2ZDU1NjYwZGU4NWM1NTQwYzVIC4M-t3s68nEhffhA2M-MODkxODkwLTc0MTkyNjAuanBnfHx8fHx8OTJ4Njl8fHx8fA==.jpg","main":"ZDVmMDNjNDgzOTY2NTgyNWY4MGE1MTAwYmM3M2VlMDmNoJsjIQHgK08VGflu-tPqODkxODkwLTc0MTkyNjAuanBnfHx8fHx8fHx8fHw0MDB4MzAw.jpg","large":"ZGYxNjUyMGJiNmNhYjMyMWQzMjAxMmNmZjhmYTY2Nzi_HHqCJTnap-7ZD8kC8Dh8ODkxODkwLTc0MTkyNjAuanBnfHx8fHx8fHx8fHw2NDB4NDgw.jpg"}]}},{"ad_id":"877880","reg_year":"2002","make":"Renault","model":"Clio","variant":"1.2","mileage":"89000","engine_size":"1.2","fuel_type":"Petrol","body_type":null,"colour":"000000","location":"Kerry","price":"\u20ac 2,650","images":{"base_url":"http:\/\/i0.carsie.ie\/","image_list":[{"thumb":"MDhiOWNjNjg4MDY1NzBhZDlhMzk0ZDE5MDNhZDFkOTQYXjpsTdySBNxKmYamMtEKODc3ODgwLTcxMTc2NTAuanBnfHx8fHx8OTJ4Njl8fHx8fA==.jpg","main":"OWU3ZmZkZjc4NWJmNWEzZGRiYmY1NjE2MjEwMzUyNWJy5MMVnU4ii5cdXyqS1Sb_ODc3ODgwLTcxMTc2NTAuanBnfHx8fHx8fHx8fHw0MDB4MzAw.jpg","large":"YmE2YjhiMjAwMmEzYWY2ZDllNmY0ZTk1NTcxNDc0ZTQv0hD0xITPy_mYbf5YgpplODc3ODgwLTcxMTc2NTAuanBnfHx8fHx8fHx8fHw2NDB4NDgw.jpg"}]}},{"ad_id":"878795","reg_year":"2004","make":"Renault","model":"Kangoo","variant":"","mileage":"135000","engine_size":"1.5","fuel_type":"Diesel","body_type":"Van","colour":"ff0000","location":"Tipperary","price":"\u20ac 2,650","images":{"base_url":"http:\/\/i0.carsie.ie\/","image_list":[{"thumb":"OTBlOTc4NTc3MjIwMWRjOGFmMmJjOTVjM2JkZGZjOWPr2__b-6dorRtyM94H8E_0ODc4Nzk1LTczMjM4ODcuanBnfHx8fHx8OTJ4Njl8fHx8fA==.jpg","main":"ZDIyYWQwMTViMzdiZjZkOTI4NzBhYmJmNzNkZjA4ZGGbF0WUQDdgb695kl9DRr0mODc4Nzk1LTczMjM4ODcuanBnfHx8fHx8fHx8fHw0MDB4MzAw.jpg","large":"YWMzYzVlYjc1YmM1ZWM2YzY1MDg1YzJjNDcwZjdmNTgS3BnckEzU139ag01i_ZwnODc4Nzk1LTczMjM4ODcuanBnfHx8fHx8fHx8fHw2NDB4NDgw.jpg"}]}},{"ad_id":"876560","reg_year":"2004","make":"Renault","model":"Megane","variant":"SP 6S Dynamique","mileage":"77000","engine_size":"1.4","fuel_type":"Petrol","body_type":"Saloon","colour":"0000c0","location":"Cork","price":"\u20ac 2,650","images":{"base_url":"http:\/\/i0.carsie.ie\/","image_list":[{"thumb":"ZDQxZjhkZmQ5ODcxMGQ5ZGQ0ZDc4MjdlOGI4MzJhMzCA2XIRYGDBOUvgnXPndO2qODc2NTYwLTcxMDMzNzcuanBnfHx8fHx8OTJ4Njl8fHx8fA==.jpg","main":"YTA4ZTMwMzU2MzNkZjk1NDAzZWY0MzlkNGY0YTRiYmVV0nbt7lyEwEl1olREpqTdODc2NTYwLTcxMDMzNzcuanBnfHx8fHx8fHx8fHw0MDB4MzAw.jpg","large":"ZmY4NTM0ZmUxOGJlYzhhYzczYTcxYjViMmJmZGY2NDSbQCCzgwXGKUWLVCXDij2WODc2NTYwLTcxMDMzNzcuanBnfHx8fHx8fHx8fHw2NDB4NDgw.jpg"}]}},{"ad_id":"869686","reg_year":"2005","make":"Renault","model":"Megane","variant":"SP 6S Dynamique","mileage":"109675","engine_size":"1.4","fuel_type":"Petrol","body_type":"Saloon","colour":"e0e0e0","location":"Dublin","price":"\u20ac 2,650","images":{"base_url":"http:\/\/i0.carsie.ie\/","image_list":[{"thumb":"YjY4MzYxZGYwMjZkYjMxYzY1NWQzNzdjNDJiYjRlODE5Pqr0U264mvnyRcncGm9HODY5Njg2LTcwMTgzNTguanBnfHx8fHx8OTJ4Njl8fHx8fA==.jpg","main":"ZDdjZTlkOGRiYTkzNmIzYzkwODdjMjAzMWE1Zjg0OGOw4j-sSJzIcXjR4LnnoqkpODY5Njg2LTcwMTgzNTguanBnfHx8fHx8fHx8fHw0MDB4MzAw.jpg","large":"N2JjOTc0OTQ2Njg0ZTI4MmRkN2FiYWVjZjVjMTgwMWZ56SGFzAG3mPZg-6WENwk7ODY5Njg2LTcwMTgzNTguanBnfHx8fHx8fHx8fHw2NDB4NDgw.jpg"}]}},{"ad_id":"897961","reg_year":"2003","make":"Renault","model":"Megane","variant":"Scenic 4 16VDY","mileage":"91000","engine_size":"1.4","fuel_type":"Petrol","body_type":"Hatchback","colour":"0000c0","location":"Dublin","price":"\u20ac 2,650","images":{"base_url":"http:\/\/i0.carsie.ie\/","image_list":[{"thumb":"MGViMmRhYmMwZmZhYWRkNjhlNzdhYTU0YTVmMDYwMmSm9wNS0P97N3AL5Y5Fy52QODk3OTYxLTczNjAxNDYuanBnfHx8fHx8OTJ4Njl8fHx8fA==.jpg","main":"NDk5OGI5NmJlZWJkZGVlZDMwNTQ2MzA0ZjQ1OTQwNDnnjDCxiV-eyIeb49QjlKtXODk3OTYxLTczNjAxNDYuanBnfHx8fHx8fHx8fHw0MDB4MzAw.jpg","large":"YTA5MGVmZTkyMGI1NThlNjkwNzI3NjNmNjcwYThhZGPhTR0R7sdkQjiE36HYKy6kODk3OTYxLTczNjAxNDYuanBnfHx8fHx8fHx8fHw2NDB4NDgw.jpg"}]}},{"ad_id":"839822","reg_year":"2003","make":"Renault","model":"Megane","variant":"2 16V Sport","mileage":"136276","engine_size":"1.4","fuel_type":"Petrol","body_type":"Hatchback","colour":"858585","location":"Kildare","price":"\u20ac 2,650","images":{"base_url":"http:\/\/i0.carsie.ie\/","image_list":[{"thumb":"MWE3Njk2YmM0YmY4OGE1ZGE5NzJhMzMzNjNiN2ZhN2QkN28FEmm5MKdCeqYh_Y15ODM5ODIyLTY2ODUwMDAuanBnfHx8fHx8OTJ4Njl8fHx8fA==.jpg","main":"MmExZjEyZjRjMzkyM2UzNTQxMDc0MDYwZWZkNzc5ODhSxFutPOpSrQQkkRhK8m_xODM5ODIyLTY2ODUwMDAuanBnfHx8fHx8fHx8fHw0MDB4MzAw.jpg","large":"MzVlZTY2ODQ5ZGZlZTQ0ZmMzMjgzMzk1MmJlNDMwMGKHAiG7kyI43qO-cZs7sz-0ODM5ODIyLTY2ODUwMDAuanBnfHx8fHx8fHx8fHw2NDB4NDgw.jpg"}]}}]}