{"total":"23408","result":[{"ad_id":"860874","reg_year":"2010","make":"Toyota","model":"Yaris","variant":"1.0 Terra 5dr","mileage":"46602","engine_size":"1.0","fuel_type":"Petrol","body_type":"Hatchback","colour":"ff0000","location":"Dublin","price":"\u20ac 8,500","images":{"base_url":"http:\/\/i0.carsie.ie\/","image_list":[{"thumb":"MDkzMzA0ZGU0MmQ0MGQ0MjEwM2VhYmQ1MDQ5MDY5ZWK7RCTxuLmQ-KtWL9VPWx1pODYwODc0LTY5MTI0NTYuanBnfHx8fHx8OTJ4Njl8fHx8fA==.jpg","main":"YjUwZjE5NjNjMWU5YmRjOWUxNjc2MzQzMjkzOGQ5ZGVm-WdR2QmpHZEZ_aLmD-IFODYwODc0LTY5MTI0NTYuanBnfHx8fHx8fHx8fHw0MDB4MzAw.jpg","large":"NTI4MjA4Mzk2OTY2ZjExMjYyMzYxZjE5M2JmYTUxMzezadgR0mHQ_YKlrjf0_CiIODYwODc0LTY5MTI0NTYuanBnfHx8fHx8fHx8fHw2NDB4NDgw.jpg"}]}},{"ad_id":"900524","reg_year":"2008","make":"Toyota","model":"Yaris","variant":"1.3 VVTI TR 05DR NCT","mileage":"8000","engine_size":"1.3","fuel_type":"Petrol","body_type":"Hatchback","colour":"858585","location":"Dublin","price":"\u20ac 8,500","images":{"base_url":"http:\/\/i0.carsie.ie\/","image_list":[{"thumb":"NDBjNmIxMDgwNWE1ZDc0ODI5MjgxMzFlOTRlZTFiMTUkBcK-MYbvUY1gBiBSzn3IOTAwNTI0LTc0MDE4NjQuanBnfHx8fHx8OTJ4Njl8fHx8fA==.jpg","main":"NDFkYTQ2YmJjYjdmMmVlNmIyODJmZTQxZGVkNTcwNzMJ_SzSYWcmLIKpR9sD-nDVOTAwNTI0LTc0MDE4NjQuanBnfHx8fHx8fHx8fHw0MDB4MzAw.jpg","large":"YjA3ODczOWY1NDk5ZDgyMTc0OGM1NmM2NDdjZGUxMzRBOmh49firHLAnrfdVRT7wOTAwNTI0LTc0MDE4NjQuanBnfHx8fHx8fHx8fHw2NDB4NDgw.jpg"}]}},{"ad_id":"891358","reg_year":"2008","make":"Toyota","model":"Yaris","variant":"yaris ng 1.0l strata","mileage":"30489","engine_size":"1.0","fuel_type":"Petrol","body_type":"Hatchback","colour":"000000","location":"Sligo","price":"\u20ac 8,500","images":{"base_url":"http:\/\/i0.carsie.ie\/","image_list":[{"thumb":"NTQwMTAxYzI3NDY0MzU2YmU5ZWM0ZDYwNWVhYzlkOWbQnD99GO1_kugtK3k9dFtfODkxMzU4LTczNDc0MzIuanBnfHx8fHx8OTJ4Njl8fHx8fA==.jpg","main":"NWY0NzIzMjg2MzI2MTYwYTdjNmQxOTQ3ZTg5NDhiODhVPri21cwyZSlIfkGCrOFyODkxMzU4LTczNDc0MzIuanBnfHx8fHx8fHx8fHw0MDB4MzAw.jpg","large":"M2RiOTVjZDAwNDYyOGQyZDVjOWRlNWI0ZTVjZmUzYWIxql64ABAGf9UVmtRECKxjODkxMzU4LTczNDc0MzIuanBnfHx8fHx8fHx8fHw2NDB4NDgw.jpg"}]}},{"ad_id":"861007","reg_year":"2008","make":"Vauxhall","model":"Astra","variant":"5DR CLUB 1.3CDTI","mileage":"81347","engine_size":"1.3","fuel_type":"Diesel","body_type":null,"colour":"0000c0","location":"Carlow","price":"\u20ac 8,500","images":{"base_url":"http:\/\/i0.carsie.ie\/","image_list":[{"thumb":"ZjEzMTViMzhmZDY5ZWNiZTlmMTdjMzczM2M5MDI1NmWA5VNwLPkoymNqXRqw6DksODYxMDA3LTY5MTQwMzEuanBnfHx8fHx8OTJ4Njl8fHx8fA==.jpg","main":"YTc3MDEyMGFjOWRkYjgyMzUzMjM2NmNhNjczNDllODUWc2ddXo9xutw5cNqLb0UAODYxMDA3LTY5MTQwMzEuanBnfHx8fHx8fHx8fHw0MDB4MzAw.jpg","large":"OWE5ZGUzNjI0MDc3MmI2MDJmMTk2YzllY2I1MjFkMDGBwhwGxOYe78ci9kHJlCjQODYxMDA3LTY5MTQwMzEuanBnfHx8fHx8fHx8fHw2NDB4NDgw.jpg"}]}},{"ad_id":"897526","reg_year":"2008","make":"Vauxhall","model":"Astra","variant":"Life A\/C Cdti","mileage":"75000","engine_size":"1.7","fuel_type":"Diesel","body_type":"Hatchback","colour":"f0d2a0","location":"Kerry","price":"\u20ac 8,500","images":{"base_url":"http:\/\/i0.carsie.ie\/","image_list":[{"thumb":"ZmNhYzY3YTcyZWY1NTU0MWMxMDNhYWNiZTc0ZDhkNjEfQXHxW2HLcWzGhBC9VfioODk3NTI2LTczNTQyMzAuanBnfHx8fHx8OTJ4Njl8fHx8fA==.jpg","main":"YmRlZmNjZGJkOTYyOWI5ODdmNmQ0NjFmZTQyYzYwZTSZB0hiqkvBa_dNn2QkqduxODk3NTI2LTczNTQyMzAuanBnfHx8fHx8fHx8fHw0MDB4MzAw.jpg","large":"YzUxNTRkMmI2MGU5NjZmYWZkZGI0ZDNmZTJkNmUxOTaaShoiKkBHuea9tCJxYI7WODk3NTI2LTczNTQyMzAuanBnfHx8fHx8fHx8fHw2NDB4NDgw.jpg"}]}},{"ad_id":"812838","reg_year":"2008","make":"Vauxhall","model":"Corsa","variant":"Cdti SXI 5DR","mileage":"50000","engine_size":"1.2","fuel_type":"Diesel","body_type":"Hatchback","colour":"000000","location":"Dublin","price":"\u20ac 8,500","images":{"base_url":"http:\/\/i0.carsie.ie\/","image_list":[{"thumb":"NzIxZjkyNWU3YzAyMGZjNWM3ODA0YzIwYmVjNTk1MjRu3Bp7DfLTQsDZ6_SXHDkFODEyODM4LTYzNjAyMjYuanBnfHx8fHx8OTJ4Njl8fHx8fA==.jpg","main":"YTY5NGJlMDEyMmVjNWU2YjkwZjEwZWQ1MjNiMzkzZWTdRN0bSXZMEUdeX-9MDuG0ODEyODM4LTYzNjAyMjYuanBnfHx8fHx8fHx8fHw0MDB4MzAw.jpg","large":"ZTdhZTA1YjQ4MzE0YzQ0MWY5MTIzNjFmNWUwN2E3NGTojd_xwy3Pz0DtCtMyDb48ODEyODM4LTYzNjAyMjYuanBnfHx8fHx8fHx8fHw2NDB4NDgw.jpg"}]}},{"ad_id":"882887","reg_year":"2008","make":"Vauxhall","model":"Vectra","variant":"1.9CDTi Exclusiv","mileage":"91000","engine_size":"1.9","fuel_type":"Diesel","body_type":"Hatchback","colour":"000000","location":"Westmeath","price":"\u20ac 8,500","images":{"base_url":"http:\/\/i0.carsie.ie\/","image_list":[{"thumb":"NTZlYmMwZWMzYjYxYmI2YTliNzY3NjQ2NmE5YTU3ODQdIQ_pYbU9lWu_Qo9aOjT3ODgyODg3LTcxNzA4MzUuanBnfHx8fHx8OTJ4Njl8fHx8fA==.jpg","main":"YzhmMGJkMmMxNGY0MjMxN2EwZDIyZmMyZTM5NzVjNzJ4K4VZJm10mvtnp_z1D7gzODgyODg3LTcxNzA4MzUuanBnfHx8fHx8fHx8fHw0MDB4MzAw.jpg","large":"NWU1OTY1Mzc2MmE0MjdiZGQ3ZDY1N2Y3MmE3MmZkMGFWW0314pLW5XdKbXerBXv1ODgyODg3LTcxNzA4MzUuanBnfHx8fHx8fHx8fHw2NDB4NDgw.jpg"}]}},{"ad_id":"784164","reg_year":"2005","make":"Volkswagen","model":"Golf","variant":"2. gti 200BHP","mileage":"96245","engine_size":"2.0","fuel_type":"Petrol","body_type":"Hatchback","colour":"ff0000","location":"Meath","price":"\u20ac 8,500","images":{"base_url":"http:\/\/i0.carsie.ie\/","image_list":[{"thumb":"N2I0YTUxOWQ2YjFjOWViMDkzOWFiZjhmMzRlNTcyMWVgxVombD9xdi8fEqdl57WFNzg0MTY0LTczMjMxNTcuanBnfHx8fHx8OTJ4Njl8fHx8fA==.jpg","main":"YmQyNDZjY2U2MmNlOGY3OTc4MWQzM2M2MjdhNWRjYjjvF2mRuDUkr881Q3LBd4jqNzg0MTY0LTczMjMxNTcuanBnfHx8fHx8fHx8fHw0MDB4MzAw.jpg","large":"NmM2ZjU1MGIzYzk1YjU5MDJkYmM4ZTRiZWEwYmU4OTRx0IsjZunpxmDqLbmxxXKsNzg0MTY0LTczMjMxNTcuanBnfHx8fHx8fHx8fHw2NDB4NDgw.jpg"}]}},{"ad_id":"824016","reg_year":"2007","make":"Volkswagen","model":"Golf","variant":"1.4 Sport 5DR","mileage":"77673","engine_size":"1.4","fuel_type":"Petrol","body_type":"Hatchback","colour":"000000","location":"Tipperary","price":"\u20ac 8,500","images":{"base_url":"http:\/\/i0.carsie.ie\/","image_list":[{"thumb":"YjllMDU0YmQ0MjE5ZDI1MDQyMjE2OTNkYWRlYWYyYTYd1TmT9lqHmpnlj6BEiq9BODI0MDE2LTY1MDA3NzguanBnfHx8fHx8OTJ4Njl8fHx8fA==.jpg","main":"OGRiNDMyMWM3YmVkOTEwMjVjYWZjNjI1M2ZhYjExYTmjarAwiIkGyZWeiKnlHlj5ODI0MDE2LTY1MDA3NzguanBnfHx8fHx8fHx8fHw0MDB4MzAw.jpg","large":"MGRlNzZjNGJiOWFjOTMxMDMyMDUxYzhiOGIwNDYyOGQHr4ofg7tqVDK1BGaQIgy8ODI0MDE2LTY1MDA3NzguanBnfHx8fHx8fHx8fHw2NDB4NDgw.jpg"}]}},{"ad_id":"802181","reg_year":"2007","make":"Volkswagen","model":"Jetta","variant":"1.9 TDI 105BHP","mileage":"119159","engine_size":"1.9","fuel_type":"Diesel","body_type":"Saloon","colour":"e0e0e0","location":"Westmeath","price":"\u20ac 8,500","images":{"base_url":"http:\/\/i0.carsie.ie\/","image_list":[{"thumb":"MjQ4NDdjMTU0MDRkODU4NWRlZDc3ZDc5MGE1NWU3N2KVvtyDHHuup6mDcO30HIRNODAyMTgxLTYyMjY4NjUuanBnfHx8fHx8OTJ4Njl8fHx8fA==.jpg","main":"MTk1NjAxMWFlYWIxZjM2ZDZlNDQxOTc3OGM3ODZjYzAmlc1QpTy86rpQuaY4kQBeODAyMTgxLTYyMjY4NjUuanBnfHx8fHx8fHx8fHw0MDB4MzAw.jpg","large":"YzkzZWY5YjA3ZmMwZjM4NmJhNjkyYjRhOTFiMDIyOWZoDj5bUtTiT08fAXXMDSMBODAyMTgxLTYyMjY4NjUuanBnfHx8fHx8fHx8fHw2NDB4NDgw.jpg"}]}},{"ad_id":"885963","reg_year":"2006","make":"Volkswagen","model":"Passat","variant":"1.9 Diesel","mileage":"97500","engine_size":"1.9","fuel_type":"Diesel","body_type":"Saloon","colour":"e0e0e0","location":"Waterford","price":"\u20ac 8,500","images":{"base_url":"http:\/\/i0.carsie.ie\/","image_list":[{"thumb":"MDlhNjcxNzliM2JhZmYwYTNhZDhjMmQ2NWJlNjQxYzRIur5WctXCMJ3G9-odws1gODg1OTYzLTcyMTExMDMuanBnfHx8fHx8OTJ4Njl8fHx8fA==.jpg","main":"NjAyYmRlNjc2OGY5NWRkYWQ3MmI4OTlhYzNjMDlkMzYDdXaqx3qpC09oE5GVuFRjODg1OTYzLTcyMTExMDMuanBnfHx8fHx8fHx8fHw0MDB4MzAw.jpg","large":"NGY0Yjk2NGI5MmM3NGZjMTkzN2UxMjEyYWJlM2RlZjQdgcLVicoVmh55G7wD5mXLODg1OTYzLTcyMTExMDMuanBnfHx8fHx8fHx8fHw2NDB4NDgw.jpg"}]}},{"ad_id":"858352","reg_year":"2004","make":"Volkswagen","model":"Phaeton","variant":"PHAETON 3.2 V6 240BHP","mileage":"91000","engine_size":"3.2","fuel_type":"Petrol","body_type":"Saloon","colour":"000000","location":"Dublin","price":"\u20ac 8,500","images":{"base_url":"http:\/\/i0.carsie.ie\/","image_list":[{"thumb":"ODM1ZjlhNTBiMmZhNmU0MjQ1NmYwNTNkYTZkZTk5OTGuXN0elJAhz9i0BQWVMh5UODU4MzUyLTY4OTA5OTAuanBnfHx8fHx8OTJ4Njl8fHx8fA==.jpg","main":"N2MwYjM5MTMzMzBiOWVkYjAzMDMwNWJjOTgxMzlmMzgKdYW1X3OnNbBdOKBy5rYKODU4MzUyLTY4OTA5OTAuanBnfHx8fHx8fHx8fHw0MDB4MzAw.jpg","large":"OGQzNGMyYWEzZDY2ZDIxMjczOTZkNWJhMzNmOWRlYzGfaf9581fzClkPQ8P6Vx8gODU4MzUyLTY4OTA5OTAuanBnfHx8fHx8fHx8fHw2NDB4NDgw.jpg"}]}},{"ad_id":"799564","reg_year":"2008","make":"Volkswagen","model":"Polo","variant":"AIR CONDITIONING COMFORT 1.2 70BHP 5DR","mileage":"59970","engine_size":"1.2","fuel_type":"Petrol","body_type":"Hatchback","colour":"0000c0","location":"Galway","price":"\u20ac 8,500","images":{"base_url":"http:\/\/i0.carsie.ie\/","image_list":[{"thumb":"NTZiMzZjMjRlYjY0ZTkwM2U0ZGUwZTk0ZWM0ZDc3ZmJxdb-BoUy8dx5QQnhszRS5Nzk5NTY0LTYxOTUzNTcuanBnfHx8fHx8OTJ4Njl8fHx8fA==.jpg","main":"OGQzMDM0ODVhMTg1YWQ1ZmM5NjZlNGY3ZDllYTI4MDfunVrVlCz5Hj3PoawyGG6JNzk5NTY0LTYxOTUzNTcuanBnfHx8fHx8fHx8fHw0MDB4MzAw.jpg","large":"NjBlZmQ0YmE4ZmYwNTU4MDdjOWI5ODBhYTIzY2EzZWRHJZWZMJRU-DaoFs5eC0HaNzk5NTY0LTYxOTUzNTcuanBnfHx8fHx8fHx8fHw2NDB4NDgw.jpg"}]}},{"ad_id":"887870","reg_year":"2008","make":"Volvo","model":"S40","variant":"S40 1.8 SE FFV","mileage":"78000","engine_size":"1.8","fuel_type":"Petrol","body_type":"Saloon","colour":"858585","location":"Dublin","price":"\u20ac 8,500","images":{"base_url":"http:\/\/i0.carsie.ie\/","image_list":[{"thumb":"MTdkMzFhODUxNzU0YTM3NTA4NjhjMDg4MmYxNTRhNDI4spfaROPCSRk1m5UnqYt1ODg3ODcwLTcyMzI3MTQuanBnfHx8fHx8OTJ4Njl8fHx8fA==.jpg","main":"ZjQ3YmQzMjRlZTM3MjZjZTlmMDg0MzliMTBiMGUwNzh0QVv7DLtLTPdUyE25HYVMODg3ODcwLTcyMzI3MTQuanBnfHx8fHx8fHx8fHw0MDB4MzAw.jpg","large":"ZTQ0NTg4YmM1MDQxMjc1NDE1OWZhMzI5MGQyNWMyNjcczsB4ev-1f5zmKVdw45THODg3ODcwLTcyMzI3MTQuanBnfHx8fHx8fHx8fHw2NDB4NDgw.jpg"}]}},{"ad_id":"900819","reg_year":"2007","make":"Volvo","model":"V50","variant":"2.0 D SE Manual *MICHAEL DAFFY CAR SALES*","mileage":"157677","engine_size":"2.0","fuel_type":"Diesel","body_type":"Estate","colour":"000000","location":"Limerick","price":"\u20ac 8,500","images":{"base_url":"http:\/\/i0.carsie.ie\/","image_list":[{"thumb":"MWI2MzVkYmJkNmQ5MTBkOGNiNjhlZjdlN2NmYzc1M2TtSlWMxoRipTRoigM8rpy4OTAwODE5LTc0MDY2MjUuanBnfHx8fHx8OTJ4Njl8fHx8fA==.jpg","main":"MjEwOGZjZWUyODUyYzkwOGNkMDg5NDJjNzc3ODRhNTI-tTSwXJXZnjg04L12R8CjOTAwODE5LTc0MDY2MjUuanBnfHx8fHx8fHx8fHw0MDB4MzAw.jpg","large":"NzhjZDJhNDNmMzY5NWE0NTE2ZDIzODY3NWRjZGVlOGRWej2iUyVLhYux0NlD_WzVOTAwODE5LTc0MDY2MjUuanBnfHx8fHx8fHx8fHw2NDB4NDgw.jpg"}]}},{"ad_id":"866067","reg_year":"2008","make":"Volvo","model":"V50","variant":"2.4I SE Geartronic","mileage":"39147","engine_size":"2.4","fuel_type":"Petrol","body_type":"Estate","colour":"f0b800","location":"Monaghan","price":"\u20ac 8,500","images":{"base_url":"http:\/\/i0.carsie.ie\/","image_list":[{"thumb":"ODA5NTUyYmYzYWVlZGY4ODZmZDYwMmE5MjVhZWJmNzJNWnYta8FQsMccgLPll9D2ODY2MDY3LTY5NzQyOTMuanBnfHx8fHx8OTJ4Njl8fHx8fA==.jpg","main":"MDRjYzI1ZWZhODM5MzI2MTAzOTdmMDJmZjRhNTk5YjQoz78LY_TIS_UG6x9yKaDiODY2MDY3LTY5NzQyOTMuanBnfHx8fHx8fHx8fHw0MDB4MzAw.jpg","large":"ZGE5ZTFjZDRmZmZjNzJkYTJkNWY1NGNkNWE0ZTQzOWUWOspUiCTGZXnDarj_10MQODY2MDY3LTY5NzQyOTMuanBnfHx8fHx8fHx8fHw2NDB4NDgw.jpg"}]}},{"ad_id":"897475","reg_year":"2005","make":"BMW","model":"X5","variant":"X5 3.0 D SPORT 5DR Auto","mileage":"127591","engine_size":"3.0","fuel_type":"Diesel","body_type":null,"colour":"000000","location":"Carlow","price":"\u20ac 8,530","images":{"base_url":"http:\/\/i0.carsie.ie\/","image_list":[{"thumb":"NGEzNDkxZmYxZjU0YzJlYmRlMDk1OTg1ZGI2ZTRkZDHZd4XLT90BTJMN8EEmvJsTODk3NDc1LTczNTQ5MjIuanBnfHx8fHx8OTJ4Njl8fHx8fA==.jpg","main":"YWRiN2Y3Yzc0OWUxYWU3ZmJiOWQ0N2YwMzVmNjEwMDKrQZ1CvfvKH0fxDSzMyBbjODk3NDc1LTczNTQ5MjIuanBnfHx8fHx8fHx8fHw0MDB4MzAw.jpg","large":"Nzg1N2I4YjQ5ZTQ2YTU3MzA5MzFiODVmODg2OTI5MmWadz2HqZiXbIdPHsEJLoByODk3NDc1LTczNTQ5MjIuanBnfHx8fHx8fHx8fHw2NDB4NDgw.jpg"}]}},{"ad_id":"886907","reg_year":"2005","make":"Ford","model":"Galaxy","variant":"1.9 D Zetec","mileage":"72081","engine_size":"1.9","fuel_type":"Diesel","body_type":"Hatchback","colour":"e0e0e0","location":"Dublin","price":"\u20ac 8,550","images":{"base_url":"http:\/\/i0.carsie.ie\/","image_list":[{"thumb":"ZTc0NmEyZjA3YmRkYTYxNTg3MTMxNjBmNjdjYjY1YTI0AAgM9OvTRknZ2CfgqmNxODg2OTA3LTcyMTk3NjYuanBnfHx8fHx8OTJ4Njl8fHx8fA==.jpg","main":"NzBiMDc4ZGM3YWVjYzI2NDFhMWI5Y2JlOTMyZjcyNmGxTcTC5eBST2w4s2JfXNFaODg2OTA3LTcyMTk3NjYuanBnfHx8fHx8fHx8fHw0MDB4MzAw.jpg","large":"MzAyZGMyNWNlMGRmZmQzOWUzNGNiYTM2OWZjYTk3MTWlSDDo8u6lijBwOxXNOtYTODg2OTA3LTcyMTk3NjYuanBnfHx8fHx8fHx8fHw2NDB4NDgw.jpg"}]}},{"ad_id":"901971","reg_year":"2008","make":"Opel","model":"Astra","variant":"Cdti Life 88BHP 05DR","mileage":"68000","engine_size":"1.2","fuel_type":"Diesel","body_type":"Hatchback","colour":"0000c0","location":"Dublin","price":"\u20ac 8,550","images":{"base_url":"http:\/\/i0.carsie.ie\/","image_list":[{"thumb":"M2ZlNmI3N2ZjNzg5OGNhZjFkM2MwYjNlMWU3ZmY3YjEh1IGWh0u0V-9-l5m2mbF9OTAxOTcxLTc0MjY4MjYuanBnfHx8fHx8OTJ4Njl8fHx8fA==.jpg","main":"MWFlNGM2OTczYmY3ZjExY2EyMjYzOTU3MzNhYzFmNWO86nV4UV5i78gAD3BCLWLTOTAxOTcxLTc0MjY4MjYuanBnfHx8fHx8fHx8fHw0MDB4MzAw.jpg","large":"NzkxNWRkMGQ4OTU5ZjRiM2FkNDQxNDk4NjYzOWI5OWQqb5JSJlC2zk5ew3LmsIT0OTAxOTcxLTc0MjY4MjYuanBnfHx8fHx8fHx8fHw2NDB4NDgw.jpg"}]}},{"ad_id":"891019","reg_year":"2009","make":"Peugeot","model":"Partner","variant":"HDI SE L1 850","mileage":"49897","engine_size":"1.6","fuel_type":"Diesel","body_type":"Van","colour":"e0e0e0","location":"Clare","price":"\u20ac 8,550","images":{"base_url":"http:\/\/i0.carsie.ie\/","image_list":[{"thumb":"ZDgxMTA3ZWQyYTkyOGZjZmZhNzAxZGUwN2MyYjVmNzQEZOkwSL1TxKBLh6jMmWovODkxMDE5LTczNzU0NTQuanBnfHx8fHx8OTJ4Njl8fHx8fA==.jpg","main":"ODIwMThiYzc2NjdlMmM1NjZmMWVlNjI5Nzk5MTJhZWXZyZRKqKCj_3hkQq4QFuNQODkxMDE5LTczNzU0NTQuanBnfHx8fHx8fHx8fHw0MDB4MzAw.jpg","large":"MGMwNWRlYjQ5YjFiYTY5NTVhMTBkNmM3MzExNDQ1NWLgnzpIhPewr08ed-KlpXF8ODkxMDE5LTczNzU0NTQuanBnfHx8fHx8fHx8fHw2NDB4NDgw.jpg"}]}}]}