{"total":"23408","result":[{"ad_id":"837170","reg_year":"2008","make":"Nissan","model":"Tiida","variant":"Hatchback","mileage":"40625","engine_size":"1.6","fuel_type":"Petrol","body_type":"Hatchback","colour":"e0e0e0","location":"Waterford","price":"\u20ac 7,999","images":{"base_url":"http:\/\/i0.carsie.ie\/","image_list":[{"thumb":"M2QwY2NlODFmNWNjMDlhYzVkOGNiZDkxYWZlODA4Mzl8JT6ePfmZvmLoWonzBY8hODM3MTcwLTY4OTIwMzQuanBnfHx8fHx8OTJ4Njl8fHx8fA==.jpg","main":"MWQ1NzRlOGU2MmNjMjRhMDM2YzhjNWEwOGE2OWJiNjNlMmXR9yyKMBBv2spVH7XyODM3MTcwLTY4OTIwMzQuanBnfHx8fHx8fHx8fHw0MDB4MzAw.jpg","large":"YmNlMWViNGQ2ODJlMjlhNmIwNWVlNDI3ZDVjNjI1OWSRzdpVJuWWtXxIGSqJk1CnODM3MTcwLTY4OTIwMzQuanBnfHx8fHx8fHx8fHw2NDB4NDgw.jpg"}]}},{"ad_id":"896511","reg_year":"2007","make":"Opel","model":"Astra","variant":"SXI 1.4I 16V","mileage":"36543","engine_size":"1.4","fuel_type":"Petrol","body_type":"Hatchback","colour":"ffff00","location":"Dublin","price":"\u20ac 7,999","images":{"base_url":"http:\/\/i0.carsie.ie\/","image_list":[{"thumb":"MzNhZmY1MzI5N2FjM2Q4Y2JmYWQxNDdkMmUzNjVkY2VMCleORhQiVnXbxhwLxmOkODk2NTExLTczNDMwMjQuanBnfHx8fHx8OTJ4Njl8fHx8fA==.jpg","main":"NTg5NGU1ZThmNDdiYmM2OTNjNzY1OWNlNGZkMjlmYWXbwzJULQbf8qNu-1LnoobpODk2NTExLTczNDMwMjQuanBnfHx8fHx8fHx8fHw0MDB4MzAw.jpg","large":"NjE0ZDc4ZTI1MTFjZmI4ZmJlMTAzNDdlZjY4MzczYjnuErChb-VKsopqCAzw0r2lODk2NTExLTczNDMwMjQuanBnfHx8fHx8fHx8fHw2NDB4NDgw.jpg"}]}},{"ad_id":"889727","reg_year":"2007","make":"Opel","model":"Astra","variant":"3DR SXi 1.4","mileage":"65625","engine_size":"1.4","fuel_type":"Petrol","body_type":"Hatchback","colour":"f0b800","location":"Westmeath","price":"\u20ac 7,999","images":{"base_url":"http:\/\/i0.carsie.ie\/","image_list":[{"thumb":"NDdmMzk3MDcxMzllNTY2ZmIyZmNkYTY1MjU0ZTIzYmOkSoYhWsCGMu-ZC3TKnESgODg5NzI3LTcyNDQyOTEuanBnfHx8fHx8OTJ4Njl8fHx8fA==.jpg","main":"NWM0MTZlNzQ2NTk3MWFjZmNhZDNkYThhYTNkZThjOGE7TjJk9TLAqGzrKuzN1-h9ODg5NzI3LTcyNDQyOTEuanBnfHx8fHx8fHx8fHw0MDB4MzAw.jpg","large":"MGNhMzNlNjcwNDU0MjYzNWExZDM2YTAyMDJiY2ZmMjI76TJelCbsjRGBidN742UPODg5NzI3LTcyNDQyOTEuanBnfHx8fHx8fHx8fHw2NDB4NDgw.jpg"}]}},{"ad_id":"725124","reg_year":"2009","make":"Peugeot","model":"Partner","variant":"1.6 DIESEL WHEELCHAIR ADAPTED CAR","mileage":"20000","engine_size":"1.6","fuel_type":"Diesel","body_type":"People Carrier","colour":"ff0000","location":"Dublin","price":"\u20ac 7,999","images":{"base_url":"http:\/\/i0.carsie.ie\/","image_list":[{"thumb":"Zjk0NWJhYjVmNjNlMDdiY2U1NzNjYWRkZTE0ZjU4NzXbSvoZ6l3gTh8327s9gPf6NzI1MTI0LTUyNDA5MjEuanBnfHx8fHx8OTJ4Njl8fHx8fA==.jpg","main":"NTJhMjhjNWQ4ZTMxZGFiMjA4NDM5YWM2YTQ5YjZkZjib2fAgs2hZ7NlDxRhkqWT7NzI1MTI0LTUyNDA5MjEuanBnfHx8fHx8fHx8fHw0MDB4MzAw.jpg","large":"Y2UzZjg0OWQ3ODlhM2YyYWI4ZmIzN2MwNjA1YjRlMTGLKNJBBFtbXAq-oFawiIYTNzI1MTI0LTUyNDA5MjEuanBnfHx8fHx8fHx8fHw2NDB4NDgw.jpg"}]}},{"ad_id":"898933","reg_year":"2008","make":"Saab","model":"9-3","variant":"1 OWNER, FULL HISTORY, 1.8T BIOPOWER, LINEAR SPORT","mileage":"78000","engine_size":"2.0","fuel_type":"Petrol","body_type":"Saloon","colour":"000000","location":"Dublin","price":"\u20ac 7,999","images":{"base_url":"http:\/\/i0.carsie.ie\/","image_list":[{"thumb":"ZWQ4OTYyNWNlMmNiNjEwMWYxZDdjZTZlOTNkZTcyZmTGEA6aLyNd3IYGai4zh-vnODk4OTMzLTczODY4ODguanBnfHx8fHx8OTJ4Njl8fHx8fA==.jpg","main":"ZTczMzg5NDRmNDkwMDJlMGYwYTUwYTVlMWY2M2JmOTlSH51zOXqx4LZe6SPi_FAcODk4OTMzLTczODY4ODguanBnfHx8fHx8fHx8fHw0MDB4MzAw.jpg","large":"YWU5YTUzODdlNTIzMzNjODI3MTAzZThiMDg1YTBkMzKtEftSUvYPFZBsZglnSGuAODk4OTMzLTczODY4ODguanBnfHx8fHx8fHx8fHw2NDB4NDgw.jpg"}]}},{"ad_id":"901108","reg_year":"2008","make":"Skoda","model":"Fabia","variant":"*AMBIENTE 1.2 70HP*","mileage":"29826","engine_size":"1.2","fuel_type":"Petrol","body_type":"Estate","colour":"858585","location":"Dublin","price":"\u20ac 7,999","images":{"base_url":"http:\/\/i0.carsie.ie\/","image_list":[{"thumb":"MTlmZjg0NTg3OTNiZjBiMjBiZTdlNDk1YTkzZGEwOGHJOaoS4T49wLsZM4v47pNcOTAxMTA4LTc0MTU4ODguanBnfHx8fHx8OTJ4Njl8fHx8fA==.jpg","main":"OGY3MTM0ZWU5MTNkNWFlNjAwYWYxMjk3YzQ0MTk3ODEnEs3xTQaAgeepXNBbJlGvOTAxMTA4LTc0MTU4ODguanBnfHx8fHx8fHx8fHw0MDB4MzAw.jpg","large":"Zjc1NTVhNGFlYWU1NTNlMjcxNmViM2VjZDdhNmZhYjNfLj8xQxVpr5nJ06RojxboOTAxMTA4LTc0MTU4ODguanBnfHx8fHx8fHx8fHw2NDB4NDgw.jpg"}]}},{"ad_id":"891528","reg_year":"2008","make":"Toyota","model":"Avensis","variant":"RC 1.8 Luna","mileage":"80780","engine_size":"1.8","fuel_type":"Petrol","body_type":"Saloon","colour":"e0e0e0","location":"Cork","price":"\u20ac 7,999","images":{"base_url":"http:\/\/i0.carsie.ie\/","image_list":[{"thumb":"MTEzMDc3MzRiMjgwNTU0ZThhZmNiMzUxZWM4MDQ2YWQUoKNgapWls-wpwmwd-KyxODkxNTI4LTcyNjM3MzIuanBnfHx8fHx8OTJ4Njl8fHx8fA==.jpg","main":"NjA4OWIxOGQ5OTJhNzZmZjU5MTJiODY3YjZjZDJjMWRnXkCfqNciH86HRnElb3ttODkxNTI4LTcyNjM3MzIuanBnfHx8fHx8fHx8fHw0MDB4MzAw.jpg","large":"MGUyOGU5YWVlYzU0MGNjYTZkYmQwNDFkNjQ2NjdhZTmSuq3gGx5WpXvqmE28wDOQODkxNTI4LTcyNjM3MzIuanBnfHx8fHx8fHx8fHw2NDB4NDgw.jpg"}]}},{"ad_id":"832973","reg_year":"2007","make":"Toyota","model":"Avensis","variant":"1.6 4dr Strata","mileage":"52500","engine_size":"1.6","fuel_type":"Petrol","body_type":"Saloon","colour":"858585","location":"Offaly","price":"\u20ac 7,999","images":{"base_url":"http:\/\/i0.carsie.ie\/","image_list":[{"thumb":"ZWRjM2RjMTlkODQyMjU2ZjRmOGYyNjQ3ZjVkOTE4ZDDqeAkX3aQfw8UK2Xl6QKkMODMyOTczLTcxNDcwMzcuanBnfHx8fHx8OTJ4Njl8fHx8fA==.jpg","main":"Mzg2MGVjMGJjNWU1MzQ0ZGI2MzdkYzViYjI0NzlkNzOig-4QvNM-I1aoPXyjoLK0ODMyOTczLTcxNDcwMzcuanBnfHx8fHx8fHx8fHw0MDB4MzAw.jpg","large":"OWNlMDIxZGRlN2I1NzQ3YmVjYWZkZmVmMzljOGE0NDN791V2ormCEvB35bx2pnN-ODMyOTczLTcxNDcwMzcuanBnfHx8fHx8fHx8fHw2NDB4NDgw.jpg"}]}},{"ad_id":"898328","reg_year":"2005","make":"Volkswagen","model":"Golf","variant":"1.9 TDi 5dr, One Owner, IRISH Car, Only 78k klms.","mileage":"48500","engine_size":"1.9","fuel_type":"Diesel","body_type":"Hatchback","colour":"f0d2a0","location":"Dublin","price":"\u20ac 7,999","images":{"base_url":"http:\/\/i0.carsie.ie\/","image_list":[{"thumb":"M2ZkNjc1YjY5Y2UzNGMxYzY0ZjcyMGZlYjE5MzNlMTAL5GKZIaSdnfv6Bemstf0-ODk4MzI4LTczNjQzNTcuanBnfHx8fHx8OTJ4Njl8fHx8fA==.jpg","main":"OGQ3YzBiOTk0YWViM2RmMjY4OWYwZjZhODZiZmVkMGQVXh-K_nPbDADMnHAbCUfZODk4MzI4LTczNjQzNTcuanBnfHx8fHx8fHx8fHw0MDB4MzAw.jpg","large":"YWY4NTM5MDRjNmZmNWM0OTg5N2M5NTNhNDRjZTI3Mjfkr8HINVnIvN1DjtqWrQ27ODk4MzI4LTczNjQzNTcuanBnfHx8fHx8fHx8fHw2NDB4NDgw.jpg"}]}},{"ad_id":"902120","reg_year":"2005","make":"Volvo","model":"V50","variant":"2.0D SE 5DR","mileage":"77673","engine_size":"2.0","fuel_type":"Diesel","body_type":"Estate","colour":"e0e0e0","location":"Dublin","price":"\u20ac 7,999","images":{"base_url":"http:\/\/i0.carsie.ie\/","image_list":[{"thumb":"MDk2YjAxYmE0Yjk3OGM5MjUzNDAzYmZmNDhiNWFmNTInGuhvciIHUFf1zEuMCZ6bOTAyMTIwLTc0MjgzODEuanBnfHx8fHx8OTJ4Njl8fHx8fA==.jpg","main":"OTA2ZmE0YWYyMDUyY2E3NDhiODExYTNjMThjODRkNzU8uly0lfRJMUqShLMTVKMqOTAyMTIwLTc0MjgzODEuanBnfHx8fHx8fHx8fHw0MDB4MzAw.jpg","large":"MDEyMTM5ZTc4MDJkMjQ1YTZhZDI1MzUxMmUzY2QyYmRBzlsz7am3mGonWbE8zPtnOTAyMTIwLTc0MjgzODEuanBnfHx8fHx8fHx8fHw2NDB4NDgw.jpg"}]}},{"ad_id":"879509","reg_year":"1993","make":"DAF","model":"45","variant":"horse truck","mileage":"","engine_size":"5.9","fuel_type":"Diesel","body_type":"Other","colour":"858585","location":"Sligo","price":"\u20ac 8,000","images":{"base_url":"http:\/\/i0.carsie.ie\/","image_list":[{"thumb":"YmU3YWM0YzhhZjlhOTBkMmYyZmZlZTEzNzc1NzQ1OWVXVTl8GDvxPXgJs4kqsOf3ODc5NTA5LTcxMjg5MDAuanBnfHx8fHx8OTJ4Njl8fHx8fA==.jpg","main":"MDZkMWJkOGIwOWY3NmRkYTY4ZDVlNTRlY2NlMjZmMWRHlEzClc9WRIhyfGBnMzjlODc5NTA5LTcxMjg5MDAuanBnfHx8fHx8fHx8fHw0MDB4MzAw.jpg","large":"NzRkZjAzMWI4NzU1ZDk3NTk2M2JkYTkwMDhlYTljYTYssmrLMqm8B2V6KTmtXl1RODc5NTA5LTcxMjg5MDAuanBnfHx8fHx8fHx8fHw2NDB4NDgw.jpg"}]}},{"ad_id":"898020","reg_year":"2006","make":"Lexus","model":"IS 220 D","variant":"IS 220D 4DR","mileage":"57789","engine_size":"2.2","fuel_type":"Diesel","body_type":"Saloon","colour":"858585","location":"Louth","price":"\u20ac 8,000","images":{"base_url":"http:\/\/i0.carsie.ie\/","image_list":[{"thumb":"YTYzNDdlOGI1NmVmMTViMDRkMDg5ODk3ZWMwMDRmMzGBYG7Ga9m1lXgEpfmpI_nBODk4MDIwLTczNjA4MDIuanBnfHx8fHx8OTJ4Njl8fHx8fA==.jpg","main":"ZTI5YzlhNzc2ZDgzOTYwNmE5NDgxZTVmZDE4ZWJkODKbb2ZQvQRkWxTlpV_8xhqkODk4MDIwLTczNjA4MDIuanBnfHx8fHx8fHx8fHw0MDB4MzAw.jpg","large":"Yzg2NTlhMTZmYWNiYWMxM2VmNTViOGZjZGZhZWFkMWWL2hkuGrax1nlzQYB0tfbgODk4MDIwLTczNjA4MDIuanBnfHx8fHx8fHx8fHw2NDB4NDgw.jpg"}]}},{"ad_id":"796842","reg_year":"2007","make":"Mitsubishi","model":"Pajero","variant":"3.2 SWB 3DR","mileage":"124277","engine_size":"3.2","fuel_type":"Diesel","body_type":"SUV","colour":"000000","location":"Tipperary","price":"\u20ac 8,000","images":{"base_url":"http:\/\/i0.carsie.ie\/","image_list":[{"thumb":"NzIyZWMyNzE5ZDM4Y2VmMzhhZTIyODRjMDM2M2E5ZWN9MzyEzcesk_FDMhKw1pn4Nzk2ODQyLTYxNjIyNTEuanBnfHx8fHx8OTJ4Njl8fHx8fA==.jpg","main":"YTY2N2VjMDE4M2QxZTdkOWMzMjMyNmY2NjY5ZjYyNzAP_gLVHNwauPTFfGKLnqRTNzk2ODQyLTYxNjIyNTEuanBnfHx8fHx8fHx8fHw0MDB4MzAw.jpg","large":"ZGYyNGE5Y2U2OTM2YzA5MDE0ODI4M2E0YjM1YWM5MWJbKwtvOTgVO_-C5E3j3ABGNzk2ODQyLTYxNjIyNTEuanBnfHx8fHx8fHx8fHw2NDB4NDgw.jpg"}]}},{"ad_id":"804795","reg_year":"2006","make":"Mitsubishi","model":"Pajero","variant":"3.2 SWB 3DR","mileage":"96315","engine_size":"3.2","fuel_type":"Diesel","body_type":"SUV","colour":"e0e0e0","location":"Tipperary","price":"\u20ac 8,000","images":{"base_url":"http:\/\/i0.carsie.ie\/","image_list":[{"thumb":"NDc5OGJiMmUzNWY5YzJiOGQ3ZmJkZTVjMGI4ZmQ2NjmYGFInVd-hxW5AOeK7fRhVODA0Nzk1LTYyNTc2NzcuanBnfHx8fHx8OTJ4Njl8fHx8fA==.jpg","main":"ZjVkY2MzMzI3MTlkNWNhYmZiYjY1OTZmYWI5NzI1MWXKNNOJBzsEx7pd5qSQX1YUODA0Nzk1LTYyNTc2NzcuanBnfHx8fHx8fHx8fHw0MDB4MzAw.jpg","large":"MjExZDI2MjY1NzFlMGVkYjUxN2NhMTc3MTEyMzQ5N2TxAfzvBgOkqAwdFPLQP00QODA0Nzk1LTYyNTc2NzcuanBnfHx8fHx8fHx8fHw2NDB4NDgw.jpg"}]}},{"ad_id":"823794","reg_year":"2004","make":"Nissan","model":"350Z","variant":"350 Z Coupe","mileage":"90000","engine_size":"3.5","fuel_type":"Petrol","body_type":"Coupe","colour":"ff0000","location":"Kildare","price":"\u20ac 8,000","images":{"base_url":"http:\/\/i0.carsie.ie\/","image_list":[{"thumb":"Yzk3NTc1ZTBhNGNiNGY2NDYxOGU3Mjc5OWNiZDZiYWSwKoJCSB0fHPIdnRIvrgsSODIzNzk0LTY0OTg4ODAuanBnfHx8fHx8OTJ4Njl8fHx8fA==.jpg","main":"MTk0MmQ2YTBmOTNmNDVmOTkyYmMwOTQ1ZWY2MjYzNTn9U4QVyhnJVQKW1iLp5NOTODIzNzk0LTY0OTg4ODAuanBnfHx8fHx8fHx8fHw0MDB4MzAw.jpg","large":"M2U1YjM5OGU5NDJlNzc1NDU3MDA1OTFlMTQ5YzMyMDHkxqjA9J21A8MKPH-_1tJ7ODIzNzk0LTY0OTg4ODAuanBnfHx8fHx8fHx8fHw2NDB4NDgw.jpg"}]}},{"ad_id":"895124","reg_year":"2010","make":"Nissan","model":"Micra","variant":"1.2 Visia 5DR","mileage":"66488","engine_size":"1.2","fuel_type":"Petrol","body_type":"Hatchback","colour":"000000","location":"Kerry","price":"\u20ac 8,000","images":{"base_url":"http:\/\/i0.carsie.ie\/","image_list":[{"thumb":"YmY3ZWI2YTA4MDQ4NjdkZTk1NDk2NDdlYWU0M2VmYTmm5vGy7NXPdCfEbu4rutkNODk1MTI0LTczMTEwMjguanBnfHx8fHx8OTJ4Njl8fHx8fA==.jpg","main":"ZDg0M2Q0NTIzZDQ0NzQxMmYyZWY2MjhlNjQ5M2U0NjLDZtILoOcWkGB2zSVvvBHBODk1MTI0LTczMTEwMjguanBnfHx8fHx8fHx8fHw0MDB4MzAw.jpg","large":"OWM4YTdjNzIwNGM5Zjg0YmZkZWI3NDc4ZDM4ZDJhNDRVQIspONW_Vfuqw-FQqp1aODk1MTI0LTczMTEwMjguanBnfHx8fHx8fHx8fHw2NDB4NDgw.jpg"}]}},{"ad_id":"868084","reg_year":"2007","make":"Opel","model":"Vectra","variant":"Life 1.6I 16V 4DR","mileage":"48139","engine_size":"1.6","fuel_type":"Petrol","body_type":"Saloon","colour":"e0e0e0","location":"Limerick","price":"\u20ac 8,000","images":{"base_url":"http:\/\/i0.carsie.ie\/","image_list":[{"thumb":"NWJkNTViY2M1NGMwMTdmNTZjMjc3ODljNjU4YzkwN2LDJ8O_sgSMmFZfCuzw_uRxODY4MDg0LTY5OTg5NjcuanBnfHx8fHx8OTJ4Njl8fHx8fA==.jpg","main":"NmZiMThiZmU3YTQ0NmQzNDBjN2JhMTg1N2I0YjJhNzbfif74Lri4sI3vR-2EdPGtODY4MDg0LTY5OTg5NjcuanBnfHx8fHx8fHx8fHw0MDB4MzAw.jpg","large":"NjU5YjkxNTcwNWI5NjEwYjBkMTc5Mjc0NzlkODc3MjL1rzP0TkVhgT0uAIAtz_a_ODY4MDg0LTY5OTg5NjcuanBnfHx8fHx8fHx8fHw2NDB4NDgw.jpg"}]}},{"ad_id":"849239","reg_year":"2010","make":"Perodua","model":"Myvi","variant":"SXI","mileage":"17000","engine_size":"1.3","fuel_type":"Petrol","body_type":"Hatchback","colour":"f0b800","location":"Monaghan","price":"\u20ac 8,000","images":{"base_url":"http:\/\/i0.carsie.ie\/","image_list":[{"thumb":"NmIyODcwYmRiNDJlMGRlZjJlYTgxYWMxNjc0ZDUyYTkOpAGvtXkOGF6yytxuCjtcODQ5MjM5LTY3OTM0ODguanBnfHx8fHx8OTJ4Njl8fHx8fA==.jpg","main":"ODE3OTUwOTdiMmY4ZGZkYTQ3N2YyOTJlNzk1NzI5ODdVnt1A_pC8qJgpOxQFLfQjODQ5MjM5LTY3OTM0ODguanBnfHx8fHx8fHx8fHw0MDB4MzAw.jpg","large":"NDUwNjVlNTg0NDNlMmZjZWM4OTRmMzI4ZDExYmJhYWQ6NGevNRTTGMPtjSt7B-ZjODQ5MjM5LTY3OTM0ODguanBnfHx8fHx8fHx8fHw2NDB4NDgw.jpg"}]}},{"ad_id":"899537","reg_year":"2007","make":"Peugeot","model":"308","variant":"SX 1.6 120","mileage":"74000","engine_size":"1.6","fuel_type":"Petrol","body_type":"Hatchback","colour":"0000c0","location":"Louth","price":"\u20ac 8,000","images":{"base_url":"http:\/\/i0.carsie.ie\/","image_list":[{"thumb":"MTI0MDVmZjJiZmRiZTQyNDBhNTNhODcyOTIxMzBhYmb7Wxc-OyH1P1nufw0nFVWoODk5NTM3LTczNzk4MDIuanBnfHx8fHx8OTJ4Njl8fHx8fA==.jpg","main":"YTZiY2E0MzkzYWNlZDBhZTlkOTYxZjc0YjdkNmQxYWPfDWYV2v-owO2fJyzu5TfrODk5NTM3LTczNzk4MDIuanBnfHx8fHx8fHx8fHw0MDB4MzAw.jpg","large":"OGZlYWVmNjQwZDdlNWQ5MjNiMDdjMjQyOGQ0MTNkMzc6a0Tq-zDYMfJLwyS-3VSvODk5NTM3LTczNzk4MDIuanBnfHx8fHx8fHx8fHw2NDB4NDgw.jpg"}]}},{"ad_id":"809362","reg_year":"2007","make":"Seat","model":"Leon","variant":"2.0 TDI FR","mileage":"78844","engine_size":"2.0","fuel_type":"Diesel","body_type":"Hatchback","colour":"e0e0e0","location":"Clare","price":"\u20ac 8,000","images":{"base_url":"http:\/\/i0.carsie.ie\/","image_list":[{"thumb":"MjVhOTljYjM0MWUxMGM5NmE1MzI0Zjg5NTljMWNkY2ULRa3zsPj37yzOLwSeAyplODA5MzYyLTYzMjAwMDkuanBnfHx8fHx8OTJ4Njl8fHx8fA==.jpg","main":"MDk0YzllYTdkMGVlOTIyZDU3OTZlOTFmN2IwNzdlZjKlDxD6nmHMLTMSIxOCOC7qODA5MzYyLTYzMjAwMDkuanBnfHx8fHx8fHx8fHw0MDB4MzAw.jpg","large":"OTc3MmFiODU3NWMxYTU0YTgzNmZjMDViY2JhZTc3NjJjK3xb3bFjcUkUyTFD706EODA5MzYyLTYzMjAwMDkuanBnfHx8fHx8fHx8fHw2NDB4NDgw.jpg"}]}}]}