{"total":"23408","result":[{"ad_id":"857262","reg_year":"2000","make":"Volkswagen","model":"Golf","variant":"Cabri 1.8","mileage":"96000","engine_size":"1.8","fuel_type":"Petrol","body_type":"Cabriolet \/ Convertible","colour":"0000c0","location":"Dublin","price":"\u20ac 1,290","images":{"base_url":"http:\/\/i0.carsie.ie\/","image_list":[{"thumb":"NGM0OTkwZmNmN2FlMzg4M2YzYWI5MGFiOWJhNzllNDnjgZiPnXltZqYtOobN7AUYODU3MjYyLTY4NzQ4NDQuanBnfHx8fHx8OTJ4Njl8fHx8fA==.jpg","main":"ZWExNTlkOTMzYjM1MGI1NzZjZDgzYThiZWExNmYwYTQieyrAv55SkJDgNW98ipzIODU3MjYyLTY4NzQ4NDQuanBnfHx8fHx8fHx8fHw0MDB4MzAw.jpg","large":"MWQ0ZWExZDU4ZDkwNzc4OWI1NGJjMDUwMzNhODgzYTcDLFR00F_dzSsvMqIxMwcLODU3MjYyLTY4NzQ4NDQuanBnfHx8fHx8fHx8fHw2NDB4NDgw.jpg"}]}},{"ad_id":"760841","reg_year":"1998","make":"BMW","model":"525","variant":"TDS 2.5","mileage":"185000","engine_size":"2.5","fuel_type":"Diesel","body_type":"Saloon","colour":"b9cdfb","location":"Dublin","price":"\u20ac 1,295","images":{"base_url":"http:\/\/i0.carsie.ie\/","image_list":[{"thumb":"Yzc3NjkwNTVlZDZkOGIxMGVkZWQ2Zjk3MmM0MjI1ZWZXmCLZQ5HsW4pHuJUqEURLNzYwODQxLTU3MDA0NjkuanBnfHx8fHx8OTJ4Njl8fHx8fA==.jpg","main":"ZDk3ZjU1NDZiODVhYTJlNjhkNjNhZTlkMjY0OTA3ZTjkRRn2_ZxFsVTXO-OAnDvgNzYwODQxLTU3MDA0NjkuanBnfHx8fHx8fHx8fHw0MDB4MzAw.jpg","large":"ODg4ZjJjZGFlOTg4NWUwZDc0M2I0MDYyMmQ5NjExNmSARGa97daRmfvL2zCoKzedNzYwODQxLTU3MDA0NjkuanBnfHx8fHx8fHx8fHw2NDB4NDgw.jpg"}]}},{"ad_id":"829540","reg_year":"1994","make":"Isuzu","model":"Trooper","variant":"3.1 DIESEL","mileage":"","engine_size":"3.1","fuel_type":"Diesel","body_type":"SUV","colour":"0000c0","location":"Dublin","price":"\u20ac 1,295","images":{"base_url":"http:\/\/i0.carsie.ie\/","image_list":[{"thumb":"ZDUwNWI0YjQ4OTVkMzA4YjViZDYxMDcyYzM3YTk5NjeZ7QxJ5_sBTKF_I5q-YW_ZODI5NTQwLTY1NzAzMDkuanBnfHx8fHx8OTJ4Njl8fHx8fA==.jpg","main":"Njg1NjY0NDIzNzk1Y2VkMDAzNzA0MmJiMjI2MzQ1MmPjFq91NqEJtQhYKdrVnn-xODI5NTQwLTY1NzAzMDkuanBnfHx8fHx8fHx8fHw0MDB4MzAw.jpg","large":"OThiMTQwOTNjNGYyY2M4NWQ0MzdhMTk4ZTc4NmY4NzTsRWcqcVnW0OAD0qo1S2sjODI5NTQwLTY1NzAzMDkuanBnfHx8fHx8fHx8fHw2NDB4NDgw.jpg"}]}},{"ad_id":"853017","reg_year":"2001","make":"Nissan","model":"Almera","variant":"1.5","mileage":"115918","engine_size":"1.5","fuel_type":"Petrol","body_type":"Saloon","colour":"e0e0e0","location":"Kildare","price":"\u20ac 1,295","images":{"base_url":"http:\/\/i0.carsie.ie\/","image_list":[{"thumb":"OGY2MTRjYzg5ZmUwYWM4OTlhNTI5NDg2MjMwMjhiZTciobgO1aMMGI5JbOr4R3dvODUzMDE3LTY4MzA0MTIuanBnfHx8fHx8OTJ4Njl8fHx8fA==.jpg","main":"YzM0MTQ3YmIxYjVjN2FjMzEyMGM3NTZkNWUzY2Q0MjPDK69m_-RoHQQdw1JJPSZ8ODUzMDE3LTY4MzA0MTIuanBnfHx8fHx8fHx8fHw0MDB4MzAw.jpg","large":"MzBmOGE4YWNmNTk3NGM4M2FiZjg0Njk5NWRhN2JiYjVRunKdO5OQuROTM6Z90cYdODUzMDE3LTY4MzA0MTIuanBnfHx8fHx8fHx8fHw2NDB4NDgw.jpg"}]}},{"ad_id":"896846","reg_year":"1998","make":"Opel","model":"Corsa","variant":"1.0","mileage":"92000","engine_size":"1.0","fuel_type":"Petrol","body_type":"Hatchback","colour":"0000c0","location":"Cork","price":"\u20ac 1,295","images":{"base_url":"http:\/\/i0.carsie.ie\/","image_list":[{"thumb":"NjdkOTVlZGMzMWIxYmJkNGE5NDEyNzM0M2FiNzhmNzDFuUyL-o08MgVguqP8wN-KODk2ODQ2LTczNDc3MzUuanBnfHx8fHx8OTJ4Njl8fHx8fA==.jpg","main":"ZmI1ZDEyNDM3MjViMjdhZTFiNmUwYmE2M2Q0ZmMxMGQqpj5X_dV2PndISwUgGbEbODk2ODQ2LTczNDc3MzUuanBnfHx8fHx8fHx8fHw0MDB4MzAw.jpg","large":"YjM2NTc3NzEwOWI2NWEzZTVhMDdiYmY1YjYwZjMxYzWL2B9sNsyZp1wNoVfoYp_aODk2ODQ2LTczNDc3MzUuanBnfHx8fHx8fHx8fHw2NDB4NDgw.jpg"}]}},{"ad_id":"887492","reg_year":"1994","make":"Renault","model":"5","variant":"LEFT HAND DRIVE!","mileage":"49000","engine_size":"under 1.0","fuel_type":"Petrol","body_type":"Hatchback","colour":"0000c0","location":"Dublin","price":"\u20ac 1,295","images":{"base_url":"http:\/\/i0.carsie.ie\/","image_list":[{"thumb":"MjFiY2MzZDgyZGQ1YTE5OGJjZTdjZjhhNWQwYzQ2YzQIIXNpYQN-gO2z2HVCkR8CODg3NDkyLTcyMjU2OTcuanBnfHx8fHx8OTJ4Njl8fHx8fA==.jpg","main":"ZTFkYWVhMTk4MTM3MDEzNjg4N2ExZjQ1ZWJlNGU1MDBKRkE3S0lDTwAvZyXMW0T_ODg3NDkyLTcyMjU2OTcuanBnfHx8fHx8fHx8fHw0MDB4MzAw.jpg","large":"NWM0Y2FmOGQwZmQ4N2I1OGQzZTk2NGY2Njc2NjczOTaVgx77zmpkS53SGzvC6eGdODg3NDkyLTcyMjU2OTcuanBnfHx8fHx8fHx8fHw2NDB4NDgw.jpg"}]}},{"ad_id":"840324","reg_year":"2000","make":"Volvo","model":"S40","variant":"1.6","mileage":"145000","engine_size":"1.6","fuel_type":"Petrol","body_type":"Saloon","colour":"0000c0","location":"Dublin","price":"\u20ac 1,295","images":{"base_url":"http:\/\/i0.carsie.ie\/","image_list":[{"thumb":"NmY4NmQ3ZjQ4MGVlYmU0ZDVjZGVhZjBjZDcyZTkwM2JNZLhV13Mro3AzQwkUf6wxODQwMzI0LTY2OTAzMzguanBnfHx8fHx8OTJ4Njl8fHx8fA==.jpg","main":"NGY5MTM3Njk1OWRhYzM0ZTYwNGQxNTFhOGY4NjY2MTEmkLzIUXynF7eZz171NBkuODQwMzI0LTY2OTAzMzguanBnfHx8fHx8fHx8fHw0MDB4MzAw.jpg","large":"ZjE1NDhjY2JkMDNkOGU4ZjBmZDg0ZjQ5MzFkMGYyNmR0lmia2JJ49b0LDRwN0b1SODQwMzI0LTY2OTAzMzguanBnfHx8fHx8fHx8fHw2NDB4NDgw.jpg"}]}},{"ad_id":"896966","reg_year":"2003","make":"Citroen","model":"C5","variant":"1.8 LEV 2","mileage":"68974","engine_size":"1.7","fuel_type":"Petrol","body_type":"Hatchback","colour":"858585","location":"Dublin","price":"\u20ac 1,300","images":{"base_url":"http:\/\/i0.carsie.ie\/","image_list":[{"thumb":"MDRiMjUyYWZlMWE1YmNlNTZiMzMxYjU5NzAzNmE3NTE2Z7Dfrb6nBBmpJ8tIE84JODk2OTY2LTczNDk1NDYuanBnfHx8fHx8OTJ4Njl8fHx8fA==.jpg","main":"NzAxMDVhZmYwZjhmMTkzMTM1M2EyNGZmNjAwZDc4MWJ2NAkAMHKzs2GVGghV27QoODk2OTY2LTczNDk1NDYuanBnfHx8fHx8fHx8fHw0MDB4MzAw.jpg","large":"NmFkNGRkNjZlNDdlNWFjMTk2MGE5OTM1ODRjNjI1ZjlLACTt0Lrn6u0T371SPNVvODk2OTY2LTczNDk1NDYuanBnfHx8fHx8fHx8fHw2NDB4NDgw.jpg"}]}},{"ad_id":"890457","reg_year":"2000","make":"Daihatsu","model":"Cuore","variant":null,"mileage":"68000","engine_size":"1.0","fuel_type":"Petrol","body_type":"Hatchback","colour":"ff0000","location":"Dublin","price":"\u20ac 1,300","images":{"base_url":"http:\/\/i0.carsie.ie\/","image_list":[{"thumb":"ZTNhZDM2NGQ1YjA5NDI4ODQ0YmQ4Njc0MTQ0YWYzNjn5hJAR4ErY5PAYY7lmo224ODkwNDU3LTcyNDc1NTkuanBnfHx8fHx8OTJ4Njl8fHx8fA==.jpg","main":"ZGU1YjM1MDZkZTkzN2YwOWJiODI1ZDQyZjI5YTM1NWNq2yKj1rx3QZLaztudcTbKODkwNDU3LTcyNDc1NTkuanBnfHx8fHx8fHx8fHw0MDB4MzAw.jpg","large":"MmZhZmE5YWM4NTU1ZWEwMDU3NWIwZjc5NGJlYzg4ZWODimmrkjmAXZMcsaPh7ZjpODkwNDU3LTcyNDc1NTkuanBnfHx8fHx8fHx8fHw2NDB4NDgw.jpg"}]}},{"ad_id":"891669","reg_year":"2000","make":"Ford","model":"Fiesta","variant":"1.25KJ Oomy","mileage":"36000","engine_size":"1.2","fuel_type":"Petrol","body_type":"Hatchback","colour":"858585","location":"Mayo","price":"\u20ac 1,300","images":{"base_url":"http:\/\/i0.carsie.ie\/","image_list":[{"thumb":"ZGU3YmQ5ZGQ4Njc0OWIzYWI4MDM0ODRjMTM2NjAzMza2gSfqMabKk-DSuTgBZIqcODkxNjY5LTcyNjU0NTcuanBnfHx8fHx8OTJ4Njl8fHx8fA==.jpg","main":"NmRlMjg1NjJhNGY5MDMxOGMxMzI3NDM1Zjk3NTJmNDhSSzNc-onujsWyKnNsB977ODkxNjY5LTcyNjU0NTcuanBnfHx8fHx8fHx8fHw0MDB4MzAw.jpg","large":"MTZiMGI2NWY3NWUzNzQ2N2Y5OWJkNTA1ODRjMTZlNTbmNRntMUWYvSm1HtYgdXAkODkxNjY5LTcyNjU0NTcuanBnfHx8fHx8fHx8fHw2NDB4NDgw.jpg"}]}},{"ad_id":"891677","reg_year":"1999","make":"Ford","model":"Focus","variant":"1.4I LX","mileage":"135000","engine_size":"1.4","fuel_type":"Petrol","body_type":"Hatchback","colour":"ff0000","location":"Mayo","price":"\u20ac 1,300","images":{"base_url":"http:\/\/i0.carsie.ie\/","image_list":[{"thumb":"ZWIyNGU3ZjkwMGZlZDZmOGMyNTU3NWMyMTE3OWY0NDLdl4xFe4jDuXZoVT5OpjRlODkxNjc3LS5qcGd8fHx8fHw5Mng2OXx8fHx8.jpg","main":"Yzk1Nzk2ZTE2MTEyNzZjNTg2OGJiM2ZlMWY4MjJiYzB07kP9oD_6G7u_JR5lFQYoODkxNjc3LS5qcGd8fHx8fHx8fHx8fDQwMHgzMDA=.jpg","large":"OWYxYjEzMDYwY2EwZmM0Nzg3N2UzZDkxZThjYjgzNzQL8gQ9WexV4XkKIu27igsFODkxNjc3LS5qcGd8fHx8fHx8fHx8fDY0MHg0ODA=.jpg"}]}},{"ad_id":"824569","reg_year":"2002","make":"Ford","model":"Mondeo","variant":"1.8I 5DR Zetec","mileage":"135000","engine_size":"1.8","fuel_type":"Petrol","body_type":"Hatchback","colour":"e0e0e0","location":"Wicklow","price":"\u20ac 1,300","images":{"base_url":"http:\/\/i0.carsie.ie\/","image_list":[{"thumb":"MGViZjZjMzkyYzZhMTc4ZDg1MmU2NzEyOTIwZjUxMjANu0NzflZKKjDiBTre19IAODI0NTY5LTY1MDg2NjIuanBnfHx8fHx8OTJ4Njl8fHx8fA==.jpg","main":"ZjllZWMxOTEzZTk2OWM0MzUxN2UyNTc3MTA0Y2YyNGYnnQhHb88o2wgdy8m0eplwODI0NTY5LTY1MDg2NjIuanBnfHx8fHx8fHx8fHw0MDB4MzAw.jpg","large":"ZjYxYzk5MTU5MTk3OWI0OGNiYzE2ZWM3NzY1NWU0Y2WgSUZk53NzqA9w3OazJSbJODI0NTY5LTY1MDg2NjIuanBnfHx8fHx8fHx8fHw2NDB4NDgw.jpg"}]}},{"ad_id":"892350","reg_year":"2002","make":"Mazda","model":"323","variant":"LX 1.3 Sedan","mileage":"116500","engine_size":"1.3","fuel_type":"Petrol","body_type":"Saloon","colour":"0000c0","location":"Cork","price":"\u20ac 1,300","images":{"base_url":"http:\/\/i0.carsie.ie\/","image_list":[{"thumb":"MmEyYjNhZWQyMDNiMTcyOTUxMTAxYzcxMDJhMTg0ODR64R2szkTs_5MEFJxhu_yOODkyMzUwLTcyNzIyNzguanBnfHx8fHx8OTJ4Njl8fHx8fA==.jpg","main":"ODc0YTk3Yzk5MDhiOTY4MDJkYWY0YjBlNTAzZDI3NTYIz02zc-IlGtRcKpA_FWkiODkyMzUwLTcyNzIyNzguanBnfHx8fHx8fHx8fHw0MDB4MzAw.jpg","large":"OWE5MWFhNDU1NTM0ZDQ0MTI0ODA1NjY4NGJjODllYjfLF3DNmGda4BQMox7dE-g6ODkyMzUwLTcyNzIyNzguanBnfHx8fHx8fHx8fHw2NDB4NDgw.jpg"}]}},{"ad_id":"894585","reg_year":"2001","make":"Nissan","model":"Almera","variant":"1.5","mileage":"93518","engine_size":"1.5","fuel_type":"Petrol","body_type":"Saloon","colour":"e0e0e0","location":"Galway","price":"\u20ac 1,300","images":{"base_url":"http:\/\/i0.carsie.ie\/","image_list":[{"thumb":"M2IwNTYzZTExNDkyYjBiMzIwYTIwOTFiYWE0NzY5NmIX8qZz6amL_Hdy9vyAOMrAODk0NTg1LTczMDYwOTcuanBnfHx8fHx8OTJ4Njl8fHx8fA==.jpg","main":"ZTQwMGQ5MDExOTg5YmUyM2JiYzY0OWI4YTAwMGE1N2HPClLYbJ-Wv30mbofepYSKODk0NTg1LTczMDYwOTcuanBnfHx8fHx8fHx8fHw0MDB4MzAw.jpg","large":"ZDJhMTYzNjNjZDQ0YzQzM2NjMGVlNzJjOTFhNzZiYTeypKVJwQThCEp8ki05J79NODk0NTg1LTczMDYwOTcuanBnfHx8fHx8fHx8fHw2NDB4NDgw.jpg"}]}},{"ad_id":"712987","reg_year":"1997","make":"Nissan","model":"Micra","variant":"","mileage":"80000","engine_size":"1.0","fuel_type":"Petrol","body_type":"Hatchback","colour":"990099","location":"Dublin","price":"\u20ac 1,300","images":{"base_url":"http:\/\/i0.carsie.ie\/","image_list":[{"thumb":"YThjMDExMjg2ZjYxZjlkODBmYzkxNjU2YWVhYjQ0YmMoehtNkaz3j8P9zLGQmgCyNzEyOTg3LTUwNzAzNDMuanBnfHx8fHx8OTJ4Njl8fHx8fA==.jpg","main":"NTdmMjI4YTM3M2Q3MjQ4YmY3MTg4Zjg5OTNkNjc2ZmaZs51FC-E9_RGKsn8brfS2NzEyOTg3LTUwNzAzNDMuanBnfHx8fHx8fHx8fHw0MDB4MzAw.jpg","large":"NTgyYjljY2Y4OTlkM2M1N2JkMzYyZDc4MjcyZjFkNGPrGGxo5rDhoc6oNO27JM32NzEyOTg3LTUwNzAzNDMuanBnfHx8fHx8fHx8fHw2NDB4NDgw.jpg"}]}},{"ad_id":"890590","reg_year":"2001","make":"Opel","model":"Corsa","variant":"","mileage":"91000","engine_size":"1.0","fuel_type":"Petrol","body_type":"Hatchback","colour":"e0e0e0","location":"Cork","price":"\u20ac 1,300","images":{"base_url":"http:\/\/i0.carsie.ie\/","image_list":[{"thumb":"MDY4OTBmZWNlOWMzNWJkNzg5ZDZkZWFmMjBhZTkzZjhpmGgpv6WqDn8iCzRyqSeDODkwNTkwLTcyNjQ3NTQuanBnfHx8fHx8OTJ4Njl8fHx8fA==.jpg","main":"ZDkyY2YwNTI3NmU2Zjc2NWZlZGNiZmEzN2MzNGI4ZTZGF_IFp9ZufAVLAudLsUGQODkwNTkwLTcyNjQ3NTQuanBnfHx8fHx8fHx8fHw0MDB4MzAw.jpg","large":"Mzg1MzI2NTE0ZjIxMDY4YjgxZjE0MWU0MWJjNjQ3N2bq6N-2pibH84VUnEwNzMEFODkwNTkwLTcyNjQ3NTQuanBnfHx8fHx8fHx8fHw2NDB4NDgw.jpg"}]}},{"ad_id":"860806","reg_year":"2001","make":"Renault","model":"Clio","variant":"1.2 Sport","mileage":"85000","engine_size":"1.1","fuel_type":"Petrol","body_type":"Hatchback","colour":"ff0000","location":"Dublin","price":"\u20ac 1,300","images":{"base_url":"http:\/\/i0.carsie.ie\/","image_list":[{"thumb":"N2IyNThlMTVmM2IxNWZjOWIwZDhhZjlmYjEzNGVmNTk5MQuRvFTVnsIFsN8wHc_iODYwODA2LTY5MTE2NDkuanBnfHx8fHx8OTJ4Njl8fHx8fA==.jpg","main":"Y2RkMmYxNDkyNTM2MTVmZGJlNzFjMTM1N2JmMGQ0ZjkIzdfOc09EedIr-5yjsIITODYwODA2LTY5MTE2NDkuanBnfHx8fHx8fHx8fHw0MDB4MzAw.jpg","large":"YzFmNWVhYzk3NTYyZTc3YTljOGQ5NDhhNGJhYzEyYTb_HCbVBg2FqqJ2CTCpp2E3ODYwODA2LTY5MTE2NDkuanBnfHx8fHx8fHx8fHw2NDB4NDgw.jpg"}]}},{"ad_id":"896947","reg_year":"2000","make":"Renault","model":"Megane","variant":"Scenic 1.9dti","mileage":"125000","engine_size":"1.9","fuel_type":"Diesel","body_type":"Hatchback","colour":"0000c0","location":"Carlow","price":"\u20ac 1,300","images":{"base_url":"http:\/\/i0.carsie.ie\/","image_list":[{"thumb":"N2M3YjE0ZmE4ZTNlN2Y3MTE4MDM5M2VlYjdhNWVmYzYYmUFQJQwDoaGxB8kBxpPIODk2OTQ3LTczNDg2NzYuanBnfHx8fHx8OTJ4Njl8fHx8fA==.jpg","main":"ZmNiYjk3ZWJlNmI1YzA5NmRhYmZkNWFkOWE5MTFjYjlpMYhTJ_vYcTDDoYqPt2R5ODk2OTQ3LTczNDg2NzYuanBnfHx8fHx8fHx8fHw0MDB4MzAw.jpg","large":"MGYzM2Y1ZjMyNzNlNzgyYTQ3ZTYzZTdiNzk1Yjg5MGZFs6BQRXhOmrzZdZFjcQ5nODk2OTQ3LTczNDg2NzYuanBnfHx8fHx8fHx8fHw2NDB4NDgw.jpg"}]}},{"ad_id":"418018","reg_year":"1998","make":"Seat","model":"Arosa","variant":"","mileage":"44000","engine_size":"1.0","fuel_type":"Petrol","body_type":"Hatchback","colour":"ff0000","location":"Dublin","price":"\u20ac 1,300","images":{"base_url":"http:\/\/i0.carsie.ie\/","image_list":[{"thumb":"MDQ4NTYyNmY2M2FiMTUwNjYzMjkzNmE5NTgwNjY3MGTsuW_QtgRCFQef0fqaffDvNDE4MDE4LTIxMjQ2NTMuanBnfHx8fHx8OTJ4Njl8fHx8fA==.jpg","main":"NTQzNzY4ZjFhNTY3NmUwMTdlYTEyMWI1NzA4Nzg5OWItQMzAnqsKGlP_o8eFogu_NDE4MDE4LTIxMjQ2NTMuanBnfHx8fHx8fHx8fHw0MDB4MzAw.jpg","large":"MGM2MzVmNmEwNDYyY2M0YmE0MTBmODhkM2NiMDA1NmM9BVcog-2J9muyBMNL9nhANDE4MDE4LTIxMjQ2NTMuanBnfHx8fHx8fHx8fHw2NDB4NDgw.jpg"}]}},{"ad_id":"893735","reg_year":"2000","make":"Subaru","model":"Legacy","variant":"Outback 2.5 A\/T","mileage":"103000","engine_size":"1.8","fuel_type":"Petrol","body_type":"Estate","colour":"0000c0","location":"Dublin","price":"\u20ac 1,300","images":{"base_url":"http:\/\/i0.carsie.ie\/","image_list":[{"thumb":"NGQ3MGQ1M2Y4ZmE0ZWVlOTg0MGNkODBkZGIzNGJjMmE5IwvjhlKLBipjplgqxUEXODkzNzM1LTcyODI5MTkuanBnfHx8fHx8OTJ4Njl8fHx8fA==.jpg","main":"ZjVhNTBlNTBmZjQxMzI3MGMyYzFiYjdkNjZhZDk5NzbYXT_dz-wqe8Lfa29LiTzCODkzNzM1LTcyODI5MTkuanBnfHx8fHx8fHx8fHw0MDB4MzAw.jpg","large":"NjBmY2Y1ZDc2YWUwZTkwNzc3YTY5YWM2NTMzMWI3YjCWcEnlONq9wDqNEv56EbMqODkzNzM1LTcyODI5MTkuanBnfHx8fHx8fHx8fHw2NDB4NDgw.jpg"}]}}]}