{"total":"23408","result":[{"ad_id":"899330","reg_year":"2005","make":"Audi","model":"A3","variant":"SPORTBACK 2.0 150BHP AMBITION AUTOMATIC TIPTRONIC. FULL BLACK NAPPA LEATHER. CLIMATE CONTROL. UPGRADED ALLOY WHEELS.","mileage":"89000","engine_size":"2.0","fuel_type":"Petrol","body_type":null,"colour":"000000","location":"Dublin","price":"\u20ac 8,950","images":{"base_url":"http:\/\/i0.carsie.ie\/","image_list":[{"thumb":"YjVjODhjYWRmMGRkYWNjMzc5OTFjYmU5ODQ2NWY0YzTEJrVpOFeGrX0wZxhIOHFQODk5MzMwLTc0MDI2NDYuanBnfHx8fHx8OTJ4Njl8fHx8fA==.jpg","main":"YTAzMjFlY2I3NWY1OWJkZWY3Y2ZmNDMzOGRjZTEyNmV9zhGHDazBJt3P9TT_caJmODk5MzMwLTc0MDI2NDYuanBnfHx8fHx8fHx8fHw0MDB4MzAw.jpg","large":"YmUwZjAzODlhN2FiNzJiNTI0OGRhZmY1Yzk0YmJiYjYldd2cl82ipAncF7Jpd4mSODk5MzMwLTc0MDI2NDYuanBnfHx8fHx8fHx8fHw2NDB4NDgw.jpg"}]}},{"ad_id":"859399","reg_year":"2007","make":"Audi","model":"A3","variant":null,"mileage":"60894","engine_size":"1.6","fuel_type":"Petrol","body_type":null,"colour":"000000","location":"Meath","price":"\u20ac 8,950","images":{"base_url":"http:\/\/i0.carsie.ie\/","image_list":[{"thumb":"Y2VhYjY1ODllNDJiOTkzOTBjMWRiMDE2N2U0NzJhOGUbJCGpkUWTi1Bi9s6IOWKhODU5Mzk5LTY4OTc2NDQuanBnfHx8fHx8OTJ4Njl8fHx8fA==.jpg","main":"YjA2YTRiODU4ODkxNzlhZTBmMTcyNGI4MzZmY2U5ZWQV1I6waKqFvobDgKJLPdq2ODU5Mzk5LTY4OTc2NDQuanBnfHx8fHx8fHx8fHw0MDB4MzAw.jpg","large":"OWQxMDk2MWYwNDA1Y2ZmMjIxZjAwZTVkNzZkNjU1YjdMFiEFPTyNl_X8ezeOgrqVODU5Mzk5LTY4OTc2NDQuanBnfHx8fHx8fHx8fHw2NDB4NDgw.jpg"}]}},{"ad_id":"896545","reg_year":"2006","make":"Audi","model":"A4","variant":"2.0 TDI SE 138BHP 04DR","mileage":"103000","engine_size":"2.0","fuel_type":"Diesel","body_type":"Saloon","colour":"e0e0e0","location":"Cork","price":"\u20ac 8,950","images":{"base_url":"http:\/\/i0.carsie.ie\/","image_list":[{"thumb":"ZDFmNmM1NDFlMGNlMmNhM2UwNDkzYTY4OTJhNjE0MDcD9s9N0gjzlKOab-mE0BkjODk2NTQ1LTczNDMzMzUuanBnfHx8fHx8OTJ4Njl8fHx8fA==.jpg","main":"NDc4NjQ2MGNlOGM4MzdjMTlkYWNjOWRjNGRlODE2Y2Hn6nu60G9lvf2fPvy63oPtODk2NTQ1LTczNDMzMzUuanBnfHx8fHx8fHx8fHw0MDB4MzAw.jpg","large":"ZmEwNTQ4MDc5OWUzOWI5NTcyMDdiNjFlNzQxMzQ0NmTfvY_VElJ4cQQP5jvC9OVcODk2NTQ1LTczNDMzMzUuanBnfHx8fHx8fHx8fHw2NDB4NDgw.jpg"}]}},{"ad_id":"901130","reg_year":"2005","make":"Audi","model":"A4","variant":"Avant 2.0tdi 140BHP 5D","mileage":"81000","engine_size":"2.0","fuel_type":"Diesel","body_type":"SUV","colour":"0000c0","location":"Cork","price":"\u20ac 8,950","images":{"base_url":"http:\/\/i0.carsie.ie\/","image_list":[{"thumb":"NjMxYTRmMTlhYTAwMzk0YmZiZjcyMWVmODk0ZDRjMzk0xV_NwcgF6tjYtGeSRKzlOTAxMTMwLTc0MTY0MjUuanBnfHx8fHx8OTJ4Njl8fHx8fA==.jpg","main":"MWE5NmRlNmM3MTVhNmQyMzg0NTM3YmY0NDlhNjBjMzaHdQTKNl3XJkhJdj-WaGmFOTAxMTMwLTc0MTY0MjUuanBnfHx8fHx8fHx8fHw0MDB4MzAw.jpg","large":"MWE0OTY5NWMyYzQzNDM1NGNhOTM4ZGQ2MjAwNzJhMDYURtLCB0wT7z2xAA2VD32WOTAxMTMwLTc0MTY0MjUuanBnfHx8fHx8fHx8fHw2NDB4NDgw.jpg"}]}},{"ad_id":"840004","reg_year":"2005","make":"Audi","model":"A4","variant":"2.0 TDI S Line 138BHP ","mileage":"86000","engine_size":"2.0","fuel_type":"Diesel","body_type":"Saloon","colour":"e0e0e0","location":"Dublin","price":"\u20ac 8,950","images":{"base_url":"http:\/\/i0.carsie.ie\/","image_list":[{"thumb":"OWQ2NGFhNTJlNjNhOWFlMDE0NTlkMTQxZjY3MTExMjLzOI1JyJur5UJ0p5DuV7r7ODQwMDA0LTY3MTE1MjYuanBnfHx8fHx8OTJ4Njl8fHx8fA==.jpg","main":"MTdiNWVlYTcyM2Y5YTAwZmNjZmI2NDg4OGQ1MDE0MzFoK1Fx6epmfpnfqM23_onuODQwMDA0LTY3MTE1MjYuanBnfHx8fHx8fHx8fHw0MDB4MzAw.jpg","large":"YzdiZWRkNmQ1ODI3YjgzNzIwOWQ4NjM4MzQ1ZmM0NGUJwChLBGaFxvYkr0aDfZ4GODQwMDA0LTY3MTE1MjYuanBnfHx8fHx8fHx8fHw2NDB4NDgw.jpg"}]}},{"ad_id":"785885","reg_year":"2006","make":"Audi","model":"A4","variant":"1.9tdi 115BHP 5SP 4DR","mileage":"105635","engine_size":"1.9","fuel_type":"Diesel","body_type":"Saloon","colour":"858585","location":"Wexford","price":"\u20ac 8,950","images":{"base_url":"http:\/\/i0.carsie.ie\/","image_list":[{"thumb":"MzAxZWMzMTViYWU2MGFjOTYxYjEyMzAzMTllNWQ2NzivzwGWMbu14fBDZMfJIUuJNzg1ODg1LTczNDgwMDUuanBnfHx8fHx8OTJ4Njl8fHx8fA==.jpg","main":"YWQ5NmVkNjI1MWNlMzdiMDhlNjdiMzJlNTQwM2M2ZmKAqFKFiNqzeR8Oh7edO0LZNzg1ODg1LTczNDgwMDUuanBnfHx8fHx8fHx8fHw0MDB4MzAw.jpg","large":"ODE5NTI2MjVkODdjZWQ2YThiNGM1OTJhODI0ZDU0MzR7NSDvhvs-FTiwrXWhH4jaNzg1ODg1LTczNDgwMDUuanBnfHx8fHx8fHx8fHw2NDB4NDgw.jpg"}]}},{"ad_id":"876335","reg_year":"2005","make":"Audi","model":"A6","variant":"2.0tdi 140BHP 6 Speed","mileage":"110607","engine_size":"2.0","fuel_type":"Diesel","body_type":"Saloon","colour":"e0e0e0","location":"Dublin","price":"\u20ac 8,950","images":{"base_url":"http:\/\/i0.carsie.ie\/","image_list":[{"thumb":"Yjk1MDRhZDBmNjQ2MmE3OTYxNmI5MTczMDgyYmJhODMBaNL8XFsru-HbBoAOySkwODc2MzM1LTcxMDA4ODkuanBnfHx8fHx8OTJ4Njl8fHx8fA==.jpg","main":"M2RmMzNmMTcxZjEzZmE3OWEyYzc0N2IxODQ5ZDVkYTi-Me8zPk50xrX4EOJRt1wxODc2MzM1LTcxMDA4ODkuanBnfHx8fHx8fHx8fHw0MDB4MzAw.jpg","large":"MzNlZDBhZmQwMTJmMWYyNTZiZWM1ZmYyODkwZWQ5MWQC_1-XJXbRYch1PMW1JUEHODc2MzM1LTcxMDA4ODkuanBnfHx8fHx8fHx8fHw2NDB4NDgw.jpg"}]}},{"ad_id":"884958","reg_year":"2005","make":"Audi","model":"A6","variant":"3.0tdi V6 225BHP. BIG SPEC.","mileage":"130000","engine_size":"3.0","fuel_type":"Diesel","body_type":"Saloon","colour":"e0e0e0","location":"Dublin","price":"\u20ac 8,950","images":{"base_url":"http:\/\/i0.carsie.ie\/","image_list":[{"thumb":"NWNlODFmOTRmZmEyNjE5YjIzMmMxMzNjZGJjYTEyOWWCmIzRzqeGPbZN9p9AKE2fODg0OTU4LTcyMDE5MTEuanBnfHx8fHx8OTJ4Njl8fHx8fA==.jpg","main":"OTE5YzQxODg1NzQ0MTA3MDM1MzQxMjliOGUzYTNiZjQ7TvqjfavKyunnhmo8crqTODg0OTU4LTcyMDE5MTEuanBnfHx8fHx8fHx8fHw0MDB4MzAw.jpg","large":"ZWNhM2RiMmMzOTlmYzQ5ZDUzYjE1YTdmZjQ2ODYwNWMEsqLsnPHIcJYV06XXW7POODg0OTU4LTcyMDE5MTEuanBnfHx8fHx8fHx8fHw2NDB4NDgw.jpg"}]}},{"ad_id":"893950","reg_year":"2004","make":"Audi","model":"Allroad","variant":"TDI QUATTRO. SIMI DEALER. WWW. SARSFIELDMOTORS. IE","mileage":"121000","engine_size":"2.5","fuel_type":"Diesel","body_type":null,"colour":"e0e0e0","location":"Dublin","price":"\u20ac 8,950","images":{"base_url":"http:\/\/i0.carsie.ie\/","image_list":[{"thumb":"N2YxYjEwZWMxZjhkNzJlZTc4MWQwYjNlMWM0NDBiYzHyWDPws1Yf7mG6_C2Quri3ODkzOTUwLTczMDE5NjAuanBnfHx8fHx8OTJ4Njl8fHx8fA==.jpg","main":"MWZmMGZkMzQyYmY5NWI5Nzg4MTE2ZDM1ZGM5YTIyODjIyc7D9GbP1_ASb_KKQNKWODkzOTUwLTczMDE5NjAuanBnfHx8fHx8fHx8fHw0MDB4MzAw.jpg","large":"Zjg0YmIxMGJmMzE5ZjU5MTJiNTE5MmMxYmYzMzI5ZDV9di-QrQ98MSIMErT7Tb0jODkzOTUwLTczMDE5NjAuanBnfHx8fHx8fHx8fHw2NDB4NDgw.jpg"}]}},{"ad_id":"875764","reg_year":"2004","make":"Audi","model":"TT","variant":"1.8 ROADSTER CABRIOLET 150BHP 2DR \/ TRADE-IN WELCOME \/ NCT","mileage":"113187","engine_size":"1.8","fuel_type":"Petrol","body_type":null,"colour":"000000","location":"Dublin","price":"\u20ac 8,950","images":{"base_url":"http:\/\/i0.carsie.ie\/","image_list":[{"thumb":"NDA5NzQ0ODQwZTkwYjRhYjg1NzFhYzRlM2Y3MDMzYzhu7joD3rgb6Iv0n6njzywpODc1NzY0LTcxMTU1NzQuanBnfHx8fHx8OTJ4Njl8fHx8fA==.jpg","main":"YWI2NWE2NDY2MWY1OWIyZTkwMzczYmE4NzQ3Nzk2MGNDUFcFN-OhFD7L8FGaXQtDODc1NzY0LTcxMTU1NzQuanBnfHx8fHx8fHx8fHw0MDB4MzAw.jpg","large":"ZmI0MGM0MzFiNzZlM2Q4ZGRjMDQ5ZjZmOTlmMjI3ZGRyowXwZhl-dtr3Tgz3y2N6ODc1NzY0LTcxMTU1NzQuanBnfHx8fHx8fHx8fHw2NDB4NDgw.jpg"}]}},{"ad_id":"865142","reg_year":"2005","make":"BMW","model":"3 Series","variant":"318 E90 D ES 04DR","mileage":"108000","engine_size":"2.0","fuel_type":"Diesel","body_type":"Saloon","colour":"e0e0e0","location":"Monaghan","price":"\u20ac 8,950","images":{"base_url":"http:\/\/i0.carsie.ie\/","image_list":[{"thumb":"YTNjNDg2MzRlZWQwZmRiODRjYjk5ZWFhMGM0NWIwMGY529WFrTIELchS7D_9RknQODY1MTQyLTY5NjQ2NzcuanBnfHx8fHx8OTJ4Njl8fHx8fA==.jpg","main":"ZjVhNDA3Mzc5ZjY1YzNlNjk2MjNjNzkyYjNkZjljZjCoVmxuMJh9N6wUT9uUgZ04ODY1MTQyLTY5NjQ2NzcuanBnfHx8fHx8fHx8fHw0MDB4MzAw.jpg","large":"MWUyNzgyMjQwMDA1ODc0MTA0NmY2MzkyODU5ZjQyOGH5kCFjiuG0-tgdW3Tck55CODY1MTQyLTY5NjQ2NzcuanBnfHx8fHx8fHx8fHw2NDB4NDgw.jpg"}]}},{"ad_id":"898591","reg_year":"2006","make":"BMW","model":"316","variant":"I ES Z3SQ 4DR","mileage":"54000","engine_size":"1.6","fuel_type":"Petrol","body_type":"Saloon","colour":"e0e0e0","location":"Dublin","price":"\u20ac 8,950","images":{"base_url":"http:\/\/i0.carsie.ie\/","image_list":[{"thumb":"MGJlMzkxNDIzZTk2ZGNiZDIwN2RkNzM2NjEwYmRiMDVcplhdOMWnPnAMGtNQPE3KODk4NTkxLTczNjc0MzguanBnfHx8fHx8OTJ4Njl8fHx8fA==.jpg","main":"NjMxMjZiYmE1NzQ0YmEwOGJlMTE3M2Y5OGE5MjlkYjFLnFGo3EC7lkU54E7L0ILXODk4NTkxLTczNjc0MzguanBnfHx8fHx8fHx8fHw0MDB4MzAw.jpg","large":"NjU5NDI4ZTA0Njk3ODBjMjYzMWZmY2E3NWMzYWQzZTRmBD6w9oCyJrT6RmPUSUNWODk4NTkxLTczNjc0MzguanBnfHx8fHx8fHx8fHw2NDB4NDgw.jpg"}]}},{"ad_id":"872764","reg_year":"2006","make":"BMW","model":"318","variant":"I SE Z3SD 4DR","mileage":"89790","engine_size":"2.0","fuel_type":"Petrol","body_type":"Saloon","colour":"e0e0e0","location":"Cork","price":"\u20ac 8,950","images":{"base_url":"http:\/\/i0.carsie.ie\/","image_list":[{"thumb":"YzJhMDVlZDliZDYxN2U4ZjhhZmQxNWY4YzZkOTVkNDivpl1Nxed3heoXtVfEUGuKODcyNzY0LTcwNjAxOTYuanBnfHx8fHx8OTJ4Njl8fHx8fA==.jpg","main":"MWMxN2RhZjZjYTFhZGMyZjc0MWJhZGU2YTM4YjVjZTlfeREB_zgfjcINiucpGpIcODcyNzY0LTcwNjAxOTYuanBnfHx8fHx8fHx8fHw0MDB4MzAw.jpg","large":"Mjg1ZjRjNzIyYjI4ZGVmMjhiOWQwMTVlYTdhYWM1Mjah6BCVfCW5fXGq0lWgooCjODcyNzY0LTcwNjAxOTYuanBnfHx8fHx8fHx8fHw2NDB4NDgw.jpg"}]}},{"ad_id":"890607","reg_year":"2006","make":"BMW","model":"318","variant":"318i NCT 04\/2014","mileage":"86489","engine_size":"2.0","fuel_type":"Petrol","body_type":"Saloon","colour":"0000c0","location":"Dublin","price":"\u20ac 8,950","images":{"base_url":"http:\/\/i0.carsie.ie\/","image_list":[{"thumb":"MjVhMjgwNDNlNjc5MjAzNTQ2MTk4NzVmMmRmMWYyM2QeJoXcyj9aYCJnx8hEV1izODkwNjA3LTcyNDg5MzQuanBnfHx8fHx8OTJ4Njl8fHx8fA==.jpg","main":"YTU2OThkZDE5MDJmOWFhZTQyMzVkOWFlY2MxYmU3ODhdmf6hF-GbX4mtBdjSYmRvODkwNjA3LTcyNDg5MzQuanBnfHx8fHx8fHx8fHw0MDB4MzAw.jpg","large":"ZjMzMTllMjQ3NjZiYzAzOWQ5NWIxMDJlN2I0ZjAyZTOknajxoYDAXwgCMteWv5OTODkwNjA3LTcyNDg5MzQuanBnfHx8fHx8fHx8fHw2NDB4NDgw.jpg"}]}},{"ad_id":"894991","reg_year":"2008","make":"BMW","model":"318","variant":"318I*SIMI APPROVED DEALER*","mileage":"139809","engine_size":"2.0","fuel_type":"Petrol","body_type":null,"colour":null,"location":"Dublin","price":"\u20ac 8,950","images":{"base_url":"http:\/\/i0.carsie.ie\/","image_list":[{"thumb":"MTMzNjQzZmZiODNmNzRjZjNjMDc2ZmYxZjhkYzNiOWIMkARI9fjH8Ya4LSVuBrgXODk0OTkxLTc0MTA3MjUuanBnfHx8fHx8OTJ4Njl8fHx8fA==.jpg","main":"MGYyMGI2MWU2MjdjNGI4MTRiYzgwNjc2Y2M2YTE4YjSwugufG3hykpXGva0TUb7LODk0OTkxLTc0MTA3MjUuanBnfHx8fHx8fHx8fHw0MDB4MzAw.jpg","large":"ZjcxMWMyMGMyY2E5OWJkMWU5NzQ4MTFiMWViYTFmZTG0MfpPigUn4fpvAXArDBmvODk0OTkxLTc0MTA3MjUuanBnfHx8fHx8fHx8fHw2NDB4NDgw.jpg"}]}},{"ad_id":"895036","reg_year":"2006","make":"BMW","model":"318","variant":"I ES Z3SC 4DR Auto","mileage":"62000","engine_size":"2.0","fuel_type":"Petrol","body_type":"Saloon","colour":"e0e0e0","location":"Dublin","price":"\u20ac 8,950","images":{"base_url":"http:\/\/i0.carsie.ie\/","image_list":[{"thumb":"ODVlMWViMzUzYTVhOTBhMDE3MDMzZmNiMmU3MTBmNjRe7-re7JpvO7EzDv4S2WCWODk1MDM2LTczMDk5MzguanBnfHx8fHx8OTJ4Njl8fHx8fA==.jpg","main":"ODI3ZWZhZTA3ZjU1NTYzMDhkZGUxOTgyNmUwYzk2ZjUZP98pi0fN61K12cK5VbHOODk1MDM2LTczMDk5MzguanBnfHx8fHx8fHx8fHw0MDB4MzAw.jpg","large":"YzM4MDlmNGI0NzVlYzQyYzMyNDNmZjFkYTkwOWE2MzdojaPI1Zg3-wX_AiLIPo4nODk1MDM2LTczMDk5MzguanBnfHx8fHx8fHx8fHw2NDB4NDgw.jpg"}]}},{"ad_id":"884531","reg_year":"2006","make":"BMW","model":"318","variant":"318 I SE E90 SALOON","mileage":"81000","engine_size":"2.0","fuel_type":"Petrol","body_type":null,"colour":"e0e0e0","location":"Laois","price":"\u20ac 8,950","images":{"base_url":"http:\/\/i0.carsie.ie\/","image_list":[{"thumb":"M2M4ZjNlZmVkZWU5YTI2MmFhNDc4ZGIyYWNlZWZlMWJnLnUQsbnnxCVnR-JAf6ohODg0NTMxLTcxOTY3NzYuanBnfHx8fHx8OTJ4Njl8fHx8fA==.jpg","main":"NzY4OWVkNTJiNjU2YmMyMjc4NzE5YWNlNTI5MzI0ZWMOkMkOfyfr-PZfwUWF_o6nODg0NTMxLTcxOTY3NzYuanBnfHx8fHx8fHx8fHw0MDB4MzAw.jpg","large":"MmI4MjE3MDY3OTZiMTM1YzMwYTI0M2UwZmQwYTAzNzY53CCXu7SDX849k5AhoUcnODg0NTMxLTcxOTY3NzYuanBnfHx8fHx8fHx8fHw2NDB4NDgw.jpg"}]}},{"ad_id":"901581","reg_year":"2006","make":"BMW","model":"320","variant":"PETROL - SE SPEC - LEATHER - UPGRADED ALLOYS - FINANCE AVAILABLE -","mileage":"87000","engine_size":"2.0","fuel_type":"Petrol","body_type":"Saloon","colour":"000000","location":"Dublin","price":"\u20ac 8,950","images":{"base_url":"http:\/\/i0.carsie.ie\/","image_list":[{"thumb":"MDE3ZDg3ODY3YmUyNjUxYWQ5NzY5OWUzYjA2ZTVkNDa5bb9ATqYJfIrWWiFUQlfNOTAxNTgxLTc0MjcyNzYuanBnfHx8fHx8OTJ4Njl8fHx8fA==.jpg","main":"M2Q2NWM3MjM1ZWQ1NDVmNGQwOWE5ZmMzYTJkNzU3MjdpBKZaKRF7FkYhdimskmQ_OTAxNTgxLTc0MjcyNzYuanBnfHx8fHx8fHx8fHw0MDB4MzAw.jpg","large":"YjM1NzI5MGQxOWJjYWE1MDM2MDNhMDY4MjA1YTY0YmNA-uv4OgCwbCFWf7Gwm0ATOTAxNTgxLTc0MjcyNzYuanBnfHx8fHx8fHx8fHw2NDB4NDgw.jpg"}]}},{"ad_id":"815749","reg_year":"2004","make":"BMW","model":"325","variant":"CI Convertible Sport","mileage":"68352","engine_size":"2.5","fuel_type":"Petrol","body_type":"Cabriolet \/ Convertible","colour":"858585","location":"Dublin","price":"\u20ac 8,950","images":{"base_url":"http:\/\/i0.carsie.ie\/","image_list":[{"thumb":"NjM2ZjA4ZDMzMWFjOWY0Y2NhNjcwNjI5MDY0ZGU1ZmT1itOIQJ_01ns1LJyN566vODE1NzQ5LTY0NDg4MzUuanBnfHx8fHx8OTJ4Njl8fHx8fA==.jpg","main":"Y2U3M2NlMzU0ZTRjMmJlNDE0MDI1YmVmNGI1N2FjMTkCsGEiTku0Cgz1oShazd3VODE1NzQ5LTY0NDg4MzUuanBnfHx8fHx8fHx8fHw0MDB4MzAw.jpg","large":"MTc2MmJjYzIzNWJiNDliMWJkYTZiYjRiZjM2MDYwNDfJwA9Z82xnFVOM52-0UZYSODE1NzQ5LTY0NDg4MzUuanBnfHx8fHx8fHx8fHw2NDB4NDgw.jpg"}]}},{"ad_id":"884965","reg_year":"2005","make":"BMW","model":"325","variant":"CI Convertible M SPORT TOP SPEC LIKE NEW LOW KM","mileage":"67000","engine_size":"2.5","fuel_type":"Petrol","body_type":"Cabriolet \/ Convertible","colour":"000000","location":"Dublin","price":"\u20ac 8,950","images":{"base_url":"http:\/\/i0.carsie.ie\/","image_list":[{"thumb":"YzBkNjI0ZmMwZDU4MjkyYWY5NmJjYWIyZDdiMWZkNWUd72DrZK5eujF-5dBf7vArODg0OTY1LTcyMDE5NjUuanBnfHx8fHx8OTJ4Njl8fHx8fA==.jpg","main":"NTk1Yzc3N2FmNTI5ZWNiNTA0ZTUxNTI2MWM3ZTVkZjWVGYWpet00beJnulL7Zd46ODg0OTY1LTcyMDE5NjUuanBnfHx8fHx8fHx8fHw0MDB4MzAw.jpg","large":"ZGQxNzQ0MzMwZWM3ZjM4MDRlMTM1NDE2MDNmYTQ2MjeYYmvbJDh4e61s-_YhggkDODg0OTY1LTcyMDE5NjUuanBnfHx8fHx8fHx8fHw2NDB4NDgw.jpg"}]}}]}