{"total":"23408","result":[{"ad_id":"718174","reg_year":"2006","make":"Opel","model":"Corsa","variant":"Club 1.2I 16V 5DR","mileage":"28945","engine_size":"1.2","fuel_type":"Petrol","body_type":"Hatchback","colour":"0000c0","location":"Cork","price":"\u20ac 5,750","images":{"base_url":"http:\/\/i0.carsie.ie\/","image_list":[{"thumb":"MzBlOThmNWVlMjdmMzU1OWNkN2ZhNDBmZmU0MmI4ODP9nZxa4yyjG6oLLBK1rSOQNzE4MTc0LTUxNzA4OTEuanBnfHx8fHx8OTJ4Njl8fHx8fA==.jpg","main":"ZTA3NmJjZDQ4NDBhZjk5MDQ4MDYzZTQwMDZlZWVlNmKDRuczfwCKfYt5EEHao8ZsNzE4MTc0LTUxNzA4OTEuanBnfHx8fHx8fHx8fHw0MDB4MzAw.jpg","large":"Njg3YTNhOTkzMzBmZTc0NjZkMWJmZWIxZTQ1MWM3YzALAoym1KwPe-Dc-AhASpMzNzE4MTc0LTUxNzA4OTEuanBnfHx8fHx8fHx8fHw2NDB4NDgw.jpg"}]}},{"ad_id":"868851","reg_year":"2005","make":"Opel","model":"Corsa","variant":null,"mileage":"68125","engine_size":"1.2","fuel_type":"Petrol","body_type":null,"colour":"e0e0e0","location":"Cork","price":"\u20ac 5,750","images":{"base_url":"http:\/\/i0.carsie.ie\/","image_list":[{"thumb":"NjhjYzljMTk1ODY4YjNlMzI4ZWRmZDk4M2M5YzUyZjafIc5taPbCJL71NR1uCS7tODY4ODUxLTcwNDczODQuanBnfHx8fHx8OTJ4Njl8fHx8fA==.jpg","main":"YWFmNDNiOGVjYTQxZmU0MzAxYTE4OWI4ZWU4YzEwZDEHi5W0uWeg0iF2EheTmWoGODY4ODUxLTcwNDczODQuanBnfHx8fHx8fHx8fHw0MDB4MzAw.jpg","large":"NzIzNTBkODA4YjVkZWFkOTJmOTBkN2I3NmY2YTE3MmGfM9CxA1ubFiPLjqmZugw1ODY4ODUxLTcwNDczODQuanBnfHx8fHx8fHx8fHw2NDB4NDgw.jpg"}]}},{"ad_id":"803609","reg_year":"2007","make":"Opel","model":"Corsa","variant":"LIFE 1.0I 12V 5DR","mileage":"41010","engine_size":"1.0","fuel_type":"Petrol","body_type":"Hatchback","colour":"e0e0e0","location":"Donegal","price":"\u20ac 5,750","images":{"base_url":"http:\/\/i0.carsie.ie\/","image_list":[{"thumb":"YmNkODQ4MzUwMWRlODViOGQ1MzI5OGI1NzVjM2FmZTZxbkaTPziL5eSe9-Slgd1AODAzNjA5LTYyNDk3NDEuanBnfHx8fHx8OTJ4Njl8fHx8fA==.jpg","main":"ZGM3ZTFlYjVkZTliZDY5MDU5YzBkMTg5MTQxZjgyN2W5APG2go8UkaN3cFuQzvZIODAzNjA5LTYyNDk3NDEuanBnfHx8fHx8fHx8fHw0MDB4MzAw.jpg","large":"Mzk1MjUzMWNjZThlYmNlZjVkZWE5MmIxMTBmNTFmM2J_gPBqYqPv0VeZliGnRktzODAzNjA5LTYyNDk3NDEuanBnfHx8fHx8fHx8fHw2NDB4NDgw.jpg"}]}},{"ad_id":"868465","reg_year":"2006","make":"Opel","model":"Meriva","variant":"Club 1.4I 16V 5DR","mileage":"44124","engine_size":"1.4","fuel_type":"Petrol","body_type":"People Carrier","colour":"0000c0","location":"Westmeath","price":"\u20ac 5,750","images":{"base_url":"http:\/\/i0.carsie.ie\/","image_list":[{"thumb":"YTJlMDljZjYxODBhYWFkNmU0N2FhZTVhMDliNzUwOGHwy7jNWHTkAep9E0hA_HBQODY4NDY1LTcwMDM0NTkuanBnfHx8fHx8OTJ4Njl8fHx8fA==.jpg","main":"ODdlZDU4ZTZlY2VkOTk5MjRkMTFmMTkxODI4MjEzNDDzwmFzVCk9XobdcSXUv5MjODY4NDY1LTcwMDM0NTkuanBnfHx8fHx8fHx8fHw0MDB4MzAw.jpg","large":"YmI4YzllNWFlMDc4OWJlNzQ5ZDVhZjViNjc1MmRkNjJ-D1PeOCKy-KYUIOM0tXNfODY4NDY1LTcwMDM0NTkuanBnfHx8fHx8fHx8fHw2NDB4NDgw.jpg"}]}},{"ad_id":"894998","reg_year":"2006","make":"Opel","model":"Zafira","variant":"Club 1.6I 16V","mileage":"120549","engine_size":"1.6","fuel_type":"Petrol","body_type":"People Carrier","colour":"e0e0e0","location":"Louth","price":"\u20ac 5,750","images":{"base_url":"http:\/\/i0.carsie.ie\/","image_list":[{"thumb":"NzVmM2RjMGQ5YTA1NDFlOGI2ZTdmY2VlYjAyZjc4NTOChuYi7OZrblq2Vz_lj-2aODk0OTk4LTczMDk0NDYuanBnfHx8fHx8OTJ4Njl8fHx8fA==.jpg","main":"MDg4NzI0MWEwZGY0NzEwMzhlNjlkY2EwOTExOWEwY2TlHkyWlf3wz6rq3LXdSZ-cODk0OTk4LTczMDk0NDYuanBnfHx8fHx8fHx8fHw0MDB4MzAw.jpg","large":"YTM3YjE4N2I0MjM1MDYzZmJiNGI4ZDA4MDUzOGZiOWIoQ_0IdD6HPJ88PXP_alY-ODk0OTk4LTczMDk0NDYuanBnfHx8fHx8fHx8fHw2NDB4NDgw.jpg"}]}},{"ad_id":"881287","reg_year":"2005","make":"Peugeot","model":"206","variant":"LX 1.4 5DR AUTOMATIC * JOHN KEOGH CARS*","mileage":"36600","engine_size":"1.4","fuel_type":"Petrol","body_type":"Hatchback","colour":"0000c0","location":"Dublin","price":"\u20ac 5,750","images":{"base_url":"http:\/\/i0.carsie.ie\/","image_list":[{"thumb":"OWVhOTUzZGNjN2FkZDFhM2VhNGZkZTk1Y2FhZGRjNmJEKAGFmlEJNl7UZBueRckIODgxMjg3LTcxNjkxNTAuanBnfHx8fHx8OTJ4Njl8fHx8fA==.jpg","main":"ZjllODIwZWVkMTY5ZmMzZjJmNjI3MmU5ODQ4MjA3OTCICiPolGKscyUvUnj_Nb4wODgxMjg3LTcxNjkxNTAuanBnfHx8fHx8fHx8fHw0MDB4MzAw.jpg","large":"MzJhYzNkY2U2ZWI0MzcwMmJhNmQ4NjExYTM0MTY0YzKTyDH2ji9MdrEuAO7uOucdODgxMjg3LTcxNjkxNTAuanBnfHx8fHx8fHx8fHw2NDB4NDgw.jpg"}]}},{"ad_id":"859738","reg_year":"2008","make":"Peugeot","model":"207","variant":"SPORT 1.4 8V","mileage":"70525","engine_size":"1.4","fuel_type":"Petrol","body_type":"Hatchback","colour":"0000c0","location":"Dublin","price":"\u20ac 5,750","images":{"base_url":"http:\/\/i0.carsie.ie\/","image_list":[{"thumb":"OTNhYjc4ZWI1MmE1ZTZlYjkxMDMzNWEyNmI2Y2EyM2RYS_G1zgRepFTj88FBZhPtODU5NzM4LTY4OTk4NTYuanBnfHx8fHx8OTJ4Njl8fHx8fA==.jpg","main":"OGI0MzNhYTA5NDQ1Y2NjODdkN2E5ZWJhNGI3YjU0YznOJY7k53dLKMJroP9z3JAiODU5NzM4LTY4OTk4NTYuanBnfHx8fHx8fHx8fHw0MDB4MzAw.jpg","large":"ZjFkYTZkYmNkZmY2MjRjMDEzNDI0MjI3Nzk2NGE5Zjju9R0u0E26bx0QkjiiZzcRODU5NzM4LTY4OTk4NTYuanBnfHx8fHx8fHx8fHw2NDB4NDgw.jpg"}]}},{"ad_id":"896303","reg_year":"2007","make":"Peugeot","model":"207","variant":"SPORT 5 DR 1.4 cc PETROL LOVELY CAR","mileage":"89602","engine_size":"1.4","fuel_type":"Petrol","body_type":null,"colour":"0000c0","location":"Louth","price":"\u20ac 5,750","images":{"base_url":"http:\/\/i0.carsie.ie\/","image_list":[{"thumb":"YjA2Y2IxMjczODIxM2YzNDk2Y2VlNGFjYjQ3MGNkZTTG1aMbi68bg8pAP8FgEpOrODk2MzAzLTczNDQwNTAuanBnfHx8fHx8OTJ4Njl8fHx8fA==.jpg","main":"NTFmZDA2MzU3MWI1MGVhNTM4NGEwZTczMmYwMjdjYjjFjx5QxNEl0O8ZPaieV5i7ODk2MzAzLTczNDQwNTAuanBnfHx8fHx8fHx8fHw0MDB4MzAw.jpg","large":"ZmE1ZDM4OGI5ZTcxMDExNGY4ODE2YzRjYmIyOWZkZWHugUWUyJSr-U2fuqdAYKhRODk2MzAzLTczNDQwNTAuanBnfHx8fHx8fHx8fHw2NDB4NDgw.jpg"}]}},{"ad_id":"869424","reg_year":"2006","make":"Peugeot","model":"307","variant":"SX 1.4 5DR 16V","mileage":"90190","engine_size":"1.4","fuel_type":"Petrol","body_type":"Hatchback","colour":"e0e0e0","location":"Dublin","price":"\u20ac 5,750","images":{"base_url":"http:\/\/i0.carsie.ie\/","image_list":[{"thumb":"MzI3ZGM5OWJmN2QyMzIxNjFhNjQ0NjM1NTNjMzRjZDLbfUxKj1hzFyemF1F2u_qrODY5NDI0LTcwMTQwODkuanBnfHx8fHx8OTJ4Njl8fHx8fA==.jpg","main":"N2RlOTBkMzUwNjM0MjQxY2ExMjQyYjk4N2VlZTY0YTmwW6qZcZ4L_9ZWeTIioSzOODY5NDI0LTcwMTQwODkuanBnfHx8fHx8fHx8fHw0MDB4MzAw.jpg","large":"NzJjMGM0YzFkOWQ1NzJjM2ZmNzBiZTM1ZmYyMTIyMWSCfGQ02M8yRRt_8jRO5qe7ODY5NDI0LTcwMTQwODkuanBnfHx8fHx8fHx8fHw2NDB4NDgw.jpg"}]}},{"ad_id":"894614","reg_year":"2007","make":"Peugeot","model":"407","variant":"SR 1.8 4DR *MICHAEL DAFFY CAR SALES*","mileage":"50332","engine_size":"1.7","fuel_type":"Petrol","body_type":"Saloon","colour":"858585","location":"Limerick","price":"\u20ac 5,750","images":{"base_url":"http:\/\/i0.carsie.ie\/","image_list":[{"thumb":"MDA1Njg0YmJhNDM3Yzg4MzEzMjExZjI1YTkzMGExN2RH_xyDk9DHXZfLG_khL8tsODk0NjE0LTczMDYyOTYuanBnfHx8fHx8OTJ4Njl8fHx8fA==.jpg","main":"NjU3Y2Y0YTU5MmZiMTAzZTU4YjE0NzNjYjliYmNmYmaQZ-tBwE9Zv08OhcvRTMKgODk0NjE0LTczMDYyOTYuanBnfHx8fHx8fHx8fHw0MDB4MzAw.jpg","large":"MThkOTZjMTUyMjUyYzEyNTc3ZmRlYTNjYWM3NzcwMzSoNMCojNIe0JhAzNnVy8efODk0NjE0LTczMDYyOTYuanBnfHx8fHx8fHx8fHw2NDB4NDgw.jpg"}]}},{"ad_id":"897304","reg_year":"2008","make":"Peugeot","model":"Partner","variant":null,"mileage":"30125","engine_size":"1.6","fuel_type":"Diesel","body_type":null,"colour":"e0e0e0","location":"Galway","price":"\u20ac 5,750","images":{"base_url":"http:\/\/i0.carsie.ie\/","image_list":[{"thumb":"ODYwYmY3YmQxYjRiMzJmZDM5ZTg4ODExNTI2ZThhYzi2mNNH0MapWUh0xMu0C-I0ODk3MzA0LTc0MDY5NjcuanBnfHx8fHx8OTJ4Njl8fHx8fA==.jpg","main":"NWEzZThhZTMwY2Y2NGRjZmQyMjMxYThmYTBkOWEzZDIn-EcY9e3-KOAlYQWS5smbODk3MzA0LTc0MDY5NjcuanBnfHx8fHx8fHx8fHw0MDB4MzAw.jpg","large":"OGVmNjQ3ZTFmMTFjZDY4Nzk5ZjYwNDI3MWYzNTNkMWXXPyCJC6p8iOqglu0u4E2sODk3MzA0LTc0MDY5NjcuanBnfHx8fHx8fHx8fHw2NDB4NDgw.jpg"}]}},{"ad_id":"871256","reg_year":"2006","make":"Renault","model":"Clio","variant":"Sport","mileage":"51573","engine_size":"1.2","fuel_type":"Petrol","body_type":null,"colour":"f0b800","location":"Cork","price":"\u20ac 5,750","images":{"base_url":"http:\/\/i0.carsie.ie\/","image_list":[{"thumb":"NTE4OWU5N2UyODBkNDc5ZGVlNTNhYjA0ODRiZjczOGGmLkOslDXZ8cvoxgkMtlFGODcxMjU2LTcwMzYzNzkuanBnfHx8fHx8OTJ4Njl8fHx8fA==.jpg","main":"YzRiZjJlOTYxOTUzY2MzYjhlYmQwNjg0Nzg1YjdkYzR28Q6P4scc4naS2S2-vgtmODcxMjU2LTcwMzYzNzkuanBnfHx8fHx8fHx8fHw0MDB4MzAw.jpg","large":"MDA5Y2I0OWYxZTE5MjFkZDcwMGJkNDMyOGVmYTYxYWa6zy1edQKE5OfyKMf7ERoVODcxMjU2LTcwMzYzNzkuanBnfHx8fHx8fHx8fHw2NDB4NDgw.jpg"}]}},{"ad_id":"856728","reg_year":"2007","make":"Renault","model":"Clio","variant":"1.2 Ripcurl 5DR","mileage":"60896","engine_size":"1.1","fuel_type":"Petrol","body_type":"Hatchback","colour":"e0e0e0","location":"Kerry","price":"\u20ac 5,750","images":{"base_url":"http:\/\/i0.carsie.ie\/","image_list":[{"thumb":"OGMyNmFjNDIyODI4OTNlZGE4YTI1MzQyNjc5NDkzOWUEMZzk-OmSXjc-ONvD7IIMODU2NzI4LTY5ODEwMzUuanBnfHx8fHx8OTJ4Njl8fHx8fA==.jpg","main":"MjBjNTZlMjM4M2M1NmNkODQ2NmU4MTkyMTc0NjRkYTIUUBQm4vaXc9negHbRxoFGODU2NzI4LTY5ODEwMzUuanBnfHx8fHx8fHx8fHw0MDB4MzAw.jpg","large":"YjFmMWQyMzIzNWFmMjM5MDllNTU5ZTRjMmVmZDUwMTPJ7pRpdZkWH5CcXGoKyX1OODU2NzI4LTY5ODEwMzUuanBnfHx8fHx8fHx8fHw2NDB4NDgw.jpg"}]}},{"ad_id":"808726","reg_year":"2006","make":"Renault","model":"Clio","variant":"2 1.2 16V Campus","mileage":"55303","engine_size":"1.1","fuel_type":"Petrol","body_type":"Hatchback","colour":"ff0000","location":"Waterford","price":"\u20ac 5,750","images":{"base_url":"http:\/\/i0.carsie.ie\/","image_list":[{"thumb":"NGNkMDBmODJkM2ZlMGY1MzRkNmE2ODA3ZDQ4NTYyZGEK-o224PbjfqTfy-AvG-HqODA4NzI2LTYzMTMyNjEuanBnfHx8fHx8OTJ4Njl8fHx8fA==.jpg","main":"MjEwYjM3ZmI1YzRlNTEzMGM1ODAxMmEzMzUyODllNDXG3eGNrl2GodY2HRN-lzBLODA4NzI2LTYzMTMyNjEuanBnfHx8fHx8fHx8fHw0MDB4MzAw.jpg","large":"YTRjZmI2NTM0MzRkZjMwOWEzNjY5YTBiYjNjOGE5ZDmtkGWB6i6u_mz95x0-k0LaODA4NzI2LTYzMTMyNjEuanBnfHx8fHx8fHx8fHw2NDB4NDgw.jpg"}]}},{"ad_id":"901868","reg_year":"2005","make":"Renault","model":"Espace","variant":"2 Expression 1.9","mileage":"80146","engine_size":"1.9","fuel_type":"Diesel","body_type":"Hatchback","colour":"008000","location":"Clare","price":"\u20ac 5,750","images":{"base_url":"http:\/\/i0.carsie.ie\/","image_list":[{"thumb":"MTZhZWVjYTJjY2IzNzc0YzRmY2E2NjZmZGM2Y2M3ZDMsONPItpJe76UHP1AjLy6vOTAxODY4LTc0MjU4MzEuanBnfHx8fHx8OTJ4Njl8fHx8fA==.jpg","main":"MzU3MmQ5NTM1NWM0MDMwODBkNzM2NDQxNjMwZWRhNjDKlyhx9f9HhsLvZAGU6Ob8OTAxODY4LTc0MjU4MzEuanBnfHx8fHx8fHx8fHw0MDB4MzAw.jpg","large":"ZWFmZTE1N2ZhNzliZDc1ZDk4ODMwNjY3YzAzZmJhZTjTXq7Iw5uS19ja00qkagCmOTAxODY4LTc0MjU4MzEuanBnfHx8fHx8fHx8fHw2NDB4NDgw.jpg"}]}},{"ad_id":"859479","reg_year":"2007","make":"Renault","model":"Kangoo","variant":null,"mileage":"64001","engine_size":"1.5","fuel_type":"Diesel","body_type":null,"colour":"ffffff","location":"Cork","price":"\u20ac 5,750","images":{"base_url":"http:\/\/i0.carsie.ie\/","image_list":[{"thumb":"ZjVkOTFhMWM1YjFmOTQ1NzZmNDA2ZTFkNDU1M2MyZGbDkMuxvN5v7a9wq8yy23uGODU5NDc5LTY4OTgyMDYuanBnfHx8fHx8OTJ4Njl8fHx8fA==.jpg","main":"YjNlNTliYmI3MjhiMWI1ZTdhYmRmZDA4YTkxNGYyMzZVJeoc8Xnec3hMi2ZldyFfODU5NDc5LTY4OTgyMDYuanBnfHx8fHx8fHx8fHw0MDB4MzAw.jpg","large":"MzgzOGQwOGJkMmUwZTU5OWYxNmU3MTVjMjg2MTUyMzahsCjuu4r_Lj_gTBlpWUBtODU5NDc5LTY4OTgyMDYuanBnfHx8fHx8fHx8fHw2NDB4NDgw.jpg"}]}},{"ad_id":"878066","reg_year":"2005","make":"Renault","model":"Laguna","variant":"*SOLD*","mileage":"118000","engine_size":"2.2","fuel_type":"Diesel","body_type":"Estate","colour":"e0e0e0","location":"Cork","price":"\u20ac 5,750","images":{"base_url":"http:\/\/i0.carsie.ie\/","image_list":[{"thumb":"M2I3NTI1NDdmZWJlZmQxMWU1YmE4M2JkMzljZmZiYmHGlpz7jUr_hxIQYY_ESpFFODc4MDY2LTcxMjI1MDEuanBnfHx8fHx8OTJ4Njl8fHx8fA==.jpg","main":"Y2IwOGJmZGY0ZjM3MTkzZTY3YjY4MDFlMzk4OGRhZTkk6it8lXJmICv0hRX6tYWSODc4MDY2LTcxMjI1MDEuanBnfHx8fHx8fHx8fHw0MDB4MzAw.jpg","large":"M2IwNDcyZmQ1MTUxNjZlZmVhYzU4NDNiZjVjNWNhODYtxhHPyH_EsUgQTl2RcuPHODc4MDY2LTcxMjI1MDEuanBnfHx8fHx8fHx8fHw2NDB4NDgw.jpg"}]}},{"ad_id":"899419","reg_year":"2007","make":"Renault","model":"Megane","variant":"Sports 1.4 16V","mileage":"61000","engine_size":"1.4","fuel_type":"Petrol","body_type":"Saloon","colour":"ff0000","location":"Tipperary","price":"\u20ac 5,750","images":{"base_url":"http:\/\/i0.carsie.ie\/","image_list":[{"thumb":"MmFmYmZiOWMwMmQ3MzA1NzQwN2MwNDVhZTc2Yjg1MTOav1maXCwdcD8kXj5-xWyOODk5NDE5LTczNzgwNTguanBnfHx8fHx8OTJ4Njl8fHx8fA==.jpg","main":"ZGYzMDE2MjYxYmJjM2ZjZTczMWYyZGQyOWRmNTJlODADPPPilNAPjWUeMvgZnnzIODk5NDE5LTczNzgwNTguanBnfHx8fHx8fHx8fHw0MDB4MzAw.jpg","large":"ZWU1ZTE4M2FlNjNiNGUxOGU0M2YxYWM4ZDAzZjA4YTYGi0TgNTlTAI_NFQ3UoHYDODk5NDE5LTczNzgwNTguanBnfHx8fHx8fHx8fHw2NDB4NDgw.jpg"}]}},{"ad_id":"901638","reg_year":"2007","make":"Renault","model":"Megane","variant":"Sport 1.5dci","mileage":"95693","engine_size":"1.5","fuel_type":"Diesel","body_type":"Saloon","colour":"ffff00","location":"Westmeath","price":"\u20ac 5,750","images":{"base_url":"http:\/\/i0.carsie.ie\/","image_list":[{"thumb":"NTk3MjRiNDM5MmJmNmRiNTc0MjkwOTUxNzZkYjgzZmUciB9v1mU0X8si4O6an10ZOTAxNjM4LTc0MjIwMTAuanBnfHx8fHx8OTJ4Njl8fHx8fA==.jpg","main":"MjU3NGZkZTgxZjIzMWRjN2FlNzIyYWNhZTZlMTIwOWUuY12c0Yq0EGQhDkHuf2sZOTAxNjM4LTc0MjIwMTAuanBnfHx8fHx8fHx8fHw0MDB4MzAw.jpg","large":"ZThiOGMxYWZlODM4YjE5NTU2MWUxNjVkMDNiNTliMTl9oflkIIhJgL7P_28WNHeOOTAxNjM4LTc0MjIwMTAuanBnfHx8fHx8fHx8fHw2NDB4NDgw.jpg"}]}},{"ad_id":"884584","reg_year":"2007","make":"Renault","model":"Modus","variant":"1.5 DCI EXPRESSION NCT","mileage":"64000","engine_size":"1.5","fuel_type":"Diesel","body_type":"Hatchback","colour":"e0e0e0","location":"Dublin","price":"\u20ac 5,750","images":{"base_url":"http:\/\/i0.carsie.ie\/","image_list":[{"thumb":"MjBkZGE3MDcxODNjZTIyYWQyNjQ0M2EwZWJkNjhkNTME-KpsRVdzMPNKzXXPyLDWODg0NTg0LTcxOTcwNTMuanBnfHx8fHx8OTJ4Njl8fHx8fA==.jpg","main":"M2Y1YjE5NGVlYTg3MjQzZjdhMmViMjg0NTNhZGQwMjT7d91bjKzpMD8xQsmAO3azODg0NTg0LTcxOTcwNTMuanBnfHx8fHx8fHx8fHw0MDB4MzAw.jpg","large":"OWYxOTVjYzNlOTAzMDllNGJiZTEzNWM1ZDVjMzFjMzb5FGkQm0C0bRJD6ICBDi4gODg0NTg0LTcxOTcwNTMuanBnfHx8fHx8fHx8fHw2NDB4NDgw.jpg"}]}}]}