{"total":"23408","result":[{"ad_id":"755261","reg_year":"2007","make":"Citroen","model":"Berlingo","variant":"600 1.6 HDI","mileage":"96936","engine_size":"1.6","fuel_type":"Diesel","body_type":"Van","colour":"ffffff","location":"Louth","price":"\u20ac 3,600","images":{"base_url":"http:\/\/i0.carsie.ie\/","image_list":[{"thumb":"ZmZlYjkyM2JlY2RhZTlhODViNDg1NjA2NThmZDg1MzOuFtJQkzKaKDB60a9kOTX3NzU1MjYxLTU2MjQ4MzcuanBnfHx8fHx8OTJ4Njl8fHx8fA==.jpg","main":"MTI1NTQ4YjJiZmVkYjNjYzE2MzdhZDVlY2Q4NDNhYmKL6nrY1_0Mz5H6hIDw61iuNzU1MjYxLTU2MjQ4MzcuanBnfHx8fHx8fHx8fHw0MDB4MzAw.jpg","large":"YjgwNDE1NDhkMWM4MGRmZWM2NGE5NDlkYTEyYmNiMjB6MjUjhZpligHVvQKi_mAJNzU1MjYxLTU2MjQ4MzcuanBnfHx8fHx8fHx8fHw2NDB4NDgw.jpg"}]}},{"ad_id":"885625","reg_year":"2005","make":"Fiat","model":"Punto","variant":"1.2 Active 5DR nct 10\/13, very good condition.","mileage":"49800","engine_size":"1.2","fuel_type":"Petrol","body_type":"Hatchback","colour":"0000c0","location":"Kildare","price":"\u20ac 3,600","images":{"base_url":"http:\/\/i0.carsie.ie\/","image_list":[{"thumb":"NzU3ODdmZjA1NjJlYjQwNmZkMzBlOWMwZjRkNWVjYmJeGXZzmluYa1bgFg2RPBmtODg1NjI1LTczNjEzMTguanBnfHx8fHx8OTJ4Njl8fHx8fA==.jpg","main":"NGJmMmQ2MGNkNzM5MDc3NDhhMzllYzNlZGEzZDQxZmMvxNwQ9TJLGR8El4vXLO4KODg1NjI1LTczNjEzMTguanBnfHx8fHx8fHx8fHw0MDB4MzAw.jpg","large":"YjI2YzBkM2U2OGNmZTU5OTUzODJjYTJkMmY5ODlkMDSMj9cMeuNc3VE4twCK7bcMODg1NjI1LTczNjEzMTguanBnfHx8fHx8fHx8fHw2NDB4NDgw.jpg"}]}},{"ad_id":"850814","reg_year":"2004","make":"Hyundai","model":"Accent","variant":"Sport 3DR","mileage":"62000","engine_size":"1.3","fuel_type":"Petrol","body_type":"Hatchback","colour":"000000","location":"Dublin","price":"\u20ac 3,600","images":{"base_url":"http:\/\/i0.carsie.ie\/","image_list":[{"thumb":"OWFjZjc3YWY2MmNiMmNmMWZhYTc2ZGJkNjBhZmM3NGQOBq5BBnXFmZGTfe4O1ba9ODUwODE0LTY4MDYyMTQuanBnfHx8fHx8OTJ4Njl8fHx8fA==.jpg","main":"NTVmNjVhNmJkMjY4MmUzMTgwMzJjNWE1ODUzNDkzYzOO1XoWOsRyFSbnaWqYQr3YODUwODE0LTY4MDYyMTQuanBnfHx8fHx8fHx8fHw0MDB4MzAw.jpg","large":"MTU0MmQxYjVhOGJiYjQyMzNkYmI2ZTBjZDMxZDMzNzg7d2wLFQXO0Ob_7OMghGuKODUwODE0LTY4MDYyMTQuanBnfHx8fHx8fHx8fHw2NDB4NDgw.jpg"}]}},{"ad_id":"858929","reg_year":"2005","make":"Hyundai","model":"Tucson","variant":"1 YEAR WARRANTY","mileage":"116200","engine_size":"2.0","fuel_type":"Petrol","body_type":"SUV","colour":"e0e0e0","location":"Dublin","price":"\u20ac 3,600","images":{"base_url":"http:\/\/i0.carsie.ie\/","image_list":[{"thumb":"MGZjZTA2Nzc1ZmY2ODU1OTAyOTcwYzA0MzBlYTk1ZjZE3WFxVriYj_l3lRSB9BvxODU4OTI5LTY4OTM1MzcuanBnfHx8fHx8OTJ4Njl8fHx8fA==.jpg","main":"NWY5NzViMWQxMmViMjJlOTY1Zjg1NzkwODU1NzFhNWY25zQz719J2_OmQDRd-RqqODU4OTI5LTY4OTM1MzcuanBnfHx8fHx8fHx8fHw0MDB4MzAw.jpg","large":"OGNmNjgxZDY0ZTVkOWU2ZmU3YWI0N2Y4YWVkNGViNzI3luLMzhAPf5zYD22fxGmLODU4OTI5LTY4OTM1MzcuanBnfHx8fHx8fHx8fHw2NDB4NDgw.jpg"}]}},{"ad_id":"891216","reg_year":"2005","make":"Mitsubishi","model":"Colt","variant":"1.1 Inform 5DR","mileage":"118063","engine_size":"1.1","fuel_type":"Petrol","body_type":"Hatchback","colour":"000000","location":"Mayo","price":"\u20ac 3,600","images":{"base_url":"http:\/\/i0.carsie.ie\/","image_list":[{"thumb":"NTEwZTA1ZGNiNDU4ZGUzZGU4MWY0NDkwNjI3NDBmYzgVkDdXaBnmtbGTj0sM0UHNODkxMjE2LTcyNjU0NzIuanBnfHx8fHx8OTJ4Njl8fHx8fA==.jpg","main":"YzE3NzIzOWVlODA1ZmRlODY1MDBlNzI0ZGZjMmM1NTmlVxsPNm47NkdvQjB1VMrgODkxMjE2LTcyNjU0NzIuanBnfHx8fHx8fHx8fHw0MDB4MzAw.jpg","large":"NDI4N2Y3MzU5YjFhYTExZmRjZDM0Y2Y0OGIxYTI0ZWbyQyZrQKHm711sjJGpbZQzODkxMjE2LTcyNjU0NzIuanBnfHx8fHx8fHx8fHw2NDB4NDgw.jpg"}]}},{"ad_id":"833439","reg_year":"2004","make":"Nissan","model":"Almera","variant":"1.5 S 03DR","mileage":"75819","engine_size":"1.5","fuel_type":"Petrol","body_type":"Hatchback","colour":"e0e0e0","location":"Clare","price":"\u20ac 3,600","images":{"base_url":"http:\/\/i0.carsie.ie\/","image_list":[{"thumb":"YjJmMDI0ZTA4YTg3NGUxZjg1NWIyNzFlYjU0YzdiYzBzRP2fSKeZHR7jVC6KQvidODMzNDM5LTY2MTI0NTEuanBnfHx8fHx8OTJ4Njl8fHx8fA==.jpg","main":"NjRkNjQzNDhiODRlYmJiZmE1MjY5Y2NlZjJiNTgyYjVJ5XFmZfyc9PTTWZsEz1-BODMzNDM5LTY2MTI0NTEuanBnfHx8fHx8fHx8fHw0MDB4MzAw.jpg","large":"NjA4YzFlZDkwYzZlNmNiOGY3MjAyNjdiNTJmM2EwMjBWMYnIHBz94C9tKh_0a0rDODMzNDM5LTY2MTI0NTEuanBnfHx8fHx8fHx8fHw2NDB4NDgw.jpg"}]}},{"ad_id":"898118","reg_year":"2005","make":"Opel","model":"Vectra","variant":"Life 1.8I 16V 4DR excellent condition. excellent driver. immaculate interior","mileage":"75690","engine_size":"1.8","fuel_type":"Petrol","body_type":"Saloon","colour":"0000c0","location":"Kildare","price":"\u20ac 3,600","images":{"base_url":"http:\/\/i0.carsie.ie\/","image_list":[{"thumb":"NGYzYzA4YzVhMzVlNDRhNzdiYjM2Y2QzMjhlMWRiNDP5N-ROWROGHz21Evv6xk42ODk4MTE4LTczNjEzNTguanBnfHx8fHx8OTJ4Njl8fHx8fA==.jpg","main":"YjE2NzI1ZGMyNjg1ZmE4YzZhN2I1Yzc0ZThmMDJjYWH4ZPqTx-cpIBHLYr8_V5wwODk4MTE4LTczNjEzNTguanBnfHx8fHx8fHx8fHw0MDB4MzAw.jpg","large":"MDk4MTAzNDZmYzk0ZWI2NWRhNjY5MDg0MmJmNzU2NTH3qmaRgwbdq4FdOxnRBZoCODk4MTE4LTczNjEzNTguanBnfHx8fHx8fHx8fHw2NDB4NDgw.jpg"}]}},{"ad_id":"881230","reg_year":"2004","make":"Peugeot","model":"307","variant":"XS","mileage":"116206","engine_size":"1.4","fuel_type":"Petrol","body_type":"Hatchback","colour":"858585","location":"Kerry","price":"\u20ac 3,600","images":{"base_url":"http:\/\/i0.carsie.ie\/","image_list":[{"thumb":"OTdkMjUzZmY3NmU3ZWMwMzMwZmVjYmUzZjMxNGVkNjeolswr4dNSUv6bK68nGwVVODgxMjMwLTcxNDkwOTMuanBnfHx8fHx8OTJ4Njl8fHx8fA==.jpg","main":"M2QyY2FmZTIzMTFiNDQ0ODI2ZTkwYWViZmEzZjRlNTVJOQdP3eVCHL0DYGIV2HGBODgxMjMwLTcxNDkwOTMuanBnfHx8fHx8fHx8fHw0MDB4MzAw.jpg","large":"ZjJmYTNkZjFjMjBmZjY0ZDBjMzljOWU0MzFmZmEwMDaU7HCLWASXWK8ZaPnmf_7xODgxMjMwLTcxNDkwOTMuanBnfHx8fHx8fHx8fHw2NDB4NDgw.jpg"}]}},{"ad_id":"734162","reg_year":"2004","make":"Rover","model":"45","variant":"1.4 Classic 04MY 4DR","mileage":"70800","engine_size":"1.4","fuel_type":"Petrol","body_type":"Saloon","colour":"ff0000","location":"Clare","price":"\u20ac 3,600","images":{"base_url":"http:\/\/i0.carsie.ie\/","image_list":[{"thumb":"MDAzNWU0NWZjZTU1ZGJhYWViMGRmZTNkMDlkYjg0MTDIsZJzSyU2sfFTrqMx4mfJNzM0MTYyLTUzNjM5NTcuanBnfHx8fHx8OTJ4Njl8fHx8fA==.jpg","main":"NjNlM2M1MzAzODZiZmZlYjU5YjBkYzlkOTY0OTIyYTZFn1jVSnf4cRdxFbmGtI4YNzM0MTYyLTUzNjM5NTcuanBnfHx8fHx8fHx8fHw0MDB4MzAw.jpg","large":"NTY3MDc0MjQzNmY5ZmQxZWJmMmMzYTM4N2IxYjRlZDP3NTf8Ea2e2Nsiuw0kA_t2NzM0MTYyLTUzNjM5NTcuanBnfHx8fHx8fHx8fHw2NDB4NDgw.jpg"}]}},{"ad_id":"807392","reg_year":"2003","make":"Seat","model":"Leon","variant":"S TDI","mileage":"86000","engine_size":"1.9","fuel_type":"Diesel","body_type":"Hatchback","colour":"e0e0e0","location":"Galway","price":"\u20ac 3,600","images":{"base_url":"http:\/\/i0.carsie.ie\/","image_list":[{"thumb":"MGRlOThkMGFhNThhMGJhM2UwOTZkMGI2ZjE2OWI4YzV1WyRZ8ytUByrGPFh6eL9lODA3MzkyLTYyOTU2MDcuanBnfHx8fHx8OTJ4Njl8fHx8fA==.jpg","main":"MzM1Y2QxNDNlNTEwMDAyNGNjYjBiZTkzZWRiYmM4NTiMyTQmcURGQqCqWqJ1g_UdODA3MzkyLTYyOTU2MDcuanBnfHx8fHx8fHx8fHw0MDB4MzAw.jpg","large":"MDdiMzUyODM0NjljMDdmNmIwYWMyODBkMzc3NjU1ZDkAd0ISH4KbunI2UA0bwPtLODA3MzkyLTYyOTU2MDcuanBnfHx8fHx8fHx8fHw2NDB4NDgw.jpg"}]}},{"ad_id":"895154","reg_year":"2004","make":"Seat","model":"Toledo","variant":"1.9 TDI","mileage":"154000","engine_size":"1.9","fuel_type":"Diesel","body_type":"Saloon","colour":"858585","location":"Donegal","price":"\u20ac 3,600","images":{"base_url":"http:\/\/i0.carsie.ie\/","image_list":[{"thumb":"OGM5MTc1MjFlMjI2OGMwZmMxMmRkNzlhOGEwNGE3MmPtcObGWo4vfeInJ9Us9xd7ODk1MTU0LTczMjA3MDQuanBnfHx8fHx8OTJ4Njl8fHx8fA==.jpg","main":"ZGUxOTNmODdlMjk3MjczYzhmZWI0MTRkNDhiNWJhMDYkJjEPqfSDLORKHrK7vSTfODk1MTU0LTczMjA3MDQuanBnfHx8fHx8fHx8fHw0MDB4MzAw.jpg","large":"YWVlZGEwMDgwYzM0YWI0N2FhZmVhNjk2MTEzOWJlNTRxQQSF5AioAebH6hkJGXL8ODk1MTU0LTczMjA3MDQuanBnfHx8fHx8fHx8fHw2NDB4NDgw.jpg"}]}},{"ad_id":"901865","reg_year":"2006","make":"Skoda","model":"Octavia","variant":"Ambiente 1.6 5DR","mileage":"149000","engine_size":"1.6","fuel_type":"Petrol","body_type":"Hatchback","colour":"ff0000","location":"Carlow","price":"\u20ac 3,600","images":{"base_url":"http:\/\/i0.carsie.ie\/","image_list":[{"thumb":"ZWNkOTM5OTQwNWY5ZWYzNTk0ODJiOWQ4MzU4ZDc4M2PLUerlsr5gLSDnONuSN2u4OTAxODY1LTc0MzAzNDUuanBnfHx8fHx8OTJ4Njl8fHx8fA==.jpg","main":"OTYyMzIwZmVlMjNiZjU0YjdmZjM1NGNmNmM0YTc0OWUcVsAcxdcyl8_Nm_tU06A4OTAxODY1LTc0MzAzNDUuanBnfHx8fHx8fHx8fHw0MDB4MzAw.jpg","large":"ZDY1YjJmN2Q5NjJjMWNiYzBmMDU4MmY3NzIxMjE5N2be0yZGJnVickdQZ1YrYDBXOTAxODY1LTc0MzAzNDUuanBnfHx8fHx8fHx8fHw2NDB4NDgw.jpg"}]}},{"ad_id":"819486","reg_year":"2003","make":"Toyota","model":"Avensis","variant":"VVTI 1.6 Luna4d","mileage":"136000","engine_size":"1.6","fuel_type":"Petrol","body_type":"Saloon","colour":"000000","location":"Sligo","price":"\u20ac 3,600","images":{"base_url":"http:\/\/i0.carsie.ie\/","image_list":[{"thumb":"MjkzMDViZWMxN2U2N2RlMWNkM2VkOTYyZDZhODNiZjH5A8lBRgapzfJUvqsXVjfzODE5NDg2LTY0NDY0NzIuanBnfHx8fHx8OTJ4Njl8fHx8fA==.jpg","main":"ZTcyZWVkODBkY2Q2MWVmZmJmM2JlYWJhOTQ4NGQxMThxC1aNv-GFqzgWNxpkIiH5ODE5NDg2LTY0NDY0NzIuanBnfHx8fHx8fHx8fHw0MDB4MzAw.jpg","large":"YmM5YTFiOTNmNTgyOTc5NjJiMTQ4NGE5ZjkwOWIxM2LCmVkoSot_KnmmnKKwiy-IODE5NDg2LTY0NDY0NzIuanBnfHx8fHx8fHx8fHw2NDB4NDgw.jpg"}]}},{"ad_id":"878999","reg_year":"2005","make":"Honda","model":"Accord","variant":"2.4 Tourer Execut","mileage":"130000","engine_size":"2.4","fuel_type":"Petrol","body_type":"Estate","colour":"0000c0","location":"Dublin","price":"\u20ac 3,644","images":{"base_url":"http:\/\/i0.carsie.ie\/","image_list":[{"thumb":"NGYxNGY1MmFjM2E2N2EyMGRiNTk3ZDZkYzE5MTY1NjGWQbXMdUc5nhDnzE-whN7DODc4OTk5LTcxMjcxNDguanBnfHx8fHx8OTJ4Njl8fHx8fA==.jpg","main":"NmE0NDJiYTE0NmJiMDdmZmE3ZjEzNTYxNDI4YmMzZTKfRWq7GY0CEEgGkQrF9oxmODc4OTk5LTcxMjcxNDguanBnfHx8fHx8fHx8fHw0MDB4MzAw.jpg","large":"NjhiNzIxMThhZTUwNWU1NWNjMjNiMTg5NDM3MDMxYjaH-xz11DBRFKuvz7xxXa1iODc4OTk5LTcxMjcxNDguanBnfHx8fHx8fHx8fHw2NDB4NDgw.jpg"}]}},{"ad_id":"890639","reg_year":"2003","make":"Volkswagen","model":"Bora","variant":"TDI COMFORTLINE**REDUCED SALE NOW ON**","mileage":"97000","engine_size":"1.9","fuel_type":"Diesel","body_type":"Saloon","colour":"ff0000","location":"Meath","price":"\u20ac 3,645","images":{"base_url":"http:\/\/i0.carsie.ie\/","image_list":[{"thumb":"NjQ5NWE1MzM2MDE1YTIxZTFkNDM2ZDY4OTFlYWE3ZWXq-rVWNCb0eyCIES0cwZE7ODkwNjM5LTcyODI0OTQuanBnfHx8fHx8OTJ4Njl8fHx8fA==.jpg","main":"ODIzNTIwZDY3MDQ2Yzc4YTkyNzQ0NWYxNGY3NGM3M2T1l7kc5bX8LqAnx8xyVbd_ODkwNjM5LTcyODI0OTQuanBnfHx8fHx8fHx8fHw0MDB4MzAw.jpg","large":"OGZmODVjYWQyNDkwMDIzZDEwZDFjMDUyOWRjZWQzZDJJj5YuJ6UclNNoBbepz2JaODkwNjM5LTcyODI0OTQuanBnfHx8fHx8fHx8fHw2NDB4NDgw.jpg"}]}},{"ad_id":"893747","reg_year":"1999","make":"Audi","model":"TT","variant":"Coupe Quattro 1.8T 180 bhp","mileage":"131000","engine_size":"1.8","fuel_type":"Petrol","body_type":"Coupe","colour":"000000","location":"Dublin","price":"\u20ac 3,650","images":{"base_url":"http:\/\/i0.carsie.ie\/","image_list":[{"thumb":"YzNjNjYwMzEzM2Q5NDU2N2FlMjBiOGM5MTg2MzAxNTJCB5bee3Vm1u-nIPJ2zqynODkzNzQ3LTczMDU5OTkuanBnfHx8fHx8OTJ4Njl8fHx8fA==.jpg","main":"M2FhY2FjYWQyMGU1MWU1MDQ5NjZkZjdjYjE5YjY3ZmTZyI7OIfrnvoqL4cFXYYtFODkzNzQ3LTczMDU5OTkuanBnfHx8fHx8fHx8fHw0MDB4MzAw.jpg","large":"MTdlY2I0MjA5ZmI4NWFhZjE4N2EwNWZmZjIyZDZkYzVwK862YY9EMeIv7mNmcWEbODkzNzQ3LTczMDU5OTkuanBnfHx8fHx8fHx8fHw2NDB4NDgw.jpg"}]}},{"ad_id":"894724","reg_year":"2003","make":"BMW","model":"316","variant":"316 only 82k New NCT 2\/14","mileage":"82000","engine_size":"1.8","fuel_type":"Petrol","body_type":"Saloon","colour":"000000","location":"Dublin","price":"\u20ac 3,650","images":{"base_url":"http:\/\/i0.carsie.ie\/","image_list":[{"thumb":"ZWYwYTU2MWZkNjdjN2E0MTFhNzY5YzhjNTQxOTllY2MFOY2y789QGJVfMiEnVr8YODk0NzI0LTczMDc0NDEuanBnfHx8fHx8OTJ4Njl8fHx8fA==.jpg","main":"MDI1ZTNkODk5MmI5MmM4YmJlNTkzZjA5ZWM2MDFjM2RXBMuAQI_CvymOeZjioU_IODk0NzI0LTczMDc0NDEuanBnfHx8fHx8fHx8fHw0MDB4MzAw.jpg","large":"OWVjMzM3MGNlZmY1ODRhYjVmYjRiYzA1OWYxNjMwYzESVt2f4qS3vUkxHVM0xLXzODk0NzI0LTczMDc0NDEuanBnfHx8fHx8fHx8fHw2NDB4NDgw.jpg"}]}},{"ad_id":"765171","reg_year":"2003","make":"BMW","model":"520","variant":"Automatic","mileage":"116000","engine_size":"2.2","fuel_type":"Petrol","body_type":"Saloon","colour":"0000c0","location":"Dublin","price":"\u20ac 3,650","images":{"base_url":"http:\/\/i0.carsie.ie\/","image_list":[{"thumb":"MzE0M2ExMTk0MzAyZTYxZjMxMTc2OWJmMThlYmU5NTWDGkZiKt1IdhYPN5IXD2iZNzY1MTcxLTY0NDU2NDIuanBnfHx8fHx8OTJ4Njl8fHx8fA==.jpg","main":"ZmM5ZjIyM2JiNTE5NzI5MzBlN2ZiYTViNGZkYjBmNmXodmiAtM-l_tRd-MRvmHVANzY1MTcxLTY0NDU2NDIuanBnfHx8fHx8fHx8fHw0MDB4MzAw.jpg","large":"MTRjZWI1OWZkODNiZjkwYjI2OTU0YjQwZDdjNzA5ZWHNAmFrQnyoani9DPgbKBGQNzY1MTcxLTY0NDU2NDIuanBnfHx8fHx8fHx8fHw2NDB4NDgw.jpg"}]}},{"ad_id":"896964","reg_year":"2005","make":"Citroen","model":"C2","variant":"1.1 SX","mileage":"55000","engine_size":"1.1","fuel_type":"Petrol","body_type":"Hatchback","colour":"000000","location":"Dublin","price":"\u20ac 3,650","images":{"base_url":"http:\/\/i0.carsie.ie\/","image_list":[{"thumb":"N2ExYWNhNWFiMDA3N2Q1NWU1NjIxN2Q5NjA3M2I2MTe5sHy6f-p03ro98nSxUsUvODk2OTY0LTczNDk0ODEuanBnfHx8fHx8OTJ4Njl8fHx8fA==.jpg","main":"MWNmMWMxOTIzNGRiNzdiOTRmYWQ2ZDkwYzBkMmU5MmGj_FFwzLSzqzCiLA97UqowODk2OTY0LTczNDk0ODEuanBnfHx8fHx8fHx8fHw0MDB4MzAw.jpg","large":"YWY5MDI1YWNiYjI4ZmY0MzdlYTJiNTJmMDBiOWFlNDJul0NtjoCPErFrH9xYk9gkODk2OTY0LTczNDk0ODEuanBnfHx8fHx8fHx8fHw2NDB4NDgw.jpg"}]}},{"ad_id":"898267","reg_year":"2006","make":"Citroen","model":"Relay","variant":"1100 SWB","mileage":"127670","engine_size":"2.0","fuel_type":"Diesel","body_type":"Van","colour":"ffffff","location":"Carlow","price":"\u20ac 3,650","images":{"base_url":"http:\/\/i0.carsie.ie\/","image_list":[{"thumb":"MDBmYzY2ZWQ3YjQxNjRlNTczODRkZjlhYTY1YTIwNTadXq5lGai7byR-150jnFFLODk4MjY3LTczNjM2NjQuanBnfHx8fHx8OTJ4Njl8fHx8fA==.jpg","main":"NjU5Nzg5MDUxY2E4YjYxMTRlYzlmMjE0NTI5NDBjZWR3l8d72gzBc91L6gfLB0MXODk4MjY3LTczNjM2NjQuanBnfHx8fHx8fHx8fHw0MDB4MzAw.jpg","large":"OTBiZDI4Y2RjNDkzMmMzYTE2YjM1ZjFhMTI5Y2U1Yzi4apRMJ2H7Yd4IKzTU71vaODk4MjY3LTczNjM2NjQuanBnfHx8fHx8fHx8fHw2NDB4NDgw.jpg"}]}}]}