{"total":"23408","result":[{"ad_id":"638308","reg_year":"2000","make":"Daewoo","model":"Lanos","variant":"","mileage":"100560","engine_size":"1.4","fuel_type":"Petrol","body_type":"Hatchback","colour":"7a0000","location":"Cork","price":"\u20ac 550","images":{"base_url":"http:\/\/i0.carsie.ie\/","image_list":[{"thumb":"N2JhOWZhNjA0OTEwNjUyZjI5ZmI0MmJkYTMyZDE5MzmuvOUOZjrEdYGj154a5XavNjM4MzA4LTQyMTI5OTcuanBnfHx8fHx8OTJ4Njl8fHx8fA==.jpg","main":"ZDc3NjZkNzYwMjdkYWI5MWVkYjJlZWRiYzFkOWU2ZGOY5cDqIHqDjA1lFsSJqWwHNjM4MzA4LTQyMTI5OTcuanBnfHx8fHx8fHx8fHw0MDB4MzAw.jpg","large":"ODdjMjhkZDYwYTI0MmQzMTk5ZDBhMzM0Y2U4ZGY2ZDerihWsAEaxmWM4AmUD6LEWNjM4MzA4LTQyMTI5OTcuanBnfHx8fHx8fHx8fHw2NDB4NDgw.jpg"}]}},{"ad_id":"895312","reg_year":"2000","make":"Fiat","model":"Punto","variant":"1.2 ELX","mileage":"83000","engine_size":"1.2","fuel_type":"Petrol","body_type":"Hatchback","colour":"f0d2a0","location":"Dublin","price":"\u20ac 550","images":{"base_url":"http:\/\/i0.carsie.ie\/","image_list":[{"thumb":"ODJkZDEwODU3NWYwNzllZGMyZmRjNTRhZGYwMzE3OWHgwcLRaVGLPjcIh80X38BOODk1MzEyLTczMjI2ODIuanBnfHx8fHx8OTJ4Njl8fHx8fA==.jpg","main":"NTViZThhMjgwMDJhZGM3ZmNjMjUyYzg4ODk2ZDkzNjY_PAMXo50qynGB1NLSSUnPODk1MzEyLTczMjI2ODIuanBnfHx8fHx8fHx8fHw0MDB4MzAw.jpg","large":"ZDAzOTQ3M2Q0ODk0NjQxMDJhNTcyOWY2MDMzNTUyZGFvhjwgzb4X9f-rB6bf20QIODk1MzEyLTczMjI2ODIuanBnfHx8fHx8fHx8fHw2NDB4NDgw.jpg"}]}},{"ad_id":"890974","reg_year":"2000","make":"Hyundai","model":"Atoz","variant":"Amica 1.0 nct 06\/13, ","mileage":"89311","engine_size":"1.0","fuel_type":"Petrol","body_type":"Hatchback","colour":"e0e0e0","location":"Kildare","price":"\u20ac 550","images":{"base_url":"http:\/\/i0.carsie.ie\/","image_list":[{"thumb":"ZjFhZTIzYjMyZWFlMGNmZDFkZmFiZjRmZjdkMzkyZmPz4uTCQOoUazcvsdOrdjFsODkwOTc0LTcyOTkzMTEuanBnfHx8fHx8OTJ4Njl8fHx8fA==.jpg","main":"YTZkNjNjMjZhZGQ3YTU2OTIxNjdiYzIyNmM0NjhkYTcDBa1mmbwDCNBhUnKV0o9HODkwOTc0LTcyOTkzMTEuanBnfHx8fHx8fHx8fHw0MDB4MzAw.jpg","large":"ZGM1YjJkZmMzNTI1NTU0NGQxZjk3ODg1ZjFkZTcwOTR60nf8Ep08L2zlLnjRV3pwODkwOTc0LTcyOTkzMTEuanBnfHx8fHx8fHx8fHw2NDB4NDgw.jpg"}]}},{"ad_id":"898415","reg_year":"1997","make":"Mercedes-Benz","model":"180","variant":null,"mileage":"190000","engine_size":"1.8","fuel_type":"Petrol","body_type":"Estate","colour":"000000","location":"Westmeath","price":"\u20ac 550","images":{"base_url":"http:\/\/i0.carsie.ie\/","image_list":[{"thumb":"ODQ3MmE5YmNmYmRhZmRjMzhmZGYwOGRhMDE0NTM1Nzf5LYozIZXlZPJgedODxLvsODk4NDE1LTczNjUzNzUuanBnfHx8fHx8OTJ4Njl8fHx8fA==.jpg","main":"YjM1NDc1MjhhOTBlMDBhNDk2YjEzYWY0YjdjMWFmYmOC2HbQV6QzBzay_6QN4efPODk4NDE1LTczNjUzNzUuanBnfHx8fHx8fHx8fHw0MDB4MzAw.jpg","large":"NzU5Nzk3ZjA1OTRlNjBkZmUxOTM0NmY2NTJlMzQzMWPw3ef71pUPeThdF1iMoXFpODk4NDE1LTczNjUzNzUuanBnfHx8fHx8fHx8fHw2NDB4NDgw.jpg"}]}},{"ad_id":"887553","reg_year":"2000","make":"Opel","model":"Astra","variant":"GLX 1.4 XE","mileage":"130000","engine_size":"1.4","fuel_type":"Petrol","body_type":"Hatchback","colour":"e0e0e0","location":"Laois","price":"\u20ac 550","images":{"base_url":"http:\/\/i0.carsie.ie\/","image_list":[{"thumb":"ZTNmYWNlMTZhYTVmNWE1Mzg3ZDdjZjFjNGQwNzMzNjS2OQxIMNynZI7qKjee0qYEODg3NTUzLTcyMjYyODUuanBnfHx8fHx8OTJ4Njl8fHx8fA==.jpg","main":"YWYyZjNmMjc3ZmQzNjAxNDkzNDIzNDZkYTNhMzY0ZWVPVk4Abnj3qbVh2KIq6k8tODg3NTUzLTcyMjYyODUuanBnfHx8fHx8fHx8fHw0MDB4MzAw.jpg","large":"YjgwMTE2MGNkYWMxYjhkNzRlOTJlYmY0MDU2YmYwMTJ4klRptoG-CnVcVMuhw-8FODg3NTUzLTcyMjYyODUuanBnfHx8fHx8fHx8fHw2NDB4NDgw.jpg"}]}},{"ad_id":"833373","reg_year":"1998","make":"Toyota","model":"Avensis","variant":"5dr","mileage":"130000","engine_size":"1.8","fuel_type":"Petrol","body_type":"Hatchback","colour":"e0e0e0","location":"Meath","price":"\u20ac 550","images":{"base_url":"http:\/\/i0.carsie.ie\/","image_list":[{"thumb":"Y2U4ZjU3NzEzNmJhMDgwNGM5OGJmNGRhNzdhYjE2M2aTpVa6KUkkldzO_HbtsubUODMzMzczLTY2MTE0NDkuanBnfHx8fHx8OTJ4Njl8fHx8fA==.jpg","main":"NDgwMjcwZGNmMDY5YjE2YWQ5YTNjYWM1YzdlMGM5ZmNb6DS5u5W5ekOvJ2Al7nviODMzMzczLTY2MTE0NDkuanBnfHx8fHx8fHx8fHw0MDB4MzAw.jpg","large":"N2VmMzdiOGJiNTk1M2Y2YjFiZWRmZjJhYzRkOGNhMzbhtN2Ifp1PEeYGQ23aMlJFODMzMzczLTY2MTE0NDkuanBnfHx8fHx8fHx8fHw2NDB4NDgw.jpg"}]}},{"ad_id":"890596","reg_year":"1996","make":"Volvo","model":"850","variant":"850 2.0 20V Auto.","mileage":"172080","engine_size":"2.0","fuel_type":"Petrol","body_type":"Saloon","colour":"858585","location":"Waterford","price":"\u20ac 550","images":{"base_url":"http:\/\/i0.carsie.ie\/","image_list":[{"thumb":"NjQwNDQyODI2OTNkYzgwNGU0MDA1NjgzYjkxNThkNjDRhf0DxSv0jxx7CBGVjl6UODkwNTk2LTcyNDg1OTguanBnfHx8fHx8OTJ4Njl8fHx8fA==.jpg","main":"YjJiMGQwNDRhMGMwNzMxZWQyNmY4ODEyM2RiZWVlMWKbT6o3SnDJzIIPrhCn-EKyODkwNTk2LTcyNDg1OTguanBnfHx8fHx8fHx8fHw0MDB4MzAw.jpg","large":"N2IxY2U3MDNkYzY5ZDgwOTAxZTJkNGY4OGQ4MDEwOTEwn4XUPhk1zd4PKQwWMvmtODkwNTk2LTcyNDg1OTguanBnfHx8fHx8fHx8fHw2NDB4NDgw.jpg"}]}},{"ad_id":"899551","reg_year":"2000","make":"Fiat","model":"Punto","variant":"1.2 ELX","mileage":"93000","engine_size":"1.2","fuel_type":"Petrol","body_type":"Hatchback","colour":"858585","location":"Dublin","price":"\u20ac 600","images":{"base_url":"http:\/\/i0.carsie.ie\/","image_list":[{"thumb":"ODhmNWFkODNlMGQyODYzNTI1MTA5YTA2NTQ4NzVkNzVENDw2bGMzR6hLi_OzLOyPODk5NTUxLTczNzk5MzcuanBnfHx8fHx8OTJ4Njl8fHx8fA==.jpg","main":"MjcwZjcxOGM0NjU0ZjdmZDViZjI1MWYzODYxYTRjYTJpC2jSiM9YsFhFXUzcRlZUODk5NTUxLTczNzk5MzcuanBnfHx8fHx8fHx8fHw0MDB4MzAw.jpg","large":"ZGI1YzFkOGZiOTZiYmI4OTFjOGI1NmIwMzg0MmYxMTbjKiTv-GNco6gqDnHg4lmeODk5NTUxLTczNzk5MzcuanBnfHx8fHx8fHx8fHw2NDB4NDgw.jpg"}]}},{"ad_id":"900659","reg_year":"2000","make":"Fiat","model":"Punto","variant":"1.2 ELX","mileage":"100157","engine_size":"1.2","fuel_type":"Petrol","body_type":"Hatchback","colour":"ff0000","location":"Wicklow","price":"\u20ac 600","images":{"base_url":"http:\/\/i0.carsie.ie\/","image_list":[{"thumb":"M2E2ZDg4OWVlOTllNWM2ZmE4NGZlZTA5ZWI3NDYyNzOKSEGEPHWnsz27EXz5bg34OTAwNjU5LTc0MDQ5ODIuanBnfHx8fHx8OTJ4Njl8fHx8fA==.jpg","main":"NTdiZGRiZTE5Yzc1YzIwZjgwMzgyMTRjMjgzMTRjYTexe_qXsZHLPwP1maOM6J0JOTAwNjU5LTc0MDQ5ODIuanBnfHx8fHx8fHx8fHw0MDB4MzAw.jpg","large":"NWFkN2JjZWVkYmY2MmJlYjQwMGIyNjZjZTYzZjgxYmNqVhC6kc4fZdoabnfqMYHcOTAwNjU5LTc0MDQ5ODIuanBnfHx8fHx8fHx8fHw2NDB4NDgw.jpg"}]}},{"ad_id":"880889","reg_year":"1998","make":"Honda","model":"Accord","variant":"1.8 LS","mileage":"136000","engine_size":"1.9","fuel_type":"Petrol","body_type":"Saloon","colour":"0000c0","location":"Limerick","price":"\u20ac 600","images":{"base_url":"http:\/\/i0.carsie.ie\/","image_list":[{"thumb":"NTNmNjJiODZiZjhiNjc5MWJkNjFhNjQ1NzMxNjdlMmUE9NW6HToLbGjTzP3TJ_o-ODgwODg5LTcxNDUyNjUuanBnfHx8fHx8OTJ4Njl8fHx8fA==.jpg","main":"ODUwNjMxNzQzZmVjMTc1Nzg5YmY4Y2E3OTBjMmUyZDdoMd2baqe91oIxOy9ia5eZODgwODg5LTcxNDUyNjUuanBnfHx8fHx8fHx8fHw0MDB4MzAw.jpg","large":"MGViZjk4YmFlNWNkMGIxYWJiMDYwMTk2YzFiYWJiZDfYlnMZYY3TrGiOZxpu7nuBODgwODg5LTcxNDUyNjUuanBnfHx8fHx8fHx8fHw2NDB4NDgw.jpg"}]}},{"ad_id":"900924","reg_year":"1999","make":"Land Rover","model":"Freelander","variant":"Land  1.8 XEi","mileage":"12000","engine_size":"1.8","fuel_type":"Petrol","body_type":"Estate","colour":"0000c0","location":"Dublin","price":"\u20ac 600","images":{"base_url":"http:\/\/i0.carsie.ie\/","image_list":[{"thumb":"MTljN2NmMjAyZmY2MDJjY2ExZmE4YTRhMzFjMDZhOTRi1oTin5nbxDGFfPpx7cmlOTAwOTI0LTc0MTM5MDUuanBnfHx8fHx8OTJ4Njl8fHx8fA==.jpg","main":"YTAwOTdhOTMwNDEwNzE4MzA3ZTUwNTEwZjhmMGMzNmHd43zCnlzQ-QzUei54ctBUOTAwOTI0LTc0MTM5MDUuanBnfHx8fHx8fHx8fHw0MDB4MzAw.jpg","large":"ZWIzZTNmNGE4OGE3NzljMDVhNjM5N2RmYTdlNDZlYmRnBWzkxWgEPfM-TyKVZcPAOTAwOTI0LTc0MTM5MDUuanBnfHx8fHx8fHx8fHw2NDB4NDgw.jpg"}]}},{"ad_id":"857851","reg_year":"2001","make":"Nissan","model":"Primera","variant":"1.6","mileage":"140000","engine_size":"1.6","fuel_type":"Petrol","body_type":"Saloon","colour":"008000","location":"Dublin","price":"\u20ac 600","images":{"base_url":"http:\/\/i0.carsie.ie\/","image_list":[{"thumb":"MzBjYjcxNWNlNmI5ODBhYjc4Nzk1NjVlZTFkYzg5ZDAyQ0hLRUytsK5GTjNsYZL4ODU3ODUxLTY4ODEyMTYuanBnfHx8fHx8OTJ4Njl8fHx8fA==.jpg","main":"ZGQ4YzljMTZkMjYyM2U1MjAyM2ViZjhhNWQ3ODEyZTUbiZkHy_vYh4lwL5MnFdu7ODU3ODUxLTY4ODEyMTYuanBnfHx8fHx8fHx8fHw0MDB4MzAw.jpg","large":"NGMxMjY3MGIwNDM5MzAzZTdkZjVhODFhM2MzOTkzOTMqU4V5AYtGGVBzlGJrEWRpODU3ODUxLTY4ODEyMTYuanBnfHx8fHx8fHx8fHw2NDB4NDgw.jpg"}]}},{"ad_id":"898329","reg_year":"2001","make":"Volkswagen","model":"Bora","variant":"1.4 Comf","mileage":"115000","engine_size":"1.4","fuel_type":"Petrol","body_type":"Saloon","colour":"e0e0e0","location":"Meath","price":"\u20ac 600","images":{"base_url":"http:\/\/i0.carsie.ie\/","image_list":[{"thumb":"MTc3ODQ4YmZiNDdhMmJhZjQ5MGNmMzIxNjFiMjAxYjQfrLMuonasiSqUJZudbHtCODk4MzI5LTczNjQzNjYuanBnfHx8fHx8OTJ4Njl8fHx8fA==.jpg","main":"ZGZlZmI2OGRlNmUxZGE2OGQwMmUwMDNhNzY4YzVjYTM2DrsiwIQjtPbz-i7Lb9bWODk4MzI5LTczNjQzNjYuanBnfHx8fHx8fHx8fHw0MDB4MzAw.jpg","large":"OGQwMDc3NDk3YjBmN2IzMjZlNmEzN2E4NzAxMGQ4ZjQGdLku5z0gMrW3cfvCO53PODk4MzI5LTczNjQzNjYuanBnfHx8fHx8fHx8fHw2NDB4NDgw.jpg"}]}},{"ad_id":"713356","reg_year":"2000","make":"Volvo","model":"S40","variant":"1.8","mileage":"143000","engine_size":"1.8","fuel_type":"Petrol","body_type":"Saloon","colour":"e0e0e0","location":"Cork","price":"\u20ac 600","images":{"base_url":"http:\/\/i0.carsie.ie\/","image_list":[{"thumb":"Y2U1M2Y1NzU1ZjA5YjlhOGQwZDU4YjU0ZTIxN2E2MGR2i4hJnFLpuz1YCJPaP36ZNzEzMzU2LTUwNzUxNzguanBnfHx8fHx8OTJ4Njl8fHx8fA==.jpg","main":"YzE4NzkyNWFiMTMyNmFjNTFmZWI2Nzk5YmM1OTFhZjEn8gqyjZUtsItD_NxiMQmANzEzMzU2LTUwNzUxNzguanBnfHx8fHx8fHx8fHw0MDB4MzAw.jpg","large":"YjI5NmQ5ZTBiOWFkMGQ5N2JkZWI4MDYyOWYyNDA1OTLcKaUeogOyLPTzlkbodxyaNzEzMzU2LTUwNzUxNzguanBnfHx8fHx8fHx8fHw2NDB4NDgw.jpg"}]}},{"ad_id":"898380","reg_year":"1995","make":"BMW","model":"316","variant":"i 1.6","mileage":"185000","engine_size":"1.6","fuel_type":"Petrol","body_type":"Hatchback","colour":"ff0000","location":"Kildare","price":"\u20ac 650","images":{"base_url":"http:\/\/i0.carsie.ie\/","image_list":[{"thumb":"OGUxYjYwZTBmNWE1ODAxYzMwYTM4YTEzZjk5ZmEyNzGKsEr_ypaiaZNU2qj8iz9ZODk4MzgwLTczNjQ4NjkuanBnfHx8fHx8OTJ4Njl8fHx8fA==.jpg","main":"YTA5NWU5ZDdmODViNDU4YjhkZmRlM2E4NDE3ZWMzNDXQpsLlcvH2KU4KSkRQyALfODk4MzgwLTczNjQ4NjkuanBnfHx8fHx8fHx8fHw0MDB4MzAw.jpg","large":"MTU2MDAwNzdjYTRlM2ZmZGYyYjRiNGNhMWQzZDhiMzEDLpIKDVfv4JU8V6rqK3cSODk4MzgwLTczNjQ4NjkuanBnfHx8fHx8fHx8fHw2NDB4NDgw.jpg"}]}},{"ad_id":"790331","reg_year":"1998","make":"Fiat","model":"Punto","variant":"60SX","mileage":"123000","engine_size":"1.2","fuel_type":"Petrol","body_type":"Hatchback","colour":"ff0000","location":"Kildare","price":"\u20ac 650","images":{"base_url":"http:\/\/i0.carsie.ie\/","image_list":[{"thumb":"MzVjZWNlNWRmN2E0N2UxNmY1NDc0NjFlZmIwYThjN2G14t2ZMDHYU6SiLQe8TDVrNzkwMzMxLTYxMjExMzAuanBnfHx8fHx8OTJ4Njl8fHx8fA==.jpg","main":"NGRkZmQ5OTRkMjkyODg3ZGVjZjNhZWRiMGU3ZDQ0ZjlDGm6TFSFUFs5Dv3XpyDLaNzkwMzMxLTYxMjExMzAuanBnfHx8fHx8fHx8fHw0MDB4MzAw.jpg","large":"YWU0N2Q4ZTUyNDBjYjVkNzEyN2JlYWMxMDJkN2I4NWQXrTVJ8X3Inv2AqGANtWetNzkwMzMxLTYxMjExMzAuanBnfHx8fHx8fHx8fHw2NDB4NDgw.jpg"}]}},{"ad_id":"758524","reg_year":"1995","make":"Fiat","model":"Punto","variant":"SX 1.7 TD","mileage":"","engine_size":"1.7","fuel_type":"Diesel","body_type":"Hatchback","colour":"008000","location":"Wexford","price":"\u20ac 650","images":{"base_url":"http:\/\/i0.carsie.ie\/","image_list":[{"thumb":"MWEwZTM0MDJlNTMyYzIxNmQ1M2ZjZGViNGZmZWQzZTiEJ7Bz6aYTW3OEWEmFNf6WNzU4NTI0LTU2NzkwMjMuanBnfHx8fHx8OTJ4Njl8fHx8fA==.jpg","main":"NWYzYTk3ZmU1N2E2NzdkMzEzMDJmNjgxZGUwMTU1MDecZXzHQx78VKmuvelh7xYtNzU4NTI0LTU2NzkwMjMuanBnfHx8fHx8fHx8fHw0MDB4MzAw.jpg","large":"NmM2MTlmNjJkMWRkM2NhNjc4ZjhhMmY1ZGQ1Nzg0MzKFH-RCf_l3rN9k9rz-7_H_NzU4NTI0LTU2NzkwMjMuanBnfHx8fHx8fHx8fHw2NDB4NDgw.jpg"}]}},{"ad_id":"894988","reg_year":"1998","make":"Ford","model":"Escort","variant":"1.4i Ghia","mileage":"75000","engine_size":"1.4","fuel_type":"Petrol","body_type":"Saloon","colour":"0000c0","location":"Cork","price":"\u20ac 650","images":{"base_url":"http:\/\/i0.carsie.ie\/","image_list":[{"thumb":"MTUwOGNiMjg5Njg2ZTg0MGIzMjNlZDMwOTRmOTQ1MWbuQq0pZXpTE151txSFae0oODk0OTg4LS5qcGd8fHx8fHw5Mng2OXx8fHx8.jpg","main":"NDMxZWVmYWY1NjU4YWM0NWEyZDEzZGMyMzZjNmM0YjVknwQI2rFvJBkQKbnnVblrODk0OTg4LS5qcGd8fHx8fHx8fHx8fDQwMHgzMDA=.jpg","large":"ZDg2Yzk4NjY5NmMzMDc5YjVkOTFiNjU5NmQ5MzgyZmQ70f2YiPoccubTQWsxAvmZODk0OTg4LS5qcGd8fHx8fHx8fHx8fDY0MHg0ODA=.jpg"}]}},{"ad_id":"881026","reg_year":"2000","make":"Hyundai","model":"Coupe","variant":"1.6 FX EVO *NO NCT HENCE PRICE*","mileage":"133000","engine_size":"1.6","fuel_type":"Petrol","body_type":"Coupe","colour":"e0e0e0","location":"Leitrim","price":"\u20ac 650","images":{"base_url":"http:\/\/i0.carsie.ie\/","image_list":[{"thumb":"MGVkYjdhYmM5ZjBhZDc5NmViN2E2MjRjNmVlNTNkOTEI4rtzSCoeHeNjb1GM_1oRODgxMDI2LTcxNzg1MTAuanBnfHx8fHx8OTJ4Njl8fHx8fA==.jpg","main":"ZTdhYmQ0YWJjNjg3N2ZjNTYwZDgzMTI0YmI4MzM2YmWj42-1a5nrRgiIzQOGUqfBODgxMDI2LTcxNzg1MTAuanBnfHx8fHx8fHx8fHw0MDB4MzAw.jpg","large":"NGRkYmE3MmQ4MzcxZGRhZjNiNDI5Zjc2M2FjZjE5ZTS9AOGtMkpSadpdOtdnGwAyODgxMDI2LTcxNzg1MTAuanBnfHx8fHx8fHx8fHw2NDB4NDgw.jpg"}]}},{"ad_id":"898991","reg_year":"2000","make":"Peugeot","model":"206","variant":"LX 1.8D","mileage":"93208","engine_size":"1.9","fuel_type":"Diesel","body_type":"Hatchback","colour":"0000c0","location":"Meath","price":"\u20ac 650","images":{"base_url":"http:\/\/i0.carsie.ie\/","image_list":[{"thumb":"NzI3OTk1ZTNhNjVlYzNhYTA1NTcwMmY1ZWE3NzdlZGXp0j14hrvs5Qth3sZfVO-zODk4OTkxLTczNzIxNjQuanBnfHx8fHx8OTJ4Njl8fHx8fA==.jpg","main":"NmNiNTdmNDAzNWE3ZDIxNGNlM2E3ZGE3MTkxMjRlZTINRoxL4nnXLV_nqnZG7IddODk4OTkxLTczNzIxNjQuanBnfHx8fHx8fHx8fHw0MDB4MzAw.jpg","large":"YmRkYzNmNTIyYWVmMTFlNWUyMDg3N2NlMDcwMDAzOTJmeJQ8UfYy8_fgb1GxCBaeODk4OTkxLTczNzIxNjQuanBnfHx8fHx8fHx8fHw2NDB4NDgw.jpg"}]}}]}