{"total":"23407","result":[{"ad_id":"629371","reg_year":"1997","make":"Jaguar","model":"XK 8","variant":"","mileage":"70000","engine_size":"4.2","fuel_type":"Petrol","body_type":"Coupe","colour":"008000","location":"Monaghan","price":"\u20ac 5,950","images":{"base_url":"http:\/\/i0.carsie.ie\/","image_list":[{"thumb":"YTljMDI2YzYyNjQ4ODJmY2JlMTgyNWUyMGVkZmRhNTPic9RxsH62egMH41XtFdubNjI5MzcxLTQxMTI5MjcuanBnfHx8fHx8OTJ4Njl8fHx8fA==.jpg","main":"Mjc1OTY4MjE5NGQxN2ZmZTljZjFjMjkzZGViNTU0MGbwdam0IrvI7qC4aRZyaJ7qNjI5MzcxLTQxMTI5MjcuanBnfHx8fHx8fHx8fHw0MDB4MzAw.jpg","large":"ZDRjNzhiZTIxYmIzNjZlMzhiZWI0YWJhY2U0YjliZjdguLHHFmggKRRBoyKhO98mNjI5MzcxLTQxMTI5MjcuanBnfHx8fHx8fHx8fHw2NDB4NDgw.jpg"}]}},{"ad_id":"896959","reg_year":"2000","make":"Jeep","model":"Wrangler","variant":"4.0 Sahara Automatic","mileage":"23500","engine_size":"4.0","fuel_type":"Petrol","body_type":null,"colour":"000000","location":"Sligo","price":"\u20ac 5,950","images":{"base_url":"http:\/\/i0.carsie.ie\/","image_list":[{"thumb":"ZWFmN2YzZTU3YzkzMjJkODRkOTFiN2Q3YjVhMGYzYjn2ne1QoqDywfzZA1l7JjBFODk2OTU5LTc0MTE3MDkuanBnfHx8fHx8OTJ4Njl8fHx8fA==.jpg","main":"YTU0OWVmZmQ1M2VjZjIxYWYzMTk4MjU2Y2JhNWRjZDlpgEY_K11QQOV_Ix53vGGVODk2OTU5LTc0MTE3MDkuanBnfHx8fHx8fHx8fHw0MDB4MzAw.jpg","large":"ZTRhMTViYzhlNzcxNjZhYjExNjBiMGM0ZTBmNjQ3YTj31KNBWS-CmbIghpdKkMxtODk2OTU5LTc0MTE3MDkuanBnfHx8fHx8fHx8fHw2NDB4NDgw.jpg"}]}},{"ad_id":"866370","reg_year":"2007","make":"Kia","model":"Magentis","variant":"Rent to Buy This Car","mileage":"65865","engine_size":"2.0","fuel_type":"Petrol","body_type":"Saloon","colour":"858585","location":"Dublin","price":"\u20ac 5,950","images":{"base_url":"http:\/\/i0.carsie.ie\/","image_list":[{"thumb":"NzRkYWY1OWNhM2RjOWIzYTExOGE2MzJhYTdkZjQwODmUR3LqNpA7e0RrEHSJkCfwODY2MzcwLTY5Nzk1ODAuanBnfHx8fHx8OTJ4Njl8fHx8fA==.jpg","main":"ZGFlNDM1NjhjOThkY2VlYmQ4YTQzZDA1ZGI4YjU0ODjpE-oiUZ7KK9hKrC_XmfHpODY2MzcwLTY5Nzk1ODAuanBnfHx8fHx8fHx8fHw0MDB4MzAw.jpg","large":"Zjg3YmU5MGUzY2EwZjNiMTAyNTE0ODkzYTlhN2U5NmFkdZe-CTo2D6asiMKaRU3cODY2MzcwLTY5Nzk1ODAuanBnfHx8fHx8fHx8fHw2NDB4NDgw.jpg"}]}},{"ad_id":"886836","reg_year":"2007","make":"Kia","model":"Rio","variant":"1.4 LX 5DR","mileage":"40000","engine_size":"1.3","fuel_type":"Petrol","body_type":"Hatchback","colour":"ff0000","location":"Donegal","price":"\u20ac 5,950","images":{"base_url":"http:\/\/i0.carsie.ie\/","image_list":[{"thumb":"NmEzNWUzNzRiYmI2NGM5NjZiZjI0MDQzOWNmMGJkNDdJ0xOSMEDHNuvskI3oMHwOODg2ODM2LTczMjczNDMuanBnfHx8fHx8OTJ4Njl8fHx8fA==.jpg","main":"MjJlYzhmODk5M2Y0MGE5YWIyMzMwNzcyMWRjYTYyYzYlQP95rKXn2KUH2zKdbEVpODg2ODM2LTczMjczNDMuanBnfHx8fHx8fHx8fHw0MDB4MzAw.jpg","large":"NjQ2NzExZDg5MThlMDc5ODZhMmY5NzRlNDJhNGU1YTjGIjD0jqXH6M2pRLX1y5eeODg2ODM2LTczMjczNDMuanBnfHx8fHx8fHx8fHw2NDB4NDgw.jpg"}]}},{"ad_id":"882674","reg_year":"2008","make":"Kia","model":"Rio","variant":"1.4 Ex 4dr","mileage":"72595","engine_size":"1.4","fuel_type":"Petrol","body_type":"Saloon","colour":"e0e0e0","location":"Kildare","price":"\u20ac 5,950","images":{"base_url":"http:\/\/i0.carsie.ie\/","image_list":[{"thumb":"MDU3YTQ3YTE1NWQ1OGEwMDMzYWUxZjExNzBmNjNhYjdZOj3fQ2_Z8KpWJMWfaB10ODgyNjc0LTcxNjk2MTIuanBnfHx8fHx8OTJ4Njl8fHx8fA==.jpg","main":"ZDM0YjQzMTllM2VhMjg5MGZmN2U1YTZjNDY1NGY3MjFiMDwxYbEiYK9x1nfvHgRDODgyNjc0LTcxNjk2MTIuanBnfHx8fHx8fHx8fHw0MDB4MzAw.jpg","large":"NWMzNDYxM2Q3NzI5ODM0YmYxOWQ3YzllOTYyMzlmMjeKaps7sIUG-P2mVaTy6_n9ODgyNjc0LTcxNjk2MTIuanBnfHx8fHx8fHx8fHw2NDB4NDgw.jpg"}]}},{"ad_id":"787979","reg_year":"2004","make":"Kia","model":"Sorento","variant":"EX 2.5TD MANUAL","mileage":"130000","engine_size":"2.5","fuel_type":"Diesel","body_type":"Estate","colour":"ff0000","location":"Laois","price":"\u20ac 5,950","images":{"base_url":"http:\/\/i0.carsie.ie\/","image_list":[{"thumb":"YzRjMmU3YzYwM2Q1MTQ4MWYxNTJjMWMyM2ZhM2E3Mjjpr88IIUarcL1ZDMyGut4-Nzg3OTc5LTYwNTYxOTguanBnfHx8fHx8OTJ4Njl8fHx8fA==.jpg","main":"MmNiOGYxYTE1YmM5N2Q4YTFjMDlmOGFiODY3NmE5MDP7TKIW3-N8-uJgcbcEbduFNzg3OTc5LTYwNTYxOTguanBnfHx8fHx8fHx8fHw0MDB4MzAw.jpg","large":"YTQwZjFhOTMyODZiMzcxMTNhZmQ3YTQwYzUzYmMyNGbsAZ2-GtRaUhdHKqQktrlbNzg3OTc5LTYwNTYxOTguanBnfHx8fHx8fHx8fHw2NDB4NDgw.jpg"}]}},{"ad_id":"839344","reg_year":"2005","make":"Kia","model":"Sorento","variant":"2.5 EX MT 5DR","mileage":"145000","engine_size":"2.5","fuel_type":"Diesel","body_type":"Estate","colour":"0000c0","location":"Wexford","price":"\u20ac 5,950","images":{"base_url":"http:\/\/i0.carsie.ie\/","image_list":[{"thumb":"NzAzNWExNzhhZTA5ODU3MDhhODI0ZjVhYTY5NWNhOGS-Sk-f59qxeJW0B7KtMsc0ODM5MzQ0LTY2ODk2NDEuanBnfHx8fHx8OTJ4Njl8fHx8fA==.jpg","main":"NjU4OWMyMGI3MzMyM2Q3OGIyYTdmZTJjMDNiMGJjN2U3gk-oB4QoMD0AswFiqbJtODM5MzQ0LTY2ODk2NDEuanBnfHx8fHx8fHx8fHw0MDB4MzAw.jpg","large":"NmIyYTVlMmExMmEyM2UxMWM0YmFmMTNlNmVmMmNjNGIK9RpcZg2DS-qJojZLDz5_ODM5MzQ0LTY2ODk2NDEuanBnfHx8fHx8fHx8fHw2NDB4NDgw.jpg"}]}},{"ad_id":"738341","reg_year":"2006","make":"Land Rover","model":"Freelander","variant":"1.8","mileage":"71500","engine_size":"1.8","fuel_type":"Petrol","body_type":"Other","colour":"0000c0","location":"Dublin","price":"\u20ac 5,950","images":{"base_url":"http:\/\/i0.carsie.ie\/","image_list":[{"thumb":"OWI1YWJlOTBlODBiOGRjNWYwZTk2MDJmNmZjMzM1YTUxupR0E7GEjYzzVUW4sa0qNzM4MzQxLTU0MzI4NjQuanBnfHx8fHx8OTJ4Njl8fHx8fA==.jpg","main":"ZmMwYjNmYTdkMTZkOTU5NDdmNDdmM2UxMDM0NGIzYjHogLAHqgpo2GLGSP1_2HmUNzM4MzQxLTU0MzI4NjQuanBnfHx8fHx8fHx8fHw0MDB4MzAw.jpg","large":"ZDc0NjNlYWRhYWY4OWU4ZDY4NDE3NjNjYmMxZTlhNDe2uUpvVnr7XgCy00cUiRoDNzM4MzQxLTU0MzI4NjQuanBnfHx8fHx8fHx8fHw2NDB4NDgw.jpg"}]}},{"ad_id":"895235","reg_year":"2005","make":"Land Rover","model":"Freelander","variant":"1.8 SE 12 MONTHS WARRANTY","mileage":"44625","engine_size":"1.8","fuel_type":"Petrol","body_type":"Estate","colour":"000000","location":"Dublin","price":"\u20ac 5,950","images":{"base_url":"http:\/\/i0.carsie.ie\/","image_list":[{"thumb":"NmI3YThlNzkyYzg2MGI4YWMwMDk5ZGI2OWE4NWM3Y2X2H6WXjb--2_Z_g7qxgTrJODk1MjM1LTczMjE2MjMuanBnfHx8fHx8OTJ4Njl8fHx8fA==.jpg","main":"OTc5NTYwNjFmNjc4NGMyOTA5MTU2NmE5Njc1ZTljZjl6ck_lHN1TrJhTTHQ4Q2jCODk1MjM1LTczMjE2MjMuanBnfHx8fHx8fHx8fHw0MDB4MzAw.jpg","large":"ODNjNzNhNmIwMjFjYTVjODdmZGVjYTI0NzM4OTJlMjikvtZpGjT40LCDa6QES7XfODk1MjM1LTczMjE2MjMuanBnfHx8fHx8fHx8fHw2NDB4NDgw.jpg"}]}},{"ad_id":"900370","reg_year":"2004","make":"Land Rover","model":"Freelander","variant":"2.0 AUTOMATIC 4X4","mileage":"95000","engine_size":"2.0","fuel_type":"Diesel","body_type":"Estate","colour":"000000","location":"Dublin","price":"\u20ac 5,950","images":{"base_url":"http:\/\/i0.carsie.ie\/","image_list":[{"thumb":"Mjk0ZmVmYTdjNGYxNzhmYmI1MmUxYjY3Zjk2MDE0NTJrzZKKMl3pCrxkIfbF15GPOTAwMzcwLTc0MTgyNjMuanBnfHx8fHx8OTJ4Njl8fHx8fA==.jpg","main":"Yzc5ZTM5YjhhN2M4MzEwMmRmODZkMTkzYTdiNzg5ZDm8cWhn6cg8mjaOghxF_Q0DOTAwMzcwLTc0MTgyNjMuanBnfHx8fHx8fHx8fHw0MDB4MzAw.jpg","large":"YzRkYTk2ZmQxOTAwMjdkY2RhNWFmZDgwNTk0ODk5ZWYUdVUnNB6yqaBl-wehAoFpOTAwMzcwLTc0MTgyNjMuanBnfHx8fHx8fHx8fHw2NDB4NDgw.jpg"}]}},{"ad_id":"876067","reg_year":"2007","make":"Mazda","model":"Mazda2","variant":"1.2 Comfort 5dr, NEW NCT 01\/2015, One Lady Owner.","mileage":"54995","engine_size":"1.2","fuel_type":"Petrol","body_type":"Hatchback","colour":"b9cdfb","location":"Dublin","price":"\u20ac 5,950","images":{"base_url":"http:\/\/i0.carsie.ie\/","image_list":[{"thumb":"N2NkNmU4YTFmZWQ4MjZhZWJmMTAwMzQzNTJiYzJiYTO9ByHK0nvKX4WbJi6MHg-aODc2MDY3LTcxMjUzMTAuanBnfHx8fHx8OTJ4Njl8fHx8fA==.jpg","main":"NDFmYTg3OGYxNDdkM2NkYTgzMTJkNzYwNGZjM2QxNDgEf41PqOg6G8o764C9r5xiODc2MDY3LTcxMjUzMTAuanBnfHx8fHx8fHx8fHw0MDB4MzAw.jpg","large":"OTlkOTE2ZjEwMmRlNTI3Zjg3ZmM0NWE0NTI0OTZhNzi3SQn6kxWIxlK2EjzXNU4GODc2MDY3LTcxMjUzMTAuanBnfHx8fHx8fHx8fHw2NDB4NDgw.jpg"}]}},{"ad_id":"885763","reg_year":"2005","make":"Mazda","model":"Mazda3","variant":"1.6 D TS 05DR","mileage":"130000","engine_size":"1.6","fuel_type":"Diesel","body_type":"Hatchback","colour":"ff0000","location":"Tipperary","price":"\u20ac 5,950","images":{"base_url":"http:\/\/i0.carsie.ie\/","image_list":[{"thumb":"OThjYTFkZDk5YjUyZWViM2Q4YzAxZDliODc0ZjViY2Ll1BQURfHiiCM_5XsCfW73ODg1NzYzLTcyMDc5NTYuanBnfHx8fHx8OTJ4Njl8fHx8fA==.jpg","main":"NjJlM2ZjNTU5MmU0MTI1ZWExODhiZTM1M2EzY2Y1MDYLSpDqUiYnKjjhFMon_x4lODg1NzYzLTcyMDc5NTYuanBnfHx8fHx8fHx8fHw0MDB4MzAw.jpg","large":"NzEwM2Q3MzU0MDUzNWJkOTRlZGYxODE3Yzc3YTViOTWF1opkQLv_UQcbUY9JwmcVODg1NzYzLTcyMDc5NTYuanBnfHx8fHx8fHx8fHw2NDB4NDgw.jpg"}]}},{"ad_id":"758515","reg_year":"2007","make":"Mazda","model":"Mazda6","variant":"2.0D 143PS 4DR Execut","mileage":"124000","engine_size":"2.0","fuel_type":"Diesel","body_type":"Saloon","colour":"0000c0","location":"Dublin","price":"\u20ac 5,950","images":{"base_url":"http:\/\/i0.carsie.ie\/","image_list":[{"thumb":"MmFjYzMzNWU4ODg4ZmZiMzg5ZDczNGU3NWU2MzUzZjV-Co1r1jWTKPwUEwKiy1YwNzU4NTE1LTU2NzA0NzguanBnfHx8fHx8OTJ4Njl8fHx8fA==.jpg","main":"OGIzODA2ZmZkZjI5MTE0N2NmNjhiOWRmZWUwM2ZmNGGwGV_5S8nXr9wDOWqn5mWXNzU4NTE1LTU2NzA0NzguanBnfHx8fHx8fHx8fHw0MDB4MzAw.jpg","large":"NzA2MzY5ZTIyMzA3ZjJhMDcxMGYxZjVlZTFmYzc4N2HJZNWxoMBpD-hPzz8PqR1gNzU4NTE1LTU2NzA0NzguanBnfHx8fHx8fHx8fHw2NDB4NDgw.jpg"}]}},{"ad_id":"817768","reg_year":"2007","make":"Mazda","model":"Mazda6","variant":"2.0 EXECUTIVE!12 MONTH WARRANTY! TDI 143BHP-1 OWNER-FULL MAIN DEALER HISTORY","mileage":"148624","engine_size":"2.0","fuel_type":"Diesel","body_type":"Hatchback","colour":"000000","location":"Dublin","price":"\u20ac 5,950","images":{"base_url":"http:\/\/i0.carsie.ie\/","image_list":[{"thumb":"Zjc5MGI1ZmExN2I3NWUzYjljNDEzN2E1NTE4YWNhMWUbonGMjqdnuPf-FtEjRHkxODE3NzY4LTcwMTM0NjQuanBnfHx8fHx8OTJ4Njl8fHx8fA==.jpg","main":"NDFjOWQ4NjZjNzU5Mjg2NmVlNDIwNzgwMDZhZjgxMDAyy-G1re-VlnpRPLCvSp5lODE3NzY4LTcwMTM0NjQuanBnfHx8fHx8fHx8fHw0MDB4MzAw.jpg","large":"ZmI3MjUzNDYyY2I1MzA5YTViNDdiNzhhYjJkZjA4NGOvdJ7BGWgAKcS5LgAwxg-HODE3NzY4LTcwMTM0NjQuanBnfHx8fHx8fHx8fHw2NDB4NDgw.jpg"}]}},{"ad_id":"864901","reg_year":"2007","make":"Mazda","model":"Mazda6","variant":"TS D 121","mileage":"136655","engine_size":"2.0","fuel_type":"Diesel","body_type":"Hatchback","colour":"000000","location":"Dublin","price":"\u20ac 5,950","images":{"base_url":"http:\/\/i0.carsie.ie\/","image_list":[{"thumb":"NjIyMGE3OTNmZjgwMjYwNDJlYWVkMTdhMWNkMmM4ZjEt0ZDHwZ8zeRVRBcI9beKCODY0OTAxLTY5NjM2MTYuanBnfHx8fHx8OTJ4Njl8fHx8fA==.jpg","main":"ZGE5NmI3YzkxM2U5OWFlZjRiMmVhZDEzODE3YWY5OWN0_o8n2OCCcfU9PEslpW7AODY0OTAxLTY5NjM2MTYuanBnfHx8fHx8fHx8fHw0MDB4MzAw.jpg","large":"ZmE1Y2U4OWY5MzQ5NmI2MGIyYmZjNTZmNmFmNTc1ZWSQ3WSv8pJSuP93K2cRh17MODY0OTAxLTY5NjM2MTYuanBnfHx8fHx8fHx8fHw2NDB4NDgw.jpg"}]}},{"ad_id":"887394","reg_year":"2006","make":"Mazda","model":"Mazda6","variant":"1.8 Sedan Comfort","mileage":"98179","engine_size":"1.8","fuel_type":"Petrol","body_type":"Saloon","colour":"000000","location":"Limerick","price":"\u20ac 5,950","images":{"base_url":"http:\/\/i0.carsie.ie\/","image_list":[{"thumb":"MjM0ZjA4ZWQwNjM0ODcxZGM2YTJlMzM1ODY5OTg0Y2HrIYN3cLOJkrXMhppjFzQlODg3Mzk0LTcyMjQ1MDIuanBnfHx8fHx8OTJ4Njl8fHx8fA==.jpg","main":"NjZkZjY3YzRiZGZkZTFkZmJhMzQzNzViNjE2YmE1ZTB99-duOBPUyL370vEEmbCAODg3Mzk0LTcyMjQ1MDIuanBnfHx8fHx8fHx8fHw0MDB4MzAw.jpg","large":"NzcwMTNkNTBkNTdmMjg3MWIwYmFiOGMwODUyYjEzYmG8ub5E1oEmR1SaI18LwDzcODg3Mzk0LTcyMjQ1MDIuanBnfHx8fHx8fHx8fHw2NDB4NDgw.jpg"}]}},{"ad_id":"864601","reg_year":"2006","make":"Mazda","model":"Mazda6","variant":null,"mileage":"82000","engine_size":"1.8","fuel_type":"Petrol","body_type":null,"colour":"858585","location":"Mayo","price":"\u20ac 5,950","images":{"base_url":"http:\/\/i0.carsie.ie\/","image_list":[{"thumb":"MjkzMWQzYjhkN2IyNjRkOTYyMzdlZDUxMzM4MzM0Y2Zbu1grAIZEP31t72mGxLBbODY0NjAxLS5qcGd8fHx8fHw5Mng2OXx8fHx8.jpg","main":"MWIxMzExMDAzYmMzZTAxOTBhZTA5ZjRjYmI3ZjVhYzJlK5ZHkJJNwGSmvUAlKcydODY0NjAxLS5qcGd8fHx8fHx8fHx8fDQwMHgzMDA=.jpg","large":"NDEyYWQ1MjY0OTUxY2E4NWQ0NjU3N2RjNWI4ZjE0Njjrl2HtaFD8gZRRQktH-ohdODY0NjAxLS5qcGd8fHx8fHx8fHx8fDY0MHg0ODA=.jpg"}]}},{"ad_id":"901511","reg_year":"2006","make":"Mazda","model":"Mazda6","variant":null,"mileage":"82000","engine_size":"1.8","fuel_type":"Petrol","body_type":null,"colour":"858585","location":"Mayo","price":"\u20ac 5,950","images":{"base_url":"http:\/\/i0.carsie.ie\/","image_list":[{"thumb":"Zjk5YWQ3ZmMxZjAwMGE5YzY1ZWM3Y2JiNmE1OTIxYjirlQky1DizlZkpjcoGDB3YOTAxNTExLTc0MjIxODAuanBnfHx8fHx8OTJ4Njl8fHx8fA==.jpg","main":"NmJiMGJjNzcwZTRkMTU1NjZhZWYyOGNlMTFiYWVjMzRVhA98sn-W72lzLjU2cPULOTAxNTExLTc0MjIxODAuanBnfHx8fHx8fHx8fHw0MDB4MzAw.jpg","large":"OTI5ZDVhYmUwMmE1M2YzMTRjYzQ0NjdjYWVmZTdkNGQzvIW5685UgcUJCWXkXutFOTAxNTExLTc0MjIxODAuanBnfHx8fHx8fHx8fHw2NDB4NDgw.jpg"}]}},{"ad_id":"866811","reg_year":"2005","make":"Mazda","model":"Mazda6","variant":"S D","mileage":"121444","engine_size":"2.0","fuel_type":"Diesel","body_type":"Hatchback","colour":"e0e0e0","location":"Westmeath","price":"\u20ac 5,950","images":{"base_url":"http:\/\/i0.carsie.ie\/","image_list":[{"thumb":"NTc0ZGMwNzEzNWU4YjMxYTlmMmVhMTYwZmQ5N2M3OWMVUQ2Ab6pKcbrxJPxKW3DeODY2ODExLTcyNDgzODAuanBnfHx8fHx8OTJ4Njl8fHx8fA==.jpg","main":"MjQ0Nzk2MTZmOTZhZDQ0NGQ1NjJmNTAyMzU3YWQ5MzERFeFKSglNthLq51Bwk6t5ODY2ODExLTcyNDgzODAuanBnfHx8fHx8fHx8fHw0MDB4MzAw.jpg","large":"NGFhNjYzZmVjN2NiNDkyZDJiZWRlM2JlMTYzNjc5NzHKiG5ITs1IfbCbGVTa-9IJODY2ODExLTcyNDgzODAuanBnfHx8fHx8fHx8fHw2NDB4NDgw.jpg"}]}},{"ad_id":"886418","reg_year":"2004","make":"Mazda","model":"MX-5","variant":"1.6I Coupe","mileage":"59340","engine_size":"1.6","fuel_type":"Petrol","body_type":"Cabriolet \/ Convertible","colour":"e0e0e0","location":"Dublin","price":"\u20ac 5,950","images":{"base_url":"http:\/\/i0.carsie.ie\/","image_list":[{"thumb":"OWJiYWU0ZmI5ODU0ZTE5NTU1OWVlOGQwYzE0OGVhMjMBbSupHRG-AaUo8-BoXOaoODg2NDE4LTcyNjY5NDkuanBnfHx8fHx8OTJ4Njl8fHx8fA==.jpg","main":"ZjVmNzlmYTVmN2Y0ZTJlYzk3Njc4NjJlYjhmMmU3YmOH3uFtiC13CysxKYF1Skg7ODg2NDE4LTcyNjY5NDkuanBnfHx8fHx8fHx8fHw0MDB4MzAw.jpg","large":"NWY4Y2RkMTNiMzE3Y2M3Y2QwNjhhY2FhNjBjMTM2M2MRQhtqoz3VXqCp8HMT_DOUODg2NDE4LTcyNjY5NDkuanBnfHx8fHx8fHx8fHw2NDB4NDgw.jpg"}]}}]}