{"total":"23407","result":[{"ad_id":"858865","reg_year":"2004","make":"Toyota","model":"Corolla","variant":"corolla vvti t. sport 03dr","mileage":"58000","engine_size":"1.8","fuel_type":"Petrol","body_type":"Hatchback","colour":"ff0000","location":"Sligo","price":"\u20ac 5,750","images":{"base_url":"http:\/\/i0.carsie.ie\/","image_list":[{"thumb":"NWY1NGZkNTE2N2Q1NWVlY2I5NDA5ZmM4MjJmYzVmYjCiCQphSXBsGfPBl3CON3DiODU4ODY1LTY5NjM5NDguanBnfHx8fHx8OTJ4Njl8fHx8fA==.jpg","main":"ZmIxYTc4ZDQ1YzM4MTRiMmEwYmQzYTQwMDU1ZWQyOTSDcJonWKsbToloc838cgBvODU4ODY1LTY5NjM5NDguanBnfHx8fHx8fHx8fHw0MDB4MzAw.jpg","large":"MjA4YzlkMmJhODg4YWQxZWEzNTdhZGNjN2YzYmUwNDQUD6VbsMkwGpJmvoFqJRudODU4ODY1LTY5NjM5NDguanBnfHx8fHx8fHx8fHw2NDB4NDgw.jpg"}]}},{"ad_id":"870298","reg_year":"2001","make":"Toyota","model":"Landcruiser","variant":"TDI SWB","mileage":"145000","engine_size":"3.0","fuel_type":"Diesel","body_type":"SUV","colour":"e0e0e0","location":"Wicklow","price":"\u20ac 5,750","images":{"base_url":"http:\/\/i0.carsie.ie\/","image_list":[{"thumb":"NTA0NTgyZmM0Y2E3NTdlZWJmYzg1M2QzNmNlNjE2NmYxJoqoPyMscGaBQbcOHIumODcwMjk4LTcwMjM3MDUuanBnfHx8fHx8OTJ4Njl8fHx8fA==.jpg","main":"YjZhYTA1YThjOTFjYmY0MDlkZmY4OTNjMTQ0NjE0Y2aob65V1jUlPifdzPZGqhtdODcwMjk4LTcwMjM3MDUuanBnfHx8fHx8fHx8fHw0MDB4MzAw.jpg","large":"Mzc0ZWRiN2I5YTNlYWI0OGE4MmJmNWNkNzM4MTA2ZjagfQcxZDZxI2CtLxSlYkkZODcwMjk4LTcwMjM3MDUuanBnfHx8fHx8fHx8fHw2NDB4NDgw.jpg"}]}},{"ad_id":"848643","reg_year":"2005","make":"Toyota","model":"Rav4","variant":"4X4 Luna 5DR","mileage":"86994","engine_size":"2.0","fuel_type":"Petrol","body_type":"SUV","colour":"008000","location":"Dublin","price":"\u20ac 5,750","images":{"base_url":"http:\/\/i0.carsie.ie\/","image_list":[{"thumb":"MmIzNjc0ZDA5NjZiZWUyZTJhYTYxNzhjNTRjNDUxNjGHRKe4Rt8ac5jS1tL8Ifr0ODQ4NjQzLTcxOTQ5MTcuanBnfHx8fHx8OTJ4Njl8fHx8fA==.jpg","main":"YTQxOGFiODU5OTllZmMxNjU0Yzk5ODMxNjE0OGM0NGS2RgB3m_XGLLMxs2vtKiTCODQ4NjQzLTcxOTQ5MTcuanBnfHx8fHx8fHx8fHw0MDB4MzAw.jpg","large":"MzQ5YjBiZDA3OWY4OTBlNjZkY2Y5ZTUzNWZmZTE2ZDcThJFxki_QqgBcrGRpSlTBODQ4NjQzLTcxOTQ5MTcuanBnfHx8fHx8fHx8fHw2NDB4NDgw.jpg"}]}},{"ad_id":"824384","reg_year":"2005","make":"Toyota","model":"Rav4","variant":"MC 4X2 Luna 5DR","mileage":"70583","engine_size":"1.8","fuel_type":"Petrol","body_type":"SUV","colour":"0000c0","location":"Tipperary","price":"\u20ac 5,750","images":{"base_url":"http:\/\/i0.carsie.ie\/","image_list":[{"thumb":"MmQ2OTgxMDY3ZDVjM2ExYzZhYWMxNTQ4MjFiYmJjMTF2edCRg6eGQMIsgqyPF7HjODI0Mzg0LTY1MDYwNjMuanBnfHx8fHx8OTJ4Njl8fHx8fA==.jpg","main":"MGJiYzBlMjg4ZmRmMWE1ZjE5YzRlYmE1MDkxODUzYTGObM8E4UR70SMYC-BkCdJcODI0Mzg0LTY1MDYwNjMuanBnfHx8fHx8fHx8fHw0MDB4MzAw.jpg","large":"MjA4MDAyNzQ1MmYwYzlhYjdiMmNmOGFlN2Q3MjgwMjHy1fkcfygefHcSHwAbhjuNODI0Mzg0LTY1MDYwNjMuanBnfHx8fHx8fHx8fHw2NDB4NDgw.jpg"}]}},{"ad_id":"885682","reg_year":"2005","make":"Toyota","model":"Yaris","variant":"Terra 1.0 5 Speed Manual","mileage":"68226","engine_size":"1.0","fuel_type":"Petrol","body_type":"Hatchback","colour":"008000","location":"Dublin","price":"\u20ac 5,750","images":{"base_url":"http:\/\/i0.carsie.ie\/","image_list":[{"thumb":"NTgyYTkzYTlhMzc1NDYxY2NjNjRkMWZkYzBlNmM4YmEpB6PXTmYxJu1pMQrohI8DODg1NjgyLTcyMzEwOTguanBnfHx8fHx8OTJ4Njl8fHx8fA==.jpg","main":"MWE0MTE3MzE3YTU3OTk2ZjgxYjRmNzQ3NTJjMTRmMTJpcKXtCkCg84plpTvQ3wGoODg1NjgyLTcyMzEwOTguanBnfHx8fHx8fHx8fHw0MDB4MzAw.jpg","large":"YTg4NmVhZDBjZjViYmY1OTNmZDA5MTBmYWI5ZWYzNGWmmMaFPq1pmqKpTotafRmgODg1NjgyLTcyMzEwOTguanBnfHx8fHx8fHx8fHw2NDB4NDgw.jpg"}]}},{"ad_id":"887273","reg_year":"2005","make":"Toyota","model":"Yaris","variant":"Terra 1.0 5Dr","mileage":"62812","engine_size":"1.0","fuel_type":"Petrol","body_type":"Hatchback","colour":"0000c0","location":"Dublin","price":"\u20ac 5,750","images":{"base_url":"http:\/\/i0.carsie.ie\/","image_list":[{"thumb":"NWE0MmMyNTdhNWJkOGJiZjkxM2QzMzY1MmU2YmEzMjG4IEgfUCRTObPe1NY5R-19ODg3MjczLTcyODAwNTcuanBnfHx8fHx8OTJ4Njl8fHx8fA==.jpg","main":"MDRjZTZjMjdlMTY5NTdmZjhmZWJiZDA0NGY5M2NjOGOh2ZlTp5UR1-ACJtkXkYVDODg3MjczLTcyODAwNTcuanBnfHx8fHx8fHx8fHw0MDB4MzAw.jpg","large":"NGQxYWVjZDI0NzBmNTI3NDE2YzRkNGU2ZDNhMGRhYmRXC57SmPPDqlfvycycOL0eODg3MjczLTcyODAwNTcuanBnfHx8fHx8fHx8fHw2NDB4NDgw.jpg"}]}},{"ad_id":"870656","reg_year":"1974","make":"Triumph","model":"Stag","variant":"3.0","mileage":"37000","engine_size":"3.0","fuel_type":"Petrol","body_type":"Cabriolet \/ Convertible","colour":"ffffff","location":"Meath","price":"\u20ac 5,750","images":{"base_url":"http:\/\/i0.carsie.ie\/","image_list":[{"thumb":"MjAxNDg5YjVjNWZiZDBkZjg0NmNlMDI0MjUwNjVlNDfAAzTcwFQJVBGdgchDGuxMODcwNjU2LTczMjczMDkuanBnfHx8fHx8OTJ4Njl8fHx8fA==.jpg","main":"MzU4NGYzNDU4MjFiNzM4MWEyZWVlOWVkMWQ2NTA3YTc7bzpX8HY2M089rjOen3FYODcwNjU2LTczMjczMDkuanBnfHx8fHx8fHx8fHw0MDB4MzAw.jpg","large":"OWI4MTIxZTU5Y2ZiNDAwM2Y5ZWU4OTkyMmY0NmY3NjAwTjYFtJJ7SmWn-KhsmnRHODcwNjU2LTczMjczMDkuanBnfHx8fHx8fHx8fHw2NDB4NDgw.jpg"}]}},{"ad_id":"866457","reg_year":"2006","make":"Vauxhall","model":"Corsa","variant":null,"mileage":"55000","engine_size":"1.3","fuel_type":"Diesel","body_type":null,"colour":"e0e0e0","location":"Wexford","price":"\u20ac 5,750","images":{"base_url":"http:\/\/i0.carsie.ie\/","image_list":[{"thumb":"NDJjOWEzZDEwMmY5MzgyNmJlYjk3MmRiMDE1ZDQ4MjR3WTBMyGk2_W_38iLwSjHsODY2NDU3LTY5ODE2OTEuanBnfHx8fHx8OTJ4Njl8fHx8fA==.jpg","main":"MjA5ZTVjOTQ5ZTJlYjE1NzczYTI5NWQ5MzI3MDc1YzUPrSujpSsrWophTiXyTqZYODY2NDU3LTY5ODE2OTEuanBnfHx8fHx8fHx8fHw0MDB4MzAw.jpg","large":"MWQ4ODNjYzMxYWQ1NDg4MTk3NjcxOGVjMzM4MTgxZDlXntFfjDjeURa8hGpGVJFWODY2NDU3LTY5ODE2OTEuanBnfHx8fHx8fHx8fHw2NDB4NDgw.jpg"}]}},{"ad_id":"900474","reg_year":"2005","make":"Volkswagen","model":"Golf","variant":"1.9tdi 5DR","mileage":"159000","engine_size":"1.9","fuel_type":"Diesel","body_type":"Hatchback","colour":"0000c0","location":"Donegal","price":"\u20ac 5,750","images":{"base_url":"http:\/\/i0.carsie.ie\/","image_list":[{"thumb":"ZjE4YjA2MDBmYjgwZjBkNjE1NDVkNTMwM2ZjY2QxOTlzK0PKe4__UGIcpBrJfjVjOTAwNDc0LTc0MTQxNTIuanBnfHx8fHx8OTJ4Njl8fHx8fA==.jpg","main":"MDAwNzI3ZjA1ODFkZTQ1Yjk1ZTNhOTg2NmZiMzA4OTa35fKi4ZIlnLsI4ApGivWvOTAwNDc0LTc0MTQxNTIuanBnfHx8fHx8fHx8fHw0MDB4MzAw.jpg","large":"N2YyMGY5Y2QzZTdiY2VkOTVhNWQyYTdhYjczMjA5NWZKID2fkd0AYPsMTyewZYXLOTAwNDc0LTc0MTQxNTIuanBnfHx8fHx8fHx8fHw2NDB4NDgw.jpg"}]}},{"ad_id":"892318","reg_year":"2006","make":"Volkswagen","model":"Passat","variant":"2.0fsi 4DR","mileage":"87988","engine_size":"2.0","fuel_type":"Petrol","body_type":"Saloon","colour":"858585","location":"Dublin","price":"\u20ac 5,750","images":{"base_url":"http:\/\/i0.carsie.ie\/","image_list":[{"thumb":"MGQxZTVlYzljMTI2MTFjNDgxODUyYmExYmM5ZmExNzQatMKvWJNi4clm_I2Ly9UnODkyMzE4LTcyNzE1NTguanBnfHx8fHx8OTJ4Njl8fHx8fA==.jpg","main":"MmFhYWM3ZmJkODk1MjhiZWRlYWFkNjVlZjIwY2ViYWQJCtz4bexONNPZda5tPY8iODkyMzE4LTcyNzE1NTguanBnfHx8fHx8fHx8fHw0MDB4MzAw.jpg","large":"ZmNlOWI5ZTFhNzRjNzRkMGMzODcwZDUzMjUxNDNlNmSjUqAVAmRjE8afBkAJ5vlaODkyMzE4LTcyNzE1NTguanBnfHx8fHx8fHx8fHw2NDB4NDgw.jpg"}]}},{"ad_id":"833333","reg_year":"2005","make":"Volkswagen","model":"Passat","variant":"D 1.9 TDI S 100 BHP 04DR","mileage":"114000","engine_size":"1.9","fuel_type":"Diesel","body_type":"Saloon","colour":"0000c0","location":"Tipperary","price":"\u20ac 5,750","images":{"base_url":"http:\/\/i0.carsie.ie\/","image_list":[{"thumb":"ZDNhYmM0NzFmODJlOGFlODY0NzBmZWJiOTIxNDZjNWQbTRh6ByVS-_a1ZPiXSq3oODMzMzMzLTY2MTEwOTYuanBnfHx8fHx8OTJ4Njl8fHx8fA==.jpg","main":"M2MwYTE1M2VhYjAzYzkzZTlhYjNiNjUyMTdlNjkzMjJZ6N_bcqzU16eG_i8ZtgQnODMzMzMzLTY2MTEwOTYuanBnfHx8fHx8fHx8fHw0MDB4MzAw.jpg","large":"MDhlNDU4MDNmMjY3NDA4MWE2MDhkYzJkNWUwOTYzNjdRgr2PUiKmopsavUQwxDBYODMzMzMzLTY2MTEwOTYuanBnfHx8fHx8fHx8fHw2NDB4NDgw.jpg"}]}},{"ad_id":"845371","reg_year":"2006","make":"Volkswagen","model":"Polo","variant":"GP 1.2 5DR","mileage":"76430","engine_size":"1.2","fuel_type":"Petrol","body_type":"Hatchback","colour":"0000c0","location":"Dublin","price":"\u20ac 5,750","images":{"base_url":"http:\/\/i0.carsie.ie\/","image_list":[{"thumb":"ODZmZTU4ZDA2ODFjNWQ0NjY3NDFiYzM5ZTI4OTM5NTnUKamAzUFwreuEFRd2hM2sODQ1MzcxLTY3NDY3MDcuanBnfHx8fHx8OTJ4Njl8fHx8fA==.jpg","main":"NGEwOWM1MjViZTFiNWJhMmFlZTJlZmU5NDZhMTNmMznFH4bFSHSEhH1RGxkwOuddODQ1MzcxLTY3NDY3MDcuanBnfHx8fHx8fHx8fHw0MDB4MzAw.jpg","large":"OGUwZGEyYTc2OGUxNTM3MjZkMjI3ZTVhMjhhZmU1MWG0N_X5ubglwzPNaNyAZDt7ODQ1MzcxLTY3NDY3MDcuanBnfHx8fHx8fHx8fHw2NDB4NDgw.jpg"}]}},{"ad_id":"901858","reg_year":"2003","make":"Volkswagen","model":"Touran","variant":"Comf 1.9 TDI","mileage":"123000","engine_size":"1.9","fuel_type":"Diesel","body_type":"People Carrier","colour":"e0e0e0","location":"Dublin","price":"\u20ac 5,750","images":{"base_url":"http:\/\/i0.carsie.ie\/","image_list":[{"thumb":"OWQ0NGVjMTg0NjVlZjk0NjllM2VkNGU1M2YzOTNmZTSLB2GdZ5TMYHnYhiDBdOADOTAxODU4LS5qcGd8fHx8fHw5Mng2OXx8fHx8.jpg","main":"NjhmMjBmNjliODVkZDI1OGEzNDY3ZGE0YjAyMTRjNzFy1-LujvIRkU7eBioJcYZeOTAxODU4LS5qcGd8fHx8fHx8fHx8fDQwMHgzMDA=.jpg","large":"YTYzZDhmNWQ3YjAxNjcyMTlhZjI1ZTkyNjcwMTUwOWPlw7bpVqDh8XPhTHhNoX-bOTAxODU4LS5qcGd8fHx8fHx8fHx8fDY0MHg0ODA=.jpg"}]}},{"ad_id":"899754","reg_year":"2005","make":"Volkswagen","model":"Transporter","variant":null,"mileage":"86992","engine_size":"2.5","fuel_type":"Diesel","body_type":null,"colour":"0000c0","location":"Galway","price":"\u20ac 5,750","images":{"base_url":"http:\/\/i0.carsie.ie\/","image_list":[{"thumb":"NjBlYmUyODc4YzJiYjE0ZjgyNmM3MWQzY2Q1ZWZjMWSgLGFufC48ATo4x-flaSipODk5NzU0LTc0MjkxMjMuanBnfHx8fHx8OTJ4Njl8fHx8fA==.jpg","main":"NThhMzc2NjAxODE2ODBkZWJmOGI3YmNmOGM1M2Q1ZDh6DqnQgNvVI_Ik3GHousPJODk5NzU0LTc0MjkxMjMuanBnfHx8fHx8fHx8fHw0MDB4MzAw.jpg","large":"YzM3MGQxMjE3MzEwYTRmOGQ5N2NlMmU5OTYwNjM5Nzkx3XrVuZEOWJblZJrlkIxKODk5NzU0LTc0MjkxMjMuanBnfHx8fHx8fHx8fHw2NDB4NDgw.jpg"}]}},{"ad_id":"814480","reg_year":"2004","make":"Volvo","model":"S60","variant":"2.0 D5 EXECUTVE-TAX 08-2013\"3 MONTHS WARRANTY\"-TRADE IN-FORTUNE SPENT ON CAR.","mileage":"1130000","engine_size":"2.0","fuel_type":"Diesel","body_type":"Saloon","colour":"000000","location":"Dublin","price":"\u20ac 5,750","images":{"base_url":"http:\/\/i0.carsie.ie\/","image_list":[{"thumb":"MjQxNGE5NGNlZmFhN2VhMjY3NjUwMjA4MzM4Y2Q2NjRwLBmgtX9pqf3EvtXQZAYqODE0NDgwLTY2MDY2MzcuanBnfHx8fHx8OTJ4Njl8fHx8fA==.jpg","main":"MWE0MDQxMzhhOWJiNDQzNDJmYzI5YWY4MDIyZjY1OTJkynHdqXHys6JS_d8AybtYODE0NDgwLTY2MDY2MzcuanBnfHx8fHx8fHx8fHw0MDB4MzAw.jpg","large":"ZDlmMjNmZmNiN2Q3YWIzMWFhMjliZDE5MWVjNzU0ZWYUTsWc5SCF4bRV3OL5NuhRODE0NDgwLTY2MDY2MzcuanBnfHx8fHx8fHx8fHw2NDB4NDgw.jpg"}]}},{"ad_id":"877120","reg_year":"2005","make":"Ford","model":"Focus","variant":"1.6l Zetec Diesel","mileage":"93000","engine_size":"1.6","fuel_type":"Diesel","body_type":"Hatchback","colour":"e0e0e0","location":"Waterford","price":"\u20ac 5,795","images":{"base_url":"http:\/\/i0.carsie.ie\/","image_list":[{"thumb":"ZjE3YjU4YTBhYjQ5MjUxZWIwNjQ1ZGU1Yjk4ODZjZjCaMHNEY-K3omvKxbIN-7_PODc3MTIwLTcxMDY5MjQuanBnfHx8fHx8OTJ4Njl8fHx8fA==.jpg","main":"Y2NhN2UyMGEzODBjMDZiNWM5OWU5YjdmOGZiZjMwMTSYppyqN1AyLfy7pOijwc2WODc3MTIwLTcxMDY5MjQuanBnfHx8fHx8fHx8fHw0MDB4MzAw.jpg","large":"ZDQyMmE1MzFmNjVmM2YzOGYwMjZlNmJkMWNjZDhlNTfSIQOYE7ba5Qqm3OnKbo_JODc3MTIwLTcxMDY5MjQuanBnfHx8fHx8fHx8fHw2NDB4NDgw.jpg"}]}},{"ad_id":"899945","reg_year":"2007","make":"Nissan","model":"Primera","variant":"1.6 SE 4DR","mileage":"79000","engine_size":"1.6","fuel_type":"Petrol","body_type":"Saloon","colour":"000000","location":"Tipperary","price":"\u20ac 5,795","images":{"base_url":"http:\/\/i0.carsie.ie\/","image_list":[{"thumb":"MGIyY2RkOTRiZDc5NzJiMzAzNjMyZjE2ODc0ZTk0ODQpvrdeauQO4PGYGSz8WA-2ODk5OTQ1LTczODI4NzcuanBnfHx8fHx8OTJ4Njl8fHx8fA==.jpg","main":"ZGJmOTI4NzAyMmYyMjY4ZDFmNDU3YjhkODJkMTMzNjA4n2g-T3wMZHwYZiO9cTg5ODk5OTQ1LTczODI4NzcuanBnfHx8fHx8fHx8fHw0MDB4MzAw.jpg","large":"NzMwNjBlZTU1OTFjZjE4NWM0OTViZWQzYjMxNDU4NDHXAe382uZu-FyNMSVao-eXODk5OTQ1LTczODI4NzcuanBnfHx8fHx8fHx8fHw2NDB4NDgw.jpg"}]}},{"ad_id":"899575","reg_year":"2006","make":"Toyota","model":"Avensis","variant":"Aura 4DR","mileage":"131420","engine_size":"1.6","fuel_type":"Petrol","body_type":"Saloon","colour":"008000","location":"Cork","price":"\u20ac 5,795","images":{"base_url":"http:\/\/i0.carsie.ie\/","image_list":[{"thumb":"ZDAxNDM1ZjUzOWMyZTQzNDdjNDViNmY0MDM1ZjQ2NjJwdQ1moCMnhhby0V-vRy1SODk5NTc1LTc0Mjc3NzAuanBnfHx8fHx8OTJ4Njl8fHx8fA==.jpg","main":"MzkxMzc4ZTQ1MjZhNDMyZGE5MmM0NTUxY2NjMjg3NGMB58AeYXE6YraoDVKVS7OSODk5NTc1LTc0Mjc3NzAuanBnfHx8fHx8fHx8fHw0MDB4MzAw.jpg","large":"OWU5Y2FhZjRlYTlkZTQ1ZmJmNzhhMjIxNjk0ZjEyYTn6caaXJ0jTDlG1UvoaaIMRODk5NTc1LTc0Mjc3NzAuanBnfHx8fHx8fHx8fHw2NDB4NDgw.jpg"}]}},{"ad_id":"899062","reg_year":"2004","make":"Audi","model":"A6","variant":"1.9 TDI SE 130BHP 05DR","mileage":"170000","engine_size":"1.9","fuel_type":"Diesel","body_type":"Estate","colour":"858585","location":"Wexford","price":"\u20ac 5,800","images":{"base_url":"http:\/\/i0.carsie.ie\/","image_list":[{"thumb":"Y2FlZGMxZWZiMWViYjNjODQ1YTM2YTk4YzYwZGY4MDemmUbgIKeD_bLx5-KZLVfcODk5MDYyLTczNzMxOTQuanBnfHx8fHx8OTJ4Njl8fHx8fA==.jpg","main":"YjFlNjczNzZkMGEwYzFiOWYyMDMwYzc2YTYyNzg3OWJRtjjiopcqA-WkjbzbxIUFODk5MDYyLTczNzMxOTQuanBnfHx8fHx8fHx8fHw0MDB4MzAw.jpg","large":"ZGRkOWViMjExMzhlZWU3M2ZkMWI5ZTdlZTA5M2RmZjnqesMlmh8Eg1cI5TfNO__vODk5MDYyLTczNzMxOTQuanBnfHx8fHx8fHx8fHw2NDB4NDgw.jpg"}]}},{"ad_id":"719944","reg_year":"2004","make":"BMW","model":"316","variant":"316I SALOON SE 4DR 42","mileage":"104320","engine_size":"1.8","fuel_type":"Petrol","body_type":"Saloon","colour":"008000","location":"Kerry","price":"\u20ac 5,800","images":{"base_url":"http:\/\/i0.carsie.ie\/","image_list":[{"thumb":"ZjZiYTM4OWU2OWEzYjlhZWE1MGNhZGRhNDI2MTUxNzN7JW_FJ88BLNyCb6Ihkn2RNzE5OTQ0LTYzODIzODkuanBnfHx8fHx8OTJ4Njl8fHx8fA==.jpg","main":"YzQ5MmIzNDQ5Y2NkYTg2MDcyZTIwYjQzODU1ZGJmZGOMOuTgSIyr7dUexAqFLzgtNzE5OTQ0LTYzODIzODkuanBnfHx8fHx8fHx8fHw0MDB4MzAw.jpg","large":"YmM0YjgzMDI3ZTMwMzgxN2FiNjg2Y2ZmYzBjMGZlOTdXXqTDNvR2SBjuCLqaqgI7NzE5OTQ0LTYzODIzODkuanBnfHx8fHx8fHx8fHw2NDB4NDgw.jpg"}]}}]}