{"total":"23408","result":[{"ad_id":"894944","reg_year":"1999","make":"Renault","model":"Laguna","variant":"1.9 TDI","mileage":"146000","engine_size":"1.9","fuel_type":"Diesel","body_type":"Hatchback","colour":"0000c0","location":"Roscommon","price":"\u20ac 950","images":{"base_url":"http:\/\/i0.carsie.ie\/","image_list":[{"thumb":"MTVjYzZjNjgzYjNlNGJlMjUyNDMxNWM4NDAwMjAxNTY7nyyg8hFzRBy_uhRhJlp6ODk0OTQ0LTczMDg2NjYuanBnfHx8fHx8OTJ4Njl8fHx8fA==.jpg","main":"N2EyMDBiMjJkMGI4MWUyMDkxNjIwMDBjMzI3YTg5MTRRHRPMOfnXaYlcvR7Gx5pqODk0OTQ0LTczMDg2NjYuanBnfHx8fHx8fHx8fHw0MDB4MzAw.jpg","large":"YmNjOTI4YzQ4YzY4ZGZkY2QyZTljYTE5NmU3ZDU1ZTA4rl5UJ-ZA3x87aUbRZNViODk0OTQ0LTczMDg2NjYuanBnfHx8fHx8fHx8fHw2NDB4NDgw.jpg"}]}},{"ad_id":"829491","reg_year":"1998","make":"Rover","model":"200","variant":"D 03DR","mileage":"124000","engine_size":"2.0","fuel_type":"Diesel","body_type":"Hatchback","colour":"e0e0e0","location":"Dublin","price":"\u20ac 950","images":{"base_url":"http:\/\/i0.carsie.ie\/","image_list":[{"thumb":"ZDVkM2UxZTQ0NDA1NjFlYTk5OGVjY2QwZThhNDM1MmZOdMhk_rucXxQB1qHWh9NBODI5NDkxLTY1Njk1ODQuanBnfHx8fHx8OTJ4Njl8fHx8fA==.jpg","main":"Zjc3OWFiOTE4ZTcyNDQ5MGRhYzhmZTQzNWZkMmIzYTi8hVVoxm_AWF-Fxb5h2jwUODI5NDkxLTY1Njk1ODQuanBnfHx8fHx8fHx8fHw0MDB4MzAw.jpg","large":"NzgxOGQ3MTUxZGE3NzJjODBiMDhkZTE1ODJjYjgxYmNTZGIhNsMgNwnodRNuP_vkODI5NDkxLTY1Njk1ODQuanBnfHx8fHx8fHx8fHw2NDB4NDgw.jpg"}]}},{"ad_id":"788890","reg_year":"2000","make":"Rover","model":"75","variant":"2.0 V6 Club","mileage":"130000","engine_size":"2.0","fuel_type":"Petrol","body_type":"Saloon","colour":"0000c0","location":"Dublin","price":"\u20ac 950","images":{"base_url":"http:\/\/i0.carsie.ie\/","image_list":[{"thumb":"ZWYxOGYwOTA4MWZlY2VjZDE3NDc1N2M2YjIzZmUzMmRnj7xI5aaPUjBOhkpjhw4kNzg4ODkwLTcwNDQ2MTIuanBnfHx8fHx8OTJ4Njl8fHx8fA==.jpg","main":"MDUyYzE3NjdjZjY1YjgxNTcwNWEzMGQ0NWVmMmQ0ZWSsgCEcihzYQesKglqeu_u5Nzg4ODkwLTcwNDQ2MTIuanBnfHx8fHx8fHx8fHw0MDB4MzAw.jpg","large":"N2UyNGMzZTc0NjNiZGI4Yjg5MGRhY2Q2Njc1NTBiZDFKHR8xUF9n-6MvHKI6kqruNzg4ODkwLTcwNDQ2MTIuanBnfHx8fHx8fHx8fHw2NDB4NDgw.jpg"}]}},{"ad_id":"891935","reg_year":"2002","make":"Suzuki","model":"Ignis","variant":null,"mileage":"83000","engine_size":"1.3","fuel_type":"Petrol","body_type":"Hatchback","colour":"e0e0e0","location":"Cork","price":"\u20ac 950","images":{"base_url":"http:\/\/i0.carsie.ie\/","image_list":[{"thumb":"MjRhYjJjMDJiYjZmMDFiOTU4MDE1NWFhODI4MTE5NzCnOyZksPi9kFSxGA6iFdIqODkxOTM1LTcyNjg4OTcuanBnfHx8fHx8OTJ4Njl8fHx8fA==.jpg","main":"MTFmMDVhOWQ1NzYyNTQxODcwMzMxNzk1Y2FjZDk0MWTINRSjPWhHfDnlyWJvUrJYODkxOTM1LTcyNjg4OTcuanBnfHx8fHx8fHx8fHw0MDB4MzAw.jpg","large":"MDE4MDY4ODA2YWQ4MjIxZGJiMGRlNzk4YzA1MmU5Mjdgm2nVFxo7SfJz-YZM2oVAODkxOTM1LTcyNjg4OTcuanBnfHx8fHx8fHx8fHw2NDB4NDgw.jpg"}]}},{"ad_id":"884528","reg_year":"2001","make":"Suzuki","model":"Wagon R","variant":"NEW R 1.3","mileage":"88000","engine_size":"1.3","fuel_type":"Petrol","body_type":"SUV","colour":"ff0000","location":"Dublin","price":"\u20ac 950","images":{"base_url":"http:\/\/i0.carsie.ie\/","image_list":[{"thumb":"NWMwNGNkNmU5YjEzMmVmZjAwNTNhN2IyOWE3NTEyNGUYMF0XgQz6_97rC6U5Fop_ODg0NTI4LTcyMTE3NTQuanBnfHx8fHx8OTJ4Njl8fHx8fA==.jpg","main":"MDRhM2ZkY2Y0YTQ4MmZkZDNmZGY3OGRmMGI0NjFkNGam7y1gduZhZWj6hokoA3q5ODg0NTI4LTcyMTE3NTQuanBnfHx8fHx8fHx8fHw0MDB4MzAw.jpg","large":"MTA4ZTA2NjVlMGMzNmRmMDYyMWM1ODljM2NhYzE2MTCsDCu2E0LRrnPVFxP2BAomODg0NTI4LTcyMTE3NTQuanBnfHx8fHx8fHx8fHw2NDB4NDgw.jpg"}]}},{"ad_id":"862162","reg_year":"2000","make":"Toyota","model":"Avensis","variant":"1.8 SAL Aura","mileage":"","engine_size":"1.8","fuel_type":"Petrol","body_type":"Saloon","colour":"0000c0","location":"Roscommon","price":"\u20ac 950","images":{"base_url":"http:\/\/i0.carsie.ie\/","image_list":[{"thumb":"MjYwZTk3Y2Q2NTljMzBkNjM2Y2QyODY4MTFlMzgyNjeE_HcyQuagjQWdAMXXcSo0ODYyMTYyLTY5MjgwMjcuanBnfHx8fHx8OTJ4Njl8fHx8fA==.jpg","main":"NGIyZjA1MjFmZmIxZGY3MGE2YzNhN2Y3NTRhNGZjYWVJzsmT8vDH_Zrchtk5nVYSODYyMTYyLTY5MjgwMjcuanBnfHx8fHx8fHx8fHw0MDB4MzAw.jpg","large":"MTZjYmZiMjY4NTEwNjZkN2ZiYTlmYWZkZDU3NTRkZWSxk8OwZCY3iTetH8AybkmTODYyMTYyLTY5MjgwMjcuanBnfHx8fHx8fHx8fHw2NDB4NDgw.jpg"}]}},{"ad_id":"882030","reg_year":"1997","make":"Vauxhall","model":"Vectra","variant":"SRI V6 24V","mileage":"113000","engine_size":"2.5","fuel_type":"Petrol","body_type":"Saloon","colour":"ffffff","location":"Monaghan","price":"\u20ac 950","images":{"base_url":"http:\/\/i0.carsie.ie\/","image_list":[{"thumb":"Yzk0MTk0OTg4OTdiNmNiZjU5OTg2NDhhZTkxYTNiMjiF_n8_hl0sfaV9y20cw0Q3ODgyMDMwLTcxNjAzMjguanBnfHx8fHx8OTJ4Njl8fHx8fA==.jpg","main":"YTE3YmRmMzU4Njg2YTQ3YWYwOTkxN2I0MTgwYmVmMDUhy9W3TGKMf5x4xeGjf2srODgyMDMwLTcxNjAzMjguanBnfHx8fHx8fHx8fHw0MDB4MzAw.jpg","large":"ZGFhOTU3ZDQ2NTNjYTY2ZDdmNGUxMmY1OGNjNTkzZjXpIrwvVGiGJ1gL0vvheb6NODgyMDMwLTcxNjAzMjguanBnfHx8fHx8fHx8fHw2NDB4NDgw.jpg"}]}},{"ad_id":"874983","reg_year":"2001","make":"Vauxhall","model":"Vectra","variant":"1.8 LS 05DR","mileage":"110000","engine_size":"1.8","fuel_type":"Petrol","body_type":"Hatchback","colour":"0000c0","location":"Offaly","price":"\u20ac 950","images":{"base_url":"http:\/\/i0.carsie.ie\/","image_list":[{"thumb":"ZTgxMmJhMWVkN2Q2MGJkNmQ3ZWIwN2UzMWU0ZDhmYjV0mJ3V2hVMbEBEWRVyQ-CzODc0OTgzLTcwNzY3MTYuanBnfHx8fHx8OTJ4Njl8fHx8fA==.jpg","main":"NzQyYzBlMzllOGM1YzU5ODM3ZGU0ODY2NzFmZjYxYTZlsR-p4BDl1_BqbAdaI82HODc0OTgzLTcwNzY3MTYuanBnfHx8fHx8fHx8fHw0MDB4MzAw.jpg","large":"YzMzM2U3NTRlYWNjNWRhMDE3NzhjZDI4NGY5ZjE2NDI8zIQ4O7DChZ2dyUMSLsLHODc0OTgzLTcwNzY3MTYuanBnfHx8fHx8fHx8fHw2NDB4NDgw.jpg"}]}},{"ad_id":"420245","reg_year":"1997","make":"Volkswagen","model":"Polo","variant":"","mileage":"90000","engine_size":"1.0","fuel_type":"Petrol","body_type":"Hatchback","colour":"008000","location":"Dublin","price":"\u20ac 950","images":{"base_url":"http:\/\/i0.carsie.ie\/","image_list":[{"thumb":"YjhiNDdmNTI3NzZlMmVlMmYwMjc0MzI2NGM4ZmEwYTFZ8GG5qvyx1tHR-9f1IBYTNDIwMjQ1LTIxNDIwODYuanBnfHx8fHx8OTJ4Njl8fHx8fA==.jpg","main":"YTg2Y2Y5MDlmOTlkNmUyZTliYTJlZWViNjFiNmJlZTgU9MXv6irK9rJhq_Q23F4gNDIwMjQ1LTIxNDIwODYuanBnfHx8fHx8fHx8fHw0MDB4MzAw.jpg","large":"ZjcyMWRjYTJkMmU1ZDI0ODg1MGEzNzI1OGY5YzU0NTWWpkAKnpAI6uTC_jmkdwuUNDIwMjQ1LTIxNDIwODYuanBnfHx8fHx8fHx8fHw2NDB4NDgw.jpg"}]}},{"ad_id":"893734","reg_year":"2001","make":"Volkswagen","model":"Polo","variant":"1.4 SAL 4D","mileage":"100000","engine_size":"1.4","fuel_type":"Petrol","body_type":"Saloon","colour":"ff0000","location":"Dublin","price":"\u20ac 950","images":{"base_url":"http:\/\/i0.carsie.ie\/","image_list":[{"thumb":"OWMzMTZmZTA3MDhhNGJkOWVhYzNhODQ4NWNmNGZmNGXMKJAKfY8BmLZ0PIeyiDm4ODkzNzM0LTcyODMyNTAuanBnfHx8fHx8OTJ4Njl8fHx8fA==.jpg","main":"ZGZjMDc1ZGFkOTViYTEyMWRlYTVjYmViNDk4MGU4ODQMjQ4gX7tjG5456jnMg98_ODkzNzM0LTcyODMyNTAuanBnfHx8fHx8fHx8fHw0MDB4MzAw.jpg","large":"NzNmOGM4YWIyZTA1ZTY0MWE4M2U2YmU3MTM0MGVkOTfVwZMKEtkNVNQP_gPZ81TXODkzNzM0LTcyODMyNTAuanBnfHx8fHx8fHx8fHw2NDB4NDgw.jpg"}]}},{"ad_id":"885494","reg_year":"2000","make":"Volvo","model":"S40","variant":"1.8 SE","mileage":"116000","engine_size":"1.8","fuel_type":"Petrol","body_type":"Saloon","colour":"e0e0e0","location":"Kerry","price":"\u20ac 950","images":{"base_url":"http:\/\/i0.carsie.ie\/","image_list":[{"thumb":"MTU5OWEzMzc5NDQ3NGJjYzYyM2M4N2UxYThkMWQwNze85HgqumLPV-YND8FKqepCODg1NDk0LTcyMTA5OTkuanBnfHx8fHx8OTJ4Njl8fHx8fA==.jpg","main":"MGViZjRjNDQyZTJlMTM0M2UwOWQ3YmNkYmExMzE1ODbpRUnGfU6xEpvQqdhPPy7LODg1NDk0LTcyMTA5OTkuanBnfHx8fHx8fHx8fHw0MDB4MzAw.jpg","large":"OGY5MGM5OGMwNDRiMWQ2MGUyMzQzZTkyY2E1YWIwZTRFku_gIxvNQI590vurDh7RODg1NDk0LTcyMTA5OTkuanBnfHx8fHx8fHx8fHw2NDB4NDgw.jpg"}]}},{"ad_id":"798538","reg_year":"2000","make":"Nissan","model":"Primera","variant":"1.6","mileage":"110000","engine_size":"1.6","fuel_type":"Petrol","body_type":"Saloon","colour":"e0e0e0","location":"Offaly","price":"\u20ac 975","images":{"base_url":"http:\/\/i0.carsie.ie\/","image_list":[{"thumb":"M2Y1NTg0ZGRhMTU5MGU3MjE1ODA3MTlkZmZiYmM4YmNT4dR3rt81KquX5XjLchtxNzk4NTM4LTYxODE5MDQuanBnfHx8fHx8OTJ4Njl8fHx8fA==.jpg","main":"MmQ3OTkzZjc4MjFmYzg1YTAzNTc3NTczMzIyZGFmYzhDzi6kvJbuVachhjI129KNNzk4NTM4LTYxODE5MDQuanBnfHx8fHx8fHx8fHw0MDB4MzAw.jpg","large":"ZDBlMDdjNjY3NDYwM2VkMjRkZjIzOGM3YjBkMWMxMDOzJn8mYECTTOcLo_T3ztyaNzk4NTM4LTYxODE5MDQuanBnfHx8fHx8fHx8fHw2NDB4NDgw.jpg"}]}},{"ad_id":"712992","reg_year":"1996","make":"Vauxhall","model":"Corsa","variant":"","mileage":"84000","engine_size":"1.2","fuel_type":"Petrol","body_type":"Hatchback","colour":"008000","location":"Dublin","price":"\u20ac 980","images":{"base_url":"http:\/\/i0.carsie.ie\/","image_list":[{"thumb":"MGMwM2ZiODg2NjliYTlkYjA4Nzg0MzNiY2YzYjU3NWL9RPlDk8ytMYL8mHRvWdPGNzEyOTkyLTUwNzEwNTQuanBnfHx8fHx8OTJ4Njl8fHx8fA==.jpg","main":"YWJlOWRmNTRjN2YxNDlkOGI4ODM1ZDMzNDcxMGFiNjaagZ3QQTadiT5qWz81cL_gNzEyOTkyLTUwNzEwNTQuanBnfHx8fHx8fHx8fHw0MDB4MzAw.jpg","large":"MTRjOWI3ZDUwMDAzZmVhOWJlODc3OWE4MGQ0MTI5MzE8e1QlzD9yTsVxqDsnQkWiNzEyOTkyLTUwNzEwNTQuanBnfHx8fHx8fHx8fHw2NDB4NDgw.jpg"}]}},{"ad_id":"892144","reg_year":"2003","make":"Ford","model":"Mondeo","variant":"1.8I 4 DR LT","mileage":"127000","engine_size":"1.8","fuel_type":"Petrol","body_type":"Saloon","colour":"0000c0","location":"Dublin","price":"\u20ac 990","images":{"base_url":"http:\/\/i0.carsie.ie\/","image_list":[{"thumb":"MzRmN2VjMDI0YTZhMjI0MDFjM2EwYWNlNTFjODUyOGHSQFAIYWJF_Y9DJnNx72WaODkyMTQ0LTcyNjk4NjEuanBnfHx8fHx8OTJ4Njl8fHx8fA==.jpg","main":"ZDA5ZWRiYjdmMTNkMWE2ZmQ0YWUzNTAwMzMwN2E1ODURy_triHIB_c6EvTW4cqCRODkyMTQ0LTcyNjk4NjEuanBnfHx8fHx8fHx8fHw0MDB4MzAw.jpg","large":"NjdhYmI4YThmOWIwM2MyODhjZjQzY2JkZDE3MjQzNDbDcJYUpMoSijO7XKQfWIcQODkyMTQ0LTcyNjk4NjEuanBnfHx8fHx8fHx8fHw2NDB4NDgw.jpg"}]}},{"ad_id":"868615","reg_year":"2002","make":"Ford","model":"Puma","variant":"1.6I PUMA COUPE BARGAIN \u20ac1750","mileage":"98000","engine_size":"1.6","fuel_type":"Petrol","body_type":"Coupe","colour":"7a0000","location":"Dublin","price":"\u20ac 990","images":{"base_url":"http:\/\/i0.carsie.ie\/","image_list":[{"thumb":"NWMyOGIxY2VkOWE3YWY1YWU2ZjJhN2Q1YTBkN2Y1YzFYCthmALIuPft_pnK4AfDlODY4NjE1LTcwMDQ5MzkuanBnfHx8fHx8OTJ4Njl8fHx8fA==.jpg","main":"MGZkZGQwYmI4Nzc5OWMyNTg3NjNlZDg5ZjY2MGQ5MmTq9-Bf0Ta8R1MiTy96QjmeODY4NjE1LTcwMDQ5MzkuanBnfHx8fHx8fHx8fHw0MDB4MzAw.jpg","large":"ODU2ZmQ2OWNmYjIwMzM2YWFkZTAyNGJlMDI2YWRkNTPCRU6RMvZMHRl2UuLazYzvODY4NjE1LTcwMDQ5MzkuanBnfHx8fHx8fHx8fHw2NDB4NDgw.jpg"}]}},{"ad_id":"862929","reg_year":"2000","make":"Mercedes-Benz","model":"200","variant":"E200 PETROL AUTO","mileage":"207000","engine_size":"2.0","fuel_type":"Petrol","body_type":"Saloon","colour":"ff0000","location":"Dublin","price":"\u20ac 990","images":{"base_url":"http:\/\/i0.carsie.ie\/","image_list":[{"thumb":"MjRmNzllYjgzNmFmMmY4ZDFmNTYwNmRlYzFjMzNmYWakw3MEGgXYlmt1R4KHu4GcODYyOTI5LTY5MzQ5MzkuanBnfHx8fHx8OTJ4Njl8fHx8fA==.jpg","main":"YmY2N2FhM2Y4OGIwNDNmNTkzYTJjMTIwNzgzYWE5YjYLgCxd02rhVwvyY-QC_PFtODYyOTI5LTY5MzQ5MzkuanBnfHx8fHx8fHx8fHw0MDB4MzAw.jpg","large":"ZTZlNzI1N2MyZTRmMmE4NjRiMjg5MGUyOTczMjc0MzS7qy8kT0GlIhV8rSUyu9xPODYyOTI5LTY5MzQ5MzkuanBnfHx8fHx8fHx8fHw2NDB4NDgw.jpg"}]}},{"ad_id":"892106","reg_year":"2002","make":"Renault","model":"Megane","variant":"Authentique 1.4","mileage":"92000","engine_size":"1.4","fuel_type":"Petrol","body_type":"Hatchback","colour":"0000c0","location":"Dublin","price":"\u20ac 990","images":{"base_url":"http:\/\/i0.carsie.ie\/","image_list":[{"thumb":"MDMzNzkyMGRhODA5OTczZDRlNzk0MGQyMzQ1ZjVmZWFgJ6CwtFtUA8eM-1biup7FODkyMTA2LTcyNjk1NTcuanBnfHx8fHx8OTJ4Njl8fHx8fA==.jpg","main":"M2I3NGI1MjY4MGMyMmQ4NDBmZjE3MmVhOTNmZDk1ZmVBTgkbbwVjLlU8CliSfliQODkyMTA2LTcyNjk1NTcuanBnfHx8fHx8fHx8fHw0MDB4MzAw.jpg","large":"N2M4OWM5ZDZmNTkyNzdkODg3NDk4MjFkOWRmODI0YzMhtsn5kvXoGQ_VSpk_wqknODkyMTA2LTcyNjk1NTcuanBnfHx8fHx8fHx8fHw2NDB4NDgw.jpg"}]}},{"ad_id":"867121","reg_year":"1997","make":"Saab","model":"9-3","variant":"2.2 PETROL COVERTIBLE MINT CONDITION ","mileage":"117010","engine_size":"2.2","fuel_type":"Petrol","body_type":"Cabriolet \/ Convertible","colour":"ff0000","location":"Dublin","price":"\u20ac 990","images":{"base_url":"http:\/\/i0.carsie.ie\/","image_list":[{"thumb":"ZjkxNGFlMjVlMzVmMzcyMmY3OTJlMWFhMmMyMjE2ZDhhsK8PLmFUGxJbf-kP8wtSODY3MTIxLTY5ODUyNTMuanBnfHx8fHx8OTJ4Njl8fHx8fA==.jpg","main":"NzIyMzIwMjc5MzJlN2IyMjI1MGY0ODNhNDU1MjljMzAeVY6c7Q2T6ADceDdUa4I9ODY3MTIxLTY5ODUyNTMuanBnfHx8fHx8fHx8fHw0MDB4MzAw.jpg","large":"NzhlNmIwNDg4ODNiMjFkNDA5NTUxOWQ3YzE5ODIyY2S_w8xAKp7ahhj-9zhBD7lqODY3MTIxLTY5ODUyNTMuanBnfHx8fHx8fHx8fHw2NDB4NDgw.jpg"}]}},{"ad_id":"895535","reg_year":"1995","make":"Toyota","model":"Rav4","variant":"2.0 PETROL JEEP ","mileage":"125520","engine_size":"2.0","fuel_type":"Petrol","body_type":"Estate","colour":"008000","location":"Dublin","price":"\u20ac 990","images":{"base_url":"http:\/\/i0.carsie.ie\/","image_list":[{"thumb":"ZWFmNGFmOTNmODVjMDdlMjcxZjczZWMxMGNjYTkzZDnQTO2VyGhufyszrCldj45HODk1NTM1LTczMjU0MjYuanBnfHx8fHx8OTJ4Njl8fHx8fA==.jpg","main":"YTExZGViYTJjZDMxN2RlNmE1NzAwZWUzZjJkYjYzZWVebDMdGm9ZAaeEevte25ZQODk1NTM1LTczMjU0MjYuanBnfHx8fHx8fHx8fHw0MDB4MzAw.jpg","large":"MDhmY2Y4YzZlZDVlYWYyNWEwZTkzOWYxNThiNDlkMTV4_mDtrWBTxHfWM51B6HyOODk1NTM1LTczMjU0MjYuanBnfHx8fHx8fHx8fHw2NDB4NDgw.jpg"}]}},{"ad_id":"708407","reg_year":"2002","make":"Citroen","model":"C5","variant":"2.0","mileage":"79000","engine_size":"2.9","fuel_type":"Petrol","body_type":"Hatchback","colour":"ff0000","location":"Dublin","price":"\u20ac 995","images":{"base_url":"http:\/\/i0.carsie.ie\/","image_list":[{"thumb":"ODE0YTU2OGZhODA2MGMwYzliYTYzMGIzMzBmNzA0NTKsDBXDiWYIkvOkvDcwgxxGNzA4NDA3LTUwMTQ2MjQuanBnfHx8fHx8OTJ4Njl8fHx8fA==.jpg","main":"Mzk0ZTE4NDIzYTcyYjRlZjM5MTFiM2YyNWJmYTQ3YjLfuEvqfVFK7GQ5h7y9RqqZNzA4NDA3LTUwMTQ2MjQuanBnfHx8fHx8fHx8fHw0MDB4MzAw.jpg","large":"ZDE5M2JjY2E2ZDRmZmVlMjg3MDAzZTMxNGQwNWU1ZDl6K5QHm6UKHW1NEjld8NOvNzA4NDA3LTUwMTQ2MjQuanBnfHx8fHx8fHx8fHw2NDB4NDgw.jpg"}]}}]}