{"total":"23408","result":[{"ad_id":"901288","reg_year":"2004","make":"Daewoo","model":"Kalos","variant":null,"mileage":"118000","engine_size":"1.4","fuel_type":"Petrol","body_type":null,"colour":"e0e0e0","location":"Wexford","price":"\u20ac 2,250","images":{"base_url":"http:\/\/i0.carsie.ie\/","image_list":[{"thumb":"NTBjMzdiOTFjZmMwOWJkMTUzNjkxZjQwODczM2ZjNzcsUxPlnVDnC0TF_fq09FJlOTAxMjg4LS5qcGd8fHx8fHw5Mng2OXx8fHx8.jpg","main":"NmIzMmU2ZjlhNTcxNjg3NmY5YTA2OGQ0ZGU4OWUyYzAlhkkHiKgNxY6L0xmT8Pe_OTAxMjg4LS5qcGd8fHx8fHx8fHx8fDQwMHgzMDA=.jpg","large":"YzY5NmNhNWEwMGZlMTE2NWY1NDAxZGNmOGIyMzYzNDLt2uOBOtcTqagmxsgXMOwaOTAxMjg4LS5qcGd8fHx8fHx8fHx8fDY0MHg0ODA=.jpg"}]}},{"ad_id":"862609","reg_year":"2004","make":"Fiat","model":"Punto","variant":"1.2 ACTIVE 5DR 8V","mileage":"98000","engine_size":"1.2","fuel_type":"Petrol","body_type":null,"colour":"ff0000","location":"Dublin","price":"\u20ac 2,250","images":{"base_url":"http:\/\/i0.carsie.ie\/","image_list":[{"thumb":"NmMzNWQ3OTAyMWEyYTIzZjBjZDNlMTQwMzAwYjBmNzAQuiRxzw8TH4mVx5tIpxijODYyNjA5LTY5MzE4NzAuanBnfHx8fHx8OTJ4Njl8fHx8fA==.jpg","main":"OGZkNGRiOGU3MmMzODkzN2MzNGJmZmQ0Yjc5ZDZhMjnYoTNsrS1QWfx0ya7WjfddODYyNjA5LTY5MzE4NzAuanBnfHx8fHx8fHx8fHw0MDB4MzAw.jpg","large":"N2U1MzFlYWI3N2U4ZDJlODkyZDhmYzFmYzA1N2I3ZDb7QVTjQHy0BbNdPymEj6T8ODYyNjA5LTY5MzE4NzAuanBnfHx8fHx8fHx8fHw2NDB4NDgw.jpg"}]}},{"ad_id":"895422","reg_year":"2005","make":"Fiat","model":"Punto","variant":"1.2 Active Sound 3D","mileage":"57000","engine_size":"1.2","fuel_type":"Petrol","body_type":"Hatchback","colour":"000000","location":"Dublin","price":"\u20ac 2,250","images":{"base_url":"http:\/\/i0.carsie.ie\/","image_list":[{"thumb":"NzRiMDJiNjgxNWFiOTQyZGY3N2FhZGYxMGVhOTIxYTMXAaB9mCQpol7Eg_InUeBiODk1NDIyLTczMjQ3NTcuanBnfHx8fHx8OTJ4Njl8fHx8fA==.jpg","main":"ZjU4Y2E5Y2FiZGNhMTQzM2MwMTNmNDUwYTY5NzEyMjgw-pVh7XNxzHsKYfzKkMeRODk1NDIyLTczMjQ3NTcuanBnfHx8fHx8fHx8fHw0MDB4MzAw.jpg","large":"ZmYxYmYwN2U0YzU2ODA0NDA3N2E2YjMzOTA2YTNkOTIjjHvSFTYzx6d1SlC98YtdODk1NDIyLTczMjQ3NTcuanBnfHx8fHx8fHx8fHw2NDB4NDgw.jpg"}]}},{"ad_id":"867872","reg_year":"2003","make":"Fiat","model":"Punto","variant":"1.2 Active","mileage":"96397","engine_size":"1.2","fuel_type":"Petrol","body_type":"Hatchback","colour":"0000c0","location":"Westmeath","price":"\u20ac 2,250","images":{"base_url":"http:\/\/i0.carsie.ie\/","image_list":[{"thumb":"NjBiODQ3YTA4MmRjZGRlZjQwMDhmNDA4MDVmZmZiNDhnvZxVln_c4bRsPgp6NPvDODY3ODcyLTY5OTU0MzguanBnfHx8fHx8OTJ4Njl8fHx8fA==.jpg","main":"ZTI1OTRiODY5ODY1Y2I1ZmIzNzA2OWM1YmY0NThjN2GBWniGArla9niO_kcrAn5QODY3ODcyLTY5OTU0MzguanBnfHx8fHx8fHx8fHw0MDB4MzAw.jpg","large":"OWI2YTM1NzNjNTIwYWQzZjUyZGMyYzZlMWJiNDU1YzeXKBjJMe5hFd7hMEnGelhAODY3ODcyLTY5OTU0MzguanBnfHx8fHx8fHx8fHw2NDB4NDgw.jpg"}]}},{"ad_id":"868476","reg_year":"2004","make":"Fiat","model":"Scudo","variant":"2.0 JTD Combi 5DR","mileage":"200000","engine_size":"2.0","fuel_type":"Diesel","body_type":"People Carrier","colour":"0000c0","location":"Cork","price":"\u20ac 2,250","images":{"base_url":"http:\/\/i0.carsie.ie\/","image_list":[{"thumb":"OWIyMGYxMzFjYjBlY2UzMjdhMzFlZDI2ZDhhOThiMGIcLtf2rRpPIvlloyhZNoe9ODY4NDc2LTcwMDM3MDMuanBnfHx8fHx8OTJ4Njl8fHx8fA==.jpg","main":"Y2NhZTI5OGU5ZGQ1OWQ5YTU4N2IyOGMwMGRmMmVmNDQU0b6yKY8wDpdSop9JlQfaODY4NDc2LTcwMDM3MDMuanBnfHx8fHx8fHx8fHw0MDB4MzAw.jpg","large":"YWY1OTNmMjVlZGVkMzM1MDZiZTk4NDBhODg4Mjc4ZDGPmj4E7k5_f62FvY7fRoI5ODY4NDc2LTcwMDM3MDMuanBnfHx8fHx8fHx8fHw2NDB4NDgw.jpg"}]}},{"ad_id":"901690","reg_year":"2002","make":"Ford","model":"Focus","variant":"1.6 1 Ghia X","mileage":"101000","engine_size":"1.6","fuel_type":"Petrol","body_type":"Saloon","colour":"e0e0e0","location":"Cork","price":"\u20ac 2,250","images":{"base_url":"http:\/\/i0.carsie.ie\/","image_list":[{"thumb":"NjJkNTY0YmMzN2ExMjM3MDY4M2FjODRhODEyZjZjMDUyOi4YbQ543KGyNw-hxl0POTAxNjkwLTc0MjM1ODkuanBnfHx8fHx8OTJ4Njl8fHx8fA==.jpg","main":"NzQxODc1YTM4ZjIwMmUwYWY1M2IyZDgxYmE3MmEwNWNBIVCG83uixkoE4isRFcaSOTAxNjkwLTc0MjM1ODkuanBnfHx8fHx8fHx8fHw0MDB4MzAw.jpg","large":"YjhiMmUwZTYwMmE4MjBjOGY3ZThlYzM4ZTM0OGJmNTJGq6mOfgbENnR2wGJt4IS9OTAxNjkwLTc0MjM1ODkuanBnfHx8fHx8fHx8fHw2NDB4NDgw.jpg"}]}},{"ad_id":"900506","reg_year":"2003","make":"Ford","model":"Focus","variant":"1.4 ZETEC","mileage":"145000","engine_size":"1.4","fuel_type":"Petrol","body_type":"Hatchback","colour":"ff0000","location":"Galway","price":"\u20ac 2,250","images":{"base_url":"http:\/\/i0.carsie.ie\/","image_list":[{"thumb":"OTg2ZjRiNzU0OWNkNWU3YjNjMzY0ZDFiNGQzYmU4NjQoGTyXo19r_1fzLxfoWH1OOTAwNTA2LTc0MDE1OTUuanBnfHx8fHx8OTJ4Njl8fHx8fA==.jpg","main":"NWM0Zjg3OGU3M2E4YzUwNjNhMmM3M2M1ZWFmZjQ0YjWxSMDU6QjXHA9Bs2UBLMz-OTAwNTA2LTc0MDE1OTUuanBnfHx8fHx8fHx8fHw0MDB4MzAw.jpg","large":"OTg0NGM2ZGNhZDFmYWQwMzdhMDBlNzhmZTk4YmQyZWbYSUSt1xx2TccTU2rNP2wEOTAwNTA2LTc0MDE1OTUuanBnfHx8fHx8fHx8fHw2NDB4NDgw.jpg"}]}},{"ad_id":"901231","reg_year":"2002","make":"Ford","model":"Galaxy","variant":"suv","mileage":"20200","engine_size":"1.9","fuel_type":"Diesel","body_type":"People Carrier","colour":"e0e0e0","location":"Kildare","price":"\u20ac 2,250","images":{"base_url":"http:\/\/i0.carsie.ie\/","image_list":[{"thumb":"YzQxNGI1MDFhYTk4MWIxNWZmOWUzYmE2MGVhOWJmNzWEsqKp67zne28BSOR6sxlJOTAxMjMxLTc0MTc1OTQuanBnfHx8fHx8OTJ4Njl8fHx8fA==.jpg","main":"NzZmNjdmNTQxODhjYmY1NzBlMTY2YTJiMjcxNWViZmPx-XOz3pd4r3911zDfHhoKOTAxMjMxLTc0MTc1OTQuanBnfHx8fHx8fHx8fHw0MDB4MzAw.jpg","large":"YmM1OWQyNGE4MDgyNzIzNzkxYmE4NzI5Y2ZiNGE2M2MbMKGGg3FdWXY4Bxt6I18JOTAxMjMxLTc0MTc1OTQuanBnfHx8fHx8fHx8fHw2NDB4NDgw.jpg"}]}},{"ad_id":"870338","reg_year":"2002","make":"Ford","model":"Ka","variant":"1.3 COLLECTION-TRADE IN-3 MONTHS WARRANTY-EXTRAS-NCT 08-2013","mileage":"60101","engine_size":"1.3","fuel_type":"Petrol","body_type":"Hatchback","colour":"e0e0e0","location":"Dublin","price":"\u20ac 2,250","images":{"base_url":"http:\/\/i0.carsie.ie\/","image_list":[{"thumb":"ZDIzZmU4YjBmZWU2M2VhMjc5YTUwYjhhOTE1ZDViNGWN_1NGECdDIYpRvYDkfbOBODcwMzM4LTcwMjQ1NjMuanBnfHx8fHx8OTJ4Njl8fHx8fA==.jpg","main":"NDU4ZDgzMmM2NWRmZDI3NGJjNmJlN2ViNzdiMGU5MTgfdWZJwm09Aqr_Q7O1jkoDODcwMzM4LTcwMjQ1NjMuanBnfHx8fHx8fHx8fHw0MDB4MzAw.jpg","large":"ZTI1ODEwNGE0NDExYjQ5NDZiNTFkOGJiZjg0OGViNDW9LhVGJHirnZ7Pe3coedMoODcwMzM4LTcwMjQ1NjMuanBnfHx8fHx8fHx8fHw2NDB4NDgw.jpg"}]}},{"ad_id":"842059","reg_year":"2002","make":"Ford","model":"Mondeo","variant":"1.8I 4 DR LT","mileage":"85100","engine_size":"1.8","fuel_type":"Petrol","body_type":"Saloon","colour":"e0e0e0","location":"Dublin","price":"\u20ac 2,250","images":{"base_url":"http:\/\/i0.carsie.ie\/","image_list":[{"thumb":"M2M5MTA1MmY4YzRhMTQ1NzJhZGY3YWI1MjExNDliMTYsU1FNm2L0YUxJRZ2uAJlBODQyMDU5LTcxOTQ5MDEuanBnfHx8fHx8OTJ4Njl8fHx8fA==.jpg","main":"OWVhYjdmYTI1NDlkNzYzYTEyMzhjNzlkMmIwOGIwOWGroj-5dG-qqjHecXRb3rkMODQyMDU5LTcxOTQ5MDEuanBnfHx8fHx8fHx8fHw0MDB4MzAw.jpg","large":"MjYzMWYxYWUyOTNjNzk3YWZhNmZkYjAyZmRjMmVlZWFKhDprF_AYl-xdWMBUNAmVODQyMDU5LTcxOTQ5MDEuanBnfHx8fHx8fHx8fHw2NDB4NDgw.jpg"}]}},{"ad_id":"880760","reg_year":"2003","make":"Ford","model":"Mondeo","variant":"1.8I 5DR LX","mileage":"79000","engine_size":"1.8","fuel_type":"Petrol","body_type":"Hatchback","colour":"0000c0","location":"Dublin","price":"\u20ac 2,250","images":{"base_url":"http:\/\/i0.carsie.ie\/","image_list":[{"thumb":"OWZiMGQ3MGRkOWIyODMyNmI3OTQ0NzdkZWYyYzczOTVTaiZmTiSgbR4Y11Wha0HsODgwNzYwLTcxNDI2OTguanBnfHx8fHx8OTJ4Njl8fHx8fA==.jpg","main":"MzE0NTBiMWVkMTI0YjJmODFkYjFlZWEwMzIzZDBiOGGSNYARn2iJ1YUezjnYB6UXODgwNzYwLTcxNDI2OTguanBnfHx8fHx8fHx8fHw0MDB4MzAw.jpg","large":"MDMwMjE5ZmYyNjM3N2QwMjZiZTdhNDRkZDc4NzEwNTiOaA7i47Rkj-nGGf5iUBZEODgwNzYwLTcxNDI2OTguanBnfHx8fHx8fHx8fHw2NDB4NDgw.jpg"}]}},{"ad_id":"895859","reg_year":"2004","make":"Ford","model":"Mondeo","variant":"ZETEC 2.0 5-DOOR WITH NCT JUNE 2014 \/ TOP SPEC \/ CALL 086-0429292 ANYTIME","mileage":"122000","engine_size":"2.0","fuel_type":"Petrol","body_type":"Hatchback","colour":"000000","location":"Dublin","price":"\u20ac 2,250","images":{"base_url":"http:\/\/i0.carsie.ie\/","image_list":[{"thumb":"ZDFiMzNhYjE3MDYyMTYzNjJjOTAyNGUyNTFhZTI5NTQThlvLNyaqVgtrVcJNzz6xODk1ODU5LTczMjcwMDkuanBnfHx8fHx8OTJ4Njl8fHx8fA==.jpg","main":"ZTc3ZTQwZWIzZTUwNjJhYzUzMDFlYWU5NTZkOTQzZDboSnhcPdSyNwhSP_75r5EJODk1ODU5LTczMjcwMDkuanBnfHx8fHx8fHx8fHw0MDB4MzAw.jpg","large":"ZjExYjdlYjU1NmZkMGY5NDNlNGMzNGQyYmM4NGVlMmF_D4G_2NQC3anxi_fdbOv6ODk1ODU5LTczMjcwMDkuanBnfHx8fHx8fHx8fHw2NDB4NDgw.jpg"}]}},{"ad_id":"901673","reg_year":"2003","make":"Ford","model":"Mondeo","variant":"1.81 4DR Zetec","mileage":"144800","engine_size":"1.8","fuel_type":"Petrol","body_type":"Saloon","colour":"0000c0","location":"Limerick","price":"\u20ac 2,250","images":{"base_url":"http:\/\/i0.carsie.ie\/","image_list":[{"thumb":"NjA3NTMxMTJhNDgyOWIzMDZiMWI3MzRlNWZkM2I0YWM-c1Wgwcq-pXXa7W9vmvSzOTAxNjczLTc0MjMzNjQuanBnfHx8fHx8OTJ4Njl8fHx8fA==.jpg","main":"ZDVkNzFlYmY5ODRlODA0Yjk5NmFlYTZkYzY2ZGNjNzAdeL6VtH7RDSsAbLlWoVKKOTAxNjczLTc0MjMzNjQuanBnfHx8fHx8fHx8fHw0MDB4MzAw.jpg","large":"MzJlNTlhODkyYmQwMWQ0NDEzMjY4NzExM2RkNTA0Yza8Gxqvvcz6lKdFALQuVhgOOTAxNjczLTc0MjMzNjQuanBnfHx8fHx8fHx8fHw2NDB4NDgw.jpg"}]}},{"ad_id":"810653","reg_year":"2001","make":"Honda","model":"Accord","variant":"1.8 SE","mileage":"141867","engine_size":"1.9","fuel_type":"Petrol","body_type":"Saloon","colour":"e0e0e0","location":"Mayo","price":"\u20ac 2,250","images":{"base_url":"http:\/\/i0.carsie.ie\/","image_list":[{"thumb":"MzQ3NzhjZTUyODkzYjA0MGI3ZWU4N2NlZjY4ZWJhNjlb3GSb_jpv-9boqH_wWIl7ODEwNjUzLTYzMzQ4OTYuanBnfHx8fHx8OTJ4Njl8fHx8fA==.jpg","main":"YWNiZTQ4ZmM5MTAwNjJlOWM4MmFiNzk5OTY5NjA5ZjOXKHRE0ZtyUArRM7S9CzzpODEwNjUzLTYzMzQ4OTYuanBnfHx8fHx8fHx8fHw0MDB4MzAw.jpg","large":"NDViYWU5YTA3OTBiMDAwZjViZDA1MWE3NWJiOGU1NDbqNs24B5zDtfnJmaFElQIaODEwNjUzLTYzMzQ4OTYuanBnfHx8fHx8fHx8fHw2NDB4NDgw.jpg"}]}},{"ad_id":"884398","reg_year":"1998","make":"Honda","model":"CR-V","variant":"AUTOMATIC, MPV, 4WD, NCT JUN-13, 75k, AS NEW, \"\"MUST BE SEEN\"\", N4CARS. ie","mileage":"75000","engine_size":"2.0","fuel_type":"Petrol","body_type":null,"colour":"0000c0","location":"Dublin","price":"\u20ac 2,250","images":{"base_url":"http:\/\/i0.carsie.ie\/","image_list":[{"thumb":"NWM3ZjVkNzY1MzQ1MTk4MmI2ZGZmM2NhYjU2YmUxNDmGjgt7jRmc59NA1iZbAYc5ODg0Mzk4LTcxOTQ4ODYuanBnfHx8fHx8OTJ4Njl8fHx8fA==.jpg","main":"MzJkMjI0MzFkNjU5OWVhMGZjZjY5MmNhZjc2MDY0NjmQ6zk5DBq0BWHkGsCfJS4JODg0Mzk4LTcxOTQ4ODYuanBnfHx8fHx8fHx8fHw0MDB4MzAw.jpg","large":"ZDVmMTk0YTFlNTk3ZmE5MWJhNTI0OTg2OTRmMDVjNjnzN9EmnmyWXH08SndWSH3sODg0Mzk4LTcxOTQ4ODYuanBnfHx8fHx8fHx8fHw2NDB4NDgw.jpg"}]}},{"ad_id":"886278","reg_year":"2000","make":"Honda","model":"CR-V","variant":"2.0 Rvsi Auto","mileage":"88000","engine_size":"2.0","fuel_type":"Petrol","body_type":"Estate","colour":"ff0000","location":"Dublin","price":"\u20ac 2,250","images":{"base_url":"http:\/\/i0.carsie.ie\/","image_list":[{"thumb":"MjAxNDU0YTU5Nzc4ZGQyNzYwZGE2MGIzYjEwNzNkZWI5Ef9XCB9NdLiVNf8RXY7DODg2Mjc4LTcyMTIzMjQuanBnfHx8fHx8OTJ4Njl8fHx8fA==.jpg","main":"OWNhZmM1ZTIzNTcxMWFkM2QwMGE5ODY5MzljZGJjMTclZ94orCXUSOBJMrMgBvH0ODg2Mjc4LTcyMTIzMjQuanBnfHx8fHx8fHx8fHw0MDB4MzAw.jpg","large":"MTk5NmM3YWY0YThlYmJmNDA4ZjQ1MTEzNjBlMzhiZTb8VWMNKWWxva3nLMOCrFjLODg2Mjc4LTcyMTIzMjQuanBnfHx8fHx8fHx8fHw2NDB4NDgw.jpg"}]}},{"ad_id":"852464","reg_year":"2003","make":"Hyundai","model":"Matrix","variant":"","mileage":"83266","engine_size":"1.6","fuel_type":"Petrol","body_type":"Hatchback","colour":"ff0000","location":"Wexford","price":"\u20ac 2,250","images":{"base_url":"http:\/\/i0.carsie.ie\/","image_list":[{"thumb":"NGIzYTdkMTVmODU0NmVlYWVjMDFhMDM0NDhmM2QzODKGy6B-BJ187IYpeEnt6ZA2ODUyNDY0LTY4MjQ2ODcuanBnfHx8fHx8OTJ4Njl8fHx8fA==.jpg","main":"YWE3NDc3YzUyN2UzOGNiMjdkNWY2MWU2OGFmZTVmMDm-IySBlmrf21NMiqUy5wsrODUyNDY0LTY4MjQ2ODcuanBnfHx8fHx8fHx8fHw0MDB4MzAw.jpg","large":"NWE3M2M5NWM1ODQyYWJiZjM5ODNmYzk5YTlhNGM0YmK7rCBaye4fNp-M0-72ZXshODUyNDY0LTY4MjQ2ODcuanBnfHx8fHx8fHx8fHw2NDB4NDgw.jpg"}]}},{"ad_id":"891614","reg_year":"2004","make":"Hyundai","model":"Trajet","variant":"GLS 2.0","mileage":"96000","engine_size":"2.0","fuel_type":"Petrol","body_type":"Estate","colour":"0000c0","location":"Kildare","price":"\u20ac 2,250","images":{"base_url":"http:\/\/i0.carsie.ie\/","image_list":[{"thumb":"NjVmN2ZmNjU0NDdiMzI2MDE2NmRiYzA5ZTg2NDNkNDSfZ5eUAiPO6dIKY_zrEAxwODkxNjE0LTcyNjQ4NzEuanBnfHx8fHx8OTJ4Njl8fHx8fA==.jpg","main":"ZjNkNzBlODVlMjg3ODU5ZGYyMzk1MWM3YTVhNDA3YzRWS-VXLyK9-q9F--7eAReFODkxNjE0LTcyNjQ4NzEuanBnfHx8fHx8fHx8fHw0MDB4MzAw.jpg","large":"MGI5MjhhZjJiZmVlNDZlZjdlZTUyZjA3Zjg5MGQ2MmNTOws4EEg-C4rIf0sJJGD0ODkxNjE0LTcyNjQ4NzEuanBnfHx8fHx8fHx8fHw2NDB4NDgw.jpg"}]}},{"ad_id":"747083","reg_year":"1996","make":"Jaguar","model":"XJ","variant":"XJ12","mileage":"112000","engine_size":"6.0","fuel_type":"Petrol","body_type":"Saloon","colour":"0000c0","location":"Tipperary","price":"\u20ac 2,250","images":{"base_url":"http:\/\/i0.carsie.ie\/","image_list":[{"thumb":"M2Y0NDg2M2QzNWYxYzk5ODEyN2ViNzYwMjdmZGZmM2MtROxOS9ls6FpTvB2PNFx4NzQ3MDgzLTU1Mjc5MTguanBnfHx8fHx8OTJ4Njl8fHx8fA==.jpg","main":"YjVhOWFjOWE4NjkyMGM4ZDI1YmNjYmQ0MWE5NWU3YmVTfTstmqn4mp098qjMyaeANzQ3MDgzLTU1Mjc5MTguanBnfHx8fHx8fHx8fHw0MDB4MzAw.jpg","large":"NzM0MDk5OTcwODcyMDAxM2E2OGExMzA4N2IzMDY5NmX7IN3t-8A0gJNUVD_tqS8MNzQ3MDgzLTU1Mjc5MTguanBnfHx8fHx8fHx8fHw2NDB4NDgw.jpg"}]}},{"ad_id":"839576","reg_year":"2003","make":"Kia","model":"Rio","variant":"1.3 LS","mileage":"71800","engine_size":"1.3","fuel_type":"Petrol","body_type":"Hatchback","colour":"e0e0e0","location":"Kildare","price":"\u20ac 2,250","images":{"base_url":"http:\/\/i0.carsie.ie\/","image_list":[{"thumb":"MWEzODIwNzQ5NjJlMjA5YzA0ZjVhMmE0ZmI2ZTMzZDBlAt8jdpRJNJgTFlf-g7wJODM5NTc2LTY2ODEwODYuanBnfHx8fHx8OTJ4Njl8fHx8fA==.jpg","main":"Mzc1MzU5NGUwMDgxMThjNDM5MjFhNDZlZDhlOTZkYzBsWHt3GAX_g_ixZME337HYODM5NTc2LTY2ODEwODYuanBnfHx8fHx8fHx8fHw0MDB4MzAw.jpg","large":"ZmRmYzhjZTk1MTI1MzRlMGE5MjEyNjMwMmU1NTgzNDJwwRiHWAbbodp5rAlmjpT_ODM5NTc2LTY2ODEwODYuanBnfHx8fHx8fHx8fHw2NDB4NDgw.jpg"}]}}]}