{"total":"23408","result":[{"ad_id":"710815","reg_year":"2002","make":"BMW","model":"320","variant":"Convertable","mileage":"75000","engine_size":"2.2","fuel_type":"Petrol","body_type":"Cabriolet \/ Convertible","colour":"008000","location":"Cork","price":"\u20ac 6,500","images":{"base_url":"http:\/\/i0.carsie.ie\/","image_list":[{"thumb":"NDM0YzFiNTNiZjE2NjlhMzIzNDZjNjQxYzFiNGZlZDLQsD3bRa1anMZHIAAFq5jQNzEwODE1LTUwNDM4NTkuanBnfHx8fHx8OTJ4Njl8fHx8fA==.jpg","main":"ZjI5MzIwYTlmYTMxZDU1N2FjNTE1MzdkMmRhOWQ5Yzju92xlKAcCBtcJPgnjXv-uNzEwODE1LTUwNDM4NTkuanBnfHx8fHx8fHx8fHw0MDB4MzAw.jpg","large":"NGE5M2VkZmRhNWM1NTQ0OTdjZjUyNDg2OWE5MmQ0ZDAYodW93RPOTWpoRlg9tSPYNzEwODE1LTUwNDM4NTkuanBnfHx8fHx8fHx8fHw2NDB4NDgw.jpg"}]}},{"ad_id":"886983","reg_year":"2002","make":"BMW","model":"320","variant":"Convertible","mileage":"64000","engine_size":"2.2","fuel_type":"Petrol","body_type":"Cabriolet \/ Convertible","colour":"e0e0e0","location":"Dublin","price":"\u20ac 6,500","images":{"base_url":"http:\/\/i0.carsie.ie\/","image_list":[{"thumb":"ZmQ4NmNhNGI1Zjc3NmVhMDUxZDIzZDE4NWI1YTFjYzBOiTVrunU8jptxSXVAsOKGODg2OTgzLTcyMzA4MzUuanBnfHx8fHx8OTJ4Njl8fHx8fA==.jpg","main":"N2ZjMGNlYzBiMTcxOGQ4NjJmYjBhNWYyOGNmNmJjYjPjqO-SSlyxWLJDuaPLkd_oODg2OTgzLTcyMzA4MzUuanBnfHx8fHx8fHx8fHw0MDB4MzAw.jpg","large":"ZGIzNTcxYWU4ZWE0NzgwYzYzYmE5ODc4OTA4ZDM5NWEpv7t_JGM-uYbqLtpLU_svODg2OTgzLTcyMzA4MzUuanBnfHx8fHx8fHx8fHw2NDB4NDgw.jpg"}]}},{"ad_id":"902069","reg_year":"2009","make":"Citroen","model":"Berlingo","variant":"1.6 Hdi Price Plus Vat@23%","mileage":"52000","engine_size":"1.6","fuel_type":"Diesel","body_type":"Van","colour":"ffffff","location":"Dublin","price":"\u20ac 6,500","images":{"base_url":"http:\/\/i0.carsie.ie\/","image_list":[{"thumb":"Y2M4NzI1ZDk1ODkyNjJmZDEwMWY5OTBlMDVmZTlhYzMqmbtk_lifEchky_Kn_3TFOTAyMDY5LTc0Mjc2OTAuanBnfHx8fHx8OTJ4Njl8fHx8fA==.jpg","main":"MDM2OGRkNmZkZjljNTdhOTAzOWUwYTRjZWI2ZDc2NTmLTf1DPpAnU-TtgPU4Fj4QOTAyMDY5LTc0Mjc2OTAuanBnfHx8fHx8fHx8fHw0MDB4MzAw.jpg","large":"OGMyMzgzNWFhZjIxYTAzYzNhMjgyYjA2ODE0NjI5NzWXiZ9pLoiweIk_bXWvFMbGOTAyMDY5LTc0Mjc2OTAuanBnfHx8fHx8fHx8fHw2NDB4NDgw.jpg"}]}},{"ad_id":"842481","reg_year":"2008","make":"Citroen","model":"Berlingo","variant":"TD","mileage":"36660","engine_size":"1.6","fuel_type":"Diesel","body_type":"Other","colour":"008000","location":"Kildare","price":"\u20ac 6,500","images":{"base_url":"http:\/\/i0.carsie.ie\/","image_list":[{"thumb":"OGRiODYyYTAwMzlmZDBjY2VmNTgwM2RlZWFkNGFhYTUQ1vjUJ_RxbY8fx3foB6KgODQyNDgxLTY3MTM2MDUuanBnfHx8fHx8OTJ4Njl8fHx8fA==.jpg","main":"ZWJmMmQ0M2RlY2YxOWI0YTI0NzA1MWJhYzc0NGQ1MzN-BFo2OJiICYfI4DkEcXAEODQyNDgxLTY3MTM2MDUuanBnfHx8fHx8fHx8fHw0MDB4MzAw.jpg","large":"ZjYzZjRkMTAyNWM4NGU5YzdlOGVlMGU4NDQxOWRiYWGzQiXVs5j8pn8Neol3YFk5ODQyNDgxLTY3MTM2MDUuanBnfHx8fHx8fHx8fHw2NDB4NDgw.jpg"}]}},{"ad_id":"830034","reg_year":"2008","make":"Citroen","model":"Berlingo","variant":"1.6 HDI","mileage":"48500","engine_size":"1.6","fuel_type":"Diesel","body_type":"Van","colour":"ffffff","location":"Monaghan","price":"\u20ac 6,500","images":{"base_url":"http:\/\/i0.carsie.ie\/","image_list":[{"thumb":"Yjk1OGZiYjk4ZjYwMDI2ZmFiMGQ3NTU0NzMzMDA4MWY0ROqPcevbvFFQHHbHPSj2ODMwMDM0LTY1NzYyOTEuanBnfHx8fHx8OTJ4Njl8fHx8fA==.jpg","main":"NjFlZDZjYzI5MGM2NzZmZmUzYTM5ZTA2ZWJiYmVkZDA1WzSqG9APqe9hzrD5U-CUODMwMDM0LTY1NzYyOTEuanBnfHx8fHx8fHx8fHw0MDB4MzAw.jpg","large":"Y2NjZWRkZDNjM2JhMjQ4YzU1N2UzNWFlN2FmMjMwNDK2KMdGS372b7ilrW7-5WgJODMwMDM0LTY1NzYyOTEuanBnfHx8fHx8fHx8fHw2NDB4NDgw.jpg"}]}},{"ad_id":"892032","reg_year":"2008","make":"Citroen","model":"C3","variant":null,"mileage":"50331","engine_size":"1.1","fuel_type":"Petrol","body_type":null,"colour":"0000c0","location":"Westmeath","price":"\u20ac 6,500","images":{"base_url":"http:\/\/i0.carsie.ie\/","image_list":[{"thumb":"NWM4OTNmYzY3ZjJjMDVhOTBjOTljOTgwMjJmN2QwM2bSfUguNJy8HRjNXegCCZpmODkyMDMyLTc0MDk2NDQuanBnfHx8fHx8OTJ4Njl8fHx8fA==.jpg","main":"MjM1ZDA4NDE1N2ZkODBhMGUyZmU4MWEwODBjYzhlZTa8JRqPJN3TgKhHicFN2-vGODkyMDMyLTc0MDk2NDQuanBnfHx8fHx8fHx8fHw0MDB4MzAw.jpg","large":"Njg4ODYyZDNjYmNhZWRlODNmYzA0ZjkxZGY5MjJmNTJ3_hjoLXAedeOUNYVZxuxtODkyMDMyLTc0MDk2NDQuanBnfHx8fHx8fHx8fHw2NDB4NDgw.jpg"}]}},{"ad_id":"864388","reg_year":"2007","make":"Citroen","model":"C4","variant":"1.6 I 16V COUPE BY L LOEB","mileage":"68972","engine_size":"1.6","fuel_type":"Petrol","body_type":null,"colour":"ff0000","location":"Kerry","price":"\u20ac 6,500","images":{"base_url":"http:\/\/i0.carsie.ie\/","image_list":[{"thumb":"YWIzM2I1ZjVmZWJkYzFjNWYyMTlkOTkxZmVhN2IzNGH9Iyb1M7g_8wvqZByXlaN7ODY0Mzg4LTY5NTc0OTguanBnfHx8fHx8OTJ4Njl8fHx8fA==.jpg","main":"YTllNzgyYmFkM2JmOTY1NzcyMmRkM2Q1OWRjMDJhOTaBqOQxPFZMwEEXEbPVGJqaODY0Mzg4LTY5NTc0OTguanBnfHx8fHx8fHx8fHw0MDB4MzAw.jpg","large":"MGZmZWVmOTU4MDMzMTRjZWEzNzEwNGZhNjFiN2U4Y2IJ_6Vw-G-03hdBa6ej0eN9ODY0Mzg4LTY5NTc0OTguanBnfHx8fHx8fHx8fHw2NDB4NDgw.jpg"}]}},{"ad_id":"873783","reg_year":"2006","make":"Daihatsu","model":"Terios","variant":"1.5 4WD 5DR","mileage":"76374","engine_size":"1.5","fuel_type":"Petrol","body_type":"Estate","colour":"e0e0e0","location":"Limerick","price":"\u20ac 6,500","images":{"base_url":"http:\/\/i0.carsie.ie\/","image_list":[{"thumb":"NTRjMmJlYzkwNWY3NTg4MWIwZmM5ZGQzNjAwNTIzMTHy5k3Qut0fTmzsY5XlwQu0ODczNzgzLTcwNjAwNDAuanBnfHx8fHx8OTJ4Njl8fHx8fA==.jpg","main":"ZDY4YTA4MGNhM2MwYzUxOWY0YjI3NjBlNGRjZWVhOWKqtA-TQ4KGo3VHl9Xa8Cf9ODczNzgzLTcwNjAwNDAuanBnfHx8fHx8fHx8fHw0MDB4MzAw.jpg","large":"ZWYxMDhmMDI1MjJhYjM5NzQ5NDMyNGMxZWQzYTM3ZTHAHKeHIsqa6tJa8PN7NPwfODczNzgzLTcwNjAwNDAuanBnfHx8fHx8fHx8fHw2NDB4NDgw.jpg"}]}},{"ad_id":"897438","reg_year":"2008","make":"Fiat","model":"Grande Punto","variant":"1.3 MULTIJET 75 DYNAMIQUE","mileage":"108105","engine_size":"1.3","fuel_type":"Diesel","body_type":null,"colour":"858585","location":"Carlow","price":"\u20ac 6,500","images":{"base_url":"http:\/\/i0.carsie.ie\/","image_list":[{"thumb":"OWIwN2RiN2YxOTU0MTY3NzU2NDY5ZThmODNjNjFlNTflqvXX90omqvznkwKpms6dODk3NDM4LTczNTQ2MTUuanBnfHx8fHx8OTJ4Njl8fHx8fA==.jpg","main":"NDQ3NDRhZTVlOGU4YmEwM2RhOGJhZGFhMjQwMTkxNTixTZWzcCwYxrQCJ_CS9VC_ODk3NDM4LTczNTQ2MTUuanBnfHx8fHx8fHx8fHw0MDB4MzAw.jpg","large":"OWM0ZTdmYjdkZDEwOTViYTlkMGU5NTYyZDEyNWZmMjS22PGW9vg1ibFv4UD-eoVXODk3NDM4LTczNTQ2MTUuanBnfHx8fHx8fHx8fHw2NDB4NDgw.jpg"}]}},{"ad_id":"879540","reg_year":"2009","make":"Fiat","model":"Grande Punto","variant":"Active","mileage":"64001","engine_size":"1.4","fuel_type":"Petrol","body_type":"Hatchback","colour":"ff0000","location":"Kerry","price":"\u20ac 6,500","images":{"base_url":"http:\/\/i0.carsie.ie\/","image_list":[{"thumb":"ZDc4ZjdmOWNiMTExY2UyYWYxZDYwMTc3OWEyZmMzMTkNmTfLRlEzmQjdrPEJVH6fODc5NTQwLTcxMjk1NjcuanBnfHx8fHx8OTJ4Njl8fHx8fA==.jpg","main":"ZTYzNDYwNWMxZTZhYWNlZWJhNzY3NjE1MjJmNTkyYzOsKA3_3WqgqJGWg4sZj6M9ODc5NTQwLTcxMjk1NjcuanBnfHx8fHx8fHx8fHw0MDB4MzAw.jpg","large":"NTFlMzliMGIyYjdjYmI4NGU5N2U4YmQ4ZTQxZmQ1ZmQSc94ijlRCWwO68YB9XBodODc5NTQwLTcxMjk1NjcuanBnfHx8fHx8fHx8fHw2NDB4NDgw.jpg"}]}},{"ad_id":"882009","reg_year":"2007","make":"Ford","model":"Fiesta","variant":"Connection 1.25 5D","mileage":"52196","engine_size":"1.2","fuel_type":"Petrol","body_type":"Hatchback","colour":"e0e0e0","location":"Kerry","price":"\u20ac 6,500","images":{"base_url":"http:\/\/i0.carsie.ie\/","image_list":[{"thumb":"ODMxZWQ5M2QzMjdkZmU4YTBjZGMwMzAxYjU3YWIwNDFeAdo4_Awyy8k7EJxZjdF9ODgyMDA5LTcxNjAwODEuanBnfHx8fHx8OTJ4Njl8fHx8fA==.jpg","main":"YWYzZTYzNDI2M2ViMTVlYTJhOTg5YTBmMDRhNDcwOTE-orILIKWfDqIE0Tc-pP9IODgyMDA5LTcxNjAwODEuanBnfHx8fHx8fHx8fHw0MDB4MzAw.jpg","large":"ZThiODU2ZTgyNzM2NTQ4MjBiNWU0YjllODEzZDVhOTSXDbExeEHlVhA-qULZnf82ODgyMDA5LTcxNjAwODEuanBnfHx8fHx8fHx8fHw2NDB4NDgw.jpg"}]}},{"ad_id":"883957","reg_year":"2007","make":"Ford","model":"Fiesta","variant":"Steel 1.25 5DR","mileage":"56546","engine_size":"1.2","fuel_type":"Petrol","body_type":"Hatchback","colour":"000000","location":"Kerry","price":"\u20ac 6,500","images":{"base_url":"http:\/\/i0.carsie.ie\/","image_list":[{"thumb":"ZDA0MTNjYzg2ZjdhOGJmZDI4NDU2MmZhMTM0NzgwMGEPfp7Ib63sgTRpU8ENYo-2ODgzOTU3LTcxODgyMTkuanBnfHx8fHx8OTJ4Njl8fHx8fA==.jpg","main":"NmQxOTBkODEzNTk3MzJlYjg5NDQwM2JmMGFhNzg0YzWbnHtq1vgAvL1QfVLd4DJTODgzOTU3LTcxODgyMTkuanBnfHx8fHx8fHx8fHw0MDB4MzAw.jpg","large":"ZjNjN2IzOGY2YmJhZDJjYWU4MDU2OTU1N2FmMDE5MzLuPhHUYCsn9AoPuO5r8as5ODgzOTU3LTcxODgyMTkuanBnfHx8fHx8fHx8fHw2NDB4NDgw.jpg"}]}},{"ad_id":"900712","reg_year":"2007","make":"Ford","model":"Fiesta","variant":null,"mileage":"47224","engine_size":"1.2","fuel_type":"Petrol","body_type":null,"colour":"000000","location":"Kildare","price":"\u20ac 6,500","images":{"base_url":"http:\/\/i0.carsie.ie\/","image_list":[{"thumb":"Yzk4NGNjZThlNWUxYzcwNzJiODUxNmE1MGEzNDg2NTY7DXh_zJEF7kZ6-82g9KA0OTAwNzEyLS5qcGd8fHx8fHw5Mng2OXx8fHx8.jpg","main":"NDU0MTU1YTg3NzMyNjEwOTI0NjAxZGYzMWViZjEwODGarZuMw7JDo9dcFYl_sDJrOTAwNzEyLS5qcGd8fHx8fHx8fHx8fDQwMHgzMDA=.jpg","large":"MTY0MmVhNTk2MTJlZmQ1ZDBlYzJkNzRmZWZjZTM4NGEvZ1TrVxeusS9Y17_i6YN4OTAwNzEyLS5qcGd8fHx8fHx8fHx8fDY0MHg0ODA=.jpg"}]}},{"ad_id":"891707","reg_year":"2006","make":"Ford","model":"Focus","variant":"NT LX 1.4 (80PS) 5D","mileage":"70216","engine_size":"1.4","fuel_type":"Petrol","body_type":"Hatchback","colour":"0000c0","location":"Cavan","price":"\u20ac 6,500","images":{"base_url":"http:\/\/i0.carsie.ie\/","image_list":[{"thumb":"NjAwODBjODBhYjM0OGZiYzIyNzAxYzA1ZWQwOWE5ODnvUhi9A7GtdXQuGKI5jE9uODkxNzA3LTczMjU3NTIuanBnfHx8fHx8OTJ4Njl8fHx8fA==.jpg","main":"MWZlNDQwZDg3ODA4YzdiMDU1YzhmODQxZWJjYWJhZWYuABbsJrLFM9pigWOgw4-KODkxNzA3LTczMjU3NTIuanBnfHx8fHx8fHx8fHw0MDB4MzAw.jpg","large":"M2JkNWYxMmQ5MWMwMzk4NmE4YmVmYjU3NjBkZWU3OTcYj0eTcti-8_VChDQ1PvHcODkxNzA3LTczMjU3NTIuanBnfHx8fHx8fHx8fHw2NDB4NDgw.jpg"}]}},{"ad_id":"862734","reg_year":"2006","make":"Ford","model":"Focus","variant":"NT Ghia 1.6 AUTOMATIC","mileage":"6804","engine_size":"1.6","fuel_type":"Petrol","body_type":"Saloon","colour":"0000c0","location":"Cork","price":"\u20ac 6,500","images":{"base_url":"http:\/\/i0.carsie.ie\/","image_list":[{"thumb":"NzRhZTQ3NDM4MjM5OWY0NDRjNjAyN2EzYzU1OTY3MmV-JRr-nSTbju8Q7F_dtDOOODYyNzM0LTY5MzI5MjAuanBnfHx8fHx8OTJ4Njl8fHx8fA==.jpg","main":"ZTkxMmY5ZDNhYTRhNzhlMTg0NmU2ODM2ZmFmYmViZTetW85GE0oXTEpqeXdaLGm0ODYyNzM0LTY5MzI5MjAuanBnfHx8fHx8fHx8fHw0MDB4MzAw.jpg","large":"NzMyOWU2YjcyMjlkOTk4OTRiZjhlMjhmMGEwM2M0ZTca8kY_x_2MTVUnKmB9DxgjODYyNzM0LTY5MzI5MjAuanBnfHx8fHx8fHx8fHw2NDB4NDgw.jpg"}]}},{"ad_id":"890682","reg_year":"2006","make":"Ford","model":"Focus","variant":"Zetec 1.4 5DR","mileage":"83266","engine_size":"1.4","fuel_type":"Petrol","body_type":"Hatchback","colour":"e0e0e0","location":"Cork","price":"\u20ac 6,500","images":{"base_url":"http:\/\/i0.carsie.ie\/","image_list":[{"thumb":"ZjRkYzU5YjI5M2Q1YTQyNmNhMzQzNGI1MTk0N2JkMzDTBvFKg3L94ZMSGX8XtXYgODkwNjgyLTcyNDk5NDUuanBnfHx8fHx8OTJ4Njl8fHx8fA==.jpg","main":"NDkwNzg0MjllZWQwZGQ0NjRiZDlhYmE0ZWQ2NzZiNzDVQoZANCq51nDGh8QRcWHFODkwNjgyLTcyNDk5NDUuanBnfHx8fHx8fHx8fHw0MDB4MzAw.jpg","large":"YjBjNmNlZmY4OTJiZWU2NjMwZDBlZDQ5OTk4MjlmY2NzYV9lOD5poW-rN6ao3kaHODkwNjgyLTcyNDk5NDUuanBnfHx8fHx8fHx8fHw2NDB4NDgw.jpg"}]}},{"ad_id":"897107","reg_year":"2007","make":"Ford","model":"Focus","variant":"1.6 TDCI LX 108BHP 05DR","mileage":"112000","engine_size":"1.6","fuel_type":"Diesel","body_type":"Hatchback","colour":"e0e0e0","location":"Donegal","price":"\u20ac 6,500","images":{"base_url":"http:\/\/i0.carsie.ie\/","image_list":[{"thumb":"OGY4ZGNjMTNiZTkxNmMyMjNjYjFmNzQ0MjJiM2VkZjM7oWzYyDar-KoAhYdKmYU4ODk3MTA3LTczNTEzOTIuanBnfHx8fHx8OTJ4Njl8fHx8fA==.jpg","main":"NWJmMGY5YTk0NmM5MzY4MjViZmY5MTZiYmRhOGI5ZTTgFxSt6O6yju6oZQN_jhYqODk3MTA3LTczNTEzOTIuanBnfHx8fHx8fHx8fHw0MDB4MzAw.jpg","large":"ZDM3ZTAwMzAyNDUyMTRkNThmYmI2ODRiMzA5YjQxYjQHuG4VXxkVWfrauw-29UfUODk3MTA3LTczNTEzOTIuanBnfHx8fHx8fHx8fHw2NDB4NDgw.jpg"}]}},{"ad_id":"887005","reg_year":"2006","make":"Ford","model":"Focus","variant":"NT Zetec 1.4 5DR","mileage":"73000","engine_size":"1.4","fuel_type":"Petrol","body_type":"Hatchback","colour":"ff0000","location":"Dublin","price":"\u20ac 6,500","images":{"base_url":"http:\/\/i0.carsie.ie\/","image_list":[{"thumb":"Y2Q4MWY2OWVmNzA2ZGM3NzVhYzBjMWRlN2Y1MzNmMjW5R_my4z3mTIDJCjlcCvhjODg3MDA1LTcyMjIwNTcuanBnfHx8fHx8OTJ4Njl8fHx8fA==.jpg","main":"NTlhOTQwZmFiZTAxZTU5MmE2MzkyYTU1ZmQxNGMzNzd9yPDCg-DE9NkAJnpNdQUIODg3MDA1LTcyMjIwNTcuanBnfHx8fHx8fHx8fHw0MDB4MzAw.jpg","large":"MDUzZDM0ODc4NzFlNjU4ZDI4OTYwYjIzODFmMzY3ZTbUPNJ7_az2nLs249nH61Q3ODg3MDA1LTcyMjIwNTcuanBnfHx8fHx8fHx8fHw2NDB4NDgw.jpg"}]}},{"ad_id":"850585","reg_year":"2006","make":"Ford","model":"Focus","variant":null,"mileage":"71412","engine_size":"1.4","fuel_type":"Petrol","body_type":null,"colour":"ff0000","location":"Galway","price":"\u20ac 6,500","images":{"base_url":"http:\/\/i0.carsie.ie\/","image_list":[{"thumb":"ZDMyZjYwMGE3NjAwZjYzN2QzMTc0MDg1Njk0ZGU2M2WL8Qxb6Z-JFKqb6fGlHnWWODUwNTg1LTY4MDQxNjIuanBnfHx8fHx8OTJ4Njl8fHx8fA==.jpg","main":"NDE0ZThjZTFhYzUwMWRlNjgyOTA2OTE2ZDg3ODVlOTmOizQb-iHPiXWJqB1eO2nLODUwNTg1LTY4MDQxNjIuanBnfHx8fHx8fHx8fHw0MDB4MzAw.jpg","large":"ZjNlMzJiZWRhZjRjMDk3NDcxZWMxM2FkOTgyNmFlZDVpGqGI7_jGNOisGLAqpXaAODUwNTg1LTY4MDQxNjIuanBnfHx8fHx8fHx8fHw2NDB4NDgw.jpg"}]}},{"ad_id":"887142","reg_year":"2006","make":"Ford","model":"Focus","variant":null,"mileage":"77493","engine_size":"1.4","fuel_type":"Petrol","body_type":null,"colour":"e0e0e0","location":"Galway","price":"\u20ac 6,500","images":{"base_url":"http:\/\/i0.carsie.ie\/","image_list":[{"thumb":"ZDkyM2I5N2U3NjU1ODk0OTlhMWUzNzE0NzJkNjk0OTgW7ANU__ohgV-5cwKUDkALODg3MTQyLTcyMjkzNzEuanBnfHx8fHx8OTJ4Njl8fHx8fA==.jpg","main":"MDkyNzRmZjEyMWU5MjhmZjU1MWEwYzczZGM2OGQxYTRwbCb7n6JEdqjTUZufz-7AODg3MTQyLTcyMjkzNzEuanBnfHx8fHx8fHx8fHw0MDB4MzAw.jpg","large":"N2Y5OWEyYmNlYTExYzViOTQ1MzVlNWRlZjcwYmFlOGMWjFHpR5HtWQf1zU8Sc7mVODg3MTQyLTcyMjkzNzEuanBnfHx8fHx8fHx8fHw2NDB4NDgw.jpg"}]}}]}