{"total":"23408","result":[{"ad_id":"897090","reg_year":"2005","make":"Toyota","model":"Corolla","variant":null,"mileage":"89000","engine_size":"1.4","fuel_type":"Petrol","body_type":null,"colour":"0000c0","location":"Laois","price":"\u20ac 4,900","images":{"base_url":"http:\/\/i0.carsie.ie\/","image_list":[{"thumb":"M2Q1Y2VkMDNhZDgyNWY2OWZlMjUxM2ZjNDQzMGI3MjC-6fYK5957nzEQsK3-ky5lODk3MDkwLTc0MTIxNTYuanBnfHx8fHx8OTJ4Njl8fHx8fA==.jpg","main":"NjYzMGM4MDE1Zjg4MDgwN2JlNTUyYmI3NDY3Mjk2Zjaou-Voll6TpfRs-FsRzbNHODk3MDkwLTc0MTIxNTYuanBnfHx8fHx8fHx8fHw0MDB4MzAw.jpg","large":"ZjEwMWQzYzY4OTRkNWNmZWNjOTkzMGU0OWFjZDEzNjNTQgD31KWoIa5t7CI3pFAPODk3MDkwLTc0MTIxNTYuanBnfHx8fHx8fHx8fHw2NDB4NDgw.jpg"}]}},{"ad_id":"876083","reg_year":"2004","make":"Toyota","model":"Hiace","variant":"D4D 300GS LWB 04DR","mileage":"157000","engine_size":"2.5","fuel_type":"Diesel","body_type":"Van","colour":"ffffff","location":"Tipperary","price":"\u20ac 4,900","images":{"base_url":"http:\/\/i0.carsie.ie\/","image_list":[{"thumb":"NTFjM2E0YzRmZWIyMmQ2Nzc4YjU2MjcyNGFjMDA3NjgGeteENqmuPiN55wH96ZcxODc2MDgzLTcwOTkwMDUuanBnfHx8fHx8OTJ4Njl8fHx8fA==.jpg","main":"NGMxY2UyMmE1M2IxZGM4MzJmZDYwMGIzNDY2ZDViOTMrBgI_nKZum4OuQFamgY3rODc2MDgzLTcwOTkwMDUuanBnfHx8fHx8fHx8fHw0MDB4MzAw.jpg","large":"MzE5M2YwNTFiZjMxZjE1NzcyMjJlYmU0MzYxZjAxNTW94WU3kS4G-oUt0-h8AdGhODc2MDgzLTcwOTkwMDUuanBnfHx8fHx8fHx8fHw2NDB4NDgw.jpg"}]}},{"ad_id":"883723","reg_year":"2007","make":"Volkswagen","model":"Fox","variant":"1.2 55BHP 3DR","mileage":"60823","engine_size":"1.2","fuel_type":"Petrol","body_type":"Hatchback","colour":"ffff00","location":"Kildare","price":"\u20ac 4,900","images":{"base_url":"http:\/\/i0.carsie.ie\/","image_list":[{"thumb":"MTJiNjUzYzI0ZDFhMzA4YmIwNzUzNDQ1NTU5ZWFkNTi0petOvzJcc7UqXqs-Nr8ZODgzNzIzLTczNDQ4NzEuanBnfHx8fHx8OTJ4Njl8fHx8fA==.jpg","main":"NmE4OWY5NWJlZmRiNGJmODJmZTExOTYxNjc0MjZkMmL9xJs091676c_G-caII1awODgzNzIzLTczNDQ4NzEuanBnfHx8fHx8fHx8fHw0MDB4MzAw.jpg","large":"ZTkwMGFlMDNmOThjMjM3M2MwZGFlMzAxM2U2OGE5MjYf3hf0jrroD5oee4TW168zODgzNzIzLTczNDQ4NzEuanBnfHx8fHx8fHx8fHw2NDB4NDgw.jpg"}]}},{"ad_id":"851359","reg_year":"2003","make":"Volkswagen","model":"Golf","variant":"TDI","mileage":"150000","engine_size":"1.9","fuel_type":"Diesel","body_type":"Hatchback","colour":"0000c0","location":"Limerick","price":"\u20ac 4,900","images":{"base_url":"http:\/\/i0.carsie.ie\/","image_list":[{"thumb":"NjFkZDE2ZGQyYjlmMWUyMzM2YWU2YjY3OWRiZDQzOWN3sXWKl5GCefBH8hSGjjpoODUxMzU5LTY4MTIzNDMuanBnfHx8fHx8OTJ4Njl8fHx8fA==.jpg","main":"NmJjYThhMTQxY2UxMDZhY2NhMDAwYWM5ZWJjMmNhYzWIepIsMnZv3KUHycPp28muODUxMzU5LTY4MTIzNDMuanBnfHx8fHx8fHx8fHw0MDB4MzAw.jpg","large":"ZWY3MmQyZDU5ZTViM2JhOGIxZTM5NjdjZjQ2YmNiOWGbPsXASieNmZk0ucl2fRQEODUxMzU5LTY4MTIzNDMuanBnfHx8fHx8fHx8fHw2NDB4NDgw.jpg"}]}},{"ad_id":"892974","reg_year":"2006","make":"Volkswagen","model":"Jetta","variant":"Comf 1.6 4DR","mileage":"130000","engine_size":"1.6","fuel_type":"Petrol","body_type":"Saloon","colour":"f0d2a0","location":"Cork","price":"\u20ac 4,900","images":{"base_url":"http:\/\/i0.carsie.ie\/","image_list":[{"thumb":"MzM4NzAwNjJlNmM1NDRkMjJiNjU1MmQzN2MzNTVjNmK9dEC5Nh9UypzKP3IRJ80pODkyOTc0LTcyNzU4NTMuanBnfHx8fHx8OTJ4Njl8fHx8fA==.jpg","main":"MTMwNmM0YTUzOWQ2MmMyNzRmMTRmYzk0ZWQyNzFlMjFvimGDyDhwo0OGIBC9mLk-ODkyOTc0LTcyNzU4NTMuanBnfHx8fHx8fHx8fHw0MDB4MzAw.jpg","large":"NGM3NmRlYjRiZTNhNWZjNzgxMDNlNmUwN2NmMzhiZjKwmMidExincmpg1UUsRqiAODkyOTc0LTcyNzU4NTMuanBnfHx8fHx8fHx8fHw2NDB4NDgw.jpg"}]}},{"ad_id":"900606","reg_year":"2005","make":"Volkswagen","model":"Passat","variant":"SAL 1.6 4DR","mileage":"93829","engine_size":"1.6","fuel_type":"Petrol","body_type":"Saloon","colour":"e0e0e0","location":"Cork","price":"\u20ac 4,900","images":{"base_url":"http:\/\/i0.carsie.ie\/","image_list":[{"thumb":"YThjMTZiMTZiMTYzMTdiN2MwMDk1YzU0MTNlOWJhMjX5gwkwCyNam1cHNXG2tXlBOTAwNjA2LTc0MDQwMDcuanBnfHx8fHx8OTJ4Njl8fHx8fA==.jpg","main":"YTI2NThlN2Q3NTgxZWU2ODQ1YzFhMjZmODQyMzVhNzk1WuBNvyIf13DlYOISV6bzOTAwNjA2LTc0MDQwMDcuanBnfHx8fHx8fHx8fHw0MDB4MzAw.jpg","large":"NWY4OTk2MzQyY2Y3ODNmNDcxNTQxN2FiZmVkZDIyNmLUOXMQwBi-_aP6xPEzem1QOTAwNjA2LTc0MDQwMDcuanBnfHx8fHx8fHx8fHw2NDB4NDgw.jpg"}]}},{"ad_id":"884255","reg_year":"2005","make":"Volkswagen","model":"Passat","variant":"VAR 1.9tdi","mileage":"115000","engine_size":"1.9","fuel_type":"Diesel","body_type":"Estate","colour":"ff0000","location":"Kerry","price":"\u20ac 4,900","images":{"base_url":"http:\/\/i0.carsie.ie\/","image_list":[{"thumb":"NGVmZDdlMDUzZmRlM2Y5NDdiNjFmMzdkN2FlNTgzZjku-8ZWCOkOtKWhxkef3MgrODg0MjU1LTcxOTMwMTMuanBnfHx8fHx8OTJ4Njl8fHx8fA==.jpg","main":"NDI1MzE2YmI1MTk2YjljMjYzYjhhZjYzZjVkYjQ4NzXdjOVd7vqMPeXr3DYG3H0aODg0MjU1LTcxOTMwMTMuanBnfHx8fHx8fHx8fHw0MDB4MzAw.jpg","large":"NmRmNjI3ODg5YWM0ZmEwN2M2ZDY5ODVhYzVhOTJkNTQPYzqbCxMNFtW2bl84nCXcODg0MjU1LTcxOTMwMTMuanBnfHx8fHx8fHx8fHw2NDB4NDgw.jpg"}]}},{"ad_id":"887715","reg_year":"2004","make":"Volvo","model":"S60","variant":"2.0T 4DR","mileage":"80000","engine_size":"2.0","fuel_type":"Petrol","body_type":"Saloon","colour":"e0e0e0","location":"Dublin","price":"\u20ac 4,900","images":{"base_url":"http:\/\/i0.carsie.ie\/","image_list":[{"thumb":"MGVkMTI1N2I5M2I5N2IyNTYzMjAwYmU5NzFlNTI5YjU3M-0cOqo37Y_SjyhlBj6LODg3NzE1LTcyMzMxNzkuanBnfHx8fHx8OTJ4Njl8fHx8fA==.jpg","main":"MDEwZjc4NWU5NjU2OWY4NmE5NjFlMzA0NThlOWIzNzfqJoj_gflFEQFvCSzJfm8wODg3NzE1LTcyMzMxNzkuanBnfHx8fHx8fHx8fHw0MDB4MzAw.jpg","large":"MmZlNThiYzJjMDNlMjg4NmI5NzllYzI1ZTA4OTBhNGFVgX8Snl7A7dFvK1tVq4AjODg3NzE1LTcyMzMxNzkuanBnfHx8fHx8fHx8fHw2NDB4NDgw.jpg"}]}},{"ad_id":"898202","reg_year":"2004","make":"Volkswagen","model":"Golf","variant":"1.41 S FSI 03DR","mileage":"89000","engine_size":"1.4","fuel_type":"Petrol","body_type":"Hatchback","colour":"000000","location":"Dublin","price":"\u20ac 4,940","images":{"base_url":"http:\/\/i0.carsie.ie\/","image_list":[{"thumb":"MzExMzE1NTg3MzQ1OGVhNjU5NDE0ZGFkZjk3OGNiYjHpkiCgCg_OsM9cb22MtckmODk4MjAyLTc0MDY3MjcuanBnfHx8fHx8OTJ4Njl8fHx8fA==.jpg","main":"ZWI3MzYzYmY1MDU1ZWY3NTMzODBlMDgzYmNhMGE2MWErORzLa6ei5z1L4HXNS7SfODk4MjAyLTc0MDY3MjcuanBnfHx8fHx8fHx8fHw0MDB4MzAw.jpg","large":"ODY1NTRjMDllODM3ZWE1ODg4NDMyMTU0NTJkYmI2ZTlhrXDSrJlgGOWCu1PCPzv5ODk4MjAyLTc0MDY3MjcuanBnfHx8fHx8fHx8fHw2NDB4NDgw.jpg"}]}},{"ad_id":"901067","reg_year":"2002","make":"Audi","model":"TT","variant":"180 BHP *NCT 04\/14 - ALCANTARA LEATHER*","mileage":"113185","engine_size":"1.8","fuel_type":"Petrol","body_type":"Coupe","colour":"e0e0e0","location":"Dublin","price":"\u20ac 4,945","images":{"base_url":"http:\/\/i0.carsie.ie\/","image_list":[{"thumb":"MTk4NTkxODNhNDU5ZTUzZGQ2ZWE0MGNlOTk2Y2VlY2Jbp4A9vS3_B8cUhI-jh0xuOTAxMDY3LTc0MTUzNzAuanBnfHx8fHx8OTJ4Njl8fHx8fA==.jpg","main":"NmZjOWIwNjllZTFkYjMzZTRmMTFhM2NkYzY0ZDgxOTnLiYmw5q5dBbrniYI1HKlkOTAxMDY3LTc0MTUzNzAuanBnfHx8fHx8fHx8fHw0MDB4MzAw.jpg","large":"NjVjMzM4M2RlNWZlOGZjNDBiMDZmZWZjZGQxYzQ5ZjO_w79EjjmaHxWEm6UfVjgJOTAxMDY3LTc0MTUzNzAuanBnfHx8fHx8fHx8fHw2NDB4NDgw.jpg"}]}},{"ad_id":"897139","reg_year":"2005","make":"Ford","model":"Fiesta","variant":"1 OWNER 5 DR \"LX\" NCT 03\/15 ","mileage":"43497","engine_size":"1.4","fuel_type":"Petrol","body_type":"Hatchback","colour":"000000","location":"Dublin","price":"\u20ac 4,945","images":{"base_url":"http:\/\/i0.carsie.ie\/","image_list":[{"thumb":"OTFjNjZjYWJkYWUyMzJkMzZhMDAyODdhNTliNmFmZTLJGIR59pn_sknIQNS8wmlAODk3MTM5LTczNjEwNTQuanBnfHx8fHx8OTJ4Njl8fHx8fA==.jpg","main":"MWE3ZGExNmUzNjY2NGRlODIwMGE0MWFkOGRlNzUyNWWAApYJ37pHzFsQa7_Q67zVODk3MTM5LTczNjEwNTQuanBnfHx8fHx8fHx8fHw0MDB4MzAw.jpg","large":"NmRmNTZiYTMwZTQ0ODQ4NDk1YTg5OTc4YmE0NmIwNDfwBzP1xIyj9qNlCBdNE7MOODk3MTM5LTczNjEwNTQuanBnfHx8fHx8fHx8fHw2NDB4NDgw.jpg"}]}},{"ad_id":"900070","reg_year":"2005","make":"Ford","model":"Focus","variant":"1.4 \"ZETEC\" NCT 06\/15","mileage":"112000","engine_size":"1.4","fuel_type":"Petrol","body_type":"Hatchback","colour":"b9cdfb","location":"Dublin","price":"\u20ac 4,945","images":{"base_url":"http:\/\/i0.carsie.ie\/","image_list":[{"thumb":"Y2Y3ZmE1NjM3ZTJlZDNmNzIyNTk1MGI5YmI2YmRhNjTpsow7Oi10TVM_QCwV6hwPOTAwMDcwLTc0MTQ0OTUuanBnfHx8fHx8OTJ4Njl8fHx8fA==.jpg","main":"OTRhNzhhMWYxYzM4NTZlM2Q4ODEyYWQyYWJlNGEyOGKuPkYiLBPhhqw5XleMnK4jOTAwMDcwLTc0MTQ0OTUuanBnfHx8fHx8fHx8fHw0MDB4MzAw.jpg","large":"YjYyZDI1ZGMyNTY4ZGUyMWE1N2Y2NmY3N2QyYzNjM2bpnVkQGhXxEqDBAGJJui_hOTAwMDcwLTc0MTQ0OTUuanBnfHx8fHx8fHx8fHw2NDB4NDgw.jpg"}]}},{"ad_id":"901065","reg_year":"2008","make":"Ford","model":"Transit Connect","variant":"NT T200 SWB 1.8tdci 75PS","mileage":"106971","engine_size":"1.8","fuel_type":"Diesel","body_type":"Van","colour":"ffffff","location":"Dublin","price":"\u20ac 4,945","images":{"base_url":"http:\/\/i0.carsie.ie\/","image_list":[{"thumb":"ZTk2NjllZmU2M2MwMzZiYzFjYmJmYWYzMTUxZjA0MjU5A_WK4IkB6X20fNPPh4ROOTAxMDY1LTc0MTUzNDYuanBnfHx8fHx8OTJ4Njl8fHx8fA==.jpg","main":"NTVjYjg5MTljODRiNzA5NTNlMzZjNTBkNmViM2IyNDToQZ3TsC11FwcnVtEeHVffOTAxMDY1LTc0MTUzNDYuanBnfHx8fHx8fHx8fHw0MDB4MzAw.jpg","large":"ODk3NjM5YWIxZjEwZDVmOWRiYWIxOTQxMTBiMGIzZjSS2XhuIWrhgHrhSObtOdTHOTAxMDY1LTc0MTUzNDYuanBnfHx8fHx8fHx8fHw2NDB4NDgw.jpg"}]}},{"ad_id":"887127","reg_year":"2004","make":"Land Rover","model":"Freelander","variant":"1.8 SPORT 5DR. 1 OWNER FROM NEW. FULL LEATHER INTERIOR. NEW NCT UNTIL MARCH 2014","mileage":"61000","engine_size":"1.8","fuel_type":"Petrol","body_type":"SUV","colour":"e0e0e0","location":"Dublin","price":"\u20ac 4,945","images":{"base_url":"http:\/\/i0.carsie.ie\/","image_list":[{"thumb":"ZDJhZDViYzQ5YjBjM2M5NjQxYjQ4ZWFhMTc3ODJlZjV5RIAcGOHpgqXrteuCGGzFODg3MTI3LTczMjEzMTEuanBnfHx8fHx8OTJ4Njl8fHx8fA==.jpg","main":"OGM3MjI5OGM2MWZkNTY1MTJkYjYyMmZhODVlOGJhYWXMDRKKU4dzcW5orezi7lejODg3MTI3LTczMjEzMTEuanBnfHx8fHx8fHx8fHw0MDB4MzAw.jpg","large":"MjEyMDY0YmJlZDQ2NjIwYWIyNWY5ZDBhYWQ3MWExZjWUk9UAqeIa_NqAzNZAugoSODg3MTI3LTczMjEzMTEuanBnfHx8fHx8fHx8fHw2NDB4NDgw.jpg"}]}},{"ad_id":"843475","reg_year":"2005","make":"Peugeot","model":"307","variant":"XS 1.4 16V 1 OWNER FROM NEW. ALLOYS, AIR CON & NCT PASSED","mileage":"60896","engine_size":"1.4","fuel_type":"Petrol","body_type":"Hatchback","colour":"0000c0","location":"Dublin","price":"\u20ac 4,945","images":{"base_url":"http:\/\/i0.carsie.ie\/","image_list":[{"thumb":"OGNmOTQyNzQ1Nzg0M2ZmNzkwZjNmOTQzZWEyODY2OTMo2NmclHvbygFcrtdHDO2nODQzNDc1LTcyODA0NzcuanBnfHx8fHx8OTJ4Njl8fHx8fA==.jpg","main":"ZWI2YzIwYzY1MTcyNDNlYjk5NDdiOGFkNDdkMjY0MzKY1LBnfkMfZh7CX6xdroCNODQzNDc1LTcyODA0NzcuanBnfHx8fHx8fHx8fHw0MDB4MzAw.jpg","large":"MmUxYzgwYjdkMjk0MTZhNzQ2OGQzZTY2YWExODU0N2R0-lTRMYwVVH2O0Pl5OwYwODQzNDc1LTcyODA0NzcuanBnfHx8fHx8fHx8fHw2NDB4NDgw.jpg"}]}},{"ad_id":"806952","reg_year":"2004","make":"Peugeot","model":"307","variant":"XR 1.4 16V 5DR","mileage":"51502","engine_size":"1.4","fuel_type":"Petrol","body_type":"Hatchback","colour":"0000c0","location":"Meath","price":"\u20ac 4,945","images":{"base_url":"http:\/\/i0.carsie.ie\/","image_list":[{"thumb":"OGI1YzdhNDk2ZjY0NDk4OTM0ODJhNzQ5OWNkZWEyNTJPno2aaX8KzRU9Q5y2k3ERODA2OTUyLTYyODk1ODAuanBnfHx8fHx8OTJ4Njl8fHx8fA==.jpg","main":"ODE5ODE3N2RjYmE2ODg2ZjA0YmIwYmM2NTcxZjExYzi6BnaCXjcnN6N_k_Zm6ch8ODA2OTUyLTYyODk1ODAuanBnfHx8fHx8fHx8fHw0MDB4MzAw.jpg","large":"ZjkxNWI4YWYyOWUzZjdlYWVlN2NjNzM3YjE5MDdkODRn9SVwpZEu4ppdaZnk_BlYODA2OTUyLTYyODk1ODAuanBnfHx8fHx8fHx8fHw2NDB4NDgw.jpg"}]}},{"ad_id":"891051","reg_year":"2008","make":"Peugeot","model":"407","variant":"SR 1.8 **SUPER VALUE SALE NOW ON**","mileage":"95000","engine_size":"1.7","fuel_type":"Petrol","body_type":"Saloon","colour":"000000","location":"Meath","price":"\u20ac 4,945","images":{"base_url":"http:\/\/i0.carsie.ie\/","image_list":[{"thumb":"YzY2Mjc0OWUyMzFmMjdkN2E0NDhmNGI4OTFlYzgwMjE5Qwz0O5gZSXrqPeeV6qo7ODkxMDUxLTcyNTg2MTUuanBnfHx8fHx8OTJ4Njl8fHx8fA==.jpg","main":"YzNjNjMwZGQ2ZThmMGVjNWUwYjM4MWExMGMyYmNlNmLvtspXpZYTlnTaLrbs6abMODkxMDUxLTcyNTg2MTUuanBnfHx8fHx8fHx8fHw0MDB4MzAw.jpg","large":"ZmI5NzhhNjZmZDQwMDM1MTNlZTUyOThiZWZmNjgzYjh_QPWLRY7uhqxVFJ6KqP-vODkxMDUxLTcyNTg2MTUuanBnfHx8fHx8fHx8fHw2NDB4NDgw.jpg"}]}},{"ad_id":"900068","reg_year":"2003","make":"Toyota","model":"Rav4","variant":"\"LUNA\" 4 WHEEL DRIVE","mileage":"72000","engine_size":"2.0","fuel_type":"Petrol","body_type":"SUV","colour":"e0e0e0","location":"Dublin","price":"\u20ac 4,945","images":{"base_url":"http:\/\/i0.carsie.ie\/","image_list":[{"thumb":"YmMzOTBmZTljNjU5ZjFmNzRiN2NiODY3ZjRiMDllOGMLnMrkwE7iF5Hc-UYRqIaKOTAwMDY4LTczODM5NDguanBnfHx8fHx8OTJ4Njl8fHx8fA==.jpg","main":"NjYzZjNkN2RkNmQzMGZiZTRhM2M0YWJiZTcyMDVlZWUUez4pypOTV2g20D34N7U6OTAwMDY4LTczODM5NDguanBnfHx8fHx8fHx8fHw0MDB4MzAw.jpg","large":"MjcxOGZhMzNmZTJmYmMxZGIyNmEwYjZjZDBkOTJhMjdn0bB6e_S9ntJCP4beGPGsOTAwMDY4LTczODM5NDguanBnfHx8fHx8fHx8fHw2NDB4NDgw.jpg"}]}},{"ad_id":"896929","reg_year":"2004","make":"Volkswagen","model":"Golf","variant":"1.6 Sport FSI **SALE NOW ON**","mileage":"95000","engine_size":"1.6","fuel_type":"Petrol","body_type":"Hatchback","colour":"0000c0","location":"Meath","price":"\u20ac 4,945","images":{"base_url":"http:\/\/i0.carsie.ie\/","image_list":[{"thumb":"YzU0Y2UwM2Q0MDM4YWI2ZjZhZDI3NTg1ZjA1OWFkNTH1seffTNJcGnpAiyNULdi0ODk2OTI5LTczNzAzMDUuanBnfHx8fHx8OTJ4Njl8fHx8fA==.jpg","main":"MzFmZWY0YTZkNTQ0NTYxZTYxYmMzMDllMmMyMTBkNjXQAAITQzG3sjA-fQ2HlWhLODk2OTI5LTczNzAzMDUuanBnfHx8fHx8fHx8fHw0MDB4MzAw.jpg","large":"MjhlOTk5MTA4NmVmM2YwNTRiOTZiNmRhZmUzMDNkOGTo-8RwFnkDfb97oRc6wuzvODk2OTI5LTczNzAzMDUuanBnfHx8fHx8fHx8fHw2NDB4NDgw.jpg"}]}},{"ad_id":"868089","reg_year":"2004","make":"Audi","model":"A6","variant":"BEAUTIFUL CAR, NCT MAR-14, FULL SERVICE HISTORY, SPARE KEYS, AS NEW, \"\"MUST BE SEEN\"\", N4CARS. ie","mileage":"126000","engine_size":"1.8","fuel_type":"Petrol","body_type":null,"colour":"858585","location":"Dublin","price":"\u20ac 4,949","images":{"base_url":"http:\/\/i0.carsie.ie\/","image_list":[{"thumb":"NWJmYmFjZTY3YTljOGIwYmIyMzM0NTlhODU5YjIyZmK3y-IUoxWBvVvAL_THG6CjODY4MDg5LTcwOTMyMjEuanBnfHx8fHx8OTJ4Njl8fHx8fA==.jpg","main":"OWExMjIwMzVlMjE0MTQ2NzA4Y2U4ZmViY2MyOWI1ZGVuHZRz1YmxxaYVrpdxmGuUODY4MDg5LTcwOTMyMjEuanBnfHx8fHx8fHx8fHw0MDB4MzAw.jpg","large":"OTBlN2U4MTc2OTFkOGJiMmMzMTc2N2VlMWI2MDdmYTG1zArb9k9Hzq0RAKgEnu3kODY4MDg5LTcwOTMyMjEuanBnfHx8fHx8fHx8fHw2NDB4NDgw.jpg"}]}}]}