{"total":"23408","result":[{"ad_id":"843177","reg_year":"2005","make":"Renault","model":"Megane Scenic","variant":null,"mileage":"40389","engine_size":"1.4","fuel_type":"Petrol","body_type":"Hatchback","colour":"0000c0","location":"Dublin","price":"\u20ac 4,750","images":{"base_url":"http:\/\/i0.carsie.ie\/","image_list":[{"thumb":"MDg3YTk4MGE0NTIxYWIwNjljNzJiNmE4MjhjNmM1YmWRCvZlzOM4HxHzTiC2ZpTLODQzMTc3LTY3MjI1OTguanBnfHx8fHx8OTJ4Njl8fHx8fA==.jpg","main":"OTMwNGRmNjE1Mjg5YmY3MjJlMDQ5ZDkzNjJmZDMzOTfi9HtgAKzeNIepN-6vnb8yODQzMTc3LTY3MjI1OTguanBnfHx8fHx8fHx8fHw0MDB4MzAw.jpg","large":"OGZjYjBhODJlODA3NDY4YTJlMTUzOWJiYjBjYjAzYWTCdlatUVBCXVfLROm9jKacODQzMTc3LTY3MjI1OTguanBnfHx8fHx8fHx8fHw2NDB4NDgw.jpg"}]}},{"ad_id":"873669","reg_year":"2005","make":"Renault","model":"Scenic","variant":"","mileage":"65000","engine_size":"1.4","fuel_type":"Diesel","body_type":"Hatchback","colour":"ff0000","location":"Dublin","price":"\u20ac 4,750","images":{"base_url":"http:\/\/i0.carsie.ie\/","image_list":[{"thumb":"ZmVhYjA5ZGI4YjM3OTM2YjYzNGFkNjE1YWZiN2U3OWFSs21BjXNwAPYlhLRkbobJODczNjY5LTcwNTk0NzIuanBnfHx8fHx8OTJ4Njl8fHx8fA==.jpg","main":"ZjQxNzQwODdmMDRhNjExZmU0ZDk0ZDdjMDI0ZGYxNTLuyIMXP18xa75NuCDjVgigODczNjY5LTcwNTk0NzIuanBnfHx8fHx8fHx8fHw0MDB4MzAw.jpg","large":"NDg2NTIxZDcyYTFkNGRiMjA1YmIwNDIyM2I3ODkxZWMzE4UZ4hG0Iti2PTLOyAypODczNjY5LTcwNTk0NzIuanBnfHx8fHx8fHx8fHw2NDB4NDgw.jpg"}]}},{"ad_id":"828731","reg_year":"2006","make":"Renault","model":"Trafic","variant":"LL29 DCI 100 LWB 05DR","mileage":"91000","engine_size":"1.9","fuel_type":"Diesel","body_type":"Van","colour":"e0e0e0","location":"Louth","price":"\u20ac 4,750","images":{"base_url":"http:\/\/i0.carsie.ie\/","image_list":[{"thumb":"NWM1YmMwYTM2MjJlMjM3M2M5ZWIwMDI2ZDg2MTE1ZTaC88DyUoJjRCbzBUbbX-krODI4NzMxLTY1NjAxNDEuanBnfHx8fHx8OTJ4Njl8fHx8fA==.jpg","main":"OTgwYzFjOGQyNjg5NGZmYTc3NjliMTA0NDE5ZWU1ZmF7wyqUYyY39y2jXS12EvQpODI4NzMxLTY1NjAxNDEuanBnfHx8fHx8fHx8fHw0MDB4MzAw.jpg","large":"OTYyMmY1ZWM5Njk0MGUwZGNiNGFiNjAxOTAyNTc0YzYridEb7A2yLVH1gLSYZlXhODI4NzMxLTY1NjAxNDEuanBnfHx8fHx8fHx8fHw2NDB4NDgw.jpg"}]}},{"ad_id":"863115","reg_year":"2008","make":"Renault","model":"Twingo","variant":"1.2 16V ROYALE *MICHAEL DAFFY CAR SALES*","mileage":"61163","engine_size":"1.2","fuel_type":"Petrol","body_type":"Hatchback","colour":"000000","location":"Limerick","price":"\u20ac 4,750","images":{"base_url":"http:\/\/i0.carsie.ie\/","image_list":[{"thumb":"M2QwNDNiYjAyOWQyODYxMTE0ZjIxNGEyY2IyNTlhNTKmh6RJbIHXiZVgjGcwGQgKODYzMTE1LTY5Mzc4MjIuanBnfHx8fHx8OTJ4Njl8fHx8fA==.jpg","main":"ZTE4NWY5YTM0NDcxY2I4ZTE5ODhjNGQ2ZjdhMDlmZTQTSe-VK83UPuxHPQZCe8lPODYzMTE1LTY5Mzc4MjIuanBnfHx8fHx8fHx8fHw0MDB4MzAw.jpg","large":"ZmJiYmUzMDQxMzg4YmU2NzcwOWRmZjAyMDc2YzViMWFBk0n9Lv1-YCwYYNIG-TwqODYzMTE1LTY5Mzc4MjIuanBnfHx8fHx8fHx8fHw2NDB4NDgw.jpg"}]}},{"ad_id":"833781","reg_year":"2004","make":"Saab","model":"9-3","variant":"1.8T LINEAR Automatic","mileage":"99000","engine_size":"2.0","fuel_type":"Petrol","body_type":"Saloon","colour":"858585","location":"Cork","price":"\u20ac 4,750","images":{"base_url":"http:\/\/i0.carsie.ie\/","image_list":[{"thumb":"NDNhODQ2M2FmOGFkYTZmNzYwYzI2MmMwZjU1NzUxYWWysOatFdbVpcNvb60QrM01ODMzNzgxLTcxODE3MTQuanBnfHx8fHx8OTJ4Njl8fHx8fA==.jpg","main":"M2JhNzc5M2M2MTc3NjlhNjNhOGU5ZWRlOWYxNGE1Y2XOwtLwVkQvcIXD2V8ZtWX9ODMzNzgxLTcxODE3MTQuanBnfHx8fHx8fHx8fHw0MDB4MzAw.jpg","large":"MmIxMjU3NmZiMTJjZjk4N2MyNWY2N2Y2MGI5ZTEwMTXFMy3LMlQ5ZPGMag0npoC-ODMzNzgxLTcxODE3MTQuanBnfHx8fHx8fHx8fHw2NDB4NDgw.jpg"}]}},{"ad_id":"893338","reg_year":"2006","make":"Saab","model":"9-5","variant":"2.0lpt Linear Sport","mileage":"109985","engine_size":"2.0","fuel_type":"Petrol","body_type":"Saloon","colour":"000000","location":"Dublin","price":"\u20ac 4,750","images":{"base_url":"http:\/\/i0.carsie.ie\/","image_list":[{"thumb":"MDYyYjE4YWQ4YzU4NDhiMmIyYjkyOGJjYWM5ZjJjMjgAwXOwV3Fgnpa6ah3Tpy8hODkzMzM4LTcyNzg5NTUuanBnfHx8fHx8OTJ4Njl8fHx8fA==.jpg","main":"NGZjMWM3NTY1ZmZkZGRjM2RiMTE1ODc4OWU5ZTNkOWXRpJ68H5niQs_WNvRD3v1lODkzMzM4LTcyNzg5NTUuanBnfHx8fHx8fHx8fHw0MDB4MzAw.jpg","large":"NWNlMjZmZDc5MjRkZTNkMjlhNzBkYzZmMmU1YTkwODYoMKZ6mY_i6hXuHfuFHuD8ODkzMzM4LTcyNzg5NTUuanBnfHx8fHx8fHx8fHw2NDB4NDgw.jpg"}]}},{"ad_id":"861883","reg_year":"2005","make":"Seat","model":"Altea","variant":"1.6 5DR","mileage":"69595","engine_size":"1.6","fuel_type":"Petrol","body_type":"Hatchback","colour":"0000c0","location":"Donegal","price":"\u20ac 4,750","images":{"base_url":"http:\/\/i0.carsie.ie\/","image_list":[{"thumb":"NTRiMDUzMmFkNjM5ODUzOTE4MzQ5YjY5MDA4YjJiM2ThlKDIdNvQ5Vr3SgKF_D5sODYxODgzLTY5MjQzNjAuanBnfHx8fHx8OTJ4Njl8fHx8fA==.jpg","main":"MzZkYTRlNTMzNDk0YjY1MDM5MTY0YzNiMDllZDc4MDGYyg-JExjudTd1LIui41n0ODYxODgzLTY5MjQzNjAuanBnfHx8fHx8fHx8fHw0MDB4MzAw.jpg","large":"OWUxZTE1OWJjNzAxYTg0Njc1OWVkNmJiZDNhNWMzYzc87VFNpzOnIiANlJ-r9p1KODYxODgzLTY5MjQzNjAuanBnfHx8fHx8fHx8fHw2NDB4NDgw.jpg"}]}},{"ad_id":"893422","reg_year":"2004","make":"Skoda","model":"Octavia","variant":"Elegance Estate 1.6","mileage":"117165","engine_size":"1.6","fuel_type":"Petrol","body_type":"Estate","colour":"858585","location":"Dublin","price":"\u20ac 4,750","images":{"base_url":"http:\/\/i0.carsie.ie\/","image_list":[{"thumb":"YzhmYmQyYTkwMjA5ZjA1NjNlZTE3MThkNjRjOTRmZDSE8FhVOEhp7S4lyLIM7AOZODkzNDIyLTczNDc5NjUuanBnfHx8fHx8OTJ4Njl8fHx8fA==.jpg","main":"MzE2NzgxMDc3NTRkODdkMDNiMTQ2MWM5NmYxMGFlMDP3JwW2UrKRWukF5OpOf_yvODkzNDIyLTczNDc5NjUuanBnfHx8fHx8fHx8fHw0MDB4MzAw.jpg","large":"MGRkMGVkYTczODRjNjMyZTMyNmNlZDdiNDdjNDViODIvzEt0sxuTC-2NGH-tsCusODkzNDIyLTczNDc5NjUuanBnfHx8fHx8fHx8fHw2NDB4NDgw.jpg"}]}},{"ad_id":"784290","reg_year":"2005","make":"Skoda","model":"Octavia","variant":"AMBIENTE 1.4 75HP","mileage":"89477","engine_size":"1.4","fuel_type":"Petrol","body_type":"Hatchback","colour":"ff0000","location":"Wexford","price":"\u20ac 4,750","images":{"base_url":"http:\/\/i0.carsie.ie\/","image_list":[{"thumb":"MTMxYTIyNDZhMjczYzc3YTIyYjVmOWZhYWQ3MzlkNzdEmCP3Zwvh0UtQjk1NoZRGNzg0MjkwLTYwMTE0MzAuanBnfHx8fHx8OTJ4Njl8fHx8fA==.jpg","main":"NjIyN2E5YzdiZWYwNjNkNDU4ZDVkNzZhYTkzZDhjYmbizNKDlDMhFkIWvJnLSylPNzg0MjkwLTYwMTE0MzAuanBnfHx8fHx8fHx8fHw0MDB4MzAw.jpg","large":"MTc2NGJhNjNmOWQ2MTA5MjhjNzAxZjNjNGZhZGY0YmQDb2nlfmnwFq_dOCCJzaG5Nzg0MjkwLTYwMTE0MzAuanBnfHx8fHx8fHx8fHw2NDB4NDgw.jpg"}]}},{"ad_id":"809461","reg_year":"2006","make":"Subaru","model":"Impreza","variant":"2.0RX","mileage":"90200","engine_size":"2.0","fuel_type":"Petrol","body_type":"Saloon","colour":"858585","location":"Cork","price":"\u20ac 4,750","images":{"base_url":"http:\/\/i0.carsie.ie\/","image_list":[{"thumb":"NTE5MWI2NjUwYjUzZDcxNTc4MWU0NzljMjJiY2NhZTGU8aNgmW0ZggvNTOCmttT1ODA5NDYxLTYzMjExNzMuanBnfHx8fHx8OTJ4Njl8fHx8fA==.jpg","main":"N2JkZTBjNTliMmZiNzQxYWFlZjgzN2FkNmRiNDU0OGPcxrMRqcAgIur3Qp8L860IODA5NDYxLTYzMjExNzMuanBnfHx8fHx8fHx8fHw0MDB4MzAw.jpg","large":"ZmJkMzJjZjk0YzMwMzc0MDcwMWFlNzgwOWFlY2U1ODXeQSXwXxSIx26fqKo-N2CSODA5NDYxLTYzMjExNzMuanBnfHx8fHx8fHx8fHw2NDB4NDgw.jpg"}]}},{"ad_id":"868735","reg_year":"2005","make":"Suzuki","model":"Carry Van","variant":"","mileage":"310","engine_size":"under 1.0","fuel_type":"Petrol","body_type":"Pickup","colour":"ffffff","location":"Cork","price":"\u20ac 4,750","images":{"base_url":"http:\/\/i0.carsie.ie\/","image_list":[{"thumb":"N2VmZDA1ODE3NDIxZTM5Y2RjY2EyMzBlNzE2YzYzZWLr4Iop2x9CPMEsjs5O9ZAxODY4NzM1LS5qcGd8fHx8fHw5Mng2OXx8fHx8.jpg","main":"MjhiYmM4ODJhNjYzZmNmZDk4MDUyZTAyNTQ2M2U0YjN-rkRsutF90SdkPuLWvog6ODY4NzM1LS5qcGd8fHx8fHx8fHx8fDQwMHgzMDA=.jpg","large":"MDU2NWI1YjFlYzExYjI1MzRhYjNlN2QzY2U1ZGYwNTe31tR9ZCl9SKltzkiuvws7ODY4NzM1LS5qcGd8fHx8fHx8fHx8fDY0MHg0ODA=.jpg"}]}},{"ad_id":"880254","reg_year":"2004","make":"Toyota","model":"Avensis","variant":null,"mileage":"102000","engine_size":"1.6","fuel_type":"Petrol","body_type":null,"colour":"0000c0","location":"Cork","price":"\u20ac 4,750","images":{"base_url":"http:\/\/i0.carsie.ie\/","image_list":[{"thumb":"MjU0YmE1OTE5NTIxZWFjZWU5YmQyOWI3NzFiNWY2ZmUfk4SCZqRfMYwjGkfdXapHODgwMjU0LS5qcGd8fHx8fHw5Mng2OXx8fHx8.jpg","main":"M2U4ZGNhMjQ2NTNjNjlmYjFmODAzMjNkMDU0MDExNDPdqRe-yPjNbdB6baLT5yffODgwMjU0LS5qcGd8fHx8fHx8fHx8fDQwMHgzMDA=.jpg","large":"MmYxMjY2NDhmOGNhYmVmZWE0ZjhkZDBhODQ1OTJmZTNtEZ1Zt4UZVdwnm5t4lmxEODgwMjU0LS5qcGd8fHx8fHx8fHx8fDY0MHg0ODA=.jpg"}]}},{"ad_id":"877416","reg_year":"2003","make":"Toyota","model":"Avensis","variant":"Aura 1.8 5 Speed Manual","mileage":"52770","engine_size":"1.8","fuel_type":"Petrol","body_type":"Saloon","colour":"0000c0","location":"Dublin","price":"\u20ac 4,750","images":{"base_url":"http:\/\/i0.carsie.ie\/","image_list":[{"thumb":"MTZiNjMyNGJiZTUxNmVkZmQ4MDY5ZmJmOTgzODE0YTOXAimKFggSPbKC3bI2SWHMODc3NDE2LTcxMDkzMDcuanBnfHx8fHx8OTJ4Njl8fHx8fA==.jpg","main":"ZGU2ZTMzNzkxNzIyYzdkNmE5YTgxNzE1ZTllMTM2N2ELCkEULvyklykM-UNt_L7OODc3NDE2LTcxMDkzMDcuanBnfHx8fHx8fHx8fHw0MDB4MzAw.jpg","large":"ZjMzM2I3NzY0OTM2ZWQ0ODZmYzM5YTFjYmY1M2EyMGF1XIaaxiksg6Ts9ZfCnvpCODc3NDE2LTcxMDkzMDcuanBnfHx8fHx8fHx8fHw2NDB4NDgw.jpg"}]}},{"ad_id":"859488","reg_year":"2003","make":"Toyota","model":"Corolla","variant":"TERRA","mileage":"104300","engine_size":"1.4","fuel_type":"Petrol","body_type":null,"colour":"ff0000","location":"Cork","price":"\u20ac 4,750","images":{"base_url":"http:\/\/i0.carsie.ie\/","image_list":[{"thumb":"Y2ZkNzA3NTk4M2MxMmRlZWNiNWU2OGMyM2JiMGVkNGXFPMNO-SP2sltJbDwk_BB3ODU5NDg4LTY4OTgyNzEuanBnfHx8fHx8OTJ4Njl8fHx8fA==.jpg","main":"NDU4MDJhZDMzM2I0NjNlZmJiMTg1MzBiY2Q5NzdjYzYyljVNJqib6qufMDmGQ5E1ODU5NDg4LTY4OTgyNzEuanBnfHx8fHx8fHx8fHw0MDB4MzAw.jpg","large":"MzIyY2QzZjVkM2FjNTkxYTM5MjhkZGIyZmNiMGI2OWRmNjxCHkSuIdmhPeX6eZNQODU5NDg4LTY4OTgyNzEuanBnfHx8fHx8fHx8fHw2NDB4NDgw.jpg"}]}},{"ad_id":"883908","reg_year":"2005","make":"Toyota","model":"Corolla","variant":"corolla 1.4 terra mc","mileage":"93206","engine_size":"1.4","fuel_type":"Petrol","body_type":"Saloon","colour":"858585","location":"Cork","price":"\u20ac 4,750","images":{"base_url":"http:\/\/i0.carsie.ie\/","image_list":[{"thumb":"ODEwZGVhN2MyMTQxOTIxYTc3ZmJhMmFhMWUxN2YxN2VSbB_N2D8OqRH1RlFBx2OgODgzOTA4LTc0MDUyNzguanBnfHx8fHx8OTJ4Njl8fHx8fA==.jpg","main":"MWNmNmMzYTFhMDEzMmJhODAzNjg4NjcwOWMyY2Y1MjEtPCv4zywKvnHiWZ0IszgzODgzOTA4LTc0MDUyNzguanBnfHx8fHx8fHx8fHw0MDB4MzAw.jpg","large":"ZTM3NzM2YzNhZmM3NWQyNjJmMGFmNDE3YTIzNzVjYTA7lsKNZb6OT1Io6jiWHng4ODgzOTA4LTc0MDUyNzguanBnfHx8fHx8fHx8fHw2NDB4NDgw.jpg"}]}},{"ad_id":"876435","reg_year":"2004","make":"Toyota","model":"Corolla","variant":"Terra","mileage":"71000","engine_size":"1.4","fuel_type":"Petrol","body_type":"Saloon","colour":"e0e0e0","location":"Dublin","price":"\u20ac 4,750","images":{"base_url":"http:\/\/i0.carsie.ie\/","image_list":[{"thumb":"NzI0MzlkN2Q4ZGMyMjEzNTBiMDAxYmIxYWNiZjljOWSiPXB5-OcoeFdN_Uo1T4hIODc2NDM1LTcxMDE2NzQuanBnfHx8fHx8OTJ4Njl8fHx8fA==.jpg","main":"ZmIzMDY4MmU5NDFmMjRjNzIxMDFmMTFmNDY5YjZhMDHvLggMSMJHCu3aUWr5dikxODc2NDM1LTcxMDE2NzQuanBnfHx8fHx8fHx8fHw0MDB4MzAw.jpg","large":"NjkyYjg5ZmZjZWMzMWE1ZDMxZDllNmU5NWVhMjhmNzPiJhn7yxlwbkiqf_8C1cN7ODc2NDM1LTcxMDE2NzQuanBnfHx8fHx8fHx8fHw2NDB4NDgw.jpg"}]}},{"ad_id":"873419","reg_year":"2005","make":"Toyota","model":"Corolla","variant":"1.4 Terra MC 5D","mileage":"104000","engine_size":"1.4","fuel_type":"Petrol","body_type":"Hatchback","colour":"000000","location":"Longford","price":"\u20ac 4,750","images":{"base_url":"http:\/\/i0.carsie.ie\/","image_list":[{"thumb":"MzdlNTZlNWExMDUxOWVjM2E0YmE3MjNjZjU5NjhkYjSSDYKOi4I0Gur8b2_e04RBODczNDE5LTcwNTQ1MDUuanBnfHx8fHx8OTJ4Njl8fHx8fA==.jpg","main":"OTk3ZTZmNjc2MDYzMzM1YTNlYzBmZjZlMzNlNWI1NThJ2AxC-10X1o1_oyqdpX3UODczNDE5LTcwNTQ1MDUuanBnfHx8fHx8fHx8fHw0MDB4MzAw.jpg","large":"NDRiODcxMTgxYzQxYTViNmVlODk3MjExZTcwZjQzOGTiVQOufZMA0NGtGWFFpjDnODczNDE5LTcwNTQ1MDUuanBnfHx8fHx8fHx8fHw2NDB4NDgw.jpg"}]}},{"ad_id":"847124","reg_year":"2005","make":"Toyota","model":"Corolla","variant":"1.4 Terra 4DR","mileage":"96315","engine_size":"1.4","fuel_type":"Petrol","body_type":"Saloon","colour":"e0e0e0","location":"Monaghan","price":"\u20ac 4,750","images":{"base_url":"http:\/\/i0.carsie.ie\/","image_list":[{"thumb":"Njg1M2M3YTMxNzU3OGRhMGVlOWNjMWM2M2FmYmQzMmMwjNNbONG3hTvAzXYjHQ8PODQ3MTI0LTY3Njc5ODYuanBnfHx8fHx8OTJ4Njl8fHx8fA==.jpg","main":"MmFlY2E5NjU0ZWEwNmY5NjlkMTQ0NTJhZTRjMjA0YTIaKJ8MJ7HEmF_SOgY6a4ELODQ3MTI0LTY3Njc5ODYuanBnfHx8fHx8fHx8fHw0MDB4MzAw.jpg","large":"ODRmMTM0OTFhNmQ0YTc1ZWRkNGJlMjA1YWI4NTJhNGYdBC7RZud_xsOVjXUKqK87ODQ3MTI0LTY3Njc5ODYuanBnfHx8fHx8fHx8fHw2NDB4NDgw.jpg"}]}},{"ad_id":"901271","reg_year":"2004","make":"Toyota","model":"Corolla","variant":"corolla terra 04dr","mileage":"127146","engine_size":"1.4","fuel_type":"Petrol","body_type":"Saloon","colour":"858585","location":"Tipperary","price":"\u20ac 4,750","images":{"base_url":"http:\/\/i0.carsie.ie\/","image_list":[{"thumb":"ODIzNjI4OTgxNjIyMmUxNTdlZDE2OGZkM2M4OTliZWP7CakNduJCSNw03o49MHsaOTAxMjcxLTc0MjQwOTEuanBnfHx8fHx8OTJ4Njl8fHx8fA==.jpg","main":"MTZiMDViMjAyMWRmMmVhMTI1NjYwYWU5NmQyMDUyNmGnlBsjkm_RS-WAnfPkqCRSOTAxMjcxLTc0MjQwOTEuanBnfHx8fHx8fHx8fHw0MDB4MzAw.jpg","large":"MzdjM2VmYTk4YzUwZTc5YjczNjAxZWRkNTgyNjQ3Y2IWhHZLVSMU1wD8J_FR1RNpOTAxMjcxLTc0MjQwOTEuanBnfHx8fHx8fHx8fHw2NDB4NDgw.jpg"}]}},{"ad_id":"897917","reg_year":"2000","make":"Toyota","model":"Landcruiser","variant":"GX SWB","mileage":"188299","engine_size":"3.0","fuel_type":"Diesel","body_type":"SUV","colour":"000000","location":"Kildare","price":"\u20ac 4,750","images":{"base_url":"http:\/\/i0.carsie.ie\/","image_list":[{"thumb":"ZjJmMTA1ZGI4Yzg4NzM1MGExZTE2ZTdhOTgxYmMxZmYm7y9hOSKVLfplYiU2avrFODk3OTE3LTczNTk0MDEuanBnfHx8fHx8OTJ4Njl8fHx8fA==.jpg","main":"MjM5ZjA0NDU0NmUyOGJjZGViNzNiOTVmNDE5Y2RhMjjytnUUSbVVwKKwI2PIujLMODk3OTE3LTczNTk0MDEuanBnfHx8fHx8fHx8fHw0MDB4MzAw.jpg","large":"MThjYWIwMTBiOGQyMzU3ZjFjNGQyMjU5Nzc5YWNmNWPqRBmJXes0Sh8aRasjlXp0ODk3OTE3LTczNTk0MDEuanBnfHx8fHx8fHx8fHw2NDB4NDgw.jpg"}]}}]}