{"total":"23408","result":[{"ad_id":"843363","reg_year":"2005","make":"Subaru","model":"Impreza","variant":"1.6 WRX REPLICA","mileage":"94451","engine_size":"1.6","fuel_type":"Petrol","body_type":"Saloon","colour":"e0e0e0","location":"Dublin","price":"\u20ac 4,950","images":{"base_url":"http:\/\/i0.carsie.ie\/","image_list":[{"thumb":"OTcxMzgwZGI3MzZmZTBjODA1Y2I5OTcwMmMxZWMxMTi89I-KulMzClZWWBttU-56ODQzMzYzLTY3MjQ2MjguanBnfHx8fHx8OTJ4Njl8fHx8fA==.jpg","main":"MWI3MjE1Nzc2MTdlMGRjMzUyMWRkYTljYTM3YWZkYjD5Anbzi2FYQpQr6LcCe7EYODQzMzYzLTY3MjQ2MjguanBnfHx8fHx8fHx8fHw0MDB4MzAw.jpg","large":"ODc0YWE1MjhlOTQzZWI2M2RlMWNkNjE3NDA0NTI2MTCy9de6VBLb1B-L8XIKc4YUODQzMzYzLTY3MjQ2MjguanBnfHx8fHx8fHx8fHw2NDB4NDgw.jpg"}]}},{"ad_id":"895830","reg_year":"2006","make":"Subaru","model":"Impreza","variant":"2.0 R SPORT AWD 05DR","mileage":"83112","engine_size":"2.0","fuel_type":"Petrol","body_type":null,"colour":"0000c0","location":"Mayo","price":"\u20ac 4,950","images":{"base_url":"http:\/\/i0.carsie.ie\/","image_list":[{"thumb":"OTgzZjkwNjE4YzM3ZDlmMGZkZGZkNTYwMTJhYWE0MTYxmuhLWhmFO7H4QaCe5w3kODk1ODMwLTczNDA1OTQuanBnfHx8fHx8OTJ4Njl8fHx8fA==.jpg","main":"YTc4YTczNmRiMTU0ZGI4YzMyZGFjZWVkZDM0OWNmNjmAF9nIHcl9ZFSbebfqIPEHODk1ODMwLTczNDA1OTQuanBnfHx8fHx8fHx8fHw0MDB4MzAw.jpg","large":"M2I4MmVhOWQwMjZjY2M0YThlYjk1MTM2MDg0ZDJjNjmkqhv5Dpo5pIk1Nap5os8aODk1ODMwLTczNDA1OTQuanBnfHx8fHx8fHx8fHw2NDB4NDgw.jpg"}]}},{"ad_id":"851295","reg_year":"2007","make":"Subaru","model":"Legacy","variant":"2.0 R 4DR","mileage":"140439","engine_size":"2.0","fuel_type":"Petrol","body_type":null,"colour":"858585","location":"Dublin","price":"\u20ac 4,950","images":{"base_url":"http:\/\/i0.carsie.ie\/","image_list":[{"thumb":"YWU4NDFjY2ZjNGZhOGFiOTdmZmVkZmNjZmM0NjRhNWRKZkOBfe4YK5IyKIEJGJkzODUxMjk1LTcwMTM1NzkuanBnfHx8fHx8OTJ4Njl8fHx8fA==.jpg","main":"MzFmM2Y2MWU1MjkwMTU0NDRhODM5M2I0MWFiZjBjYWazeLMkx1yWtSblC3AXV2-UODUxMjk1LTcwMTM1NzkuanBnfHx8fHx8fHx8fHw0MDB4MzAw.jpg","large":"YjI0MjNhNTYyZTk3YmI3OTA5NGZmODI3MWE2ZTc0ZGI1aeRvYRiTF0LGOrgVgT5iODUxMjk1LTcwMTM1NzkuanBnfHx8fHx8fHx8fHw2NDB4NDgw.jpg"}]}},{"ad_id":"861224","reg_year":"2004","make":"Subaru","model":"Legacy","variant":"AUTOMATIC","mileage":"86994","engine_size":"2.5","fuel_type":"Petrol","body_type":"Saloon","colour":"000000","location":"Dublin","price":"\u20ac 4,950","images":{"base_url":"http:\/\/i0.carsie.ie\/","image_list":[{"thumb":"MzE0OGQwMzljOGMxNTBmNTRlYTU4Nzc5NTNmZDM5NDQHiZLxhdXtw7l3cMrgNACDODYxMjI0LTY5MTY0NjUuanBnfHx8fHx8OTJ4Njl8fHx8fA==.jpg","main":"YzA3ZDc4NTk4YzQwN2ViZTQzOGIwZDc0YzFiZDE4Mjg6tOYeTPeCAQWjUGJ_Kd1_ODYxMjI0LTY5MTY0NjUuanBnfHx8fHx8fHx8fHw0MDB4MzAw.jpg","large":"OWIwNzRhYmEzNGFlYTM4ZTYyMzM0OGRhYmJiNWNkYjggzYcTW3OuwfcllBtOg_xKODYxMjI0LTY5MTY0NjUuanBnfHx8fHx8fHx8fHw2NDB4NDgw.jpg"}]}},{"ad_id":"899583","reg_year":"2004","make":"Suzuki","model":"Grand Vitara","variant":"1.6 3DR","mileage":"78000","engine_size":"1.6","fuel_type":"Petrol","body_type":"Estate","colour":"ff0000","location":"Cork","price":"\u20ac 4,950","images":{"base_url":"http:\/\/i0.carsie.ie\/","image_list":[{"thumb":"ZjllYzA1YjI1Y2E2ZDU4ODdhN2EwMTBjOWJhNGY4ZjPRfUMXXEzRdkU_tJb1LrMWODk5NTgzLTczODA2MDQuanBnfHx8fHx8OTJ4Njl8fHx8fA==.jpg","main":"OWExMzQ2ZWI2ZmFjMzQ1NDdlNWNiMjg2Mjg4ZDdlOTM2YU3HCDsmQnn0S2WELMm_ODk5NTgzLTczODA2MDQuanBnfHx8fHx8fHx8fHw0MDB4MzAw.jpg","large":"MzY0M2NhNmFjMDM0N2U4ZDNhZTk5OTA3ZDEyZjdkYzlaZX6QrDB-hxCUUZE7bd3BODk5NTgzLTczODA2MDQuanBnfHx8fHx8fHx8fHw2NDB4NDgw.jpg"}]}},{"ad_id":"824383","reg_year":"2005","make":"Suzuki","model":"Grand Vitara","variant":"1.6 3DR","mileage":"66458","engine_size":"1.6","fuel_type":"Petrol","body_type":"Estate","colour":"e0e0e0","location":"Tipperary","price":"\u20ac 4,950","images":{"base_url":"http:\/\/i0.carsie.ie\/","image_list":[{"thumb":"ZDRmZjViYzE0NDQyNGU1ZjU1NWU1MTkzNGE1MDZjMWNYAF9OdhldLD87Zoqtf6xOODI0MzgzLTY1MDYwNTUuanBnfHx8fHx8OTJ4Njl8fHx8fA==.jpg","main":"NTM2MTBmN2YzNGI1MDU3NTM5MDIwZGYyOTRhODVlMmR1UKIPLiLvM4SZdSLlmWj_ODI0MzgzLTY1MDYwNTUuanBnfHx8fHx8fHx8fHw0MDB4MzAw.jpg","large":"MTMxMjQ3YmMyNTMzZmE1YTU0MjE4NWI5NTYxZDM0YTTHR0BX5Hn2cHX83aK_s9HgODI0MzgzLTY1MDYwNTUuanBnfHx8fHx8fHx8fHw2NDB4NDgw.jpg"}]}},{"ad_id":"838971","reg_year":"2003","make":"Toyota","model":"Avensis","variant":"Verso 7 Seater","mileage":"102000","engine_size":"2.0","fuel_type":"Petrol","body_type":"SUV","colour":"0000c0","location":"Dublin","price":"\u20ac 4,950","images":{"base_url":"http:\/\/i0.carsie.ie\/","image_list":[{"thumb":"YTc4OTY2MDdkYTY3YTljNGYwNjAwNjhiYmQ1NDU5ZGGzEjfFXRHMj8682_i7ssdlODM4OTcxLTY2NzQxMTcuanBnfHx8fHx8OTJ4Njl8fHx8fA==.jpg","main":"ZDUyZDBmODc2NmNiNWFhNzQzNTRjZjRiZGIxOWY5YjYr9TXjb78FnvR_HzpWmKZcODM4OTcxLTY2NzQxMTcuanBnfHx8fHx8fHx8fHw0MDB4MzAw.jpg","large":"YWIxMTM2MjJlMzk4ZGY0OWZmMWNiMzJlZjk5MzQyYzlKLn5M9vvBH3oCF1u9-4E-ODM4OTcxLTY2NzQxMTcuanBnfHx8fHx8fHx8fHw2NDB4NDgw.jpg"}]}},{"ad_id":"828915","reg_year":"2004","make":"Toyota","model":"Avensis","variant":"1.6 Strata","mileage":"137000","engine_size":"1.6","fuel_type":"Petrol","body_type":"Saloon","colour":"ff0000","location":"Tipperary","price":"\u20ac 4,950","images":{"base_url":"http:\/\/i0.carsie.ie\/","image_list":[{"thumb":"MmJhNzVkZDcyNjdiN2E1YzFkNGM5MGFiZjEyMGVmMmZZkKE_97Xf94wkle3-Mn9CODI4OTE1LTY1NjI1NzcuanBnfHx8fHx8OTJ4Njl8fHx8fA==.jpg","main":"YjgyYmIxZjQyOWQ1ODMyY2Q4ZjBiZjhiM2E0MTEwNzLqR6ZaeroRgq4oknlvz9_zODI4OTE1LTY1NjI1NzcuanBnfHx8fHx8fHx8fHw0MDB4MzAw.jpg","large":"ODQ0NDY4NTRkNGEwODA2ZmRmZjkzOGVhMzk4MjY0ODJDzWUCIIGk-4FqnelumgyEODI4OTE1LTY1NjI1NzcuanBnfHx8fHx8fHx8fHw2NDB4NDgw.jpg"}]}},{"ad_id":"860930","reg_year":"2003","make":"Toyota","model":"Avensis","variant":"2.0LTR D4D STRATA SAL","mileage":"170458","engine_size":"2.0","fuel_type":"Diesel","body_type":"Saloon","colour":"e0e0e0","location":"Westmeath","price":"\u20ac 4,950","images":{"base_url":"http:\/\/i0.carsie.ie\/","image_list":[{"thumb":"NmUzMTY5ZGI5YjJlZDIyODRiZGVkYmM3Zjg0MjgzMWU9Bv-DnK8dtoB-Bys-8EQAODYwOTMwLTY5MTMwNzkuanBnfHx8fHx8OTJ4Njl8fHx8fA==.jpg","main":"MjlmM2Y2MjcxYmJmYTRiODZmMzEyZDQ1YjNlZTM0MjFlT7iVmU4vhtgiM7hSwI5IODYwOTMwLTY5MTMwNzkuanBnfHx8fHx8fHx8fHw0MDB4MzAw.jpg","large":"YjE3YjgxYThlYTkyMTU5M2E5YWJmMjg4YWJiMTQ2ZWW3YLOEdm91PVMFlsO0a0lMODYwOTMwLTY5MTMwNzkuanBnfHx8fHx8fHx8fHw2NDB4NDgw.jpg"}]}},{"ad_id":"793382","reg_year":"2002","make":"Toyota","model":"Avensis Verso","variant":"2.0D4D","mileage":"100000","engine_size":"2.0","fuel_type":"Diesel","body_type":"People Carrier","colour":"f0b800","location":"Cork","price":"\u20ac 4,950","images":{"base_url":"http:\/\/i0.carsie.ie\/","image_list":[{"thumb":"NGU2Zjg1NDUwMDBkNzk0MTJiYzNlOGFmOTE2YjhjNmOlAwnaPwRRq0WyDXO_CNfONzkzMzgyLTYxMjI3MjguanBnfHx8fHx8OTJ4Njl8fHx8fA==.jpg","main":"MTdhMTY2ZTU5MDNjYzliZWM4YTgzZDYwYzFmNGYwYmMxIlmcpKJF0KFtOTQcckckNzkzMzgyLTYxMjI3MjguanBnfHx8fHx8fHx8fHw0MDB4MzAw.jpg","large":"MzY5ZjI1YjcwNDM0Mzk2ZDIxMTAzNmUzODRkMjQxMGXpcgb658usQgC8K7ODAVHVNzkzMzgyLTYxMjI3MjguanBnfHx8fHx8fHx8fHw2NDB4NDgw.jpg"}]}},{"ad_id":"886163","reg_year":"2002","make":"Toyota","model":"Avensis Verso","variant":"2.0 D4D LUNA","mileage":"164000","engine_size":"2.0","fuel_type":"Diesel","body_type":"Estate","colour":"ff0000","location":"Galway","price":"\u20ac 4,950","images":{"base_url":"http:\/\/i0.carsie.ie\/","image_list":[{"thumb":"ZjIwNTQxMGNmNWI5M2RkNjkxYTU4OGUwYjg2NTllYmb4V0ynlVQxR9fWLzA8cFP2ODg2MTYzLS5qcGd8fHx8fHw5Mng2OXx8fHx8.jpg","main":"YmI5MjYzNjNjNjk1NjI4MjY5MGYwNjRlNTc4MTgzNzXrk8iYDqooiKmuNR70osHmODg2MTYzLS5qcGd8fHx8fHx8fHx8fDQwMHgzMDA=.jpg","large":"ZTMwMTNiYjMzZTgwYzQyNDFmMTIwYWQyYjEwNGUyNGQXrBMNtiEnz0ihtpwbuUxVODg2MTYzLS5qcGd8fHx8fHx8fHx8fDY0MHg0ODA=.jpg"}]}},{"ad_id":"862868","reg_year":"2004","make":"Toyota","model":"Celica","variant":null,"mileage":"75000","engine_size":"1.8","fuel_type":"Petrol","body_type":null,"colour":"000000","location":"Westmeath","price":"\u20ac 4,950","images":{"base_url":"http:\/\/i0.carsie.ie\/","image_list":[{"thumb":"NWFlMzIwMjNiNWMyNTFlM2VmNDZjOWQ0NWVhMzhkM2LhIl-NmOqwrL1dhsLG9PAcODYyODY4LTcwNzM1OTQuanBnfHx8fHx8OTJ4Njl8fHx8fA==.jpg","main":"YTRiNmMyZmFjZGIxZTYyMmFiZTI3NDIyY2NmMzMxNjWFOGJD9H8KKtuK_rOo7yXQODYyODY4LTcwNzM1OTQuanBnfHx8fHx8fHx8fHw0MDB4MzAw.jpg","large":"MGU1M2EwNTBhNTcyOWQzNjcyODY3ZmNhZmFmNjNiZjmhGStTClNJwL6DBkXq50REODYyODY4LTcwNzM1OTQuanBnfHx8fHx8fHx8fHw2NDB4NDgw.jpg"}]}},{"ad_id":"899345","reg_year":"2004","make":"Toyota","model":"Corolla","variant":"T3 Vvt-i","mileage":"92000","engine_size":"1.4","fuel_type":"Petrol","body_type":"Hatchback","colour":"0000c0","location":"Clare","price":"\u20ac 4,950","images":{"base_url":"http:\/\/i0.carsie.ie\/","image_list":[{"thumb":"MDEwNGNjNmMyMWExYzdhMzdkMzExNTRmYmIyODFhYmVT9v7SzVtKke_cTxyACmWTODk5MzQ1LTczOTA3ODQuanBnfHx8fHx8OTJ4Njl8fHx8fA==.jpg","main":"MTQwNTRiMjJkMGI3MGU0NjU1Y2E5OTZkZGFkNjY5ZTGBvqUetCBGD5tFnRDtHCROODk5MzQ1LTczOTA3ODQuanBnfHx8fHx8fHx8fHw0MDB4MzAw.jpg","large":"NDVjNGYyYmZiNjgyMGZmNmM0MjU5M2ZiZWE1OWJiNGZNj77v-jnH69CN3t6tdcssODk5MzQ1LTczOTA3ODQuanBnfHx8fHx8fHx8fHw2NDB4NDgw.jpg"}]}},{"ad_id":"729101","reg_year":"2004","make":"Toyota","model":"Corolla","variant":"2.2 D Auto Estate","mileage":"45235","engine_size":"2.2","fuel_type":"Diesel","body_type":"Estate","colour":"ffffff","location":"Dublin","price":"\u20ac 4,950","images":{"base_url":"http:\/\/i0.carsie.ie\/","image_list":[{"thumb":"NGM4MzlhMzc5ODZmZWEzNGM0MTE4ZWM5NzZmNTc4Nzn5__Z7Luk00WzWbJYMLoEGNzI5MTAxLTUyOTE5OTQuanBnfHx8fHx8OTJ4Njl8fHx8fA==.jpg","main":"YThjYjRlMmZmM2U5YTUzMmFjNDRiMDg5NDQxNWNmZWGQYeZZu-E2zaW73mjsA4V4NzI5MTAxLTUyOTE5OTQuanBnfHx8fHx8fHx8fHw0MDB4MzAw.jpg","large":"NGU0MWYxZjBiYWIzZDkyNzczZDg3MzFjMjZjOTA3OTFHkkETzlHoeKEJyZa3i6k4NzI5MTAxLTUyOTE5OTQuanBnfHx8fHx8fHx8fHw2NDB4NDgw.jpg"}]}},{"ad_id":"847060","reg_year":"2004","make":"Toyota","model":"Corolla","variant":"Terra 4dr","mileage":"86875","engine_size":"1.4","fuel_type":"Petrol","body_type":"Saloon","colour":"e0e0e0","location":"Dublin","price":"\u20ac 4,950","images":{"base_url":"http:\/\/i0.carsie.ie\/","image_list":[{"thumb":"ZDM5NzYyZGI3OTQ1OGZkNWEzYzJiNjgzYjJkOWUyM2TCuOp0rp5kxtry7d02xakDODQ3MDYwLS5qcGd8fHx8fHw5Mng2OXx8fHx8.jpg","main":"MTM0ZjU2ZDRmMGY5YTc5Yzg0MDlmYTE2MjlhY2Y4MzgpGDRLZ8HNZoli5CmWJkyeODQ3MDYwLS5qcGd8fHx8fHx8fHx8fDQwMHgzMDA=.jpg","large":"M2EzODdiYzRjYWRmOTFkN2Y0NWIwNWEwMGI1M2U4M2LMgit4qBJ-Yws2nSWn4wtYODQ3MDYwLS5qcGd8fHx8fHx8fHx8fDY0MHg0ODA=.jpg"}]}},{"ad_id":"884512","reg_year":"2004","make":"Toyota","model":"Corolla","variant":"LUNA @ DENIS MAHONY KILBARRACK","mileage":"125000","engine_size":"1.4","fuel_type":"Petrol","body_type":"Saloon","colour":"858585","location":"Dublin","price":"\u20ac 4,950","images":{"base_url":"http:\/\/i0.carsie.ie\/","image_list":[{"thumb":"ODU0Yzg5ODM5ZWUwOGQwMDE4N2FkMzdmZGJiNTcyYTXHMMAFTLm3vXcJMfysiRTOODg0NTEyLTcxOTQ1ODkuanBnfHx8fHx8OTJ4Njl8fHx8fA==.jpg","main":"YWQ0NGYwZmJjOGE1ZTM4YjVlM2RiYzM3MDA4NTQwZmEkZwAGf7-gzy4wMx8c6LOwODg0NTEyLTcxOTQ1ODkuanBnfHx8fHx8fHx8fHw0MDB4MzAw.jpg","large":"MDdiYmE3NjY2YTRmNWE1ZmZmZTFkYTZlM2RmZGQ0ZWOr_GYKpU-RQ-tCofshsOFQODg0NTEyLTcxOTQ1ODkuanBnfHx8fHx8fHx8fHw2NDB4NDgw.jpg"}]}},{"ad_id":"890242","reg_year":"2005","make":"Toyota","model":"Corolla","variant":"1.4 Terra CBU M","mileage":"98000","engine_size":"1.4","fuel_type":"Petrol","body_type":"Saloon","colour":"858585","location":"Dublin","price":"\u20ac 4,950","images":{"base_url":"http:\/\/i0.carsie.ie\/","image_list":[{"thumb":"ZmZkYmRlYWFhOTgwNDdhMjFiNjIyMmY5OTM3NjcyZTHMlII4TtPoiqAKs4EL44Z9ODkwMjQyLTcyNDY0MjQuanBnfHx8fHx8OTJ4Njl8fHx8fA==.jpg","main":"Y2Y5ZTVkYmU1MWU4OWNlZmU0MGUzYmZkYjNmYmY1YjXGOa7k5m4SRx2PhsvyePGEODkwMjQyLTcyNDY0MjQuanBnfHx8fHx8fHx8fHw0MDB4MzAw.jpg","large":"ZGI0MWJmZmIxMTg0ZjQxZjk1MTQ5YTlhZmM5MjBmYTI4L5CXoyiucB0bQzQ-Ks08ODkwMjQyLTcyNDY0MjQuanBnfHx8fHx8fHx8fHw2NDB4NDgw.jpg"}]}},{"ad_id":"893423","reg_year":"2003","make":"Toyota","model":"Corolla","variant":"Terra 5dr 1.4","mileage":"71800","engine_size":"1.4","fuel_type":"Petrol","body_type":"Hatchback","colour":"858585","location":"Dublin","price":"\u20ac 4,950","images":{"base_url":"http:\/\/i0.carsie.ie\/","image_list":[{"thumb":"NmZiOWY2Mzk4ZWYyYjQ3ODM3MmMxNDNkMjI4ZWIzOTObNs5pAt0C3KYjLs5wN590ODkzNDIzLTcyODAwNjYuanBnfHx8fHx8OTJ4Njl8fHx8fA==.jpg","main":"YTY3NDNkZTgzZTQzYWE0YWRhMDY0MzI5YjY0YzZmMzXx-vAGecLRw3B07f3vhl9xODkzNDIzLTcyODAwNjYuanBnfHx8fHx8fHx8fHw0MDB4MzAw.jpg","large":"MTg3YzJmYjI5ZjE2YjZhMzFlNTdjOTQ4MGVhMmQwN2OGfuXx6ROxG-WubpVAuJ4YODkzNDIzLTcyODAwNjYuanBnfHx8fHx8fHx8fHw2NDB4NDgw.jpg"}]}},{"ad_id":"860709","reg_year":"2004","make":"Toyota","model":"Corolla","variant":"Hatch Back D4D","mileage":"140000","engine_size":"2.0","fuel_type":"Diesel","body_type":"Hatchback","colour":"858585","location":"Galway","price":"\u20ac 4,950","images":{"base_url":"http:\/\/i0.carsie.ie\/","image_list":[{"thumb":"YWI3Y2RiNjg0MTUwYTgyMGU4N2U5ZDk3N2MyMDFiNGIyb-NMCekUzC2IGAfB2FZqODYwNzA5LTY5MTAzNTguanBnfHx8fHx8OTJ4Njl8fHx8fA==.jpg","main":"ZmJhZDI4YmRmNjE2NzQyMTdjOGFlMDEzMzZkZGY3NmUnDyEurv8XqQenI8xrHD07ODYwNzA5LTY5MTAzNTguanBnfHx8fHx8fHx8fHw0MDB4MzAw.jpg","large":"OTg5OWM4YmM1YzE5ZTA0Zjg4ZTYxNzJhNTQxMGRmODTzR9VQ3a0K1BPsm8aDhP81ODYwNzA5LTY5MTAzNTguanBnfHx8fHx8fHx8fHw2NDB4NDgw.jpg"}]}},{"ad_id":"890627","reg_year":"2004","make":"Toyota","model":"Corolla","variant":"\"\"AIR-CON\/ALLOYS\"\"1.4-VVTI","mileage":"75000","engine_size":"1.4","fuel_type":"Petrol","body_type":"Hatchback","colour":"e0e0e0","location":"Louth","price":"\u20ac 4,950","images":{"base_url":"http:\/\/i0.carsie.ie\/","image_list":[{"thumb":"YTlkYWNkMGJjODhkY2U4MzVkNzc1ZWZjYjBhODY1OWRapaoA6PWCiD02L6x54MlQODkwNjI3LTczMDMzMjQuanBnfHx8fHx8OTJ4Njl8fHx8fA==.jpg","main":"MmQ2OTkyZmQyMTE3NWQ3NWFkNmYzMjk1MjgzZGJjYmN-y4BsSbU2Wfu_WTn86YQWODkwNjI3LTczMDMzMjQuanBnfHx8fHx8fHx8fHw0MDB4MzAw.jpg","large":"YWIzODdmNzQyOTAyODZkMTdhMzc1MGNkMDBiNzlhMjmz5WJw-3GNoUw7tQ-BaogjODkwNjI3LTczMDMzMjQuanBnfHx8fHx8fHx8fHw2NDB4NDgw.jpg"}]}}]}