{"total":"23408","result":[{"ad_id":"871667","reg_year":"2002","make":"Volkswagen","model":"Golf","variant":"1.4 SPORTLINE-3 MONTHS WARRANTY-TRADE IN ACCEPTED","mileage":"81000","engine_size":"1.4","fuel_type":"Petrol","body_type":"Hatchback","colour":"858585","location":"Waterford","price":"\u20ac 3,250","images":{"base_url":"http:\/\/i0.carsie.ie\/","image_list":[{"thumb":"YWYwMGI2MzJhZWNhZDMwMTQ0MmFjODRhZTY5NDA5MjIy7JkwHpSsDYTPkgbosYHBODcxNjY3LTcwMzg1MzMuanBnfHx8fHx8OTJ4Njl8fHx8fA==.jpg","main":"YWM3ODI3ZDA3YTczMTE4MmU5YTE3OWU5OWE0MDlmMWFYNAvlco7LTce6vZ40VGxeODcxNjY3LTcwMzg1MzMuanBnfHx8fHx8fHx8fHw0MDB4MzAw.jpg","large":"MzQwYzQzYTM4ODhkN2ViYWE2YzllMTY3MWY2ZDc4ZTDPLRSJLS7m6boy8zgzrgjCODcxNjY3LTcwMzg1MzMuanBnfHx8fHx8fHx8fHw2NDB4NDgw.jpg"}]}},{"ad_id":"898619","reg_year":"2004","make":"Volkswagen","model":"Lupo","variant":"1.0 Base","mileage":"43000","engine_size":"1.0","fuel_type":"Petrol","body_type":"Hatchback","colour":"000000","location":"Louth","price":"\u20ac 3,250","images":{"base_url":"http:\/\/i0.carsie.ie\/","image_list":[{"thumb":"NjAyZTc4NWRhZDBmYWM1MTQ3ZmI2MDRiZDEzOTdmYWbYI7d6ca8T8jvQUROpHh5qODk4NjE5LTczNjY1NjUuanBnfHx8fHx8OTJ4Njl8fHx8fA==.jpg","main":"ZWE4Nzk5NWY5ZDAyZDU1NmJhMjc3MGUzN2FhOWQ4ZTRoA_P51kTKBaXuh0uODiTjODk4NjE5LTczNjY1NjUuanBnfHx8fHx8fHx8fHw0MDB4MzAw.jpg","large":"N2FjYTZmMjk4YjgyNzVjNmM5ZjE4NDYzNTg2YTk3NjCAptJE9QmrKdE7LpTjEZO3ODk4NjE5LTczNjY1NjUuanBnfHx8fHx8fHx8fHw2NDB4NDgw.jpg"}]}},{"ad_id":"901861","reg_year":"2003","make":"Volkswagen","model":"Passat","variant":"SAL 1.6","mileage":"79000","engine_size":"1.6","fuel_type":"Petrol","body_type":"Saloon","colour":"0000c0","location":"Dublin","price":"\u20ac 3,250","images":{"base_url":"http:\/\/i0.carsie.ie\/","image_list":[{"thumb":"ZDIwOGVkMzVhYTMxZjNmMmMyZGNhNmJhN2IyNzBmZDjG2PfHw50Lc-43i-P5w2cOOTAxODYxLTc0MjczMjcuanBnfHx8fHx8OTJ4Njl8fHx8fA==.jpg","main":"NGJiOGM5M2Y2YjZiMTA1NTUxZmY3ODkwNTEwZjJmNjPapseP9JUDv0EjfYP7ME_NOTAxODYxLTc0MjczMjcuanBnfHx8fHx8fHx8fHw0MDB4MzAw.jpg","large":"OThjMWNlNWUwM2Q4MThhOGE3N2JkYWRjNmI5MmI5ODXLdB8Z4mLteGkV3VtQvjc4OTAxODYxLTc0MjczMjcuanBnfHx8fHx8fHx8fHw2NDB4NDgw.jpg"}]}},{"ad_id":"885758","reg_year":"2004","make":"Volvo","model":"S40","variant":"1.8 Classic 4DR","mileage":"130000","engine_size":"1.8","fuel_type":"Petrol","body_type":"Saloon","colour":"000000","location":"Dublin","price":"\u20ac 3,250","images":{"base_url":"http:\/\/i0.carsie.ie\/","image_list":[{"thumb":"NTZiMGJiN2Q3NjgxZGY3ZTE2MDllZTZjODhkM2ZiOGNr395boxsToftJKVgqFL2eODg1NzU4LTcyMDc5MjcuanBnfHx8fHx8OTJ4Njl8fHx8fA==.jpg","main":"YTdjMWViNWNhNjIzYWVhNDg3NGQ5OTljMDU5Mzg0Mjcfxfgt6eiZyF6NAyMwOExAODg1NzU4LTcyMDc5MjcuanBnfHx8fHx8fHx8fHw0MDB4MzAw.jpg","large":"OTViOTcxMTA0MjM4ZDBiMjhhZDRjYTQwNDQ1MmI3N2LNDwSNMd7VYf-c5qvt5eXkODg1NzU4LTcyMDc5MjcuanBnfHx8fHx8fHx8fHw2NDB4NDgw.jpg"}]}},{"ad_id":"901613","reg_year":"2005","make":"Ford","model":"Mondeo","variant":"1.8 LX 4DR","mileage":"84943","engine_size":"1.8","fuel_type":"Petrol","body_type":"Saloon","colour":"000000","location":"Dublin","price":"\u20ac 3,290","images":{"base_url":"http:\/\/i0.carsie.ie\/","image_list":[{"thumb":"ZThmNDA3OTFlYzgwNGQyMjkyNGFlNzU2OTVlNmRhNmGyQYfdYJhXnnK_2Qmwdm0hOTAxNjEzLTc0MjE3MzkuanBnfHx8fHx8OTJ4Njl8fHx8fA==.jpg","main":"ZGQyZjE1NjE0YjljYWY4ZmQ0MTk5YWYxYjBhMDYwYWVkFSbpt5BVOsVqmy62HtVUOTAxNjEzLTc0MjE3MzkuanBnfHx8fHx8fHx8fHw0MDB4MzAw.jpg","large":"YmNjMDQ2N2NhYmZjMDkzNDdhNmVhM2VkZjFlOWMxNWTi9uMexeutuROXNQqmZpW_OTAxNjEzLTc0MjE3MzkuanBnfHx8fHx8fHx8fHw2NDB4NDgw.jpg"}]}},{"ad_id":"892444","reg_year":"2003","make":"Skoda","model":"Octavia","variant":"1.9 TDI Ambiente 90BHP 05 05DR","mileage":"95000","engine_size":"1.9","fuel_type":"Diesel","body_type":"Hatchback","colour":"0000c0","location":"Dublin","price":"\u20ac 3,290","images":{"base_url":"http:\/\/i0.carsie.ie\/","image_list":[{"thumb":"MmYzOGVkMjQ3NjI5YzI0NWQyYjdkNjBiMmI1Zjk3MmPmk7QdUeDU04aubVutuv1rODkyNDQ0LTcyNzMyNTUuanBnfHx8fHx8OTJ4Njl8fHx8fA==.jpg","main":"MjZlNzNkZjEzZmM0YTMzZGVlMzgyOWJkZWYyYTdiYzIc9N3rKhl-84c5cENWHGGRODkyNDQ0LTcyNzMyNTUuanBnfHx8fHx8fHx8fHw0MDB4MzAw.jpg","large":"MzE3NGFlNTgyNTgzNTI1OTQ3YmYwZGViMzEwZjcxZmUZBxAWwHFsbiTuQXgi2V8kODkyNDQ0LTcyNzMyNTUuanBnfHx8fHx8fHx8fHw2NDB4NDgw.jpg"}]}},{"ad_id":"878627","reg_year":"2006","make":"Chevrolet","model":"Kalos","variant":"1.4SE MY05 4DR","mileage":"39768","engine_size":"1.4","fuel_type":"Petrol","body_type":"Saloon","colour":"0000c0","location":"Dublin","price":"\u20ac 3,295","images":{"base_url":"http:\/\/i0.carsie.ie\/","image_list":[{"thumb":"OWI3NGM0YzliMDQxNWY0OGI4ZDBjNjE5OTU3M2Y1Y2M3LefIqXtBDIKFemRZdNubODc4NjI3LTcxMjA4OTEuanBnfHx8fHx8OTJ4Njl8fHx8fA==.jpg","main":"NTFjNDRlNDI5MjUwNmU1Y2IxMzQ4NzQwMTYwZjlmYjNKrZ_iB9u2krOJXQMmtPqsODc4NjI3LTcxMjA4OTEuanBnfHx8fHx8fHx8fHw0MDB4MzAw.jpg","large":"NTcxOTkyYmE5ZjM0M2VjMGRhNGYxMjdhOTQ1ZTc3YjaS8Rmb1kEF181rNpBI-_3AODc4NjI3LTcxMjA4OTEuanBnfHx8fHx8fHx8fHw2NDB4NDgw.jpg"}]}},{"ad_id":"721148","reg_year":"2005","make":"Citroen","model":"Berlingo","variant":"2 1.9 600KG","mileage":"79537","engine_size":"1.9","fuel_type":"Diesel","body_type":"Van","colour":"ffffff","location":"Waterford","price":"\u20ac 3,295","images":{"base_url":"http:\/\/i0.carsie.ie\/","image_list":[{"thumb":"NTMyNjQ4NWFjZTI0ZWZhNjQ2NmY2YzJjOTgzYmVhZjbl7qMaAvcMDQPBnw62XWa8NzIxMTQ4LTUxODU2NTQuanBnfHx8fHx8OTJ4Njl8fHx8fA==.jpg","main":"N2MyZDAxODEzNzcwMjMyODIyOGI3ODVkZWVmMjFmYjQ8nlwYNg_jOZRHd_L19QKLNzIxMTQ4LTUxODU2NTQuanBnfHx8fHx8fHx8fHw0MDB4MzAw.jpg","large":"OGJjNGYwYmUzNjQ0N2E1Y2FlNDlhYTM3NmY0ZjEyNDnW4dGmpJQ-WGdnfQHKgzuiNzIxMTQ4LTUxODU2NTQuanBnfHx8fHx8fHx8fHw2NDB4NDgw.jpg"}]}},{"ad_id":"895133","reg_year":"2002","make":"Honda","model":"Civic","variant":"","mileage":"64000","engine_size":"1.4","fuel_type":"Petrol","body_type":"Hatchback","colour":"0000c0","location":"Dublin","price":"\u20ac 3,295","images":{"base_url":"http:\/\/i0.carsie.ie\/","image_list":[{"thumb":"OGNkNjJjYmVlMDNhYzRlYmIyYzk5ZmUxYTM2NTZiNGWTI5w30pou1ak2-kLC2pTdODk1MTMzLTczMTExNzUuanBnfHx8fHx8OTJ4Njl8fHx8fA==.jpg","main":"MTQ5ZThhZjk0ZjJkNmRmOWJiZGM3YjMxZmYxZGY4NDVXdub10cfyltUvDOd7dSk3ODk1MTMzLTczMTExNzUuanBnfHx8fHx8fHx8fHw0MDB4MzAw.jpg","large":"Yzc4YjA4OTlkNjM4MjU4ZGE1OWM4MzRiNzU1ODRmMThx2nRGjofftiXNdvGnOGDrODk1MTMzLTczMTExNzUuanBnfHx8fHx8fHx8fHw2NDB4NDgw.jpg"}]}},{"ad_id":"837130","reg_year":"2004","make":"Nissan","model":"Almera","variant":"1.5 Sport 5DR","mileage":"73000","engine_size":"1.5","fuel_type":"Petrol","body_type":"Hatchback","colour":"e0e0e0","location":"Dublin","price":"\u20ac 3,295","images":{"base_url":"http:\/\/i0.carsie.ie\/","image_list":[{"thumb":"YTViZmJhOGE5ODhkMTNkZDI0YWQ5MjVjNTQ4MzczOGWtjsgjznAnkDSgVNbU3-Z3ODM3MTMwLTY2NTU0MDQuanBnfHx8fHx8OTJ4Njl8fHx8fA==.jpg","main":"YmM1NDc5M2NhY2Q5YWQ1NmU4MmEzN2JlMmQ0ZDVkNDEYlkBaqV6raZv8tKKee9UfODM3MTMwLTY2NTU0MDQuanBnfHx8fHx8fHx8fHw0MDB4MzAw.jpg","large":"NzM2NjVlZmFmNWYyZDhhZGY5NTVmYTA1MTI4ZTU0MDP95Np5wHNNNqeGEnV0fEcrODM3MTMwLTY2NTU0MDQuanBnfHx8fHx8fHx8fHw2NDB4NDgw.jpg"}]}},{"ad_id":"833251","reg_year":"2005","make":"Nissan","model":"Almera","variant":"1.5 SVE 4DR","mileage":"116820","engine_size":"1.5","fuel_type":"Petrol","body_type":"Saloon","colour":"0000c0","location":"Galway","price":"\u20ac 3,295","images":{"base_url":"http:\/\/i0.carsie.ie\/","image_list":[{"thumb":"MGEzNzcxYjBkZmZlMzMyOTdjNzgyMmZkYzVmYTA4OThEAVzy6YuwkeDXc0Ay8RcVODMzMjUxLTY2MTE1MjMuanBnfHx8fHx8OTJ4Njl8fHx8fA==.jpg","main":"OTFkY2QwNDQ0OTllNDAzMTA0NDYwMDUyMzVmN2RiZDmNZ7ZwJQ367RiIySu8rJX7ODMzMjUxLTY2MTE1MjMuanBnfHx8fHx8fHx8fHw0MDB4MzAw.jpg","large":"NWM5ZDA2ZDI0NTdjMjZjNDI4YWZjNzY1N2MyYTMxZGIbSbUUTFSpqvcSo1N-PSfNODMzMjUxLTY2MTE1MjMuanBnfHx8fHx8fHx8fHw2NDB4NDgw.jpg"}]}},{"ad_id":"880730","reg_year":"2003","make":"Nissan","model":"Micra","variant":null,"mileage":"69600","engine_size":"1.0","fuel_type":"Petrol","body_type":"Hatchback","colour":"0000c0","location":"Louth","price":"\u20ac 3,295","images":{"base_url":"http:\/\/i0.carsie.ie\/","image_list":[{"thumb":"MjJhOWFhNmY2YjUxOWExOTU4Y2I4MGNhNTFjM2VhMmbDmloUGyquJHJQcTb9GDO0ODgwNzMwLTcxNDI0MTEuanBnfHx8fHx8OTJ4Njl8fHx8fA==.jpg","main":"ZjJlMjE3YTU1NTI4NTMxZGFiNTMwYmNmYmM4YTJhMzL342kDYrGxfiP219YUVdPpODgwNzMwLTcxNDI0MTEuanBnfHx8fHx8fHx8fHw0MDB4MzAw.jpg","large":"NjYyODc2OTMyZmYxN2IwYWFiNzI3NWY2OWM1YTcwZTllA5Q91GUtWooXZ3T3YqkEODgwNzMwLTcxNDI0MTEuanBnfHx8fHx8fHx8fHw2NDB4NDgw.jpg"}]}},{"ad_id":"850297","reg_year":"2005","make":"Chevrolet","model":"Nubira","variant":null,"mileage":"72005","engine_size":"1.4","fuel_type":"Petrol","body_type":null,"colour":"ff0000","location":"Limerick","price":"\u20ac 3,300","images":{"base_url":"http:\/\/i0.carsie.ie\/","image_list":[{"thumb":"NWQwNjE5ZWNmYWI2Zjc4MjkyODI3YWY0ODAzMTI5NDFmGgpVf6v7Bf-5xNwSfk3fODUwMjk3LTY4MDIyMTUuanBnfHx8fHx8OTJ4Njl8fHx8fA==.jpg","main":"M2VlYmQxZmRjZTcwZGZlZGFmODZmZjhlNWZjZTBiMTDE_g4Mb7B6bjuobUSwlCa_ODUwMjk3LTY4MDIyMTUuanBnfHx8fHx8fHx8fHw0MDB4MzAw.jpg","large":"YWNhYzAyYjhlYTdkNzI2MzY0NDFlZTUxZTMzYmY5NWMWwdkUd5KjIp2fUH9YBdU3ODUwMjk3LTY4MDIyMTUuanBnfHx8fHx8fHx8fHw2NDB4NDgw.jpg"}]}},{"ad_id":"719963","reg_year":"1999","make":"Ford","model":"Transit","variant":"2.4 MINIBUS 14 SEATER","mileage":"78550","engine_size":"2.4","fuel_type":"Diesel","body_type":"Other","colour":"ffffff","location":"Kerry","price":"\u20ac 3,300","images":{"base_url":"http:\/\/i0.carsie.ie\/","image_list":[{"thumb":"YzljYjIyMDcyZTY2NjRjMTcxYzg0NGE2MDljYmY0NmSfGhTluXGAPldB1Tkt1R_lNzE5OTYzLTY0MTM3MDMuanBnfHx8fHx8OTJ4Njl8fHx8fA==.jpg","main":"MGY2YTgxZGJkNzgxMjJkNWUwOGEzYzRkOWZiOGI2ZjX45qKuM_159EZugW97Yb5bNzE5OTYzLTY0MTM3MDMuanBnfHx8fHx8fHx8fHw0MDB4MzAw.jpg","large":"OGI5MmFiMmZiYzRjNmE2NWUyNzczM2Y5NzJhMTEzYTHOZxrJEGOcmUQ78z2JkqbmNzE5OTYzLTY0MTM3MDMuanBnfHx8fHx8fHx8fHw2NDB4NDgw.jpg"}]}},{"ad_id":"896406","reg_year":"2002","make":"Honda","model":"Civic","variant":"1.4 LSE","mileage":"76000","engine_size":"1.4","fuel_type":"Petrol","body_type":"Hatchback","colour":"ff0000","location":"Dublin","price":"\u20ac 3,300","images":{"base_url":"http:\/\/i0.carsie.ie\/","image_list":[{"thumb":"Y2EzNjMwNjhlMzg5NTIzNmExZWFiMmMxYTg3M2MwZjnnCPtQLosPNTvbsxIQkbt6ODk2NDA2LTczNDIwMDYuanBnfHx8fHx8OTJ4Njl8fHx8fA==.jpg","main":"MGQyOTY2NDhmNjVkNzNiNTgyMDlmYTIyYWVhZTM2MDDZBxDnsmbHOfDmesdUtUY9ODk2NDA2LTczNDIwMDYuanBnfHx8fHx8fHx8fHw0MDB4MzAw.jpg","large":"NzM4MGQ4ZjNkMTlkYmY0ODExMmYzODZkZTAwN2M0OTTUKsAVQvsWa26K5xDaVf5BODk2NDA2LTczNDIwMDYuanBnfHx8fHx8fHx8fHw2NDB4NDgw.jpg"}]}},{"ad_id":"858277","reg_year":"2001","make":"MG","model":"MGF","variant":"1.8 Cabrio RECENT NCT","mileage":"80000","engine_size":"1.8","fuel_type":"Petrol","body_type":"Cabriolet \/ Convertible","colour":"0000c0","location":"Dublin","price":"\u20ac 3,300","images":{"base_url":"http:\/\/i0.carsie.ie\/","image_list":[{"thumb":"NmEwYjFlZWYxNzBmYzY1OTJjNWYxNDJjMDhmYTcwNmLuy3SppCpvkHtWDSHU5eNWODU4Mjc3LTY4OTA0MDkuanBnfHx8fHx8OTJ4Njl8fHx8fA==.jpg","main":"MjE2YTY1ZjFiNDlkZDNiYWExY2M4MmVhYjJiNjhmZDDnY0svbpTXExQHQ68w1aIsODU4Mjc3LTY4OTA0MDkuanBnfHx8fHx8fHx8fHw0MDB4MzAw.jpg","large":"ZjhkYzkxNTE0MWUwMjZhMzg4NTBmODgyNzU4MThmZGZjYf5b8n39TZJ-wPRMLoigODU4Mjc3LTY4OTA0MDkuanBnfHx8fHx8fHx8fHw2NDB4NDgw.jpg"}]}},{"ad_id":"890896","reg_year":"2002","make":"Peugeot","model":"206","variant":"LX5 1.1","mileage":"60090","engine_size":"1.1","fuel_type":"Petrol","body_type":"Hatchback","colour":"858585","location":"Meath","price":"\u20ac 3,300","images":{"base_url":"http:\/\/i0.carsie.ie\/","image_list":[{"thumb":"NjlhNzU1NzEzMmMwZjJlYmI3YmFhNDdjZTYwODdhNzfBwg2WMeErSA5UDQltAFRjODkwODk2LTcyNTc5NDIuanBnfHx8fHx8OTJ4Njl8fHx8fA==.jpg","main":"N2QxZWZmZDgzZjc3NjRjMTkzNWViZjhiYTIxN2NkNGZde5i_KExPNAJiH7Dl9vFmODkwODk2LTcyNTc5NDIuanBnfHx8fHx8fHx8fHw0MDB4MzAw.jpg","large":"ZDE5NmNhOGQ2NjY5NmQ5MGE2MDk0ZTZjN2EyY2Q3NDKId88Bq3pAoc8zUpwfa9J6ODkwODk2LTcyNTc5NDIuanBnfHx8fHx8fHx8fHw2NDB4NDgw.jpg"}]}},{"ad_id":"901647","reg_year":"2007","make":"Peugeot","model":"Partner","variant":"","mileage":"101000","engine_size":"1.9","fuel_type":"Diesel","body_type":"Van","colour":null,"location":"Longford","price":"\u20ac 3,300","images":{"base_url":"http:\/\/i0.carsie.ie\/","image_list":[{"thumb":"M2M1Y2M5ZTQwN2RlZGE4MmZlMzVhY2NkMzM5NjY2ZjM3f2xq_XNgNTUNAhNsy94QOTAxNjQ3LTc0MjIwNzMuanBnfHx8fHx8OTJ4Njl8fHx8fA==.jpg","main":"YjJmZGU3Y2UzYjUxNDhlNDhlOTFiYjA1YjE0ZGUzNTaLgsK5GdJCOaJqISfw1UQCOTAxNjQ3LTc0MjIwNzMuanBnfHx8fHx8fHx8fHw0MDB4MzAw.jpg","large":"NTI4ZGZkM2YyZTQyYWZkZjc2ODhiYzViMmIxZjIzZma9VBWfN_X3G-LbH2UF6F56OTAxNjQ3LTc0MjIwNzMuanBnfHx8fHx8fHx8fHw2NDB4NDgw.jpg"}]}},{"ad_id":"898103","reg_year":"2005","make":"Peugeot","model":"Partner","variant":"1.9D 600KG 4DR","mileage":"12000","engine_size":"1.9","fuel_type":"Diesel","body_type":"Van","colour":"0000c0","location":"Roscommon","price":"\u20ac 3,300","images":{"base_url":"http:\/\/i0.carsie.ie\/","image_list":[{"thumb":"NmI1MDViNjI5YzY5MmI3NTIwMzQ1ZWM5YjQzOTE5Y2NMUPmnXCXzEzBJgJj97Y82ODk4MTAzLS5qcGd8fHx8fHw5Mng2OXx8fHx8.jpg","main":"YjhmNmIyNzQ0OGMzM2EzN2FhNTgzODI1NGRhM2JiYWXuRvvWHzGvx2ZAxcWbjJdlODk4MTAzLS5qcGd8fHx8fHx8fHx8fDQwMHgzMDA=.jpg","large":"MjZhZTJkZDUwZjVmOWQxMTJhODQ4Nzk2ZTBjZTFhMzTSVWoUkTeritc9mLe6-yIzODk4MTAzLS5qcGd8fHx8fHx8fHx8fDY0MHg0ODA=.jpg"}]}},{"ad_id":"807023","reg_year":"2003","make":"Renault","model":"Scenic","variant":"dynamique","mileage":"98000","engine_size":"1.4","fuel_type":"Petrol","body_type":"People Carrier","colour":"e0e0e0","location":"Meath","price":"\u20ac 3,300","images":{"base_url":"http:\/\/i0.carsie.ie\/","image_list":[{"thumb":"ZGQzOGEzY2RmNWRjNDY1ZTJjNmYyOThjMDllZDgyYjYJ4XcJzQQz_sMqtW73DmLiODA3MDIzLTY1MjM5NTAuanBnfHx8fHx8OTJ4Njl8fHx8fA==.jpg","main":"MTU2MTNhYjQxYmM4MWQ3YzYwOWUwYTIyYzE4ODQ1ZTEIUurKEMT1g_zbpXZG30EeODA3MDIzLTY1MjM5NTAuanBnfHx8fHx8fHx8fHw0MDB4MzAw.jpg","large":"Njk5MDBlN2IwN2Q1ZTM3OTY3N2FlMjFlMWQyNzNjNjWmensHKsDawP_LKyCXHo4UODA3MDIzLTY1MjM5NTAuanBnfHx8fHx8fHx8fHw2NDB4NDgw.jpg"}]}}]}