{"total":"23408","result":[{"ad_id":"901872","reg_year":"2000","make":"Volkswagen","model":"Beetle","variant":"2.0","mileage":"90079","engine_size":"2.0","fuel_type":"Petrol","body_type":"Saloon","colour":"008000","location":"Dublin","price":"\u20ac 2,000","images":{"base_url":"http:\/\/i0.carsie.ie\/","image_list":[{"thumb":"NTJjNThlNjVjZThjZTY0ODE0ZWRlOTQxYTJlZGFjNjdEhdonSSrKA20BXWFFHEzQOTAxODcyLTc0MjU4NzcuanBnfHx8fHx8OTJ4Njl8fHx8fA==.jpg","main":"NDVhZmNlMDkyNzk1MGM5MDMwMjRhZjI5MmQ4ZTZhYjf7uYfFedOISyn9RaYljBa3OTAxODcyLTc0MjU4NzcuanBnfHx8fHx8fHx8fHw0MDB4MzAw.jpg","large":"MWE0N2ZlMDM4Yjk1NWE1Zjc3ZTU1MmZlZGFlMDliN2Z4ZqtaBoh66YVLd9TisUd8OTAxODcyLTc0MjU4NzcuanBnfHx8fHx8fHx8fHw2NDB4NDgw.jpg"}]}},{"ad_id":"882750","reg_year":"2000","make":"Volkswagen","model":"Beetle","variant":"2.0","mileage":"110000","engine_size":"2.0","fuel_type":"Petrol","body_type":"Hatchback","colour":"ffff00","location":"Kerry","price":"\u20ac 2,000","images":{"base_url":"http:\/\/i0.carsie.ie\/","image_list":[{"thumb":"OTE0MWYyNmExM2E2Mzg2ZjQxZDY5ZGUwNTFjNWFmZjX_Q1X27nuQqFq1RCGmzjoAODgyNzUwLTcxNjk5NDUuanBnfHx8fHx8OTJ4Njl8fHx8fA==.jpg","main":"ODU5YjVkMjcwNTMzNzEyOTdhZGE5MjM3MDNlMTA4OGY2s-jWJX-Ex1mA2mS4-ngdODgyNzUwLTcxNjk5NDUuanBnfHx8fHx8fHx8fHw0MDB4MzAw.jpg","large":"ZmFkZGQzMGU3ZWFlODQ3OGEwYWE2ZDg3ODM5N2M0ZTKyVmlSHQDFkFwIfMDktVI9ODgyNzUwLTcxNjk5NDUuanBnfHx8fHx8fHx8fHw2NDB4NDgw.jpg"}]}},{"ad_id":"891808","reg_year":"1998","make":"Volkswagen","model":"Golf","variant":"1.8","mileage":"46000","engine_size":"1.8","fuel_type":"Petrol","body_type":"Hatchback","colour":"ff0000","location":"Dublin","price":"\u20ac 2,000","images":{"base_url":"http:\/\/i0.carsie.ie\/","image_list":[{"thumb":"ODkwNDJlZDlkMDNhYTdkNGUxODIzMDZkNGYwYzgyYjcEUnPFL6bx1d8OGl-9SNPoODkxODA4LTcyNjcyNDIuanBnfHx8fHx8OTJ4Njl8fHx8fA==.jpg","main":"NTIyYmI4ZjQ0MTQ0ZDc2OGUxYWIyNjBiZmVhZWZlYzKbBw0q2yhkT3casDVWLigOODkxODA4LTcyNjcyNDIuanBnfHx8fHx8fHx8fHw0MDB4MzAw.jpg","large":"MWI3OTE5ODAzNGU3MTM3Y2Y4MzI3ZTBjY2JiYzZmNGPKko_Z47FlbeooQe932vPnODkxODA4LTcyNjcyNDIuanBnfHx8fHx8fHx8fHw2NDB4NDgw.jpg"}]}},{"ad_id":"891670","reg_year":"2001","make":"Volkswagen","model":"Passat","variant":"SAL 1.9 TDI","mileage":"170000","engine_size":"1.9","fuel_type":"Diesel","body_type":"Saloon","colour":"e0e0e0","location":"Mayo","price":"\u20ac 2,000","images":{"base_url":"http:\/\/i0.carsie.ie\/","image_list":[{"thumb":"NDFmZjc3ZGZjMjJkZTI2MjUyNmM0NDY5ODRhZmMzMTNhPwK9MmXcX3PYsJATNhRFODkxNjcwLTcyNjU0ODUuanBnfHx8fHx8OTJ4Njl8fHx8fA==.jpg","main":"OGU3MDY2ZWE2ZjhjYzc5ODljNGFmMjE1YmI3YmVjZTBZWKAZq1c5GaZBFYFyRBo0ODkxNjcwLTcyNjU0ODUuanBnfHx8fHx8fHx8fHw0MDB4MzAw.jpg","large":"MmU0MWIwODA0ODdmZTg5ZmUxM2RiMDNlYjZkMTdlNjF_epQFzTD4A9h-JGmusnw_ODkxNjcwLTcyNjU0ODUuanBnfHx8fHx8fHx8fHw2NDB4NDgw.jpg"}]}},{"ad_id":"893674","reg_year":"2002","make":"Volkswagen","model":"Passat","variant":"SAL 1.6","mileage":"130000","engine_size":"1.6","fuel_type":"Petrol","body_type":"Saloon","colour":"000000","location":"Tipperary","price":"\u20ac 2,000","images":{"base_url":"http:\/\/i0.carsie.ie\/","image_list":[{"thumb":"MGU5MTIyZjg2ODQ4MDdkNThmNWVjNmViYmRhNDQ4YWVfVXV-JnbnRew3jVm5p1OPODkzNjc0LTcyODIyMzYuanBnfHx8fHx8OTJ4Njl8fHx8fA==.jpg","main":"NDQ2NmVkMTU4ODk3YmExOTUwMjgwMWFmZTg5NjZlYjUaUk6o0GA81PTAeFsQNoF4ODkzNjc0LTcyODIyMzYuanBnfHx8fHx8fHx8fHw0MDB4MzAw.jpg","large":"NTFlNjE0YWEzNGU1MWE5NWY2ZDkwMDY2NjIyY2FkMTnyltHhtRzuZh9lmAK2gr_8ODkzNjc0LTcyODIyMzYuanBnfHx8fHx8fHx8fHw2NDB4NDgw.jpg"}]}},{"ad_id":"866787","reg_year":"2000","make":"Toyota","model":"Picnic","variant":"7 Seater ","mileage":"178000","engine_size":"2.0","fuel_type":"Petrol","body_type":"Hatchback","colour":"0000c0","location":"Waterford","price":"\u20ac 2,009","images":{"base_url":"http:\/\/i0.carsie.ie\/","image_list":[{"thumb":"ZGNiYTU0MjNmNTdmY2Q3NWMxNWNmNzQ1ZjM4ZDkzODkNhk_JzzBBf90ZRyq9SJtVODY2Nzg3LTY5ODM3ODQuanBnfHx8fHx8OTJ4Njl8fHx8fA==.jpg","main":"MmVmODFjNDdiN2EwZTk0NWFmZGIwNjJkNjhiYzM1OWVxGhURmIbSSUkNohlx29FBODY2Nzg3LTY5ODM3ODQuanBnfHx8fHx8fHx8fHw0MDB4MzAw.jpg","large":"MTc0YzQxNzVmZmFmMmYyM2JjYjE4NWY5ZDg1ODE4ODG5735j0b8xIlPZn-Opjz9iODY2Nzg3LTY5ODM3ODQuanBnfHx8fHx8fHx8fHw2NDB4NDgw.jpg"}]}},{"ad_id":"853200","reg_year":"2003","make":"Renault","model":"Clio","variant":"dynamique 5 door","mileage":"122000","engine_size":"1.1","fuel_type":"Petrol","body_type":"Hatchback","colour":"e0e0e0","location":"Donegal","price":"\u20ac 2,050","images":{"base_url":"http:\/\/i0.carsie.ie\/","image_list":[{"thumb":"MDQwMTY0MTg4YmQwNmRkYzZlZDBhOGZhZmUyZGRmNGU4R1YS4c3cUonfPz7Kj4InODUzMjAwLTY4MzI1OTguanBnfHx8fHx8OTJ4Njl8fHx8fA==.jpg","main":"MmNlYTZjNjcxYzZkOWViZTJjNjc2OGU4MzE1MmJlMDJ7YkWCq3F8-5el-9Vjqn0hODUzMjAwLTY4MzI1OTguanBnfHx8fHx8fHx8fHw0MDB4MzAw.jpg","large":"YjkzMmZmNzRkMTM5ZWE3Nzk2NjcyMmViMTFhY2UxZWZ__nuLu5rWWhUg555FbWU_ODUzMjAwLTY4MzI1OTguanBnfHx8fHx8fHx8fHw2NDB4NDgw.jpg"}]}},{"ad_id":"877320","reg_year":"2003","make":"Renault","model":"Megane","variant":"2 16V Sport","mileage":"89000","engine_size":"1.4","fuel_type":"Petrol","body_type":"Hatchback","colour":"0000c0","location":"Westmeath","price":"\u20ac 2,050","images":{"base_url":"http:\/\/i0.carsie.ie\/","image_list":[{"thumb":"NGMxOTRhY2M1YWRlNzc0MWQ4YjYwZTJkN2VkZjhmNGWJ1KWfyBg8iT98KB6r3gP4ODc3MzIwLTcxMDkxMDYuanBnfHx8fHx8OTJ4Njl8fHx8fA==.jpg","main":"NDUwZTE1ZDU4OWZmNzNjNmI0NTE3OWI1MzliMDZlNjDhFRMx5yDuN4bDcKZHYYcvODc3MzIwLTcxMDkxMDYuanBnfHx8fHx8fHx8fHw0MDB4MzAw.jpg","large":"NjYxMWY3MDBkYTJhN2Y1MmIxMDZmMTllOTZiNjhjOGSiWmNaAJJNaPXJMqTTt2m_ODc3MzIwLTcxMDkxMDYuanBnfHx8fHx8fHx8fHw2NDB4NDgw.jpg"}]}},{"ad_id":"884138","reg_year":"2001","make":"BMW","model":"320","variant":"D","mileage":"170000","engine_size":"2.0","fuel_type":"Diesel","body_type":"Saloon","colour":"0000c0","location":"Kerry","price":"\u20ac 2,100","images":{"base_url":"http:\/\/i0.carsie.ie\/","image_list":[{"thumb":"NDllMDM1NDU1YTdmMDI4MzFkODQyZjRlNjBkZTg4M2Jhq_HcfHoLlQ9bU4B60_LvODg0MTM4LTcxOTE2NDYuanBnfHx8fHx8OTJ4Njl8fHx8fA==.jpg","main":"ZTQ4NjlmZGQxMmQyY2M3ODY3OGE0MzY4YzQwODM4NjCvOpwoiBpv2uwYRNX4X6CHODg0MTM4LTcxOTE2NDYuanBnfHx8fHx8fHx8fHw0MDB4MzAw.jpg","large":"MGI4NTc4ZDIzM2NlODg2ODQyNjdhZWExMmEwNzE5ZWFENjrgToVGWoEdw9AiHBeTODg0MTM4LTcxOTE2NDYuanBnfHx8fHx8fHx8fHw2NDB4NDgw.jpg"}]}},{"ad_id":"838629","reg_year":"2002","make":"Ford","model":"Fiesta","variant":"","mileage":"61000","engine_size":"1.3","fuel_type":"Petrol","body_type":"Hatchback","colour":"e0e0e0","location":"Waterford","price":"\u20ac 2,100","images":{"base_url":"http:\/\/i0.carsie.ie\/","image_list":[{"thumb":"ZTRmNzEyZjkzMWUwY2Q3OTk3ZWRmOGQwYjU0MmUzY2KJRG-dQmsusKN9sWSBwYO8ODM4NjI5LTY2NzAyNjEuanBnfHx8fHx8OTJ4Njl8fHx8fA==.jpg","main":"MGJkNTQ4MjRhZDQ1MDMzZWVjNWFjZDZiYzY0NTJhY2QS9CDIvBPDd15EwxUqPunKODM4NjI5LTY2NzAyNjEuanBnfHx8fHx8fHx8fHw0MDB4MzAw.jpg","large":"YTMwZmZjYjA4OTlhZGFkNTBlZTA2YWUyNWU1NTBlNTbqeKllJ9VcdOHb_VrtPnAeODM4NjI5LTY2NzAyNjEuanBnfHx8fHx8fHx8fHw2NDB4NDgw.jpg"}]}},{"ad_id":"898755","reg_year":"2001","make":"Honda","model":"Stream","variant":"RN1 1.7 05DR A","mileage":"85000","engine_size":"1.7","fuel_type":"Petrol","body_type":"People Carrier","colour":"ffffff","location":"Kildare","price":"\u20ac 2,100","images":{"base_url":"http:\/\/i0.carsie.ie\/","image_list":[{"thumb":"ZGQ2Njc3MDNhN2ZlNWM3YTk4NzcxYTMyMDliN2Q0OGJ4r8wtrvmrJzSVJfxW6Rt0ODk4NzU1LTczNjg0NjguanBnfHx8fHx8OTJ4Njl8fHx8fA==.jpg","main":"OGFmOWM4YzZkZDUyNzMyOGJlYjdmYzdjMDNhZGY3NmLoCLG10cgiRSVqiuWB8Rk4ODk4NzU1LTczNjg0NjguanBnfHx8fHx8fHx8fHw0MDB4MzAw.jpg","large":"NGI2NDVlMGRjZjcyNWUxZTU3Yjc0ZGMzNThjNjhiNDd1RSaEvQjsVZP90wFsaZqKODk4NzU1LTczNjg0NjguanBnfHx8fHx8fHx8fHw2NDB4NDgw.jpg"}]}},{"ad_id":"885453","reg_year":"2001","make":"Mercedes-Benz","model":"E 320","variant":"CDI A\/T","mileage":"95000","engine_size":"3.2","fuel_type":"Diesel","body_type":"Saloon","colour":"e0e0e0","location":"Kildare","price":"\u20ac 2,100","images":{"base_url":"http:\/\/i0.carsie.ie\/","image_list":[{"thumb":"MDhkYmMwODJkZThjMmUzNDdmYTQ5MTg3MGFlMmM3Yjcb524ggqNEDJzUZVoHt_NzODg1NDUzLTcyMTU2ODkuanBnfHx8fHx8OTJ4Njl8fHx8fA==.jpg","main":"Yjg1ODNhYTdiNGZlYjI5NWQ3NTY1MDFkNWUyZjYwY2P5mfTMzdhEmxiR49HZKUX5ODg1NDUzLTcyMTU2ODkuanBnfHx8fHx8fHx8fHw0MDB4MzAw.jpg","large":"NzcxNjc4OGVlYTZkYmRjYWEyNGViOTMxZDFmNGQ1ZGFWTc9oyk_PoT0Yc8sdy5jgODg1NDUzLTcyMTU2ODkuanBnfHx8fHx8fHx8fHw2NDB4NDgw.jpg"}]}},{"ad_id":"887429","reg_year":"2001","make":"Peugeot","model":"206","variant":"LX 5 1.1 NOW SOLD","mileage":"74000","engine_size":"1.1","fuel_type":"Petrol","body_type":"Hatchback","colour":"0000c0","location":"Dublin","price":"\u20ac 2,100","images":{"base_url":"http:\/\/i0.carsie.ie\/","image_list":[{"thumb":"NGJiNjFmNzU4MWY5NGZmNzZmZjQzMjM4YjIxMGMyMmMvnZf2WAPP_WbQI08pfnxlODg3NDI5LTcyMjQ5MjQuanBnfHx8fHx8OTJ4Njl8fHx8fA==.jpg","main":"NjBmYTlkMTU1MDM4YWZmNGQ4YTYyY2Y5M2Y4NWU0YTe_KNFvkpQx58hS4Cx705GvODg3NDI5LTcyMjQ5MjQuanBnfHx8fHx8fHx8fHw0MDB4MzAw.jpg","large":"N2UxMTAyMWEyODhhN2RjOGM0OGZhNDU0ZTVkMTM3NWNEcurXyfIC6rpu_quTdsznODg3NDI5LTcyMjQ5MjQuanBnfHx8fHx8fHx8fHw2NDB4NDgw.jpg"}]}},{"ad_id":"899003","reg_year":"2002","make":"Renault","model":"Scenic","variant":"Low Mileage, Half Leather, 2 Sunroofs, Climate Control, New NCT. Stunning Car!","mileage":"61000","engine_size":"1.6","fuel_type":"Petrol","body_type":"Hatchback","colour":"0000c0","location":"Dublin","price":"\u20ac 2,100","images":{"base_url":"http:\/\/i0.carsie.ie\/","image_list":[{"thumb":"ZmQzNmIwYTM1NTZjNjMxNTNhYTE3MDM4YWViMTc2ZDVfvmpC8bPKGBwA9ljTA1yOODk5MDAzLTczNzIyODYuanBnfHx8fHx8OTJ4Njl8fHx8fA==.jpg","main":"YTZjMjYxZWE1ZTk4OTIwZTkyZmViNWRiYTcwODdjMmHo2V1ukqW0V4PhWPs_vCZwODk5MDAzLTczNzIyODYuanBnfHx8fHx8fHx8fHw0MDB4MzAw.jpg","large":"OWY5ZjMzZGIyODZiM2E1MmU3MjFjOGJjYzU2YzZjOTjPqWQ-nNIlnpGgceWv7xc0ODk5MDAzLTczNzIyODYuanBnfHx8fHx8fHx8fHw2NDB4NDgw.jpg"}]}},{"ad_id":"851483","reg_year":"2000","make":"Volkswagen","model":"Bora","variant":"1.4","mileage":"84000","engine_size":"1.4","fuel_type":"Petrol","body_type":"Saloon","colour":"ff0000","location":"Waterford","price":"\u20ac 2,100","images":{"base_url":"http:\/\/i0.carsie.ie\/","image_list":[{"thumb":"NGQ2YTMzNWE4MGYyYTNlOWY4MTI3YTE5YWNhMGUwMzPYDYBx0EJnIQUcjeGeQZxGODUxNDgzLTY4MTM2ODkuanBnfHx8fHx8OTJ4Njl8fHx8fA==.jpg","main":"NjNhYzM0OGIwMjNmMzg0NTI2Yzk5N2M5N2MwYThiMjHM_WN9fJbuP1QfcYz-Z28bODUxNDgzLTY4MTM2ODkuanBnfHx8fHx8fHx8fHw0MDB4MzAw.jpg","large":"OWYyMTkyODFlYzQ1YWZhNmZkYjMwOTk3NmY2OTdjYjk0CX99y1lTUZylKeTIjnU3ODUxNDgzLTY4MTM2ODkuanBnfHx8fHx8fHx8fHw2NDB4NDgw.jpg"}]}},{"ad_id":"861115","reg_year":"2002","make":"Nissan","model":"Primera","variant":"1.6","mileage":"130000","engine_size":"1.6","fuel_type":"Petrol","body_type":"Saloon","colour":"0000c0","location":"Cork","price":"\u20ac 2,145","images":{"base_url":"http:\/\/i0.carsie.ie\/","image_list":[{"thumb":"OThiM2ExYjQ0MGI4MmE1MDk5ZTliOTc5OTAyMzUzODXRleS0y4L04hpgWaQcjSkAODYxMTE1LTY5MTU0MDAuanBnfHx8fHx8OTJ4Njl8fHx8fA==.jpg","main":"OWJlYWRlMGNhNTdlNjNjZjBkYjU1ZWY5YzkxYjlhMDQRim-rMSG6R55AOCgc8URnODYxMTE1LTY5MTU0MDAuanBnfHx8fHx8fHx8fHw0MDB4MzAw.jpg","large":"NTEzZWQ5NTg2NTA2NDI1NDMxZWZiNTU3ZWM5N2I0YjhVyRH6u3AI8xY5Esygp9ASODYxMTE1LTY5MTU0MDAuanBnfHx8fHx8fHx8fHw2NDB4NDgw.jpg"}]}},{"ad_id":"892141","reg_year":"2001","make":"Audi","model":"A3","variant":"1.6 Attraction","mileage":"128000","engine_size":"1.6","fuel_type":"Petrol","body_type":"Hatchback","colour":"000000","location":"Clare","price":"\u20ac 2,150","images":{"base_url":"http:\/\/i0.carsie.ie\/","image_list":[{"thumb":"MmYxYjY3YzdiNTA5MmRlZGY1Y2ZjOGIwYThmZmI5MzObmoNzzamP4axjKerJI_jMODkyMTQxLTcyNjk3NTQuanBnfHx8fHx8OTJ4Njl8fHx8fA==.jpg","main":"NjRjMDVhNGQyYWQ5NTFmYWRhMDM3ZWJiNzIwY2FkOTct8Dwy9g97T4YiE9hENytbODkyMTQxLTcyNjk3NTQuanBnfHx8fHx8fHx8fHw0MDB4MzAw.jpg","large":"ZGExOTEyZmRlMDcxY2Q4YzM2N2ZkNjZjZjIzYWVkN2NGJ4-RsYDvk0yAtdCUa_krODkyMTQxLTcyNjk3NTQuanBnfHx8fHx8fHx8fHw2NDB4NDgw.jpg"}]}},{"ad_id":"672352","reg_year":"2000","make":"BMW","model":"523","variant":"**SALE NOW ON**523i","mileage":"125000","engine_size":"2.5","fuel_type":"Petrol","body_type":"Saloon","colour":null,"location":"Dublin","price":"\u20ac 2,150","images":{"base_url":"http:\/\/i0.carsie.ie\/","image_list":[{"thumb":"NzM1MzgyZjQ0MTkyZTA0NjNkZTA4YjgyNjY2ZGYyZji3mBIOdeQlZNGEtorxWjDTNjcyMzUyLTU0NTA5NDEuanBnfHx8fHx8OTJ4Njl8fHx8fA==.jpg","main":"YTk1MmNjY2E3M2FhYzdlYjJmZGYzODZmYjQwZjNkZGIbs85tYmyDl7Le_t4M6IUJNjcyMzUyLTU0NTA5NDEuanBnfHx8fHx8fHx8fHw0MDB4MzAw.jpg","large":"MjBmYzQyYTRkMDE5ZmZiNzhlMDEyNTY5YjBjYjQ4MmIYMOtNucU0hxy6ICXypLlmNjcyMzUyLTU0NTA5NDEuanBnfHx8fHx8fHx8fHw2NDB4NDgw.jpg"}]}},{"ad_id":"864570","reg_year":"2003","make":"Ford","model":"Ka","variant":"","mileage":"78000","engine_size":"1.3","fuel_type":"Petrol","body_type":"Hatchback","colour":"000000","location":"Cork","price":"\u20ac 2,150","images":{"base_url":"http:\/\/i0.carsie.ie\/","image_list":[{"thumb":"NjE3MzUxNjg1NjdjMzRjNGVhYWQ3NzdhMGVjODllODe8tzU6HdJfgebu8UPT1ubWODY0NTcwLTY5NTgwNDkuanBnfHx8fHx8OTJ4Njl8fHx8fA==.jpg","main":"YTExZmUwOWM1ZTQ2ZTY3YWQ5NDFhM2U1NjE0MjM4OTGM2F89KZunpG3G6Ir4QEGvODY0NTcwLTY5NTgwNDkuanBnfHx8fHx8fHx8fHw0MDB4MzAw.jpg","large":"N2ExNjU3MjIwOWRjOWU0MThiNDJjZDg5ZDVlMzgyMDdwWeI0N4p1DzW95-DtezFrODY0NTcwLTY5NTgwNDkuanBnfHx8fHx8fHx8fHw2NDB4NDgw.jpg"}]}},{"ad_id":"892704","reg_year":"2004","make":"Ford","model":"Ka","variant":null,"mileage":"70000","engine_size":"1.3","fuel_type":"Petrol","body_type":"Hatchback","colour":"ff0000","location":"Dublin","price":"\u20ac 2,150","images":{"base_url":"http:\/\/i0.carsie.ie\/","image_list":[{"thumb":"NTEwYTJkY2YyYWFmOTAwMjE2ZTZiNmFlZmRmYmI4YjhBLNUjmKOdnat3YyvwUIBeODkyNzA0LTcyNzUwMjguanBnfHx8fHx8OTJ4Njl8fHx8fA==.jpg","main":"MGI0NDI3MzcwOTg1ZTk4ZGQxMDU0MDYzZjU1NDVlZmPPl9ynaUiMmn6KzxJpvGaqODkyNzA0LTcyNzUwMjguanBnfHx8fHx8fHx8fHw0MDB4MzAw.jpg","large":"ZDA3Y2Y5YWZkNDNlOTJkYTNhY2Q1ZGUxNmE5MWM0NmZyhUbDrh08Cr9POofKlPevODkyNzA0LTcyNzUwMjguanBnfHx8fHx8fHx8fHw2NDB4NDgw.jpg"}]}}]}