{"total":"23408","result":[{"ad_id":"889212","reg_year":"2003","make":"Ford","model":"Mondeo","variant":"1.8I 4 DR LT NCT APRIL 2014 SOLD SOLD SOLD","mileage":"78606","engine_size":"1.8","fuel_type":"Petrol","body_type":"Saloon","colour":"e0e0e0","location":"Dublin","price":"\u20ac 2,200","images":{"base_url":"http:\/\/i0.carsie.ie\/","image_list":[{"thumb":"NTY3ZmQyZTMzN2I5ZGEzMWVhNmRjYjM0NjdjYzcxNDSTmnIe_Zzp8IENd2bVDSP2ODg5MjEyLTczMDc0NzYuanBnfHx8fHx8OTJ4Njl8fHx8fA==.jpg","main":"NjExYTY1ZWNkMjNkN2VkNjgxNjQ3NGM5ZTA0OTgxMDN95x1yTY9w5H-Dzle9ZIS3ODg5MjEyLTczMDc0NzYuanBnfHx8fHx8fHx8fHw0MDB4MzAw.jpg","large":"Y2Y2MWNlNDdlNDE3NWYyODM0YzU5NzBhZDkwOTE5NWZ3eJiEvPL0JYHMFYy05I47ODg5MjEyLTczMDc0NzYuanBnfHx8fHx8fHx8fHw2NDB4NDgw.jpg"}]}},{"ad_id":"883975","reg_year":"1996","make":"Land Rover","model":"Discovery","variant":"TDI COMM","mileage":"160193","engine_size":"2.5","fuel_type":"Diesel","body_type":"SUV","colour":"ff0000","location":"Tipperary","price":"\u20ac 2,200","images":{"base_url":"http:\/\/i0.carsie.ie\/","image_list":[{"thumb":"YTkxNTQ0MjFlNjk2MTRhZjhlNjY5NjYyYzVlNjZmNjZUV8l4XDlrG1Wf9z0J6hSdODgzOTc1LTcxODgzOTguanBnfHx8fHx8OTJ4Njl8fHx8fA==.jpg","main":"MGI4OGNjZDc1ZjMzNTJhZjBhMGM0NjYyOTIzNjdiZmH5QjPklIcqZ8Vwr-TmT4pXODgzOTc1LTcxODgzOTguanBnfHx8fHx8fHx8fHw0MDB4MzAw.jpg","large":"ZTBkYzcwZWM3ZTNmMmZjNGJjYmI1MjAwNjE5N2U0YzHlc_5Z7PhX2LOq31vR_z13ODgzOTc1LTcxODgzOTguanBnfHx8fHx8fHx8fHw2NDB4NDgw.jpg"}]}},{"ad_id":"898713","reg_year":"2003","make":"Mazda","model":"Mazda6","variant":"6 2.0 Sedan Exclusive","mileage":"87000","engine_size":"2.0","fuel_type":"Petrol","body_type":"Saloon","colour":"0000c0","location":"Cork","price":"\u20ac 2,200","images":{"base_url":"http:\/\/i0.carsie.ie\/","image_list":[{"thumb":"ZjY5M2NkZDI1Y2M1NDJkNTM1NDg4OTc1NzMyOTYzNzGR8DW0IXRk1khhNgH5k5u6ODk4NzEzLS5qcGd8fHx8fHw5Mng2OXx8fHx8.jpg","main":"YWZmZDg0YzhkZmU0ZmFmZDJlZWYwMzA0NjFlODVjODAYUnmgKZIjHkWM3ZuwoQCBODk4NzEzLS5qcGd8fHx8fHx8fHx8fDQwMHgzMDA=.jpg","large":"YTlkMWE2MzZkNTk3MGZmYWI3YzA2ZDU0MTE1OTczOTQqYCI1hGuWPDRLWxuppWngODk4NzEzLS5qcGd8fHx8fHx8fHx8fDY0MHg0ODA=.jpg"}]}},{"ad_id":"898924","reg_year":"2003","make":"Mazda","model":"Mazda6","variant":"1.8 H\/B Comfort","mileage":"113000","engine_size":"1.8","fuel_type":"Petrol","body_type":"Hatchback","colour":"008000","location":"Meath","price":"\u20ac 2,200","images":{"base_url":"http:\/\/i0.carsie.ie\/","image_list":[{"thumb":"NzA1YzExYjAyNDBlMWNjZGM2NGJlNWRmNzVlZDNmYzO-pFUI95_jCbBzL1D4ktSOODk4OTI0LTczNzEwOTcuanBnfHx8fHx8OTJ4Njl8fHx8fA==.jpg","main":"MjZkYWQ0NDc5ODQyZGRjY2EzYmRhZDg1ZWRmOWUyYzZpYFZsGw2praivdiEKuG0sODk4OTI0LTczNzEwOTcuanBnfHx8fHx8fHx8fHw0MDB4MzAw.jpg","large":"ZmMxNTdlM2UxZjRjOTk5ODNlZmY2NWI2ZTY5NDMwY2N_Oxf8krVFUuNQNuKoKIqvODk4OTI0LTczNzEwOTcuanBnfHx8fHx8fHx8fHw2NDB4NDgw.jpg"}]}},{"ad_id":"900140","reg_year":"2002","make":"Mitsubishi","model":"Colt","variant":null,"mileage":"136000","engine_size":"1.3","fuel_type":"Petrol","body_type":null,"colour":"e0e0e0","location":"Cork","price":"\u20ac 2,200","images":{"base_url":"http:\/\/i0.carsie.ie\/","image_list":[{"thumb":"YmFiMzk1NGE1YTk0MzA3YzVmYWFmYjkxYzJmOGJhMGWHrqeR40j-H95Hz1GVuiLVOTAwMTQwLS5qcGd8fHx8fHw5Mng2OXx8fHx8.jpg","main":"ZjA2YWI4MGMxYTE0ODBjZmE1OWYzYTRlZjc4MGQ0ZTQSVeAv3kv9srPnrRImcP3OOTAwMTQwLS5qcGd8fHx8fHx8fHx8fDQwMHgzMDA=.jpg","large":"ZGUxZDFmYzg0YjQ3NWQwZDJkZTZlMDI4NWIzZjgyMjBizHpFZNM_ioftZC652gxkOTAwMTQwLS5qcGd8fHx8fHx8fHx8fDY0MHg0ODA=.jpg"}]}},{"ad_id":"898647","reg_year":"1994","make":"Mitsubishi","model":"Pajero","variant":"TD SWB COMM","mileage":"123579","engine_size":"2.8","fuel_type":"Diesel","body_type":"SUV","colour":"0000c0","location":"Tipperary","price":"\u20ac 2,200","images":{"base_url":"http:\/\/i0.carsie.ie\/","image_list":[{"thumb":"YzhmZTg5MTI3YjBmNWMwZGQ1OWJiOTE0ZTIwYTc5NmTwc899xmOkJAJyjdEruPH7ODk4NjQ3LTc0MjQ1NzEuanBnfHx8fHx8OTJ4Njl8fHx8fA==.jpg","main":"Y2FhY2U0M2NmZmQ3NmNkNjE3MjIxZDExNjJlM2FmNGbdZaD9tfacPS5HcrYVqwnFODk4NjQ3LTc0MjQ1NzEuanBnfHx8fHx8fHx8fHw0MDB4MzAw.jpg","large":"NWI3NGU5MDUxNWM1ZWIwYzk4NGRkNzQxMTM0Mzc3OTXeLqqfBK1V49uT3Y7NiEkfODk4NjQ3LTc0MjQ1NzEuanBnfHx8fHx8fHx8fHw2NDB4NDgw.jpg"}]}},{"ad_id":"901932","reg_year":"2002","make":"Nissan","model":"Almera","variant":"1.5","mileage":"2200","engine_size":"1.5","fuel_type":"Petrol","body_type":"Saloon","colour":"000000","location":"Clare","price":"\u20ac 2,200","images":{"base_url":"http:\/\/i0.carsie.ie\/","image_list":[{"thumb":"NTFiOTA2Mjg3Mjg2MzM2MmEwMmY4NWY4MWYwZWQzYTFMcYS7oBSeoGGUqbAXxFQkOTAxOTMyLTc0MjY1NDcuanBnfHx8fHx8OTJ4Njl8fHx8fA==.jpg","main":"MDE4ZWU4YmQzYzNkZjhiNTBiZGJiNjRmMDJiZmJmYmWOJcRFQ4KLYB8lp3MDoLsdOTAxOTMyLTc0MjY1NDcuanBnfHx8fHx8fHx8fHw0MDB4MzAw.jpg","large":"YzUxNDRmNDIwMzYxNzFjZGU4ZDZkOGIyYjU2YTFhZjA0PG76SsW35uthRNeyckMUOTAxOTMyLTc0MjY1NDcuanBnfHx8fHx8fHx8fHw2NDB4NDgw.jpg"}]}},{"ad_id":"839578","reg_year":"2001","make":"Nissan","model":"Micra","variant":"1.0 GX","mileage":"55501","engine_size":"1.0","fuel_type":"Petrol","body_type":"Hatchback","colour":"e0e0e0","location":"Kildare","price":"\u20ac 2,200","images":{"base_url":"http:\/\/i0.carsie.ie\/","image_list":[{"thumb":"ZDg1ZjI4NTMwYWM4MjE3YjNhNDRhNjhmZWI4OTYxOTlEUPR0aXjGNUIExM27kajkODM5NTc4LTY2ODExMTkuanBnfHx8fHx8OTJ4Njl8fHx8fA==.jpg","main":"MzVlOTdjYTJiYzFjZTA2ZjU0ZjM1MjU2YzI0YmM0NWH5qlQqELsMSKk2TfE4YLpWODM5NTc4LTY2ODExMTkuanBnfHx8fHx8fHx8fHw0MDB4MzAw.jpg","large":"ZDc0NjdmNzNhZDJhYWU4MGZkMzBiZGZmZmQ2ZDE3MjGBObVwtiLsgCi9bBoSMq_XODM5NTc4LTY2ODExMTkuanBnfHx8fHx8fHx8fHw2NDB4NDgw.jpg"}]}},{"ad_id":"898738","reg_year":"2003","make":"Nissan","model":"Primera","variant":"1.8 Tekna","mileage":"99000","engine_size":"1.8","fuel_type":"Petrol","body_type":"Saloon","colour":"ff0000","location":"Cork","price":"\u20ac 2,200","images":{"base_url":"http:\/\/i0.carsie.ie\/","image_list":[{"thumb":"OWIyMTdiOTk1YTFlOTY1MmU4YjQyZWZlYjljMDllZTLzJBwb7oLni7y87_IEaJILODk4NzM4LTczNjgzNjUuanBnfHx8fHx8OTJ4Njl8fHx8fA==.jpg","main":"NTFiNDkzZjA5YmQzYWM2YTBkYWY4MzZiYzdiZDcyNTf6xtivJr9qpEBHm-Q3Wiv6ODk4NzM4LTczNjgzNjUuanBnfHx8fHx8fHx8fHw0MDB4MzAw.jpg","large":"NzEzYWRlMTFlMzY1NDFmZGU5NzJjNmQ1MmQ4MGU1ODFn-9_DR3E3mfma2WEBkPkEODk4NzM4LTczNjgzNjUuanBnfHx8fHx8fHx8fHw2NDB4NDgw.jpg"}]}},{"ad_id":"856640","reg_year":"2003","make":"Opel","model":"Astra","variant":"Njoy S\/R Z16XE 4DR","mileage":"83000","engine_size":"1.6","fuel_type":"Petrol","body_type":"Saloon","colour":"0000c0","location":"Cork","price":"\u20ac 2,200","images":{"base_url":"http:\/\/i0.carsie.ie\/","image_list":[{"thumb":"MzQyN2Y4MTMyM2FlM2ZhZWQ3NjdkNzBmMGJmYTU3ZTYWzAR6MBaIoHS2hCrGokChODU2NjQwLTY4Njg2NjcuanBnfHx8fHx8OTJ4Njl8fHx8fA==.jpg","main":"MTQ4ZWJkZTFlZTNkZTMwNmJiM2YzZjcyMWE5NzU1YzE-U1ttmFuejdOEe4ljPGGdODU2NjQwLTY4Njg2NjcuanBnfHx8fHx8fHx8fHw0MDB4MzAw.jpg","large":"NzRlN2I0MWNiZDRlZjRkMGViMzcwMzFlNmNlOGM4NWMsNQUWBKc4xmzt6DMO_D74ODU2NjQwLTY4Njg2NjcuanBnfHx8fHx8fHx8fHw2NDB4NDgw.jpg"}]}},{"ad_id":"885474","reg_year":"2003","make":"Opel","model":"Zafira","variant":"Elegance 5DR","mileage":"110000","engine_size":"1.8","fuel_type":"Petrol","body_type":"Hatchback","colour":"0000c0","location":"Cork","price":"\u20ac 2,200","images":{"base_url":"http:\/\/i0.carsie.ie\/","image_list":[{"thumb":"ODdmNzk5YTU2NGQwNDQ3ODA4OWNmYTJmYTlkOTliNjlroAMd6U7xd-Y0ARv4-4pXODg1NDc0LS5qcGd8fHx8fHw5Mng2OXx8fHx8.jpg","main":"ZDQ5ZmFlYWQyZWUyYzI5NjQwYzZlNmI1NjQ3MGFmZDgbapNE0KcBbEDIYu0Bs4PuODg1NDc0LS5qcGd8fHx8fHx8fHx8fDQwMHgzMDA=.jpg","large":"NTJkYjA4ZjdjNzc3NjVmYjZiMjhmZjJmNjVlOTYyMmQaiKQjGHDZGlGUAJbY0-j6ODg1NDc0LS5qcGd8fHx8fHx8fHx8fDY0MHg0ODA=.jpg"}]}},{"ad_id":"898677","reg_year":"2004","make":"Peugeot","model":"307","variant":"XSD 2.0","mileage":"97000","engine_size":"2.0","fuel_type":"Diesel","body_type":"Hatchback","colour":"858585","location":"Galway","price":"\u20ac 2,200","images":{"base_url":"http:\/\/i0.carsie.ie\/","image_list":[{"thumb":"OGY1MGNhZDU2OWYxYzIyMWUwZTEzNWI2M2M2NDA4NjkqOoVK7BIJbU7_EoX6BE8gODk4Njc3LTczNzkxOTcuanBnfHx8fHx8OTJ4Njl8fHx8fA==.jpg","main":"ZjY0MjBlNWUzNzU3ZWRkMjEyOTIxMzNkNGMyYTQ5MDOrFKPXK5pHVWlO8T-IIeJQODk4Njc3LTczNzkxOTcuanBnfHx8fHx8fHx8fHw0MDB4MzAw.jpg","large":"NWFjNTRmYzAwOGZmY2QxNWQ1OTYyMWNiYzNjYjgwNDW9yf9yubNRjJ7h2tsnmS6-ODk4Njc3LTczNzkxOTcuanBnfHx8fHx8fHx8fHw2NDB4NDgw.jpg"}]}},{"ad_id":"899022","reg_year":"2003","make":"Peugeot","model":"307","variant":"Exec Skywagon","mileage":"130000","engine_size":"1.6","fuel_type":"Petrol","body_type":"SUV","colour":"858585","location":"Offaly","price":"\u20ac 2,200","images":{"base_url":"http:\/\/i0.carsie.ie\/","image_list":[{"thumb":"YWU3MTNjZmJiMzkyZmEzNTJmZjhjZjE2OTFjNDAwYzmYft7rs7lXw76cGV0ZjC3nODk5MDIyLTczNzI3ODEuanBnfHx8fHx8OTJ4Njl8fHx8fA==.jpg","main":"MGM0YzBiYTVlNmQwOTAyY2Y3MjY1YWQ0ZWQ1MTAyY2UVdmxN-0n6L5pTL8M4DHDdODk5MDIyLTczNzI3ODEuanBnfHx8fHx8fHx8fHw0MDB4MzAw.jpg","large":"NzJjMWM1YmQwNjQyMGZhNmU1ODM3M2E1OGFlMDM3YWTtxW-EHyCjYr3oeeFVxTDlODk5MDIyLTczNzI3ODEuanBnfHx8fHx8fHx8fHw2NDB4NDgw.jpg"}]}},{"ad_id":"900543","reg_year":"1999","make":"Suzuki","model":"Grand Vitara","variant":"TD 5 SEATER","mileage":"186594","engine_size":"2.0","fuel_type":"Diesel","body_type":"Estate","colour":"ff0000","location":"Tipperary","price":"\u20ac 2,200","images":{"base_url":"http:\/\/i0.carsie.ie\/","image_list":[{"thumb":"NTIxMWRkOTY1N2I1MDE1ZWQ0YTAzY2JjM2JjMGU3OGZHP4NkqDt7G_928BMoDIpgOTAwNTQzLS5qcGd8fHx8fHw5Mng2OXx8fHx8.jpg","main":"NTQxMzQ1OTI1YjViNWIwOTczOWUwY2ZjNmNiNjI5ZWFVUrNXgeOuDW6NKNoUYHloOTAwNTQzLS5qcGd8fHx8fHx8fHx8fDQwMHgzMDA=.jpg","large":"MDU3NmNiYjI5OTkxYmE2ZTY5N2MwOWY1NTUwNWYzNmVqgL48db_5MNqc3_GKYQuBOTAwNTQzLS5qcGd8fHx8fHx8fHx8fDY0MHg0ODA=.jpg"}]}},{"ad_id":"897188","reg_year":"2002","make":"Volkswagen","model":"Bora","variant":"1.4 Base","mileage":"141086","engine_size":"1.4","fuel_type":"Petrol","body_type":"Saloon","colour":"f0b800","location":"Wexford","price":"\u20ac 2,200","images":{"base_url":"http:\/\/i0.carsie.ie\/","image_list":[{"thumb":"MWNmOTljNjgxYTAxMTc2YmNkOWRhZTAzMzRiYmNmYWJuHu41UM6zDWgTbJGgJ9mHODk3MTg4LTczNTQwMjkuanBnfHx8fHx8OTJ4Njl8fHx8fA==.jpg","main":"N2FmNjk1MGI4Zjc1YzViODVmYmNhZGNkZTE2NWM3YTg-uaC-jhAbeWR2e_vVh4OIODk3MTg4LTczNTQwMjkuanBnfHx8fHx8fHx8fHw0MDB4MzAw.jpg","large":"ZTRmMzBiMmQzOTUyODE5M2ZlZDI4M2MxYWY4OTc5MDmyrXrtW3WdoyanHgpiRPB4ODk3MTg4LTczNTQwMjkuanBnfHx8fHx8fHx8fHw2NDB4NDgw.jpg"}]}},{"ad_id":"895721","reg_year":"2001","make":"Alfa Romeo","model":"147","variant":"TOP SPEC LUSSO \/ NCT FEB-14 \/ ONLY 89k \/ LEATHER \/ AS NEW \/ \"\"MUST BE SEEN\"\" \/ www. N4CARS. ie","mileage":"92393","engine_size":"1.6","fuel_type":"Petrol","body_type":null,"colour":"0000c0","location":"Dublin","price":"\u20ac 2,249","images":{"base_url":"http:\/\/i0.carsie.ie\/","image_list":[{"thumb":"ZWUwZWMxNjRjYjAwOTE5ZGE4ZmMxZGU5M2JmZDllODZM8smYnJfqbPh6q1CZDn5cODk1NzIxLTczMjgyMTEuanBnfHx8fHx8OTJ4Njl8fHx8fA==.jpg","main":"ODBlNmMyZjEwMjczZjVjYTU2Y2VkMDZhNjA0YjE0NDncs8lB6-8PBWMZorkGHEFhODk1NzIxLTczMjgyMTEuanBnfHx8fHx8fHx8fHw0MDB4MzAw.jpg","large":"NmE4ODA4YWM4ODZlODlhNjY1NGRiNzU5OWY0ZGM0YzTvVHWlAwPI6PtMyf3VxzOJODk1NzIxLTczMjgyMTEuanBnfHx8fHx8fHx8fHw2NDB4NDgw.jpg"}]}},{"ad_id":"900456","reg_year":"2003","make":"Fiat","model":"Punto","variant":"1.2 \/ 5DR \/ NCT FEB-14 \/ LOW MILES \/ AS NEW \/ \"\"MUST BE SEEN\"\" \/ www. N4CARS. ie","mileage":"63355","engine_size":"1.2","fuel_type":"Petrol","body_type":null,"colour":"008000","location":"Dublin","price":"\u20ac 2,249","images":{"base_url":"http:\/\/i0.carsie.ie\/","image_list":[{"thumb":"MDk3ZTExZWM2MzNkMjVmMzI1YjEyZmJkYzgwYmYwZWQxdDJgNZF311_gQ-EtOFE2OTAwNDU2LTc0MDI3NTAuanBnfHx8fHx8OTJ4Njl8fHx8fA==.jpg","main":"M2FlZmE5YTNhYmI2MmVjYzJlODY3MGFjNDBlNThhOGbGmYVtbMIUGeS-vl_HdZ87OTAwNDU2LTc0MDI3NTAuanBnfHx8fHx8fHx8fHw0MDB4MzAw.jpg","large":"ZTIwMjY2ZWE5N2NkZDE3MmExNzIxMDA2N2IxYzNlOTFkvHjsbF9Yg7zJZFUBu_PKOTAwNDU2LTc0MDI3NTAuanBnfHx8fHx8fHx8fHw2NDB4NDgw.jpg"}]}},{"ad_id":"884397","reg_year":"2002","make":"Ford","model":"Focus","variant":"1.4, ESTATE, NCT OCT-13, RELIABLE CAR, \"\"MUST BE SEEN\"\", N4CARS. ie","mileage":"79800","engine_size":"1.4","fuel_type":"Petrol","body_type":null,"colour":"858585","location":"Dublin","price":"\u20ac 2,249","images":{"base_url":"http:\/\/i0.carsie.ie\/","image_list":[{"thumb":"YzE4YzY2YjI5OWI2N2FjNDJhMWRmNGQzOTE0ZWEyNDlEwtPLdmsmtKIdXLz2Br1AODg0Mzk3LTcxOTQ4ODUuanBnfHx8fHx8OTJ4Njl8fHx8fA==.jpg","main":"MjVmNzc4YWI4YzJkMTZhNTVkZGFjMzQ2MTg4ZDJiMWF924f-KjvPvFFYX8pfZ5paODg0Mzk3LTcxOTQ4ODUuanBnfHx8fHx8fHx8fHw0MDB4MzAw.jpg","large":"NGI0ODlkZmM0MzhhOTFhYjM4YzdmMTVlOWM0ZGExNTa7fVfZ4IhkkHpjv-EEsXCuODg0Mzk3LTcxOTQ4ODUuanBnfHx8fHx8fHx8fHw2NDB4NDgw.jpg"}]}},{"ad_id":"900458","reg_year":"2001","make":"Ford","model":"Focus","variant":"TOP-SPEC GHIA X \/ BLACK \/ NCT JUL-13 \/ ALLOYS \/ AIR-CON \/ VERY CAREFUL LADY OWNER \/ AS NEW \/ \"\"MUST BE SEEN\"\" \/ www. N4CARS. ie","mileage":"96500","engine_size":"1.6","fuel_type":"Petrol","body_type":null,"colour":"000000","location":"Dublin","price":"\u20ac 2,249","images":{"base_url":"http:\/\/i0.carsie.ie\/","image_list":[{"thumb":"MDQ1YjUzNjE5MzcwYmZjMGEzOGRhNjEwZjI2MTY2OTbh6o3QEeJja4QnE9FUW_KuOTAwNDU4LTc0MDI3NTIuanBnfHx8fHx8OTJ4Njl8fHx8fA==.jpg","main":"NTE5Yjg5MTFkY2I3OGNlMWM4MjhmMGI2ODYxMGRlNTgs11e_ylIEfQrQAcju0Kl9OTAwNDU4LTc0MDI3NTIuanBnfHx8fHx8fHx8fHw0MDB4MzAw.jpg","large":"ODFhOGY2ZjhlYWQ0MzI3NDAzNmZhOWExMTYzOGViNGQOTvStAD8D-rRhAK4AQS6sOTAwNDU4LTc0MDI3NTIuanBnfHx8fHx8fHx8fHw2NDB4NDgw.jpg"}]}},{"ad_id":"901055","reg_year":"2002","make":"Mitsubishi","model":"Carisma","variant":"DIESEL TD \/ TOP-SPEC \/ VERY ECONOMICAL \/ RELIABLE \/ NCT SEP-13 \/ VERY CAREFUL OWNER \/ AS NEW \/ \"\"MUST BE SEEN\"\" \/ www. N4CARS. ie","mileage":"139000","engine_size":"1.8","fuel_type":"Diesel","body_type":null,"colour":"008000","location":"Dublin","price":"\u20ac 2,249","images":{"base_url":"http:\/\/i0.carsie.ie\/","image_list":[{"thumb":"YTczMWE1YWQ3Njc5YTQyMjY1NTZlMzhkOGQ5Y2Y3NWM9bzISY_iU4XbGI1kAmRB-OTAxMDU1LTc0MTYxOTAuanBnfHx8fHx8OTJ4Njl8fHx8fA==.jpg","main":"MzkxMGU2M2I1MGFjNWY2OGJiODBhMGM1NTAwYjQ5MjJhY1F8RvKnpF2wTQNtLz1VOTAxMDU1LTc0MTYxOTAuanBnfHx8fHx8fHx8fHw0MDB4MzAw.jpg","large":"YTViYzY5NDdkZDMyNDc1YWU0YjZjNDY0YzM3NmM0ODVUCSemyvWN2RCCEyT_ZmqWOTAxMDU1LTc0MTYxOTAuanBnfHx8fHx8fHx8fHw2NDB4NDgw.jpg"}]}}]}