{"total":"23408","result":[{"ad_id":"901742","reg_year":"2001","make":"Suzuki","model":"Jimny","variant":"","mileage":"76000","engine_size":"1.3","fuel_type":"Petrol","body_type":"Estate","colour":"e0e0e0","location":"Cork","price":"\u20ac 1,850","images":{"base_url":"http:\/\/i0.carsie.ie\/","image_list":[{"thumb":"ZjRlYzllYjcyN2E0OTI4ZmQ0OTVhMTRmMmI5ZTE5Y2bOzjOobJkEph8dye90dl-6OTAxNzQyLTc0MjQyMzIuanBnfHx8fHx8OTJ4Njl8fHx8fA==.jpg","main":"NWRiOTdlNDlmZTQ2YTNhNGJjYTcxNjVmMTJjNjEyNTKk9yBFT2vHewg3huIktYV4OTAxNzQyLTc0MjQyMzIuanBnfHx8fHx8fHx8fHw0MDB4MzAw.jpg","large":"YzBiNTFjODRhNzdjZjc4NDE0OTdlZGRhNzUzYWUyNWSdU3G-Tp5b8l1IYlL-3PWfOTAxNzQyLTc0MjQyMzIuanBnfHx8fHx8fHx8fHw2NDB4NDgw.jpg"}]}},{"ad_id":"829144","reg_year":"2001","make":"Toyota","model":"Corolla","variant":"","mileage":"127000","engine_size":"1.4","fuel_type":"Petrol","body_type":"Hatchback","colour":"008000","location":"Cork","price":"\u20ac 1,850","images":{"base_url":"http:\/\/i0.carsie.ie\/","image_list":[{"thumb":"YmM2ZTMxZGQ5NGU0YjA3ZGI4N2RhNjFlZjA3MDQwOWaUFrNakhIuc9PH3bs0_pgxODI5MTQ0LTY1NzM3NDUuanBnfHx8fHx8OTJ4Njl8fHx8fA==.jpg","main":"ZTU5MmE3ZjVlYzRhOGI5MDhkNDI5MGIyNGU1NThjMTEUUcBiP3qTP8dad345vh-OODI5MTQ0LTY1NzM3NDUuanBnfHx8fHx8fHx8fHw0MDB4MzAw.jpg","large":"ZGU3M2VhZWI5MmQ3YjlkODc2M2E0YmIxZWIyZDRkYTG1HHBg33p20-yu-BtvKR73ODI5MTQ0LTY1NzM3NDUuanBnfHx8fHx8fHx8fHw2NDB4NDgw.jpg"}]}},{"ad_id":"876434","reg_year":"2000","make":"Volkswagen","model":"Bora","variant":"","mileage":"88000","engine_size":"1.6","fuel_type":"Petrol","body_type":"Saloon","colour":"0000c0","location":"Dublin","price":"\u20ac 1,850","images":{"base_url":"http:\/\/i0.carsie.ie\/","image_list":[{"thumb":"NTkyMzUyMzUzMjg3N2RmOTk2ZGI1YTc0OTJhZjY5YWX_icZkEsHi0DfOYEddvt_6ODc2NDM0LTcxMDE2NjMuanBnfHx8fHx8OTJ4Njl8fHx8fA==.jpg","main":"MTY4MzE2ZWQ4MmFhYTBiYTI1ZmZlODZkMjExZWY5Y2NAl94aCuL1s64Ol153E2zfODc2NDM0LTcxMDE2NjMuanBnfHx8fHx8fHx8fHw0MDB4MzAw.jpg","large":"ZjYxNWIyODRiMzNkZTE1NmM2YThmMGM3MjAzODc4NDQHKkhiZF5OoaR5QOIOgwvTODc2NDM0LTcxMDE2NjMuanBnfHx8fHx8fHx8fHw2NDB4NDgw.jpg"}]}},{"ad_id":"774183","reg_year":"2000","make":"Volkswagen","model":"Bora","variant":"1.4","mileage":"132152","engine_size":"1.4","fuel_type":"Petrol","body_type":"Saloon","colour":"ff0000","location":"Wexford","price":"\u20ac 1,850","images":{"base_url":"http:\/\/i0.carsie.ie\/","image_list":[{"thumb":"MWIyYmVlZWY3YzMxNDA2NWQxOGNmYmVkMzUwYjE3MGbHhkibvbURePPinMAWUZeiNzc0MTgzLTU5MjAzOTUuanBnfHx8fHx8OTJ4Njl8fHx8fA==.jpg","main":"MjkwZmQzZDA5NjNiZDkzZWVhNDllNGViOTMwNmU2N2HNOlYZOij_rVQirSfZeMK0Nzc0MTgzLTU5MjAzOTUuanBnfHx8fHx8fHx8fHw0MDB4MzAw.jpg","large":"NTY4NmU2YmU1ZDZiZTE3MGU3MWNiMmY5ZjAxZmFkNjQkbN_dgbZZ_RUBeZRFA9YVNzc0MTgzLTU5MjAzOTUuanBnfHx8fHx8fHx8fHw2NDB4NDgw.jpg"}]}},{"ad_id":"819198","reg_year":"1999","make":"Volkswagen","model":"Golf","variant":"Cabri 1.8","mileage":"84000","engine_size":"1.8","fuel_type":"Petrol","body_type":"Cabriolet \/ Convertible","colour":"008000","location":"Dublin","price":"\u20ac 1,850","images":{"base_url":"http:\/\/i0.carsie.ie\/","image_list":[{"thumb":"N2IwNDJjYzc1NDNkNmM5MjM1ZTkwZDU1YTJkNmZlOTOUs5Xj8xpLXn9w__TL32XUODE5MTk4LTY0NDMwNzguanBnfHx8fHx8OTJ4Njl8fHx8fA==.jpg","main":"MDliYTY2ZjJhYzgzZTI5ZGRiMWI4M2E0Zjc0N2JkOTJjQdEzHV0Z7-38DoxpB7-6ODE5MTk4LTY0NDMwNzguanBnfHx8fHx8fHx8fHw0MDB4MzAw.jpg","large":"MDRkYWQyZmE0ZDIwMTkzOWEwNWRjNmE4MzNhZTE1MDMqcq5sBI8nkWeGSVSDGnBpODE5MTk4LTY0NDMwNzguanBnfHx8fHx8fHx8fHw2NDB4NDgw.jpg"}]}},{"ad_id":"900831","reg_year":"2000","make":"Volkswagen","model":"Golf","variant":"1.6 Comfort 5D","mileage":"111000","engine_size":"1.6","fuel_type":"Petrol","body_type":"Hatchback","colour":"0000c0","location":"Dublin","price":"\u20ac 1,850","images":{"base_url":"http:\/\/i0.carsie.ie\/","image_list":[{"thumb":"OGFjZDFlNTdlMGVjYmY5NTgwODk3NGZhNTJiNGVlYmYvTwX7bwb2-_ZNUKD2I5lgOTAwODMxLTc0MDY3NTUuanBnfHx8fHx8OTJ4Njl8fHx8fA==.jpg","main":"YThhYjU4YmU5MDA2M2I3MmY1NDdmZTRhMjI0ZTAxNzZV4ORtIXIKRzrD4MHxZVOeOTAwODMxLTc0MDY3NTUuanBnfHx8fHx8fHx8fHw0MDB4MzAw.jpg","large":"MjljYzQyY2QzNjY0MTVlNTFiODY4NzhiMDEyODU5N2LvK_VeCtd6gUq2ugv2u3t8OTAwODMxLTc0MDY3NTUuanBnfHx8fHx8fHx8fHw2NDB4NDgw.jpg"}]}},{"ad_id":"878225","reg_year":"2003","make":"Volvo","model":"S40","variant":"BRAND NEW NCT INCLUDED 1.8 04DR","mileage":"141212","engine_size":"1.8","fuel_type":"Petrol","body_type":"Saloon","colour":"008000","location":"Dublin","price":"\u20ac 1,850","images":{"base_url":"http:\/\/i0.carsie.ie\/","image_list":[{"thumb":"NWY4MDJmZWI3YmU4NjMwZDY2MWRjNzgyNGJhZTlmNzgjmPheill14x9GtSfk882wODc4MjI1LTcxMTg5NTEuanBnfHx8fHx8OTJ4Njl8fHx8fA==.jpg","main":"MWEwZTBlMmZhNzExMDc1ZDlhOTQ5MzA1NTdhZWM2YjUZYCUqzHoFB0G9MMNbfILHODc4MjI1LTcxMTg5NTEuanBnfHx8fHx8fHx8fHw0MDB4MzAw.jpg","large":"NzRmNmMxMWQzMmZmYzM5ODE1NWNiNzZiYjNmNDE0OWWhXz3SqZj_tVPNeTUYT-xrODc4MjI1LTcxMTg5NTEuanBnfHx8fHx8fHx8fHw2NDB4NDgw.jpg"}]}},{"ad_id":"848711","reg_year":"1997","make":"Jaguar","model":"XJ6","variant":"XJ Sport 3.2 Auto.","mileage":"106000","engine_size":"3.2","fuel_type":"Petrol","body_type":"Saloon","colour":"008000","location":"Limerick","price":"\u20ac 1,875","images":{"base_url":"http:\/\/i0.carsie.ie\/","image_list":[{"thumb":"NDdhMmZjOGU0Y2VhOWFjYTRkZDQ1NTk4N2Y4Y2FmOGVRRnvWepmJvkVO0NCGGOJEODQ4NzExLTY4ODI5NzguanBnfHx8fHx8OTJ4Njl8fHx8fA==.jpg","main":"NWVjMDQ3Yzk4ZTYzM2U1MjExZTQzYjNlNmJkOTkxNjUhHWteT9MbDugLxpVgTKUiODQ4NzExLTY4ODI5NzguanBnfHx8fHx8fHx8fHw0MDB4MzAw.jpg","large":"ZjcwMTM4YTg1NDJjOWY0OTE5YjNmMzcxOGJjZGM5MWZj8Ebzm_rQSZJLE3t6gmAqODQ4NzExLTY4ODI5NzguanBnfHx8fHx8fHx8fHw2NDB4NDgw.jpg"}]}},{"ad_id":"866240","reg_year":"1999","make":"Mercedes-Benz","model":"C 180","variant":"","mileage":"144000","engine_size":"1.8","fuel_type":"Petrol","body_type":"Saloon","colour":"e0e0e0","location":"Cork","price":"\u20ac 1,895","images":{"base_url":"http:\/\/i0.carsie.ie\/","image_list":[{"thumb":"OTY5ZmRiMmU2Y2NjZGE0MzgxYTMwMzcxZjJlZTIyZDFP3rL9g0YXF4zWVBvVQKnjODY2MjQwLTcwNTg4NjYuanBnfHx8fHx8OTJ4Njl8fHx8fA==.jpg","main":"M2M3NzNkYTQ3MzU5ZmUzZGNlZGIwNWFjNWNlY2NhOGLXAeokdQbV8yUsDGoOWk5iODY2MjQwLTcwNTg4NjYuanBnfHx8fHx8fHx8fHw0MDB4MzAw.jpg","large":"NzhiZDQxMDVmY2RiYmM5M2NjMTY1NGFmZjY4MWM2MzY2tYL3FTge2OmVvokxoKe8ODY2MjQwLTcwNTg4NjYuanBnfHx8fHx8fHx8fHw2NDB4NDgw.jpg"}]}},{"ad_id":"832752","reg_year":"2002","make":"Nissan","model":"Almera","variant":"1.5","mileage":"111000","engine_size":"1.5","fuel_type":"Petrol","body_type":"Saloon","colour":"e0e0e0","location":"Meath","price":"\u20ac 1,895","images":{"base_url":"http:\/\/i0.carsie.ie\/","image_list":[{"thumb":"OThmMGMxMDVhYTU0MWRhMmJiMDY4NGFiM2ZiODEyYTchRZb6ZrQMD8VNOdMyDVeXODMyNzUyLTczMjIyNDUuanBnfHx8fHx8OTJ4Njl8fHx8fA==.jpg","main":"ZjgwODdjYjAwNGM3N2JkMWFmZDkzYTAyY2U3ZDE4ZWbQpVPOnTIJMJ4ym6Kcd6Y4ODMyNzUyLTczMjIyNDUuanBnfHx8fHx8fHx8fHw0MDB4MzAw.jpg","large":"NDMyY2ZlYjQ2NDlhZTNkNTZmNzY4MTQ3MDRlODYwY2KmZIWWCshmkkW784-4NWktODMyNzUyLTczMjIyNDUuanBnfHx8fHx8fHx8fHw2NDB4NDgw.jpg"}]}},{"ad_id":"719453","reg_year":"2000","make":"Opel","model":"Vectra","variant":"1.6","mileage":"130000","engine_size":"1.6","fuel_type":"Petrol","body_type":"Hatchback","colour":"994d00","location":"Cork","price":"\u20ac 1,895","images":{"base_url":"http:\/\/i0.carsie.ie\/","image_list":[{"thumb":"NGUwYWU1NDhmNTIyZDFkZTE3YzJjYzZmOGJlYmE1ZjfmB_aCjTsn2Xc37okrI2dSNzE5NDUzLS5qcGd8fHx8fHw5Mng2OXx8fHx8.jpg","main":"MmNlMDM3YzUxZWEzNTg1OGQzYmJhNWNlY2FmMGVjYTZDB1On-PwT9ldcqpYajcw9NzE5NDUzLS5qcGd8fHx8fHx8fHx8fDQwMHgzMDA=.jpg","large":"NWMwZDUyNTdiMDM1MjU3Y2JkYmNjNzk4MzMxNmEyMGSolac_KJ4f5V_6S7PzPJOdNzE5NDUzLS5qcGd8fHx8fHx8fHx8fDY0MHg0ODA=.jpg"}]}},{"ad_id":"712353","reg_year":"1999","make":"Nissan","model":"Micra","variant":"1.0 GX Auto.","mileage":"150000","engine_size":"1.0","fuel_type":"Petrol","body_type":"Hatchback","colour":"e0e0e0","location":"Dublin","price":"\u20ac 1,899","images":{"base_url":"http:\/\/i0.carsie.ie\/","image_list":[{"thumb":"MDdkOTQ2MjM2ZTZkZTUxOWFiMTkzMWRhMjQxN2M2YWEiMg9Bwp5A6IG1ixPEDyRdNzEyMzUzLTUwNzEwNDUuanBnfHx8fHx8OTJ4Njl8fHx8fA==.jpg","main":"NzkwYWZlMjAxNTMyNzFiY2YwMmYwZDFhZGM1NDE0MDDaOZD_QFV_yH8Q8lUt0IRMNzEyMzUzLTUwNzEwNDUuanBnfHx8fHx8fHx8fHw0MDB4MzAw.jpg","large":"NTMzOGQ2MWE1Mzc4N2QzZjM3ODc1MWM5OWEyOGM5Y2XS6Iu1ST-eAFksPvGzm5YQNzEyMzUzLTUwNzEwNDUuanBnfHx8fHx8fHx8fHw2NDB4NDgw.jpg"}]}},{"ad_id":"841712","reg_year":"2000","make":"Renault","model":"Megane","variant":"Cabriolet 1.6 SP","mileage":"52466","engine_size":"1.6","fuel_type":"Petrol","body_type":"Cabriolet \/ Convertible","colour":"e0e0e0","location":"Dublin","price":"\u20ac 1,899","images":{"base_url":"http:\/\/i0.carsie.ie\/","image_list":[{"thumb":"NmMxNGUwNWRmNzBhMjgzMzlmMjUwMzZiMGMzMjQ1ZWF5ZrZA9iA0YdEoO48TV9RzODQxNzEyLTY3MDQ2ODAuanBnfHx8fHx8OTJ4Njl8fHx8fA==.jpg","main":"ODVjMDBhYmZkODE1NGZiZmM1ZDY3OTJkYzE3ZGRjZTg7qHE5JTVFjiqh4k0R4DZxODQxNzEyLTY3MDQ2ODAuanBnfHx8fHx8fHx8fHw0MDB4MzAw.jpg","large":"MWQwYTA4ZmY4OWRjMjhlMWNlMzM1ODBmMmY4ZTUzMTCo3JM6a972ppuL5TNdg6HfODQxNzEyLTY3MDQ2ODAuanBnfHx8fHx8fHx8fHw2NDB4NDgw.jpg"}]}},{"ad_id":"901020","reg_year":"2000","make":"Audi","model":"A3","variant":"A3 1.8E","mileage":"173000","engine_size":"1.8","fuel_type":"Petrol","body_type":"Hatchback","colour":"000000","location":"Waterford","price":"\u20ac 1,900","images":{"base_url":"http:\/\/i0.carsie.ie\/","image_list":[{"thumb":"OWRiNzE4NTk3ZmFiNTU5Y2UyODQxNWVkNmI3OTllN2U9DFbD3BOa-KHrZm_0J2GyOTAxMDIwLTc0MTUwNjguanBnfHx8fHx8OTJ4Njl8fHx8fA==.jpg","main":"M2JkYTMzYzVhNmQ5ZjEzMWQ1Zjg4N2E5M2I3NDM0ZmVpWUcuJRnNPmmFZQrPQWOyOTAxMDIwLTc0MTUwNjguanBnfHx8fHx8fHx8fHw0MDB4MzAw.jpg","large":"YWNhMWU4MGFhZDk0YTVjYzYyODdkMzdkNTRhODFkNWQVCmcbFcjMv987oFCFgnBuOTAxMDIwLTc0MTUwNjguanBnfHx8fHx8fHx8fHw2NDB4NDgw.jpg"}]}},{"ad_id":"881420","reg_year":"2002","make":"BMW","model":"316","variant":null,"mileage":"150000","engine_size":"1.9","fuel_type":"Petrol","body_type":"Saloon","colour":"e0e0e0","location":"Galway","price":"\u20ac 1,900","images":{"base_url":"http:\/\/i0.carsie.ie\/","image_list":[{"thumb":"NThmMTQ1OTIxNjlhYTg1MThhNmU0MTc3YTI2ZWQyZDlIv5C0n_i1scI30EnUC5hWODgxNDIwLTcxNTQ3OTEuanBnfHx8fHx8OTJ4Njl8fHx8fA==.jpg","main":"OTcxMjc5YjhkMzNlMzZiZWZmMTQ5Njg5NTFkYzExY2b3oVqa7Uwky939tHfih58sODgxNDIwLTcxNTQ3OTEuanBnfHx8fHx8fHx8fHw0MDB4MzAw.jpg","large":"OWNlMzRmNDFhNjQwYzczYjZmNGU2YzZhNDMwOGVhMDCTFbPvDkpLlgPqfXjDZOPBODgxNDIwLTcxNTQ3OTEuanBnfHx8fHx8fHx8fHw2NDB4NDgw.jpg"}]}},{"ad_id":"719919","reg_year":"2001","make":"BMW","model":"318","variant":"318i Saloon - NCT 03\/2013","mileage":"136000","engine_size":"1.9","fuel_type":"Petrol","body_type":"Saloon","colour":"e0e0e0","location":"Meath","price":"\u20ac 1,900","images":{"base_url":"http:\/\/i0.carsie.ie\/","image_list":[{"thumb":"MGEyMzNhYzJiNGIyOTM5MzlkNzRhYjFmNzBkNWRiN2GhRkpuLO34bjrBRgeX_zsPNzE5OTE5LTY0MjA1MjQuanBnfHx8fHx8OTJ4Njl8fHx8fA==.jpg","main":"NTgwNmE1ZmY1NDY4M2RlN2UwZTVhYmY0ZDM0NTRmYWNopY6io8bFcgDZEgnxPA2WNzE5OTE5LTY0MjA1MjQuanBnfHx8fHx8fHx8fHw0MDB4MzAw.jpg","large":"Y2RlNjJmNDM5N2FhOTc4MmE4NGVkNmQ5NzM3YTA3NmOE0_JfbiMx0ZaivxZ6rgtJNzE5OTE5LTY0MjA1MjQuanBnfHx8fHx8fHx8fHw2NDB4NDgw.jpg"}]}},{"ad_id":"892783","reg_year":"2002","make":"Ford","model":"Ka","variant":"Collection 2000","mileage":"74000","engine_size":"1.3","fuel_type":"Petrol","body_type":"Hatchback","colour":"0000c0","location":"Dublin","price":"\u20ac 1,900","images":{"base_url":"http:\/\/i0.carsie.ie\/","image_list":[{"thumb":"NGFkOWYxOGU3MDZiNzY2MmM4YTgyN2JhY2JlNjUzM2JWwcaTdDcttasoRlspd69uODkyNzgzLTcyNzUzOTEuanBnfHx8fHx8OTJ4Njl8fHx8fA==.jpg","main":"YWQyODFhY2JkMjBiNzg0OWViMDY4MTRkY2I1NzYxODBUPYkeZbnLGL9SF6NUEQpSODkyNzgzLTcyNzUzOTEuanBnfHx8fHx8fHx8fHw0MDB4MzAw.jpg","large":"YmM2MDdiMGMzZTU1NjNmMmYyZTUyYTk4YzkzYmUwNmYcXzIokJ1NfFaIpxPQCNk_ODkyNzgzLTcyNzUzOTEuanBnfHx8fHx8fHx8fHw2NDB4NDgw.jpg"}]}},{"ad_id":"897711","reg_year":"2000","make":"Honda","model":"CR-V","variant":null,"mileage":"135000","engine_size":"2.0","fuel_type":"Petrol","body_type":"Estate","colour":"008000","location":"Wicklow","price":"\u20ac 1,900","images":{"base_url":"http:\/\/i0.carsie.ie\/","image_list":[{"thumb":"ODRhOGE4NDE4OWIwM2I5OWY2ZTI4ZmUxYTUwYmQ3NTDhWoc53wjkqyKjs4en8P6vODk3NzExLTczNTcxODEuanBnfHx8fHx8OTJ4Njl8fHx8fA==.jpg","main":"Y2Y4M2M0YzA0MTU0YWY4OTI3MGM2ZjI5MjZlMjRlNWG1YVQaqlV3HHdMQnIV2nYOODk3NzExLTczNTcxODEuanBnfHx8fHx8fHx8fHw0MDB4MzAw.jpg","large":"ZGMyY2Y1N2Q2N2Q4ZmVkYTdjYTFhYmUwMjg1MzE1ODdfbAeaLuPDQoNJ7NT7fzQFODk3NzExLTczNTcxODEuanBnfHx8fHx8fHx8fHw2NDB4NDgw.jpg"}]}},{"ad_id":"896061","reg_year":"2002","make":"Hyundai","model":"Accent","variant":"GLS Gold waiting for a nct test. good condition","mileage":"86475","engine_size":"1.3","fuel_type":"Petrol","body_type":"Saloon","colour":"000000","location":"Kildare","price":"\u20ac 1,900","images":{"base_url":"http:\/\/i0.carsie.ie\/","image_list":[{"thumb":"YjRhYzIxODYyNDI3MDkzMzhjOGI1MGVlNDg2NGIwZGa1cP0THruAOQC3SDTOGFngODk2MDYxLTczNTI0MjcuanBnfHx8fHx8OTJ4Njl8fHx8fA==.jpg","main":"MzgyYzYzYmM1NGZlYzQ3NjRhMDIwZGVjZmZhM2IzYjQrq_USSYBK17WzHHQTvkOoODk2MDYxLTczNTI0MjcuanBnfHx8fHx8fHx8fHw0MDB4MzAw.jpg","large":"NTlhY2Y4OTk3NGEzNmJjYjdhOGJkYjc5ZWQ4NDVmZGKdexzlQxGjYhUJrMCDW0D0ODk2MDYxLTczNTI0MjcuanBnfHx8fHx8fHx8fHw2NDB4NDgw.jpg"}]}},{"ad_id":"839740","reg_year":"2003","make":"Nissan","model":"Primera","variant":"1.6 Visia","mileage":"92054","engine_size":"1.6","fuel_type":"Petrol","body_type":"Saloon","colour":"0000c0","location":"Meath","price":"\u20ac 1,900","images":{"base_url":"http:\/\/i0.carsie.ie\/","image_list":[{"thumb":"NzY4NWM2M2U3Y2RiZGRlZDMyNmU1OTM3NWNmYWM0NThUggQ_AChOZrZ4PObBuDuZODM5NzQwLTY2OTkyMDAuanBnfHx8fHx8OTJ4Njl8fHx8fA==.jpg","main":"ZDgyMWVjYzZlMTkxM2U4MWQwNzA5ZmUyNmFmNGZlN2SVkl-cx1i-T2sG1EXUkZCCODM5NzQwLTY2OTkyMDAuanBnfHx8fHx8fHx8fHw0MDB4MzAw.jpg","large":"ODRiNmNjZGNjNjMyZTA0MjE3MTIyMDI2MGY4YWFiNjRtB8zQ_a_TyjVpqpzXpqtOODM5NzQwLTY2OTkyMDAuanBnfHx8fHx8fHx8fHw2NDB4NDgw.jpg"}]}}]}