{"total":"23408","result":[{"ad_id":"901970","reg_year":"2001","make":"Nissan","model":"Micra","variant":"1.0 GX --OUTSTANDING VEHICLE @ A GREAT PRICE--","mileage":"58490","engine_size":"1.0","fuel_type":"Petrol","body_type":"Hatchback","colour":"0000c0","location":"Dublin","price":"\u20ac 2,450","images":{"base_url":"http:\/\/i0.carsie.ie\/","image_list":[{"thumb":"ZWNiZjRjMTQ1NmQzNDNmZjNiOGI5MzgxMmQwZmRmZTCaJ2lqGKjsQhuipAMWqQiFOTAxOTcwLTc0MjY3NDMuanBnfHx8fHx8OTJ4Njl8fHx8fA==.jpg","main":"YzA2MTQ1M2U4N2YxNTdiMmU2ZDJiMDU0YWU4OGVlNTNYqkIjCCuXE5xavbl8YtVHOTAxOTcwLTc0MjY3NDMuanBnfHx8fHx8fHx8fHw0MDB4MzAw.jpg","large":"NTZlMDAyZTllZTYwMGQ0OWU2ZmUyZWRiNjYxMTRkZWWGekexS_lQq-_9Y9rWWDzWOTAxOTcwLTc0MjY3NDMuanBnfHx8fHx8fHx8fHw2NDB4NDgw.jpg"}]}},{"ad_id":"900505","reg_year":"2003","make":"Nissan","model":"Micra","variant":"1.0 5DR Visia","mileage":"122000","engine_size":"1.0","fuel_type":"Petrol","body_type":"Hatchback","colour":"0000c0","location":"Galway","price":"\u20ac 2,450","images":{"base_url":"http:\/\/i0.carsie.ie\/","image_list":[{"thumb":"MmQxNGRkZTdkYjQ5Njg5MzM3MDhjYmM2Y2Y2NmQyOTIfGWpiUBl3MqKp2tLGW30nOTAwNTA1LTc0MDE2MjcuanBnfHx8fHx8OTJ4Njl8fHx8fA==.jpg","main":"NDk5MGQxNjAyOGI2MGFkNTc4MTRiMjI5ZTUzMDFkN2Ea1ABEIsr3pwzIL9LZFBfFOTAwNTA1LTc0MDE2MjcuanBnfHx8fHx8fHx8fHw0MDB4MzAw.jpg","large":"YWE4NGE2MzM0NTYxYzVjNzY0ZjU4NzgyOWY0MWI0NTe_7VpSLe0s3xzXEpyWBQaQOTAwNTA1LTc0MDE2MjcuanBnfHx8fHx8fHx8fHw2NDB4NDgw.jpg"}]}},{"ad_id":"865654","reg_year":"2002","make":"Nissan","model":"Primera","variant":"2.2 ViSIA DIESEL-SERVICED-NEW NCT-WARRANTY","mileage":"113000","engine_size":"2.2","fuel_type":"Diesel","body_type":"Saloon","colour":"0000c0","location":"Dublin","price":"\u20ac 2,450","images":{"base_url":"http:\/\/i0.carsie.ie\/","image_list":[{"thumb":"ZDQ2N2UyZTgzYWJlZGFjNDU4ZTQwODk0N2EwNDMzNmKrx33ZshICsw0LNcIQA07BODY1NjU0LS5qcGd8fHx8fHw5Mng2OXx8fHx8.jpg","main":"MGNiYzI0ZTY5ZDcwNzE2OTJkODA4NDQ4MDA0NjRlMWPzW548M5YTeafTFmALXbLgODY1NjU0LS5qcGd8fHx8fHx8fHx8fDQwMHgzMDA=.jpg","large":"YmUyZWEyNzY0MGM0ZTAyZmMyZDdlOGM3YmE5NTUzZGS-r7qszX2IqKPtDMDqJ6RWODY1NjU0LS5qcGd8fHx8fHx8fHx8fDY0MHg0ODA=.jpg"}]}},{"ad_id":"781804","reg_year":"2002","make":"Nissan","model":"Primera","variant":"1.6 Visia","mileage":"107000","engine_size":"1.6","fuel_type":"Petrol","body_type":"Saloon","colour":"0000c0","location":"Limerick","price":"\u20ac 2,450","images":{"base_url":"http:\/\/i0.carsie.ie\/","image_list":[{"thumb":"M2UzZGZjOTc4ODJhMjBkODRhZDE3MzQwNGJlYjhhNjJAQ1NToUBdPXlqFZ33OE7mNzgxODA0LTU5ODI1MzIuanBnfHx8fHx8OTJ4Njl8fHx8fA==.jpg","main":"ZGE5ZjkwZTkxYzI2OTQ4OTgzZTMzYTgwMmQ0MjE5MWGb-XHGqBWWcyXQaK4x4cC9NzgxODA0LTU5ODI1MzIuanBnfHx8fHx8fHx8fHw0MDB4MzAw.jpg","large":"YTlmZmFkNWEyYTU4ZGY3ZTk3Y2EzNzllYzZiMWEwNTYdLHk7f5gWue7mRU-Ys8WyNzgxODA0LTU5ODI1MzIuanBnfHx8fHx8fHx8fHw2NDB4NDgw.jpg"}]}},{"ad_id":"871682","reg_year":"2002","make":"Nissan","model":"Primera","variant":"2.2 ViSIA DIESEL","mileage":"113000","engine_size":"2.2","fuel_type":"Diesel","body_type":"Saloon","colour":"0000c0","location":"Waterford","price":"\u20ac 2,450","images":{"base_url":"http:\/\/i0.carsie.ie\/","image_list":[{"thumb":"Zjg3M2U4MDFmZTFmMDg4N2Q0M2Q3MWQ5NjE1NWEyNmROLsoMtR6Xz5kFhggPOsHIODcxNjgyLS5qcGd8fHx8fHw5Mng2OXx8fHx8.jpg","main":"ZmUzZWU0M2JiNDBlNjBkNTJjNDE1Njc2MWQ1ZTQxNjVjJZOqvjWy6gRaMG1yCdD_ODcxNjgyLS5qcGd8fHx8fHx8fHx8fDQwMHgzMDA=.jpg","large":"NzA5NjliNWQyZDViMWZlOWEyMDVmYmRhZDFlMGFhM2Qlj5GYYyMnvuHa0n5PTxxLODcxNjgyLS5qcGd8fHx8fHx8fHx8fDY0MHg0ODA=.jpg"}]}},{"ad_id":"791746","reg_year":"2003","make":"Nissan","model":"Tino","variant":"1.8 5DR","mileage":"42000","engine_size":"1.8","fuel_type":"Petrol","body_type":"Estate","colour":"e0e0e0","location":"Dublin","price":"\u20ac 2,450","images":{"base_url":"http:\/\/i0.carsie.ie\/","image_list":[{"thumb":"ZGE3ZDMyZjYwZmEzYmRjYzQ3ZGI5NDk1NWZjZjkyOTU-NVo7qx6NkR99ls2quQ7TNzkxNzQ2LTYxMDUxMDAuanBnfHx8fHx8OTJ4Njl8fHx8fA==.jpg","main":"NjU0ZTk0NDdlNDIwNTQyMDk4NTczYjUyZTZkNzcyMjJXX-mmHxChudo0d6vkwlauNzkxNzQ2LTYxMDUxMDAuanBnfHx8fHx8fHx8fHw0MDB4MzAw.jpg","large":"NTc4ZWQxYjVlZGM1N2RmZGNjYzgwMDZhMWJmMTExYWX2IjFu6_c4MAP1GosnISHTNzkxNzQ2LTYxMDUxMDAuanBnfHx8fHx8fHx8fHw2NDB4NDgw.jpg"}]}},{"ad_id":"901819","reg_year":"2002","make":"Opel","model":"Astra","variant":"GLX Z1.4 XE","mileage":"76781","engine_size":"1.4","fuel_type":"Petrol","body_type":"Hatchback","colour":"0000c0","location":"Dublin","price":"\u20ac 2,450","images":{"base_url":"http:\/\/i0.carsie.ie\/","image_list":[{"thumb":"MTNjMjVkYjY4ZWU4NTNiYTE4M2IwMjFlNzllM2RhNzB2396aLuua_1eH-Uh6YLyFOTAxODE5LTc0MjUxMTIuanBnfHx8fHx8OTJ4Njl8fHx8fA==.jpg","main":"OTYxZjcxNWNjMDQ5ODliMDY4NDRiZjgyZGRkOGViNDT-mIv5HQJe-zpfxoyuvOHmOTAxODE5LTc0MjUxMTIuanBnfHx8fHx8fHx8fHw0MDB4MzAw.jpg","large":"OWY5NTNhM2JlM2ZlMTljZjQ5YzY5ZjI3NWIyZWMwN2Xcqo-BzP0UivZaM7vfg0avOTAxODE5LTc0MjUxMTIuanBnfHx8fHx8fHx8fHw2NDB4NDgw.jpg"}]}},{"ad_id":"871301","reg_year":"2003","make":"Opel","model":"Corsa","variant":"Njoy 5 DR","mileage":"71000","engine_size":"1.0","fuel_type":"Petrol","body_type":"Hatchback","colour":"e0e0e0","location":"Dublin","price":"\u20ac 2,450","images":{"base_url":"http:\/\/i0.carsie.ie\/","image_list":[{"thumb":"Y2JlZTUyZDYzMjgwYWQ5ZWE5ODAxYWU4ZjI1MzQ1ZDi8UlXGQ6QNKteLZZtzCNroODcxMzAxLTc0MDM5ODEuanBnfHx8fHx8OTJ4Njl8fHx8fA==.jpg","main":"YTNkMGNmOGIxMDMxYzE2YmYzYjhmYmUwZWMyODJiNTOVgh3PLLbWUCnF4nVB8TpBODcxMzAxLTc0MDM5ODEuanBnfHx8fHx8fHx8fHw0MDB4MzAw.jpg","large":"ZTgyOGUyMjQzOTQ5MjJiODYxYzg1MGY1YTQzNTUxMGTkWFTyH6yVq-it2VAi2SwvODcxMzAxLTc0MDM5ODEuanBnfHx8fHx8fHx8fHw2NDB4NDgw.jpg"}]}},{"ad_id":"896642","reg_year":"2003","make":"Opel","model":"Corsa","variant":"Njoy","mileage":"124000","engine_size":"1.2","fuel_type":"Petrol","body_type":"Hatchback","colour":"e0e0e0","location":"Kildare","price":"\u20ac 2,450","images":{"base_url":"http:\/\/i0.carsie.ie\/","image_list":[{"thumb":"YjBkNDA3MzZkYzk4YzYwMjlhMDcyY2IwY2NmOGZlOWE9zMCSytsWSNIRkYm1DOJ-ODk2NjQyLTczNDQ5ODEuanBnfHx8fHx8OTJ4Njl8fHx8fA==.jpg","main":"MDg2MjMxMDIwNTVkZjgyNTRhNzdlY2E2OTM4YjFhMGVnmmVdNgYy4c6INFBY1gBuODk2NjQyLTczNDQ5ODEuanBnfHx8fHx8fHx8fHw0MDB4MzAw.jpg","large":"YWU5MDEwYjJiMmFiMzcyNWU3YzQ2YWFkMTg4ZGJjZmHkOf1Rv_BTwk_cvm0N6j05ODk2NjQyLTczNDQ5ODEuanBnfHx8fHx8fHx8fHw2NDB4NDgw.jpg"}]}},{"ad_id":"831477","reg_year":"2003","make":"Opel","model":"Meriva","variant":"Design 5DR","mileage":"100000","engine_size":"1.6","fuel_type":"Petrol","body_type":"Hatchback","colour":"e0e0e0","location":"Dublin","price":"\u20ac 2,450","images":{"base_url":"http:\/\/i0.carsie.ie\/","image_list":[{"thumb":"M2JiNzFlOTI1MTdlNzFiY2I4MzMyNjc2MDAyYTgwODFCGWaLg_fEHKKfKRp4uglEODMxNDc3LTY1OTA2MzMuanBnfHx8fHx8OTJ4Njl8fHx8fA==.jpg","main":"YmMyZGE3N2JlNWUyYjQ0M2RkMzEzMDYyMTViOTE2MGJcfuMPl1njdnTgHI3Fich0ODMxNDc3LTY1OTA2MzMuanBnfHx8fHx8fHx8fHw0MDB4MzAw.jpg","large":"YWJmM2NlZDBlZWZjMjVlMGZlYWM1NDUyMWUzODAzYzffiArVepaPlAd6FXJgMXvjODMxNDc3LTY1OTA2MzMuanBnfHx8fHx8fHx8fHw2NDB4NDgw.jpg"}]}},{"ad_id":"816736","reg_year":"2003","make":"Opel","model":"Vectra","variant":"CLUB 4 DOORS","mileage":"143526","engine_size":"1.8","fuel_type":"Petrol","body_type":"Saloon","colour":"0000c0","location":"Westmeath","price":"\u20ac 2,450","images":{"base_url":"http:\/\/i0.carsie.ie\/","image_list":[{"thumb":"ZGY3N2I0MWY1ZDc2NjZmNDM5Nzc2MDExODg1Y2I1ZTc9rWw8nUHoHPK4OfJ5wxdvODE2NzM2LTY0MTE5MjYuanBnfHx8fHx8OTJ4Njl8fHx8fA==.jpg","main":"MjQyMGNjNWUwODBjMTEyYzM1ZjQ1ZTgwMGIyYWY2YmZjaLDXUv15cSCA6QsMt7e8ODE2NzM2LTY0MTE5MjYuanBnfHx8fHx8fHx8fHw0MDB4MzAw.jpg","large":"ODVlNDUwNjU3ZWE5OTgxYjIyODZmM2NkZmQ0YWE1ZDUdv0NxiT6No_49ddfQaR3jODE2NzM2LTY0MTE5MjYuanBnfHx8fHx8fHx8fHw2NDB4NDgw.jpg"}]}},{"ad_id":"887953","reg_year":"2003","make":"Opel","model":"Zafira","variant":"Comfort Z16XE 5DR","mileage":"122000","engine_size":"1.6","fuel_type":"Petrol","body_type":"Hatchback","colour":"e0e0e0","location":"Dublin","price":"\u20ac 2,450","images":{"base_url":"http:\/\/i0.carsie.ie\/","image_list":[{"thumb":"Mjk1Njk0MGQzNWFhMWE5YWQ1YzZhZTU3YTQ0YTQ3ZjJb21KDsxpnYRqno5Q1k1_RODg3OTUzLTcyMzI3MTIuanBnfHx8fHx8OTJ4Njl8fHx8fA==.jpg","main":"ODM3ZTlkM2VlNjMzZjk5ZWMyNmU2OGMyY2I5OWZkYzBzKQFhwljg7E7c6nx0QV6aODg3OTUzLTcyMzI3MTIuanBnfHx8fHx8fHx8fHw0MDB4MzAw.jpg","large":"NGEzNDg5NDNhOGE3ZTQxM2YyYjFhOTgzOTNjZTBkN2FCA5ZhcZYOzraod7QGfFZ5ODg3OTUzLTcyMzI3MTIuanBnfHx8fHx8fHx8fHw2NDB4NDgw.jpg"}]}},{"ad_id":"838476","reg_year":"2003","make":"Peugeot","model":"206","variant":"Style 3DR","mileage":"77000","engine_size":"1.1","fuel_type":"Petrol","body_type":"Hatchback","colour":"858585","location":"Dublin","price":"\u20ac 2,450","images":{"base_url":"http:\/\/i0.carsie.ie\/","image_list":[{"thumb":"YWNmMDRmMTRiMWIzNDMxNDQyYjYwNzY2MjVkM2M2YznG3ao8uUBxGkkkI6Jm-80jODM4NDc2LTY2NzQ1NTYuanBnfHx8fHx8OTJ4Njl8fHx8fA==.jpg","main":"ZjBjMmE2YjViNzk3MDJkYTIyZTBiOWRmZmRiOTI1MTmGc3sCAjd6WrdJbIxWwVWQODM4NDc2LTY2NzQ1NTYuanBnfHx8fHx8fHx8fHw0MDB4MzAw.jpg","large":"ODcyYjMwNDc3ZjY3ZjlhZjgxZjkyNGQ1YTVlOGVhMjHwwnCdW_LHz6-oZmXqh_aQODM4NDc2LTY2NzQ1NTYuanBnfHx8fHx8fHx8fHw2NDB4NDgw.jpg"}]}},{"ad_id":"868668","reg_year":"2002","make":"Peugeot","model":"206","variant":"LX 5 Door 1.1","mileage":"82000","engine_size":"1.1","fuel_type":"Petrol","body_type":"Hatchback","colour":"0000c0","location":"Dublin","price":"\u20ac 2,450","images":{"base_url":"http:\/\/i0.carsie.ie\/","image_list":[{"thumb":"NmQ3M2E5ZGUwMDE3ZTcxODkyMTg1NzNjNTRlMzMxZDaCKDNJjNOn7UsoBKeBAkgHODY4NjY4LTcwMDU0MDguanBnfHx8fHx8OTJ4Njl8fHx8fA==.jpg","main":"NzQyNWFlOGQ4ZDkzZjdiNWI1OGFhYjhjMTJjNWU5NWJS2C6M_Fa9zPeLFTCubYYrODY4NjY4LTcwMDU0MDguanBnfHx8fHx8fHx8fHw0MDB4MzAw.jpg","large":"OTE0ZDU0ZTA3NzA3ODk1MTQ1MDM5M2EzNmI1ZGIzZDAf4EelI1FRENRJ93dMnezAODY4NjY4LTcwMDU0MDguanBnfHx8fHx8fHx8fHw2NDB4NDgw.jpg"}]}},{"ad_id":"900988","reg_year":"2002","make":"Peugeot","model":"307","variant":"XT","mileage":"90000","engine_size":"1.4","fuel_type":"Petrol","body_type":"Hatchback","colour":"008000","location":"Dublin","price":"\u20ac 2,450","images":{"base_url":"http:\/\/i0.carsie.ie\/","image_list":[{"thumb":"M2NmNjlhNTBiODc5N2IzM2Y3ZTYyMjY5NzZhYmEwMjmRjwyHM9wM4J7FCB363aFtOTAwOTg4LTc0MTQ4MTkuanBnfHx8fHx8OTJ4Njl8fHx8fA==.jpg","main":"YTYyMWYxYWZkODg5NDgwN2QyYjQ3OGNmMDRhMDlkMDcMSk7PFAV2tnII-tv9duxPOTAwOTg4LTc0MTQ4MTkuanBnfHx8fHx8fHx8fHw0MDB4MzAw.jpg","large":"OTFmNTZiYzE5NTZkZWY1MGEyNzRkN2MxZDA5NDg2OWRaZKdv__Dm9DRENCBQDa6lOTAwOTg4LTc0MTQ4MTkuanBnfHx8fHx8fHx8fHw2NDB4NDgw.jpg"}]}},{"ad_id":"897732","reg_year":"2003","make":"Peugeot","model":"307","variant":"XR","mileage":"","engine_size":"1.4","fuel_type":"Petrol","body_type":"Hatchback","colour":"858585","location":"Wicklow","price":"\u20ac 2,450","images":{"base_url":"http:\/\/i0.carsie.ie\/","image_list":[{"thumb":"MzRjYmM4NGUxN2M4YTAyOTNlMGY0ZDkzMDc2MjE2YjUWyXp4EFFEb4Lj4UEolyPXODk3NzMyLTczNTc0MTguanBnfHx8fHx8OTJ4Njl8fHx8fA==.jpg","main":"NjE5ZTRhMGRiMWQ5ODkzN2ZmNzk2OGIzNjBkNjE3MDikN4JCe3gCfTN0-d5TQdCbODk3NzMyLTczNTc0MTguanBnfHx8fHx8fHx8fHw0MDB4MzAw.jpg","large":"ZTM3NTdmOWUyZDYzOTZhMjE2M2FkMWY5N2Y2NGZiMDVy8w5Nt86acAio5Tg32EAJODk3NzMyLTczNTc0MTguanBnfHx8fHx8fHx8fHw2NDB4NDgw.jpg"}]}},{"ad_id":"891590","reg_year":"2004","make":"Peugeot","model":"607","variant":"S 2.0 ESP","mileage":"49000","engine_size":"2.0","fuel_type":"Petrol","body_type":"Saloon","colour":"0000c0","location":"Dublin","price":"\u20ac 2,450","images":{"base_url":"http:\/\/i0.carsie.ie\/","image_list":[{"thumb":"YmJiZTVmMWY2ZDRjOWNkN2QzNzdiNDY2ODA0ZWYxMmZAkUZJt9aM64fzEroeEHN2ODkxNTkwLTcyNjQ1NTQuanBnfHx8fHx8OTJ4Njl8fHx8fA==.jpg","main":"ZTcxNjg3NjAwMmQzYjA0ZDA3MDg3YzVlZDI4ZGI4MWLTqMb01rzvOLxgPvV50hpHODkxNTkwLTcyNjQ1NTQuanBnfHx8fHx8fHx8fHw0MDB4MzAw.jpg","large":"ZTRmMjkyMmU2MzFiOTIwNTYwYjQ0ZjU0YTgwZGY5NGN1iW24XPN4sF3Fq5kmJoTOODkxNTkwLTcyNjQ1NTQuanBnfHx8fHx8fHx8fHw2NDB4NDgw.jpg"}]}},{"ad_id":"886574","reg_year":"2003","make":"Renault","model":"Laguna","variant":"2 1.6 Mirage","mileage":"58000","engine_size":"1.6","fuel_type":"Petrol","body_type":"Hatchback","colour":"7a0000","location":"Meath","price":"\u20ac 2,450","images":{"base_url":"http:\/\/i0.carsie.ie\/","image_list":[{"thumb":"ZDJmZTU4NzM1Y2FkNmU5NmNiMDIzODFlNDRhNjRhNTIFOf8Mac0Q5bGkg8KuHlGAODg2NTc0LTcyMTcwMzAuanBnfHx8fHx8OTJ4Njl8fHx8fA==.jpg","main":"ODQyNzBhZjUwNjA2NTQwYzFjNzA3ZjFjMmM3NmE1N2afxeQG5jOYp3HEKLX3PvsaODg2NTc0LTcyMTcwMzAuanBnfHx8fHx8fHx8fHw0MDB4MzAw.jpg","large":"ODE5MGRlNmVhZDRjMmQ1MWQwOGQ3MzgwMDY2NTIwMmFlsmM__gvuBVXTdC8-A12-ODg2NTc0LTcyMTcwMzAuanBnfHx8fHx8fHx8fHw2NDB4NDgw.jpg"}]}},{"ad_id":"826844","reg_year":"2002","make":"Renault","model":"Megane","variant":"Expression 1.4","mileage":"53000","engine_size":"1.4","fuel_type":"Petrol","body_type":"Saloon","colour":"e0e0e0","location":"Dublin","price":"\u20ac 2,450","images":{"base_url":"http:\/\/i0.carsie.ie\/","image_list":[{"thumb":"YWZhMDM1YjdjY2NmNDBkODE0YWZhMjAwZmNhNjg1YTLfJTpjg8Fu085wQA6-nUocODI2ODQ0LTY1MzY5MTcuanBnfHx8fHx8OTJ4Njl8fHx8fA==.jpg","main":"N2M5YTdmNWI4ZGIxZTNjN2MyYWZiNTAzODA5NTU1ZTAXwVKLoB6EsbU3Fsuo0OD6ODI2ODQ0LTY1MzY5MTcuanBnfHx8fHx8fHx8fHw0MDB4MzAw.jpg","large":"NTg3MWNiOGZlYzAzMWRhZjlhYzVkODExMWY5NzhkMTX9lhDzXzBb70D9qWVOo_MgODI2ODQ0LTY1MzY5MTcuanBnfHx8fHx8fHx8fHw2NDB4NDgw.jpg"}]}},{"ad_id":"832660","reg_year":"2003","make":"Renault","model":"Megane","variant":"!12 MONTH WARRANTY!","mileage":"91479","engine_size":"1.4","fuel_type":"Petrol","body_type":"Coupe","colour":"ff0000","location":"Dublin","price":"\u20ac 2,450","images":{"base_url":"http:\/\/i0.carsie.ie\/","image_list":[{"thumb":"ODhjMjM0NTdiYjEyOTIwMDUzOGY2M2FkN2FhYjBhN2ZkDHhv-r8qToLkLl5S99DeODMyNjYwLTcwMTM0OTkuanBnfHx8fHx8OTJ4Njl8fHx8fA==.jpg","main":"OTQyZDJkOTY5ODRjNDUzZGIzMWRkMWEwZmJmNTg0MTlbtN8Wmqn1GmL-51QhRXZOODMyNjYwLTcwMTM0OTkuanBnfHx8fHx8fHx8fHw0MDB4MzAw.jpg","large":"YTllNmUzN2M5YTg3YWIzY2VlNThkZTE2N2M4ODYwZTcS6O9e9cb7xsCiQjJlw88hODMyNjYwLTcwMTM0OTkuanBnfHx8fHx8fHx8fHw2NDB4NDgw.jpg"}]}}]}