{"total":"23408","result":[{"ad_id":"897745","reg_year":"2003","make":"Ford","model":"Focus","variant":"Collection Zetec Sport 1.6 \/ nct 2014 \/ huge spec \/ upgraded 17\" alloys \/ call 086-8055412 anytime","mileage":"108000","engine_size":"1.6","fuel_type":"Petrol","body_type":"Hatchback","colour":"858585","location":"Dublin","price":"\u20ac 3,950","images":{"base_url":"http:\/\/i0.carsie.ie\/","image_list":[{"thumb":"ZTI4NjMxYjYwOTJkNTc1NjU1OGExMWQyZTVkNDRmZDcSxDKFCxwtKaqyxzwPhrgVODk3NzQ1LTczNTc1MzIuanBnfHx8fHx8OTJ4Njl8fHx8fA==.jpg","main":"ZGJhZjNmMzQ5NTIyODhkYmRjZDRkNjZiZTg3ZTcyNTC7js5-6C7uDvLxgytx7QkwODk3NzQ1LTczNTc1MzIuanBnfHx8fHx8fHx8fHw0MDB4MzAw.jpg","large":"NDNlNmI5NWQzMTBmYjg4ODZlNDAwMmUzOTdjZWE3NDmUC8kl1J7UaWRus8umc7-XODk3NzQ1LTczNTc1MzIuanBnfHx8fHx8fHx8fHw2NDB4NDgw.jpg"}]}},{"ad_id":"900833","reg_year":"2004","make":"Ford","model":"Focus","variant":"LX 5DR","mileage":"62000","engine_size":"1.4","fuel_type":"Petrol","body_type":"Hatchback","colour":"008000","location":"Dublin","price":"\u20ac 3,950","images":{"base_url":"http:\/\/i0.carsie.ie\/","image_list":[{"thumb":"MmViM2E2NjliZDIyNzViMjYyMmRmMDExNzdkMWQwYzXD0C1M1VPoK6BmhOeKPd4MOTAwODMzLTc0MDY3MjIuanBnfHx8fHx8OTJ4Njl8fHx8fA==.jpg","main":"NmJlNjRjMWFhY2M4YjBjOWYzNDE4MTBiNzdjYzY5M2Q704zWhr-SSFbENUTZlTxJOTAwODMzLTc0MDY3MjIuanBnfHx8fHx8fHx8fHw0MDB4MzAw.jpg","large":"MjA5ZWI3NzY0NTA4OTkyOTEwNzMzZDlkYjExNjJiZTDTNj6tYI7TBL2w5cJUUG6zOTAwODMzLTc0MDY3MjIuanBnfHx8fHx8fHx8fHw2NDB4NDgw.jpg"}]}},{"ad_id":"866742","reg_year":"2004","make":"Ford","model":"Focus","variant":"Collection 5 DR","mileage":"104000","engine_size":"1.4","fuel_type":"Petrol","body_type":"Hatchback","colour":"000000","location":"Galway","price":"\u20ac 3,950","images":{"base_url":"http:\/\/i0.carsie.ie\/","image_list":[{"thumb":"ZmQyZjNlODFkMzIxMDFmN2YyMWYzZjFmZDBmMTczMzYwV_nF2hRawlHOjs5odZWsODY2NzQyLS5qcGd8fHx8fHw5Mng2OXx8fHx8.jpg","main":"NjE2Nzg0NzgxY2I4OGM0NGFjOWJjZDM3MTFiZjg5YjVN-ayagVxRfATGi2pexdyrODY2NzQyLS5qcGd8fHx8fHx8fHx8fDQwMHgzMDA=.jpg","large":"YzNmNmIwZDVhMTdiYWZlYjMzMjZlMjgwMTg1ZTFlMWO5mjICfa5WRYd6CZGEePA7ODY2NzQyLS5qcGd8fHx8fHx8fHx8fDY0MHg0ODA=.jpg"}]}},{"ad_id":"295550","reg_year":"2004","make":"Ford","model":"Focus","variant":"","mileage":"71281","engine_size":"1.6","fuel_type":"Petrol","body_type":"Estate","colour":"ffffff","location":"Kerry","price":"\u20ac 3,950","images":{"base_url":"http:\/\/i0.carsie.ie\/","image_list":[{"thumb":"MjA2OGQxZGViNWJkOWRkM2Y4MDBjNDFkOGMyODM3YWLxjijDZzfvb6BIWRyShNo7Mjk1NTUwLTcxNDg4NjMuanBnfHx8fHx8OTJ4Njl8fHx8fA==.jpg","main":"M2Q1OTRkZmM5MjY0MGNkY2I2YzgyMzdmZTlmMTUwNjjiPLTLOw5a8Y5UH5yKaxRzMjk1NTUwLTcxNDg4NjMuanBnfHx8fHx8fHx8fHw0MDB4MzAw.jpg","large":"Nzg0YmQwZWRhNGM1YTlkYzI3YjgzYWMwNGQyMTYyZGaSuwdqpzRTKZrDXOt04eQPMjk1NTUwLTcxNDg4NjMuanBnfHx8fHx8fHx8fHw2NDB4NDgw.jpg"}]}},{"ad_id":"901324","reg_year":"2006","make":"Ford","model":"Focus","variant":"NT Ghia 1.6 115PS","mileage":"103771","engine_size":"1.6","fuel_type":"Petrol","body_type":"Saloon","colour":"858585","location":"Louth","price":"\u20ac 3,950","images":{"base_url":"http:\/\/i0.carsie.ie\/","image_list":[{"thumb":"ZjU5ZmI0ZmM5M2YyMjA5Y2M1NDgwMDM2MjM3NTkyMjbrjWHSZz0hOpnJbldlUTSsOTAxMzI0LTc0MTg0OTQuanBnfHx8fHx8OTJ4Njl8fHx8fA==.jpg","main":"NGQxNTQwODllMDY3MDc5ZGFlNzExOWRhMTM0MDU0MzGILKv4dSF5G_qfU2daxI0JOTAxMzI0LTc0MTg0OTQuanBnfHx8fHx8fHx8fHw0MDB4MzAw.jpg","large":"NDRkOGNhMDg1YjgwZGUwMzMzM2MzYWVlYzA0ZmMxYTjNGIQ17YH6HPBeTfoU9lJpOTAxMzI0LTc0MTg0OTQuanBnfHx8fHx8fHx8fHw2NDB4NDgw.jpg"}]}},{"ad_id":"893669","reg_year":"2004","make":"Ford","model":"Fusion","variant":"2 1.4","mileage":"73000","engine_size":"1.4","fuel_type":"Petrol","body_type":"Hatchback","colour":"ff0000","location":"Carlow","price":"\u20ac 3,950","images":{"base_url":"http:\/\/i0.carsie.ie\/","image_list":[{"thumb":"MDdhNGQ2ODFhZDc3YWY1YWU2ZWJkNGFhNDA2MjM2ZjVlJLsdE7xAOmYGfR7bnX1tODkzNjY5LTcyODIxODkuanBnfHx8fHx8OTJ4Njl8fHx8fA==.jpg","main":"MGFiMDBmZTY5NGUwOGU5NDM0ZTJiODc0ZjIxNzdlZmNnB6JwOod4-LcV1WVmqLzzODkzNjY5LTcyODIxODkuanBnfHx8fHx8fHx8fHw0MDB4MzAw.jpg","large":"MWJlYTRjZmJkNGMwYTFiZmJjNzk0NWMwMjg2YzlkMWaz9qlCZQRMenEWUt5qBVuNODkzNjY5LTcyODIxODkuanBnfHx8fHx8fHx8fHw2NDB4NDgw.jpg"}]}},{"ad_id":"645821","reg_year":"2003","make":"Ford","model":"Mondeo","variant":"1.8 lx","mileage":"90000","engine_size":"1.8","fuel_type":"Petrol","body_type":"Hatchback","colour":"e0e0e0","location":"Cork","price":"\u20ac 3,950","images":{"base_url":"http:\/\/i0.carsie.ie\/","image_list":[{"thumb":"MmQwNzBhYzkyZDE1ZDcxZmM0ZWMwMGE4YWNkZWZlZGQSr-Yx0kAi_7sUZeRuDsbmNjQ1ODIxLTQ1MTc0NTQuanBnfHx8fHx8OTJ4Njl8fHx8fA==.jpg","main":"MjEyMjViOWM3NjRjM2ExMTY5YTk0OWVjODQyMWUwNTgMlTBctnWmrJT_-E64Mzw9NjQ1ODIxLTQ1MTc0NTQuanBnfHx8fHx8fHx8fHw0MDB4MzAw.jpg","large":"ZGQxZGU2YjZjZWE5ODJmNDkzMDY4ODk1YTA2NDRkMDJvJcNrBiS7u2n6bx9hRBJmNjQ1ODIxLTQ1MTc0NTQuanBnfHx8fHx8fHx8fHw2NDB4NDgw.jpg"}]}},{"ad_id":"737330","reg_year":"2005","make":"Ford","model":"Mondeo","variant":null,"mileage":"100397","engine_size":"1.8","fuel_type":"Petrol","body_type":"Hatchback","colour":"e0e0e0","location":"Cork","price":"\u20ac 3,950","images":{"base_url":"http:\/\/i0.carsie.ie\/","image_list":[{"thumb":"YThjMjQ3MjViMzk3M2NmZDU3Y2JiN2NkMDVlNThlZjJMVep3v7gCcKFEKktGXiluNzM3MzMwLTYzOTE3OTUuanBnfHx8fHx8OTJ4Njl8fHx8fA==.jpg","main":"MzhhMWU0OTYxYjgwOGUyMDg1MDQyZTQ1MWU3M2M0YWa6LtXLGegrwI4HE2zOYb2lNzM3MzMwLTYzOTE3OTUuanBnfHx8fHx8fHx8fHw0MDB4MzAw.jpg","large":"ZWNiMjMwZGZjNzdjNjU0MWQxNzczZmYwMmFjOTg1YjSRT7vGZXl89lgycM6pMwM2NzM3MzMwLTYzOTE3OTUuanBnfHx8fHx8fHx8fHw2NDB4NDgw.jpg"}]}},{"ad_id":"782065","reg_year":"2003","make":"Ford","model":"Mondeo","variant":"Zetec","mileage":"165000","engine_size":"2.0","fuel_type":"Diesel","body_type":"Estate","colour":"e0e0e0","location":"Cork","price":"\u20ac 3,950","images":{"base_url":"http:\/\/i0.carsie.ie\/","image_list":[{"thumb":"ZjE2MTBjMWU3NGZiMDg4YzhiOTFkYjQzOGUxNmRmZjJAByLh8lnjTTg4yDzxRnQUNzgyMDY1LTU5ODY0ODcuanBnfHx8fHx8OTJ4Njl8fHx8fA==.jpg","main":"YWJiMTVkMzRiMWRkOWVmZDY5NDNiMTVhNGY4ODY0ZmS4dB04cbFKXcdw6dtj33iBNzgyMDY1LTU5ODY0ODcuanBnfHx8fHx8fHx8fHw0MDB4MzAw.jpg","large":"MDU4YmQ2NmVjYmFjZTA2MmY4MTQyODgzMjljNGIyM2QqgHIsI6pYsQkcOu9SBSHgNzgyMDY1LTU5ODY0ODcuanBnfHx8fHx8fHx8fHw2NDB4NDgw.jpg"}]}},{"ad_id":"867385","reg_year":"2005","make":"Ford","model":"Mondeo","variant":"2.0 LX 115PS 4DR","mileage":"134530","engine_size":"2.0","fuel_type":"Diesel","body_type":"Saloon","colour":"0000c0","location":"Cork","price":"\u20ac 3,950","images":{"base_url":"http:\/\/i0.carsie.ie\/","image_list":[{"thumb":"MWFhNjVkMzQwNTkwZGZiNjFkYWRjMjZhMTliZjE5Y2IIQ_Q9H3xZmbNMUuqeKURiODY3Mzg1LTY5OTA1MDguanBnfHx8fHx8OTJ4Njl8fHx8fA==.jpg","main":"NTg1ZjkzZmRiOWM2YjhlMzJjN2ZhNmI0OGM1MjRlMTCToLEOs9mkEWwkKc6WwxoiODY3Mzg1LTY5OTA1MDguanBnfHx8fHx8fHx8fHw0MDB4MzAw.jpg","large":"OWY5NWY0NmQ0ZmRkZTEzNTkyOWEyZjA0NjhjOWVmZjGNF2D2AueDJkNL9w2iVAaYODY3Mzg1LTY5OTA1MDguanBnfHx8fHx8fHx8fHw2NDB4NDgw.jpg"}]}},{"ad_id":"889101","reg_year":"2005","make":"Ford","model":"Mondeo","variant":"1.8 ZETEC 125PS 4D","mileage":"63100","engine_size":"1.8","fuel_type":"Petrol","body_type":"Hatchback","colour":"0000c0","location":"Cork","price":"\u20ac 3,950","images":{"base_url":"http:\/\/i0.carsie.ie\/","image_list":[{"thumb":"NWQ0ZTg5Y2NhMTIyMGY4ZDc1ZjVhMTEzY2I2ODNmMzQr5Uvoeez-BIqIQtw4NPfqODg5MTAxLTcyNzI3MzEuanBnfHx8fHx8OTJ4Njl8fHx8fA==.jpg","main":"ZjEzZTk5ZDgxMWIxNmRmNGExMTkxNTU3Njg0ZDlhZmXNqof8RfjMmQJCHj7eIn7iODg5MTAxLTcyNzI3MzEuanBnfHx8fHx8fHx8fHw0MDB4MzAw.jpg","large":"MzdjODY5YjNiYjdmN2NkNTE4MWRkYTA2M2E0NjMyM2FLyPnZ7a66KL4DvAo_w362ODg5MTAxLTcyNzI3MzEuanBnfHx8fHx8fHx8fHw2NDB4NDgw.jpg"}]}},{"ad_id":"872108","reg_year":"2006","make":"Ford","model":"Mondeo","variant":"Zetec TDCI","mileage":"160000","engine_size":"2.0","fuel_type":"Diesel","body_type":"Estate","colour":"000000","location":"Dublin","price":"\u20ac 3,950","images":{"base_url":"http:\/\/i0.carsie.ie\/","image_list":[{"thumb":"YWQxMmEwNjk5M2JjYmYzMzcyNDQzNjAwMWE2MmFlZDCJeWON0ZIWu3uor5ySvptvODcyMTA4LTcwMzk4NDIuanBnfHx8fHx8OTJ4Njl8fHx8fA==.jpg","main":"MWEyMThjZGI2Njk0NjRiNjc4NDFmM2QwNjFlZmI1M2H5pl2Skl_hTRnWErIVLtuFODcyMTA4LTcwMzk4NDIuanBnfHx8fHx8fHx8fHw0MDB4MzAw.jpg","large":"MzNiNWYyOGU5NjgyMDAyYTEwNDljNjM5YTQxYTBmZjIhTP_HKAOsY9Ns5HX7ncgTODcyMTA4LTcwMzk4NDIuanBnfHx8fHx8fHx8fHw2NDB4NDgw.jpg"}]}},{"ad_id":"874973","reg_year":"2004","make":"Ford","model":"Mondeo","variant":"LX TDCI 140 BHP-NEW NCT-WARRANTY-TRADE IN-EXCEPTIONAL","mileage":"141000","engine_size":"2.0","fuel_type":"Diesel","body_type":"Hatchback","colour":"e0e0e0","location":"Dublin","price":"\u20ac 3,950","images":{"base_url":"http:\/\/i0.carsie.ie\/","image_list":[{"thumb":"N2Q5ZDJjYjhhNzRjNmMzOTI2NjhhZjY4MGVlMzAxMTTcicMRFsPK8PBxsuyV4z37ODc0OTczLTcwNzc2MzEuanBnfHx8fHx8OTJ4Njl8fHx8fA==.jpg","main":"MWM3MjQxNjcxNGExNmIzZGFjZDEwOWViNDU3YmI3NWHCtm3xaLgn3abjqnoJ8TfIODc0OTczLTcwNzc2MzEuanBnfHx8fHx8fHx8fHw0MDB4MzAw.jpg","large":"NGIxY2IwMmFhNzI5ZjNjZmY3Y2RlNzgyZWI3OWU3MzJ3fqqe3fcw9_eyQCsuBtPPODc0OTczLTcwNzc2MzEuanBnfHx8fHx8fHx8fHw2NDB4NDgw.jpg"}]}},{"ad_id":"898277","reg_year":"2006","make":"Ford","model":"Mondeo","variant":"Platinum 1.8 5DR","mileage":"73580","engine_size":"1.8","fuel_type":"Petrol","body_type":"Hatchback","colour":"0000c0","location":"Louth","price":"\u20ac 3,950","images":{"base_url":"http:\/\/i0.carsie.ie\/","image_list":[{"thumb":"OWYxNjJhMzZlY2I4MGU0NGUxZjliMjJlZTI3Mjc5ZjFvOV7r3vMpEZ27M73hpd-kODk4Mjc3LTczNjM4NTAuanBnfHx8fHx8OTJ4Njl8fHx8fA==.jpg","main":"OTgzNGMwYWE2N2NkZTkxYjM1NWFjOTM5YmI3M2NmYjSwQVjf-V6w0RMRv6yv-tSiODk4Mjc3LTczNjM4NTAuanBnfHx8fHx8fHx8fHw0MDB4MzAw.jpg","large":"ZDk5ZjMyNmI1Zjg1MjYwNDA5ZmQxZGI2MjgzYzk1Mjkhaxx1MDf6fFVCrYZpVjcTODk4Mjc3LTczNjM4NTAuanBnfHx8fHx8fHx8fHw2NDB4NDgw.jpg"}]}},{"ad_id":"874976","reg_year":"2004","make":"Ford","model":"Mondeo","variant":"LX TDCI 140 BHP-TRADE IN-WARRANTY-EXCEPTIONAL","mileage":"125000","engine_size":"2.0","fuel_type":"Diesel","body_type":"Hatchback","colour":"e0e0e0","location":"Waterford","price":"\u20ac 3,950","images":{"base_url":"http:\/\/i0.carsie.ie\/","image_list":[{"thumb":"MjMwNTFkZDljYjMxODkyMmMyYWVjZGMzYmExZWQ3OTAO_IqcRx6S7yQ3YW3rr7-aODc0OTc2LTcwOTg5MDkuanBnfHx8fHx8OTJ4Njl8fHx8fA==.jpg","main":"YTkwN2UwYmIyOWI0NTRhZjlhMDkyOGRlNzcyZDMxNzMt7X-VxN1DDPv2qd5u-pNwODc0OTc2LTcwOTg5MDkuanBnfHx8fHx8fHx8fHw0MDB4MzAw.jpg","large":"YzA3OGNjNzNmZTgyYTdmY2M0ZDY1OTFmNWZmMGJhY2VoyCCcHkEsn2-Rw0xXBNPCODc0OTc2LTcwOTg5MDkuanBnfHx8fHx8fHx8fHw2NDB4NDgw.jpg"}]}},{"ad_id":"897281","reg_year":"2005","make":"Ford","model":"Transit Connect","variant":"1.8TDCI SLIDING DOOR. WWW. SARSFIELDMOTORS. IE","mileage":"95000","engine_size":"1.8","fuel_type":"Diesel","body_type":null,"colour":"ffffff","location":"Dublin","price":"\u20ac 3,950","images":{"base_url":"http:\/\/i0.carsie.ie\/","image_list":[{"thumb":"NmJlODQzYzFlNWM2NTU0YTM0MDZmODM1YjZmYTY0OWFTp-nr5e2R295TQO52BjawODk3MjgxLTczNTM3NTAuanBnfHx8fHx8OTJ4Njl8fHx8fA==.jpg","main":"ZjIwODMzMDc4OTA5OGRhOTc1ZGU5MGEwZTdlNjRlZTU7VYjpynJmvDRz5H29ddEiODk3MjgxLTczNTM3NTAuanBnfHx8fHx8fHx8fHw0MDB4MzAw.jpg","large":"MDI2NWUyN2MyZDYxOTgyMjFmMjRhZmFkYzJkNmE0MDUom0eUSw7rghR2lYwVNzpLODk3MjgxLTczNTM3NTAuanBnfHx8fHx8fHx8fHw2NDB4NDgw.jpg"}]}},{"ad_id":"898186","reg_year":"2003","make":"Honda","model":"Accord","variant":"2.0i Vtec SE 04DR A","mileage":"105000","engine_size":"2.0","fuel_type":"Petrol","body_type":"Saloon","colour":"858585","location":"Dublin","price":"\u20ac 3,950","images":{"base_url":"http:\/\/i0.carsie.ie\/","image_list":[{"thumb":"MGNjNDU1YjY3NTY4ZjQ2NWVlYWU1OTVkNjU1NDI3ZjldZplNglozxDPSPVNRTe8MODk4MTg2LTczNjMyMTEuanBnfHx8fHx8OTJ4Njl8fHx8fA==.jpg","main":"NjUzYTZiODBmMDllZjZkYjY0NmJiOTI2YWQyZjNhOWHfZkqFfCAA2bm9jfENev8gODk4MTg2LTczNjMyMTEuanBnfHx8fHx8fHx8fHw0MDB4MzAw.jpg","large":"Y2FlMTg5ODY3YTM5YTNhN2NhZDMxOTBjMmE3NGYwZThIdAfadIV7WQV4aByG4uuBODk4MTg2LTczNjMyMTEuanBnfHx8fHx8fHx8fHw2NDB4NDgw.jpg"}]}},{"ad_id":"901942","reg_year":"2003","make":"Honda","model":"Civic","variant":null,"mileage":"78000","engine_size":"1.4","fuel_type":"Petrol","body_type":null,"colour":"e0e0e0","location":"Cork","price":"\u20ac 3,950","images":{"base_url":"http:\/\/i0.carsie.ie\/","image_list":[{"thumb":"OWZiNTJmYzk0NjNkZDk2MzA1YmZjZWZmNDM2ZjNhNWSTfM0mBC5BcecfSCdJxGLgOTAxOTQyLTc0Mjg1NDIuanBnfHx8fHx8OTJ4Njl8fHx8fA==.jpg","main":"Mjg2ZjcwZTViOWE3ZDU4MzI3MzJjN2NkYzEyMmJlYmGAD0o3y2tXI46eu06T2lyJOTAxOTQyLTc0Mjg1NDIuanBnfHx8fHx8fHx8fHw0MDB4MzAw.jpg","large":"OTM4ZTMxZmYwNTIxYmQ1OGIyM2JmZGZiY2ZkZGZmNzXgFY-kNp1urdm2TCTKocEKOTAxOTQyLTc0Mjg1NDIuanBnfHx8fHx8fHx8fHw2NDB4NDgw.jpg"}]}},{"ad_id":"800240","reg_year":"2003","make":"Honda","model":"Civic","variant":"Type-s","mileage":"90000","engine_size":"2.0","fuel_type":"Petrol","body_type":"Hatchback","colour":"e0e0e0","location":"Dublin","price":"\u20ac 3,950","images":{"base_url":"http:\/\/i0.carsie.ie\/","image_list":[{"thumb":"MTJlNDIyZWZiZDQ0MTllZjQ2Mjc2OWRiNThiYTc2ZWLl9jz7CpMQcxf_gcYB-s-QODAwMjQwLTYyMDM1MTQuanBnfHx8fHx8OTJ4Njl8fHx8fA==.jpg","main":"ODFiN2QzNTJmYmU2ZDA3ZWM4NDkyODBjYmQxMWNjNmJt6yv2e2kbrTblEx0BC2xnODAwMjQwLTYyMDM1MTQuanBnfHx8fHx8fHx8fHw0MDB4MzAw.jpg","large":"ZDQ4ODAyMjhkMGM5NWNlNWNlYzYwZTc5Mzc3OTA0OGHxWkD9cVwiXz0TnfK9Ii5fODAwMjQwLTYyMDM1MTQuanBnfHx8fHx8fHx8fHw2NDB4NDgw.jpg"}]}},{"ad_id":"892230","reg_year":"2004","make":"Honda","model":"Civic","variant":"1.6 SPORT NCT JANUARY 2014","mileage":"52700","engine_size":"1.6","fuel_type":"Petrol","body_type":"Hatchback","colour":"b04a49","location":"Dublin","price":"\u20ac 3,950","images":{"base_url":"http:\/\/i0.carsie.ie\/","image_list":[{"thumb":"ZGI1MTMxZjk4ZjE1YmEzNWRjY2YwMmI2YzE4MGYxYTGcToNR_Faqv7Dj7U3kMddhODkyMjMwLTcyNzA2OTQuanBnfHx8fHx8OTJ4Njl8fHx8fA==.jpg","main":"MzQxOWQ5YzY5MjEwZGFlNWEyYzFhNWIzY2M3Njg1YjJtcG2Jx36oPeFnmaWDo5r3ODkyMjMwLTcyNzA2OTQuanBnfHx8fHx8fHx8fHw0MDB4MzAw.jpg","large":"MGYzMDE5YzRlMTQ3YTc4NTcxZDc3ODY3N2M5NWFmZGRwGtBhklNsQcDH_o5MXkNrODkyMjMwLTcyNzA2OTQuanBnfHx8fHx8fHx8fHw2NDB4NDgw.jpg"}]}}]}