{"total":"23408","result":[{"ad_id":"895892","reg_year":"2009","make":"Ford","model":"Ka","variant":"ka 2009my 1.2 style","mileage":"81491","engine_size":"1.2","fuel_type":"Petrol","body_type":"Hatchback","colour":"000000","location":"Dublin","price":"\u20ac 6,950","images":{"base_url":"http:\/\/i0.carsie.ie\/","image_list":[{"thumb":"NDk2MjNmNGE5YzYzZjEwM2I2NGQ5M2Y2Zjk1ODExYWZ35bM5EzTW5EbL5F2dC00EODk1ODkyLTczMjcxNzguanBnfHx8fHx8OTJ4Njl8fHx8fA==.jpg","main":"YzI2ZWY1M2NjNGNlZjYwNTJmNDhkOTBiMzcxMTUwNTnJye8JORTyo63CpHK_uf1qODk1ODkyLTczMjcxNzguanBnfHx8fHx8fHx8fHw0MDB4MzAw.jpg","large":"NWM4YWIzZDVhNTQ0NDEyMGM3ZTRhODRhNDUyY2VmMTZbmEo2Cx8hc_mfoFT9bCVxODk1ODkyLTczMjcxNzguanBnfHx8fHx8fHx8fHw2NDB4NDgw.jpg"}]}},{"ad_id":"863090","reg_year":"2010","make":"Ford","model":"Ka","variant":"STUDIO 1.2 *MICHAEL DAFFY CAR SALES*","mileage":"39819","engine_size":"1.2","fuel_type":"Petrol","body_type":"Hatchback","colour":"858585","location":"Limerick","price":"\u20ac 6,950","images":{"base_url":"http:\/\/i0.carsie.ie\/","image_list":[{"thumb":"NjlmOGRiZmZlMzdkY2JhMzhlOTcwNWE2YWQ3OWFmNzh-qZiDD0Ugb3iHZxqmEfKQODYzMDkwLTY5Mzc2MzguanBnfHx8fHx8OTJ4Njl8fHx8fA==.jpg","main":"ZWVlOTlhNTRhNmM0NzU1YzNkNjc1ZTZiOTY3YmJiZmJdnt9t9HQs77kF99rVVxTMODYzMDkwLTY5Mzc2MzguanBnfHx8fHx8fHx8fHw0MDB4MzAw.jpg","large":"ZjhkZmUyYjYwZGQ5NGFiNWU5YjQxZTI0M2Q3MmJkMzNAHLxikPoQ01Oj1_MgUl6fODYzMDkwLTY5Mzc2MzguanBnfHx8fHx8fHx8fHw2NDB4NDgw.jpg"}]}},{"ad_id":"884127","reg_year":"2006","make":"Ford","model":"Mondeo","variant":"2.0 TD CI LX 115BHP 05DR","mileage":"65245","engine_size":"2.0","fuel_type":"Diesel","body_type":"Estate","colour":"e0e0e0","location":"Cork","price":"\u20ac 6,950","images":{"base_url":"http:\/\/i0.carsie.ie\/","image_list":[{"thumb":"NjNlMjY2NzRiZWEzNWE3ZjBiMTAzZjdkODYxM2EwYjMcqP7Iay1NMeeSPbNmLlemODg0MTI3LTcxOTE0NTEuanBnfHx8fHx8OTJ4Njl8fHx8fA==.jpg","main":"NDZkOTY0NmQ5MDM5NmFkMWEwZTU1MjRlM2E2YzQ3OWEpL7CXXXcpX9vFDmaG4_m9ODg0MTI3LTcxOTE0NTEuanBnfHx8fHx8fHx8fHw0MDB4MzAw.jpg","large":"MTk3NWZhMjQzNjFiNGFkOTBlZjJmZmM5NzUzZGE4OGbC0NisnHP7l_pjdfcUPuvpODg0MTI3LTcxOTE0NTEuanBnfHx8fHx8fHx8fHw2NDB4NDgw.jpg"}]}},{"ad_id":"888911","reg_year":"2007","make":"Ford","model":"Mondeo","variant":"2.0 ZETEC 145PS 5 SPEED","mileage":"59107","engine_size":"2.0","fuel_type":"Petrol","body_type":"Hatchback","colour":"e0e0e0","location":"Cork","price":"\u20ac 6,950","images":{"base_url":"http:\/\/i0.carsie.ie\/","image_list":[{"thumb":"MDYyMGZlZmIwYzdmYzA3ZTE4NTZjZmNhZDhjNzBjZWXnHkiwIkIbr9hl-Rx0HpasODg4OTExLTczNTE2MTkuanBnfHx8fHx8OTJ4Njl8fHx8fA==.jpg","main":"NWFhNzc5ZmIyNzI0NThmNzk4ODgzMDIyY2JhYWE4NTNH2z8kON7RVX1E-s9ZXXarODg4OTExLTczNTE2MTkuanBnfHx8fHx8fHx8fHw0MDB4MzAw.jpg","large":"ODUzMDEzNzA2OTliN2UyOTNlZDQ1MDA2ZTUwYzNhNThRr2rFyODnX7dUXLI5abTbODg4OTExLTczNTE2MTkuanBnfHx8fHx8fHx8fHw2NDB4NDgw.jpg"}]}},{"ad_id":"883151","reg_year":"2008","make":"Ford","model":"Mondeo","variant":"2.0 ZETEC NCT JUNE 2014","mileage":"107800","engine_size":"2.0","fuel_type":"Petrol","body_type":"Saloon","colour":"e0e0e0","location":"Dublin","price":"\u20ac 6,950","images":{"base_url":"http:\/\/i0.carsie.ie\/","image_list":[{"thumb":"OThhMDhiMjgwODc4ZTlkNDAyZTRjNmIwNTEyMDA2MDNIb41JE92cBIMwIeRounDvODgzMTUxLTcxNzM3NDcuanBnfHx8fHx8OTJ4Njl8fHx8fA==.jpg","main":"Y2QyMWFmMDYzYzZlNGUxY2UyY2QyY2JkMDM2YzJhYWTOex8IYHeYvFi4aEbeyZtKODgzMTUxLTcxNzM3NDcuanBnfHx8fHx8fHx8fHw0MDB4MzAw.jpg","large":"ZWNhYTBhYzQ5NWEyNGFhOWMyNGM0ZjFmNWMxMjI5MjJ9FNoSvEZYPDTlTU1wZYfjODgzMTUxLTcxNzM3NDcuanBnfHx8fHx8fHx8fHw2NDB4NDgw.jpg"}]}},{"ad_id":"899437","reg_year":"2007","make":"Ford","model":"Mondeo","variant":"Platinum 1.8 5DR--OUTSTANDING VALUE FOR MONEY--","mileage":"52397","engine_size":"1.8","fuel_type":"Petrol","body_type":"Hatchback","colour":"000000","location":"Dublin","price":"\u20ac 6,950","images":{"base_url":"http:\/\/i0.carsie.ie\/","image_list":[{"thumb":"MTFjYWEyNzk5ZTExZWI1MGVmZjdlYTAxNzE5MTk4YjgNkjdJqkKiCGyfa8FiQIdmODk5NDM3LTczNzgyODUuanBnfHx8fHx8OTJ4Njl8fHx8fA==.jpg","main":"Y2UzNjMyZjZlZWM5MGQyNWMzZDkzZjE0MDY5MjU5NjFxRZ1OAc4-MqIMRKcmmQFwODk5NDM3LTczNzgyODUuanBnfHx8fHx8fHx8fHw0MDB4MzAw.jpg","large":"MGMwMGZhYmM1ZTc2YTA1MjZiNWRjNTM3NDc1MTNiMjiu-XnAUa-3McwP7JwFm2I0ODk5NDM3LTczNzgyODUuanBnfHx8fHx8fHx8fHw2NDB4NDgw.jpg"}]}},{"ad_id":"896012","reg_year":"2008","make":"Ford","model":"Transit","variant":"280LWB 2.4 115PS M\/R","mileage":"74255","engine_size":"2.4","fuel_type":"Diesel","body_type":"Van","colour":"0000c0","location":"Carlow","price":"\u20ac 6,950","images":{"base_url":"http:\/\/i0.carsie.ie\/","image_list":[{"thumb":"ZmFkYTg5NDAzMWFlZjEzZTZjMTdhZTllOWRhMTI3NDHh3RZMO8A9Vv0YACD2_VQ0ODk2MDEyLTczMjk0MTMuanBnfHx8fHx8OTJ4Njl8fHx8fA==.jpg","main":"NjRlNDdhOWM1NmZmNTMzZmMxYWY0NTA4M2M3YWRlZmId8XGT_P5fM9qtRIYtVVFEODk2MDEyLTczMjk0MTMuanBnfHx8fHx8fHx8fHw0MDB4MzAw.jpg","large":"ZWNkYThiYzFiMTNkOGYwZDcwOThjYTMwYmM3ZGUwMzTCgDG6o8NCud5z22GLwAakODk2MDEyLTczMjk0MTMuanBnfHx8fHx8fHx8fHw2NDB4NDgw.jpg"}]}},{"ad_id":"885841","reg_year":"2006","make":"Ford","model":"Transit","variant":"280 LWB M\/R 5DR","mileage":"78889","engine_size":"2.4","fuel_type":"Diesel","body_type":"Van","colour":"e0e0e0","location":"Cavan","price":"\u20ac 6,950","images":{"base_url":"http:\/\/i0.carsie.ie\/","image_list":[{"thumb":"NjhhZDk4N2VmMzQyZDM1ZDgwMWQ0MWVjY2JlNDhmZjCFSKTR2HVnMp2ORyhryxAPODg1ODQxLTczNDE4MTQuanBnfHx8fHx8OTJ4Njl8fHx8fA==.jpg","main":"MTUxMTMyZDg4OTI3OTE1YTc5Y2JjYjQwY2Q3NzQxOTjE28hpBk5km5-xOvo5eLVSODg1ODQxLTczNDE4MTQuanBnfHx8fHx8fHx8fHw0MDB4MzAw.jpg","large":"OWNkYTg3ZjNhZThkMGE0ODE5NWI1ZmU0YjIyNGNkNWK_v6b6vlaGAazdjzGx9oMjODg1ODQxLTczNDE4MTQuanBnfHx8fHx8fHx8fHw2NDB4NDgw.jpg"}]}},{"ad_id":"846524","reg_year":"2008","make":"Ford","model":"Transit","variant":"260SWB 2.2 85 PS","mileage":"84508","engine_size":"2.2","fuel_type":"Diesel","body_type":"Van","colour":"ffffff","location":"Louth","price":"\u20ac 6,950","images":{"base_url":"http:\/\/i0.carsie.ie\/","image_list":[{"thumb":"ODhlYjkyN2E3ZjdmMWZmOTdhNDdiODZkMmIzZjc4OGQI9037M6Ji4M8uZIAUSUt5ODQ2NTI0LTY3NjA0ODQuanBnfHx8fHx8OTJ4Njl8fHx8fA==.jpg","main":"ZjA1ZTg5MGIzYzBkNWNkNWI4YzAzOGMzNGIxMTlhMDKxtEia6I_qHlYYxxUeM-uCODQ2NTI0LTY3NjA0ODQuanBnfHx8fHx8fHx8fHw0MDB4MzAw.jpg","large":"N2U2ZjM2OTA0ODcwMTUwZmRmODZkYmNiNWNmYTA3MDXnQy8jR7bz2LVzdavbn66HODQ2NTI0LTY3NjA0ODQuanBnfHx8fHx8fHx8fHw2NDB4NDgw.jpg"}]}},{"ad_id":"893662","reg_year":"2008","make":"Ford","model":"Transit","variant":"260 SWB LR","mileage":"69800","engine_size":"2.2","fuel_type":"Diesel","body_type":"Hatchback","colour":"ffffff","location":"Louth","price":"\u20ac 6,950","images":{"base_url":"http:\/\/i0.carsie.ie\/","image_list":[{"thumb":"MDMyOGNmYTJkN2VmMDU1ODU1YzQ3OTRjNjQwODY1MmUMzEdV9yPZC_KRsPPBP_-3ODkzNjYyLTczMDU0MTMuanBnfHx8fHx8OTJ4Njl8fHx8fA==.jpg","main":"MjYyNmFjNWQ0MTNjOTAwZWZmNWU2NGNkYWY5OTZmY2IeigiEYAfX97vn2Xh7nk2FODkzNjYyLTczMDU0MTMuanBnfHx8fHx8fHx8fHw0MDB4MzAw.jpg","large":"ZjhlN2YwMzUyYWU5ZGEzNzE5ZTM1MGM5NzE2Y2M4MWQ6UFN5gDb3g2Qd0n04eLV0ODkzNjYyLTczMDU0MTMuanBnfHx8fHx8fHx8fHw2NDB4NDgw.jpg"}]}},{"ad_id":"895364","reg_year":"2008","make":"Ford","model":"Transit Connect","variant":"T230 LX LWB 90 TDCI","mileage":"72000","engine_size":"1.8","fuel_type":"Diesel","body_type":"Hatchback","colour":"ffffff","location":"Cork","price":"\u20ac 6,950","images":{"base_url":"http:\/\/i0.carsie.ie\/","image_list":[{"thumb":"MzUxZDU5MjkyMzlmNjM2M2ZiMzc5NmNiMzkxZTc4ZjdAsVk1Ub2AZHkdai5f-_OVODk1MzY0LTczMjM0MTIuanBnfHx8fHx8OTJ4Njl8fHx8fA==.jpg","main":"ZDFmZDJlODFhODgyM2ZkMmE0YTQ2ZDE3NjI0ZTRkMGQLxMU5BVDXssforyZ3tvKBODk1MzY0LTczMjM0MTIuanBnfHx8fHx8fHx8fHw0MDB4MzAw.jpg","large":"OTgyMzJmYjg0MTU0NzVmMmFiNDJiYzQ1NWUwNjJkZTcy9TFwABHTwJjJpx_xFelkODk1MzY0LTczMjM0MTIuanBnfHx8fHx8fHx8fHw2NDB4NDgw.jpg"}]}},{"ad_id":"897897","reg_year":"2008","make":"Ford","model":"Transit Connect","variant":"NT T220 LWB 1.8tdci 75PS 05R 0","mileage":"33165","engine_size":"1.8","fuel_type":"Diesel","body_type":"Van","colour":"ff0000","location":"Kildare","price":"\u20ac 6,950","images":{"base_url":"http:\/\/i0.carsie.ie\/","image_list":[{"thumb":"MjVjYzk4N2VjOTc5NTA2YWY0OGY0NDk3NDQ2Njg0ZDi5QPvch0aD7NnAsKH0dpr_ODk3ODk3LTczNTg5ODkuanBnfHx8fHx8OTJ4Njl8fHx8fA==.jpg","main":"NTdiNDE5NjI4N2FjYmUzOTM2ZDY2ZWIwYjZlZTVmNjI4Ls4gdW6VPYjTt4juWWxMODk3ODk3LTczNTg5ODkuanBnfHx8fHx8fHx8fHw0MDB4MzAw.jpg","large":"ZjYwMTg5NDNmMWRkZjc3MGY3YmZjMjIyZjc4MGIzYmZ0Q71ZVWe6wYlAOfGk0EGBODk3ODk3LTczNTg5ODkuanBnfHx8fHx8fHx8fHw2NDB4NDgw.jpg"}]}},{"ad_id":"899896","reg_year":"2006","make":"Honda","model":"Accord","variant":"2.0 Executive AUTOMATIC","mileage":"77456","engine_size":"2.0","fuel_type":"Petrol","body_type":"Saloon","colour":"0000c0","location":"Cork","price":"\u20ac 6,950","images":{"base_url":"http:\/\/i0.carsie.ie\/","image_list":[{"thumb":"ZDFiNmZkNzk2ODc3ZDVjYjQxNjBhNzUzMmQ5OWNiZDaqTc0X0QKBIHHUHQRVoBWkODk5ODk2LTczODI1MjMuanBnfHx8fHx8OTJ4Njl8fHx8fA==.jpg","main":"YTUxNzRmZmFkOThkNGFkZmYzYTcyNjc0NmIzMGIwNmQGwMByQyM3iSstfR-FKVjaODk5ODk2LTczODI1MjMuanBnfHx8fHx8fHx8fHw0MDB4MzAw.jpg","large":"ZTZkNjE2NTY3M2IxN2VkZGMxMGFjNDNiNjZlMTk3ZTfVdq7wUFA7D0EXrbp1h1STODk5ODk2LTczODI1MjMuanBnfHx8fHx8fHx8fHw2NDB4NDgw.jpg"}]}},{"ad_id":"866028","reg_year":"2004","make":"Honda","model":"Accord","variant":null,"mileage":"78000","engine_size":"2.4","fuel_type":"Petrol","body_type":null,"colour":"0000c0","location":"Dublin","price":"\u20ac 6,950","images":{"base_url":"http:\/\/i0.carsie.ie\/","image_list":[{"thumb":"NTA1YjBiNmYyM2JkMDJmMzQ2OTlmNzAwYzVlZDBmNmXcADPOYtcqd4BtTtQr67ZnODY2MDI4LTY5ODE0MzQuanBnfHx8fHx8OTJ4Njl8fHx8fA==.jpg","main":"ZDkyYzZhMGZjMWUwOWI3YzdhMDg5NWVkMzZhMzYzZTTU6I0Ay0PyPWJhgjX0Zj9RODY2MDI4LTY5ODE0MzQuanBnfHx8fHx8fHx8fHw0MDB4MzAw.jpg","large":"OGEzZjdlZjc4MzA2Y2E4NjEwYzk0MWM4YmM2NTgzYzZ9zq0BsEgkKbqCgIgRJY6KODY2MDI4LTY5ODE0MzQuanBnfHx8fHx8fHx8fHw2NDB4NDgw.jpg"}]}},{"ad_id":"900838","reg_year":"2005","make":"Honda","model":"Accord","variant":"2.2i Ctdi Sport ","mileage":"120000","engine_size":"2.2","fuel_type":"Diesel","body_type":"Saloon","colour":"0000c0","location":"Dublin","price":"\u20ac 6,950","images":{"base_url":"http:\/\/i0.carsie.ie\/","image_list":[{"thumb":"NTE5YmM5ZDdhODMxOWUxMTFhMzNjZGE3YmUxOGQyNGW2100Pvi4-GGRgYerMwZzkOTAwODM4LTc0MDY4MTguanBnfHx8fHx8OTJ4Njl8fHx8fA==.jpg","main":"MTdlMDJlMThlOGNkOWFiMWM4NDE4OTQxMzdiZDVmMDMQ2Tx6K1OnQ3YyKQiOGswFOTAwODM4LTc0MDY4MTguanBnfHx8fHx8fHx8fHw0MDB4MzAw.jpg","large":"MmEzMzVlMjdmOGViMzQ1YTEwMThiZjI3MmNjNjA0MzVnXFx_QDpLd5Htivv3uCt0OTAwODM4LTc0MDY4MTguanBnfHx8fHx8fHx8fHw2NDB4NDgw.jpg"}]}},{"ad_id":"898094","reg_year":"2006","make":"Honda","model":"Civic","variant":"2.2I CDTI SE","mileage":"115000","engine_size":"2.2","fuel_type":"Diesel","body_type":"Hatchback","colour":"000000","location":"Dublin","price":"\u20ac 6,950","images":{"base_url":"http:\/\/i0.carsie.ie\/","image_list":[{"thumb":"YWIzZTMyNWM2ZTU3OTRmOTJiMWViYjc1MzFkNzYxMGI56WlPjD4KBh06yyjJtB8JODk4MDk0LTczNjA5OTQuanBnfHx8fHx8OTJ4Njl8fHx8fA==.jpg","main":"ZTc3NDRkYTY5MmQ1MGZjZmE5NmE5NjBlMzVkNzFlODf1tKq7JnEtIIZQW0H-kE12ODk4MDk0LTczNjA5OTQuanBnfHx8fHx8fHx8fHw0MDB4MzAw.jpg","large":"ZGVkZDhkZjlkYWExOTMwOTQwZmIwMjUzMGZmMzYwN2FkY_qefsxooo9kcgL2YQfwODk4MDk0LTczNjA5OTQuanBnfHx8fHx8fHx8fHw2NDB4NDgw.jpg"}]}},{"ad_id":"896067","reg_year":"2005","make":"Honda","model":"CR-V","variant":"SR 5DR","mileage":"49000","engine_size":"2.0","fuel_type":"Petrol","body_type":"SUV","colour":"000000","location":"Dublin","price":"\u20ac 6,950","images":{"base_url":"http:\/\/i0.carsie.ie\/","image_list":[{"thumb":"YjJlNmU3ZDViMzJkZDAyOGE5ZTRjMmE4MDlkNDRkZWXCz175x43LbeVcrnUfJJ8_ODk2MDY3LTczMjk3ODYuanBnfHx8fHx8OTJ4Njl8fHx8fA==.jpg","main":"MmZmNTRjMmZiMTZhYjUxMjU5NDI1MzEzODEyMWFmM2JWeV5SuXtDBIU8i1y9kj5xODk2MDY3LTczMjk3ODYuanBnfHx8fHx8fHx8fHw0MDB4MzAw.jpg","large":"ZmIyZGY4NzUxYjgzN2E2YjkzMzk5Zjk5YjgxNGYwZmOCF43j5CSSl_eyAR0fTp28ODk2MDY3LTczMjk3ODYuanBnfHx8fHx8fHx8fHw2NDB4NDgw.jpg"}]}},{"ad_id":"879180","reg_year":"2006","make":"Honda","model":"Fit","variant":"AUTOMATIC 5DR 1.3","mileage":"62138","engine_size":"1.3","fuel_type":"Petrol","body_type":"Hatchback","colour":"00c0c0","location":"Dublin","price":"\u20ac 6,950","images":{"base_url":"http:\/\/i0.carsie.ie\/","image_list":[{"thumb":"M2U2MTEyMWU4MDY0NzFjMjY4ZDA0YmI3ODhlNzUxYTDKjhd3PaH-HlERusNQCSKCODc5MTgwLTcxMjgzNjQuanBnfHx8fHx8OTJ4Njl8fHx8fA==.jpg","main":"ZDFlMzUyNmRlYWY5MTc4ZDIxYWM2ZmFkNmYwYjI1MzV2KZvyWRZUdSMeuAE6btYqODc5MTgwLTcxMjgzNjQuanBnfHx8fHx8fHx8fHw0MDB4MzAw.jpg","large":"ZTNkMGEzNzQ5YjNhMzlkNmFkNTBlMjc3MmU0NjBhN2X-VKwiWFFYIkZQU3VT4j4oODc5MTgwLTcxMjgzNjQuanBnfHx8fHx8fHx8fHw2NDB4NDgw.jpg"}]}},{"ad_id":"881322","reg_year":"2006","make":"Honda","model":"Fit","variant":"AUTOMATIC 1.3","mileage":"58410","engine_size":"1.3","fuel_type":"Petrol","body_type":"Hatchback","colour":"e0e0e0","location":"Dublin","price":"\u20ac 6,950","images":{"base_url":"http:\/\/i0.carsie.ie\/","image_list":[{"thumb":"MGM1Zjk0YWQzOThmNjYzNmY3OTlkOWRlYWYzZDdjM2OCXHc3ZG5lsRks0kz95oNGODgxMzIyLS5qcGd8fHx8fHw5Mng2OXx8fHx8.jpg","main":"OTEyMzM3OWFiOWYxOWUzYzU4NmQ3YmE2MWRhNzc0NTZU45qpCuSffv9s_jsZgjBbODgxMzIyLS5qcGd8fHx8fHx8fHx8fDQwMHgzMDA=.jpg","large":"MTU4MGMzZjk1M2M2NWNiYTkxNGNjYzliOTk0NGNiY2WYOzuYIvovjlUdrIHiQBuUODgxMzIyLS5qcGd8fHx8fHx8fHx8fDY0MHg0ODA=.jpg"}]}},{"ad_id":"881323","reg_year":"2006","make":"Honda","model":"Fit","variant":"AUTOMATIC 1.3","mileage":"53439","engine_size":"1.3","fuel_type":"Petrol","body_type":"Hatchback","colour":"b9cdfb","location":"Dublin","price":"\u20ac 6,950","images":{"base_url":"http:\/\/i0.carsie.ie\/","image_list":[{"thumb":"NWE3NzBlYjg5NjkwNTY2NjdkNWNiNWZkNDRlNzM3M2IvzMtGL2CvrqnfpR81E743ODgxMzIzLTcyMTI1MTcuanBnfHx8fHx8OTJ4Njl8fHx8fA==.jpg","main":"N2NiZTNiYWNhMDg0Njk3YjIzY2UwYzE1YmI0NzA2YjXAUIpZP5E8Z3E3PVU5Qg6eODgxMzIzLTcyMTI1MTcuanBnfHx8fHx8fHx8fHw0MDB4MzAw.jpg","large":"YWI3MDk2ZjA1MWY5NmFjMTdkNjkzM2M1N2U2MjcyYmOsIkG79hOX49faWrLAtFZ4ODgxMzIzLTcyMTI1MTcuanBnfHx8fHx8fHx8fHw2NDB4NDgw.jpg"}]}}]}