{"total":"23408","result":[{"ad_id":"817835","reg_year":"2005","make":"Peugeot","model":"206","variant":"Coupe Cabriolet","mileage":"52817","engine_size":"1.6","fuel_type":"Petrol","body_type":"Cabriolet \/ Convertible","colour":"000000","location":"Dublin","price":"\u20ac 4,250","images":{"base_url":"http:\/\/i0.carsie.ie\/","image_list":[{"thumb":"OWU0ZjI4Y2FhMGE4ZTkyMjA2ZDJlYzcxMmU2ZDQ4Y2I9YRC84mgS6bI5BSJkx7l-ODE3ODM1LTY0MjcxMDYuanBnfHx8fHx8OTJ4Njl8fHx8fA==.jpg","main":"N2UwYWU4YmUwMDk4YzBlMDVlZjMzMmQ1ZWY5OTQwNWQZRIL6JgnVX5HWkkwaLRhVODE3ODM1LTY0MjcxMDYuanBnfHx8fHx8fHx8fHw0MDB4MzAw.jpg","large":"YjVkNTBkOGMzMDVmN2YyYTk3NDAyYTZiNjQxNjI0NjIZyyC3XiOnDffBM5P0m1sQODE3ODM1LTY0MjcxMDYuanBnfHx8fHx8fHx8fHw2NDB4NDgw.jpg"}]}},{"ad_id":"873934","reg_year":"2004","make":"Peugeot","model":"206","variant":"Y CC 1.6 LTH","mileage":"48000","engine_size":"1.6","fuel_type":"Petrol","body_type":"Cabriolet \/ Convertible","colour":"000000","location":"Dublin","price":"\u20ac 4,250","images":{"base_url":"http:\/\/i0.carsie.ie\/","image_list":[{"thumb":"ZDk1YjBjN2FmOGMxODFmNjViZGRlMTc0YWVkNDEzZTgep5KDFeVE3YVm3Sepv1sqODczOTM0LTcwNjI2NzQuanBnfHx8fHx8OTJ4Njl8fHx8fA==.jpg","main":"MWUzNjUzZWRkNTgzMTBjNDY1MzFlOWYyNmQyMjU5YzJCyEFFRVC8YWNw-xk3zaHWODczOTM0LTcwNjI2NzQuanBnfHx8fHx8fHx8fHw0MDB4MzAw.jpg","large":"MWRlZDc1ODMwZTBjMDIwYjM2NjhlYzZkMDI1OTE3YjI2m9YWmkN1-SQtAmdFkGLQODczOTM0LTcwNjI2NzQuanBnfHx8fHx8fHx8fHw2NDB4NDgw.jpg"}]}},{"ad_id":"900578","reg_year":"2006","make":"Peugeot","model":"206","variant":"Allure 1.4 Alloys","mileage":"101907","engine_size":"1.4","fuel_type":"Petrol","body_type":"Hatchback","colour":"858585","location":"Tipperary","price":"\u20ac 4,250","images":{"base_url":"http:\/\/i0.carsie.ie\/","image_list":[{"thumb":"ZGI1OWEwMzdmMGMwMzVkNjdjNGY4ZjZmZWFkMmI4NDXcT_QIQtqHBwFtSqZ6hGyMOTAwNTc4LTc0MDM0NjQuanBnfHx8fHx8OTJ4Njl8fHx8fA==.jpg","main":"OGYwMWQ2NWRjODQzMTMwOTgyZTQ5Zjk5NGQyMzY3MGJeN0cUetrgmghrAbJCP8EgOTAwNTc4LTc0MDM0NjQuanBnfHx8fHx8fHx8fHw0MDB4MzAw.jpg","large":"ODYzYWFjNmU3MTU1MDU4MmI0Y2JjYTZhZGJjMGMxYTQLyUE6srnWLO0TDk_sPcYSOTAwNTc4LTc0MDM0NjQuanBnfHx8fHx8fHx8fHw2NDB4NDgw.jpg"}]}},{"ad_id":"795972","reg_year":"2005","make":"Peugeot","model":"206","variant":"","mileage":"67000","engine_size":"1.4","fuel_type":"Petrol","body_type":"Hatchback","colour":"b9cdfb","location":"Waterford","price":"\u20ac 4,250","images":{"base_url":"http:\/\/i0.carsie.ie\/","image_list":[{"thumb":"ZWZjMzM0ZDhmOTFjMGZkMDg2NGNiMjkwODhkYTZmN2Xp4WNhtVpnxOw2oxLHFDhSNzk1OTcyLTYxNTE4NTcuanBnfHx8fHx8OTJ4Njl8fHx8fA==.jpg","main":"MDU0NmQ0ZmM4MmU1N2FjNzExYjA5MzYwYTdiNzdiZDRPKivenAwuNBb-NYTgzekvNzk1OTcyLTYxNTE4NTcuanBnfHx8fHx8fHx8fHw0MDB4MzAw.jpg","large":"MzEzYmQ3NzY1ZWUzYTBmMjZlNzc1NjYzMDNhNGVmM2HqvV3QIIlE8EM-qTHp3S04Nzk1OTcyLTYxNTE4NTcuanBnfHx8fHx8fHx8fHw2NDB4NDgw.jpg"}]}},{"ad_id":"900848","reg_year":"2004","make":"Peugeot","model":"307","variant":"S HDI","mileage":"96000","engine_size":"1.6","fuel_type":"Diesel","body_type":"Hatchback","colour":"000000","location":"Cork","price":"\u20ac 4,250","images":{"base_url":"http:\/\/i0.carsie.ie\/","image_list":[{"thumb":"NTYxODNmMWMxOWQ3NzI2MjlkNDdmZjM0MjdmMjZlM2VLHl6iQoeH5wqgee0oxIlyOTAwODQ4LTc0MDcxMjkuanBnfHx8fHx8OTJ4Njl8fHx8fA==.jpg","main":"Zjc4ZDkyZTM3ZDc5ZGJmM2MxMmVhOTlmZGYyYmExMDC8aM_bC1BgZsdPwL4UCchkOTAwODQ4LTc0MDcxMjkuanBnfHx8fHx8fHx8fHw0MDB4MzAw.jpg","large":"NzU3YjU2NWJiODJlMzU2ZGZjMjdjMzdjODJmMmYxOGZjh5p-XMcoWmAjWiYr2fs3OTAwODQ4LTc0MDcxMjkuanBnfHx8fHx8fHx8fHw2NDB4NDgw.jpg"}]}},{"ad_id":"870561","reg_year":"2005","make":"Peugeot","model":"307","variant":"XR Verve 1.4 16V","mileage":"61524","engine_size":"1.4","fuel_type":"Petrol","body_type":"Hatchback","colour":"ff0000","location":"Kildare","price":"\u20ac 4,250","images":{"base_url":"http:\/\/i0.carsie.ie\/","image_list":[{"thumb":"MDI0ZjcwYzcxM2VjZmU5YmRiNGJkNjI0NjcyODI0Y2NFlJwRkquviVjNH527H463ODcwNTYxLTcwMjYyNzQuanBnfHx8fHx8OTJ4Njl8fHx8fA==.jpg","main":"ZGRhNzg2MjcwZTQ1MDUwNTIwNTFkZDRiNDhmNWYwZjIFDrwb6QCmDruGKD3n0s7cODcwNTYxLTcwMjYyNzQuanBnfHx8fHx8fHx8fHw0MDB4MzAw.jpg","large":"NmI1MWMzZjZhYmMwYWQ1NDkyYTU5YmZhNTMwM2IxOGZdgySrdC4vSUgfL3TwX5OjODcwNTYxLTcwMjYyNzQuanBnfHx8fHx8fHx8fHw2NDB4NDgw.jpg"}]}},{"ad_id":"822768","reg_year":"2003","make":"Peugeot","model":"307","variant":"Exec Skywagon","mileage":"78125","engine_size":"1.6","fuel_type":"Petrol","body_type":"SUV","colour":"0000c0","location":"Wexford","price":"\u20ac 4,250","images":{"base_url":"http:\/\/i0.carsie.ie\/","image_list":[{"thumb":"ZWZhMmVmMTY5MWY0NmQ3MDlhMTAzMmU5ZDZhMDYwYjmX3_67SgCQDyUovCrcriCZODIyNzY4LTY2ODA4NTIuanBnfHx8fHx8OTJ4Njl8fHx8fA==.jpg","main":"YzE5NThmYThkMDcwM2E1OTFhMDNjYTNlZjhiOWRmZjmzLrv9wtulfvxoKwCOzi0RODIyNzY4LTY2ODA4NTIuanBnfHx8fHx8fHx8fHw0MDB4MzAw.jpg","large":"ZGU0YzYzYzM1ZmZhMGM1YTAxZDIyZGU0NGJhNDUyODc3eYaQCQfa9B6INQnz-I1VODIyNzY4LTY2ODA4NTIuanBnfHx8fHx8fHx8fHw2NDB4NDgw.jpg"}]}},{"ad_id":"775668","reg_year":"2003","make":"Peugeot","model":"406","variant":"RAPIER 90 HDI","mileage":"109000","engine_size":"2.0","fuel_type":"Diesel","body_type":"Saloon","colour":"0000c0","location":"Cork","price":"\u20ac 4,250","images":{"base_url":"http:\/\/i0.carsie.ie\/","image_list":[{"thumb":"OGExY2RmZWFiYTY2ZGJmMjRlMmE0ZGJmMzllNmI5NDBlQPF_4WnmH74oBFyAUG8ANzc1NjY4LTU5MTE0MjEuanBnfHx8fHx8OTJ4Njl8fHx8fA==.jpg","main":"YjBiMjE5OWMxZmUwZjUxMmMxYmFkZDFjNGFjODA5YTkhQlEevYdpjdhqF6vsoUDCNzc1NjY4LTU5MTE0MjEuanBnfHx8fHx8fHx8fHw0MDB4MzAw.jpg","large":"NTkzMjc5ZjYzNTgzMjVlZjdmY2JkOWM0MTUwMDdlN2E6plNeYOV67R-4hz3nPaYPNzc1NjY4LTU5MTE0MjEuanBnfHx8fHx8fHx8fHw2NDB4NDgw.jpg"}]}},{"ad_id":"863959","reg_year":"2007","make":"Peugeot","model":"407","variant":" SALE NOW ON*NCT 03\/2015* ST Comfort 1.8 4DR","mileage":"79000","engine_size":"1.7","fuel_type":"Petrol","body_type":"Saloon","colour":"858585","location":"Dublin","price":"\u20ac 4,250","images":{"base_url":"http:\/\/i0.carsie.ie\/","image_list":[{"thumb":"NTMyOTI1NzE3ZDIzYjMyNDMyMTRmODY2YjE5MzVmMzKAHRHl2ZmOycrRzcDZXSb_ODYzOTU5LTY5NTk0MzMuanBnfHx8fHx8OTJ4Njl8fHx8fA==.jpg","main":"OWFlM2ZjMGY0N2M3MzczYTk5ODVmNWU1NThjMWRhYTl0Lx0rGUFg3piI2YsS9lOwODYzOTU5LTY5NTk0MzMuanBnfHx8fHx8fHx8fHw0MDB4MzAw.jpg","large":"ZDg2MDEyMTQ5NzY3ZjBlMDZmMmUzNjE4YzZmOTk2NWbbYSHwvBaeeLEA1PSR2dvJODYzOTU5LTY5NTk0MzMuanBnfHx8fHx8fHx8fHw2NDB4NDgw.jpg"}]}},{"ad_id":"899165","reg_year":"2004","make":"Peugeot","model":"407","variant":"SR 1.6hdi 4DR","mileage":"87000","engine_size":"1.6","fuel_type":"Diesel","body_type":"Saloon","colour":"f0b800","location":"Galway","price":"\u20ac 4,250","images":{"base_url":"http:\/\/i0.carsie.ie\/","image_list":[{"thumb":"MTM0ZWUyN2NmNWJjZmEzMzllNWNkMzNkOGNlMDJhYmGDLd9uh1dKB3h9wCN-mOpQODk5MTY1LTczNzU4MDIuanBnfHx8fHx8OTJ4Njl8fHx8fA==.jpg","main":"NjQyYTE1YmJlNDczYjg4ZmI1NTY1MTQ1Y2M5NTQ0NTZxjok4xO_D4eCAPxzOq6jhODk5MTY1LTczNzU4MDIuanBnfHx8fHx8fHx8fHw0MDB4MzAw.jpg","large":"ODFmMzRiZWI2MGU1YWIyMTM2ZWJkNWRlYTZjNmU4ZTTFsPB1gWQVYrvgt4Uz9OXeODk5MTY1LTczNzU4MDIuanBnfHx8fHx8fHx8fHw2NDB4NDgw.jpg"}]}},{"ad_id":"864655","reg_year":"2005","make":"Renault","model":"Clio","variant":"2 1.2 16V Dynamiq","mileage":"51000","engine_size":"1.1","fuel_type":"Petrol","body_type":"Hatchback","colour":"e0e0e0","location":"Clare","price":"\u20ac 4,250","images":{"base_url":"http:\/\/i0.carsie.ie\/","image_list":[{"thumb":"OWZhMmEyZGY0NzgxODFmNmM5MDk3YTNjNjFkMTc0ZjanuHuEwMNLW_XetjBmkmpkODY0NjU1LTY5NTg5NjAuanBnfHx8fHx8OTJ4Njl8fHx8fA==.jpg","main":"NTdlZjAzM2I5NTE2NWY3NThiOWYzNjAyZDUyZjE2MzjsTd1o4jIcw26FBTsAeu74ODY0NjU1LTY5NTg5NjAuanBnfHx8fHx8fHx8fHw0MDB4MzAw.jpg","large":"MjM1ZTY3Njk0YjllNTE1OTM2OTgwNzMzZTZhMzVjY2E2FmMUU4YIKgZqMdKPwuB-ODY0NjU1LTY5NTg5NjAuanBnfHx8fHx8fHx8fHw2NDB4NDgw.jpg"}]}},{"ad_id":"888172","reg_year":"2006","make":"Renault","model":"Kangoo","variant":"SL17 DCI60 04DR","mileage":"101000","engine_size":"1.5","fuel_type":"Diesel","body_type":"Van","colour":"ffffff","location":"Limerick","price":"\u20ac 4,250","images":{"base_url":"http:\/\/i0.carsie.ie\/","image_list":[{"thumb":"YTg3NmNkZGU0YzY2ZTQyNTUwMTgyZTk1YjhmZDUzOTHWxrMqVC8dbwBp-IW0jrsFODg4MTcyLTc0Mjc5MTYuanBnfHx8fHx8OTJ4Njl8fHx8fA==.jpg","main":"OTBiYTlmYWI4NGY2YWI5ZTY1YjJkOTVlYzA4NzU2ZjT6BaOABtnl4-ADRiTFrL1xODg4MTcyLTc0Mjc5MTYuanBnfHx8fHx8fHx8fHw0MDB4MzAw.jpg","large":"N2IwODYzOWQyYjk1NjE4YWUyMjAzNjRmNzExZmJhZjI0vGec3Ip7CTOZ7K5KH5UqODg4MTcyLTc0Mjc5MTYuanBnfHx8fHx8fHx8fHw2NDB4NDgw.jpg"}]}},{"ad_id":"847410","reg_year":"2006","make":"Renault","model":"Kangoo","variant":"1.5 60 E3 Slide","mileage":"44739","engine_size":"1.5","fuel_type":"Diesel","body_type":"Van","colour":"0000c0","location":"Wexford","price":"\u20ac 4,250","images":{"base_url":"http:\/\/i0.carsie.ie\/","image_list":[{"thumb":"NWJlM2EzNWY3ZGQxZTE0NGRlNTFiNDNlMDk5ZjAwYmUZgI2nSzOs8qXIoXBl60-GODQ3NDEwLTY3NzA4OTAuanBnfHx8fHx8OTJ4Njl8fHx8fA==.jpg","main":"NzM1ZjI4NWRlY2ExODEwYWUzNTQxNWQ0YTYxNzEzNzVjUrZqj1NNyQJ-LLRsOih2ODQ3NDEwLTY3NzA4OTAuanBnfHx8fHx8fHx8fHw0MDB4MzAw.jpg","large":"ZDQ2YTE2ZGMyYjY3NzUwMWU2MWQ4MmZiZTk5MmI1NzPrgDM5iMtgCHP4-GsE_sBEODQ3NDEwLTY3NzA4OTAuanBnfHx8fHx8fHx8fHw2NDB4NDgw.jpg"}]}},{"ad_id":"873108","reg_year":"2005","make":"Renault","model":"Megane","variant":"1.4 MONACO 5dr - Full Leather -","mileage":"61205","engine_size":"1.4","fuel_type":"Petrol","body_type":"Hatchback","colour":"e0e0e0","location":"Cork","price":"\u20ac 4,250","images":{"base_url":"http:\/\/i0.carsie.ie\/","image_list":[{"thumb":"OTlhNzI2MjBhNTcwNGVmODljMjkxNzMwMjRmM2UzZTQzWNkWit2ckcGlU8PYqsrgODczMTA4LTczODA1NTkuanBnfHx8fHx8OTJ4Njl8fHx8fA==.jpg","main":"NzEwMjhhNDZhM2I0MWI2NTM0MTM2NzM4NjU1MWNhYTFHRzbqW6iN1Rdgmc3DDbL1ODczMTA4LTczODA1NTkuanBnfHx8fHx8fHx8fHw0MDB4MzAw.jpg","large":"MDVhMjllZTA5MWY2MjZlYTk0YzA2NmI3ZjJiMGM1ZTkPCcbd0KiGOQjiBliqFcG3ODczMTA4LTczODA1NTkuanBnfHx8fHx8fHx8fHw2NDB4NDgw.jpg"}]}},{"ad_id":"765167","reg_year":"2005","make":"Renault","model":"Megane","variant":"SP 6S Dynamique","mileage":"48000","engine_size":"1.4","fuel_type":"Petrol","body_type":"Saloon","colour":"000000","location":"Dublin","price":"\u20ac 4,250","images":{"base_url":"http:\/\/i0.carsie.ie\/","image_list":[{"thumb":"ZjIzNzlkMTkxYWFhY2U3N2I2ZGU3NWNlMjQxNjEyOTKUCZpT4Svx_2dYiEr6ivTpNzY1MTY3LTY1MDg4NTEuanBnfHx8fHx8OTJ4Njl8fHx8fA==.jpg","main":"MTMwMDAxZmJlNDVkZDY5NWUxNDVjMmNkMTUxZGZiNzX4AMLaTlRcfro4CJknweHuNzY1MTY3LTY1MDg4NTEuanBnfHx8fHx8fHx8fHw0MDB4MzAw.jpg","large":"NDdiZmM2MjA3YWYxZGJjMDk3NmNkYzllMzdjYmUxYzIF79mTLazSsGO5jW6GEZLXNzY1MTY3LTY1MDg4NTEuanBnfHx8fHx8fHx8fHw2NDB4NDgw.jpg"}]}},{"ad_id":"881579","reg_year":"2005","make":"Renault","model":"Scenic","variant":"1.5 DCI","mileage":"33250","engine_size":"1.5","fuel_type":"Diesel","body_type":"Hatchback","colour":"ff0000","location":"Longford","price":"\u20ac 4,250","images":{"base_url":"http:\/\/i0.carsie.ie\/","image_list":[{"thumb":"MWQyNmYzNDY4NjYwYjFiYjY4NmY0OTI5MjlhZmNhNDdLWAAftVLV41nPOSe6v6OZODgxNTc5LTcxNTU2MDYuanBnfHx8fHx8OTJ4Njl8fHx8fA==.jpg","main":"MTU2MTRkYTA0NDY0ODJjNTg4ZDI3ZjNlMTVlZjFhNjEdeNTMHu9UkU7X2UDayM4bODgxNTc5LTcxNTU2MDYuanBnfHx8fHx8fHx8fHw0MDB4MzAw.jpg","large":"Nzc3NTJmZTAzOWIwMDY3MDBiNTMyMzY0ZGFmNmIzYjFAkQJ2UUYvFIhyhcexUdLeODgxNTc5LTcxNTU2MDYuanBnfHx8fHx8fHx8fHw2NDB4NDgw.jpg"}]}},{"ad_id":"883980","reg_year":"2006","make":"Renault","model":"Trafic","variant":"LM 29 1.9 DCI","mileage":"94552","engine_size":"1.9","fuel_type":"Diesel","body_type":"Van","colour":"ffffff","location":"Wexford","price":"\u20ac 4,250","images":{"base_url":"http:\/\/i0.carsie.ie\/","image_list":[{"thumb":"NjQ4ZTE0OGFiMjIxODIwZWY1YWFiODkzMzNjNTYxNja8R6YuWHvXYaG0Pe0QRNEzODgzOTgwLTcxODg0NzIuanBnfHx8fHx8OTJ4Njl8fHx8fA==.jpg","main":"MDc5MDA3ZjliZWJjMWIxZDE5MmRlNjNjMzJkY2RhZjhsuu6qbRujfk06o7JHtqmdODgzOTgwLTcxODg0NzIuanBnfHx8fHx8fHx8fHw0MDB4MzAw.jpg","large":"NGEzOTNkZDY0ZmI4NzI1MTM0ZjA3YjIyMzBkNzk4YzkFrGVqs0jMQo-5MZq9OyUnODgzOTgwLTcxODg0NzIuanBnfHx8fHx8fHx8fHw2NDB4NDgw.jpg"}]}},{"ad_id":"868311","reg_year":"2004","make":"Seat","model":"Alhambra","variant":"1.8 NCT 3\/14+TAX 2013 7 SEATER superb conditon","mileage":"125958","engine_size":"1.8","fuel_type":"Petrol","body_type":"Estate","colour":"0000c0","location":"Dublin","price":"\u20ac 4,250","images":{"base_url":"http:\/\/i0.carsie.ie\/","image_list":[{"thumb":"N2RmZGE0ODVjYmRjZjRmMGIwODUyZTAzZGI3NGMzYzjtDwOdHmSj6GBoOFyo_J5rODY4MzExLTcwMzgyMjEuanBnfHx8fHx8OTJ4Njl8fHx8fA==.jpg","main":"ZWYzYjExYzc1N2ZiMjcyOTRmM2E0NzRkMWEzMDAwOWHa4JEcMoefiowRXrwHuaflODY4MzExLTcwMzgyMjEuanBnfHx8fHx8fHx8fHw0MDB4MzAw.jpg","large":"NTJjMTY3N2ZhMzI0NGIwZGY5NWExZWZmMGI5YmI1OTAUsc5HBOmEh0RdZmqbAC-UODY4MzExLTcwMzgyMjEuanBnfHx8fHx8fHx8fHw2NDB4NDgw.jpg"}]}},{"ad_id":"891953","reg_year":"2005","make":"Skoda","model":"Octavia","variant":"Ambiente 1.4bhp","mileage":"92586","engine_size":"1.4","fuel_type":"Petrol","body_type":"Hatchback","colour":"f0d2a0","location":"Dublin","price":"\u20ac 4,250","images":{"base_url":"http:\/\/i0.carsie.ie\/","image_list":[{"thumb":"M2QxNDc1YjE4YzE1YmE4Yzk4MThkMmE0NzM5NGZjMDdV6hagXiRV97YS93u0F2fKODkxOTUzLTczMDU5OTEuanBnfHx8fHx8OTJ4Njl8fHx8fA==.jpg","main":"ZjlmMjNmZmYyYjc2ZTIwNjY2ZjdkZTY0NDUxNzhjMTJagtiySDegFj7fqStX22G_ODkxOTUzLTczMDU5OTEuanBnfHx8fHx8fHx8fHw0MDB4MzAw.jpg","large":"MmQyZjYwNjQzZDZiZmVmMTdmNTg0ZjdiMjI3N2U4OTgIMPjM-47Xkkh9nPxFfLscODkxOTUzLTczMDU5OTEuanBnfHx8fHx8fHx8fHw2NDB4NDgw.jpg"}]}},{"ad_id":"899030","reg_year":"2005","make":"Skoda","model":"Octavia","variant":"Ambiente 1.4bhp","mileage":"74566","engine_size":"1.4","fuel_type":"Petrol","body_type":"Hatchback","colour":"f0d2a0","location":"Dublin","price":"\u20ac 4,250","images":{"base_url":"http:\/\/i0.carsie.ie\/","image_list":[{"thumb":"Zjg0MzUzNzEyODc2NzM3M2MxYzRkZWI5Y2FkMTMwNDcCvktpjRXjrwgg0dEwNzRrODk5MDMwLTczNzI4NTMuanBnfHx8fHx8OTJ4Njl8fHx8fA==.jpg","main":"NDJmMTFlYWMxZjA2OTk5OTA5M2M5YmQzNzQyNDFiMDf6ESQQELgmZjOY9kR5OuFSODk5MDMwLTczNzI4NTMuanBnfHx8fHx8fHx8fHw0MDB4MzAw.jpg","large":"NWNjMzAxYTI1ZjQ5MWRiYWI5ODVjZGFhM2E2NjhiMGFM8XqWVlfrAZE7JzPqargdODk5MDMwLTczNzI4NTMuanBnfHx8fHx8fHx8fHw2NDB4NDgw.jpg"}]}}]}