{"total":"23408","result":[{"ad_id":"893536","reg_year":"2004","make":"Ford","model":"Fiesta","variant":"LX 3DR. VERY LOW MILEAGE. CLEAN CAR THROUGHOUT!","mileage":"68000","engine_size":"1.2","fuel_type":"Petrol","body_type":"Hatchback","colour":"000000","location":"Cork","price":"\u20ac 3,500","images":{"base_url":"http:\/\/i0.carsie.ie\/","image_list":[{"thumb":"MWVlMDRjMjNhMmYwMzdiNjZiNDM5M2NmZjI3YTU5ZGUnjLtXCDgTmZKlLANoTqofODkzNTM2LTczMDAyMTkuanBnfHx8fHx8OTJ4Njl8fHx8fA==.jpg","main":"MDZiZGMxZjhiOTUzOGRkMzYxNzY1YmY0ODllZGM1YzXWUm5a2SAjakCyttdGsUC-ODkzNTM2LTczMDAyMTkuanBnfHx8fHx8fHx8fHw0MDB4MzAw.jpg","large":"Yzk3OWE2ZDU1OWJlY2UxMmVmZmU4NzJjNjdiZTA3MTKKYddwp2PfgPhpxaFZJTSYODkzNTM2LTczMDAyMTkuanBnfHx8fHx8fHx8fHw2NDB4NDgw.jpg"}]}},{"ad_id":"836509","reg_year":"2003","make":"Ford","model":"Fiesta","variant":"Ghia","mileage":"94919","engine_size":"1.4","fuel_type":"Petrol","body_type":"Hatchback","colour":"000000","location":"Sligo","price":"\u20ac 3,500","images":{"base_url":"http:\/\/i0.carsie.ie\/","image_list":[{"thumb":"NjRjNDExY2QxOTdiMzEwODE3NWY0YTE4MTRlMTJkZjGnM8lQQzEotB0VmdVslOlzODM2NTA5LTY2NDc5OTcuanBnfHx8fHx8OTJ4Njl8fHx8fA==.jpg","main":"ZmM3MjIyNDBiYzBhYWRkYTRjNjIxNWU3ODZiOTEyNDl_c33MFXZH5zY0P6_R6diAODM2NTA5LTY2NDc5OTcuanBnfHx8fHx8fHx8fHw0MDB4MzAw.jpg","large":"MTA2NjkxNjNhNzU3YjQ4ZmUzOWE2YzY5N2I0YmZlZDJ99q8mo3vu6HPSxTAwXFXtODM2NTA5LTY2NDc5OTcuanBnfHx8fHx8fHx8fHw2NDB4NDgw.jpg"}]}},{"ad_id":"840017","reg_year":"2004","make":"Ford","model":"Focus","variant":"LX 4DR","mileage":"112000","engine_size":"1.6","fuel_type":"Petrol","body_type":"Saloon","colour":"e0e0e0","location":"Cork","price":"\u20ac 3,500","images":{"base_url":"http:\/\/i0.carsie.ie\/","image_list":[{"thumb":"OTc2NzBhMjY0MGViNDVkYjNjYjczYmJhY2VjNzEyODniV0JrafcPo1k9o-ZPlwUvODQwMDE3LTY2ODYzMTkuanBnfHx8fHx8OTJ4Njl8fHx8fA==.jpg","main":"Y2RkNDEyODNmNDAyNjFmODg1ODM4Zjk5OWMwNWQ3ZjYmA8EUi_SFdnMRsKErTrguODQwMDE3LTY2ODYzMTkuanBnfHx8fHx8fHx8fHw0MDB4MzAw.jpg","large":"NDFlMTg3MDc3ZTBiMzRhYjAyMmJhZWVhZGVlYmI2ZTYUQGoGQuWKHiKUXGAJ4LRdODQwMDE3LTY2ODYzMTkuanBnfHx8fHx8fHx8fHw2NDB4NDgw.jpg"}]}},{"ad_id":"798798","reg_year":"2002","make":"Ford","model":"Focus","variant":"1.6 LX","mileage":"45000","engine_size":"1.6","fuel_type":"Petrol","body_type":"Saloon","colour":"e0e0e0","location":"Kildare","price":"\u20ac 3,500","images":{"base_url":"http:\/\/i0.carsie.ie\/","image_list":[{"thumb":"MjU3NWE5YzNlOThkOWIxNmM4MDJiMmRlMTdkYjhlMmZM4zE0rlYLE0C6iJEDUNCZNzk4Nzk4LTYyMzM3MjIuanBnfHx8fHx8OTJ4Njl8fHx8fA==.jpg","main":"NTc2OWEyNTRmNWE0Nzg2MTAzNDRjN2I5NWZhODY1MGFBx33N2zzswKcdSlBeC9PpNzk4Nzk4LTYyMzM3MjIuanBnfHx8fHx8fHx8fHw0MDB4MzAw.jpg","large":"MmIxZjdmN2FjZTY0ZjIxNzY4YzE5YTFjZWVjYmQwMmK-DdvUkX943lkNU7jFmCCnNzk4Nzk4LTYyMzM3MjIuanBnfHx8fHx8fHx8fHw2NDB4NDgw.jpg"}]}},{"ad_id":"897616","reg_year":"2003","make":"Ford","model":"Focus","variant":"Ghia X 4 DR *MICHAEL DAFFY CAR SALES*","mileage":"87850","engine_size":"1.6","fuel_type":"Petrol","body_type":"Saloon","colour":"e0e0e0","location":"Limerick","price":"\u20ac 3,500","images":{"base_url":"http:\/\/i0.carsie.ie\/","image_list":[{"thumb":"ZWJkYzAzNzEzNmFlYzZkNzczMGZiYWJkMGE4NDUwNDAVRbPVyshe9P7TfN2yOrZ5ODk3NjE2LTczNTU5NDEuanBnfHx8fHx8OTJ4Njl8fHx8fA==.jpg","main":"NjNjYmI5OGUxMjdkYWQ3NzIzODNmMjRmNjdjMjM5NWYRwDI5nSGmNWGE6czdN01sODk3NjE2LTczNTU5NDEuanBnfHx8fHx8fHx8fHw0MDB4MzAw.jpg","large":"MThhMWY3NDljOTAxM2RmODQxMDUyMDAyNDdhYmZhZTI8YWSsan8WNHO3jCA0iXxkODk3NjE2LTczNTU5NDEuanBnfHx8fHx8fHx8fHw2NDB4NDgw.jpg"}]}},{"ad_id":"761126","reg_year":"2002","make":"Ford","model":"Mondeo","variant":"1.8I 4 DR LT LX 4DR","mileage":"166912","engine_size":"1.8","fuel_type":"Petrol","body_type":"Saloon","colour":"0000c0","location":"Galway","price":"\u20ac 3,500","images":{"base_url":"http:\/\/i0.carsie.ie\/","image_list":[{"thumb":"NGQ1NGRjYzliMDI2M2Q1N2ExNzE4ZWNhOWFjOTQzZmR_rBTeJ6wqfb-rUKbZ3PdlNzYxMTI2LTU3NTkwMjguanBnfHx8fHx8OTJ4Njl8fHx8fA==.jpg","main":"YjUxODc4NTQ2N2NmZTM3NGM0ZGUwMjJlOTczYzU5NzlFNdM-RtloFrCdA2M3wsm3NzYxMTI2LTU3NTkwMjguanBnfHx8fHx8fHx8fHw0MDB4MzAw.jpg","large":"MjNiYzJiNjNiYmNjODUxYmQ3YWJmZmE3YWY0ODZmMzEYT-6nUI1spya2ug8ivVzTNzYxMTI2LTU3NTkwMjguanBnfHx8fHx8fHx8fHw2NDB4NDgw.jpg"}]}},{"ad_id":"741097","reg_year":"2003","make":"Ford","model":"Transit","variant":"LWB","mileage":"104003","engine_size":"2.4","fuel_type":"Diesel","body_type":null,"colour":"ff0000","location":"Limerick","price":"\u20ac 3,500","images":{"base_url":"http:\/\/i0.carsie.ie\/","image_list":[{"thumb":"ZmM2NTEyY2RkMzgzZWQ2MDBiZjU4NjQ4OTY1ZDM2Njg56871CiaDQUZ8ATzGEcINNzQxMDk3LTU0NjM3OTkuanBnfHx8fHx8OTJ4Njl8fHx8fA==.jpg","main":"MjZkMjI3N2M4NTkwMDRiYjE5MDgwYjRkYWYyM2QwODV8vPmfaCvEU49SnN4tisWdNzQxMDk3LTU0NjM3OTkuanBnfHx8fHx8fHx8fHw0MDB4MzAw.jpg","large":"ZTMwNmYyMDQ4OTEzYWM4MThjNTlmYmIzYTY5Y2E5OTbFQm-xnDC3vG0gTMHlFkfeNzQxMDk3LTU0NjM3OTkuanBnfHx8fHx8fHx8fHw2NDB4NDgw.jpg"}]}},{"ad_id":"836448","reg_year":"2004","make":"Hyundai","model":"Accent","variant":"gls 4DR","mileage":"78713","engine_size":"1.4","fuel_type":"Petrol","body_type":"Saloon","colour":"000000","location":"Galway","price":"\u20ac 3,500","images":{"base_url":"http:\/\/i0.carsie.ie\/","image_list":[{"thumb":"YTMzOTNmZTAxMjY4MmUwYWNjNjgyM2UyNDBjNDgwZjXc9qmh90iNqPOY7RG4otI3ODM2NDQ4LTczODQ5NjkuanBnfHx8fHx8OTJ4Njl8fHx8fA==.jpg","main":"NWNkNGUwN2YwNjIyMTBmNWEzZmExZGMyZGQzOTgwNjJZzFaBYVREF5XDFpt9m4NxODM2NDQ4LTczODQ5NjkuanBnfHx8fHx8fHx8fHw0MDB4MzAw.jpg","large":"NzY3NWRmZGQ5NjA3YzlkYmIzOWZiMWM4YjBiYTJiODZdyYGPFGMWUdJt03Y-KyNfODM2NDQ4LTczODQ5NjkuanBnfHx8fHx8fHx8fHw2NDB4NDgw.jpg"}]}},{"ad_id":"747288","reg_year":"2004","make":"Hyundai","model":"Getz","variant":"1.1 5DR","mileage":"79258","engine_size":"1.1","fuel_type":"Petrol","body_type":"Hatchback","colour":"000000","location":"Cork","price":"\u20ac 3,500","images":{"base_url":"http:\/\/i0.carsie.ie\/","image_list":[{"thumb":"M2Q3YTQyZmUyYzcwNzM1MGE3MGVjZDVlYmIyYTdiMGJOkMT4HJSPlGrJd4e8YWqrNzQ3Mjg4LTcwOTEzNTAuanBnfHx8fHx8OTJ4Njl8fHx8fA==.jpg","main":"Yzk4OGUwNjUzYzUzZTljY2VkNzE2OTAyMjAxMzRkMjd-pc9OctdUspRTS00Ec6QVNzQ3Mjg4LTcwOTEzNTAuanBnfHx8fHx8fHx8fHw0MDB4MzAw.jpg","large":"YWI5ZmFjZDBiNWIxYzE4ZWY0MjI5YjE2ZTY2NmVhN2XUDFy33CM-mHRvKZqqfi8YNzQ3Mjg4LTcwOTEzNTAuanBnfHx8fHx8fHx8fHw2NDB4NDgw.jpg"}]}},{"ad_id":"739890","reg_year":"2001","make":"Hyundai","model":"Santa Fe","variant":null,"mileage":"82158","engine_size":"2.0","fuel_type":"Petrol","body_type":"SUV","colour":"f0b800","location":"Limerick","price":"\u20ac 3,500","images":{"base_url":"http:\/\/i0.carsie.ie\/","image_list":[{"thumb":"NjBkYzBjNzFkYTY1NTdkNGMxZTY4YTE3YzU2YmFiZjhBeh0AZunQit_uqBhmsWTINzM5ODkwLTU0NDg4MDMuanBnfHx8fHx8OTJ4Njl8fHx8fA==.jpg","main":"YWE1ZTZjZWE4YTY1M2Q3MTY2ZmFiNjI2MTYzMGU4YTHkV5dGV1wWUUdUwbHMGMPNNzM5ODkwLTU0NDg4MDMuanBnfHx8fHx8fHx8fHw0MDB4MzAw.jpg","large":"MWQ0OWI1MDVjZThkZDVlMThlYzMzNzgzM2RkMWEzODnRVbssPuOf1yl6DirSOmBTNzM5ODkwLTU0NDg4MDMuanBnfHx8fHx8fHx8fHw2NDB4NDgw.jpg"}]}},{"ad_id":"784727","reg_year":"2001","make":"Hyundai","model":"Trajet","variant":"Automatic 7 Seater petrol","mileage":"123000","engine_size":"2.0","fuel_type":"Petrol","body_type":"People Carrier","colour":"000000","location":"Cork","price":"\u20ac 3,500","images":{"base_url":"http:\/\/i0.carsie.ie\/","image_list":[{"thumb":"OTFlMDZkNTBjNDZkYzY4OGYzM2Q4NGE1MDZkMzRkNzVBDsSmamZdWo0lK5WQwca6Nzg0NzI3LTYxOTQ3ODMuanBnfHx8fHx8OTJ4Njl8fHx8fA==.jpg","main":"MTA2ZjFkY2M5OTQ2NTIyMjM3NDdmNmU0ODRmOTJhNWFh7JcyrtsBFDZfWH6Tu9e-Nzg0NzI3LTYxOTQ3ODMuanBnfHx8fHx8fHx8fHw0MDB4MzAw.jpg","large":"NDQxNzQ4MzFlMTRhMGViNTc5NmMxOGNjNGUzNTE2ZGJYFVeKeEQGc7HEmaZz4wBhNzg0NzI3LTYxOTQ3ODMuanBnfHx8fHx8fHx8fHw2NDB4NDgw.jpg"}]}},{"ad_id":"851062","reg_year":"2005","make":"Jaguar","model":"X-Type","variant":"V6 CLASSIC 4DR 41","mileage":"95691","engine_size":"2.1","fuel_type":"Petrol","body_type":"Hatchback","colour":"008000","location":"Dublin","price":"\u20ac 3,500","images":{"base_url":"http:\/\/i0.carsie.ie\/","image_list":[{"thumb":"M2Q3ZjNiNTdjM2U2NWE2ZjU1MTFjNDgxMTFlOWRjN2Zo5_W0_mSKZEqOI2F7hYeIODUxMDYyLTY4MDkyMDIuanBnfHx8fHx8OTJ4Njl8fHx8fA==.jpg","main":"OTBhZDgzODIwYzUwNTcxM2I5N2U2MTdiYTEzNWQ0OTG5fauIcLHt_3Mwhlh3_jHkODUxMDYyLTY4MDkyMDIuanBnfHx8fHx8fHx8fHw0MDB4MzAw.jpg","large":"MzY2YTFkNjJiM2E5ZTAyNzg1ZTdiNzA2NWM2ZTVhMmOJX7qiuuachMv1McHWA_YBODUxMDYyLTY4MDkyMDIuanBnfHx8fHx8fHx8fHw2NDB4NDgw.jpg"}]}},{"ad_id":"869703","reg_year":"2001","make":"Jaguar","model":"XJ","variant":"XJ8 SPORT","mileage":"58002","engine_size":"3.2","fuel_type":"Petrol","body_type":"Saloon","colour":"0000c0","location":"Dublin","price":"\u20ac 3,500","images":{"base_url":"http:\/\/i0.carsie.ie\/","image_list":[{"thumb":"Mjg2ODM0OTA3NzQxYWVmMjY5MTQ0N2Q5YTdhYjYwYWb3MIrn-GpxrwbPQCC7rr2QODY5NzAzLTcwMTU4NDQuanBnfHx8fHx8OTJ4Njl8fHx8fA==.jpg","main":"OGFhNzE3YjQ2NWU3YWZiNDgzZmFmYjY4MGM4OWM0NmGHb234a6imY-PqK1v6-D6wODY5NzAzLTcwMTU4NDQuanBnfHx8fHx8fHx8fHw0MDB4MzAw.jpg","large":"OThjOGI2NTMzNjdhNTI5MDBiMDc1ZjVmNjRhMjA0OTHAUdQSYdCDY3D1sFunmLVOODY5NzAzLTcwMTU4NDQuanBnfHx8fHx8fHx8fHw2NDB4NDgw.jpg"}]}},{"ad_id":"787894","reg_year":"2006","make":"Kia","model":"Picanto","variant":"1.0 LX 5DR","mileage":"70000","engine_size":"1.0","fuel_type":"Petrol","body_type":"Hatchback","colour":"000000","location":"Mayo","price":"\u20ac 3,500","images":{"base_url":"http:\/\/i0.carsie.ie\/","image_list":[{"thumb":"NzE0ZWVkZDA2YjY3NzliM2FiZDE5MWZmNzg3NWJjNzZxlX2JSyUDJh_XCiL8AoqGNzg3ODk0LTYwNTQ4NjIuanBnfHx8fHx8OTJ4Njl8fHx8fA==.jpg","main":"M2NjMzc5YjkxNTUyMjA2OWIzMDljZjBkNjg4ZjljMDMLcJ5v_uHcYeH6sYTHM1cVNzg3ODk0LTYwNTQ4NjIuanBnfHx8fHx8fHx8fHw0MDB4MzAw.jpg","large":"YWUyMmFjYjczYmQ5MGQyN2NjYzZhOTllNzRhMWY4NDHHzgHIqXaT2hceGSjQy8rrNzg3ODk0LTYwNTQ4NjIuanBnfHx8fHx8fHx8fHw2NDB4NDgw.jpg"}]}},{"ad_id":"897484","reg_year":"2005","make":"Kia","model":"Sedona","variant":"2.9 5DR LX DIESEL","mileage":"79536","engine_size":"2.9","fuel_type":"Diesel","body_type":null,"colour":"0000c0","location":"Carlow","price":"\u20ac 3,500","images":{"base_url":"http:\/\/i0.carsie.ie\/","image_list":[{"thumb":"YzZlNjk4NGIwMWEyZWQzNzRiZmQzYTUxY2JkYzdjYWIBj8Q0rTxQk6sNyHM-rgdPODk3NDg0LTczNTQ5OTMuanBnfHx8fHx8OTJ4Njl8fHx8fA==.jpg","main":"NDQ3ODc3ZWQ4ZWEyYjUzODhlODk0Zjg5Y2VkOTUyNzO_Czl8zHMRRYIAw47bg_CFODk3NDg0LTczNTQ5OTMuanBnfHx8fHx8fHx8fHw0MDB4MzAw.jpg","large":"NTFkNWJjOGE2YjJjZWUwZjg1MGFiNzdmMDQyODI4ZjRC9fYZjHfdN6gmOO4s3YY9ODk3NDg0LTczNTQ5OTMuanBnfHx8fHx8fHx8fHw2NDB4NDgw.jpg"}]}},{"ad_id":"883183","reg_year":"2003","make":"Land Rover","model":"Freelander","variant":"2.0 5DR","mileage":"150000","engine_size":"2.0","fuel_type":"Diesel","body_type":"Estate","colour":"000000","location":"Dublin","price":"\u20ac 3,500","images":{"base_url":"http:\/\/i0.carsie.ie\/","image_list":[{"thumb":"ODc2ZGQzMDIzZDA4MDQwNjVhODc2NzZiMDliYmIwYjLoolgewR4E_t2Bj3R6ZkulODgzMTgzLTcxNzQxNTMuanBnfHx8fHx8OTJ4Njl8fHx8fA==.jpg","main":"MmE5YWJiN2FhZDUxNjZjMzNjMTAyNWFmNGQzMzRiYjRKES_ekr4eBvo1LaiQzzGOODgzMTgzLTcxNzQxNTMuanBnfHx8fHx8fHx8fHw0MDB4MzAw.jpg","large":"MDZlOWUzYzE0MmJmYmQ4ZTc1YjYzZTQ1ODI3Yjk4Mjd3z55iIKaYZbNQUYWOdpMIODgzMTgzLTcxNzQxNTMuanBnfHx8fHx8fHx8fHw2NDB4NDgw.jpg"}]}},{"ad_id":"884955","reg_year":"2003","make":"Land Rover","model":"Freelander","variant":null,"mileage":"163000","engine_size":"2.0","fuel_type":"Diesel","body_type":"SUV","colour":"0000c0","location":"Limerick","price":"\u20ac 3,500","images":{"base_url":"http:\/\/i0.carsie.ie\/","image_list":[{"thumb":"OTg5ZTMxYTliZDI1YjM0ODhjM2NhMjEwMDdhMTI1YzQHUk6WsI88dh7ZLaEGE-MIODg0OTU1LTcyMDEwMDQuanBnfHx8fHx8OTJ4Njl8fHx8fA==.jpg","main":"NGMzODRkZDIwY2FjMjFjMjdhYmI4MzNjYWQyM2ZhMznt92tkDDWc_Wd5Dm9m73GXODg0OTU1LTcyMDEwMDQuanBnfHx8fHx8fHx8fHw0MDB4MzAw.jpg","large":"YTQwNjE5OTViODJmN2VjYWU1NWI4ODIyZWQyNTI1NzG2rcbt1-JU4QB7oqLgbgRBODg0OTU1LTcyMDEwMDQuanBnfHx8fHx8fHx8fHw2NDB4NDgw.jpg"}]}},{"ad_id":"729081","reg_year":"2004","make":"Mazda","model":"Demio","variant":"1.5 5dr manual","mileage":"33787","engine_size":"1.5","fuel_type":"Petrol","body_type":"Hatchback","colour":"0000c0","location":"Dublin","price":"\u20ac 3,500","images":{"base_url":"http:\/\/i0.carsie.ie\/","image_list":[{"thumb":"NjAzOGFlOWU2NjhhYzdlMDgzMmJlZmY1MjIxM2Y0NjbsGCTwjgJJyUm2i8wTa6cmNzI5MDgxLTUyOTIxNDIuanBnfHx8fHx8OTJ4Njl8fHx8fA==.jpg","main":"ZjJiNGNlYzllZDhkOGI2MjM3YTQ1ZGQxNWRlZDBiODcnrNREJEoKiLgv5IZp-1ITNzI5MDgxLTUyOTIxNDIuanBnfHx8fHx8fHx8fHw0MDB4MzAw.jpg","large":"NGJkZmU3MDQ3ZDJkZTA2NjhmZGYyZGE5OGY4YTlkOWUaGzmzy5KuUdMIyA7ViUCpNzI5MDgxLTUyOTIxNDIuanBnfHx8fHx8fHx8fHw2NDB4NDgw.jpg"}]}},{"ad_id":"729086","reg_year":"2004","make":"Mazda","model":"Mazda2","variant":"1.5 5dr Man","mileage":"33787","engine_size":"1.5","fuel_type":"Petrol","body_type":"Hatchback","colour":"0000c0","location":"Dublin","price":"\u20ac 3,500","images":{"base_url":"http:\/\/i0.carsie.ie\/","image_list":[{"thumb":"ODE5NWIzNGM5ZDIzMzUyMTIwODJmYWE1OTc0OTU4ZjLJSk-erj9Bouz8_VE8RZ-vNzI5MDg2LTUyOTE5MDkuanBnfHx8fHx8OTJ4Njl8fHx8fA==.jpg","main":"MzAxNmYyNzY3MTVmM2QzZjdlYjFhOGFhZDhhNmQ3MDOkGijVtqfkVW74T9DgWqrRNzI5MDg2LTUyOTE5MDkuanBnfHx8fHx8fHx8fHw0MDB4MzAw.jpg","large":"NjA0NjFiN2NmN2FhZGQyMDdkM2EzZGM3N2Q3ZWIxYTQAkVFDO_w6owx6WicbNgirNzI5MDg2LTUyOTE5MDkuanBnfHx8fHx8fHx8fHw2NDB4NDgw.jpg"}]}},{"ad_id":"882014","reg_year":"2004","make":"Mazda","model":"Mazda3","variant":"3 1.6 Touring 4DR","mileage":"111000","engine_size":"1.6","fuel_type":"Petrol","body_type":"Saloon","colour":"e0e0e0","location":"Clare","price":"\u20ac 3,500","images":{"base_url":"http:\/\/i0.carsie.ie\/","image_list":[{"thumb":"ZjdkNjA4NjY0Y2EyZTZlYmIwZmZhMjRmOTFiZTE2YjRR5PQnhnbjn_jOtH45qXf3ODgyMDE0LTcxNjAxMTkuanBnfHx8fHx8OTJ4Njl8fHx8fA==.jpg","main":"YmFhNDQ5ZGE0MjdhNjQ2NGY2MzNlYzdlYzIxMTM3NjNjTLU7nHhsol-Ba8cJB-NAODgyMDE0LTcxNjAxMTkuanBnfHx8fHx8fHx8fHw0MDB4MzAw.jpg","large":"MmRhMTg3OTdjODcwYmU4ZWVmYmJhYzMzMzAzNjkzOTLFwnBTrieCpxIPzYJ9kjvIODgyMDE0LTcxNjAxMTkuanBnfHx8fHx8fHx8fHw2NDB4NDgw.jpg"}]}}]}