{"total":"23408","result":[{"ad_id":"835953","reg_year":"2006","make":"Renault","model":"Kangoo","variant":"1.2 16V Wheelchair car","mileage":"17428","engine_size":"1.2","fuel_type":"Petrol","body_type":"People Carrier","colour":"008000","location":"Mayo","price":"\u20ac 7,500","images":{"base_url":"http:\/\/i0.carsie.ie\/","image_list":[{"thumb":"NzU2OTMzNGRhYWQwMjJlYmU0ZjA0MDZmOGU2MGRiZmXH3xJK2hegDpgTU_0HOpmsODM1OTUzLTY3NTYxNDMuanBnfHx8fHx8OTJ4Njl8fHx8fA==.jpg","main":"ZmIwNGQwNWZhMWViMmJiMzNiMTA4MTlmZmVkZDc0ZmJOa2lTgFp-zjZmKLH2VS41ODM1OTUzLTY3NTYxNDMuanBnfHx8fHx8fHx8fHw0MDB4MzAw.jpg","large":"MWVkNWJjZmMwNTgwNTYxOGIxNzAwNTJlYjM1MzgyY2bZ838iJBK4X9aGfRdPLXqQODM1OTUzLTY3NTYxNDMuanBnfHx8fHx8fHx8fHw2NDB4NDgw.jpg"}]}},{"ad_id":"883594","reg_year":"2007","make":"Renault","model":"Megane","variant":"1.6 16V LA Crem","mileage":"55580","engine_size":"1.6","fuel_type":"Petrol","body_type":"Cabriolet \/ Convertible","colour":"f0b800","location":"Cork","price":"\u20ac 7,500","images":{"base_url":"http:\/\/i0.carsie.ie\/","image_list":[{"thumb":"NzY0OTNhYjg2YjI4NmNhNDgyNmU1NWI0NGY1OTY1YznL3dwNjzfBHqlz6obZ9JiQODgzNTk0LTcxNzk3MjEuanBnfHx8fHx8OTJ4Njl8fHx8fA==.jpg","main":"NGJmZjZlYjQ4NmUzZGY3ZTZjYjBmYjVlYzFhMTVhZjN_2xJ79fIlVU7Yz5OesrZ4ODgzNTk0LTcxNzk3MjEuanBnfHx8fHx8fHx8fHw0MDB4MzAw.jpg","large":"YzNmYmU2MzRiOWY1MGQ4N2Y0ZjE5YTQxNzg2OGViMWI1qX9hj3H4V761e74AiTzQODgzNTk0LTcxNzk3MjEuanBnfHx8fHx8fHx8fHw2NDB4NDgw.jpg"}]}},{"ad_id":"899000","reg_year":"2008","make":"Renault","model":"Scenic","variant":"1.4 16V","mileage":"38000","engine_size":"1.4","fuel_type":"Petrol","body_type":"Hatchback","colour":"e0e0e0","location":"Cork","price":"\u20ac 7,500","images":{"base_url":"http:\/\/i0.carsie.ie\/","image_list":[{"thumb":"YTU3YzY3YzQxNjZhN2VmNWZkMzMyMDc2YTM2ODU4NGIVrhWuu8ejfODQyaX8xc3PODk5MDAwLTczNzIyNzAuanBnfHx8fHx8OTJ4Njl8fHx8fA==.jpg","main":"NjkxYThlZmRkMGViOGU5ZGMzZWU0ZDc1ZDE0YTRhZWbrKK187MHA8oNQB_kLxWZuODk5MDAwLTczNzIyNzAuanBnfHx8fHx8fHx8fHw0MDB4MzAw.jpg","large":"ZjI4MDRhYjBjZjllYmVlODZhYTUxNjgxYjM3MDc2ODMktK_RRGjCDlBpdhCnSK4BODk5MDAwLTczNzIyNzAuanBnfHx8fHx8fHx8fHw2NDB4NDgw.jpg"}]}},{"ad_id":"899672","reg_year":"2007","make":"Saab","model":"9-3","variant":"1.8I LINEAR SPORT","mileage":"33554","engine_size":"1.8","fuel_type":"Petrol","body_type":null,"colour":"000000","location":"Kerry","price":"\u20ac 7,500","images":{"base_url":"http:\/\/i0.carsie.ie\/","image_list":[{"thumb":"Mzg3NWVkYTE5MTFiZTc5MzJmOWFjNzcxODhiZGNjMTNN-lMvFiTnaLcLrnUxFjFJODk5NjcyLTc0MjkwODkuanBnfHx8fHx8OTJ4Njl8fHx8fA==.jpg","main":"OWM0ZWVlMjhmZGQ2MTY0YWUwYTFmZjIwY2E5ODgzOGVarxJzTq36jolcMnPKFBwMODk5NjcyLTc0MjkwODkuanBnfHx8fHx8fHx8fHw0MDB4MzAw.jpg","large":"ODg2ODA3YjY5YmE5ZTgwMjNiMGYwZDk3NWE3YmJiNWX61S-rexih6YtI39Vpohw7ODk5NjcyLTc0MjkwODkuanBnfHx8fHx8fHx8fHw2NDB4NDgw.jpg"}]}},{"ad_id":"885786","reg_year":"2007","make":"Skoda","model":"Octavia","variant":"Dual Zone 1.4 5D","mileage":"71459","engine_size":"1.4","fuel_type":"Petrol","body_type":"Hatchback","colour":"858585","location":"Kerry","price":"\u20ac 7,500","images":{"base_url":"http:\/\/i0.carsie.ie\/","image_list":[{"thumb":"ZDc3M2M2YTRlOWZhY2ZkNWQ4NzhmNjk2YWU3MDIwMDkXYa8NT2lYLTgx6QgemPGkODg1Nzg2LTcyMDgwNzYuanBnfHx8fHx8OTJ4Njl8fHx8fA==.jpg","main":"NGViNDg3NTA1MDViY2Q4NGI5OTBkNzRjYzU3MmU4YzA52a6M3a9zw9LW4Mm0pZgQODg1Nzg2LTcyMDgwNzYuanBnfHx8fHx8fHx8fHw0MDB4MzAw.jpg","large":"NzNhM2IzZTEwNjBkM2Y4MTk1MDg2ZTU5YzU5NTI5YjkdZkFiJEFYsf8jH3Dofc5UODg1Nzg2LTcyMDgwNzYuanBnfHx8fHx8fHx8fHw2NDB4NDgw.jpg"}]}},{"ad_id":"896658","reg_year":"2007","make":"Skoda","model":"Octavia","variant":"Ambiente 1.4 5DR","mileage":"32000","engine_size":"1.4","fuel_type":"Petrol","body_type":"Hatchback","colour":"e0e0e0","location":"Sligo","price":"\u20ac 7,500","images":{"base_url":"http:\/\/i0.carsie.ie\/","image_list":[{"thumb":"YjhmOTdkNzI2MTg5NzdkZWM1OWNmODUyMTYzYjg1YmOv3WM9lvbf8JO8ZFtntlgOODk2NjU4LTczNDU0MjYuanBnfHx8fHx8OTJ4Njl8fHx8fA==.jpg","main":"ZTU0MGYzOWRmNTNmZDYxYWExMzhiMTE0ZDcwNGZmZTfBSl4-T61bJGP3OQGHlaDMODk2NjU4LTczNDU0MjYuanBnfHx8fHx8fHx8fHw0MDB4MzAw.jpg","large":"MWIwM2VlNzM1MzNkMGI4YjA3YjhlZjU0OTAxMjRkNzXTauU7Wc23pxSkBtea8uFgODk2NjU4LTczNDU0MjYuanBnfHx8fHx8fHx8fHw2NDB4NDgw.jpg"}]}},{"ad_id":"901744","reg_year":"2006","make":"Skoda","model":"Superb","variant":"Expression 1.9tdi","mileage":"68000","engine_size":"1.9","fuel_type":"Diesel","body_type":"Saloon","colour":"f0d2a0","location":"Dublin","price":"\u20ac 7,500","images":{"base_url":"http:\/\/i0.carsie.ie\/","image_list":[{"thumb":"Y2EzNDdjOWU4OTZkM2I1ZjFkOTAwYWUxYjc1OTMyOWXTDhcLECJPpu72-CNeVP67OTAxNzQ0LTc0Mjk4MjQuanBnfHx8fHx8OTJ4Njl8fHx8fA==.jpg","main":"MDJkYmQxMzI5NTg4ZWRkYTNiM2RhOTRkMmQ4ZmNjMTJRGE1YAJf3UcsHDXtIV7zeOTAxNzQ0LTc0Mjk4MjQuanBnfHx8fHx8fHx8fHw0MDB4MzAw.jpg","large":"YTNkYWVmODIzNTYwN2YwNTI5ZGIwYmVhZTg2YmMzZmGbw8TJ335m6IfpftrKgY0VOTAxNzQ0LTc0Mjk4MjQuanBnfHx8fHx8fHx8fHw2NDB4NDgw.jpg"}]}},{"ad_id":"871178","reg_year":"2007","make":"Ssangyong","model":"Rexton","variant":null,"mileage":"90746","engine_size":"2.7","fuel_type":"Diesel","body_type":null,"colour":"000000","location":"Galway","price":"\u20ac 7,500","images":{"base_url":"http:\/\/i0.carsie.ie\/","image_list":[{"thumb":"MmVhMjIxOTU2YTVlYTdjYTA1NjA5YTk5ZDNhZTAxMziqDV3e_VfgxSVBNCxuzdQpODcxMTc4LTcwMzU5MzQuanBnfHx8fHx8OTJ4Njl8fHx8fA==.jpg","main":"ZTYzYjk1ZWRkYjk2OTgyNDI5MzVjZjE4NzZkOTg5MDnSWjj8iC0qhQFU10DF4f6tODcxMTc4LTcwMzU5MzQuanBnfHx8fHx8fHx8fHw0MDB4MzAw.jpg","large":"NDA0ODVkYzkwODlmMTk4YmI3MzA2MzQ0NWI2MzI3ZjDCNnlL3NEv-5NKL6xTxpa9ODcxMTc4LTcwMzU5MzQuanBnfHx8fHx8fHx8fHw2NDB4NDgw.jpg"}]}},{"ad_id":"888345","reg_year":"2007","make":"Subaru","model":"Outback","variant":"2.5 5DR A","mileage":"123656","engine_size":"2.5","fuel_type":"Petrol","body_type":"Estate","colour":"858585","location":"Kildare","price":"\u20ac 7,500","images":{"base_url":"http:\/\/i0.carsie.ie\/","image_list":[{"thumb":"Yjg0ZWZkNGQ5YzNlZjhmOTBmNmZhZjMyNGQ3MjA4ZmNRvWMNvCrU65XnPu9DYuJDODg4MzQ1LTcyNDA4ODUuanBnfHx8fHx8OTJ4Njl8fHx8fA==.jpg","main":"YmFkZDJlNjMxOTBjZmY5NzliMTMwMjNlMmRmMzk3MmFbXfSS1wnul7jvH_1yE4qPODg4MzQ1LTcyNDA4ODUuanBnfHx8fHx8fHx8fHw0MDB4MzAw.jpg","large":"NmU1YmZhNGE4MmQ3ODhlNDUwOTIxNGE0OWM2YWZiMDefmJpk3VGHgWMSrNJL1NQmODg4MzQ1LTcyNDA4ODUuanBnfHx8fHx8fHx8fHw2NDB4NDgw.jpg"}]}},{"ad_id":"870830","reg_year":"2005","make":"Suzuki","model":"Grand Vitara","variant":"XL7 5 Seat","mileage":"74566","engine_size":"2.0","fuel_type":"Diesel","body_type":"Estate","colour":"0000c0","location":"Kerry","price":"\u20ac 7,500","images":{"base_url":"http:\/\/i0.carsie.ie\/","image_list":[{"thumb":"OGIwMWUxZWVjYjA1Yzg3OThmOWY0MzUwYTNiZTUxNmF094bIe0dNNG2v0bUZ1tfUODcwODMwLTcwMzEzNzMuanBnfHx8fHx8OTJ4Njl8fHx8fA==.jpg","main":"ZjRhZDRjMGY1MjI2N2M1MWJjOTZmZGVlZDNkYTBjMDFEr4pvcnnP-PhmpzdROn2GODcwODMwLTcwMzEzNzMuanBnfHx8fHx8fHx8fHw0MDB4MzAw.jpg","large":"OTY4ZjgzMDM3OWI4OWNjMWMwOWJlOTFmYTE5MWJkZmIm85bha2_7ER3AmZbhEPD3ODcwODMwLTcwMzEzNzMuanBnfHx8fHx8fHx8fHw2NDB4NDgw.jpg"}]}},{"ad_id":"839548","reg_year":"2008","make":"Toyota","model":"Avensis","variant":"1.6 Aura 08","mileage":"118318","engine_size":"1.6","fuel_type":"Petrol","body_type":"Saloon","colour":"858585","location":"Cavan","price":"\u20ac 7,500","images":{"base_url":"http:\/\/i0.carsie.ie\/","image_list":[{"thumb":"YjQ1ZjkzY2M4NWFlMzc4MzM4NzdlODk2Y2U3ZWU1MjCYNFSn81KjKbT27owJKcWZODM5NTQ4LTY3MzQxNzkuanBnfHx8fHx8OTJ4Njl8fHx8fA==.jpg","main":"OGI1YjUyNWQ2MDFlMTJmZjkwMmRhNjM0NzI2YzlmMTKYyTiVt51kwdtQW0nsI3mpODM5NTQ4LTY3MzQxNzkuanBnfHx8fHx8fHx8fHw0MDB4MzAw.jpg","large":"YmI2MTg1MGU1NzZkM2VhN2NlM2NhOWQyMGFmZjUzZGGgvw3sOEKMlRAz1RA2eTj1ODM5NTQ4LTY3MzQxNzkuanBnfHx8fHx8fHx8fHw2NDB4NDgw.jpg"}]}},{"ad_id":"867543","reg_year":"2006","make":"Toyota","model":"Avensis","variant":"T2 D-4D","mileage":"78700","engine_size":"2.0","fuel_type":"Diesel","body_type":"Hatchback","colour":"000000","location":"Clare","price":"\u20ac 7,500","images":{"base_url":"http:\/\/i0.carsie.ie\/","image_list":[{"thumb":"YzNiNWNiOGY0OWMzMzgwNDk2MTE1YzQzOGRjMDNhYmULRgdkDPT_VJ8lqXF_WfO_ODY3NTQzLTY5OTIyNDAuanBnfHx8fHx8OTJ4Njl8fHx8fA==.jpg","main":"OThiNWRiYTE1OWQzNGMyY2U2YzM3ZTI4YTNlNGZmYWLeUKj8aQWIoivsNmR7takDODY3NTQzLTY5OTIyNDAuanBnfHx8fHx8fHx8fHw0MDB4MzAw.jpg","large":"MDczZmVhYjJkOGRiY2E2YTdlNGMyNmZkYzdkYzBjNTWJAliGyXdtdOYcaMzM3pWHODY3NTQzLTY5OTIyNDAuanBnfHx8fHx8fHx8fHw2NDB4NDgw.jpg"}]}},{"ad_id":"890696","reg_year":"2008","make":"Toyota","model":"Avensis","variant":"STRATA 1.6 SALOON WITH UPGRADED ALLOYS \/ NCT TEST MARCH 2014 \/ TOP SPEC MODEL \/ TRADE-INS WELCOME \/ CALL 01-4569562 OR 086-8055412 ANYTIME","mileage":"67109","engine_size":"1.6","fuel_type":"Petrol","body_type":"Saloon","colour":"e0e0e0","location":"Dublin","price":"\u20ac 7,500","images":{"base_url":"http:\/\/i0.carsie.ie\/","image_list":[{"thumb":"MGVkMmUxOGUwYjgwZTc2ZGVkM2Q2OTFlODIwNTBjYzOte1Lscba083yX1La6omGLODkwNjk2LTcyNTAwNDguanBnfHx8fHx8OTJ4Njl8fHx8fA==.jpg","main":"MmRmNzM2N2NiZTNiN2RkMDZlY2RlN2FlYTJkMmViYjeG4VItt9840Y6VPFwbSf3pODkwNjk2LTcyNTAwNDguanBnfHx8fHx8fHx8fHw0MDB4MzAw.jpg","large":"YjEwNTIyMjMxOWM4N2ViYmU2ZjcwZjk5MGM5NmJhZjHH7l_tEJsBeC0YX-WYKEB9ODkwNjk2LTcyNTAwNDguanBnfHx8fHx8fHx8fHw2NDB4NDgw.jpg"}]}},{"ad_id":"891017","reg_year":"2007","make":"Toyota","model":"Avensis","variant":"MC D4D Aura 4DR","mileage":"102529","engine_size":"2.0","fuel_type":"Diesel","body_type":"Saloon","colour":"ff0000","location":"Dublin","price":"\u20ac 7,500","images":{"base_url":"http:\/\/i0.carsie.ie\/","image_list":[{"thumb":"ZjVmZWE2NmU0MWMwMjhiMTlkMTlmZTQwMWM1ZjI4OTHatx73Ki-BSk0h06BJFHoZODkxMDE3LTcyNTg0MzAuanBnfHx8fHx8OTJ4Njl8fHx8fA==.jpg","main":"NWNmZTA1MmYwMWJhOTVjZDM1MDc0ODc0Yzc4ZWI0MjHUTyY4GcE3cPhsCs2Lv_yiODkxMDE3LTcyNTg0MzAuanBnfHx8fHx8fHx8fHw0MDB4MzAw.jpg","large":"YmIzZjNlYWI0NzAxZDQzNjc3OWMxYjQ1YmU1MzQwYjMhXxLdUyNs5aS8bveUoPWOODkxMDE3LTcyNTg0MzAuanBnfHx8fHx8fHx8fHw2NDB4NDgw.jpg"}]}},{"ad_id":"899579","reg_year":"2006","make":"Toyota","model":"Corolla","variant":"1.4 D4D TER MC","mileage":"75622","engine_size":"1.4","fuel_type":"Diesel","body_type":"Hatchback","colour":"0000c0","location":"Clare","price":"\u20ac 7,500","images":{"base_url":"http:\/\/i0.carsie.ie\/","image_list":[{"thumb":"ZDExYTVjNWI1YmQzNjBiMWNiYWZlMTk0YmE5YTU2MjnEWQSRS0WKhwFpv9GomBsCODk5NTc5LS5qcGd8fHx8fHw5Mng2OXx8fHx8.jpg","main":"OTBjOTRhMzgxOTI1YmVlOTRhNGQ4NjJiY2NlNDViMjm7WYORyjbIk5JxNQmiwpglODk5NTc5LS5qcGd8fHx8fHx8fHx8fDQwMHgzMDA=.jpg","large":"NGNiMjMxYTZkNmFkY2UxNDlmYjg0MDVlMTZmMjhiNzQlejdgrZwKk8H95yUy_59GODk5NTc5LS5qcGd8fHx8fHx8fHx8fDY0MHg0ODA=.jpg"}]}},{"ad_id":"847517","reg_year":"2005","make":"Toyota","model":"Corolla","variant":"Verso 1.6 Luna. CLEAN 7 SEATER. LOW MILEAGE!","mileage":"61206","engine_size":"1.6","fuel_type":"Petrol","body_type":"SUV","colour":"858585","location":"Cork","price":"\u20ac 7,500","images":{"base_url":"http:\/\/i0.carsie.ie\/","image_list":[{"thumb":"MWU3NTAzZjdkYjNkNGM3MzViNGE2YTY4YmY0MjdlZWWXXuSqPt5s5Zsc5FTQxm-xODQ3NTE3LTY3NzM1MjIuanBnfHx8fHx8OTJ4Njl8fHx8fA==.jpg","main":"MTA2M2M2N2M0NjVlMGJhYWY4N2ZhNWYzMGU2OTcyMGWrrgpbnhWeGzmnpev8UpDzODQ3NTE3LTY3NzM1MjIuanBnfHx8fHx8fHx8fHw0MDB4MzAw.jpg","large":"MTNkY2RjY2NkZTExNmZmYTdhOTQ3NTNlZGM2MTM3MWbuiFfBTjrTQww7eV7wGaDAODQ3NTE3LTY3NzM1MjIuanBnfHx8fHx8fHx8fHw2NDB4NDgw.jpg"}]}},{"ad_id":"896456","reg_year":"2007","make":"Toyota","model":"Corolla","variant":"1.4 Terra CBU","mileage":"89576","engine_size":"1.4","fuel_type":"Petrol","body_type":"Saloon","colour":"858585","location":"Cork","price":"\u20ac 7,500","images":{"base_url":"http:\/\/i0.carsie.ie\/","image_list":[{"thumb":"MGY3YmM1YzU4MDBhZjkxN2E3MDc0MWM2ZjczY2M3MWL9k3NPOtIdfB1kFRIYL1RzODk2NDU2LTczNDI1MjUuanBnfHx8fHx8OTJ4Njl8fHx8fA==.jpg","main":"OThjOTgyNWYzNDY4MDEzZGViNDA0YTc0NzBiZWRiOWL0XNrc8ggDV_5R3vQB0w7FODk2NDU2LTczNDI1MjUuanBnfHx8fHx8fHx8fHw0MDB4MzAw.jpg","large":"NDNkYjljZTI5NTY1MzlmMDQ4YTM1NmIyNDU0YWU1MmGOdJZzEJIZ_gPBKFdSxM_sODk2NDU2LTczNDI1MjUuanBnfHx8fHx8fHx8fHw2NDB4NDgw.jpg"}]}},{"ad_id":"890705","reg_year":"2007","make":"Toyota","model":"Corolla","variant":"1.4 4dr Saloon, New Model, Genuine LOW Mileage","mileage":"47950","engine_size":"1.4","fuel_type":"Petrol","body_type":"Saloon","colour":"e0e0e0","location":"Dublin","price":"\u20ac 7,500","images":{"base_url":"http:\/\/i0.carsie.ie\/","image_list":[{"thumb":"ZWE4ODEyYjE3ZDU2MmQwNjZmYmRjOGMzMWE5OTllMjJpuR4XWeSAoDnYHaxy9ra7ODkwNzA1LTcyNjU0NjMuanBnfHx8fHx8OTJ4Njl8fHx8fA==.jpg","main":"MzBjMGIwMWU2ZDBiNjE2YzQ5NzUxMWViYTc3YzM1ODDdIOxIrFuEyUT8RZaEF5a_ODkwNzA1LTcyNjU0NjMuanBnfHx8fHx8fHx8fHw0MDB4MzAw.jpg","large":"MTBmY2RiZDk0YjE2ZjZhNjU0MzY1ODRjNTIwN2RjYjihl6uY77MeBWSD0q48_ELxODkwNzA1LTcyNjU0NjMuanBnfHx8fHx8fHx8fHw2NDB4NDgw.jpg"}]}},{"ad_id":"858864","reg_year":"2005","make":"Toyota","model":"Corolla","variant":"corolla verso 1.6 luna 7s","mileage":"90728","engine_size":"1.6","fuel_type":"Petrol","body_type":"Estate","colour":"ff0000","location":"Sligo","price":"\u20ac 7,500","images":{"base_url":"http:\/\/i0.carsie.ie\/","image_list":[{"thumb":"NjhkNTE1NGI4YmYxNzQ2OGYyZDhhNDRhN2Q3ZmI1NmaLzLxBPBD1rjZwhrfLJCA6ODU4ODY0LTcyMDIwOTYuanBnfHx8fHx8OTJ4Njl8fHx8fA==.jpg","main":"N2U5ZDk5YjVjYjUzY2Y4YjkwMzg5MDIwMjFmMTU5MGN7O0tK-HX9o4TxeFlaU8B6ODU4ODY0LTcyMDIwOTYuanBnfHx8fHx8fHx8fHw0MDB4MzAw.jpg","large":"YzgzNDk0MjE0NGI1NWI3ODYxYzBmOTM5M2NjNmVjZTLbzEQvwJ5Ghrzdb-d7pYXEODU4ODY0LTcyMDIwOTYuanBnfHx8fHx8fHx8fHw2NDB4NDgw.jpg"}]}},{"ad_id":"858866","reg_year":"2002","make":"Toyota","model":"Hilux","variant":"hilux d4d srs 4dr","mileage":"93316","engine_size":"2.5","fuel_type":"Diesel","body_type":null,"colour":"0000c0","location":"Sligo","price":"\u20ac 7,500","images":{"base_url":"http:\/\/i0.carsie.ie\/","image_list":[{"thumb":"NjY1MzE4ZWI4ZDAxN2I4Y2I0ZDNmZWEyZGY3M2RjYjn1lXzBA1e-UxD-6wPYWLwVODU4ODY2LTY5MDU2MzkuanBnfHx8fHx8OTJ4Njl8fHx8fA==.jpg","main":"M2I0NzMyNzVjNzljMTI4YzllOTBlZjZiMjYyZWEzZDiFkAiEmg3g7yMKKVfJCUxBODU4ODY2LTY5MDU2MzkuanBnfHx8fHx8fHx8fHw0MDB4MzAw.jpg","large":"NzJhM2VmZDM5NWYwNWRhN2E0ZTdkZTU0NTZjYTVmZDBRJF6hXjFQHNDchDXi8fsYODU4ODY2LTY5MDU2MzkuanBnfHx8fHx8fHx8fHw2NDB4NDgw.jpg"}]}}]}