{"total":"23408","result":[{"ad_id":"693175","reg_year":"2004","make":"Mitsubishi","model":"Lancer","variant":"1.5P 4Dr Saloon","mileage":"109000","engine_size":"1.5","fuel_type":"Petrol","body_type":"Saloon","colour":"e0e0e0","location":"Westmeath","price":"\u20ac 3,750","images":{"base_url":"http:\/\/i0.carsie.ie\/","image_list":[{"thumb":"NTBkYmE1ODY4OTJhODU5YmE4MzFlNjE5YjM1ZDgzY2LqCe-ZFbkzqCUD5b1G37vYNjkzMTc1LTQ4MzkzMDUuanBnfHx8fHx8OTJ4Njl8fHx8fA==.jpg","main":"YWFlZDE5ZTcyMDJkOWRmZjAwMmYxNzk5ZDNlZWFkMDdMxzgVxtGiPP88GD_sr5rFNjkzMTc1LTQ4MzkzMDUuanBnfHx8fHx8fHx8fHw0MDB4MzAw.jpg","large":"NDllZGFhNDg0ZWQ5ZThmMmI0ZmYyNGY3NzhmZWY4ZDafqkmmJUY6_80dmyNr-g5CNjkzMTc1LTQ4MzkzMDUuanBnfHx8fHx8fHx8fHw2NDB4NDgw.jpg"}]}},{"ad_id":"902162","reg_year":"2004","make":"Mitsubishi","model":"Outlander","variant":"2.4 Sport","mileage":"59000","engine_size":"2.4","fuel_type":"Petrol","body_type":"SUV","colour":"000000","location":"Dublin","price":"\u20ac 3,750","images":{"base_url":"http:\/\/i0.carsie.ie\/","image_list":[{"thumb":"NDM4OWI4NTk5NmE0MGFkYTk2ZWNiNjU0OTgyMDM1Yzf4sCqoxj0PPWBORh_OAceQOTAyMTYyLTc0Mjk4NTQuanBnfHx8fHx8OTJ4Njl8fHx8fA==.jpg","main":"ZGZiMWZkNDQyZDhmMjdkYzM3ZDVjOWU3YzNhZDQwMTADvH2nwNouzlOJlfeApzoEOTAyMTYyLTc0Mjk4NTQuanBnfHx8fHx8fHx8fHw0MDB4MzAw.jpg","large":"NTJhMTA1ZjVkNmY4YzNkM2JlMGYxZDZhMjY2MDU1Y2NTeWIEynVTeEM69ItGqZF0OTAyMTYyLTc0Mjk4NTQuanBnfHx8fHx8fHx8fHw2NDB4NDgw.jpg"}]}},{"ad_id":"823200","reg_year":"2005","make":"Nissan","model":"Almera","variant":"1.5 SVE!12 MONTH WARRANTY! 4DR","mileage":"57974","engine_size":"1.5","fuel_type":"Petrol","body_type":"Saloon","colour":"ff0000","location":"Dublin","price":"\u20ac 3,750","images":{"base_url":"http:\/\/i0.carsie.ie\/","image_list":[{"thumb":"NTVkNDRjNmNhMTlkYTlmYjU3YTA0YzExNTFkNDM5YTP0mSHmTm0l_KsxcIHrU_BTODIzMjAwLTcwMTM0ODcuanBnfHx8fHx8OTJ4Njl8fHx8fA==.jpg","main":"NWZlYWU1YWM5MDM1YzZhNjllMDRiZjgxZTQ5YTYzMDPVtYf_XPSl1C-LgW7OyV6lODIzMjAwLTcwMTM0ODcuanBnfHx8fHx8fHx8fHw0MDB4MzAw.jpg","large":"MzhjYWVmNWZmYWU2YjU3YmNiZDFlOWI2YjgxNDI1MzPvTGgQpGpsNwsVtKVVheGgODIzMjAwLTcwMTM0ODcuanBnfHx8fHx8fHx8fHw2NDB4NDgw.jpg"}]}},{"ad_id":"886904","reg_year":"2005","make":"Nissan","model":"Almera","variant":"1.5 S 03DR","mileage":"","engine_size":"1.5","fuel_type":"Petrol","body_type":"Hatchback","colour":"000000","location":"Dublin","price":"\u20ac 3,750","images":{"base_url":"http:\/\/i0.carsie.ie\/","image_list":[{"thumb":"MGM5YmM2NzFlYWQxNjYwZGE3ODY4NjFlOTY2OTY1Nja3Gd4ECHTjE8BQKfvILVnjODg2OTA0LTcyMTkyMDguanBnfHx8fHx8OTJ4Njl8fHx8fA==.jpg","main":"MGZiNWQyNjM2NWUwNDg4YWMwN2I1NzU0YTNlNTE3MzaXN4mg8QeXTS9Mt4QAn2ZNODg2OTA0LTcyMTkyMDguanBnfHx8fHx8fHx8fHw0MDB4MzAw.jpg","large":"M2RlZGZhZDZlYTVhYWE3MzBlMmRkOTg1NDYzZDlkMWUouWKk43o8nXiQJYGOp_hKODg2OTA0LTcyMTkyMDguanBnfHx8fHx8fHx8fHw2NDB4NDgw.jpg"}]}},{"ad_id":"899680","reg_year":"2004","make":"Nissan","model":"Almera","variant":"Tekna","mileage":"84000","engine_size":"1.5","fuel_type":"Petrol","body_type":null,"colour":"ff0000","location":"Kildare","price":"\u20ac 3,750","images":{"base_url":"http:\/\/i0.carsie.ie\/","image_list":[{"thumb":"NzRlNzhkMjY2YmZlNTQyYzI5NTkzNWE0YmJjMDk5MTRvbI-1ZVnibYo6ga-1qXCgODk5NjgwLTczOTkyNTcuanBnfHx8fHx8OTJ4Njl8fHx8fA==.jpg","main":"ZDBlZTM3M2Q3NjI2ZTVkNDAzOGVlZmM4MGNmYzMwYWUlQhjP0Eg2sZ7PRW2dtSgAODk5NjgwLTczOTkyNTcuanBnfHx8fHx8fHx8fHw0MDB4MzAw.jpg","large":"ZjgwYjEwOGM5NGFkMzdiZWU3ODJkODQwNTEzZWQ5ZGWa3R64haEsp0DqWFCGR9a7ODk5NjgwLTczOTkyNTcuanBnfHx8fHx8fHx8fHw2NDB4NDgw.jpg"}]}},{"ad_id":"837342","reg_year":"2003","make":"Nissan","model":"Micra","variant":"1.0 5DR VISIA","mileage":"67638","engine_size":"1.0","fuel_type":"Petrol","body_type":"Hatchback","colour":"0000c0","location":"Wicklow","price":"\u20ac 3,750","images":{"base_url":"http:\/\/i0.carsie.ie\/","image_list":[{"thumb":"M2IyNTUzNTBiYzM0YjkzN2I5ODYxNjg3Y2EzYjM0YjZcMy-3VFGX7NxdbmbJkHYRODM3MzQyLTY3MjMwODYuanBnfHx8fHx8OTJ4Njl8fHx8fA==.jpg","main":"MWM5OGMxMGU4ZjE5YTg3ZTA1YmJiNGRmMmRhNDhjYzS5sdYwTk_O13znSJp2qWD-ODM3MzQyLTY3MjMwODYuanBnfHx8fHx8fHx8fHw0MDB4MzAw.jpg","large":"NjJkNzFjYzkzODZlMDljNTc0MGE0ODcwOTNjZTZmODFX-CBKa2TocW8wTuVbjAo7ODM3MzQyLTY3MjMwODYuanBnfHx8fHx8fHx8fHw2NDB4NDgw.jpg"}]}},{"ad_id":"874636","reg_year":"2004","make":"Opel","model":"Astra","variant":"auto","mileage":"67000","engine_size":"1.6","fuel_type":"Petrol","body_type":"Hatchback","colour":"e0e0e0","location":"Donegal","price":"\u20ac 3,750","images":{"base_url":"http:\/\/i0.carsie.ie\/","image_list":[{"thumb":"OWI4NWRjNzk3MDVkZDYzNDFjOWNmNDk1MjUwMzQ4ZTLTVggLYPvGrbMPQ6VteAA-ODc0NjM2LTcwNzU1OTYuanBnfHx8fHx8OTJ4Njl8fHx8fA==.jpg","main":"MjEyYjVkMDcyMmMzMGQ5ZTMzM2YyY2ZhNzE1YjQwZjmFya1GD-KsuleqlPihjdwwODc0NjM2LTcwNzU1OTYuanBnfHx8fHx8fHx8fHw0MDB4MzAw.jpg","large":"Yjc2OTljNjkzZjlmMDM3Mzg0YzZlOTExNTgyNTNjY2R4MMOcmenY4gPZjX10AW2RODc0NjM2LTcwNzU1OTYuanBnfHx8fHx8fHx8fHw2NDB4NDgw.jpg"}]}},{"ad_id":"831762","reg_year":"2004","make":"Opel","model":"Astra","variant":"4DR Njoy Z14XE","mileage":"128000","engine_size":"1.4","fuel_type":"Petrol","body_type":"Saloon","colour":"e0e0e0","location":"Limerick","price":"\u20ac 3,750","images":{"base_url":"http:\/\/i0.carsie.ie\/","image_list":[{"thumb":"YzM1ZGMyOWY3Y2UwN2E1OTM4Nzk5NGI5OTM5Njc3ZGSzCZvm-rGuLMDZKf_GSow-ODMxNzYyLS5qcGd8fHx8fHw5Mng2OXx8fHx8.jpg","main":"OTIxOTE4ZTg5YTI3M2UxN2UzNWI2ZDU4ZWRkYzdkNTkBQfrRNYqCeAqgmdG7m5iAODMxNzYyLS5qcGd8fHx8fHx8fHx8fDQwMHgzMDA=.jpg","large":"MDJjMDdjNzk2ODg2MDZiMTM5YWQ2NGRhNjNlNjBiMmOcv7ZRydotzXIj0siZgddPODMxNzYyLS5qcGd8fHx8fHx8fHx8fDY0MHg0ODA=.jpg"}]}},{"ad_id":"878665","reg_year":"2004","make":"Opel","model":"Astra","variant":"Njoy Estate Z14XE","mileage":"80252","engine_size":"1.4","fuel_type":"Petrol","body_type":"Estate","colour":"e0e0e0","location":"Westmeath","price":"\u20ac 3,750","images":{"base_url":"http:\/\/i0.carsie.ie\/","image_list":[{"thumb":"YmE4N2ZkZGI3N2ZhNjFmZjNmZmExYWE3MTc0NDdjMmES4mN46jLosi8yxXIC-wbQODc4NjY1LTcxMjEzNzYuanBnfHx8fHx8OTJ4Njl8fHx8fA==.jpg","main":"MjMwYjk4MjIyZDNjOTkxYzlkZTFiYjQyMDBkODQwZmRu_y98slvQdxMuOvLkbGo6ODc4NjY1LTcxMjEzNzYuanBnfHx8fHx8fHx8fHw0MDB4MzAw.jpg","large":"YjhhMzdlZDRmMDlhMTJlOWYzMDQxYzc4NjdmNzgwMmQYRejt-vf5OEXpYdHtpt4KODc4NjY1LTcxMjEzNzYuanBnfHx8fHx8fHx8fHw2NDB4NDgw.jpg"}]}},{"ad_id":"901331","reg_year":"2005","make":"Opel","model":"Corsa","variant":"Njoy Z1.0 XEP 5DR","mileage":"61765","engine_size":"1.0","fuel_type":"Petrol","body_type":"Hatchback","colour":"e0e0e0","location":"Cork","price":"\u20ac 3,750","images":{"base_url":"http:\/\/i0.carsie.ie\/","image_list":[{"thumb":"ZDA0YTdjZDMxMzlkZDViOGVkNGViMjVkNzQ0MzBlNWX6YSVVHK-4PoKGiPxNghd5OTAxMzMxLTc0MTg1NzkuanBnfHx8fHx8OTJ4Njl8fHx8fA==.jpg","main":"NzE4OTJlZGEwNmYyNWVlZTUzOTY0MmZiZDYwZTgxMWJ56isjunbTlD1_fK4qr4tvOTAxMzMxLTc0MTg1NzkuanBnfHx8fHx8fHx8fHw0MDB4MzAw.jpg","large":"OGNiZDFlODk2YzdiYTdkZTFjMjU0NmIxOWE2NjgwNTjr7ctGk9qnVha7D8eDdeulOTAxMzMxLTc0MTg1NzkuanBnfHx8fHx8fHx8fHw2NDB4NDgw.jpg"}]}},{"ad_id":"816483","reg_year":"2005","make":"Opel","model":"Corsa","variant":"**6 MONTH WARRANTY**","mileage":"70069","engine_size":"1.0","fuel_type":"Petrol","body_type":"Hatchback","colour":"e0e0e0","location":"Kildare","price":"\u20ac 3,750","images":{"base_url":"http:\/\/i0.carsie.ie\/","image_list":[{"thumb":"NDQyMDNjMjViYjc5NTAzODIwNDYzMGFjNjA0OTA1OTkzLJf6Qpcizr530V7hI70uODE2NDgzLTY0MDk4MDIuanBnfHx8fHx8OTJ4Njl8fHx8fA==.jpg","main":"NTFhZDFiMjNiYmZmYjk3MGE5MzM4NjNiNTRiMWQxMTKQJ0_i9FJKjuQ1Oa1zajJ2ODE2NDgzLTY0MDk4MDIuanBnfHx8fHx8fHx8fHw0MDB4MzAw.jpg","large":"ZTVkNDJlNTRlMjE0Nzc5MGYzN2UzMTczYzJhMzI0ZTUWLrE9JkFGVnTK6JPmEk_xODE2NDgzLTY0MDk4MDIuanBnfHx8fHx8fHx8fHw2NDB4NDgw.jpg"}]}},{"ad_id":"892742","reg_year":"2005","make":"Opel","model":"Corsa","variant":"Njoy 1.2I 16V","mileage":"41633","engine_size":"1.2","fuel_type":"Petrol","body_type":"Hatchback","colour":"e0e0e0","location":"Longford","price":"\u20ac 3,750","images":{"base_url":"http:\/\/i0.carsie.ie\/","image_list":[{"thumb":"ZDIwM2IxNmM3OGI2NjZmMWRjYzRmYjU1OWE1Y2IzYjYqGNcoHjyZJUjQNBD9Bs5vODkyNzQyLTcyNzUyMTUuanBnfHx8fHx8OTJ4Njl8fHx8fA==.jpg","main":"YTQ3Zjg1MTg0MzY4NDEwNzg4N2ViNmYyNzllNGFjYmL1gSYxbHFw7juPWPlqzQpXODkyNzQyLTcyNzUyMTUuanBnfHx8fHx8fHx8fHw0MDB4MzAw.jpg","large":"ZmYzOTI5OTVmODhmNmU0ZmY0NTYzMWI0M2Q2YjRlNjbj_8pQl2CDD5OFDcu0DocnODkyNzQyLTcyNzUyMTUuanBnfHx8fHx8fHx8fHw2NDB4NDgw.jpg"}]}},{"ad_id":"861260","reg_year":"2005","make":"Opel","model":"Meriva","variant":null,"mileage":"109845","engine_size":"1.4","fuel_type":"Petrol","body_type":null,"colour":"e0e0e0","location":"Galway","price":"\u20ac 3,750","images":{"base_url":"http:\/\/i0.carsie.ie\/","image_list":[{"thumb":"ODVlOWE5ZDE0OTg2ZmJmNTNmOTY5OTMxZjRmZGY3ODCpQegf3eUrxCbxnTJGvSmGODYxMjYwLTY5MTczMjMuanBnfHx8fHx8OTJ4Njl8fHx8fA==.jpg","main":"MjVkYTAxYTY1ODIxYjYzZDMyZTk2OGQyYWU5ZGU3ODFP7tbHwrdej1eMy4nC7pBTODYxMjYwLTY5MTczMjMuanBnfHx8fHx8fHx8fHw0MDB4MzAw.jpg","large":"ZTg2MDA1M2VmYjM1NzNlOWE1ZWIyMGU5ZTc5NTQyNjIUOsCL1snM7JooKS4CflASODYxMjYwLTY5MTczMjMuanBnfHx8fHx8fHx8fHw2NDB4NDgw.jpg"}]}},{"ad_id":"853481","reg_year":"2002","make":"Opel","model":"Zafira","variant":"1.8XE","mileage":"80000","engine_size":"1.8","fuel_type":"Petrol","body_type":"People Carrier","colour":"008000","location":"Cork","price":"\u20ac 3,750","images":{"base_url":"http:\/\/i0.carsie.ie\/","image_list":[{"thumb":"MTkzNjZlZTU5ZjUyYzJkY2IzYTkxODUyYjVkN2UzOTG47w_W6cwm5daeHW2fvHVqODUzNDgxLTY4MzUyOTIuanBnfHx8fHx8OTJ4Njl8fHx8fA==.jpg","main":"MDY5NDc0NTczNmRhMDVhYjBjNzBkMGE1M2E3NTI1ODGYGKgq9pRXimLm-1PI_CdpODUzNDgxLTY4MzUyOTIuanBnfHx8fHx8fHx8fHw0MDB4MzAw.jpg","large":"ZjE3OTczMjdjZDUxM2NiMmFhZGUyZTM5YmM0NDZiYmLGOhm4rsZvBkxPAgbaQsoqODUzNDgxLTY4MzUyOTIuanBnfHx8fHx8fHx8fHw2NDB4NDgw.jpg"}]}},{"ad_id":"864947","reg_year":"2003","make":"Opel","model":"Zafira","variant":"COMFORT 5DR 51","mileage":"126000","engine_size":"1.6","fuel_type":"Petrol","body_type":null,"colour":"000000","location":"Mayo","price":"\u20ac 3,750","images":{"base_url":"http:\/\/i0.carsie.ie\/","image_list":[{"thumb":"M2MzNjk4NGMxN2EyNzAyYzg0ZjA0MDgyYWYyNGQ4MWFa7FGO84xoeNpb_b-IwkjAODY0OTQ3LTY5NjM0MzMuanBnfHx8fHx8OTJ4Njl8fHx8fA==.jpg","main":"NjgyNWJmMTc3NmVkOTRmYTU1Y2M3NGRlOTkwNzBlNDNyUSoLWhz9iBsmp9FV_ddkODY0OTQ3LTY5NjM0MzMuanBnfHx8fHx8fHx8fHw0MDB4MzAw.jpg","large":"OWZhMTIxOWZjOGZiM2JkYzZiOTAwOTAyOGNiM2E1YmJeJcffjSfdKui2Sb0fiN6uODY0OTQ3LTY5NjM0MzMuanBnfHx8fHx8fHx8fHw2NDB4NDgw.jpg"}]}},{"ad_id":"857740","reg_year":"2006","make":"Peugeot","model":"107","variant":null,"mileage":"39000","engine_size":"1.0","fuel_type":"Petrol","body_type":null,"colour":"0000c0","location":"Wexford","price":"\u20ac 3,750","images":{"base_url":"http:\/\/i0.carsie.ie\/","image_list":[{"thumb":"MWY0NDM5MDI4MWVlOWM2ZjljYmI0MjI2ODVlYWExZjmkk_tm5dyrPyUllVWUK5T0ODU3NzQwLTY4ODAwMjUuanBnfHx8fHx8OTJ4Njl8fHx8fA==.jpg","main":"MjEzNzY2YjUwMDdmNDQyYzUzMjVmMDNhNTFjZDQwYjkyumUA36rjGCdyDsWgMjtMODU3NzQwLTY4ODAwMjUuanBnfHx8fHx8fHx8fHw0MDB4MzAw.jpg","large":"Mzc0MTQxNDVmZGVjZjNlYzFlZjI4OGMxZmQyNWRiOGURyIi0ZwhemRKV4MxMBw6TODU3NzQwLTY4ODAwMjUuanBnfHx8fHx8fHx8fHw2NDB4NDgw.jpg"}]}},{"ad_id":"898169","reg_year":"2003","make":"Peugeot","model":"206","variant":"1.4 HDI Look 03DR","mileage":"97624","engine_size":"1.4","fuel_type":"Diesel","body_type":"Hatchback","colour":"e0e0e0","location":"Cork","price":"\u20ac 3,750","images":{"base_url":"http:\/\/i0.carsie.ie\/","image_list":[{"thumb":"NWU5OWRmYjhiNzZjZDIxYTE2ZTZmMjVkZmEwOTQ1M2HX6pKoxmDF3s-ohlMXDFrQODk4MTY5LS5qcGd8fHx8fHw5Mng2OXx8fHx8.jpg","main":"Y2E3YTc3ZmJiZWI4MDMxMDc4ZjNiYjQ4ZWNlYWQyNDRO8M65yKzARdhtYQwXSKk6ODk4MTY5LS5qcGd8fHx8fHx8fHx8fDQwMHgzMDA=.jpg","large":"Njk2YTk4NjA3YTM4NzA1YTg0YmIwYmZlZmEzNGZkOTfmNn2rsdIBsXZpXhFNP7Y7ODk4MTY5LS5qcGd8fHx8fHx8fHx8fDY0MHg0ODA=.jpg"}]}},{"ad_id":"869968","reg_year":"2005","make":"Peugeot","model":"206","variant":"CC 1.6","mileage":"86371","engine_size":"1.6","fuel_type":"Petrol","body_type":"Hatchback","colour":"ff0000","location":"Dublin","price":"\u20ac 3,750","images":{"base_url":"http:\/\/i0.carsie.ie\/","image_list":[{"thumb":"YjI2MDAzYTVkZDVhYzZhNDVlZWU4NGI2Zjg3MDRmZWUxH5jm5AeG23n1iyhuPrTIODY5OTY4LTcwMTkxOTQuanBnfHx8fHx8OTJ4Njl8fHx8fA==.jpg","main":"NjNhYWQ5MDA2NzIwYmU5ZjkyOGZlMDAxNDFlYTI2YmPrn0iCdBQfE0HSojVoY9ryODY5OTY4LTcwMTkxOTQuanBnfHx8fHx8fHx8fHw0MDB4MzAw.jpg","large":"N2JhYjE3NmMwYjQxMjYwMzEyMWZjYTEzOTRhZDg2ZjXTr6U5Z85YWv_5oz-lM4kUODY5OTY4LTcwMTkxOTQuanBnfHx8fHx8fHx8fHw2NDB4NDgw.jpg"}]}},{"ad_id":"884545","reg_year":"2004","make":"Peugeot","model":"206","variant":"CC 1.6 FULL HISTORY & LEATHER","mileage":"72000","engine_size":"1.6","fuel_type":"Petrol","body_type":"Cabriolet \/ Convertible","colour":"0000c0","location":"Dublin","price":"\u20ac 3,750","images":{"base_url":"http:\/\/i0.carsie.ie\/","image_list":[{"thumb":"ZmFjNWY2MTA2OWZjMWI0OGFmNDBjYjJkMTdkNDU4ODfezFBNOl1I2QfOmsVjA4AgODg0NTQ1LTcyMTI2NzkuanBnfHx8fHx8OTJ4Njl8fHx8fA==.jpg","main":"MGY1YmMyYjI0NGM5Y2EwNjI0M2M5Yzg4MmMwZTExNjaExEYx32wZ8ZaeuD1YQhEsODg0NTQ1LTcyMTI2NzkuanBnfHx8fHx8fHx8fHw0MDB4MzAw.jpg","large":"MmQxMTE3ZWJiNGNlMmQ0NWEwODM3NTAzM2EwNGI2ODkDT3wtQTSYH98OgfrISGvOODg0NTQ1LTcyMTI2NzkuanBnfHx8fHx8fHx8fHw2NDB4NDgw.jpg"}]}},{"ad_id":"901752","reg_year":"2004","make":"Peugeot","model":"206","variant":"Style 3DR","mileage":"65426","engine_size":"1.1","fuel_type":"Petrol","body_type":"Hatchback","colour":"858585","location":"Dublin","price":"\u20ac 3,750","images":{"base_url":"http:\/\/i0.carsie.ie\/","image_list":[{"thumb":"YTU0OTM5OWQ2MmM4ZWZhYjg5MzhkNjk4N2FiODljYzigqi_qnsF2pBZvRPBlBuAXOTAxNzUyLTc0MjQyMzAuanBnfHx8fHx8OTJ4Njl8fHx8fA==.jpg","main":"ODc0YTNiMDQzOTY2MDVmOTRiYjcyN2YwYTljNjE5ODLuQ48qr_e4f7X6LqiR8U2xOTAxNzUyLTc0MjQyMzAuanBnfHx8fHx8fHx8fHw0MDB4MzAw.jpg","large":"NTFjNjc2NmEwNzZhZjkyYWMxNTg0Mzg5NTljMzhkYWNiZmk9ow9EsDpyWHInonSyOTAxNzUyLTc0MjQyMzAuanBnfHx8fHx8fHx8fHw2NDB4NDgw.jpg"}]}}]}