{"total":"23408","result":[{"ad_id":"888368","reg_year":"2003","make":"Toyota","model":"Corolla","variant":"1.4 Terra","mileage":"109000","engine_size":"1.4","fuel_type":"Petrol","body_type":"Hatchback","colour":"858585","location":"Tipperary","price":"\u20ac 3,650","images":{"base_url":"http:\/\/i0.carsie.ie\/","image_list":[{"thumb":"OGExZGY1YTgwNjFmYjNhODYzYmVjZGVjY2QyYTUyNzKVAQ36qJSF9sybqWPM5qGfODg4MzY4LTczMjM4MTMuanBnfHx8fHx8OTJ4Njl8fHx8fA==.jpg","main":"Mjk3MWQ5YThiM2JmYjIzY2I0NzgyYTc4MDRhNjg3OTZu1ds52cuhNhvQwAOefPfiODg4MzY4LTczMjM4MTMuanBnfHx8fHx8fHx8fHw0MDB4MzAw.jpg","large":"MmZiOTRkOTgyMDk1MzZjYWJiYjcyZjE5OWEwNWMxMWS05hol4lW2uz2OtopXQo0mODg4MzY4LTczMjM4MTMuanBnfHx8fHx8fHx8fHw2NDB4NDgw.jpg"}]}},{"ad_id":"801477","reg_year":"2002","make":"Toyota","model":"Corolla","variant":"1.6 Terra","mileage":"149000","engine_size":"1.6","fuel_type":"Petrol","body_type":"SUV","colour":"858585","location":"Westmeath","price":"\u20ac 3,650","images":{"base_url":"http:\/\/i0.carsie.ie\/","image_list":[{"thumb":"MTU3NmYxNTMwYTRhYzIwNmVkMDM5ZGIwYWI3ZDRiNWUDtZSemawJlYFFzKHrT_LCODAxNDc3LTYzNzQxMDQuanBnfHx8fHx8OTJ4Njl8fHx8fA==.jpg","main":"N2E4ZDMyMTU1MzIyZmRhMGYyZjZmNmIyNjdmOGQyYWb-xmmfJMGBsU7SF0owztbkODAxNDc3LTYzNzQxMDQuanBnfHx8fHx8fHx8fHw0MDB4MzAw.jpg","large":"OGMzMTFhNjAwYmQwNjQzODMwYTFmNTg4YTNhZDZmN2ERucvSkrHBuqusU44qtMFOODAxNDc3LTYzNzQxMDQuanBnfHx8fHx8fHx8fHw2NDB4NDgw.jpg"}]}},{"ad_id":"892443","reg_year":"2003","make":"Volkswagen","model":"Passat","variant":"1.9tdi REDi","mileage":"104000","engine_size":"1.9","fuel_type":"Diesel","body_type":"Saloon","colour":"0000c0","location":"Dublin","price":"\u20ac 3,650","images":{"base_url":"http:\/\/i0.carsie.ie\/","image_list":[{"thumb":"OGUwMjVhZTJjNmFiNWEzNWE2NmU0NmM4MTM0NmQxYzfp_-TNfkTcn8PocgbpQFFGODkyNDQzLTcyNzMyNDcuanBnfHx8fHx8OTJ4Njl8fHx8fA==.jpg","main":"ZGViMDE0NmU0YmFhM2FlODM3NGVkMDI1YmIwNmZlMGQSiVu_eVvJ30FynhRvWdAvODkyNDQzLTcyNzMyNDcuanBnfHx8fHx8fHx8fHw0MDB4MzAw.jpg","large":"N2U5NTFmZTk3NmQzMTZkNGRhM2Y2OGYwNmZkZDViMzmlqwARp8hgDe2vf36xQJhGODkyNDQzLTcyNzMyNDcuanBnfHx8fHx8fHx8fHw2NDB4NDgw.jpg"}]}},{"ad_id":"900534","reg_year":"2003","make":"Volkswagen","model":"Polo","variant":"Comfort 1.2","mileage":"71000","engine_size":"1.2","fuel_type":"Petrol","body_type":"Hatchback","colour":"0000c0","location":"Dublin","price":"\u20ac 3,650","images":{"base_url":"http:\/\/i0.carsie.ie\/","image_list":[{"thumb":"ODBlOTdhNjVkY2IxNzQ1MzBiODc0MTQ0OGU4NmY4OWKyziBG7XzuNWOgRW-3_GoqOTAwNTM0LTc0MjMyMDUuanBnfHx8fHx8OTJ4Njl8fHx8fA==.jpg","main":"Yjk0OTNjZDk4NmQ5NzgzMmNmYzg4ZGQwMmNiNzQwYWU-NHlquRetEuqBMBrTBiuuOTAwNTM0LTc0MjMyMDUuanBnfHx8fHx8fHx8fHw0MDB4MzAw.jpg","large":"MzljZjQ5M2I4OGNiNDM4OWFhMmU2NTY4MTRhZGY1YTk7L_TAbEqPZSgk-vAfYcIIOTAwNTM0LTc0MjMyMDUuanBnfHx8fHx8fHx8fHw2NDB4NDgw.jpg"}]}},{"ad_id":"898194","reg_year":"2004","make":"Volkswagen","model":"Polo","variant":"1.2 Plus 5DR","mileage":"70216","engine_size":"1.2","fuel_type":"Petrol","body_type":"Hatchback","colour":"000000","location":"Galway","price":"\u20ac 3,650","images":{"base_url":"http:\/\/i0.carsie.ie\/","image_list":[{"thumb":"ZmIzMjU3NTUwYjFhNjk1OWM3MzRiNjU0ZmRhODczMGQ_be4T-hkxECxu-33xubKxODk4MTk0LTczNjI3OTMuanBnfHx8fHx8OTJ4Njl8fHx8fA==.jpg","main":"YmUwMTA5OWMyNTlkOThlYjJlYTc1NDY0ZmI3Yzc5OWbnp7uTUYOrtQw7o9nIO4XZODk4MTk0LTczNjI3OTMuanBnfHx8fHx8fHx8fHw0MDB4MzAw.jpg","large":"NzVlNjMwZjAzMTYxOGI4ODZmMjJlYmI1ZDQwOTYyZjdD93sk8bzCgSiJcpj3vj8rODk4MTk0LTczNjI3OTMuanBnfHx8fHx8fHx8fHw2NDB4NDgw.jpg"}]}},{"ad_id":"863253","reg_year":"2009","make":"Renault","model":"Kangoo","variant":"Price Plus Vat@23%.1.5dci 70bhp","mileage":"62817","engine_size":"1.5","fuel_type":"Diesel","body_type":"Hatchback","colour":"008000","location":"Dublin","price":"\u20ac 3,658","images":{"base_url":"http:\/\/i0.carsie.ie\/","image_list":[{"thumb":"MWY3YWFkZWFkNjg5MDI2MTJkYjg1ZDJlNTYzN2UyZWTdyCUkd2L-jo8OjS3HRvxWODYzMjUzLTY5Mzk2NjIuanBnfHx8fHx8OTJ4Njl8fHx8fA==.jpg","main":"ODI5MzhkODAzOWI3YmIwMzRlYTQwMjRiYmI4NGZhNjgKU45Lb0CSvA3YmxKAp1qIODYzMjUzLTY5Mzk2NjIuanBnfHx8fHx8fHx8fHw0MDB4MzAw.jpg","large":"Zjg1Mzg5ZGZlYzE2YTZmYmNjZWY4NDlmMGFjZjM3MDZ5HcL60UtKP2qdwQ_gsMqQODYzMjUzLTY5Mzk2NjIuanBnfHx8fHx8fHx8fHw2NDB4NDgw.jpg"}]}},{"ad_id":"799075","reg_year":"2005","make":"Chevrolet","model":"Rexton","variant":"7 Seater","mileage":"1400000","engine_size":"2.9","fuel_type":"Diesel","body_type":"Estate","colour":"0000c0","location":"Waterford","price":"\u20ac 3,695","images":{"base_url":"http:\/\/i0.carsie.ie\/","image_list":[{"thumb":"MTlhM2Q2MmRhMTY5Nzg5YTRiMjQ3ODY5MDQ2ODViM2KlhPHO_I5CiQtjignUdxswNzk5MDc1LTYxODkxMzkuanBnfHx8fHx8OTJ4Njl8fHx8fA==.jpg","main":"OWE5NzViN2NkOTYwMzk3ZWQ0NTU0NjY4NzA2MmRhMjbbwpYWqa6jSlYG7MAQnqbpNzk5MDc1LTYxODkxMzkuanBnfHx8fHx8fHx8fHw0MDB4MzAw.jpg","large":"YjBlN2UyNGE3ODBhNGZkOWZkOWEzNTg0MWJjNWM0MjPOzMWhZUt4yOaqZacCBwLGNzk5MDc1LTYxODkxMzkuanBnfHx8fHx8fHx8fHw2NDB4NDgw.jpg"}]}},{"ad_id":"808723","reg_year":"2004","make":"Citroen","model":"C3","variant":"1.1LX 5 Door","mileage":"73323","engine_size":"1.1","fuel_type":"Petrol","body_type":"Hatchback","colour":"0000c0","location":"Waterford","price":"\u20ac 3,695","images":{"base_url":"http:\/\/i0.carsie.ie\/","image_list":[{"thumb":"MmYyYTY3YTYxYTYwODA5ZjE5MjZhNTQ2YjdmZjFlMmFF-PzknuEs6LC-z4VECJu-ODA4NzIzLTYzMTMxOTEuanBnfHx8fHx8OTJ4Njl8fHx8fA==.jpg","main":"NTE3OTE5N2UwZjY1OGM3MjYzODM1ZWI2ZGE4YzJhZmQEd3CdWVpn_DTBbnyqmSTTODA4NzIzLTYzMTMxOTEuanBnfHx8fHx8fHx8fHw0MDB4MzAw.jpg","large":"MDc3MWY2NDRlNWZhMTFjOTZmYmZlYjc3NTQ0MzhhNWJGfiQHWeaJwBKVDqnT_XABODA4NzIzLTYzMTMxOTEuanBnfHx8fHx8fHx8fHw2NDB4NDgw.jpg"}]}},{"ad_id":"854788","reg_year":"2003","make":"Hyundai","model":"S-Coupe","variant":"Coupe 1.6 FX EV","mileage":"98501","engine_size":"1.6","fuel_type":"Petrol","body_type":"Coupe","colour":"e0e0e0","location":"Dublin","price":"\u20ac 3,695","images":{"base_url":"http:\/\/i0.carsie.ie\/","image_list":[{"thumb":"NmVjZTVlMDNkZmI2NGQ2MzU4ZjU2NzliODM4YzViMDjNpSSQgzr-gOaWZFcMmoKHODU0Nzg4LTY4NDk0OTEuanBnfHx8fHx8OTJ4Njl8fHx8fA==.jpg","main":"MmI1NzJlMjk3ODc3ZmNkNGFjOGZlYjgyM2MxYjEzYjJ6KZuqcR3qkVcdL5Dkq1ODODU0Nzg4LTY4NDk0OTEuanBnfHx8fHx8fHx8fHw0MDB4MzAw.jpg","large":"ZDg1NWE5ZGQyYzNiNzMxMzZlMzM5MDk4ZmRlM2M4YWTzhztdJwny7jLheOQpP47eODU0Nzg4LTY4NDk0OTEuanBnfHx8fHx8fHx8fHw2NDB4NDgw.jpg"}]}},{"ad_id":"895945","reg_year":"2005","make":"Renault","model":"Megane","variant":"SP 6S Dynamique","mileage":"60000","engine_size":"1.4","fuel_type":"Petrol","body_type":"Saloon","colour":"e0e0e0","location":"Dublin","price":"\u20ac 3,695","images":{"base_url":"http:\/\/i0.carsie.ie\/","image_list":[{"thumb":"NmYwYTk3MmE1YTk0NzhmNzY4MDZlNzkxYjhjMjUwZDNQ7FhJr6oXzZRhbcn3GUMZODk1OTQ1LTczMjg0MDAuanBnfHx8fHx8OTJ4Njl8fHx8fA==.jpg","main":"N2I5N2JiMjllMTMwNzMyOTQ0MjRiNjVjNDEzZmY3NzNdnUly4RcQ7IA1hNjObZtMODk1OTQ1LTczMjg0MDAuanBnfHx8fHx8fHx8fHw0MDB4MzAw.jpg","large":"NWZhZGEyZTVlZDA0ZDk1OWE2MTVmYzgzYzE1NWNjM2Ym0F7koJkZMrS1RCE3kFhWODk1OTQ1LTczMjg0MDAuanBnfHx8fHx8fHx8fHw2NDB4NDgw.jpg"}]}},{"ad_id":"886986","reg_year":"2001","make":"Audi","model":"A4","variant":"1.6 101BHP 04DR","mileage":"120600","engine_size":"1.6","fuel_type":"Petrol","body_type":"Saloon","colour":"000000","location":"Dublin","price":"\u20ac 3,700","images":{"base_url":"http:\/\/i0.carsie.ie\/","image_list":[{"thumb":"YTA3OTEwYWVlYjliZDZiYjEzY2ViY2UxYTliYmI1NmVRj7jHmj_Cb9_37_iPE7dBODg2OTg2LTcyMjE4OTAuanBnfHx8fHx8OTJ4Njl8fHx8fA==.jpg","main":"ZWI2NmE5YjdmYTMxZDI4ODc2NTlkZWMwMGJkZGI0OGFUpoRlM0KP2lK2AWqu_y4KODg2OTg2LTcyMjE4OTAuanBnfHx8fHx8fHx8fHw0MDB4MzAw.jpg","large":"MGM3ZWQ1Mzk4MDVjYTc2MTc1MmYwNjhhYTcyMTc4Y2KPhyAD9r4RlIAGuHq_4o4MODg2OTg2LTcyMjE4OTAuanBnfHx8fHx8fHx8fHw2NDB4NDgw.jpg"}]}},{"ad_id":"811289","reg_year":"2003","make":"BMW","model":"520","variant":"SE Auto Top Spec ","mileage":"92000","engine_size":"2.2","fuel_type":"Petrol","body_type":"Saloon","colour":"000000","location":"Dublin","price":"\u20ac 3,700","images":{"base_url":"http:\/\/i0.carsie.ie\/","image_list":[{"thumb":"ZmFkOWMyNDk5NzBlNDdjZmU0ZDFkNTA0ZTc3NWM3MzVnh86KJZpHZE8FUZw6cOnwODExMjg5LTYzNDIzNTkuanBnfHx8fHx8OTJ4Njl8fHx8fA==.jpg","main":"ZTUxY2RlNWZhZmJmODA3ZmZmNGJkZTVhMTM4YTNmMjJ6xLUAH7Iyzao2h9N_nCxEODExMjg5LTYzNDIzNTkuanBnfHx8fHx8fHx8fHw0MDB4MzAw.jpg","large":"YjhmNWY4OGI4OTMxNjZhOTQ5OTNjMzk4ZTMyMDRiNTRWZ0R2BNpNZ184fcnl2tNJODExMjg5LTYzNDIzNTkuanBnfHx8fHx8fHx8fHw2NDB4NDgw.jpg"}]}},{"ad_id":"895619","reg_year":"2000","make":"BMW","model":"520","variant":"","mileage":"138000","engine_size":"2.0","fuel_type":"Petrol","body_type":"Saloon","colour":"000000","location":"Meath","price":"\u20ac 3,700","images":{"base_url":"http:\/\/i0.carsie.ie\/","image_list":[{"thumb":"ZGZlMzdmMzkyNTkxOTg1MTU2MTQ1NGU0YzQ2ZGUwNGXbnanpNOC-UnWwxGkdNX6xODk1NjE5LTczMjU3MTguanBnfHx8fHx8OTJ4Njl8fHx8fA==.jpg","main":"NTU3OTU0ZWYxNTg0NDRkYTY1ZDFhOGEyZTMxZjQzZGEi-sGEqBpKaM2CLlJm3ip-ODk1NjE5LTczMjU3MTguanBnfHx8fHx8fHx8fHw0MDB4MzAw.jpg","large":"ZTQ0N2VlYzYxOTkzYTEyYzY4MWZlNzEyNTUzMGJiYjCjkwAkstkQMMnjFWdbpojiODk1NjE5LTczMjU3MTguanBnfHx8fHx8fHx8fHw2NDB4NDgw.jpg"}]}},{"ad_id":"890901","reg_year":"2005","make":"Seat","model":"Ibiza","variant":"1.2 Costa Plus 5DR","mileage":"95000","engine_size":"1.2","fuel_type":"Petrol","body_type":"Hatchback","colour":"0000c0","location":"Dublin","price":"\u20ac 3,700","images":{"base_url":"http:\/\/i0.carsie.ie\/","image_list":[{"thumb":"YTEzOGM4NTdmM2M5NDQ3OGE2YzlkNjYxYWJhNTMyYjhNYrd3CD0MKLOtnU6VMbBOODkwOTAxLTcyNTc5NjMuanBnfHx8fHx8OTJ4Njl8fHx8fA==.jpg","main":"ZDAyNjZlNTQyOTQ5NWY1ZTQwNzEyYTFmN2I1OTYzMTCKBBd5FcxJ63hqc4a1RCDtODkwOTAxLTcyNTc5NjMuanBnfHx8fHx8fHx8fHw0MDB4MzAw.jpg","large":"OTEwMmQ3NDIyZDYwN2RkZDZlYzJkY2Q5YWY2OWNmNzQ8ZGyEFlM3GLzWnpkikXEqODkwOTAxLTcyNTc5NjMuanBnfHx8fHx8fHx8fHw2NDB4NDgw.jpg"}]}},{"ad_id":"892440","reg_year":"2005","make":"Ssangyong","model":"Rexton","variant":"2.7 Diesel - NCT 01-15 - Mercedes Engine","mileage":"85500","engine_size":"2.7","fuel_type":"Diesel","body_type":"Estate","colour":"ff0000","location":"Dublin","price":"\u20ac 3,700","images":{"base_url":"http:\/\/i0.carsie.ie\/","image_list":[{"thumb":"ODM2ZTY3MmRkNDcxYmFiOGFiYjYwMTI3OTM4YmQ3NWRF90PBw_SHz7Nklz02SfD5ODkyNDQwLTcyNzMyMTQuanBnfHx8fHx8OTJ4Njl8fHx8fA==.jpg","main":"ZjllNmVlNjJmZmQ4OGYwOTFjMGI0YzIxNWMwMWE0Y2LmNFnRf9t0J2Z_LffpLQKcODkyNDQwLTcyNzMyMTQuanBnfHx8fHx8fHx8fHw0MDB4MzAw.jpg","large":"MzA3ODYzNWNkNzZiMTJkMGU5OGEwM2MwOGFjZGM2Y2GMGIECc5-5KPl_-hyPI0c3ODkyNDQwLTcyNzMyMTQuanBnfHx8fHx8fHx8fHw2NDB4NDgw.jpg"}]}},{"ad_id":"881066","reg_year":"2004","make":"Toyota","model":"Avensis","variant":"Strata 4DR","mileage":"105000","engine_size":"1.6","fuel_type":"Petrol","body_type":"Saloon","colour":"000000","location":"Tipperary","price":"\u20ac 3,700","images":{"base_url":"http:\/\/i0.carsie.ie\/","image_list":[{"thumb":"ZmY4M2I0ZDRlNDg4YzQ1OTJmMWE1YWE0ZGYwZTYzMjUQzPVKd2Gcm7ZBMyfWyysHODgxMDY2LTcxNDc5NjYuanBnfHx8fHx8OTJ4Njl8fHx8fA==.jpg","main":"NDgwOTc0NDQzZTZiMDQ3YTUyMGY1MDU2YjAzZWYyNDlI6gDJz3K1MLfXFLxK0uMbODgxMDY2LTcxNDc5NjYuanBnfHx8fHx8fHx8fHw0MDB4MzAw.jpg","large":"NjliMmYwYTQxY2RjNDY1MTZhY2IyNTE4OTMyMzc3OGOcYrl9UWXkY5pcMZVHjvECODgxMDY2LTcxNDc5NjYuanBnfHx8fHx8fHx8fHw2NDB4NDgw.jpg"}]}},{"ad_id":"898151","reg_year":"2003","make":"Toyota","model":"Corolla","variant":"lx","mileage":"115000","engine_size":"1.4","fuel_type":"Petrol","body_type":"Hatchback","colour":"858585","location":"Cork","price":"\u20ac 3,700","images":{"base_url":"http:\/\/i0.carsie.ie\/","image_list":[{"thumb":"OGNiYjAyNzYyNmM4MmUwNzIxNjFmZGZhNjYzMDI2NDdcGAZfp3jGYrBqV_6KhJPAODk4MTUxLTc0MDYzMzYuanBnfHx8fHx8OTJ4Njl8fHx8fA==.jpg","main":"YTczYzZiNzQxYzUyMDg5YzkxZjk1NjVhZmE4NTM5YjgPzi96W4fH3KfzjzJiADZ6ODk4MTUxLTc0MDYzMzYuanBnfHx8fHx8fHx8fHw0MDB4MzAw.jpg","large":"NDgyZDBkYmJlZWY1OTZiMjNmMGNkM2IzOTE1YmI3ZTOddiinLQL17RFqofIY0RjaODk4MTUxLTc0MDYzMzYuanBnfHx8fHx8fHx8fHw2NDB4NDgw.jpg"}]}},{"ad_id":"878917","reg_year":"2004","make":"Volkswagen","model":"Bora","variant":"*sold*","mileage":"65890","engine_size":"1.6","fuel_type":"Petrol","body_type":"Saloon","colour":"000000","location":"Dublin","price":"\u20ac 3,700","images":{"base_url":"http:\/\/i0.carsie.ie\/","image_list":[{"thumb":"MjIzZmJjYTk0MTI1OWRjOTYxZDUxN2NiOWUzYTcxNjXbgZ8391APojR6X_ekUupsODc4OTE3LTcxMjYxODQuanBnfHx8fHx8OTJ4Njl8fHx8fA==.jpg","main":"ZmNhZjE4MDY0YjlhZDY5NzE2OGYzN2I5YTg3ZjI3YjbTz2GpFjm7DT6FDya8M8tEODc4OTE3LTcxMjYxODQuanBnfHx8fHx8fHx8fHw0MDB4MzAw.jpg","large":"ZjIwMWUzMDE3MWRiNThlZDVkMjNlY2M4ZTZhNDYzN2U090Zje8FeEivXbRM_OtKIODc4OTE3LTcxMjYxODQuanBnfHx8fHx8fHx8fHw2NDB4NDgw.jpg"}]}},{"ad_id":"741716","reg_year":"2003","make":"Volkswagen","model":"Bora","variant":"1.4 COMFORT","mileage":"115713","engine_size":"1.4","fuel_type":"Petrol","body_type":"Saloon","colour":"f0b800","location":"Galway","price":"\u20ac 3,700","images":{"base_url":"http:\/\/i0.carsie.ie\/","image_list":[{"thumb":"ZTA5OTMxNzQ2ZDcxNTJlODQ5NGM2YzBkMWI2MzU5ZjKQn4b_BCVUKSODaG1jk6BNNzQxNzE2LTU0NjkzMDcuanBnfHx8fHx8OTJ4Njl8fHx8fA==.jpg","main":"N2FiYzRiNmM0ZjhiODdmODAzYTJjODkyM2Q0YzUzMWQyqLn0ZageaVXNBJ1a9EllNzQxNzE2LTU0NjkzMDcuanBnfHx8fHx8fHx8fHw0MDB4MzAw.jpg","large":"Mjk4MGU4MDRlYTI1Y2I0OTE5MzYwNjQ4MzE5ZTdjYzYKhlshGoSbRvXQd3ixWWOqNzQxNzE2LTU0NjkzMDcuanBnfHx8fHx8fHx8fHw2NDB4NDgw.jpg"}]}},{"ad_id":"894727","reg_year":"2003","make":"Volvo","model":"S80","variant":"2.4 D5 SE 163BHP 04DR A","mileage":"144000","engine_size":"2.4","fuel_type":"Diesel","body_type":"Saloon","colour":"ff0000","location":"Meath","price":"\u20ac 3,700","images":{"base_url":"http:\/\/i0.carsie.ie\/","image_list":[{"thumb":"YTJmYWJmNDUwYjhhZDIxODg4YWRiOGE3MTA2ZThiYmQdny0jKc88cFarPm1aUT_fODk0NzI3LTczMDc0NjEuanBnfHx8fHx8OTJ4Njl8fHx8fA==.jpg","main":"OTIyYWM3ODY3OWVkNWFlMjM4N2UyNWE0OTM3NjU5MzYjVvYrtKK_w0P73i9lRpYjODk0NzI3LTczMDc0NjEuanBnfHx8fHx8fHx8fHw0MDB4MzAw.jpg","large":"ZDZmZTg1OGMxMGJjMDMwNjZiOWZmMDk1YTAwMmVhNzPofROGTt8E7ZWfemJ1VCDmODk0NzI3LTczMDc0NjEuanBnfHx8fHx8fHx8fHw2NDB4NDgw.jpg"}]}}]}