{"total":"23408","result":[{"ad_id":"857129","reg_year":"2004","make":"Kia","model":"Rio","variant":"LX 4DR","mileage":"62045","engine_size":"1.3","fuel_type":"Petrol","body_type":"Saloon","colour":"e0e0e0","location":"Louth","price":"\u20ac 2,250","images":{"base_url":"http:\/\/i0.carsie.ie\/","image_list":[{"thumb":"YjY1OGM0Y2ZmNTJhNjNkYmQyNGUwZTkyNjA1ZmE0YmZeYZqs8ncTvagtWUv6AzI1ODU3MTI5LTY4NzM0NzUuanBnfHx8fHx8OTJ4Njl8fHx8fA==.jpg","main":"YWY2MDQ3YzdjNDJkOTc5N2NjM2UzMThhMzQzNTJhNjHwzwSzNJL4Ix-Fr4QLP4PkODU3MTI5LTY4NzM0NzUuanBnfHx8fHx8fHx8fHw0MDB4MzAw.jpg","large":"M2NkY2JlMzU4NWQxY2QwNzEwMDI1MTgzMDY2MWIyMzgSDHD9LMMPn5SgLVdcEoAwODU3MTI5LTY4NzM0NzUuanBnfHx8fHx8fHx8fHw2NDB4NDgw.jpg"}]}},{"ad_id":"825991","reg_year":"2000","make":"Lexus","model":"GS 300","variant":"EXCELLENT","mileage":"115125","engine_size":"3.0","fuel_type":"Petrol","body_type":"Saloon","colour":"994d00","location":"Dublin","price":"\u20ac 2,250","images":{"base_url":"http:\/\/i0.carsie.ie\/","image_list":[{"thumb":"NTM3YWMzZjY3NTMwZTVhNDE4Y2Q1MmFiZmRhYTdiMDYlqsRQDCYBIBelzEshDellODI1OTkxLTY1NzE1OTYuanBnfHx8fHx8OTJ4Njl8fHx8fA==.jpg","main":"ODg0MDk1YmU4ZTM1Mjk2MTg0NTk0ODJmNjRiMDBlZjMBDnk3yUtLPB9ztYe2JQMSODI1OTkxLTY1NzE1OTYuanBnfHx8fHx8fHx8fHw0MDB4MzAw.jpg","large":"YjJmOTNlOGJkNWZkNmYwZjFlOTZkODc0NThhMDA1NDdO1SoDuVOx3IcuPzoVjuKAODI1OTkxLTY1NzE1OTYuanBnfHx8fHx8fHx8fHw2NDB4NDgw.jpg"}]}},{"ad_id":"857191","reg_year":"1999","make":"Lexus","model":"IS 200","variant":"IS200","mileage":"148225","engine_size":"2.0","fuel_type":"Petrol","body_type":"Saloon","colour":"008000","location":"Meath","price":"\u20ac 2,250","images":{"base_url":"http:\/\/i0.carsie.ie\/","image_list":[{"thumb":"OGY1N2QwMzk0NDMwMzU5YjIxNDVhOWZmMTMyZGM4MjPU8WV1CTJ8JBl03h_ZEyefODU3MTkxLTY4NzQxNDEuanBnfHx8fHx8OTJ4Njl8fHx8fA==.jpg","main":"ODllMmYyNTU4MmI1NzQwNTIzODk1NDBkMDEwNzkyZTXKcni2SmBf9vffwbuXobRNODU3MTkxLTY4NzQxNDEuanBnfHx8fHx8fHx8fHw0MDB4MzAw.jpg","large":"ZTUzZDczOThiNGY1OTZmMWQ0YWZjNzAxODZjOTc3OTZEKabGOGmhEgYgQnunxcSCODU3MTkxLTY4NzQxNDEuanBnfHx8fHx8fHx8fHw2NDB4NDgw.jpg"}]}},{"ad_id":"897716","reg_year":"2000","make":"Lexus","model":"LS 400","variant":"LS 400 Auto.","mileage":"95000","engine_size":"4.0 +","fuel_type":"Petrol","body_type":"Saloon","colour":"008000","location":"Dublin","price":"\u20ac 2,250","images":{"base_url":"http:\/\/i0.carsie.ie\/","image_list":[{"thumb":"MGFiNGU0OTQ2YjU0ODZjYjM4M2FhNzcxYTY4OThlMTZp4Kec5kkQi_0Ua4X7CIYYODk3NzE2LTczNzQyMTYuanBnfHx8fHx8OTJ4Njl8fHx8fA==.jpg","main":"NDlhZWMxZDA1YTA5NjcyNGY0ZWE0OTI3NjhhN2NiZjRJtxTiusIOyu2S9uMzouruODk3NzE2LTczNzQyMTYuanBnfHx8fHx8fHx8fHw0MDB4MzAw.jpg","large":"ZjcyOTQwYmQ0YzczNzg1ZGRlNmZjZTU2NTA5OWNjMjO0RwrMCp8mPhRuCiYZWrhlODk3NzE2LTczNzQyMTYuanBnfHx8fHx8fHx8fHw2NDB4NDgw.jpg"}]}},{"ad_id":"894806","reg_year":"2001","make":"Mazda","model":"323","variant":"LX 1.3 Sedan","mileage":"95000","engine_size":"1.3","fuel_type":"Petrol","body_type":"Saloon","colour":"e0e0e0","location":"Limerick","price":"\u20ac 2,250","images":{"base_url":"http:\/\/i0.carsie.ie\/","image_list":[{"thumb":"NTFiYzNjNTQ4YWIwZTNkNGVjMjkzZGE3YWJhYzQ4NTAmnp97A-d-_dgfPMEfvL-1ODk0ODA2LTczMDc4OTUuanBnfHx8fHx8OTJ4Njl8fHx8fA==.jpg","main":"ZDRjYjlmNWRjNzA0ODYyYzA1N2Q5ODRhYjIxZDQxNzfD-M8LneiIAnXy7jxm7nYwODk0ODA2LTczMDc4OTUuanBnfHx8fHx8fHx8fHw0MDB4MzAw.jpg","large":"YjBkN2MyNjk1NzM1Mjg1MTRmYzU2NGVlZTY5ZGZkMzkU4YRP_jY_gMSXpywgRnE3ODk0ODA2LTczMDc4OTUuanBnfHx8fHx8fHx8fHw2NDB4NDgw.jpg"}]}},{"ad_id":"798898","reg_year":"2003","make":"Mazda","model":"Mazda6","variant":"1.8 H\/B Comfort","mileage":"149000","engine_size":"1.8","fuel_type":"Petrol","body_type":"Hatchback","colour":"ff0000","location":"Meath","price":"\u20ac 2,250","images":{"base_url":"http:\/\/i0.carsie.ie\/","image_list":[{"thumb":"ZTQ0NjY5ZDI3N2I1MGQzZTIyMTYyM2MyNTFmY2M5Y2NCBSrrofRuTJl67ut006cBNzk4ODk4LTYzNzQ4MTQuanBnfHx8fHx8OTJ4Njl8fHx8fA==.jpg","main":"ZGQyZjczYjE2OGNiYWRmMGE2MjM3ZWMwZTMxMjU4NzbgImvghGUae45QW3soMh_7Nzk4ODk4LTYzNzQ4MTQuanBnfHx8fHx8fHx8fHw0MDB4MzAw.jpg","large":"MmExYjgxODc0ZGI4NjJiZDg5ZmEwMGZkMWEzYWI1NDHCmKthGRh-PrDsqPaADewWNzk4ODk4LTYzNzQ4MTQuanBnfHx8fHx8fHx8fHw2NDB4NDgw.jpg"}]}},{"ad_id":"887126","reg_year":"2000","make":"Mercedes-Benz","model":"A 140","variant":"","mileage":"112000","engine_size":"1.4","fuel_type":"Petrol","body_type":"Hatchback","colour":"ffffff","location":"Limerick","price":"\u20ac 2,250","images":{"base_url":"http:\/\/i0.carsie.ie\/","image_list":[{"thumb":"YmQzYzJiOTYzY2Q2ODNkYjdjNWM5MzBlMDMxZWI3YzN5fzdRY2VCdMFhVlWtjrq7ODg3MTI2LTcyMjI4MDkuanBnfHx8fHx8OTJ4Njl8fHx8fA==.jpg","main":"OTMxNzFkYjM0NDNkM2I3ZTdiNzQyM2FlNDVkMjJhNGMt0HYTlDXGPxkgaBPfRWH3ODg3MTI2LTcyMjI4MDkuanBnfHx8fHx8fHx8fHw0MDB4MzAw.jpg","large":"NzNhYTFlMjBkZWU5MjdmNjAxOThkMmJkZTAzYzBlZWSGS2xEfrMq32_SOzrsFujbODg3MTI2LTcyMjI4MDkuanBnfHx8fHx8fHx8fHw2NDB4NDgw.jpg"}]}},{"ad_id":"898627","reg_year":"2001","make":"Mercedes-Benz","model":"C 180","variant":"C 180","mileage":"105000","engine_size":"2.0","fuel_type":"Petrol","body_type":"Saloon","colour":"e0e0e0","location":"Dublin","price":"\u20ac 2,250","images":{"base_url":"http:\/\/i0.carsie.ie\/","image_list":[{"thumb":"Y2ZjYTkxZjJjN2FiYjZiMjYxOWFhYTljZTUyNDg5ZjhYNZFJyC1J_FCaS6Gss_8eODk4NjI3LTc0MTM2MTkuanBnfHx8fHx8OTJ4Njl8fHx8fA==.jpg","main":"NjVjMzVjM2I5MWMzNDAzODFmNzVlMmMyYmM0NTNhOWNihYaml-pArzuOFVOA5aO3ODk4NjI3LTc0MTM2MTkuanBnfHx8fHx8fHx8fHw0MDB4MzAw.jpg","large":"ZTBmNjM4MzAwODFjNzMwMzA1ZWIxM2MwZDFlNjdiZDXGfDgGWdKnb73Y-1DhHm0fODk4NjI3LTc0MTM2MTkuanBnfHx8fHx8fHx8fHw2NDB4NDgw.jpg"}]}},{"ad_id":"880487","reg_year":"2001","make":"Mercedes-Benz","model":"E 200","variant":"200-MAUAL-EXCELLENT-NCT","mileage":"104565","engine_size":"2.0","fuel_type":"Petrol","body_type":"Saloon","colour":"0000c0","location":"Dublin","price":"\u20ac 2,250","images":{"base_url":"http:\/\/i0.carsie.ie\/","image_list":[{"thumb":"Nzc2YzNiMzU1OTVkMzdkNzk3YzkxZDNmNjg1OWUzMDkPH8hDRdqmwOk3KA8y0IBhODgwNDg3LTcxNDA5MjUuanBnfHx8fHx8OTJ4Njl8fHx8fA==.jpg","main":"ZWM2MDU2MTZkMzBhZmY1YjlkZGY0Y2U1NTQxNTY3YWVjGSXYNPSriqniLp0Ffsl6ODgwNDg3LTcxNDA5MjUuanBnfHx8fHx8fHx8fHw0MDB4MzAw.jpg","large":"YTgxMDczMTNhZGEyM2I0OTU4NGVkNmViOWY0YjJiZTUVLTO3cwJH-EsZPpmAFsJDODgwNDg3LTcxNDA5MjUuanBnfHx8fHx8fHx8fHw2NDB4NDgw.jpg"}]}},{"ad_id":"846768","reg_year":"2003","make":"Mitsubishi","model":"Carisma","variant":"1.3 Comfort LANCER, ","mileage":"132000","engine_size":"1.3","fuel_type":"Petrol","body_type":"Saloon","colour":"e0e0e0","location":"Dublin","price":"\u20ac 2,250","images":{"base_url":"http:\/\/i0.carsie.ie\/","image_list":[{"thumb":"Y2YxZmIzZDQ4ODE0Yjg5YmE4OWE4NjIyOGI5MWQ1ZDbRrbZlwjxyIVXFnYtfuv8CODQ2NzY4LTY3Njg3MzIuanBnfHx8fHx8OTJ4Njl8fHx8fA==.jpg","main":"OGIwZTIxMTJlMmVjMGZkZGY1NjY5MzA1NGUwZTExMGZNfzUMgUJ1SuEun3U14wb6ODQ2NzY4LTY3Njg3MzIuanBnfHx8fHx8fHx8fHw0MDB4MzAw.jpg","large":"YTdkY2VhOTYzZjE3NWJlOGIxZjRjMTQ0ODVkNjE0N2ZS284SEhnA43syVpzJBLrmODQ2NzY4LTY3Njg3MzIuanBnfHx8fHx8fHx8fHw2NDB4NDgw.jpg"}]}},{"ad_id":"898285","reg_year":"2000","make":"Mitsubishi","model":"Pajero","variant":"1.8 jeep Nct 4\/14+Tax3\/13","mileage":"75000","engine_size":"1.8","fuel_type":"Petrol","body_type":"Estate","colour":"ff0000","location":"Dublin","price":"\u20ac 2,250","images":{"base_url":"http:\/\/i0.carsie.ie\/","image_list":[{"thumb":"ZGFiZDYzZmVhZTk5ZDMwYmVmMGUxMGRjMjc1Mzg2Mzjo7d_JtkNuC63RpPoGgpq7ODk4Mjg1LTczNjc2ODMuanBnfHx8fHx8OTJ4Njl8fHx8fA==.jpg","main":"M2MzNzAyODM5ZTM3ZTZkYmFmOGFlNzc0MjhiNWMzYmUsTmVxTMeMXLqPpeWWczBKODk4Mjg1LTczNjc2ODMuanBnfHx8fHx8fHx8fHw0MDB4MzAw.jpg","large":"ZGZhZGZjZjgyN2YxODIxMzhiOGQ3MWE5NGJhYzM5ZTXayQvM376lYinhTOoFElAJODk4Mjg1LTczNjc2ODMuanBnfHx8fHx8fHx8fHw2NDB4NDgw.jpg"}]}},{"ad_id":"793420","reg_year":"2002","make":"Nissan","model":"Almera","variant":"HATCHBACK","mileage":"83000","engine_size":"1.5","fuel_type":"Petrol","body_type":"Hatchback","colour":"ff0000","location":"Dublin","price":"\u20ac 2,250","images":{"base_url":"http:\/\/i0.carsie.ie\/","image_list":[{"thumb":"OWE5YmVjNzkzYjAxMmIwYTdjN2JmMmRlMjRhMWIxY2QA4gepCIxiOvxdB77kEEtxNzkzNDIwLTYxMjI5MjEuanBnfHx8fHx8OTJ4Njl8fHx8fA==.jpg","main":"MjYzNjQwZGY2MTExYTQxZGQwZDcxNmQ3MjRlN2Y0ZDFrM0t107xjP6XHUACTASMvNzkzNDIwLTYxMjI5MjEuanBnfHx8fHx8fHx8fHw0MDB4MzAw.jpg","large":"ZjhlYzc2YTBjMzlkNTE2Njg0NjIyZTVmMmQzNmFkM2a8EMn_PL9eUpJfdGIqlcuuNzkzNDIwLTYxMjI5MjEuanBnfHx8fHx8fHx8fHw2NDB4NDgw.jpg"}]}},{"ad_id":"810612","reg_year":"2002","make":"Nissan","model":"Almera","variant":"1.5","mileage":"121000","engine_size":"1.5","fuel_type":"Petrol","body_type":"Saloon","colour":"0000c0","location":"Limerick","price":"\u20ac 2,250","images":{"base_url":"http:\/\/i0.carsie.ie\/","image_list":[{"thumb":"YTU3OWRjYjFjOThiZWVlYzM4NDhjYWM0NzY3MWZmMzRRC3S1-ofusVEQbdVChnCSODEwNjEyLTYzMzQ1MDUuanBnfHx8fHx8OTJ4Njl8fHx8fA==.jpg","main":"MjBiNmE1NzM4MTQ4YmQ5NDRmNDFmODFhYjdlNDA1NDOYNFLWSj-ZZ9BUxbIgwa1MODEwNjEyLTYzMzQ1MDUuanBnfHx8fHx8fHx8fHw0MDB4MzAw.jpg","large":"ZmY2MjdhMmM0NGM1NWM1ODljNTQ1ZDUwNmQ4MDgyMTC2rn6ir282lW5R0wti8QzWODEwNjEyLTYzMzQ1MDUuanBnfHx8fHx8fHx8fHw2NDB4NDgw.jpg"}]}},{"ad_id":"897725","reg_year":"2004","make":"Nissan","model":"Almera","variant":"1.5 Sport 5DR","mileage":"90000","engine_size":"1.5","fuel_type":"Petrol","body_type":"Hatchback","colour":"f0b800","location":"Roscommon","price":"\u20ac 2,250","images":{"base_url":"http:\/\/i0.carsie.ie\/","image_list":[{"thumb":"NzYzM2Y2Njc3ZjAxYjA0NWI0OGY4MDNiYTcyZDVhM2ORrfGdVkTzyoKCF2HK4WJBODk3NzI1LTczNTczMzEuanBnfHx8fHx8OTJ4Njl8fHx8fA==.jpg","main":"ZDJlMzQ2YmRjNTkzYmY3MzFmZWUyYmZhMDk4YTg2YmUUbyHd1RbfPgcZkiUTu3goODk3NzI1LTczNTczMzEuanBnfHx8fHx8fHx8fHw0MDB4MzAw.jpg","large":"ZmFiOGU2ZmY0ZjgwYWQwY2E0ZTUwZGRjMmY3Y2VlMWI-SBllAZGpyIaxaBv81FE_ODk3NzI1LTczNTczMzEuanBnfHx8fHx8fHx8fHw2NDB4NDgw.jpg"}]}},{"ad_id":"811716","reg_year":"2002","make":"Nissan","model":"Almera","variant":"1.5","mileage":"597780","engine_size":"1.5","fuel_type":"Petrol","body_type":"Saloon","colour":"e0e0e0","location":"Wexford","price":"\u20ac 2,250","images":{"base_url":"http:\/\/i0.carsie.ie\/","image_list":[{"thumb":"MmI5NWY2YWE3YWE2YjAzNGIxNGNjYTRkNDYyODExZDaImWJjDK-8NRlvy8ehsTcfODExNzE2LTY1MjY4NzguanBnfHx8fHx8OTJ4Njl8fHx8fA==.jpg","main":"YzE4OTY4ODZhOGU4YmI0NzhjYjZjNzU1MDVkODc4MjlcFPPCnN30dpRGqoj_va-kODExNzE2LTY1MjY4NzguanBnfHx8fHx8fHx8fHw0MDB4MzAw.jpg","large":"M2EwY2UyMTRkM2NhOGQ2N2EyNmI5MmUwNGJiOTEzYzh0Lt2EppkVbqSY7AoRyEkeODExNzE2LTY1MjY4NzguanBnfHx8fHx8fHx8fHw2NDB4NDgw.jpg"}]}},{"ad_id":"862592","reg_year":"2004","make":"Nissan","model":"Almera Tino","variant":"1.8 5DR 51","mileage":"92000","engine_size":"1.8","fuel_type":"Petrol","body_type":null,"colour":"008000","location":"Dublin","price":"\u20ac 2,250","images":{"base_url":"http:\/\/i0.carsie.ie\/","image_list":[{"thumb":"OGI0MTU1NmMxZmY3YzYyZWMxYzU3NGRlMDcxODQ4YTanJ0uFsjZop9KAYe0r93NFODYyNTkyLTY5MzE3NTcuanBnfHx8fHx8OTJ4Njl8fHx8fA==.jpg","main":"NzQyYjJhODcwZTM1NzQ2NjM2ZTY3ZmI2OTQ2NjJmMDXyiJ3TMjAWnudYlzdNzlP1ODYyNTkyLTY5MzE3NTcuanBnfHx8fHx8fHx8fHw0MDB4MzAw.jpg","large":"OTc1MTg3NjQ1MGI3NDJiNGMxZjk5NWZhZTU1ZjA1MTBzvhuoVcTo1j0yx4g7gGyYODYyNTkyLTY5MzE3NTcuanBnfHx8fHx8fHx8fHw2NDB4NDgw.jpg"}]}},{"ad_id":"883216","reg_year":"2002","make":"Nissan","model":"Micra","variant":"1.0 GX","mileage":"75000","engine_size":"1.0","fuel_type":"Petrol","body_type":"Hatchback","colour":"ff0000","location":"Dublin","price":"\u20ac 2,250","images":{"base_url":"http:\/\/i0.carsie.ie\/","image_list":[{"thumb":"MjJlZjViYmVhYzAzODRjOGUyZTllYzcyYjhkMTdiOTeQ8zUwGLqY6TPb3XZ-KbafODgzMjE2LTcxODY0NDYuanBnfHx8fHx8OTJ4Njl8fHx8fA==.jpg","main":"NjZhZjQwOTE4OWZkNjZhM2Y5MzZkY2JlMjE3MjZiMGOuVunNHvzNA1HbFyLcJj8jODgzMjE2LTcxODY0NDYuanBnfHx8fHx8fHx8fHw0MDB4MzAw.jpg","large":"ZTlhMDc4MDVhNWYwNWVlMjY0MmM0NjJlMWU0M2ZlMjbDDjs9GVm6Zf1y2wz-_kvwODgzMjE2LTcxODY0NDYuanBnfHx8fHx8fHx8fHw2NDB4NDgw.jpg"}]}},{"ad_id":"901800","reg_year":"2000","make":"Nissan","model":"Micra","variant":"Litre GX 5 Door \/ New NCT 02-2014 \/ Fully Serviced \/ Warranty \/ Pristine Condition \/ Spare Keys & Service History","mileage":"64000","engine_size":"1.0","fuel_type":"Petrol","body_type":"Hatchback","colour":"0000c0","location":"Dublin","price":"\u20ac 2,250","images":{"base_url":"http:\/\/i0.carsie.ie\/","image_list":[{"thumb":"MmJmY2E1MTgyYTEyNTdjMmU3NDNjNmZhMzYxYWMzMDGCgx1o6CZTuwAZKcYZFQ32OTAxODAwLTc0MjQ5NTAuanBnfHx8fHx8OTJ4Njl8fHx8fA==.jpg","main":"MGEyYTI5ZWNjZTkxMTAzYzI3NjJjMGE3MmEwMmIxNjjLvDr5AlBrOO4ah59902unOTAxODAwLTc0MjQ5NTAuanBnfHx8fHx8fHx8fHw0MDB4MzAw.jpg","large":"MTdmM2ZkZmFjMzdmM2YzMThhNGU5ODliYzQxZWVlYTi5GJYXpV7nvfDuqg0fJDDdOTAxODAwLTc0MjQ5NTAuanBnfHx8fHx8fHx8fHw2NDB4NDgw.jpg"}]}},{"ad_id":"889080","reg_year":"2002","make":"Nissan","model":"Primera","variant":"1.8 VISIA AUTO","mileage":"156100","engine_size":"1.8","fuel_type":"Petrol","body_type":"Hatchback","colour":"ff0000","location":"Cork","price":"\u20ac 2,250","images":{"base_url":"http:\/\/i0.carsie.ie\/","image_list":[{"thumb":"OTU5MTlhMGQ1M2U3NDVlYThjNjc1MWUzNDA3OGZmZDH27S0V8YZColHe7iUW3WKhODg5MDgwLTcyNzI5NTUuanBnfHx8fHx8OTJ4Njl8fHx8fA==.jpg","main":"ZGZiMjg1MzNmNDc0Y2YyYmQzNDU1M2FkMzg4NzQyYzdx2DO5TIyY4JnlGP3NKuGjODg5MDgwLTcyNzI5NTUuanBnfHx8fHx8fHx8fHw0MDB4MzAw.jpg","large":"MGY1NDNhMDIwYWI4YTUyY2UyZmY3OTFhYjFjOTEzOGPW-TV_fxsBGC3Z54h_IWKDODg5MDgwLTcyNzI5NTUuanBnfHx8fHx8fHx8fHw2NDB4NDgw.jpg"}]}},{"ad_id":"877556","reg_year":"2002","make":"Nissan","model":"Primera","variant":"1.6 Acenta","mileage":"84000","engine_size":"1.6","fuel_type":"Petrol","body_type":"Saloon","colour":"f0b800","location":"Dublin","price":"\u20ac 2,250","images":{"base_url":"http:\/\/i0.carsie.ie\/","image_list":[{"thumb":"YjQzZDkxZDIxM2IyOWQ5MTlhMmQ5MzBiNzcyM2Q1YzaNSDeix71kp2Ex2R1Rbph6ODc3NTU2LTcxMjA2NDEuanBnfHx8fHx8OTJ4Njl8fHx8fA==.jpg","main":"NjYwYzYzZTMzZTYxNjdkMzg4ZDJjMTJkM2U3NDhjMzn3RWq-Z5kRSsTSFOBUs9vJODc3NTU2LTcxMjA2NDEuanBnfHx8fHx8fHx8fHw0MDB4MzAw.jpg","large":"MTgyMjBmM2U4MDY3Zjk0MmYzNTg3Y2YyNDJlYTRkZGMa9wFx2a_iSP-e73-88n80ODc3NTU2LTcxMjA2NDEuanBnfHx8fHx8fHx8fHw2NDB4NDgw.jpg"}]}}]}