{"total":"23408","result":[{"ad_id":"896901","reg_year":"2004","make":"Fiat","model":"Punto","variant":"1.2 Active 3DR","mileage":"60950","engine_size":"1.2","fuel_type":"Petrol","body_type":"Hatchback","colour":"ff0000","location":"Meath","price":"\u20ac 2,500","images":{"base_url":"http:\/\/i0.carsie.ie\/","image_list":[{"thumb":"OWVkNmFmNDU0MjRkZTliZmUxNzUzZjE4Y2M5YTQ0Y2G4Uq_5K1VmWEur7NGAWXK2ODk2OTAxLTczNDgxMzUuanBnfHx8fHx8OTJ4Njl8fHx8fA==.jpg","main":"MDJhMzQzYWMyOGNiZTM4NTVlOTU3MTRhZTFjZWM4OTZ2RMiYjzSnMY6Rf_kaldZQODk2OTAxLTczNDgxMzUuanBnfHx8fHx8fHx8fHw0MDB4MzAw.jpg","large":"ZWYwYmNmYjA0ZDEzNGQ0OTk5OTIxYmJiOGM5ZWUxODRti7HK9PksCGLEdpQJedl2ODk2OTAxLTczNDgxMzUuanBnfHx8fHx8fHx8fHw2NDB4NDgw.jpg"}]}},{"ad_id":"900568","reg_year":"2004","make":"Ford","model":"C-Max","variant":"1.6 Zetec 5DR","mileage":"146047","engine_size":"1.6","fuel_type":"Petrol","body_type":"Hatchback","colour":"000000","location":"Roscommon","price":"\u20ac 2,500","images":{"base_url":"http:\/\/i0.carsie.ie\/","image_list":[{"thumb":"YWZkMDgzNzIxNzdjM2E5MmU5NmY1ZGY4ZWMyOTkxMmXm_IG8IbxnMdwvuoAkagbqOTAwNTY4LTc0MDMyNTkuanBnfHx8fHx8OTJ4Njl8fHx8fA==.jpg","main":"ZDZhMTI0NWJkOTBhZGY0OTViNTE5ZGJiN2MyN2U0OWbWqmshqcujX9ieMSCwOjWGOTAwNTY4LTc0MDMyNTkuanBnfHx8fHx8fHx8fHw0MDB4MzAw.jpg","large":"ODRlMThlY2M0YjNlMzVhNmFiMjgxMDA1M2ZjY2MwYzD8YFj1CkNe0a9zUx266aMvOTAwNTY4LTc0MDMyNTkuanBnfHx8fHx8fHx8fHw2NDB4NDgw.jpg"}]}},{"ad_id":"897152","reg_year":"2006","make":"Ford","model":"Fiesta","variant":"Steel 1.25 5DR","mileage":"149133","engine_size":"1.2","fuel_type":"Petrol","body_type":"Hatchback","colour":"0000c0","location":"Mayo","price":"\u20ac 2,500","images":{"base_url":"http:\/\/i0.carsie.ie\/","image_list":[{"thumb":"YmI2ODMxNmMxZDdlYTdjMDQ3NTcxZDkxM2IwY2IxNmMdvYwJJGPfS-99JC5W2vCtODk3MTUyLTczNTE0NTguanBnfHx8fHx8OTJ4Njl8fHx8fA==.jpg","main":"MjczZGZlYTJjNWRmNWNjOTBkY2Y1NmI0ZjU1MTU2M2als-eKR-liEP8uZHpAFBnLODk3MTUyLTczNTE0NTguanBnfHx8fHx8fHx8fHw0MDB4MzAw.jpg","large":"NzcxMmFiMGIwYmVlNzkzNjdlNDM3ODBmZjg1OTU1MjYJFa-solfyHKerl72n09doODk3MTUyLTczNTE0NTguanBnfHx8fHx8fHx8fHw2NDB4NDgw.jpg"}]}},{"ad_id":"840018","reg_year":"2001","make":"Ford","model":"Focus","variant":"1.4 CL 74BHP 05DR","mileage":"100000","engine_size":"1.4","fuel_type":"Petrol","body_type":"Hatchback","colour":"e0e0e0","location":"Cork","price":"\u20ac 2,500","images":{"base_url":"http:\/\/i0.carsie.ie\/","image_list":[{"thumb":"N2QwZGQ3ZjdmYWZlY2RjMjI5OGNhNzFhM2Y1YTJjMjPLNYtKde9Zw3uMmF_djLnrODQwMDE4LTY2ODYzMjcuanBnfHx8fHx8OTJ4Njl8fHx8fA==.jpg","main":"ZGFiMTZmMDNjM2E4YTIxMjEzZDdmYzEyY2ViNzEzMjJyw-HCYXs9JiaPMDurfhVSODQwMDE4LTY2ODYzMjcuanBnfHx8fHx8fHx8fHw0MDB4MzAw.jpg","large":"MDdmN2NmNTg2YTY4YTNhZTc4NGY5ODAyMmU2MTBjZjSh1gEBfeEcbS3cnPwKHouoODQwMDE4LTY2ODYzMjcuanBnfHx8fHx8fHx8fHw2NDB4NDgw.jpg"}]}},{"ad_id":"884671","reg_year":"2002","make":"Ford","model":"Focus","variant":"1.4 LX","mileage":"109000","engine_size":"1.4","fuel_type":"Petrol","body_type":"Hatchback","colour":"e0e0e0","location":"Cork","price":"\u20ac 2,500","images":{"base_url":"http:\/\/i0.carsie.ie\/","image_list":[{"thumb":"OTdiYzhhMjdmNmZmY2RmNjUwYmRiYzMyNGI5ZTY0OTMeD2bRHU9DppMrdRYR7rOOODg0NjcxLTcxOTc5MzIuanBnfHx8fHx8OTJ4Njl8fHx8fA==.jpg","main":"ZDM0ZjViNTZkYjM4N2FhYzg1YTgzMmYwNTg0NjBlMzZMvVZPWYrh630-Xh-bugN3ODg0NjcxLTcxOTc5MzIuanBnfHx8fHx8fHx8fHw0MDB4MzAw.jpg","large":"NTFjNjRjMTExODgxYTk0YTI1Y2I0ODNmNTg5ZTQwMzGcgmB2S_LH8RLF92tWQkpdODg0NjcxLTcxOTc5MzIuanBnfHx8fHx8fHx8fHw2NDB4NDgw.jpg"}]}},{"ad_id":"826665","reg_year":"2003","make":"Ford","model":"Focus","variant":"Ghia X 4 DR","mileage":"137000","engine_size":"1.6","fuel_type":"Petrol","body_type":"Saloon","colour":"e0e0e0","location":"Donegal","price":"\u20ac 2,500","images":{"base_url":"http:\/\/i0.carsie.ie\/","image_list":[{"thumb":"NGZiYjQ0YjZjNDQwYjNlNDBiYjBjYjgyNDEwNWVkNzIcEJap0VNeFsbzkc8UBFrXODI2NjY1LTY1MzQxOTUuanBnfHx8fHx8OTJ4Njl8fHx8fA==.jpg","main":"YjUwMWE0NTVjMTAyYWQ1ODRhNmM0NWNlMzg4ZDYxMWUaQvCB5TK2acTa5U9wHuXSODI2NjY1LTY1MzQxOTUuanBnfHx8fHx8fHx8fHw0MDB4MzAw.jpg","large":"MTE5NjEyMTllOTIyNDg4OTI1NWEwOTNiNGQ5ZmU5NmPSXpEfZex6jdOr5wvGtk6UODI2NjY1LTY1MzQxOTUuanBnfHx8fHx8fHx8fHw2NDB4NDgw.jpg"}]}},{"ad_id":"894987","reg_year":"2003","make":"Ford","model":"Focus","variant":"1.6 I Collection nct 07\/13, good driver.","mileage":"88000","engine_size":"1.6","fuel_type":"Petrol","body_type":"Hatchback","colour":"e0e0e0","location":"Kildare","price":"\u20ac 2,500","images":{"base_url":"http:\/\/i0.carsie.ie\/","image_list":[{"thumb":"MThhMjJmMDdkNTk4MWQ3NGEwY2RjMDVlZWI5ZjIzZjmKPIGUkumOJjw9z0Pbmc1dODk0OTg3LTczMDkwNjAuanBnfHx8fHx8OTJ4Njl8fHx8fA==.jpg","main":"NmI3NmEwY2ZiM2ZhZTlkNjlhYTc4YmJhMzJhZGYwNTAs1NPHJ5B0Lody17pwp8L7ODk0OTg3LTczMDkwNjAuanBnfHx8fHx8fHx8fHw0MDB4MzAw.jpg","large":"Y2E0MzJkYjc0ZjZlYmRhMzc1ZjY5NjIwMjRmZjExYTXrW2otPxbblXFpTXQnpiy_ODk0OTg3LTczMDkwNjAuanBnfHx8fHx8fHx8fHw2NDB4NDgw.jpg"}]}},{"ad_id":"639381","reg_year":"2002","make":"Ford","model":"Focus","variant":"","mileage":"84000","engine_size":"1.6","fuel_type":"Petrol","body_type":"Saloon","colour":"ff0000","location":"Waterford","price":"\u20ac 2,500","images":{"base_url":"http:\/\/i0.carsie.ie\/","image_list":[{"thumb":"M2IwMTQ2M2VhZGMxNGQ1M2EwZTdmMDQ4MjIyYWRlZGI1QUvWD4v7WavfnFLaLXRYNjM5MzgxLTQyMjY5ODcuanBnfHx8fHx8OTJ4Njl8fHx8fA==.jpg","main":"MmNmMDYzYjdlMjYzZTM4ZDE5N2M1ZjMyMGJlYTYwMzPbofAbc8oerXxyy34aLq5TNjM5MzgxLTQyMjY5ODcuanBnfHx8fHx8fHx8fHw0MDB4MzAw.jpg","large":"MmE0MGQ3MzBhNGNiNTJlNzVjOTlmMmEwNGE4ZTZjYTi81EFf2Hph0mZiCoeUgjJKNjM5MzgxLTQyMjY5ODcuanBnfHx8fHx8fHx8fHw2NDB4NDgw.jpg"}]}},{"ad_id":"898978","reg_year":"2001","make":"Ford","model":"Ka","variant":"Luxury","mileage":"102000","engine_size":"1.3","fuel_type":"Petrol","body_type":"Hatchback","colour":"000000","location":"Meath","price":"\u20ac 2,500","images":{"base_url":"http:\/\/i0.carsie.ie\/","image_list":[{"thumb":"YjllZWVkMzk3N2MxNDNhN2E2NjY5NjUzZmNjMGFjZTP7dOjaX4jK_3OfVSrBZU5pODk4OTc4LTczNzIwNjIuanBnfHx8fHx8OTJ4Njl8fHx8fA==.jpg","main":"NDJkNGNjZGNlODIwZGNlODc5YTVhOGIwNTlmZjU3YjmnxNkLQZcCvMFs7PvNSwb5ODk4OTc4LTczNzIwNjIuanBnfHx8fHx8fHx8fHw0MDB4MzAw.jpg","large":"YzEyYzFmOWJmZWNmOTY5Mzc3YjA1Y2I2ZmE0MGNjNzSSfQ61mexTIMm07HiXMaC9ODk4OTc4LTczNzIwNjIuanBnfHx8fHx8fHx8fHw2NDB4NDgw.jpg"}]}},{"ad_id":"831684","reg_year":"2003","make":"Ford","model":"Ka","variant":"Street Luxury 2DR","mileage":"81879","engine_size":"1.6","fuel_type":"Petrol","body_type":"Cabriolet \/ Convertible","colour":"e0e0e0","location":"Wicklow","price":"\u20ac 2,500","images":{"base_url":"http:\/\/i0.carsie.ie\/","image_list":[{"thumb":"ZmNhMDgxZjQ1NzIxNGNjOWM1OWM3ZDFiY2I5ZTMxMjBwwNnCOMbxRz8xxslRXmDBODMxNjg0LTY1OTMyOTAuanBnfHx8fHx8OTJ4Njl8fHx8fA==.jpg","main":"NTBlMzVlODcwODgyN2VhMDBlMTZjNjk5OWFmNDQ4MmWIOyATxtV6X9oa7i9lznkEODMxNjg0LTY1OTMyOTAuanBnfHx8fHx8fHx8fHw0MDB4MzAw.jpg","large":"NjNiZGYzZGU5NTg1NWFjODM3MTU0NTNiZjkwMjFlY2PbW9L-QKbpr0w1pCLkP9pWODMxNjg0LTY1OTMyOTAuanBnfHx8fHx8fHx8fHw2NDB4NDgw.jpg"}]}},{"ad_id":"849709","reg_year":"2003","make":"Ford","model":"Transit","variant":"0879487720","mileage":"100000","engine_size":"2.0","fuel_type":"Diesel","body_type":null,"colour":"ffffff","location":"Mayo","price":"\u20ac 2,500","images":{"base_url":"http:\/\/i0.carsie.ie\/","image_list":[{"thumb":"YTQ0MjY2YjNkZTFmZjAyOGExMzA3MWUwN2NmMzBlNDax7XU1RqcbgtBCUuOxSOYUODQ5NzA5LTY3OTcyNzMuanBnfHx8fHx8OTJ4Njl8fHx8fA==.jpg","main":"Mjk0OWIzMzM1NDhiZGFiNDYzNmVhOGNjNjk4OTEyNWFoVW-Nwbn_f-GyuMBUfbciODQ5NzA5LTY3OTcyNzMuanBnfHx8fHx8fHx8fHw0MDB4MzAw.jpg","large":"MjU2MTM3MzljNzVlZGYxZWQ1ZmZhMjBkZDFiN2RiMDlPuA-ncmj0w1HfSrHbwaT1ODQ5NzA5LTY3OTcyNzMuanBnfHx8fHx8fHx8fHw2NDB4NDgw.jpg"}]}},{"ad_id":"806677","reg_year":"1997","make":"Honda","model":"Prelude","variant":"2.2 VTi","mileage":"97000","engine_size":"2.2","fuel_type":"Petrol","body_type":"Hatchback","colour":"b9cdfb","location":"Roscommon","price":"\u20ac 2,500","images":{"base_url":"http:\/\/i0.carsie.ie\/","image_list":[{"thumb":"MDNjMDI3NGNlY2U5NzFiMmI4YTUxZDBlYzM1OWVlZWNKJ36a-6FVg2AcahwJp-I5ODA2Njc3LTYyODU2NjIuanBnfHx8fHx8OTJ4Njl8fHx8fA==.jpg","main":"YTc4ZTYzM2ZiNzBmNjM3MWM0NTRjZDEwMDFmZDY4NDma28zOYJgS7HFL3ty4MAAZODA2Njc3LTYyODU2NjIuanBnfHx8fHx8fHx8fHw0MDB4MzAw.jpg","large":"NzEzNDVlYjMyYzAyMGE0NzMzOGNhYWMzNDhlYmMwMDWaZucO7CculamJJ080PQ0JODA2Njc3LTYyODU2NjIuanBnfHx8fHx8fHx8fHw2NDB4NDgw.jpg"}]}},{"ad_id":"860362","reg_year":"2002","make":"Hyundai","model":"Coupe","variant":"Coupe 1.6 FX EV","mileage":"80000","engine_size":"1.6","fuel_type":"Petrol","body_type":"Coupe","colour":"e0e0e0","location":"Dublin","price":"\u20ac 2,500","images":{"base_url":"http:\/\/i0.carsie.ie\/","image_list":[{"thumb":"YjJiM2U4ZWVkZDQ5ZWI4ZTU0NDdlNGM2YmEwNjA1YTP85SxNXCp6gOmaXBXnS5xgODYwMzYyLTY5MDYyNDkuanBnfHx8fHx8OTJ4Njl8fHx8fA==.jpg","main":"OGQzMTBjNTM0YWI5YTg1ZjZjYjhlMTRhYzM2MzAxZmbepSF3tnfJTRdaQgGlrG_5ODYwMzYyLTY5MDYyNDkuanBnfHx8fHx8fHx8fHw0MDB4MzAw.jpg","large":"Mjc2ZTYyY2UwZGVjMjE5OWZiNjY0NDFjY2FiYjg1YjWMrpSdz7RCV_IAFrEPO6aFODYwMzYyLTY5MDYyNDkuanBnfHx8fHx8fHx8fHw2NDB4NDgw.jpg"}]}},{"ad_id":"664807","reg_year":"2003","make":"Hyundai","model":"Matrix","variant":"1.6 GLS","mileage":"92500","engine_size":"1.6","fuel_type":"Petrol","body_type":"People Carrier","colour":"008000","location":"Cork","price":"\u20ac 2,500","images":{"base_url":"http:\/\/i0.carsie.ie\/","image_list":[{"thumb":"ODJmYWI3NGM4ODcyNDY1ZDM2YjFhMWVmYTNmMzFmOWUVzvvUtkUmXerYIu7CCHSqNjY0ODA3LTQ1MTc5OTcuanBnfHx8fHx8OTJ4Njl8fHx8fA==.jpg","main":"MWQzNjE0OTM2NDhiYjU3ZWUxMDBkYmViY2NlOWNmM2IqUFzEqNzwMSrXSsWu7gqdNjY0ODA3LTQ1MTc5OTcuanBnfHx8fHx8fHx8fHw0MDB4MzAw.jpg","large":"M2YwNTVjN2UwMWI3YjEyYzdlYWRmMTliNGU2MGQyODm1v_yttTI11Nhob_wKrLkrNjY0ODA3LTQ1MTc5OTcuanBnfHx8fHx8fHx8fHw2NDB4NDgw.jpg"}]}},{"ad_id":"771666","reg_year":"2004","make":"Hyundai","model":"Sonata","variant":"2.0 GLS","mileage":"77000","engine_size":"2.0","fuel_type":"Petrol","body_type":"Saloon","colour":"f0b800","location":"Cork","price":"\u20ac 2,500","images":{"base_url":"http:\/\/i0.carsie.ie\/","image_list":[{"thumb":"MWU0MmVlODZiM2Q3NmJiMjg2N2U0OGRhMjFkYjI1MjnPoHT0jwEGC8KWWlGn0I-JNzcxNjY2LTcxMzY1MDEuanBnfHx8fHx8OTJ4Njl8fHx8fA==.jpg","main":"MGUxYzk4MDcxYzEzNmQyMGRkZTMyYTUzMTM4N2I3MmHVp1Qyahu7on0WG8HQXrqMNzcxNjY2LTcxMzY1MDEuanBnfHx8fHx8fHx8fHw0MDB4MzAw.jpg","large":"YTQwZTU3ZGE0ZWMxNjQ3OGJkMGU4MjViMDQyNzIwZDVT-kphXJQL90AlnYyf03sjNzcxNjY2LTcxMzY1MDEuanBnfHx8fHx8fHx8fHw2NDB4NDgw.jpg"}]}},{"ad_id":"664077","reg_year":"2001","make":"Jaguar","model":"S-Type","variant":"","mileage":"75000","engine_size":"3.0","fuel_type":"Petrol","body_type":"Saloon","colour":"f0d2a0","location":"Cork","price":"\u20ac 2,500","images":{"base_url":"http:\/\/i0.carsie.ie\/","image_list":[{"thumb":"OTM4YjNkZjFjNTViMWQwZmFmNmY2ZmYxNDlmM2Y0M2HxIVUevhzPflUBK_vk_Dk8NjY0MDc3LTQ1MDkxMDQuanBnfHx8fHx8OTJ4Njl8fHx8fA==.jpg","main":"NGJjMGE0NjNlOTQ2NzE3Y2MxYTRmM2YyMjgxNTVkNjPVfMjcXOOTfFR1vtEu6oF3NjY0MDc3LTQ1MDkxMDQuanBnfHx8fHx8fHx8fHw0MDB4MzAw.jpg","large":"MTdjMzNiMTc0MDhjYzY0YzEwMTEyOTQ0MGQxYjIwZjDLienVXjyUgUt33fjTUy8wNjY0MDc3LTQ1MDkxMDQuanBnfHx8fHx8fHx8fHw2NDB4NDgw.jpg"}]}},{"ad_id":"889267","reg_year":"2002","make":"Jaguar","model":"X-Type","variant":"N, C. T.04\/14.","mileage":"133300","engine_size":"2.1","fuel_type":"Petrol","body_type":"Saloon","colour":"0000c0","location":"Cork","price":"\u20ac 2,500","images":{"base_url":"http:\/\/i0.carsie.ie\/","image_list":[{"thumb":"NzFiNjlkODgyYTg0ZTBhNjIyMjkyMDU2YWZlNDVjZjEnykGh57P18slA-OkVOjVxODg5MjY3LTcyNDYxODAuanBnfHx8fHx8OTJ4Njl8fHx8fA==.jpg","main":"ZWIwYWYyODU2YTRiZjRlY2ExYjFlZjU0YTMwMWFmNzRaPvRtXARxeUFngT1kQs7YODg5MjY3LTcyNDYxODAuanBnfHx8fHx8fHx8fHw0MDB4MzAw.jpg","large":"NTY0ZDYwNmUxNTJmODhkY2Q3OTU0NmEwYWVhYzkwMjJ9cNh2F11qN8FulVwoOlkMODg5MjY3LTcyNDYxODAuanBnfHx8fHx8fHx8fHw2NDB4NDgw.jpg"}]}},{"ad_id":"820381","reg_year":"2000","make":"Jaguar","model":"XJ","variant":"Sovereign V8","mileage":"80000","engine_size":"3.2","fuel_type":"Petrol","body_type":"Saloon","colour":"0000c0","location":"Westmeath","price":"\u20ac 2,500","images":{"base_url":"http:\/\/i0.carsie.ie\/","image_list":[{"thumb":"ZTMxOTBkMGJhOTdjMTkwM2IyY2VkMzcwMDFhODdmNWME9GXFwsIQW96yCSOPi7bCODIwMzgxLTY0NTU4NDEuanBnfHx8fHx8OTJ4Njl8fHx8fA==.jpg","main":"NTdjZDA4MjU5MzU2ZjkwNDE5NDgwNjYxMDhlZWQ3OWEwMzZRKadEMIVROaX5SyA-ODIwMzgxLTY0NTU4NDEuanBnfHx8fHx8fHx8fHw0MDB4MzAw.jpg","large":"MTZiNDBhZmQ1MTdhZDdmMmFjMTQ0Y2ViNGUwYTI0MDhJQ4ko_YcVAhIXjnuUwY2kODIwMzgxLTY0NTU4NDEuanBnfHx8fHx8fHx8fHw2NDB4NDgw.jpg"}]}},{"ad_id":"891893","reg_year":"1998","make":"Land Rover","model":"Range Rover","variant":"DSE","mileage":"112","engine_size":"2.5","fuel_type":"Diesel","body_type":"Estate","colour":"0000c0","location":"Mayo","price":"\u20ac 2,500","images":{"base_url":"http:\/\/i0.carsie.ie\/","image_list":[{"thumb":"OWU0ODk3NjJiZjk2MzE5NzJiYzRhMWIwZmM1MmEwYjh1B8-umfx_uEoVcmBZ3tm-ODkxODkzLTcyNjg0MjkuanBnfHx8fHx8OTJ4Njl8fHx8fA==.jpg","main":"YmViZTcxZmRkOGMyNGU5ZTZmNmMzNzVkNzI3OTg2MzQnao_S09afk8afO11PGwBnODkxODkzLTcyNjg0MjkuanBnfHx8fHx8fHx8fHw0MDB4MzAw.jpg","large":"NDdhOWQ5OTNlZTU0ZWE0OWQ2ZjY0N2YxZDE1YzQ5M2NSvKvIT1Nujc08huNVji0zODkxODkzLTcyNjg0MjkuanBnfHx8fHx8fHx8fHw2NDB4NDgw.jpg"}]}},{"ad_id":"898198","reg_year":"2003","make":"Mazda","model":"Mazda6","variant":"1.8 HB Touring SPK","mileage":"191655","engine_size":"1.8","fuel_type":"Petrol","body_type":"Hatchback","colour":"e0e0e0","location":"Cork","price":"\u20ac 2,500","images":{"base_url":"http:\/\/i0.carsie.ie\/","image_list":[{"thumb":"MjNkNGI4MTBhYjIwMTM0YzRkMGY4OGM4NjM4OGZhZGYvFMcFtMemg8MmLGWsZJxHODk4MTk4LTczNjI4NTIuanBnfHx8fHx8OTJ4Njl8fHx8fA==.jpg","main":"ODFlMGVkYmMxOGRmMDA5NDkzY2EzZTI0M2UwZTg3ZDBp5R0kTkH40jsMfnaY1RQKODk4MTk4LTczNjI4NTIuanBnfHx8fHx8fHx8fHw0MDB4MzAw.jpg","large":"NGM2M2ZkZDU5NzEwNjI4NzQwMTM1ODg4ZDZjZDRkNzYsp_-MMeWNHYs3Bt0Tx0uXODk4MTk4LTczNjI4NTIuanBnfHx8fHx8fHx8fHw2NDB4NDgw.jpg"}]}}]}