{"total":"23408","result":[{"ad_id":"897226","reg_year":"2001","make":"Volvo","model":"S40","variant":"1.8I SE","mileage":"108000","engine_size":"1.8","fuel_type":"Petrol","body_type":"Saloon","colour":"ff0000","location":"Dublin","price":"\u20ac 1,450","images":{"base_url":"http:\/\/i0.carsie.ie\/","image_list":[{"thumb":"OGI5MjVlMjZkMTU0ZTRhZGE4NDgzYzI1NzRiNzIzN2VTqZarOY2037GdgEZIgpd_ODk3MjI2LTczNTI0NjAuanBnfHx8fHx8OTJ4Njl8fHx8fA==.jpg","main":"Nzg1MzY1MTU1NGVmODAwZTJlNmZiYjdmYjZlODE0YmGMWPhmtOp-8c4cPwZdwNcBODk3MjI2LTczNTI0NjAuanBnfHx8fHx8fHx8fHw0MDB4MzAw.jpg","large":"NzIzNDg1OWU2MTM1NmU3YmVlZTgyMDIyMGY3YTI3OTPJZaYYEB0w2yXBUD73oqHGODk3MjI2LTczNTI0NjAuanBnfHx8fHx8fHx8fHw2NDB4NDgw.jpg"}]}},{"ad_id":"901061","reg_year":"2001","make":"Volvo","model":"S40","variant":"1.6 \/ 4DR \/ IMMACULATE \/ NCT FEB-14 \/ VERY CAREFUL OWNER \/ AS NEW \/ \"\"MUST BE SEEN\"\" \/ www. N4CARS. ie","mileage":"148000","engine_size":"1.6","fuel_type":"Petrol","body_type":null,"colour":"e0e0e0","location":"Dublin","price":"\u20ac 1,450","images":{"base_url":"http:\/\/i0.carsie.ie\/","image_list":[{"thumb":"Y2Y2YTc4M2Y5ODJlMzkyY2FiMGExMTRmZGRkZjNjNzc7MxqN5KdybnN3bWizpRhdOTAxMDYxLTc0MTYyMzEuanBnfHx8fHx8OTJ4Njl8fHx8fA==.jpg","main":"NDcxMjUwNDNlZDZjNjk5NTVhOTE3MzhkNDhiMjE1NWF2HxcAUlWYwLgXyuba2mljOTAxMDYxLTc0MTYyMzEuanBnfHx8fHx8fHx8fHw0MDB4MzAw.jpg","large":"NmNmN2E3ZTE3YzRiMGJjN2VjOGQyY2I1NDQ4MTcyYzeRgJ4xU_UujpfqYcxLtIhwOTAxMDYxLTc0MTYyMzEuanBnfHx8fHx8fHx8fHw2NDB4NDgw.jpg"}]}},{"ad_id":"891656","reg_year":"2001","make":"Alfa Romeo","model":"166","variant":"Alfa 166 2.0","mileage":"102740","engine_size":"2.0","fuel_type":"Petrol","body_type":"Saloon","colour":"858585","location":"Dublin","price":"\u20ac 1,490","images":{"base_url":"http:\/\/i0.carsie.ie\/","image_list":[{"thumb":"NWRiNWQ3OWMxYjI0MzViMTgzY2ZmMWIyZTM3NzdlNTEwPtudU7PoLIihZm1hZ0D4ODkxNjU2LTcyNjUzMzkuanBnfHx8fHx8OTJ4Njl8fHx8fA==.jpg","main":"MzZiZWRkNGI5NDNjZGVmN2I4NGNkNjg5MDAyYWE5YTQTlRF5Jcq9ymwrL-MCH_5HODkxNjU2LTcyNjUzMzkuanBnfHx8fHx8fHx8fHw0MDB4MzAw.jpg","large":"OTQ1MDQxY2YyMTQxY2QxZGI3N2I4MGJhMjU4MjBjZjeLUHGvwkYC7hJHIpsXez86ODkxNjU2LTcyNjUzMzkuanBnfHx8fHx8fHx8fHw2NDB4NDgw.jpg"}]}},{"ad_id":"884808","reg_year":"2000","make":"Mercedes-Benz","model":"S 320","variant":"A\/T top spec bargain call 01-8642316","mileage":"121000","engine_size":"3.2","fuel_type":"Petrol","body_type":"Hatchback","colour":"e0e0e0","location":"Dublin","price":"\u20ac 1,490","images":{"base_url":"http:\/\/i0.carsie.ie\/","image_list":[{"thumb":"ZDE0OTljN2NiZTk3MTQyNDlmNzQ4NzQyODAyOGJiMGMm-a5q4aSo3tO9MrfMIb9uODg0ODA4LTcxOTk0OTcuanBnfHx8fHx8OTJ4Njl8fHx8fA==.jpg","main":"YjU2N2FmMmIyM2NiMDBiNDhjODg3YzUwN2QyZjg3OTZn6HQ7fPdLbJrqlLv_ECodODg0ODA4LTcxOTk0OTcuanBnfHx8fHx8fHx8fHw0MDB4MzAw.jpg","large":"MDk3MTQ3MTc0NmQyY2ViMWU0ZjBiZGY1YjhiYmEzZGPG3c8MfPmDjezt_E5Vk_W5ODg0ODA4LTcxOTk0OTcuanBnfHx8fHx8fHx8fHw2NDB4NDgw.jpg"}]}},{"ad_id":"867985","reg_year":"2004","make":"Ford","model":"Mondeo","variant":"Zetec 5DR","mileage":"132000","engine_size":"1.8","fuel_type":"Petrol","body_type":"Hatchback","colour":"ff0000","location":"Louth","price":"\u20ac 1,491","images":{"base_url":"http:\/\/i0.carsie.ie\/","image_list":[{"thumb":"MjA3YWJjNDUxOWI4NzhlZjlkZGE0NzQ0YWE1NjFiMmO51L8wnaBeyOzWG30lFl7dODY3OTg1LTY5OTc5NTAuanBnfHx8fHx8OTJ4Njl8fHx8fA==.jpg","main":"ZmVmZjQ4MWQ4MjI0YWU2YjYyNTIwNGFjNGIzNjNiOTlBRXJbHtzyN02QGqg2LOyzODY3OTg1LTY5OTc5NTAuanBnfHx8fHx8fHx8fHw0MDB4MzAw.jpg","large":"YjM2ZWRlYjQxZWMyNmJlM2RhM2VmNTNjNzE0Mzc3Mzn4jGDMQBirByLEbEofdC97ODY3OTg1LTY5OTc5NTAuanBnfHx8fHx8fHx8fHw2NDB4NDgw.jpg"}]}},{"ad_id":"817751","reg_year":"2000","make":"Alfa Romeo","model":"156","variant":"1.8","mileage":"108000","engine_size":"1.7","fuel_type":"Petrol","body_type":"Saloon","colour":"858585","location":"Dublin","price":"\u20ac 1,495","images":{"base_url":"http:\/\/i0.carsie.ie\/","image_list":[{"thumb":"MGQ0YjkwODBhNTE2NmU3NGZhYjhlYzlhZDg3NGU2ZDNUOU4CjpNJ0c-Rsub0zhRWODE3NzUxLTY0MjU4ODAuanBnfHx8fHx8OTJ4Njl8fHx8fA==.jpg","main":"MGE0MDVjZDRmYjFmYmM3NTk5NjdjMjhkYjQyZjIwMGaJXgLhMTXmoaAXURPOz9BYODE3NzUxLTY0MjU4ODAuanBnfHx8fHx8fHx8fHw0MDB4MzAw.jpg","large":"NWIwZmNhMzA5MjU4ZmEzOTM1MGY0MGNiY2EzMDk2ZmTjjTOCI_D2WpnReLr0YVLCODE3NzUxLTY0MjU4ODAuanBnfHx8fHx8fHx8fHw2NDB4NDgw.jpg"}]}},{"ad_id":"854042","reg_year":"1998","make":"Audi","model":"A3","variant":"1.8, SUPERB A3, NCT & FULL SERVICE HISTORY!","mileage":"135000","engine_size":"1.8","fuel_type":"Petrol","body_type":"Hatchback","colour":"ff0000","location":"Dublin","price":"\u20ac 1,495","images":{"base_url":"http:\/\/i0.carsie.ie\/","image_list":[{"thumb":"MWQyNjYyMzkyYTllNzQ5ZDQxNTNjNTA0NTAwYTVlMTVMB4IaIi-uUD9mL7mpbpiuODU0MDQyLTY4NDE0MDguanBnfHx8fHx8OTJ4Njl8fHx8fA==.jpg","main":"MDAzYTFhZDhmMmFkODRiNTE1MTczYTE1NzBiNGQxNma-8yjTnRppw_qMRDSpgV-YODU0MDQyLTY4NDE0MDguanBnfHx8fHx8fHx8fHw0MDB4MzAw.jpg","large":"ZDliODI4ZjRjMDI2MzZkOGI2NWY1NmI3YzFmYzVjMWHOEENigcYDHhn8caZMfVbhODU0MDQyLTY4NDE0MDguanBnfHx8fHx8fHx8fHw2NDB4NDgw.jpg"}]}},{"ad_id":"863427","reg_year":"2000","make":"BMW","model":"520","variant":"2.0","mileage":"113857","engine_size":"2.0","fuel_type":"Petrol","body_type":"Saloon","colour":"e0e0e0","location":"Kildare","price":"\u20ac 1,495","images":{"base_url":"http:\/\/i0.carsie.ie\/","image_list":[{"thumb":"MTQ2YzdmYjA4NTQ5Y2U3OWE1NWU4NzQwNjU3MTk3NTJK4JlRq36XspQL3vhNXKpBODYzNDI3LTY5NDA1NzkuanBnfHx8fHx8OTJ4Njl8fHx8fA==.jpg","main":"ZmE1MDc2ZjJiYTgyYjJiOGFkYzJjNjIzMTkzZmI2YTOXZdx1JeF7C2Qn1_ruTCBCODYzNDI3LTY5NDA1NzkuanBnfHx8fHx8fHx8fHw0MDB4MzAw.jpg","large":"YTRkN2MyYjE4YWEzMjQ4MDlkYTY2ZmZhYjYzMTM0OTnnRY_vn91CUhI3Wu5Q881lODYzNDI3LTY5NDA1NzkuanBnfHx8fHx8fHx8fHw2NDB4NDgw.jpg"}]}},{"ad_id":"884506","reg_year":"2000","make":"BMW","model":"523","variant":"2.5 Auto.","mileage":"103506","engine_size":"2.5","fuel_type":"Petrol","body_type":"Saloon","colour":"008000","location":"Kildare","price":"\u20ac 1,495","images":{"base_url":"http:\/\/i0.carsie.ie\/","image_list":[{"thumb":"N2U0MTgwNzMyNGYyZTliOTNkZTJlZDQwMGNjM2IyZGYoJZbCiTWWbPc6EYj9H0RxODg0NTA2LTcyMjY5NDkuanBnfHx8fHx8OTJ4Njl8fHx8fA==.jpg","main":"ZjJjMmRhNzdmMjBiNTI3OGE0OTM5NDUyNTk1MDZlNzJc0uBtIeUDI4n77dW4z9pXODg0NTA2LTcyMjY5NDkuanBnfHx8fHx8fHx8fHw0MDB4MzAw.jpg","large":"MjNiODQyMzg0Mjc3MTJiZTAwMDkxODQ0YmJlMjkwYmWxbUyZLaqwH8u7F0khzxhwODg0NTA2LTcyMjY5NDkuanBnfHx8fHx8fHx8fHw2NDB4NDgw.jpg"}]}},{"ad_id":"883146","reg_year":"2000","make":"Ford","model":"Fiesta","variant":"1.25KJ Oomy","mileage":"120000","engine_size":"1.2","fuel_type":"Petrol","body_type":"Hatchback","colour":"e0e0e0","location":"Dublin","price":"\u20ac 1,495","images":{"base_url":"http:\/\/i0.carsie.ie\/","image_list":[{"thumb":"ZGM2MDhlM2U5YTQ3OTE3OGQ5MjRkYjU4Nzc5NDEyNzi3qg8LEnG50dcjc5Uj9jmoODgzMTQ2LS5qcGd8fHx8fHw5Mng2OXx8fHx8.jpg","main":"MTdkZTQ5N2UzYWIyY2U0MGVmOWM2MzVjNzU4YzFmYTaJOvLRYazSe6ZB3VlbHwWYODgzMTQ2LS5qcGd8fHx8fHx8fHx8fDQwMHgzMDA=.jpg","large":"YTAwNWViMDFiMjQ4NTEwOWRkY2E0ZTA2YTI1ZDJiOGTGID6RTMt88kG4pvNC6OGEODgzMTQ2LS5qcGd8fHx8fHx8fHx8fDY0MHg0ODA=.jpg"}]}},{"ad_id":"901605","reg_year":"2001","make":"Ford","model":"Focus","variant":"LX 1.4","mileage":"105000","engine_size":"1.4","fuel_type":"Petrol","body_type":"Hatchback","colour":"ffffff","location":"Dublin","price":"\u20ac 1,495","images":{"base_url":"http:\/\/i0.carsie.ie\/","image_list":[{"thumb":"ZGQyNDk0MTU0YTY5MTZjMWVhODUxYmZmMmE2MDgyMGH4HmTU_QhdP9rX2JPl1YaIOTAxNjA1LS5qcGd8fHx8fHw5Mng2OXx8fHx8.jpg","main":"N2YzZTRmYzMyNmIzZDgxYjRjMzNhNzhlMGY5ODg1YzkVwPzeOoXi1l7joBLVXof7OTAxNjA1LS5qcGd8fHx8fHx8fHx8fDQwMHgzMDA=.jpg","large":"ZTBkODQ1OTE3NmI2YThhNDEzYmZmOTJhYTNlM2NhYjB8CPbnw0l_xkqqXMuA-PDwOTAxNjA1LS5qcGd8fHx8fHx8fHx8fDY0MHg0ODA=.jpg"}]}},{"ad_id":"851395","reg_year":"2001","make":"Ford","model":"Mondeo","variant":"1.8 LX","mileage":"104000","engine_size":"1.8","fuel_type":"Petrol","body_type":"Saloon","colour":"e0e0e0","location":"Cork","price":"\u20ac 1,495","images":{"base_url":"http:\/\/i0.carsie.ie\/","image_list":[{"thumb":"NDVjMDVhYTM5N2Q3NjhiNTg0NWFkMDgwNjcyOGZkMjMQ2X4BFM_Rt1sDHvPkkbNsODUxMzk1LTcxOTE4ODAuanBnfHx8fHx8OTJ4Njl8fHx8fA==.jpg","main":"YzQ2NjM4ODZhZjI5Y2QwMWIxMTMzZjAwMmYwMmIyZDHK7cJ3zlVmmW_VeZCjN1VWODUxMzk1LTcxOTE4ODAuanBnfHx8fHx8fHx8fHw0MDB4MzAw.jpg","large":"OGVhMDYzMGEzYTAzY2IzMjk3MjgxMTU0OTFlYjE5NWLwmdu7zabUKEvf_b2Jd262ODUxMzk1LTcxOTE4ODAuanBnfHx8fHx8fHx8fHw2NDB4NDgw.jpg"}]}},{"ad_id":"862082","reg_year":"2000","make":"Jaguar","model":"S-Type","variant":"3.0 V6 Auto","mileage":"120000","engine_size":"3.0","fuel_type":"Petrol","body_type":"Saloon","colour":"008000","location":"Dublin","price":"\u20ac 1,495","images":{"base_url":"http:\/\/i0.carsie.ie\/","image_list":[{"thumb":"NzAyYmE5ZDQ3ZWU2OGJiMDFlYjA0NTA4Y2JlMDU1YjegvdiyFxqRs0nbUDocbHJTODYyMDgyLTY5MjY3MTkuanBnfHx8fHx8OTJ4Njl8fHx8fA==.jpg","main":"ODY4M2YzZjA0OWVlNDEyZTIzY2VmZDZjMjZhOGMyYWKYRqNxSLUHS97hMfUBjBliODYyMDgyLTY5MjY3MTkuanBnfHx8fHx8fHx8fHw0MDB4MzAw.jpg","large":"ODk4ZTU2ODk0MjBjMTAxYjVhMzFiZDc3NTFhNmVhYjeX40W8jRN5SNachR6z5vGmODYyMDgyLTY5MjY3MTkuanBnfHx8fHx8fHx8fHw2NDB4NDgw.jpg"}]}},{"ad_id":"868659","reg_year":"2001","make":"Jaguar","model":"X-Type","variant":"2.5 AUTO.4 WHEEL DRIVE","mileage":"99760","engine_size":"2.5","fuel_type":"Petrol","body_type":"Saloon","colour":"e0e0e0","location":"Dublin","price":"\u20ac 1,495","images":{"base_url":"http:\/\/i0.carsie.ie\/","image_list":[{"thumb":"Njg0OWE0NGJhOGNlNTUyYWE3Mzc2NzY2OGY0MDI3ZGZ-wXLpdaHD9buEBOYbeY1PODY4NjU5LTcwMDY1ODkuanBnfHx8fHx8OTJ4Njl8fHx8fA==.jpg","main":"ZmFhOTUyYjVkZGQyOTMwZGIwOWNjYzkxMDI5YjZmMGYcVU4UWq3u0pDdOgY57vgRODY4NjU5LTcwMDY1ODkuanBnfHx8fHx8fHx8fHw0MDB4MzAw.jpg","large":"YTVmNWQyYWViZjFmMDA5NDYyM2ExZDFiM2IzZjU5ZTbrKrD4Wa8KMMZruEXWBoCeODY4NjU5LTcwMDY1ODkuanBnfHx8fHx8fHx8fHw2NDB4NDgw.jpg"}]}},{"ad_id":"900658","reg_year":"1995","make":"Mercedes-Benz","model":"E Class","variant":"E220 . AUTO. NCT 12\/13. LEATHER","mileage":"228313","engine_size":"2.2","fuel_type":"Petrol","body_type":"Saloon","colour":"e0e0e0","location":"Dublin","price":"\u20ac 1,495","images":{"base_url":"http:\/\/i0.carsie.ie\/","image_list":[{"thumb":"ZjIyNDRjZjc3YzI1Yjk1NWE5Y2RiMTNiYWEyOTUwMzbkFgWlqTStaHtwV7mpO_phOTAwNjU4LTc0MjUwMTQuanBnfHx8fHx8OTJ4Njl8fHx8fA==.jpg","main":"MTM0YzQwMTk0OWQ4MDU4MTE1M2M5YmNjZWJmN2I4OWNZVferStYC_hQOIu3Hwe63OTAwNjU4LTc0MjUwMTQuanBnfHx8fHx8fHx8fHw0MDB4MzAw.jpg","large":"OGQ1MjU1YTViNjBiOTEzMzdkM2RlMzljOWU4OTJjYWPX6RjDWX-V-Q9Jo96_FQaTOTAwNjU4LTc0MjUwMTQuanBnfHx8fHx8fHx8fHw2NDB4NDgw.jpg"}]}},{"ad_id":"860839","reg_year":"2001","make":"Mitsubishi","model":"Space Star","variant":"","mileage":"101000","engine_size":"1.3","fuel_type":"Petrol","body_type":"Hatchback","colour":"0000c0","location":"Wexford","price":"\u20ac 1,495","images":{"base_url":"http:\/\/i0.carsie.ie\/","image_list":[{"thumb":"N2Y4YTI1YjFkY2I5ZTRiYWEzOGEzMzM2NzEwNTMzMDOCHNKVfJmnTHGeu3RvWXSbODYwODM5LTY5MTIxMzIuanBnfHx8fHx8OTJ4Njl8fHx8fA==.jpg","main":"MDlmMjdiNjI2OTMyYTAyYTY0NGY0MTJkMTBlMTkxNTdBoVLkTcEQdzQR20hievpfODYwODM5LTY5MTIxMzIuanBnfHx8fHx8fHx8fHw0MDB4MzAw.jpg","large":"YjVjNTJkZmRhYjQ2YmExMjhiYzQ4NmFmODI1YTY0YjCR8P4VkEtdadL4xrRJmnOxODYwODM5LTY5MTIxMzIuanBnfHx8fHx8fHx8fHw2NDB4NDgw.jpg"}]}},{"ad_id":"839976","reg_year":"2001","make":"Nissan","model":"Almera","variant":"1.5","mileage":"109985","engine_size":"1.5","fuel_type":"Petrol","body_type":"Saloon","colour":"ff0000","location":"Dublin","price":"\u20ac 1,495","images":{"base_url":"http:\/\/i0.carsie.ie\/","image_list":[{"thumb":"YmQ3MTdmMTY1MjgxYTIyYjlhMmIzNTU2NmI1ZGVhNGJj-i6e_TMB4TSF-S_g0QlgODM5OTc2LTY2ODU4ODIuanBnfHx8fHx8OTJ4Njl8fHx8fA==.jpg","main":"MzMwZTAzZGI1ODA2MDAxOTZkNWUyM2M3NDc3NjYxZjbcR7SH6cGXOoD_6dq1LhHqODM5OTc2LTY2ODU4ODIuanBnfHx8fHx8fHx8fHw0MDB4MzAw.jpg","large":"ZDY1MjRiNjdkM2Y2NDgyZmM0YzEyZGRmNTFkNDg5ZGXcgO0n_BJmT747_d6lRUEuODM5OTc2LTY2ODU4ODIuanBnfHx8fHx8fHx8fHw2NDB4NDgw.jpg"}]}},{"ad_id":"851930","reg_year":"2002","make":"Nissan","model":"Primera","variant":"1.6 Acenta","mileage":"140000","engine_size":"1.6","fuel_type":"Petrol","body_type":"Saloon","colour":"0000c0","location":"Dublin","price":"\u20ac 1,495","images":{"base_url":"http:\/\/i0.carsie.ie\/","image_list":[{"thumb":"ZmNiYWJjZDU1NTM0YzJmNmM1Y2Q0ZjJhZjBhNzI1ODhwuLQjjtgMrL-5WG7MreUNODUxOTMwLTY4MTg0MTMuanBnfHx8fHx8OTJ4Njl8fHx8fA==.jpg","main":"OWJiYjc1ODQ1OWJmMTE1ZTEzNDYxZGUzYzMyZmE4MTbCQOZR1iiHUoQY5N7M8DCzODUxOTMwLTY4MTg0MTMuanBnfHx8fHx8fHx8fHw0MDB4MzAw.jpg","large":"NDc2ODI2ZTRlOGRmNWUxZjljN2I0MWE5NjZjOTJkZjV8u4ybEXJOZhmXOKw6QaHwODUxOTMwLTY4MTg0MTMuanBnfHx8fHx8fHx8fHw2NDB4NDgw.jpg"}]}},{"ad_id":"883363","reg_year":"2000","make":"Opel","model":"Astra","variant":"GLX 1.4 XE","mileage":"158348","engine_size":"1.4","fuel_type":"Petrol","body_type":"Hatchback","colour":"e0e0e0","location":"Kildare","price":"\u20ac 1,495","images":{"base_url":"http:\/\/i0.carsie.ie\/","image_list":[{"thumb":"ZjdkYTExY2I3MTNmY2VhOGRkYTk0Y2RlY2YxNWJmZGZIj737POtZio2szcNO9KFCODgzMzYzLTcxNzgzMjAuanBnfHx8fHx8OTJ4Njl8fHx8fA==.jpg","main":"M2IyZjE5MGEyM2EzZDJjOTM4MTkwOTNlNWRhZGJjNWHcrEA_kiuoWD5aQas7ir1bODgzMzYzLTcxNzgzMjAuanBnfHx8fHx8fHx8fHw0MDB4MzAw.jpg","large":"ODFiZTVkYjA0MzAyNDk5ZGM5ZWVhZDJhM2U0MDVmY2QjRH0_egAT5gY7U8TNrN46ODgzMzYzLTcxNzgzMjAuanBnfHx8fHx8fHx8fHw2NDB4NDgw.jpg"}]}},{"ad_id":"895990","reg_year":"2001","make":"Opel","model":"Corsa","variant":"Comfort Z1.2 XE","mileage":"75000","engine_size":"1.2","fuel_type":"Petrol","body_type":"Hatchback","colour":"e0e0e0","location":"Dublin","price":"\u20ac 1,495","images":{"base_url":"http:\/\/i0.carsie.ie\/","image_list":[{"thumb":"OTk5ZDdiYWQ2MjljMDZmNWNmYmJhZjg4ZmU4ODhkNWQU4L9tNAl4sBHx4c-NopHJODk1OTkwLTczNzc1NjYuanBnfHx8fHx8OTJ4Njl8fHx8fA==.jpg","main":"NWJkNWUwMjczNDE5ZDNiNjE0MTRmMDQ4ZGQzNjZlNTjJXD6R7_1b-r4LOhRdfRVFODk1OTkwLTczNzc1NjYuanBnfHx8fHx8fHx8fHw0MDB4MzAw.jpg","large":"Zjg3ZDc0MzhiOTg5NGRmYTRmNmE1MDQzMTJiZDY0NGZvbj42et522kGUhYMkhcmfODk1OTkwLTczNzc1NjYuanBnfHx8fHx8fHx8fHw2NDB4NDgw.jpg"}]}}]}