{"total":"23408","result":[{"ad_id":"867344","reg_year":"2003","make":"Toyota","model":"Rav4","variant":"Rav 4 1.8 Passenger 5 DR","mileage":"65000","engine_size":"1.8","fuel_type":"Petrol","body_type":"Hatchback","colour":"0000c0","location":"Waterford","price":"\u20ac 5,509","images":{"base_url":"http:\/\/i0.carsie.ie\/","image_list":[{"thumb":"ODI5MWE5ODA5N2Y4M2U2MGExZjc3OTU3N2Q5OTc3M2N05UdxoEiOtz8zSBtC6OePODY3MzQ0LTcwMTg1MjUuanBnfHx8fHx8OTJ4Njl8fHx8fA==.jpg","main":"ODYyMTI5MjQ0OTg3NWI1MjU5NjNkZDVlNTE2MWI1YWaqxSSDa6m1zPLkSXH3vqmDODY3MzQ0LTcwMTg1MjUuanBnfHx8fHx8fHx8fHw0MDB4MzAw.jpg","large":"ZWM2ODZhOTExYzMwN2UxZDA2MDFmNmY3OTJlZTRlNTgCD7kuWhOb4hHSAEcu8HH9ODY3MzQ0LTcwMTg1MjUuanBnfHx8fHx8fHx8fHw2NDB4NDgw.jpg"}]}},{"ad_id":"901241","reg_year":"2005","make":"Skoda","model":"Octavia","variant":"Ambiente 1.9tdi","mileage":"142919","engine_size":"1.9","fuel_type":"Diesel","body_type":"Hatchback","colour":"f0d2a0","location":"Tipperary","price":"\u20ac 5,525","images":{"base_url":"http:\/\/i0.carsie.ie\/","image_list":[{"thumb":"ZDljZGY2MTA5ZjhmMjI0MDBhYzU1OGVjYWUxZTMyOTFcZAZY0BCnj91UQZ-hgqCmOTAxMjQxLTc0MTc2ODYuanBnfHx8fHx8OTJ4Njl8fHx8fA==.jpg","main":"YjAxYTc3MTNlNTE4NzM3ZTJhMjYxNTBjNjk3YTFkYWTMykfKk5ulOsB79jWeLQq-OTAxMjQxLTc0MTc2ODYuanBnfHx8fHx8fHx8fHw0MDB4MzAw.jpg","large":"MDkzNmNkMjk4ZDEwZjQ4YWYwMzE5NTRjM2JjZTRlMzFXex4prbtzXrEMLqe1PDBeOTAxMjQxLTc0MTc2ODYuanBnfHx8fHx8fHx8fHw2NDB4NDgw.jpg"}]}},{"ad_id":"902018","reg_year":"2005","make":"Citroen","model":"C4","variant":"1.4I 5DR","mileage":"71459","engine_size":"1.4","fuel_type":"Petrol","body_type":"Hatchback","colour":"0000c0","location":"Westmeath","price":"\u20ac 5,550","images":{"base_url":"http:\/\/i0.carsie.ie\/","image_list":[{"thumb":"ODI0ODBiOTllMmQ4NWQzOThkODIwYTk0NjUyYjhkYmTagkP6sx7KOqRzvPjDB9FCOTAyMDE4LTc0Mjc1ODkuanBnfHx8fHx8OTJ4Njl8fHx8fA==.jpg","main":"MGYzMjVkNzVjOGU5NjdmZjJkNGM4MDY4OTI5ZTViZDhEEi6urSgqimLUHIerZGpZOTAyMDE4LTc0Mjc1ODkuanBnfHx8fHx8fHx8fHw0MDB4MzAw.jpg","large":"OTY4YmE0NDI1Mzk1MmFhNjJiM2IzNmFlNTYxNzhjZGREE7G7oF1kibwPsExLw7_6OTAyMDE4LTc0Mjc1ODkuanBnfHx8fHx8fHx8fHw2NDB4NDgw.jpg"}]}},{"ad_id":"883017","reg_year":"2006","make":"Ford","model":"Fiesta","variant":"Steel 1.25 5DR","mileage":"61517","engine_size":"1.2","fuel_type":"Petrol","body_type":"Hatchback","colour":"0000c0","location":"Cork","price":"\u20ac 5,550","images":{"base_url":"http:\/\/i0.carsie.ie\/","image_list":[{"thumb":"MDE1MzY0YWM4MGQxYWQyMWUxZDdiODdmOTI1ZWE1OTHbyXppw2ti08lI_EZmiRWeODgzMDE3LTcxNzE0NDQuanBnfHx8fHx8OTJ4Njl8fHx8fA==.jpg","main":"MTY1OTgzMDAzMmQyZmQyZWMzZjk2NWNlNjNmNDg4YjY7xBwpEhbjJzMqIBg93Zo-ODgzMDE3LTcxNzE0NDQuanBnfHx8fHx8fHx8fHw0MDB4MzAw.jpg","large":"ZjcxYTY4YTg1NTIxNzVmZGU0YjRmYzk1NTg0OWNjNGZlOD-D3zRCjEu4pzTmX9AmODgzMDE3LTcxNzE0NDQuanBnfHx8fHx8fHx8fHw2NDB4NDgw.jpg"}]}},{"ad_id":"899190","reg_year":"1995","make":"Harley-Davidson","model":"FXDL Dyna Low Rider","variant":"1380cc","mileage":"6213","engine_size":"1.3","fuel_type":"Petrol","body_type":"Hatchback","colour":"0000c0","location":"Wexford","price":"\u20ac 5,550","images":{"base_url":"http:\/\/i0.carsie.ie\/","image_list":[{"thumb":"MmQ1OTJiZTMwYmQ5OTE0MWZkZTA4NDViNDA2NDJjNWIh5KT9KNmjwxnqbNkADd4MODk5MTkwLTczNzU5NjEuanBnfHx8fHx8OTJ4Njl8fHx8fA==.jpg","main":"NWZlYTg0OWM2ZTk5NzQ3ZjZkMWRmMDM0NTM3NTBiZGODANQ_TShXVKh9dvQEtjsNODk5MTkwLTczNzU5NjEuanBnfHx8fHx8fHx8fHw0MDB4MzAw.jpg","large":"Y2E0NTRlZGI2MzE5MTQxMTMzMDU3MzNhZWE2NTU0MDemwzx6E62CW62TQsenhHPGODk5MTkwLTczNzU5NjEuanBnfHx8fHx8fHx8fHw2NDB4NDgw.jpg"}]}},{"ad_id":"890494","reg_year":"2007","make":"Renault","model":"Scenic","variant":"1.6 16V Sport +","mileage":"86000","engine_size":"1.6","fuel_type":"Petrol","body_type":"Hatchback","colour":"f0b800","location":"Dublin","price":"\u20ac 5,550","images":{"base_url":"http:\/\/i0.carsie.ie\/","image_list":[{"thumb":"MjFmZGJhOGQwMzU5NTVhODNlZGViMDJlODY0YjZiZmEc9HP7w8JBZKt7XDdGiphZODkwNDk0LTcyNDc3NDMuanBnfHx8fHx8OTJ4Njl8fHx8fA==.jpg","main":"N2RlZTZiMjFkYTdjMzk4NTY5OGQwM2YxMGFiNzZmZmbBwRhQk9KbGQfmJwzjDEGVODkwNDk0LTcyNDc3NDMuanBnfHx8fHx8fHx8fHw0MDB4MzAw.jpg","large":"ODY2MmM0NDdmNmEwODM0MTA0MTgyODM3MjI1NDhjZjB0EZVpsU_UHT57jrxd-AuiODkwNDk0LTcyNDc3NDMuanBnfHx8fHx8fHx8fHw2NDB4NDgw.jpg"}]}},{"ad_id":"836190","reg_year":"2006","make":"Volkswagen","model":"Polo","variant":"GP 1.2 5DR","mileage":"124521","engine_size":"1.2","fuel_type":"Petrol","body_type":"Hatchback","colour":"ff0000","location":"Offaly","price":"\u20ac 5,550","images":{"base_url":"http:\/\/i0.carsie.ie\/","image_list":[{"thumb":"ZmY5MDg3MDQ2MTcyNDEwMWI3NDUzNGVjODkyZjA5MTVbXoVzdi7SMM2EvWeeW6_8ODM2MTkwLTY3NTI0NzQuanBnfHx8fHx8OTJ4Njl8fHx8fA==.jpg","main":"YzdjODJiZDQwY2I4Y2RlOGM5OGYxNTVjOTBiZGRhMGJ1VVL50Gdd96SLjEgPUzGYODM2MTkwLTY3NTI0NzQuanBnfHx8fHx8fHx8fHw0MDB4MzAw.jpg","large":"ZjkxZjIxZTM4ZTNiODMwZDJkYjdmZTllMDg4NTM3MjG-19qeoFWaoZ1e86lHoxYhODM2MTkwLTY3NTI0NzQuanBnfHx8fHx8fHx8fHw2NDB4NDgw.jpg"}]}},{"ad_id":"893010","reg_year":"2003","make":"BMW","model":"X5","variant":"SPORT 3.0i","mileage":"108000","engine_size":"3.0","fuel_type":"Petrol","body_type":"Estate","colour":"000000","location":"Dublin","price":"\u20ac 5,555","images":{"base_url":"http:\/\/i0.carsie.ie\/","image_list":[{"thumb":"ZmU1ZDE4OWI2NWJlZTk0N2I2ZjA4ZDg3NGUyZmFiNjg5uWn-svGEmFHaI7aIKTRfODkzMDEwLTcyNzU5NTIuanBnfHx8fHx8OTJ4Njl8fHx8fA==.jpg","main":"ZThkNzM2NWU0NDQ5NTZjNDk5OGIyYjdhOGRiNmZjMWJjeXxEVw2SWOpawDal_dWbODkzMDEwLTcyNzU5NTIuanBnfHx8fHx8fHx8fHw0MDB4MzAw.jpg","large":"ZGEzYWYwM2ZiMzFhMzZlMDFkYTE4MWEwZGFkMjI3YzeW8abjyIpmFgDB_J9pQrLTODkzMDEwLTcyNzU5NTIuanBnfHx8fHx8fHx8fHw2NDB4NDgw.jpg"}]}},{"ad_id":"895506","reg_year":"2007","make":"Nissan","model":"Almera","variant":"ALMERA 1.5 SXE","mileage":"31846","engine_size":"1.5","fuel_type":"Petrol","body_type":"Saloon","colour":"0000c0","location":"Dublin","price":"\u20ac 5,555","images":{"base_url":"http:\/\/i0.carsie.ie\/","image_list":[{"thumb":"ZDAxMjlhN2ZjOWQ5NjQxZTA3ZTU1MWVkYWQzNzAwZmY4ifrNi90hiOU9Oie9iXvGODk1NTA2LTczMjUwOTAuanBnfHx8fHx8OTJ4Njl8fHx8fA==.jpg","main":"OTI4NDVlNjM5NWY1ZGY4YzlhYzQ5ZWE5ZDgxNWFkYzIxjDK8wPN-yVQMkVo708NaODk1NTA2LTczMjUwOTAuanBnfHx8fHx8fHx8fHw0MDB4MzAw.jpg","large":"NGI2ZWU5NTYzYzg4M2QyMWI3YWVhMmUxZTA3NjUwNGIB6K3nIDRtkOOELLfCshYXODk1NTA2LTczMjUwOTAuanBnfHx8fHx8fHx8fHw2NDB4NDgw.jpg"}]}},{"ad_id":"775805","reg_year":"1999","make":"Mitsubishi","model":"Canter","variant":"TD","mileage":"115000","engine_size":"2.8","fuel_type":"Diesel","body_type":"Other","colour":"ffffff","location":"Dublin","price":"\u20ac 5,590","images":{"base_url":"http:\/\/i0.carsie.ie\/","image_list":[{"thumb":"YWVjYTgwZGRjOGM5MDM2MjczNjBlZjlmYTk4MmE0YjJPO3INqEU937CnfK153nC_Nzc1ODA1LTU5MTI3NDcuanBnfHx8fHx8OTJ4Njl8fHx8fA==.jpg","main":"MDhiMjI4YTQ1Y2ZlNzNmYTdlOTg3ZWZhMDdjMDBkZjPx_UrPcvJbh85ivG_FOTDaNzc1ODA1LTU5MTI3NDcuanBnfHx8fHx8fHx8fHw0MDB4MzAw.jpg","large":"ZmU0Mjk5M2E0NjY3OGU2ZjI1YzEyYzIxNDYyYjU1NzOcchqMHdhAj90w2oWw1klxNzc1ODA1LTU5MTI3NDcuanBnfHx8fHx8fHx8fHw2NDB4NDgw.jpg"}]}},{"ad_id":"765311","reg_year":"2007","make":"Peugeot","model":"207","variant":"S 1.4 5 DR 8V 5DR","mileage":"51432","engine_size":"1.4","fuel_type":"Petrol","body_type":"Hatchback","colour":"ff0000","location":"Galway","price":"\u20ac 5,590","images":{"base_url":"http:\/\/i0.carsie.ie\/","image_list":[{"thumb":"MDhkMGUwN2EwNzkzYjU2NmRiY2I2NzYyOGQ3MzQwNGPIoCZb_yRxs-p6_YOztzzINzY1MzExLTU3NjMzODMuanBnfHx8fHx8OTJ4Njl8fHx8fA==.jpg","main":"Y2EyODNiMzAwM2FiYTk2NDEzYzQyY2RlNTM4NTFkZDV9d5KCbrpFp0T-deiODM2yNzY1MzExLTU3NjMzODMuanBnfHx8fHx8fHx8fHw0MDB4MzAw.jpg","large":"MTNkOWJmNGM3N2ZlYTFhYzQ5ZGRhYWZmMjFiYWNjMDWnHSlSZJzaH9XV987g9yNpNzY1MzExLTU3NjMzODMuanBnfHx8fHx8fHx8fHw2NDB4NDgw.jpg"}]}},{"ad_id":"795977","reg_year":"2006","make":"Peugeot","model":"206","variant":"","mileage":"70000","engine_size":"1.4","fuel_type":"Diesel","body_type":"Estate","colour":"000000","location":"Waterford","price":"\u20ac 5,595","images":{"base_url":"http:\/\/i0.carsie.ie\/","image_list":[{"thumb":"YjcwNzY5NmRiODJmZGFmZGI5M2M4MzJkZDQwMDM5NmUaSB_fv8UR_ke08-axzC3tNzk1OTc3LTYxNTE4MDkuanBnfHx8fHx8OTJ4Njl8fHx8fA==.jpg","main":"OTUzZDU5ZDdkYTc5MjJjM2M3OTViNmViZDFmNWI3MjbI0QCT_KlvrR5YCEE6GJ4tNzk1OTc3LTYxNTE4MDkuanBnfHx8fHx8fHx8fHw0MDB4MzAw.jpg","large":"NjhhMTFmNDUxNTFjMzVhNzg3ZGI3ZjQ0NzExYjEwNzPJUBky7JHZh5vvvmLm96nYNzk1OTc3LTYxNTE4MDkuanBnfHx8fHx8fHx8fHw2NDB4NDgw.jpg"}]}},{"ad_id":"896599","reg_year":"2007","make":"Renault","model":"Laguna","variant":"1.9dci Expression NAV 95BHP 5DR","mileage":"82487","engine_size":"1.9","fuel_type":"Diesel","body_type":"Hatchback","colour":"e0e0e0","location":"Dublin","price":"\u20ac 5,595","images":{"base_url":"http:\/\/i0.carsie.ie\/","image_list":[{"thumb":"ZTE5NjkwZDQwMmI5N2JlYjBkYjA2YWZhMzBkNzhlZTklml1Ly-unlDK1l-qxkbVWODk2NTk5LTczNDQ0MzguanBnfHx8fHx8OTJ4Njl8fHx8fA==.jpg","main":"N2UzZjQ2OTRmMTQ4MmZmNGQzOGIzYmJiNWExYmI1YznZE9B9eM7jUTHQNSc-puxzODk2NTk5LTczNDQ0MzguanBnfHx8fHx8fHx8fHw0MDB4MzAw.jpg","large":"YWY0Yzk1OWZmYzU1NjY0MGFjOGZiMTdkOTIyMGVlYWFsLdGJ_pjDiuao05_dO6PEODk2NTk5LTczNDQ0MzguanBnfHx8fHx8fHx8fHw2NDB4NDgw.jpg"}]}},{"ad_id":"891840","reg_year":"2007","make":"Ford","model":"Fiesta","variant":"Steel 1.25 5DR","mileage":"36661","engine_size":"1.2","fuel_type":"Petrol","body_type":"Hatchback","colour":"ff0000","location":"Dublin","price":"\u20ac 5,599","images":{"base_url":"http:\/\/i0.carsie.ie\/","image_list":[{"thumb":"Njk0ZDI0Y2JlZmUzNDgzOWNlZmNiNTNlZGJlYTM4ZWaS3VcgZP1tQWeuVE5A85WxODkxODQwLTcyNjc3NTUuanBnfHx8fHx8OTJ4Njl8fHx8fA==.jpg","main":"ZDdlOThkMjM3N2UyMTE1ZDA1MzU4OWY3NDRiZWUxMDSCfQ7GFj9ft3kM0KsD1QapODkxODQwLTcyNjc3NTUuanBnfHx8fHx8fHx8fHw0MDB4MzAw.jpg","large":"MTUzNzEwNjRmYWJlNGVjYmU1NzEyMGNlOWY5Y2Q2Y2EW-KtfJgwgZQ2dTT6Gqy5dODkxODQwLTcyNjc3NTUuanBnfHx8fHx8fHx8fHw2NDB4NDgw.jpg"}]}},{"ad_id":"573314","reg_year":"2006","make":"Citroen","model":"C3","variant":"5Door","mileage":"25294","engine_size":"1.1","fuel_type":"Petrol","body_type":"Hatchback","colour":"0000c0","location":"Cavan","price":"\u20ac 5,600","images":{"base_url":"http:\/\/i0.carsie.ie\/","image_list":[{"thumb":"YTM0ODRlYWYzZDY2MmI4ZDNiN2YyNDkxOTBkMzVhMGHYlKdvhd9s569uKOuMaJj6NTczMzE0LTM1NjE0MTMuanBnfHx8fHx8OTJ4Njl8fHx8fA==.jpg","main":"ZTNiN2RhMTIyZGY0OTBlN2I4MTNmOTY4OGE4M2RlNDODZ3irQPCTdwsamOKuXxxPNTczMzE0LTM1NjE0MTMuanBnfHx8fHx8fHx8fHw0MDB4MzAw.jpg","large":"YTVkMjdiZmQ3YjNiNzM1ZmQ2NmNjNGUwMzUwNDVlYzZ49ic3LU6aEdFvPP4TOu2UNTczMzE0LTM1NjE0MTMuanBnfHx8fHx8fHx8fHw2NDB4NDgw.jpg"}]}},{"ad_id":"901809","reg_year":"2008","make":"Ford","model":"Transit Connect","variant":"NT T200 SWB 1.8tdci 75PS","mileage":"91965","engine_size":"1.8","fuel_type":"Diesel","body_type":"Van","colour":"ffffff","location":"Meath","price":"\u20ac 5,600","images":{"base_url":"http:\/\/i0.carsie.ie\/","image_list":[{"thumb":"NzZhOGE5MjJjZmRlNWMxNjFjMmY2MzIwYTQ5ZWRmM2Xpj02GTSzbDabfc7SpfTX-OTAxODA5LTc0MjQ5MTEuanBnfHx8fHx8OTJ4Njl8fHx8fA==.jpg","main":"Mjg2MzgwZmVkMzVjOTkyYTY3NzNkZDAzYWExMzg4ZDTM3j5DVwH4K5L5F0joeQe6OTAxODA5LTc0MjQ5MTEuanBnfHx8fHx8fHx8fHw0MDB4MzAw.jpg","large":"ODQ1ZjEwNzRlMWJiOWIyYTVmYzUzMTAxZGNkNzFhMjRB-OlRHv74eW9Iv62B7fZlOTAxODA5LTc0MjQ5MTEuanBnfHx8fHx8fHx8fHw2NDB4NDgw.jpg"}]}},{"ad_id":"882823","reg_year":"2006","make":"Hyundai","model":"Matrix","variant":"1.6 GSI 05DR","mileage":"47225","engine_size":"1.6","fuel_type":"Petrol","body_type":"Hatchback","colour":"0000c0","location":"Dublin","price":"\u20ac 5,600","images":{"base_url":"http:\/\/i0.carsie.ie\/","image_list":[{"thumb":"MTg0M2I5NDc4MjhjMmVmZDc2ZWFmMWVmNjExM2JjOTW2zSPy0NkZJDjUeXGQ-GdyODgyODIzLTcyNTgyMDYuanBnfHx8fHx8OTJ4Njl8fHx8fA==.jpg","main":"YjQzYjc0MTJjMjA1NThjNDIxZGIxNGQzNzAzN2E4NjJbPdLQK24JiaD70v4X4UhGODgyODIzLTcyNTgyMDYuanBnfHx8fHx8fHx8fHw0MDB4MzAw.jpg","large":"ZjdiZjdhM2E3ZmQ3ZjI4NzcxOGVmNzcwZGNlYTJkZWNOwI2ERWKQu7REHJwdHSsvODgyODIzLTcyNTgyMDYuanBnfHx8fHx8fHx8fHw2NDB4NDgw.jpg"}]}},{"ad_id":"896056","reg_year":"2006","make":"Opel","model":"Astra","variant":"Life 1.3cdti 90PS","mileage":"101907","engine_size":"1.2","fuel_type":"Diesel","body_type":"Hatchback","colour":"0000c0","location":"Cork","price":"\u20ac 5,600","images":{"base_url":"http:\/\/i0.carsie.ie\/","image_list":[{"thumb":"ODE0ZWVjOThlNTY0NzhmMzFjODBlY2NmOWFjZDk4ZWbSx6NLw3ncBG8vDC-fgfEoODk2MDU2LTczMjk3NjguanBnfHx8fHx8OTJ4Njl8fHx8fA==.jpg","main":"MDc2OGJjYzZlZWM4OTFiMGVjNjhjZTkxYjQ4YjQxZGLFp50sNUmeF3rXA5vr7G20ODk2MDU2LTczMjk3NjguanBnfHx8fHx8fHx8fHw0MDB4MzAw.jpg","large":"NjNmZGRlODFlMDk5NzkzZDE3NjZkOGJmNWJkNzg1MDKDI9sx0p4j9ocob_NDLEnGODk2MDU2LTczMjk3NjguanBnfHx8fHx8fHx8fHw2NDB4NDgw.jpg"}]}},{"ad_id":"887832","reg_year":"2007","make":"Peugeot","model":"Expert","variant":"1.9 3 SEATER","mileage":"156250","engine_size":"1.9","fuel_type":"Diesel","body_type":null,"colour":"7a0000","location":"Tipperary","price":"\u20ac 5,600","images":{"base_url":"http:\/\/i0.carsie.ie\/","image_list":[{"thumb":"OTcwYmY5NjA3NzVjNzk0ZWU3YWZlNmJiNTVhZDNjYjfEmiV-kJmH32PXW63Qx_bPODg3ODMyLTcyMzU1MjIuanBnfHx8fHx8OTJ4Njl8fHx8fA==.jpg","main":"ZmRhODIxYmFmNzYyMmE2OGU5ZjhhMjNhNGE1MDRmMTR4nfG3ZaKpuwkwgYARYyVMODg3ODMyLTcyMzU1MjIuanBnfHx8fHx8fHx8fHw0MDB4MzAw.jpg","large":"NGUyYjlmMmUyMDUxMGQ1ZjhiM2I2ODFjNTMzZjU0N2Yvw6LvA0yZkJvNXrkzMmgrODg3ODMyLTcyMzU1MjIuanBnfHx8fHx8fHx8fHw2NDB4NDgw.jpg"}]}},{"ad_id":"891908","reg_year":"2007","make":"Suzuki","model":"Grand Vitara","variant":"1.9 5DR 4x4","mileage":"142000","engine_size":"1.9","fuel_type":"Diesel","body_type":"Estate","colour":"858585","location":"Kerry","price":"\u20ac 5,600","images":{"base_url":"http:\/\/i0.carsie.ie\/","image_list":[{"thumb":"NmE3ODAzNGJiNzEwMTViODQ3ODRlNmFmNTU4M2NiOGEELLdKKBADfwjzXVveyu2xODkxOTA4LTcyNjg2MDkuanBnfHx8fHx8OTJ4Njl8fHx8fA==.jpg","main":"YWI4ZjFiNjc0ZGY0NDM4MmQ0NWQ0NGM0NjY4ZTZhOGFM3muOrZRSrgeL8AAnldFUODkxOTA4LTcyNjg2MDkuanBnfHx8fHx8fHx8fHw0MDB4MzAw.jpg","large":"NzA3NTFjNjExOWFkZTA2YzZkMjRmNTg4MTNhMmJiODF8fo-oEQrpwdWeh4AxSar9ODkxOTA4LTcyNjg2MDkuanBnfHx8fHx8fHx8fHw2NDB4NDgw.jpg"}]}}]}