{"total":"23408","result":[{"ad_id":"786323","reg_year":"2005","make":"BMW","model":"116","variant":"I ES ZV32 5DR","mileage":"73000","engine_size":"1.6","fuel_type":"Petrol","body_type":"Hatchback","colour":"e0e0e0","location":"Cork","price":"\u20ac 7,450","images":{"base_url":"http:\/\/i0.carsie.ie\/","image_list":[{"thumb":"ZDFjYWI1OTJiN2QyNzNlNDBkOWQzMDIzNmE4OTQ0YTPHTyr5m5PQSZY_CCYVbl3pNzg2MzIzLTYyMDE4ODAuanBnfHx8fHx8OTJ4Njl8fHx8fA==.jpg","main":"ZGI3NTA3NGM3NGNiNDA1ODQ3YjIyNTQ1Mzc2YTRhMjJId8G4hjxbHnWO1Iq95MHgNzg2MzIzLTYyMDE4ODAuanBnfHx8fHx8fHx8fHw0MDB4MzAw.jpg","large":"NTczMGM0Yjc3N2QzYTcyMThkODNiZTVjOGJmNTE2NDGePIGA5YyapHCPgLVIzQcgNzg2MzIzLTYyMDE4ODAuanBnfHx8fHx8fHx8fHw2NDB4NDgw.jpg"}]}},{"ad_id":"865834","reg_year":"2004","make":"BMW","model":"318","variant":"SPORT-CABRIO-AUTO-2.0","mileage":"63225","engine_size":"2.0","fuel_type":"Petrol","body_type":"Cabriolet \/ Convertible","colour":"000000","location":"Dublin","price":"\u20ac 7,450","images":{"base_url":"http:\/\/i0.carsie.ie\/","image_list":[{"thumb":"YmMyNjgxODM3YjY1NjJlZjVjZDkyZDNiM2JhNDJmMTE8NiENmNsMJBpqk1jHJR-0ODY1ODM0LTcwMDY0NDUuanBnfHx8fHx8OTJ4Njl8fHx8fA==.jpg","main":"ZTlkNjRmMTVjYWQ0YzczZWE2NWI0NmRiMjg1ZGMzOTT3Fu3d23C5HmjAxSRGonhWODY1ODM0LTcwMDY0NDUuanBnfHx8fHx8fHx8fHw0MDB4MzAw.jpg","large":"YzMzMDgzMTBlNjcwYWY3NzZlY2YzZWJhOTU0MTE4MmWtGv5uCDoWGu_oa_W2mX2QODY1ODM0LTcwMDY0NDUuanBnfHx8fHx8fHx8fHw2NDB4NDgw.jpg"}]}},{"ad_id":"858594","reg_year":"2005","make":"BMW","model":"320","variant":"320i ES 4dr","mileage":"77000","engine_size":"2.0","fuel_type":"Petrol","body_type":"Saloon","colour":"000000","location":"Kildare","price":"\u20ac 7,450","images":{"base_url":"http:\/\/i0.carsie.ie\/","image_list":[{"thumb":"NWY4YWQwOGFiNzE5NDEwZTRkNGIwNTZlMzcxOTM1ODQhgsu7im9Mp6f8dU0_DLLYODU4NTk0LTY4ODkyNTkuanBnfHx8fHx8OTJ4Njl8fHx8fA==.jpg","main":"YmQ4NzRmN2VhYmNiN2YyOTk2NzU5M2FkNzUwNzUyOTREYJvwakYfTjKwLGCUWh_BODU4NTk0LTY4ODkyNTkuanBnfHx8fHx8fHx8fHw0MDB4MzAw.jpg","large":"MjBlZjg2M2YxYmFiZTVmOTJmODQzOWZlMGM0MGIxZDK5MpCig6UiUqooyqb1hXeKODU4NTk0LTY4ODkyNTkuanBnfHx8fHx8fHx8fHw2NDB4NDgw.jpg"}]}},{"ad_id":"890566","reg_year":"2003","make":"BMW","model":"X5","variant":"X5 3.0 D","mileage":"91000","engine_size":"2.9","fuel_type":"Diesel","body_type":"Estate","colour":"000000","location":"Dublin","price":"\u20ac 7,450","images":{"base_url":"http:\/\/i0.carsie.ie\/","image_list":[{"thumb":"ZmRkOGRjZTEzMGJkZjUyOThkMWJkZGM2ZTkxMzE3NjLfegWuK0jnFGcrKo1b6SvnODkwNTY2LTcyNDgyNDguanBnfHx8fHx8OTJ4Njl8fHx8fA==.jpg","main":"ZTVlOTZjYjc3NGZhZDBiNjg3OWIwZjFlZTViNWVjODRpTb24JQtLBE_YLPhzs5_gODkwNTY2LTcyNDgyNDguanBnfHx8fHx8fHx8fHw0MDB4MzAw.jpg","large":"YzNiM2RiNGI1ODI5Mjk4YjkxYWZlNmNhOTE5YjBhY2Hlson735QPeX7PdXXBG9vFODkwNTY2LTcyNDgyNDguanBnfHx8fHx8fHx8fHw2NDB4NDgw.jpg"}]}},{"ad_id":"901545","reg_year":"2010","make":"Chevrolet","model":"Aveo","variant":"1.2 LS 5DR","mileage":"9000","engine_size":"1.2","fuel_type":"Petrol","body_type":"Hatchback","colour":"000000","location":"Meath","price":"\u20ac 7,450","images":{"base_url":"http:\/\/i0.carsie.ie\/","image_list":[{"thumb":"ZDBmODIwZmJmM2JhZTIzOTU4NWZlNWUxZWYzZDRiZWaYero1dQ9rgxo8V4_a-TWyOTAxNTQ1LS5qcGd8fHx8fHw5Mng2OXx8fHx8.jpg","main":"M2NhN2NhN2E4YzBiMGU4YzI4ODk2MmUzMGU1N2U0YWINNAfvPHV1JAFnoK9vKdnDOTAxNTQ1LS5qcGd8fHx8fHx8fHx8fDQwMHgzMDA=.jpg","large":"MzQzNDhhNmRjMDk3MmU3M2UxZWExYzJkN2E0ZGZjNmHulct5TaTFj3oqIb7SbHoaOTAxNTQ1LS5qcGd8fHx8fHx8fHx8fDY0MHg0ODA=.jpg"}]}},{"ad_id":"834135","reg_year":"2006","make":"Chrysler","model":"Voyager","variant":"2.8 LX 5DR","mileage":"49213","engine_size":"2.8","fuel_type":"Diesel","body_type":"Estate","colour":"0000c0","location":"Dublin","price":"\u20ac 7,450","images":{"base_url":"http:\/\/i0.carsie.ie\/","image_list":[{"thumb":"YjA4NmM2YjgwYjc5ZGYyMjQ2ZDIzMzUxZTM4ZjNkYTV8msszR8Ypir0Zgq3jypgGODM0MTM1LTcxNDc1NzkuanBnfHx8fHx8OTJ4Njl8fHx8fA==.jpg","main":"MWNkYjU0YTUzMzk5ZmE3MzA5ZDk5YWRjNWRjNWU0MWYqJr-FCMENhaqlb4qNmRk8ODM0MTM1LTcxNDc1NzkuanBnfHx8fHx8fHx8fHw0MDB4MzAw.jpg","large":"ZTgyYjhkMTY1M2M2N2U0NzA4NTQ3ZGQ0YjExZjY2OWOUORkccRzHQ4LQR0YaPpDFODM0MTM1LTcxNDc1NzkuanBnfHx8fHx8fHx8fHw2NDB4NDgw.jpg"}]}},{"ad_id":"884768","reg_year":"2009","make":"Citroen","model":"Berlingo","variant":"3 seater lx hdi","mileage":"86831","engine_size":"1.6","fuel_type":"Diesel","body_type":"Van","colour":"ffffff","location":"Clare","price":"\u20ac 7,450","images":{"base_url":"http:\/\/i0.carsie.ie\/","image_list":[{"thumb":"Njc0NDgyZmQ0YTU4MjMwMTQxZWRiY2I4MDJjNzA0Y2KzYjSG4tOdNAETne0ge3GuODg0NzY4LTcxOTkwNjAuanBnfHx8fHx8OTJ4Njl8fHx8fA==.jpg","main":"YWVkYTA2ZjViMWJjMzQ0ZTU4ZjAwMTM1NDlmMjU4MzBU-y5fhoL3G5Slk0yNThP7ODg0NzY4LTcxOTkwNjAuanBnfHx8fHx8fHx8fHw0MDB4MzAw.jpg","large":"OTYzNDVkZWE3NGI1NDA3YTM0M2U0NzAxZWZlMWU5ZjLUDMLGyzBmhx0Ie6hSdZTSODg0NzY4LTcxOTkwNjAuanBnfHx8fHx8fHx8fHw2NDB4NDgw.jpg"}]}},{"ad_id":"892203","reg_year":"2009","make":"Citroen","model":"Berlingo","variant":"625 LX L1 HDI","mileage":"84000","engine_size":"1.6","fuel_type":"Diesel","body_type":"Hatchback","colour":"ffffff","location":"Clare","price":"\u20ac 7,450","images":{"base_url":"http:\/\/i0.carsie.ie\/","image_list":[{"thumb":"M2M0NjA3ZDY1MGQyODQ1M2FjZmZjYTE3OWIzMWRhMTG6VLPjdtgPGl4z5eV7qRQhODkyMjAzLTcyNzA1MTMuanBnfHx8fHx8OTJ4Njl8fHx8fA==.jpg","main":"YjU1M2FiNjdkMTc0MzhlODM3MGFmM2I5YWVjNGU4ZTEnpTjiEDTXLOKpjCAeZXSNODkyMjAzLTcyNzA1MTMuanBnfHx8fHx8fHx8fHw0MDB4MzAw.jpg","large":"ZjA0NDc0NjZlNjcwMjUwZjBhNThhYjhiYmQ5NmQ0YzTSBzLBFSw-A8s5EADiRkzoODkyMjAzLTcyNzA1MTMuanBnfHx8fHx8fHx8fHw2NDB4NDgw.jpg"}]}},{"ad_id":"851979","reg_year":"2009","make":"Fiat","model":"Bravo","variant":"1.4 DYANNAMIC 16V --FANTASTIC VALUE--","mileage":"63051","engine_size":"1.4","fuel_type":"Petrol","body_type":"Hatchback","colour":"0000c0","location":"Dublin","price":"\u20ac 7,450","images":{"base_url":"http:\/\/i0.carsie.ie\/","image_list":[{"thumb":"OTg5OGZkMDRiYzVlNmYyYjExNzAwNmJjNzI5YjJhYjJPrg2_P_cRiVHiGTQuzqqnODUxOTc5LTcyODIyNjUuanBnfHx8fHx8OTJ4Njl8fHx8fA==.jpg","main":"ZTZkNjMwYTVlNTM5ZDU0OTkyMDUwZGFkYmVjZTZkYjdZoj8YKGwieJSlfgW6o33NODUxOTc5LTcyODIyNjUuanBnfHx8fHx8fHx8fHw0MDB4MzAw.jpg","large":"Y2M4NjJkNmZmZmMxYTk3OTY1YTI0NWNlY2RhNDQ4Y2Ob3pA2twybmqb14gewcBlHODUxOTc5LTcyODIyNjUuanBnfHx8fHx8fHx8fHw2NDB4NDgw.jpg"}]}},{"ad_id":"863769","reg_year":"2010","make":"Fiat","model":"Fiorino","variant":"SX","mileage":"73000","engine_size":"1.3","fuel_type":"Diesel","body_type":"Van","colour":"ffffff","location":"Dublin","price":"\u20ac 7,450","images":{"base_url":"http:\/\/i0.carsie.ie\/","image_list":[{"thumb":"NWY0MjkyMjc3OTdiZDllMzIzODNkN2ZjNzg2ZTY0MWZI0gNmMnKflIal24l6M7YOODYzNzY5LTY5NDc0NzAuanBnfHx8fHx8OTJ4Njl8fHx8fA==.jpg","main":"ZDM5Y2M5NzZhOTYwNDg4MTQxYjRkNjNmNDAwMjhlNjijQVp6BfTMEiGE8IBUX2WeODYzNzY5LTY5NDc0NzAuanBnfHx8fHx8fHx8fHw0MDB4MzAw.jpg","large":"MDA2NWM0ZGI1MTVmMDEyNjFmMGY3ODM5M2E2MDM5NDGs4FIiq8Qaqbd6l6pJda-JODYzNzY5LTY5NDc0NzAuanBnfHx8fHx8fHx8fHw2NDB4NDgw.jpg"}]}},{"ad_id":"899498","reg_year":"2010","make":"Fiat","model":"Grande Punto","variant":"SOLD--SOLD--","mileage":"57509","engine_size":"1.2","fuel_type":"Petrol","body_type":"Hatchback","colour":"ff0000","location":"Dublin","price":"\u20ac 7,450","images":{"base_url":"http:\/\/i0.carsie.ie\/","image_list":[{"thumb":"MjJmODJhN2E0NmExYzk5ZmNhYTdhNTZhNzVkZmM5MTCPaY4AMWTqsaleuNV1OKYZODk5NDk4LTczNzkxMDUuanBnfHx8fHx8OTJ4Njl8fHx8fA==.jpg","main":"NWRmMDQyNDc3ZGVlMmFlNjAwYjk4NTljZTBjZjY2OGImoyDx911JNVmUZNh-Pb66ODk5NDk4LTczNzkxMDUuanBnfHx8fHx8fHx8fHw0MDB4MzAw.jpg","large":"OWY3Mjc2MDVmMWQyNjFhYjlhNTZjNDE1NTczZDlmOTFNqkB_2jnlnSPhHVIQUzDYODk5NDk4LTczNzkxMDUuanBnfHx8fHx8fHx8fHw2NDB4NDgw.jpg"}]}},{"ad_id":"901992","reg_year":"2010","make":"Fiat","model":"Grande Punto","variant":"1.2 Sound 5DR--EXCEPTIONAL FUEL ECONOMY--","mileage":"64215","engine_size":"1.2","fuel_type":"Petrol","body_type":"Hatchback","colour":"ffffff","location":"Dublin","price":"\u20ac 7,450","images":{"base_url":"http:\/\/i0.carsie.ie\/","image_list":[{"thumb":"ZmY5NzBjMDc2NTE4OTgxZTg3ZTA5ZmE5MjRmOGU1MmYgraNKsyS00pytdIQ9mdnYOTAxOTkyLTc0MjY5OTguanBnfHx8fHx8OTJ4Njl8fHx8fA==.jpg","main":"NDNmODY2MWU5Njg0YzNkZjlmYTViODQzOTI0YzYxYWL9GVbRGzgx3gvoYfLTGn0tOTAxOTkyLTc0MjY5OTguanBnfHx8fHx8fHx8fHw0MDB4MzAw.jpg","large":"NjJlMjMyZDM5OTEyMWY5ODYzMjQwMjg0NDJkZGRlY2WlANurmgHNvDMlr5yJU4uqOTAxOTkyLTc0MjY5OTguanBnfHx8fHx8fHx8fHw2NDB4NDgw.jpg"}]}},{"ad_id":"895951","reg_year":"2010","make":"Fiat","model":"Panda","variant":null,"mileage":"5437","engine_size":"1.1","fuel_type":"Petrol","body_type":null,"colour":"ffffff","location":"Dublin","price":"\u20ac 7,450","images":{"base_url":"http:\/\/i0.carsie.ie\/","image_list":[{"thumb":"NzcwOTUxYmQ0ZjAwZDU5NDE1ZWE4OWY2ZTZjMWE5NTSYiGyvJh8a1I74lN0svEIaODk1OTUxLTczNDA4ODQuanBnfHx8fHx8OTJ4Njl8fHx8fA==.jpg","main":"ZGM5NWVjNzhlNjA3MTRlYWY2NjNkMzljYTFkMjg2NzZ_E3f29d_tMhMSib32u0uKODk1OTUxLTczNDA4ODQuanBnfHx8fHx8fHx8fHw0MDB4MzAw.jpg","large":"YzhkNjBkZDFjMmQ1N2ZmNzU3MGE0NTQyZjgzYjQxY2Iy9VzWhkSTb5b2B-dIw3qTODk1OTUxLTczNDA4ODQuanBnfHx8fHx8fHx8fHw2NDB4NDgw.jpg"}]}},{"ad_id":"897614","reg_year":"2011","make":"Fiat","model":"Panda","variant":"1.1 Active ECO 5DR --FANTASTIC VALUE--","mileage":"38951","engine_size":"1.1","fuel_type":"Petrol","body_type":"Hatchback","colour":"ffffff","location":"Dublin","price":"\u20ac 7,450","images":{"base_url":"http:\/\/i0.carsie.ie\/","image_list":[{"thumb":"MGYyNTg3MGU5NzdkNDU3Y2VmMjBjMjhiYThjMjE0ZWKQFGiPoCiZA2JBCEu9iv5UODk3NjE0LTczNTU5MjQuanBnfHx8fHx8OTJ4Njl8fHx8fA==.jpg","main":"OTU5ZGIyNmQwZTdjMjg0NTlhMzMxZjdhZDk2N2FjYTk9SUV1122TUisN0XOPaZeLODk3NjE0LTczNTU5MjQuanBnfHx8fHx8fHx8fHw0MDB4MzAw.jpg","large":"ODFhZDZhNzljZDMxZDY0ZjA2YmIxNjg0NDFlM2MzMTErIPpFXB7I1jGsf1d4pJGlODk3NjE0LTczNTU5MjQuanBnfHx8fHx8fHx8fHw2NDB4NDgw.jpg"}]}},{"ad_id":"885458","reg_year":"2007","make":"Ford","model":"C-Max","variant":"1.6 Zetec Active","mileage":"55303","engine_size":"1.6","fuel_type":"Petrol","body_type":"Hatchback","colour":"e0e0e0","location":"Dublin","price":"\u20ac 7,450","images":{"base_url":"http:\/\/i0.carsie.ie\/","image_list":[{"thumb":"YTc2YTExNGM5OWYyZjM2MzYzYTljZjM0ZWIzYjBiMDgLrNvHL8ijMatmZwhVaNL-ODg1NDU4LTcyMDU4MTIuanBnfHx8fHx8OTJ4Njl8fHx8fA==.jpg","main":"OWQ2MjM1YmEzZjFlNDFjMzA5OGIzYTdjNmZlNDg3YzBVPY8qRyWM3NW5LizGCs4aODg1NDU4LTcyMDU4MTIuanBnfHx8fHx8fHx8fHw0MDB4MzAw.jpg","large":"MTQ3ZTVjYzQ0MjUxMjliZTgxNTcwMDY3YWY0NDM1NTW5lbCJUhapEoPaqtvmQoCEODg1NDU4LTcyMDU4MTIuanBnfHx8fHx8fHx8fHw2NDB4NDgw.jpg"}]}},{"ad_id":"901680","reg_year":"2007","make":"Ford","model":"Fiesta","variant":"Fiesta Zetec Steel 2 1.25","mileage":"47224","engine_size":"1.2","fuel_type":"Petrol","body_type":"Hatchback","colour":"0000c0","location":"Dublin","price":"\u20ac 7,450","images":{"base_url":"http:\/\/i0.carsie.ie\/","image_list":[{"thumb":"M2JiNTBiYzI4Y2VmZWI3YzhhMjYxMDZmNTVhOWUzMzR7V6Fom0IrxmcR8k6waWFbOTAxNjgwLS5qcGd8fHx8fHw5Mng2OXx8fHx8.jpg","main":"OWQ4ZjExYWEwMjFiZTVjMjM4ZDA0MjYzZGVmOTA2NTOn31P9UVZQrDsBW7CxJA2bOTAxNjgwLS5qcGd8fHx8fHx8fHx8fDQwMHgzMDA=.jpg","large":"ODgwNDI5YjFiYTE5ODUxZDliM2YwMmQ5ZTE2NDVkNjGCDFDyh0QFcL5Gmjwq9GgAOTAxNjgwLS5qcGd8fHx8fHx8fHx8fDY0MHg0ODA=.jpg"}]}},{"ad_id":"829908","reg_year":"2008","make":"Ford","model":"Focus","variant":"Style 1.8 TDCI 5SP","mileage":"132695","engine_size":"1.8","fuel_type":"Diesel","body_type":"Saloon","colour":"858585","location":"Dublin","price":"\u20ac 7,450","images":{"base_url":"http:\/\/i0.carsie.ie\/","image_list":[{"thumb":"NmJiYTE4MWMyMmI4ODI0NWU2NWYyMmNkYzI1MjRkZDe82IQmiuPr2b4ZSIhMNITCODI5OTA4LTY1NzQ3NzguanBnfHx8fHx8OTJ4Njl8fHx8fA==.jpg","main":"ZDJmMWRkZWQwNGMxZTQ5NWRlNTJkM2U5Mjg4MWRmNjCIA9sJoWFrsiee89m0VWxtODI5OTA4LTY1NzQ3NzguanBnfHx8fHx8fHx8fHw0MDB4MzAw.jpg","large":"NmQ0NjkyN2M0NjA0ZTY1YzIwZGM4ZjVkNTkyYTY2NjPMbKOlIPIHHLPL_iaB0HmeODI5OTA4LTY1NzQ3NzguanBnfHx8fHx8fHx8fHw2NDB4NDgw.jpg"}]}},{"ad_id":"843626","reg_year":"2006","make":"Ford","model":"Focus","variant":null,"mileage":"43496","engine_size":"1.4","fuel_type":"Petrol","body_type":"Hatchback","colour":"0000c0","location":"Dublin","price":"\u20ac 7,450","images":{"base_url":"http:\/\/i0.carsie.ie\/","image_list":[{"thumb":"Mjg2Njc4MzUwNDcwYWNmNWJlMDI0ZDhiZDQ0MGE1NzX9gSheIphBnmQki3nJlIANODQzNjI2LTY3Mjc4ODUuanBnfHx8fHx8OTJ4Njl8fHx8fA==.jpg","main":"ZDY3ZWQ1NjdkOGEzMWQ3ODY1ZjFmOWY3YTE5YmZkMmKs6bEjxa9iPM-5ISFw9VN_ODQzNjI2LTY3Mjc4ODUuanBnfHx8fHx8fHx8fHw0MDB4MzAw.jpg","large":"NTQ4N2UxOWNjM2FhYzhkNDI0MTFiYjBjMDJkMzljODj_6QaxO2v8GS4COHzkWoxqODQzNjI2LTY3Mjc4ODUuanBnfHx8fHx8fHx8fHw2NDB4NDgw.jpg"}]}},{"ad_id":"892298","reg_year":"2006","make":"Ford","model":"Focus","variant":"NT LX 1.4 80PS 4DR","mileage":"48906","engine_size":"1.4","fuel_type":"Petrol","body_type":"Saloon","colour":"000000","location":"Kerry","price":"\u20ac 7,450","images":{"base_url":"http:\/\/i0.carsie.ie\/","image_list":[{"thumb":"ZTE2MjNiZTgyNjBmNGRmMDRkOGQ1OTk4NDdkMjljZTAaYdq69vMzRi-tsxm1GEDBODkyMjk4LS5qcGd8fHx8fHw5Mng2OXx8fHx8.jpg","main":"YWQ2YWQ1ZjhlNDEzZGI4MWRlZjA4MjlmNmFlMzZiZjb4JFr_-jiHodU0BX4acE-SODkyMjk4LS5qcGd8fHx8fHx8fHx8fDQwMHgzMDA=.jpg","large":"MjgzNWZiYzhjZjMyZGJjNmRmODljMDk5MTI0Mzk3OWFJdEYqalvsk4nprbXM7Xv4ODkyMjk4LS5qcGd8fHx8fHx8fHx8fDY0MHg0ODA=.jpg"}]}},{"ad_id":"837184","reg_year":"2007","make":"Ford","model":"Focus","variant":"1.4 lx","mileage":"81250","engine_size":"1.4","fuel_type":"Petrol","body_type":"Hatchback","colour":"000000","location":"Mayo","price":"\u20ac 7,450","images":{"base_url":"http:\/\/i0.carsie.ie\/","image_list":[{"thumb":"YzZlZGI1Y2RhMTQzYTQ5OWI2NzJmMDIzMWUzZjNhYjgE44nSZm6f1RRgNfh7a0dSODM3MTg0LTY2NzYxMjEuanBnfHx8fHx8OTJ4Njl8fHx8fA==.jpg","main":"NDI5M2Y4YWRhMDVhZjc5YTllNzMyMzMwMWUxYmQ5Y2I2D6UD6iBAUGk1zqgE3iH1ODM3MTg0LTY2NzYxMjEuanBnfHx8fHx8fHx8fHw0MDB4MzAw.jpg","large":"ODFlMzFhODYyZDg3MmQ4NTQ4Njc3YjQyZWI0MWVkODSiajX1xbIOcdVo096EHhFUODM3MTg0LTY2NzYxMjEuanBnfHx8fHx8fHx8fHw2NDB4NDgw.jpg"}]}}]}