{"total":"23408","result":[{"ad_id":"893407","reg_year":"2008","make":"Renault","model":"Kangoo","variant":"lowered floor wheelchair car","mileage":"12682","engine_size":"1.2","fuel_type":"Petrol","body_type":"Estate","colour":"0000c0","location":"Mayo","price":"\u20ac 9,750","images":{"base_url":"http:\/\/i0.carsie.ie\/","image_list":[{"thumb":"MDZkYjExMGQ5MzVhOTkzOTZkNTBkODI0ODJiNDQxYWI057OAO8ajyDHMgzA-Gt-cODkzNDA3LS5qcGd8fHx8fHw5Mng2OXx8fHx8.jpg","main":"MzlmMzYyMzgwYmUxYTJhOTFlNjc2ZmYzZWZhNDE5YTS_Z78vxcJZuFdUadKffQRpODkzNDA3LS5qcGd8fHx8fHx8fHx8fDQwMHgzMDA=.jpg","large":"NzQxZTRhOTZjZTVlNzUzYTYwMDcwOTZlY2E0NzllOGOfLge3baawJplMhzwXsgpMODkzNDA3LS5qcGd8fHx8fHx8fHx8fDY0MHg0ODA=.jpg"}]}},{"ad_id":"896260","reg_year":"2011","make":"Renault","model":"Kangoo","variant":"Maxi 1.5dci 85 L2 6DR","mileage":"54193","engine_size":"1.5","fuel_type":"Diesel","body_type":"Van","colour":"ffffff","location":"Tipperary","price":"\u20ac 9,750","images":{"base_url":"http:\/\/i0.carsie.ie\/","image_list":[{"thumb":"NDEwMTk2N2MxZDgzOTI2MGRkNjljNTdlMDM1ODZiMzaof8NbiuIW7PMsNxDN_m23ODk2MjYwLTczMzE0MTMuanBnfHx8fHx8OTJ4Njl8fHx8fA==.jpg","main":"NzIzNjI0YjMxNGEwMjZkMDZjNWNiZmRlMWEwYzc5NTi5uN3IaeGjORn_jhj03g2gODk2MjYwLTczMzE0MTMuanBnfHx8fHx8fHx8fHw0MDB4MzAw.jpg","large":"NjAxYzE1M2FjMzUwYjZlZDdmZmMxMmRiYTg4ZjA3NTfP0D8o27cDetQ_OvYxIvnJODk2MjYwLTczMzE0MTMuanBnfHx8fHx8fHx8fHw2NDB4NDgw.jpg"}]}},{"ad_id":"838421","reg_year":"2008","make":"Renault","model":"Laguna","variant":"III 2.0 DCI Dynamique 150BHP","mileage":"68352","engine_size":"2.0","fuel_type":"Diesel","body_type":"Hatchback","colour":"858585","location":"Dublin","price":"\u20ac 9,750","images":{"base_url":"http:\/\/i0.carsie.ie\/","image_list":[{"thumb":"M2U5MmM0ZTk0MDQwYmY4YzcxMTg5YWNmZWY0MDU0ZjidovBMgicKf9BW9-5pTAHQODM4NDIxLTY4MjQ4MDUuanBnfHx8fHx8OTJ4Njl8fHx8fA==.jpg","main":"MWZlYzM5OWQwYjA2ZDM5MzE2ODJiMDk3ZDlhNTJhNzEi8UuFglUf1XFzX-zU-3ylODM4NDIxLTY4MjQ4MDUuanBnfHx8fHx8fHx8fHw0MDB4MzAw.jpg","large":"MzlmZTg1ZmQwYTYxMzBhZWJiZjA2NDc2NjJlMmZkMGbeaae7vKEKNxbx2anFQVDOODM4NDIxLTY4MjQ4MDUuanBnfHx8fHx8fHx8fHw2NDB4NDgw.jpg"}]}},{"ad_id":"880403","reg_year":"2009","make":"Renault","model":"Megane","variant":"1.4 Dyanmique Tourer","mileage":"19884","engine_size":"1.4","fuel_type":"Petrol","body_type":"Estate","colour":"f0b800","location":"Dublin","price":"\u20ac 9,750","images":{"base_url":"http:\/\/i0.carsie.ie\/","image_list":[{"thumb":"OWIzOTk4Yjc1NmNiMzBlZjllZjBjMWNjMDE3MzJlOWSIpHPnw0y3BpootIF-lUgcODgwNDAzLTczNDYzMTAuanBnfHx8fHx8OTJ4Njl8fHx8fA==.jpg","main":"YzZiMTVmZjk4YzQ4MGVmMTllMmE4M2Q0ZTRmNjdhNjlPsZpCWp6MScO4Rj-ik5w-ODgwNDAzLTczNDYzMTAuanBnfHx8fHx8fHx8fHw0MDB4MzAw.jpg","large":"NzUzNDQ3YzljZDQ4ODU4N2Y1NGI0YmNlZTMxNTVlN2bpAS6mYAR2hbHGx-0oWh6uODgwNDAzLTczNDYzMTAuanBnfHx8fHx8fHx8fHw2NDB4NDgw.jpg"}]}},{"ad_id":"867077","reg_year":"2006","make":"Saab","model":"9-3","variant":"1.9 TID Linear 4DR **One Year Warranty**","mileage":"74589","engine_size":"1.9","fuel_type":"Diesel","body_type":"Saloon","colour":"000000","location":"Dublin","price":"\u20ac 9,750","images":{"base_url":"http:\/\/i0.carsie.ie\/","image_list":[{"thumb":"OGMyMWY3ZjExMmY0NzMyMmYxNDNiODFjZWIxZDZhNWZVFaKhbt0lwZxSvV8DCe9UODY3MDc3LTY5ODQ4NzEuanBnfHx8fHx8OTJ4Njl8fHx8fA==.jpg","main":"MWI1ZTQzMDVjMDA1MWE0YzQ3ZWU2N2FiOWI3YmU4ZDjapTp0N0ejRk_Ew8Wtwfq_ODY3MDc3LTY5ODQ4NzEuanBnfHx8fHx8fHx8fHw0MDB4MzAw.jpg","large":"OTRjZWEzMWUzZjc5NzNiYjcxMWNmOTEzMmU0YjlkMDAdEhLi3H_0-X3JelP3b5JmODY3MDc3LTY5ODQ4NzEuanBnfHx8fHx8fHx8fHw2NDB4NDgw.jpg"}]}},{"ad_id":"901750","reg_year":"2007","make":"Saab","model":"9-3","variant":"1.8T Vector Conv 2DR","mileage":"54682","engine_size":"2.0","fuel_type":"Petrol","body_type":"Cabriolet \/ Convertible","colour":"0000c0","location":"Dublin","price":"\u20ac 9,750","images":{"base_url":"http:\/\/i0.carsie.ie\/","image_list":[{"thumb":"OTg4OWY2MWM5MDMxM2UwNGY5ZWYyMGRiNTAxMjRmMDONjO80UFMHvxn8ET5NwqtaOTAxNzUwLTc0MjQxNjUuanBnfHx8fHx8OTJ4Njl8fHx8fA==.jpg","main":"MTViY2Q0MTNkZGU4NjJmYTBhZjg2YjU5YmQyMTUwODEE54qrk5F_7F_YsH65BZG6OTAxNzUwLTc0MjQxNjUuanBnfHx8fHx8fHx8fHw0MDB4MzAw.jpg","large":"NDIxNTMzNWIzZmVkOWQ1ZjMxMzJhNGY3YjkzOGUwZTPbzlChhz1n-oRoYZq9S79iOTAxNzUwLTc0MjQxNjUuanBnfHx8fHx8fHx8fHw2NDB4NDgw.jpg"}]}},{"ad_id":"872541","reg_year":"2008","make":"Seat","model":"Leon","variant":"1.4 Sport Plus Tsi","mileage":"40390","engine_size":"1.4","fuel_type":"Petrol","body_type":"Hatchback","colour":"000000","location":"Westmeath","price":"\u20ac 9,750","images":{"base_url":"http:\/\/i0.carsie.ie\/","image_list":[{"thumb":"MjZlZTU5ZDZiNTllNDI4NDM4MTlmY2Q2NmY1MzA2YTF5jlacBbcK7uKUyaspU2kcODcyNTQxLTcwNDQwMDIuanBnfHx8fHx8OTJ4Njl8fHx8fA==.jpg","main":"ZGI4YzJiMmIxMzg4NzA4ZDUzOGY1N2ZkMTY1YTBkMTgbMh8Sf_j4qNy0pTOHDfA3ODcyNTQxLTcwNDQwMDIuanBnfHx8fHx8fHx8fHw0MDB4MzAw.jpg","large":"MTJjYTFjZWUxZTc5NTg2Yjk4ZmYxOTk0Yzc4OThiZjTyXPvi9w4m-7rZlNHdXDDKODcyNTQxLTcwNDQwMDIuanBnfHx8fHx8fHx8fHw2NDB4NDgw.jpg"}]}},{"ad_id":"897803","reg_year":"2007","make":"Toyota","model":"Auris","variant":"auris 1.4 strata","mileage":"58418","engine_size":"1.4","fuel_type":"Petrol","body_type":"Hatchback","colour":"ffffff","location":"Cork","price":"\u20ac 9,750","images":{"base_url":"http:\/\/i0.carsie.ie\/","image_list":[{"thumb":"ZjA0MmFlZTdkNTg3NmFlNzgwNjZiYmNjODRjZDUwM2ZKSKUGI0pLnMdikJdiSXMmODk3ODAzLS5qcGd8fHx8fHw5Mng2OXx8fHx8.jpg","main":"Mjc0N2YyZWE5N2YxMmI4Mjk1ZWQ4ZDcxMjVhYzJiNTh9hdK13GGoDjPNma29Wk1sODk3ODAzLS5qcGd8fHx8fHx8fHx8fDQwMHgzMDA=.jpg","large":"MjFiZThlNTAwYzA0NjM2ZTYyZjQ5Njg5NDMxZDdhNmNourEpRitTgH7dJ4VLLbDIODk3ODAzLS5qcGd8fHx8fHx8fHx8fDY0MHg0ODA=.jpg"}]}},{"ad_id":"891846","reg_year":"2008","make":"Toyota","model":"Auris","variant":"1.4 Terra 08","mileage":"","engine_size":"1.4","fuel_type":"Petrol","body_type":"Hatchback","colour":"ff0000","location":"Dublin","price":"\u20ac 9,750","images":{"base_url":"http:\/\/i0.carsie.ie\/","image_list":[{"thumb":"MmY5YWQyYTc2YjQ3ZDNkOTg4ZGMyN2EwYzM4NWIxMTVAm5_BOHo8APD8xD3q870sODkxODQ2LTcyNjc3OTIuanBnfHx8fHx8OTJ4Njl8fHx8fA==.jpg","main":"Y2JjOTRiZDY1ZjI1ZWU0MDljYzkwYzJiN2IzYzkzNjPnMGGl5S0gcqc37ei5c8wFODkxODQ2LTcyNjc3OTIuanBnfHx8fHx8fHx8fHw0MDB4MzAw.jpg","large":"ZGRmOTI0ZjNkMzFjNGU1NTdiMWFmY2NlNDNmMmMwZGU_obb3SWtpzmR1g4QoBBAfODkxODQ2LTcyNjc3OTIuanBnfHx8fHx8fHx8fHw2NDB4NDgw.jpg"}]}},{"ad_id":"896196","reg_year":"2007","make":"Toyota","model":"Avensis","variant":null,"mileage":"37904","engine_size":"1.6","fuel_type":"Petrol","body_type":null,"colour":"e0e0e0","location":"Dublin","price":"\u20ac 9,750","images":{"base_url":"http:\/\/i0.carsie.ie\/","image_list":[{"thumb":"ZDExNWQ5YTcwMjQyN2UxMDhmYTIwOWJiMzQyZjJkMGXr98RdI1o-XCPXLk_3KpikODk2MTk2LTc0MTEyOTkuanBnfHx8fHx8OTJ4Njl8fHx8fA==.jpg","main":"ZGZiMTNlYjY5NTY2ZTliMTdiNWEyZmVhOGZhMDA3NDFDiFhJ143DzABGfAQMqA6UODk2MTk2LTc0MTEyOTkuanBnfHx8fHx8fHx8fHw0MDB4MzAw.jpg","large":"OWRkMzBkODBlYjBkMjUxYzZkMWRiMWNlY2Q1MjQwNDWnnJaVhpb4LYoRiZW2vXioODk2MTk2LTc0MTEyOTkuanBnfHx8fHx8fHx8fHw2NDB4NDgw.jpg"}]}},{"ad_id":"887682","reg_year":"2007","make":"Toyota","model":"Corolla","variant":"1.4 D4D 5dr With Air-Con","mileage":"47150","engine_size":"1.4","fuel_type":"Diesel","body_type":"Hatchback","colour":"0000c0","location":"Cork","price":"\u20ac 9,750","images":{"base_url":"http:\/\/i0.carsie.ie\/","image_list":[{"thumb":"YmQ2ZjYzODNkNDI5NDczMTNkOTFkOGY4NjViMjc5YzbVJ7I8jbabjOqYtE3PGaoeODg3NjgyLTczNTg2MjguanBnfHx8fHx8OTJ4Njl8fHx8fA==.jpg","main":"M2U1NjVjNjMyYWQxNWJiNWI0MDIwZmFmNDUyN2YzMmQWuEJmchT9sM-d3vmRLHbwODg3NjgyLTczNTg2MjguanBnfHx8fHx8fHx8fHw0MDB4MzAw.jpg","large":"YjU4NTg0ZGJiZWI0ZDI3NmY5YmZlNWNjMWU4YzE3Yjdh-57Zumx9VhgVrtpt6E1IODg3NjgyLTczNTg2MjguanBnfHx8fHx8fHx8fHw2NDB4NDgw.jpg"}]}},{"ad_id":"881119","reg_year":"2008","make":"Toyota","model":"Corolla","variant":"corolla ng 1.4 terra cbu","mileage":"73098","engine_size":"1.4","fuel_type":"Petrol","body_type":"Saloon","colour":"0000c0","location":"Tipperary","price":"\u20ac 9,750","images":{"base_url":"http:\/\/i0.carsie.ie\/","image_list":[{"thumb":"YzMwMjJhMDYwMWMwNDA1YmYxNTUzZTZkODA3MjVjNzC4kVFmoAgZL4BOQMAm_iyMODgxMTE5LTcxNDgzMDMuanBnfHx8fHx8OTJ4Njl8fHx8fA==.jpg","main":"OTlhYzRiMTIxMzFiYWFlMGRkMTk1ZGI0ZWU1YzMzZWH5YYwA48B_3eYCfaT75SbmODgxMTE5LTcxNDgzMDMuanBnfHx8fHx8fHx8fHw0MDB4MzAw.jpg","large":"NjYxZTVhNWI0OTE5YmU2MTMyZGIwZDJkN2EyMmM3M2TOBe2qKI8K3110XeyG4yXSODgxMTE5LTcxNDgzMDMuanBnfHx8fHx8fHx8fHw2NDB4NDgw.jpg"}]}},{"ad_id":"897802","reg_year":"2008","make":"Toyota","model":"Corolla","variant":"corolla ng 1.4 terra cbu","mileage":"81068","engine_size":"1.4","fuel_type":"Petrol","body_type":"Saloon","colour":"0000c0","location":"Tipperary","price":"\u20ac 9,750","images":{"base_url":"http:\/\/i0.carsie.ie\/","image_list":[{"thumb":"NDM1M2Q3MWRjNDRjY2I3ZGVjMDVmYmI0NGRlZTM5ZWaTxCQ38Ci1w0D5cJHUJk4IODk3ODAyLTc0MDMwMzUuanBnfHx8fHx8OTJ4Njl8fHx8fA==.jpg","main":"YzViNTM1YjI3NjE0NTA3YTBjZjcxMTY2YTk0NTQ0ODZEQ2KPwuNJ0zW9Mek8wdrtODk3ODAyLTc0MDMwMzUuanBnfHx8fHx8fHx8fHw0MDB4MzAw.jpg","large":"MDljYjhjN2YxMmZkYmJkYTI4YWQ2ZjFjZjA2NmNjM2SP-krrKP-Us9OJ67MAaq91ODk3ODAyLTc0MDMwMzUuanBnfHx8fHx8fHx8fHw2NDB4NDgw.jpg"}]}},{"ad_id":"902074","reg_year":"2007","make":"Toyota","model":"Corolla Verso","variant":"1.6 LUNA 7 SEATER","mileage":"69815","engine_size":"1.6","fuel_type":"Petrol","body_type":"People Carrier","colour":"ff0000","location":"Dublin","price":"\u20ac 9,750","images":{"base_url":"http:\/\/i0.carsie.ie\/","image_list":[{"thumb":"OWQwZTNlZGU1ODE1OGMyODQ5MzM0ZDljMjc2Y2FkODj89Kh3sMCj_6hDWzzPJQGgOTAyMDc0LTc0MjgzMzkuanBnfHx8fHx8OTJ4Njl8fHx8fA==.jpg","main":"NGE1ODEzNzg3YTE0MmQ4YzFiMDkyZGIyMGJmYjdmNzPm-_OoHKyO91dNL-N3BxQ3OTAyMDc0LTc0MjgzMzkuanBnfHx8fHx8fHx8fHw0MDB4MzAw.jpg","large":"Y2UwMzE2MDU3OWVlMGY5MGQ4N2RkMDE4Mzc1NzI4N2LCu8A7Xs7eDXdREEjQHisgOTAyMDc0LTc0MjgzMzkuanBnfHx8fHx8fHx8fHw2NDB4NDgw.jpg"}]}},{"ad_id":"819666","reg_year":"2005","make":"Toyota","model":"Landcruiser","variant":"Commercial LWB 3.0 D4D","mileage":"124277","engine_size":"3.0","fuel_type":"Diesel","body_type":"SUV","colour":"e0e0e0","location":"Clare","price":"\u20ac 9,750","images":{"base_url":"http:\/\/i0.carsie.ie\/","image_list":[{"thumb":"Y2U4ZTE3MjIzZDczYzQxMmI0M2NhYmQ5ZmNlMDJiNGIPmIql9Hme455LuEAZD4A-ODE5NjY2LTY0NDgzNDEuanBnfHx8fHx8OTJ4Njl8fHx8fA==.jpg","main":"ZjU0YmEwMmJjMDU4ZjQwZjQ5MWUyMDg2NjQ2NDkwN2LaVhJiNf-GbEYr6CNrKuI1ODE5NjY2LTY0NDgzNDEuanBnfHx8fHx8fHx8fHw0MDB4MzAw.jpg","large":"Y2RkZDkwNWU1NWY0ZWEyNzNiZDk0ZGQ3ZDJlZGZkNDA0_pLx6Z1PD5rvkeFFHNn9ODE5NjY2LTY0NDgzNDEuanBnfHx8fHx8fHx8fHw2NDB4NDgw.jpg"}]}},{"ad_id":"899041","reg_year":"2007","make":"Toyota","model":"Rav4","variant":"NG LUNA 4WD NEW NCT 2015","mileage":"34100","engine_size":"2.0","fuel_type":"Petrol","body_type":"SUV","colour":"e0e0e0","location":"Dublin","price":"\u20ac 9,750","images":{"base_url":"http:\/\/i0.carsie.ie\/","image_list":[{"thumb":"OGU2ZjJlNTEwODQ4MTA4NTMxOGI2OWFiNDZiMzExOGZu1e-flWANfbHYIcPviqHWODk5MDQxLTczODA4MDIuanBnfHx8fHx8OTJ4Njl8fHx8fA==.jpg","main":"MzU3ZmUyZTdiZGI3NDBjMjJiZjhjMjUyNzBmMGYwYmFv50N-tOoiXkExfxlkw7rVODk5MDQxLTczODA4MDIuanBnfHx8fHx8fHx8fHw0MDB4MzAw.jpg","large":"OWVhZDZmYTIxYjI0N2E1ZDBjNGJhZmY3NDRiMzhmMznFUw_7MMxxd1QDh4vorOeLODk5MDQxLTczODA4MDIuanBnfHx8fHx8fHx8fHw2NDB4NDgw.jpg"}]}},{"ad_id":"902100","reg_year":"2006","make":"Toyota","model":"Rav4","variant":"NG 2.0 5DR Luna *Low Mileage - Full Leather*","mileage":"39850","engine_size":"2.0","fuel_type":"Petrol","body_type":"SUV","colour":"e0e0e0","location":"Dublin","price":"\u20ac 9,750","images":{"base_url":"http:\/\/i0.carsie.ie\/","image_list":[{"thumb":"ZTIwZmE2NmU1YTJkNThjZmUzNzAyOTlkNjNjYjRhY2ZOvBDV4CexhaQ2y-PJ21hBOTAyMTAwLS5qcGd8fHx8fHw5Mng2OXx8fHx8.jpg","main":"YzNlMTIyOGJmOTU3YTU0N2Q0NjZhYmVhMGU2OTZmZTmjKrqvrO-ISbhszrESVWn9OTAyMTAwLS5qcGd8fHx8fHx8fHx8fDQwMHgzMDA=.jpg","large":"ODI1NWZmMzlkZDg1OWFkMTUwZjAyM2JhZjNiOWFkNDd8opsGtrp_3g6b6eLKcQd7OTAyMTAwLS5qcGd8fHx8fHx8fHx8fDY0MHg0ODA=.jpg"}]}},{"ad_id":"851236","reg_year":"2009","make":"Toyota","model":"Yaris","variant":"1.0L TERRA 5DR. NCT 02\/15","mileage":"37282","engine_size":"1.0","fuel_type":"Petrol","body_type":null,"colour":"e0e0e0","location":"Cork","price":"\u20ac 9,750","images":{"base_url":"http:\/\/i0.carsie.ie\/","image_list":[{"thumb":"MTk1ZGEzZDBlMDUyNzE0YWFlMTM4MDEzZmYwY2NhNGYfrJaAORqYVpWEmoUcA3gbODUxMjM2LTY4MTU5MzkuanBnfHx8fHx8OTJ4Njl8fHx8fA==.jpg","main":"ZGIyNWM2ODU5N2U2NDIxN2U2NTBkYWM3NmMzNjIxNTmWj8S8Z7TmKV1NV1S4ah6EODUxMjM2LTY4MTU5MzkuanBnfHx8fHx8fHx8fHw0MDB4MzAw.jpg","large":"Y2IxNWQ0ZGYwMTY5MDQ4ODhlNGJmNjI0MDZkM2MxMWQcR56jjJ7i7Dsg0liRO-WqODUxMjM2LTY4MTU5MzkuanBnfHx8fHx8fHx8fHw2NDB4NDgw.jpg"}]}},{"ad_id":"889331","reg_year":"2009","make":"Toyota","model":"Yaris","variant":"5Dr 1.0 ","mileage":"33750","engine_size":"1.0","fuel_type":"Petrol","body_type":"Hatchback","colour":"e0e0e0","location":"Dublin","price":"\u20ac 9,750","images":{"base_url":"http:\/\/i0.carsie.ie\/","image_list":[{"thumb":"OWJkOWFkZTRmMjc3MGFlM2E4ODYyMDkwYzMxYjc1N2GELLr1PpSbCjHa1sNgnTdsODg5MzMxLS5qcGd8fHx8fHw5Mng2OXx8fHx8.jpg","main":"YjYwODg3ZDU3NjczOTJmZDMwYWYwNzkwZGVkMWZiOGZL11rXs0WzAUDJmAyTY0RbODg5MzMxLS5qcGd8fHx8fHx8fHx8fDQwMHgzMDA=.jpg","large":"ODc3MDMyNzViNGI5MWRkNWRlNmQzOWUyODU2ZGQxYjPs5glpLqDyuZTpMYfba2SEODg5MzMxLS5qcGd8fHx8fHx8fHx8fDY0MHg0ODA=.jpg"}]}},{"ad_id":"887975","reg_year":"2009","make":"Toyota","model":"Yaris","variant":"1.0 5Dr Terra NG","mileage":"60424","engine_size":"1.0","fuel_type":"Petrol","body_type":"Hatchback","colour":"0000c0","location":"Westmeath","price":"\u20ac 9,750","images":{"base_url":"http:\/\/i0.carsie.ie\/","image_list":[{"thumb":"YjNmMjllYTI2OTc5ODdlODk0MGYzZjNmYWM2YWJiYWU1VXl32fbA4aW9bQVHFmspODg3OTc1LTcyMzE3MzguanBnfHx8fHx8OTJ4Njl8fHx8fA==.jpg","main":"ZWU2NTA1NmIwMTIzZGEzNjRmMWMwNmZmZDM5MmZiMTfYUM9__ndWsSzzY-mDRbcZODg3OTc1LTcyMzE3MzguanBnfHx8fHx8fHx8fHw0MDB4MzAw.jpg","large":"MzkzMWUwNjcxNGUyYjEwMzM1Yzc1NGRhNjk3YThlMTdmhTPEyc6E692gWeqj5lv7ODg3OTc1LTcyMzE3MzguanBnfHx8fHx8fHx8fHw2NDB4NDgw.jpg"}]}}]}