{"total":"23408","result":[{"ad_id":"890809","reg_year":"2005","make":"Toyota","model":"Avensis","variant":"avensis avensis 1.6 aura saloon","mileage":"135000","engine_size":"1.6","fuel_type":"Petrol","body_type":"Saloon","colour":"008000","location":"Wexford","price":"\u20ac 5,950","images":{"base_url":"http:\/\/i0.carsie.ie\/","image_list":[{"thumb":"MjdjOTUyNzcwZWY0YjIyNDU0OTJhOTQ0ZjU4OThiMGGcPxHJeqTF2qyDLh3bFtqzODkwODA5LS5qcGd8fHx8fHw5Mng2OXx8fHx8.jpg","main":"YTFlZmVhMjhiNzE3MzhiNWI2YzYxOTc1Y2ZlNjU1ZTnB1EyCjS5rb0GL_9Nxse6DODkwODA5LS5qcGd8fHx8fHx8fHx8fDQwMHgzMDA=.jpg","large":"ZGUzZjM3NDExNmRjYmJmNDQ0YTEwZjZlZjJiZDQwNTbXqFPEjnzX3xr6ro5SkR15ODkwODA5LS5qcGd8fHx8fHx8fHx8fDY0MHg0ODA=.jpg"}]}},{"ad_id":"870713","reg_year":"2007","make":"Toyota","model":"Aygo","variant":"1.0 Aura 12 MONTHS WARRANTY","mileage":"27891","engine_size":"1.0","fuel_type":"Petrol","body_type":"Hatchback","colour":"0000c0","location":"Dublin","price":"\u20ac 5,950","images":{"base_url":"http:\/\/i0.carsie.ie\/","image_list":[{"thumb":"NGZkMDVlMDQ2ODM3MjgyMGU4NjM5NTU2NTFiYzVkNGYyZplXP7oT9naBXG4Rs2MhODcwNzEzLTcwMzgxMTMuanBnfHx8fHx8OTJ4Njl8fHx8fA==.jpg","main":"ODUzMDZlY2JjNzAxNmE2Mzg2YzFhMWZlMWIwN2JmZjc0EBLbCAaFIlry7vjBJ_TZODcwNzEzLTcwMzgxMTMuanBnfHx8fHx8fHx8fHw0MDB4MzAw.jpg","large":"OGJiZTdiNjFhZTdkY2YzNjc2ZDQ0MTg3MGIwODBiMWSio-GkWq4-W8-bkDaKCB5JODcwNzEzLTcwMzgxMTMuanBnfHx8fHx8fHx8fHw2NDB4NDgw.jpg"}]}},{"ad_id":"883958","reg_year":"2007","make":"Toyota","model":"Aygo","variant":"1.0 5DR Strata","mileage":"26000","engine_size":"1.0","fuel_type":"Petrol","body_type":"Hatchback","colour":"858585","location":"Wicklow","price":"\u20ac 5,950","images":{"base_url":"http:\/\/i0.carsie.ie\/","image_list":[{"thumb":"ODc4MGRhOWRkMmFiOGY3ZDk1YjdiNDg4M2UzZjJmMjkmrcP2YSML7hwqancOQ0DXODgzOTU4LTcxODgyMjguanBnfHx8fHx8OTJ4Njl8fHx8fA==.jpg","main":"OWRjMzg3ODkyMzY3ZmE5ZmUxMGFhZGM2OWM3NWRmMTIT1Ha3XcOXKie1t7o3LDrHODgzOTU4LTcxODgyMjguanBnfHx8fHx8fHx8fHw0MDB4MzAw.jpg","large":"OWMyZWZjYTc0YjY0NmJjOTQzNTY2MmE0NmYyODY0MTETtGW9R9UIGSUYZlaEIEf1ODgzOTU4LTcxODgyMjguanBnfHx8fHx8fHx8fHw2NDB4NDgw.jpg"}]}},{"ad_id":"802630","reg_year":"2004","make":"Toyota","model":"Camry","variant":"2.4 VVTI","mileage":"71243","engine_size":"2.4","fuel_type":"Petrol","body_type":"Saloon","colour":"e0e0e0","location":"Dublin","price":"\u20ac 5,950","images":{"base_url":"http:\/\/i0.carsie.ie\/","image_list":[{"thumb":"M2VmZWVkNDA2ZjQ5YzA1YzEyNWU0MzZmYTRkYWMxOTTSuKVtOndUbvXMQdZHrxWfODAyNjMwLTYyNDA1MDIuanBnfHx8fHx8OTJ4Njl8fHx8fA==.jpg","main":"YzU3ZWY3NzM5NWZiYWM0OWUyNTgyYzY4NjIxMDM2OWUU_8eDHd2G54Mb5C7dTy63ODAyNjMwLTYyNDA1MDIuanBnfHx8fHx8fHx8fHw0MDB4MzAw.jpg","large":"MjhhOTRiMzBkYWYxMTJjNDdmNGVmNzQ1YzVlYzkzMDj3sG-Mpeo4Brx8jR6_vVGLODAyNjMwLTYyNDA1MDIuanBnfHx8fHx8fHx8fHw2NDB4NDgw.jpg"}]}},{"ad_id":"897022","reg_year":"2005","make":"Toyota","model":"Corolla","variant":"1.4 TERRA CBU M MC","mileage":"67043","engine_size":"1.4","fuel_type":"Petrol","body_type":null,"colour":"008000","location":"Cork","price":"\u20ac 5,950","images":{"base_url":"http:\/\/i0.carsie.ie\/","image_list":[{"thumb":"NzUwYzM3MTlmYjM0NjM3ZjY1YzQ3NzUyNzU2MDIzODirX249ORHrS7C19mx626UGODk3MDIyLTc0MTE4NDYuanBnfHx8fHx8OTJ4Njl8fHx8fA==.jpg","main":"ZTkyNzVjM2RiNmI5YWU2YzQ1MWY5MGE3ODhmOWQ4ODCKm2ju_kWmFaKDfndrmvxxODk3MDIyLTc0MTE4NDYuanBnfHx8fHx8fHx8fHw0MDB4MzAw.jpg","large":"MzgyOTNmMzk1Mjk0OWM4MDk0ZWNmYzcyZmQwOGRlNjB9uPW_UN-NCcHIFCsW8LfPODk3MDIyLTc0MTE4NDYuanBnfHx8fHx8fHx8fHw2NDB4NDgw.jpg"}]}},{"ad_id":"872484","reg_year":"2005","make":"Toyota","model":"Corolla","variant":"1.4 Terra CBU 5","mileage":"79537","engine_size":"1.4","fuel_type":"Petrol","body_type":"Hatchback","colour":"858585","location":"Dublin","price":"\u20ac 5,950","images":{"base_url":"http:\/\/i0.carsie.ie\/","image_list":[{"thumb":"M2I3OWRiY2QwYmNkOWVmYWE5MmZjMmY5M2Y5NTExMmF6kkSQ81zvLq58d7XDn9IkODcyNDg0LTcxOTQ5NDAuanBnfHx8fHx8OTJ4Njl8fHx8fA==.jpg","main":"NTFhMTc3MGEwY2ZlZTgwOGU1MDhmOTEyMjYxOTcxNTB4nDYfZKwf1jOrSDRigTJcODcyNDg0LTcxOTQ5NDAuanBnfHx8fHx8fHx8fHw0MDB4MzAw.jpg","large":"ODcyYjk1ODhhNDM4Yjg1NzkxNjk2ZWQ4MTA0MTY0OWKzZ3skOtQegEdQBCOgXYCHODcyNDg0LTcxOTQ5NDAuanBnfHx8fHx8fHx8fHw2NDB4NDgw.jpg"}]}},{"ad_id":"883677","reg_year":"2005","make":"Toyota","model":"Corolla","variant":"1.4 Strata 5DR","mileage":"74000","engine_size":"1.4","fuel_type":"Petrol","body_type":"Hatchback","colour":"000000","location":"Dublin","price":"\u20ac 5,950","images":{"base_url":"http:\/\/i0.carsie.ie\/","image_list":[{"thumb":"ZjEzNjQwNGQ2ODkzYzFlNWJmNjg4MThmYWE3ZThhYjlvtAW6oNfgzMkFE6UWoAAnODgzNjc3LTcxODEwNzkuanBnfHx8fHx8OTJ4Njl8fHx8fA==.jpg","main":"OThjOTg2YWVlYzQ0NjhmYTYwNjlkNTczNTFmMWZhZDbplTbQTQNKe0LsQsH20lPSODgzNjc3LTcxODEwNzkuanBnfHx8fHx8fHx8fHw0MDB4MzAw.jpg","large":"MDUwMzJhN2Q4YmQzY2E4OTRkNTE2ZjFjMTVmZTY4NjmA_RCqojuMkSwsGGZTiUALODgzNjc3LTcxODEwNzkuanBnfHx8fHx8fHx8fHw2NDB4NDgw.jpg"}]}},{"ad_id":"886161","reg_year":"2006","make":"Toyota","model":"Corolla","variant":"SALOON 1.4 TERRA","mileage":"101905","engine_size":"1.4","fuel_type":"Petrol","body_type":"Saloon","colour":"ff0000","location":"Galway","price":"\u20ac 5,950","images":{"base_url":"http:\/\/i0.carsie.ie\/","image_list":[{"thumb":"OTAyYjM2ZjgzYjM4MzU3Yjg1MTI2ZDgxN2FhMzFmZDjVXPwLhAc1tQz9hC3S3BlcODg2MTYxLS5qcGd8fHx8fHw5Mng2OXx8fHx8.jpg","main":"OWVkMjEwZTNjMmY0ZjRkNWEzN2UxNzVjYmQ5YTY5MTJUvjAGD96cnSAnH3yXX6KHODg2MTYxLS5qcGd8fHx8fHx8fHx8fDQwMHgzMDA=.jpg","large":"MWNmZWI1OGU1ZjE1MWJmODRjMGU5MWIzYzNlYWZmOWbgURZhW7nNjPvy_wTCtBiPODg2MTYxLS5qcGd8fHx8fHx8fHx8fDY0MHg0ODA=.jpg"}]}},{"ad_id":"893830","reg_year":"2006","make":"Toyota","model":"Corolla","variant":"1.4 Terra 4DR","mileage":"91000","engine_size":"1.4","fuel_type":"Petrol","body_type":"Saloon","colour":"0000c0","location":"Meath","price":"\u20ac 5,950","images":{"base_url":"http:\/\/i0.carsie.ie\/","image_list":[{"thumb":"YTRlMTVjMmQzNjBjZTk1OTc2ZGZlNzdjMDViYjk4YzS1mOrtmSmlPknRwGhb5vnyODkzODMwLTczNDgyNjAuanBnfHx8fHx8OTJ4Njl8fHx8fA==.jpg","main":"YzMzZWFiOTk5ZjVhOGY5ZGM4MDczZGQ5MTE1NDMzNWGcjqBHenbMyR_54s1dKcZxODkzODMwLTczNDgyNjAuanBnfHx8fHx8fHx8fHw0MDB4MzAw.jpg","large":"NjVhODE3ZGE4YWE0OTcyOTQ4ZmM1YTkyNzYxNDhmMmJMZ_6CvF-Nex5TA5prttzJODkzODMwLTczNDgyNjAuanBnfHx8fHx8fHx8fHw2NDB4NDgw.jpg"}]}},{"ad_id":"866011","reg_year":"2005","make":"Toyota","model":"Corolla","variant":"1.4 Terra","mileage":"131237","engine_size":"1.4","fuel_type":"Petrol","body_type":"Saloon","colour":"000000","location":"Roscommon","price":"\u20ac 5,950","images":{"base_url":"http:\/\/i0.carsie.ie\/","image_list":[{"thumb":"MTNhNWQyNjg0Y2FlN2RjYTkxYTRhM2MxM2ExMTQ4NzH61rosKqAIUbwfxComWCiBODY2MDExLTY5NzM3NTcuanBnfHx8fHx8OTJ4Njl8fHx8fA==.jpg","main":"OTgyY2E4ZDE5ZDZhNDQ1Zjg1MTUwNDBhODc2OTM1M2KmyJvHUq3-vUGHv12sEFx3ODY2MDExLTY5NzM3NTcuanBnfHx8fHx8fHx8fHw0MDB4MzAw.jpg","large":"NWE1NDE2ZWIzMDE5NWVjNjJiOTEwNzg4MWYwYTMwNTHfLnHuBBydf_cMjfb2fhKGODY2MDExLTY5NzM3NTcuanBnfHx8fHx8fHx8fHw2NDB4NDgw.jpg"}]}},{"ad_id":"894072","reg_year":"2005","make":"Toyota","model":"Corolla","variant":"T Spirit16v VVTI 05DR","mileage":"127000","engine_size":"1.6","fuel_type":"Petrol","body_type":"Hatchback","colour":"0000c0","location":"Tipperary","price":"\u20ac 5,950","images":{"base_url":"http:\/\/i0.carsie.ie\/","image_list":[{"thumb":"NTU1MWYxMTZjYjM1NDk2OWI1OWJjYTliZmNkODRhMDE1pGj8QAVBpAF-COj8UVaEODk0MDcyLTczMDExMjUuanBnfHx8fHx8OTJ4Njl8fHx8fA==.jpg","main":"OGFjNmQ0ZDgzNmNhOWQ0MjkwZDZjM2MxNzFkZTVmNTj8IPbqHK80AVEvvK-kXrBxODk0MDcyLTczMDExMjUuanBnfHx8fHx8fHx8fHw0MDB4MzAw.jpg","large":"MWY0YTc2MzU3YjU2YzkyMWVjMTU4MDViZDFkZTZmMjGgeUaD3DWR4lJTV39wIu4jODk0MDcyLTczMDExMjUuanBnfHx8fHx8fHx8fHw2NDB4NDgw.jpg"}]}},{"ad_id":"748430","reg_year":"2001","make":"Toyota","model":"Landcruiser","variant":"TDI SWB","mileage":"96000","engine_size":"3.0","fuel_type":"Diesel","body_type":"SUV","colour":"000000","location":"Dublin","price":"\u20ac 5,950","images":{"base_url":"http:\/\/i0.carsie.ie\/","image_list":[{"thumb":"NmRkZGM1NGU4NDk2YWE3NDU2OWRhYWE0NDU5M2QxZTYLTfTWorMb5TR2UfIJK6G4NzQ4NDMwLTU1NDAyNDguanBnfHx8fHx8OTJ4Njl8fHx8fA==.jpg","main":"MWFlZGQxMDJmMWViYjVlYWI2MmViY2MzNzBmZmE0ZjgdVcVBkOE2nnzW2nN4RAqVNzQ4NDMwLTU1NDAyNDguanBnfHx8fHx8fHx8fHw0MDB4MzAw.jpg","large":"MGU3MDRjNmM2MzMwYzg2NmQ5NGNjZDNiMDJmNjE0ZDbXLrrhiSs5kvYSzeqLRk6cNzQ4NDMwLTU1NDAyNDguanBnfHx8fHx8fHx8fHw2NDB4NDgw.jpg"}]}},{"ad_id":"870701","reg_year":"1992","make":"Toyota","model":"MR2","variant":"FERRARI F355 GTS REPLICA","mileage":"90101","engine_size":"2.0","fuel_type":"Petrol","body_type":"Coupe","colour":"ff0000","location":"Dublin","price":"\u20ac 5,950","images":{"base_url":"http:\/\/i0.carsie.ie\/","image_list":[{"thumb":"YjRhZDNjNmQ3NmRmNjkzMGNmMmFhZjczNzNkODk2ZTFrzJtrhmq9wpD7amEmIEtaODcwNzAxLTcwMjc5NTYuanBnfHx8fHx8OTJ4Njl8fHx8fA==.jpg","main":"NWJiZWNmYWFlODJiM2NiODUzOWY1MTNjZTNkMzQ3MDi5rTUALGmH3WHkZGV6IhMDODcwNzAxLTcwMjc5NTYuanBnfHx8fHx8fHx8fHw0MDB4MzAw.jpg","large":"ZGY3YTU4Yzc1YTc3N2FmMWRjNmJmZTdjYjMwODJhN2Is5X1FhPtH9W5MOJsSpQxdODcwNzAxLTcwMjc5NTYuanBnfHx8fHx8fHx8fHw2NDB4NDgw.jpg"}]}},{"ad_id":"898871","reg_year":"2004","make":"Toyota","model":"MR2","variant":"1.8 ROADSTER FINANCE ARRANGED IN 1HOUR","mileage":"79000","engine_size":"1.8","fuel_type":"Petrol","body_type":null,"colour":"000000","location":"Dublin","price":"\u20ac 5,950","images":{"base_url":"http:\/\/i0.carsie.ie\/","image_list":[{"thumb":"MmYxNTYxMTgwYjM1MzgwZjRhNmIzMzAxMTlmYzM5YjXFQf4oNmq3nUhXRAprg8h5ODk4ODcxLTczNzE2NjYuanBnfHx8fHx8OTJ4Njl8fHx8fA==.jpg","main":"Y2Q0YmM3YjhlMWU4ZjI3MTg0ZjA3NjQyODE5YmQzNTC0KZaI-CtuFqhF3NJaeNnaODk4ODcxLTczNzE2NjYuanBnfHx8fHx8fHx8fHw0MDB4MzAw.jpg","large":"MzM1NjA1NWM1MjVjYWJiZDE2YWJjY2ViNDFiZmIwMTOBPDLJci4ZV_nrCF2p7FapODk4ODcxLTczNzE2NjYuanBnfHx8fHx8fHx8fHw2NDB4NDgw.jpg"}]}},{"ad_id":"863360","reg_year":"2004","make":"Toyota","model":"Prius","variant":"*SOLD*","mileage":"124000","engine_size":"1.5","fuel_type":"Petrol","body_type":"Hatchback","colour":"7a0000","location":"Cork","price":"\u20ac 5,950","images":{"base_url":"http:\/\/i0.carsie.ie\/","image_list":[{"thumb":"YjBiZGM5YjQwNTBkMTIxM2YyNTIzNmYxNmEzYWI0YzAM6iEFEdJ5nxy_IoLj2rzmODYzMzYwLTY5NDAyNjcuanBnfHx8fHx8OTJ4Njl8fHx8fA==.jpg","main":"YWI4ZThlOTJiZGRlNTY4YWJiNWUxYjk1MzBlZTAxNWNHUzpOCZcRdtTymxdmO49fODYzMzYwLTY5NDAyNjcuanBnfHx8fHx8fHx8fHw0MDB4MzAw.jpg","large":"Njk5ZTI5MzU4ZTM5Y2U0OGI0YWRhYmQyZGM5NWFjYjbD1eP9KjzZWFiYrUSfnzViODYzMzYwLTY5NDAyNjcuanBnfHx8fHx8fHx8fHw2NDB4NDgw.jpg"}]}},{"ad_id":"883038","reg_year":"2006","make":"Toyota","model":"Prius","variant":"1.5 5DR HSD","mileage":"180202","engine_size":"1.5","fuel_type":"Hybrid","body_type":"Hatchback","colour":"000000","location":"Dublin","price":"\u20ac 5,950","images":{"base_url":"http:\/\/i0.carsie.ie\/","image_list":[{"thumb":"YWU3MzVhNDAzOTYzMDg0ZjhmZGMyMzM2OTY3Yzk4YzlIwT28Jr-DwH-p2diM3izjODgzMDM4LTcxNzE2MzguanBnfHx8fHx8OTJ4Njl8fHx8fA==.jpg","main":"MmQ1OGZiYjA4M2I4OTA0ZDM4NWNmNTM5YjQ0YWNjZmH3549usaZobMX2SxM555I9ODgzMDM4LTcxNzE2MzguanBnfHx8fHx8fHx8fHw0MDB4MzAw.jpg","large":"ODlkMTQ1MTRmNWFlODM5Mzg5OGFmZTRiM2FiZWYwY2Li-KNCjg4B2HKfS68wCbquODgzMDM4LTcxNzE2MzguanBnfHx8fHx8fHx8fHw2NDB4NDgw.jpg"}]}},{"ad_id":"892282","reg_year":"2004","make":"Toyota","model":"Prius","variant":"1.5 HSD 5DR High Spec","mileage":"99500","engine_size":"1.5","fuel_type":"Petrol","body_type":"Hatchback","colour":"e0e0e0","location":"Kildare","price":"\u20ac 5,950","images":{"base_url":"http:\/\/i0.carsie.ie\/","image_list":[{"thumb":"MjQxNWYyOTgyYmRmNzA2YTAwOTkzNTdjNTU5NzU3N2PVckLusVzmyTlRIQC249lCODkyMjgyLTcyNzExOTguanBnfHx8fHx8OTJ4Njl8fHx8fA==.jpg","main":"NGJhOWI0NmJkNDI0NTBkOTg3YjIzYjM2NzM3NmIzMzeYwKE_rm2kfdu0yQc_cdULODkyMjgyLTcyNzExOTguanBnfHx8fHx8fHx8fHw0MDB4MzAw.jpg","large":"M2JmOTAwMDA4MTAyZGFkOTg4YjIzMTAzOTBhMjQzZTK2FPLTzoWFdzSSeKGVIQF3ODkyMjgyLTcyNzExOTguanBnfHx8fHx8fHx8fHw2NDB4NDgw.jpg"}]}},{"ad_id":"893878","reg_year":"2004","make":"Toyota","model":"Rav4","variant":" 4X2 Luna 5DR","mileage":"90000","engine_size":"1.8","fuel_type":"Petrol","body_type":"SUV","colour":"e0e0e0","location":"Dublin","price":"\u20ac 5,950","images":{"base_url":"http:\/\/i0.carsie.ie\/","image_list":[{"thumb":"OTMwODFmZTEzZDM3MzcyZGI4ZWY2YzEwMjk4ODk5YWK6gCNh47e7DZ7k2sAIiu5NODkzODc4LTczMDAwOTMuanBnfHx8fHx8OTJ4Njl8fHx8fA==.jpg","main":"ZTNiM2M3YjYyMWYzMjQ1NmQ5YjQwYmQ2YWI1NmIyMmLpH2w1O3xIOANP-3puBMJzODkzODc4LTczMDAwOTMuanBnfHx8fHx8fHx8fHw0MDB4MzAw.jpg","large":"NTdjNDIyMzA0YjllZWU3MjZmNmMxM2YzYWJiOGRjMDIbmgpBLCsmSL2AhnwtUTdmODkzODc4LTczMDAwOTMuanBnfHx8fHx8fHx8fHw2NDB4NDgw.jpg"}]}},{"ad_id":"775282","reg_year":"2005","make":"Toyota","model":"Rav4","variant":"MC 4X2 Luna 5DR","mileage":"73323","engine_size":"1.8","fuel_type":"Petrol","body_type":"SUV","colour":"0000c0","location":"Tipperary","price":"\u20ac 5,950","images":{"base_url":"http:\/\/i0.carsie.ie\/","image_list":[{"thumb":"YzM0YzM0NTFmNTlmOGViOGZkMzlhZjM4ZjQ3YWQzMDb2CYHyYEwlTXPuYQ7N23VBNzc1MjgyLTU5MDc0MTYuanBnfHx8fHx8OTJ4Njl8fHx8fA==.jpg","main":"ZjQ1MGE1NjdkZTEzNGJjODE4ZTI2ZjQwN2JmY2IwMDKTs0BIDYuqhgBc0s81TnZzNzc1MjgyLTU5MDc0MTYuanBnfHx8fHx8fHx8fHw0MDB4MzAw.jpg","large":"ODM4N2FjNzdkYmMzNTQxNGU1MDEwMmE1ODljYWI3NWZlpoR48bjf3UBr1XhUJCKbNzc1MjgyLTU5MDc0MTYuanBnfHx8fHx8fHx8fHw2NDB4NDgw.jpg"}]}},{"ad_id":"846235","reg_year":"2007","make":"Toyota","model":"Yaris","variant":"NG 1.0L Terra 5DR [NCT, TAX, ONE OWNER]","mileage":"93208","engine_size":"1.0","fuel_type":"Petrol","body_type":"Hatchback","colour":"e0e0e0","location":"Dublin","price":"\u20ac 5,950","images":{"base_url":"http:\/\/i0.carsie.ie\/","image_list":[{"thumb":"YjQ2ZjdjODE0Yjc3MWIzNmNhYzU2NTBlYTFmNzdlM2UKCZRL7cOvfnDvxDR5wVpOODQ2MjM1LTY3NTgyMjEuanBnfHx8fHx8OTJ4Njl8fHx8fA==.jpg","main":"ZWQ3NmQ3ZTBiNDM5Zjk2ZmJlZjM3MzE5Yjc4ZGNhM2UIJ36jggIPQTdN1ZE-nBoVODQ2MjM1LTY3NTgyMjEuanBnfHx8fHx8fHx8fHw0MDB4MzAw.jpg","large":"MzczYzQ0NTVmMmU2ZGEyODY1NTdkNGRiOWVlY2RiOTHzfw_nBVJujlOW3DI305uRODQ2MjM1LTY3NTgyMjEuanBnfHx8fHx8fHx8fHw2NDB4NDgw.jpg"}]}}]}