{"total":"23408","result":[{"ad_id":"789789","reg_year":"2007","make":"Renault","model":"Scenic","variant":"1.4 16V","mileage":"86372","engine_size":"1.4","fuel_type":"Petrol","body_type":"Hatchback","colour":"ffff00","location":"Carlow","price":"\u20ac 5,950","images":{"base_url":"http:\/\/i0.carsie.ie\/","image_list":[{"thumb":"MmQzMjE4MDFiY2YyMDYwYzMwMzE2MTliZjFiODQ1YzdOIImwUdPV83dYsKmWY0pyNzg5Nzg5LTYwODU5MTMuanBnfHx8fHx8OTJ4Njl8fHx8fA==.jpg","main":"MzdiMDFjOWNmMWJjMmY3NTc5ZWE0ZGIwZGE0YWU1YTeic0T7ewIZEKzVzFlZ6HvTNzg5Nzg5LTYwODU5MTMuanBnfHx8fHx8fHx8fHw0MDB4MzAw.jpg","large":"YjY1NTg4YTU4MjM0ZDkzYTM5ZTkwM2Y3YjcxNzliODYGSCzK4FpLzuyRuhmzLjRoNzg5Nzg5LTYwODU5MTMuanBnfHx8fHx8fHx8fHw2NDB4NDgw.jpg"}]}},{"ad_id":"664832","reg_year":"2005","make":"Renault","model":"Scenic","variant":"1.4 dynamique","mileage":"66488","engine_size":"1.4","fuel_type":"Petrol","body_type":"People Carrier","colour":"e0e0e0","location":"Cork","price":"\u20ac 5,950","images":{"base_url":"http:\/\/i0.carsie.ie\/","image_list":[{"thumb":"M2JkNThiNTBiM2M1NTJkZTExYzljODc2NzkwYTRkZDNr5n6dIN-AweDkyBSvbQRzNjY0ODMyLTQ1MTc3NzEuanBnfHx8fHx8OTJ4Njl8fHx8fA==.jpg","main":"YWE5Yjk4OTFlOGJhNzE2OWYzZjc4YzU1ZGY2YzQyZjgwDWQvCVRJLB43PorLrprHNjY0ODMyLTQ1MTc3NzEuanBnfHx8fHx8fHx8fHw0MDB4MzAw.jpg","large":"NWZkZTVhZWVlNGQwNmJhN2RkZWU3ODFhNjI3M2M1ZjiXmSDSy0sGcDbr2iAw7a0sNjY0ODMyLTQ1MTc3NzEuanBnfHx8fHx8fHx8fHw2NDB4NDgw.jpg"}]}},{"ad_id":"824801","reg_year":"2007","make":"Renault","model":"Scenic","variant":"","mileage":"73943","engine_size":"1.4","fuel_type":"Petrol","body_type":null,"colour":"ffff00","location":"Cork","price":"\u20ac 5,950","images":{"base_url":"http:\/\/i0.carsie.ie\/","image_list":[{"thumb":"Y2U1MWVmYjZhNWEyYWIxODQ4MjRhMWJlMjM4YjYzM2KWzV5PUUPX7qluv8eiC4D-ODI0ODAxLTY1MTIxMzAuanBnfHx8fHx8OTJ4Njl8fHx8fA==.jpg","main":"ZjdkM2IyZjk4MTZkNTQwMGQ2MDNiMGQ1NzY5NzE3ZTisLByJ6h1RvGPd9bvw05--ODI0ODAxLTY1MTIxMzAuanBnfHx8fHx8fHx8fHw0MDB4MzAw.jpg","large":"Y2I1ZjYyMjljOTljODFmOWQ5MzI3YzA2ZDA4ODQwZGEdnAWpmJj3fR9_Nmjn73VsODI0ODAxLTY1MTIxMzAuanBnfHx8fHx8fHx8fHw2NDB4NDgw.jpg"}]}},{"ad_id":"812837","reg_year":"2006","make":"Renault","model":"Scenic","variant":"2 1.4 16V Excep","mileage":"63000","engine_size":"1.4","fuel_type":"Petrol","body_type":"Hatchback","colour":"e0e0e0","location":"Dublin","price":"\u20ac 5,950","images":{"base_url":"http:\/\/i0.carsie.ie\/","image_list":[{"thumb":"MjRhZDg0NmI0MWY4YjM2YWYzMmZhZGNhM2Q5YzliY2LgPynNDMQ5ek7sRd8m7-F8ODEyODM3LTYzNjAyMDMuanBnfHx8fHx8OTJ4Njl8fHx8fA==.jpg","main":"NDg4ZjdiZjEyZWEyYTc2YzQ1YjIzODZjYmQwMWIzMjUFkG2EBsQ5WFWrllny1JHYODEyODM3LTYzNjAyMDMuanBnfHx8fHx8fHx8fHw0MDB4MzAw.jpg","large":"Y2ZlZjcyNjdlY2U3ZDI4ZGUwOTc1ZTVhOGM5MGJhZjR2JLP3C1NsrUbKmMWHsCFSODEyODM3LTYzNjAyMDMuanBnfHx8fHx8fHx8fHw2NDB4NDgw.jpg"}]}},{"ad_id":"856657","reg_year":"2007","make":"Renault","model":"Scenic","variant":"1.4 16V","mileage":"60415","engine_size":"1.4","fuel_type":"Petrol","body_type":"Hatchback","colour":"e0e0e0","location":"Dublin","price":"\u20ac 5,950","images":{"base_url":"http:\/\/i0.carsie.ie\/","image_list":[{"thumb":"MTExMjgwYTQwMGU2ZGJjY2MwYmM3NjEwOWI5OGNlNDVu4Ndpnl5w8zMqAITo0AyKODU2NjU3LTY4Njg4NDQuanBnfHx8fHx8OTJ4Njl8fHx8fA==.jpg","main":"MjliYzJiY2M2NGViYWVhODAzNTU1NjAyZWY1ODU4OGO_D4U31tpWp85Py1SOuaNOODU2NjU3LTY4Njg4NDQuanBnfHx8fHx8fHx8fHw0MDB4MzAw.jpg","large":"ZjgwZjM2ZWYwZTU1OTgzNmU3MzMzMmViMjg2YTM4OTYX4Nf520NQTuxNUtMz6m38ODU2NjU3LTY4Njg4NDQuanBnfHx8fHx8fHx8fHw2NDB4NDgw.jpg"}]}},{"ad_id":"892917","reg_year":"2007","make":"Renault","model":"Scenic","variant":"1.4 16V ROYALE --MCT UNTIL JAN 2015--","mileage":"56146","engine_size":"1.4","fuel_type":"Petrol","body_type":"Hatchback","colour":"e0e0e0","location":"Dublin","price":"\u20ac 5,950","images":{"base_url":"http:\/\/i0.carsie.ie\/","image_list":[{"thumb":"M2U4YTY3Y2M2ZTE4NDgyNDBjY2U0YWVhZTFhNDY2NzN_8qU2C7EEj9NjN4pB1Tv0ODkyOTE3LTcyNzkzMTIuanBnfHx8fHx8OTJ4Njl8fHx8fA==.jpg","main":"YWZlYzVkNDhiZmNjOTU3ZDYwZWY0ZDJjOWFhOWM3YWOgIcZXLrrxhLUIwT9_AAFCODkyOTE3LTcyNzkzMTIuanBnfHx8fHx8fHx8fHw0MDB4MzAw.jpg","large":"ZWQ5NzI3OTUxMzMxMDc3YWIzZDc2Y2EyZGViYWRlNDaL_MCPC1gTEMB_E3OVMdM2ODkyOTE3LTcyNzkzMTIuanBnfHx8fHx8fHx8fHw2NDB4NDgw.jpg"}]}},{"ad_id":"896507","reg_year":"2007","make":"Renault","model":"Scenic","variant":"1.4 16V --EXCELLENT VALUE--","mileage":"56173","engine_size":"1.4","fuel_type":"Petrol","body_type":"Hatchback","colour":"e0e0e0","location":"Dublin","price":"\u20ac 5,950","images":{"base_url":"http:\/\/i0.carsie.ie\/","image_list":[{"thumb":"NWNhZDhmNzJhYTY2MjIwZjZhZGFlOGUxM2Y5MDRkYTHjOJN6bvVK51v-FjikoEVgODk2NTA3LTczNDMwNTMuanBnfHx8fHx8OTJ4Njl8fHx8fA==.jpg","main":"MDZjZDRjMjU5YmQzNDU1OTQ1MzEwMmUxMWE4YzQyYWb82uPvx52RX49lKcuFfjfJODk2NTA3LTczNDMwNTMuanBnfHx8fHx8fHx8fHw0MDB4MzAw.jpg","large":"ZmE5YzYwNTU5YTRjYmEzMGI4YWU2YWIyZmJjMDg4YjXwK2bKws7WOISazetuoB8VODk2NTA3LTczNDMwNTMuanBnfHx8fHx8fHx8fHw2NDB4NDgw.jpg"}]}},{"ad_id":"893828","reg_year":"2005","make":"Renault","model":"Scenic","variant":"Grand Scenic 1.5 DCI 100 Dynamique 05DR","mileage":"96000","engine_size":"1.5","fuel_type":"Diesel","body_type":"People Carrier","colour":"e0e0e0","location":"Meath","price":"\u20ac 5,950","images":{"base_url":"http:\/\/i0.carsie.ie\/","image_list":[{"thumb":"N2RkYjYzNmZhN2Y4YmUwZjc4ZjE1MDk1YzY1YTc1Y2XIQZbVmLMXbF9EzTY_V9ZcODkzODI4LTcyOTk4MDUuanBnfHx8fHx8OTJ4Njl8fHx8fA==.jpg","main":"ODY1MTI5ODU1ZmI5NDZlNjM1OWFmOWUxZjMzN2E5MDS7fyNwywe7ZVq5J1PnHAgnODkzODI4LTcyOTk4MDUuanBnfHx8fHx8fHx8fHw0MDB4MzAw.jpg","large":"YmI5ZjFlY2NiNWFhMjk3YjU3MTgzNTdmMzVjMWQ2ZWTSuCrWVYU3Q9VGAuMWui5DODkzODI4LTcyOTk4MDUuanBnfHx8fHx8fHx8fHw2NDB4NDgw.jpg"}]}},{"ad_id":"838365","reg_year":"2007","make":"Renault","model":"Scenic","variant":"1.6 16V DYNA DYNAMIQUE LUXURY PH2","mileage":"67000","engine_size":"1.6","fuel_type":"Petrol","body_type":"Hatchback","colour":"0000c0","location":"Wexford","price":"\u20ac 5,950","images":{"base_url":"http:\/\/i0.carsie.ie\/","image_list":[{"thumb":"NmU5NjgzMTQ3NTJkZjQ4ZDg1NDFlNjM4ZWJkNjJiOTcO6Uae-1wVFghGXXl2vn5GODM4MzY1LTY2OTY1NDEuanBnfHx8fHx8OTJ4Njl8fHx8fA==.jpg","main":"YzI3OTVlY2M1MjhmYzg4N2Q5NmMyNTk3YzU5YjYxYmZV2mcR-XmxO_Tj3p-pGxxuODM4MzY1LTY2OTY1NDEuanBnfHx8fHx8fHx8fHw0MDB4MzAw.jpg","large":"YzY2MmY4ODM3ZTU0ZDdiOWNkNzIyODg5ZGVjZDUzNzN3yqLoz2jRH9kQTgcEBaJbODM4MzY1LTY2OTY1NDEuanBnfHx8fHx8fHx8fHw2NDB4NDgw.jpg"}]}},{"ad_id":"897871","reg_year":"2006","make":"Renault","model":"Trafic","variant":"Diesel 1.9 DCI long wheel base doe 8\/13","mileage":"51000","engine_size":"1.9","fuel_type":"Diesel","body_type":"Van","colour":"0000c0","location":"Dublin","price":"\u20ac 5,950","images":{"base_url":"http:\/\/i0.carsie.ie\/","image_list":[{"thumb":"NDk0ODc5M2IyM2MwZTNjN2I2YmYxZjQ5MGZjNmNhNTnXnpWaTQiBk_CaXfz-WxK7ODk3ODcxLTczNTg2MTUuanBnfHx8fHx8OTJ4Njl8fHx8fA==.jpg","main":"Yjg3MmFmYmQ4OTA1N2QxY2FjOTBiMjUwMTFiZjE4YzJvzVB2eh0ysRIZz247btBLODk3ODcxLTczNTg2MTUuanBnfHx8fHx8fHx8fHw0MDB4MzAw.jpg","large":"NDE3Y2E0ODc0NTRhMzQ3ZjRkM2NkY2JjYmQwYjQ0OWEarN-C587BVDj2GBhH4ma8ODk3ODcxLTczNTg2MTUuanBnfHx8fHx8fHx8fHw2NDB4NDgw.jpg"}]}},{"ad_id":"626227","reg_year":"2005","make":"Rover","model":"75","variant":"2.0 CDTI CONNOISSEUR SE ELITE","mileage":"69000","engine_size":"2.0","fuel_type":"Diesel","body_type":"Saloon","colour":"858585","location":"Dublin","price":"\u20ac 5,950","images":{"base_url":"http:\/\/i0.carsie.ie\/","image_list":[{"thumb":"NjE3YmVkMWU2NjE3M2I5MDlkMGZiODYzNTVmNDEzYjMx4-NY8CfAP4pZ8qpqmsYONjI2MjI3LTUxMTcwNTAuanBnfHx8fHx8OTJ4Njl8fHx8fA==.jpg","main":"Y2IxYjZhZTU4MzgxM2Q3YzczMTc4NGNhMmEzNjBiZGMaYM5uZ5uJ-2wYqpPEc-ENNjI2MjI3LTUxMTcwNTAuanBnfHx8fHx8fHx8fHw0MDB4MzAw.jpg","large":"Y2UzNTZlZWNhMWFjYjJiYWQ3ZTg4YWZjZGIyMTA3YmaQ-vWhky_kNG6Gy0AE7sOENjI2MjI3LTUxMTcwNTAuanBnfHx8fHx8fHx8fHw2NDB4NDgw.jpg"}]}},{"ad_id":"809524","reg_year":"2005","make":"Rover","model":"75","variant":"2.0 CDTi AUTO-110%-TOP CLASS-WARRANTY-TRADE IN","mileage":"137000","engine_size":"2.0","fuel_type":"Diesel","body_type":"Saloon","colour":"e0e0e0","location":"Dublin","price":"\u20ac 5,950","images":{"base_url":"http:\/\/i0.carsie.ie\/","image_list":[{"thumb":"Mzg3ZTM4ODZlZjM0NDRiYTY5ODljNWVkNjViMjI5ODS6ifwUdqT0xhxnkYJinCl7ODA5NTI0LTY2MzE5NzcuanBnfHx8fHx8OTJ4Njl8fHx8fA==.jpg","main":"MjAyMDIxMzI1NjY5YzA3OTk1MTUzNjkzNjAzYzY5MTBEcbpM6FGv66DGjzk63wybODA5NTI0LTY2MzE5NzcuanBnfHx8fHx8fHx8fHw0MDB4MzAw.jpg","large":"N2YwMWI5NTMzODNkOTZiYTA4YzAwOGFiNzA3MGE2MDQBaegYaC3DNGHvitbIPSMtODA5NTI0LTY2MzE5NzcuanBnfHx8fHx8fHx8fHw2NDB4NDgw.jpg"}]}},{"ad_id":"871653","reg_year":"2005","make":"Rover","model":"75","variant":"2.0 CDTi AUTO.\"110% ALL BMW ENGINEERING-FULLY SERVICED AND WARRANTY-TRADE IN ACCEPTED","mileage":"137000","engine_size":"2.0","fuel_type":"Diesel","body_type":"Saloon","colour":"e0e0e0","location":"Waterford","price":"\u20ac 5,950","images":{"base_url":"http:\/\/i0.carsie.ie\/","image_list":[{"thumb":"NDNlNjNhYTU4NTJkOWJjNjNkMDlhMmRhNGRmYWJiYmSt6dI6r9tuPcXEA848uItwODcxNjUzLTcwMzg4MjYuanBnfHx8fHx8OTJ4Njl8fHx8fA==.jpg","main":"MTgyZTM3NGMzNjUxYThmYThmNTdjNTQ2ZGJlMjQzNjDleJHc-MpBLQ4MAWnaBhreODcxNjUzLTcwMzg4MjYuanBnfHx8fHx8fHx8fHw0MDB4MzAw.jpg","large":"MDcyMzdkZjVhNjdkN2EyODUzZjZmZTkxMTczNTk3YmK7DVz9ZHhlcZMOtO_102paODcxNjUzLTcwMzg4MjYuanBnfHx8fHx8fHx8fHw2NDB4NDgw.jpg"}]}},{"ad_id":"892780","reg_year":"1998","make":"Rover","model":"Mini","variant":"Cooper I","mileage":"53000","engine_size":"1.3","fuel_type":"Petrol","body_type":"Saloon","colour":null,"location":"Dublin","price":"\u20ac 5,950","images":{"base_url":"http:\/\/i0.carsie.ie\/","image_list":[{"thumb":"NWQzZDgwZjVmNDIzZTAzZjQzOTE2MmE1ZmFjNDBlNzQ-XUtgCMjEJ6yIOejoysDhODkyNzgwLTcyNzUzOTMuanBnfHx8fHx8OTJ4Njl8fHx8fA==.jpg","main":"MjlkMjM3Zjc4OTAwMzM1OTE3NzQyZTA3NDU4Mjc4NmbWeT7dPgurT-FJUntJ0kZ4ODkyNzgwLTcyNzUzOTMuanBnfHx8fHx8fHx8fHw0MDB4MzAw.jpg","large":"YWM2MzZhZDIyN2ViZjMzMjY4NGQzMWM1NGE1YzhiMGEgroHCT_jeVkJpC4gtwV-AODkyNzgwLTcyNzUzOTMuanBnfHx8fHx8fHx8fHw2NDB4NDgw.jpg"}]}},{"ad_id":"819194","reg_year":"2006","make":"Saab","model":"9-3","variant":"1.8I Linear Sport 4DR","mileage":"92829","engine_size":"1.8","fuel_type":"Petrol","body_type":"Saloon","colour":"000000","location":"Meath","price":"\u20ac 5,950","images":{"base_url":"http:\/\/i0.carsie.ie\/","image_list":[{"thumb":"OWQ1NmNhNmU2ZTk5OTM3YmVkOTUxOGJiMjlkYTRhMjat-sGopLaHjfTUELXNl2n1ODE5MTk0LTY2ODMwMzguanBnfHx8fHx8OTJ4Njl8fHx8fA==.jpg","main":"MDk5YTMyNWMxZjZmNTc3OTg5N2FkOGVjYjc3NGU2ZTc9smzPOUou628wLSybp0zvODE5MTk0LTY2ODMwMzguanBnfHx8fHx8fHx8fHw0MDB4MzAw.jpg","large":"YzQzNWU5Yjg3OWMzYWIyMzRhYTQ4YTliNmRlNjg2ODnmZSyQhPaStsFmSL21n38aODE5MTk0LTY2ODMwMzguanBnfHx8fHx8fHx8fHw2NDB4NDgw.jpg"}]}},{"ad_id":"840551","reg_year":"2006","make":"Seat","model":"Altea","variant":null,"mileage":"89477","engine_size":"1.6","fuel_type":"Petrol","body_type":"Hatchback","colour":"858585","location":"Kildare","price":"\u20ac 5,950","images":{"base_url":"http:\/\/i0.carsie.ie\/","image_list":[{"thumb":"NzljYmQ3MzMwNjdhYTA1Njk5NTQ3NDA1ZWM2NTQxYjBp0XypPHH4V65TAbHovO9CODQwNTUxLTY2OTMwNTYuanBnfHx8fHx8OTJ4Njl8fHx8fA==.jpg","main":"Y2E1NzFhYTdhYzhlMjUyNDNlMTU4MTUwYjdjZmIyNjD9633l-aGJHC9A7g12VYumODQwNTUxLTY2OTMwNTYuanBnfHx8fHx8fHx8fHw0MDB4MzAw.jpg","large":"NWQxMDlmZjU1YWRhOWQ4ZWIxMTc3NjI0NDVmMmVlOWLzbEWFIhdzI5epJdDBVHAWODQwNTUxLTY2OTMwNTYuanBnfHx8fHx8fHx8fHw2NDB4NDgw.jpg"}]}},{"ad_id":"882345","reg_year":"2005","make":"Seat","model":"Altea","variant":null,"mileage":"70836","engine_size":"1.6","fuel_type":"Petrol","body_type":null,"colour":"ff0000","location":"Westmeath","price":"\u20ac 5,950","images":{"base_url":"http:\/\/i0.carsie.ie\/","image_list":[{"thumb":"NDJjOTZiNzQ2ODg1YjkwZjZiNjVmYTBjODgyY2JmZGT386BWWAtaSIwKljDzGewvODgyMzQ1LTcxOTU5MzMuanBnfHx8fHx8OTJ4Njl8fHx8fA==.jpg","main":"MzI1OTljMzk1YjlkODY5N2IyZDZjZjk3MDE5YjQ0NDdpw_0rZBwXgCG27wVlcMLTODgyMzQ1LTcxOTU5MzMuanBnfHx8fHx8fHx8fHw0MDB4MzAw.jpg","large":"OTgyMjA5ODYwZGRmYjk5YzEyZjc2NDUyOGVlMjUxYWJgXbHhqVjfMs_4SoUZIuBGODgyMzQ1LTcxOTU5MzMuanBnfHx8fHx8fHx8fHw2NDB4NDgw.jpg"}]}},{"ad_id":"842890","reg_year":"2006","make":"Seat","model":"Altea","variant":"1.9 TDI 5DR 5P1112 R","mileage":"121000","engine_size":"1.9","fuel_type":"Diesel","body_type":"Hatchback","colour":"0000c0","location":"Wexford","price":"\u20ac 5,950","images":{"base_url":"http:\/\/i0.carsie.ie\/","image_list":[{"thumb":"OTBiNjc0NDIzYzZkNzE4NWJjYjhhMWVlNWQ1YmEwNzb3QzBqFm48x2BA-Xc5z9JVODQyODkwLTY3MTg5NTYuanBnfHx8fHx8OTJ4Njl8fHx8fA==.jpg","main":"MzAzMDAyZDg2YjEwZmIxODQ4MTBkNjJkODE2NmNhODRw2Y6C5vdo6ZfhfYhk-PpaODQyODkwLTY3MTg5NTYuanBnfHx8fHx8fHx8fHw0MDB4MzAw.jpg","large":"NTVkMDUzN2ZlOTc2YjU3ZjAzYjcxNDA1MTJiYjBjZDMmG3Lka61qGNW_bINOa7raODQyODkwLTY3MTg5NTYuanBnfHx8fHx8fHx8fHw2NDB4NDgw.jpg"}]}},{"ad_id":"892702","reg_year":"2007","make":"Seat","model":"Ibiza","variant":"1.2 5DR. HIGH SPEC. NEW NCT 2015. GREAT VALUE!","mileage":"44739","engine_size":"1.2","fuel_type":"Petrol","body_type":"Hatchback","colour":"000000","location":"Cork","price":"\u20ac 5,950","images":{"base_url":"http:\/\/i0.carsie.ie\/","image_list":[{"thumb":"OGM5MGMxNTVmYzcyOTRhNTg5MmM3YjBmZWQzYWQ2YWV0G3wvesBYUt_Wyw3KmiH1ODkyNzAyLTcyODA5MjYuanBnfHx8fHx8OTJ4Njl8fHx8fA==.jpg","main":"NmIxYWEyMDY1MWQzNjk2MzdjNmY3MjMyNjhlN2FiMWaGjDz4oCFuNWRt9IUI_WtWODkyNzAyLTcyODA5MjYuanBnfHx8fHx8fHx8fHw0MDB4MzAw.jpg","large":"YzZkZDk4MzgzZmU5YjQzMTgxNzZiMzNmMGJmMTViODnZXxtjf-P19xI-09S72N_DODkyNzAyLTcyODA5MjYuanBnfHx8fHx8fHx8fHw2NDB4NDgw.jpg"}]}},{"ad_id":"797582","reg_year":"2006","make":"Seat","model":"Ibiza","variant":"1.2 (NCT 14)*TP Waters*","mileage":"65244","engine_size":"1.2","fuel_type":"Petrol","body_type":"Hatchback","colour":"858585","location":"Kildare","price":"\u20ac 5,950","images":{"base_url":"http:\/\/i0.carsie.ie\/","image_list":[{"thumb":"YTUxMjY4NmNkZTYzYTY5NmI1MWYxMTBjMWRmYjBjZjgMbxa1V-a17xCK_XKqO28dNzk3NTgyLTYxNzEzNzcuanBnfHx8fHx8OTJ4Njl8fHx8fA==.jpg","main":"YWEwZjk3ZGJhNjJlODBkNGQyZWZmMjQ2MWViMjY5NDbd-cndDqM1yU8_hYjNi-fdNzk3NTgyLTYxNzEzNzcuanBnfHx8fHx8fHx8fHw0MDB4MzAw.jpg","large":"ZDc0Y2UyNjllOWFjMGQyNTEzOWNlNWJkNzdiNThkZjW41w75-rgA8Of6duOBaLIlNzk3NTgyLTYxNzEzNzcuanBnfHx8fHx8fHx8fHw2NDB4NDgw.jpg"}]}}]}