{"total":"23408","result":[{"ad_id":"886810","reg_year":"2004","make":"Toyota","model":"Rav4","variant":"MC 4X2 Luna 5DR","mileage":"73000","engine_size":"1.8","fuel_type":"Petrol","body_type":"SUV","colour":"f0d2a0","location":"Dublin","price":"\u20ac 4,750","images":{"base_url":"http:\/\/i0.carsie.ie\/","image_list":[{"thumb":"NGIyNjg1MmEwNzY3OTRkYzcxMDFmNjhmZGEwMWQwOTUfhMnSeDGs0hzRhKCV1YEHODg2ODEwLTcyMTgzODEuanBnfHx8fHx8OTJ4Njl8fHx8fA==.jpg","main":"NzM3ZDVkZjE1YzhkZTQ5ODcyZjg2MjNiYmEwMzgwMTfWO0SHnhQ9Vl6Ev3Oo67WWODg2ODEwLTcyMTgzODEuanBnfHx8fHx8fHx8fHw0MDB4MzAw.jpg","large":"N2Q3ODQ3YmQzODgwYTczZjdjOTFmNjk0ZTY5Y2YwNmJra7EYXLyGu8prtHp2M1kfODg2ODEwLTcyMTgzODEuanBnfHx8fHx8fHx8fHw2NDB4NDgw.jpg"}]}},{"ad_id":"897122","reg_year":"2005","make":"Toyota","model":"Yaris","variant":"Terra M\/C 5DR","mileage":"74566","engine_size":"1.0","fuel_type":"Petrol","body_type":"Hatchback","colour":"858585","location":"Cork","price":"\u20ac 4,750","images":{"base_url":"http:\/\/i0.carsie.ie\/","image_list":[{"thumb":"MDA4NWFkYmFmYTc5NjBlYWNjMjQ0NDk2MzJlMmZkM2W0rAoqobBRcBenGaY4wicEODk3MTIyLS5qcGd8fHx8fHw5Mng2OXx8fHx8.jpg","main":"YWIxZWZmZjk0ODU3MzA3NTc0ZWYxNTk1YzRlZmNjYziOHBxC20R5e97Gnh8JMKM-ODk3MTIyLS5qcGd8fHx8fHx8fHx8fDQwMHgzMDA=.jpg","large":"MDNhZWJiZGRjYjVkN2Q0MmRhNWJiMzc2NTc3N2VlNDBJZF0X6jCB1wE_WFJBwYbGODk3MTIyLS5qcGd8fHx8fHx8fHx8fDY0MHg0ODA=.jpg"}]}},{"ad_id":"865072","reg_year":"2003","make":"Toyota","model":"Yaris","variant":"Luna 1.0 Litre","mileage":"101000","engine_size":"1.0","fuel_type":"Petrol","body_type":"Hatchback","colour":"e0e0e0","location":"Donegal","price":"\u20ac 4,750","images":{"base_url":"http:\/\/i0.carsie.ie\/","image_list":[{"thumb":"ODM2NzY1ZGYwZThmZGFhY2FlZDhiMzMwZDkyNjY5YTcOFs746Kw3m0Ud0hItbAZyODY1MDcyLTY5NjQyNjEuanBnfHx8fHx8OTJ4Njl8fHx8fA==.jpg","main":"NWNlZDc0ZDdlOTYyYjQ0N2YzZmYxNjdhOTYzNThmMWEY23jV5yDPUHseFTA0raiOODY1MDcyLTY5NjQyNjEuanBnfHx8fHx8fHx8fHw0MDB4MzAw.jpg","large":"ODU0NDY4MjAxNzdjYWE0NTkwYTk2YWQwMjAzNTQ0ZTPc5ntBZd2zld1MRGIaUeVHODY1MDcyLTY5NjQyNjEuanBnfHx8fHx8fHx8fHw2NDB4NDgw.jpg"}]}},{"ad_id":"887527","reg_year":"2005","make":"Toyota","model":"Yaris","variant":"Terra M\/C 5DR","mileage":"111228","engine_size":"1.0","fuel_type":"Petrol","body_type":"Hatchback","colour":"858585","location":"Kerry","price":"\u20ac 4,750","images":{"base_url":"http:\/\/i0.carsie.ie\/","image_list":[{"thumb":"YTQ4MGMyMmQzYjJmYjAyOGMzM2NhZGVhOGQxNDI5OWRJohnp_koBmK9af_tzza9bODg3NTI3LTczMjA5OTkuanBnfHx8fHx8OTJ4Njl8fHx8fA==.jpg","main":"Y2FhNGQzNzU5YWZkNmYzOGIxNjg4NTQzMDRiZjU5NDQcT0SJrE_UQayx0XL5U9eVODg3NTI3LTczMjA5OTkuanBnfHx8fHx8fHx8fHw0MDB4MzAw.jpg","large":"YTkyN2FlNzQzMTFhNTFjZTllYTBjZDAzODNkMTg0YmNZenh4XM11vTYQ7tZ_mk7JODg3NTI3LTczMjA5OTkuanBnfHx8fHx8fHx8fHw2NDB4NDgw.jpg"}]}},{"ad_id":"860973","reg_year":"2004","make":"Toyota","model":"Yaris","variant":"yaris 1.0 blue","mileage":"71132","engine_size":"1.0","fuel_type":"Petrol","body_type":"Hatchback","colour":"0000c0","location":"Tipperary","price":"\u20ac 4,750","images":{"base_url":"http:\/\/i0.carsie.ie\/","image_list":[{"thumb":"ZTMxYTMxYmVlYTIwNTRmZjZkOWZjYWJlYTUxNGNlNGUfZQUPDqfm5IZnQTJemqRzODYwOTczLTY5MTM0NDAuanBnfHx8fHx8OTJ4Njl8fHx8fA==.jpg","main":"MTkyYTk2Yzc0NDU0NTRkMWFhNGI0Yzc5YmM2MmZhZTN9lRhDiJVbtK7_7x5AvLGqODYwOTczLTY5MTM0NDAuanBnfHx8fHx8fHx8fHw0MDB4MzAw.jpg","large":"YzNlNDlmZjM2YzUxY2JhMWEwOWIwZDJhZmZlOTdkY2HIkYRadmJNAg20wMpyuazuODYwOTczLTY5MTM0NDAuanBnfHx8fHx8fHx8fHw2NDB4NDgw.jpg"}]}},{"ad_id":"898668","reg_year":"2008","make":"Vauxhall","model":"Combo","variant":"1700 Cdti 16V 05DR","mileage":"68000","engine_size":"1.2","fuel_type":"Diesel","body_type":"Van","colour":"ffffff","location":"Kildare","price":"\u20ac 4,750","images":{"base_url":"http:\/\/i0.carsie.ie\/","image_list":[{"thumb":"NDAwNDEzZTU0MGYxNTk3ODJlMzk2ZmI1NTRlZjhkMzgJjaciKW2YfV_DYgqLCDylODk4NjY4LTczNzgxNDIuanBnfHx8fHx8OTJ4Njl8fHx8fA==.jpg","main":"ZWQ2OWY4ZDgzMTM5MjgzOTdlMGMxNzc2ZmI3NjE3M2Ke58HIWja4VUG5QhdqtvBYODk4NjY4LTczNzgxNDIuanBnfHx8fHx8fHx8fHw0MDB4MzAw.jpg","large":"ZThiNDI5NzI1MDUzYWQ2YzdhMDhkZDBhNGM2NmY3NzbynoB_wFGMXlphesUdw7BkODk4NjY4LTczNzgxNDIuanBnfHx8fHx8fHx8fHw2NDB4NDgw.jpg"}]}},{"ad_id":"888309","reg_year":"2004","make":"Volkswagen","model":"Bora","variant":"1.9 TDI Sport 130BHP 6 Speed 04DR","mileage":"117000","engine_size":"1.9","fuel_type":"Diesel","body_type":"Saloon","colour":"000000","location":"Tipperary","price":"\u20ac 4,750","images":{"base_url":"http:\/\/i0.carsie.ie\/","image_list":[{"thumb":"MGY2NGRlODBmN2NkYWI4M2Q3MTY5MTdjMDAzZmI3Y2SnIDotNVguj0fcHlP4f1mmODg4MzA5LTcyMzYwNjAuanBnfHx8fHx8OTJ4Njl8fHx8fA==.jpg","main":"NDdkODgxN2M1ZGJkMjM4NWE5Nzg4NzBiMWE5YzRiNjR0INg3zYbml6RPs1J4uuxzODg4MzA5LTcyMzYwNjAuanBnfHx8fHx8fHx8fHw0MDB4MzAw.jpg","large":"MzRmZmM1MGIzZmEwYTE5OTRlYWU4MmE1YTg1ZTc3ZGNNT1NUcQELhcObOmHpKrFRODg4MzA5LTcyMzYwNjAuanBnfHx8fHx8fHx8fHw2NDB4NDgw.jpg"}]}},{"ad_id":"833964","reg_year":"2006","make":"Volkswagen","model":"Bora","variant":"1.4 75BHP 4DR 4D","mileage":"82207","engine_size":"1.4","fuel_type":"Petrol","body_type":"Saloon","colour":"e0e0e0","location":"Westmeath","price":"\u20ac 4,750","images":{"base_url":"http:\/\/i0.carsie.ie\/","image_list":[{"thumb":"MGM0NzUyZjYwNzY1MzE0OGU2ODU5MzA4NmZkZmVlZDSIrqA8gxXxt2bbQ82JGbR2ODMzOTY0LTY2MTgzNTAuanBnfHx8fHx8OTJ4Njl8fHx8fA==.jpg","main":"MGI2NTg1YjQzNDcxOTZhMjJkZmEyZTBhN2M2MTQ1NmPyxS5nz4PUAG5A2l8IrCqsODMzOTY0LTY2MTgzNTAuanBnfHx8fHx8fHx8fHw0MDB4MzAw.jpg","large":"YzU5OWIxZjhlNTNiYWM4NTE0ZGEyZWY4ODgwMDEyZDbxxqyuachxTzClTYa6heujODMzOTY0LTY2MTgzNTAuanBnfHx8fHx8fHx8fHw2NDB4NDgw.jpg"}]}},{"ad_id":"891899","reg_year":"2005","make":"Volkswagen","model":"Caddy","variant":"2.0 D 51KW DSD 6DR","mileage":"118063","engine_size":"2.0","fuel_type":"Diesel","body_type":"Van","colour":"ff0000","location":"Carlow","price":"\u20ac 4,750","images":{"base_url":"http:\/\/i0.carsie.ie\/","image_list":[{"thumb":"YWRiZGVhODMwMWMxMzU1YTg2Yjc5YzE5NGI5ODY3YWTJEgBMqUX_zVXBkexa5qu7ODkxODk5LTcyNjg0OTEuanBnfHx8fHx8OTJ4Njl8fHx8fA==.jpg","main":"Y2Y5YTU5MDI0Y2M1NGRiMTZhZTE2NTUyZGFiYTk1MjY_af1TSYEIpiWYBienEDaXODkxODk5LTcyNjg0OTEuanBnfHx8fHx8fHx8fHw0MDB4MzAw.jpg","large":"ZmE2OTI0MDhkMzM1N2E4YWIyMGZmZGM1NWRhMDNlYzQ1gD5SDn5EKQmLsORnGxDLODkxODk5LTcyNjg0OTEuanBnfHx8fHx8fHx8fHw2NDB4NDgw.jpg"}]}},{"ad_id":"882666","reg_year":"2006","make":"Volkswagen","model":"Caddy","variant":"69PS SDI 05DR","mileage":"97000","engine_size":"2.0","fuel_type":"Diesel","body_type":"Van","colour":"e0e0e0","location":"Meath","price":"\u20ac 4,750","images":{"base_url":"http:\/\/i0.carsie.ie\/","image_list":[{"thumb":"ZTlmMGE5ODkyMTQ5Nzc4ZWMwZjYzNmNhMTI1ZGM4NzENy3A9HfnBjobMQ9h8AH4YODgyNjY2LTcxNjk1NDYuanBnfHx8fHx8OTJ4Njl8fHx8fA==.jpg","main":"ZjFiYTAzMDZlMWIzMWQyMjM1MzI3ODA3MDJmZmYwZTPK36A7f3Kl6QLz8vNfT64WODgyNjY2LTcxNjk1NDYuanBnfHx8fHx8fHx8fHw0MDB4MzAw.jpg","large":"OTAxODY2N2VlMTkwYmVkMGVhMWVkYWM5OGYyNTZmZDEjVh3b4yISIS5dzfH7kkPYODgyNjY2LTcxNjk1NDYuanBnfHx8fHx8fHx8fHw2NDB4NDgw.jpg"}]}},{"ad_id":"895241","reg_year":"2004","make":"Volkswagen","model":"Golf","variant":"1.4 75BHP 5DR","mileage":"126000","engine_size":"1.4","fuel_type":"Petrol","body_type":"Hatchback","colour":"ff0000","location":"Dublin","price":"\u20ac 4,750","images":{"base_url":"http:\/\/i0.carsie.ie\/","image_list":[{"thumb":"MzZiY2Q2ZmI4ZjY3NWJlMmU4ZTA0NDRmZTQxYWEyZDlkC_TXwJLHXAlb2Sq84yDaODk1MjQxLTczMjE2OTYuanBnfHx8fHx8OTJ4Njl8fHx8fA==.jpg","main":"NDAyZmY0ZGY4ZmIzNGEyMTA3MjJkMzlhMGRhMGM5MjCieA2T0RJxkOqs88AkQDZdODk1MjQxLTczMjE2OTYuanBnfHx8fHx8fHx8fHw0MDB4MzAw.jpg","large":"NmE4YmE2YWJkMTk2MDYzOWU0ZjVjZTYzYjhlZDliODE4aMtws3nx9Y2ca769VFdlODk1MjQxLTczMjE2OTYuanBnfHx8fHx8fHx8fHw2NDB4NDgw.jpg"}]}},{"ad_id":"836310","reg_year":"2003","make":"Volkswagen","model":"Golf","variant":"MATCH","mileage":"96757","engine_size":"1.6","fuel_type":"Petrol","body_type":"Hatchback","colour":"e0e0e0","location":"Wicklow","price":"\u20ac 4,750","images":{"base_url":"http:\/\/i0.carsie.ie\/","image_list":[{"thumb":"MDAzMzhjYTk5NzRkNmRmZDU5MmY3ODEzYzdhM2FmZjAKyv3ZVG8nWKumDGrQBBCuODM2MzEwLTY3MTc1NzAuanBnfHx8fHx8OTJ4Njl8fHx8fA==.jpg","main":"ZjVjYWJmYmI2ODNmN2QxZjMzMTdjYWFkMmM1ODgxN2S3l5yCbNvEe__fQhnJ3iCIODM2MzEwLTY3MTc1NzAuanBnfHx8fHx8fHx8fHw0MDB4MzAw.jpg","large":"N2FkZDJjMTZlMWZlZWQzNDU2YTEwZDlhMDgwNmVmOTD9t1nhfFADFQerVf24hB8QODM2MzEwLTY3MTc1NzAuanBnfHx8fHx8fHx8fHw2NDB4NDgw.jpg"}]}},{"ad_id":"896391","reg_year":"2004","make":"Volkswagen","model":"Passat","variant":null,"mileage":"143000","engine_size":"1.9","fuel_type":"Diesel","body_type":null,"colour":"e0e0e0","location":"Galway","price":"\u20ac 4,750","images":{"base_url":"http:\/\/i0.carsie.ie\/","image_list":[{"thumb":"MDE3OTY3ZGQ2ZmZjMmMxMGViMDA0MGQwODc3ODI0ODQQjasAuIVwCHjIdenzNW96ODk2MzkxLTczNjkzMjEuanBnfHx8fHx8OTJ4Njl8fHx8fA==.jpg","main":"MDRjNTAxODBlMDgxMTQzNjM5ZjZlYjdlZTBhYmVhNmZ8kRQFujLad0BSEHfDSJNoODk2MzkxLTczNjkzMjEuanBnfHx8fHx8fHx8fHw0MDB4MzAw.jpg","large":"M2FmMDRkOTY0YTllNTcwYTFmNmMxZmQxNmRhYjFmNzC6c_xrbrm3c9LBazv08d6AODk2MzkxLTczNjkzMjEuanBnfHx8fHx8fHx8fHw2NDB4NDgw.jpg"}]}},{"ad_id":"891860","reg_year":"2004","make":"Volkswagen","model":"Passat","variant":"SAL 1.9tdi *MICHAEL DAFFY CAR SALES*","mileage":"138000","engine_size":"1.9","fuel_type":"Diesel","body_type":"Saloon","colour":"000000","location":"Limerick","price":"\u20ac 4,750","images":{"base_url":"http:\/\/i0.carsie.ie\/","image_list":[{"thumb":"ZWYzNDlhNTkzZTY2YTA0YjU4NjA2NDA3OGM5OGY1ODmuchPAOPSF_DfJZWGxIa4eODkxODYwLTcyNjgwMTIuanBnfHx8fHx8OTJ4Njl8fHx8fA==.jpg","main":"ZGRhMDA1ZjZhMGVmMzI0MzM0NzMzOWQ2NzdkMTFhMzATxZiJwkgek97x87-foXpAODkxODYwLTcyNjgwMTIuanBnfHx8fHx8fHx8fHw0MDB4MzAw.jpg","large":"NWQxM2Q3NjBjZjhiMWQ1ZjZiMjlhMWViNDZlYzAxZWKLVjobIAKeY0TOe-VZWzSgODkxODYwLTcyNjgwMTIuanBnfHx8fHx8fHx8fHw2NDB4NDgw.jpg"}]}},{"ad_id":"881900","reg_year":"2005","make":"Volkswagen","model":"Passat","variant":"HIGHLINE","mileage":"170234","engine_size":"1.9","fuel_type":"Diesel","body_type":"Saloon","colour":"0000c0","location":"Westmeath","price":"\u20ac 4,750","images":{"base_url":"http:\/\/i0.carsie.ie\/","image_list":[{"thumb":"YmUwMmFmZWY1ODEyZGM4MjM3NmRkOTZhOTAzNzRlNzOShaFM4DL4MjMx-OGZ3wIWODgxOTAwLTcxNTg4NTMuanBnfHx8fHx8OTJ4Njl8fHx8fA==.jpg","main":"ZTdmNDU4ZjBjNGI5ZTljNGRmYTlmMGZlZTM3YmZjMzLuDR6aOZQec8L_mUJULRaXODgxOTAwLTcxNTg4NTMuanBnfHx8fHx8fHx8fHw0MDB4MzAw.jpg","large":"OTdmNTY5MDM2Y2EyZTE5MjU2ZDg5ZDUyNjFmOGI1MmGtakX_egnqiH797niXh4HeODgxOTAwLTcxNTg4NTMuanBnfHx8fHx8fHx8fHw2NDB4NDgw.jpg"}]}},{"ad_id":"891775","reg_year":"2002","make":"Volvo","model":"C70","variant":"C70 CABRIOLET 2.0TQ *JOHN KEOGH CARS*","mileage":"100865","engine_size":"2.0","fuel_type":"Petrol","body_type":"Cabriolet \/ Convertible","colour":"0000c0","location":"Dublin","price":"\u20ac 4,750","images":{"base_url":"http:\/\/i0.carsie.ie\/","image_list":[{"thumb":"ZTJjMGNlYTQxZTFkZGQ4ZDlmOWEzY2U2ZDEwMTJhZTKaqShd0L2Ix_02-TCL-SINODkxNzc1LTczNTY1MzEuanBnfHx8fHx8OTJ4Njl8fHx8fA==.jpg","main":"MTIyNWE5MGI3Zjc2YWJkODcyMzdkZWY4ZWRmNzdlMmaGq4iOWg7oo6kG_5FHR9ANODkxNzc1LTczNTY1MzEuanBnfHx8fHx8fHx8fHw0MDB4MzAw.jpg","large":"OGVlODc3ZjdlYzEzZDMyZjljOTIyMWRlOGE5MmJmZDGHNbi_RgMEb46WQCShlwfEODkxNzc1LTczNTY1MzEuanBnfHx8fHx8fHx8fHw2NDB4NDgw.jpg"}]}},{"ad_id":"624966","reg_year":"2003","make":"Volvo","model":"V70","variant":"ESTATE 4 WHEEL DRIVE","mileage":"93000","engine_size":"2.5","fuel_type":"Petrol","body_type":"Estate","colour":"ff0000","location":"Dublin","price":"\u20ac 4,750","images":{"base_url":"http:\/\/i0.carsie.ie\/","image_list":[{"thumb":"MjcwYzkzYjFlYjRmYmZlMTZlZWZmMWQwYzM0Y2VhYmKC7YjbDbbZczRCgG0cQiW-NjI0OTY2LTQyNTcwNDguanBnfHx8fHx8OTJ4Njl8fHx8fA==.jpg","main":"NTAyZDI5MjUzYjY3NTU1ZmNjMGU3NmE3MGQ4NjgzNTH2owHwOpK53kqr-bWNY482NjI0OTY2LTQyNTcwNDguanBnfHx8fHx8fHx8fHw0MDB4MzAw.jpg","large":"OWY3OWRhMzQyNDEyNTNiNGRjYjkyYTI1NjM2ZDViMmNpsv3iP79XqCmDpX9P1LSdNjI0OTY2LTQyNTcwNDguanBnfHx8fHx8fHx8fHw2NDB4NDgw.jpg"}]}},{"ad_id":"855444","reg_year":"2006","make":"Opel","model":"Vivaro","variant":"DI 2700 SWB","mileage":"110000","engine_size":"1.9","fuel_type":"Diesel","body_type":"Hatchback","colour":"ffffff","location":"Louth","price":"\u20ac 4,751","images":{"base_url":"http:\/\/i0.carsie.ie\/","image_list":[{"thumb":"OTkyMDEwMjZiYTNhZTMyYzQ1M2ZkNDk3YTdhNjgwYTdj1k_TMvDwqtOOjeHfH1ILODU1NDQ0LTY4NTU3ODAuanBnfHx8fHx8OTJ4Njl8fHx8fA==.jpg","main":"MGYwZjhkODBlZTg1YWViZDhhODIwNDY3YjRhMjE2NjVadsUwZTnK9lC6FOO0ZomuODU1NDQ0LTY4NTU3ODAuanBnfHx8fHx8fHx8fHw0MDB4MzAw.jpg","large":"ZjA2ODNkOGMyZWI1ZGFkYzMyMzE3YjhjN2U3MDE1Y2QQOpe-UzkirqRedyhSJ8wnODU1NDQ0LTY4NTU3ODAuanBnfHx8fHx8fHx8fHw2NDB4NDgw.jpg"}]}},{"ad_id":"851540","reg_year":"2004","make":"Saab","model":"9-3","variant":"1.8T Vector Convertibe AUTO\/LEATHER","mileage":"117920","engine_size":"2.0","fuel_type":"Petrol","body_type":"Cabriolet \/ Convertible","colour":"000000","location":"Dublin","price":"\u20ac 4,775","images":{"base_url":"http:\/\/i0.carsie.ie\/","image_list":[{"thumb":"MGQ2YjdkN2YwZDNkM2FlM2VlODgyZjc0NWRlYTUxZDfER8DnO0hT_iw5GYE2bhl2ODUxNTQwLTY4MjU0ODcuanBnfHx8fHx8OTJ4Njl8fHx8fA==.jpg","main":"ZjUzZTFhZjYyM2JjNTdlZjk1YmZmZDEwYmI4ODg4YzYrZtCHsQxO_weMLJ_pf-g7ODUxNTQwLTY4MjU0ODcuanBnfHx8fHx8fHx8fHw0MDB4MzAw.jpg","large":"MTViNDJlN2E4M2M1ZjNkNjdmZDI1YWJhODJlNzM2ODgxCzN6IqppKxNbX5HkTm9uODUxNTQwLTY4MjU0ODcuanBnfHx8fHx8fHx8fHw2NDB4NDgw.jpg"}]}},{"ad_id":"885389","reg_year":"2006","make":"Saab","model":"9-3","variant":"1.8I Linear MY05 4DR","mileage":"99422","engine_size":"1.8","fuel_type":"Petrol","body_type":"Saloon","colour":"000000","location":"Dublin","price":"\u20ac 4,775","images":{"base_url":"http:\/\/i0.carsie.ie\/","image_list":[{"thumb":"ZjFmODZmMzZlOWMzODM0ZDg5NDA2ZWQyOWY3NzEwMjC8kYvnra-Y3neZzK3CdsEQODg1Mzg5LTcyMjk5NDIuanBnfHx8fHx8OTJ4Njl8fHx8fA==.jpg","main":"OTNmMWRiYjcyNjE1MWNhZjk1YjgwN2M3NDc1ZWRmYzYyXlD9B50liUnfai9zkYJvODg1Mzg5LTcyMjk5NDIuanBnfHx8fHx8fHx8fHw0MDB4MzAw.jpg","large":"YmM5N2ZjZWU3ZWFjNDJhNzNlNzQxYzUzODkzYjE3MjbALHk3bi2A-HLJDp8UZfc_ODg1Mzg5LTcyMjk5NDIuanBnfHx8fHx8fHx8fHw2NDB4NDgw.jpg"}]}}]}