{"total":"23408","result":[{"ad_id":"855596","reg_year":"2007","make":"Mini","model":"One","variant":"VERY CLEAN CAR. NEW NCT 2015.","mileage":"64002","engine_size":"1.4","fuel_type":"Petrol","body_type":"Hatchback","colour":"ffffff","location":"Cork","price":"\u20ac 8,950","images":{"base_url":"http:\/\/i0.carsie.ie\/","image_list":[{"thumb":"MDQzNDdiYjJjNDk2NjI4NzY3ZWExNTJiZmIxZDRlYThmQCURE57d3PWRdRBBHfAzODU1NTk2LTY4NzQ5MjUuanBnfHx8fHx8OTJ4Njl8fHx8fA==.jpg","main":"YTdhOTk1N2U4YmMyNWNjMzFlNDFlNWM3OGY2NzY0ZDZ0p2VeLyA170olotiPoHheODU1NTk2LTY4NzQ5MjUuanBnfHx8fHx8fHx8fHw0MDB4MzAw.jpg","large":"YThhYzYzZTZhZWJhM2MwY2IxZjY5ZDg1NGUzNmJmZjSqi0zsWYDywmu-cpggo1bhODU1NTk2LTY4NzQ5MjUuanBnfHx8fHx8fHx8fHw2NDB4NDgw.jpg"}]}},{"ad_id":"901640","reg_year":"2010","make":"Mitsubishi","model":"Colt","variant":"1.1 Invite 3DR","mileage":"17398","engine_size":"1.1","fuel_type":"Petrol","body_type":"Hatchback","colour":"0000c0","location":"Westmeath","price":"\u20ac 8,950","images":{"base_url":"http:\/\/i0.carsie.ie\/","image_list":[{"thumb":"ZDI5ZjIxOTk4MTQzNDc5YzY2OGJlOTc2ZjM2YzgxZDNpw7sppJnj_941ggj4-ltOOTAxNjQwLTc0MjIwMjIuanBnfHx8fHx8OTJ4Njl8fHx8fA==.jpg","main":"YTAxNWU5ZWFlODhmNWM5MDAwZTU4MzExMDg2ZGRhNDcbKqg8j579cYNLquliymtXOTAxNjQwLTc0MjIwMjIuanBnfHx8fHx8fHx8fHw0MDB4MzAw.jpg","large":"OGNlNjM5MjdjMWMzNGY4ZTk2MGU5Y2U5YjVhNTg4MDjfb24SbUcDkU5OrW7Q6QjFOTAxNjQwLTc0MjIwMjIuanBnfHx8fHx8fHx8fHw2NDB4NDgw.jpg"}]}},{"ad_id":"871688","reg_year":"2007","make":"Mitsubishi","model":"L200","variant":"CR Intense 4DR","mileage":"142919","engine_size":"2.5","fuel_type":"Diesel","body_type":"Hatchback","colour":"e0e0e0","location":"Dublin","price":"\u20ac 8,950","images":{"base_url":"http:\/\/i0.carsie.ie\/","image_list":[{"thumb":"OWUxYjc0NDQyMmI4MTJlNzA4MGM2MzYyMmQ4MjJhYTidPDCxWa28Ej4zD2h86YzRODcxNjg4LTcwMzg4NzkuanBnfHx8fHx8OTJ4Njl8fHx8fA==.jpg","main":"MzFlZWIyMDhhNmJmZGE2NTc1M2M5YWZjMjEzNDMwN2WTSeOhU8LtwZ_FAdc_pUXSODcxNjg4LTcwMzg4NzkuanBnfHx8fHx8fHx8fHw0MDB4MzAw.jpg","large":"Mzk3Zjk0OGRlYmVmMjk1NGMxYjdlOTJjNDNlZTE4ZDCVJ_SpHS3qZkDVIBKiuhCwODcxNjg4LTcwMzg4NzkuanBnfHx8fHx8fHx8fHw2NDB4NDgw.jpg"}]}},{"ad_id":"896503","reg_year":"2008","make":"Mitsubishi","model":"Lancer","variant":"1.5 Intense","mileage":"64002","engine_size":"1.5","fuel_type":"Petrol","body_type":"Saloon","colour":"ff0000","location":"Dublin","price":"\u20ac 8,950","images":{"base_url":"http:\/\/i0.carsie.ie\/","image_list":[{"thumb":"ZDFkNzQxZDE3OGYzOGU5OTEwMGFmMDMwNzE1MzYxNDPX-1x4pEe4LnKHyOrrWaRCODk2NTAzLTczNDI4NjcuanBnfHx8fHx8OTJ4Njl8fHx8fA==.jpg","main":"NWJmYTA3YmQ2ZDUwZGFjZjRhMWE1M2E2MzE0YTNiOTKrswkcZbATiDxC-BZxMS6_ODk2NTAzLTczNDI4NjcuanBnfHx8fHx8fHx8fHw0MDB4MzAw.jpg","large":"ODI0ODUwY2QxNDBmNDlmM2MyMzUzYzBmN2Q2Mjc1MDHxAZfU793FcM6YAhETldZGODk2NTAzLTczNDI4NjcuanBnfHx8fHx8fHx8fHw2NDB4NDgw.jpg"}]}},{"ad_id":"862067","reg_year":"2005","make":"Mitsubishi","model":"Pajero","variant":"SWB","mileage":"72081","engine_size":"2.5","fuel_type":"Diesel","body_type":"SUV","colour":"858585","location":"Cork","price":"\u20ac 8,950","images":{"base_url":"http:\/\/i0.carsie.ie\/","image_list":[{"thumb":"NGFjZmRkMDJmZTAxMDkzODFhZGJlNmJjODJhMWI1YjVtndKwoTUPlZrDHdMqP03-ODYyMDY3LTcxMTM3OTYuanBnfHx8fHx8OTJ4Njl8fHx8fA==.jpg","main":"OTY4OTY5MDUzOGFiMmFkYTQxOTcyYTEyYzRjYjk4Zjg3ePuZ65fXyFh7qfmur1vTODYyMDY3LTcxMTM3OTYuanBnfHx8fHx8fHx8fHw0MDB4MzAw.jpg","large":"ODgyZTMwMzYxNTc3OTdlNzk3YTMwYTE1ZjM0Y2YwMGF7QK3CMUWSgHkl6E6pW4JnODYyMDY3LTcxMTM3OTYuanBnfHx8fHx8fHx8fHw2NDB4NDgw.jpg"}]}},{"ad_id":"820904","reg_year":"2006","make":"Mitsubishi","model":"Pajero","variant":"Commercial CK 3.2 Comm","mileage":"66000","engine_size":"3.2","fuel_type":"Diesel","body_type":"SUV","colour":"000000","location":"Dublin","price":"\u20ac 8,950","images":{"base_url":"http:\/\/i0.carsie.ie\/","image_list":[{"thumb":"MTk2MTczYjAzNTIyMmZlMjcyMjVlMGViYTA3MjMwMjBkZd_n2UlNcd9KYSooEDyHODIwOTA0LTY0NjI0NTAuanBnfHx8fHx8OTJ4Njl8fHx8fA==.jpg","main":"ZjBkNGFlYjg4Y2JkYTQxZjlhOGM1NWYyZTJiZjAyYWNrHMhr6avcpq1B7eJxseuXODIwOTA0LTY0NjI0NTAuanBnfHx8fHx8fHx8fHw0MDB4MzAw.jpg","large":"Y2M0YzcxMmQwNjgyNTcwNDA1ZmZhMmRiZTM1N2NjOGJV_s767laSSSGuUwF2klD3ODIwOTA0LTY0NjI0NTAuanBnfHx8fHx8fHx8fHw2NDB4NDgw.jpg"}]}},{"ad_id":"880787","reg_year":"2005","make":"Mitsubishi","model":"Pajero","variant":"CK 3.2 COMMERCIAL","mileage":"87613","engine_size":"3.2","fuel_type":"Diesel","body_type":"Hatchback","colour":"e0e0e0","location":"Dublin","price":"\u20ac 8,950","images":{"base_url":"http:\/\/i0.carsie.ie\/","image_list":[{"thumb":"YjhmNjAwOGJjYTA2M2IxMjgzMzFmNTQ0OTExNmM5NzVwo3K57IYWqUO5L8Vep9LVODgwNzg3LTcxNzk0NDkuanBnfHx8fHx8OTJ4Njl8fHx8fA==.jpg","main":"NDkzYzBhYTAzNDA2NjlmYzdiNjlmYjYxYjY3ZDE4MzCUNF2hSd1Tc3PYGujhwFXtODgwNzg3LTcxNzk0NDkuanBnfHx8fHx8fHx8fHw0MDB4MzAw.jpg","large":"Zjg1ODUwYTkwNjAwZmRhNDcxMzk1M2YwNmE3M2YyODKWzAmmkgtyZHm21AqHx3KLODgwNzg3LTcxNzk0NDkuanBnfHx8fHx8fHx8fHw2NDB4NDgw.jpg"}]}},{"ad_id":"899604","reg_year":"2007","make":"Mitsubishi","model":"Pajero","variant":"3.2 LWB Comm","mileage":"74566","engine_size":"3.2","fuel_type":"Diesel","body_type":"SUV","colour":"e0e0e0","location":"Dublin","price":"\u20ac 8,950","images":{"base_url":"http:\/\/i0.carsie.ie\/","image_list":[{"thumb":"OTk5ZWZkNjg1ZDFhYWMyYWY5ZDg2NGUwZmYxNWIyMje_mxyNCwnUMeKH1Qu1M-QRODk5NjA0LTczODA3NjIuanBnfHx8fHx8OTJ4Njl8fHx8fA==.jpg","main":"ODFmMWRmMDQwNjU1MzQ3NzA1ZTQ1MTQxNDc1MGM4MDV0ApOIP5gQnaPt4Pe86jlbODk5NjA0LTczODA3NjIuanBnfHx8fHx8fHx8fHw0MDB4MzAw.jpg","large":"NmJlMWJmYWU3MTMwMjQxMzljNDIwYTlmMTM0ODY5ODgK1vKNl69xsklkSWijQ0DfODk5NjA0LTczODA3NjIuanBnfHx8fHx8fHx8fHw2NDB4NDgw.jpg"}]}},{"ad_id":"741620","reg_year":"2006","make":"Mitsubishi","model":"Pajero","variant":null,"mileage":"161690","engine_size":"3.2","fuel_type":"Diesel","body_type":null,"colour":"e0e0e0","location":"Galway","price":"\u20ac 8,950","images":{"base_url":"http:\/\/i0.carsie.ie\/","image_list":[{"thumb":"MWI0NzkxYTc4N2U3OGU0MzQ3NTlmM2JiYzZmM2NiODRPz9CrN_y1_6aqn6G4o2KiNzQxNjIwLTU0Njg0NTIuanBnfHx8fHx8OTJ4Njl8fHx8fA==.jpg","main":"NjAxNzg4YjAzNjMzNWQzMzZiNjMyZmY0OThhYTBkMzJRWk6DTbcuPYXynvXH7lQ8NzQxNjIwLTU0Njg0NTIuanBnfHx8fHx8fHx8fHw0MDB4MzAw.jpg","large":"Yjk4M2U4NTFkZDM0MmJiMmFiN2RkNGVhNDJiYjIyN2GsGfBlmT4xmkX1x9Dk6K7NNzQxNjIwLTU0Njg0NTIuanBnfHx8fHx8fHx8fHw2NDB4NDgw.jpg"}]}},{"ad_id":"849206","reg_year":"2006","make":"Mitsubishi","model":"Pajero","variant":"Sport Passenger","mileage":"77673","engine_size":"2.5","fuel_type":"Diesel","body_type":"Estate","colour":"000000","location":"Wicklow","price":"\u20ac 8,950","images":{"base_url":"http:\/\/i0.carsie.ie\/","image_list":[{"thumb":"MWRkYWZjNWFkZmViNzQ2ZjU1ZjA4ZTgwN2MxYjAwNzfR59olmaN1cqWfrQ-tbxJYODQ5MjA2LTY4MzcxNjQuanBnfHx8fHx8OTJ4Njl8fHx8fA==.jpg","main":"NmUwYjRkM2NiZGIzZTBlMjQ0MDU3YTg2MTJkZjdjNThISTQro4xciaeSoet1Gx7aODQ5MjA2LTY4MzcxNjQuanBnfHx8fHx8fHx8fHw0MDB4MzAw.jpg","large":"YzZiN2NiNDY4MTQ2NTlhM2RmYWZiYWUxNjhiZjE2MjX9I54gzLm-s89iVVcAGw4AODQ5MjA2LTY4MzcxNjQuanBnfHx8fHx8fHx8fHw2NDB4NDgw.jpg"}]}},{"ad_id":"895342","reg_year":"2006","make":"Mitsubishi","model":"Pajero","variant":"3.2 SWB 3DR","mileage":"96315","engine_size":"3.2","fuel_type":"Diesel","body_type":"SUV","colour":"000000","location":"Wicklow","price":"\u20ac 8,950","images":{"base_url":"http:\/\/i0.carsie.ie\/","image_list":[{"thumb":"ODhlNGJlZDgxY2RjNTJjNmRkMTkwYjM3ZjlmNWYzMja8WxvUilgU4XuRZVQiEMTPODk1MzQyLTczMjMxMzEuanBnfHx8fHx8OTJ4Njl8fHx8fA==.jpg","main":"YzZhMjU0YzEzYzE5NTdkOTE4OGY4MmQyNzlmOTU5YWJ7tiX6foYcorI0XGBMF-PVODk1MzQyLTczMjMxMzEuanBnfHx8fHx8fHx8fHw0MDB4MzAw.jpg","large":"ZjIzYjM5ZmUzN2VmMWNmMWQzYTU5MTk5OWU2ODE1NDfvf8QoLfvIJZkcvx4lfYcuODk1MzQyLTczMjMxMzEuanBnfHx8fHx8fHx8fHw2NDB4NDgw.jpg"}]}},{"ad_id":"889369","reg_year":"2009","make":"Nissan","model":"Micra","variant":"NISSAN MICRA 1.2 SV","mileage":"12000","engine_size":"1.2","fuel_type":"Petrol","body_type":"Hatchback","colour":"994d00","location":"Dublin","price":"\u20ac 8,950","images":{"base_url":"http:\/\/i0.carsie.ie\/","image_list":[{"thumb":"Y2ExYjAxZjdhM2U1MWJhZDFkYmNjZjNlZDZiNGViNDjGInjGTPNxS8fOo3O0vIJYODg5MzY5LTcyNDI2MTguanBnfHx8fHx8OTJ4Njl8fHx8fA==.jpg","main":"MmQ0NDA3ZTRjNTk1NjNhYjdiN2M2NWEyNDAxMTVmMWY9ZOQS9PE76WBZLYMM_sXMODg5MzY5LTcyNDI2MTguanBnfHx8fHx8fHx8fHw0MDB4MzAw.jpg","large":"OThkYTRlYjllNTVjMWIwZTdlMzcwZTk3ZTkxYzYzYjMH3yuqPEqwjn-ejM1a1ekVODg5MzY5LTcyNDI2MTguanBnfHx8fHx8fHx8fHw2NDB4NDgw.jpg"}]}},{"ad_id":"882994","reg_year":"2010","make":"Nissan","model":"Micra","variant":"1.2 Visia 5DR","mileage":"23101","engine_size":"1.2","fuel_type":"Petrol","body_type":"Hatchback","colour":"e0e0e0","location":"Meath","price":"\u20ac 8,950","images":{"base_url":"http:\/\/i0.carsie.ie\/","image_list":[{"thumb":"NmU5NmY0ZGRmNTg1MjFhOWFjY2JmOGRlNjUzZjBlYWZmeZ0kKHrh31zYcPABCoHDODgyOTk0LTcxNzEyNDguanBnfHx8fHx8OTJ4Njl8fHx8fA==.jpg","main":"YWU5NzQ1ODhkMmU4NzQxODBhZDA0ZGFjNzBjODJiMDcFBbjD59PVD7L1ofU-EM18ODgyOTk0LTcxNzEyNDguanBnfHx8fHx8fHx8fHw0MDB4MzAw.jpg","large":"MjMzMzM2NjhhMDE3ZjFiYzg1ZjRlY2I1OTI1ZDA2N2ZsKdu1KSe8PFgQRBtQA0MuODgyOTk0LTcxNzEyNDguanBnfHx8fHx8fHx8fHw2NDB4NDgw.jpg"}]}},{"ad_id":"896629","reg_year":"2011","make":"Nissan","model":"Micra","variant":"1.2 XE 5DR","mileage":"43683","engine_size":"1.2","fuel_type":"Petrol","body_type":"Hatchback","colour":"0000c0","location":"Meath","price":"\u20ac 8,950","images":{"base_url":"http:\/\/i0.carsie.ie\/","image_list":[{"thumb":"MTc0OGRlODZlNTUyODJlNjEwMzU4YTY4MzRjODkxOTbzs-P_6Dxiqz4H1YJ6e5SdODk2NjI5LTczNTA1MzQuanBnfHx8fHx8OTJ4Njl8fHx8fA==.jpg","main":"NTIyZTBkZDg2ZTU4ZTcyZjkwZGMzZDUzOTc1ZmVmOTj7fFCdY7YJF5zEExdTi__hODk2NjI5LTczNTA1MzQuanBnfHx8fHx8fHx8fHw0MDB4MzAw.jpg","large":"YzdjZDJmOGE4MmM3ODYzOGM4ODAwY2EzMTE0MWIzOTak4BospQiVPWnotsHDllw3ODk2NjI5LTczNTA1MzQuanBnfHx8fHx8fHx8fHw2NDB4NDgw.jpg"}]}},{"ad_id":"876316","reg_year":"2008","make":"Nissan","model":"Note","variant":"1.6 5DR SXE Auto 08 5DR Auto","mileage":"12889","engine_size":"1.6","fuel_type":"Petrol","body_type":"Hatchback","colour":"ff0000","location":"Dublin","price":"\u20ac 8,950","images":{"base_url":"http:\/\/i0.carsie.ie\/","image_list":[{"thumb":"YTllZjMxZjI4ZTA2MDE5ZGQ1NzVkMzY2NGI4ZDZmZTlCd5ImMKYrVZQme17XtI9HODc2MzE2LTcyMzMyMTguanBnfHx8fHx8OTJ4Njl8fHx8fA==.jpg","main":"N2RkYjgwNTQ2MTY4ZGZlZGMzZGVlNDRmNTRjNDA0MWOGQ2urrxwGKMjw5YgLMIAfODc2MzE2LTcyMzMyMTguanBnfHx8fHx8fHx8fHw0MDB4MzAw.jpg","large":"ODZhZTRmYmIxOWIyMjQ2ZGFiYmQ4MjQwZGRhZTFhM2ZpiUcy8meWS5pb8XQUcHGJODc2MzE2LTcyMzMyMTguanBnfHx8fHx8fHx8fHw2NDB4NDgw.jpg"}]}},{"ad_id":"884959","reg_year":"2008","make":"Nissan","model":"Note","variant":"1.5 Diesel SVE LOW TAX . LIKE NEW.","mileage":"68000","engine_size":"1.5","fuel_type":"Diesel","body_type":"Hatchback","colour":"0000c0","location":"Dublin","price":"\u20ac 8,950","images":{"base_url":"http:\/\/i0.carsie.ie\/","image_list":[{"thumb":"OTBmODhkYTI3ZjI3ZGQwZjI0YTU4ZmM3ZGQ5ZjZhMWFX6-3d5kGsxtcUSlXlAUfiODg0OTU5LTcyMDE5MTguanBnfHx8fHx8OTJ4Njl8fHx8fA==.jpg","main":"NTIxMjJiZTI3YjkzM2FlMWU2ZGM1ODhhZGZlYmNmODaq8RrY9Sa01IGGuxXaNWN-ODg0OTU5LTcyMDE5MTguanBnfHx8fHx8fHx8fHw0MDB4MzAw.jpg","large":"MmRlMmU5MzY4YzQyMTNlYzJjOTA2Njc4NmE4NDU0OWRylaT3mzH4fYdNVtsvzw8WODg0OTU5LTcyMDE5MTguanBnfHx8fHx8fHx8fHw2NDB4NDgw.jpg"}]}},{"ad_id":"892647","reg_year":"2008","make":"Nissan","model":"Pathfinder","variant":"2.5 XE 07","mileage":"149754","engine_size":"2.5","fuel_type":"Diesel","body_type":"Van","colour":"000000","location":"Cork","price":"\u20ac 8,950","images":{"base_url":"http:\/\/i0.carsie.ie\/","image_list":[{"thumb":"YTAwYTdjZDkxZDc1OGUwOGYwZWQ5NDYwMTY4ODQzMTZ86FfgPUHnt3Ps_kaNpA-BODkyNjQ3LTcyNzQ1NzQuanBnfHx8fHx8OTJ4Njl8fHx8fA==.jpg","main":"ZDg5NjhiMDg1ZTAxZWQ4YzRlY2I1OTlmOTE1ZmU2MjmtsjfPIV92EPbg3W9k1xpmODkyNjQ3LTcyNzQ1NzQuanBnfHx8fHx8fHx8fHw0MDB4MzAw.jpg","large":"Yjc3NGI4YjdlYmI3MGQ1ZGMxYzkzYjcyNjYwZTU2NWIl5ebakdoPPhggNyeL2Kb-ODkyNjQ3LTcyNzQ1NzQuanBnfHx8fHx8fHx8fHw2NDB4NDgw.jpg"}]}},{"ad_id":"889252","reg_year":"2007","make":"Nissan","model":"Qashqai","variant":"1.6 SE","mileage":"55000","engine_size":"1.6","fuel_type":"Petrol","body_type":"Hatchback","colour":"e0e0e0","location":"Cork","price":"\u20ac 8,950","images":{"base_url":"http:\/\/i0.carsie.ie\/","image_list":[{"thumb":"MTE2YmZlMzIzZjI1NmE1M2MzZjkyODc2NDI4M2IyNDZPfdWFWZZAR9QVHFHnIoZTODg5MjUyLTczMjMzMTYuanBnfHx8fHx8OTJ4Njl8fHx8fA==.jpg","main":"MTcyYWVhOGM5ZTQ1NDcyMDYxNjEwZjExMDMwNzkxZGMf2bdJVFnS2feGgKgnRUwKODg5MjUyLTczMjMzMTYuanBnfHx8fHx8fHx8fHw0MDB4MzAw.jpg","large":"N2NlZmE3YTY3YTE5OGQ1ODg1ZDJiMDVkYmJmNTZmZTE_dohp1lw4N9sgiqy8ZTHTODg5MjUyLTczMjMzMTYuanBnfHx8fHx8fHx8fHw2NDB4NDgw.jpg"}]}},{"ad_id":"887590","reg_year":"2007","make":"Nissan","model":"Qashqai","variant":"2.0 PET CVT AUTOMATIC","mileage":"57789","engine_size":"2.0","fuel_type":"Petrol","body_type":"Hatchback","colour":"ff0000","location":"Dublin","price":"\u20ac 8,950","images":{"base_url":"http:\/\/i0.carsie.ie\/","image_list":[{"thumb":"MjRmODFlOWY4ODc0NjllYTY0OTEzZjVmYmRlZWZlNTGtSqWOqBp1OHQOY28N6PyTODg3NTkwLTcyMjY3NDIuanBnfHx8fHx8OTJ4Njl8fHx8fA==.jpg","main":"NmY0Y2I2OTFmYTAwNTlhMzM5ZjlkNjlkMTYxYmFjNjn2_LMKKby2W9viQ4ErBH6DODg3NTkwLTcyMjY3NDIuanBnfHx8fHx8fHx8fHw0MDB4MzAw.jpg","large":"ODZiYzBhMmU3MTFkMWJjMmU4Mzg0N2E5ZTcyZGRjNzLqV6WG3VPbykTluf2SBKQIODg3NTkwLTcyMjY3NDIuanBnfHx8fHx8fHx8fHw2NDB4NDgw.jpg"}]}},{"ad_id":"890758","reg_year":"2008","make":"Nissan","model":"Tiida","variant":null,"mileage":"70836","engine_size":"1.5","fuel_type":"Diesel","body_type":null,"colour":"000000","location":"Cork","price":"\u20ac 8,950","images":{"base_url":"http:\/\/i0.carsie.ie\/","image_list":[{"thumb":"MDAzZTM3MzdkMzI4MTZlMmZjOTY2ZWJlMTY1MDg5MjFkJn6dDm-O5b5fJLPs4I8UODkwNzU4LTcyNTc3MjguanBnfHx8fHx8OTJ4Njl8fHx8fA==.jpg","main":"YTg3MDdkM2RhM2VhNWQyNTNlOGI3MWQ1YWQ0OTk1ODMUJUlYF-TZBZV8evh6JeGdODkwNzU4LTcyNTc3MjguanBnfHx8fHx8fHx8fHw0MDB4MzAw.jpg","large":"OTJhNmFmOGZiYzdhYzI3ZmVhMTZmNWRjYWUyZjMyOWYiQ5NQMefp0962fVcwh8f_ODkwNzU4LTcyNTc3MjguanBnfHx8fHx8fHx8fHw2NDB4NDgw.jpg"}]}}]}