{"total":"23408","result":[{"ad_id":"418022","reg_year":"1998","make":"Skoda","model":"Felicia","variant":"","mileage":"60000","engine_size":"1.4","fuel_type":"Petrol","body_type":"Hatchback","colour":"ff0000","location":"Dublin","price":"\u20ac 1,939","images":{"base_url":"http:\/\/i0.carsie.ie\/","image_list":[{"thumb":"MTkwZGJmNDNjNjdhMWIwNjYyNDMyNmJlYzM4ZGU3MzSeoli5Awz-zpx5Ax2mFtB-NDE4MDIyLTIxMjQ2NjYuanBnfHx8fHx8OTJ4Njl8fHx8fA==.jpg","main":"N2Q0ZGFhMTYyNWI5MzlkNGEyYzk4YTdkYWIzMzdhYWPmRmrrKEplEBMYz0C0_DJINDE4MDIyLTIxMjQ2NjYuanBnfHx8fHx8fHx8fHw0MDB4MzAw.jpg","large":"YWQwOTg4OWI5YzYzOTI1YjhlNGFkYTQ3YmZjYjAzM2OAPjAk0DQnO8VcQf7tQADvNDE4MDIyLTIxMjQ2NjYuanBnfHx8fHx8fHx8fHw2NDB4NDgw.jpg"}]}},{"ad_id":"712321","reg_year":"2001","make":"Rover","model":"75","variant":"1.8 Club","mileage":"84000","engine_size":"1.8","fuel_type":"Petrol","body_type":"Saloon","colour":"000000","location":"Dublin","price":"\u20ac 1,940","images":{"base_url":"http:\/\/i0.carsie.ie\/","image_list":[{"thumb":"Nzc1NTk1MWYzY2FhMjIzODVlNmZhNGQxYzc0NzEyODXlUhj-yvymJBP0Tx2Pzw2SNzEyMzIxLTUwNzEyNjEuanBnfHx8fHx8OTJ4Njl8fHx8fA==.jpg","main":"YzIwNDBmZWJlNWQ2Yjc3MDdjZTMyMjQ0NTNhNjBlOTG3ZLaya1tVrKL-Bm7YHTKANzEyMzIxLTUwNzEyNjEuanBnfHx8fHx8fHx8fHw0MDB4MzAw.jpg","large":"ZjEzNDU4NWQ3N2FmYjg3ZWZiYzRhMzg5NjA5MGMxMWFZm42mHE_W8yclJE_5lpGINzEyMzIxLTUwNzEyNjEuanBnfHx8fHx8fHx8fHw2NDB4NDgw.jpg"}]}},{"ad_id":"901871","reg_year":"2000","make":"BMW","model":"316","variant":"COMPACT NCT 01 \/ 14","mileage":"62000","engine_size":"1.9","fuel_type":"Petrol","body_type":"Hatchback","colour":"ff0000","location":"Dublin","price":"\u20ac 1,945","images":{"base_url":"http:\/\/i0.carsie.ie\/","image_list":[{"thumb":"YWYzMTJmNTJkMTJhY2VkZjdhNTdmZjViZmUyZWEyYmVIRztx5nzqc-puVQqwbLbHOTAxODcxLTc0MjU4NDAuanBnfHx8fHx8OTJ4Njl8fHx8fA==.jpg","main":"OWFmZjE5N2JjN2Y1MGE2ZDI4NzA2OGJlYTg4ODYxMTe1m95E4kRjzo0rY4sTfFIJOTAxODcxLTc0MjU4NDAuanBnfHx8fHx8fHx8fHw0MDB4MzAw.jpg","large":"YzQ0MTAzNjE4NDNlYmEyMmUwNGVlODVhNTY1Nzk2MjXQYIfIlAs6RmoUggUw4cyAOTAxODcxLTc0MjU4NDAuanBnfHx8fHx8fHx8fHw2NDB4NDgw.jpg"}]}},{"ad_id":"891955","reg_year":"2002","make":"Ford","model":"Focus","variant":"Freedom 1.4","mileage":"93687","engine_size":"1.4","fuel_type":"Petrol","body_type":"Hatchback","colour":"ff0000","location":"Wicklow","price":"\u20ac 1,945","images":{"base_url":"http:\/\/i0.carsie.ie\/","image_list":[{"thumb":"NzhmMjRmNmY5ZTM0NWM2ZTI3ZWE1OTM3YTExMmQ0YjWYIIzquyk91cm05KrB7ckhODkxOTU1LTcyNjkwMTUuanBnfHx8fHx8OTJ4Njl8fHx8fA==.jpg","main":"Yjg1YWY3OGRlOTkyNWU3MmI5ODdlNTQ2Yzk3MTJlM2P7wj8dpMXLuDlif5cnjG-TODkxOTU1LTcyNjkwMTUuanBnfHx8fHx8fHx8fHw0MDB4MzAw.jpg","large":"ZjNhZjNiOWU2YWM3ZWFkOWE2MDVmNDMyYTllMmE1NjSfBy8f8nuPkTDZjun7MaAfODkxOTU1LTcyNjkwMTUuanBnfHx8fHx8fHx8fHw2NDB4NDgw.jpg"}]}},{"ad_id":"900074","reg_year":"2001","make":"Ford","model":"Mondeo","variant":"1.8 LX TAX 05\/13 & NCT 05\/14","mileage":"74000","engine_size":"1.8","fuel_type":"Petrol","body_type":"Saloon","colour":"e0e0e0","location":"Dublin","price":"\u20ac 1,945","images":{"base_url":"http:\/\/i0.carsie.ie\/","image_list":[{"thumb":"NzNiZDM0NDZlZjYxMTcwMWJhNWJmMTk2YjgyNzM4NWFTKqYLcnWExVvBv7utxWbnOTAwMDc0LTc0MTQ1MDMuanBnfHx8fHx8OTJ4Njl8fHx8fA==.jpg","main":"OWYwMzVlZGNkZmFiZDk5YzU5YjhhNTI2Nzc3NDU0MzNePkUVE3TCc7f9hL5h24VaOTAwMDc0LTc0MTQ1MDMuanBnfHx8fHx8fHx8fHw0MDB4MzAw.jpg","large":"NWQ5Mjc5OTU3OTE5NjA4Y2UzYjcwZGM5MjE2OGY3YmMN_jnQlWjDkNNJV5drWSOPOTAwMDc0LTc0MTQ1MDMuanBnfHx8fHx8fHx8fHw2NDB4NDgw.jpg"}]}},{"ad_id":"901169","reg_year":"2002","make":"Nissan","model":"Primera","variant":"1.6 Acenta","mileage":"100000","engine_size":"1.6","fuel_type":"Petrol","body_type":"Saloon","colour":"ff0000","location":"Meath","price":"\u20ac 1,945","images":{"base_url":"http:\/\/i0.carsie.ie\/","image_list":[{"thumb":"ZGU4YmY2ZTU1N2Y5MjJlMzcxNmNmNzA3ZDc4ZTA0MWQ_pd108ICHl9cBD8JvIZ2tOTAxMTY5LTc0MTY5NjUuanBnfHx8fHx8OTJ4Njl8fHx8fA==.jpg","main":"MDRiMTk3YTFhYjJmNTRlYmNmMmQ3YTk4YjQxOWY5NDPM1AvXv0ir2Oo3RuyXAX_WOTAxMTY5LTc0MTY5NjUuanBnfHx8fHx8fHx8fHw0MDB4MzAw.jpg","large":"MmQzYjBhMzc2MTBmYjg2Y2Q5MjUyZDI3MWIwMmUxZGMdxu9OS6HYDNN6L6lS3zkZOTAxMTY5LTc0MTY5NjUuanBnfHx8fHx8fHx8fHw2NDB4NDgw.jpg"}]}},{"ad_id":"719454","reg_year":"2000","make":"Opel","model":"Vectra","variant":"1.6 16V CLUB","mileage":"145000","engine_size":"1.6","fuel_type":"Petrol","body_type":"Saloon","colour":"0000c0","location":"Cork","price":"\u20ac 1,945","images":{"base_url":"http:\/\/i0.carsie.ie\/","image_list":[{"thumb":"NzRkYzQ5OTJkNTljNGQ2OTdjYzYyMzhmMGZhODQ1YWL30mUnU_Qy8OqyHNJL7eAHNzE5NDU0LTUxNjI4MjEuanBnfHx8fHx8OTJ4Njl8fHx8fA==.jpg","main":"YjA0NmI2NzM5OWJiNWFmZjJkOGQyODhlNzIzNzUxYjFDuOOL28ynHoIvE7RzOJvyNzE5NDU0LTUxNjI4MjEuanBnfHx8fHx8fHx8fHw0MDB4MzAw.jpg","large":"NGJiZmFiNzJiNTBhOWFlMDRlMTI4MDFkNzYyNWZlYTXOzUBfztTOwdewPgxvuU0gNzE5NDU0LTUxNjI4MjEuanBnfHx8fHx8fHx8fHw2NDB4NDgw.jpg"}]}},{"ad_id":"896311","reg_year":"1998","make":"BMW","model":"3 Series","variant":"NEW MODEL \/ NCT SEP-13 \/ LOW MILES \/ VERY CAREFUL OWNER \/ AS NEW \/ ALLOYS \/ LEATHER INTERIOR \/ \"\"MUST BE SEEN\"\" \/ www. N4CARS. ie","mileage":"89000","engine_size":"1.9","fuel_type":"Petrol","body_type":null,"colour":"008000","location":"Dublin","price":"\u20ac 1,949","images":{"base_url":"http:\/\/i0.carsie.ie\/","image_list":[{"thumb":"MDY4N2Y0Yzg3ZWE4ZDMyY2Q0MjBjYjYyZjg5MTIzNzjMmuXBsnu-tNWONX6KFZZjODk2MzExLTczNTM2NzYuanBnfHx8fHx8OTJ4Njl8fHx8fA==.jpg","main":"NjM3NmY0Y2JmYjBjZWVkYzFmYTgxOWY5MDgyODBkMWJIUpl0FHoM_HrpBg_ulstBODk2MzExLTczNTM2NzYuanBnfHx8fHx8fHx8fHw0MDB4MzAw.jpg","large":"MjQ4ZWU2MjAyYWU5NjlhZjFmNTZkNTU0ZDRiZDhlZWGLAGbSrlWChVF6WvW2gxjIODk2MzExLTczNTM2NzYuanBnfHx8fHx8fHx8fHw2NDB4NDgw.jpg"}]}},{"ad_id":"895713","reg_year":"1999","make":"BMW","model":"316","variant":"ONLY 1.6cc \/ 316IS \/ E36 2DR COUPE \/ NEW NCT MAR-14 \/ TAX MAR-13 \/ ALLOYS \/ VERY CAREFUL OWNER \/ AS NEW \/ \"\"MUST BE SEEN\"\" \/ www. N4CARS. ie","mileage":"118224","engine_size":"1.6","fuel_type":"Petrol","body_type":null,"colour":"e0e0e0","location":"Dublin","price":"\u20ac 1,949","images":{"base_url":"http:\/\/i0.carsie.ie\/","image_list":[{"thumb":"MTFkMjA3OWMzMmQ2YWRmMGQ2MjMyMTkyMzkxYWNiMDCUoCaR5Z5SsfbyDOd8tFnmODk1NzEzLTczMjgxNDcuanBnfHx8fHx8OTJ4Njl8fHx8fA==.jpg","main":"ZDZjZmMzZmFkZDJjM2IwMzRkMmE0NWNmOGZlZWFmYzaGQCADKDNyNAFggwYZIXy4ODk1NzEzLTczMjgxNDcuanBnfHx8fHx8fHx8fHw0MDB4MzAw.jpg","large":"NGFlZGMxNDVlZTE1ZmVjNTcyZmUzYmRjYWVmN2IwNzjZgsOki_1UE4CTY7Sba7b-ODk1NzEzLTczMjgxNDcuanBnfHx8fHx8fHx8fHw2NDB4NDgw.jpg"}]}},{"ad_id":"900457","reg_year":"2002","make":"Ford","model":"Focus","variant":"1.4 \/ 5-DR HATCH \/ NCT JAN-14 \/ CAREFUL LADY OWNER \/ EXCELLENT THROUGHOUT \/ RELIABLE \/ ECONOMICAL \/ AS NEW \/ \"\"MUST BE SEEN\"\" \/ www. N4CARS. ie","mileage":"109500","engine_size":"1.4","fuel_type":"Petrol","body_type":null,"colour":"ff0000","location":"Dublin","price":"\u20ac 1,949","images":{"base_url":"http:\/\/i0.carsie.ie\/","image_list":[{"thumb":"OTcyZmI5OGQzZjVhOGUyZjVjYWViNWRkNjkzNGFjNjLc0AGzfx41zAsyNEG62zqNOTAwNDU3LTc0MDI3NTEuanBnfHx8fHx8OTJ4Njl8fHx8fA==.jpg","main":"MDFkYWUzNDJlZjUwNmQxZmI3MWY4MWY1ODRmNzM5ZDTjfD-3z-GpTUSOxTS0BUaNOTAwNDU3LTc0MDI3NTEuanBnfHx8fHx8fHx8fHw0MDB4MzAw.jpg","large":"YTQyMTI2MmVhNzQzOTE3MmVjYmFiMjM2ZjJkYzQyZjE51DL9ClvFeZ696pWkG_DPOTAwNDU3LTc0MDI3NTEuanBnfHx8fHx8fHx8fHw2NDB4NDgw.jpg"}]}},{"ad_id":"885142","reg_year":"2002","make":"Nissan","model":"Almera","variant":"EXCELLENT CAR, RELIABLE, ECONOMICAL, NCT JAN-14, TAXED, AS NEW, \"\"MUST BE SEEN\"\", N4CARS. ie","mileage":"89000","engine_size":"1.5","fuel_type":"Petrol","body_type":null,"colour":"0000c0","location":"Dublin","price":"\u20ac 1,949","images":{"base_url":"http:\/\/i0.carsie.ie\/","image_list":[{"thumb":"NDg5OGE5ZWQzNjk0MTM4ODYxOGQyOTc2MDNmNTM1M2R6qvEfCf5xkwRz53Gh9L8mODg1MTQyLTcyMDU1NjQuanBnfHx8fHx8OTJ4Njl8fHx8fA==.jpg","main":"YmNiYmRjZjA0NjUwODAyOWYyYzM3NjExYWNmZWM5ZjDjj3Rbk3TtB83z9uFfutSJODg1MTQyLTcyMDU1NjQuanBnfHx8fHx8fHx8fHw0MDB4MzAw.jpg","large":"ODZjOTUxNjljYmZkMjJjOTM3MmM3MGYzNmU1OTc4N2JOe3pGZoAL_QBwLmqRDsKgODg1MTQyLTcyMDU1NjQuanBnfHx8fHx8fHx8fHw2NDB4NDgw.jpg"}]}},{"ad_id":"895719","reg_year":"2002","make":"Nissan","model":"Almera","variant":"HATCHBACK, ONLY 89k, NEW NCT FEB-14, AS NEW, \"\"MUST BE SEEN\"\", N4CARS. ie","mileage":"89877","engine_size":"1.5","fuel_type":"Petrol","body_type":null,"colour":"e0e0e0","location":"Dublin","price":"\u20ac 1,949","images":{"base_url":"http:\/\/i0.carsie.ie\/","image_list":[{"thumb":"ODVlMjFmYmM3Njg0NWQwM2FhODM2ZThmNGVjMTRiMTK8RYQL7sRHE9B0ZA49awokODk1NzE5LTczMjgxOTMuanBnfHx8fHx8OTJ4Njl8fHx8fA==.jpg","main":"YjAyOTIzNmNlYzQyZTgxZmFiNDBiMTI3OTM3OTUxZjGaoharcDcJvSAo7tTdXbFXODk1NzE5LTczMjgxOTMuanBnfHx8fHx8fHx8fHw0MDB4MzAw.jpg","large":"ZTRjNGU0MWZjZjE3ZjQwMWY4YWFmNGYzZjc4NjNhNTFsiw7UjGkEwqGQbAI33Pw5ODk1NzE5LTczMjgxOTMuanBnfHx8fHx8fHx8fHw2NDB4NDgw.jpg"}]}},{"ad_id":"868763","reg_year":"2001","make":"Nissan","model":"Micra","variant":"1.0, 5-DR, NCT APR-14, ALLOYS, EXCELLENT MILES, ONLY 87k, \"\"MUST BE SEEN\"\", N4CARS. ie","mileage":"87000","engine_size":"1.0","fuel_type":"Petrol","body_type":null,"colour":"ff0000","location":"Dublin","price":"\u20ac 1,949","images":{"base_url":"http:\/\/i0.carsie.ie\/","image_list":[{"thumb":"ZDk1ZDVjY2I2ZDM1YzI2NThlYzdkNjRkNjVmYTE3NzmSNsK-BWUCwKNKQHu2R60WODY4NzYzLTcwODYyOTEuanBnfHx8fHx8OTJ4Njl8fHx8fA==.jpg","main":"OTM5MmE0NjYwNzZiMDE0NDc1ZjRjZjhkZDk3MzIzMDMJ7vvrOTVCAfUFpUMnimlQODY4NzYzLTcwODYyOTEuanBnfHx8fHx8fHx8fHw0MDB4MzAw.jpg","large":"MmMxZjc5MDIwNGYyOTE2NTVhY2Q4ZmFmZTIzNzU5NjTxvxuUs2cdX7qxiC7wlpaUODY4NzYzLTcwODYyOTEuanBnfHx8fHx8fHx8fHw2NDB4NDgw.jpg"}]}},{"ad_id":"783242","reg_year":"2002","make":"Renault","model":"Laguna","variant":"1.6, NEW MODEL, 5-DR, NCT MAY-14, SILVER, ALLOYS, AS NEW, \"\"MUST BE SEEN\"\", N4CARS. ie","mileage":"119975","engine_size":"1.6","fuel_type":"Petrol","body_type":"Hatchback","colour":"e0e0e0","location":"Dublin","price":"\u20ac 1,949","images":{"base_url":"http:\/\/i0.carsie.ie\/","image_list":[{"thumb":"NjNjZTlhYzY2ZmZlY2RmNzk0N2MzNGZkOTY4YmJjNTj0QmN65ITavykLfeFO3J_DNzgzMjQyLTcwODI1MzAuanBnfHx8fHx8OTJ4Njl8fHx8fA==.jpg","main":"MDU0ZjZkMGI2NTE5NjAzYzQ1YmQ3NGFkMDRjYTcwMzU5YWj9IYxy8CpiTdNX8I0GNzgzMjQyLTcwODI1MzAuanBnfHx8fHx8fHx8fHw0MDB4MzAw.jpg","large":"NDk5YmE3NDY3Zjk3MDIzNGViMGJiYWUxNGIxZjM3MzKRwZ7Pp3eMLiAQ_R52fdWTNzgzMjQyLTcwODI1MzAuanBnfHx8fHx8fHx8fHw2NDB4NDgw.jpg"}]}},{"ad_id":"884410","reg_year":"2002","make":"Renault","model":"Laguna","variant":"4DR NCT OCT-13, SPORT PLUS, LEATHER, AS NEW, \"\"MUST BE SEEN\"\", N4CARS. ie","mileage":"123500","engine_size":"1.6","fuel_type":"Petrol","body_type":null,"colour":"0000c0","location":"Dublin","price":"\u20ac 1,949","images":{"base_url":"http:\/\/i0.carsie.ie\/","image_list":[{"thumb":"NmMwNzNkM2ZmYmVhZjJjNTA1M2YyMjQ1NDQ5NmY0NjSU-FKPKaqlJ_MZMEX0X0NTODg0NDEwLTcxOTQ4OTguanBnfHx8fHx8OTJ4Njl8fHx8fA==.jpg","main":"ODhkMTA0ZjNhMDMxYzUyZjBhN2QzMGQ2MjlmYWNlMjO02AVdvvWst6Vt6W4GE7RqODg0NDEwLTcxOTQ4OTguanBnfHx8fHx8fHx8fHw0MDB4MzAw.jpg","large":"MzI3NGI5NzAzYjZjODA3ZGNkYmE3ZmU0NDhiMDg1NTExZjefwUT8gyAJoiOnxcIgODg0NDEwLTcxOTQ4OTguanBnfHx8fHx8fHx8fHw2NDB4NDgw.jpg"}]}},{"ad_id":"901060","reg_year":"2000","make":"Volkswagen","model":"Bora","variant":"1.4 \/ 4DR \/ NCT AUG-13 \/ VERY CAREFUL OWNER \/ AS NEW \/ \"\"MUST BE SEEN\" \/ www. N4CARS. ie","mileage":"128000","engine_size":"1.4","fuel_type":"Petrol","body_type":null,"colour":"0000c0","location":"Dublin","price":"\u20ac 1,949","images":{"base_url":"http:\/\/i0.carsie.ie\/","image_list":[{"thumb":"MTEwMTIzMzAzMDg1YThjYjYzOWUwNzkyYmI0YzMxNDCRnKzKFctcm5c6oemVuFYSOTAxMDYwLTc0MTYyMjMuanBnfHx8fHx8OTJ4Njl8fHx8fA==.jpg","main":"MWYwOTQzM2ZkNTUxNDJhOWZiZmY2NTQ2OWY1MjRmZTFu_tlKQNAIINdyo23d6AvKOTAxMDYwLTc0MTYyMjMuanBnfHx8fHx8fHx8fHw0MDB4MzAw.jpg","large":"ZmI1ZGFiMjRhNzMxNWNhZDUzZWY3MmZjNzgwZjlmZjFgAbIW6AixWkfLdQe3DPLAOTAxMDYwLTc0MTYyMjMuanBnfHx8fHx8fHx8fHw2NDB4NDgw.jpg"}]}},{"ad_id":"894786","reg_year":"2003","make":"Alfa Romeo","model":"147","variant":null,"mileage":"78325","engine_size":"1.6","fuel_type":"Petrol","body_type":null,"colour":"ff0000","location":"Cork","price":"\u20ac 1,950","images":{"base_url":"http:\/\/i0.carsie.ie\/","image_list":[{"thumb":"NjViMWVlNzQ0NDYxZjE4OGI2MjU1NGFkMTM2ZjNjMThXhG3WUebSCh--OF2NXDdsODk0Nzg2LS5qcGd8fHx8fHw5Mng2OXx8fHx8.jpg","main":"MWIzZGNmMWRjZTQ5MjVjODk3YmUxZjljOGM4M2ViMGRqaYmr2N-PatH-BuumK-TeODk0Nzg2LS5qcGd8fHx8fHx8fHx8fDQwMHgzMDA=.jpg","large":"ZGZmOTI0ZDA4NjY2MGZjZjQ2YjUyNThmMTg1Zjc1YmXglOqFVrNrjPRx-fKFr2eeODk0Nzg2LS5qcGd8fHx8fHx8fHx8fDY0MHg0ODA=.jpg"}]}},{"ad_id":"824767","reg_year":"2003","make":"Alfa Romeo","model":"156","variant":"","mileage":"80000","engine_size":"1.6","fuel_type":"Petrol","body_type":null,"colour":"858585","location":"Cork","price":"\u20ac 1,950","images":{"base_url":"http:\/\/i0.carsie.ie\/","image_list":[{"thumb":"NWE0ZjY0MzJjYWQxYTMxODEyMzM0ZjQyNjY0YTA1Nznoe6Cr_VMrvorCbTc810yFODI0NzY3LTY1MTE3ODkuanBnfHx8fHx8OTJ4Njl8fHx8fA==.jpg","main":"ODZmM2MxNjgzODA2ZDMzNmQ4NDU4MmNiMzFkYWZmODUGLv3E4bhC8zYAjLCqNlisODI0NzY3LTY1MTE3ODkuanBnfHx8fHx8fHx8fHw0MDB4MzAw.jpg","large":"MTI1Y2YxNjZkY2FiMDdiODliYzAxNTE3NjRlNjUzZDFtdVITkfG8evgHf4Sbz8ubODI0NzY3LTY1MTE3ODkuanBnfHx8fHx8fHx8fHw2NDB4NDgw.jpg"}]}},{"ad_id":"858232","reg_year":"2000","make":"Alfa Romeo","model":"Spider","variant":"","mileage":"120001","engine_size":"2.0","fuel_type":"Petrol","body_type":"Hatchback","colour":"ff0000","location":"Dublin","price":"\u20ac 1,950","images":{"base_url":"http:\/\/i0.carsie.ie\/","image_list":[{"thumb":"ZmU4MTViMjIwMWI5ZTFiOTdjYmMxNDUyMmY1YTBiZTf31CLqzKyP8YQKR-EDgjxIODU4MjMyLTY4OTAwNDguanBnfHx8fHx8OTJ4Njl8fHx8fA==.jpg","main":"ZjgwZmEwOGVkODliODMwNzE2ZDNhMTc0YWY0OGY5NWGVAhNHT1bKq2H0u8suOzlwODU4MjMyLTY4OTAwNDguanBnfHx8fHx8fHx8fHw0MDB4MzAw.jpg","large":"MGUxY2NmMWE3OGRhNGNlZmVmYmM3MzRkZTk3MjNlNGZoW3aBnzW-Bu8bG2g2qgOEODU4MjMyLTY4OTAwNDguanBnfHx8fHx8fHx8fHw2NDB4NDgw.jpg"}]}},{"ad_id":"759491","reg_year":"1999","make":"Audi","model":"A3","variant":"","mileage":"122000","engine_size":"1.8","fuel_type":"Petrol","body_type":"Hatchback","colour":"e0e0e0","location":"Cork","price":"\u20ac 1,950","images":{"base_url":"http:\/\/i0.carsie.ie\/","image_list":[{"thumb":"YTE1YTBjNzgxNWQ1OWZlZjc0NGJhNDgwMjYwYmExOGLTF64gj-CGDsEvq_qvvIAXNzU5NDkxLTU2ODU0ODguanBnfHx8fHx8OTJ4Njl8fHx8fA==.jpg","main":"MDYxMjViZjM4YTRhNzk2YmZhNzFjNjdhYzA0ODRjYTf6AYkeVaJ8Lt_8eQVRw9vUNzU5NDkxLTU2ODU0ODguanBnfHx8fHx8fHx8fHw0MDB4MzAw.jpg","large":"NWI3NGRjMzNjNWM2NWYwZGYxNmExZDE5N2VmMzQ1NDem8MXTc3ykWIE4Q18T_259NzU5NDkxLTU2ODU0ODguanBnfHx8fHx8fHx8fHw2NDB4NDgw.jpg"}]}}]}