{"total":"23408","result":[{"ad_id":"896345","reg_year":"2005","make":"Seat","model":"Altea","variant":"1.6 5DR","mileage":"106000","engine_size":"1.6","fuel_type":"Petrol","body_type":"Hatchback","colour":"0000c0","location":"Cork","price":"\u20ac 4,350","images":{"base_url":"http:\/\/i0.carsie.ie\/","image_list":[{"thumb":"NjA0NTA3YjQ4YmY2Mjc1ODhhNjJhMjkzYzVkZWZhNzP1AQ4ecyfyMimJUTQyN8HHODk2MzQ1LTczMzcxOTIuanBnfHx8fHx8OTJ4Njl8fHx8fA==.jpg","main":"MDJlMGI4ODcxMWYxYWJiYmE1ODQ5Mzk5OWQ1MmQ0NzI1afDmzC15FrhZbundJz9aODk2MzQ1LTczMzcxOTIuanBnfHx8fHx8fHx8fHw0MDB4MzAw.jpg","large":"ZTE0OGEzMmZhMjczMzBhMWZlMGVmOGI2OWZlZGEzZTddHerwV4WClOUvCzUfiKb2ODk2MzQ1LTczMzcxOTIuanBnfHx8fHx8fHx8fHw2NDB4NDgw.jpg"}]}},{"ad_id":"902186","reg_year":"2005","make":"Toyota","model":"Corolla","variant":"1.4 Terra 4DR","mileage":"86765","engine_size":"1.4","fuel_type":"Petrol","body_type":"Saloon","colour":"0000c0","location":"Clare","price":"\u20ac 4,350","images":{"base_url":"http:\/\/i0.carsie.ie\/","image_list":[{"thumb":"NThkMzAwNTJlM2YxN2Q0NjVhYTM2OGUzODJiM2ZmMzYRjfQ_gPFa1egdnph4yPlJOTAyMTg2LS5qcGd8fHx8fHw5Mng2OXx8fHx8.jpg","main":"NTMxYTQxNTRiNTdlMTAxMDg4OWVmZjQwNGM3ZTFiYjhCdWd-A9Ox2xfYd6StCravOTAyMTg2LS5qcGd8fHx8fHx8fHx8fDQwMHgzMDA=.jpg","large":"OTUwMzBjZGYyN2IyOWM5ZjBhOTEyNjBkZDNlODYyZWVhUm0k-Vc8F03c5v_AbGoSOTAyMTg2LS5qcGd8fHx8fHx8fHx8fDY0MHg0ODA=.jpg"}]}},{"ad_id":"789551","reg_year":"2002","make":"Toyota","model":"Rav4","variant":"2.0 D4D Luna ","mileage":"153000","engine_size":"2.0","fuel_type":"Diesel","body_type":"SUV","colour":"000000","location":"Limerick","price":"\u20ac 4,350","images":{"base_url":"http:\/\/i0.carsie.ie\/","image_list":[{"thumb":"OWY5NzdkMTk4MGI2N2VjMGM4NDZhMDUwM2ExNjE1N2LS7Oc7QPTYOzqNcBpccSTUNzg5NTUxLTYwNzQ4NzYuanBnfHx8fHx8OTJ4Njl8fHx8fA==.jpg","main":"YTdjYTkwYmExYTM4ZTM1YWVmNzMzZTExMjY2ODFhMDBEbF4KZGnn5eo0cSpXUtCiNzg5NTUxLTYwNzQ4NzYuanBnfHx8fHx8fHx8fHw0MDB4MzAw.jpg","large":"ZjIwMDUyNzM1Njk4NjBkY2QzZTc0NjI1OGY0YzJiMDj89o3zsyDpUIeEOFc_ltkcNzg5NTUxLTYwNzQ4NzYuanBnfHx8fHx8fHx8fHw2NDB4NDgw.jpg"}]}},{"ad_id":"893076","reg_year":"2003","make":"Volkswagen","model":"Passat","variant":"1.9 TDI RED\/REDI 130BHP HALF LEATHER SEATS FOR DETAILS PHONE SEAN ON 0871307296 ","mileage":"127000","engine_size":"1.9","fuel_type":"Diesel","body_type":"Saloon","colour":"000000","location":"Wexford","price":"\u20ac 4,350","images":{"base_url":"http:\/\/i0.carsie.ie\/","image_list":[{"thumb":"OTFmNTc3NTdjNjgwYzJiYmYzYjc5NjUwMjAxMGM5MjgCzS0_il-T4WupBWJTbY1KODkzMDc2LS5qcGd8fHx8fHw5Mng2OXx8fHx8.jpg","main":"N2Y0YTgwMzEzNTYxYmQ2NmJmNDM3OTU3NmEwOWU3NmXB87xlANS7s7ZSuRMRtfFgODkzMDc2LS5qcGd8fHx8fHx8fHx8fDQwMHgzMDA=.jpg","large":"ODYxZmMzNWQyMzQ3M2I3ZTIyNmQ2OTI0N2JlOWE1NjiEkcanknzjr1Duvje0FJG-ODkzMDc2LS5qcGd8fHx8fHx8fHx8fDY0MHg0ODA=.jpg"}]}},{"ad_id":"887659","reg_year":"2004","make":"Volkswagen","model":"Polo","variant":"1.2 Plus 5DR","mileage":"71000","engine_size":"1.2","fuel_type":"Petrol","body_type":"Hatchback","colour":"0000c0","location":"Dublin","price":"\u20ac 4,350","images":{"base_url":"http:\/\/i0.carsie.ie\/","image_list":[{"thumb":"M2NmYzVhZGJkYTQyNzVhYzBhNWIyNTBmYzczOTFhYzV4a0eaBh2hzNGEycTuUEqMODg3NjU5LTczMDc1ODUuanBnfHx8fHx8OTJ4Njl8fHx8fA==.jpg","main":"MGE3OGQzOTliYzg5YmIyNDg3NmUyNGVjOTM5YTA2YWY3v99Z5MrGfUQKVUMwHsM0ODg3NjU5LTczMDc1ODUuanBnfHx8fHx8fHx8fHw0MDB4MzAw.jpg","large":"YjcyZWZkMWJjNmRjNzg4NWU1NmYyZTMzMTQ2NzZkY2QpRMEhzb4ihDF9j3fXxQV3ODg3NjU5LTczMDc1ODUuanBnfHx8fHx8fHx8fHw2NDB4NDgw.jpg"}]}},{"ad_id":"891065","reg_year":"2006","make":"Toyota","model":"Avensis","variant":null,"mileage":"78916","engine_size":"1.6","fuel_type":"Petrol","body_type":"Hatchback","colour":"0000c0","location":"Waterford","price":"\u20ac 4,370","images":{"base_url":"http:\/\/i0.carsie.ie\/","image_list":[{"thumb":"Yjc2M2JjMmUyMWFjZjMyMGVkMzFiYjRkMGUwOTQ4ZWK2m9ZqryMEIvfkEyZNfGWHODkxMDY1LTcyNTg4NjkuanBnfHx8fHx8OTJ4Njl8fHx8fA==.jpg","main":"OGJjZWMwNTM3MTJiMzk5ZjAxNGVhYTlhZmRjN2Y3YTXkX-5kXshXc6zt94W-TRVxODkxMDY1LTcyNTg4NjkuanBnfHx8fHx8fHx8fHw0MDB4MzAw.jpg","large":"ZDVjZWYzYTY4ODg0Zjc1N2JjYjdkOTliZTM3ZjE5MjNQEvDiKNP5oK6yTRHQYwtYODkxMDY1LTcyNTg4NjkuanBnfHx8fHx8fHx8fHw2NDB4NDgw.jpg"}]}},{"ad_id":"899010","reg_year":"2004","make":"BMW","model":"316","variant":"I Saloon","mileage":"74890","engine_size":"1.8","fuel_type":"Petrol","body_type":"Saloon","colour":"000000","location":"Cork","price":"\u20ac 4,395","images":{"base_url":"http:\/\/i0.carsie.ie\/","image_list":[{"thumb":"MTRhMTgxY2E2YmJkY2JlNWFiY2IxZTllNWIxZjg4YmJ7U-dVBW52kU7u1mCS-ROKODk5MDEwLTc0MjcyNTQuanBnfHx8fHx8OTJ4Njl8fHx8fA==.jpg","main":"MGIzYjA0ZWNmYzMzZjNlNGMyNjgzOWQwNDFkZGFhOTRrHjMHN_3Rg4e0Kjb6zxHXODk5MDEwLTc0MjcyNTQuanBnfHx8fHx8fHx8fHw0MDB4MzAw.jpg","large":"NDk2MmExMjU4YTdmOGM4NGNjMjUxNjdjMmY2OWE3ZWMNQPN4_1Gg3BIDEVbBKKM4ODk5MDEwLTc0MjcyNTQuanBnfHx8fHx8fHx8fHw2NDB4NDgw.jpg"}]}},{"ad_id":"673137","reg_year":"2007","make":"Daihatsu","model":"Sirion","variant":"","mileage":"42254","engine_size":"1.0","fuel_type":"Petrol","body_type":"Hatchback","colour":"e0e0e0","location":"Waterford","price":"\u20ac 4,395","images":{"base_url":"http:\/\/i0.carsie.ie\/","image_list":[{"thumb":"OGE1NWY3MTQzM2VmYWNkZjk3N2Q3Yjc0NTI0ZTA1ZTQget9B320eO5zk46YDmexTNjczMTM3LTQ2MjA4MTcuanBnfHx8fHx8OTJ4Njl8fHx8fA==.jpg","main":"ZmMyOWUyZmUzMTJhMTAwZWY1ZjkwZDk0MmQzZTA2MTRHR-geolaLBhfzOMOZJlNgNjczMTM3LTQ2MjA4MTcuanBnfHx8fHx8fHx8fHw0MDB4MzAw.jpg","large":"YTYwMjlmOTk3MzU2NWM1ZTU5MGQ1MGIxMzVjOTMyY2PT0KpwgHWswwRyIPF7E6cmNjczMTM3LTQ2MjA4MTcuanBnfHx8fHx8fHx8fHw2NDB4NDgw.jpg"}]}},{"ad_id":"894986","reg_year":"2006","make":"Fiat","model":"Grande Punto","variant":"1.4 8V Dynam , nct 03\/14, exceptional good driver. excellent condition. ","mileage":"45572","engine_size":"1.4","fuel_type":"Petrol","body_type":"Hatchback","colour":"ff0000","location":"Kildare","price":"\u20ac 4,400","images":{"base_url":"http:\/\/i0.carsie.ie\/","image_list":[{"thumb":"OTdiNjQyZjhhNTJiNTlhMTJiZTVjYTQ1ZDE4MTFiYzicwMuqs0ndVgMit93Vf2N1ODk0OTg2LTczMDk0NjAuanBnfHx8fHx8OTJ4Njl8fHx8fA==.jpg","main":"ZmM0YzAwMzc1ZDQ5YTk1NDJiYjFlODM0MjNlNTIyNzVU17rSo1ZSJsq__AIFzqfFODk0OTg2LTczMDk0NjAuanBnfHx8fHx8fHx8fHw0MDB4MzAw.jpg","large":"YzA1Y2JlYTFmMjJkMmNmMGI2ZDYwYjZlYjRlMjdmYWGUaJAd0ohDDi3fxg6F6AbLODk0OTg2LTczMDk0NjAuanBnfHx8fHx8fHx8fHw2NDB4NDgw.jpg"}]}},{"ad_id":"784281","reg_year":"2004","make":"Hyundai","model":"Terracan","variant":"PASSENGER","mileage":"90000","engine_size":"2.9","fuel_type":"Diesel","body_type":"SUV","colour":"008000","location":"Wexford","price":"\u20ac 4,400","images":{"base_url":"http:\/\/i0.carsie.ie\/","image_list":[{"thumb":"OTBhYjU1NDI1ODI4YTIyZTJhNDMzZTI4NDA3MjEzOTNWTZaSQr2xjX_C67YFaKQ_Nzg0MjgxLTYwMTEzNjAuanBnfHx8fHx8OTJ4Njl8fHx8fA==.jpg","main":"NTBlOTZlMjE3YWM4NzgwNzQwNjhkYTY0M2NiMjYzODH0nuW1-1-Lr4vybRLO_Z33Nzg0MjgxLTYwMTEzNjAuanBnfHx8fHx8fHx8fHw0MDB4MzAw.jpg","large":"ZmY2M2RhMjA3NDIxZmM1N2U3YmU5NGUzZjEwNDY3Y2H7Xx_DvLNL8oUgOTJu5jRfNzg0MjgxLTYwMTEzNjAuanBnfHx8fHx8fHx8fHw2NDB4NDgw.jpg"}]}},{"ad_id":"898129","reg_year":"2006","make":"Kia","model":"Rio","variant":"1.4 EX 5DR","mileage":"38526","engine_size":"1.3","fuel_type":"Petrol","body_type":"Hatchback","colour":"000000","location":"Kilkenny","price":"\u20ac 4,400","images":{"base_url":"http:\/\/i0.carsie.ie\/","image_list":[{"thumb":"OGNlYTIyMmY0MmZjMzRjNjI4MzgzNWNhMGJlYWM2OThW4Y3mq_47EwrBrODuJP9SODk4MTI5LTczNjE1MzEuanBnfHx8fHx8OTJ4Njl8fHx8fA==.jpg","main":"MjQ3NDQyOTllNTdiMTMzYjY3M2MyNjk0ZjlmMzM1M2Vmplf4-eh457HJ-Mk26OrlODk4MTI5LTczNjE1MzEuanBnfHx8fHx8fHx8fHw0MDB4MzAw.jpg","large":"YjM1YjNkNTg0ODg0NDUxYTFiODUwNzYwMGFiOWFiNGFnYyXzs4j0nAxKInQAb07CODk4MTI5LTczNjE1MzEuanBnfHx8fHx8fHx8fHw2NDB4NDgw.jpg"}]}},{"ad_id":"853783","reg_year":"2005","make":"Land Rover","model":"Freelander","variant":"2.0E 3DR commercial, 2 keys, doe due 08\/13","mileage":"109800","engine_size":"2.0","fuel_type":"Diesel","body_type":"SUV","colour":"e0e0e0","location":"Kildare","price":"\u20ac 4,400","images":{"base_url":"http:\/\/i0.carsie.ie\/","image_list":[{"thumb":"YjQyNDkyOWZhYTcxOWI1NTU0NDc0ZDkzMDhlNjJhNmZA5m317I8jsAzzL606JN8wODUzNzgzLTcyNzU2MzguanBnfHx8fHx8OTJ4Njl8fHx8fA==.jpg","main":"NzBmNTI5ZGI3Y2IzMDM5MGNkOTg3ZTA3OTExZjAzNTl6JCUoy6WUKdD4d-JQkuYFODUzNzgzLTcyNzU2MzguanBnfHx8fHx8fHx8fHw0MDB4MzAw.jpg","large":"Y2RiODU0MjUwOTc0ZWIxMjQ0NTZlMzg2ZDA1N2VmN2IrMuyossGLUn0unkQN6YC7ODUzNzgzLTcyNzU2MzguanBnfHx8fHx8fHx8fHw2NDB4NDgw.jpg"}]}},{"ad_id":"881206","reg_year":"2003","make":"Mercedes-Benz","model":"240","variant":"ELEGANCE AUTOMATIC 84K MILES\/NEW NCT 2014","mileage":"84000","engine_size":"2.6","fuel_type":"Petrol","body_type":"Saloon","colour":"0000c0","location":"Dublin","price":"\u20ac 4,400","images":{"base_url":"http:\/\/i0.carsie.ie\/","image_list":[{"thumb":"ZjRlOGU2Y2ExYjRlOThmY2VhY2ZhOTExOGY1NDgwNGF0FiBEsenpALq3AW1Rq5TrODgxMjA2LTcyMjk5MTAuanBnfHx8fHx8OTJ4Njl8fHx8fA==.jpg","main":"M2VjYzVlZDg5NTkxOTZkZmFiMmIwZGRkNzFiNjQ4MjI_q8bKFvPxox3fUoGMf8-jODgxMjA2LTcyMjk5MTAuanBnfHx8fHx8fHx8fHw0MDB4MzAw.jpg","large":"YTUyZmM1ZjYxYjgwNWQxOWNjNTQzNWQwOTA0N2FkN2El1t845VRRByikyWKoSP5dODgxMjA2LTcyMjk5MTAuanBnfHx8fHx8fHx8fHw2NDB4NDgw.jpg"}]}},{"ad_id":"720693","reg_year":"2006","make":"Nissan","model":"Primera","variant":"1.6 SE 4DR","mileage":"65384","engine_size":"1.6","fuel_type":"Petrol","body_type":"Saloon","colour":"e0e0e0","location":"Cavan","price":"\u20ac 4,400","images":{"base_url":"http:\/\/i0.carsie.ie\/","image_list":[{"thumb":"MDc5YzFiODU5YjEwMTlkNWE0YWI0NmZjOGVjMTI1NGOiSF4wZ7rXnYDAYIewq4ThNzIwNjkzLTUxOTg2MzUuanBnfHx8fHx8OTJ4Njl8fHx8fA==.jpg","main":"YzcxNGIzZjAzMjU3MTMyY2Y5MTljMjg0ZjQxYWNmY2VWkwrnBcV7xCERog-LzA_BNzIwNjkzLTUxOTg2MzUuanBnfHx8fHx8fHx8fHw0MDB4MzAw.jpg","large":"MDk0MzlmMDY3NTE0M2YzNWZiMTg4MWZkNWRmN2ExMzRT69hcbqEjjSGOJqH4sEYRNzIwNjkzLTUxOTg2MzUuanBnfHx8fHx8fHx8fHw2NDB4NDgw.jpg"}]}},{"ad_id":"883688","reg_year":"2004","make":"Peugeot","model":"307","variant":"Coupe Cabriolet","mileage":"77901","engine_size":"1.6","fuel_type":"Petrol","body_type":"Cabriolet \/ Convertible","colour":"858585","location":"Dublin","price":"\u20ac 4,400","images":{"base_url":"http:\/\/i0.carsie.ie\/","image_list":[{"thumb":"NzJhNGJhNjYxNDMyZDE1MjZjMjVlMzNmYjhkNTIxZDlgQvmdCP8g49SR-8EJ8lUYODgzNjg4LTcxODEyMDYuanBnfHx8fHx8OTJ4Njl8fHx8fA==.jpg","main":"ZWRkOWQ1NzJjYzAxMzEzYzM5YTdhZDZmM2M3YmMzYWZyDD0QVwdBXbb_lGt415LBODgzNjg4LTcxODEyMDYuanBnfHx8fHx8fHx8fHw0MDB4MzAw.jpg","large":"OTU0OTRjMjAwYTRlMmFkMDcxZTk1ZDRkNTNiMzliZDnXm3G4h4kWSCULZbaXxByZODgzNjg4LTcxODEyMDYuanBnfHx8fHx8fHx8fHw2NDB4NDgw.jpg"}]}},{"ad_id":"832902","reg_year":"2006","make":"Renault","model":"Laguna","variant":"2 1.6 16V Dynam","mileage":"34797","engine_size":"1.6","fuel_type":"Petrol","body_type":"Hatchback","colour":"ff0000","location":"Laois","price":"\u20ac 4,400","images":{"base_url":"http:\/\/i0.carsie.ie\/","image_list":[{"thumb":"ZmY2NTE0MzFkOGE1MmM4NjU1NmE3ZjQxZjJkY2EyZTKUVrYUsyOQeJc_NEKJgJl3ODMyOTAyLTY2MDY2MDEuanBnfHx8fHx8OTJ4Njl8fHx8fA==.jpg","main":"MGJjMDNlYmQ2YzQwMWU2Mzk1OWFmMDI0YmNhOTEyZGEY_r1hAkV4Cs0WwakURNs4ODMyOTAyLTY2MDY2MDEuanBnfHx8fHx8fHx8fHw0MDB4MzAw.jpg","large":"MjkwNWZlNTU0MjgzM2JlNzcwODM0ZTgzZTcyOGFiOGHXLJittbamspDOAX6w98w4ODMyOTAyLTY2MDY2MDEuanBnfHx8fHx8fHx8fHw2NDB4NDgw.jpg"}]}},{"ad_id":"848291","reg_year":"2004","make":"Volkswagen","model":"Bora","variant":"1.4 75BHP 4DR","mileage":"89000","engine_size":"1.4","fuel_type":"Petrol","body_type":"Saloon","colour":"f0d2a0","location":"Dublin","price":"\u20ac 4,400","images":{"base_url":"http:\/\/i0.carsie.ie\/","image_list":[{"thumb":"ZGRiZWU4MjZjM2Y3NjdlOWRmNTdlODVhYzE0ZThhNjjZWFpfmHYIZjrYDQlwk77wODQ4MjkxLTY3ODI3NzkuanBnfHx8fHx8OTJ4Njl8fHx8fA==.jpg","main":"YmFmZjliMjRiN2VlZWZkY2JiNzQzNjA4OWUzZTQ1MTM828t0KlL41LiovG-HqN_vODQ4MjkxLTY3ODI3NzkuanBnfHx8fHx8fHx8fHw0MDB4MzAw.jpg","large":"MTkzMTNiNTgzYmM4MDE4NTEwNjBhZGYyYzVjNTNkODTNxDgaBNrgFLpVGZjnnPypODQ4MjkxLTY3ODI3NzkuanBnfHx8fHx8fHx8fHw2NDB4NDgw.jpg"}]}},{"ad_id":"901931","reg_year":"2004","make":"Volkswagen","model":"Polo","variant":"Comfort 55BHP","mileage":"65162","engine_size":"1.2","fuel_type":"Petrol","body_type":"Hatchback","colour":"7a0000","location":"Clare","price":"\u20ac 4,400","images":{"base_url":"http:\/\/i0.carsie.ie\/","image_list":[{"thumb":"NzE0OTljZTFlNTYyY2U5NWE3NzIwNzdhZjJmZTYyYTbPzbozA8ZXiAwbi6FQV7FXOTAxOTMxLTc0MjY1MzUuanBnfHx8fHx8OTJ4Njl8fHx8fA==.jpg","main":"N2I3OWM0M2QyOWM5NzAyNDVlYzM1YzEyMTc1Mjg0ZGVQTJSEokBFUH33X-CIv_i0OTAxOTMxLTc0MjY1MzUuanBnfHx8fHx8fHx8fHw0MDB4MzAw.jpg","large":"ZjE5ZTk0OWIxNzBhZmEyMjUwZWYyMGI5MmRiMWU5MTWj6eGuaB682UKk_XnOeHnoOTAxOTMxLTc0MjY1MzUuanBnfHx8fHx8fHx8fHw2NDB4NDgw.jpg"}]}},{"ad_id":"901066","reg_year":"2004","make":"Ford","model":"Mondeo","variant":"2.0 TDCI DIESEL *NCT 11\/14*","mileage":"103150","engine_size":"2.0","fuel_type":"Diesel","body_type":"Hatchback","colour":"e0e0e0","location":"Dublin","price":"\u20ac 4,445","images":{"base_url":"http:\/\/i0.carsie.ie\/","image_list":[{"thumb":"N2UzMTY2YzZhODNmODRlMDNiMGUzMzExYWM2YmE0NTPy07MX4pWp---z2YD06UP5OTAxMDY2LTc0MTUzNTQuanBnfHx8fHx8OTJ4Njl8fHx8fA==.jpg","main":"YmMwMzFiN2UxNzRmNGFlZGMxZDkwYmYyYmNmOTVlNjItNVBJ9utdppuy3i9_hZq9OTAxMDY2LTc0MTUzNTQuanBnfHx8fHx8fHx8fHw0MDB4MzAw.jpg","large":"Y2E5NjA2MDJkZTJjYTdkNzEyOWYyNjlhNzVmMzI4NmMEBWvcY7o1JIIbGIG-DHI_OTAxMDY2LTc0MTUzNTQuanBnfHx8fHx8fHx8fHw2NDB4NDgw.jpg"}]}},{"ad_id":"896614","reg_year":"2005","make":"Renault","model":"Clio","variant":"Tax 08\/13 , NCT 02\/15 , 5dr Dynamiq","mileage":"85000","engine_size":"1.1","fuel_type":"Petrol","body_type":"Hatchback","colour":"e0e0e0","location":"Dublin","price":"\u20ac 4,445","images":{"base_url":"http:\/\/i0.carsie.ie\/","image_list":[{"thumb":"YTY5MzQzMWQ4MjgzOTcyODUwODNlOTc2NTkxMTM1YTXSHwOW37EMzyCIpD1iDfpwODk2NjE0LTczNDQ2OTAuanBnfHx8fHx8OTJ4Njl8fHx8fA==.jpg","main":"NzQ1OGE1ZTQzMWU3MzY5YWU2MWVjYTA0MWQxODFjYjb8WZlwxkoab80qe5HXcGXqODk2NjE0LTczNDQ2OTAuanBnfHx8fHx8fHx8fHw0MDB4MzAw.jpg","large":"NWM0NzcwM2QxN2RiOGNhMTcwMTQ2Mjg3MmQ3NDFjNDdThocSHif7s6tVYsXp4bclODk2NjE0LTczNDQ2OTAuanBnfHx8fHx8fHx8fHw2NDB4NDgw.jpg"}]}}]}