{"total":"23407","result":[{"ad_id":"897678","reg_year":"2007","make":"Skoda","model":"Fabia","variant":"Ambiente 1.2 60HP","mileage":"46619","engine_size":"1.2","fuel_type":"Petrol","body_type":"Hatchback","colour":"f0d2a0","location":"Dublin","price":"\u20ac 5,900","images":{"base_url":"http:\/\/i0.carsie.ie\/","image_list":[{"thumb":"MmY0MmM0ZThkODRhZTc0OTk4Mzc5NGVmZDdlOTM5NjQoCa_bLWX7pCAUVLbBvVlWODk3Njc4LTczNzExNDQuanBnfHx8fHx8OTJ4Njl8fHx8fA==.jpg","main":"MDdkZTBhNzRiZWJlMGExNDk3OTIyYWNjYjI2MzdjZGMoiCPi3SJnrK2Qk04S2FB3ODk3Njc4LTczNzExNDQuanBnfHx8fHx8fHx8fHw0MDB4MzAw.jpg","large":"YzM3MDU4NTRkODQ0NDg0ODRmZjc0NWFlYjE4MWFhNmYd-ygqX_qCg4VqI5j3m_cAODk3Njc4LTczNzExNDQuanBnfHx8fHx8fHx8fHw2NDB4NDgw.jpg"}]}},{"ad_id":"797352","reg_year":"2006","make":"Ssangyong","model":"Kyron","variant":"2.0 DIESEL 4WD COM. NEW D. O. E","mileage":"105000","engine_size":"2.0","fuel_type":"Diesel","body_type":"SUV","colour":"858585","location":"Dublin","price":"\u20ac 5,900","images":{"base_url":"http:\/\/i0.carsie.ie\/","image_list":[{"thumb":"ZmJlMzEyMDcxMWE4OTJlNmM2N2I3ZTQ0MGU3OTE3NWOUbeO7j4x8QL7EGBQbgJNDNzk3MzUyLTYxNjg1MDYuanBnfHx8fHx8OTJ4Njl8fHx8fA==.jpg","main":"YjYxYzI0YTM3NzY3N2MzM2FmNjA2Njk1YmQ0YzFiMTJNsEg3YxzY4_97wf8rjDPTNzk3MzUyLTYxNjg1MDYuanBnfHx8fHx8fHx8fHw0MDB4MzAw.jpg","large":"N2VmYWNlZDAyNzBlZTZjYTRhNjNjYTM5ZjhkMmM3YTfpUTrg5CUT1eNmMVUfq4MmNzk3MzUyLTYxNjg1MDYuanBnfHx8fHx8fHx8fHw2NDB4NDgw.jpg"}]}},{"ad_id":"898281","reg_year":"2005","make":"Toyota","model":"Avensis","variant":"D4D Strata","mileage":"88300","engine_size":"2.0","fuel_type":"Diesel","body_type":"Saloon","colour":"e0e0e0","location":"Dublin","price":"\u20ac 5,900","images":{"base_url":"http:\/\/i0.carsie.ie\/","image_list":[{"thumb":"NWRiM2ViNDBiODQ4ZTE1Yzc3NTk2Yzk5ZGI3N2NmNzJ2Z-AX0-xfx8Ngc64UIlr6ODk4MjgxLTczNjM4OTkuanBnfHx8fHx8OTJ4Njl8fHx8fA==.jpg","main":"NjU2MTcwMDkxZTJhZTBiZWJlNzkyYzYxOGVmMmY5ZjdAnCJw2uJv1wJERDW6a73IODk4MjgxLTczNjM4OTkuanBnfHx8fHx8fHx8fHw0MDB4MzAw.jpg","large":"ZDI4ODJkMmZkZGY2MmYxYWFjODM0NGJjOWJiZmM3NmU4oLQ1KJUDOP6KslMcidRYODk4MjgxLTczNjM4OTkuanBnfHx8fHx8fHx8fHw2NDB4NDgw.jpg"}]}},{"ad_id":"897895","reg_year":"2005","make":"Toyota","model":"Corolla","variant":"Verso 1.6 Luna","mileage":"92788","engine_size":"1.6","fuel_type":"Petrol","body_type":"People Carrier","colour":"0000c0","location":"Kildare","price":"\u20ac 5,900","images":{"base_url":"http:\/\/i0.carsie.ie\/","image_list":[{"thumb":"MGYwNGVlYjhmMzBmNzNkN2FmM2Q2ZjQwYWY0MGU0ZTDnwQlniFKQMAkDapBoGBVuODk3ODk1LTczNTg5OTQuanBnfHx8fHx8OTJ4Njl8fHx8fA==.jpg","main":"YjQ1NDU3ZTJhMWEzNzJmODQ2MjExNmVmMWNlODBjYTXi_oGEUJhtPhdtL1-TtkOoODk3ODk1LTczNTg5OTQuanBnfHx8fHx8fHx8fHw0MDB4MzAw.jpg","large":"ZDllZTJhYjg1MzVhNTJjZDc1MjkxMzcxMDliZDgxN2JQ0IkiKreS0OBYnt_4NEhfODk3ODk1LTczNTg5OTQuanBnfHx8fHx8fHx8fHw2NDB4NDgw.jpg"}]}},{"ad_id":"800573","reg_year":"1998","make":"Toyota","model":"Landcruiser","variant":"COLORADO 3.0 TD FX 05DR","mileage":"202000","engine_size":"3.0","fuel_type":"Diesel","body_type":"Estate","colour":"e0e0e0","location":"Tipperary","price":"\u20ac 5,900","images":{"base_url":"http:\/\/i0.carsie.ie\/","image_list":[{"thumb":"NWM1OTgxM2NjODdkMjA1NmVlOWIxODRkOTZmODE5MzR5_gxv1ehss-KKXAwodEPjODAwNTczLTYyMDg0MjYuanBnfHx8fHx8OTJ4Njl8fHx8fA==.jpg","main":"MDBmYjE4Njk4NjNjZmUwNzVkMDQ1MWM1MTJhYjkxY2S2tNw_KELQiLHUtlLB03BiODAwNTczLTYyMDg0MjYuanBnfHx8fHx8fHx8fHw0MDB4MzAw.jpg","large":"NGI3MTQwN2RkNDlhZWZkZmQ4NGU4NWU0ZDMyZTBjNjSUXsxz0iYLg-HvQXxJVqgZODAwNTczLTYyMDg0MjYuanBnfHx8fHx8fHx8fHw2NDB4NDgw.jpg"}]}},{"ad_id":"895084","reg_year":"2005","make":"Volkswagen","model":"Beetle","variant":"1.6 102BHP WITH NCT AND TAX \/ EXCELLENT CONDITION \/ CALL 086-8055412 ANYTIME","mileage":"79000","engine_size":"1.6","fuel_type":"Petrol","body_type":"Hatchback","colour":"e0e0e0","location":"Dublin","price":"\u20ac 5,900","images":{"base_url":"http:\/\/i0.carsie.ie\/","image_list":[{"thumb":"NGNlMDZhYzJkNjJhYzY4NjY0YzRiYjI0YjliNTU4OTjvhftLga5F5sKcbR8WEOh5ODk1MDg0LTczMTA1NzEuanBnfHx8fHx8OTJ4Njl8fHx8fA==.jpg","main":"YTM3YmNlN2I1N2Y4ZjQ1YTZlZDc1ZjY4ZTQzZDQ0YjPLbNuTmVo0x0ZTxHS7SOiGODk1MDg0LTczMTA1NzEuanBnfHx8fHx8fHx8fHw0MDB4MzAw.jpg","large":"ZTMxMzhkMGM5ZjEyNzhlZGM2ZGQ0OWMzZjMwMTU0MjclbNIL8HoysALSGWgXp3CWODk1MDg0LTczMTA1NzEuanBnfHx8fHx8fHx8fHw2NDB4NDgw.jpg"}]}},{"ad_id":"878159","reg_year":"2007","make":"Volkswagen","model":"Caddy","variant":"1.9 TDI 77KW DSD ","mileage":"121583","engine_size":"1.9","fuel_type":"Diesel","body_type":"Van","colour":"ffffff","location":"Meath","price":"\u20ac 5,900","images":{"base_url":"http:\/\/i0.carsie.ie\/","image_list":[{"thumb":"ZjJkNGMyNzI4NGJiODhmOTU3NGUyZjVjYWVjODEzMjh2Magr9JJ_4TnckhmE03tAODc4MTU5LTcxMTgzMjguanBnfHx8fHx8OTJ4Njl8fHx8fA==.jpg","main":"ZmYxNTZlN2IyNTkyNjY1YmI4ZjI3OTUxZDIyMzk2ZjmXVJih8nWRAYvdj8kKbhuuODc4MTU5LTcxMTgzMjguanBnfHx8fHx8fHx8fHw0MDB4MzAw.jpg","large":"ZmM3YWEwMWI1MDkxNzM3ZmE0M2MxYTY0MjM3YzMwNDQawet7Hj09HLTImq6qxTkbODc4MTU5LTcxMTgzMjguanBnfHx8fHx8fHx8fHw2NDB4NDgw.jpg"}]}},{"ad_id":"793385","reg_year":"2002","make":"Volkswagen","model":"Passat","variant":"1.9 TDI 100bhpESTATE","mileage":"88000","engine_size":"1.9","fuel_type":"Diesel","body_type":"Estate","colour":"008000","location":"Cork","price":"\u20ac 5,900","images":{"base_url":"http:\/\/i0.carsie.ie\/","image_list":[{"thumb":"N2E5MmFiZDNkYzY5MDRiNWIwYzUwOGY1NzZhMDVlNWNpmWTqqHVqiCCC9miNQuUeNzkzMzg1LTYxMjI3NDcuanBnfHx8fHx8OTJ4Njl8fHx8fA==.jpg","main":"MTI2YTgyNjIxNGE1ZDc3NDBjMzkzN2E4YTEwNjMwZjLwJex_KbL6O9fhLoO_yvQbNzkzMzg1LTYxMjI3NDcuanBnfHx8fHx8fHx8fHw0MDB4MzAw.jpg","large":"ZWNjMTM4OTk2NjZiZWI0NGViOWMxY2RhODgzYWVlNjXeaE7i3XGUmXsbpycCH-gaNzkzMzg1LTYxMjI3NDcuanBnfHx8fHx8fHx8fHw2NDB4NDgw.jpg"}]}},{"ad_id":"890520","reg_year":"2005","make":"Volkswagen","model":"Polo","variant":null,"mileage":"98798","engine_size":"1.2","fuel_type":"Petrol","body_type":null,"colour":"e0e0e0","location":"Kildare","price":"\u20ac 5,900","images":{"base_url":"http:\/\/i0.carsie.ie\/","image_list":[{"thumb":"MDhkMDUzMTVjOGI1OTFlMGI3NTgxZjJjYTg4ZGEzMTU4hS4wI1Xi-OnpNq3C-jYfODkwNTIwLS5qcGd8fHx8fHw5Mng2OXx8fHx8.jpg","main":"NWE2YzMxY2U5N2E4MDdlMmJkMjU4ZWNmMWY5MjI4NWYDezAKcbmV5lqg67c-jqnGODkwNTIwLS5qcGd8fHx8fHx8fHx8fDQwMHgzMDA=.jpg","large":"OWU2ODY3MGU4ZjMxZjc2YjQ1MTc5ZjAwYjY4MWU3YWXhBbK21BZZmasYNGAP7JEBODkwNTIwLS5qcGd8fHx8fHx8fHx8fDY0MHg0ODA=.jpg"}]}},{"ad_id":"894980","reg_year":"2006","make":"Volvo","model":"S40","variant":"1.8SE (05) 4DR","mileage":"115578","engine_size":"1.8","fuel_type":"Petrol","body_type":"Saloon","colour":"e0e0e0","location":"Limerick","price":"\u20ac 5,900","images":{"base_url":"http:\/\/i0.carsie.ie\/","image_list":[{"thumb":"M2UyYzhhYmI5YzE0YjhlMDg5OWIxZTM0MDYyM2YyNzKuvMWn14zsc5NEmhsF6SG1ODk0OTgwLTczMDg5OTcuanBnfHx8fHx8OTJ4Njl8fHx8fA==.jpg","main":"ZmI4ODkzNzkwZGUwMGI3Mzk1ODA3MWEzOTU1ZTVkZDlIhHG72TnaGI2iya1nxu7ZODk0OTgwLTczMDg5OTcuanBnfHx8fHx8fHx8fHw0MDB4MzAw.jpg","large":"ZmVkNGYyY2FiNzlkYmVkMmFmNjA5MTc0MTU3ZmJlOWTKxGys-JtJLbWAWCGwRnAoODk0OTgwLTczMDg5OTcuanBnfHx8fHx8fHx8fHw2NDB4NDgw.jpg"}]}},{"ad_id":"892085","reg_year":"2006","make":"Volvo","model":"S80","variant":"**SOLD** AUTOMATIC ","mileage":"56000","engine_size":"2.5","fuel_type":"Petrol","body_type":"Saloon","colour":"0000c0","location":"Dublin","price":"\u20ac 5,900","images":{"base_url":"http:\/\/i0.carsie.ie\/","image_list":[{"thumb":"MDM4NjEyNmZmN2FkOTcwMzI4NmYxMzI0OWNhOWE1YjWww3v-Tjpdo4lVw4X-b_9qODkyMDg1LTcyNjk1MTQuanBnfHx8fHx8OTJ4Njl8fHx8fA==.jpg","main":"YWNiODVkOWYxMjVhOWZiZjgzOWM4MDUwZTI1NWNiNmKkYmYvncOCRskuQi-JmBm7ODkyMDg1LTcyNjk1MTQuanBnfHx8fHx8fHx8fHw0MDB4MzAw.jpg","large":"MGM0YzVkMzQwY2M2YjJiMjFiNTUzZTYxYWUxYTFlMzmWCXoVLjRSd7jfTu5ZEGdAODkyMDg1LTcyNjk1MTQuanBnfHx8fHx8fHx8fHw2NDB4NDgw.jpg"}]}},{"ad_id":"901988","reg_year":"2005","make":"Ford","model":"Focus","variant":"1.4 HATCH. LOW MILES, HIGH SPEC","mileage":"39768","engine_size":"1.4","fuel_type":"Petrol","body_type":"Hatchback","colour":"e0e0e0","location":"Dublin","price":"\u20ac 5,945","images":{"base_url":"http:\/\/i0.carsie.ie\/","image_list":[{"thumb":"MjhkMDJmNmIxMjE1N2I4ZThjZDE1MDAxMzMxYzM5MDeeavCMoD_rDbXDz6Q--1lUOTAxOTg4LTc0MjY5NTIuanBnfHx8fHx8OTJ4Njl8fHx8fA==.jpg","main":"ZTI0ZjJmMzkzYmFmM2M5ZWViMmFjMGNmY2U3YTYwZjaI_WYEt91v7sLvPxomxsJCOTAxOTg4LTc0MjY5NTIuanBnfHx8fHx8fHx8fHw0MDB4MzAw.jpg","large":"Y2RmYzFkMmMwMGQ4YmMwM2JkNjZlZTBkZGQxYmQxYjVeV8U42sT5NGnXSjZRpTlAOTAxOTg4LTc0MjY5NTIuanBnfHx8fHx8fHx8fHw2NDB4NDgw.jpg"}]}},{"ad_id":"875865","reg_year":"2007","make":"Kia","model":"Sorento","variant":"EX COMMERCIAL ","mileage":"113165","engine_size":"2.5","fuel_type":"Diesel","body_type":"Hatchback","colour":"000000","location":"Laois","price":"\u20ac 5,945","images":{"base_url":"http:\/\/i0.carsie.ie\/","image_list":[{"thumb":"ZjdhYzBhYzRkMDJmM2RlZTE4MGNiZmZjMzE5MzY2YmaMMKVAgKstNAzIXFa9yzUuODc1ODY1LTcyNDc2OTMuanBnfHx8fHx8OTJ4Njl8fHx8fA==.jpg","main":"ODJkNjMyNzUwZjhjNzVmOTI4MTVhMDdjMGUyZGMxMTJYv6LbmxcVVAtj7KBxDk8WODc1ODY1LTcyNDc2OTMuanBnfHx8fHx8fHx8fHw0MDB4MzAw.jpg","large":"MTQzMzRiNGY1NjlhM2QwMGM2Y2UwMzI1YTZhZDgxMWHDiyqKLHQPcg2xzzn0HESwODc1ODY1LTcyNDc2OTMuanBnfHx8fHx8fHx8fHw2NDB4NDgw.jpg"}]}},{"ad_id":"880230","reg_year":"2007","make":"Opel","model":"Vectra","variant":"Life 1.6I 16V 5 DR","mileage":"70838","engine_size":"1.6","fuel_type":"Petrol","body_type":"Hatchback","colour":"e0e0e0","location":"Meath","price":"\u20ac 5,945","images":{"base_url":"http:\/\/i0.carsie.ie\/","image_list":[{"thumb":"OWZhZGMzYWYzMGQzNTVjMjRiNzYzYzE2NThhNzE4MGHoRfi6ENdPmUUhEUmk3ebHODgwMjMwLTcxMzUzNTEuanBnfHx8fHx8OTJ4Njl8fHx8fA==.jpg","main":"MDY0YjFiNjEwODlhOTZhOGRhYTI2NTQxM2M5MzdmM2GBL5NvhHNDULRfEHFA4wsMODgwMjMwLTcxMzUzNTEuanBnfHx8fHx8fHx8fHw0MDB4MzAw.jpg","large":"ZjBkZTBkNmIzZDk5YjYzMzZmZTEwMTYyOGU4Mzk1OTmq2IrGhhujlwuwvL2NUr-XODgwMjMwLTcxMzUzNTEuanBnfHx8fHx8fHx8fHw2NDB4NDgw.jpg"}]}},{"ad_id":"898847","reg_year":"2003","make":"BMW","model":"3 Series","variant":"CONVERTABLE \/ AUTOMATIC \/ NCT JAN-14 \/ ONLY 89k \/ CREAM LEATHER \/ VERY CAREFUL OWNER \/ FULL HISTORY \/ AS NEW \/ \"\"MUST BE SEEN\"\" \/ www. N4CARS. ie","mileage":"89000","engine_size":"2.0","fuel_type":"Petrol","body_type":null,"colour":"0000c0","location":"Dublin","price":"\u20ac 5,949","images":{"base_url":"http:\/\/i0.carsie.ie\/","image_list":[{"thumb":"YzMwOGJjOGIzMjNmNDkxMzRkYzI5MWM2NzJhNDdiNjUdkVbLdtws8ZkyZsHwqlvFODk4ODQ3LTc0MDI1NzMuanBnfHx8fHx8OTJ4Njl8fHx8fA==.jpg","main":"ZTIzMDY1ZDk2NmQ1NWY1ZWU3NzExYWIzMmU4ZDUzYWUtGwfKAq3d8tI6ZWhXC09nODk4ODQ3LTc0MDI1NzMuanBnfHx8fHx8fHx8fHw0MDB4MzAw.jpg","large":"NDYzNzUyM2U2Y2M0NjNkOTE5YjEyNjU0NjIxYzYyOTNsA_jgPfMZpqod4zoggp27ODk4ODQ3LTc0MDI1NzMuanBnfHx8fHx8fHx8fHw2NDB4NDgw.jpg"}]}},{"ad_id":"898518","reg_year":"2008","make":"Chevrolet","model":"Epica","variant":"AUTOMATIC \/ ONE CAREFUL OWNER \/ NCT APR-14 \/ ONLY 75k \/ AS NEW \/ \"\"MUST BE SEEN\"\" \/ www. N4CARS. ie","mileage":"75000","engine_size":"2.0","fuel_type":"Petrol","body_type":null,"colour":"ff0000","location":"Dublin","price":"\u20ac 5,949","images":{"base_url":"http:\/\/i0.carsie.ie\/","image_list":[{"thumb":"MTk3N2E0NzlkMTI1YjcwNTFkYTg2MmVmMTc3Y2VkNzKzvY0bSEVqBpCzN-SAE8QQODk4NTE4LS5qcGd8fHx8fHw5Mng2OXx8fHx8.jpg","main":"ZGMxM2U1Y2QyMGJhMzc4Mjk2M2E5MTc2NjFlMjI2MWOO1eq2bTOzIpMOc9kq9uMgODk4NTE4LS5qcGd8fHx8fHx8fHx8fDQwMHgzMDA=.jpg","large":"ZjAxMDBkZmVlNzlkMGIyNTVhNTFkY2RiZDBkNDgxMzC3PpV_AV0UMyilu6-E3BXPODk4NTE4LS5qcGd8fHx8fHx8fHx8fDY0MHg0ODA=.jpg"}]}},{"ad_id":"895724","reg_year":"2006","make":"Ford","model":"Fiesta","variant":"1.2 TOP-SPEC, STEEL, 5DR, NEW NCT JUN-14, VERY CAREFUL OWNER, ONLY 45k, ALLOYS, AS NEW, \"\"MUST BE SEEN\"\", N4CARS. ie","mileage":"45000","engine_size":"1.2","fuel_type":"Petrol","body_type":null,"colour":"7a0000","location":"Dublin","price":"\u20ac 5,949","images":{"base_url":"http:\/\/i0.carsie.ie\/","image_list":[{"thumb":"ZGVmZGRmZjYyYzg5MTFhZGZiZTMwMjUzYTRlMDA4OGK9G-KJM8jZK48IEPp5pNDFODk1NzI0LTczMjgyMzAuanBnfHx8fHx8OTJ4Njl8fHx8fA==.jpg","main":"Y2ZmNDA1MzdiZGZhMjQzM2RjZjBlNTdjMjVkMGFmMzk4R2z28yE6l_yO1RqgQxnTODk1NzI0LTczMjgyMzAuanBnfHx8fHx8fHx8fHw0MDB4MzAw.jpg","large":"YzEwYWI5MDJhZWQ5YmU5MGNmYjM1YjczNTk0Nzc0NWVZ1PeEtTwDcgoKHuYgS4NCODk1NzI0LTczMjgyMzAuanBnfHx8fHx8fHx8fHw2NDB4NDgw.jpg"}]}},{"ad_id":"898264","reg_year":"2007","make":"Ford","model":"Fiesta","variant":"Steel 2 1.25 5DR","mileage":"81000","engine_size":"1.2","fuel_type":"Petrol","body_type":"Hatchback","colour":"0000c0","location":"Dublin","price":"\u20ac 5,949","images":{"base_url":"http:\/\/i0.carsie.ie\/","image_list":[{"thumb":"NzBkZDgyNmQxNGY1MzI3YzA2ZTdmZDZmMmU1MTcxNGF4gfODj4m50tyHhRQz9ezLODk4MjY0LTczNjM2MTAuanBnfHx8fHx8OTJ4Njl8fHx8fA==.jpg","main":"ZGEzYjk4N2M4YTg2YzZhZTY2ZGExY2VlNzM2ZWMwYzih3hDQqDSQw4hPWz52uw7NODk4MjY0LTczNjM2MTAuanBnfHx8fHx8fHx8fHw0MDB4MzAw.jpg","large":"MTY1M2EyZmM0ZTlhMmExZjczNzE4Nzc4ODVkZGRmZjbby9gzGsVO_n85lPYi1fnkODk4MjY0LTczNjM2MTAuanBnfHx8fHx8fHx8fHw2NDB4NDgw.jpg"}]}},{"ad_id":"868761","reg_year":"2006","make":"Honda","model":"Civic","variant":"1.4, 3DR HATCH, NCT APR-14, ONE OWNER, ONLY 65k, AS NEW, \"\"MUST BE SEEN\"\", N4CARS. ie","mileage":"65000","engine_size":"1.4","fuel_type":"Petrol","body_type":null,"colour":"0000c0","location":"Dublin","price":"\u20ac 5,949","images":{"base_url":"http:\/\/i0.carsie.ie\/","image_list":[{"thumb":"OTRjZWMyZmZjMDlmZjk1M2E5NzUzMjdmZTMwZDg2NzVzgx_End57y5_0huaprA9CODY4NzYxLTcwODYyODIuanBnfHx8fHx8OTJ4Njl8fHx8fA==.jpg","main":"OTg4YWE2NjRlMGM4MWNhNTJkNmRjZjRkMDFhYzUzMDcPBNEkRnUOpHa8fk5A-x2qODY4NzYxLTcwODYyODIuanBnfHx8fHx8fHx8fHw0MDB4MzAw.jpg","large":"ODQ0ZDZlYzVjYzdlZTJiOWJlZDdkMTljNTFiZWIwYzk8RldTSJeM2dYLRMj4hw6IODY4NzYxLTcwODYyODIuanBnfHx8fHx8fHx8fHw2NDB4NDgw.jpg"}]}},{"ad_id":"895730","reg_year":"2007","make":"Nissan","model":"Micra","variant":"**FINANCE AVAILABLE**, AUTOMATIC, 1.1, TOP-SPEC SPORT, NCT FEB-15, TAX SEP-13, VERY CAREFUL OWNER, IMMACULATE, AS NEW, \"\"MUST BE SEEN\"\", N4CARS. ie","mileage":"72000","engine_size":"1.2","fuel_type":"Petrol","body_type":null,"colour":"0000c0","location":"Dublin","price":"\u20ac 5,949","images":{"base_url":"http:\/\/i0.carsie.ie\/","image_list":[{"thumb":"NmFlMjM1ZmZlNjZmOGZmMzIzY2ZiMTcwNmY0YzgyNzk1_bMuduTFzoa-yn4hzMI1ODk1NzMwLTczNTk3ODkuanBnfHx8fHx8OTJ4Njl8fHx8fA==.jpg","main":"ZjI4Yzg1NWQ1Yjg0YzkxMmZmZTQ2MTJmZDkxNDcxOWSnagLjLOxlOaWCIVkjWKxYODk1NzMwLTczNTk3ODkuanBnfHx8fHx8fHx8fHw0MDB4MzAw.jpg","large":"OTI5YmQ5ZTkwZjc0MjMyZjRiMWEzMDUwZTk2OTM1NTN-6V0wS5ZkFL7bhRR-oYLWODk1NzMwLTczNTk3ODkuanBnfHx8fHx8fHx8fHw2NDB4NDgw.jpg"}]}}]}