{"total":"23408","result":[{"ad_id":"845837","reg_year":"2004","make":"Volvo","model":"S40","variant":"1.8 SE NEW MODEL. FINANCE ARRANGED IN 1HOUR","mileage":"117439","engine_size":"1.8","fuel_type":"Petrol","body_type":null,"colour":"0000c0","location":"Dublin","price":"\u20ac 4,950","images":{"base_url":"http:\/\/i0.carsie.ie\/","image_list":[{"thumb":"NzI4MDNhNGYxZjdlZjE0OWQwMWJjYTQ3YmNmZGNjNjGfpwS98nwlbNts0eudfS7XODQ1ODM3LTcxNTEyOTYuanBnfHx8fHx8OTJ4Njl8fHx8fA==.jpg","main":"ZjE1ZTBjYTA4NTllYmU0ZjMyZDk2ZDQ4MTViOGExYWQVN7Pvo6v_fur5vgMO8Z3DODQ1ODM3LTcxNTEyOTYuanBnfHx8fHx8fHx8fHw0MDB4MzAw.jpg","large":"ZTQwNTE1NWU4ZjI3ZmQxNWVlZWZjYTU2ZDNmNTU5ZGIzOp0Sz4QP-0lX2rG7sDeqODQ1ODM3LTcxNTEyOTYuanBnfHx8fHx8fHx8fHw2NDB4NDgw.jpg"}]}},{"ad_id":"891132","reg_year":"2004","make":"Volvo","model":"S40","variant":"1.8 SE","mileage":"57000","engine_size":"1.8","fuel_type":"Petrol","body_type":"Saloon","colour":"e0e0e0","location":"Dublin","price":"\u20ac 4,950","images":{"base_url":"http:\/\/i0.carsie.ie\/","image_list":[{"thumb":"YzNkYjgyOTI4ZTdkYzJjMzAzZWY0NDRiNWRlMjEzOTb5F-3F79ObUiPC222bIzQlODkxMTMyLTcyNTkxOTAuanBnfHx8fHx8OTJ4Njl8fHx8fA==.jpg","main":"OTFlZDA3NDRjYjY4OTUyMTNkMDVjODE5MTIxMTdhYTR4MqRHfbzcz37qj3sdD9ZEODkxMTMyLTcyNTkxOTAuanBnfHx8fHx8fHx8fHw0MDB4MzAw.jpg","large":"MzU4ODMzMDEyMzgzNWE2MjY0MDlmZmNmMWNjNDFiNDTiykMvmr10RJ2F_PAF-lDCODkxMTMyLTcyNTkxOTAuanBnfHx8fHx8fHx8fHw2NDB4NDgw.jpg"}]}},{"ad_id":"882011","reg_year":"2005","make":"Volvo","model":"S40","variant":"1.8 SE MY04","mileage":"68690","engine_size":"1.8","fuel_type":"Petrol","body_type":"Saloon","colour":"e0e0e0","location":"Kerry","price":"\u20ac 4,950","images":{"base_url":"http:\/\/i0.carsie.ie\/","image_list":[{"thumb":"YmY5YzM3NTJlZmUyOGQzYTFkNDhjYzQwNDk2ZjA5MjdPm8b7htDkv43u027tTmocODgyMDExLTcxNjAwNTYuanBnfHx8fHx8OTJ4Njl8fHx8fA==.jpg","main":"NjNkNDBmNTQyMjhlY2Q2NDdiOTkxNzI3YzJmN2Q1ZDCkIhiWHOk83H8aYXqoJ5RIODgyMDExLTcxNjAwNTYuanBnfHx8fHx8fHx8fHw0MDB4MzAw.jpg","large":"NDZlZmY5M2U2Y2JiMWNmNDFiZDA2ZmNjZTZjZTU3YjYC-4xviGx3Y_JZLnmt3uKeODgyMDExLTcxNjAwNTYuanBnfHx8fHx8fHx8fHw2NDB4NDgw.jpg"}]}},{"ad_id":"890115","reg_year":"2003","make":"Volvo","model":"V70","variant":null,"mileage":"136264","engine_size":"2.4","fuel_type":"Diesel","body_type":null,"colour":"0000c0","location":"Dublin","price":"\u20ac 4,950","images":{"base_url":"http:\/\/i0.carsie.ie\/","image_list":[{"thumb":"YTU2NjE1OTNiNTE1Mjc5NjRmOTQxNzJhMjRjN2Q1OGWJgXyz59Qz1rtgqgj88wIZODkwMTE1LTczMzU1MTQuanBnfHx8fHx8OTJ4Njl8fHx8fA==.jpg","main":"NjNmODNhOGM4M2M4ZTY0ZmFhOGI2MTA3ZjRlZWFlYzRVyKwetIDCbNGeXZlRfAYKODkwMTE1LTczMzU1MTQuanBnfHx8fHx8fHx8fHw0MDB4MzAw.jpg","large":"ZGNkMzg4MDlhZmIwN2VkMzUzMmQ4ODI0OTMxNWIyYTO9Zb5vHDKw3zNpvIxL0mE8ODkwMTE1LTczMzU1MTQuanBnfHx8fHx8fHx8fHw2NDB4NDgw.jpg"}]}},{"ad_id":"880392","reg_year":"2007","make":"Nissan","model":"Primera","variant":"1.6 T-spec 4DR","mileage":"47000","engine_size":"1.6","fuel_type":"Petrol","body_type":"Saloon","colour":"e0e0e0","location":"Louth","price":"\u20ac 4,960","images":{"base_url":"http:\/\/i0.carsie.ie\/","image_list":[{"thumb":"N2U4YjFmYjU5ZDZjNDQ1MmYyMDhmMmUxZGYzODgzOWM2tkrokMseIg8AhpkzZu3dODgwMzkyLTcxNDAwMDEuanBnfHx8fHx8OTJ4Njl8fHx8fA==.jpg","main":"YWM0YjVmNmRiNjgyYjRhZWUxNjg0ZDJmNTllOTc0ZDOls4iU4-GdfCodtApFXCzFODgwMzkyLTcxNDAwMDEuanBnfHx8fHx8fHx8fHw0MDB4MzAw.jpg","large":"ZjViMWNiZDUzOGFlNDU0M2IzODc0Y2ZhYjM1NDcwZjS64oyGWuGWxWPjkyknb5_qODgwMzkyLTcxNDAwMDEuanBnfHx8fHx8fHx8fHw2NDB4NDgw.jpg"}]}},{"ad_id":"886542","reg_year":"2006","make":"Renault","model":"Clio","variant":"3 1.2 16V Dynamiq","mileage":"52000","engine_size":"1.1","fuel_type":"Petrol","body_type":"Hatchback","colour":"000000","location":"Waterford","price":"\u20ac 4,975","images":{"base_url":"http:\/\/i0.carsie.ie\/","image_list":[{"thumb":"MjE2MTIzYWM1NDA0ZWMxMDM4MDhmYWY2MTNhNzUzYjhKMlAUYNxBX1Cg-wgL2pG4ODg2NTQyLTcyMTY2NjMuanBnfHx8fHx8OTJ4Njl8fHx8fA==.jpg","main":"MTYzYWVlNDM2MGJiOGRkM2Q4NWQxNzZlODhmZmMxODRiwSYUuPXSMW8wuh3CpWXoODg2NTQyLTcyMTY2NjMuanBnfHx8fHx8fHx8fHw0MDB4MzAw.jpg","large":"ZDRmZTQyMjg0OWUyNDBhYzJlOTNjZjAxZGY5YzI4NGGl7jgfCPxe-nfggcSs7A92ODg2NTQyLTcyMTY2NjMuanBnfHx8fHx8fHx8fHw2NDB4NDgw.jpg"}]}},{"ad_id":"897016","reg_year":"2004","make":"Audi","model":"A4","variant":"1.8T 163BHP 2DR","mileage":"85000","engine_size":"1.8","fuel_type":"Petrol","body_type":"Cabriolet \/ Convertible","colour":"e0e0e0","location":"Dublin","price":"\u20ac 4,980","images":{"base_url":"http:\/\/i0.carsie.ie\/","image_list":[{"thumb":"NTg0NjAyMGIyYzNkMWM0ZDI1MjkxNDE4NmIyZjk4NGI0IDCe-qV9ZwYsQE4N1JvFODk3MDE2LTczNTAwMjguanBnfHx8fHx8OTJ4Njl8fHx8fA==.jpg","main":"NTU0NDY0MWIzZWZmYzQ1NWRiM2RhMWJmYmMzZTRmMDbw46PkQaR0tJgxr04s4oYQODk3MDE2LTczNTAwMjguanBnfHx8fHx8fHx8fHw0MDB4MzAw.jpg","large":"M2IwODBjYWQzMDg4OThhNTczNTJhOGU5YjRlYjM5M2Nzya_iH6u9dJts8Xqg0iRVODk3MDE2LTczNTAwMjguanBnfHx8fHx8fHx8fHw2NDB4NDgw.jpg"}]}},{"ad_id":"902098","reg_year":"2006","make":"Opel","model":"Corsa","variant":"Club Z10xep MT5 3DR","mileage":"41011","engine_size":"1.0","fuel_type":"Petrol","body_type":"Hatchback","colour":"e0e0e0","location":"Dublin","price":"\u20ac 4,990","images":{"base_url":"http:\/\/i0.carsie.ie\/","image_list":[{"thumb":"Yzc1NWUxYTNkYjMwZWY0Nzk3NjJhOTUyZjhkMmI1ZTAduBtSuff51Lz1DP5W3cs6OTAyMDk4LTc0MjgxNzYuanBnfHx8fHx8OTJ4Njl8fHx8fA==.jpg","main":"MGE3YjVlOTI0OTNkZGQ4MDE5YWUzMDc5MjkyNDBkOWQKnyC9eSUbWSDjN_YLRCm8OTAyMDk4LTc0MjgxNzYuanBnfHx8fHx8fHx8fHw0MDB4MzAw.jpg","large":"YjI0MGFhOWEwOTNiMjBiMDE4MjNjNzRiYWM0MTc4Y2Z-4UGFIZFCDEYb9l9-3t6QOTAyMDk4LTc0MjgxNzYuanBnfHx8fHx8fHx8fHw2NDB4NDgw.jpg"}]}},{"ad_id":"901676","reg_year":"2003","make":"Audi","model":"A4","variant":"","mileage":"117161","engine_size":"1.9","fuel_type":"Diesel","body_type":"Saloon","colour":"000000","location":"Cavan","price":"\u20ac 4,995","images":{"base_url":"http:\/\/i0.carsie.ie\/","image_list":[{"thumb":"OTg2YjE5MmVlMmFlYjVlNzRhMTE5M2Q2MmEyY2JlNDCAsmK37DCGQ8m3Bn7Gox6hOTAxNjc2LTc0MjM0MjIuanBnfHx8fHx8OTJ4Njl8fHx8fA==.jpg","main":"OWI4NTMzZWEwOTE0YWM3M2RlMjljNmEyZjQ5ZTY5OWFZ1Z9YubvtNef7B0xgt54-OTAxNjc2LTc0MjM0MjIuanBnfHx8fHx8fHx8fHw0MDB4MzAw.jpg","large":"OGU1ZGFiNzNjNWUzZGM2OTQ3NmYzZTUyYjE1ZWRkZmJCufpdfTAnrLTO-LTnyJwoOTAxNjc2LTc0MjM0MjIuanBnfHx8fHx8fHx8fHw2NDB4NDgw.jpg"}]}},{"ad_id":"897465","reg_year":"2004","make":"BMW","model":"316","variant":"316 SALOON 1.8","mileage":"99000","engine_size":"1.8","fuel_type":"Petrol","body_type":null,"colour":"e0e0e0","location":"Carlow","price":"\u20ac 4,995","images":{"base_url":"http:\/\/i0.carsie.ie\/","image_list":[{"thumb":"ODI4YTNmMzRhMDIwYjNmM2Q3ZmRhODFmMDJlNTVkYjGiAEQlSy-pvKRYD8WQ7b_lODk3NDY1LTczNTQ4MzcuanBnfHx8fHx8OTJ4Njl8fHx8fA==.jpg","main":"YjBmODJkODFkMDdkZGE1MDQxZmQzOWZjNjFlMzA1ZGUi3i7MNcgBLTAYqF2s0H5xODk3NDY1LTczNTQ4MzcuanBnfHx8fHx8fHx8fHw0MDB4MzAw.jpg","large":"MTM1MzVmYWVjYzRhOTU2MGEzYjBhMWNkNWYxZDNkNjgS8Ke7nOpjOzFx7VGTXQvGODk3NDY1LTczNTQ4MzcuanBnfHx8fHx8fHx8fHw2NDB4NDgw.jpg"}]}},{"ad_id":"817749","reg_year":"2002","make":"BMW","model":"325","variant":"Conv","mileage":"124000","engine_size":"2.5","fuel_type":"Petrol","body_type":"Cabriolet \/ Convertible","colour":"0000c0","location":"Dublin","price":"\u20ac 4,995","images":{"base_url":"http:\/\/i0.carsie.ie\/","image_list":[{"thumb":"NGVkNWUxOWEwOGM3NzE5MGZjMGJiOGI0NTliZjJmNGIKsrEQIxH-HhyFQiRe1cC_ODE3NzQ5LTY0MjU4NzAuanBnfHx8fHx8OTJ4Njl8fHx8fA==.jpg","main":"ZTBhN2ZiYzhkNjI5YWY0ZTZjNGM3ZWMwM2NiMzE0Y2U0et4NPo85GsGXPOZ_YMEWODE3NzQ5LTY0MjU4NzAuanBnfHx8fHx8fHx8fHw0MDB4MzAw.jpg","large":"ZTIyMzcwZWVkODNmNDU5NzVjYTAyZWEwMGE0YjU1NmFTJ2y_r_i2Jwa55CZA9zRPODE3NzQ5LTY0MjU4NzAuanBnfHx8fHx8fHx8fHw2NDB4NDgw.jpg"}]}},{"ad_id":"895636","reg_year":"2002","make":"BMW","model":"325","variant":"Convertible. NCT 02\/14. LEATHER","mileage":"75014","engine_size":"2.5","fuel_type":"Petrol","body_type":"Cabriolet \/ Convertible","colour":"0000c0","location":"Dublin","price":"\u20ac 4,995","images":{"base_url":"http:\/\/i0.carsie.ie\/","image_list":[{"thumb":"NzczNjY3YjFiYTRlMGI2ZWE2Y2ZkOWRkOGEzNGI4NTmE6leYlTNLh-W_r8MR_VJbODk1NjM2LTczMjY4MDkuanBnfHx8fHx8OTJ4Njl8fHx8fA==.jpg","main":"ZTllODVkZjAzNDk0MzY3NTgzY2NkOGEwNDljNjk0MzcS4UubwTWlbYGKd-5UNjdNODk1NjM2LTczMjY4MDkuanBnfHx8fHx8fHx8fHw0MDB4MzAw.jpg","large":"ZWQ2ZTg0ZjRkOWVkMmY4NTZiN2MxMGU4YTRhNzc3MWJRPC-SV0XSZwwr8Vxc6jzyODk1NjM2LTczMjY4MDkuanBnfHx8fHx8fHx8fHw2NDB4NDgw.jpg"}]}},{"ad_id":"834360","reg_year":"2008","make":"Chevrolet","model":"Aveo","variant":"1.2 LS 4DR **Economical**\u20ac225 TAX**","mileage":"54069","engine_size":"1.2","fuel_type":"Petrol","body_type":"Saloon","colour":"e0e0e0","location":"Carlow","price":"\u20ac 4,995","images":{"base_url":"http:\/\/i0.carsie.ie\/","image_list":[{"thumb":"YTgwNjU2NjcyNzJiYjYwZjUyMTRhNGM2NGRjMmVlMjRnegxON0IelrHlkRmVbU0gODM0MzYwLTY2MjMzMzIuanBnfHx8fHx8OTJ4Njl8fHx8fA==.jpg","main":"YmVhY2U2ZmVmNjUwZDFjNjAyM2ZhNDMwYTJkZjcyZmSZlZKooijvrYRmtb-j1MCtODM0MzYwLTY2MjMzMzIuanBnfHx8fHx8fHx8fHw0MDB4MzAw.jpg","large":"OTFmZmQ0Yzc3OTliYTU3YzA4NjNiZjllM2NmNjJjMDlCyT2C2qWhm6kJcPCIOul3ODM0MzYwLTY2MjMzMzIuanBnfHx8fHx8fHx8fHw2NDB4NDgw.jpg"}]}},{"ad_id":"744123","reg_year":"2006","make":"Chrysler","model":"Voyager","variant":"2.4L DOHC","mileage":"84322","engine_size":"2.4","fuel_type":"Petrol","body_type":"Hatchback","colour":"e0e0e0","location":"Carlow","price":"\u20ac 4,995","images":{"base_url":"http:\/\/i0.carsie.ie\/","image_list":[{"thumb":"OGIyODgzMjUyZjkwOWRiODFiNjk3M2I4NTBjYjhlOTDMlQOb9GeCa58429lE7zNgNzQ0MTIzLTU0OTU5NjQuanBnfHx8fHx8OTJ4Njl8fHx8fA==.jpg","main":"NWYxNWMzNTc1MjgzYjNkYjAwZGRlZDBkMDExZWYwYzDDmRdNpj1fgxqFnD5Lf93oNzQ0MTIzLTU0OTU5NjQuanBnfHx8fHx8fHx8fHw0MDB4MzAw.jpg","large":"MzcwN2NlNGQwYjVmNmI2Yzc2NDRlNTBiNjRkZmZiZjRT-bHDNnqFYbKC8uXh7kz2NzQ0MTIzLTU0OTU5NjQuanBnfHx8fHx8fHx8fHw2NDB4NDgw.jpg"}]}},{"ad_id":"838641","reg_year":"2003","make":"Citroen","model":"C8","variant":"DIESEL","mileage":"99000","engine_size":"2.0","fuel_type":"Diesel","body_type":"People Carrier","colour":"e0e0e0","location":"Meath","price":"\u20ac 4,995","images":{"base_url":"http:\/\/i0.carsie.ie\/","image_list":[{"thumb":"NTU3ODVjYjEzNGJmNjU3NmY2M2U3MmE1ODMwODU0YmLGBmy_HP0NqVCsp0y08c25ODM4NjQxLTc0MTQyNDguanBnfHx8fHx8OTJ4Njl8fHx8fA==.jpg","main":"MTAyNTlhYWM5NWZjNDAwMzU1MGEwMTQ2NmJlNWVjZDj6w-d9NK15dA8Kf-L89czSODM4NjQxLTc0MTQyNDguanBnfHx8fHx8fHx8fHw0MDB4MzAw.jpg","large":"Nzc4M2M3YjAyYTkwODBkZGNiZWUxYjdjNTQ1YmFlN2afQwEhbIVJbS12qeBMbIL5ODM4NjQxLTc0MTQyNDguanBnfHx8fHx8fHx8fHw2NDB4NDgw.jpg"}]}},{"ad_id":"884098","reg_year":"2007","make":"Fiat","model":"Grande Punto","variant":"1.4 Sporting","mileage":"88237","engine_size":"1.4","fuel_type":"Petrol","body_type":"Hatchback","colour":"ff0000","location":"Cork","price":"\u20ac 4,995","images":{"base_url":"http:\/\/i0.carsie.ie\/","image_list":[{"thumb":"MGY3ODI5ODA2MzZhMTg0Y2NlMTY1MWNhY2IzY2I1ZmL7Upl-SH27TQHy0azPFyxFODg0MDk4LTcxODkyOTEuanBnfHx8fHx8OTJ4Njl8fHx8fA==.jpg","main":"NDZkYTQ1ZWVmMGFkNzA0N2FkNDU3ZDVkYmIyMzJhNWR2USHW3QTo_qrW0p2IgM4MODg0MDk4LTcxODkyOTEuanBnfHx8fHx8fHx8fHw0MDB4MzAw.jpg","large":"M2ZlOTkzMjBjMWMyYzU5YWE1ZmRjZDA1Yzg1MDdkNzGKm2aR6Pbw-QxJY9U-UrOcODg0MDk4LTcxODkyOTEuanBnfHx8fHx8fHx8fHw2NDB4NDgw.jpg"}]}},{"ad_id":"898505","reg_year":"2006","make":"Fiat","model":"Grande Punto","variant":"1.2 8V Dynam","mileage":"56000","engine_size":"1.2","fuel_type":"Petrol","body_type":"Hatchback","colour":"858585","location":"Dublin","price":"\u20ac 4,995","images":{"base_url":"http:\/\/i0.carsie.ie\/","image_list":[{"thumb":"MDBjNWIwMTczMmYwOGJhMzhjNjE4ZmYyZmQ5ODY1NDeoqdClAPN8Vz9fNDG78diSODk4NTA1LTczNjYwMTIuanBnfHx8fHx8OTJ4Njl8fHx8fA==.jpg","main":"NDQyODJhMmI5NjNhM2E1MmM2MDEzN2YzMTI1MWNmODR1m_v4pQhUt3pTpmA2FvV3ODk4NTA1LTczNjYwMTIuanBnfHx8fHx8fHx8fHw0MDB4MzAw.jpg","large":"MjY0YjI3NWJmOGJiZWE5Y2ZiN2EzYTIwMTJlZGNkYzc86dDdmHZWYtQ_iFzcmHYfODk4NTA1LTczNjYwMTIuanBnfHx8fHx8fHx8fHw2NDB4NDgw.jpg"}]}},{"ad_id":"880713","reg_year":"2006","make":"Ford","model":"Fiesta","variant":"Steel 1.25 5DR","mileage":"65000","engine_size":"1.2","fuel_type":"Petrol","body_type":"Hatchback","colour":"0000c0","location":"Dublin","price":"\u20ac 4,995","images":{"base_url":"http:\/\/i0.carsie.ie\/","image_list":[{"thumb":"OWM2ODZiNjVhYjYzMzBjOTk0ZTk3ZmMwNGM5NWRlMzQdHRRe2DsKyguUrHTLB-ddODgwNzEzLTcxODA0ODkuanBnfHx8fHx8OTJ4Njl8fHx8fA==.jpg","main":"NjI3Yzc1YzVlYmUzMjhhMzVkNDM5NjBlMThkYTFmMjQWMOZd1asqx1xHWJ90I_AIODgwNzEzLTcxODA0ODkuanBnfHx8fHx8fHx8fHw0MDB4MzAw.jpg","large":"ZTM3MGIyZTk5YzkxY2RhYzA2ZGZlMTQ2N2FjYzBmMDYPkKZL30fv9hxjVXRDQMw-ODgwNzEzLTcxODA0ODkuanBnfHx8fHx8fHx8fHw2NDB4NDgw.jpg"}]}},{"ad_id":"840323","reg_year":"2006","make":"Ford","model":"Mondeo","variant":"LX Steel 1.8 5DR","mileage":"73945","engine_size":"1.8","fuel_type":"Petrol","body_type":"Hatchback","colour":"e0e0e0","location":"Dublin","price":"\u20ac 4,995","images":{"base_url":"http:\/\/i0.carsie.ie\/","image_list":[{"thumb":"ODY3Mzg0OTM3NzRjMDg5Y2NiZWI1MjRkYmI4OTk3NjfiDfoveaO5kM4vubgOUhyBODQwMzIzLTY2OTAzMTUuanBnfHx8fHx8OTJ4Njl8fHx8fA==.jpg","main":"ZDQ1MzUzM2ZjZTVhZTM5ZjdjMTc3MDIwZTg5ODgwMGNLYxdcO6A1Nm9oDNUn0OQyODQwMzIzLTY2OTAzMTUuanBnfHx8fHx8fHx8fHw0MDB4MzAw.jpg","large":"YjExNGUzZGU4ZWMxZTlmOTI2ZWI3ZDkyMjAxMGJjMmbSebNoLG5DgL7s6B-yh2SFODQwMzIzLTY2OTAzMTUuanBnfHx8fHx8fHx8fHw2NDB4NDgw.jpg"}]}},{"ad_id":"900472","reg_year":"2005","make":"Honda","model":"Accord","variant":"2.0 Executive","mileage":"86000","engine_size":"2.0","fuel_type":"Petrol","body_type":"Saloon","colour":"000000","location":"Donegal","price":"\u20ac 4,995","images":{"base_url":"http:\/\/i0.carsie.ie\/","image_list":[{"thumb":"NTlkNjg2NmU0NmRkMGQyYmUxYjlkZDRhZjA4MzQ2YjgNR83JkrcwP6AgWWPTou98OTAwNDcyLTc0MTQxNjAuanBnfHx8fHx8OTJ4Njl8fHx8fA==.jpg","main":"MjllMDg3YWU4YTdmYmVjYjI5OTk1MmY1NDk1YmExMTTt0B1uGZEG9st_G2dN4tUiOTAwNDcyLTc0MTQxNjAuanBnfHx8fHx8fHx8fHw0MDB4MzAw.jpg","large":"NWFiZDlmODZiYTI3NjlkYTU3MTU0ZTdlOGVmNjQ1MGQgBOqxROgEhjQeeSHD2JvhOTAwNDcyLTc0MTQxNjAuanBnfHx8fHx8fHx8fHw2NDB4NDgw.jpg"}]}}]}