{"total":"23408","result":[{"ad_id":"867709","reg_year":"2003","make":"Volkswagen","model":"Golf","variant":null,"mileage":"121000","engine_size":"1.6","fuel_type":"Petrol","body_type":null,"colour":"e0e0e0","location":"Galway","price":"\u20ac 4,500","images":{"base_url":"http:\/\/i0.carsie.ie\/","image_list":[{"thumb":"Y2M3NWJiMTFhZTNhNzljMjJlZjE5MTM3YTIzYjNiNjjZ43rpTeONgIsRsXXUb90EODY3NzA5LTY5OTc1OTAuanBnfHx8fHx8OTJ4Njl8fHx8fA==.jpg","main":"Zjk2NDNmMDc5NWMwNTg5OTkwZWM1YjJjODE3MTVmYWSDZk27ETbiNx0hCt6kMF1DODY3NzA5LTY5OTc1OTAuanBnfHx8fHx8fHx8fHw0MDB4MzAw.jpg","large":"ZDhkMzJhMTBmYjZlMzJiYjgwMzQ1YmU2ZDA3ODYxMTeXhfS-Qa7mFWaA__cbWUZAODY3NzA5LTY5OTc1OTAuanBnfHx8fHx8fHx8fHw2NDB4NDgw.jpg"}]}},{"ad_id":"894867","reg_year":"2003","make":"Volkswagen","model":"Golf","variant":null,"mileage":"97000","engine_size":"1.4","fuel_type":"Petrol","body_type":null,"colour":"f0b800","location":"Westmeath","price":"\u20ac 4,500","images":{"base_url":"http:\/\/i0.carsie.ie\/","image_list":[{"thumb":"NWU3ODNjNTkwMzUzMGVlNzdiMGMxMDJiOTZiM2EzZjUu226WRsO-UEujxEpcMZTHODk0ODY3LTczMjAxNzkuanBnfHx8fHx8OTJ4Njl8fHx8fA==.jpg","main":"MzRhOWM1OTY5ZjhiYmQyY2NlNTg2ZWYzZjIxN2QzZTIprb8MvsrwXjbf33JWhqUEODk0ODY3LTczMjAxNzkuanBnfHx8fHx8fHx8fHw0MDB4MzAw.jpg","large":"ZDllNzE5YTM4NDIyOGE1YzMwZGM4NGJmZTVhZThhOGITrs6cJGn1WvFOhWErnB7SODk0ODY3LTczMjAxNzkuanBnfHx8fHx8fHx8fHw2NDB4NDgw.jpg"}]}},{"ad_id":"868104","reg_year":"2003","make":"Volkswagen","model":"Passat","variant":"SAL 1.8T COM","mileage":"79093","engine_size":"1.8","fuel_type":"Petrol","body_type":"Saloon","colour":"858585","location":"Limerick","price":"\u20ac 4,500","images":{"base_url":"http:\/\/i0.carsie.ie\/","image_list":[{"thumb":"NzQ5NTIzOWExMDMxYjU5NTRiZWM1NWQ5MTZlZTQ0MTjhkhiR2Vq-bcLOD1ibUdTDODY4MTA0LTY5OTkxMzAuanBnfHx8fHx8OTJ4Njl8fHx8fA==.jpg","main":"YmIwYWQ0YmJjOWMyZGU1ODhkNzU5YzBkNmVmYWJmYzSftWW5oYwlBdRqQ5QceFHUODY4MTA0LTY5OTkxMzAuanBnfHx8fHx8fHx8fHw0MDB4MzAw.jpg","large":"YmIxYTU0MjkyZDBlMzRlOGI3NGIzYWUwOWI2NDRlZjB5ZV7Kf3ha9vtbdX1Oo5I2ODY4MTA0LTY5OTkxMzAuanBnfHx8fHx8fHx8fHw2NDB4NDgw.jpg"}]}},{"ad_id":"859216","reg_year":"2003","make":"Volkswagen","model":"Passat","variant":"SAL 1.9 TDi COMFORTLINE 130BHP","mileage":"122666","engine_size":"1.9","fuel_type":"Diesel","body_type":"Saloon","colour":"0000c0","location":"Roscommon","price":"\u20ac 4,500","images":{"base_url":"http:\/\/i0.carsie.ie\/","image_list":[{"thumb":"ZDM1YjZiYmY2MDc2ZmQyNDdkOWE4ZDdjYzgyMmQ1MTTicffcdEaH3ORyQZT-6DijODU5MjE2LTcyNTA0MTQuanBnfHx8fHx8OTJ4Njl8fHx8fA==.jpg","main":"NmM5NzJiZTNmZjdjNDZjOTQ0Y2M2MTFhOTU2MjFlYWS8vJkThJxbA0RCs3xhzn5IODU5MjE2LTcyNTA0MTQuanBnfHx8fHx8fHx8fHw0MDB4MzAw.jpg","large":"YjE2YjdlZDg1YzgwMmE2YTc4MWVlMzUxOGZhZjJkZWGam7ROBFxWY3Hy9_vECk-QODU5MjE2LTcyNTA0MTQuanBnfHx8fHx8fHx8fHw2NDB4NDgw.jpg"}]}},{"ad_id":"784271","reg_year":"2004","make":"Volkswagen","model":"Passat","variant":"1.9TDI COMFORT MINT!","mileage":"146022","engine_size":"1.9","fuel_type":"Diesel","body_type":"Saloon","colour":"f0b800","location":"Wexford","price":"\u20ac 4,500","images":{"base_url":"http:\/\/i0.carsie.ie\/","image_list":[{"thumb":"ODZhYWJjZTM2MGNlYjVmNTg5ZjJmNDg0ZjI0MDE5YmR_QwTv7vNXifRFO46lIwh0Nzg0MjcxLTYwMTEyOTcuanBnfHx8fHx8OTJ4Njl8fHx8fA==.jpg","main":"ZTMzMzU0ZjA5NWUzOWE4MDY0Y2U5NTFhNmI5NmM4NzPXybOhSd83cuxDIqTUj1RKNzg0MjcxLTYwMTEyOTcuanBnfHx8fHx8fHx8fHw0MDB4MzAw.jpg","large":"YTkwNjhmNWM0MjdiYzkyZTZkNDYwYjY3YTJiOWFmNmOfcQr8ugA8ZYRqBWDJkVXDNzg0MjcxLTYwMTEyOTcuanBnfHx8fHx8fHx8fHw2NDB4NDgw.jpg"}]}},{"ad_id":"899747","reg_year":"2004","make":"Volkswagen","model":"Polo","variant":null,"mileage":"74000","engine_size":"1.4","fuel_type":"Petrol","body_type":null,"colour":"ff0000","location":"Galway","price":"\u20ac 4,500","images":{"base_url":"http:\/\/i0.carsie.ie\/","image_list":[{"thumb":"YTRlZjNmZDI5NmRmNWU3MjI2ZGQ5YWEwZDhhYzM4ZmNXPhTMqMjekoGXq6C_zv2uODk5NzQ3LTczOTk1NjEuanBnfHx8fHx8OTJ4Njl8fHx8fA==.jpg","main":"MjFjZmVjYzE4MWUwNDYzZTYwMGYyNzUzYzFmNzcwOGN_LLeDycwqCWQXFf_H4IC7ODk5NzQ3LTczOTk1NjEuanBnfHx8fHx8fHx8fHw0MDB4MzAw.jpg","large":"OWY0YzhmMGVkZTIwZmI2NzgxMGI0ZmMzOGNlZmQ1MjgevfGSLhqEhz54A4ciGO29ODk5NzQ3LTczOTk1NjEuanBnfHx8fHx8fHx8fHw2NDB4NDgw.jpg"}]}},{"ad_id":"784298","reg_year":"2002","make":"Volkswagen","model":"Sharan","variant":"TDI BASE 1.9 115BHP Taxed 5\/12","mileage":"100000","engine_size":"1.9","fuel_type":"Diesel","body_type":"SUV","colour":"e0e0e0","location":"Wexford","price":"\u20ac 4,500","images":{"base_url":"http:\/\/i0.carsie.ie\/","image_list":[{"thumb":"Nzc5NTViODkyYjZlYjEyMGY2N2VjYzRiMzg1MzA1MjaEw96EnXVPIjjmQymhNa87Nzg0Mjk4LTYwMTE0ODcuanBnfHx8fHx8OTJ4Njl8fHx8fA==.jpg","main":"ZjBkYzJhMjM0NDE3ZTE1MjNmY2IyOTU0NTg0ZjA1NGI4iknAZRxpKJGimbU2afCGNzg0Mjk4LTYwMTE0ODcuanBnfHx8fHx8fHx8fHw0MDB4MzAw.jpg","large":"NmUzYjRiZjg4YmRkMzEyYTY1NTU0Mjc4NDNlZDIyZGQ3AvsEopmz0FiHzQhKgi_mNzg0Mjk4LTYwMTE0ODcuanBnfHx8fHx8fHx8fHw2NDB4NDgw.jpg"}]}},{"ad_id":"859627","reg_year":"2001","make":"Volkswagen","model":"Transporter","variant":"2.4 T4","mileage":"53000","engine_size":"2.4","fuel_type":"Diesel","body_type":null,"colour":"ff0000","location":"Cork","price":"\u20ac 4,500","images":{"base_url":"http:\/\/i0.carsie.ie\/","image_list":[{"thumb":"OTgwMmYxZWVjNjBjMTEyY2UxMzFkMzM0NjEwMzZmNTEBvO5kxdrBXN41jktC3mGbODU5NjI3LTY4OTkwNzYuanBnfHx8fHx8OTJ4Njl8fHx8fA==.jpg","main":"MWY5ZTcyNjAwZGU5ZWM1N2FiZDRkMTk1MDQzMTE3MWTdo-Mx1FUuJgAsAoLoCtMYODU5NjI3LTY4OTkwNzYuanBnfHx8fHx8fHx8fHw0MDB4MzAw.jpg","large":"YzY2ZTI2M2IzYWUyZGY3MmJiNjdjNmQ1YWNkZjJlYWIT3L2Flkbubfm0Tt-T3rnXODU5NjI3LTY4OTkwNzYuanBnfHx8fHx8fHx8fHw2NDB4NDgw.jpg"}]}},{"ad_id":"859633","reg_year":"2001","make":"Volkswagen","model":"Transporter","variant":"LWB","mileage":"65000","engine_size":"2.4","fuel_type":"Diesel","body_type":null,"colour":"ff0000","location":"Cork","price":"\u20ac 4,500","images":{"base_url":"http:\/\/i0.carsie.ie\/","image_list":[{"thumb":"ZjNlODQwYTk3ZTRlZWVjOGNjNTJkY2MxNzRlYTY0NGTWIrSy9yuYCclLI600lHhRODU5NjMzLTY4OTkwOTYuanBnfHx8fHx8OTJ4Njl8fHx8fA==.jpg","main":"ZGM0ODViNzk4MTQ2MWUxNWJlZGE4NGE5YjY4OTI5NWGezwoQUds1OjTxebc2hyt_ODU5NjMzLTY4OTkwOTYuanBnfHx8fHx8fHx8fHw0MDB4MzAw.jpg","large":"Njg1YmNkODI5MWE4Yjk4MDI2MTU4MmM1MzljNDVmNDGvvuwUso4N43dEo_b_0DkOODU5NjMzLTY4OTkwOTYuanBnfHx8fHx8fHx8fHw2NDB4NDgw.jpg"}]}},{"ad_id":"897073","reg_year":"2004","make":"Volvo","model":"S40","variant":null,"mileage":"80472","engine_size":"1.8","fuel_type":"Petrol","body_type":null,"colour":"0000c0","location":"Galway","price":"\u20ac 4,500","images":{"base_url":"http:\/\/i0.carsie.ie\/","image_list":[{"thumb":"ZDI0NjMxNmRiNjMwZGUxYWY2YThiNmY1YzliOGUzYzazcBWZvQE0nL0P0MseA7vCODk3MDczLTc0MTIxMjYuanBnfHx8fHx8OTJ4Njl8fHx8fA==.jpg","main":"Nzg3MDAyYWM3ZTI2NGI4YWIyNzFiMzUyMGRmN2U0Mjc06WfQHVetHarhabuZmzBzODk3MDczLTc0MTIxMjYuanBnfHx8fHx8fHx8fHw0MDB4MzAw.jpg","large":"MTlhMmM5ZTI3NWQ0YjQ3MDc2NDI1MDAzNWZjMjJiNTGYVfQ20Lf2ttN4nnHAcVAqODk3MDczLTc0MTIxMjYuanBnfHx8fHx8fHx8fHw2NDB4NDgw.jpg"}]}},{"ad_id":"860678","reg_year":"2005","make":"Volvo","model":"S80","variant":"2.0T SE 4DR","mileage":"111849","engine_size":"2.0","fuel_type":"Petrol","body_type":"Saloon","colour":"008000","location":"Galway","price":"\u20ac 4,500","images":{"base_url":"http:\/\/i0.carsie.ie\/","image_list":[{"thumb":"YzE0ZGVmYzlkYzcwMDBhNGQ5ODQ4N2Q1OGExNDI4MTAZjMS6m9KEqktGz0g3TZhFODYwNjc4LTY5MTAxMTguanBnfHx8fHx8OTJ4Njl8fHx8fA==.jpg","main":"NTZhN2VjM2IwNWQyZmRmN2E2NWMxNjM0MGViNTcwNjlG8NQVUaVQu4mV8sB8q_z6ODYwNjc4LTY5MTAxMTguanBnfHx8fHx8fHx8fHw0MDB4MzAw.jpg","large":"OGZjZDUzN2JiM2YyODYyM2MyYjYwZmQ1ZmM1MTUzMjUu_UYBNzP1Ic2tqurslOPUODYwNjc4LTY5MTAxMTguanBnfHx8fHx8fHx8fHw2NDB4NDgw.jpg"}]}},{"ad_id":"869855","reg_year":"2003","make":"Opel","model":"Zafira","variant":"7 Seater 1.6 Petrol","mileage":"115000","engine_size":"1.6","fuel_type":"Petrol","body_type":"Hatchback","colour":"0000c0","location":"Waterford","price":"\u20ac 4,505","images":{"base_url":"http:\/\/i0.carsie.ie\/","image_list":[{"thumb":"YjI4MTY2Yzk1OGIyZGY0MDQwYTUyMTJmZTJmN2Q0NDPrb3cqxRof3WhChRgV4yr8ODY5ODU1LTcwMTg1NDUuanBnfHx8fHx8OTJ4Njl8fHx8fA==.jpg","main":"MDY0Yjk0ODc5ZjczMmY0Y2ExMjRiMzBhMzJjMjk5OTDZTyWQdp2-Et6o-4t59xAZODY5ODU1LTcwMTg1NDUuanBnfHx8fHx8fHx8fHw0MDB4MzAw.jpg","large":"ZTA4MTMxNTdmZTI3MGFjMDYzMjY4ZTY2YmExOTg4NzOCT5mZnCQC2zCEAlt9RUs4ODY5ODU1LTcwMTg1NDUuanBnfHx8fHx8fHx8fHw2NDB4NDgw.jpg"}]}},{"ad_id":"891613","reg_year":"2005","make":"Saab","model":"9-3","variant":"1.9 TID Vector Sport","mileage":"151618","engine_size":"1.9","fuel_type":"Diesel","body_type":"Saloon","colour":"000000","location":"Waterford","price":"\u20ac 4,520","images":{"base_url":"http:\/\/i0.carsie.ie\/","image_list":[{"thumb":"MzEzYmIwMWY5OWMzY2RjOTA0NDFjZGZhYjRkNDkyMGRQjnRWN3ryeW_ssX0U6YThODkxNjEzLTcyNjQ4NTUuanBnfHx8fHx8OTJ4Njl8fHx8fA==.jpg","main":"OGI1Zjc4MDQ1ZmYxYzc5ZDcxYTIxNGFjM2FmOWU2N2Mli1la5gxW3UyKS4t1aGjWODkxNjEzLTcyNjQ4NTUuanBnfHx8fHx8fHx8fHw0MDB4MzAw.jpg","large":"YmRlY2FmNjQyNDRhMWQyYTIxMzRkYmRjZGRiZDc2NzMhC9yAMpcXzifEZXu4LaGtODkxNjEzLTcyNjQ4NTUuanBnfHx8fHx8fHx8fHw2NDB4NDgw.jpg"}]}},{"ad_id":"899141","reg_year":"2003","make":"Audi","model":"A6","variant":"TDI SE","mileage":"162500","engine_size":"1.9","fuel_type":"Diesel","body_type":"Saloon","colour":"e0e0e0","location":"Cork","price":"\u20ac 4,550","images":{"base_url":"http:\/\/i0.carsie.ie\/","image_list":[{"thumb":"YjA2ZjU2YmE0NDAxMWRhNDEyYTM4YTg2ZGRjYWU0MDnwFCNDzhcDwV9PuMSQlu3kODk5MTQxLTczNzUwNzIuanBnfHx8fHx8OTJ4Njl8fHx8fA==.jpg","main":"ODRmMjZiMTU3ODFiNDNlMTk4NDhiMDQwMWI3OGY4MGTSTI0BmODwPnpnsT4yXPLPODk5MTQxLTczNzUwNzIuanBnfHx8fHx8fHx8fHw0MDB4MzAw.jpg","large":"OTQxMjc3MDA1NWNkZTA0MDgwNjAxOGE2NDBjMGE0MWGnToUAVJdopNqvx6YJUUVNODk5MTQxLTczNzUwNzIuanBnfHx8fHx8fHx8fHw2NDB4NDgw.jpg"}]}},{"ad_id":"892670","reg_year":"2007","make":"Citroen","model":"Berlingo","variant":"600 1.6 HDI90","mileage":"91344","engine_size":"1.6","fuel_type":"Diesel","body_type":"Van","colour":"ffffff","location":"Longford","price":"\u20ac 4,550","images":{"base_url":"http:\/\/i0.carsie.ie\/","image_list":[{"thumb":"YWFlODI1MGI2MjMwZTc0Yjc1Zjc4MjBmZTBiOTM3MTlk4Lj1cJz4ZlTdTiHylWPrODkyNjcwLTcyNzQ2OTkuanBnfHx8fHx8OTJ4Njl8fHx8fA==.jpg","main":"MzBhNDFiOThlMjUxYTEwYzY2ZTBmYmUzN2JlMjI0NWNGH37QSN3RtdcluvQf0cvpODkyNjcwLTcyNzQ2OTkuanBnfHx8fHx8fHx8fHw0MDB4MzAw.jpg","large":"NGJmZDQ3MGUzZjRkNWVjNzM3N2Y5MzJlMTY2NDc1ZGGhTa5wYdwVC1eSru3wWfIjODkyNjcwLTcyNzQ2OTkuanBnfHx8fHx8fHx8fHw2NDB4NDgw.jpg"}]}},{"ad_id":"852338","reg_year":"2006","make":"Fiat","model":"Grande Punto","variant":"1.3 DIESEL. CLEAN CAR. VERY ECONOMICAL DIESEL!","mileage":"90722","engine_size":"1.3","fuel_type":"Diesel","body_type":"Hatchback","colour":"ff0000","location":"Cork","price":"\u20ac 4,550","images":{"base_url":"http:\/\/i0.carsie.ie\/","image_list":[{"thumb":"ZTBmZGEzNGM2YWY0Y2Q0NDg5NDU4NmRkOTBmNjYyNzZtY7BdcF9MzcUMAK0xEZ_IODUyMzM4LTY4MjMyNzAuanBnfHx8fHx8OTJ4Njl8fHx8fA==.jpg","main":"ZDBhYzE4OTI2NTM2ZTBjMTRmYjQ2Y2M2ZDJlZmY2MGO-Ff5daprXdW5jBGs_Xf56ODUyMzM4LTY4MjMyNzAuanBnfHx8fHx8fHx8fHw0MDB4MzAw.jpg","large":"MzYwZTlkNjEyNTMwZTVkMTJjYWZhOTg0NzBjMjNjZGGfcbvnnRpvbfkCjBDMyxESODUyMzM4LTY4MjMyNzAuanBnfHx8fHx8fHx8fHw2NDB4NDgw.jpg"}]}},{"ad_id":"851379","reg_year":"2004","make":"Ford","model":"Fusion 2","variant":"1.4l Diesel","mileage":"108000","engine_size":"1.4","fuel_type":"Petrol","body_type":"People Carrier","colour":"14d900","location":"Waterford","price":"\u20ac 4,550","images":{"base_url":"http:\/\/i0.carsie.ie\/","image_list":[{"thumb":"ZWVkNDczMTQzZDA0ZjYzNzgzOTMwOTcyNjJlNzZiNGbNYM-dsoO-PmWrTiLJnocIODUxMzc5LTY4MTI1MDMuanBnfHx8fHx8OTJ4Njl8fHx8fA==.jpg","main":"OGVjY2ZkMzVjN2VhODFjN2Q2NGEzZWZkNzBjNWE2ZTcw78eTKPJrmNRz8PXbLH3JODUxMzc5LTY4MTI1MDMuanBnfHx8fHx8fHx8fHw0MDB4MzAw.jpg","large":"ODQyOGEzOWY5NTZmZGZlOTE0NjZkYmZlY2ZhMDMxZTkWrMArY9WVX-vzJKXROCoIODUxMzc5LTY4MTI1MDMuanBnfHx8fHx8fHx8fHw2NDB4NDgw.jpg"}]}},{"ad_id":"828967","reg_year":"2006","make":"Ford","model":"Mondeo","variant":null,"mileage":"90382","engine_size":"1.8","fuel_type":"Petrol","body_type":"Saloon","colour":"0000c0","location":"Galway","price":"\u20ac 4,550","images":{"base_url":"http:\/\/i0.carsie.ie\/","image_list":[{"thumb":"NDc1MjY3N2NmNmU5NjczMTM5ODlkMWI2ZjIxMDJkN2JDsCEjBWKSyGlh4jkZM4QlODI4OTY3LTY1NjI4NTIuanBnfHx8fHx8OTJ4Njl8fHx8fA==.jpg","main":"MTNiMThlNGEwZmRjMjI4NjI4MjRhY2QyNWM1OGU1MmFcBwW6peC9oZVY6j3glo0eODI4OTY3LTY1NjI4NTIuanBnfHx8fHx8fHx8fHw0MDB4MzAw.jpg","large":"ZjZhNjFmMTEwMzI0YThjZTQwNDBhY2EzZDljMGQyNTk7sfaBN66Ub-0usLZXR0VbODI4OTY3LTY1NjI4NTIuanBnfHx8fHx8fHx8fHw2NDB4NDgw.jpg"}]}},{"ad_id":"868108","reg_year":"2004","make":"Ford","model":"Mondeo","variant":"LX","mileage":"73973","engine_size":"1.8","fuel_type":"Petrol","body_type":"Saloon","colour":"b9cdfb","location":"Limerick","price":"\u20ac 4,550","images":{"base_url":"http:\/\/i0.carsie.ie\/","image_list":[{"thumb":"ZTg5MjcxMzczYmY4MmY2YjFjYTYwY2VhMTgxZTFiODZkLdyka9VFccu9xNKv6NCCODY4MTA4LTY5OTkxNzIuanBnfHx8fHx8OTJ4Njl8fHx8fA==.jpg","main":"NWU0ZDkzN2E4YTBkYmQ2MTc4MTMzZjk2YmY2MzhjYmUCPNhxRM33rffzftdIIT_FODY4MTA4LTY5OTkxNzIuanBnfHx8fHx8fHx8fHw0MDB4MzAw.jpg","large":"N2MwOTgzOTVmMWYxODVhMmExZWFlNDkyYzZjN2JhOTWC-FOygiph6owBUJTyPKK2ODY4MTA4LTY5OTkxNzIuanBnfHx8fHx8fHx8fHw2NDB4NDgw.jpg"}]}},{"ad_id":"887456","reg_year":"2005","make":"Hyundai","model":"Coupe","variant":"LOW MILEAGE","mileage":"43028","engine_size":"1.6","fuel_type":"Petrol","body_type":"Coupe","colour":"e0e0e0","location":"Dublin","price":"\u20ac 4,550","images":{"base_url":"http:\/\/i0.carsie.ie\/","image_list":[{"thumb":"NWFiNWZiYTg2OWIwZTQxMGFiYzIzMTYwN2Y2NWE5Zma6b77-vKfOFQcutMi1Zp6SODg3NDU2LTcyMjU0MTcuanBnfHx8fHx8OTJ4Njl8fHx8fA==.jpg","main":"MzI1Mjk4YmJiZGIzZjBhNWQxYzBkZTU5MzJiMDNlZDg6hebNIgQ7QZ2LW0TsguXbODg3NDU2LTcyMjU0MTcuanBnfHx8fHx8fHx8fHw0MDB4MzAw.jpg","large":"YTY2OGMyMDU2NzViYjFhNzgwYTVhYzRkM2YwYzRmNDf3Q96IavfvQLE2GYDIbDNDODg3NDU2LTcyMjU0MTcuanBnfHx8fHx8fHx8fHw2NDB4NDgw.jpg"}]}}]}