{"total":"23408","result":[{"ad_id":"889094","reg_year":"1973","make":"Volkswagen","model":"Beetle","variant":"1.6","mileage":"62402","engine_size":"1.6","fuel_type":"Petrol","body_type":null,"colour":"008000","location":"Cork","price":"\u20ac 8,950","images":{"base_url":"http:\/\/i0.carsie.ie\/","image_list":[{"thumb":"NWYxY2MzOGM1Mzg3ODhlMjViMjdiNzE1MzY4OTQ4ZjPDFw8CsfOsI2yCrKWcIgbZODg5MDk0LTcyNDAzOTAuanBnfHx8fHx8OTJ4Njl8fHx8fA==.jpg","main":"OGExYmVjN2ZhMjI5OTNlYzRhOWY5ZTYzYjczYWY4NGNXQb2J2gzxjGBMDzrgpaA0ODg5MDk0LTcyNDAzOTAuanBnfHx8fHx8fHx8fHw0MDB4MzAw.jpg","large":"NzE1MTJmZDU2NzhhYWRhZTg4ODNiMzBmZDM5MmMzMzne3UzOG3a-kE1ZlxgMI15pODg5MDk0LTcyNDAzOTAuanBnfHx8fHx8fHx8fHw2NDB4NDgw.jpg"}]}},{"ad_id":"867529","reg_year":"2006","make":"Volkswagen","model":"Beetle","variant":"Cabriolet","mileage":"97000","engine_size":"1.4","fuel_type":"Petrol","body_type":"Cabriolet \/ Convertible","colour":"f0d2a0","location":"Dublin","price":"\u20ac 8,950","images":{"base_url":"http:\/\/i0.carsie.ie\/","image_list":[{"thumb":"MjRmNWQxNzQ5NDEwZWU1ZTY3MDY1Y2FkMmViZWMwZTP7wMxJ9I8X96yHHWcouHKMODY3NTI5LTY5OTIwNDMuanBnfHx8fHx8OTJ4Njl8fHx8fA==.jpg","main":"YTVjYjZiZDU0MGZhN2M1OWQ3YjlhNDk3ODZkZTIzYWPIG9zVX-qXJBP_XJa5SsQBODY3NTI5LTY5OTIwNDMuanBnfHx8fHx8fHx8fHw0MDB4MzAw.jpg","large":"YWRhMDA1OWE5OTI5NTE0ZmQ4NzA0NjM3OGQ4OWM3ZTE6AIfDgc5AEoQ9XpLOQ8iyODY3NTI5LTY5OTIwNDMuanBnfHx8fHx8fHx8fHw2NDB4NDgw.jpg"}]}},{"ad_id":"895208","reg_year":"2007","make":"Volkswagen","model":"Beetle","variant":"1, 4 High 75BHP 3DR","mileage":"53439","engine_size":"1.4","fuel_type":"Petrol","body_type":"Hatchback","colour":"0000c0","location":"Dublin","price":"\u20ac 8,950","images":{"base_url":"http:\/\/i0.carsie.ie\/","image_list":[{"thumb":"OTk3YzE3MDNjNGU4YTY0ZTg3M2U5MTQ1NmY2OTkzMDeKYyVJCcvHSVZbsN37uTdxODk1MjA4LTczMjEyNjAuanBnfHx8fHx8OTJ4Njl8fHx8fA==.jpg","main":"ODlhMjAxMjkxNzZlNDlhMTMzNmViNjY2YjE4NDg2YmK_7CPbHwv67fdudmDKZNdDODk1MjA4LTczMjEyNjAuanBnfHx8fHx8fHx8fHw0MDB4MzAw.jpg","large":"NTcxNTczYjFkMGUxM2MwZGQxOTlhN2MxYjBkNDcwZjb43jEF6oISNhnL9ONke4V9ODk1MjA4LTczMjEyNjAuanBnfHx8fHx8fHx8fHw2NDB4NDgw.jpg"}]}},{"ad_id":"759934","reg_year":"2005","make":"Volkswagen","model":"Caddy","variant":"Life 1.9tdi 5","mileage":"72702","engine_size":"1.9","fuel_type":"Diesel","body_type":"People Carrier","colour":"e0e0e0","location":"Dublin","price":"\u20ac 8,950","images":{"base_url":"http:\/\/i0.carsie.ie\/","image_list":[{"thumb":"ZTVjMTlhMGE3MDhjYmRiNWY2MjEyMDgzYjZkZmVlMDcCDWkqzDBTQtvCxhI8cJy4NzU5OTM0LTU2OTA2MTQuanBnfHx8fHx8OTJ4Njl8fHx8fA==.jpg","main":"Yzk5ODBkYjM4ZTdhMDc0NjhjZGYzMmJkNDFlNTBmN2FYy46XBXMuTT1gRt9eGSKMNzU5OTM0LTU2OTA2MTQuanBnfHx8fHx8fHx8fHw0MDB4MzAw.jpg","large":"NTc1OTA4NjM3NzQ3OTBiOTM2YTQ5MjQwYmFlN2M2NTQZBOz0Ztwj336oLGqYwghkNzU5OTM0LTU2OTA2MTQuanBnfHx8fHx8fHx8fHw2NDB4NDgw.jpg"}]}},{"ad_id":"896499","reg_year":"2009","make":"Volkswagen","model":"Caddy","variant":"commercial","mileage":"33989","engine_size":"2.0","fuel_type":"Diesel","body_type":"Van","colour":"ffffff","location":"Dublin","price":"\u20ac 8,950","images":{"base_url":"http:\/\/i0.carsie.ie\/","image_list":[{"thumb":"MzZmYTQ2YThmNTRkYzUxNTU1ZWRmYzE0MzczZDczMzBnuc0SHvChYquMDQZAt4waODk2NDk5LTczNTQxNjguanBnfHx8fHx8OTJ4Njl8fHx8fA==.jpg","main":"MDhiZmNhNzU0MzAzMmNkOGE3NDg5OTA4ZmFkMTc5NGIdPqDEj2Obza3ByGbGSDHnODk2NDk5LTczNTQxNjguanBnfHx8fHx8fHx8fHw0MDB4MzAw.jpg","large":"OWUyNTkyM2RiYjUwNjYwZDA2OWM4MDNkZDg5OWNjNGNYMlYX378p0TpzhqRRxPytODk2NDk5LTczNTQxNjguanBnfHx8fHx8fHx8fHw2NDB4NDgw.jpg"}]}},{"ad_id":"893300","reg_year":"2007","make":"Volkswagen","model":"Golf","variant":"GT SPORT","mileage":"49089","engine_size":"1.4","fuel_type":"Petrol","body_type":"Hatchback","colour":"e0e0e0","location":"Donegal","price":"\u20ac 8,950","images":{"base_url":"http:\/\/i0.carsie.ie\/","image_list":[{"thumb":"OGQ2ZmQzYjAwZjYxMzUwMGE2ZGExMjEwOGZkMjdmYTD34SIqtHau-eQovspH3jrbODkzMzAwLS5qcGd8fHx8fHw5Mng2OXx8fHx8.jpg","main":"MDk5OTI2NDg1ZjMxNzg2YmM3NTk1ODc3ZTA5NjdiMDDOaXDYlGdJfCZ7b8p4DmmMODkzMzAwLS5qcGd8fHx8fHx8fHx8fDQwMHgzMDA=.jpg","large":"MmI4ZjBjMDYzZDIwYjU0ZjE5MTFmMzIwZGIyYmQ3NzFp_7deRoGihvGzLhUXDHCaODkzMzAwLS5qcGd8fHx8fHx8fHx8fDY0MHg0ODA=.jpg"}]}},{"ad_id":"784626","reg_year":"2007","make":"Volkswagen","model":"Golf","variant":"Plus","mileage":"48979","engine_size":"1.4","fuel_type":"Petrol","body_type":"Hatchback","colour":"000000","location":"Dublin","price":"\u20ac 8,950","images":{"base_url":"http:\/\/i0.carsie.ie\/","image_list":[{"thumb":"YzJmZWE4NjJlYjY5MmMyNTQ1YjY1NjcyMTNlNjM3NDkMIudMMQGiF_EQ9wYf6RkgNzg0NjI2LTYwNjMwMTguanBnfHx8fHx8OTJ4Njl8fHx8fA==.jpg","main":"ZDgyNzUxODMzN2ExYWE5MzQxOTU1N2RmZTgwZGQwMmN3i-dffg0Aqm5zJ9HK2xrbNzg0NjI2LTYwNjMwMTguanBnfHx8fHx8fHx8fHw0MDB4MzAw.jpg","large":"ZWJlZThmNDhjYzZkNGUxMDBiOTJkNjlhNTllYmQzNDLSmb6MvX-t-z4TrrfoFe7CNzg0NjI2LTYwNjMwMTguanBnfHx8fHx8fHx8fHw2NDB4NDgw.jpg"}]}},{"ad_id":"853942","reg_year":"2007","make":"Volkswagen","model":"Golf","variant":"1.9D TDI S 103BHP 05DR","mileage":"29500","engine_size":"1.9","fuel_type":"Diesel","body_type":"Hatchback","colour":"0000c0","location":"Dublin","price":"\u20ac 8,950","images":{"base_url":"http:\/\/i0.carsie.ie\/","image_list":[{"thumb":"MDk4YTI0MGY2MmQxOTZjZGU1OWE5MTE3MzRmMmEwOTB4CYo0ku9cWDeIz8kDJSKQODUzOTQyLTY4NDA0MTYuanBnfHx8fHx8OTJ4Njl8fHx8fA==.jpg","main":"NGVmZTgyOWJhN2ZmZWMzYzVmODM5NTQ3YmY5Y2Y1M2HxpZL8yHq-O3p3gMAb_UewODUzOTQyLTY4NDA0MTYuanBnfHx8fHx8fHx8fHw0MDB4MzAw.jpg","large":"MWI3ZWQ4YzRlZjFhMzBmM2M2NjVmN2Q5YTIwMDE5NGEimoi_gC99SuSCbMFW8AXlODUzOTQyLTY4NDA0MTYuanBnfHx8fHx8fHx8fHw2NDB4NDgw.jpg"}]}},{"ad_id":"881929","reg_year":"2007","make":"Volkswagen","model":"Golf","variant":"1.4 Sport TSI 140BHP 3DR","mileage":"65867","engine_size":"1.4","fuel_type":"Petrol","body_type":"Hatchback","colour":"ff0000","location":"Dublin","price":"\u20ac 8,950","images":{"base_url":"http:\/\/i0.carsie.ie\/","image_list":[{"thumb":"ZGVhYjcyYjRmYTQ2NmJjYzg4NDUxY2ZkNGJmYmM4OWRV2my8Zq5AtNZ1Lncd8iFZODgxOTI5LTcxNTkyMTMuanBnfHx8fHx8OTJ4Njl8fHx8fA==.jpg","main":"OTc2NjRkZjA0YzIxNmQ5ODNlMWUzYjg4NGZjY2YxZTWCkIjMeWHsLJJNyu8O6GtfODgxOTI5LTcxNTkyMTMuanBnfHx8fHx8fHx8fHw0MDB4MzAw.jpg","large":"ZGFmODMxYWUyMWY3OWMyMWVhMmYwYTkxNzYyZjM2YTWfnuW5fWcniVGvTyhEw0u-ODgxOTI5LTcxNTkyMTMuanBnfHx8fHx8fHx8fHw2NDB4NDgw.jpg"}]}},{"ad_id":"886900","reg_year":"2006","make":"Volkswagen","model":"Golf","variant":"2.0gti DSG","mileage":"103000","engine_size":"2.0","fuel_type":"Petrol","body_type":"Hatchback","colour":"ff0000","location":"Dublin","price":"\u20ac 8,950","images":{"base_url":"http:\/\/i0.carsie.ie\/","image_list":[{"thumb":"YTBjNjIzODhiNzI3OTFmNmNkN2FmM2ZlMjczOGNjZmUO4GE5a4AAqfIRLmfAmHUiODg2OTAwLTcyMTkxMTUuanBnfHx8fHx8OTJ4Njl8fHx8fA==.jpg","main":"MmZmM2NkZTZmOGFiNjBhMzFhYzQ2NDI1MjY0MDgxNTNVKw6W-8s4CexnDnfFXdR4ODg2OTAwLTcyMTkxMTUuanBnfHx8fHx8fHx8fHw0MDB4MzAw.jpg","large":"OTRhM2UyZjlmY2U4YTdmYzY3NjIzNWViYmYyNmJlOWI4gIDI_eZvGKNOMf98e-I5ODg2OTAwLTcyMTkxMTUuanBnfHx8fHx8fHx8fHw2NDB4NDgw.jpg"}]}},{"ad_id":"893286","reg_year":"2006","make":"Volkswagen","model":"Golf","variant":null,"mileage":"53437","engine_size":"1.6","fuel_type":"Petrol","body_type":null,"colour":"000000","location":"Dublin","price":"\u20ac 8,950","images":{"base_url":"http:\/\/i0.carsie.ie\/","image_list":[{"thumb":"MGYyMTUzNDZlYmQ2NGIwODZlN2ZmNmUwZTQ1YjdhYTW_GvTam0ZOLve1PFEAVjoNODkzMjg2LTcyOTg5NjkuanBnfHx8fHx8OTJ4Njl8fHx8fA==.jpg","main":"NGRmMzcwODFhOTY1YmJiNGRmMzgzODg4ODU3NzA4MmU0VIPWioCoky_EDVM8dCw7ODkzMjg2LTcyOTg5NjkuanBnfHx8fHx8fHx8fHw0MDB4MzAw.jpg","large":"ZTgxMTI2MGRlODE1NTg0Y2I4NDFhNGE5MDdlM2U3NTV14IILGdn_-xxA9wTdBrS2ODkzMjg2LTcyOTg5NjkuanBnfHx8fHx8fHx8fHw2NDB4NDgw.jpg"}]}},{"ad_id":"900865","reg_year":"2008","make":"Volkswagen","model":"Golf","variant":"1.4 Comf 80BHP","mileage":"75187","engine_size":"1.4","fuel_type":"Petrol","body_type":"Hatchback","colour":"e0e0e0","location":"Dublin","price":"\u20ac 8,950","images":{"base_url":"http:\/\/i0.carsie.ie\/","image_list":[{"thumb":"N2FiZTI2MTVmM2M1MGUzZTNhNWYyN2MwMDExOGUwY2WhDX1UlLsvkUmkn7g7hMG2OTAwODY1LTc0MDczOTguanBnfHx8fHx8OTJ4Njl8fHx8fA==.jpg","main":"NGE2ZTRkZjUyY2ZkNTNiYjIwMDhiNmNjYjE1MzI2MTlCZuGX90x-Jq1-bI4C_bDjOTAwODY1LTc0MDczOTguanBnfHx8fHx8fHx8fHw0MDB4MzAw.jpg","large":"ZjM0ODYwODg2ZTRhMzc5MWM5YWU0MDViN2NmMDhlNjXl22-qZAdOAoHQDQyU3zsKOTAwODY1LTc0MDczOTguanBnfHx8fHx8fHx8fHw2NDB4NDgw.jpg"}]}},{"ad_id":"878262","reg_year":"2007","make":"Volkswagen","model":"Golf","variant":"1.9tdi 5DR 105","mileage":"100000","engine_size":"1.9","fuel_type":"Diesel","body_type":"Hatchback","colour":"e0e0e0","location":"Kildare","price":"\u20ac 8,950","images":{"base_url":"http:\/\/i0.carsie.ie\/","image_list":[{"thumb":"MGY0ODViMmY5YzZkMjA3OTRkZjYwNTc3M2I3YmNlOGFIFKEkQQM9jP9mZJrzr7rlODc4MjYyLTcxMTkzMzYuanBnfHx8fHx8OTJ4Njl8fHx8fA==.jpg","main":"YjUwMGYyZmZkZTQwNWYwYjk1ZDdhMzAwYTU0MzVhMzcHJE8oo-Xt7ozPnXVd7JyoODc4MjYyLTcxMTkzMzYuanBnfHx8fHx8fHx8fHw0MDB4MzAw.jpg","large":"ZjdkOTQ3YzYzMTUxYjcwNGM2ZGQ1MGRhNTNjMTc2NDOZwJSaXJPlPamq2DgEDr5oODc4MjYyLTcxMTkzMzYuanBnfHx8fHx8fHx8fHw2NDB4NDgw.jpg"}]}},{"ad_id":"881624","reg_year":"2007","make":"Volkswagen","model":"Golf","variant":"T D I 3 dr","mileage":"79535","engine_size":"1.9","fuel_type":"Diesel","body_type":null,"colour":"ff0000","location":"Kildare","price":"\u20ac 8,950","images":{"base_url":"http:\/\/i0.carsie.ie\/","image_list":[{"thumb":"NjI3MzJlMWZjZTFiNzg3Mjk0MjEwODBhZjYzY2NhNjAZe_xhrf-YqkqmUIPMZnuiODgxNjI0LTcxNjY4NzkuanBnfHx8fHx8OTJ4Njl8fHx8fA==.jpg","main":"ZGEzNjU1OTMyZDZlZGFjNzFhZTA2N2NhYjlkYzZhMTTdP3Xe7M6ILfu3bf7atsLcODgxNjI0LTcxNjY4NzkuanBnfHx8fHx8fHx8fHw0MDB4MzAw.jpg","large":"NjBiODg2YTA4MjY2NTUyYTY4N2JlNTlmMzhhMTIzZTZlYLH47Wh-2ly4MMWnne2sODgxNjI0LTcxNjY4NzkuanBnfHx8fHx8fHx8fHw2NDB4NDgw.jpg"}]}},{"ad_id":"893920","reg_year":"2007","make":"Volkswagen","model":"Golf","variant":null,"mileage":"59030","engine_size":"1.4","fuel_type":"Petrol","body_type":null,"colour":"0000c0","location":"Kildare","price":"\u20ac 8,950","images":{"base_url":"http:\/\/i0.carsie.ie\/","image_list":[{"thumb":"MmE3MDVmNDJhZDI0ZDRkZDFkMGQ0ODhjZTVkOTlmMWEMijZ5dVH9jFr_4JT6eNk-ODkzOTIwLTczMDE5MTkuanBnfHx8fHx8OTJ4Njl8fHx8fA==.jpg","main":"N2FjM2QwMzUzZDMxM2E1NWQyN2UyZGZiZDE0ODUzMDMourXmY8tVp1WZbKun50scODkzOTIwLTczMDE5MTkuanBnfHx8fHx8fHx8fHw0MDB4MzAw.jpg","large":"NGE1NDI5ODE3M2JiNzMyMzYzMjA1NDMxZDA3NjY3MmK5h4TVvlBJOpql8zIiqEwLODkzOTIwLTczMDE5MTkuanBnfHx8fHx8fHx8fHw2NDB4NDgw.jpg"}]}},{"ad_id":"885717","reg_year":"2007","make":"Volkswagen","model":"Golf","variant":"Plus 1.4 5DR","mileage":"46000","engine_size":"1.4","fuel_type":"Petrol","body_type":"Hatchback","colour":"0000c0","location":"Meath","price":"\u20ac 8,950","images":{"base_url":"http:\/\/i0.carsie.ie\/","image_list":[{"thumb":"Y2VjMGIyODU0YjQ0NTNhMTE3ODkzNmQyMDFkNjY3ZWOfIXDu9iV6ceWie2PdZFREODg1NzE3LTcyMTE4NTguanBnfHx8fHx8OTJ4Njl8fHx8fA==.jpg","main":"ZTZlYzg5OGNhMDkyNzk2MDM5NTRmYWI4OTk4NzkwMDPBcwnqKJftEiBkAvpsY3DsODg1NzE3LTcyMTE4NTguanBnfHx8fHx8fHx8fHw0MDB4MzAw.jpg","large":"OTcyYzBkM2RhODA2YmEzMWNmMzVlZTcwZDlhZDYyN2QNVu2czDsfX2lYMQpjZWbcODg1NzE3LTcyMTE4NTguanBnfHx8fHx8fHx8fHw2NDB4NDgw.jpg"}]}},{"ad_id":"881148","reg_year":"2007","make":"Volkswagen","model":"Golf","variant":"1.4 80bhp","mileage":"70329","engine_size":"1.4","fuel_type":"Petrol","body_type":"Hatchback","colour":"e0e0e0","location":"Waterford","price":"\u20ac 8,950","images":{"base_url":"http:\/\/i0.carsie.ie\/","image_list":[{"thumb":"YjliNjkwZGUxOTc5OWIzOWQ4MDUxOGMwNzMxMGRmNmInw_ggMhhFbHjF2zQUDPOYODgxMTQ4LTcxNDg0NTQuanBnfHx8fHx8OTJ4Njl8fHx8fA==.jpg","main":"MWRiZjc5ZjEyOGY3N2Y2MjQ3NjdmN2M3OGFhNDJjYTaF_1blENSV7fC2WJ5C9hUEODgxMTQ4LTcxNDg0NTQuanBnfHx8fHx8fHx8fHw0MDB4MzAw.jpg","large":"ZDFjMTQ3M2NjYWM2ODE1YTcwNzYxNTljNTMxZWIzMzGeD5Inrd7Pc9l2ykziYbS5ODgxMTQ4LTcxNDg0NTQuanBnfHx8fHx8fHx8fHw2NDB4NDgw.jpg"}]}},{"ad_id":"802632","reg_year":"2007","make":"Volkswagen","model":"Jetta","variant":"1.6 102BHP 4D","mileage":"29905","engine_size":"1.6","fuel_type":"Petrol","body_type":"Saloon","colour":"0000c0","location":"Dublin","price":"\u20ac 8,950","images":{"base_url":"http:\/\/i0.carsie.ie\/","image_list":[{"thumb":"MGRlYThhOWZiMDNhNmYxY2Y0NjUyODI1ZmI4ODRiOWYxEphXd4ztPymE6WhYyW-9ODAyNjMyLTYzMTk1MjQuanBnfHx8fHx8OTJ4Njl8fHx8fA==.jpg","main":"MDQ1NGQwMjkyYzI4OTI2MTgwODY4ODJkMjJkZWRhNGGMQigor0vK4_B6HKRlCBszODAyNjMyLTYzMTk1MjQuanBnfHx8fHx8fHx8fHw0MDB4MzAw.jpg","large":"NGRhYzZlNGNlZWYyOGEzZjI1MDU3NmI4ZmVkZmJmZTCs1dA1T6RxFPR9DTVsDkzzODAyNjMyLTYzMTk1MjQuanBnfHx8fHx8fHx8fHw2NDB4NDgw.jpg"}]}},{"ad_id":"895331","reg_year":"2007","make":"Volkswagen","model":"Jetta","variant":"1.6 12 MONTHS WARRANTY","mileage":"42367","engine_size":"1.6","fuel_type":"Petrol","body_type":"Saloon","colour":"858585","location":"Dublin","price":"\u20ac 8,950","images":{"base_url":"http:\/\/i0.carsie.ie\/","image_list":[{"thumb":"YWI4NjA1M2Y2ZDVjNmM0ODc3NjMyYzUyYzhlMGRiMGMYtcSOezem-hZT4oCo0ILDODk1MzMxLTczMjkzNDcuanBnfHx8fHx8OTJ4Njl8fHx8fA==.jpg","main":"ODAxZmVhNzkxZDgzY2Y1YmFjMjRhZTkwZjg2M2Y0OTigUC7_qEPkDlEp59wePA-EODk1MzMxLTczMjkzNDcuanBnfHx8fHx8fHx8fHw0MDB4MzAw.jpg","large":"NDE1ZjRhMGVjODA0MDM4ZmZmMDk5MWVjYzk0YTcyZTbgn0gkOspa5d00f2P-dGeMODk1MzMxLTczMjkzNDcuanBnfHx8fHx8fHx8fHw2NDB4NDgw.jpg"}]}},{"ad_id":"741847","reg_year":"2008","make":"Volkswagen","model":"Jetta","variant":"COMFORT 1.6 4DR 102BHP","mileage":"68819","engine_size":"1.6","fuel_type":"Petrol","body_type":"Saloon","colour":"000000","location":"Galway","price":"\u20ac 8,950","images":{"base_url":"http:\/\/i0.carsie.ie\/","image_list":[{"thumb":"ODczNzc3MmVlZDc5NmViYWQ3N2I1M2E5ZjgxNmEwNzVklpJ-_oKD9wThdyh1cFhKNzQxODQ3LTU0NzA3ODAuanBnfHx8fHx8OTJ4Njl8fHx8fA==.jpg","main":"MTgxMDk0NjdmYjI2N2E1ZWZkMjlkODg1ODA3NDY2ZWYEZEnONj-V9KNNNeq2DxOvNzQxODQ3LTU0NzA3ODAuanBnfHx8fHx8fHx8fHw0MDB4MzAw.jpg","large":"YzM4YTQ5MjU2MzE1MDdjZjNmNzdhNTE2NTFiYThjMTfBw6anV9fOcjjSwAWyFk3SNzQxODQ3LTU0NzA3ODAuanBnfHx8fHx8fHx8fHw2NDB4NDgw.jpg"}]}}]}