{"total":"23408","result":[{"ad_id":"883223","reg_year":"2002","make":"Lexus","model":"IS 200","variant":"IS 200 MIC","mileage":"193000","engine_size":"2.0","fuel_type":"Petrol","body_type":"Saloon","colour":"f0b800","location":"Dublin","price":"\u20ac 2,850","images":{"base_url":"http:\/\/i0.carsie.ie\/","image_list":[{"thumb":"YWM2MWJkZTljMzI3NDdhYmFhZGQyZDRiMWJiNmUwNTNoszAcg5_pHrrvom0eHnYKODgzMjIzLTcxNzc0NTEuanBnfHx8fHx8OTJ4Njl8fHx8fA==.jpg","main":"NDM3OTdiYmNmOGRhYTI2YzAwM2FhYzBjMjY1NWZiYjAZNAf37yoz5g9RysktIU9fODgzMjIzLTcxNzc0NTEuanBnfHx8fHx8fHx8fHw0MDB4MzAw.jpg","large":"MjZjYmI2MDRlNTE0NTdjY2U2MWQ5ZGQ2MDFmYjZmMTRsX6cT7ADyGEBCHTA9yKABODgzMjIzLTcxNzc0NTEuanBnfHx8fHx8fHx8fHw2NDB4NDgw.jpg"}]}},{"ad_id":"883913","reg_year":"2002","make":"Nissan","model":"Almera","variant":"almera 1.5 4dr","mileage":"66000","engine_size":"1.5","fuel_type":"Petrol","body_type":"Saloon","colour":"0000c0","location":"Cork","price":"\u20ac 2,850","images":{"base_url":"http:\/\/i0.carsie.ie\/","image_list":[{"thumb":"ZGIwZDU2YzE0YmQwYzAxMjFkYmZhNTkxNDUwN2ZlYzhxfMRV8Hs7OuQe0mk11yH9ODgzOTEzLTc0MDUyODkuanBnfHx8fHx8OTJ4Njl8fHx8fA==.jpg","main":"YmM2OTViNWI4YTcyZTlmMTE3MGQ2ZjNiZGJhMTEwYmOMa4k3dVDupt12B7T8Cju8ODgzOTEzLTc0MDUyODkuanBnfHx8fHx8fHx8fHw0MDB4MzAw.jpg","large":"MjhlNDdlYzFkZDc3M2U2YjBhMjEyZTIzNDc1MTJkNmb6cxvvuVSXgQ-5Y7-9Fqd-ODgzOTEzLTc0MDUyODkuanBnfHx8fHx8fHx8fHw2NDB4NDgw.jpg"}]}},{"ad_id":"882130","reg_year":"2003","make":"Opel","model":"Astra","variant":"Z 1.6 XE","mileage":"120000","engine_size":"1.6","fuel_type":"Petrol","body_type":"Cabriolet \/ Convertible","colour":"000000","location":"Dublin","price":"\u20ac 2,850","images":{"base_url":"http:\/\/i0.carsie.ie\/","image_list":[{"thumb":"ZWY5NGRiZmIxN2I0M2JmYjc5MmFjOTJjMjdlODZlMzZYkKsbfjWlH-zvYKh17pdCODgyMTMwLTcxNjExMDguanBnfHx8fHx8OTJ4Njl8fHx8fA==.jpg","main":"ZjY4YzA3NzY0N2NiMTQwY2U0NWZiZDA5NTFhNGZkODMlHhrEK0a8CWcVZx_SGUVXODgyMTMwLTcxNjExMDguanBnfHx8fHx8fHx8fHw0MDB4MzAw.jpg","large":"YmJiZTM2ODkwMGRlY2MwYTc3Zjg5ODgyYTY5NzQyZmKwVtDNo-_WHPkpC1V5AhzXODgyMTMwLTcxNjExMDguanBnfHx8fHx8fHx8fHw2NDB4NDgw.jpg"}]}},{"ad_id":"887615","reg_year":"2004","make":"Opel","model":"Corsa","variant":"Njoy 5 DR","mileage":"106000","engine_size":"1.0","fuel_type":"Petrol","body_type":"Hatchback","colour":"ff0000","location":"Cavan","price":"\u20ac 2,850","images":{"base_url":"http:\/\/i0.carsie.ie\/","image_list":[{"thumb":"Y2I0ZjA4NDFhNmE2OWUyYWUwZDVhODZkMTcxMmYzZDlhJchvzhlSyahdjAkYSHJ5ODg3NjE1LTcyMjcwNDAuanBnfHx8fHx8OTJ4Njl8fHx8fA==.jpg","main":"NzZiYzY3YzIxZjM1NWZkOGE1NjJlZmVmZTJiMmVmZjljjQ-K5LnYiV9ARGT6gnFaODg3NjE1LTcyMjcwNDAuanBnfHx8fHx8fHx8fHw0MDB4MzAw.jpg","large":"NGMyZDU5NTFlZDkxZWZhNGIxMTFhZDFhZGY2MjI2YTknQH9nbXd_T1FVYAI86fjOODg3NjE1LTcyMjcwNDAuanBnfHx8fHx8fHx8fHw2NDB4NDgw.jpg"}]}},{"ad_id":"868555","reg_year":"2003","make":"Opel","model":"Corsa","variant":"Njoy 5 DR","mileage":"78000","engine_size":"1.0","fuel_type":"Petrol","body_type":"Hatchback","colour":"0000c0","location":"Cork","price":"\u20ac 2,850","images":{"base_url":"http:\/\/i0.carsie.ie\/","image_list":[{"thumb":"NmVmNDdiYzg0NmQxMjljNDYzYTZmZTNiNWZkYzM1OTmTnWN431I_l0TpScE4mJZUODY4NTU1LTcwMTE2NzAuanBnfHx8fHx8OTJ4Njl8fHx8fA==.jpg","main":"YzY1NDZiNTllNDEzNDRhOWU1MGIxZjY1YzczMDUyZmRpjxfU3hP1klsoCJhSISh1ODY4NTU1LTcwMTE2NzAuanBnfHx8fHx8fHx8fHw0MDB4MzAw.jpg","large":"YzQ5NGRhZTZlYWM4NjIyNmMyYTlmNDEzNjMzNzE5MTHZhAsqhlgvZ6dIJDQHQbJrODY4NTU1LTcwMTE2NzAuanBnfHx8fHx8fHx8fHw2NDB4NDgw.jpg"}]}},{"ad_id":"897142","reg_year":"2004","make":"Opel","model":"Corsa","variant":"Njoy Petrol","mileage":"88000","engine_size":"1.0","fuel_type":"Petrol","body_type":"Hatchback","colour":"e0e0e0","location":"Dublin","price":"\u20ac 2,850","images":{"base_url":"http:\/\/i0.carsie.ie\/","image_list":[{"thumb":"YTUzNzViMmE2NDc1MzgwOTY1NDA0MjU1NmU3YWRlMjZRHNST514iiyU9g6y-iNQeODk3MTQyLTczNTEzNjEuanBnfHx8fHx8OTJ4Njl8fHx8fA==.jpg","main":"ZDUyYzI5OGYwYjhlMmE0YzRkOWRmMTZiYmY3ZmFjYjGJkUsoIqUGC3jdV7md1ngvODk3MTQyLTczNTEzNjEuanBnfHx8fHx8fHx8fHw0MDB4MzAw.jpg","large":"YTZlNTMwNThhMTI2ZWY1ZDQ5ZGIyZDBiMTBmNzNlY2MGIvdM4dQYoTn9HbHCL9inODk3MTQyLTczNTEzNjEuanBnfHx8fHx8fHx8fHw2NDB4NDgw.jpg"}]}},{"ad_id":"862196","reg_year":"2003","make":"Peugeot","model":"206","variant":null,"mileage":"131962","engine_size":"1.1","fuel_type":"Petrol","body_type":null,"colour":"858585","location":"Galway","price":"\u20ac 2,850","images":{"base_url":"http:\/\/i0.carsie.ie\/","image_list":[{"thumb":"ODM2NTRhYjk0ODlmZGJjMWI2ODJhMjQ5YTkxZjk5NTMbGXq6ne7fUlkNVOun8hVKODYyMTk2LTc0MDc3ODUuanBnfHx8fHx8OTJ4Njl8fHx8fA==.jpg","main":"YzI2ZDUxM2M0ZGVkZWU5OWIzZDQ1N2QwNmQxYTBmMjha7nemH2SWYo5d1GYcTYMqODYyMTk2LTc0MDc3ODUuanBnfHx8fHx8fHx8fHw0MDB4MzAw.jpg","large":"NGEzZWM5MTQ3YTQxZWQ1ZmE4ZmEwN2U3ODEzOWZhZWFrLL80zWqq_sSXwbVjLewmODYyMTk2LTc0MDc3ODUuanBnfHx8fHx8fHx8fHw2NDB4NDgw.jpg"}]}},{"ad_id":"823984","reg_year":"2003","make":"Renault","model":"Clio","variant":null,"mileage":"69704","engine_size":"1.2","fuel_type":"Petrol","body_type":"Hatchback","colour":"e0e0e0","location":"Galway","price":"\u20ac 2,850","images":{"base_url":"http:\/\/i0.carsie.ie\/","image_list":[{"thumb":"ZmJhNWIwMTY3YWExMWQ5NGE2NGUzYzAzODk4YTY0ODM09DZkbuedRdfYCwklc-FYODIzOTg0LTY1MDAzNDEuanBnfHx8fHx8OTJ4Njl8fHx8fA==.jpg","main":"MDkzZmFiNzFiMWFiM2M3MzY0ZWE4Mzg5MzQwZmFkMma0HZTmeYlzFX0X_ekYBROiODIzOTg0LTY1MDAzNDEuanBnfHx8fHx8fHx8fHw0MDB4MzAw.jpg","large":"NzgyNzVhNmE2MTFhOTMyNzI5ZDY0NTQ0NjgwY2U2OWIcREsurEm918aiMtniUvQBODIzOTg0LTY1MDAzNDEuanBnfHx8fHx8fHx8fHw2NDB4NDgw.jpg"}]}},{"ad_id":"901138","reg_year":"2003","make":"Renault","model":"Laguna","variant":"II DCI","mileage":"106000","engine_size":"1.9","fuel_type":"Diesel","body_type":"Hatchback","colour":"008000","location":"Dublin","price":"\u20ac 2,850","images":{"base_url":"http:\/\/i0.carsie.ie\/","image_list":[{"thumb":"YmJiYzJiMTgwYjJjOTcwYzI4NjMwZGJmYWY1ZTY1MzjnWi3JrllCMKcR_iNAOVeaOTAxMTM4LTc0MjYyMjkuanBnfHx8fHx8OTJ4Njl8fHx8fA==.jpg","main":"NWUwZjg1MDNiZjI3ZDJhMWZhMGViYzUzY2Q3NTAxNjXL9orsqdrrc7bROsQuN7uYOTAxMTM4LTc0MjYyMjkuanBnfHx8fHx8fHx8fHw0MDB4MzAw.jpg","large":"NDE0ODIzZDY1YzQ0MTY3YmQ1NGQ4MDI3NzkwNGY1NGFiPH89MrOrm1pHhA8e8lCpOTAxMTM4LTc0MjYyMjkuanBnfHx8fHx8fHx8fHw2NDB4NDgw.jpg"}]}},{"ad_id":"672003","reg_year":"2003","make":"Renault","model":"Laguna","variant":"MIRAGE","mileage":"46000","engine_size":"1.6","fuel_type":"Petrol","body_type":"Hatchback","colour":"e0e0e0","location":"Louth","price":"\u20ac 2,850","images":{"base_url":"http:\/\/i0.carsie.ie\/","image_list":[{"thumb":"ZWJiMDcxMWZiZWY5N2UxMTM1MzQ4Y2QxOWYwYjY5Mzjac5zEfVPInIHwg1igJcM9NjcyMDAzLTQ2MDU1NDUuanBnfHx8fHx8OTJ4Njl8fHx8fA==.jpg","main":"ZWQ1ZDliYTlhNzgxZmM4MzFlZmYwNzRiZTg0OTM1NWY6GJ7XGYDPqyywoL_DVNmiNjcyMDAzLTQ2MDU1NDUuanBnfHx8fHx8fHx8fHw0MDB4MzAw.jpg","large":"MTBlNjc0NjAxOWMyY2RkNDMwYTliNWVkMzY1MDJlNmJJcnej3YUR3LpAW3xDKKP6NjcyMDAzLTQ2MDU1NDUuanBnfHx8fHx8fHx8fHw2NDB4NDgw.jpg"}]}},{"ad_id":"901685","reg_year":"2004","make":"Renault","model":"Megane","variant":"SP 6S Dynamique","mileage":"53000","engine_size":"1.4","fuel_type":"Petrol","body_type":"Saloon","colour":"008000","location":"Dublin","price":"\u20ac 2,850","images":{"base_url":"http:\/\/i0.carsie.ie\/","image_list":[{"thumb":"YTU5OWI0MmQ3M2VhODRjZmNjODA1NjdiMDVhYmYwYzgj9b1Kjz0k-ITJQtMR_Q7JOTAxNjg1LTc0Mjc1NjIuanBnfHx8fHx8OTJ4Njl8fHx8fA==.jpg","main":"ODEyNWRkZGEyNGQwYjE3NTYxNzRjODQxMjNmNWFkNDR7MVNUA1zWdTEnW9z8MZChOTAxNjg1LTc0Mjc1NjIuanBnfHx8fHx8fHx8fHw0MDB4MzAw.jpg","large":"OGQ4NTQyYTNmNDVlNjkyOGU5YzlmNTAwZGVkOTU1OGItbcoqKOi_TSZTGqZd-EhgOTAxNjg1LTc0Mjc1NjIuanBnfHx8fHx8fHx8fHw2NDB4NDgw.jpg"}]}},{"ad_id":"857420","reg_year":"2003","make":"Renault","model":"Megane","variant":"Scenic Sportway","mileage":"101000","engine_size":"1.4","fuel_type":"Petrol","body_type":"Hatchback","colour":"e0e0e0","location":"Limerick","price":"\u20ac 2,850","images":{"base_url":"http:\/\/i0.carsie.ie\/","image_list":[{"thumb":"MmQ1NjdlNmYxY2Y4MzIwNzNiNTBlMzAzNzlmNWY5MzBmkNoWfteGvgXxXj-SJm3JODU3NDIwLTY4NzY0NTkuanBnfHx8fHx8OTJ4Njl8fHx8fA==.jpg","main":"NzU0ODM1NzQ3ZGIzYjU5ZWYzZmU4MGVhNTMxMWU4ZDWGNfb8dObVUYAG42g5_H2JODU3NDIwLTY4NzY0NTkuanBnfHx8fHx8fHx8fHw0MDB4MzAw.jpg","large":"OGZjYzQ1ODFhODY0M2ExZTZmNTI0YTE3ZGY1Nzc3NGVnOSIBuXtNTlya-rcbC8rNODU3NDIwLTY4NzY0NTkuanBnfHx8fHx8fHx8fHw2NDB4NDgw.jpg"}]}},{"ad_id":"898982","reg_year":"2002","make":"Renault","model":"Megane","variant":"","mileage":"121000","engine_size":"1.9","fuel_type":"Diesel","body_type":"Hatchback","colour":"0000c0","location":"Meath","price":"\u20ac 2,850","images":{"base_url":"http:\/\/i0.carsie.ie\/","image_list":[{"thumb":"ZWUxNzFlNThhNjgxMDczNmRkZmM3MWEzM2RmNTRlNzVYydpEGfQU9M2iSAofLN8IODk4OTgyLTczODQ2NzAuanBnfHx8fHx8OTJ4Njl8fHx8fA==.jpg","main":"ODQzNGYyN2IyMDZmOGU1MGI5MmIxYjVkY2JhZGFiMDCX8ajb2VoIqNdrSSXO2N_bODk4OTgyLTczODQ2NzAuanBnfHx8fHx8fHx8fHw0MDB4MzAw.jpg","large":"MjNhODlkOTdiZGUzNDA3MjUzY2ZkMThmZmNjMjA5OWTogDCjjRsXjFPZSI9NZDF-ODk4OTgyLTczODQ2NzAuanBnfHx8fHx8fHx8fHw2NDB4NDgw.jpg"}]}},{"ad_id":"880893","reg_year":"2004","make":"Rover","model":"Streetwise","variant":"","mileage":"110705","engine_size":"1.4","fuel_type":"Petrol","body_type":"Hatchback","colour":"0000c0","location":"Kildare","price":"\u20ac 2,850","images":{"base_url":"http:\/\/i0.carsie.ie\/","image_list":[{"thumb":"N2Q2N2Q4YzAzZTA1NTFmYTZjMzRmN2ZhNzlhNTRjNTlWSxVD2IrgmeBfIiG_2Kj6ODgwODkzLTcxNDUyOTUuanBnfHx8fHx8OTJ4Njl8fHx8fA==.jpg","main":"ZmJkY2NjZjIxOTVlNTY0YjMzYmY2NTNjYzU0YWE0YTeA4Ii8isx4mmYz_ZAgPW6GODgwODkzLTcxNDUyOTUuanBnfHx8fHx8fHx8fHw0MDB4MzAw.jpg","large":"ODFmODM5MGUwZmM0YzM3ODEwOTJlNzA5MWYwZjQwZjBn5_STk5Xa6RHI7zmygW_6ODgwODkzLTcxNDUyOTUuanBnfHx8fHx8fHx8fHw2NDB4NDgw.jpg"}]}},{"ad_id":"882410","reg_year":"2000","make":"Saab","model":"9-3","variant":"SE 2.0 CABRIO","mileage":"107000","engine_size":"2.0","fuel_type":"Petrol","body_type":"Cabriolet \/ Convertible","colour":"0000c0","location":"Dublin","price":"\u20ac 2,850","images":{"base_url":"http:\/\/i0.carsie.ie\/","image_list":[{"thumb":"NWRmMmUyODljM2NiZGY3Y2RmZThlNGRhMmE3YWZhODVKKyycCHSZ4yCCYv3Z6CnVODgyNDEwLTcyMjQ4NTUuanBnfHx8fHx8OTJ4Njl8fHx8fA==.jpg","main":"ODcxODIwMzE3MDExNTNiYWE5NGFkNzIwOWViZDdjNDabI1o4mwsxbaHHgz9Wvxq5ODgyNDEwLTcyMjQ4NTUuanBnfHx8fHx8fHx8fHw0MDB4MzAw.jpg","large":"YTljNjUyN2M4OGE1NjAzN2Q3NWM3YWIzMWYwZTNlYzGaP6VXe0YMbwKFfwmE8g4rODgyNDEwLTcyMjQ4NTUuanBnfHx8fHx8fHx8fHw2NDB4NDgw.jpg"}]}},{"ad_id":"895057","reg_year":"2005","make":"Saab","model":"9-3","variant":"1.8I Linear MY05 4DR","mileage":"105635","engine_size":"1.8","fuel_type":"Petrol","body_type":"Saloon","colour":"e0e0e0","location":"Galway","price":"\u20ac 2,850","images":{"base_url":"http:\/\/i0.carsie.ie\/","image_list":[{"thumb":"NTBkMjc2NGJkYzg5MjdlN2VhN2IyMjk0MTBiYzA5OTnCWprqSdA3S8Ar6DQbq_iAODk1MDU3LTczMTAxOTcuanBnfHx8fHx8OTJ4Njl8fHx8fA==.jpg","main":"YzVmOTAyZmZiNmFlMDgwZmZhMWRmMGNkN2JlMjJhNzJSvCO1OVlyUpvUcIELr0vQODk1MDU3LTczMTAxOTcuanBnfHx8fHx8fHx8fHw0MDB4MzAw.jpg","large":"YjM3NTg0MjVkM2QyYzg4NzIwMDRhZTVlZjNlNmViZmJXITXzLdYSIJ4Q7e9tDPdvODk1MDU3LTczMTAxOTcuanBnfHx8fHx8fHx8fHw2NDB4NDgw.jpg"}]}},{"ad_id":"898338","reg_year":"2002","make":"Seat","model":"Ibiza","variant":"1.2 Stella. TAX 06, 13 NEW NCT 2 KEYS . BIG SPEC.","mileage":"70000","engine_size":"1.2","fuel_type":"Petrol","body_type":"Hatchback","colour":"ff0000","location":"Dublin","price":"\u20ac 2,850","images":{"base_url":"http:\/\/i0.carsie.ie\/","image_list":[{"thumb":"M2Y2ZTY4NzllMzI5NTc2MjZlNjA4NmRjOGFhYmQwMzSdEsgLPvhgjol5jTQCJ59JODk4MzM4LTczNjQ1ODkuanBnfHx8fHx8OTJ4Njl8fHx8fA==.jpg","main":"YTlmZmQ0NDVhNGM1MzBjNDM5NGJmNzI4N2U1ZjY2NjbUEbh2o1uD6s9BNzpKXJiOODk4MzM4LTczNjQ1ODkuanBnfHx8fHx8fHx8fHw0MDB4MzAw.jpg","large":"Zjk5NDYxMTNkOGU1NjQ2ZGQ4N2VlYWRhODgxOGIwOGNH-JquU9_x28oso8VGK-MPODk4MzM4LTczNjQ1ODkuanBnfHx8fHx8fHx8fHw2NDB4NDgw.jpg"}]}},{"ad_id":"888364","reg_year":"2003","make":"Smart","model":"Car","variant":"0.7 City Passion 61BHP A","mileage":"61000","engine_size":"under 1.0","fuel_type":"Petrol","body_type":"Coupe","colour":"e0e0e0","location":"Dublin","price":"\u20ac 2,850","images":{"base_url":"http:\/\/i0.carsie.ie\/","image_list":[{"thumb":"MjM4ODJhZjUyNjVlMWU2OTI1NzM2MTcyZTg1NWZlMjNf6eNyTo7LrnAHF6xNnBNDODg4MzY0LTcyMzY5NTUuanBnfHx8fHx8OTJ4Njl8fHx8fA==.jpg","main":"MWM1ZThlYTU4ZjViZDA2ZmE2MGI2NzAyYzA0ZTc4MzgTpJIXhgUZWyhQgmYKvAChODg4MzY0LTcyMzY5NTUuanBnfHx8fHx8fHx8fHw0MDB4MzAw.jpg","large":"ZDg2MmM2N2RhNDg5ZjNlMmZlZGJjZDc1ZmFiOTY3ZmMe2kQUMCdweEum4d3yxCSVODg4MzY0LTcyMzY5NTUuanBnfHx8fHx8fHx8fHw2NDB4NDgw.jpg"}]}},{"ad_id":"829414","reg_year":"2005","make":"Suzuki","model":"Alto","variant":"","mileage":"53439","engine_size":"1.1","fuel_type":"Petrol","body_type":"Hatchback","colour":"ff0000","location":"Tipperary","price":"\u20ac 2,850","images":{"base_url":"http:\/\/i0.carsie.ie\/","image_list":[{"thumb":"OGM1MTNiZTBiMzYzZTYwMDIwYzc1OGYyYzE3OGQ1NzP1d_jAR8gP763Pbj1mcheoODI5NDE0LTY1Njg3NDMuanBnfHx8fHx8OTJ4Njl8fHx8fA==.jpg","main":"YWVhYjFmZjc5ODE4ZDhhNGE1MmM1NDQwZGE4Yjg1NTDwwCvtZ0wgR6m2VHEh7IBAODI5NDE0LTY1Njg3NDMuanBnfHx8fHx8fHx8fHw0MDB4MzAw.jpg","large":"NDUyODJkNGFkYTQ5NmU1MWFjYmRhZGZjODgxZDIzMDU_f3l_K6Xdrq4ftL8VEFazODI5NDE0LTY1Njg3NDMuanBnfHx8fHx8fHx8fHw2NDB4NDgw.jpg"}]}},{"ad_id":"870378","reg_year":"2001","make":"Toyota","model":"Corolla","variant":"","mileage":"127000","engine_size":"1.4","fuel_type":"Petrol","body_type":"Saloon","colour":"008000","location":"Kerry","price":"\u20ac 2,850","images":{"base_url":"http:\/\/i0.carsie.ie\/","image_list":[{"thumb":"OTBjNWZiZmRjN2RjOGQxMmJlMTUxMWI4ODgyZTQ0MGSOuagDf3xEMPA4l5Pa0zMiODcwMzc4LTcwMjQ1ODguanBnfHx8fHx8OTJ4Njl8fHx8fA==.jpg","main":"YThiNjBjMWFjYTZhYzk5YThkODc5NGYzZjRhYmMzMzXyOYm7Apg6xCyhLOyBiBQXODcwMzc4LTcwMjQ1ODguanBnfHx8fHx8fHx8fHw0MDB4MzAw.jpg","large":"MzNkNGE4YWJiYTlhMzY1ZDdmYjI3OWIwODAyYzBmN2UO2zX8Lx1N-PZA9Y_9cPDwODcwMzc4LTcwMjQ1ODguanBnfHx8fHx8fHx8fHw2NDB4NDgw.jpg"}]}}]}