{"total":"23408","result":[{"ad_id":"893688","reg_year":"2004","make":"Ford","model":"Ka","variant":null,"mileage":"77000","engine_size":"1.3","fuel_type":"Petrol","body_type":"Hatchback","colour":"e0e0e0","location":"Dublin","price":"\u20ac 2,000","images":{"base_url":"http:\/\/i0.carsie.ie\/","image_list":[{"thumb":"ZmZmZDI1ZWE5MTVhZmY1M2I0MjkzOTFlNzk2NmM2ZDgU04OvEwttzQHHX9oicREKODkzNjg4LTcyODIzODMuanBnfHx8fHx8OTJ4Njl8fHx8fA==.jpg","main":"NmZkZjI5YmFkMDQ3ZWM2OWJjODY4N2IwNDA1NmMyNzVSK2mdWopVENOE3EW2Y04CODkzNjg4LTcyODIzODMuanBnfHx8fHx8fHx8fHw0MDB4MzAw.jpg","large":"OTIwMzVkNDk2MmMyZjk3NjRmMTUzM2Q2M2RkZGJiMDdEhsCEXq45dKIXZwrnQxfRODkzNjg4LTcyODIzODMuanBnfHx8fHx8fHx8fHw2NDB4NDgw.jpg"}]}},{"ad_id":"809248","reg_year":"2002","make":"Ford","model":"Mondeo","variant":"","mileage":"170000","engine_size":"2.0","fuel_type":"Petrol","body_type":"Hatchback","colour":"008000","location":"Cork","price":"\u20ac 2,000","images":{"base_url":"http:\/\/i0.carsie.ie\/","image_list":[{"thumb":"MmM4NjQ4ZDRjZTgwYTllN2RhMWQyZDA3M2U0NWI2MWQy516b4J_v8KmZvC61MSvDODA5MjQ4LTYzMTg2NTcuanBnfHx8fHx8OTJ4Njl8fHx8fA==.jpg","main":"Mjc3NzZiNDliYTMxYzRmNGZlMjRhZjdkMjAyZWVjODjR8nLVz6BHZa9R3rPwE5ajODA5MjQ4LTYzMTg2NTcuanBnfHx8fHx8fHx8fHw0MDB4MzAw.jpg","large":"ZDk3YTQzNjkxYWE4YWRhNDk3MjI4OTZhMzRmNmMyOWE1A-r-Oe8mNrjFO-4mSutSODA5MjQ4LTYzMTg2NTcuanBnfHx8fHx8fHx8fHw2NDB4NDgw.jpg"}]}},{"ad_id":"835062","reg_year":"2002","make":"Ford","model":"Mondeo","variant":"2.0 td lx","mileage":"145000","engine_size":"2.0","fuel_type":"Diesel","body_type":"Saloon","colour":"e0e0e0","location":"Cork","price":"\u20ac 2,000","images":{"base_url":"http:\/\/i0.carsie.ie\/","image_list":[{"thumb":"NTA5MzgyMjYxZmU1NjRkMjllNTQ1YjQ4NmEzMTM2ODcb3Yu5fSnDdpaoq2OxkskVODM1MDYyLTY2MzE5OTQuanBnfHx8fHx8OTJ4Njl8fHx8fA==.jpg","main":"NDhjMzcyZGM5YzliZDY0MjM3YjRmYWVmNGI2ODU4OGFwojVuoD1scV_AswYZ2L3JODM1MDYyLTY2MzE5OTQuanBnfHx8fHx8fHx8fHw0MDB4MzAw.jpg","large":"YThmY2VhZTVhZTA5Nzc5MzQ4NDNhOTE4MTc3YmVhNTK4ccsEvzpR3mm_hKj9EDW2ODM1MDYyLTY2MzE5OTQuanBnfHx8fHx8fHx8fHw2NDB4NDgw.jpg"}]}},{"ad_id":"749819","reg_year":"2003","make":"Ford","model":"Mondeo","variant":"1.8I 4 DR LT LX 4DR","mileage":"108000","engine_size":"1.8","fuel_type":"Petrol","body_type":"Saloon","colour":"e0e0e0","location":"Kerry","price":"\u20ac 2,000","images":{"base_url":"http:\/\/i0.carsie.ie\/","image_list":[{"thumb":"MWQ5YjQ0MmY5MjNhNmUxYmZkYTlmOTUwZTYyNjczNWZCh-ulWuWxXw1nXC7MeLGRNzQ5ODE5LTU2NTMyNjkuanBnfHx8fHx8OTJ4Njl8fHx8fA==.jpg","main":"NmI4MGM1YzE5NDk5YTViYjVjM2Y3NjM5ODcyOGM0OTYlxB5CQaIl8367JopS1Z1BNzQ5ODE5LTU2NTMyNjkuanBnfHx8fHx8fHx8fHw0MDB4MzAw.jpg","large":"ODVjZGZiMjFiZGE1NjM0ZGQ2YzUwZGMyM2ZkNjcwNDcLAmtB-qMiY2PPXXy-UU3BNzQ5ODE5LTU2NTMyNjkuanBnfHx8fHx8fHx8fHw2NDB4NDgw.jpg"}]}},{"ad_id":"871702","reg_year":"2003","make":"Ford","model":"Mondeo","variant":"1.8I 4 DR LT *MICHAEL DAFFY CAR SALES*","mileage":"73013","engine_size":"1.8","fuel_type":"Petrol","body_type":"Saloon","colour":"858585","location":"Limerick","price":"\u20ac 2,000","images":{"base_url":"http:\/\/i0.carsie.ie\/","image_list":[{"thumb":"NWM3ZGRlNTI3YmU1NmRlOTE5NjY3YjFjMmI1NjhhZjCbLZ5MpfxNI1IJa8nimIQVODcxNzAyLTcwMzkwMDUuanBnfHx8fHx8OTJ4Njl8fHx8fA==.jpg","main":"MjY2NTIxNjI2ZDYyOGRlN2VmYWU4MDU2ZGM3MDNmMWRvy7WzCFQMFpuQh9bfAx_RODcxNzAyLTcwMzkwMDUuanBnfHx8fHx8fHx8fHw0MDB4MzAw.jpg","large":"OWRlOTI4NWRlMTY5ZGQwZGY3ZjMwMmZlNWJhNjljMDbAw5lZR1faKWqO3MB3XC1lODcxNzAyLTcwMzkwMDUuanBnfHx8fHx8fHx8fHw2NDB4NDgw.jpg"}]}},{"ad_id":"896074","reg_year":"2005","make":"Ford","model":"Mondeo","variant":"LX 2.0 90PS 5DR","mileage":"116320","engine_size":"2.0","fuel_type":"Diesel","body_type":"Hatchback","colour":"e0e0e0","location":"Wexford","price":"\u20ac 2,000","images":{"base_url":"http:\/\/i0.carsie.ie\/","image_list":[{"thumb":"ZTAxNzRjYmJkNDA2NzFiOTUwYWFjYjQ5ZDNlNWJjMTiStbLCqlXi16AiwgoKtpsyODk2MDc0LTczMjk4NDAuanBnfHx8fHx8OTJ4Njl8fHx8fA==.jpg","main":"MzhjNWI4NDFhMGVhMTlmMzZhMDk5MmQ4ZDBlZWE3ZDPCBjt2i1dV0F3bteRGEInaODk2MDc0LTczMjk4NDAuanBnfHx8fHx8fHx8fHw0MDB4MzAw.jpg","large":"OTRiMjlhOTg3NThlNzEzOTM0ZjNmYmU5ZjkzYjYyNjBZHmd2XsWEX75M0e9NCI9RODk2MDc0LTczMjk4NDAuanBnfHx8fHx8fHx8fHw2NDB4NDgw.jpg"}]}},{"ad_id":"752556","reg_year":"1998","make":"Honda","model":"HR-V","variant":"","mileage":"115000","engine_size":"2.0","fuel_type":"Petrol","body_type":"Hatchback","colour":"000000","location":"Waterford","price":"\u20ac 2,000","images":{"base_url":"http:\/\/i0.carsie.ie\/","image_list":[{"thumb":"Njc5NmQ4NThhNGIwN2I2MDU1N2E1MjQyZWJhMjYxNDhI9gVEpaf845IB-gQtuAUcNzUyNTU2LTU1OTE0NzYuanBnfHx8fHx8OTJ4Njl8fHx8fA==.jpg","main":"MGJkNjdlNTExNGI4Y2FmMjQyZWMzZDBlMGFmMjg5NzL6u23q7Qho4kEZszLQUSauNzUyNTU2LTU1OTE0NzYuanBnfHx8fHx8fHx8fHw0MDB4MzAw.jpg","large":"NzY2ODA3MjM5OTA2MDBlZWRkNzhkMTEyNDJkYzY1Mjk4JtvKXEuVQn_G6JddUO2iNzUyNTU2LTU1OTE0NzYuanBnfHx8fHx8fHx8fHw2NDB4NDgw.jpg"}]}},{"ad_id":"859852","reg_year":"2003","make":"Hyundai","model":"S-Coupe","variant":"RX New Nct 05\/14","mileage":"109615","engine_size":"2.0","fuel_type":"Petrol","body_type":"Coupe","colour":"ff0000","location":"Meath","price":"\u20ac 2,000","images":{"base_url":"http:\/\/i0.carsie.ie\/","image_list":[{"thumb":"Njg1MGZkMTliYjg1NTRhYWRiZDgxYTA3NGRhOGJjOWLRha1bnFtRLmxtl4pooh33ODU5ODUyLTY5NDcyMjguanBnfHx8fHx8OTJ4Njl8fHx8fA==.jpg","main":"NGQ4MmEzMTUzNGE5ZDMzNDBkZTE5NGRkODAwMzE4YWLKCW2r7g1C3Qv1Wcd5huScODU5ODUyLTY5NDcyMjguanBnfHx8fHx8fHx8fHw0MDB4MzAw.jpg","large":"ZDMxYTIwMzgzMDg4YWEyYjExYWQyMDI0NzA3YzJhMmHCRd1ZEBCVbVCAzlMJmZY-ODU5ODUyLTY5NDcyMjguanBnfHx8fHx8fHx8fHw2NDB4NDgw.jpg"}]}},{"ad_id":"895440","reg_year":"2003","make":"Hyundai","model":"S-Coupe","variant":"2.0 FX","mileage":"125000","engine_size":"2.0","fuel_type":"Petrol","body_type":"Coupe","colour":"e0e0e0","location":"Monaghan","price":"\u20ac 2,000","images":{"base_url":"http:\/\/i0.carsie.ie\/","image_list":[{"thumb":"ZWE1YTVjNjJkYTQwODgxNDA1YWJmYWY4ZjE5MTg5MjL7OCJ30slkS2Dd8rrqeaxyODk1NDQwLTczMjQyNTIuanBnfHx8fHx8OTJ4Njl8fHx8fA==.jpg","main":"MmMxNmVhMzA0NDg3YzllNGFiYzEzYjZiMGM5Y2FmMWahECyabgF08yRfWkMb-SiOODk1NDQwLTczMjQyNTIuanBnfHx8fHx8fHx8fHw0MDB4MzAw.jpg","large":"Mjc3M2ZkZDEwZGNmYWM0MDgwOGI3M2IzNWVhMzI4ZGNemzPBDd35XghXYRIys88zODk1NDQwLTczMjQyNTIuanBnfHx8fHx8fHx8fHw2NDB4NDgw.jpg"}]}},{"ad_id":"874145","reg_year":"1999","make":"Isuzu","model":"Trooper","variant":"3.0 Dsl. 5dr","mileage":"156589","engine_size":"3.0","fuel_type":"Diesel","body_type":null,"colour":"0000c0","location":"Roscommon","price":"\u20ac 2,000","images":{"base_url":"http:\/\/i0.carsie.ie\/","image_list":[{"thumb":"OGZjZTFmMzI2NjU5ZjQ4ZjEzYTBlMDk0N2Q2NTc5Njh8qhh3uroeHw6so3mtnEL4ODc0MTQ1LTcwNjU3MjkuanBnfHx8fHx8OTJ4Njl8fHx8fA==.jpg","main":"ZWFhNmI0ZDA0MzVmOGU1YjM5MGM0NGUzYmZmMDFlMGXtedvM-FtTcKY1l6Undo8FODc0MTQ1LTcwNjU3MjkuanBnfHx8fHx8fHx8fHw0MDB4MzAw.jpg","large":"MDdjMmJiMDQzZjBkNzI2ZmNiNTRiMjNmZWUxZTdhODR7knRqVidF9hAeBz3OvSz8ODc0MTQ1LTcwNjU3MjkuanBnfHx8fHx8fHx8fHw2NDB4NDgw.jpg"}]}},{"ad_id":"871525","reg_year":"1997","make":"Land Rover","model":"Discovery","variant":"Land Discovery 2.5 TDi","mileage":"158000","engine_size":"2.5","fuel_type":"Diesel","body_type":"SUV","colour":"ff0000","location":"Longford","price":"\u20ac 2,000","images":{"base_url":"http:\/\/i0.carsie.ie\/","image_list":[{"thumb":"MzA1ZTgzY2M2MDJlM2ExYzBlNTAwM2FhNjc4M2M3YjbaMUgNIX9Cj70ztfvzqcXjODcxNTI1LTcwMzcxMTcuanBnfHx8fHx8OTJ4Njl8fHx8fA==.jpg","main":"NGYyY2I2MTVhOWYzNDViMjExY2U4OWIxNmY4Njk4ZjGPQKl95KJtimhQGHHDa7evODcxNTI1LTcwMzcxMTcuanBnfHx8fHx8fHx8fHw0MDB4MzAw.jpg","large":"OTgzZTc5ZTQxYTI5Mzk5MmM4OGI3Mjc5MWQ2ZTMwOTHrWidPUKtzMEr3hhykmEmRODcxNTI1LTcwMzcxMTcuanBnfHx8fHx8fHx8fHw2NDB4NDgw.jpg"}]}},{"ad_id":"811800","reg_year":"2002","make":"Mazda","model":"Mazda6","variant":"2.0 Sedan Exclusive","mileage":"102000","engine_size":"2.0","fuel_type":"Petrol","body_type":"Saloon","colour":"ff0000","location":"Cork","price":"\u20ac 2,000","images":{"base_url":"http:\/\/i0.carsie.ie\/","image_list":[{"thumb":"ZTNjYzZhM2E1M2E1YjRiOGE2ZGQ0MjkyYmRiYTU3NzBxpoRhAqXKDF67G7sIHmx_ODExODAwLTYzNTAzNDAuanBnfHx8fHx8OTJ4Njl8fHx8fA==.jpg","main":"OWU1NzkyZmVlOGY1ODJjNzk1OTMxYzJjYzVjMDc4ZjfmO-6I6WX5SOf7GLOMy_iiODExODAwLTYzNTAzNDAuanBnfHx8fHx8fHx8fHw0MDB4MzAw.jpg","large":"YzMzNzAyMThmZDlhMzFjMzc5YTk2NmI5Mjc1OTkxYzF09dJanGASovADrH0FjSDNODExODAwLTYzNTAzNDAuanBnfHx8fHx8fHx8fHw2NDB4NDgw.jpg"}]}},{"ad_id":"858323","reg_year":"1992","make":"Mazda","model":"MX-5","variant":"AUTOMATIC","mileage":"100000","engine_size":"1.6","fuel_type":"Petrol","body_type":"Cabriolet \/ Convertible","colour":"0000c0","location":"Dublin","price":"\u20ac 2,000","images":{"base_url":"http:\/\/i0.carsie.ie\/","image_list":[{"thumb":"YWJiYTYyNDRlMGIyNzFlMTQxOWJlMTcyYTIyMDBiNTbcxf-uXJQveNg9Lx3ylgeVODU4MzIzLTY4OTA3ODQuanBnfHx8fHx8OTJ4Njl8fHx8fA==.jpg","main":"Yjc3Y2IwY2Q5ZmNmMzUzNDZkODMyZDE5Y2Y3Y2Y2N2OqMGH4Lir6bFMfNZqXbdwAODU4MzIzLTY4OTA3ODQuanBnfHx8fHx8fHx8fHw0MDB4MzAw.jpg","large":"YzYyZGEyNzZlNjcyYzViNjQ2ODkzNzU4ZWZjNzE3YTVR1Agq-oViVKu9Vi6gK-mUODU4MzIzLTY4OTA3ODQuanBnfHx8fHx8fHx8fHw2NDB4NDgw.jpg"}]}},{"ad_id":"691599","reg_year":"1997","make":"Mercedes-Benz","model":"230","variant":"E","mileage":"85000","engine_size":"2.3","fuel_type":"Petrol","body_type":"Saloon","colour":"008000","location":"Meath","price":"\u20ac 2,000","images":{"base_url":"http:\/\/i0.carsie.ie\/","image_list":[{"thumb":"MDgzNjUyN2FiNDg0MzgzMDk2OWU5YmJlZWJmNGU3NTTXs4h24X6kuPt0NnyZKo8-NjkxNTk5LTU3MjkzOTQuanBnfHx8fHx8OTJ4Njl8fHx8fA==.jpg","main":"NDA2MTc4NjdmZjU2MDg2YjE1ODM3ODhhZmMzMmRmZTmQz4AQHeJf-kQwC7jk0KJtNjkxNTk5LTU3MjkzOTQuanBnfHx8fHx8fHx8fHw0MDB4MzAw.jpg","large":"NWI1OGIyZTlmYzA5NzA5MDc1MjgyN2YwZTMyYTdmOTF80IA60XLZpsTrYKyvieBYNjkxNTk5LTU3MjkzOTQuanBnfHx8fHx8fHx8fHw2NDB4NDgw.jpg"}]}},{"ad_id":"741601","reg_year":"2003","make":"Mitsubishi","model":"Carisma","variant":"CLASSIC","mileage":"115810","engine_size":"1.6","fuel_type":"Petrol","body_type":"Saloon","colour":"0000c0","location":"Galway","price":"\u20ac 2,000","images":{"base_url":"http:\/\/i0.carsie.ie\/","image_list":[{"thumb":"MjE4MGQwNGY0NTI0MGY3MGNjNTM1YmZmNTg5MzkyMmTwipSx83xu_3WkSfzWOxXvNzQxNjAxLTU0NjgyNDUuanBnfHx8fHx8OTJ4Njl8fHx8fA==.jpg","main":"M2ViNWE4Yjc4MjY2M2U2MjVjNDUyNmZlMjNmYjY3NDnEq5mqcxOmzQlJ7LWZTmJQNzQxNjAxLTU0NjgyNDUuanBnfHx8fHx8fHx8fHw0MDB4MzAw.jpg","large":"NTBmYzI0NWQzZDI0ZTdhNzQzMDJkY2M1MzYyMjJkYzAwacxZ03yIYQTP7iXh55d4NzQxNjAxLTU0NjgyNDUuanBnfHx8fHx8fHx8fHw2NDB4NDgw.jpg"}]}},{"ad_id":"888399","reg_year":"2004","make":"Mitsubishi","model":"Lancer","variant":"1.6 Sport ES","mileage":"79800","engine_size":"1.6","fuel_type":"Petrol","body_type":"Estate","colour":"ff0000","location":"Louth","price":"\u20ac 2,000","images":{"base_url":"http:\/\/i0.carsie.ie\/","image_list":[{"thumb":"ZWVmNTUxMTY1ZjYxNjI3NmQwYjJkOWIxMjg0M2NiZjUVdtPBRfxy2XQvN4FD-Y_1ODg4Mzk5LTcyMzcyMzcuanBnfHx8fHx8OTJ4Njl8fHx8fA==.jpg","main":"YzBlZWI5OTlhZmJhNDc3NGU2MmQ0ZTJlNWQ5Y2Q4MGOmWNop1zuSYZjtyuLJ1xhLODg4Mzk5LTcyMzcyMzcuanBnfHx8fHx8fHx8fHw0MDB4MzAw.jpg","large":"NmNiZTJhZGYxYWE5MzM2OWE0ZTU3YjQ1NTM1NjA3ZTP4YDCWAyXgk_uzYXE36Jw2ODg4Mzk5LTcyMzcyMzcuanBnfHx8fHx8fHx8fHw2NDB4NDgw.jpg"}]}},{"ad_id":"872493","reg_year":"2000","make":"Mitsubishi","model":"Pajero","variant":null,"mileage":"97044","engine_size":"1.8","fuel_type":"Petrol","body_type":null,"colour":"e0e0e0","location":"Galway","price":"\u20ac 2,000","images":{"base_url":"http:\/\/i0.carsie.ie\/","image_list":[{"thumb":"NTE4MWUzZDgwYjMzMDJiNTI4ZjA4NGU2NmVjYWQ5MDfCB_CudQETSQjdVgNQWy_kODcyNDkzLTcwNDk4NzYuanBnfHx8fHx8OTJ4Njl8fHx8fA==.jpg","main":"MDFiZjQxMjc0MWEwYTVkOTg1MGI2MjBiNzk0NWQ4NGN0FXrcADbFJEpLCPN8GaCHODcyNDkzLTcwNDk4NzYuanBnfHx8fHx8fHx8fHw0MDB4MzAw.jpg","large":"MjI1NGZjNjRkZDE1YjljNzk5ZDMxZDYxNjYxNGY5NjKBzECIlZ4PuwRUqovpCGcUODcyNDkzLTcwNDk4NzYuanBnfHx8fHx8fHx8fHw2NDB4NDgw.jpg"}]}},{"ad_id":"839823","reg_year":"2000","make":"Mitsubishi","model":"Pajero","variant":"Sport 2.5 D","mileage":"194061","engine_size":"2.5","fuel_type":"Diesel","body_type":"SUV","colour":null,"location":"Kildare","price":"\u20ac 2,000","images":{"base_url":"http:\/\/i0.carsie.ie\/","image_list":[{"thumb":"ODI5YTM0MGRmZTQ2ZWRmYTlkNzRjNzBlMmI0OGIzZTPUAOURKaMYUc_ghQOgK355ODM5ODIzLTY2ODQwMjUuanBnfHx8fHx8OTJ4Njl8fHx8fA==.jpg","main":"NzQ1NGE4MWUwMWIyZGY1ZWFjNzY2MmQ0NmUzMzNlOWF7bmKnMdVvARXoClQ_udzPODM5ODIzLTY2ODQwMjUuanBnfHx8fHx8fHx8fHw0MDB4MzAw.jpg","large":"NDU2Yzk5MTYwMjM2MTFiNjkyZDMzMTBhNDlmYjJiZGXk_9qRnhEtLUZ5djKkq-MHODM5ODIzLTY2ODQwMjUuanBnfHx8fHx8fHx8fHw2NDB4NDgw.jpg"}]}},{"ad_id":"881226","reg_year":"2003","make":"Nissan","model":"Almera","variant":"1.5 3DR Tekna VAN","mileage":"116000","engine_size":"1.5","fuel_type":"Petrol","body_type":"Van","colour":"e0e0e0","location":"Kerry","price":"\u20ac 2,000","images":{"base_url":"http:\/\/i0.carsie.ie\/","image_list":[{"thumb":"MGJkZjBkNmQ3ZWZkYmVkNjYwZTY0MjA5Y2RmNzk3OTPg34iFQbXOb91jUH2M0GprODgxMjI2LTcxNDkxMDAuanBnfHx8fHx8OTJ4Njl8fHx8fA==.jpg","main":"ZDE0ODdjNmQ1YTNkYjcyZDMzNTlmNzMwNDJmYThhMDFwILseXF8YwkFKwEvC9LrpODgxMjI2LTcxNDkxMDAuanBnfHx8fHx8fHx8fHw0MDB4MzAw.jpg","large":"ZThhYTEwMTgzOTBmZTkwZTVjM2NjMWM5MGY1MDBkYTDoNnAHuuN4hqd1smE0GdfzODgxMjI2LTcxNDkxMDAuanBnfHx8fHx8fHx8fHw2NDB4NDgw.jpg"}]}},{"ad_id":"819472","reg_year":"2001","make":"Nissan","model":"Almera","variant":"1.5 5DR","mileage":"79827","engine_size":"1.5","fuel_type":"Petrol","body_type":"Hatchback","colour":"ff0000","location":"Sligo","price":"\u20ac 2,000","images":{"base_url":"http:\/\/i0.carsie.ie\/","image_list":[{"thumb":"YjZiYTI4OTYyNmY5ZGUzMTg1YzBlM2FiZmVhYTBiMzMD4RjsmKLZVNMh9rqlSzqKODE5NDcyLTY0NDYyNzkuanBnfHx8fHx8OTJ4Njl8fHx8fA==.jpg","main":"OWE0OGU2ZjYyY2E2NTgyZWEyNDA2YWYwZDMzNGU2NzknJlWJue-ClcihuxxRXJKhODE5NDcyLTY0NDYyNzkuanBnfHx8fHx8fHx8fHw0MDB4MzAw.jpg","large":"NWI1M2M4NjhkZmFkZGQyMDUyNjY5OTJjNmY3NWRiYjc1aiOyCkLt4VRLpEkx2QgAODE5NDcyLTY0NDYyNzkuanBnfHx8fHx8fHx8fHw2NDB4NDgw.jpg"}]}}]}