{"total":"23408","result":[{"ad_id":"866744","reg_year":"2004","make":"Renault","model":"Scenic","variant":"Scenic 1.4 Dyna","mileage":"109000","engine_size":"1.4","fuel_type":"Petrol","body_type":"Hatchback","colour":"ff0000","location":"Galway","price":"\u20ac 3,750","images":{"base_url":"http:\/\/i0.carsie.ie\/","image_list":[{"thumb":"ZjEyMTQwNzRhYjE3NjQyODc3ZDMzNDE3YzJmYTNiMTRwGuwGSJ-Os6OdmX8crpSvODY2NzQ0LS5qcGd8fHx8fHw5Mng2OXx8fHx8.jpg","main":"OWE3ZDliYjk2OTA5NzQ5ZGNiNTZjMzVhM2RmMWQyMjZ16tmU0OAeA5_Rntv5ZrXDODY2NzQ0LS5qcGd8fHx8fHx8fHx8fDQwMHgzMDA=.jpg","large":"ZGIwNjUyYmQ3Yjk4N2U2NjM2MGFkNjdiODhlMjNhMGbQE4Uz24gzuQaIHX0O3NA9ODY2NzQ0LS5qcGd8fHx8fHx8fHx8fDY0MHg0ODA=.jpg"}]}},{"ad_id":"836570","reg_year":"1992","make":"Rover","model":"Mini","variant":"","mileage":"38000","engine_size":"1.3","fuel_type":"Petrol","body_type":"Hatchback","colour":"008000","location":"Dublin","price":"\u20ac 3,750","images":{"base_url":"http:\/\/i0.carsie.ie\/","image_list":[{"thumb":"MmIzNGIwYmNkZjFmYzM3ZjY4OTlhNGRmNjU0NmI4NGO3_t9zEtjK55zLX3YHqOV2ODM2NTcwLTY2NDg2MjAuanBnfHx8fHx8OTJ4Njl8fHx8fA==.jpg","main":"MWVlZGI3YzM1ZmJlYjI3ZDZiZWM0MjQxMTA0NjhmZjRwM6rT_vwLmFYbvFxC_DtDODM2NTcwLTY2NDg2MjAuanBnfHx8fHx8fHx8fHw0MDB4MzAw.jpg","large":"ZWM5MDIyN2UwMjNhYmZjYTkyMWFiNDE1NGE3N2YyZmORuxf-30PVrak_KBcASRkTODM2NTcwLTY2NDg2MjAuanBnfHx8fHx8fHx8fHw2NDB4NDgw.jpg"}]}},{"ad_id":"818016","reg_year":"2004","make":"Saab","model":"9-3","variant":"1.8T Linear MY05 4DR","mileage":"68974","engine_size":"2.0","fuel_type":"Petrol","body_type":"Saloon","colour":"000000","location":"Dublin","price":"\u20ac 3,750","images":{"base_url":"http:\/\/i0.carsie.ie\/","image_list":[{"thumb":"NTBiODhhYTBiNGNjMGRmMTRlNWE1ZmMzOGQzYWE1YTSwesFkKUPgzlaoHFbrXtRNODE4MDE2LTY0MzIyMzEuanBnfHx8fHx8OTJ4Njl8fHx8fA==.jpg","main":"NGEyMGRiYzM4NzBlODVjNjM1M2EyZGNkMmMyZDBiZmQRB5AYh9qizV6fY6TrD4a-ODE4MDE2LTY0MzIyMzEuanBnfHx8fHx8fHx8fHw0MDB4MzAw.jpg","large":"MDlmY2VmNDNmNGQzNzc3MWJiZWM0YWQzYmIzZTRjNWTS6zBlZtG-iPVeFMdFXP8xODE4MDE2LTY0MzIyMzEuanBnfHx8fHx8fHx8fHw2NDB4NDgw.jpg"}]}},{"ad_id":"895972","reg_year":"2002","make":"Saab","model":"9-5","variant":"Vector 2.0 Vector","mileage":"133203","engine_size":"2.0","fuel_type":"Petrol","body_type":"Saloon","colour":"e0e0e0","location":"Dublin","price":"\u20ac 3,750","images":{"base_url":"http:\/\/i0.carsie.ie\/","image_list":[{"thumb":"YzkxZTUxMTI5ODIzNmQ5YWUzNTU2OWIwY2I3ZjEwOWXl_aL0bNKKw7hOk8ntFvnPODk1OTcyLTczMjg1NzYuanBnfHx8fHx8OTJ4Njl8fHx8fA==.jpg","main":"ZDk0MGU3ZGVlYmJlNWMzMWNiMmE5MzlhYjg0ODE4ZDSIBK3Qb6YxGiQztxnootKWODk1OTcyLTczMjg1NzYuanBnfHx8fHx8fHx8fHw0MDB4MzAw.jpg","large":"MzhmM2YyM2MwNzE3YWJjYzlkNmU1MjdlZDIyNmI1ZDdSPQBmReoOYjvLW5pHdi0QODk1OTcyLTczMjg1NzYuanBnfHx8fHx8fHx8fHw2NDB4NDgw.jpg"}]}},{"ad_id":"901573","reg_year":"2005","make":"Seat","model":"Cordoba","variant":"1.2 Stella TAX & NCT ","mileage":"61700","engine_size":"1.2","fuel_type":"Petrol","body_type":"Saloon","colour":"858585","location":"Dublin","price":"\u20ac 3,750","images":{"base_url":"http:\/\/i0.carsie.ie\/","image_list":[{"thumb":"YTc2YjkzMTQzMjhkNDIxM2JmMWMzOGZkYmQ1MjVhNGaIOSJ4DkspYdPO7rArDMWFOTAxNTczLTc0MjE0NDguanBnfHx8fHx8OTJ4Njl8fHx8fA==.jpg","main":"ODdlNGM2ZTZmYzNlNjkxYjUyMTZhNWUyNDZlZGU5ZGM6UOHQRl9n6zG0S10JTht8OTAxNTczLTc0MjE0NDguanBnfHx8fHx8fHx8fHw0MDB4MzAw.jpg","large":"NjM3OTU4ZTk2OGUyYmNjMjA0NzQ2NmM0OTg4MjllM2UVexkAnk2VyLKczn00E_iROTAxNTczLTc0MjE0NDguanBnfHx8fHx8fHx8fHw2NDB4NDgw.jpg"}]}},{"ad_id":"895514","reg_year":"2003","make":"Seat","model":"Cordoba","variant":"1.2 STELLA","mileage":"103125","engine_size":"1.2","fuel_type":"Petrol","body_type":null,"colour":"858585","location":"Kerry","price":"\u20ac 3,750","images":{"base_url":"http:\/\/i0.carsie.ie\/","image_list":[{"thumb":"NTQ5YWQ5YTJmNTAyMjc3OTY5NDY4N2Q0Mzg2MjBkZTL5-Y5Y1_cd3a2rvROpzL8HODk1NTE0LTczNDAwNDAuanBnfHx8fHx8OTJ4Njl8fHx8fA==.jpg","main":"ZjZmMTc0NTVjOTZmYzBlYzBiNjMxMmE5NzI0MDA3ZWR6YGfxf55mwQoNUuJsatKTODk1NTE0LTczNDAwNDAuanBnfHx8fHx8fHx8fHw0MDB4MzAw.jpg","large":"NjIwOTFiZmYyYTMyYjU5NzI1YWExMjkwZWU0YzgzZmG-N8BkaL1cwlUjQRe6UlwPODk1NTE0LTczNDAwNDAuanBnfHx8fHx8fHx8fHw2NDB4NDgw.jpg"}]}},{"ad_id":"870198","reg_year":"2004","make":"Skoda","model":"Fabia","variant":"Comfort 1.2","mileage":"81000","engine_size":"1.2","fuel_type":"Petrol","body_type":"Hatchback","colour":"858585","location":"Cork","price":"\u20ac 3,750","images":{"base_url":"http:\/\/i0.carsie.ie\/","image_list":[{"thumb":"OWE4ZmNhNjdlMmFkMmY1NTViYjYwMGVlMWYyMjAxYmG6AGoBLs5peTsoGFXZNuk2ODcwMTk4LTcwNTE2NTQuanBnfHx8fHx8OTJ4Njl8fHx8fA==.jpg","main":"YjI4OWE3NDJlNWEwNTcyMzdlYTlkZTE4OTY5YzlmNTSFYUgxTqYVbTX3hMXtP3wgODcwMTk4LTcwNTE2NTQuanBnfHx8fHx8fHx8fHw0MDB4MzAw.jpg","large":"NmYzYmVkNGM4N2QyZjFhYzRiZThhZmVlNjViYmU3ZmM4ONJTijsoMfgFtDraMex3ODcwMTk4LTcwNTE2NTQuanBnfHx8fHx8fHx8fHw2NDB4NDgw.jpg"}]}},{"ad_id":"899379","reg_year":"2004","make":"Skoda","model":"Fabia","variant":"Combi 1.2 Comfort","mileage":"112000","engine_size":"1.2","fuel_type":"Petrol","body_type":"SUV","colour":"f0d2a0","location":"Cork","price":"\u20ac 3,750","images":{"base_url":"http:\/\/i0.carsie.ie\/","image_list":[{"thumb":"MGExZGE3NmFlNTNjZmZmMzk0ZGIyZGVkZGQyMWMzYmR3bhO-sLE-2aUGPouk85VsODk5Mzc5LTczNzY5NzUuanBnfHx8fHx8OTJ4Njl8fHx8fA==.jpg","main":"MDFiYTRkNWVhYmNhNzg4MDQwMjg1NGNjNzRjMTFiZWUUBx05SMJX0dSaNr7zyOLmODk5Mzc5LTczNzY5NzUuanBnfHx8fHx8fHx8fHw0MDB4MzAw.jpg","large":"YmQ3Mjk5MWQyOTBlMzhiMTg5Y2I0MTMzMjk3Nzc5Y2EOBqsNlg51QEFJ0XL61YNyODk5Mzc5LTczNzY5NzUuanBnfHx8fHx8fHx8fHw2NDB4NDgw.jpg"}]}},{"ad_id":"652462","reg_year":"2003","make":"Subaru","model":"Impreza","variant":"XI","mileage":"90600","engine_size":"1.6","fuel_type":"Petrol","body_type":"Saloon","colour":"e0e0e0","location":"Dublin","price":"\u20ac 3,750","images":{"base_url":"http:\/\/i0.carsie.ie\/","image_list":[{"thumb":"ZWU2NDZlODJmMGE0NTUwMWIyNWQ3NmZjZTQwZWM2YWMpMTTMVSNgSTwS5IuFqYvANjUyNDYyLTQ5NTkzOTIuanBnfHx8fHx8OTJ4Njl8fHx8fA==.jpg","main":"YjNlZDhmODM1YTY1MzVkNzQ2NDFkOGIxZDdlZDA2NTjCvZ1qkFogsbPJGeAcBXyONjUyNDYyLTQ5NTkzOTIuanBnfHx8fHx8fHx8fHw0MDB4MzAw.jpg","large":"ZWYzMTczY2VhYzkxZWZjNzc1ZjExNzU2ZmI3NzM1NzP4xf2SeH5_2Uk8bjGyF0ByNjUyNDYyLTQ5NTkzOTIuanBnfHx8fHx8fHx8fHw2NDB4NDgw.jpg"}]}},{"ad_id":"818065","reg_year":"2004","make":"Subaru","model":"Impreza","variant":"","mileage":"99000","engine_size":"2.0","fuel_type":"Petrol","body_type":"Hatchback","colour":"e0e0e0","location":"Kerry","price":"\u20ac 3,750","images":{"base_url":"http:\/\/i0.carsie.ie\/","image_list":[{"thumb":"ZTgxZmNlYTNlOTY3NzA2MWM0ZTYxNGE4NDA4ODg2YTSGSlEwbbrQwjPWp9KbvtboODE4MDY1LTY0MzA2OTUuanBnfHx8fHx8OTJ4Njl8fHx8fA==.jpg","main":"ZWM5NDc4NTBjNDI4ZGEzZTA2NzBiMDIzNzE0NjQwMmGJM7k-pacOhjhOHwwupMZwODE4MDY1LTY0MzA2OTUuanBnfHx8fHx8fHx8fHw0MDB4MzAw.jpg","large":"NmUyNmJkZjM2ZDNlY2RhODQwYTMyOGJiNmZkZDc2NjTh9XCcy-IQwKLO7iFJ9vjhODE4MDY1LTY0MzA2OTUuanBnfHx8fHx8fHx8fHw2NDB4NDgw.jpg"}]}},{"ad_id":"900894","reg_year":"1998","make":"Subaru","model":"Impreza","variant":"Turbo GT555","mileage":"117000","engine_size":"2.0","fuel_type":"Petrol","body_type":"Saloon","colour":"0000c0","location":"Kerry","price":"\u20ac 3,750","images":{"base_url":"http:\/\/i0.carsie.ie\/","image_list":[{"thumb":"M2Y5NzMxYzRiZmRhMTI1NzIzMjIyYjg0ZDUzZmUzOGas8rORbJ9hRR4tDIt_h4oTOTAwODk0LTc0MDk4ODguanBnfHx8fHx8OTJ4Njl8fHx8fA==.jpg","main":"NWRlNzUyZDExMTk3OGNhNTFlZDkxZDg3MjUwNzc4Y2VJQ7Rknp0iLDp8gvZLX9xFOTAwODk0LTc0MDk4ODguanBnfHx8fHx8fHx8fHw0MDB4MzAw.jpg","large":"YTIyYWM0YmI2Mzg5YTU1Yjk1ZGY1ODc5ZjUxMGU1ODTBkKIkNBvTMHfK7_ZXUSWqOTAwODk0LTc0MDk4ODguanBnfHx8fHx8fHx8fHw2NDB4NDgw.jpg"}]}},{"ad_id":"893858","reg_year":"2002","make":"Suzuki","model":"Vitara","variant":"Grand Vitara 2.0 D","mileage":"136000","engine_size":"2.0","fuel_type":"Diesel","body_type":"Estate","colour":"e0e0e0","location":"Cork","price":"\u20ac 3,750","images":{"base_url":"http:\/\/i0.carsie.ie\/","image_list":[{"thumb":"ZmE5OWNhMGQ0YzJlYzBhNzBjM2FjNjg3Mjk1OWJlNTHVLF970os7tfzqm5tEitQvODkzODU4LS5qcGd8fHx8fHw5Mng2OXx8fHx8.jpg","main":"ZDg5M2YyNzcwNjUzNmEyMWM3NDdiNTU3NzQxMWRjOWUJkZyzqqApYHSl53zKkAAtODkzODU4LS5qcGd8fHx8fHx8fHx8fDQwMHgzMDA=.jpg","large":"YzRkNzc3MDNlY2ZiMDU2MzYyNGJmZGIxNjljMTIwYTZFaocEOnvDov9b9sn2q7RpODkzODU4LS5qcGd8fHx8fHx8fHx8fDY0MHg0ODA=.jpg"}]}},{"ad_id":"896449","reg_year":"2003","make":"Toyota","model":"Avensis","variant":"Aura 4DR","mileage":"110000","engine_size":"1.6","fuel_type":"Petrol","body_type":"Saloon","colour":"e0e0e0","location":"Dublin","price":"\u20ac 3,750","images":{"base_url":"http:\/\/i0.carsie.ie\/","image_list":[{"thumb":"NGU0MjI5OTNkOWNhOGU1ODA3MjE1NjI5OTFkN2I4ZDFQ-MH8otr01nY9yAL5tt2tODk2NDQ5LTczNTU3MDcuanBnfHx8fHx8OTJ4Njl8fHx8fA==.jpg","main":"YWExZmNmOGI4YzY0MDY0MDFmNTg0OTYyNjFjMzI3YTMPqI-QVhMb1B_BK7_bgM22ODk2NDQ5LTczNTU3MDcuanBnfHx8fHx8fHx8fHw0MDB4MzAw.jpg","large":"MGMwZmE5N2M3ZTU3Mjk5OWNmZTYzYTQyYzBiZWUzYWOPx4ngnrMV6FJb_1UBDKLlODk2NDQ5LTczNTU3MDcuanBnfHx8fHx8fHx8fHw2NDB4NDgw.jpg"}]}},{"ad_id":"886696","reg_year":"2003","make":"Toyota","model":"Avensis","variant":"avensis strata","mileage":"87000","engine_size":"1.6","fuel_type":"Petrol","body_type":"Saloon","colour":"000000","location":"Kerry","price":"\u20ac 3,750","images":{"base_url":"http:\/\/i0.carsie.ie\/","image_list":[{"thumb":"NjNlYjQ2Yzk1MDUxZmNkMzhjNzI1OTAxNGY3MjU0OTRKBcD9EXg9b50MqIPG0v8YODg2Njk2LTcyMzEzNTQuanBnfHx8fHx8OTJ4Njl8fHx8fA==.jpg","main":"NDA5Yjg4YWE0MjIyZmViNjc2MDUyZjg2MjljNDFiMTXmV0OAFXwGeuJABq3DQUPjODg2Njk2LTcyMzEzNTQuanBnfHx8fHx8fHx8fHw0MDB4MzAw.jpg","large":"M2MxNmM2NTZjNDFjYmE5ZGUwOGJkMGE1NDc2OWU2YjdJlISOBBjVbQJ4ZspX7Kb1ODg2Njk2LTcyMzEzNTQuanBnfHx8fHx8fHx8fHw2NDB4NDgw.jpg"}]}},{"ad_id":"862056","reg_year":"2004","make":"Toyota","model":"Avensis","variant":"D4D 2.0 T2 05DR","mileage":"105000","engine_size":"2.0","fuel_type":"Diesel","body_type":"Hatchback","colour":"f0d2a0","location":"Mayo","price":"\u20ac 3,750","images":{"base_url":"http:\/\/i0.carsie.ie\/","image_list":[{"thumb":"NjcwMWEzN2M2MDA5ODAxMDZkNjY5NDYyOGJhNDdjNjQxrzWW7seJmCN2W9aIZ_YdODYyMDU2LTczNzk5MzIuanBnfHx8fHx8OTJ4Njl8fHx8fA==.jpg","main":"Y2JlMThlYzVhZWIzMzJmNDg3ZjNlYzc4YzNlYzdkZDVvI09OWgoOPxZa_4fonegjODYyMDU2LTczNzk5MzIuanBnfHx8fHx8fHx8fHw0MDB4MzAw.jpg","large":"MTc5OTdkYzJhMzBhNDVhODdiYWI1NGViMmExOTQ3NTk1sjcsNq9i5xNl1o_EV6EZODYyMDU2LTczNzk5MzIuanBnfHx8fHx8fHx8fHw2NDB4NDgw.jpg"}]}},{"ad_id":"881124","reg_year":"2003","make":"Toyota","model":"Avensis","variant":"avensis aura","mileage":"130029","engine_size":"1.6","fuel_type":"Petrol","body_type":"Saloon","colour":"e0e0e0","location":"Tipperary","price":"\u20ac 3,750","images":{"base_url":"http:\/\/i0.carsie.ie\/","image_list":[{"thumb":"Y2ZkNDcyY2IwNTg5N2Y0N2E4NDQ4NmE0NDc4YzFjNWbz-iYeXwmRa6ZYFK8PHa_rODgxMTI0LTcxNDgzMDguanBnfHx8fHx8OTJ4Njl8fHx8fA==.jpg","main":"MTU0MjZlNDRmZDI0ZGY0NTdhOTBkODU2ZGJlN2U1MmMfwg7BA_l1Ye9_C1Dwnf2QODgxMTI0LTcxNDgzMDguanBnfHx8fHx8fHx8fHw0MDB4MzAw.jpg","large":"MTU2NzIxNTY3MmE1MTE5MWU3ZWNiNTQyMjE5MDlhMGQ2hvQMzIpfvi5XsIH3oGzSODgxMTI0LTcxNDgzMDguanBnfHx8fHx8fHx8fHw2NDB4NDgw.jpg"}]}},{"ad_id":"899564","reg_year":"2003","make":"Toyota","model":"Avensis","variant":"Aura 4DR","mileage":"110000","engine_size":"1.6","fuel_type":"Petrol","body_type":"Saloon","colour":"000000","location":"Tipperary","price":"\u20ac 3,750","images":{"base_url":"http:\/\/i0.carsie.ie\/","image_list":[{"thumb":"M2I1MTU2NDlkYjViNmJhZGUyNmViOGI2NzBkY2JhMzE2fgaVPEZSu0j8x5TWMBKxODk5NTY0LTczODAzMzkuanBnfHx8fHx8OTJ4Njl8fHx8fA==.jpg","main":"YzYzOWQ0NjNkYTkwMjEwOTMwMzlkYzM3OGQyYjUyOWLN8UzsHFatjDSpsvJvZFTZODk5NTY0LTczODAzMzkuanBnfHx8fHx8fHx8fHw0MDB4MzAw.jpg","large":"MzdkZWM2MGNiNWEzMDVhN2ExMzA4ZGYwMTY2MGEyYmKVsAsLHTuczuvk6Or0WJr0ODk5NTY0LTczODAzMzkuanBnfHx8fHx8fHx8fHw2NDB4NDgw.jpg"}]}},{"ad_id":"901668","reg_year":"2003","make":"Toyota","model":"Corolla","variant":"T2 Vvt-i","mileage":"100000","engine_size":"1.4","fuel_type":"Petrol","body_type":"Hatchback","colour":"858585","location":"Cavan","price":"\u20ac 3,750","images":{"base_url":"http:\/\/i0.carsie.ie\/","image_list":[{"thumb":"MzY3MjNhZGIzYTllNjlkYzJkNWVmYmJjNDM1MjZmOTA4Kxb4UGXZmFUfJy4DJy6gOTAxNjY4LTc0MjMzMDQuanBnfHx8fHx8OTJ4Njl8fHx8fA==.jpg","main":"ODAxNTA4N2FhMTY2OTUwZDFlNDUxNDkzNTg2ZGYwZjJs8RYl6L6GI9tjJvBEPE0LOTAxNjY4LTc0MjMzMDQuanBnfHx8fHx8fHx8fHw0MDB4MzAw.jpg","large":"ZWUxZTZiNmY0YWUwN2Q4ZTk0Y2UyNTMzYTQxM2I0NTl__TS6YhYaLD52Hg-hF2dMOTAxNjY4LTc0MjMzMDQuanBnfHx8fHx8fHx8fHw2NDB4NDgw.jpg"}]}},{"ad_id":"891857","reg_year":"2005","make":"Toyota","model":"Yaris","variant":"Luna MC 5 Dr NCT 04\/15","mileage":"93000","engine_size":"1.3","fuel_type":"Petrol","body_type":"Hatchback","colour":"000000","location":"Dublin","price":"\u20ac 3,750","images":{"base_url":"http:\/\/i0.carsie.ie\/","image_list":[{"thumb":"OGJkYzA0ZTkxZWM0NDc3MDRlZGY1OTQ5ZjBjOTFhOWVRLeyKKGX4MGk8nVZZq4QhODkxODU3LTcyNjc5NDkuanBnfHx8fHx8OTJ4Njl8fHx8fA==.jpg","main":"NDk4NWVmZDRhMTBiMDQ3OWQ3MjQ1NTRiMTI1ZDM2OWGf9zCuqUxh55vMjzrPO2t7ODkxODU3LTcyNjc5NDkuanBnfHx8fHx8fHx8fHw0MDB4MzAw.jpg","large":"YjZjYjk3NGQ5Y2ZjNGI0NDFiMGM0NGI4YmU4ZjMyMzYaE8gW6E-dA0u_23j6a-h9ODkxODU3LTcyNjc5NDkuanBnfHx8fHx8fHx8fHw2NDB4NDgw.jpg"}]}},{"ad_id":"874417","reg_year":"2004","make":"Vauxhall","model":"Astra","variant":"LS Cdti 16V","mileage":"103234","engine_size":"1.7","fuel_type":"Diesel","body_type":"Hatchback","colour":"e0e0e0","location":"Galway","price":"\u20ac 3,750","images":{"base_url":"http:\/\/i0.carsie.ie\/","image_list":[{"thumb":"NzQ4MzUzZDQyZTNmMzJhNzllNjRlYzY2ZDQ3NjQ3YjXQD0-lWlk04RzQ6diJ75fvODc0NDE3LTcwNzA0NDMuanBnfHx8fHx8OTJ4Njl8fHx8fA==.jpg","main":"ZjI5NDYzOTdhMDZhZTJiZWUzYjg5ZTFjN2ExNzFiYjQGq0JY8dp_xhKdGII5xm1hODc0NDE3LTcwNzA0NDMuanBnfHx8fHx8fHx8fHw0MDB4MzAw.jpg","large":"OGJkODBjYmIxMzA2OGFlMjZhYTc2ZmNlZDdlMWFlOWRts_ME8bnvm8rDYuF96_6BODc0NDE3LTcwNzA0NDMuanBnfHx8fHx8fHx8fHw2NDB4NDgw.jpg"}]}}]}