{"total":"23408","result":[{"ad_id":"879489","reg_year":"2004","make":"Nissan","model":"Micra","variant":"micra visia 05dr","mileage":"96000","engine_size":"1.0","fuel_type":"Petrol","body_type":"Hatchback","colour":"0000c0","location":"Mayo","price":"\u20ac 3,995","images":{"base_url":"http:\/\/i0.carsie.ie\/","image_list":[{"thumb":"OTIyYmFjMmI4Mzc3MWNhZWIwM2JmYzRmMzUxNTYxNzTEwA80IwnHl0D9zDSJLg7lODc5NDg5LTcxNjE5MzcuanBnfHx8fHx8OTJ4Njl8fHx8fA==.jpg","main":"YTg4OGM0NTA1MWE5MzQwZjczZmFlM2ZiMzY4NTlkZTlIONRruT1ePlKZnpm1CKpjODc5NDg5LTcxNjE5MzcuanBnfHx8fHx8fHx8fHw0MDB4MzAw.jpg","large":"ZjkyZTEyYzQ3NTQ5ZWRlODAwZTJjMWIxMWY3NzU4ZmYXX3YC1zF4ZfhBFMRtA8pGODc5NDg5LTcxNjE5MzcuanBnfHx8fHx8fHx8fHw2NDB4NDgw.jpg"}]}},{"ad_id":"802496","reg_year":"2006","make":"Nissan","model":"Note","variant":"1.4 5DR Visia","mileage":"79000","engine_size":"1.4","fuel_type":"Petrol","body_type":"Hatchback","colour":"e0e0e0","location":"Dublin","price":"\u20ac 3,995","images":{"base_url":"http:\/\/i0.carsie.ie\/","image_list":[{"thumb":"YTAwZmYzMWZjMWI3ODgzMjZiMDY2YThjZjY0ZmRjNzAXZmG0aYTx9Dp8TgLMmEMvODAyNDk2LTYyOTk4MjcuanBnfHx8fHx8OTJ4Njl8fHx8fA==.jpg","main":"MjdjMWRhOGQ2NmVlY2RlYzUwNzJmZGEyZmI5OTIwMWECB2mX5A1bMqgaC3PS_wGBODAyNDk2LTYyOTk4MjcuanBnfHx8fHx8fHx8fHw0MDB4MzAw.jpg","large":"NmY3ODJkYjg5YjNmNzhlMDdlYzkzYTkxNDMyNjBmMmNVMbz_0VmYaomIqIqKymZIODAyNDk2LTYyOTk4MjcuanBnfHx8fHx8fHx8fHw2NDB4NDgw.jpg"}]}},{"ad_id":"899980","reg_year":"2006","make":"Nissan","model":"X-Trail","variant":"2.0 2WD 5DR","mileage":"99000","engine_size":"2.0","fuel_type":"Petrol","body_type":"Estate","colour":"e0e0e0","location":"Dublin","price":"\u20ac 3,995","images":{"base_url":"http:\/\/i0.carsie.ie\/","image_list":[{"thumb":"MzA4ODdkNjc4Njg5ZTk3NTg0MTU1NDU0YTc1MTJhZTlzsGg2uDLWV23Jrl6RxXHOODk5OTgwLS5qcGd8fHx8fHw5Mng2OXx8fHx8.jpg","main":"NjlmODIxNDhjYmJiZWExZTFhNGI1NTkzZGVjOTZhYjAdNWMi4vaoriw8MvO-pXNeODk5OTgwLS5qcGd8fHx8fHx8fHx8fDQwMHgzMDA=.jpg","large":"MGIzZWI5NDIyNTA4Y2UxM2JlMGY4NWIwMDEwMGQ4OTU9CVQ6A6elv_eUZhZhHM3wODk5OTgwLS5qcGd8fHx8fHx8fHx8fDY0MHg0ODA=.jpg"}]}},{"ad_id":"895653","reg_year":"2005","make":"Opel","model":"Astra","variant":"Club 1.4I 16V 5DR","mileage":"93000","engine_size":"1.4","fuel_type":"Petrol","body_type":"Hatchback","colour":"008000","location":"Dublin","price":"\u20ac 3,995","images":{"base_url":"http:\/\/i0.carsie.ie\/","image_list":[{"thumb":"MjJiMzFjNzZmMmExOTk3MTQyNTRlMmEyY2EzN2M3ODmkOKOZ02lVTnZUn-GhvFA0ODk1NjUzLTczNzU0MTcuanBnfHx8fHx8OTJ4Njl8fHx8fA==.jpg","main":"NjA4MjQwMmY1Yjg5YWUxMjFjNTZlYzMzNzNiNTI0ZDMe9NzNzodEWTNzBJH8aEvHODk1NjUzLTczNzU0MTcuanBnfHx8fHx8fHx8fHw0MDB4MzAw.jpg","large":"MGQxMmI5YTVkMjllZjljZWZiMDU2ZTcxZTE3YTg3Njc5AF_c2bzY8LQUaQ1Ixd4uODk1NjUzLTczNzU0MTcuanBnfHx8fHx8fHx8fHw2NDB4NDgw.jpg"}]}},{"ad_id":"892272","reg_year":"2005","make":"Opel","model":"Corsa","variant":"Njoy Z1.0 XEP 5DR","mileage":"47846","engine_size":"1.0","fuel_type":"Petrol","body_type":"Hatchback","colour":"e0e0e0","location":"Dublin","price":"\u20ac 3,995","images":{"base_url":"http:\/\/i0.carsie.ie\/","image_list":[{"thumb":"YjM0YzE2MjEzNDcxOGE2MDZjYjY1YjkyMzdhNWIzNmRnJWi0cZeVby4d3bcDOkmFODkyMjcyLTcyNzEwNDIuanBnfHx8fHx8OTJ4Njl8fHx8fA==.jpg","main":"ODAxYWUxN2YxN2MwMDIzMDIyOTBmZmE3YWM5NWE5YjG2G3eL83t5ImDAlI1s3AMEODkyMjcyLTcyNzEwNDIuanBnfHx8fHx8fHx8fHw0MDB4MzAw.jpg","large":"NWE4MGJkZGM4OTNiNWRlZTVkYTM2NjU5NDU0MzY5MDJi006PPRaWmFzOIaNII8KkODkyMjcyLTcyNzEwNDIuanBnfHx8fHx8fHx8fHw2NDB4NDgw.jpg"}]}},{"ad_id":"860666","reg_year":"2005","make":"Opel","model":"Corsa","variant":"Njoy 1.2I 16V","mileage":"80159","engine_size":"1.2","fuel_type":"Petrol","body_type":"Hatchback","colour":"000000","location":"Tipperary","price":"\u20ac 3,995","images":{"base_url":"http:\/\/i0.carsie.ie\/","image_list":[{"thumb":"NDA2NDA3MzZhN2U1MjM2ODNhMTI4MmM3YTc5YTFiZjkA5YiMwAKsHTZJAGrDI2YFODYwNjY2LTY5MDk4ODguanBnfHx8fHx8OTJ4Njl8fHx8fA==.jpg","main":"MjEyZjM3NWI1YjdjZDE1MDI3MGMwZmE4MWFmMGJiYWWpX_dU9v9EDRfcQcBucLw5ODYwNjY2LTY5MDk4ODguanBnfHx8fHx8fHx8fHw0MDB4MzAw.jpg","large":"NjVkOWEyY2UwYmJhOWEzY2Q5MjEyM2FmNzA0Y2VkMGawnpWi19kafnUhisruO4q-ODYwNjY2LTY5MDk4ODguanBnfHx8fHx8fHx8fHw2NDB4NDgw.jpg"}]}},{"ad_id":"898645","reg_year":"2005","make":"Opel","model":"Vectra","variant":"Life 1.6I 16V 4DR","mileage":"76913","engine_size":"1.6","fuel_type":"Petrol","body_type":"Saloon","colour":"e0e0e0","location":"Dublin","price":"\u20ac 3,995","images":{"base_url":"http:\/\/i0.carsie.ie\/","image_list":[{"thumb":"YzNmZjEyZjdiZDlhODc0N2QzY2RiMmQ0ZDg1MTgzM2FmXQPvGqigBIulK5sbwbW7ODk4NjQ1LTczNjcwNTguanBnfHx8fHx8OTJ4Njl8fHx8fA==.jpg","main":"OTc0NjNhYmUxYzAwMTUxOWU1MzlhMTRjOTI1NGMyNjCQWa_R50Iwl5JqMqhwLX2XODk4NjQ1LTczNjcwNTguanBnfHx8fHx8fHx8fHw0MDB4MzAw.jpg","large":"NGZjMDJjNjNlMDQyM2M1MmQ4ZDMzZmRkNjY2NjY0YWOORxG9Kpxf2GEYFN0eFDAhODk4NjQ1LTczNjcwNTguanBnfHx8fHx8fHx8fHw2NDB4NDgw.jpg"}]}},{"ad_id":"837127","reg_year":"2003","make":"Opel","model":"Zafira","variant":"Comfort 5DR","mileage":"80000","engine_size":"1.8","fuel_type":"Petrol","body_type":"Hatchback","colour":"e0e0e0","location":"Dublin","price":"\u20ac 3,995","images":{"base_url":"http:\/\/i0.carsie.ie\/","image_list":[{"thumb":"MTkxNzRjNDBiOTY5OGViNTJmNWY0NzJkN2I4ZGM0ODEzbR6DHPzA0WA_utrenjatODM3MTI3LTY2NTUzODguanBnfHx8fHx8OTJ4Njl8fHx8fA==.jpg","main":"NGRjZGEwZDc1ZTlmNTM1ODMxODc5ZWI2OWYwZDU3OTcQy446MO2zWpqVbzjbhb3WODM3MTI3LTY2NTUzODguanBnfHx8fHx8fHx8fHw0MDB4MzAw.jpg","large":"ZDE4ZTIxZjYwNDU4YzIyOGY1MDVjN2E2YzM4ZGIxNTX6Y2gHnydLD9MlcJmnXg3EODM3MTI3LTY2NTUzODguanBnfHx8fHx8fHx8fHw2NDB4NDgw.jpg"}]}},{"ad_id":"901233","reg_year":"2007","make":"Peugeot","model":"207","variant":"S 1.4 5 DR 8V 5DR","mileage":"96000","engine_size":"1.4","fuel_type":"Petrol","body_type":"Hatchback","colour":"0000c0","location":"Galway","price":"\u20ac 3,995","images":{"base_url":"http:\/\/i0.carsie.ie\/","image_list":[{"thumb":"ZGYzNWJkM2M5YzM0NjRlZWIyYTAwNjFkMGUwOTM2ZDIjwmBRmcatf68pqhei3fMYOTAxMjMzLTc0MTc2MDYuanBnfHx8fHx8OTJ4Njl8fHx8fA==.jpg","main":"MGE2MDkzZmJhNDIxNzdlYTI4ZTM3OTkxYzRkZWNhMjM7FYvyjHx9YTDSNsH1Uzb1OTAxMjMzLTc0MTc2MDYuanBnfHx8fHx8fHx8fHw0MDB4MzAw.jpg","large":"NWJhYzJhYTg5MTY0OTRmMjhmMTFiYmI0YTQ1OWNhZTKoARYWDturhXRBo5I1jZIcOTAxMjMzLTc0MTc2MDYuanBnfHx8fHx8fHx8fHw2NDB4NDgw.jpg"}]}},{"ad_id":"815169","reg_year":"2003","make":"Peugeot","model":"607","variant":"Diesel 2.2 Hdi DIAMOND","mileage":"139597","engine_size":"2.2","fuel_type":"Diesel","body_type":"Saloon","colour":"0000c0","location":"Cork","price":"\u20ac 3,995","images":{"base_url":"http:\/\/i0.carsie.ie\/","image_list":[{"thumb":"MDA3YTE0NGYzZjkyNGVjMTk1ZDI0YWVjNjRjMjZkMzayLMSK1J3LusK8dJiygHMGODE1MTY5LTYzOTEzNTUuanBnfHx8fHx8OTJ4Njl8fHx8fA==.jpg","main":"MmQ1ZGZmNGI4MzkzN2ZhMDI1MWQ4ZWRkNmVjYzNkYWYk1QJOCGaD3MIF4Ol1PxzdODE1MTY5LTYzOTEzNTUuanBnfHx8fHx8fHx8fHw0MDB4MzAw.jpg","large":"MDYzODg4MjBjZWYwOWIyMmRiNmM4MDg0NGNlMzg4YTYKO3CiHcFfnt2xyRtBNeXfODE1MTY5LTYzOTEzNTUuanBnfHx8fHx8fHx8fHw2NDB4NDgw.jpg"}]}},{"ad_id":"590718","reg_year":"1987","make":"Porsche","model":"944","variant":"","mileage":"125886","engine_size":"2.5","fuel_type":"Petrol","body_type":"Coupe","colour":"000000","location":"Dublin","price":"\u20ac 3,995","images":{"base_url":"http:\/\/i0.carsie.ie\/","image_list":[{"thumb":"Yjc1NTg0M2M3ZjNlZDMxYTViZTkzZjY1Yjc1Yjc4MWPZ7N4NjjtFs18n11JOFQIQNTkwNzE4LTM3MjM1OTQuanBnfHx8fHx8OTJ4Njl8fHx8fA==.jpg","main":"YTRhNTc4MTUyZWJiMmU5MmVkZTQzZDBiNGUzZWRiNzEjr3Or-un7sWOg3C1QvAslNTkwNzE4LTM3MjM1OTQuanBnfHx8fHx8fHx8fHw0MDB4MzAw.jpg","large":"ZWYzOWJlYTc3YmY4YzdjMjgzZjFiNGU3ZDlhNGYyMWEx5tXpDpcAi6h6fgea52zmNTkwNzE4LTM3MjM1OTQuanBnfHx8fHx8fHx8fHw2NDB4NDgw.jpg"}]}},{"ad_id":"887439","reg_year":"2004","make":"Renault","model":"Clio","variant":"1.2 16V Extreme 2","mileage":"98000","engine_size":"1.1","fuel_type":"Petrol","body_type":"Hatchback","colour":"ff0000","location":"Dublin","price":"\u20ac 3,995","images":{"base_url":"http:\/\/i0.carsie.ie\/","image_list":[{"thumb":"ZDQ2ZTliYWQwNDU3MzA3NWJmZmQ4NTlhYWEwMDVmMTJnUe3mO2MeOkhpQ_fav5R7ODg3NDM5LTcyMjUwMzYuanBnfHx8fHx8OTJ4Njl8fHx8fA==.jpg","main":"NjcyYTQ0ZmIwYWY4YmVkZjJiNmYyOGEyMWIzOTQ1YTEhi4Zwc8XGqYHLRn_dF9rnODg3NDM5LTcyMjUwMzYuanBnfHx8fHx8fHx8fHw0MDB4MzAw.jpg","large":"NmI1NzFhZjAyMGMxM2FmZTM1YzA5ZDk2MjJhNmM5N2GZlEUJNUw8nCKsVHB0h8uIODg3NDM5LTcyMjUwMzYuanBnfHx8fHx8fHx8fHw2NDB4NDgw.jpg"}]}},{"ad_id":"894221","reg_year":"2003","make":"Renault","model":"Espace","variant":"2 2.0T Privilege","mileage":"55924","engine_size":"2.0","fuel_type":"Petrol","body_type":"Hatchback","colour":"e0e0e0","location":"Dublin","price":"\u20ac 3,995","images":{"base_url":"http:\/\/i0.carsie.ie\/","image_list":[{"thumb":"OTg1MjdlODNjNzc5YjkzYmI2YmIxNDY5ODVhODk5MzHPEBVGnc8EaCFtlFUYpXYpODk0MjIxLTczODE2OTguanBnfHx8fHx8OTJ4Njl8fHx8fA==.jpg","main":"ZjQ3OTc0NGQ2OWM4ZjkyNDIzOWI3YTY4NDlhMmU4NGJ-YWzenvIopPGiM-H0ugAxODk0MjIxLTczODE2OTguanBnfHx8fHx8fHx8fHw0MDB4MzAw.jpg","large":"MGNjN2U3NTEzYzdkMGFkZWUzZGY2ZWRhZjU4NDQ2ODQHkMBnThBg5L0NqfSJblx8ODk0MjIxLTczODE2OTguanBnfHx8fHx8fHx8fHw2NDB4NDgw.jpg"}]}},{"ad_id":"901804","reg_year":"2006","make":"Renault","model":"Laguna","variant":"2 1.6 16V DYNAMIQUE SKY \/ Full Renault Service History \/ Immaculate Car \/ Nice Spec.","mileage":"69325","engine_size":"1.6","fuel_type":"Petrol","body_type":"Hatchback","colour":"e0e0e0","location":"Dublin","price":"\u20ac 3,995","images":{"base_url":"http:\/\/i0.carsie.ie\/","image_list":[{"thumb":"NjU1NTYzYTQxYzMyNjUxZjFhMThkMWNiNmM5NTgyZjlWhw0fETUfedvbuUWfjTqDOTAxODA0LTc0MjQ5NjQuanBnfHx8fHx8OTJ4Njl8fHx8fA==.jpg","main":"MDYxYWZlNzRjMTc3NDIyNzE0MDcwMWIxZDE2NzBkY2R6uRCyAgjzwauKZumbjWahOTAxODA0LTc0MjQ5NjQuanBnfHx8fHx8fHx8fHw0MDB4MzAw.jpg","large":"Y2JkNDRlYTgzMmJmNTdiY2EwZWVlZWJhOGIzNWY1OWKXf4AoiySTVmd6eocCXhc-OTAxODA0LTc0MjQ5NjQuanBnfHx8fHx8fHx8fHw2NDB4NDgw.jpg"}]}},{"ad_id":"832766","reg_year":"2004","make":"Renault","model":"Megane","variant":"cabrio","mileage":"68000","engine_size":"1.6","fuel_type":"Petrol","body_type":"Cabriolet \/ Convertible","colour":"e0e0e0","location":"Dublin","price":"\u20ac 3,995","images":{"base_url":"http:\/\/i0.carsie.ie\/","image_list":[{"thumb":"N2E1ZTcxZDk1YTgyZTdkYWVlNTA3NjQ1ZTJkNTIwZWJkWidGJmcrB-yLHpQKXmNkODMyNzY2LTY3MzI5MTAuanBnfHx8fHx8OTJ4Njl8fHx8fA==.jpg","main":"ZjJhOWQxNGIzMWJhNjg4NDM1ZTAxNGJhZjZkMDIxMDCyhSz6GHCU1auCKY0WbjTIODMyNzY2LTY3MzI5MTAuanBnfHx8fHx8fHx8fHw0MDB4MzAw.jpg","large":"MmEzODM5NWUzZDZkMzdmMDUxMjE0YjI4YzIyZWFjYTBCyGAnkrqv3nd8JNCIEsHMODMyNzY2LTY3MzI5MTAuanBnfHx8fHx8fHx8fHw2NDB4NDgw.jpg"}]}},{"ad_id":"837125","reg_year":"2005","make":"Renault","model":"Megane","variant":"Sports 1.4 16V Authentique","mileage":"72702","engine_size":"1.4","fuel_type":"Petrol","body_type":"Saloon","colour":"e0e0e0","location":"Dublin","price":"\u20ac 3,995","images":{"base_url":"http:\/\/i0.carsie.ie\/","image_list":[{"thumb":"NDc2ZDdmYmNkNjVjNWYyY2MyMTU4MWIyNmYyZDA2MmHIaopxAQ7XVBu84fvwdOvtODM3MTI1LTY2NTUzNzIuanBnfHx8fHx8OTJ4Njl8fHx8fA==.jpg","main":"ZmJhYThkZDAxZTY5YjRjNGJlZWZiMWE4ODRjNTVkNzR52ROiBl6vZfInZKCGS35HODM3MTI1LTY2NTUzNzIuanBnfHx8fHx8fHx8fHw0MDB4MzAw.jpg","large":"MTU3ZmJmNzNhOWRmZTEyMzczMzQ2YWI0NDg1MDYxNmEtgXmZE4_SVlRC9EiCUue2ODM3MTI1LTY2NTUzNzIuanBnfHx8fHx8fHx8fHw2NDB4NDgw.jpg"}]}},{"ad_id":"851370","reg_year":"2005","make":"Renault","model":"Megane","variant":"Sports Saloon","mileage":"55000","engine_size":"1.6","fuel_type":"Petrol","body_type":"Saloon","colour":"ff0000","location":"Dublin","price":"\u20ac 3,995","images":{"base_url":"http:\/\/i0.carsie.ie\/","image_list":[{"thumb":"NzY0N2RkYTU2MTQyZjg4NDU3ZWJkNmM5NjA3NGEwZDTxjIfLSglhz1epqxBlfHx_ODUxMzcwLTY4NjQ3NDMuanBnfHx8fHx8OTJ4Njl8fHx8fA==.jpg","main":"MzI3NGVmNTFmOTc4YTMwOTRiNWMxYmM5NjBjMGZmZTHOp77mYHKvw7IciqDcDvXmODUxMzcwLTY4NjQ3NDMuanBnfHx8fHx8fHx8fHw0MDB4MzAw.jpg","large":"OWNkZDc5ZWZiNjU1NjgwMzljNjY2ZDViMDAxOGFlZWO34HSZnh0v4nQsMihrivB4ODUxMzcwLTY4NjQ3NDMuanBnfHx8fHx8fHx8fHw2NDB4NDgw.jpg"}]}},{"ad_id":"872512","reg_year":"2006","make":"Renault","model":"Megane","variant":"SPORT 1.6 DYNAMIQUE SKY 16V \/ IMMACULATE CAR \/ PANORAMIC SUNROOF \/ ALLOYS \/ FULLY SERVICED AND WARRANTED \/ NEW NCT INCLUDED","mileage":"59031","engine_size":"1.6","fuel_type":"Petrol","body_type":"Saloon","colour":"e0e0e0","location":"Dublin","price":"\u20ac 3,995","images":{"base_url":"http:\/\/i0.carsie.ie\/","image_list":[{"thumb":"MDJmNzUzMjJkZDllZTY2NDQ0NDIyOTdiMDgyMjZmZWYhphp2wgocDrf40Yn1qmorODcyNTEyLTcwNDM3MTguanBnfHx8fHx8OTJ4Njl8fHx8fA==.jpg","main":"ZGE0MTFmOTk3ZDdjYzI0MjQ2MzhlMzc3NzY3ZDc3MWYoW_bhYzoDt8U2fadJvhmpODcyNTEyLTcwNDM3MTguanBnfHx8fHx8fHx8fHw0MDB4MzAw.jpg","large":"ZTZlYmMyMjY0NDRkZjBhZTA2MzNkMDcwNmUxOWY1MTAi7QIfdaNZjC5drc1sCAuYODcyNTEyLTcwNDM3MTguanBnfHx8fHx8fHx8fHw2NDB4NDgw.jpg"}]}},{"ad_id":"887713","reg_year":"2004","make":"Renault","model":"Megane","variant":"16V Cabrio Dyna","mileage":"74900","engine_size":"1.6","fuel_type":"Petrol","body_type":"Cabriolet \/ Convertible","colour":"e0e0e0","location":"Dublin","price":"\u20ac 3,995","images":{"base_url":"http:\/\/i0.carsie.ie\/","image_list":[{"thumb":"NDM2NDJhNWI0ODQ3YzMxMmI5ZDY2NzY2YjFjNjg4MTMF6RE1PhBe_GKfQK0SP7WNODg3NzEzLTcyMzMxNzEuanBnfHx8fHx8OTJ4Njl8fHx8fA==.jpg","main":"ZDZiZmY0Y2VlYTk2Zjk0MDAwMWUxZGNmZGY5YjcwNGHcXDVaFNi4pzC_uyf3L0VmODg3NzEzLTcyMzMxNzEuanBnfHx8fHx8fHx8fHw0MDB4MzAw.jpg","large":"NGFmNzBlMjM0YzU3Njk4MDdiODUwZWIyZTJjODc2YzMJXaxK2Pgx4HIFol_APmfLODg3NzEzLTcyMzMxNzEuanBnfHx8fHx8fHx8fHw2NDB4NDgw.jpg"}]}},{"ad_id":"891254","reg_year":"2005","make":"Renault","model":"Megane","variant":"Scenic 16V Dyna","mileage":"62760","engine_size":"1.6","fuel_type":"Petrol","body_type":"Hatchback","colour":"000000","location":"Dublin","price":"\u20ac 3,995","images":{"base_url":"http:\/\/i0.carsie.ie\/","image_list":[{"thumb":"NDI4M2RjNmNhZDg2NzAyZWFjYWFjOTdlNjAwNGI4ZjkILgQpm1J8ZAHZ_-TbaptsODkxMjU0LTczMTExMzguanBnfHx8fHx8OTJ4Njl8fHx8fA==.jpg","main":"MjIyMzRjMzA3YmEzMzM1MzNmZjUyMDEwMzQxMDU5ZWKAGsVe1zQ0IaGW6XdJMoyYODkxMjU0LTczMTExMzguanBnfHx8fHx8fHx8fHw0MDB4MzAw.jpg","large":"YzVjNGZmZjc3NjZlZGViMjZmMWM4NzBjOTg4M2IyYzCyeFOhjpmvYWbz5cl-vMu1ODkxMjU0LTczMTExMzguanBnfHx8fHx8fHx8fHw2NDB4NDgw.jpg"}]}}]}