{"total":"23408","result":[{"ad_id":"890740","reg_year":"2002","make":"Mercedes-Benz","model":"C 200","variant":"AUTO - NCT 01\/14","mileage":"82000","engine_size":"2.0","fuel_type":"Petrol","body_type":"Saloon","colour":"000000","location":"Dublin","price":"\u20ac 4,250","images":{"base_url":"http:\/\/i0.carsie.ie\/","image_list":[{"thumb":"NmUxOWY5NWFiNTExMzM2ZmIyNWY3ZDAwODg0NDc4YmIQcn09RY6S6hr8Kk8wNtNLODkwNzQwLTcyNTg3OTMuanBnfHx8fHx8OTJ4Njl8fHx8fA==.jpg","main":"ZjhlMDg2MDNiYzNlZjdiMWY2MGYwYjYwZDg2Yzk5ZGQmD6-TIPnVPKJN21g_76fvODkwNzQwLTcyNTg3OTMuanBnfHx8fHx8fHx8fHw0MDB4MzAw.jpg","large":"MDQ4NTlhZDJhY2Y1MGU2ZDU0MzQ4ZmM1NmM0MWRkZjSviFI06Bexj84ZdA-DZiATODkwNzQwLTcyNTg3OTMuanBnfHx8fHx8fHx8fHw2NDB4NDgw.jpg"}]}},{"ad_id":"892048","reg_year":"2002","make":"Mercedes-Benz","model":"ML 270","variant":"Auto","mileage":"174545","engine_size":"2.7","fuel_type":"Diesel","body_type":"SUV","colour":"f0d2a0","location":"Dublin","price":"\u20ac 4,250","images":{"base_url":"http:\/\/i0.carsie.ie\/","image_list":[{"thumb":"N2M5MGI2ODM4NWUwMDM3M2Q0N2M0ZGFmNDVjNTU1MjTAoz0lyli9j0DVZ76thrQYODkyMDQ4LTczMjUzNzYuanBnfHx8fHx8OTJ4Njl8fHx8fA==.jpg","main":"ZjgyOGIzZmQ2YzM1NGYxYWUyNTMxNDQ1ZmQ2NzgzNWGBmaVYUDqaOdpHlljXZT8iODkyMDQ4LTczMjUzNzYuanBnfHx8fHx8fHx8fHw0MDB4MzAw.jpg","large":"ZmE4MjNjZWMzODk3ODk5NjNiYjc5NjNmMDk1NDE0ZGb4Wrp_kkt6bJArmFz7ZSbJODkyMDQ4LTczMjUzNzYuanBnfHx8fHx8fHx8fHw2NDB4NDgw.jpg"}]}},{"ad_id":"897450","reg_year":"2004","make":"Mitsubishi","model":"Lancer","variant":"1.6 COMFORT","mileage":"95426","engine_size":"1.6","fuel_type":"Petrol","body_type":null,"colour":"ff0000","location":"Carlow","price":"\u20ac 4,250","images":{"base_url":"http:\/\/i0.carsie.ie\/","image_list":[{"thumb":"MTRhODFmZmViYzVkMTg2YTZkZTEwZDgxYzMwNjIwNDEWdO9-hVRxqu9tS5FtsClzODk3NDUwLTczNTQ3MDQuanBnfHx8fHx8OTJ4Njl8fHx8fA==.jpg","main":"NjlkYjQxMmFiNzNmODkwNzYxNWIyZTk5YTcyZmZiOTSWmluUKpCb2BIrbvKisMbVODk3NDUwLTczNTQ3MDQuanBnfHx8fHx8fHx8fHw0MDB4MzAw.jpg","large":"OWI0ZTUxNjBlMmVmYTE1OWU2N2RlMGQ2NmRmNzhjNzUEeqsHarJXlfnaxVbTYMHCODk3NDUwLTczNTQ3MDQuanBnfHx8fHx8fHx8fHw2NDB4NDgw.jpg"}]}},{"ad_id":"885566","reg_year":"2001","make":"Mitsubishi","model":"Pajero","variant":"Sport 2.5 D","mileage":"140000","engine_size":"2.5","fuel_type":"Diesel","body_type":"SUV","colour":"e0e0e0","location":"Meath","price":"\u20ac 4,250","images":{"base_url":"http:\/\/i0.carsie.ie\/","image_list":[{"thumb":"NjA0OTYyY2M4MzQ2MzQ2MGJjNTk3MWMwZmVhOTlmMTOdBZhlgSN8KAtYLExiacViODg1NTY2LTcyMDcxMzIuanBnfHx8fHx8OTJ4Njl8fHx8fA==.jpg","main":"MjQ1MjUzYzhmZjMxMWFiNjVlMWYyN2Q4MTM0NjkzMmKLnoPtKxNs5JNQYeBqVkEvODg1NTY2LTcyMDcxMzIuanBnfHx8fHx8fHx8fHw0MDB4MzAw.jpg","large":"MmE5MDM4NDlmNzJmZDQ1YzRjZjY0NDYzMjE5YTkxYzQRSNdsajCoc94d2va2Z7MTODg1NTY2LTcyMDcxMzIuanBnfHx8fHx8fHx8fHw2NDB4NDgw.jpg"}]}},{"ad_id":"840016","reg_year":"2006","make":"Nissan","model":"Almera","variant":"1.5 SXE 4DR","mileage":"85000","engine_size":"1.5","fuel_type":"Petrol","body_type":"Saloon","colour":"000000","location":"Cork","price":"\u20ac 4,250","images":{"base_url":"http:\/\/i0.carsie.ie\/","image_list":[{"thumb":"ZDMxMWMyN2U1NDI1YmYzYWYzZDMzZmI5ZjI1YmNjZDH_neDzQYRyYidYspmE_b68ODQwMDE2LTY2ODYzNTkuanBnfHx8fHx8OTJ4Njl8fHx8fA==.jpg","main":"NmZhM2E0MTUzZDViZTY5MTJmOWY0YTUxMzk4MThjYTE8Tubsq8MJrtBeKBJpLEPOODQwMDE2LTY2ODYzNTkuanBnfHx8fHx8fHx8fHw0MDB4MzAw.jpg","large":"YzkyNDU5ZDFiZjE1MTI0YmM5MWU5NWVjMjVjZThmOWH7Uu4ubHqAWDGlgl_wDMWNODQwMDE2LTY2ODYzNTkuanBnfHx8fHx8fHx8fHw2NDB4NDgw.jpg"}]}},{"ad_id":"853830","reg_year":"2005","make":"Nissan","model":"Almera","variant":"1.5 SVE 4DR","mileage":"93140","engine_size":"1.5","fuel_type":"Petrol","body_type":"Saloon","colour":"e0e0e0","location":"Kerry","price":"\u20ac 4,250","images":{"base_url":"http:\/\/i0.carsie.ie\/","image_list":[{"thumb":"OGRiYzM3ZmNhOGNiODUxMzg2MmQ4MmI5ZjljZWIwYTmzyXISFCHqNQgaATVjvcy7ODUzODMwLTY4NTk0NjIuanBnfHx8fHx8OTJ4Njl8fHx8fA==.jpg","main":"YzFkMWNmZTZiMzNlMGQzOWMxNWJiMDFiOGFlMzZjMzGZlQjYBhZEMP_Ta1tMZXHgODUzODMwLTY4NTk0NjIuanBnfHx8fHx8fHx8fHw0MDB4MzAw.jpg","large":"YzA5YTUyMWU0NDA0NDZlMDJmOWJiODEyM2JjMGUwYzfFDlp8oxuwhoidfOM6l0TvODUzODMwLTY4NTk0NjIuanBnfHx8fHx8fHx8fHw2NDB4NDgw.jpg"}]}},{"ad_id":"863152","reg_year":"2007","make":"Nissan","model":"Almera","variant":"1.5 3DR VAN *MICHAEL DAFFY CAR SALES*","mileage":"76374","engine_size":"1.5","fuel_type":"Petrol","body_type":"Hatchback","colour":"e0e0e0","location":"Limerick","price":"\u20ac 4,250","images":{"base_url":"http:\/\/i0.carsie.ie\/","image_list":[{"thumb":"YTgyYzYxNTQ2MDlmZThlMDEzZjY4ZjZlMzcyODMyOTG4J_9oYcTaL-BnMc9CwwTvODYzMTUyLTY5MzgxMDIuanBnfHx8fHx8OTJ4Njl8fHx8fA==.jpg","main":"ZDIyZTdlY2UwYmRmMmUzMzliMzJlZTM0ZDViMGJjNjefXXEuUl2t_XSV_gs3P_CXODYzMTUyLTY5MzgxMDIuanBnfHx8fHx8fHx8fHw0MDB4MzAw.jpg","large":"YjRiMzM2OTA5NzdlMmE0Y2JiYTMwNDNhOWQyZTJjOWNd9q3YMBWx1Dm0aMTca0v0ODYzMTUyLTY5MzgxMDIuanBnfHx8fHx8fHx8fHw2NDB4NDgw.jpg"}]}},{"ad_id":"881277","reg_year":"2004","make":"Nissan","model":"Almera","variant":"1.5 4DR Tekna","mileage":"92605","engine_size":"1.5","fuel_type":"Petrol","body_type":"Saloon","colour":"f0b800","location":"Westmeath","price":"\u20ac 4,250","images":{"base_url":"http:\/\/i0.carsie.ie\/","image_list":[{"thumb":"OGYzODc3MzBhYTE0MjRkZmI3ODZiNWI0YjMwMDUxODAtoyh4aOJUDGFMBeItvMSeODgxMjc3LTcxNDk2MTEuanBnfHx8fHx8OTJ4Njl8fHx8fA==.jpg","main":"YzU2N2RiNTIxYTlmNmE1NTJhNzA5YWMwZjEwYmQ5YmVOuvKrohYwrpuvkD-LnLqxODgxMjc3LTcxNDk2MTEuanBnfHx8fHx8fHx8fHw0MDB4MzAw.jpg","large":"MWYzODk4MDY4ZjMzYjQyZDVmMWFmMTBkMDg2MGZmNzeZpkx2zk6p9L0TE_AkvbbQODgxMjc3LTcxNDk2MTEuanBnfHx8fHx8fHx8fHw2NDB4NDgw.jpg"}]}},{"ad_id":"900875","reg_year":"2006","make":"Nissan","model":"Kubistar","variant":"60 Elec Pack. VERY CLEAN PRIVATELY OWNED VAN!","mileage":"78916","engine_size":"1.5","fuel_type":"Diesel","body_type":"Van","colour":"ff0000","location":"Cork","price":"\u20ac 4,250","images":{"base_url":"http:\/\/i0.carsie.ie\/","image_list":[{"thumb":"NjQ4YzgyODk3YzExZjMyZjgwMTQ1M2FmMGVjNGIzMzPRXt3iyvLoYD0UGScZpNVnOTAwODc1LTc0MDc1NTAuanBnfHx8fHx8OTJ4Njl8fHx8fA==.jpg","main":"OTMwODU0MDFkNGNhMTM1NGU1ZWIwYmJiODJmY2Y3NTPDdNM2Ush-yXMke8eiDkczOTAwODc1LTc0MDc1NTAuanBnfHx8fHx8fHx8fHw0MDB4MzAw.jpg","large":"MDYwODc4Y2JlMTU4Y2NiYjBjNjg2N2ZkN2RmMjliYjPrpeBPpnt1HhBNLuh8LQ-HOTAwODc1LTc0MDc1NTAuanBnfHx8fHx8fHx8fHw2NDB4NDgw.jpg"}]}},{"ad_id":"887595","reg_year":"2006","make":"Nissan","model":"Micra","variant":"1.2 Sport 5DR","mileage":"73000","engine_size":"1.2","fuel_type":"Petrol","body_type":"Hatchback","colour":"ff0000","location":"Dublin","price":"\u20ac 4,250","images":{"base_url":"http:\/\/i0.carsie.ie\/","image_list":[{"thumb":"ZDEwMzhiZDQ0Y2YzMDQ5MGM2YzNkOTQ0ZGJhMTAxZDIClUm5Lsmi7vhzdeTazav8ODg3NTk1LTcyMjY4NjAuanBnfHx8fHx8OTJ4Njl8fHx8fA==.jpg","main":"YWQyNDQxYzA3OGFhMGU0YjkzYjJiZDcwYmUwNTI4NWReLNvmATaBvjtaVCFBEdXmODg3NTk1LTcyMjY4NjAuanBnfHx8fHx8fHx8fHw0MDB4MzAw.jpg","large":"MjZhMDUwNGQ5YmMwZWUzN2ZkNmI4ZGRkMWM5NDI3MGGeQDvxnPfjx2oSbpqqiclvODg3NTk1LTcyMjY4NjAuanBnfHx8fHx8fHx8fHw2NDB4NDgw.jpg"}]}},{"ad_id":"704135","reg_year":"2005","make":"Nissan","model":"Primera","variant":"","mileage":"80780","engine_size":"2.2","fuel_type":"Diesel","body_type":"Saloon","colour":"f0d2a0","location":"Galway","price":"\u20ac 4,250","images":{"base_url":"http:\/\/i0.carsie.ie\/","image_list":[{"thumb":"Y2NlYjFlYzJhNDllODY4YmNiYmU0YjBjYzQwMzhjZDkejQdP5Elq6_-ABJPUs0TCNzA0MTM1LTYyOTI3NjcuanBnfHx8fHx8OTJ4Njl8fHx8fA==.jpg","main":"OWRjZDlmZWE0YjI2YTQzMTU4ODc5OGNhODUwNzRhNTl43jY8oCE1jLSqTisdLLSnNzA0MTM1LTYyOTI3NjcuanBnfHx8fHx8fHx8fHw0MDB4MzAw.jpg","large":"Yzg3NDRhYWVhODllYWY5M2M0ZjE3OTgxZWRkOWY3NmadodP2xmP-uKuu9Tmd00AyNzA0MTM1LTYyOTI3NjcuanBnfHx8fHx8fHx8fHw2NDB4NDgw.jpg"}]}},{"ad_id":"800726","reg_year":"2005","make":"Nissan","model":"Primera","variant":"1.6 SX 4DR 41","mileage":"89726","engine_size":"1.6","fuel_type":"Petrol","body_type":"Hatchback","colour":"858585","location":"Kerry","price":"\u20ac 4,250","images":{"base_url":"http:\/\/i0.carsie.ie\/","image_list":[{"thumb":"ZmYzMzZiMWJjM2ExMjNjODEwMGMwMzZkMzNlOWY2ZDY9diiRs6qAoT-s48OKuvI7ODAwNzI2LTYyMDk5NTUuanBnfHx8fHx8OTJ4Njl8fHx8fA==.jpg","main":"NWQ5NDMyZjRmYTBmYzc4MDc3ZWMxNjk3OTQ0MjdhNDLvKDVcH7yg0HS8wwsCfbOHODAwNzI2LTYyMDk5NTUuanBnfHx8fHx8fHx8fHw0MDB4MzAw.jpg","large":"ZGM4MjZhYzJkZTVlMjhiNDJlNjIyOGExNDI4ZjAwYjGoebgevTIBnUB8LR3RMoJbODAwNzI2LTYyMDk5NTUuanBnfHx8fHx8fHx8fHw2NDB4NDgw.jpg"}]}},{"ad_id":"870848","reg_year":"2004","make":"Nissan","model":"Primera","variant":null,"mileage":"119560","engine_size":"1.6","fuel_type":"Petrol","body_type":null,"colour":"f0b800","location":"Kilkenny","price":"\u20ac 4,250","images":{"base_url":"http:\/\/i0.carsie.ie\/","image_list":[{"thumb":"ODNhNTk0NzE1ZDA2NzIxZTc0NzhmYjFmYzRmNmQ2M2KhIujfibbFvFC-di95bo1nODcwODQ4LS5qcGd8fHx8fHw5Mng2OXx8fHx8.jpg","main":"ZDZlYTY4OWMwOTVmZTUxYTMwMDVjMDM0YmU0ZjBiMTFMdkUrVC8yQNkmrfavEStkODcwODQ4LS5qcGd8fHx8fHx8fHx8fDQwMHgzMDA=.jpg","large":"ZDUxMDY0OWQ3Mjc3ZWExNTU4NTczYzIyNmMyOGZjNjBRp4yJ0kn_hovOhtvF4OfkODcwODQ4LS5qcGd8fHx8fHx8fHx8fDY0MHg0ODA=.jpg"}]}},{"ad_id":"814946","reg_year":"2003","make":"Nissan","model":"X-Trail","variant":"SVE TD DI 05DR ESTATE 5SEATER FULL LEATHER NCT5\/13 ","mileage":"140000","engine_size":"2.2","fuel_type":"Diesel","body_type":"Estate","colour":"000000","location":"Wexford","price":"\u20ac 4,250","images":{"base_url":"http:\/\/i0.carsie.ie\/","image_list":[{"thumb":"NDQxMTYwMzU5MTQyMjk4ZDViYzhjMjhjNDEzZjFmY2XiQ9LyJ3B7Ku0sIGCo3e_YODE0OTQ2LTY5MDA1MzIuanBnfHx8fHx8OTJ4Njl8fHx8fA==.jpg","main":"NTQzZmU2ZTQyZjk0ZTBmMWM3N2YxMzk0YTRmOGU3NDKXkmCvEc-vEm6GC3REDCq5ODE0OTQ2LTY5MDA1MzIuanBnfHx8fHx8fHx8fHw0MDB4MzAw.jpg","large":"Y2M2OTgwY2QyOGJhZDVhYjliZDg5ZWI1ZTQzNTY2OWRzYUMuvnLH-dHk4FI5RqDTODE0OTQ2LTY5MDA1MzIuanBnfHx8fHx8fHx8fHw2NDB4NDgw.jpg"}]}},{"ad_id":"829359","reg_year":"2006","make":"Opel","model":"Corsa","variant":"SXI 1.2XE 5DR **Manager Special**","mileage":"85849","engine_size":"1.2","fuel_type":"Petrol","body_type":"Hatchback","colour":"e0e0e0","location":"Carlow","price":"\u20ac 4,250","images":{"base_url":"http:\/\/i0.carsie.ie\/","image_list":[{"thumb":"NWE5N2I1NjQ1YTAxY2Y2MGViMjliZjAzYjlhNDc1ZjdJkAoxdZ27uh7NEqB6khmsODI5MzU5LTY1NzI3NTUuanBnfHx8fHx8OTJ4Njl8fHx8fA==.jpg","main":"MTk5ZjU0MDFlZDhkZGE1ZjVhYzg5MDZlYjgwMzNlNTCQbZbNNMus94TzlSvx_ORDODI5MzU5LTY1NzI3NTUuanBnfHx8fHx8fHx8fHw0MDB4MzAw.jpg","large":"YjA5ZTA4MzU0MzdlNTkxZWUwNWU2NTBjZWU3ODE3MmPcknF9KF8kYNttgNm6VMBuODI5MzU5LTY1NzI3NTUuanBnfHx8fHx8fHx8fHw2NDB4NDgw.jpg"}]}},{"ad_id":"902165","reg_year":"2005","make":"Opel","model":"Corsa","variant":"1 Litre NJOY \/ NCT 03-2015 \/ Immaculate Car \/ Serviced and Guaranteed","mileage":"54060","engine_size":"1.0","fuel_type":"Petrol","body_type":"Hatchback","colour":"0000c0","location":"Dublin","price":"\u20ac 4,250","images":{"base_url":"http:\/\/i0.carsie.ie\/","image_list":[{"thumb":"MzUxMDc4ZTJhOGJhNmJmZmE5N2RhOTdjMDJkN2ZlMzXjkPU0EYrGHK0vjOFKCFnoOTAyMTY1LTc0Mjk4OTUuanBnfHx8fHx8OTJ4Njl8fHx8fA==.jpg","main":"YjI0YjE2MDE1YjJkMzQ5OTJjZTk4MGQyMzA3ZTVhMGVYZyLuJT076Y0-tcH_2HW4OTAyMTY1LTc0Mjk4OTUuanBnfHx8fHx8fHx8fHw0MDB4MzAw.jpg","large":"NjNlYjhiNDczMjIxZjE1YTZjYTAzMGIwNGI5N2RlNGXiUoICbqMydftb6FLwcRdWOTAyMTY1LTc0Mjk4OTUuanBnfHx8fHx8fHx8fHw2NDB4NDgw.jpg"}]}},{"ad_id":"888311","reg_year":"2007","make":"Opel","model":"Vectra","variant":"Life 1.6I 16V","mileage":"59000","engine_size":"1.6","fuel_type":"Petrol","body_type":"Saloon","colour":"ff0000","location":"Tipperary","price":"\u20ac 4,250","images":{"base_url":"http:\/\/i0.carsie.ie\/","image_list":[{"thumb":"ZjFmMmRkYjgzZDVlMjkyMjIwOGM1ZjViZTkwNTc3NzJgX7lv4n0-jcgF3jNQydvcODg4MzExLTcyMzYzNDIuanBnfHx8fHx8OTJ4Njl8fHx8fA==.jpg","main":"YTc3YmMwZWE3NjQ1NDVmODYzNjY3YWZmOGYxOTNjYjDl3UIoJ4WR8jcLSUcqWgcmODg4MzExLTcyMzYzNDIuanBnfHx8fHx8fHx8fHw0MDB4MzAw.jpg","large":"NjQ1NjU0MjRlMGU2ODJiY2M0YjZlNjJjYzNkZGQ4YzabezBH_8YS7zkHhyG8VMh9ODg4MzExLTcyMzYzNDIuanBnfHx8fHx8fHx8fHw2NDB4NDgw.jpg"}]}},{"ad_id":"891885","reg_year":"2004","make":"Opel","model":"Zafira","variant":"Comfort Y20dth","mileage":"80000","engine_size":"2.0","fuel_type":"Diesel","body_type":"Hatchback","colour":"e0e0e0","location":"Cork","price":"\u20ac 4,250","images":{"base_url":"http:\/\/i0.carsie.ie\/","image_list":[{"thumb":"NjZjOGI3YjBjZWVhYjY4Y2MxY2EzNDNhODZiYTQ3YjRIMChnBhNQIUnn3c3dBJXPODkxODg1LTcyNjgzNDcuanBnfHx8fHx8OTJ4Njl8fHx8fA==.jpg","main":"NThiOTJhMjJhODU1YmIzYjA1OTcyYzY4MDM5YzQ4MTRdDi6P8_8OthqY57de9RhqODkxODg1LTcyNjgzNDcuanBnfHx8fHx8fHx8fHw0MDB4MzAw.jpg","large":"NDcwNTViOTBjZDg3NTYxMDgwODEyOTU1ZWM3YmM2NzKqP45Pt2nJbXwaZWaXUrE3ODkxODg1LTcyNjgzNDcuanBnfHx8fHx8fHx8fHw2NDB4NDgw.jpg"}]}},{"ad_id":"847479","reg_year":"2005","make":"Opel","model":"Zafira","variant":"Njoy Z1.6xe 5DR","mileage":"89479","engine_size":"1.6","fuel_type":"Petrol","body_type":"Hatchback","colour":"000000","location":"Tipperary","price":"\u20ac 4,250","images":{"base_url":"http:\/\/i0.carsie.ie\/","image_list":[{"thumb":"NWE4YjZmNTVkNmViYmFiMmM2NDczMmFhYWMxYzUwNmPOcMPAfdV2BfcOBNbO_MwMODQ3NDc5LTY3NzE5NjMuanBnfHx8fHx8OTJ4Njl8fHx8fA==.jpg","main":"NDRiYThmNjdlMjZlMDdkNTBiNzJhODZmMDgwYzVkYWFCiMFPAO8tTX98B5m70xejODQ3NDc5LTY3NzE5NjMuanBnfHx8fHx8fHx8fHw0MDB4MzAw.jpg","large":"MmNmMDYyMDM1Njg4ZTY5MzAwZTcxZmQzNWY5YTEwZmKAtrP6LuiO2jmO1ugBipYNODQ3NDc5LTY3NzE5NjMuanBnfHx8fHx8fHx8fHw2NDB4NDgw.jpg"}]}},{"ad_id":"897491","reg_year":"2005","make":"Peugeot","model":"206","variant":"X DESIGN 1.1 5DR","mileage":"69133","engine_size":"1.1","fuel_type":"Petrol","body_type":null,"colour":"e0e0e0","location":"Carlow","price":"\u20ac 4,250","images":{"base_url":"http:\/\/i0.carsie.ie\/","image_list":[{"thumb":"ODgzODVkMTg2NjhjYWVkMTZiY2U1YjE4YmZjYTQ2M2F3_85zstCmf0vMB8yLGUq0ODk3NDkxLTczNTUwNDUuanBnfHx8fHx8OTJ4Njl8fHx8fA==.jpg","main":"ZGQxNzkzZjJlN2JmNTRlNTliMTE2ZWRkMjRhOTlkMmQ4eddg4rgCzNZKNUufg2DJODk3NDkxLTczNTUwNDUuanBnfHx8fHx8fHx8fHw0MDB4MzAw.jpg","large":"YzY3YmVmNjFhMDYxNTJiNzYxZWFhZjAyYjM1ZTBjYTTBXTiJrrSkBlnpWhXb-arcODk3NDkxLTczNTUwNDUuanBnfHx8fHx8fHx8fHw2NDB4NDgw.jpg"}]}}]}