{"total":"23408","result":[{"ad_id":"895545","reg_year":"2008","make":"Ford","model":"Focus","variant":null,"mileage":"41632","engine_size":"1.6","fuel_type":"Diesel","body_type":null,"colour":"ff0000","location":"Dublin","price":"\u20ac 9,250","images":{"base_url":"http:\/\/i0.carsie.ie\/","image_list":[{"thumb":"YmM3ZDRjY2UyZTU3ZTIxMGNjNzlmYzNiNjI4OTQyNzTLxSJX7X2qUussklDTExLeODk1NTQ1LTczNDAxMTMuanBnfHx8fHx8OTJ4Njl8fHx8fA==.jpg","main":"ZTFiYmZmMTlkZmJiYzAxYzA4MjNmOTI5ODhkMzEwZjfquEFSWeI5bp2F3BsGnZVPODk1NTQ1LTczNDAxMTMuanBnfHx8fHx8fHx8fHw0MDB4MzAw.jpg","large":"MDg2ZDRjYmIxYWZhMjAwNTJkNWZjMmMwMDQ5M2YzNjjf1rvx3Dlx6mYAOP6CYnC4ODk1NTQ1LTczNDAxMTMuanBnfHx8fHx8fHx8fHw2NDB4NDgw.jpg"}]}},{"ad_id":"887970","reg_year":"2008","make":"Ford","model":"Focus","variant":"Style TDCI","mileage":"84345","engine_size":"1.6","fuel_type":"Diesel","body_type":"Hatchback","colour":"ff0000","location":"Galway","price":"\u20ac 9,250","images":{"base_url":"http:\/\/i0.carsie.ie\/","image_list":[{"thumb":"ODcwNWIyNTg5ZjkyODU3NWY4ZjZlNTNlZjZmMWY0MTDkNZkb_UsXYrI16mOmSSKZODg3OTcwLTcyMzE2OTkuanBnfHx8fHx8OTJ4Njl8fHx8fA==.jpg","main":"Y2IxMWE1ZmY4YjA5OGU1MWUyMmFkNDE3M2U0ODE4NTY4nLsFMLw2AAX6pfiymWO8ODg3OTcwLTcyMzE2OTkuanBnfHx8fHx8fHx8fHw0MDB4MzAw.jpg","large":"Y2VmYTY5NTgxNTVlYWYzMGE2MzY1M2NlMjViNzM5OTjqJBkf_5U46wgZJkXjBVYqODg3OTcwLTcyMzE2OTkuanBnfHx8fHx8fHx8fHw2NDB4NDgw.jpg"}]}},{"ad_id":"883479","reg_year":"2009","make":"Ford","model":"Focus","variant":"Style 1.4 80PS 5SP","mileage":"76430","engine_size":"1.4","fuel_type":"Petrol","body_type":"Hatchback","colour":"0000c0","location":"Tipperary","price":"\u20ac 9,250","images":{"base_url":"http:\/\/i0.carsie.ie\/","image_list":[{"thumb":"M2NhOTYxMGZmMDM4MDQ2MjNiNWQyNGZjZmNmNTYxYznyqWMePp-YVVR_hnmfdN9-ODgzNDc5LTcxNzkwMDYuanBnfHx8fHx8OTJ4Njl8fHx8fA==.jpg","main":"YjE0ZjVkZDdlMzZlZjk3ZGQzOGUyNTRlZmY5ZGM0NzT-rzwvPdNKOSOMw8SJSs-cODgzNDc5LTcxNzkwMDYuanBnfHx8fHx8fHx8fHw0MDB4MzAw.jpg","large":"NTBiZWQ4NDllN2FlODQwOWFhNjk2MzEwMjE1NmRlMmQPQNynHIA5m-B-G1cnY1QEODgzNDc5LTcxNzkwMDYuanBnfHx8fHx8fHx8fHw2NDB4NDgw.jpg"}]}},{"ad_id":"899846","reg_year":"2008","make":"Ford","model":"Mondeo","variant":"1.8 TD CI Zetec 125 BHP 6speed 05DR","mileage":"87600","engine_size":"1.8","fuel_type":"Diesel","body_type":"Hatchback","colour":"0000c0","location":"Longford","price":"\u20ac 9,250","images":{"base_url":"http:\/\/i0.carsie.ie\/","image_list":[{"thumb":"ZDkwNjQwMDdmYzU4MGQ0NjUwZmUwZTI3NWU2MmY5ZjToKDyBNvj3o_zMw-4XKbPmODk5ODQ2LTczODIxODkuanBnfHx8fHx8OTJ4Njl8fHx8fA==.jpg","main":"MjM1OGRkY2UzZTU5NGQ3OTMyNWYzYzlmNWU5NWYxMmFWh8x8D7nZpbrgLDdxGeGIODk5ODQ2LTczODIxODkuanBnfHx8fHx8fHx8fHw0MDB4MzAw.jpg","large":"M2QzYTM5M2I3YTExYTc2YjFmMGFjMDg1MmQ4YmJhOTbjMMRVKipvMX4grNb9Oz0SODk5ODQ2LTczODIxODkuanBnfHx8fHx8fHx8fHw2NDB4NDgw.jpg"}]}},{"ad_id":"871633","reg_year":"2006","make":"Ford","model":"S-Max","variant":"LX 1.8D 5 Speed 5DR","mileage":"90722","engine_size":"1.8","fuel_type":"Diesel","body_type":"People Carrier","colour":"e0e0e0","location":"Roscommon","price":"\u20ac 9,250","images":{"base_url":"http:\/\/i0.carsie.ie\/","image_list":[{"thumb":"YmJmMjcwYWVhNGFhYzFhMzEzOTk5ODNkZmMwYjQ2Njjh38Rus64UgEMu8PxJ6HGSODcxNjMzLTcwMzg0MzQuanBnfHx8fHx8OTJ4Njl8fHx8fA==.jpg","main":"YzlkOWYzZjQxMzQzYWQ1MTkxOWI2NDBkOGE5MTJlMDBIfAM974qg_tnT5iQN8lhJODcxNjMzLTcwMzg0MzQuanBnfHx8fHx8fHx8fHw0MDB4MzAw.jpg","large":"ZmUwNmJkOWQ1ZTUxZmU4M2RiODg1YTExZTk3ZmE0ZTOWJz8G6S_xiQYBEzw5yAkJODcxNjMzLTcwMzg0MzQuanBnfHx8fHx8fHx8fHw2NDB4NDgw.jpg"}]}},{"ad_id":"863095","reg_year":"2008","make":"Hyundai","model":"Coupe","variant":"1.6 *MICHAEL DAFFY CAR SALES*","mileage":"55434","engine_size":"1.6","fuel_type":"Petrol","body_type":"Coupe","colour":"e0e0e0","location":"Limerick","price":"\u20ac 9,250","images":{"base_url":"http:\/\/i0.carsie.ie\/","image_list":[{"thumb":"YzljNjI1YzFhNzMyMjBlOGZkMjg0YTk0MGExZWMyODIM9oxI1_PYIOcnmeJkFEcmODYzMDk1LTY5Mzc2NzAuanBnfHx8fHx8OTJ4Njl8fHx8fA==.jpg","main":"NzJmZmFhM2U0ZTU0MmYxMTA3YmU4ZGI2MjMxMTA2ZTPgz5SvV8yLhphqTWwxIclwODYzMDk1LTY5Mzc2NzAuanBnfHx8fHx8fHx8fHw0MDB4MzAw.jpg","large":"N2U4ZGRkZGE5MWU0ZTUxYWY4MDg1MjMzZmJmZjA1ODfN1QTCiw8HAYoO7Yr5EPu6ODYzMDk1LTY5Mzc2NzAuanBnfHx8fHx8fHx8fHw2NDB4NDgw.jpg"}]}},{"ad_id":"899247","reg_year":"2011","make":"Hyundai","model":"i10","variant":"i10 1.1 my11 4dr","mileage":"16528","engine_size":"1.1","fuel_type":"Petrol","body_type":"Hatchback","colour":"ff0000","location":"Wexford","price":"\u20ac 9,250","images":{"base_url":"http:\/\/i0.carsie.ie\/","image_list":[{"thumb":"OTg2ZWNlYjMwNzQ5ZGZiODc3OWZkODc3ODViN2FkMzEX8nSwF0wWpMdjCWq_klyOODk5MjQ3LTc0MDM5MDUuanBnfHx8fHx8OTJ4Njl8fHx8fA==.jpg","main":"NjYyNjU4OGQyOGZmNjY1ZDRjNjQzOGE5M2IxYWUyYTZnfHnOmge2oZC-T18Vj4JXODk5MjQ3LTc0MDM5MDUuanBnfHx8fHx8fHx8fHw0MDB4MzAw.jpg","large":"MTA2ZWQ0ODE3YTg0ZjUwZWRlMDkxNGQ5ZWZiMzI3OGY5KwKcul3tetP0m2KNF2SyODk5MjQ3LTc0MDM5MDUuanBnfHx8fHx8fHx8fHw2NDB4NDgw.jpg"}]}},{"ad_id":"856575","reg_year":"2010","make":"Hyundai","model":"i10","variant":null,"mileage":"59000","engine_size":"1.3","fuel_type":"Petrol","body_type":"Hatchback","colour":"ff0000","location":"Wicklow","price":"\u20ac 9,250","images":{"base_url":"http:\/\/i0.carsie.ie\/","image_list":[{"thumb":"YmUwMTkyYWZhOWU0MzYzNTU2ZDU3NDA0YTA0ZmZlNjMdVSEuk5XyrTmq2Bkvu-9hODU2NTc1LTY4Njc5MTIuanBnfHx8fHx8OTJ4Njl8fHx8fA==.jpg","main":"MjBiMDM5NDE2YWRlZGEyMTE3OGUwNjM3MDY4ODRhZTLyhfd6jJtErILA67Tm8PaYODU2NTc1LTY4Njc5MTIuanBnfHx8fHx8fHx8fHw0MDB4MzAw.jpg","large":"Zjg3YjNkNmYzNDA1ZTgxZDY0ZTRhNDk5NTgwYTgzNzA6frii4GDi5ctHjAjLrOPDODU2NTc1LTY4Njc5MTIuanBnfHx8fHx8fHx8fHw2NDB4NDgw.jpg"}]}},{"ad_id":"893901","reg_year":"2011","make":"Hyundai","model":"i20","variant":"Classic 3DR","mileage":"21127","engine_size":"1.2","fuel_type":"Petrol","body_type":"Hatchback","colour":"ff0000","location":"Dublin","price":"\u20ac 9,250","images":{"base_url":"http:\/\/i0.carsie.ie\/","image_list":[{"thumb":"MmY2MmM4MjhiZjZmMzI2ZGNjM2YzYWRhNGUwZDM4MzRzTff6MSIjSqDp7h0byQjZODkzOTAxLTczMDA0NzAuanBnfHx8fHx8OTJ4Njl8fHx8fA==.jpg","main":"YmYyNzU3MTI1ZDMyODk0OTAyMmJiNDQyYWRkZWZmYjD8vY2rCEO3q90mMwlJdV6cODkzOTAxLTczMDA0NzAuanBnfHx8fHx8fHx8fHw0MDB4MzAw.jpg","large":"YWMzZTk3MjY1NWVkNDI1NTQ4ZWU4YTcyMzQ1ZmUwZDfU_FRMmslTGPTO20qo8MkqODkzOTAxLTczMDA0NzAuanBnfHx8fHx8fHx8fHw2NDB4NDgw.jpg"}]}},{"ad_id":"901500","reg_year":"2008","make":"Hyundai","model":"Sonata","variant":null,"mileage":"84506","engine_size":"2.0","fuel_type":"Diesel","body_type":null,"colour":"000000","location":"Galway","price":"\u20ac 9,250","images":{"base_url":"http:\/\/i0.carsie.ie\/","image_list":[{"thumb":"OWUwZTU0YmUwMmY5YTg0MTgwOTAxYjJlZTZmYWYyYzSy9dXEoam4YToq9CmhKplFOTAxNTAwLTc0MjIxNDEuanBnfHx8fHx8OTJ4Njl8fHx8fA==.jpg","main":"MDA0MmU5NjZjZTc5MzY5ZTlhMWEzM2YxNGY5MmM0Zjgwyp4hsrF91zZVGW4wX9LkOTAxNTAwLTc0MjIxNDEuanBnfHx8fHx8fHx8fHw0MDB4MzAw.jpg","large":"YmE2YTcwNzgxN2Y2OWQwOWJmZjc5N2YyODM4NzU1OTDqUE4J0K-xHhDLVJKxMxavOTAxNTAwLTc0MjIxNDEuanBnfHx8fHx8fHx8fHw2NDB4NDgw.jpg"}]}},{"ad_id":"882118","reg_year":"2009","make":"Kia","model":"Rio","variant":"1.5D LX","mileage":"36661","engine_size":"1.5","fuel_type":"Diesel","body_type":"Saloon","colour":"000000","location":"Westmeath","price":"\u20ac 9,250","images":{"base_url":"http:\/\/i0.carsie.ie\/","image_list":[{"thumb":"MzA1NmNmNmI5ZGNlOWY0Zjc5YmMxYzJlODJhNTU1MjXuiG-awVQNKNuMqMVyzqGVODgyMTE4LTcxOTk0MjUuanBnfHx8fHx8OTJ4Njl8fHx8fA==.jpg","main":"ZGU1ZmI0MzllMWQ0Y2UxMGE1NTY1MjBmNDY2NDc3OTm0mRO3xMoGRDe8kxvthlWvODgyMTE4LTcxOTk0MjUuanBnfHx8fHx8fHx8fHw0MDB4MzAw.jpg","large":"YWU0MjBjNGEzZTViZjY0Njg4NTQxNjE5MTFkMWE1NDa_LElP31IdxflTzFN-oNkMODgyMTE4LTcxOTk0MjUuanBnfHx8fHx8fHx8fHw2NDB4NDgw.jpg"}]}},{"ad_id":"844001","reg_year":"2007","make":"Lexus","model":"IS220","variant":"IS 220D 4DR","mileage":"69000","engine_size":"2.2","fuel_type":"Diesel","body_type":"Saloon","colour":"e0e0e0","location":"Donegal","price":"\u20ac 9,250","images":{"base_url":"http:\/\/i0.carsie.ie\/","image_list":[{"thumb":"M2M3ZjhlNGJlOGJiZWRlYzUxMDc2NDY2MGU2NWU1NWNE9sg1-7OtFkKv0W_LbdKdODQ0MDAxLTY3NTQzNDQuanBnfHx8fHx8OTJ4Njl8fHx8fA==.jpg","main":"OWUxMjI5ZDRkNmQ4YmNhNzBlNWJjNGUxOWU1YjFkNDH7-X4I4fdk6JzUfKh3oAlsODQ0MDAxLTY3NTQzNDQuanBnfHx8fHx8fHx8fHw0MDB4MzAw.jpg","large":"M2NhMmFhMWVkOTUyYzM5MjI3YzAyMWYyNTQ2N2RjZmLxoLoFcqXj2GScclUwmrVmODQ0MDAxLTY3NTQzNDQuanBnfHx8fHx8fHx8fHw2NDB4NDgw.jpg"}]}},{"ad_id":"902202","reg_year":"2008","make":"Mazda","model":"Mazda6","variant":"GH 1.8 Executive SE","mileage":"71459","engine_size":"1.8","fuel_type":"Petrol","body_type":"Saloon","colour":"7a0000","location":"Cork","price":"\u20ac 9,250","images":{"base_url":"http:\/\/i0.carsie.ie\/","image_list":[{"thumb":"ODZlODllYjI1ZGQyODhkMmMzZjBmYTk4ZGUzYjE4NDbJmeRZTP42Je8CQM1Yr4uyOTAyMjAyLS5qcGd8fHx8fHw5Mng2OXx8fHx8.jpg","main":"NjYwODJmNGQyMmUyNTViZjE0NjEyMzUwNzg3NTM4ODXkT1WmjORPAmNj8xL824_uOTAyMjAyLS5qcGd8fHx8fHx8fHx8fDQwMHgzMDA=.jpg","large":"ZTAzYWYxM2RmNGFlNzU4MzBlN2Q1Njc4MmIxZTY3MDRepykTdT2jh23nsHJjWBx-OTAyMjAyLS5qcGd8fHx8fHx8fHx8fDY0MHg0ODA=.jpg"}]}},{"ad_id":"711191","reg_year":"2003","make":"Mercedes-Benz","model":"CLK 240","variant":"240 2DR","mileage":"119000","engine_size":"2.6","fuel_type":"Petrol","body_type":"Coupe","colour":"0000c0","location":"Dublin","price":"\u20ac 9,250","images":{"base_url":"http:\/\/i0.carsie.ie\/","image_list":[{"thumb":"M2M3MjFkYjVlZGZiZGMyZDI5OGI3OTRlNjk3ZjlmODmecTgFur8XlBIaqJWku3fANzExMTkxLTU1Mzk2MzYuanBnfHx8fHx8OTJ4Njl8fHx8fA==.jpg","main":"MzNiYzU2MzNjMTQzYWJiZWQyMDY3YmRiOTc2Yzc0Mma6Hz0-VW2YzggKk2r56OrtNzExMTkxLTU1Mzk2MzYuanBnfHx8fHx8fHx8fHw0MDB4MzAw.jpg","large":"MjZjNGQwNDhhZjQzYmY4NjJjMTI0NzUwZjk3OTE5YTaJdtRy63zIxky7PGJhO2lmNzExMTkxLTU1Mzk2MzYuanBnfHx8fHx8fHx8fHw2NDB4NDgw.jpg"}]}},{"ad_id":"900654","reg_year":"2008","make":"Opel","model":"Astra","variant":"1.3 Cdti low tax","mileage":"83000","engine_size":"1.3","fuel_type":"Diesel","body_type":"Hatchback","colour":"000000","location":"Westmeath","price":"\u20ac 9,250","images":{"base_url":"http:\/\/i0.carsie.ie\/","image_list":[{"thumb":"NjE2ZjY2YjVhYjY2OGIwOGE5MjgyYjkyZDkyYjM5MTCTMaty-aKOWDBamMQDdS9UOTAwNjU0LTc0MDQ4ODAuanBnfHx8fHx8OTJ4Njl8fHx8fA==.jpg","main":"NjIyY2FiNTIwY2JiZGRiODJiMDlkNmU0M2I5NWMzZmZzaAo1fu7Nhye1zorGLzNROTAwNjU0LTc0MDQ4ODAuanBnfHx8fHx8fHx8fHw0MDB4MzAw.jpg","large":"Zjg1NTk1ZjVmNTcwZWIxNWE4ZWI0MmE2ODNhNTM1OTndTaQvuSEV0vj4Vj2ZmdXwOTAwNjU0LTc0MDQ4ODAuanBnfHx8fHx8fHx8fHw2NDB4NDgw.jpg"}]}},{"ad_id":"844806","reg_year":"2010","make":"Opel","model":"Corsa","variant":"","mileage":"62418","engine_size":"1.2","fuel_type":"Petrol","body_type":"Hatchback","colour":"e0e0e0","location":"Cork","price":"\u20ac 9,250","images":{"base_url":"http:\/\/i0.carsie.ie\/","image_list":[{"thumb":"ZDcwY2M2NDEyODk0YWVhMTQzOWNhYmZhZWRjODMyMzG-U-Lrek2SRNi_lS2td5N_ODQ0ODA2LTY3NDExNzkuanBnfHx8fHx8OTJ4Njl8fHx8fA==.jpg","main":"NGQxOGQxOTY0MjM2YWViOTBkYzA1ZDRjYjFhYTI5NTOHXGL68EFlIaS8R9pbbgFWODQ0ODA2LTY3NDExNzkuanBnfHx8fHx8fHx8fHw0MDB4MzAw.jpg","large":"OWU4OTBiZGI5NTI4ZGEzM2FkNzUwOWYyNTM0OWI4NWM2WXsM9ws0meWN4f7PDHSzODQ0ODA2LTY3NDExNzkuanBnfHx8fHx8fHx8fHw2NDB4NDgw.jpg"}]}},{"ad_id":"884773","reg_year":"2010","make":"Opel","model":"Corsa","variant":"SC 1.2I 16V 5DR","mileage":"54600","engine_size":"1.2","fuel_type":"Petrol","body_type":"Hatchback","colour":"e0e0e0","location":"Cork","price":"\u20ac 9,250","images":{"base_url":"http:\/\/i0.carsie.ie\/","image_list":[{"thumb":"Mjk3MTg0NzM0YTU5OGM2MDlmZGRmYmFhNGMwMTk2OWGLLo-r1iRcekw7aIMR7_yrODg0NzczLTcyMzk3NjkuanBnfHx8fHx8OTJ4Njl8fHx8fA==.jpg","main":"MjZiOTk2M2FlOTAzZmM0YmZhYTk2ZjIwMTc1YjQxNjWNqBwNJuwCZWdnwDHfS7oiODg0NzczLTcyMzk3NjkuanBnfHx8fHx8fHx8fHw0MDB4MzAw.jpg","large":"ZWFlNjEyZGE3ZmRiNzIwNjZjYzljYmQ0NTM4MzIyNGWtCYWM9T2LHhP-MHQASU3oODg0NzczLTcyMzk3NjkuanBnfHx8fHx8fHx8fHw2NDB4NDgw.jpg"}]}},{"ad_id":"847858","reg_year":"2010","make":"Opel","model":"Corsa","variant":"SC 1.2I 16V 5DR","mileage":"47846","engine_size":"1.2","fuel_type":"Petrol","body_type":"Hatchback","colour":"e0e0e0","location":"Donegal","price":"\u20ac 9,250","images":{"base_url":"http:\/\/i0.carsie.ie\/","image_list":[{"thumb":"ODk5MzljODczZGM1Y2Y2YWY1YjNhM2Q4MjU4MzA1OTNqphsUZLlr34_E68bwXrIZODQ3ODU4LTY3Nzg0OTkuanBnfHx8fHx8OTJ4Njl8fHx8fA==.jpg","main":"ZWQ4ZDZjNjJlNDg4MzM4NDQ0N2VkMDA0ODMzZGI2YWIXYzhKZOyFXo8c4tEiFPfVODQ3ODU4LTY3Nzg0OTkuanBnfHx8fHx8fHx8fHw0MDB4MzAw.jpg","large":"MDk4MjhkNjU4MmEyMmI2NzI3YWYxZmVmOTMwNGVhMDjcfOXARh2UjfrzSxnoqMq7ODQ3ODU4LTY3Nzg0OTkuanBnfHx8fHx8fHx8fHw2NDB4NDgw.jpg"}]}},{"ad_id":"886087","reg_year":"2008","make":"Opel","model":"Vectra","variant":null,"mileage":"96934","engine_size":"1.9","fuel_type":"Diesel","body_type":null,"colour":"000000","location":"Kildare","price":"\u20ac 9,250","images":{"base_url":"http:\/\/i0.carsie.ie\/","image_list":[{"thumb":"Y2Y5YTYyMzIzYTljN2M3YmFiYmQ0OGQ1MDc0OTYxZTkr0Z__9RHXZxmP4fS477ELODg2MDg3LTcyMTUyMzMuanBnfHx8fHx8OTJ4Njl8fHx8fA==.jpg","main":"OTE4MDg3NzQ5ZTc5MjQxYTQ4NmQwYTBjNjEzYTkwZGbpGZ9-eyV-AFSwH0X4VZpvODg2MDg3LTcyMTUyMzMuanBnfHx8fHx8fHx8fHw0MDB4MzAw.jpg","large":"ZmVhYmZjNDViMGZiZjZmYmU5NGQzZjAzYTExYTY3MWRH_kwv1gCfQdNqdEUz_EhaODg2MDg3LTcyMTUyMzMuanBnfHx8fHx8fHx8fHw2NDB4NDgw.jpg"}]}},{"ad_id":"898572","reg_year":"2008","make":"Peugeot","model":"207","variant":"SX 1.4i 5dr","mileage":"35125","engine_size":"1.4","fuel_type":"Petrol","body_type":"Hatchback","colour":"000000","location":"Dublin","price":"\u20ac 9,250","images":{"base_url":"http:\/\/i0.carsie.ie\/","image_list":[{"thumb":"NjI1NGI5NzY0YTNkM2ZmNzhjODc1ZTM5M2FiZWI1N2VhQYXmKoxiW1Gcbp7siv8nODk4NTcyLTczNjY0NzMuanBnfHx8fHx8OTJ4Njl8fHx8fA==.jpg","main":"NzU2MGEyODA3M2RmNzFhYmE4MTY4NmNmZmM3ZmRkM2VPfrGIXXqJs79g2xy3ZyvBODk4NTcyLTczNjY0NzMuanBnfHx8fHx8fHx8fHw0MDB4MzAw.jpg","large":"ODc0Yjk4NmE3N2Y5NzBhMjFmODY0YjQ0NjIyNWI3ZjJNdRor5YUWMbbkPwGBMzamODk4NTcyLTczNjY0NzMuanBnfHx8fHx8fHx8fHw2NDB4NDgw.jpg"}]}}]}