{"total":"23408","result":[{"ad_id":"900899","reg_year":"2001","make":"Audi","model":"A4","variant":"1.9 TDI SE 130BHP 5speed 04DR","mileage":"180000","engine_size":"1.9","fuel_type":"Diesel","body_type":"Saloon","colour":"0000c0","location":"Donegal","price":"\u20ac 3,150","images":{"base_url":"http:\/\/i0.carsie.ie\/","image_list":[{"thumb":"ODBiMDRlYTVjZmVjNjQ3NjU4MGI0MTViODE5MGIwYWYqys40aKih8ZBgCfSD1xboOTAwODk5LTc0MTM1ODAuanBnfHx8fHx8OTJ4Njl8fHx8fA==.jpg","main":"YTE0NmNmZTM4MzA4MmIwZDMxOTBlNGUxODQ5N2NhM2L9buF5FR7uRm6IsEHiODYXOTAwODk5LTc0MTM1ODAuanBnfHx8fHx8fHx8fHw0MDB4MzAw.jpg","large":"ZTU4ZGNiZTE4ZjU3MDY0OTY2ZjhkMDZjMTlkMjUwNDmdpiKPT1lXifljZ7OObcSXOTAwODk5LTc0MTM1ODAuanBnfHx8fHx8fHx8fHw2NDB4NDgw.jpg"}]}},{"ad_id":"900978","reg_year":"2005","make":"Citroen","model":"C5","variant":"Series 2 1.8I 16V","mileage":"91000","engine_size":"1.8","fuel_type":"Petrol","body_type":"Hatchback","colour":"858585","location":"Laois","price":"\u20ac 3,150","images":{"base_url":"http:\/\/i0.carsie.ie\/","image_list":[{"thumb":"MDA2YzRiZjI1ZWFjOTNlYzkzMzIzN2E4MGE4OWQ5M2G2i9mDjIG9ChhccS214L6YOTAwOTc4LTc0MTQ3MjUuanBnfHx8fHx8OTJ4Njl8fHx8fA==.jpg","main":"MWZjZmQxZWIwY2QwZDY1NDEzYWFhZjY4M2NkYzUzZWGAI_SwkOZxl3C6KpIB1GWsOTAwOTc4LTc0MTQ3MjUuanBnfHx8fHx8fHx8fHw0MDB4MzAw.jpg","large":"MTEwMzJkM2FhZTZhOTQ2Y2U2MTA0ZTkxZjhlMmMzYzJDp0femlq-svu3vQgvDFWvOTAwOTc4LTc0MTQ3MjUuanBnfHx8fHx8fHx8fHw2NDB4NDgw.jpg"}]}},{"ad_id":"895330","reg_year":"2004","make":"Hyundai","model":"Coupe","variant":"1.6 FX EV (NCT 02\/2014)","mileage":"80000","engine_size":"1.6","fuel_type":"Petrol","body_type":"Coupe","colour":"0000c0","location":"Dublin","price":"\u20ac 3,150","images":{"base_url":"http:\/\/i0.carsie.ie\/","image_list":[{"thumb":"YTdiYzI3NDBhMTE0ZDI2MjFhY2RlZTA3M2NjOGQxYWU4_il9MafDuK_as0aaa6C-ODk1MzMwLTczMjI4MDIuanBnfHx8fHx8OTJ4Njl8fHx8fA==.jpg","main":"MDNiMWI1MjdmMWJiODU5MWJmMzc3OGYyMDVlZjE1NjYld8Sk0RuoLjThOzPlbPLuODk1MzMwLTczMjI4MDIuanBnfHx8fHx8fHx8fHw0MDB4MzAw.jpg","large":"NWY3YWJkNzg2ODYxZTQ2ZGMzNDIyNzczY2UyOTVjNWPLtEFZz_5KNF85dyNAXJFYODk1MzMwLTczMjI4MDIuanBnfHx8fHx8fHx8fHw2NDB4NDgw.jpg"}]}},{"ad_id":"893737","reg_year":"2003","make":"Renault","model":"Clio","variant":"NCT 3 DOOR TINY MILES","mileage":"29900","engine_size":"1.1","fuel_type":"Petrol","body_type":"Hatchback","colour":"000000","location":"Kildare","price":"\u20ac 3,150","images":{"base_url":"http:\/\/i0.carsie.ie\/","image_list":[{"thumb":"NzY3OWFlNGY5YzVhNTc4N2RmMTFmYTgwZTY3MTcyYjRYYDnqjhzNwSwgfmc6nDWzODkzNzM3LTczMDEyODAuanBnfHx8fHx8OTJ4Njl8fHx8fA==.jpg","main":"ZTYyYzIxN2RlMTkzOTcxYWM0Mjk2MmUyZWZmMTA1YjiY0PNAdJNYJc0WhhgJhIJ4ODkzNzM3LTczMDEyODAuanBnfHx8fHx8fHx8fHw0MDB4MzAw.jpg","large":"OGU1ZDY3ZjE1MDRjZTJlZDM4N2RjZjBmZWE0YjU1OTlc0EePkJVfs5ee1qiQn91QODkzNzM3LTczMDEyODAuanBnfHx8fHx8fHx8fHw2NDB4NDgw.jpg"}]}},{"ad_id":"891928","reg_year":"2004","make":"Renault","model":"Megane","variant":"1.5 DCI 106 Dynamique 05DR","mileage":"140000","engine_size":"1.5","fuel_type":"Diesel","body_type":"Estate","colour":"000000","location":"Dublin","price":"\u20ac 3,150","images":{"base_url":"http:\/\/i0.carsie.ie\/","image_list":[{"thumb":"NDFmM2IwN2Q4MzEyOWEyYzI1MTRiMmE5OGYwOWY1NTLJM5MuRy_hQrmNGbDboOyPODkxOTI4LTcyNjg4MjUuanBnfHx8fHx8OTJ4Njl8fHx8fA==.jpg","main":"ZWM5NGY3ODVmMzQ1NDI1YTQyNTEwNGI1NTJhNjEwNTlcq8_w3kpoBA79EmPgSGDcODkxOTI4LTcyNjg4MjUuanBnfHx8fHx8fHx8fHw0MDB4MzAw.jpg","large":"YWJjYjBjZDQ0MDg3MWQzYWZmYWY1ZWJjMTk3ZDFhZjX9cTMWOxzdp5jdvTHeoA8YODkxOTI4LTcyNjg4MjUuanBnfHx8fHx8fHx8fHw2NDB4NDgw.jpg"}]}},{"ad_id":"898640","reg_year":"2001","make":"Saab","model":"9-3","variant":"SE 2.0","mileage":"112460","engine_size":"2.0","fuel_type":"Petrol","body_type":"Cabriolet \/ Convertible","colour":"000000","location":"Cork","price":"\u20ac 3,150","images":{"base_url":"http:\/\/i0.carsie.ie\/","image_list":[{"thumb":"MDdjMzVkNTBlNDUxMmRiZDQxMTA1OTZmNDAzNDIxMTUkTnqvKlUHuv-vOijVvwCpODk4NjQwLTczNjY3NzQuanBnfHx8fHx8OTJ4Njl8fHx8fA==.jpg","main":"YmQ5NGUzZjMwODRjMzFiYzFiODBmZTZmZmY4OThlMTUYqlgM-8qPJdo9GHAAyhOTODk4NjQwLTczNjY3NzQuanBnfHx8fHx8fHx8fHw0MDB4MzAw.jpg","large":"MDhlYTdmN2QzYmE3YzBjYjI3MDNmZGQ0Yjk4MmZmMTUDbzSnuaJ1FGtyDiqNtvS8ODk4NjQwLTczNjY3NzQuanBnfHx8fHx8fHx8fHw2NDB4NDgw.jpg"}]}},{"ad_id":"881861","reg_year":"2002","make":"Ford","model":"Focus","variant":"1.6 LX","mileage":"100000","engine_size":"1.6","fuel_type":"Petrol","body_type":"Hatchback","colour":"0000c0","location":"Cork","price":"\u20ac 3,195","images":{"base_url":"http:\/\/i0.carsie.ie\/","image_list":[{"thumb":"NmYxOGJlZjczNDJhYjA2YmIwNTY2MDFjYTU1YzBkOTm0oSCk9hsibyNksHuK8Y1CODgxODYxLTcxNTg1MjcuanBnfHx8fHx8OTJ4Njl8fHx8fA==.jpg","main":"YjcxNDQyNzA3MjZlNzBjNDY0OGE3YTcwZGY5OTdhZDk-dFzmuilB3bKKKXEWqUt3ODgxODYxLTcxNTg1MjcuanBnfHx8fHx8fHx8fHw0MDB4MzAw.jpg","large":"OGJhMGIxMTdhYzU1YWUzMzg1OWM4MmQzYWM5ZDY2MGH2PWk6AM7bV58fnSiS31-mODgxODYxLTcxNTg1MjcuanBnfHx8fHx8fHx8fHw2NDB4NDgw.jpg"}]}},{"ad_id":"874643","reg_year":"2002","make":"Opel","model":"Zafira","variant":"Zafrina Comfort Z 1.8 XE","mileage":"179000","engine_size":"1.8","fuel_type":"Petrol","body_type":"Hatchback","colour":"0000c0","location":"Cork","price":"\u20ac 3,195","images":{"base_url":"http:\/\/i0.carsie.ie\/","image_list":[{"thumb":"ODVmZmZhM2FmODMwNTQyMDNkYTgwMmIzOGZmNTBiMGErp8uWRJRRB-u7iBKNkakDODc0NjQzLTcwNzI4MzcuanBnfHx8fHx8OTJ4Njl8fHx8fA==.jpg","main":"ZTcyZjZlYzhmMTkwZWQyMWM5OTdlOTQ5M2I3MmI0ZmQlI1uMn4ZgCK4blDdFRlBIODc0NjQzLTcwNzI4MzcuanBnfHx8fHx8fHx8fHw0MDB4MzAw.jpg","large":"YWU0ZGVlNjViM2Q4YWQzMTRhOTA0ZGU5ZDYwMTZhY2N6K_nhNUsKVHHGY6TNE3YZODc0NjQzLTcwNzI4MzcuanBnfHx8fHx8fHx8fHw2NDB4NDgw.jpg"}]}},{"ad_id":"856988","reg_year":"2002","make":"Renault","model":"Clio","variant":"clio 2 16v dynamique 5dr","mileage":"79000","engine_size":"1.1","fuel_type":"Petrol","body_type":"Hatchback","colour":"0000c0","location":"Mayo","price":"\u20ac 3,195","images":{"base_url":"http:\/\/i0.carsie.ie\/","image_list":[{"thumb":"ZTNmZTExZWNjMDA2ZTYwMGZhZDgwZWZmODY3MGIyYzLqpMI4z5im5vInj1XBmJAcODU2OTg4LTY5NjQxMDMuanBnfHx8fHx8OTJ4Njl8fHx8fA==.jpg","main":"MzI3NWZkNzIxMjc1MDdhMzU0YjNiYzJiYjE4OTE3N2VcZDOT9Xg5TQC0s24d5AiUODU2OTg4LTY5NjQxMDMuanBnfHx8fHx8fHx8fHw0MDB4MzAw.jpg","large":"NjE4ZDU1MDIzMzg5Y2FjNDlkOWVhZDIyNDRhYWQ3YTf7ZjwvsOxAV83o1JdB8g6GODU2OTg4LTY5NjQxMDMuanBnfHx8fHx8fHx8fHw2NDB4NDgw.jpg"}]}},{"ad_id":"895350","reg_year":"2002","make":"Volkswagen","model":"Golf","variant":"2.8 V6 4-motion 03DR","mileage":"99000","engine_size":"2.8","fuel_type":"Petrol","body_type":"Hatchback","colour":"e0e0e0","location":"Dublin","price":"\u20ac 3,195","images":{"base_url":"http:\/\/i0.carsie.ie\/","image_list":[{"thumb":"MTgyYzAyNTljY2NkZTg0YTQyNDY3Mzk5Mzk3YjYxMjDAwWGYT3p1XFSmYtIEsx7BODk1MzUwLTczMjMxNDcuanBnfHx8fHx8OTJ4Njl8fHx8fA==.jpg","main":"Y2RlYmNlYjBhNjhjNjgzYjE0MzE0NjAxYjA0OGJjMzBMfkoMAvG063D6rmIHot-HODk1MzUwLTczMjMxNDcuanBnfHx8fHx8fHx8fHw0MDB4MzAw.jpg","large":"MGNjYTQ4NzRjYzRlYmE5MjZhZjQzZjk1MGEzNWE1NDI0qlKmH9Nx8UI3pm9FllKIODk1MzUwLTczMjMxNDcuanBnfHx8fHx8fHx8fHw2NDB4NDgw.jpg"}]}},{"ad_id":"898240","reg_year":"2001","make":"Audi","model":"A4","variant":"1.9 TDI 130BHP","mileage":"137000","engine_size":"1.9","fuel_type":"Diesel","body_type":"Saloon","colour":"000000","location":"Cork","price":"\u20ac 3,200","images":{"base_url":"http:\/\/i0.carsie.ie\/","image_list":[{"thumb":"MGUzY2IzZTU0OTQyZmMwYTc1ZjVjZDA3MjMwODE3YmHk1IrSMV5wMYOv-hD6Rs7rODk4MjQwLTczNjMzMzMuanBnfHx8fHx8OTJ4Njl8fHx8fA==.jpg","main":"ZmJjMDFkOTg0MGFjNDkxZmQ4MTkwMjhlYmYzMzY3OGWuqjPuVkVR0DYc6QJLKk10ODk4MjQwLTczNjMzMzMuanBnfHx8fHx8fHx8fHw0MDB4MzAw.jpg","large":"MjZmZjlmNTVlOTMwYjczN2JkZDQ1ZjBlMTYyODFjYzjpmmoJppP5Ik5xVnGZdrVUODk4MjQwLTczNjMzMzMuanBnfHx8fHx8fHx8fHw2NDB4NDgw.jpg"}]}},{"ad_id":"893724","reg_year":"2004","make":"Ford","model":"Fiesta","variant":"Ghia","mileage":"62000","engine_size":"1.4","fuel_type":"Petrol","body_type":"Hatchback","colour":"000000","location":"Cork","price":"\u20ac 3,200","images":{"base_url":"http:\/\/i0.carsie.ie\/","image_list":[{"thumb":"M2FjMjdhODBkY2YxOTRhNTJjOTU3NGI1OWFjNzEwMzO1nxaY1TM-soN0iFGxnkf7ODkzNzI0LTcyODI4MDEuanBnfHx8fHx8OTJ4Njl8fHx8fA==.jpg","main":"NTdkZWY1MmUzZGE5MmRmMjlmZDFhMjExYzU5NDUzNTk-c-wduxuxGZXsExv3gF0AODkzNzI0LTcyODI4MDEuanBnfHx8fHx8fHx8fHw0MDB4MzAw.jpg","large":"MGRhODU5ZGY2MGJmNDA4YTY5MTRkODQ1ZTI3NjliODnKTHyHdbGXO32MUzDzAhvhODkzNzI0LTcyODI4MDEuanBnfHx8fHx8fHx8fHw2NDB4NDgw.jpg"}]}},{"ad_id":"847859","reg_year":"2003","make":"Ford","model":"Focus","variant":"1.8 TD CI LX 100BHP 05DR","mileage":"115000","engine_size":"1.8","fuel_type":"Diesel","body_type":"Hatchback","colour":"0000c0","location":"Donegal","price":"\u20ac 3,200","images":{"base_url":"http:\/\/i0.carsie.ie\/","image_list":[{"thumb":"Y2UyOWJiM2I0NTg5Njg1NTlkMGNjNzJhYTBhNzE4ODWQoSFlWF_JLpSPl9YdhnfJODQ3ODU5LTY3Nzg1MDkuanBnfHx8fHx8OTJ4Njl8fHx8fA==.jpg","main":"ZDE5ODA0Zjc2N2QyZTAwY2ZjMGMxMjE2MzlmZjQwNTjY2AAFeAR9dlZiy2DX865BODQ3ODU5LTY3Nzg1MDkuanBnfHx8fHx8fHx8fHw0MDB4MzAw.jpg","large":"OTI3OGMxYjA4NDI5MmEyNGZiMjc4MjhjOGU2YzMxNjKmg39ejBJ6EKqn0W_OE4QOODQ3ODU5LTY3Nzg1MDkuanBnfHx8fHx8fHx8fHw2NDB4NDgw.jpg"}]}},{"ad_id":"875002","reg_year":"2002","make":"Ford","model":"Focus","variant":"AUTOMATIC","mileage":"70216","engine_size":"1.6","fuel_type":"Petrol","body_type":"Hatchback","colour":"000000","location":"Dublin","price":"\u20ac 3,200","images":{"base_url":"http:\/\/i0.carsie.ie\/","image_list":[{"thumb":"MzRlNjVlYzFmNGEwODZjMDFmYWUxYTI0NGVlZDEwYjT61L626VQiGA9Zjdvrx7FYODc1MDAyLTcwNzc3MDkuanBnfHx8fHx8OTJ4Njl8fHx8fA==.jpg","main":"ZmU4M2QzMjI1ZGQyMWRkOGE4YjljOTQ0ZWM1Nzk5MzCjwpkSYaOgJ_Y4c2y_EwalODc1MDAyLTcwNzc3MDkuanBnfHx8fHx8fHx8fHw0MDB4MzAw.jpg","large":"NDY0OThmOTIwMjRjNTAzYjZiODVkNWE4ZjIwYWJhZjLzTu4Vt-6XseYRT9rMWNtoODc1MDAyLTcwNzc3MDkuanBnfHx8fHx8fHx8fHw2NDB4NDgw.jpg"}]}},{"ad_id":"894692","reg_year":"2002","make":"Ford","model":"Focus","variant":"1.4 LX 5Dr","mileage":"95497","engine_size":"1.4","fuel_type":"Petrol","body_type":"Hatchback","colour":"ff0000","location":"Roscommon","price":"\u20ac 3,200","images":{"base_url":"http:\/\/i0.carsie.ie\/","image_list":[{"thumb":"NzdkMjI3MjMwZDhhNzQ3ZGRhYmYzYTA1ZGJlMTRhZGXxMtsZOzJ0s3pm1rgcEzXmODk0NjkyLTczMDczMzguanBnfHx8fHx8OTJ4Njl8fHx8fA==.jpg","main":"MjA2OTI0MTNlNDc5NWEwODZkMzlmMTNmODA4MGI1ZjkFuIMI4F5ioTISTVz9d7fcODk0NjkyLTczMDczMzguanBnfHx8fHx8fHx8fHw0MDB4MzAw.jpg","large":"NjA0MTI1ZDlhNDU3NDM0ZWZmOWJiOTZkMDQzMjFhY2JlIGVgf_NQPcapLu4ljEnJODk0NjkyLTczMDczMzguanBnfHx8fHx8fHx8fHw2NDB4NDgw.jpg"}]}},{"ad_id":"898425","reg_year":"2003","make":"Renault","model":"Master","variant":"Master SI 28 1.9dci","mileage":"110000","engine_size":"1.9","fuel_type":"Diesel","body_type":"Van","colour":"0000c0","location":"Dublin","price":"\u20ac 3,200","images":{"base_url":"http:\/\/i0.carsie.ie\/","image_list":[{"thumb":"OTY3M2ZjNGVjOWJlNzBhN2I4YTc0Y2RlNGI0YjM5N2SZqQekrTPcHWxWCq91GqeJODk4NDI1LTczNjU1NTIuanBnfHx8fHx8OTJ4Njl8fHx8fA==.jpg","main":"MTUwMDU1OTFhMGFmYmM1NTY3Njg0MzdhMWI5NGZmOTYTDp7NoAJoqIC1IQY8BFHKODk4NDI1LTczNjU1NTIuanBnfHx8fHx8fHx8fHw0MDB4MzAw.jpg","large":"YWRmMDczYTBiN2ZhMzg5YTFlYzU1NzljZTIyYzllNTGXcBjm91mh6cjNNpCLoymxODk4NDI1LTczNjU1NTIuanBnfHx8fHx8fHx8fHw2NDB4NDgw.jpg"}]}},{"ad_id":"893320","reg_year":"2004","make":"Renault","model":"Megane","variant":"16V Cabrio Dyna","mileage":"70951","engine_size":"1.6","fuel_type":"Petrol","body_type":"Cabriolet \/ Convertible","colour":"e0e0e0","location":"Carlow","price":"\u20ac 3,200","images":{"base_url":"http:\/\/i0.carsie.ie\/","image_list":[{"thumb":"NDdiMGYwZTQzNmY4NjhlZjdlNzA4MDkyNmMyMDBiMmP9IDRdNsOdz5I5J6mCyTCLODkzMzIwLTcyNzk3MDMuanBnfHx8fHx8OTJ4Njl8fHx8fA==.jpg","main":"Y2E1MzIxMTdlMGFlZWM2ZGM3OTI5NDMwZGUwNDAxZTFNPozPnjBOh2fJkGVoX6uOODkzMzIwLTcyNzk3MDMuanBnfHx8fHx8fHx8fHw0MDB4MzAw.jpg","large":"MmQ3ZDRlMzNkZTQ0ZDMwNDJlNGU0ZTA3NjAzNzMwNDImXjaE7aeK5pb-Daby6HE9ODkzMzIwLTcyNzk3MDMuanBnfHx8fHx8fHx8fHw2NDB4NDgw.jpg"}]}},{"ad_id":"886781","reg_year":"2004","make":"Renault","model":"Megane","variant":"1.5 DCI 80 Expression 05DR","mileage":"136000","engine_size":"1.5","fuel_type":"Diesel","body_type":"Estate","colour":"0000c0","location":"Dublin","price":"\u20ac 3,200","images":{"base_url":"http:\/\/i0.carsie.ie\/","image_list":[{"thumb":"MzQ3MzcxOGM5OWExNDM4YWUxN2VjNDEwMDYyY2JiM2IbInJNEEf1Qhdf22F4_oDNODg2NzgxLTczMzI1NTIuanBnfHx8fHx8OTJ4Njl8fHx8fA==.jpg","main":"ZTExZjRjM2I1MmE5MzNiYzMxMjFlN2Y3YTZjYzQ4ODliXLOIYSoNGVB4nHbrTP3AODg2NzgxLTczMzI1NTIuanBnfHx8fHx8fHx8fHw0MDB4MzAw.jpg","large":"NGE3M2M1MzM0ZWNhY2E2MzY2ZjNjYWM3NjY4ODkyNTXkYmDht7I5wqI7Q6tiDeBjODg2NzgxLTczMzI1NTIuanBnfHx8fHx8fHx8fHw2NDB4NDgw.jpg"}]}},{"ad_id":"895851","reg_year":"2001","make":"Renault","model":"Megane","variant":"1.6 E 02DR","mileage":"84000","engine_size":"1.6","fuel_type":"Petrol","body_type":"Cabriolet \/ Convertible","colour":"000000","location":"Dublin","price":"\u20ac 3,200","images":{"base_url":"http:\/\/i0.carsie.ie\/","image_list":[{"thumb":"NzI0YmI4NWQ1MGNmOWEwNWM4YzQ3Yzg3OTBiZDg0MDCwyLm6oEA2wz7O2mdMEs4rODk1ODUxLTczMjY5MzMuanBnfHx8fHx8OTJ4Njl8fHx8fA==.jpg","main":"ZDdjNWQ1MWJmZDQxODEyYzJiOTY2MGE4ZDc4OGY2ZjgQKNbI4fHbpPLHhBijybeQODk1ODUxLTczMjY5MzMuanBnfHx8fHx8fHx8fHw0MDB4MzAw.jpg","large":"OWQyZTBlNTI1NzFiZTBjODdmYjExYzFlYTIyZjkyMjnC3tMKBeO-m3334VMAQES9ODk1ODUxLTczMjY5MzMuanBnfHx8fHx8fHx8fHw2NDB4NDgw.jpg"}]}},{"ad_id":"864303","reg_year":"2004","make":"Rover","model":"45","variant":"1.4 Club 4DR","mileage":"46000","engine_size":"1.4","fuel_type":"Petrol","body_type":"Saloon","colour":"000000","location":"Dublin","price":"\u20ac 3,200","images":{"base_url":"http:\/\/i0.carsie.ie\/","image_list":[{"thumb":"MmFjZjRjNmE1ZDY0NWI3NmI4ZmM2MDBiY2NkMGY3NWVgP1Rox_SR3FSbL3RKc9mrODY0MzAzLTY5NTQ4MjEuanBnfHx8fHx8OTJ4Njl8fHx8fA==.jpg","main":"ZDhmYTllN2M3ZTcxMWM4ZWJjMWM0OWQxYWU3ZmI4N2EhpggHhgdQC6ihMjClOXcQODY0MzAzLTY5NTQ4MjEuanBnfHx8fHx8fHx8fHw0MDB4MzAw.jpg","large":"OTY1MmJkNTFmNWJjYmY5Mjk2NzJjYzJhMWZiOTk0YzldapYidMEbKCDyXpT_P2V8ODY0MzAzLTY5NTQ4MjEuanBnfHx8fHx8fHx8fHw2NDB4NDgw.jpg"}]}}]}