{"total":"23408","result":[{"ad_id":"895928","reg_year":"2004","make":"Renault","model":"Clio","variant":"1.2 16V Extreme 2","mileage":"64647","engine_size":"1.1","fuel_type":"Petrol","body_type":"Hatchback","colour":"000000","location":"Wexford","price":"\u20ac 3,950","images":{"base_url":"http:\/\/i0.carsie.ie\/","image_list":[{"thumb":"MjNlYjQ3MTkwYzcwZjE1MjFhZmE1ZmVkMWU5NGNkZDQWs7_-jUR0r05L6LkUMmJoODk1OTI4LTczNTAzODYuanBnfHx8fHx8OTJ4Njl8fHx8fA==.jpg","main":"NjNlNDRiMTEyYWI3MmI4MmNiNzg2N2E5NmFmM2M2Y2YgYN71JErNVP3BVZ4tRXUhODk1OTI4LTczNTAzODYuanBnfHx8fHx8fHx8fHw0MDB4MzAw.jpg","large":"MDRkZTEwNzU2MjQxZDMwMzJiNzVlMmNkMmM0ZDZjNTQAAWFpso_AU50M4QUqsxzMODk1OTI4LTczNTAzODYuanBnfHx8fHx8fHx8fHw2NDB4NDgw.jpg"}]}},{"ad_id":"886832","reg_year":"2006","make":"Renault","model":"Kangoo","variant":"1.5 DCI PLUS","mileage":"88290","engine_size":"1.5","fuel_type":"Diesel","body_type":"Van","colour":"ffffff","location":"Westmeath","price":"\u20ac 3,950","images":{"base_url":"http:\/\/i0.carsie.ie\/","image_list":[{"thumb":"YjYwNjg5MDZjZjhkZGRmNTc4ZWNjZDNiZjliYTkzZmVx6YL-zjBapfMTFezkINYMODg2ODMyLTcyMTg1MDkuanBnfHx8fHx8OTJ4Njl8fHx8fA==.jpg","main":"YWVmODZhNTg2NTEzYmU2MTUzNDJlOTM0NzBjNjM2NGHIoPtZb2zTmrtdiaNKxjiuODg2ODMyLTcyMTg1MDkuanBnfHx8fHx8fHx8fHw0MDB4MzAw.jpg","large":"ZjY1MTJlM2I5ZDYwN2ZjODkxNzQ5YWNjNmE1MWRjYjF21EwOQETnbcidkhntegmJODg2ODMyLTcyMTg1MDkuanBnfHx8fHx8fHx8fHw2NDB4NDgw.jpg"}]}},{"ad_id":"852809","reg_year":"2007","make":"Renault","model":"Laguna","variant":"2 DYNAMIQUE SKY 1.9DCI 130 E4","mileage":"105000","engine_size":"1.9","fuel_type":"Diesel","body_type":null,"colour":"000000","location":"Dublin","price":"\u20ac 3,950","images":{"base_url":"http:\/\/i0.carsie.ie\/","image_list":[{"thumb":"NWRhZGU1MWZlOTFjOTgzMTg0NWJiMTBmOWQyMDk2MWLHoKXAMj8YCjs00Df8N5azODUyODA5LTcxNTE0NTIuanBnfHx8fHx8OTJ4Njl8fHx8fA==.jpg","main":"MjU2N2I1ZTg0OTc5MzQ5OWZmMTcyZjgzYzA4ODZkYjGGxY7UzMjyBc-27KO3L_jcODUyODA5LTcxNTE0NTIuanBnfHx8fHx8fHx8fHw0MDB4MzAw.jpg","large":"NzMzMzg3NTRhMjcwOWZiOGVkMDE0YTY2ZTkxYTZhYTDwlqwCqo_pCwmFt5JmhwihODUyODA5LTcxNTE0NTIuanBnfHx8fHx8fHx8fHw2NDB4NDgw.jpg"}]}},{"ad_id":"886089","reg_year":"2004","make":"Renault","model":"Laguna","variant":null,"mileage":"198000","engine_size":"1.9","fuel_type":"Diesel","body_type":null,"colour":"0000c0","location":"Kildare","price":"\u20ac 3,950","images":{"base_url":"http:\/\/i0.carsie.ie\/","image_list":[{"thumb":"MTEwYThjMjE1NDg0OWJlOTA0ZTk4OTg1NTg5NGEzMWL-NrYKNjFIZlwn-nYyxWigODg2MDg5LTcyMTUyNDguanBnfHx8fHx8OTJ4Njl8fHx8fA==.jpg","main":"MWQxZTUzM2I0MWM5NWE0ZWEyOTEwMTkxOTBhZTZjYTX6sQWE-oucgq8BgpL7yjV7ODg2MDg5LTcyMTUyNDguanBnfHx8fHx8fHx8fHw0MDB4MzAw.jpg","large":"NzBiNDI5M2YwN2I5M2ZlODBhZmZkZTYxZWQyMTA3MDl_P15P-Pky1VVTzh6-uR2FODg2MDg5LTcyMTUyNDguanBnfHx8fHx8fHx8fHw2NDB4NDgw.jpg"}]}},{"ad_id":"814947","reg_year":"2006","make":"Renault","model":"Laguna","variant":"2 1.6 16V Dynam NCT2\/14 ","mileage":"84000","engine_size":"1.6","fuel_type":"Petrol","body_type":"Hatchback","colour":"0000c0","location":"Wexford","price":"\u20ac 3,950","images":{"base_url":"http:\/\/i0.carsie.ie\/","image_list":[{"thumb":"Yzc4YWRmYTA2YjgzZDNjNzE0Y2NjMGUzNmE2OWU5Mzc0v_TJ5x99u_AkehaSN29XODE0OTQ3LTYzODgyMjIuanBnfHx8fHx8OTJ4Njl8fHx8fA==.jpg","main":"NmI5NTY1NTA2MTc4N2E5ZTM3Njk1MzgwN2M3MzA2OTN0D700uq7tIPBdqwp7HkTVODE0OTQ3LTYzODgyMjIuanBnfHx8fHx8fHx8fHw0MDB4MzAw.jpg","large":"ZDk5MjFiNjIyMTM1MThjYjJkY2NiNjZmZTVhODg2NmLUAcfPoGTY8WHzVNPDphp_ODE0OTQ3LTYzODgyMjIuanBnfHx8fHx8fHx8fHw2NDB4NDgw.jpg"}]}},{"ad_id":"776530","reg_year":"2004","make":"Renault","model":"Megane","variant":"Scenic 1.4 Dyna","mileage":"44739","engine_size":"1.4","fuel_type":"Petrol","body_type":"Hatchback","colour":"e0e0e0","location":"Cork","price":"\u20ac 3,950","images":{"base_url":"http:\/\/i0.carsie.ie\/","image_list":[{"thumb":"NjU1MTU3N2VlMjFmNmFhZDgyMmQ0ZDNiZjEwZjYwNDXRrG9b-A6SAtWgUNfCJhUQNzc2NTMwLTU5MjQ1ODIuanBnfHx8fHx8OTJ4Njl8fHx8fA==.jpg","main":"MjRiMDI3YzI0N2VkM2VhYzA4NjUyYjUwNjY1YjYzMzR2DPh5BdpfTjoFlDXzRF5GNzc2NTMwLTU5MjQ1ODIuanBnfHx8fHx8fHx8fHw0MDB4MzAw.jpg","large":"NGY0YTU1YmZmZTBhMWQ2Mjk1MmEwYmI3YTg2NjcxYjf0LMDmaXbxsyqAAnLMBk24Nzc2NTMwLTU5MjQ1ODIuanBnfHx8fHx8fHx8fHw2NDB4NDgw.jpg"}]}},{"ad_id":"824847","reg_year":"2006","make":"Renault","model":"Megane","variant":"","mileage":"45000","engine_size":"1.4","fuel_type":"Petrol","body_type":"Hatchback","colour":"ff0000","location":"Cork","price":"\u20ac 3,950","images":{"base_url":"http:\/\/i0.carsie.ie\/","image_list":[{"thumb":"MDgzMGUwNDEyNGViZDFkMzM3M2Y0YzUzMmQ2NzEwYWGGKlHxP7ucc3JKl6fVeyITODI0ODQ3LTcxMzQ3ODMuanBnfHx8fHx8OTJ4Njl8fHx8fA==.jpg","main":"ZmFlNDU3OWQ2YzU1Y2JkNDQ5ZDk1YjQ4ZTdhNzllZjKMN3Xi2yTTJEN67_f7_FdqODI0ODQ3LTcxMzQ3ODMuanBnfHx8fHx8fHx8fHw0MDB4MzAw.jpg","large":"ODY0YjZjN2U2YTVjMTNhYzY3MzQ1ODg5ODVlMTgyODjUtQ_i8aPsh_LDT8WGaOquODI0ODQ3LTcxMzQ3ODMuanBnfHx8fHx8fHx8fHw2NDB4NDgw.jpg"}]}},{"ad_id":"901782","reg_year":"2005","make":"Renault","model":"Megane","variant":"II 1.4 16V Mona","mileage":"62138","engine_size":"1.4","fuel_type":"Petrol","body_type":"Hatchback","colour":"e0e0e0","location":"Cork","price":"\u20ac 3,950","images":{"base_url":"http:\/\/i0.carsie.ie\/","image_list":[{"thumb":"NDVhYTdhZTMwNDZiZjVkNjMxODAxNWNiYTlmYTU1NGYjgxN-pLI1Gy6nSPA0luvSOTAxNzgyLTc0MjQ1NjcuanBnfHx8fHx8OTJ4Njl8fHx8fA==.jpg","main":"MDEwZjQyYTcwYTBjZjBjNTAwMGQzZDg5MWFkMWU5ODiDacSaLBqIrwbMoLYQfUNSOTAxNzgyLTc0MjQ1NjcuanBnfHx8fHx8fHx8fHw0MDB4MzAw.jpg","large":"ZDMxMTY4NmU0MmVkYTBiODQ2ZjZkODQyZDA0NTA2NjhbciJd4PEl_Mz1gBo9y63ROTAxNzgyLTc0MjQ1NjcuanBnfHx8fHx8fHx8fHw2NDB4NDgw.jpg"}]}},{"ad_id":"694234","reg_year":"2004","make":"Renault","model":"Megane","variant":"1.5 DCI","mileage":"123000","engine_size":"1.5","fuel_type":"Diesel","body_type":"Hatchback","colour":"ff0000","location":"Dublin","price":"\u20ac 3,950","images":{"base_url":"http:\/\/i0.carsie.ie\/","image_list":[{"thumb":"N2ZkMTg3MWI0ZmU0YTlkYjM0NDRjNmU3NDZlNzFlZTiWHUmJw-HuKCVP7Fb2maklNjk0MjM0LTcyNjE2NDcuanBnfHx8fHx8OTJ4Njl8fHx8fA==.jpg","main":"YjNkZTE5NDVjZGE4NTEwYzZiYmY3NTkwZTkwMWVjZGUdha86a0EZz0OHrFbP5bHrNjk0MjM0LTcyNjE2NDcuanBnfHx8fHx8fHx8fHw0MDB4MzAw.jpg","large":"Y2QzZWFlZjg2NzMyNmRmNTZmY2JiZWVlNjhjZTlhMznY1OrNeGd6SJLLOHA5YZaHNjk0MjM0LTcyNjE2NDcuanBnfHx8fHx8fHx8fHw2NDB4NDgw.jpg"}]}},{"ad_id":"812275","reg_year":"2005","make":"Renault","model":"Megane","variant":"16V!12 MONTH WARRANTY! MIRAGE","mileage":"78804","engine_size":"1.6","fuel_type":"Petrol","body_type":"Coupe","colour":"e0e0e0","location":"Dublin","price":"\u20ac 3,950","images":{"base_url":"http:\/\/i0.carsie.ie\/","image_list":[{"thumb":"NDhmYzJmNmQ0ZjJkODkzNjVhMzE1NmUzYWI2ZGQxNmLWKk1whyyat4VIPR7Xg6EkODEyMjc1LTcwMTM0NTMuanBnfHx8fHx8OTJ4Njl8fHx8fA==.jpg","main":"ZWI0N2E3ZGFjNDYxNTg4NGM0OTViNWVjZjc2ODUyYziAU8yrfhi6UoJs4HJHz00BODEyMjc1LTcwMTM0NTMuanBnfHx8fHx8fHx8fHw0MDB4MzAw.jpg","large":"Yjg2MTVhOWQyNzNkY2YwZGFmMjYyYWVhMDcwMjYzOTE5UUeFjbZpaF4PfDOCzQuSODEyMjc1LTcwMTM0NTMuanBnfHx8fHx8fHx8fHw2NDB4NDgw.jpg"}]}},{"ad_id":"813396","reg_year":"2004","make":"Renault","model":"Megane","variant":"NCT PASS 20\/14 16V Cabrio Dyna","mileage":"57349","engine_size":"1.6","fuel_type":"Petrol","body_type":"Cabriolet \/ Convertible","colour":"e0e0e0","location":"Dublin","price":"\u20ac 3,950","images":{"base_url":"http:\/\/i0.carsie.ie\/","image_list":[{"thumb":"YTFiYWZkOWUzMWNkMGRiZmZkM2Y1ZmJhMDYxMDQ4ZTVZadL62TlmWcE9m3jYW7RbODEzMzk2LTYzNjgwNDQuanBnfHx8fHx8OTJ4Njl8fHx8fA==.jpg","main":"Y2IwYjQ3NzE2MDE4MzU2NWUxOTllMDRjODhmYTYwZjaNdneTyfWqUB1polAZQJJUODEzMzk2LTYzNjgwNDQuanBnfHx8fHx8fHx8fHw0MDB4MzAw.jpg","large":"MTNhODlhMzJkMTI0ZTQzN2E2YzNkN2ZkZWI0YzQ2ZDjaYMTvouS2rpsY3xlRpEsxODEzMzk2LTYzNjgwNDQuanBnfHx8fHx8fHx8fHw2NDB4NDgw.jpg"}]}},{"ad_id":"830469","reg_year":"2005","make":"Renault","model":"Megane","variant":"MONACO","mileage":"79000","engine_size":"1.4","fuel_type":"Petrol","body_type":"Hatchback","colour":"e0e0e0","location":"Dublin","price":"\u20ac 3,950","images":{"base_url":"http:\/\/i0.carsie.ie\/","image_list":[{"thumb":"M2I2N2ZjMDc0OTJkNDkzOTFmMjI2MDNhMzg5MzNjNmaAizXjiv-GgpUPB7UdjzHkODMwNDY5LTY1ODA0ODMuanBnfHx8fHx8OTJ4Njl8fHx8fA==.jpg","main":"MWFlZmNiZTkyOWUzMTIwZjMyMmU2OWEwOTI5Y2ZmZDlGuS3esdUypmzpBTZNMAH-ODMwNDY5LTY1ODA0ODMuanBnfHx8fHx8fHx8fHw0MDB4MzAw.jpg","large":"MGU4NTI2YjZhNDkyZmVkMzk0NDc5ZmM5NDYxNTIxZTP8jeeEqr6B5pddK3f5qu42ODMwNDY5LTY1ODA0ODMuanBnfHx8fHx8fHx8fHw2NDB4NDgw.jpg"}]}},{"ad_id":"831479","reg_year":"2004","make":"Renault","model":"Megane","variant":"1.9 DCI 120 Dynamique 05DR","mileage":"95000","engine_size":"1.9","fuel_type":"Diesel","body_type":"Estate","colour":"e0e0e0","location":"Dublin","price":"\u20ac 3,950","images":{"base_url":"http:\/\/i0.carsie.ie\/","image_list":[{"thumb":"NmFhZjQwNjhiOGM3YjZjMjY5NWU4YjIyM2Q0MjE5MDcMGlsvwOFsRF1_D4UYM1WVODMxNDc5LTY1OTA1OTYuanBnfHx8fHx8OTJ4Njl8fHx8fA==.jpg","main":"YzU2YTQ1Mjk5ZWUxMGY3YWJmMWQ5M2NlODNiZTQ1NmHzzj-Dp8dMAuLaAXVYlZt-ODMxNDc5LTY1OTA1OTYuanBnfHx8fHx8fHx8fHw0MDB4MzAw.jpg","large":"OGM2YTQ5ODQzNDU5NjMzMGYyMDhlM2UyNGRkZWI4N2aTABxhh8lBKLkUWW0rGKsTODMxNDc5LTY1OTA1OTYuanBnfHx8fHx8fHx8fHw2NDB4NDgw.jpg"}]}},{"ad_id":"864309","reg_year":"2004","make":"Renault","model":"Megane","variant":"Scenic 16V Dyna","mileage":"80000","engine_size":"1.6","fuel_type":"Petrol","body_type":"Hatchback","colour":"008000","location":"Dublin","price":"\u20ac 3,950","images":{"base_url":"http:\/\/i0.carsie.ie\/","image_list":[{"thumb":"NDI5NmNhY2IzN2ExZDExNTJlNzQwMzc0MzNjOTc5YmLhYcDcGoNFW4dCKO8TAwK4ODY0MzA5LTY5NTUxNzYuanBnfHx8fHx8OTJ4Njl8fHx8fA==.jpg","main":"OWE4ZGIwOWNhNTRkYTE0NDFjMTAyMzA3YzE5M2YxNWK1zsrTi7Rr639N2AECZa1NODY0MzA5LTY5NTUxNzYuanBnfHx8fHx8fHx8fHw0MDB4MzAw.jpg","large":"ZWYzZDFmYzBhYjY0OGEwNjAxZjRiYWFlOWU3MWNhMGEuEaPZGKNfX4d544zJUCjKODY0MzA5LTY5NTUxNzYuanBnfHx8fHx8fHx8fHw2NDB4NDgw.jpg"}]}},{"ad_id":"882715","reg_year":"2004","make":"Renault","model":"Megane","variant":"1.4-5DR-1 YEAR WARRANTY*SIMI APPROVED DEALER*","mileage":"89621","engine_size":"1.4","fuel_type":"Petrol","body_type":null,"colour":"000000","location":"Dublin","price":"\u20ac 3,950","images":{"base_url":"http:\/\/i0.carsie.ie\/","image_list":[{"thumb":"OTI5MDdmYThhZDBjMTNlZTFlZjQ1N2E4YmM3MTRlMTadNLUpWduFz7S-bOvzX_eVODgyNzE1LTcyMTQyNzIuanBnfHx8fHx8OTJ4Njl8fHx8fA==.jpg","main":"N2Q5ZDE1YzQ1ZDQ3ZmEzNTNkZDFkYjA4ZDFlNjI4OGPKIGKFU0bXR-K1WYCmGs_IODgyNzE1LTcyMTQyNzIuanBnfHx8fHx8fHx8fHw0MDB4MzAw.jpg","large":"NDI2OGU2NmE0YWE3YTQ0OGZlZTNiYjQ4MGM1MzU4MTTrVuRWbHriNRCal3F_3DeNODgyNzE1LTcyMTQyNzIuanBnfHx8fHx8fHx8fHw2NDB4NDgw.jpg"}]}},{"ad_id":"884556","reg_year":"2005","make":"Renault","model":"Megane","variant":"1.5dci Dynamiqu","mileage":"130491","engine_size":"1.5","fuel_type":"Diesel","body_type":"Saloon","colour":"000000","location":"Dublin","price":"\u20ac 3,950","images":{"base_url":"http:\/\/i0.carsie.ie\/","image_list":[{"thumb":"ZjY2ZDhkYzNmNzhiYWQ4MGI0Y2IwOTYyN2E2MTgzMTW-v0lSnOmao2kVVShVfz87ODg0NTU2LTcxOTUwMDUuanBnfHx8fHx8OTJ4Njl8fHx8fA==.jpg","main":"NzljMjcwODVlNDk5ZWVjOTk0N2I3ZTFlODczNGRiOWTyYjr9m74mOxh25SIOKH3MODg0NTU2LTcxOTUwMDUuanBnfHx8fHx8fHx8fHw0MDB4MzAw.jpg","large":"YmY1MjA1ZWQ3YWIxNjcyNjU1ODFjZmEwZWFkNWI4ODQt94icoBJ27CL5qrjcAa1OODg0NTU2LTcxOTUwMDUuanBnfHx8fHx8fHx8fHw2NDB4NDgw.jpg"}]}},{"ad_id":"886895","reg_year":"2005","make":"Renault","model":"Megane","variant":"Scenic 16V Dyna NCT 2015 LOW MILAGE","mileage":"59000","engine_size":"1.6","fuel_type":"Petrol","body_type":"Hatchback","colour":"e0e0e0","location":"Dublin","price":"\u20ac 3,950","images":{"base_url":"http:\/\/i0.carsie.ie\/","image_list":[{"thumb":"NTc1ODY3ZGE2NTYyNmEyZmRkMDM5MzI4NTg5OTY2MGIfyuHiqiXR0KP4Ak9Kwp5hODg2ODk1LTcyMTkwMzkuanBnfHx8fHx8OTJ4Njl8fHx8fA==.jpg","main":"MzI2ODFjZmQ2Y2MyOTk4YmMzNWYwYmVmMDEwZTIxNDGtZbgCMcL7LynREHLqJCJ-ODg2ODk1LTcyMTkwMzkuanBnfHx8fHx8fHx8fHw0MDB4MzAw.jpg","large":"ZTUxNmQ0Y2MzMDRkNmZkZDcyODRiMTkyYzM1YmE3ODDf9WlOtzuSoFuOkzMfuOQjODg2ODk1LTcyMTkwMzkuanBnfHx8fHx8fHx8fHw2NDB4NDgw.jpg"}]}},{"ad_id":"897980","reg_year":"2005","make":"Renault","model":"Megane","variant":"16V Cabrio Dyna","mileage":"53070","engine_size":"1.6","fuel_type":"Petrol","body_type":"Cabriolet \/ Convertible","colour":"e0e0e0","location":"Dublin","price":"\u20ac 3,950","images":{"base_url":"http:\/\/i0.carsie.ie\/","image_list":[{"thumb":"NDZhMWIzMTkxZDI3YWRmNTIyMDgyNzE0ODgwMzU5ZjmXsGNlqfxA__GV4mD2WrxuODk3OTgwLTczNjAyODUuanBnfHx8fHx8OTJ4Njl8fHx8fA==.jpg","main":"ODMxYjM0ZWQyNmU1ZDkxMTI4ZTg5OGNiMzE3M2UwZWOZb054A4ZSOLGdIYzl7xf3ODk3OTgwLTczNjAyODUuanBnfHx8fHx8fHx8fHw0MDB4MzAw.jpg","large":"YjA2ZTdmMWJkMmQwODA5YmY0MTNjODcyZTkzZTcxMDbnr43xQsaBO9W_HM-c2jQ7ODk3OTgwLTczNjAyODUuanBnfHx8fHx8fHx8fHw2NDB4NDgw.jpg"}]}},{"ad_id":"900184","reg_year":"2005","make":"Renault","model":"Megane","variant":"SPORT 6SPEED DYNAMIQUE*12 MONTHS WARRANTY*SIMI APPROVED DEALER*","mileage":"102153","engine_size":"1.4","fuel_type":"Petrol","body_type":null,"colour":"e0e0e0","location":"Dublin","price":"\u20ac 3,950","images":{"base_url":"http:\/\/i0.carsie.ie\/","image_list":[{"thumb":"ZDc0YTNmZjAwODUyODI3YjQ2MTY4NmFkN2IwNjNlZmVxQ0l5ywlFcG6KzPTF3wowOTAwMTg0LTc0MDA3MzcuanBnfHx8fHx8OTJ4Njl8fHx8fA==.jpg","main":"NTZjZGZhNWQ3NzQ2OWZkYzZiZWU4ODc2ZTFhYTM3MmJuW_19IhuvCmbNaCRapodoOTAwMTg0LTc0MDA3MzcuanBnfHx8fHx8fHx8fHw0MDB4MzAw.jpg","large":"YjZhZDllNGM2YTBjZTZmNTA3MWIyYzU3NjBlNDM4M2LLodW15HoAjpEBeJUGvPL8OTAwMTg0LTc0MDA3MzcuanBnfHx8fHx8fHx8fHw2NDB4NDgw.jpg"}]}},{"ad_id":"901128","reg_year":"2006","make":"Renault","model":"Megane","variant":"Sport 1.4 Dynam","mileage":"46604","engine_size":"1.4","fuel_type":"Petrol","body_type":"Saloon","colour":"e0e0e0","location":"Dublin","price":"\u20ac 3,950","images":{"base_url":"http:\/\/i0.carsie.ie\/","image_list":[{"thumb":"YjEzYjJjZDE1ZTA5ZThiNDEwODNjYTIxMGI0OWQ5ODPBc8OFepSDlzIixuhriw4BOTAxMTI4LTc0MjczOTcuanBnfHx8fHx8OTJ4Njl8fHx8fA==.jpg","main":"M2M1MTQwMjA2MjY4NzUwZjA4NmJjNmI1MmNkYzIwZDMw7c4Rqz3OKZnH0MN8rnWjOTAxMTI4LTc0MjczOTcuanBnfHx8fHx8fHx8fHw0MDB4MzAw.jpg","large":"MWRlZmVjNmE2Y2QzNDU0NjExY2M5OTYzZjlmODIyZDZGlk4XG89E6Zvoifx2tOYjOTAxMTI4LTc0MjczOTcuanBnfHx8fHx8fHx8fHw2NDB4NDgw.jpg"}]}}]}