{"total":"23408","result":[{"ad_id":"803793","reg_year":"2001","make":"Daewoo","model":"Leganza","variant":"CDX","mileage":"99000","engine_size":"2.0","fuel_type":"Petrol","body_type":"Saloon","colour":"ff0000","location":"Dublin","price":"\u20ac 995","images":{"base_url":"http:\/\/i0.carsie.ie\/","image_list":[{"thumb":"NWM5ZTU0MjU3ZTU5NTBiMDUzMDYwZWQxODUzNDk0N2KKTnNvB8cOXitVPpzwKWyaODAzNzkzLTYyNDU1MzcuanBnfHx8fHx8OTJ4Njl8fHx8fA==.jpg","main":"MTdmMjA0ZGZjNDIwZDMzNjIyZjg1MjY2M2YxNzViMjRW4vaiUnFyN62D-QQRSJpXODAzNzkzLTYyNDU1MzcuanBnfHx8fHx8fHx8fHw0MDB4MzAw.jpg","large":"YThhY2RkODMzMDYxYzM4NmQ3YWY4ZmZjYjI0YTdmYzVwscq4xN-4spzwslcn_VAJODAzNzkzLTYyNDU1MzcuanBnfHx8fHx8fHx8fHw2NDB4NDgw.jpg"}]}},{"ad_id":"855860","reg_year":"2001","make":"Ford","model":"Courier","variant":"Courier VAN","mileage":"155000","engine_size":"1.8","fuel_type":"Diesel","body_type":"Van","colour":"ff0000","location":"Dublin","price":"\u20ac 995","images":{"base_url":"http:\/\/i0.carsie.ie\/","image_list":[{"thumb":"MmM4NjIyNDliYjA2ZTVkMDE2NjIwZWUwYzQ1YjZhZTie4S1DXgnMGiwfTXTeM5glODU1ODYwLTY4NjA3MzUuanBnfHx8fHx8OTJ4Njl8fHx8fA==.jpg","main":"MDZhNzhmYzFkMzgyZDczYzYwYWQxODc3NTRkZTVhYWZD8TeIsBrQxHdx9TjemNt3ODU1ODYwLTY4NjA3MzUuanBnfHx8fHx8fHx8fHw0MDB4MzAw.jpg","large":"MmMzYWYxOTc5ZGYzNjBkODNkZDMxOGVkOWJkOTFhNGN2hk2TH3kF2g8k1lBfG8bfODU1ODYwLTY4NjA3MzUuanBnfHx8fHx8fHx8fHw2NDB4NDgw.jpg"}]}},{"ad_id":"795952","reg_year":"1999","make":"Honda","model":"Prelude","variant":"SOLD SOLD 2.0I Coupe NCT 03-14","mileage":"144000","engine_size":"2.0","fuel_type":"Petrol","body_type":"Coupe","colour":"008000","location":"Galway","price":"\u20ac 995","images":{"base_url":"http:\/\/i0.carsie.ie\/","image_list":[{"thumb":"NGQ4YWFlYTUwZTc1MjkzYmM4NzliOTQyODY5NDIzMTdQVOZ6v5BqSgBs9Wb1yqZkNzk1OTUyLTY3NTQwMjcuanBnfHx8fHx8OTJ4Njl8fHx8fA==.jpg","main":"MTIwNDQyYWFmZmNlZjg2OTI1NGU4ZmM3MGFjMjAxNDfZS5EUKsVl2ll9zjB0zPToNzk1OTUyLTY3NTQwMjcuanBnfHx8fHx8fHx8fHw0MDB4MzAw.jpg","large":"YTZhMjY4NWI0ZTJhNDNlMWJjOTM5NjQyMzQ1NDczNzUPZnqquXMmt-PqbNWVG24CNzk1OTUyLTY3NTQwMjcuanBnfHx8fHx8fHx8fHw2NDB4NDgw.jpg"}]}},{"ad_id":"829541","reg_year":"1998","make":"Mercedes-Benz","model":"E 200","variant":"Auto.","mileage":"130000","engine_size":"2.0","fuel_type":"Petrol","body_type":"Saloon","colour":"858585","location":"Dublin","price":"\u20ac 995","images":{"base_url":"http:\/\/i0.carsie.ie\/","image_list":[{"thumb":"NmVjMmYzMmVjOTY2MzBiOTc1YWU5ZDQ2ZjI0OTNjNzCaectrK0CcBTwOC0QU634jODI5NTQxLTY1NzAzMTcuanBnfHx8fHx8OTJ4Njl8fHx8fA==.jpg","main":"YjgzZWU5Njc4YjhlYjhhZTc5YThlMjBlNWFiZmIyMzeFYYdzrBYpbG7JOWVXfOMeODI5NTQxLTY1NzAzMTcuanBnfHx8fHx8fHx8fHw0MDB4MzAw.jpg","large":"N2JjNTEyNjFkMzdkMjUxZTEwNzY4ODMxZTBiNGMyNzQaqBPIvE5xRjF4VCMKDemRODI5NTQxLTY1NzAzMTcuanBnfHx8fHx8fHx8fHw2NDB4NDgw.jpg"}]}},{"ad_id":"868171","reg_year":"1998","make":"Nissan","model":"Cargo","variant":"Cargo 2.3","mileage":"126606","engine_size":"2.3","fuel_type":"Diesel","body_type":"Van","colour":"ffffff","location":"Kildare","price":"\u20ac 995","images":{"base_url":"http:\/\/i0.carsie.ie\/","image_list":[{"thumb":"NDFkYjkyMTIxMmYzZDBiZGFjNTUxMjU4YWM4YTVjODl12CFcCu7FN3C8mKvpUc2TODY4MTcxLTY5OTk4MzQuanBnfHx8fHx8OTJ4Njl8fHx8fA==.jpg","main":"YjkzYTBlZGRhOTA1MDIwNDJmYmYxMjY3N2M1ZjEyNzfzEyk2q6KvROTBKC42kbn_ODY4MTcxLTY5OTk4MzQuanBnfHx8fHx8fHx8fHw0MDB4MzAw.jpg","large":"ZTJkYmRjMGM2ODUyNGE5ZTY1YWFlYWUyMGFmZDRjNDbqzLWhdkmCuKGXLdBLf_CiODY4MTcxLTY5OTk4MzQuanBnfHx8fHx8fHx8fHw2NDB4NDgw.jpg"}]}},{"ad_id":"874080","reg_year":"1997","make":"Volkswagen","model":"Sharan","variant":"CL 2.0","mileage":"198000","engine_size":"2.0","fuel_type":"Petrol","body_type":"SUV","colour":"858585","location":"Dublin","price":"\u20ac 995","images":{"base_url":"http:\/\/i0.carsie.ie\/","image_list":[{"thumb":"YWM4ZjVmNzc4MTMyNDE0ODY2ZDc2OGEzNjg4YjEyMTgMS3BNE33y73WJW5wlnwJCODc0MDgwLTcwNjQ3NjQuanBnfHx8fHx8OTJ4Njl8fHx8fA==.jpg","main":"MTBmNDBhYjUwYWEzZWE1YTZmZmE1NzMwNTFhMDE3NjZ-5Us1T7JLo3hQI0IdXQeyODc0MDgwLTcwNjQ3NjQuanBnfHx8fHx8fHx8fHw0MDB4MzAw.jpg","large":"MTAxNDRiYjE1MWExYjY1ZjYyY2Q5N2MxY2U2NzQ4NmIArdIbkL9MVxisTJiMtVk_ODc0MDgwLTcwNjQ3NjQuanBnfHx8fHx8fHx8fHw2NDB4NDgw.jpg"}]}},{"ad_id":"878257","reg_year":"2001","make":"Hyundai","model":"Accent","variant":"GLS Gold","mileage":"90000","engine_size":"1.3","fuel_type":"Petrol","body_type":"Saloon","colour":"ff0000","location":"Cork","price":"\u20ac 999","images":{"base_url":"http:\/\/i0.carsie.ie\/","image_list":[{"thumb":"MjU4ODM0MzRhZTdhNGQ2MTExY2MwN2MwMTI3YzgxOWTBa-nibrp8mawXOJ9UTwknODc4MjU3LTcxMTkyOTIuanBnfHx8fHx8OTJ4Njl8fHx8fA==.jpg","main":"ODdhM2YyOTZhMjE3NTg0MDQ0NjJhYjMxYmJmZTQwM2H8DUluFeS9WI8kIEKP1bcNODc4MjU3LTcxMTkyOTIuanBnfHx8fHx8fHx8fHw0MDB4MzAw.jpg","large":"YTg1YmEyNWY2ZWRlZGY0YjA4NTM2YzA4YjM0YTlhZTCqfhS8L4SHQNz0mwP-YJpJODc4MjU3LTcxMTkyOTIuanBnfHx8fHx8fHx8fHw2NDB4NDgw.jpg"}]}},{"ad_id":"814600","reg_year":"1999","make":"Jaguar","model":"XJ6","variant":"Sport 3.2","mileage":"115000","engine_size":"3.2","fuel_type":"Petrol","body_type":"Saloon","colour":"e0e0e0","location":"Dublin","price":"\u20ac 999","images":{"base_url":"http:\/\/i0.carsie.ie\/","image_list":[{"thumb":"YzFiN2Y5NDMxNjczOTA4OGQ2ZmM1MjhhYzk4OGRjMTXL8UPSr72HTIitgpNrbpcxODE0NjAwLTY2OTQ4MTEuanBnfHx8fHx8OTJ4Njl8fHx8fA==.jpg","main":"ODcyZDRjYTAzN2MzZGE5MDMzYWVlODEzNmNmODU0YTAD23lXoTWExsrd70Cffrh3ODE0NjAwLTY2OTQ4MTEuanBnfHx8fHx8fHx8fHw0MDB4MzAw.jpg","large":"ZWM4ZmRmNGU0N2NkZjVmZDBhMDM1NzcyN2JiYmM3ZDQHNHMT8HWo5ctnZEyfm809ODE0NjAwLTY2OTQ4MTEuanBnfHx8fHx8fHx8fHw2NDB4NDgw.jpg"}]}},{"ad_id":"896675","reg_year":"2000","make":"Peugeot","model":"106","variant":"Zest 3 1.1","mileage":"67761","engine_size":"1.1","fuel_type":"Petrol","body_type":"Hatchback","colour":"e0e0e0","location":"Dublin","price":"\u20ac 999","images":{"base_url":"http:\/\/i0.carsie.ie\/","image_list":[{"thumb":"ODVkMzM0MmIxZDEyY2M0OTY0ZTEyOWRjMjczY2M1NjN6qliQwTIVfn5-fBHRyVsDODk2Njc1LTczNTc0MDEuanBnfHx8fHx8OTJ4Njl8fHx8fA==.jpg","main":"YjVkNjIzMDYyMWQ1M2E1NmNiZGU0NmQ1YmM0YmI1Y2Gsx0Ygsp9Htuv3OZwHnczyODk2Njc1LTczNTc0MDEuanBnfHx8fHx8fHx8fHw0MDB4MzAw.jpg","large":"YmMxM2I2NDYwMjU4OTAxYmJmZWMyOTgzYTA5ZTY3YmSTOSTLAIB0oJUmyrKi0iV2ODk2Njc1LTczNTc0MDEuanBnfHx8fHx8fHx8fHw2NDB4NDgw.jpg"}]}},{"ad_id":"790020","reg_year":"2000","make":"Volkswagen","model":"Polo","variant":"0.999 l","mileage":"125000","engine_size":"under 1.0","fuel_type":"Petrol","body_type":"Hatchback","colour":"0000c0","location":"Kildare","price":"\u20ac 999","images":{"base_url":"http:\/\/i0.carsie.ie\/","image_list":[{"thumb":"NDUyNWIwNTZiNTk1Mzc2ZjMxMGNkN2NiMTA4NDZkNzjH6wIj6og9W6Hzdq_1BcRQNzkwMDIwLTYwODA5NTguanBnfHx8fHx8OTJ4Njl8fHx8fA==.jpg","main":"NTIwM2JlMWYyYjNhZTJmYTM3OTNkMjM0ZjE4ZTExYWW_1npCrYdGOy_U-ZkLat2NNzkwMDIwLTYwODA5NTguanBnfHx8fHx8fHx8fHw0MDB4MzAw.jpg","large":"MDQxNDgzNGM4MTgzN2ZjMmM2MzNhYjU0ODU1MjI1ZDUxBezDnqcOoejOkbSrRradNzkwMDIwLTYwODA5NTguanBnfHx8fHx8fHx8fHw2NDB4NDgw.jpg"}]}},{"ad_id":"826848","reg_year":"1998","make":"Volvo","model":"S70","variant":"S70 2.5 10V","mileage":"125000","engine_size":"2.4","fuel_type":"Petrol","body_type":"Saloon","colour":"858585","location":"Dublin","price":"\u20ac 999","images":{"base_url":"http:\/\/i0.carsie.ie\/","image_list":[{"thumb":"OGE2NTY4N2QxMTA4NGZhNTM3M2ZkYjNiNzUyOGU2YTaIQVewIfaQ39uFcqPVp6TGODI2ODQ4LTY1MzY5OTMuanBnfHx8fHx8OTJ4Njl8fHx8fA==.jpg","main":"YmYwY2VmMTI1NzdjZTBkNDY0ODUyMGM5NmE0MjI1N2ZrZTlbgNZ4rVJUP6ozpEWiODI2ODQ4LTY1MzY5OTMuanBnfHx8fHx8fHx8fHw0MDB4MzAw.jpg","large":"NjRjNGUzYWJmZThkMjBhYWU5ODgzYTI2NThjOGYyOGYQxGwzKFy0eIWl0uc0MI3JODI2ODQ4LTY1MzY5OTMuanBnfHx8fHx8fHx8fHw2NDB4NDgw.jpg"}]}},{"ad_id":"895258","reg_year":"2000","make":"Daewoo","model":"Matiz","variant":"SE","mileage":"49711","engine_size":null,"fuel_type":"Petrol","body_type":"Hatchback","colour":"ffff00","location":"Meath","price":"\u20ac 1,000","images":{"base_url":"http:\/\/i0.carsie.ie\/","image_list":[{"thumb":"YzlkY2M0YWFlZjUwMWVhZmE0ZTkyMGQxNmJjM2E4NDd3qXhuXCiYuO3Eafq_vDyfODk1MjU4LTczMjE4ODAuanBnfHx8fHx8OTJ4Njl8fHx8fA==.jpg","main":"YjdlNzExZDRjOWRkOWNiYTE1N2NlYjFiNzI0NzgxZTR9qlH41-UC75MIbqa8GXT8ODk1MjU4LTczMjE4ODAuanBnfHx8fHx8fHx8fHw0MDB4MzAw.jpg","large":"OThmNDk5Y2ZiN2U4ZDE4YmMyODBjM2U0MWJmMjUyYjMVKL1mTSBau_TlPGyesNoXODk1MjU4LTczMjE4ODAuanBnfHx8fHx8fHx8fHw2NDB4NDgw.jpg"}]}},{"ad_id":"830363","reg_year":"2002","make":"Daewoo","model":"Tacuma","variant":"Tacuma COX","mileage":"86603","engine_size":"2.0","fuel_type":"Petrol","body_type":"Estate","colour":"e0e0e0","location":"Clare","price":"\u20ac 1,000","images":{"base_url":"http:\/\/i0.carsie.ie\/","image_list":[{"thumb":"ZDQ5YWNmNWE4M2MzYTllOTk3N2YyZmFjZmY5Njg5NmaTNGzA0OWiPK2ZalXcYUeYODMwMzYzLTY2Njc3MDcuanBnfHx8fHx8OTJ4Njl8fHx8fA==.jpg","main":"NjZhZDM0NjdjNDFkYWM5NTExOGRiYzJiZmEyMDNhZTAv9E33ThsQNdWqRfv1BFGJODMwMzYzLTY2Njc3MDcuanBnfHx8fHx8fHx8fHw0MDB4MzAw.jpg","large":"MTViOTVhN2Y1OTQ5YjlmOGNhMmNlMThhMTNhMDc3NzCYYv_SMSnb10u6bVzx5NTIODMwMzYzLTY2Njc3MDcuanBnfHx8fHx8fHx8fHw2NDB4NDgw.jpg"}]}},{"ad_id":"889290","reg_year":"1999","make":"Fiat","model":"Punto","variant":"605 Selecta Auto.","mileage":"40000","engine_size":"1.2","fuel_type":"Petrol","body_type":"Hatchback","colour":"000000","location":"Dublin","price":"\u20ac 1,000","images":{"base_url":"http:\/\/i0.carsie.ie\/","image_list":[{"thumb":"ZDgwODA2YTRiNzg1MzlhN2IyMjVkNDg5NGZlNjg0ZDamjEtxtRIGb9tyEqJpRGR1ODg5MjkwLTcyNDIyNzUuanBnfHx8fHx8OTJ4Njl8fHx8fA==.jpg","main":"MWE0ZjdjNDhhZTc3OWNkMDhmNWEzM2U5OGViZTBhMTFOwYEL4vbgH4Ee8_H_y80sODg5MjkwLTcyNDIyNzUuanBnfHx8fHx8fHx8fHw0MDB4MzAw.jpg","large":"Y2VmZmNiMDU1NDQ3MzQ5MzMwZGFlZGJkMThiZWZjZDb1yyJvgSuQrow9gPUWMBx4ODg5MjkwLTcyNDIyNzUuanBnfHx8fHx8fHx8fHw2NDB4NDgw.jpg"}]}},{"ad_id":"896059","reg_year":"2000","make":"Fiat","model":"Punto","variant":"1.2 nct 02\/14, good condition","mileage":"101624","engine_size":"1.2","fuel_type":"Petrol","body_type":"Hatchback","colour":"0000c0","location":"Kildare","price":"\u20ac 1,000","images":{"base_url":"http:\/\/i0.carsie.ie\/","image_list":[{"thumb":"OGI3OTQ4OWEyMWY3MDllZTUxY2FiNTZiN2ZmYmEwZmQyc8Cf50Klu6fBQAU7xnS-ODk2MDU5LTczNjA3MzQuanBnfHx8fHx8OTJ4Njl8fHx8fA==.jpg","main":"YTJkYjRlZmE2NjhhOTQ1MjM4MmUzYTczYjRlZDdjN2QwVp1rA6mYPjgQ1Nkhe5sjODk2MDU5LTczNjA3MzQuanBnfHx8fHx8fHx8fHw0MDB4MzAw.jpg","large":"ZjQ5YTFiOWVkMjIwNTNmYzk1ZWY3NmJhZDdlNzJjY2TsD-BrXCJ_RuCZtWEyQQ0XODk2MDU5LTczNjA3MzQuanBnfHx8fHx8fHx8fHw2NDB4NDgw.jpg"}]}},{"ad_id":"897135","reg_year":"2000","make":"Ford","model":"Focus","variant":"1.4I LX","mileage":"83381","engine_size":"1.4","fuel_type":"Petrol","body_type":"Hatchback","colour":"0000c0","location":"Dublin","price":"\u20ac 1,000","images":{"base_url":"http:\/\/i0.carsie.ie\/","image_list":[{"thumb":"YjFjMjk0ZjE2ZGJlOWE4YTQ4NzA5YmJiYjA0ZTk0NDlXl3dr-g8eGIesKVmyPNnxODk3MTM1LTczNTEyNzQuanBnfHx8fHx8OTJ4Njl8fHx8fA==.jpg","main":"YjVjNzU2ZGI4NTQ0MGZkMTcwNzk1MjI0YWIzYzdjYzPdl3zffcJ6ghuTOzoB4CQtODk3MTM1LTczNTEyNzQuanBnfHx8fHx8fHx8fHw0MDB4MzAw.jpg","large":"MWY1Yzk3YzJlOTYyOGI4ODlhNGNmYTY5ZDY4ODhjOWTogiEeCetAS5_TUYhnQcL2ODk3MTM1LTczNTEyNzQuanBnfHx8fHx8fHx8fHw2NDB4NDgw.jpg"}]}},{"ad_id":"784279","reg_year":"2001","make":"Hyundai","model":"Accent","variant":"GS","mileage":"85000","engine_size":"1.3","fuel_type":"Petrol","body_type":"Hatchback","colour":"e0e0e0","location":"Wexford","price":"\u20ac 1,000","images":{"base_url":"http:\/\/i0.carsie.ie\/","image_list":[{"thumb":"M2VhMTU3ZDM0MTJiMzUxODI4ZTNjZWI4ZjE0ZWVmYjWKeXbJINRXDS3a_n1AbXtXNzg0Mjc5LS5qcGd8fHx8fHw5Mng2OXx8fHx8.jpg","main":"MGVkZWE1YzVlMmZlNDUyZmNmNzc0NjE0ZjZmZjBkYzmnjx5VdJmzN3F5DLDnuGd_Nzg0Mjc5LS5qcGd8fHx8fHx8fHx8fDQwMHgzMDA=.jpg","large":"ZGU3ZTFiYTJhMmZlODQ1NzM4M2ZkNjU4YjdkOTc1ZjEoLKFvXqnqGQUcxb75gnDANzg0Mjc5LS5qcGd8fHx8fHx8fHx8fDY0MHg0ODA=.jpg"}]}},{"ad_id":"896581","reg_year":"2002","make":"Hyundai","model":"Sonata","variant":"2.0 GLS nct 08\/13, great driver.","mileage":"216174","engine_size":"2.0","fuel_type":"Petrol","body_type":"Saloon","colour":"e0e0e0","location":"Kildare","price":"\u20ac 1,000","images":{"base_url":"http:\/\/i0.carsie.ie\/","image_list":[{"thumb":"MjkzNzJhNWVlY2UxYjY2MjRhZTk2NGMyMGE1MmZjZTb-RyOOw7NmaQgUBqvRtVaLODk2NTgxLTczNDY0MzkuanBnfHx8fHx8OTJ4Njl8fHx8fA==.jpg","main":"MmQxODVmNjk5MmZlZjdiM2FlMWRlOTg3MjU5YWJhOGZr012LvPb1kAKTYKGyo8q2ODk2NTgxLTczNDY0MzkuanBnfHx8fHx8fHx8fHw0MDB4MzAw.jpg","large":"YWI1MjRlMWE5YjI4YjcxZGVjOTZhYmVmOTYzNGMwODgZGXTUhV_Pswn1NRT1-xSbODk2NTgxLTczNDY0MzkuanBnfHx8fHx8fHx8fHw2NDB4NDgw.jpg"}]}},{"ad_id":"895606","reg_year":"1991","make":"Mercedes-Benz","model":"300","variant":"300 E 24V Auto.","mileage":"124000","engine_size":"3.0","fuel_type":"Petrol","body_type":"Hatchback","colour":"000000","location":"Dublin","price":"\u20ac 1,000","images":{"base_url":"http:\/\/i0.carsie.ie\/","image_list":[{"thumb":"YjMxZWY3N2YwOTZjZWUxYTU0ODhiYzhiZDJhZDZiYjhLI_mdg9SHFKtwWp-MxDMKODk1NjA2LTczMjU1OTQuanBnfHx8fHx8OTJ4Njl8fHx8fA==.jpg","main":"MWE1ZmY4MzA0ZjUxZjkyMDUwYTA3Y2ExNDJiMWM5OGY5DLYnG4JeUsA-Xd09ijlzODk1NjA2LTczMjU1OTQuanBnfHx8fHx8fHx8fHw0MDB4MzAw.jpg","large":"NzViN2NkYjNiZWY0YjFlNDFkYjhjMWUxMjNlMjk1NDBiOJ_4yFccIXejtzlGqen5ODk1NjA2LTczMjU1OTQuanBnfHx8fHx8fHx8fHw2NDB4NDgw.jpg"}]}},{"ad_id":"900888","reg_year":"1997","make":"Mercedes-Benz","model":"C 180","variant":"","mileage":"100000","engine_size":"1.8","fuel_type":"Petrol","body_type":"Saloon","colour":"858585","location":"Limerick","price":"\u20ac 1,000","images":{"base_url":"http:\/\/i0.carsie.ie\/","image_list":[{"thumb":"MmUyMjBmZjIxNDg0ODlkOWU3MzcxYmFkODQwMjFmYWT_XBocNkNUHgjow09kXOwAOTAwODg4LTc0MDc2NjcuanBnfHx8fHx8OTJ4Njl8fHx8fA==.jpg","main":"MjEzMDI3ODYzODgwNTJjNGNhODkyMWFiNDUwNGU5ZDIuFqZyhmSZc4lLLtVs_t8pOTAwODg4LTc0MDc2NjcuanBnfHx8fHx8fHx8fHw0MDB4MzAw.jpg","large":"MWE2Yzk4MjI4NjdlM2ZkMDZkOTFjM2YyODYwYmI1MGPEt0tWWAJU-iXL9f9FyrT_OTAwODg4LTc0MDc2NjcuanBnfHx8fHx8fHx8fHw2NDB4NDgw.jpg"}]}}]}