{"total":"23408","result":[{"ad_id":"900696","reg_year":"2007","make":"Mazda","model":"Mazda5","variant":"5 1.8 Executive 5DR","mileage":"37283","engine_size":"1.8","fuel_type":"Petrol","body_type":"People Carrier","colour":"858585","location":"Dublin","price":"\u20ac 8,750","images":{"base_url":"http:\/\/i0.carsie.ie\/","image_list":[{"thumb":"MGIzN2MzOTg5NGFiMDc2MDZiZGU0OWIwMDNmYTU5MjTuWsZ_00KkbzFADykValchOTAwNjk2LTc0MDYxNzYuanBnfHx8fHx8OTJ4Njl8fHx8fA==.jpg","main":"NmUyNDUyODE4NGRjZTE1OTlkMzk4YmNiNjE1MjQ4ZTiUPuv5L2c9z8omzjy0nSN3OTAwNjk2LTc0MDYxNzYuanBnfHx8fHx8fHx8fHw0MDB4MzAw.jpg","large":"MThiZmE1MjY4MDY5YjFlZWQ2NTdhYzFkNmM4MDgzNjHd38S1Kz_grgY--6Ljqy2TOTAwNjk2LTc0MDYxNzYuanBnfHx8fHx8fHx8fHw2NDB4NDgw.jpg"}]}},{"ad_id":"897220","reg_year":"2008","make":"Mazda","model":"Mazda6","variant":"GH 1.8 Executive","mileage":"68042","engine_size":"1.8","fuel_type":"Petrol","body_type":"Saloon","colour":"000000","location":"Cork","price":"\u20ac 8,750","images":{"base_url":"http:\/\/i0.carsie.ie\/","image_list":[{"thumb":"NzU2YWRmMjZkNjY4NmIwZjg0MmEwMmI2ODUxYTE5ZTHfK5E572ngo-bled9MPVCRODk3MjIwLTczNjA3MTguanBnfHx8fHx8OTJ4Njl8fHx8fA==.jpg","main":"MTY0NmNmZjJmNjRkZTQ2YWExODVmNWM2YjA5ODk1M2MJDVEbu2h6SMDbw4UEmheRODk3MjIwLTczNjA3MTguanBnfHx8fHx8fHx8fHw0MDB4MzAw.jpg","large":"MzMxMzk1NWJiMDAwMDZjMTU1Y2I2NDQwMmMxYjYyODlOH62BK-d7r9EdnpynEkodODk3MjIwLTczNjA3MTguanBnfHx8fHx8fHx8fHw2NDB4NDgw.jpg"}]}},{"ad_id":"832815","reg_year":"1986","make":"Mercedes-Benz","model":"500","variant":"SL","mileage":"119000","engine_size":"5.0","fuel_type":"Petrol","body_type":"Cabriolet \/ Convertible","colour":"7a0000","location":"Meath","price":"\u20ac 8,750","images":{"base_url":"http:\/\/i0.carsie.ie\/","image_list":[{"thumb":"YWMxY2U1YjkyMDI3N2M5NDVkYjRmODc5OTU3ZmYzYzZ70oHyX-PZW5GnqA5B0wrIODMyODE1LTY2MDU2ODAuanBnfHx8fHx8OTJ4Njl8fHx8fA==.jpg","main":"ZjMyZTE5OWUyODZhMTc0YTViOWUzOWY2NmUwYzkzZjIMB0xw0MIkNyq3idvK0XSAODMyODE1LTY2MDU2ODAuanBnfHx8fHx8fHx8fHw0MDB4MzAw.jpg","large":"MmE3YmU0ZjgxOWVmMGM2YjRkMjBlMjg5ZjQyZGQ4NGZQEkzttFvoNh0JedHBu-VvODMyODE1LTY2MDU2ODAuanBnfHx8fHx8fHx8fHw2NDB4NDgw.jpg"}]}},{"ad_id":"805610","reg_year":"2007","make":"Mercedes-Benz","model":"C 200","variant":"CDI 4DR","mileage":"116000","engine_size":"2.1","fuel_type":"Diesel","body_type":"Saloon","colour":"000000","location":"Dublin","price":"\u20ac 8,750","images":{"base_url":"http:\/\/i0.carsie.ie\/","image_list":[{"thumb":"NGNiYzJkZjFlYWI3M2I3NTEyMGU4MzZjYTIxMTNkYjE5tPcBr3VjC5x_3DKj0uZDODA1NjEwLTcwMTk0MjUuanBnfHx8fHx8OTJ4Njl8fHx8fA==.jpg","main":"YmM5OWNhMWVmNTU1ODdhNTI3NWIxZTAyNTg5OGU2NmMrs_yX0DLR86cCXqG5M0p3ODA1NjEwLTcwMTk0MjUuanBnfHx8fHx8fHx8fHw0MDB4MzAw.jpg","large":"OGYxNWNlODRhZTdkNWVlODdhZGRmYzIyZGE4N2ExYzK985OIIFuD_5Ljq7egSJtzODA1NjEwLTcwMTk0MjUuanBnfHx8fHx8fHx8fHw2NDB4NDgw.jpg"}]}},{"ad_id":"898123","reg_year":"2005","make":"Mercedes-Benz","model":"C 220","variant":"CDI 4DR","mileage":"97000","engine_size":"2.1","fuel_type":"Diesel","body_type":"Saloon","colour":"000000","location":"Dublin","price":"\u20ac 8,750","images":{"base_url":"http:\/\/i0.carsie.ie\/","image_list":[{"thumb":"OGQ0Y2M2MGY0NTRkZWIwNzc3MWE4NjhmNTcxYTU4Zjgvn9L4sOBeQGMoQBPW-1vhODk4MTIzLTczNjE0NzUuanBnfHx8fHx8OTJ4Njl8fHx8fA==.jpg","main":"Mjc1MGFhMWFhZGUzOWY5ZjI1MjAzZGQ4ZTI4YTA4OTZeO_UE0yUD7V6E6CkGULJdODk4MTIzLTczNjE0NzUuanBnfHx8fHx8fHx8fHw0MDB4MzAw.jpg","large":"MTU5MGJlMmI4NDgyNDI2Mzk0NTcyY2JhOGVlNGJlM2JMGrHRDJhTS1hBbVEh-WRpODk4MTIzLTczNjE0NzUuanBnfHx8fHx8fHx8fHw2NDB4NDgw.jpg"}]}},{"ad_id":"881689","reg_year":"2004","make":"Mercedes-Benz","model":"E 220","variant":"DIESEL AUTO TOP SPEC 06 2014 NCT","mileage":"105000","engine_size":"2.1","fuel_type":"Diesel","body_type":"Saloon","colour":"e0e0e0","location":"Dublin","price":"\u20ac 8,750","images":{"base_url":"http:\/\/i0.carsie.ie\/","image_list":[{"thumb":"MzUzMGE2MTk1MzI4MDgyYjM4MzE2M2FhY2JiMjE3YWTqj654Iu5V7lQQ0UuqSq__ODgxNjg5LTcxNTYxOTAuanBnfHx8fHx8OTJ4Njl8fHx8fA==.jpg","main":"ZTczNjUyZGY4ODUyOTJmM2NmZGEyMjUyMDFiNGRlM2JnxWMrQSUOYswR-foePcRGODgxNjg5LTcxNTYxOTAuanBnfHx8fHx8fHx8fHw0MDB4MzAw.jpg","large":"NDY1MjllZTQ0Y2JiMGM1MjA5MGQ5MzExYjNjYzViYTio9x98HTksnl09YVRZIWEKODgxNjg5LTcxNTYxOTAuanBnfHx8fHx8fHx8fHw2NDB4NDgw.jpg"}]}},{"ad_id":"901073","reg_year":"2007","make":"Mini","model":"One","variant":"ME32","mileage":"60623","engine_size":"1.4","fuel_type":"Petrol","body_type":"Hatchback","colour":"0000c0","location":"Cork","price":"\u20ac 8,750","images":{"base_url":"http:\/\/i0.carsie.ie\/","image_list":[{"thumb":"OTliY2VhMDM2Y2M5N2I3YWQ3ZWExMjNjMmRkY2U5ZWZbamgDrYJU5PO0Wyl9fYdTOTAxMDczLTc0MTU0MzMuanBnfHx8fHx8OTJ4Njl8fHx8fA==.jpg","main":"NWZhNzJiZWEyNWJkNDBiYzU3MWZiZDlhYmUyMGZhMjYeG7dFacEWjwgJbgFyfSYiOTAxMDczLTc0MTU0MzMuanBnfHx8fHx8fHx8fHw0MDB4MzAw.jpg","large":"MjU5ODE0MDIxZWRlNWIzYWFjNDdkMzdhZjk1ZDI5N2TAOJg6Qg4SFyN9RsgvB6lMOTAxMDczLTc0MTU0MzMuanBnfHx8fHx8fHx8fHw2NDB4NDgw.jpg"}]}},{"ad_id":"894127","reg_year":"2010","make":"Mitsubishi","model":"Colt","variant":"1.1 Invite 3DR","mileage":"13670","engine_size":"1.1","fuel_type":"Petrol","body_type":"Hatchback","colour":"000000","location":"Dublin","price":"\u20ac 8,750","images":{"base_url":"http:\/\/i0.carsie.ie\/","image_list":[{"thumb":"ZWNjMGRiZGEzNzU2ZTEwNjk4ZmU0ZmI1N2M1NjJhZTBao1xaIeD5VsQb8oed5v59ODk0MTI3LTczMDE2MDYuanBnfHx8fHx8OTJ4Njl8fHx8fA==.jpg","main":"ODVhZTQ4Yjc1NDkxMjAzMTgyYjMzMDc3ZWE0YTc5OTDfHvXQFNKEBoaFbF5VkZ55ODk0MTI3LTczMDE2MDYuanBnfHx8fHx8fHx8fHw0MDB4MzAw.jpg","large":"YjFhYzdkNWNmYTNmNGViZjJhM2NjNWY1Zjg4MDQ2ZTn5GgAEkK9lWcoT1PYkI_WNODk0MTI3LTczMDE2MDYuanBnfHx8fHx8fHx8fHw2NDB4NDgw.jpg"}]}},{"ad_id":"884990","reg_year":"2008","make":"Mitsubishi","model":"Colt","variant":"Di-d CZ2 94BHP AMT 5DR","mileage":"73000","engine_size":"1.5","fuel_type":"Diesel","body_type":"Hatchback","colour":"e0e0e0","location":"Meath","price":"\u20ac 8,750","images":{"base_url":"http:\/\/i0.carsie.ie\/","image_list":[{"thumb":"YWZlODMwZmE0NjRlYjNjNjhhMDRkYTU3NDRhMzA2Y2HgYw8sv71IgVklJA4OwBYgODg0OTkwLTcyNjY1MDYuanBnfHx8fHx8OTJ4Njl8fHx8fA==.jpg","main":"N2UwOTU4M2FmZDUzZjlmNWUwNGE5MWY0YWRlZTc5NGaAjzTzzKeolWZeyGJW-c0RODg0OTkwLTcyNjY1MDYuanBnfHx8fHx8fHx8fHw0MDB4MzAw.jpg","large":"MmJhMGVkMmZhMzE1NTY3ZmY4MTQ5OTVkMDA3Yzk5YjYNlt3IZsXTZjdOMnbUCjRHODg0OTkwLTcyNjY1MDYuanBnfHx8fHx8fHx8fHw2NDB4NDgw.jpg"}]}},{"ad_id":"885671","reg_year":"2006","make":"Mitsubishi","model":"Pajero","variant":"3.2 LWB 5DR nct 03\/14, tax till 11\/13. full service history. excellent driver., 7 seater","mileage":"134686","engine_size":"3.2","fuel_type":"Diesel","body_type":"Estate","colour":"e0e0e0","location":"Kildare","price":"\u20ac 8,750","images":{"base_url":"http:\/\/i0.carsie.ie\/","image_list":[{"thumb":"OTczODMzNWI5OTU1MzY2ODExMGYzY2Y4ZjZiZWNhOGFVdqWX-5FA9ztf-RkBv2PJODg1NjcxLTcyMDczODQuanBnfHx8fHx8OTJ4Njl8fHx8fA==.jpg","main":"OWYzYTVjOTk5NTNkYjVmYjgwYWJjODFhNjlmYzk1ZmH1hm8JR6KCGtE3gmsc86E_ODg1NjcxLTcyMDczODQuanBnfHx8fHx8fHx8fHw0MDB4MzAw.jpg","large":"M2Y1MDMxODBhMzViOGRhYmNhNTdmNWIyNWExNjgyMjjjGfN5qR9_oefwasl3C8AUODg1NjcxLTcyMDczODQuanBnfHx8fHx8fHx8fHw2NDB4NDgw.jpg"}]}},{"ad_id":"822397","reg_year":"2007","make":"Mitsubishi","model":"Shogun","variant":"Sport 2.5 TD Equippe 05DR","mileage":"58000","engine_size":"2.5","fuel_type":"Diesel","body_type":"Van","colour":"e0e0e0","location":"Tipperary","price":"\u20ac 8,750","images":{"base_url":"http:\/\/i0.carsie.ie\/","image_list":[{"thumb":"Zjg0MGM4Njk5NDE1YzNhOTA3YzFlZGU3NmRjNDAyOTJNv8efVQzptmVcUVA2v-aGODIyMzk3LTcwMjYxOTcuanBnfHx8fHx8OTJ4Njl8fHx8fA==.jpg","main":"YzI1NDM0MmEyMzdjZjk5ZGIzYThhYjUxYTU0NTY1YWL_DeP_0DBxiHCfbL6LcQNdODIyMzk3LTcwMjYxOTcuanBnfHx8fHx8fHx8fHw0MDB4MzAw.jpg","large":"M2U4ZWM0Y2E3NDdhNjkwODM5MTI5MzllZWVlZDNkNTAfeUpPQRFN1fYxc7FjvnE5ODIyMzk3LTcwMjYxOTcuanBnfHx8fHx8fHx8fHw2NDB4NDgw.jpg"}]}},{"ad_id":"833843","reg_year":"2006","make":"Nissan","model":"350Z","variant":"350 Z Roadster 2DR","mileage":"37283","engine_size":"3.5","fuel_type":"Petrol","body_type":"Cabriolet \/ Convertible","colour":"000000","location":"Kildare","price":"\u20ac 8,750","images":{"base_url":"http:\/\/i0.carsie.ie\/","image_list":[{"thumb":"OWQwNmE2MjY4MTg5ODJkN2JkNWFiOWJmMGUxYTIyMWHd3h36QRDo-7o_Zv_hMY2tODMzODQzLTY2MTcwNTUuanBnfHx8fHx8OTJ4Njl8fHx8fA==.jpg","main":"Y2IxMjIyMWExOTJiOTZmMjdjZDdlNjhhOGJiNGUyOTemzYEEoxZHjuXTN50KK23DODMzODQzLTY2MTcwNTUuanBnfHx8fHx8fHx8fHw0MDB4MzAw.jpg","large":"YzgwNGVlYjdmNDQ3ZjFhMDI1ZTgwODRmNTQzNWQzNGT9Abp8RspQS4LyKdPWbeAbODMzODQzLTY2MTcwNTUuanBnfHx8fHx8fHx8fHw2NDB4NDgw.jpg"}]}},{"ad_id":"889354","reg_year":"2009","make":"Nissan","model":"Micra","variant":"1.2 SV Micra","mileage":"13750","engine_size":"1.2","fuel_type":"Petrol","body_type":"Hatchback","colour":"f0b800","location":"Waterford","price":"\u20ac 8,750","images":{"base_url":"http:\/\/i0.carsie.ie\/","image_list":[{"thumb":"MGUxYWYyZTFiMGI2MDg4M2UwYjczNTc0MmRjNTY1NDhhWoIQthiQmA1uKkOPuNTKODg5MzU0LTcyNDI1OTIuanBnfHx8fHx8OTJ4Njl8fHx8fA==.jpg","main":"MDZmYjczNjNjYmQyNTBmNWJlNmUzNGIyMjRlOTgwMDDpeJOwrd6qrO9Gu_I3ytHSODg5MzU0LTcyNDI1OTIuanBnfHx8fHx8fHx8fHw0MDB4MzAw.jpg","large":"OWZiNmY0YjJiMDJlMjE4YjViMzEwMzQyZTFkMjM1NDR9Nd8qQGangon3HfCjRAZBODg5MzU0LTcyNDI1OTIuanBnfHx8fHx8fHx8fHw2NDB4NDgw.jpg"}]}},{"ad_id":"892685","reg_year":"2006","make":"Nissan","model":"Navara","variant":"2.5 DCI SE 04DR","mileage":"129000","engine_size":"2.5","fuel_type":"Diesel","body_type":"Hatchback","colour":"858585","location":"Longford","price":"\u20ac 8,750","images":{"base_url":"http:\/\/i0.carsie.ie\/","image_list":[{"thumb":"YTA1YjkyYTM4OTUxODc2YzhmODM0M2UyNWRmYWM5OWIko51xagZOFerIv6lYOIL8ODkyNjg1LTcyNzQ4NDYuanBnfHx8fHx8OTJ4Njl8fHx8fA==.jpg","main":"NDAzMzJiOTE3YzY0NWQ5YzRhNjNmOTU0ZTE1ZGIxNDcMRKNwJtwQUzELCfc5O3pAODkyNjg1LTcyNzQ4NDYuanBnfHx8fHx8fHx8fHw0MDB4MzAw.jpg","large":"NGNlNWI0ZmZmM2ZlNzllYjdlY2FkMGZhZGQwYTkxNGGImkxp7g2Run5IRi3dNj2FODkyNjg1LTcyNzQ4NDYuanBnfHx8fHx8fHx8fHw2NDB4NDgw.jpg"}]}},{"ad_id":"901273","reg_year":"2009","make":"Nissan","model":"Note","variant":null,"mileage":"46602","engine_size":"1.4","fuel_type":"Petrol","body_type":null,"colour":"e0e0e0","location":"Kildare","price":"\u20ac 8,750","images":{"base_url":"http:\/\/i0.carsie.ie\/","image_list":[{"thumb":"YTQ5NjZkYjIxNzAzNWVkNjBkOWQyYjYzMzllYTI4NGP-RajpXwclZVIXtlsINBBiOTAxMjczLS5qcGd8fHx8fHw5Mng2OXx8fHx8.jpg","main":"MjBhYjk4N2ZkNmU1MWE1MDVhN2U4YzgyOTQ2NTdiNGEZDnW6dnsvWz3STaWmzZVFOTAxMjczLS5qcGd8fHx8fHx8fHx8fDQwMHgzMDA=.jpg","large":"MDgwZTgwMGMyYzUyMzRiMjRlZWQxNThiOWY3OTZkZGXbtNdHadBFzf3gGu8obWD7OTAxMjczLS5qcGd8fHx8fHx8fHx8fDY0MHg0ODA=.jpg"}]}},{"ad_id":"891110","reg_year":"2008","make":"Opel","model":"Astra","variant":"SXI 1.4I 16V","mileage":"76734","engine_size":"1.4","fuel_type":"Petrol","body_type":"Hatchback","colour":"0000c0","location":"Cork","price":"\u20ac 8,750","images":{"base_url":"http:\/\/i0.carsie.ie\/","image_list":[{"thumb":"YTc1ZDVmMThjOWYxNzhlOTg5ZGI4MWZiYTk2NjY2N2VQWqGFuwrOLycOfkK621bXODkxMTEwLTcyNTg5NDAuanBnfHx8fHx8OTJ4Njl8fHx8fA==.jpg","main":"OTYwZTYxMWFiMTJlZDI0MzM4ODMxZDM4NzM0MjYwNTTOQNzsHb3UeC3wz-Bw0PQOODkxMTEwLTcyNTg5NDAuanBnfHx8fHx8fHx8fHw0MDB4MzAw.jpg","large":"NzQyYmRkY2FhMjQwNTI1MmJiNDcwMGYwM2FmMDFhZmYtHiUHAdt9Sgvip9mLqPbSODkxMTEwLTcyNTg5NDAuanBnfHx8fHx8fHx8fHw2NDB4NDgw.jpg"}]}},{"ad_id":"900086","reg_year":"2009","make":"Opel","model":"Astra","variant":"CLUB 1.7 CDTI 2DR","mileage":"47846","engine_size":"1.7","fuel_type":"Diesel","body_type":null,"colour":"ffffff","location":"Dublin","price":"\u20ac 8,750","images":{"base_url":"http:\/\/i0.carsie.ie\/","image_list":[{"thumb":"OTIxNTlkMmU2ZTM3MDhhMWZkZTkxMzI4ZGQzNGMxNWOxFs_C2hC8q3vooWhUyn3XOTAwMDg2LTc0MDAzMzkuanBnfHx8fHx8OTJ4Njl8fHx8fA==.jpg","main":"ZGY0YzFkZjExNmQ2MWM5NGRiNWU0MzljNDg2NmNkZjJitToEmMBtG--5SzlzJdo6OTAwMDg2LTc0MDAzMzkuanBnfHx8fHx8fHx8fHw0MDB4MzAw.jpg","large":"MmJlMTU2NjE3MTFiMDgwN2EyYTVhYzNhM2RiYmVjNjnQXabuYOszl3edtlUnLcmOOTAwMDg2LTc0MDAzMzkuanBnfHx8fHx8fHx8fHw2NDB4NDgw.jpg"}]}},{"ad_id":"845680","reg_year":"2008","make":"Opel","model":"Astra","variant":"Club 1.3cdti (90PS)","mileage":"47225","engine_size":"1.2","fuel_type":"Diesel","body_type":"Hatchback","colour":"000000","location":"Laois","price":"\u20ac 8,750","images":{"base_url":"http:\/\/i0.carsie.ie\/","image_list":[{"thumb":"Y2ZjMThmYmFhMDczY2FjZDMzNGZiNWNiOGVkMDI1YzIY2LxVObpTO1dBh-4JxPAgODQ1NjgwLTY3NDkyNTYuanBnfHx8fHx8OTJ4Njl8fHx8fA==.jpg","main":"ZGVmZjVlYjcxNWRmZmQwYTdlNzcwMTJlYTlhOWU5OTVLajbkdN0WegYGsROQGWLzODQ1NjgwLTY3NDkyNTYuanBnfHx8fHx8fHx8fHw0MDB4MzAw.jpg","large":"OWU3MmQ4NWVjMGQzOGZhNTlkNDdjZDZlMDBlMjVjNzmdGL8ljti0cLJg02CiiZOHODQ1NjgwLTY3NDkyNTYuanBnfHx8fHx8fHx8fHw2NDB4NDgw.jpg"}]}},{"ad_id":"881873","reg_year":"2009","make":"Opel","model":"Astra","variant":"Club 1.3CDTI 5dr","mileage":"81000","engine_size":"1.3","fuel_type":"Diesel","body_type":"Hatchback","colour":"e0e0e0","location":"Wexford","price":"\u20ac 8,750","images":{"base_url":"http:\/\/i0.carsie.ie\/","image_list":[{"thumb":"MWY0M2E1NjcxODdiZjIxNTM3NTUwNDE1N2NiNGU4OWSkTv-gEtYWkNpLppiI_kQ9ODgxODczLS5qcGd8fHx8fHw5Mng2OXx8fHx8.jpg","main":"YzMyOTFhNmE1Yzc2NzFkMWQ4YzVkOWQ1ZmNlMDgwNzQyoJBatvwEYS37YPXKxKLkODgxODczLS5qcGd8fHx8fHx8fHx8fDQwMHgzMDA=.jpg","large":"MGZhM2JkMTljYjU1ZDFlMDlkMDQ4ODg1ZWVmM2YyNTfVPzykZfphjRu7U_l79Tx1ODgxODczLS5qcGd8fHx8fHx8fHx8fDY0MHg0ODA=.jpg"}]}},{"ad_id":"872931","reg_year":"2008","make":"Opel","model":"Corsa","variant":"Diesel","mileage":"56000","engine_size":"1.3","fuel_type":"Diesel","body_type":"Hatchback","colour":"ffffff","location":"Waterford","price":"\u20ac 8,750","images":{"base_url":"http:\/\/i0.carsie.ie\/","image_list":[{"thumb":"NmRlODhhZWQ4ZTA4OTc3OGM1NzE0YWE1ZjVmMjQ5NWR2J9epsYIBkq8YCjFZRhxoODcyOTMxLTcwNDYzMTcuanBnfHx8fHx8OTJ4Njl8fHx8fA==.jpg","main":"Y2MwZTk3NTMzNDEyYTYzMTIxMTg4Nzc2ZTVmMTE5ZTArdxs5yrYHiuP-VLI_cPGGODcyOTMxLTcwNDYzMTcuanBnfHx8fHx8fHx8fHw0MDB4MzAw.jpg","large":"MjQ1YjY0NTI3MDAyMTlmMDNhZmI2YWYxZWM2NDk5N2YSrCEZN3WRYvptzOItFjKtODcyOTMxLTcwNDYzMTcuanBnfHx8fHx8fHx8fHw2NDB4NDgw.jpg"}]}}]}