{"total":"23408","result":[{"ad_id":"838634","reg_year":"2004","make":"Mazda","model":"Mazda3","variant":"1.4 Touring 5DR","mileage":"77000","engine_size":"1.3","fuel_type":"Petrol","body_type":"Hatchback","colour":"0000c0","location":"Waterford","price":"\u20ac 4,550","images":{"base_url":"http:\/\/i0.carsie.ie\/","image_list":[{"thumb":"NTI1MDk5OTFlMzE2NWRjZjNkY2QxYWI0MmY1NWU0ODdt9NljSGKI9QbWrB-f8cBrODM4NjM0LTY2NzAzMDMuanBnfHx8fHx8OTJ4Njl8fHx8fA==.jpg","main":"MjA3NTNlMjljMTUzMzk0NDZiY2JmOTM0ZmMxYmZlNWaddjRUzQ-7ENMhHjWWie02ODM4NjM0LTY2NzAzMDMuanBnfHx8fHx8fHx8fHw0MDB4MzAw.jpg","large":"Y2QzNmQ2NGIxNGIzMDFiMzhiYzdjMTBjMDhjNTM2NTRK6nUU5BlChq7iWVO0akrIODM4NjM0LTY2NzAzMDMuanBnfHx8fHx8fHx8fHw2NDB4NDgw.jpg"}]}},{"ad_id":"871097","reg_year":"2006","make":"Peugeot","model":"206","variant":"1.4 URBAN AIR CONDITIONING 3DR","mileage":"43000","engine_size":"1.4","fuel_type":"Petrol","body_type":"Hatchback","colour":"000000","location":"Dublin","price":"\u20ac 4,550","images":{"base_url":"http:\/\/i0.carsie.ie\/","image_list":[{"thumb":"MTg3ZThlMzdiZjJmY2IwYWIwZDg5OWE3NTA5ZGJlZTBc_sBbLuBc_9HTbUEBiOA-ODcxMDk3LTcwMzI3MjQuanBnfHx8fHx8OTJ4Njl8fHx8fA==.jpg","main":"NjBhOTc5MzJkOWE5N2RkM2NkNzA4ZDY3ZWMxYTg3ODHgq0WQZA4-kDBfH60te-EcODcxMDk3LTcwMzI3MjQuanBnfHx8fHx8fHx8fHw0MDB4MzAw.jpg","large":"NTBmZGFmYmE1NDFlM2E2YTU4ZGQ1YzVkZmQ5YzU5NDLePNhuOgcsvZMpR0ytefZJODcxMDk3LTcwMzI3MjQuanBnfHx8fHx8fHx8fHw2NDB4NDgw.jpg"}]}},{"ad_id":"771578","reg_year":"2005","make":"Peugeot","model":"307","variant":"XR Verve 1.4 16V","mileage":"105681","engine_size":"1.4","fuel_type":"Petrol","body_type":"Hatchback","colour":"858585","location":"Dublin","price":"\u20ac 4,550","images":{"base_url":"http:\/\/i0.carsie.ie\/","image_list":[{"thumb":"NDVjMDUxMjg2NzgxNTU0YWJjNzg0ZGM1OTVmOTM0Nzm6o6jdN0wC9UTimEA31lpMNzcxNTc4LTU4NDkxNDQuanBnfHx8fHx8OTJ4Njl8fHx8fA==.jpg","main":"YTNiZTYwNTZmNWIyZWZkNzAxMGM0MzQ0NjFjMTY5ODH1OwDe2kcFW8sHl8SbQI0YNzcxNTc4LTU4NDkxNDQuanBnfHx8fHx8fHx8fHw0MDB4MzAw.jpg","large":"YTk0OTFmOTI4MjU1OWQ0ZmVlZWU3ZjA4OGQwZDA2NmNoAdoVG7mrGK2yIFUj2FnONzcxNTc4LTU4NDkxNDQuanBnfHx8fHx8fHx8fHw2NDB4NDgw.jpg"}]}},{"ad_id":"808812","reg_year":"2004","make":"Skoda","model":"Octavia","variant":"Diesel","mileage":"147000","engine_size":"1.9","fuel_type":"Diesel","body_type":"Estate","colour":"e0e0e0","location":"Waterford","price":"\u20ac 4,550","images":{"base_url":"http:\/\/i0.carsie.ie\/","image_list":[{"thumb":"MGVmMzQ1OTIwMjg1YzZjZjkzOGFmZTlkMzRjZmZhOGaRvjIg73VtzyT0Bm8KpGj6ODA4ODEyLTYzMTQ4MjIuanBnfHx8fHx8OTJ4Njl8fHx8fA==.jpg","main":"ZWE4NzBmYTEzNWYyYWZhMGFjZmI5YTdmYzIzYTRiNDgUzBz3IxWseC00XCa0Y2I-ODA4ODEyLTYzMTQ4MjIuanBnfHx8fHx8fHx8fHw0MDB4MzAw.jpg","large":"YzVmZGQwZWQwZDFiNzFlYWY3NmNjODBlMjY0NjcxNDVoB0Q1QoB_7FU_WgdYBueCODA4ODEyLTYzMTQ4MjIuanBnfHx8fHx8fHx8fHw2NDB4NDgw.jpg"}]}},{"ad_id":"868856","reg_year":"2003","make":"Toyota","model":"Avensis","variant":null,"mileage":"85500","engine_size":"2.0","fuel_type":"Diesel","body_type":"Estate","colour":"e0e0e0","location":"Dublin","price":"\u20ac 4,550","images":{"base_url":"http:\/\/i0.carsie.ie\/","image_list":[{"thumb":"ZGM3YjI5NmRmZDNkMjFiZTBkYzY4NTZiYTU2MWMzOGLBBS8_VDLgR6KttLCvuyMtODY4ODU2LTcyNjUzOTQuanBnfHx8fHx8OTJ4Njl8fHx8fA==.jpg","main":"MDU4MzIzZjdiNjY3MTFiOTBjZDBmYTk3MzY4MTNlMmMdkmK-LJ2pON1KElF8HDUtODY4ODU2LTcyNjUzOTQuanBnfHx8fHx8fHx8fHw0MDB4MzAw.jpg","large":"ZDMwYmQwZDY3NjYzYTA5ZDJmZmEzZTQ2YmYzODlkODM5Irgod3tmUU-bgis0jTUGODY4ODU2LTcyNjUzOTQuanBnfHx8fHx8fHx8fHw2NDB4NDgw.jpg"}]}},{"ad_id":"827314","reg_year":"2004","make":"Subaru","model":"Legacy","variant":"2.5 4DR","mileage":"88471","engine_size":"2.5","fuel_type":"Petrol","body_type":"Saloon","colour":"e0e0e0","location":"Meath","price":"\u20ac 4,555","images":{"base_url":"http:\/\/i0.carsie.ie\/","image_list":[{"thumb":"OGY5YTg1ZmE4ZTE5NWQ4ZjU5YjU3OWZiOGRiMDdhZTg19OT_QRCG4TL90OJpJ-5oODI3MzE0LTY1NDMxOTIuanBnfHx8fHx8OTJ4Njl8fHx8fA==.jpg","main":"M2U2ZjVhYWYyMDQ0YTlhOGE2ZTJjNjM2N2FlNTc1N2FwiOrf8fvFKU-U-NVtNA_uODI3MzE0LTY1NDMxOTIuanBnfHx8fHx8fHx8fHw0MDB4MzAw.jpg","large":"YWJkZjBmMGRlYWE4YjIyMTQ5Y2QzNzc0OTk3ODNiNjK3coz5xqoHaIl6GZ6XfthfODI3MzE0LTY1NDMxOTIuanBnfHx8fHx8fHx8fHw2NDB4NDgw.jpg"}]}},{"ad_id":"829588","reg_year":"2002","make":"Toyota","model":"Avensis Verso","variant":"Avensis Verso D4D Luna","mileage":"168000","engine_size":"2.0","fuel_type":"Diesel","body_type":"SUV","colour":"e0e0e0","location":"Dublin","price":"\u20ac 4,575","images":{"base_url":"http:\/\/i0.carsie.ie\/","image_list":[{"thumb":"MWMxMTJkY2Y4YThhN2IyNmNhMTE5MjViZmE3YjU2Y2Kq-j7DF42yaF--XnLb0NAfODI5NTg4LTY1NzA5NjcuanBnfHx8fHx8OTJ4Njl8fHx8fA==.jpg","main":"YjY2NTkyMGNhMmE3MmQ1MDNhMjRlMGRiNzhjMTdlOWZ573MWvHx09EyqrNPI6HLPODI5NTg4LTY1NzA5NjcuanBnfHx8fHx8fHx8fHw0MDB4MzAw.jpg","large":"MDIyMWY5YzgzOGQyMGJjM2U2MzYyNDlhYTU5YWM0N2FNgkg4Mab2CAXobMj4I74-ODI5NTg4LTY1NzA5NjcuanBnfHx8fHx8fHx8fHw2NDB4NDgw.jpg"}]}},{"ad_id":"873207","reg_year":"2007","make":"Citroen","model":"Berlingo","variant":null,"mileage":"117420","engine_size":"1.6","fuel_type":"Diesel","body_type":null,"colour":"ffffff","location":"Donegal","price":"\u20ac 4,595","images":{"base_url":"http:\/\/i0.carsie.ie\/","image_list":[{"thumb":"Mjk5Mjg2MDYxNzhkMjRlZGM2ZTljYjhlYmMzOTQ4ZDNgVSnhPwkLYw56_v-JEU_gODczMjA3LTcwODcxNjMuanBnfHx8fHx8OTJ4Njl8fHx8fA==.jpg","main":"ZWU5ZGMxZjliOTQ3Njc5ZmMwMDQ1ZmZlMWQ4MzlkMGItZV7E3VwCj2WeYZhnNflbODczMjA3LTcwODcxNjMuanBnfHx8fHx8fHx8fHw0MDB4MzAw.jpg","large":"MWViYWFkNDY4NWU2YzgzMDY0MTE1MWY2NzU4ZDY3MjaLESFYKawakLMn2B5_xuHDODczMjA3LTcwODcxNjMuanBnfHx8fHx8fHx8fHw2NDB4NDgw.jpg"}]}},{"ad_id":"875968","reg_year":"2005","make":"Peugeot","model":"407","variant":"SR 1.8 4DR","mileage":"69091","engine_size":"1.7","fuel_type":"Petrol","body_type":"Saloon","colour":"858585","location":"Dublin","price":"\u20ac 4,595","images":{"base_url":"http:\/\/i0.carsie.ie\/","image_list":[{"thumb":"MjEzZjY2NjVlNWE2ZDNmOTFhNjRhNDJhZmJmMTU4ZmKVseLpxPJRwJULKbEpfkVNODc1OTY4LTcwOTgyOTIuanBnfHx8fHx8OTJ4Njl8fHx8fA==.jpg","main":"MWM3MDc2OTExY2IwNjMzNzEyZTg5ZTA2Njc0NGZmZjEB2xjnZJwt4GnBQScx_7aZODc1OTY4LTcwOTgyOTIuanBnfHx8fHx8fHx8fHw0MDB4MzAw.jpg","large":"ZGQ4ZGQ5NDI2MTJjNjE1OTNlMDczMzFjOGUyODc1OTcPlcue4Ea1LUZZPRMAPQbPODc1OTY4LTcwOTgyOTIuanBnfHx8fHx8fHx8fHw2NDB4NDgw.jpg"}]}},{"ad_id":"894763","reg_year":"2004","make":"Land Rover","model":"Freelander","variant":"2.0S 5DR","mileage":"128700","engine_size":"2.0","fuel_type":"Diesel","body_type":"Estate","colour":"008000","location":"Kildare","price":"\u20ac 4,600","images":{"base_url":"http:\/\/i0.carsie.ie\/","image_list":[{"thumb":"MjgwNGQ4OTMzN2JmYzE5OTBkYjE4NWIzYWE5MjQ1MjIBAj4VTP65_dfu0Suucr02ODk0NzYzLTczMDc2MjAuanBnfHx8fHx8OTJ4Njl8fHx8fA==.jpg","main":"ODAyZWNiOGFmNjY1Y2NjMjU0MmU1NWFmMTQ3ZDUwOTTS4azUL57cv-xp-m6348U_ODk0NzYzLTczMDc2MjAuanBnfHx8fHx8fHx8fHw0MDB4MzAw.jpg","large":"YzljYTQ2YTE4NTVhNjk4YWZhNDBlOTJjODc4Y2FlZGVwZFIdGMwnlBKoNC0unBaWODk0NzYzLTczMDc2MjAuanBnfHx8fHx8fHx8fHw2NDB4NDgw.jpg"}]}},{"ad_id":"859732","reg_year":"2007","make":"Nissan","model":"Tiida","variant":"1.6 SE 4DR","mileage":"119345","engine_size":"1.6","fuel_type":"Petrol","body_type":"Saloon","colour":"e0e0e0","location":"Monaghan","price":"\u20ac 4,600","images":{"base_url":"http:\/\/i0.carsie.ie\/","image_list":[{"thumb":"ZDZlYTljMzJiNTc4MjAxZDYwYzRkMWEyMmNhMTY5ZjlRM4RhEHb_r_GLr2vcGtLAODU5NzMyLTY4OTk4MTEuanBnfHx8fHx8OTJ4Njl8fHx8fA==.jpg","main":"ZGY5ZDkxODUzNjhhNzk3YWVkZmZmNzg3YjljNGM5ZDJgzGIuvaB3s1y53HXQJHKwODU5NzMyLTY4OTk4MTEuanBnfHx8fHx8fHx8fHw0MDB4MzAw.jpg","large":"ZDRhZDBkZTJmYTFiNGY4YTIzMDhlMWM1MGI4OTMyMWMx5kKTod4L946rXv5L7QFTODU5NzMyLTY4OTk4MTEuanBnfHx8fHx8fHx8fHw2NDB4NDgw.jpg"}]}},{"ad_id":"899985","reg_year":"2005","make":"Peugeot","model":"407","variant":"1.6 HDI ST COMFORT","mileage":"113000","engine_size":"1.6","fuel_type":"Diesel","body_type":"Saloon","colour":"000000","location":"Carlow","price":"\u20ac 4,600","images":{"base_url":"http:\/\/i0.carsie.ie\/","image_list":[{"thumb":"NDkyNTIyMzNlNzRkOTNhNTUyMTE0ZjJjNjAxMTIxYWaBfQ-d9RIW-a8Hp6zPJajtODk5OTg1LTczODM1NDguanBnfHx8fHx8OTJ4Njl8fHx8fA==.jpg","main":"MGViMWE1ZTc5NjliNTMwOWMxOTMxMmI5ZTI3YTAxNzZhQzRTTQBhiPY9DRfC4Cq0ODk5OTg1LTczODM1NDguanBnfHx8fHx8fHx8fHw0MDB4MzAw.jpg","large":"ZDY0Y2U0OTdiMjc3YjFiM2FjYTI1MjljMmRlMzk2ZTngDLr5JXLXVGbL6_NW2anRODk5OTg1LTczODM1NDguanBnfHx8fHx8fHx8fHw2NDB4NDgw.jpg"}]}},{"ad_id":"891673","reg_year":"2004","make":"Toyota","model":"Rav4","variant":"MC 4X2 Aura 5DR","mileage":"140000","engine_size":"1.8","fuel_type":"Petrol","body_type":"SUV","colour":"f0d2a0","location":"Mayo","price":"\u20ac 4,600","images":{"base_url":"http:\/\/i0.carsie.ie\/","image_list":[{"thumb":"NDM4MTExZjhmMDRiOGUzYzAwNWVlMzkxNGQzYTJiYzeMKtcEZrzXfMo1-uRT2krUODkxNjczLS5qcGd8fHx8fHw5Mng2OXx8fHx8.jpg","main":"NWI3MDIxNzUwOWMzOGRmOGQ3NjE1MTE3NzA0ZWE2NGL-yOirz6pLitTQPuKcGPtyODkxNjczLS5qcGd8fHx8fHx8fHx8fDQwMHgzMDA=.jpg","large":"OGQzMGNmMjlhYmViM2I5OWYzMWU4YTQ2MGQzNjkwMjVXZ1klwX3yuh_I9F0dh3rKODkxNjczLS5qcGd8fHx8fHx8fHx8fDY0MHg0ODA=.jpg"}]}},{"ad_id":"898100","reg_year":"2005","make":"Opel","model":"Meriva","variant":"Breeze 05DR **SALE NOW ON**","mileage":"89000","engine_size":"1.7","fuel_type":"Diesel","body_type":"People Carrier","colour":"e0e0e0","location":"Meath","price":"\u20ac 4,645","images":{"base_url":"http:\/\/i0.carsie.ie\/","image_list":[{"thumb":"NDcxNjBjZDZmMGUxZGVkZjQ1MGVmODQ2ZDU5NDc0NzBCImbcd7H6dOj0Z9W9dMQpODk4MTAwLTczNjEwOTEuanBnfHx8fHx8OTJ4Njl8fHx8fA==.jpg","main":"OGQxMDVkM2MxNmViNTE4ZDVjOTE1NzJhMjRmNjQ0YzFB9B2tXBS1bo2KEZMnX_30ODk4MTAwLTczNjEwOTEuanBnfHx8fHx8fHx8fHw0MDB4MzAw.jpg","large":"ZmQ1ODRhMGZjNDM4ODUyNmQzMWY1MmY4OTM5NDllOWUGSRpaRj8o4EJDDG3ACaZIODk4MTAwLTczNjEwOTEuanBnfHx8fHx8fHx8fHw2NDB4NDgw.jpg"}]}},{"ad_id":"824051","reg_year":"2005","make":"Hyundai","model":"Accent","variant":"5DR GLS","mileage":"39147","engine_size":"1.3","fuel_type":"Petrol","body_type":"Hatchback","colour":"e0e0e0","location":"Meath","price":"\u20ac 4,649","images":{"base_url":"http:\/\/i0.carsie.ie\/","image_list":[{"thumb":"ZTBhOGQzNGM5ZDVkNWVjMjZjNTA5MWE5MDhhOWUxNTJNK-m05PLm95Cuc7UbGjm6ODI0MDUxLTcxMzM5NTIuanBnfHx8fHx8OTJ4Njl8fHx8fA==.jpg","main":"ODc5ZDQ5YWFmMjA5OWYzMjg5Y2VlOWQ1N2ZjMjJmYjnDYLp1wzAOdag52P_MJQfeODI0MDUxLTcxMzM5NTIuanBnfHx8fHx8fHx8fHw0MDB4MzAw.jpg","large":"YTBhZmEzYzkxZGJlODE1ZjUzNDRmYjczYTE0M2QwMjGl2of2eqrV_y7hYz_DREsYODI0MDUxLTcxMzM5NTIuanBnfHx8fHx8fHx8fHw2NDB4NDgw.jpg"}]}},{"ad_id":"838056","reg_year":"2003","make":"BMW","model":"320","variant":"320CI SE","mileage":"98000","engine_size":"2.2","fuel_type":"Petrol","body_type":"Coupe","colour":"0000c0","location":"Dublin","price":"\u20ac 4,650","images":{"base_url":"http:\/\/i0.carsie.ie\/","image_list":[{"thumb":"NmNiZTc1MGZkMDg4YTE0OTZlYjk3ZDBhNjc3OWUyNDNyDiugOA30BKElMUxERBSLODM4MDU2LTcxNDc1OTAuanBnfHx8fHx8OTJ4Njl8fHx8fA==.jpg","main":"ZDUxYmEyOWQwZDk3YzNmZTIwMGFhZWJhOTZhNWIzYzIczgZlkVkiszoLnsrL4miOODM4MDU2LTcxNDc1OTAuanBnfHx8fHx8fHx8fHw0MDB4MzAw.jpg","large":"ZWJjNTkyMWZlZTU4MmIzMTdkMjBjMmRjYjUwZmNkOTWvWQmeCfCVhphP8lK1exp7ODM4MDU2LTcxNDc1OTAuanBnfHx8fHx8fHx8fHw2NDB4NDgw.jpg"}]}},{"ad_id":"898897","reg_year":"2004","make":"BMW","model":"520","variant":"I Saloon SE","mileage":"118000","engine_size":"2.2","fuel_type":"Petrol","body_type":"Saloon","colour":"0000c0","location":"Kildare","price":"\u20ac 4,650","images":{"base_url":"http:\/\/i0.carsie.ie\/","image_list":[{"thumb":"ZGEyZWVkY2I0M2UyYmI3ZDlmNTdiNWMyYjU0YTM1M2EiJq9O4qhy1EepPAIkLBoOODk4ODk3LTczNzA2ODYuanBnfHx8fHx8OTJ4Njl8fHx8fA==.jpg","main":"YTJiNjUzYTM4MzBkNTUzNjM2OTQ3MTMzOTkwM2IzMjQON4fiYsgxFePAPfkrtbMoODk4ODk3LTczNzA2ODYuanBnfHx8fHx8fHx8fHw0MDB4MzAw.jpg","large":"YzYzNzJkNjYxNTMxNWM0NDE2ZmM5ZGMwNjRjODJiNTdaZHGvG3DOBUUbSYEXov5pODk4ODk3LTczNzA2ODYuanBnfHx8fHx8fHx8fHw2NDB4NDgw.jpg"}]}},{"ad_id":"880547","reg_year":"2005","make":"Citroen","model":"C4","variant":"1.4 I SX 5DR*ONE OWNER*12 MONTHS WARRANTY*SIMI APPROVED DEALER*","mileage":"76097","engine_size":"1.4","fuel_type":"Petrol","body_type":null,"colour":"858585","location":"Dublin","price":"\u20ac 4,650","images":{"base_url":"http:\/\/i0.carsie.ie\/","image_list":[{"thumb":"ZmE2MjFlZDI4MzFlYTlhZjMxOTI0Yjg1MTdkZDQ4MjXlpiKUOKfHv7QXAA8kFmX4ODgwNTQ3LTczMzI3NzkuanBnfHx8fHx8OTJ4Njl8fHx8fA==.jpg","main":"MWYxMjEwNzA4M2QzMzU4OWJiZTZjZjg0NTQ4ZTM0ZGNLi6xdhqPn1b3WHwVEGtOwODgwNTQ3LTczMzI3NzkuanBnfHx8fHx8fHx8fHw0MDB4MzAw.jpg","large":"ODFlZWFkY2VhNzNmMzFlODM1Y2Y1MTRiODg2YjNkNGGKkjwgQSkGWPGVQ-088bddODgwNTQ3LTczMzI3NzkuanBnfHx8fHx8fHx8fHw2NDB4NDgw.jpg"}]}},{"ad_id":"889067","reg_year":"2005","make":"Citroen","model":"Xsara Picasso","variant":"PICASSO 1.6 5DR 51","mileage":"102400","engine_size":"1.6","fuel_type":"Petrol","body_type":"Hatchback","colour":"ff0000","location":"Cork","price":"\u20ac 4,650","images":{"base_url":"http:\/\/i0.carsie.ie\/","image_list":[{"thumb":"MzA4YmU5NDVhYTMwMDBiY2I4MjIzOTk2ZmE4MTEyMGSBHK7xS4-mjmWlnFf3jsV9ODg5MDY3LTcyNDEzNDMuanBnfHx8fHx8OTJ4Njl8fHx8fA==.jpg","main":"ZDY1N2VhZDE2NGMyMjc2ZmY1ZjFiYjg1MjY4ZTczMDOAfyQ0u849iaHWZcFwD_SCODg5MDY3LTcyNDEzNDMuanBnfHx8fHx8fHx8fHw0MDB4MzAw.jpg","large":"YjJiMTBlOGYxN2MwZTYyY2M0MDgzOGFhOTZiYmM5NDn0-tTuI_liocfBsJlROk6MODg5MDY3LTcyNDEzNDMuanBnfHx8fHx8fHx8fHw2NDB4NDgw.jpg"}]}},{"ad_id":"901141","reg_year":"2004","make":"Ford","model":"Focus","variant":"LX Tddi","mileage":"104000","engine_size":"1.8","fuel_type":"Diesel","body_type":"Hatchback","colour":"e0e0e0","location":"Dublin","price":"\u20ac 4,650","images":{"base_url":"http:\/\/i0.carsie.ie\/","image_list":[{"thumb":"NmMwNzZiNzljZWY4NDc2N2YzMDM3MjBmMTM0NTUxMDjIcfGEGvTGMt3Od04hwtClOTAxMTQxLTc0MTY1MTYuanBnfHx8fHx8OTJ4Njl8fHx8fA==.jpg","main":"MDU1YWQ0ZmM5YWQxZDEyYTBkZGMxOWQ5YjY4NTJjZjblC5WwrA6LXqCQ3Yq8JPq-OTAxMTQxLTc0MTY1MTYuanBnfHx8fHx8fHx8fHw0MDB4MzAw.jpg","large":"MmY4ZGI3ODNkYWIwMDdmY2RhY2UyYmMwNmUyNmViMDCTT5g1U2Z2l-D3viCsVSEoOTAxMTQxLTc0MTY1MTYuanBnfHx8fHx8fHx8fHw2NDB4NDgw.jpg"}]}}]}