{"total":"23407","result":[{"ad_id":"895691","reg_year":"2005","make":"Chevrolet","model":"Rexton","variant":"SSANGYON ONLY 22500 M ILES","mileage":"22500","engine_size":"2.9","fuel_type":"Diesel","body_type":null,"colour":"e0e0e0","location":"Dublin","price":"\u20ac 5,950","images":{"base_url":"http:\/\/i0.carsie.ie\/","image_list":[{"thumb":"MzBlZGM0MTVmM2JjMTgyNzM2Y2UyYzQyMjc0MDMyMTZuwLziAWNwRDQTw5NquDGmODk1NjkxLTczNjkyODEuanBnfHx8fHx8OTJ4Njl8fHx8fA==.jpg","main":"Y2UzMTJkNGE3Y2YyZDE0YjNhOWQxMjg3YTE2NTcyYTMOkophANpynu_ccqxImXmyODk1NjkxLTczNjkyODEuanBnfHx8fHx8fHx8fHw0MDB4MzAw.jpg","large":"MGMxOTkzYTczY2Q4ZjAyYjdlZTlmMWU2MzZkNmQzYjdNory3MyVJhQ3ztAkyj-SJODk1NjkxLTczNjkyODEuanBnfHx8fHx8fHx8fHw2NDB4NDgw.jpg"}]}},{"ad_id":"874453","reg_year":"2006","make":"Chrysler","model":"Voyager","variant":"SE 5DR","mileage":"82023","engine_size":"2.5","fuel_type":"Diesel","body_type":"Estate","colour":"858585","location":"Dublin","price":"\u20ac 5,950","images":{"base_url":"http:\/\/i0.carsie.ie\/","image_list":[{"thumb":"ZWZhN2E4ODUzNDA4NWY0NmI0MDkxMTk3ZGQxNjEwOGXvtVxWwEyC0350LnHyPpnoODc0NDUzLTcyMDcxMTcuanBnfHx8fHx8OTJ4Njl8fHx8fA==.jpg","main":"ODZkOTQ5MmQyZGNjYTg2OWZmYWYyMGM4YTczOTJmMTOLl794r2npMOz6aKwfzzfuODc0NDUzLTcyMDcxMTcuanBnfHx8fHx8fHx8fHw0MDB4MzAw.jpg","large":"N2M5ODczNDFhYjVmOTkxNWQ4YjdmZjA2YWI3YmMyN2Yk21_8b3Cf7Q2T68elop00ODc0NDUzLTcyMDcxMTcuanBnfHx8fHx8fHx8fHw2NDB4NDgw.jpg"}]}},{"ad_id":"879716","reg_year":"2009","make":"Citroen","model":"Berlingo","variant":"First HDI","mileage":"74000","engine_size":"1.6","fuel_type":"Diesel","body_type":"Hatchback","colour":"ffffff","location":"Clare","price":"\u20ac 5,950","images":{"base_url":"http:\/\/i0.carsie.ie\/","image_list":[{"thumb":"YTkyNzNkMzI0YWQ2YzBhN2QzZTVhODUwMjVjMDlhNTESvsw8Ga_WcviyCplQQhBcODc5NzE2LTcxMzI5ODYuanBnfHx8fHx8OTJ4Njl8fHx8fA==.jpg","main":"NGM3YmJkYzJhMWUxZTNhNDcwZTIyZTc5OTgzZjcyNDAEZyc_OdTTYr6ZIKTli1KQODc5NzE2LTcxMzI5ODYuanBnfHx8fHx8fHx8fHw0MDB4MzAw.jpg","large":"NWRkNGVhOWI3ZWIxOTM2NTEyODU4ZTlkNTI5ODIyOWHmfXUoJIgOmcfk9oAn79cLODc5NzE2LTcxMzI5ODYuanBnfHx8fHx8fHx8fHw2NDB4NDgw.jpg"}]}},{"ad_id":"787883","reg_year":"2007","make":"Citroen","model":"Berlingo","variant":"600 1.6 HDI 75 STANDARD","mileage":"95225","engine_size":"1.6","fuel_type":"Diesel","body_type":null,"colour":"0000c0","location":"Galway","price":"\u20ac 5,950","images":{"base_url":"http:\/\/i0.carsie.ie\/","image_list":[{"thumb":"NmE2ZmNmMjg5ODU5YjJlNzg1MzA1M2Q2MWExZjEwZWKvNTXxruxpzCmubJEat5CMNzg3ODgzLTczODQ5MzkuanBnfHx8fHx8OTJ4Njl8fHx8fA==.jpg","main":"Y2EwNDRjYTIyZDNkZjFmMjU1ZTRiZGQxNDEzNDlhYmbqUBJpZTAOtyi49opovDZ_Nzg3ODgzLTczODQ5MzkuanBnfHx8fHx8fHx8fHw0MDB4MzAw.jpg","large":"OGJhODRlNDMwZmI4YzcxYmZjYzA0YmU4MDFkNzQxMWGTlrXUjvPnBF_80XpYtz0RNzg3ODgzLTczODQ5MzkuanBnfHx8fHx8fHx8fHw2NDB4NDgw.jpg"}]}},{"ad_id":"894818","reg_year":"2007","make":"Citroen","model":"Berlingo","variant":null,"mileage":"143616","engine_size":"1.6","fuel_type":"Diesel","body_type":null,"colour":"ff0000","location":"Wexford","price":"\u20ac 5,950","images":{"base_url":"http:\/\/i0.carsie.ie\/","image_list":[{"thumb":"ZjM3ZWVlNWE3ODU2NTUyOWZhMzU4NjY5MWE4ODlmMGVhkfVgRww9BBiIP80QvsJgODk0ODE4LS5qcGd8fHx8fHw5Mng2OXx8fHx8.jpg","main":"MTk1MjNkMjg2MjljNmZiNjQwNDI5NzhjYTcxYTRlYjHJdBnlublfkAwx0Hku_v9BODk0ODE4LS5qcGd8fHx8fHx8fHx8fDQwMHgzMDA=.jpg","large":"MDU5ZWE1ZmIzZDY5ZjNkNzllOThiOTdhOWY2NjVmZjMAPIqW8NKHyvTktVEV-Pl5ODk0ODE4LS5qcGd8fHx8fHx8fHx8fDY0MHg0ODA=.jpg"}]}},{"ad_id":"873310","reg_year":"2006","make":"Citroen","model":"C4","variant":"1.4 I SX 5DR.","mileage":"49206","engine_size":"1.4","fuel_type":"Petrol","body_type":null,"colour":"858585","location":"Galway","price":"\u20ac 5,950","images":{"base_url":"http:\/\/i0.carsie.ie\/","image_list":[{"thumb":"NDE5ODRjNTdlMjRjZGQ2MTBjNTNjMjAyMzIzMTYyOTDdCkB9xD535eg1lvJ5HE-cODczMzEwLTczODUzODIuanBnfHx8fHx8OTJ4Njl8fHx8fA==.jpg","main":"OWY4NDQ2NjhmZjk5OGVjMmE4OWI4MWNiNDRmYzM4NmTHlBsbJrOnPMEn3whqUqO9ODczMzEwLTczODUzODIuanBnfHx8fHx8fHx8fHw0MDB4MzAw.jpg","large":"OTA3NTkzOGY5M2Y2MzAwNjAxMTdiZGZmNDc1MDhiYmOd4eY2goJGy7A6aWWtF4btODczMzEwLTczODUzODIuanBnfHx8fHx8fHx8fHw2NDB4NDgw.jpg"}]}},{"ad_id":"868728","reg_year":"2004","make":"Citroen","model":"C8","variant":"C8 2.0 HDI FAP SX","mileage":"115000","engine_size":"2.0","fuel_type":"Diesel","body_type":"People Carrier","colour":"f0d2a0","location":"Cork","price":"\u20ac 5,950","images":{"base_url":"http:\/\/i0.carsie.ie\/","image_list":[{"thumb":"ZDZkMzAyODBiYWJiNDVhNmY0NGVjMWJhY2M0MWFjNzJ1EKkhuZvTwsOEpf1Cn2xqODY4NzI4LTcxNzk3OTEuanBnfHx8fHx8OTJ4Njl8fHx8fA==.jpg","main":"MDQ2YmFiNDM4YWZiYTM5MjBlODM5OGQxYjA0OGUzYjR18iIR84HqIPVTpkES4VrTODY4NzI4LTcxNzk3OTEuanBnfHx8fHx8fHx8fHw0MDB4MzAw.jpg","large":"MGRjYzFhYzhhZjE4MDE1OGMwZDRjMmI1OGE5YzcxNjVvufWHsrDqVdy4t8Mykb8zODY4NzI4LTcxNzk3OTEuanBnfHx8fHx8fHx8fHw2NDB4NDgw.jpg"}]}},{"ad_id":"885308","reg_year":"2007","make":"Citroen","model":"Dispatch Combi","variant":"1.9HDI LWB","mileage":"90597","engine_size":"1.9","fuel_type":"Diesel","body_type":null,"colour":"0000c0","location":"Cork","price":"\u20ac 5,950","images":{"base_url":"http:\/\/i0.carsie.ie\/","image_list":[{"thumb":"N2QwMjU3NzAyOGQ4NDY5NmM1OTUxMTEwN2IxMWU0M2TbxrdBe9Y3s1bgLKONPArMODg1MzA4LTc0MDg0OTQuanBnfHx8fHx8OTJ4Njl8fHx8fA==.jpg","main":"ZWEzYmVhM2NjNzgzY2RkYzI3MGUxMGJlMzMyM2M0Zje_xBM_kSKtB1DOlH8-Vax5ODg1MzA4LTc0MDg0OTQuanBnfHx8fHx8fHx8fHw0MDB4MzAw.jpg","large":"ZDA1MDFiOWVlNDc1MTRhZjk2YjYwYzYyNDQwMmYyM2E5DVcdHIIGLjmqMD0NHUwwODg1MzA4LTc0MDg0OTQuanBnfHx8fHx8fHx8fHw2NDB4NDgw.jpg"}]}},{"ad_id":"892716","reg_year":"2005","make":"Citroen","model":"Dispatch Combi","variant":"1.9 Dsl Wheelchair Accessible Vehicle","mileage":"27000","engine_size":"1.9","fuel_type":"Diesel","body_type":null,"colour":"e0e0e0","location":"Dublin","price":"\u20ac 5,950","images":{"base_url":"http:\/\/i0.carsie.ie\/","image_list":[{"thumb":"ZjQxNTliZjEzYjBjMmMzYmQyMjZhOThjOGY2OWFiOTN0UF0b8mz_XCXWq2_LOxUGODkyNzE2LTc0MDk3ODEuanBnfHx8fHx8OTJ4Njl8fHx8fA==.jpg","main":"M2E4MTYxZmNmMzMwYzJmNDIyM2I1NmMzMzdiYzBlMmNk-5Q3CoS7PZZ2-tShXhSpODkyNzE2LTc0MDk3ODEuanBnfHx8fHx8fHx8fHw0MDB4MzAw.jpg","large":"N2IyMTU3NWUwYzQ0YzA0ZGZjNjM5MzM0MDFjMzRjYzBMl2vIRkWXxT1BnMIjwFCkODkyNzE2LTc0MDk3ODEuanBnfHx8fHx8fHx8fHw2NDB4NDgw.jpg"}]}},{"ad_id":"875846","reg_year":"2009","make":"Citroen","model":"Nemo","variant":"610 LX 1.4 HDI","mileage":"82000","engine_size":"1.4","fuel_type":"Diesel","body_type":"Van","colour":"858585","location":"Longford","price":"\u20ac 5,950","images":{"base_url":"http:\/\/i0.carsie.ie\/","image_list":[{"thumb":"NTRkZTcyYmJjZGU4NmUxY2E1Zjc1MTM1MjEwYWE1MTmLdjS_rzv7xU5Rips9vSJYODc1ODQ2LTcwOTUzNTUuanBnfHx8fHx8OTJ4Njl8fHx8fA==.jpg","main":"NDRlZjM3NGI5M2U3YzhjZDYyOWZlZWI4NTc0ZDNmY2StVh3bCZ0MIEwDc5B3DKrCODc1ODQ2LTcwOTUzNTUuanBnfHx8fHx8fHx8fHw0MDB4MzAw.jpg","large":"NWMxOGE1MDAyNDg4YTI4NzEyN2Y2Y2UzMTA0ODU0NThJBnLkZIu8rHerDQLWnlo0ODc1ODQ2LTcwOTUzNTUuanBnfHx8fHx8fHx8fHw2NDB4NDgw.jpg"}]}},{"ad_id":"850406","reg_year":"2006","make":"Citroen","model":"Xsara Picasso","variant":"1.6 I VSX PICASSO 110 BHP SR EU4 EU","mileage":"59307","engine_size":"1.6","fuel_type":"Petrol","body_type":null,"colour":"ff0000","location":"Galway","price":"\u20ac 5,950","images":{"base_url":"http:\/\/i0.carsie.ie\/","image_list":[{"thumb":"MGRjYWQ5MTg5ZTY4ZGNkMjE4ZmE3NGQwZjQwZTkwOGSv9vQFdZl6zW2MT5a_R9y7ODUwNDA2LTc0Mjg2MDYuanBnfHx8fHx8OTJ4Njl8fHx8fA==.jpg","main":"Y2I3OTYyMDQ3NjhjZDkzNzgzYjdiZGM5NDBmYTE2MTQnkvgPJYkUwTqoCabqcrsYODUwNDA2LTc0Mjg2MDYuanBnfHx8fHx8fHx8fHw0MDB4MzAw.jpg","large":"YzVlMjY1YTFiNzA4YjE0NmFlMmI0ZWQ4ZThiNmE5ODHzL3LZRtJ5K6NZyewolCIhODUwNDA2LTc0Mjg2MDYuanBnfHx8fHx8fHx8fHw2NDB4NDgw.jpg"}]}},{"ad_id":"874292","reg_year":"2007","make":"Fiat","model":"Croma","variant":"1.9 Multijet 8V Dynamic","mileage":"76430","engine_size":"1.9","fuel_type":"Diesel","body_type":"Hatchback","colour":"000000","location":"Dublin","price":"\u20ac 5,950","images":{"base_url":"http:\/\/i0.carsie.ie\/","image_list":[{"thumb":"OWQ3NjI3MzAyNWIxNTNhNjczMGUwOGJlMTM2OWVjZmXSqlGgpt6pKdXtZh9xm4ndODc0MjkyLTcwNjg4ODAuanBnfHx8fHx8OTJ4Njl8fHx8fA==.jpg","main":"Mzk1MDNmMDNmOTQ2YTQ3YTQ0ZDdhNWNjYTQ3ZjFhNzjf6A1I2q0vNAAC02vaBLGXODc0MjkyLTcwNjg4ODAuanBnfHx8fHx8fHx8fHw0MDB4MzAw.jpg","large":"YmJkNDAxYWZlZDVjZWZiNzE0NmYyOThiYzNjY2JlMTXEvihh2yMXcwjCinhgULt2ODc0MjkyLTcwNjg4ODAuanBnfHx8fHx8fHx8fHw2NDB4NDgw.jpg"}]}},{"ad_id":"834654","reg_year":"2007","make":"Fiat","model":"Grande Punto","variant":"GRANDE PUNTO 1.2 8V DYNAMIC","mileage":"27340","engine_size":"1.2","fuel_type":"Petrol","body_type":"Hatchback","colour":"e0e0e0","location":"Dublin","price":"\u20ac 5,950","images":{"base_url":"http:\/\/i0.carsie.ie\/","image_list":[{"thumb":"ZTg5Mzk4ODg3OTc1ZjU4NDZiNWIxNDgwOTE5YmYwZmZPo4Gu0QwbRj7g5LWscroTODM0NjU0LTY2NDAxOTQuanBnfHx8fHx8OTJ4Njl8fHx8fA==.jpg","main":"YWViYmMzMDc1NDNlMGVkZTYzMmQ2YWJhNzI4MmVjOTSlshIGR5oNJpRyVLRN1QxnODM0NjU0LTY2NDAxOTQuanBnfHx8fHx8fHx8fHw0MDB4MzAw.jpg","large":"NDkwOGI2YjdmY2EzY2I1MGE2Nzk5Y2I2Y2JkODc2YjG2in5CQJUCriFU9s-ak4DFODM0NjU0LTY2NDAxOTQuanBnfHx8fHx8fHx8fHw2NDB4NDgw.jpg"}]}},{"ad_id":"893013","reg_year":"2008","make":"Fiat","model":"Grande Punto","variant":"1.4 ACTIVE 8V*AUTOMATIC*12 MONTHS WARRANTY*SIMI APPROVED DEALER*","mileage":"16715","engine_size":"1.4","fuel_type":"Petrol","body_type":null,"colour":"0000c0","location":"Dublin","price":"\u20ac 5,950","images":{"base_url":"http:\/\/i0.carsie.ie\/","image_list":[{"thumb":"MjAyOTdjMmVlODcxMmM4OWRkNzJhNTFmZDMyNzU1NDT9mf33FMDgmmy_L-Sg_jkaODkzMDEzLTc0MTAwNzkuanBnfHx8fHx8OTJ4Njl8fHx8fA==.jpg","main":"NTAxNDFhZGJiODMyOTNiZTQ3NDRjMGE3YmYwOWEyNDRc0VgmWJS3czqqEsBiINKKODkzMDEzLTc0MTAwNzkuanBnfHx8fHx8fHx8fHw0MDB4MzAw.jpg","large":"NWI1YjM5ZmNmNzhjYWRmMjE5MGNjOTNlOGJiNWYwOTb0cF1i14KB-mVawnf7tIf_ODkzMDEzLTc0MTAwNzkuanBnfHx8fHx8fHx8fHw2NDB4NDgw.jpg"}]}},{"ad_id":"778839","reg_year":"2007","make":"Fiat","model":"Grande Punto","variant":null,"mileage":"62763","engine_size":"1.2","fuel_type":"Petrol","body_type":"Hatchback","colour":"000000","location":"Limerick","price":"\u20ac 5,950","images":{"base_url":"http:\/\/i0.carsie.ie\/","image_list":[{"thumb":"ZDZjN2NlY2NlMmE0ZGIzNTZiNjVkMWRmMjQ1Mjc1YTa84QvS1n3VsBDVhwRA140ANzc4ODM5LTU5NTE2OTEuanBnfHx8fHx8OTJ4Njl8fHx8fA==.jpg","main":"ZTE4MmQ0YTgzNTk3NTdmODY1ZWEwZGE5NWI4ZTZkMGF9Rb4HFq2sRABgZhA6u2ZRNzc4ODM5LTU5NTE2OTEuanBnfHx8fHx8fHx8fHw0MDB4MzAw.jpg","large":"ZjFlNTJjNDQyNDUzYzg5NjAzZTNhYjcwMzk5MDk3ZTDs4iGGGMITa9IG1Ggp64VzNzc4ODM5LTU5NTE2OTEuanBnfHx8fHx8fHx8fHw2NDB4NDgw.jpg"}]}},{"ad_id":"885434","reg_year":"2010","make":"Fiat","model":"Panda","variant":"1.1 Active ECO 5DR --EXCEPTIONAL VALUE--","mileage":"47117","engine_size":"1.1","fuel_type":"Petrol","body_type":"Hatchback","colour":"0000c0","location":"Dublin","price":"\u20ac 5,950","images":{"base_url":"http:\/\/i0.carsie.ie\/","image_list":[{"thumb":"Yjk4NTcwY2UxMGI2YjNjNDY5NGFhMTgyNGJhMGVkYjHiv2GjR-QcL0DHVHPBesWNODg1NDM0LTcyMDM2NjQuanBnfHx8fHx8OTJ4Njl8fHx8fA==.jpg","main":"MGYxYjA5Yjc2ZTdiMjJkNzcxOWVhZjAwYjU4NTgzYjRid-77pPFboABYNlnUIPvxODg1NDM0LTcyMDM2NjQuanBnfHx8fHx8fHx8fHw0MDB4MzAw.jpg","large":"YmE1MTY4OWFiYjU2ZDYxYjg5ZTYzZDhkMjcwZmJjMmXPEaueR_siOUov5VAWm1m9ODg1NDM0LTcyMDM2NjQuanBnfHx8fHx8fHx8fHw2NDB4NDgw.jpg"}]}},{"ad_id":"891301","reg_year":"2010","make":"Fiat","model":"Panda","variant":"1.1 ACTIVE ECO 5DR","mileage":"43496","engine_size":"1.1","fuel_type":"Petrol","body_type":null,"colour":"000000","location":"Dublin","price":"\u20ac 5,950","images":{"base_url":"http:\/\/i0.carsie.ie\/","image_list":[{"thumb":"MmI3NGNkNDNhMTlkZTJmZjhhZTA4OTdjNWIwYzRkYzNS1ALC-0aIPGa1l1MJ51nPODkxMzAxLTczMzcxNzMuanBnfHx8fHx8OTJ4Njl8fHx8fA==.jpg","main":"ZmU2OWRiMjcxYjIzYjNmZmFkYTJiN2RlNjgyNjc0NzJkfaR3bTx23QLvhh_kUnDEODkxMzAxLTczMzcxNzMuanBnfHx8fHx8fHx8fHw0MDB4MzAw.jpg","large":"YTJjNzA0OTM5NDAxNjE0ZDAwZjYzNDUxNzczY2E3YWU_L3YcGf9uTc2m6C1q1A9pODkxMzAxLTczMzcxNzMuanBnfHx8fHx8fHx8fHw2NDB4NDgw.jpg"}]}},{"ad_id":"891302","reg_year":"2010","make":"Fiat","model":"Panda","variant":"1.1 ACTIVE ECO 5DR","mileage":"41010","engine_size":"1.1","fuel_type":"Petrol","body_type":null,"colour":"000000","location":"Dublin","price":"\u20ac 5,950","images":{"base_url":"http:\/\/i0.carsie.ie\/","image_list":[{"thumb":"MjNhZTJlOTU4MjRmOTgxMzA2YmY3MjQwNzhmM2NmMzNct9WwmWp5vJDi3Q4awJ9rODkxMzAyLTc0MDk1MjEuanBnfHx8fHx8OTJ4Njl8fHx8fA==.jpg","main":"NTlhNmIwMDI4MThmMzE0NjJlNWZjZjA4MTZlYzIzNWLY1kMxSqECRkXfs1EisRMrODkxMzAyLTc0MDk1MjEuanBnfHx8fHx8fHx8fHw0MDB4MzAw.jpg","large":"NWIzOGZmOWJhYzhkZThjOTE2YTM1MDdmM2U4OGVhZDTkscZ93XkwVBy5OgSfX3ScODkxMzAyLTc0MDk1MjEuanBnfHx8fHx8fHx8fHw2NDB4NDgw.jpg"}]}},{"ad_id":"891304","reg_year":"2010","make":"Fiat","model":"Panda","variant":"1.1 ACTIVE ECO 5DR","mileage":"42253","engine_size":"1.1","fuel_type":"Petrol","body_type":null,"colour":"000000","location":"Dublin","price":"\u20ac 5,950","images":{"base_url":"http:\/\/i0.carsie.ie\/","image_list":[{"thumb":"NzliYWVlOTk0MmFmNDhmNzIxOGE4NTIxNDkyYTczZTPE0zFGsdK_dZkWfZxufitDODkxMzA0LTczMzcxODIuanBnfHx8fHx8OTJ4Njl8fHx8fA==.jpg","main":"OWUwMjI0MjliYWRiMDE2ZjQ4MmM2NTc2NjMxOGI2NWY03SsU3-rYeW0NIdCPu5tWODkxMzA0LTczMzcxODIuanBnfHx8fHx8fHx8fHw0MDB4MzAw.jpg","large":"YTk3ZDY4YzE5OWFhOWRkZmMxNWM1ZjNlZmRkN2E1NTdoetPrCv12PlCFy3uHWZaEODkxMzA0LTczMzcxODIuanBnfHx8fHx8fHx8fHw2NDB4NDgw.jpg"}]}},{"ad_id":"892822","reg_year":"2010","make":"Fiat","model":"Panda","variant":"1.1 ACTIVE ECO EXCELLENT VALUE","mileage":"46733","engine_size":"1.1","fuel_type":"Petrol","body_type":"Hatchback","colour":"0000c0","location":"Dublin","price":"\u20ac 5,950","images":{"base_url":"http:\/\/i0.carsie.ie\/","image_list":[{"thumb":"MDc5NTY2ZmQ3YzZmMDYzNmIzNTEyZmNiNWU1MTAzOGS7FCR79AkgM1Zsx7_axE0aODkyODIyLTcyNzg2MTMuanBnfHx8fHx8OTJ4Njl8fHx8fA==.jpg","main":"MmFjZjJjMGE3YjI0ZGE2NGU0NDYzNTg2ODA1ODJmYjZM7bYEFHmaiZxGo5PEgtvFODkyODIyLTcyNzg2MTMuanBnfHx8fHx8fHx8fHw0MDB4MzAw.jpg","large":"OTIxNDdkYTAyMTI3MzMyZjUyMzJmMzk1NGJkNWNmYmOobkhMxI2RBPEjdIDpQpQBODkyODIyLTcyNzg2MTMuanBnfHx8fHx8fHx8fHw2NDB4NDgw.jpg"}]}}]}