{"total":"23408","result":[{"ad_id":"893664","reg_year":"2009","make":"Citroen","model":"Dispatch","variant":"1000 L1H1 SWB HDI 90","mileage":"76000","engine_size":"1.6","fuel_type":"Diesel","body_type":"Hatchback","colour":"ffffff","location":"Louth","price":"\u20ac 7,951","images":{"base_url":"http:\/\/i0.carsie.ie\/","image_list":[{"thumb":"OGRlNDljNTBjMGQxMjRhMTZkMzQ0ZGFiYzU3MGNiOTJCzNxJd85nizldDlS7hGCXODkzNjY0LTczMDU0MTYuanBnfHx8fHx8OTJ4Njl8fHx8fA==.jpg","main":"ZGY4YjVkZmMyYjI4ZTUwMjE2NTEzYTk5YjJiMDUzOTJ7L94SuM6_due7ESCibbCgODkzNjY0LTczMDU0MTYuanBnfHx8fHx8fHx8fHw0MDB4MzAw.jpg","large":"ODBjMDJiODkxZGQwYjg4ZWIyZDRhYTAwM2I4ZDNiYjY3TzjB8qDjEN1pzKHPDaGhODkzNjY0LTczMDU0MTYuanBnfHx8fHx8fHx8fHw2NDB4NDgw.jpg"}]}},{"ad_id":"864126","reg_year":"2005","make":"Audi","model":"A3","variant":"T FSI Quattro Sport","mileage":"74000","engine_size":"2.0","fuel_type":"Petrol","body_type":"Hatchback","colour":"ff0000","location":"Dublin","price":"\u20ac 7,990","images":{"base_url":"http:\/\/i0.carsie.ie\/","image_list":[{"thumb":"Y2UwNmFmMDE4ZTJiNDgxNTIxNjIwMDc5MzU2YjMwZGPUfq5uyqsTm52adg6UBmPgODY0MTI2LTcyMzE1MjQuanBnfHx8fHx8OTJ4Njl8fHx8fA==.jpg","main":"NTMyYzhjYzQzMGMyMjgyNmZiYTQyZjNhZGZmNGViYzLAX4P_9pnno0MVoYml3njQODY0MTI2LTcyMzE1MjQuanBnfHx8fHx8fHx8fHw0MDB4MzAw.jpg","large":"ZTZkOGE0NTUwY2VmZTY2MTdmMjJiZTkxZTM2MTI5ZmOn2utVR3HGbQSMlqwQj-87ODY0MTI2LTcyMzE1MjQuanBnfHx8fHx8fHx8fHw2NDB4NDgw.jpg"}]}},{"ad_id":"900660","reg_year":"2006","make":"Audi","model":"A3","variant":"Sportback 1.6 ATT 5DR","mileage":"61517","engine_size":"1.6","fuel_type":"Petrol","body_type":"Hatchback","colour":"000000","location":"Dublin","price":"\u20ac 7,990","images":{"base_url":"http:\/\/i0.carsie.ie\/","image_list":[{"thumb":"OGYwOGM0YWZmOTVhNzgyM2JkMjI0NjQxNTE0NTU5MGOboEUhmwvmq8yjnNEVQFRaOTAwNjYwLTc0MDQ5OTAuanBnfHx8fHx8OTJ4Njl8fHx8fA==.jpg","main":"NDljNGM0NmNlNDEwZjI3ZTQzNTI1OGQ0NDNjMDI4ZWIsbaF8FywedpMJjCsG9KEtOTAwNjYwLTc0MDQ5OTAuanBnfHx8fHx8fHx8fHw0MDB4MzAw.jpg","large":"MWJlODllMmM3NGJlNDViYTYxMmFmY2MzNTY1NDIwNmUbMUe33Zd5rKInMeUHzPoMOTAwNjYwLTc0MDQ5OTAuanBnfHx8fHx8fHx8fHw2NDB4NDgw.jpg"}]}},{"ad_id":"886528","reg_year":"2011","make":"Fiat","model":"Fiorino","variant":"Cargo 1.3 16V M\/jet SX 6DR Side door","mileage":"70000","engine_size":"1.3","fuel_type":"Diesel","body_type":"Van","colour":"ffffff","location":"Kerry","price":"\u20ac 7,990","images":{"base_url":"http:\/\/i0.carsie.ie\/","image_list":[{"thumb":"ZTVkOWM0NzljMTRmM2U1MTQ5MmE5ODk4ODk4ZDcyODRnKxPOdBSIKZsrUtS8tJTWODg2NTI4LTcyNzQwMDUuanBnfHx8fHx8OTJ4Njl8fHx8fA==.jpg","main":"NGJjYmUzMjE1NjVkMzNiYjAxNDUyMTE4YTM0NTI2NzfIc6CG8FbeeTfWfjsw3DthODg2NTI4LTcyNzQwMDUuanBnfHx8fHx8fHx8fHw0MDB4MzAw.jpg","large":"MjdhNGY3ZDM2YWVhOTBiM2Y0NWQ0YWY4YjE5YzljOTLrGqtUZc_6pvOGYVtnj2LwODg2NTI4LTcyNzQwMDUuanBnfHx8fHx8fHx8fHw2NDB4NDgw.jpg"}]}},{"ad_id":"902099","reg_year":"2008","make":"Toyota","model":"Avensis","variant":"1.6 Strata 08","mileage":"65000","engine_size":"1.6","fuel_type":"Petrol","body_type":"Saloon","colour":"ff0000","location":"Dublin","price":"\u20ac 7,990","images":{"base_url":"http:\/\/i0.carsie.ie\/","image_list":[{"thumb":"NWVmNDNhOGVjOWVjM2VjMTUwOTVjNTNiZmI0NDRhNGNipORJVou9NgVW5RWpUA17OTAyMDk5LTc0MjgxOTAuanBnfHx8fHx8OTJ4Njl8fHx8fA==.jpg","main":"ZjM3NTc1NmRhOTVhYzhhNGNmMGM4M2Q3ZWM4Yjg0NjZaHNB2JdEEzLAPaB3vFseoOTAyMDk5LTc0MjgxOTAuanBnfHx8fHx8fHx8fHw0MDB4MzAw.jpg","large":"N2VkNjQyODM5ZmEyNGYyYmJhNDBiZTMxNGFlMGQxZjK5LG1y4f4d_OHKra9ydnHAOTAyMDk5LTc0MjgxOTAuanBnfHx8fHx8fHx8fHw2NDB4NDgw.jpg"}]}},{"ad_id":"902156","reg_year":"2005","make":"BMW","model":"3 Series","variant":"BMW 320 2.0 DIESEL, MANUAL, FULL LEATHER, 18IN BMW ALLOYS, NCT TILL SEPT 13, SERVICE HISTORY","mileage":"199800","engine_size":"2.0","fuel_type":"Diesel","body_type":"Saloon","colour":"858585","location":"Dublin","price":"\u20ac 7,995","images":{"base_url":"http:\/\/i0.carsie.ie\/","image_list":[{"thumb":"ZWIxNTVkY2IxYmMwZWU3MjUzNTI5ZDRjOWE0M2I1YWWJbwDrOoJTtMb98O7TKOR6OTAyMTU2LTc0Mjk2OTYuanBnfHx8fHx8OTJ4Njl8fHx8fA==.jpg","main":"NWRlNzhkNWVmN2VkODczOWQ5ZjAyNmYyZGVmMjY5Y2JqjFACQB8WQvERTHMWt5XUOTAyMTU2LTc0Mjk2OTYuanBnfHx8fHx8fHx8fHw0MDB4MzAw.jpg","large":"YTIyYWJmZTRhNjc2MDNlYmQ5NWQ0MmI5MzY1N2ZlMWK3nR7z4G7A7oqH6gnTsDADOTAyMTU2LTc0Mjk2OTYuanBnfHx8fHx8fHx8fHw2NDB4NDgw.jpg"}]}},{"ad_id":"891721","reg_year":"2008","make":"Citroen","model":"C4 Picasso","variant":"5 Seat 1.8I Dynamique","mileage":"35419","engine_size":"1.7","fuel_type":"Petrol","body_type":"People Carrier","colour":"000000","location":"Dublin","price":"\u20ac 7,995","images":{"base_url":"http:\/\/i0.carsie.ie\/","image_list":[{"thumb":"ZjkyNDBiOWMxYTBkODczN2YwNzMzZWQ1ZjQ2YjllYjX-o2bR3yjE0B1RceY34F3yODkxNzIxLTcyODE3NTguanBnfHx8fHx8OTJ4Njl8fHx8fA==.jpg","main":"NjhmM2QxZmVlZjI3OGQwYmQyYmIxMDc1YzAxNzhkMTWJTt47-ThCRNVKrvn_wAHnODkxNzIxLTcyODE3NTguanBnfHx8fHx8fHx8fHw0MDB4MzAw.jpg","large":"NGNhZWMwZTEwOWZlODA4OTE0NzNkYzQ1YTcyNDA5YjilJ6ekQwR8lxpgdU-4kQDrODkxNzIxLTcyODE3NTguanBnfHx8fHx8fHx8fHw2NDB4NDgw.jpg"}]}},{"ad_id":"877874","reg_year":"2008","make":"Citroen","model":"Xsara Picasso","variant":"1.6 I VSX PICASSO 110 BHP SR EU4 EU","mileage":"85128","engine_size":"1.6","fuel_type":"Petrol","body_type":null,"colour":"ff0000","location":"Mayo","price":"\u20ac 7,995","images":{"base_url":"http:\/\/i0.carsie.ie\/","image_list":[{"thumb":"MzU1MmI5YjI2NWM4YTUyMWM3YjZhNDgxZTZkNDFjMzay-jxetgnI9oq3hEdFvX61ODc3ODc0LTcxNjQwNTQuanBnfHx8fHx8OTJ4Njl8fHx8fA==.jpg","main":"MmY5MzQxNmNlMzZhYzM4M2MxOTM0Zjk0YjE0ODNjMTRsASyXdi1jLrteIjZY4uyNODc3ODc0LTcxNjQwNTQuanBnfHx8fHx8fHx8fHw0MDB4MzAw.jpg","large":"MTcxZjM0YzkxZTYzZjMzNTAwNWRkMTBiYzc1OWQzYjDXHwLyFiu-NRqv3SEkxWUDODc3ODc0LTcxNjQwNTQuanBnfHx8fHx8fHx8fHw2NDB4NDgw.jpg"}]}},{"ad_id":"890889","reg_year":"2007","make":"Daihatsu","model":"Terios","variant":"2WD SUV SOLD ","mileage":"60000","engine_size":"1.5","fuel_type":"Petrol","body_type":"SUV","colour":"000000","location":"Dublin","price":"\u20ac 7,995","images":{"base_url":"http:\/\/i0.carsie.ie\/","image_list":[{"thumb":"OGMwNWI5ZTI3OWUwY2RiYzUxZTZmOGVlOGQ1ZTc4ODgUF4pwWzGInIk_Bz6fu-HvODkwODg5LTcyNTc5MDUuanBnfHx8fHx8OTJ4Njl8fHx8fA==.jpg","main":"ZjAzYjJmNzkxMjFiZTc4M2UxMzhjY2U4OTVjNTA4MWEbz4qidgYGWiM1kKGdn7lQODkwODg5LTcyNTc5MDUuanBnfHx8fHx8fHx8fHw0MDB4MzAw.jpg","large":"NGJhMTA5MmQ4MmRlYmUzZDY2NTBmMjQ5ZjEzYTE2NWYiJDtdhNG6d3W_v2FcVw58ODkwODg5LTcyNTc5MDUuanBnfHx8fHx8fHx8fHw2NDB4NDgw.jpg"}]}},{"ad_id":"872876","reg_year":"2008","make":"Fiat","model":"500","variant":"1.2 POP","mileage":"56000","engine_size":"1.2","fuel_type":"Petrol","body_type":"Hatchback","colour":"ffffff","location":"Meath","price":"\u20ac 7,995","images":{"base_url":"http:\/\/i0.carsie.ie\/","image_list":[{"thumb":"YWY3MWY1MTg4NmYwZjE1ZDVmZTJlNmE3ZTY1NDlmNmMWD8oz3p74RDvD6Zce0Lk_ODcyODc2LTcyNTcwMjguanBnfHx8fHx8OTJ4Njl8fHx8fA==.jpg","main":"YjRkMTYzYzFhYmRmYjI1OWQ1NTgzMDA3MGNmNWNkZmEcXbI2ghtv6KtRLKM7-TkSODcyODc2LTcyNTcwMjguanBnfHx8fHx8fHx8fHw0MDB4MzAw.jpg","large":"MTBkZWI4ZjhlNWJmZDVhOTU3MjUwNzQ2OTQwOGU0YjPKN-Fh_kfEpEO3BNjQtGgnODcyODc2LTcyNTcwMjguanBnfHx8fHx8fHx8fHw2NDB4NDgw.jpg"}]}},{"ad_id":"897680","reg_year":"2009","make":"Fiat","model":"Bravo","variant":"1.4 16V 90 Dynamic","mileage":"55924","engine_size":"1.4","fuel_type":"Petrol","body_type":"Hatchback","colour":"0000c0","location":"Dublin","price":"\u20ac 7,995","images":{"base_url":"http:\/\/i0.carsie.ie\/","image_list":[{"thumb":"ZWUxNzMyYzliYWJjYjIyYWVhM2JhYjRhOThhMDBkYzf23ivGLtX6B1H--HDi-LA2ODk3NjgwLTczNTY0NzAuanBnfHx8fHx8OTJ4Njl8fHx8fA==.jpg","main":"YWQ1NDZkZjhiOWZkYjk5MWJiYTU5MWU4MzY3Y2FlNzf2aLh0OlljWbE9O-VJj43wODk3NjgwLTczNTY0NzAuanBnfHx8fHx8fHx8fHw0MDB4MzAw.jpg","large":"ZGE4ZWM0N2VjYmFkNzViNzBkMzQ5ZTUyMGExYzI0YTH3YkQI0nVk1LwbwAzpGCJRODk3NjgwLTczNTY0NzAuanBnfHx8fHx8fHx8fHw2NDB4NDgw.jpg"}]}},{"ad_id":"838520","reg_year":"2010","make":"Fiat","model":"Grande Punto","variant":"Sound","mileage":"58258","engine_size":null,"fuel_type":"Petrol","body_type":"Hatchback","colour":"858585","location":"Dublin","price":"\u20ac 7,995","images":{"base_url":"http:\/\/i0.carsie.ie\/","image_list":[{"thumb":"NTZmYzI5ZDY2YjI2NzliMzI3YWJiYzE4YTc4ZjcyZDawCnJoELl9duLJSHlPb4wnODM4NTIwLTY3Mzc5OTUuanBnfHx8fHx8OTJ4Njl8fHx8fA==.jpg","main":"MWY2MWFlZTIyNzFkZDNlMTE3NTVjMjM0ZTI4MTU2MGEt-ShH7Cky52IRLBl4XT1UODM4NTIwLTY3Mzc5OTUuanBnfHx8fHx8fHx8fHw0MDB4MzAw.jpg","large":"YjU3ZDhmZWVkNDBiYTZjY2RmYmMxNmEzYjA1MGZmMmQCrjNtG5fMRnqMbpplFrv4ODM4NTIwLTY3Mzc5OTUuanBnfHx8fHx8fHx8fHw2NDB4NDgw.jpg"}]}},{"ad_id":"838521","reg_year":"2010","make":"Fiat","model":"Grande Punto","variant":"Sound","mileage":"53682","engine_size":null,"fuel_type":"Petrol","body_type":"Hatchback","colour":"858585","location":"Dublin","price":"\u20ac 7,995","images":{"base_url":"http:\/\/i0.carsie.ie\/","image_list":[{"thumb":"ODJiNzViYTFhM2ExMGIzYTg2MzE3YTQ3ZTNiMWEzOWSokp6r9EBcKtOfUK-bPP6bODM4NTIxLTY3MzgwMDMuanBnfHx8fHx8OTJ4Njl8fHx8fA==.jpg","main":"YzE0ZThjNWI4ZWQ5OTAwNWZlNjNhNWVhZDY3YjVlM2EQBPhpqNIpWFFIae-YghT4ODM4NTIxLTY3MzgwMDMuanBnfHx8fHx8fHx8fHw0MDB4MzAw.jpg","large":"NzQ2YTFlNjA1YWNlOWYzM2EzNjQ0N2Q0NzNlYzhlOTh_PlBGs0kviJtfV44qXtHqODM4NTIxLTY3MzgwMDMuanBnfHx8fHx8fHx8fHw2NDB4NDgw.jpg"}]}},{"ad_id":"794210","reg_year":"2007","make":"Ford","model":"C-Max","variant":"C-max Zetec TDCI","mileage":"83000","engine_size":"1.6","fuel_type":"Diesel","body_type":"People Carrier","colour":"e0e0e0","location":"Meath","price":"\u20ac 7,995","images":{"base_url":"http:\/\/i0.carsie.ie\/","image_list":[{"thumb":"NDhiYTkyNWVkMjBkOWQxYzAwMGMwYTJjOGJhNGFkYzC7abGUcfRWtnNaDaXtTjxSNzk0MjEwLTYxMzMxMjQuanBnfHx8fHx8OTJ4Njl8fHx8fA==.jpg","main":"MDM4MzE4ZWU3YTU0ODNiNTIxNzcyMzU0MTQ0MGIyMTCuHtf_XihvM405vYdlwed_Nzk0MjEwLTYxMzMxMjQuanBnfHx8fHx8fHx8fHw0MDB4MzAw.jpg","large":"YzVhZmU3YzNhODg4YzkxNmUwMWJmMDgzNWZkN2Y4NzCRRlA0YU7IapdFQMFQTugLNzk0MjEwLTYxMzMxMjQuanBnfHx8fHx8fHx8fHw2NDB4NDgw.jpg"}]}},{"ad_id":"890308","reg_year":"2008","make":"Ford","model":"Focus","variant":"Style 1.4 80PS","mileage":"90722","engine_size":"1.4","fuel_type":"Petrol","body_type":"Hatchback","colour":"858585","location":"Kildare","price":"\u20ac 7,995","images":{"base_url":"http:\/\/i0.carsie.ie\/","image_list":[{"thumb":"ZjM3NTIyMTY5NThjNjNiMGRjMTNlNzBkZGY1OThjNDTsTTt8fhKg8B5PB6Vo5pdWODkwMzA4LTcyNDY3MTYuanBnfHx8fHx8OTJ4Njl8fHx8fA==.jpg","main":"ZjE3MzVhZGQ5MGM0YzFhNDYxMDVlNTNkMjRhZWE2NDh86NBRdHxwSscfTA_ezO0nODkwMzA4LTcyNDY3MTYuanBnfHx8fHx8fHx8fHw0MDB4MzAw.jpg","large":"NzIzMDYzNjk4Y2I4NDdiYWNkNDc5NWI5ZjRmMTk1MTQjCqFwb9bGQooI4Wybkz05ODkwMzA4LTcyNDY3MTYuanBnfHx8fHx8fHx8fHw2NDB4NDgw.jpg"}]}},{"ad_id":"888021","reg_year":"2006","make":"Ford","model":"Focus","variant":"focus nt lx 1.4","mileage":"45981","engine_size":"1.4","fuel_type":"Petrol","body_type":"Hatchback","colour":"858585","location":"Mayo","price":"\u20ac 7,995","images":{"base_url":"http:\/\/i0.carsie.ie\/","image_list":[{"thumb":"ZjQwYzE0MTE4NzNiMTM1YmRkNmFlNmE0M2ZkNTY4NTfYe1uTTlVaNZPf6NOUw0DcODg4MDIxLTczMjY4NjAuanBnfHx8fHx8OTJ4Njl8fHx8fA==.jpg","main":"ZDFhNDcwMjJjYWY3OTEzMzY4NjEzNDUzZjk4NjYxMDk8RCCOnhpAbf_DVecujTfMODg4MDIxLTczMjY4NjAuanBnfHx8fHx8fHx8fHw0MDB4MzAw.jpg","large":"Yzg3ZjNhYmFiNjA0YTMxNGEzZGU0ZjNlODllMjAxNjUlUFF3czoQdgYsLUGvUh-4ODg4MDIxLTczMjY4NjAuanBnfHx8fHx8fHx8fHw2NDB4NDgw.jpg"}]}},{"ad_id":"874536","reg_year":"2007","make":"Ford","model":"Focus","variant":"1.6 l Diesel GHIA","mileage":"76000","engine_size":"1.6","fuel_type":"Diesel","body_type":"Hatchback","colour":"858585","location":"Waterford","price":"\u20ac 7,995","images":{"base_url":"http:\/\/i0.carsie.ie\/","image_list":[{"thumb":"ODU2ZmJmZTM0NjRiOWJmM2FmZWFlZjAxZmIyNzk5NTO7QFINvD60VMc5jB3NhyQvODc0NTM2LTcwNzE5MjIuanBnfHx8fHx8OTJ4Njl8fHx8fA==.jpg","main":"YTQ2NDI2NDY5MjUzOWUyODM2ZTQwMDJlYzFiMjVjYTFMOY9iEdueJlqQv4FHQWzhODc0NTM2LTcwNzE5MjIuanBnfHx8fHx8fHx8fHw0MDB4MzAw.jpg","large":"ZWJiNjZkNjc4MmJmNDEwYzAyZTk4Y2YwOGUyMmVlNTBt0c_xYjtpSwt1g6IkL3YsODc0NTM2LTcwNzE5MjIuanBnfHx8fHx8fHx8fHw2NDB4NDgw.jpg"}]}},{"ad_id":"897176","reg_year":"2008","make":"Ford","model":"Transit","variant":"350LWB 2.4 100PS M\/R","mileage":"80780","engine_size":"2.4","fuel_type":"Diesel","body_type":"Van","colour":"ffffff","location":"Dublin","price":"\u20ac 7,995","images":{"base_url":"http:\/\/i0.carsie.ie\/","image_list":[{"thumb":"YTFiMzAyZmQ2OWVkODcyYTEyMDgxYTIzN2VlNzlmNzaI3p8J8o_F8DKkKjMptGAfODk3MTc2LTczNTE5MDMuanBnfHx8fHx8OTJ4Njl8fHx8fA==.jpg","main":"Y2YxYWExOWUyMzg4ZDI0OTA0NGQwNjJlZWViZDhlN2Oyw8EjvabXu-C3v6i7EhX1ODk3MTc2LTczNTE5MDMuanBnfHx8fHx8fHx8fHw0MDB4MzAw.jpg","large":"ODIzYTAwZDg1NWFiN2MzOWMwMmVmMTQ4N2ZhNDkxNzGMneaj00pSLN7Sh_iW8B2uODk3MTc2LTczNTE5MDMuanBnfHx8fHx8fHx8fHw2NDB4NDgw.jpg"}]}},{"ad_id":"901522","reg_year":"2006","make":"Honda","model":"Accord","variant":"2.2i-cdti Executive 04DR. NCT 06\/14","mileage":"145781","engine_size":"2.2","fuel_type":"Diesel","body_type":"Saloon","colour":"000000","location":"Dublin","price":"\u20ac 7,995","images":{"base_url":"http:\/\/i0.carsie.ie\/","image_list":[{"thumb":"N2Y2ZGIwZTU4ZWQ3NTY3OGRmOTFiMWYxOWVjOGVhOTHMtnTzQfvRmUttvAgUhnhiOTAxNTIyLTc0MjE0MDUuanBnfHx8fHx8OTJ4Njl8fHx8fA==.jpg","main":"Y2FlY2EzYThhYzE5Mzk3MzYwMmIxMTUxZTk2Y2M3MGRkeIzNPPIFnLFIEkx1S3_SOTAxNTIyLTc0MjE0MDUuanBnfHx8fHx8fHx8fHw0MDB4MzAw.jpg","large":"M2Y2ZGVlN2FkMTNlMTUyOThkM2UyNTA4ZDI2YjAyMTQVMHpC7DBP2nozlZTRiVC2OTAxNTIyLTc0MjE0MDUuanBnfHx8fHx8fHx8fHw2NDB4NDgw.jpg"}]}},{"ad_id":"869814","reg_year":"2005","make":"Honda","model":"FR-V","variant":"FRV 1.7SE 5DR","mileage":"70000","engine_size":"1.7","fuel_type":"Petrol","body_type":"Estate","colour":"0000c0","location":"Kildare","price":"\u20ac 7,995","images":{"base_url":"http:\/\/i0.carsie.ie\/","image_list":[{"thumb":"YWU3OTNhNzIyODNhZmEzYWU1MTQ0NjJiYzU4MDBmYTd8AVrB0D5zGzMJIL5wXApMODY5ODE0LTcwMTgyMjQuanBnfHx8fHx8OTJ4Njl8fHx8fA==.jpg","main":"Mzk4YzNkNGNlNjMxNTcwOGQ3ZThjZDUxNmU4ODllZGJ18OJR3vz16xAO6aA36uxtODY5ODE0LTcwMTgyMjQuanBnfHx8fHx8fHx8fHw0MDB4MzAw.jpg","large":"YWQ1OWU0ZDMyOWFjZWU5NGQ4NDA5MzVlMTY1MTA4ZDIi3J9j5CI-0p8Q1OmsaRPgODY5ODE0LTcwMTgyMjQuanBnfHx8fHx8fHx8fHw2NDB4NDgw.jpg"}]}}]}