{"total":"23408","result":[{"ad_id":"899533","reg_year":"2008","make":"Ford","model":"Focus","variant":"Zetec 1.4 5SP","mileage":"59780","engine_size":"1.4","fuel_type":"Petrol","body_type":"Hatchback","colour":"858585","location":"Louth","price":"\u20ac 8,595","images":{"base_url":"http:\/\/i0.carsie.ie\/","image_list":[{"thumb":"OGQ3NmQwZTMzZDBiNGIxN2E1OThjNjVlNjBkMmU4NWOb5TXuigfX1CThvpsf3fGkODk5NTMzLTczNzk3NzMuanBnfHx8fHx8OTJ4Njl8fHx8fA==.jpg","main":"YmJlN2MxZjc5ZDc2NGRlMTdmOGQzMWY3MTc4MjhmYja-sU7wp95tslW1iA_59LdRODk5NTMzLTczNzk3NzMuanBnfHx8fHx8fHx8fHw0MDB4MzAw.jpg","large":"Njk4YzI0MWMwNTRjZTY5YzBhZWFlZGUyYTIyMTg4NTV73gI6p6uZW6oj0M6X5H2WODk5NTMzLTczNzk3NzMuanBnfHx8fHx8fHx8fHw2NDB4NDgw.jpg"}]}},{"ad_id":"877793","reg_year":"2007","make":"Seat","model":"Leon","variant":null,"mileage":"48872","engine_size":"1.9","fuel_type":"Diesel","body_type":null,"colour":"000000","location":"Mayo","price":"\u20ac 8,595","images":{"base_url":"http:\/\/i0.carsie.ie\/","image_list":[{"thumb":"YmZhYTQyNmZhZTVkMmNmZjllMGQ1MDg2MWEwYzUyYjejP9JT54r1otJ7NpAcNJu6ODc3NzkzLTcxMTczNzkuanBnfHx8fHx8OTJ4Njl8fHx8fA==.jpg","main":"MTA0MzUzZDNjZDdlMDEwYWZmZDQyMDQ3OTU3MzE1Zji0Ru7JvV1XLWdUSBgsPy1eODc3NzkzLTcxMTczNzkuanBnfHx8fHx8fHx8fHw0MDB4MzAw.jpg","large":"NDgyYWY3YzEzMTEyODFjZTA4MWZhYmM5YzM4MTcxOTcATKwXWiMhcRJRBNgv2O5QODc3NzkzLTcxMTczNzkuanBnfHx8fHx8fHx8fHw2NDB4NDgw.jpg"}]}},{"ad_id":"855334","reg_year":"2009","make":"Citroen","model":"Berlingo","variant":"625 LX L1 HDI Sat Nav TRAFFIC MASTER","mileage":"53000","engine_size":"1.6","fuel_type":"Diesel","body_type":"Hatchback","colour":"e0e0e0","location":"Meath","price":"\u20ac 8,600","images":{"base_url":"http:\/\/i0.carsie.ie\/","image_list":[{"thumb":"NzUxMDY3NjcxYzNmMjlkODJmOWJhNmQ3NjliODliYzJfXF6EeHQE9a-u0eHpEtxyODU1MzM0LTcyMzE3MjYuanBnfHx8fHx8OTJ4Njl8fHx8fA==.jpg","main":"NzgxZWQ2ODU3ZDAwZjRkYjZkNzNhM2U5M2QzMzE4MTm1LkvrQnfzAtjzfW7B3XrvODU1MzM0LTcyMzE3MjYuanBnfHx8fHx8fHx8fHw0MDB4MzAw.jpg","large":"NzNhNzg3NjA0YWNmMWFhN2JmMDA2MWQ1YTc1MWYwZDEgZWS8U5ao38DPGvQBWIYlODU1MzM0LTcyMzE3MjYuanBnfHx8fHx8fHx8fHw2NDB4NDgw.jpg"}]}},{"ad_id":"840569","reg_year":"2006","make":"Mercedes-Benz","model":"E 280","variant":"CDI AUTO 4DR","mileage":"135000","engine_size":"3.0","fuel_type":"Diesel","body_type":"Saloon","colour":"000000","location":"Dublin","price":"\u20ac 8,600","images":{"base_url":"http:\/\/i0.carsie.ie\/","image_list":[{"thumb":"NjFhOTM0Njc0YTRiY2VkYTA1ZWU5ODYwNTY1OWRhZDDXLaWzpjSRo0Eg4kWinhYiODQwNTY5LTY3MjU2ODEuanBnfHx8fHx8OTJ4Njl8fHx8fA==.jpg","main":"OTBiN2I0YmQ2NWQ0OWIxZjZiYmNjZjVlYjkwY2I3NTnQA7IxWsVmFRE0BhLNoqXNODQwNTY5LTY3MjU2ODEuanBnfHx8fHx8fHx8fHw0MDB4MzAw.jpg","large":"NDFjODk2YTUxMDhhOTIxNzI0YjMwZDkyMTY2MmU1YmINFJDk6UocCfnMR8eDsr9nODQwNTY5LTY3MjU2ODEuanBnfHx8fHx8fHx8fHw2NDB4NDgw.jpg"}]}},{"ad_id":"882627","reg_year":"2009","make":"Citroen","model":"Berlingo","variant":"625 lx 3 seater","mileage":"63456","engine_size":"1.6","fuel_type":"Diesel","body_type":"Van","colour":"e0e0e0","location":"Clare","price":"\u20ac 8,650","images":{"base_url":"http:\/\/i0.carsie.ie\/","image_list":[{"thumb":"MjRmYzBjNTQxMDAwOWY2OWJlODQ2NWM5N2M1NmQ3M2U075mQOirczStJVCN0m-yDODgyNjI3LTcxNzk2MDAuanBnfHx8fHx8OTJ4Njl8fHx8fA==.jpg","main":"NTQ0MDJhMDkzNGMyOTc5ODA0MTViMmRjODhmMDU5NWX3WE0bcHRlM7ttPVgu-bNBODgyNjI3LTcxNzk2MDAuanBnfHx8fHx8fHx8fHw0MDB4MzAw.jpg","large":"NTRhODBkNTBlNWNhMmMzM2I1MWIxZDc5NzQ2NDQwNDVCkj0JK318LOnHduUUjpPoODgyNjI3LTcxNzk2MDAuanBnfHx8fHx8fHx8fHw2NDB4NDgw.jpg"}]}},{"ad_id":"899999","reg_year":"2008","make":"Ford","model":"Focus","variant":"NT Zetec 1.6 100PS","mileage":"52196","engine_size":"1.6","fuel_type":"Petrol","body_type":"Hatchback","colour":"e0e0e0","location":"Dublin","price":"\u20ac 8,650","images":{"base_url":"http:\/\/i0.carsie.ie\/","image_list":[{"thumb":"ZjA1NjJlOWIxNTU2ZjE1MGQ4YTlmNmIzZDQxZjdhNDeIIariTmM-XtULH136xhriODk5OTk5LTczODM2NDIuanBnfHx8fHx8OTJ4Njl8fHx8fA==.jpg","main":"ZmY4OWQ2NjVkMjgxMmIwNTFlZWNiNjA3NTM1MmIzNTF-6Z8sVk4dHJSSqx5hwM9hODk5OTk5LTczODM2NDIuanBnfHx8fHx8fHx8fHw0MDB4MzAw.jpg","large":"MGRiZDQwNjFmNTQ4ZjQwYmQwZDM1OGM4MWMzYjRhZDRkxEllCl4Tf6LduZ2ftZsQODk5OTk5LTczODM2NDIuanBnfHx8fHx8fHx8fHw2NDB4NDgw.jpg"}]}},{"ad_id":"879589","reg_year":"2009","make":"Kia","model":"Sportage","variant":"2.0 EX","mileage":"82640","engine_size":"2.0","fuel_type":"Petrol","body_type":"SUV","colour":"0000c0","location":"Cork","price":"\u20ac 8,650","images":{"base_url":"http:\/\/i0.carsie.ie\/","image_list":[{"thumb":"YzZiZTlkYzE1MmRkM2U3YzFhMjJkMmVjYThlZTMzM2MuFS5VmSlocZitdogVAvFhODc5NTg5LTcxMjk4ODguanBnfHx8fHx8OTJ4Njl8fHx8fA==.jpg","main":"MjdkMDI4YjM0Y2M2ZmM5NWEyN2ViODNjYThhYTcyMDLvyDVB5-hZZRioZEDnIjFsODc5NTg5LTcxMjk4ODguanBnfHx8fHx8fHx8fHw0MDB4MzAw.jpg","large":"ZTMwMDBhNTY0MWZlYTg2YWE2NjAyOGIwN2Y5MjRmY2MCq-shtUqANMVLupqsqkASODc5NTg5LTcxMjk4ODguanBnfHx8fHx8fHx8fHw2NDB4NDgw.jpg"}]}},{"ad_id":"894698","reg_year":"2010","make":"Opel","model":"Corsa","variant":"S 1.3cdti 75PS 5DR","mileage":"82644","engine_size":"1.2","fuel_type":"Diesel","body_type":"Hatchback","colour":"e0e0e0","location":"Dublin","price":"\u20ac 8,650","images":{"base_url":"http:\/\/i0.carsie.ie\/","image_list":[{"thumb":"NjU2ODUyMjljMWE5YTU1MTNhYWFkZGU4YmUxODVlNjPHKkt6BV_6pt54JhDvoW4MODk0Njk4LTczMDczNzEuanBnfHx8fHx8OTJ4Njl8fHx8fA==.jpg","main":"ODM3ZjA2MjVmZTA2OTA4ZmMzNjJmNTEwODIzOGIxYWHeOVVxiqGYJKgkh-b9yTpkODk0Njk4LTczMDczNzEuanBnfHx8fHx8fHx8fHw0MDB4MzAw.jpg","large":"OGJkOTI1YmFjM2RlNDYxZGU1NzcxZGVlYWZjYTE4MWESXieU-9kF6BVfT-P3nC2LODk0Njk4LTczMDczNzEuanBnfHx8fHx8fHx8fHw2NDB4NDgw.jpg"}]}},{"ad_id":"895605","reg_year":"2008","make":"Renault","model":"Laguna","variant":"III DCI Privelege 110 BHP","mileage":"52196","engine_size":"1.5","fuel_type":"Diesel","body_type":"Hatchback","colour":"000000","location":"Meath","price":"\u20ac 8,650","images":{"base_url":"http:\/\/i0.carsie.ie\/","image_list":[{"thumb":"M2FjZjlhNzhkMmM2ODEzMzM3ZThiMDUyOWFmMWQzMTCE7Imy3YFzlOoBwQGrMrY8ODk1NjA1LTczMjU1ODkuanBnfHx8fHx8OTJ4Njl8fHx8fA==.jpg","main":"OGY2NTY2NmM0Nzg0NTEyMTVjNmI1ZDQ1OTZmNTJjN2Wq0Q3Ns1jTTzasbAvuw0FKODk1NjA1LTczMjU1ODkuanBnfHx8fHx8fHx8fHw0MDB4MzAw.jpg","large":"MGJjYjhhZGFjZmRlZDUxZjI0MzYzZDMwNzNlNTg0MmLBE5UAJ_FDdgKSSbRr9yhIODk1NjA1LTczMjU1ODkuanBnfHx8fHx8fHx8fHw2NDB4NDgw.jpg"}]}},{"ad_id":"809469","reg_year":"2007","make":"Suzuki","model":"Grand Vitara","variant":"GV JB 5DR","mileage":"54900","engine_size":"2.0","fuel_type":"Petrol","body_type":"Estate","colour":"000000","location":"Dublin","price":"\u20ac 8,650","images":{"base_url":"http:\/\/i0.carsie.ie\/","image_list":[{"thumb":"OGYzMDE0MzA4MDVhYWRkNDgwZjI4NWNlNzBmZWMwMzWK0zdT9j0qEzgEhpoQKH7HODA5NDY5LTYzMjEyMTMuanBnfHx8fHx8OTJ4Njl8fHx8fA==.jpg","main":"YWVjMmFkYmFmYTUwNWVlMTRkMjEzZTI0NjY2MjVlNTRmtZQghJ4Obco6v3j_G8lxODA5NDY5LTYzMjEyMTMuanBnfHx8fHx8fHx8fHw0MDB4MzAw.jpg","large":"ZDZlYWQ0YzA3ZTYxMTQ1ZWYwOGExNGZkODA2ZTVmYTJX6lT0IrwHBR7f6NIP8JX9ODA5NDY5LTYzMjEyMTMuanBnfHx8fHx8fHx8fHw2NDB4NDgw.jpg"}]}},{"ad_id":"889053","reg_year":"2008","make":"Toyota","model":"Yaris","variant":"yaris 1.0 t2 05dr","mileage":"20599","engine_size":"1.0","fuel_type":"Petrol","body_type":"Hatchback","colour":"e0e0e0","location":"Cork","price":"\u20ac 8,650","images":{"base_url":"http:\/\/i0.carsie.ie\/","image_list":[{"thumb":"MTZmYzgzMWU3ZTFkYzA4YjM4NjI4NmM4MWJkOTEyNTH13CfocC01nxJvozO78Ow7ODg5MDUzLTcyMzk2NzMuanBnfHx8fHx8OTJ4Njl8fHx8fA==.jpg","main":"ZjMxY2Y2ZjY3YzVhZmY3MDU4YzRkZmQ2ODFhZjc5NDDQjtk8n3cpTUhkNBpu1DJ4ODg5MDUzLTcyMzk2NzMuanBnfHx8fHx8fHx8fHw0MDB4MzAw.jpg","large":"YjgyZWQyNTI4MjMxY2Y5ZDg5M2Y0NzQ0MzhkM2RiNzHVqBKb5I05Cyh_KoJiJancODg5MDUzLTcyMzk2NzMuanBnfHx8fHx8fHx8fHw2NDB4NDgw.jpg"}]}},{"ad_id":"895611","reg_year":"2008","make":"Toyota","model":"Yaris","variant":"yaris ng 1.0l terra","mileage":"45785","engine_size":"1.0","fuel_type":"Petrol","body_type":"Hatchback","colour":"e0e0e0","location":"Tipperary","price":"\u20ac 8,650","images":{"base_url":"http:\/\/i0.carsie.ie\/","image_list":[{"thumb":"MGQyYjBjMjkyYjEyYjE5NTY5ZDZjZjRiMzNjODJhZjGoKBYJVncFqsD4d9S4zz91ODk1NjExLTczMjU2MzkuanBnfHx8fHx8OTJ4Njl8fHx8fA==.jpg","main":"OWYwYzZjNjM0ZGMwZDZhNzkxM2E2MGNhZmU3NTNhOGP0eYYJaGi7JQRE51oZrRbcODk1NjExLTczMjU2MzkuanBnfHx8fHx8fHx8fHw0MDB4MzAw.jpg","large":"M2Q3NmRkNDgxYzM2YjUyMzYxNTVmZTVkOWFkNjJkMTUuTVXJiwFRPzRbIdUZue0cODk1NjExLTczMjU2MzkuanBnfHx8fHx8fHx8fHw2NDB4NDgw.jpg"}]}},{"ad_id":"895971","reg_year":"2005","make":"Toyota","model":"Landcruiser","variant":"LC LWB GX","mileage":"124000","engine_size":"3.0","fuel_type":"Diesel","body_type":"SUV","colour":"e0e0e0","location":"Dublin","price":"\u20ac 8,695","images":{"base_url":"http:\/\/i0.carsie.ie\/","image_list":[{"thumb":"NGQ5MDUxMzkxNWYxNjIzZDNiMTJhNTgyN2NjZTBhNDfozzib529oko2m4LxAB1J8ODk1OTcxLTczMjg1OTEuanBnfHx8fHx8OTJ4Njl8fHx8fA==.jpg","main":"ODRmN2RjZmY3MTAzNzI2NzMzODQyMGVjNTQwZWVhMWEIsRtq6DkX7i_G1Ivd_974ODk1OTcxLTczMjg1OTEuanBnfHx8fHx8fHx8fHw0MDB4MzAw.jpg","large":"MDFlNGY4ZTVhMTgwNGUwYzViZmFhYTI1ZTc0MzM4OTOdWY_niyuaz7lNWCBdLmXaODk1OTcxLTczMjg1OTEuanBnfHx8fHx8fHx8fHw2NDB4NDgw.jpg"}]}},{"ad_id":"861514","reg_year":"2004","make":"BMW","model":"X5","variant":"3.0D SPORT ","mileage":"102000","engine_size":"3.0","fuel_type":"Diesel","body_type":"Estate","colour":"000000","location":"Dublin","price":"\u20ac 8,700","images":{"base_url":"http:\/\/i0.carsie.ie\/","image_list":[{"thumb":"YmQ0ZDhkYjAyMDYwOTY4MDU3ZDQ2M2IxZjA0MmRkZTgdgjl9zuUH4OVZdRs-9ytIODYxNTE0LTY5MjY3NjkuanBnfHx8fHx8OTJ4Njl8fHx8fA==.jpg","main":"MzI2MWMyODUyZjM5NzI4ZTAzOTI0MjJiZWYwMTc0NGZQtmTUumXFWjRwn3N9yjo0ODYxNTE0LTY5MjY3NjkuanBnfHx8fHx8fHx8fHw0MDB4MzAw.jpg","large":"NjI1OTM3M2QzODAwYjgzY2U0Y2UzZmVjNWNhNmM5YjU6HtReyKFH9QUJZ4tYSWZeODYxNTE0LTY5MjY3NjkuanBnfHx8fHx8fHx8fHw2NDB4NDgw.jpg"}]}},{"ad_id":"874349","reg_year":"2010","make":"Mitsubishi","model":"Colt","variant":"1.1 3dr **Scrap your old car against this low emmission Mitsubishi Colt and Save*","mileage":"8699","engine_size":"1.1","fuel_type":"Petrol","body_type":"Hatchback","colour":"000000","location":"Dublin","price":"\u20ac 8,700","images":{"base_url":"http:\/\/i0.carsie.ie\/","image_list":[{"thumb":"MmEzZTliOTU5YWY5YWE0NjU2MzZlY2ZlYzM2ZGM0MmVO8lzUVYlytuEWTDn0RZHTODc0MzQ5LTcwNjk0NDAuanBnfHx8fHx8OTJ4Njl8fHx8fA==.jpg","main":"MWNiOWRhMzAxMGVlN2VkMGVjYjBkYTU5ZGQ1NjRiNjl97h6Dbqg6pqfxOEa_FE3wODc0MzQ5LTcwNjk0NDAuanBnfHx8fHx8fHx8fHw0MDB4MzAw.jpg","large":"NzNmZjM2MGM4ZmQxZjM5NDg1NjJiYzI1YTliM2JkMDndvcM_7GpTaw4nO9dxZUV9ODc0MzQ5LTcwNjk0NDAuanBnfHx8fHx8fHx8fHw2NDB4NDgw.jpg"}]}},{"ad_id":"898492","reg_year":"2008","make":"Opel","model":"Vectra","variant":"1.9 CDTI Design","mileage":"74000","engine_size":"1.9","fuel_type":"Diesel","body_type":"Hatchback","colour":"ff0000","location":"Galway","price":"\u20ac 8,700","images":{"base_url":"http:\/\/i0.carsie.ie\/","image_list":[{"thumb":"NmIzN2NiN2Q2Y2Y4ZDBiNjJiYjg1YmYyYTQ1YjQ0ZmPPMR5vphrAhvAf80njNOS1ODk4NDkyLTczNjU4OTQuanBnfHx8fHx8OTJ4Njl8fHx8fA==.jpg","main":"NWM0ZmY5MzhhYjIxOTk3NGUzMThhNTMxMTI4MGMxNjIWhOJe65-7QB6gnvTEmLeRODk4NDkyLTczNjU4OTQuanBnfHx8fHx8fHx8fHw0MDB4MzAw.jpg","large":"YTJjZWRlNzA3OWRlM2JhNzZkOWU4Y2JkNzkwNzM2ZjQHojA34VcyZUqXjinnc4nAODk4NDkyLTczNjU4OTQuanBnfHx8fHx8fHx8fHw2NDB4NDgw.jpg"}]}},{"ad_id":"896556","reg_year":"2008","make":"Peugeot","model":"308","variant":"1.6 HDI","mileage":"78000","engine_size":"1.6","fuel_type":"Diesel","body_type":"Hatchback","colour":"000000","location":"Dublin","price":"\u20ac 8,700","images":{"base_url":"http:\/\/i0.carsie.ie\/","image_list":[{"thumb":"MjdkNGI0NjU1MmE4YzU1YjY3YjU0NTVhOTBkYTY5NzRC0tHkHC5T8kNz4HvKHywbODk2NTU2LTczNDM2NzguanBnfHx8fHx8OTJ4Njl8fHx8fA==.jpg","main":"ODkzYWRiZjI0ZjA0ZWVjMTk0MTJkNTEyMWJiMWNkMjhCMjvwZTOXWlYGA_wbxMdDODk2NTU2LTczNDM2NzguanBnfHx8fHx8fHx8fHw0MDB4MzAw.jpg","large":"MTExOGMzODA5YjlhYTJiMzRhOWZiYzQwOTMzMmQxNGFIHJXx177vS8HgW6gJgJiBODk2NTU2LTczNDM2NzguanBnfHx8fHx8fHx8fHw2NDB4NDgw.jpg"}]}},{"ad_id":"825419","reg_year":"2009","make":"Opel","model":"Meriva","variant":"1.4 CLUB **A\/C**","mileage":"30250","engine_size":"1.4","fuel_type":"Petrol","body_type":"Estate","colour":"e0e0e0","location":"Cork","price":"\u20ac 8,725","images":{"base_url":"http:\/\/i0.carsie.ie\/","image_list":[{"thumb":"ZDkwMzBjMGM5YmU5ZjI1YTU5NGQ5OTJmZjg1Yjc2MjRbP_yqI5-mJJvYoGntVmNtODI1NDE5LTY2MDA5OTAuanBnfHx8fHx8OTJ4Njl8fHx8fA==.jpg","main":"YzdjNTRkYmZmODFlZTBkYTUxM2JkYzEwNzNlNjBiOTRpPjXecOC4emXrPnOmHIRYODI1NDE5LTY2MDA5OTAuanBnfHx8fHx8fHx8fHw0MDB4MzAw.jpg","large":"YjliYWMxMjU3NTI5Y2UyZGY1MWRhOTIyMjZhMmI0ZmFadKqKx-pNIkkyWRs8WvG6ODI1NDE5LTY2MDA5OTAuanBnfHx8fHx8fHx8fHw2NDB4NDgw.jpg"}]}},{"ad_id":"891198","reg_year":"2008","make":"Opel","model":"Vectra","variant":"1.9. Cdti Life 118BHP 05DR","mileage":"58150","engine_size":"1.9","fuel_type":"Diesel","body_type":"Hatchback","colour":"0000c0","location":"Dublin","price":"\u20ac 8,745","images":{"base_url":"http:\/\/i0.carsie.ie\/","image_list":[{"thumb":"MTQ2NjE4MDYxZjY0NGJjYWNmNGY5M2UwZTU0OTI4OWEGHiFi3f0gFmiAwQKBs-q1ODkxMTk4LTcyNjExOTAuanBnfHx8fHx8OTJ4Njl8fHx8fA==.jpg","main":"ZmExZWQwZGRkNjkwOGJkYjM3NWQzYmQyNjhhZTQ0M2aWB-wmUMTykzaemDiZEh-3ODkxMTk4LTcyNjExOTAuanBnfHx8fHx8fHx8fHw0MDB4MzAw.jpg","large":"OThkYjhjODAzNzBhNmEyYjBlM2EzYTM5NmExZjc0ZjWmu0JqIQvmOOeSE_FQ2gQLODkxMTk4LTcyNjExOTAuanBnfHx8fHx8fHx8fHw2NDB4NDgw.jpg"}]}},{"ad_id":"884665","reg_year":"2008","make":"Toyota","model":"Avensis","variant":"1.6 \"STRATA\" LOW MILEAGE","mileage":"53500","engine_size":"1.6","fuel_type":"Petrol","body_type":"Saloon","colour":"858585","location":"Dublin","price":"\u20ac 8,745","images":{"base_url":"http:\/\/i0.carsie.ie\/","image_list":[{"thumb":"NDgzYmFlYmNhNzU2NmVmMTlhNGZjZDhmZTRhYTExYzIC9tVFXM83SF_p8A8ZMviVODg0NjY1LTcyMDk3MjAuanBnfHx8fHx8OTJ4Njl8fHx8fA==.jpg","main":"ODJkNmMyNTQ4NWI1NTY2YmQyYWNiZWU4ZDVmOTRkY2PbAcnddO2iOMFVvP9CsoVdODg0NjY1LTcyMDk3MjAuanBnfHx8fHx8fHx8fHw0MDB4MzAw.jpg","large":"NGJkMjliY2VkOGVhMmI5Y2U2NjIwMzlhZmQ5ODdiZTe5uXklmRfWV5clbvKoH9f0ODg0NjY1LTcyMDk3MjAuanBnfHx8fHx8fHx8fHw2NDB4NDgw.jpg"}]}}]}