{"total":"23408","result":[{"ad_id":"765701","reg_year":"2006","make":"Seat","model":"Ibiza","variant":"1.4 SPORT 3 DR - SALE SALE SALE","mileage":"58999","engine_size":"1.4","fuel_type":"Petrol","body_type":"Hatchback","colour":"e0e0e0","location":"Meath","price":"\u20ac 5,450","images":{"base_url":"http:\/\/i0.carsie.ie\/","image_list":[{"thumb":"MGMyNzMyNTdhYWZmY2QyZjZlOTM0NzIyMDVlZDhjNzBVTkQXxJjh0Z1vMTIzqD7kNzY1NzAxLTU3NjkwMDcuanBnfHx8fHx8OTJ4Njl8fHx8fA==.jpg","main":"YjdhOTcxNmY3MjQ4MGYwODBlNjIwZjA0NWI5YmU1NTLAWUFyv8eZSRG_NuODDljxNzY1NzAxLTU3NjkwMDcuanBnfHx8fHx8fHx8fHw0MDB4MzAw.jpg","large":"ZjQwMDFhY2E3YTc5Mjk0OTNjODRhNjJmYjNkODk5YjQfkIzoxLbDHcg6qzkXPhWuNzY1NzAxLTU3NjkwMDcuanBnfHx8fHx8fHx8fHw2NDB4NDgw.jpg"}]}},{"ad_id":"888949","reg_year":"2007","make":"Seat","model":"Ibiza","variant":"1.2 Costaplus 5DR","mileage":"54060","engine_size":"1.2","fuel_type":"Petrol","body_type":"Hatchback","colour":"0000c0","location":"Tipperary","price":"\u20ac 5,450","images":{"base_url":"http:\/\/i0.carsie.ie\/","image_list":[{"thumb":"NDMzZmY0NTIwZmI4OWE0NGRlYTA3Y2I2NDQ2OGI1YzZUa0OeWD-S1NrFWiqUu-pXODg4OTQ5LTcyMzg3NzcuanBnfHx8fHx8OTJ4Njl8fHx8fA==.jpg","main":"MmJmMzg5ZTM3M2Q2ZTc5MGU3ODkyNWE2YzhjMGMyOWYybnz9MJKsKZi-_c9IxAE4ODg4OTQ5LTcyMzg3NzcuanBnfHx8fHx8fHx8fHw0MDB4MzAw.jpg","large":"ZDkxNjVmMWRlOWI5Njc5ZGJhNTc0MTk5N2Y5MDJiODVNOwUykXwt8TbalzHDmFETODg4OTQ5LTcyMzg3NzcuanBnfHx8fHx8fHx8fHw2NDB4NDgw.jpg"}]}},{"ad_id":"898673","reg_year":"2005","make":"Skoda","model":"Octavia","variant":"Tour 1.9tdi 5DR","mileage":"62000","engine_size":"1.9","fuel_type":"Diesel","body_type":"Hatchback","colour":"ff0000","location":"Dublin","price":"\u20ac 5,450","images":{"base_url":"http:\/\/i0.carsie.ie\/","image_list":[{"thumb":"YTJjYjZjZGMwY2Q4MDYzMjIwNzcyNWE4OWE1Yzc1MTY7ZJZWxGRNa8NEJqauwSDUODk4NjczLTc0MDIwNjkuanBnfHx8fHx8OTJ4Njl8fHx8fA==.jpg","main":"ZjYwZDM4NDNmZjhlZTNiMWM2NzM1YWIwNzE0OGRmMzNr8OvBSwYpFOC1r5FLHakJODk4NjczLTc0MDIwNjkuanBnfHx8fHx8fHx8fHw0MDB4MzAw.jpg","large":"MjZmMjcxZGViMzIxN2ZiNzUxNWVjMzc0NTM1MWY0ZmRQ_cepq7vB7ib8RJCz5Au9ODk4NjczLTc0MDIwNjkuanBnfHx8fHx8fHx8fHw2NDB4NDgw.jpg"}]}},{"ad_id":"899576","reg_year":"2005","make":"Skoda","model":"Octavia","variant":"Ambiente 1.9tdi","mileage":"128000","engine_size":"1.9","fuel_type":"Diesel","body_type":"Hatchback","colour":"0000c0","location":"Dublin","price":"\u20ac 5,450","images":{"base_url":"http:\/\/i0.carsie.ie\/","image_list":[{"thumb":"ZTI4YmUxNzgwNDU2NzRiYjM3MDgxZmRkYWQwZTZhYWP10oy7Dbp1UKk6Pp_3_BhKODk5NTc2LTczODA4MTguanBnfHx8fHx8OTJ4Njl8fHx8fA==.jpg","main":"ZmNmYTc0NzE4MjdiNjkxNmIyNTk5OGU2Nzc0OWY0N2UyQwEMBA5Ni4-djKFLqK4tODk5NTc2LTczODA4MTguanBnfHx8fHx8fHx8fHw0MDB4MzAw.jpg","large":"ZGNlMzliOWUxNjU3NjZkYjE2NjIwMjU2M2U0ZmFiZGIw0z1su9x3k5Ec3pDTA4KFODk5NTc2LTczODA4MTguanBnfHx8fHx8fHx8fHw2NDB4NDgw.jpg"}]}},{"ad_id":"832563","reg_year":"2006","make":"Ssangyong","model":"Kyron","variant":"2.0 XDI 2WD","mileage":"34583","engine_size":"2.0","fuel_type":"Diesel","body_type":"SUV","colour":"e0e0e0","location":"Dublin","price":"\u20ac 5,450","images":{"base_url":"http:\/\/i0.carsie.ie\/","image_list":[{"thumb":"NjRkNDQyYzlmZDBjNTE5YmI2MjQyZjE0ZWNiYjA2MmG5JJAF1JrZGqdTCHUDYr4cODMyNTYzLTY2MDI4MTcuanBnfHx8fHx8OTJ4Njl8fHx8fA==.jpg","main":"NzdiNDllY2FmYmU3ZWUyMDY1MzE0ODNmYjI3NGNjNGOovW11mXSEcyfiq2jWNuaYODMyNTYzLTY2MDI4MTcuanBnfHx8fHx8fHx8fHw0MDB4MzAw.jpg","large":"YmE5M2M3YTJhY2YyZjU4YWZmYWFhYzhkM2ZmZDk5MjMBwoVTpugOx-KV8OutwuN2ODMyNTYzLTY2MDI4MTcuanBnfHx8fHx8fHx8fHw2NDB4NDgw.jpg"}]}},{"ad_id":"892474","reg_year":"2004","make":"Toyota","model":"Avensis","variant":"D4D 2.0 T3 S 05DR","mileage":"107000","engine_size":"2.0","fuel_type":"Diesel","body_type":"Estate","colour":"e0e0e0","location":"Dublin","price":"\u20ac 5,450","images":{"base_url":"http:\/\/i0.carsie.ie\/","image_list":[{"thumb":"NTg1ZGMwYmU1Mzg5Mjk1MjRjYWI2YzExY2NmMDNhYzHx31Y9xISK-m1FKr22YwnjODkyNDc0LTcyNzM5ODAuanBnfHx8fHx8OTJ4Njl8fHx8fA==.jpg","main":"NmU2NTY1MmM4MjJkMDNlNjZmZDVjNjhjMmRkMjMyNTc8tHpnOt5-jhg1kwkCx3JfODkyNDc0LTcyNzM5ODAuanBnfHx8fHx8fHx8fHw0MDB4MzAw.jpg","large":"OGI5ZjMwYmViZmNlOTM5OWIxNjY3ZmViN2JjNzAzZjYTRB5HAgi1wT-Jmnw96wGLODkyNDc0LTcyNzM5ODAuanBnfHx8fHx8fHx8fHw2NDB4NDgw.jpg"}]}},{"ad_id":"894073","reg_year":"2004","make":"Toyota","model":"Avensis","variant":"Strata 4DR","mileage":"79000","engine_size":"1.6","fuel_type":"Petrol","body_type":"Saloon","colour":"e0e0e0","location":"Dublin","price":"\u20ac 5,450","images":{"base_url":"http:\/\/i0.carsie.ie\/","image_list":[{"thumb":"MzBmZGRiNmEzYjE4MjIyYmM5NjNjOTBlYzcwMTQzZTlKZAAqA1zWAi2EQZi2sRc8ODk0MDczLTczMDIzMjEuanBnfHx8fHx8OTJ4Njl8fHx8fA==.jpg","main":"ZGY3YmE0NjNjOWM4ZWI4YTc1OTBkOGQwZjc5MjAyYmarnwXJma9DT54lLyPv80SqODk0MDczLTczMDIzMjEuanBnfHx8fHx8fHx8fHw0MDB4MzAw.jpg","large":"ZDcwMTQwMTllMGMyZTA1M2JhZTA5ODE5NDJlNzMyZWOCQ3sMIkwjeJaG1eddXoIrODk0MDczLTczMDIzMjEuanBnfHx8fHx8fHx8fHw2NDB4NDgw.jpg"}]}},{"ad_id":"899709","reg_year":"2006","make":"Toyota","model":"Avensis","variant":"Strata 4DR","mileage":"92586","engine_size":"1.6","fuel_type":"Petrol","body_type":"Saloon","colour":"000000","location":"Dublin","price":"\u20ac 5,450","images":{"base_url":"http:\/\/i0.carsie.ie\/","image_list":[{"thumb":"NDBlNGQ2MTA0OTI4YjllZmEwYzMxNmFlNGU1ZGM5ODnCixtJx0Hi98Dyk5gFNrblODk5NzA5LTczODIwMzIuanBnfHx8fHx8OTJ4Njl8fHx8fA==.jpg","main":"ZDY4OGY4YWJkM2FkMmIxMjUzZWJjZjA4MDBkMGRiYWMs_z65ngMvMJRHl-5k3eWQODk5NzA5LTczODIwMzIuanBnfHx8fHx8fHx8fHw0MDB4MzAw.jpg","large":"ZDgyNjRiYzQzMTcyMThhMzk4NWYwYjUzNGQzZTY0ODYPJhN5gulx8BRp8die2D7_ODk5NzA5LTczODIwMzIuanBnfHx8fHx8fHx8fHw2NDB4NDgw.jpg"}]}},{"ad_id":"897327","reg_year":"2005","make":"Toyota","model":"Avensis","variant":"D4D Luna","mileage":"149000","engine_size":"2.0","fuel_type":"Diesel","body_type":"Saloon","colour":"e0e0e0","location":"Meath","price":"\u20ac 5,450","images":{"base_url":"http:\/\/i0.carsie.ie\/","image_list":[{"thumb":"YzQyZjI0NTQyMjhlOWJjOTBhN2ZjZTE1ODNhYjE4NGbcMUYzYGzrhGuLKyaSKKgzODk3MzI3LS5qcGd8fHx8fHw5Mng2OXx8fHx8.jpg","main":"ZTBiYTBkOWU1NmU5ZGI0MjExNzllYTkzMTIxMTc1ZjeiBmXXM16RgRtqtT5haSZ6ODk3MzI3LS5qcGd8fHx8fHx8fHx8fDQwMHgzMDA=.jpg","large":"MzlhMDIxYzFkNTJhMjI4OTc3YzdkNWIwZjYxYzA1MTN6aM4A4lo1VowC-l6ri8TVODk3MzI3LS5qcGd8fHx8fHx8fHx8fDY0MHg0ODA=.jpg"}]}},{"ad_id":"836467","reg_year":"2005","make":"Toyota","model":"Corolla","variant":null,"mileage":"89456","engine_size":"1.4","fuel_type":"Petrol","body_type":"Saloon","colour":"ff0000","location":"Galway","price":"\u20ac 5,450","images":{"base_url":"http:\/\/i0.carsie.ie\/","image_list":[{"thumb":"ODFhNTk2NWMxMThlOWZhNzc4N2ZiYWNkZmRkNDI1ZDEo_i1cgHsS_PK-JfM7tbx-ODM2NDY3LTY2NDc2MDUuanBnfHx8fHx8OTJ4Njl8fHx8fA==.jpg","main":"Y2U2ZmUxYjU5NGVkY2YwOWQxZTRhZDMxYzM0MDI4MDU0BGlmH5l9FiunOkEqtPUpODM2NDY3LTY2NDc2MDUuanBnfHx8fHx8fHx8fHw0MDB4MzAw.jpg","large":"YWM3ZjI4OGVmNzE5MmUxNTc1M2ViNzI3NDk1MmE3Y2LlBYC_Gr0NryjG_6Ho_MYrODM2NDY3LTY2NDc2MDUuanBnfHx8fHx8fHx8fHw2NDB4NDgw.jpg"}]}},{"ad_id":"884264","reg_year":"2004","make":"Toyota","model":"Corolla","variant":"","mileage":"74000","engine_size":"1.4","fuel_type":"Petrol","body_type":"Hatchback","colour":"0000c0","location":"Wicklow","price":"\u20ac 5,450","images":{"base_url":"http:\/\/i0.carsie.ie\/","image_list":[{"thumb":"YWIzM2E3NGQzYWZmZWFjNzY5NTU4Y2NmYzBiNzBlN2K-WBOftJGuThF3v6Ma-Q7rODg0MjY0LTcxOTkzOTEuanBnfHx8fHx8OTJ4Njl8fHx8fA==.jpg","main":"ZmJmM2NmM2E5ZWVhZTQwOTAwNmJlNTY0YWE0OWU4ODW5RTHYXzV5o9yblUROENJzODg0MjY0LTcxOTkzOTEuanBnfHx8fHx8fHx8fHw0MDB4MzAw.jpg","large":"MDRkZDJjYmI3MjMwYzg4ODczNmRkZjhjMTJkNDc3ZTMkjIjEINN5M5UzvCyOwS_VODg0MjY0LTcxOTkzOTEuanBnfHx8fHx8fHx8fHw2NDB4NDgw.jpg"}]}},{"ad_id":"682751","reg_year":"2003","make":"Toyota","model":"Yaris","variant":"RS-SPORTS. Top of the Range","mileage":"52000","engine_size":"1.3","fuel_type":"Petrol","body_type":"Hatchback","colour":"0000c0","location":"Dublin","price":"\u20ac 5,450","images":{"base_url":"http:\/\/i0.carsie.ie\/","image_list":[{"thumb":"ZWRjYjkwNDI3NjJkYjA1OTdjMTQzMzgyOWJhMmVjM2KXzrZf-V7zJrE9y1F_S-w2NjgyNzUxLTQ3MzI1MDcuanBnfHx8fHx8OTJ4Njl8fHx8fA==.jpg","main":"MTE1ZjZlMTZjZjgxOTVkMmE5Yjc2ODdhZWFkOGZiYmJQzQvL9TbYA3PhEPIL7ug1NjgyNzUxLTQ3MzI1MDcuanBnfHx8fHx8fHx8fHw0MDB4MzAw.jpg","large":"Y2YzNzdmZmVhOTMzOGVlNWViMWM3MmEyMTZmNjNjYmO6OCy2YTwnFFBN81NTHRpJNjgyNzUxLTQ3MzI1MDcuanBnfHx8fHx8fHx8fHw2NDB4NDgw.jpg"}]}},{"ad_id":"893775","reg_year":"2003","make":"Volkswagen","model":"Beetle","variant":null,"mileage":"54356","engine_size":"2.0","fuel_type":"Petrol","body_type":null,"colour":"ff0000","location":"Dublin","price":"\u20ac 5,450","images":{"base_url":"http:\/\/i0.carsie.ie\/","image_list":[{"thumb":"YjQzMGVkNThiNDhjZTAwNDE2OTYxMWU5MDU2OGI3Y2NjLh6FTm_D1ko85y-zSCrqODkzNzc1LTczMzkyMDEuanBnfHx8fHx8OTJ4Njl8fHx8fA==.jpg","main":"N2FkMDBlNTUwMDZmZGRmY2U4ZWFjYWNiMGNkMjQ2ZDmYGKT_5VIeoXxgHgrBLf_CODkzNzc1LTczMzkyMDEuanBnfHx8fHx8fHx8fHw0MDB4MzAw.jpg","large":"NmE5YjdhMGFmMTczNzQzNjAyOTZkNmE0MzQyNjVhNTX5IhcQnTG3jggEM2pd8V6RODkzNzc1LTczMzkyMDEuanBnfHx8fHx8fHx8fHw2NDB4NDgw.jpg"}]}},{"ad_id":"899730","reg_year":"2005","make":"Volkswagen","model":"Caddy","variant":null,"mileage":"124000","engine_size":"1.9","fuel_type":"Diesel","body_type":null,"colour":"0000c0","location":"Galway","price":"\u20ac 5,450","images":{"base_url":"http:\/\/i0.carsie.ie\/","image_list":[{"thumb":"MmU2NjYwMjJkZjE1YWEwYzdlMTM2N2ZmMTYxOGNlNTBwtNvW_YTj2la6eLXfsr6PODk5NzMwLTczOTk0MDAuanBnfHx8fHx8OTJ4Njl8fHx8fA==.jpg","main":"NmIxNWRlNWU5MTc5MDJhNTkxOThiNmUxNWNmZjdmODi6rASsEGQ3ou4EjU8OqzCSODk5NzMwLTczOTk0MDAuanBnfHx8fHx8fHx8fHw0MDB4MzAw.jpg","large":"YTMyOTcyNWQ2ZGYyN2VmZjZhYTZkMTU2NmExZmRjOGWc-GzFndVcY_kSJm1EZy78ODk5NzMwLTczOTk0MDAuanBnfHx8fHx8fHx8fHw2NDB4NDgw.jpg"}]}},{"ad_id":"857155","reg_year":"2004","make":"Volkswagen","model":"Golf","variant":"1.9tdi Comfortline","mileage":"158000","engine_size":"1.9","fuel_type":"Diesel","body_type":"Hatchback","colour":"ff0000","location":"Cork","price":"\u20ac 5,450","images":{"base_url":"http:\/\/i0.carsie.ie\/","image_list":[{"thumb":"N2I5NjViMDlmZjdiZGE3OWI5NjExYTdjNmJjZmNiNTaKoqzxZ2SUJtU6eA-o7rDnODU3MTU1LTY4NzM3MDcuanBnfHx8fHx8OTJ4Njl8fHx8fA==.jpg","main":"YzFhNTdkZTFkMjA0MTE1MDc0OGFmNmE5NDVhOTM0ZDktCQiI-Xj_kRdU6AoWU5joODU3MTU1LTY4NzM3MDcuanBnfHx8fHx8fHx8fHw0MDB4MzAw.jpg","large":"OWRlZmE1MjI3Njc2YmY3NTE3OGVmNGI5ZGE4MjRmMzgzwjAKLpXWyiHT4oZJWI5vODU3MTU1LTY4NzM3MDcuanBnfHx8fHx8fHx8fHw2NDB4NDgw.jpg"}]}},{"ad_id":"890656","reg_year":"2005","make":"Volkswagen","model":"Golf","variant":"1.4 COMFORT 75BHP \/ NEW NCT APRIL 2014 \/ TAXED MARCH 2013 \/ TOP SPEC \/ CALL 086-8055412 ANYTIME","mileage":"108742","engine_size":"1.4","fuel_type":"Petrol","body_type":"Hatchback","colour":"e0e0e0","location":"Dublin","price":"\u20ac 5,450","images":{"base_url":"http:\/\/i0.carsie.ie\/","image_list":[{"thumb":"M2E4ZjU4ODdlMjZjM2RkODI4NDIyYmE3NjU4OWUwYjjhXKi0o4Dr7egipmTlVqz_ODkwNjU2LTcyNDk2NzAuanBnfHx8fHx8OTJ4Njl8fHx8fA==.jpg","main":"ZjE4ZmYwNmE5YTNkNTVlNzgzNDU4OTExZTUzZjY4OTW9DNK2xegPY-rfWaKgnE58ODkwNjU2LTcyNDk2NzAuanBnfHx8fHx8fHx8fHw0MDB4MzAw.jpg","large":"NWEyYzU5MTZiNDY2OTg0ZTY2MGU3MTFjMjExYzc2MzSDa-5N2nOoJKCu7XcK3KytODkwNjU2LTcyNDk2NzAuanBnfHx8fHx8fHx8fHw2NDB4NDgw.jpg"}]}},{"ad_id":"900500","reg_year":"2004","make":"Volkswagen","model":"Golf","variant":"1.4 75BHP 5DR","mileage":"74528","engine_size":"1.4","fuel_type":"Petrol","body_type":"Hatchback","colour":"e0e0e0","location":"Dublin","price":"\u20ac 5,450","images":{"base_url":"http:\/\/i0.carsie.ie\/","image_list":[{"thumb":"OTNjZTY4ZmQzODYyNDY4MDE4N2M4MjFhMmMzY2UyYTnyFzK_zeBe51XarlEaiBuoOTAwNTAwLTc0MDExMjIuanBnfHx8fHx8OTJ4Njl8fHx8fA==.jpg","main":"ZjhkYjA2NDIxYmNjMWVkOTRjY2VjMjJmNzI0NWRhZjh41sqAKiH4-YCUeWG3rWSJOTAwNTAwLTc0MDExMjIuanBnfHx8fHx8fHx8fHw0MDB4MzAw.jpg","large":"ZGIwYmMxYmU1MjAyZGE4NzRiNTI2MWM4ZDBmN2ZkMDRa8fr2B05fQFHNa--qspdQOTAwNTAwLTc0MDExMjIuanBnfHx8fHx8fHx8fHw2NDB4NDgw.jpg"}]}},{"ad_id":"879937","reg_year":"2003","make":"Volkswagen","model":"Passat","variant":"Comfortline","mileage":"84000","engine_size":"1.9","fuel_type":"Diesel","body_type":"Saloon","colour":"000000","location":"Cork","price":"\u20ac 5,450","images":{"base_url":"http:\/\/i0.carsie.ie\/","image_list":[{"thumb":"YWU5ZmQwOGUxNmIwMDFlNTM1MWI5YWM4NTQ2MmEzZWOiNEXL1f_hdFFqgHxpoNWgODc5OTM3LTcxMzQzMTAuanBnfHx8fHx8OTJ4Njl8fHx8fA==.jpg","main":"YTg1MzQxOTFiMGI5ZDdkYTVjNWJkN2I3NDJjNjFhZTMiyhWTj-bTr2B00stDQCe6ODc5OTM3LTcxMzQzMTAuanBnfHx8fHx8fHx8fHw0MDB4MzAw.jpg","large":"ODc0OTU5ZWI5NTg0YWNmZDM0MDE3YzMwYzZhZWUxYWYnQJORscLPsAqW1UoKH2wTODc5OTM3LTcxMzQzMTAuanBnfHx8fHx8fHx8fHw2NDB4NDgw.jpg"}]}},{"ad_id":"822078","reg_year":"2005","make":"Volkswagen","model":"Passat","variant":null,"mileage":"186940","engine_size":"1.9","fuel_type":"Diesel","body_type":"Saloon","colour":"0000c0","location":"Galway","price":"\u20ac 5,450","images":{"base_url":"http:\/\/i0.carsie.ie\/","image_list":[{"thumb":"MTMwYzVhMGU5ZjZjZjgxZGFiYmY1ZWJiYmI3MzJjMmYoP2oJkWrpb4ObmkE09HIWODIyMDc4LTY0Nzg4MjIuanBnfHx8fHx8OTJ4Njl8fHx8fA==.jpg","main":"OGY3M2M1YmZhNjU5NmIzNmVhMjIzZGZhOWY4ZmVhOGZApQ56v7k--72loV0zcWkvODIyMDc4LTY0Nzg4MjIuanBnfHx8fHx8fHx8fHw0MDB4MzAw.jpg","large":"NjZjNDcxMmM0NGJkOGQyYTI5Njc5Njg1YjNhZDhjZDKH8JGbHlKXlaetduQwogltODIyMDc4LTY0Nzg4MjIuanBnfHx8fHx8fHx8fHw2NDB4NDgw.jpg"}]}},{"ad_id":"897777","reg_year":"2004","make":"Volkswagen","model":"Passat","variant":"D 1.9 TDI High 130BHP 5SP 04DR","mileage":"110000","engine_size":"1.9","fuel_type":"Diesel","body_type":"Saloon","colour":"858585","location":"Kildare","price":"\u20ac 5,450","images":{"base_url":"http:\/\/i0.carsie.ie\/","image_list":[{"thumb":"YWMyODZmNzliYjg2ODFkOWRkYjhiMmJmNDQ0N2UwY2PhVZzsO99b9k0Jz1mcyNIzODk3Nzc3LTczNTgyMTQuanBnfHx8fHx8OTJ4Njl8fHx8fA==.jpg","main":"MmI3NjY2ZDllMDUzMTFjODQ3MDIxMDU4MDQ3Mzc5ZGUAT8XHzoD4vflW_Gjo7p9jODk3Nzc3LTczNTgyMTQuanBnfHx8fHx8fHx8fHw0MDB4MzAw.jpg","large":"NjhmOTUxMzRhMWMxNDdiMmQ0ZTNjZmU4NTIyNzIxMDeH8tpg74Vl_nZ6zutMk8dlODk3Nzc3LTczNTgyMTQuanBnfHx8fHx8fHx8fHw2NDB4NDgw.jpg"}]}}]}