{"total":"23408","result":[{"ad_id":"895850","reg_year":"1999","make":"Daewoo","model":"Matiz","variant":"SE","mileage":"99","engine_size":"1.0","fuel_type":"Petrol","body_type":"Hatchback","colour":"e0e0e0","location":"Dublin","price":"\u20ac 190","images":{"base_url":"http:\/\/i0.carsie.ie\/","image_list":[{"thumb":"ZDhlZGQ5ZjdkMDI4ZTQ1MzkyOWViZTk5MTdkYzFkZjOJGRScaAseoe6zHOcwdQMCODk1ODUwLTczMjY5MjUuanBnfHx8fHx8OTJ4Njl8fHx8fA==.jpg","main":"Mjc2NDdmN2NhNmEwODljMjljYTY5YWYyYTYxMTUwMDLY0doTjcQqxgnGRqQGohemODk1ODUwLTczMjY5MjUuanBnfHx8fHx8fHx8fHw0MDB4MzAw.jpg","large":"NmE2MzFjMDA2YzExNWI3MzMwOGY1YmI2NTVjZGFmYTU1QWFVHv1WhTQfCo4iq1ttODk1ODUwLTczMjY5MjUuanBnfHx8fHx8fHx8fHw2NDB4NDgw.jpg"}]}},{"ad_id":"890163","reg_year":"1999","make":"Mitsubishi","model":"Lancer","variant":"1.3 GLX","mileage":"155000","engine_size":"1.3","fuel_type":"Petrol","body_type":"Saloon","colour":"858585","location":"Meath","price":"\u20ac 275","images":{"base_url":"http:\/\/i0.carsie.ie\/","image_list":[{"thumb":"ODRjMjMwNDRiYzFlNGNkOGZjMTI0NTc3NWNmNWYwMjYyenCXI9jThcUOZEcRVMKCODkwMTYzLTcyNDY0MDQuanBnfHx8fHx8OTJ4Njl8fHx8fA==.jpg","main":"N2Q2MDY4MGYzZDkyMzgwMDM0ODc4OTg2ZDFhM2NiNji5Rts3hKrbar6J4a0zSklfODkwMTYzLTcyNDY0MDQuanBnfHx8fHx8fHx8fHw0MDB4MzAw.jpg","large":"MWM1NjEwOGI5NzAyMTdmYjUxYWM4ZTRhMWM1NDNhMWPqqgmDM3BA1yw4ZwYzl0LSODkwMTYzLTcyNDY0MDQuanBnfHx8fHx8fHx8fHw2NDB4NDgw.jpg"}]}},{"ad_id":"901715","reg_year":"2000","make":"Skoda","model":"Octavia","variant":"SLX 1.6","mileage":"110000","engine_size":"1.6","fuel_type":"Petrol","body_type":"Hatchback","colour":"e0e0e0","location":"Dublin","price":"\u20ac 290","images":{"base_url":"http:\/\/i0.carsie.ie\/","image_list":[{"thumb":"M2NkZTE1ZjdmYTMwMTRhNTBiNWI5NTc4NTMzMzgzYWJpwhkj094Yz8Llx2wsaLYUOTAxNzE1LTc0MjM4NTEuanBnfHx8fHx8OTJ4Njl8fHx8fA==.jpg","main":"ZWU3MzBjMWVmMTNiNzlkMmQxMjdmYjM1YjYzZWJlZTGFXp8jx-Y7nMLRROCmFRaPOTAxNzE1LTc0MjM4NTEuanBnfHx8fHx8fHx8fHw0MDB4MzAw.jpg","large":"NWE1YTM3ZDk4ODZiMzdjZjRlZGU5OWNiNjk1YWQ1MWF71FYBb_8qY-p8UtRbN1xJOTAxNzE1LTc0MjM4NTEuanBnfHx8fHx8fHx8fHw2NDB4NDgw.jpg"}]}},{"ad_id":"676403","reg_year":"2001","make":"Ford","model":"Mondeo","variant":"NEED AN ENGINE. BELT BROKE","mileage":"147000","engine_size":"1.6","fuel_type":"Petrol","body_type":"Saloon","colour":"0000c0","location":"Cork","price":"\u20ac 300","images":{"base_url":"http:\/\/i0.carsie.ie\/","image_list":[{"thumb":"MzI0OTlkODI1Nzk0NzlhMzg3MDhiNWFmNWM1MjYzZmXbJ5oKz8o41FhnSt88OiE7Njc2NDAzLTQ2NTcxNDQuanBnfHx8fHx8OTJ4Njl8fHx8fA==.jpg","main":"MDg3NjU5M2EwNDhkOGNhOGQxNTdhNzc5ZjVhMzM2YmPuC-wackLD3ENk1z4r1bwlNjc2NDAzLTQ2NTcxNDQuanBnfHx8fHx8fHx8fHw0MDB4MzAw.jpg","large":"OTcxM2NmODVlNTQyMzE5YzhiMjVjMDExY2ZjZGEyZTLFjQ1sYcXIY8W9Bh0Kc_m9Njc2NDAzLTQ2NTcxNDQuanBnfHx8fHx8fHx8fHw2NDB4NDgw.jpg"}]}},{"ad_id":"876833","reg_year":"1996","make":"Audi","model":"A4","variant":"TDi & Gearbox - Wanted","mileage":"200000","engine_size":"1.9","fuel_type":"Other","body_type":"Estate","colour":"858585","location":"Dublin","price":"\u20ac 301","images":{"base_url":"http:\/\/i0.carsie.ie\/","image_list":[{"thumb":"NWFiMzc0MzJhNzNhNGYwYTVlYzdhYjg2ZmU1YzdmNzn9nA_TlHnHMt-gXcaz6u8WODc2ODMzLTcyNjUzNTcuanBnfHx8fHx8OTJ4Njl8fHx8fA==.jpg","main":"OWFhZGI3YzBkZDZlMmE2MDhlZWQ4NGE4MTAwOTU1ZDTbtQmlZfztYGiI_xdQJN3fODc2ODMzLTcyNjUzNTcuanBnfHx8fHx8fHx8fHw0MDB4MzAw.jpg","large":"ZTA3OGRmYTkxOGU3NWIyYjkzNjAxNTNkN2QzMTdiZjXPUxePFWp0cS5wLmhCkqtNODc2ODMzLTcyNjUzNTcuanBnfHx8fHx8fHx8fHw2NDB4NDgw.jpg"}]}},{"ad_id":"899535","reg_year":"2000","make":"Opel","model":"Corsa","variant":"Viva CAS","mileage":"86000","engine_size":"1.0","fuel_type":"Petrol","body_type":"Hatchback","colour":"0000c0","location":"Cork","price":"\u20ac 350","images":{"base_url":"http:\/\/i0.carsie.ie\/","image_list":[{"thumb":"Y2JkYzYyNWQ0YWZkYWE0ZTY4MDZkMjkzMGU1NTI4NDGk20xAUxG0UYa73uXWTav4ODk5NTM1LTczNzk3NjguanBnfHx8fHx8OTJ4Njl8fHx8fA==.jpg","main":"ZjNlNDIyYmEwYTIyZmYyYzgxN2Q3NDYzNTYwY2UxOTZi0uro39rPSkViRPLN7s0wODk5NTM1LTczNzk3NjguanBnfHx8fHx8fHx8fHw0MDB4MzAw.jpg","large":"YjhmZmVlZjBkZjViYzE5ZDRlMTViZWE3MmZlMmU2YjALkc-XHjESVNwDc-gn8WUeODk5NTM1LTczNzk3NjguanBnfHx8fHx8fHx8fHw2NDB4NDgw.jpg"}]}},{"ad_id":"861287","reg_year":"1998","make":"Peugeot","model":"106","variant":"S3 XL 1.1","mileage":"145000","engine_size":"1.1","fuel_type":"Petrol","body_type":"Hatchback","colour":"858585","location":"Cork","price":"\u20ac 350","images":{"base_url":"http:\/\/i0.carsie.ie\/","image_list":[{"thumb":"ZDIzN2M2YmE5Y2U4NGQ4YWFhODhlODYyYWU3OWU3OGUrkw3MwsAg3xRc7iLyp148ODYxMjg3LTY5MTc1NjQuanBnfHx8fHx8OTJ4Njl8fHx8fA==.jpg","main":"MWRlNzgxNWNkNWQyYTE1ZThjOTRhNDVlOTcyODFmZmIcJEJlkmjR2eZpC2hymnymODYxMjg3LTY5MTc1NjQuanBnfHx8fHx8fHx8fHw0MDB4MzAw.jpg","large":"Njk2YTRiMjVjOTM5NmEyOWVmMjE5OTdlNTMwYzMwMjH_lEqE8dc-SrGxpDG4jzcuODYxMjg3LTY5MTc1NjQuanBnfHx8fHx8fHx8fHw2NDB4NDgw.jpg"}]}},{"ad_id":"886637","reg_year":"1998","make":"Peugeot","model":"106","variant":"S3 XL 1.1","mileage":"71459","engine_size":"1.1","fuel_type":"Petrol","body_type":"Hatchback","colour":"0000c0","location":"Dublin","price":"\u20ac 350","images":{"base_url":"http:\/\/i0.carsie.ie\/","image_list":[{"thumb":"OWY1NWNlN2E4YTdhMmNhMmEwZjI3YWRiYmNlNWMzODbhnjTcdMS30KVaxm3MB_oPODg2NjM3LTcyMTc2MjMuanBnfHx8fHx8OTJ4Njl8fHx8fA==.jpg","main":"Y2Y4OTQzNDMxNWU2NWNhNjhhNTlhZTE1MDNiYjgzNjA8PvFcLDb2349O4gAxpYxEODg2NjM3LTcyMTc2MjMuanBnfHx8fHx8fHx8fHw0MDB4MzAw.jpg","large":"Y2U0OWUyMDAyN2I1MDFiMjMwZTkzMjkxNzcxZjdkZDjk4Nlt0_4smwFLjS4_oCHEODg2NjM3LTcyMTc2MjMuanBnfHx8fHx8fHx8fHw2NDB4NDgw.jpg"}]}},{"ad_id":"891674","reg_year":"1998","make":"Toyota","model":"Corolla","variant":"Terra 1.3","mileage":"2","engine_size":"1.3","fuel_type":"Petrol","body_type":"Hatchback","colour":"000000","location":"Mayo","price":"\u20ac 350","images":{"base_url":"http:\/\/i0.carsie.ie\/","image_list":[{"thumb":"YzhlZjczYmI2ZWQzMzZhM2ZmMGQ2NDNkOWQ2MjhlMTDU8eqHWHSXQoJCBTlVdSQHODkxNjc0LS5qcGd8fHx8fHw5Mng2OXx8fHx8.jpg","main":"ZTBhNDcwZGNmMjM1NDQ1YjFiMDFjOWUyZTE5MDQ0NTFP9jdE9CQaTxY1iWpV3MG1ODkxNjc0LS5qcGd8fHx8fHx8fHx8fDQwMHgzMDA=.jpg","large":"MGVhOTVlOWRkMTRmYjllMDE2ZWQzOGNhZWNhYTU3ZDBsadQQcRjKjrQIcJFsNzDZODkxNjc0LS5qcGd8fHx8fHx8fHx8fDY0MHg0ODA=.jpg"}]}},{"ad_id":"901150","reg_year":"1993","make":"Volkswagen","model":"Golf","variant":"CL 1.4","mileage":"52712","engine_size":"1.4","fuel_type":"Petrol","body_type":"Hatchback","colour":"000000","location":"Wexford","price":"\u20ac 380","images":{"base_url":"http:\/\/i0.carsie.ie\/","image_list":[{"thumb":"OTg3YWUzMzBjZjk5NTI1NmNjMDJmM2ZiMDI2YTVjZTgf5Yf0pOdjZwjwy0m2_pUHOTAxMTUwLTc0MTY1OTguanBnfHx8fHx8OTJ4Njl8fHx8fA==.jpg","main":"MWY5NTBhMzQ0ODg4ODE5OTMwNWFmZGY2MjNlY2IyZDjOQSKgAYCR-3BbKjo9m8SpOTAxMTUwLTc0MTY1OTguanBnfHx8fHx8fHx8fHw0MDB4MzAw.jpg","large":"NzE3MTExODgyOWZhZmMwYzFiNmViOGFlNTk1NzY2YTKiCkR9Xp0nHsp67eh3iELjOTAxMTUwLTc0MTY1OTguanBnfHx8fHx8fHx8fHw2NDB4NDgw.jpg"}]}},{"ad_id":"854846","reg_year":"2002","make":"Ford","model":"Mondeo","variant":"1.8I 5DR LX","mileage":"127000","engine_size":"1.8","fuel_type":"Petrol","body_type":"Hatchback","colour":"0000c0","location":"Dublin","price":"\u20ac 390","images":{"base_url":"http:\/\/i0.carsie.ie\/","image_list":[{"thumb":"ODM4OTEwNWZmMjk1ZDQzMzg4MTQ1MGFiZTE0ZjI1MTL6WGsrQs3HVmGlxiqNdj-TODU0ODQ2LTY4NDk5MDQuanBnfHx8fHx8OTJ4Njl8fHx8fA==.jpg","main":"ZDgxODFlYzJkNjU2YmY5NTA1M2I3OGI0OTA3NGIyNGU9WdogpR_3PBhknkpSbiJVODU0ODQ2LTY4NDk5MDQuanBnfHx8fHx8fHx8fHw0MDB4MzAw.jpg","large":"ZGY3YmUyNjJiNDQ4YTY3ZTA2OTcwOGRlNWU3MTQwMGSUriXy2htWw_ra582eNqdSODU0ODQ2LTY4NDk5MDQuanBnfHx8fHx8fHx8fHw2NDB4NDgw.jpg"}]}},{"ad_id":"869847","reg_year":"1997","make":"Audi","model":"A6","variant":"A6 1.8E SE","mileage":"150000","engine_size":"1.8","fuel_type":"Petrol","body_type":"Saloon","colour":"0000c0","location":"Clare","price":"\u20ac 400","images":{"base_url":"http:\/\/i0.carsie.ie\/","image_list":[{"thumb":"NTMwOTU5NThmNzFkMjc4NDU1ZTg2YTAzNmFmMzNiM2RXe3RxRAouwK3LSdE367syODY5ODQ3LTcwMTg0MjAuanBnfHx8fHx8OTJ4Njl8fHx8fA==.jpg","main":"YmJkZjljMzgyYmY1YzU0Y2VhZWM0YmZlNjBmYTlkMTSVwLk1R47JiE0PC5OWb6xxODY5ODQ3LTcwMTg0MjAuanBnfHx8fHx8fHx8fHw0MDB4MzAw.jpg","large":"ZDIxOWQ2MDg5MWEzMDUyMTI3M2M0OThlM2MxZmJjMDTPT81eUMfIDi0q1SuY4JE-ODY5ODQ3LTcwMTg0MjAuanBnfHx8fHx8fHx8fHw2NDB4NDgw.jpg"}]}},{"ad_id":"901624","reg_year":"1997","make":"Nissan","model":"Almera","variant":"1.4 GX NO NCT BUT VERY GOOD CAR","mileage":"117000","engine_size":"1.4","fuel_type":"Petrol","body_type":"Saloon","colour":"008000","location":"Dublin","price":"\u20ac 400","images":{"base_url":"http:\/\/i0.carsie.ie\/","image_list":[{"thumb":"NWRiNWQ2NjdmMGM1YjM2NzY1ZGE1OWU5Y2E4YTBiMDJ95GvUJoXxPxFsL5LoVM70OTAxNjI0LTc0MjE4NjIuanBnfHx8fHx8OTJ4Njl8fHx8fA==.jpg","main":"YTYwNGRlNTM1MDM3MjRiZGVjMGUyNmJlMmNmZTIwZWUEYs6mlnDiNgEI61TwvmefOTAxNjI0LTc0MjE4NjIuanBnfHx8fHx8fHx8fHw0MDB4MzAw.jpg","large":"MTA2OThkYTNiZWE4ZTFhNzI5YjM4NTBkZDA5Y2JhYjdvpTYhrRiHjSrSLitHh720OTAxNjI0LTc0MjE4NjIuanBnfHx8fHx8fHx8fHw2NDB4NDgw.jpg"}]}},{"ad_id":"887564","reg_year":"1999","make":"Renault","model":"Megane","variant":null,"mileage":"103500","engine_size":"1.6","fuel_type":"Petrol","body_type":"Saloon","colour":"008000","location":"Meath","price":"\u20ac 400","images":{"base_url":"http:\/\/i0.carsie.ie\/","image_list":[{"thumb":"YzcyNTlmZmM5OWE3YTQzZWNlNDI4NDgwMjk1NWRjZGKVXx3DOS5vRwIyIhQlc86-ODg3NTY0LTcyMjY0MDIuanBnfHx8fHx8OTJ4Njl8fHx8fA==.jpg","main":"YjkwNGQ5NGE5NDA0NjRlMTY0MmFlZDZiMTU3N2JkYWWN8VnZdWXQ_v28EcVqnYhHODg3NTY0LTcyMjY0MDIuanBnfHx8fHx8fHx8fHw0MDB4MzAw.jpg","large":"MDdiYmMyZmY0YTUxZjhhNDA0NDBmMjU1YzE0NzJkZDeWhV710bzU4nIZqjx57HXLODg3NTY0LTcyMjY0MDIuanBnfHx8fHx8fHx8fHw2NDB4NDgw.jpg"}]}},{"ad_id":"901870","reg_year":"1997","make":"Volkswagen","model":"Polo","variant":"1.4","mileage":"37283","engine_size":"1.4","fuel_type":"Petrol","body_type":"Hatchback","colour":"000000","location":"Dublin","price":"\u20ac 400","images":{"base_url":"http:\/\/i0.carsie.ie\/","image_list":[{"thumb":"ZWExMWUyMmNhZGI4YzA4ZDQ4MGMxZmFmMTk2YmExY2WNDXFBapls349ekvpHqViMOTAxODcwLTc0MjU4MTMuanBnfHx8fHx8OTJ4Njl8fHx8fA==.jpg","main":"ZTBhYzczYTVlYWNhYjRlYWM2NDZkZjZmZDU5OWMxZTQIFam4JG8Tub9jb3vXuVFsOTAxODcwLTc0MjU4MTMuanBnfHx8fHx8fHx8fHw0MDB4MzAw.jpg","large":"ZTcxNTM5NzVkM2U5NzMxMzc3ZTc5NjA0ZmFhOTEzMmFsfonJ4-n4Zh1UjgjD24OgOTAxODcwLTc0MjU4MTMuanBnfHx8fHx8fHx8fHw2NDB4NDgw.jpg"}]}},{"ad_id":"896544","reg_year":"2000","make":"Renault","model":"Megane Scenic","variant":"Monaco 16V","mileage":"105000","engine_size":"2.0","fuel_type":"Petrol","body_type":"People Carrier","colour":"e0e0e0","location":"Dublin","price":"\u20ac 401","images":{"base_url":"http:\/\/i0.carsie.ie\/","image_list":[{"thumb":"OTNiMjdjMTczMzI1NmQyZTZlOTg5ZDRjNGI4MzJkMGXOUUCMg3_zdK5mmzrKQ1IHODk2NTQ0LTczNDMzMjMuanBnfHx8fHx8OTJ4Njl8fHx8fA==.jpg","main":"YjA1MjQ2NjgyMzIyNmE1YjUzZDhiODg1M2Y0N2FhODayPWxNrPvoo_E7Bq3QV2-eODk2NTQ0LTczNDMzMjMuanBnfHx8fHx8fHx8fHw0MDB4MzAw.jpg","large":"ZDI1NDc4MTdkMTZkYjk4NjE1NjRkNDE1NDUwM2QyNjakabfYVnnKjKni1ZtrfHvkODk2NTQ0LTczNDMzMjMuanBnfHx8fHx8fHx8fHw2NDB4NDgw.jpg"}]}},{"ad_id":"898692","reg_year":"1999","make":"Mitsubishi","model":"Galant","variant":"2.0 GLS","mileage":"100500","engine_size":"2.0","fuel_type":"Petrol","body_type":"Saloon","colour":"0000c0","location":"Dublin","price":"\u20ac 435","images":{"base_url":"http:\/\/i0.carsie.ie\/","image_list":[{"thumb":"ZTg2Njk5ODc3ZmNmM2JhNmJiZDFiNjVhYzUwY2U2YmPDyOab0bIL2-wQwcSFsWWSODk4NjkyLTczNjc0ODAuanBnfHx8fHx8OTJ4Njl8fHx8fA==.jpg","main":"ZmE3MjlmY2Q3YzEzNjZjZWM1MjQ5YmJkYmFhYWM2NzWFNn3A5yKAcKyXtIunocm7ODk4NjkyLTczNjc0ODAuanBnfHx8fHx8fHx8fHw0MDB4MzAw.jpg","large":"MWMyMjM2NTNhZTE3NTUwZDBmM2RlODA3NzBjNGNlNTNeU46MJtngRpARWVcLHR38ODk4NjkyLTczNjc0ODAuanBnfHx8fHx8fHx8fHw2NDB4NDgw.jpg"}]}},{"ad_id":"745530","reg_year":"1999","make":"Daewoo","model":"Nubira","variant":"SE 1.6","mileage":"101336","engine_size":"1.6","fuel_type":"Petrol","body_type":"Saloon","colour":"008000","location":"Kildare","price":"\u20ac 445","images":{"base_url":"http:\/\/i0.carsie.ie\/","image_list":[{"thumb":"M2ZlNjIyYzFjMDdmZmE4MDg4OTc3NjIyYTQ4YzZjNzWTDoecnEDPaJ_EhvwnqQGKNzQ1NTMwLTU1MTQyMDEuanBnfHx8fHx8OTJ4Njl8fHx8fA==.jpg","main":"NjY1N2Y4YTFmYWZhNjUyY2QxOTk2NTU3ZGRjZjdkYzTwjFuYkNNz-RMIMW6JAKSSNzQ1NTMwLTU1MTQyMDEuanBnfHx8fHx8fHx8fHw0MDB4MzAw.jpg","large":"NGQ2MWVlOTUxZWU3NjFlMzUzZmNkZTUzOWJjYWY1ODI5GAg4vlHy2Yy29L3En6jONzQ1NTMwLTU1MTQyMDEuanBnfHx8fHx8fHx8fHw2NDB4NDgw.jpg"}]}},{"ad_id":"896684","reg_year":"1995","make":"Audi","model":"A4","variant":"1.8E","mileage":"100000","engine_size":"1.8","fuel_type":"Petrol","body_type":"Saloon","colour":"008000","location":"Dublin","price":"\u20ac 450","images":{"base_url":"http:\/\/i0.carsie.ie\/","image_list":[{"thumb":"YzhhMDBhODg5ZGRmM2Q1YzNhOTcwMGNlNzJiY2ZhZDCF0pzlz5H8nYwngGPJrQnpODk2Njg0LTczNDU1OTQuanBnfHx8fHx8OTJ4Njl8fHx8fA==.jpg","main":"ZmQ1NWRkNzY4MWQ1YjNjNTg4N2M5YmQxZWVhNGVkYWI6yh-ezlfxHVTGfLwyXdxMODk2Njg0LTczNDU1OTQuanBnfHx8fHx8fHx8fHw0MDB4MzAw.jpg","large":"YzhlOGMzYmFlNjQwOWI0M2NkODNkOTQ1YzI3YmE4ZGK6a73eHszNipXxAeT3iWajODk2Njg0LTczNDU1OTQuanBnfHx8fHx8fHx8fHw2NDB4NDgw.jpg"}]}},{"ad_id":"758525","reg_year":"1999","make":"Daewoo","model":"Matiz","variant":"SE","mileage":"66453","engine_size":"under 1.0","fuel_type":"Petrol","body_type":"Hatchback","colour":"e0e0e0","location":"Wexford","price":"\u20ac 450","images":{"base_url":"http:\/\/i0.carsie.ie\/","image_list":[{"thumb":"OTg5ZTgwYzI0MTE1NzQ5OTMwZTUzNGM1N2M3ZWE2NjUqAHgqHYDSCb-QVBBl2PqYNzU4NTI1LTU2NzkwMzIuanBnfHx8fHx8OTJ4Njl8fHx8fA==.jpg","main":"YmY5N2IwMTcxNzU1MDdiNzRlMWQzNDUxYzkzODA0MzQnFsNY0Be0xKK0Jy5_7I3hNzU4NTI1LTU2NzkwMzIuanBnfHx8fHx8fHx8fHw0MDB4MzAw.jpg","large":"MjJkYmVhOGNjM2VjZjZjNjRjZWQ5N2I1NmE2MDU3ZjMHf5P1VpJQsugOVhGElo05NzU4NTI1LTU2NzkwMzIuanBnfHx8fHx8fHx8fHw2NDB4NDgw.jpg"}]}}]}