{"total":"23408","result":[{"ad_id":"867932","reg_year":"2005","make":"Hyundai","model":"Santa Fe","variant":"GLS 2WD 4DR","mileage":"78625","engine_size":"2.0","fuel_type":"Petrol","body_type":"SUV","colour":"0000c0","location":"Dublin","price":"\u20ac 3,995","images":{"base_url":"http:\/\/i0.carsie.ie\/","image_list":[{"thumb":"Y2I0OTJkNTFhMGMyNmJjMDM2MTE0ZTdjNTVhODIzZDAggp9cjFhIAI9-2MIcSv1wODY3OTMyLTY5OTU1MzYuanBnfHx8fHx8OTJ4Njl8fHx8fA==.jpg","main":"ZmVmZDY1MmRmMDI1ZmNkNjJmMzFmZWJkNmEzOGJhNWavDy_5MX9oSyvTVdxNL8BZODY3OTMyLTY5OTU1MzYuanBnfHx8fHx8fHx8fHw0MDB4MzAw.jpg","large":"MDBiNDY0OGJjZmQxYTJhMTFlN2YxOWFkOTdjN2ZhNmRx437mXf-veo52lOSbZDa0ODY3OTMyLTY5OTU1MzYuanBnfHx8fHx8fHx8fHw2NDB4NDgw.jpg"}]}},{"ad_id":"719433","reg_year":"2002","make":"Hyundai","model":"Trajet","variant":"GLS 2.0","mileage":"88000","engine_size":"2.0","fuel_type":"Petrol","body_type":"People Carrier","colour":"0000c0","location":"Cork","price":"\u20ac 3,995","images":{"base_url":"http:\/\/i0.carsie.ie\/","image_list":[{"thumb":"NGQ0NTY1ZDRiNzg0ODVlOTQ2NjUxZmI2YWQ0YmE5ODnmQyjDCOzNlNrFhrN3UnZPNzE5NDMzLTUxNjI2MDAuanBnfHx8fHx8OTJ4Njl8fHx8fA==.jpg","main":"ZjM2MGU4OThiYmM3YjgzMzgyOWYyOTlkNWFiOTVjNzK5x6jJ7pl9S1vCNH1QBf1tNzE5NDMzLTUxNjI2MDAuanBnfHx8fHx8fHx8fHw0MDB4MzAw.jpg","large":"MTY3MTlmZmZiZDMxZDA1Y2M1YWJkODQ1YTdmYTliNTDJVQB_j9vHqgIOhlWCY91dNzE5NDMzLTUxNjI2MDAuanBnfHx8fHx8fHx8fHw2NDB4NDgw.jpg"}]}},{"ad_id":"857304","reg_year":"2004","make":"Hyundai","model":"Trajet","variant":"7-SEATER (IMMACULATE CONDITION) **NCT 01-2014** **TIMING BELT DONE** **FULLY SERVICED**","mileage":"80000","engine_size":"2.0","fuel_type":"Petrol","body_type":"Estate","colour":"e0e0e0","location":"Dublin","price":"\u20ac 3,995","images":{"base_url":"http:\/\/i0.carsie.ie\/","image_list":[{"thumb":"ZTJkMDkxNTE3MGUxMjY3YzFjYzRjMzUyZDFkOGU0NmWwo1FwBkpAAla0UAfPsKzUODU3MzA0LTY4NzU1MDUuanBnfHx8fHx8OTJ4Njl8fHx8fA==.jpg","main":"NjE0MGYxOTAxN2RmN2Q0MmIxMjI3NjUzMWRmYmEyYjEeyLMSmPOXDcR6H24NakUbODU3MzA0LTY4NzU1MDUuanBnfHx8fHx8fHx8fHw0MDB4MzAw.jpg","large":"YWZkYWUzOGUyMGNiMzdlMDM4YzY3MWZkZDdkMWQ1M2XlUXNBq9IOIsfA2N7UlcFlODU3MzA0LTY4NzU1MDUuanBnfHx8fHx8fHx8fHw2NDB4NDgw.jpg"}]}},{"ad_id":"809418","reg_year":"2004","make":"Hyundai","model":"Trajet","variant":"GLS 2.0","mileage":"98000","engine_size":"2.0","fuel_type":"Petrol","body_type":"Estate","colour":"008000","location":"Kildare","price":"\u20ac 3,995","images":{"base_url":"http:\/\/i0.carsie.ie\/","image_list":[{"thumb":"ODUwODNmY2QxNTBhYTAxNWVlMDYxMjlkZmE2NTVmNWH1Dvm4a99KmIzITfBZ0YOCODA5NDE4LTYzMjA4MzUuanBnfHx8fHx8OTJ4Njl8fHx8fA==.jpg","main":"ODgzYjIwMjk2MmEwMWViOGFhMzU5YzIwMjdiNmVlNzBpB3Zemwvj55Wzb-efJDjaODA5NDE4LTYzMjA4MzUuanBnfHx8fHx8fHx8fHw0MDB4MzAw.jpg","large":"ZjE5ZDkzMTU0MWY3NjA1NGQ5ZDAzN2IzZTMwODQzZjbPZ7Mz3YzBQBeGnFZCVRyPODA5NDE4LTYzMjA4MzUuanBnfHx8fHx8fHx8fHw2NDB4NDgw.jpg"}]}},{"ad_id":"866251","reg_year":"2004","make":"Hyundai","model":"Trajet","variant":"A\/C 5DR","mileage":"66666","engine_size":"2.0","fuel_type":"Petrol","body_type":"People Carrier","colour":"000000","location":"Meath","price":"\u20ac 3,995","images":{"base_url":"http:\/\/i0.carsie.ie\/","image_list":[{"thumb":"MmIyZGYzMDBlOTA1ZWQ3YmZiNGMyN2Q2MjQ3MjRjNGNvrjohAIWNTu1jp5664YfKODY2MjUxLTcyNjk0NzkuanBnfHx8fHx8OTJ4Njl8fHx8fA==.jpg","main":"MjFkMGM2YTcwYjA4YzBmNTU3ZmE2OWUwNjE3NDhjZmMUzjNYQwJnNBKY4HfYFWPYODY2MjUxLTcyNjk0NzkuanBnfHx8fHx8fHx8fHw0MDB4MzAw.jpg","large":"NDU3YTYxMTVlZDYyZGVkMTMyOGI4YjY1NGI3MjUxZTA1ElLwJBuzkr6EpD32QS1zODY2MjUxLTcyNjk0NzkuanBnfHx8fHx8fHx8fHw2NDB4NDgw.jpg"}]}},{"ad_id":"885601","reg_year":"2005","make":"Hyundai","model":"Trajet","variant":null,"mileage":"40700","engine_size":"2.0","fuel_type":"Petrol","body_type":null,"colour":"000000","location":"Wexford","price":"\u20ac 3,995","images":{"base_url":"http:\/\/i0.carsie.ie\/","image_list":[{"thumb":"NmU1YmM1MGZkODA2MmVmYzE5ZGQyNzA2MzljYzMzZTg4WpKBjpu1N4Vr8_zUnRuEODg1NjAxLTcyODMwNDMuanBnfHx8fHx8OTJ4Njl8fHx8fA==.jpg","main":"NjU5YjVhYzhkZDczNTE4Yjk3OGU5ZDM4NjMyYjI4NDa9FKyzas5Djua7YO1OkoqWODg1NjAxLTcyODMwNDMuanBnfHx8fHx8fHx8fHw0MDB4MzAw.jpg","large":"YWMzYTViM2FjZmJmODg0MDI2YThjMjg1YzQ4MzgxNTIG9Xf0qnba5VaKEv-NBRoGODg1NjAxLTcyODMwNDMuanBnfHx8fHx8fHx8fHw2NDB4NDgw.jpg"}]}},{"ad_id":"868855","reg_year":"2004","make":"Hyundai","model":"Trajet","variant":"GSI","mileage":"87000","engine_size":"2.0","fuel_type":"Petrol","body_type":"People Carrier","colour":"e0e0e0","location":"Wicklow","price":"\u20ac 3,995","images":{"base_url":"http:\/\/i0.carsie.ie\/","image_list":[{"thumb":"Y2YxNjMxYThkZWQzYWFjODYzOWMxM2U0Nzk0ODI2MzN7H0xVT_z2T4GH-YqCTfzGODY4ODU1LTcwMDY1NDAuanBnfHx8fHx8OTJ4Njl8fHx8fA==.jpg","main":"Zjg0OTlhN2M5ZjRlMjllYzQ0YTU1ZmMyN2MyNGY4NjT0oS_xIFG8mSc9xuHfilpqODY4ODU1LTcwMDY1NDAuanBnfHx8fHx8fHx8fHw0MDB4MzAw.jpg","large":"ZTU3OGQ0ZGU1MzA2ZjM1NWNlZjA5NzEyZTRmNjU2OWFR6bStRZ5DM9GRfV6F_CbVODY4ODU1LTcwMDY1NDAuanBnfHx8fHx8fHx8fHw2NDB4NDgw.jpg"}]}},{"ad_id":"848039","reg_year":"2005","make":"Hyundai","model":"Tucson","variant":"2.0D 2WD ","mileage":"119000","engine_size":"2.0","fuel_type":"Diesel","body_type":"SUV","colour":"e0e0e0","location":"Dublin","price":"\u20ac 3,995","images":{"base_url":"http:\/\/i0.carsie.ie\/","image_list":[{"thumb":"NDk0YWI5ODQyOGFkMTZkOWMwY2IxZWQxMTRjYWRlNDaAyDh8UqVIciAleI-WJ1XZODQ4MDM5LTY3ODA2NDIuanBnfHx8fHx8OTJ4Njl8fHx8fA==.jpg","main":"ZThjODdjZTgxMDZiZjRlZTE4Y2M5ZWZjNWZjNjI2YTLyrRvR38MSK0LzB4flb3ShODQ4MDM5LTY3ODA2NDIuanBnfHx8fHx8fHx8fHw0MDB4MzAw.jpg","large":"Yjg5ZDdjNGE1OGM3YzgyN2Y5MjA2Yjk5NjVkZGZjMGJ9s68JweFNpRXNHR_4erQuODQ4MDM5LTY3ODA2NDIuanBnfHx8fHx8fHx8fHw2NDB4NDgw.jpg"}]}},{"ad_id":"844467","reg_year":"2003","make":"Isuzu","model":"Trooper","variant":"73 5DR","mileage":"15000","engine_size":"3.0","fuel_type":"Diesel","body_type":"Estate","colour":"008000","location":"Dublin","price":"\u20ac 3,995","images":{"base_url":"http:\/\/i0.carsie.ie\/","image_list":[{"thumb":"ZTM2YzIzNGFmYWM0ZTU4MjFiYzkzMmNlOWRlMWE4YWLqdOGdIWh1tJxPzsofYZ08ODQ0NDY3LTY3MzY2NzguanBnfHx8fHx8OTJ4Njl8fHx8fA==.jpg","main":"YWFkNGVkNTY0OGJjMTg2MjE5ZDdlZWFmYzZmYmQ4OGKuQQvVYnyJbVL7Wn5_yQqjODQ0NDY3LTY3MzY2NzguanBnfHx8fHx8fHx8fHw0MDB4MzAw.jpg","large":"NmI4NzMzNWM1NTg5NzBlOTkzMDA4NTZhNmRlMzA4YjVG_P3DnIKAzZrqaFu_2RshODQ0NDY3LTY3MzY2NzguanBnfHx8fHx8fHx8fHw2NDB4NDgw.jpg"}]}},{"ad_id":"732081","reg_year":"2002","make":"Jaguar","model":"S-Type","variant":"S-type 3.0 V6","mileage":"94000","engine_size":"3.0","fuel_type":"Petrol","body_type":"Saloon","colour":"008000","location":"Wexford","price":"\u20ac 3,995","images":{"base_url":"http:\/\/i0.carsie.ie\/","image_list":[{"thumb":"ZTliOTUzZTFhNTM1NzViM2FkNTdhMjA0YjllN2MzNzfLBrAEvy8mQ006U2sxl2C-NzMyMDgxLTUzMzIxODMuanBnfHx8fHx8OTJ4Njl8fHx8fA==.jpg","main":"ODhmMTM5ZWVkOTlmY2JhZjc0NTQyNjgwOTI1ZTRiMjemfpLKSoFab-Osw5xOnQ7XNzMyMDgxLTUzMzIxODMuanBnfHx8fHx8fHx8fHw0MDB4MzAw.jpg","large":"ODIzODgzMGYwZTY1N2QyNDFiZThkOWI4YzM1YWIwZjkulhLhm1pOn3ACsrGH--aANzMyMDgxLTUzMzIxODMuanBnfHx8fHx8fHx8fHw2NDB4NDgw.jpg"}]}},{"ad_id":"899842","reg_year":"2006","make":"Kia","model":"Rio","variant":"1.4 EX 5DR. NCT 05\/14","mileage":"83377","engine_size":"1.3","fuel_type":"Petrol","body_type":"Hatchback","colour":"e0e0e0","location":"Dublin","price":"\u20ac 3,995","images":{"base_url":"http:\/\/i0.carsie.ie\/","image_list":[{"thumb":"YmZmNmIzOWM2ZDIyNTA1MzJiN2JiYWY3ZDQ4YmQyMTDvhTLF_fg4oXmxIHVaKi9fODk5ODQyLTczODIxNDguanBnfHx8fHx8OTJ4Njl8fHx8fA==.jpg","main":"Y2RjNmNkZDg0ZjQxZjJhYTUyNGE0MzA5ZjUwZDU4ZjWT2XugAkK4jo8ftFKAT5QpODk5ODQyLTczODIxNDguanBnfHx8fHx8fHx8fHw0MDB4MzAw.jpg","large":"NzZjYjBjYjk2Nzc5YWQ3YWQ1MjY4MGVjNTg1YjQ1ZTg6xU1zr7gVAnVySfgJXpwRODk5ODQyLTczODIxNDguanBnfHx8fHx8fHx8fHw2NDB4NDgw.jpg"}]}},{"ad_id":"895386","reg_year":"2005","make":"Land Rover","model":"Freelander","variant":"2.0S 3DR","mileage":"124899","engine_size":"2.0","fuel_type":"Diesel","body_type":"SUV","colour":"008000","location":"Clare","price":"\u20ac 3,995","images":{"base_url":"http:\/\/i0.carsie.ie\/","image_list":[{"thumb":"YTQwMTg5Njc4OTliMzA2ZmUyNzk3YWRiMWQyZDI0YzI80oZQWWLbs0egCIJcYW_HODk1Mzg2LTczMjM2OTAuanBnfHx8fHx8OTJ4Njl8fHx8fA==.jpg","main":"NTQzMzhhOWM5OWMzYjhiMDdlYmFjZDQ3NzhiNThlZGWxADI_3TZs4fLpVmntw0XRODk1Mzg2LTczMjM2OTAuanBnfHx8fHx8fHx8fHw0MDB4MzAw.jpg","large":"YmUyODJlNDFkNTE4ZjAwNGE3YTgwMGEzNDg1ZmJlMWNtfBXn1JmMrJ9P5ImWvkYyODk1Mzg2LTczMjM2OTAuanBnfHx8fHx8fHx8fHw2NDB4NDgw.jpg"}]}},{"ad_id":"886429","reg_year":"2000","make":"Land Rover","model":"Range Rover","variant":"2.5 DT","mileage":"140000","engine_size":"2.5","fuel_type":"Diesel","body_type":"Estate","colour":"008000","location":"Dublin","price":"\u20ac 3,995","images":{"base_url":"http:\/\/i0.carsie.ie\/","image_list":[{"thumb":"ZDhhOTgyNTYyMDBhMGZiNWMzZjZiNWY2MjQ5YzYyMzBWHKbYbnJ6kfC-ns7Q-Kv_ODg2NDI5LTcyMTM1NzUuanBnfHx8fHx8OTJ4Njl8fHx8fA==.jpg","main":"YzM5ZDc3OTVhYTE0MDI1YWYyODU2MjhiMzg0MjA2Mjar8yz7qd9GYo63i7cAPRBPODg2NDI5LTcyMTM1NzUuanBnfHx8fHx8fHx8fHw0MDB4MzAw.jpg","large":"OGQ0NmU0NGI1MWE4MjdlNGFlOGE3ZjY3NmVhMWM3MDcyzH9FzfMA-KBa1Uvev3bsODg2NDI5LTcyMTM1NzUuanBnfHx8fHx8fHx8fHw2NDB4NDgw.jpg"}]}},{"ad_id":"868626","reg_year":"2006","make":"Mazda","model":"Mazda6","variant":"1.8 H\/B Comfort GK","mileage":"52000","engine_size":"1.8","fuel_type":"Petrol","body_type":"Hatchback","colour":"0000c0","location":"Dublin","price":"\u20ac 3,995","images":{"base_url":"http:\/\/i0.carsie.ie\/","image_list":[{"thumb":"OWM3YTY3ZWY2Yjc4NmRhMTk5NTYwYjIzMDQ0ZWFmNTGtWkeIBUDVYml_E6pINBRpODY4NjI2LTcwMTI1NTQuanBnfHx8fHx8OTJ4Njl8fHx8fA==.jpg","main":"N2UwNTRlZTdkNjA3ZmUzYjI0NGZjYzVlM2QxNjQ2ZjKmqbDMoos8rpt0qZC43mONODY4NjI2LTcwMTI1NTQuanBnfHx8fHx8fHx8fHw0MDB4MzAw.jpg","large":"NGIxMTA2Y2ZmOWMzNDYyMWZiYWYyY2Q0OWQ3MmUwY2TqNzaZt09kjBfz_1qtC2jUODY4NjI2LTcwMTI1NTQuanBnfHx8fHx8fHx8fHw2NDB4NDgw.jpg"}]}},{"ad_id":"765789","reg_year":"2003","make":"Mercedes-Benz","model":"C 180","variant":"Kompressor","mileage":"75266","engine_size":"1.8","fuel_type":"Petrol","body_type":"Saloon","colour":"000000","location":"Cavan","price":"\u20ac 3,995","images":{"base_url":"http:\/\/i0.carsie.ie\/","image_list":[{"thumb":"YTJlYWI3ZDM2ZmQxY2IxMjdjODliYTMwNjkwZjFjYmIh8V16Rb5Vg2evWnlNMRXcNzY1Nzg5LTU3NzAwNDMuanBnfHx8fHx8OTJ4Njl8fHx8fA==.jpg","main":"OWViZDdmYmQwMWM5ZGM1Mzg3YjQzZGE2ZDc0ZTcyMGYSveExXFKZswpwSZ_4ikvDNzY1Nzg5LTU3NzAwNDMuanBnfHx8fHx8fHx8fHw0MDB4MzAw.jpg","large":"Njg5Y2VlZDlkYjdiZGY5MGVkOGNlZTU0NDc5OGZjODTPwNMA1FMS1wy63Cfndo0JNzY1Nzg5LTU3NzAwNDMuanBnfHx8fHx8fHx8fHw2NDB4NDgw.jpg"}]}},{"ad_id":"844861","reg_year":"2003","make":"Mercedes-Benz","model":"C 200","variant":"Kompressor","mileage":"90000","engine_size":"1.8","fuel_type":"Petrol","body_type":"Saloon","colour":"000000","location":"Dublin","price":"\u20ac 3,995","images":{"base_url":"http:\/\/i0.carsie.ie\/","image_list":[{"thumb":"MjQ5NGI1NmU3MjU5MGE4NzYxYjNlYWMyYTFhM2U2OWVkyY1rEFZKm1mTXrXF1KRYODQ0ODYxLTY3NDc4MzYuanBnfHx8fHx8OTJ4Njl8fHx8fA==.jpg","main":"YTE0ZDY2YjRkNGM0YTc3MTA4NmYzMDNlNDYzMmY2ZTAlUAcBWLKgIVW4dXUc3UOMODQ0ODYxLTY3NDc4MzYuanBnfHx8fHx8fHx8fHw0MDB4MzAw.jpg","large":"YjY0ZTNlNWU1YWViZDhlODI3MGVhODhiZmE4YTM4MDJVq3I6Pj2lKaIRIzytqrfHODQ0ODYxLTY3NDc4MzYuanBnfHx8fHx8fHx8fHw2NDB4NDgw.jpg"}]}},{"ad_id":"857309","reg_year":"2001","make":"Mercedes-Benz","model":"ML 270","variant":"ML 270 CDI AUTOMATIC **PRISTINE CONDITION** **JUST PASSED NCT TILL 07-2013** **TAXED TILL 10-2012** **HALF LEATHER** **BEUTIFUL JEEP**","mileage":"160000","engine_size":"2.7","fuel_type":"Diesel","body_type":"SUV","colour":"000000","location":"Dublin","price":"\u20ac 3,995","images":{"base_url":"http:\/\/i0.carsie.ie\/","image_list":[{"thumb":"ODI5N2UwZWViMzUwOWE3YzcxN2QwMDVhZTc0ODRhNGQllBUpmFxlzXFcSf05IwJ5ODU3MzA5LTY4NzU1NzguanBnfHx8fHx8OTJ4Njl8fHx8fA==.jpg","main":"ZjQxNDFlMTYwMzk5ODc2NTAzZmY5MTM2YTcwYzE1ZTX-cFwJujoJ8Xkz8syX-_8mODU3MzA5LTY4NzU1NzguanBnfHx8fHx8fHx8fHw0MDB4MzAw.jpg","large":"NTkwNmIwMjYyNGZiZGJiNjEyYWVlMjIwMzAyZDUzNGb72SuBOcWMcI3Q_hv7au3IODU3MzA5LTY4NzU1NzguanBnfHx8fHx8fHx8fHw2NDB4NDgw.jpg"}]}},{"ad_id":"901921","reg_year":"2003","make":"Mercedes-Benz","model":"S 350","variant":"2 OWNERS AND ONLY 81K ","mileage":"81000","engine_size":"3.7","fuel_type":"Petrol","body_type":"Saloon","colour":"e0e0e0","location":"Laois","price":"\u20ac 3,995","images":{"base_url":"http:\/\/i0.carsie.ie\/","image_list":[{"thumb":"Yjg1Zjc3M2RiNzRjOTgxODQyYzM2YTE2MDA2NTUwZjbkxfZ-zeCvVck9CTYoG3YZOTAxOTIxLTc0MjYzNzcuanBnfHx8fHx8OTJ4Njl8fHx8fA==.jpg","main":"NTc2NGU2NTMxNDViOTUwMmZkMmViOGJkOGNkODcyNzDFmU81ZR2-rBjYe8qtNnzyOTAxOTIxLTc0MjYzNzcuanBnfHx8fHx8fHx8fHw0MDB4MzAw.jpg","large":"MzIwOWMwYjlmNmZmZWM4NDU3NGQyMDAyOTM0NWNmNGQPuOFDhJVuNWIvw270uxesOTAxOTIxLTc0MjYzNzcuanBnfHx8fHx8fHx8fHw2NDB4NDgw.jpg"}]}},{"ad_id":"867947","reg_year":"2002","make":"Mini","model":"Cooper","variant":"1.6 TRADE INS WELCOME","mileage":"83853","engine_size":"1.6","fuel_type":"Petrol","body_type":"Saloon","colour":"008000","location":"Dublin","price":"\u20ac 3,995","images":{"base_url":"http:\/\/i0.carsie.ie\/","image_list":[{"thumb":"ODEyYzMwMGQyMWVlMjMwMDg1MGFjZDc4YmVlMTk0ZjSlmeEct3qTqnJg-kIeSj0OODY3OTQ3LTY5OTU1NTIuanBnfHx8fHx8OTJ4Njl8fHx8fA==.jpg","main":"M2EzN2E1MmE0NjY3OWMwNThhYjNhNDEzN2I0MGU5NTYNvhR29fb56cEbo0LCyuY0ODY3OTQ3LTY5OTU1NTIuanBnfHx8fHx8fHx8fHw0MDB4MzAw.jpg","large":"MDZmMjBiM2JkMjExMjMzNWMxNDNjZTY5MmM3ZjBlOGFsiFF97GiTGPZwjYGib__BODY3OTQ3LTY5OTU1NTIuanBnfHx8fHx8fHx8fHw2NDB4NDgw.jpg"}]}},{"ad_id":"861277","reg_year":"2007","make":"Nissan","model":"Almera","variant":"1.5 SXE 4DR. NCT 04\/13. TAX 05\/13","mileage":"146704","engine_size":"1.5","fuel_type":"Petrol","body_type":"Saloon","colour":"000000","location":"Dublin","price":"\u20ac 3,995","images":{"base_url":"http:\/\/i0.carsie.ie\/","image_list":[{"thumb":"ODRkOTY0Mzg5Y2JhM2VkMzJkMjFmMGIyYTViNGNjNjJmsuIcnnzkAeRlFFz_IDG2ODYxMjc3LTY5MTc0NjUuanBnfHx8fHx8OTJ4Njl8fHx8fA==.jpg","main":"MWI1OTZmMTViZTAxZjhjYTZmYWNhYmMyNTgyODg5ZDeG9EFu_8KT0xotm1FS_Q53ODYxMjc3LTY5MTc0NjUuanBnfHx8fHx8fHx8fHw0MDB4MzAw.jpg","large":"Y2Y5OGNiN2I5N2E3ODAwZDU3YTdmNWQ4OTNiYzFjNmZx8OiSgv-i16vttc5bcGM_ODYxMjc3LTY5MTc0NjUuanBnfHx8fHx8fHx8fHw2NDB4NDgw.jpg"}]}}]}