{"total":"23408","result":[{"ad_id":"901875","reg_year":"2003","make":"Mitsubishi","model":"Colt","variant":"1.3 \"WARRANTY\"-NEW NCT-TRADE IN-EXCELLENT COND. FOR YEAR","mileage":"91000","engine_size":"1.3","fuel_type":"Petrol","body_type":"Hatchback","colour":"e0e0e0","location":"Dublin","price":"\u20ac 3,250","images":{"base_url":"http:\/\/i0.carsie.ie\/","image_list":[{"thumb":"MmRhYWQ0NDUyMGY2NDYyMzAyZDE4MTZkZjI1MjFkMmH6_HX5bDViy2KoDUPtvvbPOTAxODc1LTc0MjU4ODAuanBnfHx8fHx8OTJ4Njl8fHx8fA==.jpg","main":"YzAyNGQyZTJiNWU4ZTE5MzY5YjcxM2ZmNDMxNGE4MTj1N6yvi3S480rIQW4zXJtzOTAxODc1LTc0MjU4ODAuanBnfHx8fHx8fHx8fHw0MDB4MzAw.jpg","large":"ZTRmYjAwMzZkOTgxMjI1NmRjMzM1NDA3MWIzNzg3NDUiFCYkDxWWDpGNglTFcD5gOTAxODc1LTc0MjU4ODAuanBnfHx8fHx8fHx8fHw2NDB4NDgw.jpg"}]}},{"ad_id":"901876","reg_year":"2003","make":"Mitsubishi","model":"Colt","variant":"1.3 \"WARRANTY\"-NEW NCT-TRADE IN-EXCELLENT COND. FOR YEAR","mileage":"91000","engine_size":"1.3","fuel_type":"Petrol","body_type":"Hatchback","colour":"e0e0e0","location":"Waterford","price":"\u20ac 3,250","images":{"base_url":"http:\/\/i0.carsie.ie\/","image_list":[{"thumb":"Yzk4YzhmNDI5M2NiNWYxZjZjYWNlM2IyN2NhMDMwMWR41FDvc83VGtCllKMtRWQaOTAxODc2LTc0MjU4ODEuanBnfHx8fHx8OTJ4Njl8fHx8fA==.jpg","main":"MzFjZGE1YzU5ZThhMTBmZGUzMGIyZDY1MDMxYjNmZTgP79314m3-wSi9Kx2nf0ANOTAxODc2LTc0MjU4ODEuanBnfHx8fHx8fHx8fHw0MDB4MzAw.jpg","large":"ZDRiOWYyYTNhNTAzMzVkZGYyNjE5YzE3MWViMmEyODIZ0OXucnyMKDDTJW2SaEOYOTAxODc2LTc0MjU4ODEuanBnfHx8fHx8fHx8fHw2NDB4NDgw.jpg"}]}},{"ad_id":"872033","reg_year":"2004","make":"Nissan","model":"Almera","variant":"1.5 4DR TEKNA *TRADE ONLY*","mileage":"127000","engine_size":"1.5","fuel_type":"Petrol","body_type":null,"colour":"0000c0","location":"Cork","price":"\u20ac 3,250","images":{"base_url":"http:\/\/i0.carsie.ie\/","image_list":[{"thumb":"MmFhNmNlOTVkNjE5ZjA5OWE5NWI5YjExMzU5ODE1MmFlXpaCvcG-TN0S8vKC1WbMODcyMDMzLTcwNDg3OTguanBnfHx8fHx8OTJ4Njl8fHx8fA==.jpg","main":"Y2Q4MzViMzU3NWE1YjcxZWE0MWZkMGQ0ZWMyZTIzM2Vs97agbVPv_uPgDXY6urTTODcyMDMzLTcwNDg3OTguanBnfHx8fHx8fHx8fHw0MDB4MzAw.jpg","large":"N2VhOGVlZGI5NThlMjZkNWIxMGYzZGM1NDVkZGMyYzPzUp2KA8QJgDcBPP4lD49jODcyMDMzLTcwNDg3OTguanBnfHx8fHx8fHx8fHw2NDB4NDgw.jpg"}]}},{"ad_id":"860976","reg_year":"2003","make":"Nissan","model":"Almera","variant":"Tekna 4dr","mileage":"100551","engine_size":"1.5","fuel_type":"Petrol","body_type":"Saloon","colour":"0000c0","location":"Mayo","price":"\u20ac 3,250","images":{"base_url":"http:\/\/i0.carsie.ie\/","image_list":[{"thumb":"NzdmMjVlNDZmNTU1ODk5MzcwOGI5MGRlM2VhNWMzNWYs0XKjC4UFpnptf4Vybi-GODYwOTc2LTY5MTM0OTQuanBnfHx8fHx8OTJ4Njl8fHx8fA==.jpg","main":"ZjA0YWIyYjhkY2FmMDE4YTYwMDM3OGI1YWVlNGNhZWQdxYqkt4X6lR1jG4HE_WrbODYwOTc2LTY5MTM0OTQuanBnfHx8fHx8fHx8fHw0MDB4MzAw.jpg","large":"NTY4MmUxZjM3MjY0YmZiMzdlZDg3MzhjYjc2N2IxMTFYiPifXxCJRs2dhk1HgC9dODYwOTc2LTY5MTM0OTQuanBnfHx8fHx8fHx8fHw2NDB4NDgw.jpg"}]}},{"ad_id":"896666","reg_year":"2003","make":"Nissan","model":"Micra","variant":"1.0 5DR Visia","mileage":"46381","engine_size":"1.0","fuel_type":"Petrol","body_type":"Hatchback","colour":"0000c0","location":"Donegal","price":"\u20ac 3,250","images":{"base_url":"http:\/\/i0.carsie.ie\/","image_list":[{"thumb":"NjgzNzFkNjg4ZjczMDIwZTFjNjczZDNjMDQ3NzUwYWPJezJtRTQuI84_cdnYyFdXODk2NjY2LTczNDU1MTguanBnfHx8fHx8OTJ4Njl8fHx8fA==.jpg","main":"NDcyYmJlNzI5ZTk1MTU4YzBjZjZhMGQ2ZGIwOGFhNGN8OXjvXJjM0-iwu-I0nM64ODk2NjY2LTczNDU1MTguanBnfHx8fHx8fHx8fHw0MDB4MzAw.jpg","large":"MzJlZGEzNjQzYjc5NDJjZGE2NmEzMGVhNTgxMTMxZmER0rTYlhm3v6g2DEpTw7MLODk2NjY2LTczNDU1MTguanBnfHx8fHx8fHx8fHw2NDB4NDgw.jpg"}]}},{"ad_id":"868254","reg_year":"2005","make":"Nissan","model":"Micra","variant":"1.0SX 5DR","mileage":"125520","engine_size":"1.0","fuel_type":"Petrol","body_type":"Hatchback","colour":"000000","location":"Laois","price":"\u20ac 3,250","images":{"base_url":"http:\/\/i0.carsie.ie\/","image_list":[{"thumb":"MGIwNWE3ZWMwNTFjMWI1YzYwMTJmYzZjM2Q1NzEwMWEK4sVekqfjTTHdacztuatTODY4MjU0LTcwMDA4NzUuanBnfHx8fHx8OTJ4Njl8fHx8fA==.jpg","main":"NDEwODQyY2IyNmQwODU3NmE5ZDUwZjA4MjBlYjQwNTHhN1AM87dIRSnXVSNa8mKfODY4MjU0LTcwMDA4NzUuanBnfHx8fHx8fHx8fHw0MDB4MzAw.jpg","large":"MDQzYjE5YTVmNGRiZmU3NzdhMjZmMzU4NTBlMWM3OWK-04ugIdzPscoIpQZ4onEcODY4MjU0LTcwMDA4NzUuanBnfHx8fHx8fHx8fHw2NDB4NDgw.jpg"}]}},{"ad_id":"864390","reg_year":"2005","make":"Nissan","model":"Micra","variant":"1.0SX 5DR","mileage":"59653","engine_size":"1.0","fuel_type":"Petrol","body_type":"Hatchback","colour":"0000c0","location":"Monaghan","price":"\u20ac 3,250","images":{"base_url":"http:\/\/i0.carsie.ie\/","image_list":[{"thumb":"ODIwYTRmNDRkZmNkOTkwMTNlYTQzYzZmYWY1OWUyOWXv38K4jVHCxCDqfv_w4rDkODY0MzkwLTcwMDM1MTguanBnfHx8fHx8OTJ4Njl8fHx8fA==.jpg","main":"ZjMzZjlkNTIxYTEzMjBjYmUwYWU0ZTczODA4NTc2NzOitJW2f7UvT4twWB5xdkU9ODY0MzkwLTcwMDM1MTguanBnfHx8fHx8fHx8fHw0MDB4MzAw.jpg","large":"Zjk3YjMzN2MzZTc1MDEyY2M5Y2I0YTkwM2UzYzliMjRe-jvqvdFv-HJDjkIzUyu3ODY0MzkwLTcwMDM1MTguanBnfHx8fHx8fHx8fHw2NDB4NDgw.jpg"}]}},{"ad_id":"828429","reg_year":"2003","make":"Nissan","model":"Primera","variant":"1.6 H\/B Acenta","mileage":"72500","engine_size":"1.6","fuel_type":"Petrol","body_type":"Hatchback","colour":"f0b800","location":"Dublin","price":"\u20ac 3,250","images":{"base_url":"http:\/\/i0.carsie.ie\/","image_list":[{"thumb":"N2E1NzlhMjFiNWY5YmFkZWZkZjllMTM1MGY4YzY5Yzix_kgqLzP3TN6gVg1M6zESODI4NDI5LTY1NTY3MDcuanBnfHx8fHx8OTJ4Njl8fHx8fA==.jpg","main":"MGI0M2EzOWU3N2ZlMzRhZmQ1MGY3ZWY0YzYzOGI1NTVj_6qhkfQCAAJsc44NA1koODI4NDI5LTY1NTY3MDcuanBnfHx8fHx8fHx8fHw0MDB4MzAw.jpg","large":"NDNkM2M3Zjk1YTI1MTVkZmFkOTZjYmRkYjNlODg0ZDcGzgH6n3NcIXLuBZlJpF7mODI4NDI5LTY1NTY3MDcuanBnfHx8fHx8fHx8fHw2NDB4NDgw.jpg"}]}},{"ad_id":"898097","reg_year":"2004","make":"Nissan","model":"Primera","variant":"1.6 Visia 4DR","mileage":"115000","engine_size":"1.6","fuel_type":"Petrol","body_type":"Saloon","colour":"e0e0e0","location":"Wicklow","price":"\u20ac 3,250","images":{"base_url":"http:\/\/i0.carsie.ie\/","image_list":[{"thumb":"ZmNlNzJhNjYwNWQ2NzVjNTY0MTk3ZDY1ZTk0M2QzNDYM95tZYQWvbsJURM8dDUgUODk4MDk3LTczNjEwODEuanBnfHx8fHx8OTJ4Njl8fHx8fA==.jpg","main":"YmU4MzQ0MDQ4ZTE2YTM4MzFiNTkxMzU2YzRjYzMwZmPpzVVi82ase1T7cKpRoFmNODk4MDk3LTczNjEwODEuanBnfHx8fHx8fHx8fHw0MDB4MzAw.jpg","large":"OGY3YzcyNDY1OWE1NjFhMjBmMDIxMjM4ZDYyNzkwZDIsjVl0htandENWTc-K2cjjODk4MDk3LTczNjEwODEuanBnfHx8fHx8fHx8fHw2NDB4NDgw.jpg"}]}},{"ad_id":"770543","reg_year":"2005","make":"Opel","model":"Agila","variant":"Expression 1.0 12V","mileage":"","engine_size":"1.0","fuel_type":"Petrol","body_type":"Hatchback","colour":"ff0000","location":"Westmeath","price":"\u20ac 3,250","images":{"base_url":"http:\/\/i0.carsie.ie\/","image_list":[{"thumb":"OTM2ODdjZGMyMzY1Nzg0NmIxYTdmZDFkYTJjN2U3NmG00LMuT9nsVk6pv_ZENX-tNzcwNTQzLTYzNjkwMjAuanBnfHx8fHx8OTJ4Njl8fHx8fA==.jpg","main":"ZmI1NzA1OWY3M2NlYzEwYzg3OGNiYjA2OWM5YThmNDTkvu2v0utaIHkvxcei2nVINzcwNTQzLTYzNjkwMjAuanBnfHx8fHx8fHx8fHw0MDB4MzAw.jpg","large":"ZDBhYThmODJmZmJiYWQ3YmRmZThmNjU5NDIwYzZjZTgQeEWNm3Pr4iPSNsO565UgNzcwNTQzLTYzNjkwMjAuanBnfHx8fHx8fHx8fHw2NDB4NDgw.jpg"}]}},{"ad_id":"895845","reg_year":"2003","make":"Opel","model":"Corsa","variant":"AUTOMATIC 1.0","mileage":"58000","engine_size":"1.0","fuel_type":"Petrol","body_type":"Hatchback","colour":"e0e0e0","location":"Dublin","price":"\u20ac 3,250","images":{"base_url":"http:\/\/i0.carsie.ie\/","image_list":[{"thumb":"NDg3NjY2NzBiNDg0YmZmZjZkYmE3N2YwOGMzMDIzNWUEyEo-q_u3IHPvfiDFSvsiODk1ODQ1LTczMjY4NDUuanBnfHx8fHx8OTJ4Njl8fHx8fA==.jpg","main":"ZjMxODVhMjZhMTY5YTQ3N2U0NTUxOWZjYTdmM2M2MDf69cYq6Cx5-kpEMF2dhvjlODk1ODQ1LTczMjY4NDUuanBnfHx8fHx8fHx8fHw0MDB4MzAw.jpg","large":"MzE5M2UzNzI4NjE5NTMyN2EzZjg3MmY1MGYyNTQzODYys2EXCsKDAAS-afkuxIQ_ODk1ODQ1LTczMjY4NDUuanBnfHx8fHx8fHx8fHw2NDB4NDgw.jpg"}]}},{"ad_id":"899811","reg_year":"2004","make":"Opel","model":"Corsa","variant":"Njoy Z1.0xep MT5 CR","mileage":"103000","engine_size":"1.0","fuel_type":"Petrol","body_type":"Hatchback","colour":"000000","location":"Limerick","price":"\u20ac 3,250","images":{"base_url":"http:\/\/i0.carsie.ie\/","image_list":[{"thumb":"NWQwMTQ3ZDY2MGU3MmU5ZTVhMDhkOTAxNzhkYThkNmXfg7BemF4yfl99UGh5iV-PODk5ODExLTczODE5NTcuanBnfHx8fHx8OTJ4Njl8fHx8fA==.jpg","main":"ZmE0OGRmZGZhMzhjNzQxMGNmN2JhNzlkNDEwZjY4YWHn-3CZSegLor3fADaUdFIeODk5ODExLTczODE5NTcuanBnfHx8fHx8fHx8fHw0MDB4MzAw.jpg","large":"Njg5NjdiMTczYTBlODRiYzEwM2I5M2ZmOGM3NmExZDXNetz_qDKaXn8ole3mGgBnODk5ODExLTczODE5NTcuanBnfHx8fHx8fHx8fHw2NDB4NDgw.jpg"}]}},{"ad_id":"865297","reg_year":"2004","make":"Opel","model":"Meriva","variant":"Design 5DR","mileage":"82000","engine_size":"1.6","fuel_type":"Petrol","body_type":"Hatchback","colour":"000000","location":"Dublin","price":"\u20ac 3,250","images":{"base_url":"http:\/\/i0.carsie.ie\/","image_list":[{"thumb":"MGQ2NmU5YzBlMDMwM2UwY2I3MTMwOWNmNjFiM2I5OTNubSOT_Y062czHN2G5IxcjODY1Mjk3LTY5NzAwNzQuanBnfHx8fHx8OTJ4Njl8fHx8fA==.jpg","main":"ZmNkNmNiZGQzODc4NWMzMjE4NzNmMmYwZTVkMjk0NDbBIqyi39iYERseMkJdzkkkODY1Mjk3LTY5NzAwNzQuanBnfHx8fHx8fHx8fHw0MDB4MzAw.jpg","large":"MzA1ZjRkY2RiNWJjZDE4ZGJlMDlhODAzMzRjMmY4MGMz7Y7ikAYiUpFXFL6ilqJMODY1Mjk3LTY5NzAwNzQuanBnfHx8fHx8fHx8fHw2NDB4NDgw.jpg"}]}},{"ad_id":"862922","reg_year":"2003","make":"Opel","model":"Vectra","variant":"GTS Elegance Z18XE","mileage":"113000","engine_size":"1.8","fuel_type":"Petrol","body_type":"Hatchback","colour":"e0e0e0","location":"Dublin","price":"\u20ac 3,250","images":{"base_url":"http:\/\/i0.carsie.ie\/","image_list":[{"thumb":"NjJiZTUxY2U1NWYxYWNlMzdiMDk5YjRhYmVlNjk2YmGqaZ6CblmYochedP7fe_eJODYyOTIyLTcxNDc2NDEuanBnfHx8fHx8OTJ4Njl8fHx8fA==.jpg","main":"MjE0NWQ0N2U1ZDgyMmMyODA4OTI0NzJiMzU0MWY3YTbcj3X7MKUKz-mRYuob_V5xODYyOTIyLTcxNDc2NDEuanBnfHx8fHx8fHx8fHw0MDB4MzAw.jpg","large":"ZmJhYWY2MmJlNzVmNzRhMWE2NDM2NTcxZDAyNDVjNzC-wMR2M2l6X014p2e94G6WODYyOTIyLTcxNDc2NDEuanBnfHx8fHx8fHx8fHw2NDB4NDgw.jpg"}]}},{"ad_id":"872053","reg_year":"2002","make":"Opel","model":"Zafira","variant":"1.6 PETROL","mileage":"109000","engine_size":"1.6","fuel_type":"Petrol","body_type":null,"colour":"e0e0e0","location":"Cork","price":"\u20ac 3,250","images":{"base_url":"http:\/\/i0.carsie.ie\/","image_list":[{"thumb":"Nzc1YWMxMDY0ZDU5ZjBjZjc0MmE2MGMxNzVmMGYxMzCAh0sKQ-kSuYzF0ZcZtPZYODcyMDUzLTcwNDg5MDIuanBnfHx8fHx8OTJ4Njl8fHx8fA==.jpg","main":"ZjVjODY4Yjg5MzkxM2ZiYmJiNWUxZWRhODU3MjM3ZTVbHWR9rL_8sWDVq3e2qufTODcyMDUzLTcwNDg5MDIuanBnfHx8fHx8fHx8fHw0MDB4MzAw.jpg","large":"YjJlNDM2MWUxZjA1ODk3NzdhMmJmY2NhODU1NzU2YzALqt5KtGZfJD2iOueKvHE9ODcyMDUzLTcwNDg5MDIuanBnfHx8fHx8fHx8fHw2NDB4NDgw.jpg"}]}},{"ad_id":"800727","reg_year":"2003","make":"Opel","model":"Zafira","variant":"CLUB 5DR 51","mileage":"131000","engine_size":"1.6","fuel_type":"Petrol","body_type":null,"colour":"008000","location":"Kerry","price":"\u20ac 3,250","images":{"base_url":"http:\/\/i0.carsie.ie\/","image_list":[{"thumb":"MjA1N2U4MzVhYjFhMmY4ZWJkZWQ3NTQxYWM5MzIxY2G7gUrk1XkiyDx_a5D-SGYgODAwNzI3LTYyMDk5NzYuanBnfHx8fHx8OTJ4Njl8fHx8fA==.jpg","main":"OWE4M2RjZWNjZDk1NDJiOTk4Yzg1NjEzNmE5MmIzYzWEuDkPnxJDttFXGjSn_aXvODAwNzI3LTYyMDk5NzYuanBnfHx8fHx8fHx8fHw0MDB4MzAw.jpg","large":"YjQyYzNlN2EyNjc4Yjc4ODVjNWZlZGRiMzc5NTJmM2Lnzt6mUoYdT0WbcLGNAaLuODAwNzI3LTYyMDk5NzYuanBnfHx8fHx8fHx8fHw2NDB4NDgw.jpg"}]}},{"ad_id":"900921","reg_year":"2004","make":"Peugeot","model":"206","variant":"Sport","mileage":"111000","engine_size":"1.4","fuel_type":"Petrol","body_type":"Hatchback","colour":"000000","location":"Carlow","price":"\u20ac 3,250","images":{"base_url":"http:\/\/i0.carsie.ie\/","image_list":[{"thumb":"OThhMWYyZDIyZDY1NzMyOTE0Mjc3ZmUxY2FhYTAwMjAKR1sHaFXobDhkcVw-lcb5OTAwOTIxLTc0MTg3ODUuanBnfHx8fHx8OTJ4Njl8fHx8fA==.jpg","main":"MzVhYmU4MGRjOTRiNDcwOWE3MzIxYzY4ZGI4OTczNzG1DdsUdKJxRgWDVMLjM4_6OTAwOTIxLTc0MTg3ODUuanBnfHx8fHx8fHx8fHw0MDB4MzAw.jpg","large":"Njk2NTA4NTAyNzY3OTM0ZDAwYjhjZmE4MzhmODEzMjkv0JqEe6yprP2j7G2BqjYaOTAwOTIxLTc0MTg3ODUuanBnfHx8fHx8fHx8fHw2NDB4NDgw.jpg"}]}},{"ad_id":"868564","reg_year":"2003","make":"Peugeot","model":"206","variant":"Midnight 1.1 5DR","mileage":"72000","engine_size":"1.1","fuel_type":"Petrol","body_type":"Hatchback","colour":"858585","location":"Cork","price":"\u20ac 3,250","images":{"base_url":"http:\/\/i0.carsie.ie\/","image_list":[{"thumb":"YjQyMGI1ZTc4NzE1OWZjNjlhM2U2Nzk0NzllNDFlM2IjBEpUwVgHl90Tv645EzO5ODY4NTY0LTcwMjA4NTUuanBnfHx8fHx8OTJ4Njl8fHx8fA==.jpg","main":"NjJhZDY2MjQ2YzM1ODQ1Y2ZlZGI5Y2NmZDlhNDhiODQ5nMqkcxnzwKflXtvgFYrbODY4NTY0LTcwMjA4NTUuanBnfHx8fHx8fHx8fHw0MDB4MzAw.jpg","large":"YjI2MWVlNjczYmUwNTQ1ODY2Nzg0ZGJiZjdkODM2MzYYX-st2thrE2wZ2yUuF_ICODY4NTY0LTcwMjA4NTUuanBnfHx8fHx8fHx8fHw2NDB4NDgw.jpg"}]}},{"ad_id":"874874","reg_year":"2004","make":"Peugeot","model":"206","variant":"1.1 S 03DR","mileage":"55000","engine_size":"1.1","fuel_type":"Petrol","body_type":"Hatchback","colour":"0000c0","location":"Donegal","price":"\u20ac 3,250","images":{"base_url":"http:\/\/i0.carsie.ie\/","image_list":[{"thumb":"YzI5OWZmN2QzMjk0NDZiN2UyYmJiMTRkMDcwMGIwYmPPosAjWFwUROdD_hETKK_TODc0ODc0LTcwNzYyMjkuanBnfHx8fHx8OTJ4Njl8fHx8fA==.jpg","main":"NmYyNzljMDZmMmNlYTc4NzZkZTE1ZmUyZDI2YmRlNWICV51E-nbeR5mZCjr8L-n0ODc0ODc0LTcwNzYyMjkuanBnfHx8fHx8fHx8fHw0MDB4MzAw.jpg","large":"ZmE3NDBhNTY2ZTVkYjE4OTlkMTkzNTNiMTUzMzNiNmGFn_QOczqm3atrkYtisWo6ODc0ODc0LTcwNzYyMjkuanBnfHx8fHx8fHx8fHw2NDB4NDgw.jpg"}]}},{"ad_id":"809528","reg_year":"2002","make":"Peugeot","model":"206","variant":"LX 1.4 AUTOMATIC-59000MLS-2 OWNERS-NEW NCT-PRISTINE COND","mileage":"59000","engine_size":"1.4","fuel_type":"Petrol","body_type":"Hatchback","colour":"0000c0","location":"Dublin","price":"\u20ac 3,250","images":{"base_url":"http:\/\/i0.carsie.ie\/","image_list":[{"thumb":"MzE5ZDY0ODQ2ZGQwNjkyMWYzZmM2Mzk0OGI0NTdkMzLj9-0HAq-G6qS3QMlFHUGyODA5NTI4LTY2MjU2NjMuanBnfHx8fHx8OTJ4Njl8fHx8fA==.jpg","main":"ZWE5ZTU4ZGRmM2JjMWNhNWY3YjdhZjJhNDVmMjZmYzM9wCeckO_KKol6eRoVn_WfODA5NTI4LTY2MjU2NjMuanBnfHx8fHx8fHx8fHw0MDB4MzAw.jpg","large":"NjQ0YWQyZjJlOWEzZjEwMjIxZTM5MDUxZjAyOGQxMDH9NNjITEb-MehujWBQWj6eODA5NTI4LTY2MjU2NjMuanBnfHx8fHx8fHx8fHw2NDB4NDgw.jpg"}]}}]}