{"total":"23408","result":[{"ad_id":"867561","reg_year":"2004","make":"Renault","model":"Megane","variant":"Scenic 16V Dyna","mileage":"45000","engine_size":"1.6","fuel_type":"Petrol","body_type":"Hatchback","colour":"e0e0e0","location":"Kildare","price":"\u20ac 3,450","images":{"base_url":"http:\/\/i0.carsie.ie\/","image_list":[{"thumb":"MWFlMzdlM2UyZTgyMTAxZTkwOTgzMDg4NTVlZTQwOTMrcCQx4xWoctTRXjuoiUOFODY3NTYxLTcwMDEwMDEuanBnfHx8fHx8OTJ4Njl8fHx8fA==.jpg","main":"YmNhNDIwNDM2ODk4MTMyZjMxZDM2ZmU4YzgzMzIwYTmcFGh00Eb0bS-y9qYNyJVcODY3NTYxLTcwMDEwMDEuanBnfHx8fHx8fHx8fHw0MDB4MzAw.jpg","large":"YWQzNWIyNTYzMDY0YzJjYjA0MjgwYjI3MTc5Nzg5MzHvvbi6biN38de2b5ZeXYJaODY3NTYxLTcwMDEwMDEuanBnfHx8fHx8fHx8fHw2NDB4NDgw.jpg"}]}},{"ad_id":"896181","reg_year":"2005","make":"Renault","model":"Megane","variant":"Scenic 1.4 Dyna","mileage":"88000","engine_size":"1.4","fuel_type":"Petrol","body_type":"Hatchback","colour":"000000","location":"Kildare","price":"\u20ac 3,450","images":{"base_url":"http:\/\/i0.carsie.ie\/","image_list":[{"thumb":"ZGQ2YWU1Yjk5M2U2Mzg3NWY2MjRmNWI0NDYyYjhhNDKajcNPpBCVOIgJ5OK08URIODk2MTgxLTczMzA2MTkuanBnfHx8fHx8OTJ4Njl8fHx8fA==.jpg","main":"YzU1ZDBjMzRkZDFhZThhMDZkMzI0ZGY1N2E1OWU3MTgPTztqwuP0gpeB18TnavW7ODk2MTgxLTczMzA2MTkuanBnfHx8fHx8fHx8fHw0MDB4MzAw.jpg","large":"YWZhNGQ5YzQwZGU0YTc0NTBkNWQyZTRkNzE4NjgyZmGjILnC7unnUnrSI7-1-WE9ODk2MTgxLTczMzA2MTkuanBnfHx8fHx8fHx8fHw2NDB4NDgw.jpg"}]}},{"ad_id":"881788","reg_year":"2004","make":"Renault","model":"Scenic","variant":"Scenic 16V Dyna","mileage":"62479","engine_size":"1.6","fuel_type":"Petrol","body_type":"Hatchback","colour":"ff0000","location":"Dublin","price":"\u20ac 3,450","images":{"base_url":"http:\/\/i0.carsie.ie\/","image_list":[{"thumb":"NTgzZTk5MTg4YjVlMjQyNmMxODE3YjE4MWNiMGEyYznhC0w-z2r-HwUuZr5jT2irODgxNzg4LTcxNTk4MDguanBnfHx8fHx8OTJ4Njl8fHx8fA==.jpg","main":"YmUzYzMzYWVlMWNiOTcwYTFjNjc5MjE4NzJmMjRjZGYTNTexL6wi57xYbmql8iJPODgxNzg4LTcxNTk4MDguanBnfHx8fHx8fHx8fHw0MDB4MzAw.jpg","large":"MzFmYWVmYmI3NGI4MTdmYjgzYjk4ZjU3ZDhiMjE2OGTF980Fuj6nBNIfLuvvP5gWODgxNzg4LTcxNTk4MDguanBnfHx8fHx8fHx8fHw2NDB4NDgw.jpg"}]}},{"ad_id":"901710","reg_year":"2004","make":"Renault","model":"Trafic","variant":"LM 29 1.9 DCI","mileage":"131000","engine_size":"1.9","fuel_type":"Diesel","body_type":"Van","colour":"ff0000","location":"Cavan","price":"\u20ac 3,450","images":{"base_url":"http:\/\/i0.carsie.ie\/","image_list":[{"thumb":"NGRiZDQ0MjI2ZDFjNTJiMjFhZDViNDM5ZTc2NmEzYWPwXN0YoOMaqCn_m3U4hCknOTAxNzEwLTc0MjM3ODAuanBnfHx8fHx8OTJ4Njl8fHx8fA==.jpg","main":"N2FjMWY0ZDQyNTczZWM4NDFlMzBiMjhmNDFmMTczMDZpcamP7sRDIqpatszPU2pYOTAxNzEwLTc0MjM3ODAuanBnfHx8fHx8fHx8fHw0MDB4MzAw.jpg","large":"ZGZiMDVhY2EyNjIzY2RjYjY0ZTFlOTY5NDk2N2FhYjYJL4PXh121FWIL58ovT5-uOTAxNzEwLTc0MjM3ODAuanBnfHx8fHx8fHx8fHw2NDB4NDgw.jpg"}]}},{"ad_id":"891847","reg_year":"2006","make":"Renault","model":"Trafic","variant":"Traffic LM29 100BHP HR","mileage":"73230","engine_size":"1.9","fuel_type":"Diesel","body_type":"Van","colour":"ffffff","location":"Dublin","price":"\u20ac 3,450","images":{"base_url":"http:\/\/i0.carsie.ie\/","image_list":[{"thumb":"YTViNDM1NGJlNDFhMGJlYmRmMzBhYTNiOWMyYTUwY2SZoEn6yMWcpqidZ9xp7Sq4ODkxODQ3LTcyNjc4MDUuanBnfHx8fHx8OTJ4Njl8fHx8fA==.jpg","main":"NmE0YjU3NzQzNDM2MDI2Mzg4MDJkNjM1NTA0MTM2NDhEL5C5zEnd83OtkcFPFIqrODkxODQ3LTcyNjc4MDUuanBnfHx8fHx8fHx8fHw0MDB4MzAw.jpg","large":"MTA1OGRiZTAzNDFmZThlYzhkYmE2NzM5NjEzMjJjYjSXeooMpTusKK6laxNTiwkSODkxODQ3LTcyNjc4MDUuanBnfHx8fHx8fHx8fHw2NDB4NDgw.jpg"}]}},{"ad_id":"873763","reg_year":"2005","make":"Saab","model":"9-3","variant":"1.8I Linear MY05 4DR NEW NCT UNTILL 3\/2015","mileage":"125520","engine_size":"1.8","fuel_type":"Petrol","body_type":"Saloon","colour":"858585","location":"Dublin","price":"\u20ac 3,450","images":{"base_url":"http:\/\/i0.carsie.ie\/","image_list":[{"thumb":"MDk0MzhmMzk4OTM3YTUwZWEyY2Y1ZTExYzg2MmE4N2P-s22do-Sa_aEn3jcoooZOODczNzYzLTcwNjU1MDIuanBnfHx8fHx8OTJ4Njl8fHx8fA==.jpg","main":"MzFmNzkyZTAwZjkzYjhkZjI3ZDZjZjk4NWU3OWViZmY9NCAbJwbvs0MWntSG1DliODczNzYzLTcwNjU1MDIuanBnfHx8fHx8fHx8fHw0MDB4MzAw.jpg","large":"YWFiZDdhNDI5MjRhOTIwMDY4MjVlNWIzY2Q2NTBjYjVKUTDGsIJ5ez5VKui_5hH4ODczNzYzLTcwNjU1MDIuanBnfHx8fHx8fHx8fHw2NDB4NDgw.jpg"}]}},{"ad_id":"898409","reg_year":"2004","make":"Subaru","model":"Legacy","variant":"4WD SALOON","mileage":"97000","engine_size":"2.0","fuel_type":"Petrol","body_type":"Saloon","colour":"e0e0e0","location":"Dublin","price":"\u20ac 3,450","images":{"base_url":"http:\/\/i0.carsie.ie\/","image_list":[{"thumb":"NmY3ZTY4MGQzYmY3MzU0MGI3OTg4ZDUxZjZkN2NhMDH5wSyKrYiZKyLaaiPPGDSQODk4NDA5LTczNjU0OTYuanBnfHx8fHx8OTJ4Njl8fHx8fA==.jpg","main":"YzQ2MTU5Mjk1NzI1ZjZkZjAyY2YwMTIzYTgwYWFkNDnETeEg6hJptHK6V0Q0A_HmODk4NDA5LTczNjU0OTYuanBnfHx8fHx8fHx8fHw0MDB4MzAw.jpg","large":"ZjI2NTA0YjA0YzA4NWY4ODc3MmU5MTdkNmE5NjQ0MjFd_D72Gjz2HZQMq_vrsqAqODk4NDA5LTczNjU0OTYuanBnfHx8fHx8fHx8fHw2NDB4NDgw.jpg"}]}},{"ad_id":"875780","reg_year":"2004","make":"Suzuki","model":"Grand Vitara","variant":"1.6 3DR","mileage":"92000","engine_size":"1.6","fuel_type":"Petrol","body_type":"Estate","colour":"ff0000","location":"Dublin","price":"\u20ac 3,450","images":{"base_url":"http:\/\/i0.carsie.ie\/","image_list":[{"thumb":"NzZhNDBmY2MwYmNkMjNiMjRlNTQyZWNlM2Q4NDdiNjKMhuFyQSa1kEP-xvXX0Q0ZODc1NzgwLTcwOTQ5OTIuanBnfHx8fHx8OTJ4Njl8fHx8fA==.jpg","main":"ZjlmMmI1NDRlMmNmNWZhN2IyNDRmYTJlOWE3OWM2ODMI8SCh0jdnRxdpKWP8CEy8ODc1NzgwLTcwOTQ5OTIuanBnfHx8fHx8fHx8fHw0MDB4MzAw.jpg","large":"YzBlZTlhNDM4ODY1OGY0OGFiZjExN2VmODA2NmVmODXkxVh-0UV2UHLz-j5-u2BDODc1NzgwLTcwOTQ5OTIuanBnfHx8fHx8fHx8fHw2NDB4NDgw.jpg"}]}},{"ad_id":"895612","reg_year":"2004","make":"Suzuki","model":"Ignis","variant":null,"mileage":"127000","engine_size":"1.3","fuel_type":"Petrol","body_type":null,"colour":"e0e0e0","location":"Galway","price":"\u20ac 3,450","images":{"base_url":"http:\/\/i0.carsie.ie\/","image_list":[{"thumb":"MzU3ODY5NWU1ZjI5MDBjMGNkZTNmODg1MzdlMTI5NDW3J31pa6bDSg0S-6zpm8ROODk1NjEyLTczMjgwMzIuanBnfHx8fHx8OTJ4Njl8fHx8fA==.jpg","main":"OTlkN2U2M2IyNDU2N2ZlYzE0YWRiNzUyNDJlNjZhZmQM-hxL70JMEKT-zfjpw0sNODk1NjEyLTczMjgwMzIuanBnfHx8fHx8fHx8fHw0MDB4MzAw.jpg","large":"OTRjZWM1OGY5NDk0OGUyMzkxNjU4MDIwMWUwODI1ODml_Fyr4HfKKqWrOIqwEV8gODk1NjEyLTczMjgwMzIuanBnfHx8fHx8fHx8fHw2NDB4NDgw.jpg"}]}},{"ad_id":"898957","reg_year":"2003","make":"Toyota","model":"Avensis","variant":"Aura 4DR","mileage":"127000","engine_size":"1.6","fuel_type":"Petrol","body_type":"Saloon","colour":"e0e0e0","location":"Cork","price":"\u20ac 3,450","images":{"base_url":"http:\/\/i0.carsie.ie\/","image_list":[{"thumb":"Y2Y0NGFjNDYwNjdhMDkxOGM1YzFkM2IxNjI1YWU1MmZoHvigpEinBUAeA5GJ_OiPODk4OTU3LTc0MjE3MDkuanBnfHx8fHx8OTJ4Njl8fHx8fA==.jpg","main":"ZjI2NzU1MTMyMmE0OTZmNGQ0NDE5N2Y2YWE3Y2I2NzXuxfrl_liwFQ_UfsEjKrATODk4OTU3LTc0MjE3MDkuanBnfHx8fHx8fHx8fHw0MDB4MzAw.jpg","large":"M2Q1MWUxZTg2MGRjMzJkZGVjMzljZWIzNzBiYzZhNzR6LjqlSlsaSVqC2vAiVZfdODk4OTU3LTc0MjE3MDkuanBnfHx8fHx8fHx8fHw2NDB4NDgw.jpg"}]}},{"ad_id":"901315","reg_year":"2003","make":"Toyota","model":"Avensis","variant":null,"mileage":"148000","engine_size":"1.6","fuel_type":"Petrol","body_type":null,"colour":"e0e0e0","location":"Cork","price":"\u20ac 3,450","images":{"base_url":"http:\/\/i0.carsie.ie\/","image_list":[{"thumb":"Yzg1ZmFkZDY1ODFhOTkxYTMyMDVhNTY3OWZmYzQ1NTOmwSwctGPLhTL11qJ3v_76OTAxMzE1LS5qcGd8fHx8fHw5Mng2OXx8fHx8.jpg","main":"MWY0MWI4MDJiYzM4N2MwMWYxY2JiNjM5MGE3ZjdkY2JB_TaKqnj2pMl7kxUwpLrnOTAxMzE1LS5qcGd8fHx8fHx8fHx8fDQwMHgzMDA=.jpg","large":"M2YxYWUwNTFmZTQ3OGQ2YTAxOTA1ODRjNTQ3MDEyMjImYeh01jwFei5OZFWj0TK-OTAxMzE1LS5qcGd8fHx8fHx8fHx8fDY0MHg0ODA=.jpg"}]}},{"ad_id":"897878","reg_year":"2002","make":"Toyota","model":"Avensis","variant":"Verso Luna 7 SEATER","mileage":"169000","engine_size":"2.0","fuel_type":"Petrol","body_type":"SUV","colour":"008000","location":"Dublin","price":"\u20ac 3,450","images":{"base_url":"http:\/\/i0.carsie.ie\/","image_list":[{"thumb":"ZGE0MWE4M2IzNzM1NWI1YmE1ZTA2YjQ0NDI1ODBjMmQZk2vj9JOZB6UAWmR6_UNBODk3ODc4LTczNTg3NjMuanBnfHx8fHx8OTJ4Njl8fHx8fA==.jpg","main":"ZTZjZmE0ZGIzNjZkYTM1YjIxODg0NDIzZWQwNjA0MGYckssXxafhS4nbCJ43YAIzODk3ODc4LTczNTg3NjMuanBnfHx8fHx8fHx8fHw0MDB4MzAw.jpg","large":"NGNhZTAzMzhmZTBiMTk5ZmIxNjlmZDc0NDEwZDE2NDX-UTjjWae6tIC-ZMlPt263ODk3ODc4LTczNTg3NjMuanBnfHx8fHx8fHx8fHw2NDB4NDgw.jpg"}]}},{"ad_id":"876622","reg_year":"2003","make":"Toyota","model":"Yaris","variant":"","mileage":"89230","engine_size":"1.3","fuel_type":"Petrol","body_type":"Hatchback","colour":"0000c0","location":"Dublin","price":"\u20ac 3,450","images":{"base_url":"http:\/\/i0.carsie.ie\/","image_list":[{"thumb":"MTViMDQ2NmZmOTA2YmQ3MGU3OGY1Y2M4NjUzZmRmNGO9Y1m3-KOqH5dx1b_7AaOvODc2NjIyLTcxMDM5MjkuanBnfHx8fHx8OTJ4Njl8fHx8fA==.jpg","main":"OTE3ZjA2NTRjM2RkYTI1MjFkMTJmODExNGExOWUxOGYy5yF1g8KcTEaZtrXzoGquODc2NjIyLTcxMDM5MjkuanBnfHx8fHx8fHx8fHw0MDB4MzAw.jpg","large":"ZmJiMzhiN2EyYzBlODRlZTIyNDY0ZTQwMTk5OWY5N2HONJV54jv-jO9kOc1mJT68ODc2NjIyLTcxMDM5MjkuanBnfHx8fHx8fHx8fHw2NDB4NDgw.jpg"}]}},{"ad_id":"880334","reg_year":"2004","make":"Volkswagen","model":"Bora","variant":"1.4 75BHP 4DR","mileage":"109000","engine_size":"1.4","fuel_type":"Petrol","body_type":"Saloon","colour":"e0e0e0","location":"Kildare","price":"\u20ac 3,450","images":{"base_url":"http:\/\/i0.carsie.ie\/","image_list":[{"thumb":"OGMxNzA1NmE3NDU4MGQ3ZTkyM2M4MTg4YTYwZTA0ZTlZ17oWNs2Nr6tQkFEUhgdnODgwMzM0LTcxMzU4NTguanBnfHx8fHx8OTJ4Njl8fHx8fA==.jpg","main":"ZThlNDc3N2M5NTZhZWEwZTYzYjZjOTgxMWNhNGUzZjVkMNWT-9VH46CQKdoJoLkeODgwMzM0LTcxMzU4NTguanBnfHx8fHx8fHx8fHw0MDB4MzAw.jpg","large":"ZDFiNWEyOTc2MDI1Mjk0ZDZhYzM0ZTYwZWY3YTYxMGLz6Nn6WEZPW0zHPqID7tdVODgwMzM0LTcxMzU4NTguanBnfHx8fHx8fHx8fHw2NDB4NDgw.jpg"}]}},{"ad_id":"896170","reg_year":"2004","make":"Volkswagen","model":"Golf","variant":"1.4 03DR NCT 10, 14","mileage":"84000","engine_size":"1.4","fuel_type":"Petrol","body_type":"Hatchback","colour":"000000","location":"Dublin","price":"\u20ac 3,450","images":{"base_url":"http:\/\/i0.carsie.ie\/","image_list":[{"thumb":"NjhiNmIwNmM2YTRhMTBmYTkzMDEwZmU3ZWI2ZjY4MTPHhO27cX5wRhr7t-EgrnRtODk2MTcwLTczMzA0OTMuanBnfHx8fHx8OTJ4Njl8fHx8fA==.jpg","main":"OGZkYjcwOGU4ODI0NzYxZjY5N2UzZDgwMzNhNGU1MzhDU8dlkAenywliArqXTFZ_ODk2MTcwLTczMzA0OTMuanBnfHx8fHx8fHx8fHw0MDB4MzAw.jpg","large":"OTg3YjAzMjcyMjcyZTQ3MGEwYmEwNjRlNjRjZDE5YTbSZyQxCVadWks_WYbwHfBMODk2MTcwLTczMzA0OTMuanBnfHx8fHx8fHx8fHw2NDB4NDgw.jpg"}]}},{"ad_id":"871648","reg_year":"2001","make":"Volkswagen","model":"Golf","variant":"1.8 GTI 150 BHP\"2 OWNERS\"-WARRANTY-CARTELL. IE REPORT-TRADE IN","mileage":"78000","engine_size":"1.8","fuel_type":"Petrol","body_type":"Hatchback","colour":"0000c0","location":"Waterford","price":"\u20ac 3,450","images":{"base_url":"http:\/\/i0.carsie.ie\/","image_list":[{"thumb":"YmM3MmQ2OTY4MGRlMzVhNDEyOTEzZjUzNWQ0Yjg4NmLgd5HnoK7blBUg1rMORMiXODcxNjQ4LTcwMzg3ODIuanBnfHx8fHx8OTJ4Njl8fHx8fA==.jpg","main":"MmZkMTcwOGE5ZjkzNjQ5MjViYWQzNjY5MTFjOTBmYTLTGKAOy6s52NnvFRTojgBEODcxNjQ4LTcwMzg3ODIuanBnfHx8fHx8fHx8fHw0MDB4MzAw.jpg","large":"MWFkZDUyM2Y0MzMxOTBjNGJjOWQ3N2FlNTA1Mzc3MDEkYF-vRPwXaO0jB8hRNq59ODcxNjQ4LTcwMzg3ODIuanBnfHx8fHx8fHx8fHw2NDB4NDgw.jpg"}]}},{"ad_id":"895332","reg_year":"2004","make":"Volkswagen","model":"Passat","variant":"1.8T HIGHLINE","mileage":"107000","engine_size":"1.8","fuel_type":"Petrol","body_type":"Saloon","colour":"000000","location":"Dublin","price":"\u20ac 3,450","images":{"base_url":"http:\/\/i0.carsie.ie\/","image_list":[{"thumb":"ODU3MmJkYmE5OWVlOGJkM2IwZmNlZmUxOGFiMzQxNjGK2iAZufZSGHI2oUECcbnvODk1MzMyLTczMjMwMDYuanBnfHx8fHx8OTJ4Njl8fHx8fA==.jpg","main":"YTg4ZDFjMmY5MDY2YzJlNjYxYmRhYzEzMWQ3OTJjOTaGuCpFUcux6154nFwFSlT2ODk1MzMyLTczMjMwMDYuanBnfHx8fHx8fHx8fHw0MDB4MzAw.jpg","large":"NWI4MTBmNGNhNWMzNTUzNjAzNTZhMDczMTQ0Y2E2NTSlFuTuUE4iDDAOndrrs-vaODk1MzMyLTczMjMwMDYuanBnfHx8fHx8fHx8fHw2NDB4NDgw.jpg"}]}},{"ad_id":"884560","reg_year":"2003","make":"Volkswagen","model":"Polo","variant":"1.2 55BHP","mileage":"79000","engine_size":"1.2","fuel_type":"Petrol","body_type":"Hatchback","colour":"000000","location":"Dublin","price":"\u20ac 3,450","images":{"base_url":"http:\/\/i0.carsie.ie\/","image_list":[{"thumb":"ZTI2OTJkMzAyZDg3MmFiNDRlMDZkYWQwMDU5ZTI2ZWR96-5l147o9Atxv4lwENc_ODg0NTYwLTcxOTUwODUuanBnfHx8fHx8OTJ4Njl8fHx8fA==.jpg","main":"YTk0ZmUzYjA0NjYwYzJlOTBjYjJlYjk5YjBjNWM4MDJ_QhahgHwMlMnQwRKBAEu9ODg0NTYwLTcxOTUwODUuanBnfHx8fHx8fHx8fHw0MDB4MzAw.jpg","large":"MGUxMmZkMmNlMTE4NDk1OGRkZGI3NGRiNjQyZTE3Mjkg3jlelhtdNuzpgyFtvQfWODg0NTYwLTcxOTUwODUuanBnfHx8fHx8fHx8fHw2NDB4NDgw.jpg"}]}},{"ad_id":"749024","reg_year":"2000","make":"Volvo","model":"C70","variant":"C70 2.0 LPT","mileage":"96000","engine_size":"2.0","fuel_type":"Petrol","body_type":"Cabriolet \/ Convertible","colour":"e0e0e0","location":"Dublin","price":"\u20ac 3,450","images":{"base_url":"http:\/\/i0.carsie.ie\/","image_list":[{"thumb":"ODdlYjQyMjIzMzRjZTZmNjVkODA0ZTdiN2I5YWZhZjNO9-sOkVvCeEQAD4jJmc3eNzQ5MDI0LTU1NDU1NDUuanBnfHx8fHx8OTJ4Njl8fHx8fA==.jpg","main":"NjYwNThmZTQ5NDIxMWZkZjM4NzM1MDc5MzVmMmYzNDMnMMt5Swnzmt4ysodkFzurNzQ5MDI0LTU1NDU1NDUuanBnfHx8fHx8fHx8fHw0MDB4MzAw.jpg","large":"YzMyMzE3NGJiZGFmNjFkMjg0NGI0NjhmZjg1NDMwOTTT-NaQ4JXhOxROJAFVVMF2NzQ5MDI0LTU1NDU1NDUuanBnfHx8fHx8fHx8fHw2NDB4NDgw.jpg"}]}},{"ad_id":"878755","reg_year":"2005","make":"Chevrolet","model":"Nubira","variant":"1.4SX 4DR","mileage":"44000","engine_size":"1.4","fuel_type":"Petrol","body_type":"Saloon","colour":"000000","location":"Dublin","price":"\u20ac 3,495","images":{"base_url":"http:\/\/i0.carsie.ie\/","image_list":[{"thumb":"NWFjOTg1YjcwZTA5MDgyMGIzN2RkMWY2ZmM5NDYzZWR_dAF7yoIo_N2bG4n0Uve1ODc4NzU1LTcyMTI4NzIuanBnfHx8fHx8OTJ4Njl8fHx8fA==.jpg","main":"NDVkNDc0MTliYmM2YjkzY2VhZTM0MDg5N2QxZjRjOGI90WfNXAB5wrGPtpmVHeGjODc4NzU1LTcyMTI4NzIuanBnfHx8fHx8fHx8fHw0MDB4MzAw.jpg","large":"NzY0MzgxM2Y1NzJhOTE2NDcxMGRlNDFhZGZkNGM0MWQUAojTDr2uBb9KAt3ePjhyODc4NzU1LTcyMTI4NzIuanBnfHx8fHx8fHx8fHw2NDB4NDgw.jpg"}]}}]}