{"total":"23408","result":[{"ad_id":"890930","reg_year":"2002","make":"Mercedes-Benz","model":"E Class","variant":"E200K Avantgarde A\/T","mileage":"79000","engine_size":"2.0","fuel_type":"Petrol","body_type":null,"colour":"000000","location":"Waterford","price":"\u20ac 4,950","images":{"base_url":"http:\/\/i0.carsie.ie\/","image_list":[{"thumb":"MGIxNmMxZTc1NDU4N2VmYjlmNTkwNTg3ZjRmOTVjYWTGR75_qH6DEAUlCRPKpBifODkwOTMwLTczMzY5NTcuanBnfHx8fHx8OTJ4Njl8fHx8fA==.jpg","main":"OTViYmM2YzZjMzVjMzdhNDllOTdlZTRhM2Y3MjhkNjAC8t0QzA2cglkfQoXcDTiOODkwOTMwLTczMzY5NTcuanBnfHx8fHx8fHx8fHw0MDB4MzAw.jpg","large":"NWZlY2M5ZDUyNDM5OTg2OTY1NDgxODUyNTYyMWQ2NjMJCGBkuVgs9-pCO-FL0yxuODkwOTMwLTczMzY5NTcuanBnfHx8fHx8fHx8fHw2NDB4NDgw.jpg"}]}},{"ad_id":"778601","reg_year":"1995","make":"Mercedes-Benz","model":"SL 320","variant":"320 SL","mileage":"134000","engine_size":"3.1","fuel_type":"Petrol","body_type":"Cabriolet \/ Convertible","colour":"0000c0","location":"Dublin","price":"\u20ac 4,950","images":{"base_url":"http:\/\/i0.carsie.ie\/","image_list":[{"thumb":"YTI3NDNjYzJiZDA1YjI1NmIxMGU2N2E5N2ExNTRiYzNaON6JUJnS-aetqqC-TRRKNzc4NjAxLTU5NTQxODMuanBnfHx8fHx8OTJ4Njl8fHx8fA==.jpg","main":"ZjQyZGE0OTJlNDRhNDgwOWMzN2Q1NjRlMDVhNTBiZGL35jp8CHDO6F_wQMW_eTzBNzc4NjAxLTU5NTQxODMuanBnfHx8fHx8fHx8fHw0MDB4MzAw.jpg","large":"ZGE0YjA2NzVmODVkNmM0NTI2NmY5MzJmNzY4ZDljZDf2IEnjKBo1wGMUxNLcRGqwNzc4NjAxLTU5NTQxODMuanBnfHx8fHx8fHx8fHw2NDB4NDgw.jpg"}]}},{"ad_id":"901890","reg_year":"2003","make":"Mini","model":"Cooper","variant":"Cooper","mileage":"108000","engine_size":"1.6","fuel_type":"Petrol","body_type":"Hatchback","colour":"008000","location":"Carlow","price":"\u20ac 4,950","images":{"base_url":"http:\/\/i0.carsie.ie\/","image_list":[{"thumb":"MjZlZTJkMTc1Y2I1NjgwOTgzZWJkNDAyZGExYWUxMzBDjk76poCT1LpK1OeyAifSOTAxODkwLTc0MjczNDguanBnfHx8fHx8OTJ4Njl8fHx8fA==.jpg","main":"MzI5YTY0ODE1ZDI3YzM3NGE5NTA5OTIwZDk4MWI1NWLMNG60laIY0Zj4Xzb7AS_QOTAxODkwLTc0MjczNDguanBnfHx8fHx8fHx8fHw0MDB4MzAw.jpg","large":"Y2I2MjEyMzZlZjk3YzJmNWZlNTdjYWUwZmY1ODljNDN_6BNZUFFhMnzal45qzYcIOTAxODkwLTc0MjczNDguanBnfHx8fHx8fHx8fHw2NDB4NDgw.jpg"}]}},{"ad_id":"866675","reg_year":"2003","make":"Mini","model":"One","variant":"ONE D","mileage":"100000","engine_size":"1.4","fuel_type":"Diesel","body_type":"Hatchback","colour":"ffff00","location":"Cork","price":"\u20ac 4,950","images":{"base_url":"http:\/\/i0.carsie.ie\/","image_list":[{"thumb":"OGE3ZWI5Y2Q1ZjI5NDViZmJiODlhN2VmMzg1OGE2YjHKzX-NNtjGUptIoZCF6UR8ODY2Njc1LTcxNDg2NzkuanBnfHx8fHx8OTJ4Njl8fHx8fA==.jpg","main":"MDVmYWNhNGRkNDE3M2E3N2IzYWMzNjQxZjVhNTJhMWWXF8fXaM7GapfBZKygg_ubODY2Njc1LTcxNDg2NzkuanBnfHx8fHx8fHx8fHw0MDB4MzAw.jpg","large":"ZWYxNTQ3OWNkNDBmYzMwZGVkZGU5MWVkMjA5NjJkMjO-LO23PXfU0mAVlNeMpqVSODY2Njc1LTcxNDg2NzkuanBnfHx8fHx8fHx8fHw2NDB4NDgw.jpg"}]}},{"ad_id":"890310","reg_year":"2002","make":"Mini","model":"One","variant":"1.6 Just Stunning FSH only 72k Pan Roof NCT 3\/14","mileage":"72000","engine_size":"1.6","fuel_type":"Petrol","body_type":"Saloon","colour":"000000","location":"Dublin","price":"\u20ac 4,950","images":{"base_url":"http:\/\/i0.carsie.ie\/","image_list":[{"thumb":"ZTkyMTg0NzMwMTUyODljM2E5NmZhNmZmNzJmOWZhMjnmyIPf2iGxjaVupambXJy8ODkwMzEwLTcyNDY3ODMuanBnfHx8fHx8OTJ4Njl8fHx8fA==.jpg","main":"NzQ3NzQ2ZTY4YWViNjdkMjA0NTJkZTFlMjRjYjYxNzdI63xydS9THFdyC8-bSYPhODkwMzEwLTcyNDY3ODMuanBnfHx8fHx8fHx8fHw0MDB4MzAw.jpg","large":"OWFmODljNGMxOThjNjRlZWE3ZjY0OGZhYzJkY2IxNGFqJD5Orp5P2sTo3aZqyaJgODkwMzEwLTcyNDY3ODMuanBnfHx8fHx8fHx8fHw2NDB4NDgw.jpg"}]}},{"ad_id":"865568","reg_year":"2006","make":"Mitsubishi","model":"Colt","variant":"Automatic, low milage, IMMACULATE","mileage":"57354","engine_size":"1.3","fuel_type":"Petrol","body_type":"Hatchback","colour":"e0e0e0","location":"Dublin","price":"\u20ac 4,950","images":{"base_url":"http:\/\/i0.carsie.ie\/","image_list":[{"thumb":"NGI1YjZiMzg5MTViZGUzOTRkZDBlMDFlMzUxOTMzZDhVu1FtIZ4xHabKU8mYU6KxODY1NTY4LTY5NzE1NDkuanBnfHx8fHx8OTJ4Njl8fHx8fA==.jpg","main":"ZTE4YzNmMmMzNmFjNWM5YzA2ZTUxNjY4YWJjZTI4ZjZVLvui9ftLUM_6dCuK5mg5ODY1NTY4LTY5NzE1NDkuanBnfHx8fHx8fHx8fHw0MDB4MzAw.jpg","large":"ZDI2NGZjMmEwZjhmMDQ4ZGM2ZGY2NTJiMjMxNDBmM2F_kYKP2r4vF8ctr-ubYcXRODY1NTY4LTY5NzE1NDkuanBnfHx8fHx8fHx8fHw2NDB4NDgw.jpg"}]}},{"ad_id":"899028","reg_year":"2006","make":"Mitsubishi","model":"Colt","variant":"1.1","mileage":"60000","engine_size":"1.1","fuel_type":"Petrol","body_type":"Hatchback","colour":"e0e0e0","location":"Dublin","price":"\u20ac 4,950","images":{"base_url":"http:\/\/i0.carsie.ie\/","image_list":[{"thumb":"N2I1ZmRiODBjNmZhZjQzMDdhZmNjYjBkOGYxMGVjZjJygDrUpXcviQGOzpFr9dKhODk5MDI4LTczNzI4MjMuanBnfHx8fHx8OTJ4Njl8fHx8fA==.jpg","main":"YTQ5YjE5NTc3MjI2ZGM5NzE1N2RiOTU1NWI1ZjRiN2ZGLqXd4Nxgftfh2MOW1oEHODk5MDI4LTczNzI4MjMuanBnfHx8fHx8fHx8fHw0MDB4MzAw.jpg","large":"MTVhZDQ3YmQ2NGFjMTIxMjI3NjFmMjZmNjAwNTVjOWSIU6F-0UMUeF_S9dsIdT8sODk5MDI4LTczNzI4MjMuanBnfHx8fHx8fHx8fHw2NDB4NDgw.jpg"}]}},{"ad_id":"863403","reg_year":"2006","make":"Mitsubishi","model":"Colt","variant":"","mileage":"44118","engine_size":"1.1","fuel_type":"Petrol","body_type":"Hatchback","colour":"e0e0e0","location":"Wicklow","price":"\u20ac 4,950","images":{"base_url":"http:\/\/i0.carsie.ie\/","image_list":[{"thumb":"NjBmNmM3YWFmYWQ2YzRkM2U2YjU2YTBhMjZjNzVkODBnsr7uOqD7iK1XvvIz6P9-ODYzNDAzLTY5NDAzMTQuanBnfHx8fHx8OTJ4Njl8fHx8fA==.jpg","main":"ZTJjZDI1YzVkYjU5MGZlYTY2MzY4YTliNjI2ZjFhZDQyMvaQpUfNx-4-GtWSsWz0ODYzNDAzLTY5NDAzMTQuanBnfHx8fHx8fHx8fHw0MDB4MzAw.jpg","large":"MDNmNTgwZjczYjEzYTY1NmFiMTAwZGJmN2Q2YzBjYmF8NTxpnxiz5cch7I-3pXZYODYzNDAzLTY5NDAzMTQuanBnfHx8fHx8fHx8fHw2NDB4NDgw.jpg"}]}},{"ad_id":"827303","reg_year":"2004","make":"Mitsubishi","model":"Grandis","variant":null,"mileage":"82926","engine_size":"2.4","fuel_type":"Petrol","body_type":"People Carrier","colour":"ff0000","location":"Galway","price":"\u20ac 4,950","images":{"base_url":"http:\/\/i0.carsie.ie\/","image_list":[{"thumb":"NGI2Y2Q5ZTdkMzI2NDlmMjMyYTdlMmZmZTUwNjI4OTIQlX_UuiVIizSkiy1AZ5LVODI3MzAzLTY1NDMwNjEuanBnfHx8fHx8OTJ4Njl8fHx8fA==.jpg","main":"NTNlOTlkYmZiZTM3MTQxMzc4MWM5NTk4ZjI3NDcxOTLY0mItwh7SDnOwwJ8JMp3_ODI3MzAzLTY1NDMwNjEuanBnfHx8fHx8fHx8fHw0MDB4MzAw.jpg","large":"OTBhNTdlMTMxMDNiNjVkOWZkNWRhYTQwYjhiMDcxY2IER55u-xHf9WTjvGLDfpiYODI3MzAzLTY1NDMwNjEuanBnfHx8fHx8fHx8fHw2NDB4NDgw.jpg"}]}},{"ad_id":"858118","reg_year":"2007","make":"Mitsubishi","model":"Lancer","variant":"1.6 Comfort","mileage":"92496","engine_size":"1.6","fuel_type":"Petrol","body_type":"Saloon","colour":"858585","location":"Cavan","price":"\u20ac 4,950","images":{"base_url":"http:\/\/i0.carsie.ie\/","image_list":[{"thumb":"MWJhZGMxYzM3NDk5MjI5NTU4NGQyZWQ4OWU3NThiYjbFfWUg_Vd496KH8GGPLgVkODU4MTE4LTczNDE2NjYuanBnfHx8fHx8OTJ4Njl8fHx8fA==.jpg","main":"OTc3OThiNGE2ZjU1YzMxYTEyYjdhYjkxNDQxNTQ3MzMkob_Ssf0CwLUygILyRPTcODU4MTE4LTczNDE2NjYuanBnfHx8fHx8fHx8fHw0MDB4MzAw.jpg","large":"NGNjNzY5OGRlMDkyNGU3MGEyY2JmZDQ0MWEzZGM3MDA0YqeIZ5rcOjOAMAdIwptUODU4MTE4LTczNDE2NjYuanBnfHx8fHx8fHx8fHw2NDB4NDgw.jpg"}]}},{"ad_id":"700306","reg_year":"2004","make":"Mitsubishi","model":"Lancer","variant":"1.5","mileage":"77000","engine_size":"1.5","fuel_type":"Petrol","body_type":"Hatchback","colour":"e0e0e0","location":"Cork","price":"\u20ac 4,950","images":{"base_url":"http:\/\/i0.carsie.ie\/","image_list":[{"thumb":"MWY1ZTUwYWJlYjgyMzFmN2ExZTVjYjlhNTdmZGYyZDYyFirf7HGybain56VfPw6uNzAwMzA2LS5qcGd8fHx8fHw5Mng2OXx8fHx8.jpg","main":"ZGRhM2RjZjRlM2IxMjhkZmIwYmFjZGRlMzA0MTlhNGbtdNi4jxh5D0q7CvJ4DNYJNzAwMzA2LS5qcGd8fHx8fHx8fHx8fDQwMHgzMDA=.jpg","large":"ZGM3MjM4MmQ5ZWMzNzM3NDQ2NTcyZDY3YjBmYTRkOTX4ddj7Ktl3WJPBWgXN5J-aNzAwMzA2LS5qcGd8fHx8fHx8fHx8fDY0MHg0ODA=.jpg"}]}},{"ad_id":"827189","reg_year":"2006","make":"Mitsubishi","model":"Lancer","variant":null,"mileage":"82642","engine_size":"1.6","fuel_type":"Petrol","body_type":"Saloon","colour":"0000c0","location":"Cork","price":"\u20ac 4,950","images":{"base_url":"http:\/\/i0.carsie.ie\/","image_list":[{"thumb":"ZDMzMzIzNjVhMTA5ODkyNzg3NjU4NzdjMjcxZDQwZTXOPDJj1ufMS85sVdtw6PqOODI3MTg5LTY1NDg0ODIuanBnfHx8fHx8OTJ4Njl8fHx8fA==.jpg","main":"ZDA3MWM5NjMwMDg0OGIxZGM1YjAwZTM2NjliMmIwMGEepXtQ_PyX1vWlz74uUsUaODI3MTg5LTY1NDg0ODIuanBnfHx8fHx8fHx8fHw0MDB4MzAw.jpg","large":"NWI5YmJjNzM5NWFlY2U3YjJlODJmNzFmZWU2YzRhYTno_9gxzO0Ws-0gaMsQc4M_ODI3MTg5LTY1NDg0ODIuanBnfHx8fHx8fHx8fHw2NDB4NDgw.jpg"}]}},{"ad_id":"740091","reg_year":"2004","make":"Mitsubishi","model":"Lancer","variant":"**SALE NOW ON*1.5 AUTO.","mileage":"67731","engine_size":"1.5","fuel_type":"Petrol","body_type":"Saloon","colour":"0000c0","location":"Dublin","price":"\u20ac 4,950","images":{"base_url":"http:\/\/i0.carsie.ie\/","image_list":[{"thumb":"ZDc0YWIyMDE5MmFjYzAyNDZjMWY1Mjg3NTQ0MzBiM2bvvxFEnNHsO1UZeASKzNuRNzQwMDkxLTU0NTEzNTIuanBnfHx8fHx8OTJ4Njl8fHx8fA==.jpg","main":"MzVlYzllNzAyZjZhZDc5OGM4NDBlNGRkNjUzZGRkY2LeeHlD0woPr5Sm_LUuKCjhNzQwMDkxLTU0NTEzNTIuanBnfHx8fHx8fHx8fHw0MDB4MzAw.jpg","large":"MTgzMDVhNTJmZThjYjcyMGUzZWRkMzBiNjRkNTI5YTHqwVJTpe6NUr39_XM5O23JNzQwMDkxLTU0NTEzNTIuanBnfHx8fHx8fHx8fHw2NDB4NDgw.jpg"}]}},{"ad_id":"760444","reg_year":"2005","make":"Mitsubishi","model":"Lancer","variant":"1.8 Estate Automatic","mileage":"43496","engine_size":"1.8","fuel_type":"Petrol","body_type":"Estate","colour":"e0e0e0","location":"Dublin","price":"\u20ac 4,950","images":{"base_url":"http:\/\/i0.carsie.ie\/","image_list":[{"thumb":"NzQ2MmU2YWY0ZmE2MDYzOGM0ZGQ5MGNiNjYyYTMyOGT4hBsnNSrTKpC7x-jYsn9QNzYwNDQ0LTcyNDc1NzMuanBnfHx8fHx8OTJ4Njl8fHx8fA==.jpg","main":"ZjhkOGY5NzQyNjk4NGVlYjAxODFiZjIzMGQxNjAwODL41QclHQoqpxvWr7fwpnBuNzYwNDQ0LTcyNDc1NzMuanBnfHx8fHx8fHx8fHw0MDB4MzAw.jpg","large":"MDExNWUxN2UwYzM2NjliNjJiNWJhNzA5MzM3ZjA2Y2Z_s7quss7erRkfoEIBWTF8NzYwNDQ0LTcyNDc1NzMuanBnfHx8fHx8fHx8fHw2NDB4NDgw.jpg"}]}},{"ad_id":"796210","reg_year":"2007","make":"Mitsubishi","model":"Lancer","variant":"1.6 Comfort","mileage":"91965","engine_size":"1.6","fuel_type":"Petrol","body_type":"Saloon","colour":"858585","location":"Dublin","price":"\u20ac 4,950","images":{"base_url":"http:\/\/i0.carsie.ie\/","image_list":[{"thumb":"NjEyMGVjZTcwODI5NzJiMDUyYzhlNWZmYjA5ZTBlZWbjjA2gSilYqHiaFIY25HpiNzk2MjEwLTYxNTUyNDguanBnfHx8fHx8OTJ4Njl8fHx8fA==.jpg","main":"ODY3MTE3OGEyNmNhNTc4OTdiNWVhZDk2Mzc4ODIyOWFyB1VfhvuRUmpmbO2o7qwDNzk2MjEwLTYxNTUyNDguanBnfHx8fHx8fHx8fHw0MDB4MzAw.jpg","large":"YjIzOGRhZGFlYTY2ZjU4MjZmMmU2YTk5OWJkYWMwOTYYLLXc4_3Uvl8kwTMYaIwNNzk2MjEwLTYxNTUyNDguanBnfHx8fHx8fHx8fHw2NDB4NDgw.jpg"}]}},{"ad_id":"879740","reg_year":"2005","make":"Mitsubishi","model":"Pajero","variant":"Sport2.5dgls","mileage":"173988","engine_size":"2.5","fuel_type":"Diesel","body_type":"Estate","colour":"ff0000","location":"Cork","price":"\u20ac 4,950","images":{"base_url":"http:\/\/i0.carsie.ie\/","image_list":[{"thumb":"YjFhMWIyODQzYjNhZjMwYTU0MGRhNjZkYTU1OGNkNjarEmnKIeDVrLzC6YE1j-G3ODc5NzQwLTcxMzMyMTkuanBnfHx8fHx8OTJ4Njl8fHx8fA==.jpg","main":"ODI4NWJjMGIxZDgxYTg1ODYzMDU2YWMxYTcxZjcxYjF5xGod_RhrtEchqRRRmZjzODc5NzQwLTcxMzMyMTkuanBnfHx8fHx8fHx8fHw0MDB4MzAw.jpg","large":"ZGJiNDY4ODM0NDJhNDc5M2NlN2Q4YTk1NDY1ZjJiNmFptgasQo8gr1fP_UEzxTs_ODc5NzQwLTcxMzMyMTkuanBnfHx8fHx8fHx8fHw2NDB4NDgw.jpg"}]}},{"ad_id":"886338","reg_year":"2003","make":"Mitsubishi","model":"Pajero","variant":null,"mileage":"170000","engine_size":"2.5","fuel_type":"Diesel","body_type":null,"colour":"000000","location":"Wicklow","price":"\u20ac 4,950","images":{"base_url":"http:\/\/i0.carsie.ie\/","image_list":[{"thumb":"MjU0ZGZmNjE3OWI2OWM3OGEyMmUxOWUxODk5MWZlYTicII3u9wmp182WnzOz1e03ODg2MzM4LTcyMTU3MTEuanBnfHx8fHx8OTJ4Njl8fHx8fA==.jpg","main":"ODhkNzNlMzhjN2ZhYTcwNmJkNzllZWQwM2MwYjFjNjD3i3iufm9sfmc3gKdqvOf_ODg2MzM4LTcyMTU3MTEuanBnfHx8fHx8fHx8fHw0MDB4MzAw.jpg","large":"MjhjNmE2MmViZGE3N2IzYTEzZDc3MWVlNWNjYjQ3OTMzfewbRt32PQxutFAsr-IUODg2MzM4LTcyMTU3MTEuanBnfHx8fHx8fHx8fHw2NDB4NDgw.jpg"}]}},{"ad_id":"801644","reg_year":"2007","make":"Nissan","model":"Almera","variant":"1.5 SXE 4DR","mileage":"69179","engine_size":"1.5","fuel_type":"Petrol","body_type":"Saloon","colour":"0000c0","location":"Dublin","price":"\u20ac 4,950","images":{"base_url":"http:\/\/i0.carsie.ie\/","image_list":[{"thumb":"MTM2MTI0NWE3ZDBiYjZmYmVlM2QyODg2NTc2NTZhZmF-kosF3o2_ossM7fX3dnlcODAxNjQ0LTYyODI1OTIuanBnfHx8fHx8OTJ4Njl8fHx8fA==.jpg","main":"NmM5ZDEwYTdjYjBiM2QyNzJjNWRmODIxMjAzZmVmNTF8XitvAZ2356BYUJP-qricODAxNjQ0LTYyODI1OTIuanBnfHx8fHx8fHx8fHw0MDB4MzAw.jpg","large":"N2MzMTlkMTllNzc3MWUwZWI5ZTVmMmM3MDM1YTFiYjRpznd3ucCx-mX96FGad1LcODAxNjQ0LTYyODI1OTIuanBnfHx8fHx8fHx8fHw2NDB4NDgw.jpg"}]}},{"ad_id":"897776","reg_year":"2005","make":"Nissan","model":"Almera","variant":"1.5 SVE 4DR","mileage":"42500","engine_size":"1.5","fuel_type":"Petrol","body_type":"Saloon","colour":"e0e0e0","location":"Dublin","price":"\u20ac 4,950","images":{"base_url":"http:\/\/i0.carsie.ie\/","image_list":[{"thumb":"NGFjZTU1YjJkZGYwMWU4Zjc4ZWJjNmU2MGU5MjE0MTK_37zzcA-5E0E-rNFB5mPlODk3Nzc2LTczNTgxNzYuanBnfHx8fHx8OTJ4Njl8fHx8fA==.jpg","main":"YTUyMzMxZDg3MmRjYjJmOTVkMmI2NDU0YWZhMDA3ZmVYeDbiVqhZht49sdvXztWfODk3Nzc2LTczNTgxNzYuanBnfHx8fHx8fHx8fHw0MDB4MzAw.jpg","large":"YWY5OGQ2YzQyNTJmYzc5NmFjOWE4OGYyNWFlY2QwYWHOWsSRaa2e5ftcvNIFMMV0ODk3Nzc2LTczNTgxNzYuanBnfHx8fHx8fHx8fHw2NDB4NDgw.jpg"}]}},{"ad_id":"898422","reg_year":"2006","make":"Nissan","model":"Almera","variant":"1.5 SXE 4DR","mileage":"58524","engine_size":"1.5","fuel_type":"Petrol","body_type":"Saloon","colour":"858585","location":"Dublin","price":"\u20ac 4,950","images":{"base_url":"http:\/\/i0.carsie.ie\/","image_list":[{"thumb":"YWU5OTc4ZmE4ZGY1MzZjNmU5NmFlMTEwMDVhOTJmZjOSfkoBXSg0OtLVKNjO0xFFODk4NDIyLS5qcGd8fHx8fHw5Mng2OXx8fHx8.jpg","main":"ZDUxNjFmYTE0ZWMxYzBlYmZmNjFjZTEyMzA2ZTJlMDYzNXIab3MqJh15Ud4e1uofODk4NDIyLS5qcGd8fHx8fHx8fHx8fDQwMHgzMDA=.jpg","large":"NDMwMDgxY2QxZWRjODk5NjgwMTdlYjMxODRiOGFjY2FXG2kTKnhyqb7-AZXJHT9MODk4NDIyLS5qcGd8fHx8fHx8fHx8fDY0MHg0ODA=.jpg"}]}}]}