{"total":"23408","result":[{"ad_id":"897133","reg_year":"2004","make":"Seat","model":"Cordoba","variant":"1.2 Stella","mileage":"93000","engine_size":"1.2","fuel_type":"Petrol","body_type":"Saloon","colour":"858585","location":"Kerry","price":"\u20ac 2,650","images":{"base_url":"http:\/\/i0.carsie.ie\/","image_list":[{"thumb":"NDFiMmMyYWJjNjI2MzAwZjQwMGMxYTc0NjBmZDllMmYk3l0xFZxTt7OfUn_GMLs-ODk3MTMzLTczNTEyNDcuanBnfHx8fHx8OTJ4Njl8fHx8fA==.jpg","main":"NjgyMDg1ODIwNWY4NWFmNTBmNDQ0YzYzMWJhNjExMDBIUbk_gKNxmsU-MRl801M7ODk3MTMzLTczNTEyNDcuanBnfHx8fHx8fHx8fHw0MDB4MzAw.jpg","large":"MzVmN2RiZGUyNTFiMzFmMzFkMGJjM2Q4OTE1Nzg5OTRK2QTP0mvfkmJW74YSUaTeODk3MTMzLTczNTEyNDcuanBnfHx8fHx8fHx8fHw2NDB4NDgw.jpg"}]}},{"ad_id":"887349","reg_year":"2002","make":"Skoda","model":"Octavia","variant":"GLX 1.4","mileage":"130200","engine_size":"1.4","fuel_type":"Petrol","body_type":"Hatchback","colour":"ff6600","location":"Kildare","price":"\u20ac 2,650","images":{"base_url":"http:\/\/i0.carsie.ie\/","image_list":[{"thumb":"MjVkMjAzYzUzOGIzMzAwYzg4MGJjYzI1ODM1ZWJiMzAisyyZqRZ3G_RrekoMtNdyODg3MzQ5LTcyNDYyNjIuanBnfHx8fHx8OTJ4Njl8fHx8fA==.jpg","main":"MDBmMThiZDkwZWRlZDBiOGFmZGQ3ZDkwZTY3Y2ZjN2KKHGi3Xrep1_BBYxsz7zJqODg3MzQ5LTcyNDYyNjIuanBnfHx8fHx8fHx8fHw0MDB4MzAw.jpg","large":"ZGU5YmNmNzQyYzUzNzVmYjE3NzdkYjI2YjdhM2MwZmKx5PrO0QVnmZsyG8QjJ2JYODg3MzQ5LTcyNDYyNjIuanBnfHx8fHx8fHx8fHw2NDB4NDgw.jpg"}]}},{"ad_id":"893498","reg_year":"2002","make":"Toyota","model":"Avensis","variant":"1.6 VVTI Aura 4dr","mileage":"158067","engine_size":"1.6","fuel_type":"Petrol","body_type":"Saloon","colour":"008000","location":"Roscommon","price":"\u20ac 2,650","images":{"base_url":"http:\/\/i0.carsie.ie\/","image_list":[{"thumb":"NDNhZjY0NDM3OGM2YTY1ZGI1NTNjYTJiZmQ2YmMwMGHY3wwrFuN_oR2TQsYKx6IhODkzNDk4LTcyODA3MTcuanBnfHx8fHx8OTJ4Njl8fHx8fA==.jpg","main":"ZjQyYmQ1NjllYTM3NTkyYzcwMDViYjlmZDE5N2MyNGbpbgXz1siAz_25IR1qQqrOODkzNDk4LTcyODA3MTcuanBnfHx8fHx8fHx8fHw0MDB4MzAw.jpg","large":"MWRkZmQ3ZjJhYmIyMmU5MDI5MGZlZTU0N2U1ZmIwMzEFMO18-u-Kpj-6JSEG_qLbODkzNDk4LTcyODA3MTcuanBnfHx8fHx8fHx8fHw2NDB4NDgw.jpg"}]}},{"ad_id":"892169","reg_year":"2002","make":"Toyota","model":"Celica","variant":"1.8 3\/D\/R COUPE NCT5\/13 TAX 5\/13 LAST PRICE ON THIS CAR IS 2650K FOR DETAILS PHONE SEAN ON 0871307296 ","mileage":"75000","engine_size":"1.8","fuel_type":"Petrol","body_type":"Hatchback","colour":"e0e0e0","location":"Wexford","price":"\u20ac 2,650","images":{"base_url":"http:\/\/i0.carsie.ie\/","image_list":[{"thumb":"ZDg5ODA0NGNkOGNhOTZhMjdiYjAxM2Y3MjdlZTNmODL9xMAFbmU76ezLVMIj-UYRODkyMTY5LTcyNjk5ODcuanBnfHx8fHx8OTJ4Njl8fHx8fA==.jpg","main":"N2M5MTUzOGNmMjZjYWIyZGU0ZWFlMGFhYjM3ZWJkNWbVVIK-lq6jF8ijFx0owXONODkyMTY5LTcyNjk5ODcuanBnfHx8fHx8fHx8fHw0MDB4MzAw.jpg","large":"Mzg4OWYwZDllZWE0MDgyM2U3NTRkMzI2Mjk5YTkzZjRjGQF9Mh5aKsG9Klo1MXcGODkyMTY5LTcyNjk5ODcuanBnfHx8fHx8fHx8fHw2NDB4NDgw.jpg"}]}},{"ad_id":"854346","reg_year":"2004","make":"Vauxhall","model":"Astra","variant":"1.8 Coupe Bertone 02DR","mileage":"95475","engine_size":"1.8","fuel_type":"Petrol","body_type":"Coupe","colour":"e0e0e0","location":"Cork","price":"\u20ac 2,650","images":{"base_url":"http:\/\/i0.carsie.ie\/","image_list":[{"thumb":"NjNiZDYwMjJmM2VkY2I0ZjIxNmFkNzE1ZWE2YTYyNTEpWJS9br--7M0BLBEJoPKCODU0MzQ2LTY4NDQ5MDguanBnfHx8fHx8OTJ4Njl8fHx8fA==.jpg","main":"NzhmOTRmMTNkNmNmZTU4ZjM1YzcwNmMzNDkxYjY0NjPYrYq9qdMTBbYYiTiMnhwmODU0MzQ2LTY4NDQ5MDguanBnfHx8fHx8fHx8fHw0MDB4MzAw.jpg","large":"NWJkNGM3NzU1NzJkNzVkMzBlOTRjYjk2NjQzZWJkYzQvd2_RAaF_b_ItXZUcT03_ODU0MzQ2LTY4NDQ5MDguanBnfHx8fHx8fHx8fHw2NDB4NDgw.jpg"}]}},{"ad_id":"901854","reg_year":"2002","make":"Volkswagen","model":"Polo","variant":"1.2 55BHP","mileage":"84500","engine_size":"1.2","fuel_type":"Petrol","body_type":"Hatchback","colour":"0000c0","location":"Meath","price":"\u20ac 2,650","images":{"base_url":"http:\/\/i0.carsie.ie\/","image_list":[{"thumb":"Y2FmYjBlMTRiYzMxZDMxYzdkNTg2ZTU2MmVhZjU3ZGKmd-god138QAzoO0x7HtPBOTAxODU0LS5qcGd8fHx8fHw5Mng2OXx8fHx8.jpg","main":"NGZiNjA5YTIxYjQ5ODIxMjQ0Mjg0YmE1Y2QyNzkyMDiYnefxqna9mVJYPXgnUpKkOTAxODU0LS5qcGd8fHx8fHx8fHx8fDQwMHgzMDA=.jpg","large":"YWIzOTZlZjdiYTFkMzViZjkwMzY2YzdiMDBiM2UxM2aUievq3z3lEgi1s2Mz0VUaOTAxODU0LS5qcGd8fHx8fHx8fHx8fDY0MHg0ODA=.jpg"}]}},{"ad_id":"900194","reg_year":"1996","make":"Mazda","model":"MX-5","variant":"","mileage":"69000","engine_size":"1.8","fuel_type":"Petrol","body_type":"Cabriolet \/ Convertible","colour":"008000","location":"Dublin","price":"\u20ac 2,690","images":{"base_url":"http:\/\/i0.carsie.ie\/","image_list":[{"thumb":"NzNmMDFjNTJjNDZhYWE0ZTVhZmM5YjVjYzlkODgwOWRMQ0EvWzrd81-SG1qRZDfaOTAwMTk0LTczODQxNzYuanBnfHx8fHx8OTJ4Njl8fHx8fA==.jpg","main":"NjkzNTk5MDVhZTcyNzU5OWNiODdjMjIyYTc2MDFiMDZXy5y9QaRzt4DQuv3t3NFKOTAwMTk0LTczODQxNzYuanBnfHx8fHx8fHx8fHw0MDB4MzAw.jpg","large":"YWJlYzg2OTVlZDY4YmUyMjExYjE3MTFiOWQ3YmI1NjHRHB_rYyUXvgTAaFMUYPdAOTAwMTk0LTczODQxNzYuanBnfHx8fHx8fHx8fHw2NDB4NDgw.jpg"}]}},{"ad_id":"724083","reg_year":"1995","make":"Mitsubishi","model":"Pajero","variant":"","mileage":"86994","engine_size":"1.1","fuel_type":"Petrol","body_type":"Estate","colour":"000000","location":"Dublin","price":"\u20ac 2,695","images":{"base_url":"http:\/\/i0.carsie.ie\/","image_list":[{"thumb":"OTU1ZDJhZjk2ZTFjZTEwNjdkYzM5YWJkZmE0ODViMDMcXusOd2z6W9FDC4FJp-MeNzI0MDgzLTUyMjcyMDYuanBnfHx8fHx8OTJ4Njl8fHx8fA==.jpg","main":"ODkwZjg5ZTNiMjMyYjVjOWE3ODg2YmE5ZWY0ZjM2YjlKiDzlkYjOa1T_eiy9DkWWNzI0MDgzLTUyMjcyMDYuanBnfHx8fHx8fHx8fHw0MDB4MzAw.jpg","large":"Njc0MmJjMGJmZjMwYTEwNjUzZjgwYzE4MDA3YTJhNTRe69iBplQtavJzqM3v_xqeNzI0MDgzLTUyMjcyMDYuanBnfHx8fHx8fHx8fHw2NDB4NDgw.jpg"}]}},{"ad_id":"890254","reg_year":"2002","make":"Nissan","model":"Almera","variant":"1.5","mileage":"97000","engine_size":"1.5","fuel_type":"Petrol","body_type":"Saloon","colour":"e0e0e0","location":"Cork","price":"\u20ac 2,695","images":{"base_url":"http:\/\/i0.carsie.ie\/","image_list":[{"thumb":"Y2ZlZDY5OTI2Njc0NjQxYTNmM2RiYTI4NWM4YmQ1MTHV1hg-ugaWR2X9tAPPk2pgODkwMjU0LTcyNDY1MDkuanBnfHx8fHx8OTJ4Njl8fHx8fA==.jpg","main":"M2RkZjMxMmQzMmQ4ZmNlZGQyMjIzOTBiYjk5ODExZDR9Lj4RBuus-OqZHr4aPNc8ODkwMjU0LTcyNDY1MDkuanBnfHx8fHx8fHx8fHw0MDB4MzAw.jpg","large":"MGEwMTg2YjZlY2MzMTUyYjJlMjNhZjJiODhmOWUwZmP04KlAJe_9i1roSMrRXsa-ODkwMjU0LTcyNDY1MDkuanBnfHx8fHx8fHx8fHw2NDB4NDgw.jpg"}]}},{"ad_id":"896616","reg_year":"2001","make":"Renault","model":"Clio","variant":"NCT 03\/2014 , 5dr 1.2 Sport","mileage":"39000","engine_size":"1.1","fuel_type":"Petrol","body_type":"Hatchback","colour":"000000","location":"Dublin","price":"\u20ac 2,695","images":{"base_url":"http:\/\/i0.carsie.ie\/","image_list":[{"thumb":"N2YzYTJmMzExNzFlZGQ5ZmY0M2JmMGE0NTZlNzlhMWWQHWJQEbXo6_DjeGdkpb2RODk2NjE2LTczNDQ2ODIuanBnfHx8fHx8OTJ4Njl8fHx8fA==.jpg","main":"NmNmYmIzNjViODgwMTY4MjQ0ZDVjZmRkODBiNmVkZTRp1pmDmg433f5cRVq8bg35ODk2NjE2LTczNDQ2ODIuanBnfHx8fHx8fHx8fHw0MDB4MzAw.jpg","large":"Y2FkM2EyYWM1NDNhMDQxNmEyNjZlYjZiMDI2ZjcyMWH__4B0fbJ_BqKjRZOX2fBDODk2NjE2LTczNDQ2ODIuanBnfHx8fHx8fHx8fHw2NDB4NDgw.jpg"}]}},{"ad_id":"893291","reg_year":"2003","make":"Saab","model":"9-3","variant":"T Vector","mileage":"122127","engine_size":"2.0","fuel_type":"Petrol","body_type":"Saloon","colour":"000000","location":"Dublin","price":"\u20ac 2,695","images":{"base_url":"http:\/\/i0.carsie.ie\/","image_list":[{"thumb":"NTc2ZjFhNmI4ODRlMDcwMzIxNjVhODhjMzdhNjQ2NGGEPl0NGz9KXoDBRN9c7FizODkzMjkxLTczMDk1MTAuanBnfHx8fHx8OTJ4Njl8fHx8fA==.jpg","main":"YWYwZDk0OTM4OWQ5YTUxZjIzM2IyMzdlYjZlMzE4NzFKzvbBiZoaPrhTvDMY_P1FODkzMjkxLTczMDk1MTAuanBnfHx8fHx8fHx8fHw0MDB4MzAw.jpg","large":"NDkwOGYxYzUzNmZkMmNlMjEyMjRhYTg1ODY3NjNhNGMw-of0kMG4AhEDfmKd32AsODkzMjkxLTczMDk1MTAuanBnfHx8fHx8fHx8fHw2NDB4NDgw.jpg"}]}},{"ad_id":"891678","reg_year":"2004","make":"Daewoo","model":"Kalos","variant":"1.4SE ABS 4DR","mileage":"114000","engine_size":"1.4","fuel_type":"Petrol","body_type":"Saloon","colour":"ff0000","location":"Mayo","price":"\u20ac 2,700","images":{"base_url":"http:\/\/i0.carsie.ie\/","image_list":[{"thumb":"MWJlZDRlMDFjMzNiNzlhZDFkOWZjYjdhMjFlNjk5ZGSWrYoX4Do0bsG1TCvWLG5ZODkxNjc4LTcyNjg0MDQuanBnfHx8fHx8OTJ4Njl8fHx8fA==.jpg","main":"MDE5NThjZTMzODBlNWEwMzY3NzE5YmE5OGNmMTM0NjNTh6Sfz5picKjfXKlylWWDODkxNjc4LTcyNjg0MDQuanBnfHx8fHx8fHx8fHw0MDB4MzAw.jpg","large":"YTNjMmQ5ODZjMzA5ODc3ZDgxNmVmYTk1NjdlMTFkMjMFB-BMr8AL9o9Fo9gbCEUSODkxNjc4LTcyNjg0MDQuanBnfHx8fHx8fHx8fHw2NDB4NDgw.jpg"}]}},{"ad_id":"873089","reg_year":"2004","make":"Fiat","model":"Panda","variant":"Active 5DR","mileage":"40000","engine_size":"1.1","fuel_type":"Petrol","body_type":"Hatchback","colour":"0000c0","location":"Cork","price":"\u20ac 2,700","images":{"base_url":"http:\/\/i0.carsie.ie\/","image_list":[{"thumb":"N2I3ODMwYTQ0MmU0MjI4YWE3YTZlMTg5ZDZmZmY3OTlTrXRplBPNgGPtbrXXxRJqODczMDg5LTcwNTE3MDUuanBnfHx8fHx8OTJ4Njl8fHx8fA==.jpg","main":"NjcwMTIxMzllMWZlYmQ4YTlhZjMxMzI2YmY4MGRiNjgj8ZjdQw566qO6mWUP39lmODczMDg5LTcwNTE3MDUuanBnfHx8fHx8fHx8fHw0MDB4MzAw.jpg","large":"MThhNjdiZjAzNDFiNGIxODY1YjUxY2UyNzY2YmI4ODRls7v-STkdZS-S9F0tydaeODczMDg5LTcwNTE3MDUuanBnfHx8fHx8fHx8fHw2NDB4NDgw.jpg"}]}},{"ad_id":"897157","reg_year":"2002","make":"Honda","model":"CR-V","variant":"2.0","mileage":"82930","engine_size":"2.0","fuel_type":"Petrol","body_type":"SUV","colour":"0000c0","location":"Dublin","price":"\u20ac 2,700","images":{"base_url":"http:\/\/i0.carsie.ie\/","image_list":[{"thumb":"MDFkMzZkYzRkNzVkMGIzNzMxNmI4M2UzMzkyZWM1ODXfAVYZ2WRVTOxCbLLpuZ7IODk3MTU3LTczNTE1MDQuanBnfHx8fHx8OTJ4Njl8fHx8fA==.jpg","main":"N2Y5ZmFhZTdlZDA4NjM2NWIzNDI4YWNjZTAwMGVhMmFvzexfH_32zYjfq9BXknr6ODk3MTU3LTczNTE1MDQuanBnfHx8fHx8fHx8fHw0MDB4MzAw.jpg","large":"ZjllZmJhNjNjMWU3MWJmMDQxNDhiODE0ODMyMTA5MWIT06CnyHX_x8ej5U7m3f7qODk3MTU3LTczNTE1MDQuanBnfHx8fHx8fHx8fHw2NDB4NDgw.jpg"}]}},{"ad_id":"854621","reg_year":"2003","make":"Hyundai","model":"Trajet","variant":"GLS 2.0","mileage":"70000","engine_size":"2.0","fuel_type":"Petrol","body_type":"Estate","colour":"008000","location":"Tipperary","price":"\u20ac 2,700","images":{"base_url":"http:\/\/i0.carsie.ie\/","image_list":[{"thumb":"NDU2NjFjMTM4MjNkOTNkNTVlYmIwMDc2MzE5YmUzOTmTxEGtblveK_qX-efZVE3GODU0NjIxLTY4NDc4MzIuanBnfHx8fHx8OTJ4Njl8fHx8fA==.jpg","main":"Mjg2Njk4NjQ1Yjc4YTgxNmU3YzNiNmEwOGJmYTA0ZWEgG2phzG3CROkPzj62W1cqODU0NjIxLTY4NDc4MzIuanBnfHx8fHx8fHx8fHw0MDB4MzAw.jpg","large":"OWU0M2M2MDAyODcxOGNmMzQyN2RjMGU4ZWRmYzczZTBZqAGzd2zLmWrMda82KhPlODU0NjIxLTY4NDc4MzIuanBnfHx8fHx8fHx8fHw2NDB4NDgw.jpg"}]}},{"ad_id":"901420","reg_year":"2004","make":"Mazda","model":"Mazda6","variant":"1.8 HB Touring SPK","mileage":"107390","engine_size":"1.8","fuel_type":"Petrol","body_type":"Hatchback","colour":"000000","location":"Dublin","price":"\u20ac 2,700","images":{"base_url":"http:\/\/i0.carsie.ie\/","image_list":[{"thumb":"NjEwMzkzNzEyNDBjNzk5OWFjMmM5ZjFlYWVkNDRhODIsaiWL0m7_q7S1AyZMp_7AOTAxNDIwLTc0MTkwMjMuanBnfHx8fHx8OTJ4Njl8fHx8fA==.jpg","main":"YmIwYzhhZjM3OTEyOTQ1MDNjNTg2Njc3NjYxNTk2MzQDh49DA7cDU_qoylVI_tDmOTAxNDIwLTc0MTkwMjMuanBnfHx8fHx8fHx8fHw0MDB4MzAw.jpg","large":"YWExZTM3MmZmMjRiMzI1MmYzNDkwNzg2YzM1YzIyNjjzI5DF8i7HNapK9xfh6bH9OTAxNDIwLTc0MTkwMjMuanBnfHx8fHx8fHx8fHw2NDB4NDgw.jpg"}]}},{"ad_id":"807041","reg_year":"2001","make":"Mazda","model":"MX-5","variant":null,"mileage":"97500","engine_size":"1.6","fuel_type":"Petrol","body_type":"Cabriolet \/ Convertible","colour":"0000c0","location":"Dublin","price":"\u20ac 2,700","images":{"base_url":"http:\/\/i0.carsie.ie\/","image_list":[{"thumb":"MDlmOTA1MDdjMTZiMjQ2YTU0MTQ4OGFmYzFhZDMwY2Ppx_wHQUtVSHOdcthC9A0uODA3MDQxLTYyOTA1NjguanBnfHx8fHx8OTJ4Njl8fHx8fA==.jpg","main":"MWQzYmE3NDQwM2ZiOTRiZjg3ZjgxZTI1NDg1MzMxNTVLpl5KYNA9TuKouv5Kc9rAODA3MDQxLTYyOTA1NjguanBnfHx8fHx8fHx8fHw0MDB4MzAw.jpg","large":"N2U0NTQyNGJjN2Q5OWFmYzY2MWJkM2ExMTBhMDNjNTbsqwUF71omzHZiiXzvGYs8ODA3MDQxLTYyOTA1NjguanBnfHx8fHx8fHx8fHw2NDB4NDgw.jpg"}]}},{"ad_id":"891220","reg_year":"2002","make":"Nissan","model":"Micra","variant":"1.2 5DR Acenta","mileage":"76000","engine_size":"1.2","fuel_type":"Petrol","body_type":"Hatchback","colour":"e0e0e0","location":"Mayo","price":"\u20ac 2,700","images":{"base_url":"http:\/\/i0.carsie.ie\/","image_list":[{"thumb":"ZTAwMzAwMzBiYTQ2NGU3NDkwOTYyNjIzZjkxMGUwYTN4g51N2RxhAH4P9LXAlfOfODkxMjIwLTcyNjU0OTYuanBnfHx8fHx8OTJ4Njl8fHx8fA==.jpg","main":"YzhiMDI5MWJmMTA4ZDNlNDNhN2YxNGQ1NTlkODE4MzDcxSokPjAYlriGbrIKb6x4ODkxMjIwLTcyNjU0OTYuanBnfHx8fHx8fHx8fHw0MDB4MzAw.jpg","large":"NWY1NWNkNDk4NmQ0NDZhMjFiMTNhMTYzYTk2ZDRiNzHG4NvAoBw_yhRqGLXpM0AkODkxMjIwLTcyNjU0OTYuanBnfHx8fHx8fHx8fHw2NDB4NDgw.jpg"}]}},{"ad_id":"891297","reg_year":"2000","make":"Opel","model":"Frontera","variant":"DTH LWB COMM","mileage":"103558","engine_size":"2.2","fuel_type":"Diesel","body_type":"Estate","colour":"000000","location":"Tipperary","price":"\u20ac 2,700","images":{"base_url":"http:\/\/i0.carsie.ie\/","image_list":[{"thumb":"M2ZjMGExYzExNzZhZjY2NWQ5YzlkYzBkNDZlOWNkMjREsWZbkRD4kRXs_WeO2ts6ODkxMjk3LTcyNjE4MzcuanBnfHx8fHx8OTJ4Njl8fHx8fA==.jpg","main":"YmZmZjIyODJmNDhkNTZiN2FlNThhM2ZmNTY4NDdjOTVRzU3yE2Gc-Wt3FCjQmbwCODkxMjk3LTcyNjE4MzcuanBnfHx8fHx8fHx8fHw0MDB4MzAw.jpg","large":"MDhkMjQ4YjZmMzg2ODUwMTAwOGI1Y2YzZGI5MWM1ODMIuWNXpNwtCrzgpNRxBSdaODkxMjk3LTcyNjE4MzcuanBnfHx8fHx8fHx8fHw2NDB4NDgw.jpg"}]}},{"ad_id":"892967","reg_year":"2003","make":"Opel","model":"Meriva","variant":null,"mileage":"66350","engine_size":"1.6","fuel_type":"Petrol","body_type":"Hatchback","colour":"858585","location":"Westmeath","price":"\u20ac 2,700","images":{"base_url":"http:\/\/i0.carsie.ie\/","image_list":[{"thumb":"NmFjNjA0ZTFhYWNjMjEzMTAzYWFmOTdhMTdjMzIzOTL2k5OYiuRWr6XqpJgTX1aWODkyOTY3LTcyNzU3MjEuanBnfHx8fHx8OTJ4Njl8fHx8fA==.jpg","main":"OTBhMmE0ZDUxZTRjNTA4NTFmNjY4ZGU5MTQyZmMwM2az85XO8t1kgM6RYqrNZDrTODkyOTY3LTcyNzU3MjEuanBnfHx8fHx8fHx8fHw0MDB4MzAw.jpg","large":"ZGU1YWVhNTJjNGY3MjczOTMyMDU0ZmNkMjMzMmIxNmJjz_nAMII9jvAdjR6_luQRODkyOTY3LTcyNzU3MjEuanBnfHx8fHx8fHx8fHw2NDB4NDgw.jpg"}]}}]}