{"total":"23408","result":[{"ad_id":"900913","reg_year":"2006","make":"Ford","model":"Focus","variant":"LX","mileage":"64000","engine_size":"1.6","fuel_type":"Petrol","body_type":"Hatchback","colour":"0000c0","location":"Wexford","price":"\u20ac 4,950","images":{"base_url":"http:\/\/i0.carsie.ie\/","image_list":[{"thumb":"ODYzOTRhNmE4Zjc4NGExZjBiMGQwYzMxN2I4YWFlMjlw2KT8-5qJ_tn8QGZ_rx4SOTAwOTEzLTc0MTM4MjYuanBnfHx8fHx8OTJ4Njl8fHx8fA==.jpg","main":"NGJmNTRjZTAzMjhjNWViYTZjNDJiNmJjZGUyOTYyNjPcOwQsqpjBZnjFFgmN0kD5OTAwOTEzLTc0MTM4MjYuanBnfHx8fHx8fHx8fHw0MDB4MzAw.jpg","large":"NWI0ZmY0N2E0ZWNiZGZlNjI2ZDdkMTlkNWQ2NzE3ZjZ6AkeA-UV7TTA0wHliEkV3OTAwOTEzLTc0MTM4MjYuanBnfHx8fHx8fHx8fHw2NDB4NDgw.jpg"}]}},{"ad_id":"901994","reg_year":"2006","make":"Ford","model":"Focus","variant":"Ghia","mileage":"96933","engine_size":"1.6","fuel_type":"Petrol","body_type":"Saloon","colour":"858585","location":"Wexford","price":"\u20ac 4,950","images":{"base_url":"http:\/\/i0.carsie.ie\/","image_list":[{"thumb":"OTExMzY3NTA4MDgyZDM3MmJlZTYwZjNjOTc2YThlZDPBrlYHgcu8lQc839M_-iNcOTAxOTk0LS5qcGd8fHx8fHw5Mng2OXx8fHx8.jpg","main":"OTM2MmYwZGIyOTE0ZmU3M2YyZjdkZGUwOTJkYmJjZTD-PfkoWC14rpsI0Qybrx8nOTAxOTk0LS5qcGd8fHx8fHx8fHx8fDQwMHgzMDA=.jpg","large":"OTMzMDk3Mzk0ZTMwNmZmMWI1NzVjM2FkYzNkYjc2ZDZ50FyWdMOfk7xkP0Z0fRH2OTAxOTk0LS5qcGd8fHx8fHx8fHx8fDY0MHg0ODA=.jpg"}]}},{"ad_id":"863671","reg_year":"2005","make":"Ford","model":"Focus","variant":"1.6 GHIA X","mileage":"63000","engine_size":"1.6","fuel_type":"Petrol","body_type":null,"colour":"e0e0e0","location":"Wicklow","price":"\u20ac 4,950","images":{"base_url":"http:\/\/i0.carsie.ie\/","image_list":[{"thumb":"NWUzNDE5MmNiMWI4M2MwM2Q2MDkzYmI1YTk2NzIyNWQL_eZo1QB1WYI-mgxe8mSfODYzNjcxLS5qcGd8fHx8fHw5Mng2OXx8fHx8.jpg","main":"YWU1MmZjNjdjYWJmNGY3Y2QyODliNDhhOWU0NTk4ZTYzUayEfQ0KWGkIui6qGLO_ODYzNjcxLS5qcGd8fHx8fHx8fHx8fDQwMHgzMDA=.jpg","large":"MzEwYjYwNzkwZmNjOWQyZTllMGFkZDc0ODZhN2NhNTehpMXby_F3xXly3o1NeCGwODYzNjcxLS5qcGd8fHx8fHx8fHx8fDY0MHg0ODA=.jpg"}]}},{"ad_id":"847754","reg_year":"2002","make":"Ford","model":"Galaxy","variant":"1.9 Diesel 7 SEATER 130BHP 6 SPEED NEW NCT.","mileage":"118000","engine_size":"1.9","fuel_type":"Diesel","body_type":"Hatchback","colour":"ff0000","location":"Dublin","price":"\u20ac 4,950","images":{"base_url":"http:\/\/i0.carsie.ie\/","image_list":[{"thumb":"NzQ0ZTlkNThhMDQyODk3NDZhMmUyZDYxNmYwM2FkZmHP8-8V1jqOmPgdVVzd4FnnODQ3NzU0LTY3NzcyNTYuanBnfHx8fHx8OTJ4Njl8fHx8fA==.jpg","main":"NzIyZTI5NDIxN2FiODY4ZjdkYTQwMmY0OTFhOWIwZDY5v6XV4UvDPelvplLVbHmtODQ3NzU0LTY3NzcyNTYuanBnfHx8fHx8fHx8fHw0MDB4MzAw.jpg","large":"ZTk0NmUyYjJlOGY5YjJiMzQ0ZDViZmI4Nzc2MWQ2MmS2J67j1Yvyozs15c6wIBrTODQ3NzU0LTY3NzcyNTYuanBnfHx8fHx8fHx8fHw2NDB4NDgw.jpg"}]}},{"ad_id":"844799","reg_year":"2005","make":"Ford","model":"Mondeo","variant":"DIESEL","mileage":"106254","engine_size":"2.0","fuel_type":"Diesel","body_type":"Saloon","colour":"e0e0e0","location":"Cork","price":"\u20ac 4,950","images":{"base_url":"http:\/\/i0.carsie.ie\/","image_list":[{"thumb":"ODgwMjEzZmQxZDdiNmJmYTE5MWIyYmUxYmFiNmM3MjMnlwJ75-JFf9tNzmjv7FPfODQ0Nzk5LTY3NDExMjQuanBnfHx8fHx8OTJ4Njl8fHx8fA==.jpg","main":"NTQ4OThiYzY3NGVlYWRhOTQ3YmM3ZDRlNjIzMzRkYmT7T-Glo3vn9lmuZYd6nFCrODQ0Nzk5LTY3NDExMjQuanBnfHx8fHx8fHx8fHw0MDB4MzAw.jpg","large":"OTA3ODVjNTlhMWRmNGE5MTJhZTlmYWViZjRmMjhjY2WeVCudWUdFZD8dXcGNKj3EODQ0Nzk5LTY3NDExMjQuanBnfHx8fHx8fHx8fHw2NDB4NDgw.jpg"}]}},{"ad_id":"859276","reg_year":"2006","make":"Ford","model":"Mondeo","variant":"Platinum 1.8 4DR. VERY LOW MILEAGE.1 OWNER CAR FROM NEW.","mileage":"47846","engine_size":"1.8","fuel_type":"Petrol","body_type":"Saloon","colour":"f0d2a0","location":"Cork","price":"\u20ac 4,950","images":{"base_url":"http:\/\/i0.carsie.ie\/","image_list":[{"thumb":"YmU0MjRiNTQ1YzMwN2Y0NzdlMjc4ZWVhODczMmI2Nzlitnx6ZJxasAxkBvEbXBUBODU5Mjc2LTY5MjE2MDkuanBnfHx8fHx8OTJ4Njl8fHx8fA==.jpg","main":"MjYzNDdkNTBlNDE0ODAyNzZkY2UwMGZkZDM3MmUzZDQ49vHQbB9VTOQ1beKNeULEODU5Mjc2LTY5MjE2MDkuanBnfHx8fHx8fHx8fHw0MDB4MzAw.jpg","large":"NGM3OTE1MDIwY2EyY2IwODhmZWQ4YmI1ZTdhYmUwN2HkNpQvFgBKwuGJkkB31KLJODU5Mjc2LTY5MjE2MDkuanBnfHx8fHx8fHx8fHw2NDB4NDgw.jpg"}]}},{"ad_id":"874561","reg_year":"2006","make":"Ford","model":"Mondeo","variant":"2.0 TDCI LX 113BHP 5DR","mileage":"136000","engine_size":"2.0","fuel_type":"Diesel","body_type":"Estate","colour":"000000","location":"Cork","price":"\u20ac 4,950","images":{"base_url":"http:\/\/i0.carsie.ie\/","image_list":[{"thumb":"MmY2NjJkMGMxMDQyY2E2M2Q4ZTczNWQ0NmUwMTAwZjlXtdFbyIeNqlyQvko6u_SyODc0NTYxLTcwNzIyNTEuanBnfHx8fHx8OTJ4Njl8fHx8fA==.jpg","main":"NmQyOTEzMjIxODYyZjg1ODY1NTZiYzhiNWI1YWI2NTBZMSM9bUatekmuV0qVWhuaODc0NTYxLTcwNzIyNTEuanBnfHx8fHx8fHx8fHw0MDB4MzAw.jpg","large":"YzM1Mzc1YWQwNGY4NjBiNmE0MmVkMzEyNzVmZDcyNjjBdMX4EOfld65ZPgLArNnmODc0NTYxLTcwNzIyNTEuanBnfHx8fHx8fHx8fHw2NDB4NDgw.jpg"}]}},{"ad_id":"790491","reg_year":"2005","make":"Ford","model":"Mondeo","variant":"LX","mileage":"29204","engine_size":"1.8","fuel_type":"Petrol","body_type":"Saloon","colour":"858585","location":"Dublin","price":"\u20ac 4,950","images":{"base_url":"http:\/\/i0.carsie.ie\/","image_list":[{"thumb":"YzdjZTJiMTRmMjhlYTNlNDk0NjdlMTZhMTM1Y2U3ZjCteMbaBTX3_QeTTWMcn9okNzkwNDkxLTYwODY5NTMuanBnfHx8fHx8OTJ4Njl8fHx8fA==.jpg","main":"OTM4ZGZjYjFmNTc4YTEwYWI1ZThkNWQ1ZTE4OGMxOTmydoscNxj524MB6Kma90v3NzkwNDkxLTYwODY5NTMuanBnfHx8fHx8fHx8fHw0MDB4MzAw.jpg","large":"ZmE0YmM1N2RiZThkOGJlOTg3OTZiZGRiMjA3YzYwOWVeZUuzJWgMU3FdNoEFrvMTNzkwNDkxLTYwODY5NTMuanBnfHx8fHx8fHx8fHw2NDB4NDgw.jpg"}]}},{"ad_id":"892831","reg_year":"2006","make":"Ford","model":"Mondeo","variant":"LX 2.0 --NCT April 2014--","mileage":"172895","engine_size":"2.0","fuel_type":"Diesel","body_type":"Hatchback","colour":"e0e0e0","location":"Dublin","price":"\u20ac 4,950","images":{"base_url":"http:\/\/i0.carsie.ie\/","image_list":[{"thumb":"ODlhMjlkMjAyNzkxZTY1Y2EzMGUxZjgyYmEwOTdiMjGS6vV6akSZTjLtBPgXJmQ8ODkyODMxLTcyNzg2NzkuanBnfHx8fHx8OTJ4Njl8fHx8fA==.jpg","main":"MzZhOTA5ZTFhNzk3YmQ0N2VjOWY0ZTAyYzMwZjc1YjWUqQe_86NcKW6DnWSOrYJ0ODkyODMxLTcyNzg2NzkuanBnfHx8fHx8fHx8fHw0MDB4MzAw.jpg","large":"ZGQxZGY4ODExNDRkN2ViOWNlMTI5YTc4NjAzZGU1NWYlClM2jcfvVnat8s0VakAfODkyODMxLTcyNzg2NzkuanBnfHx8fHx8fHx8fHw2NDB4NDgw.jpg"}]}},{"ad_id":"738389","reg_year":"2006","make":"Ford","model":"Mondeo","variant":null,"mileage":"93206","engine_size":"1.8","fuel_type":"Petrol","body_type":"Hatchback","colour":"e0e0e0","location":"Galway","price":"\u20ac 4,950","images":{"base_url":"http:\/\/i0.carsie.ie\/","image_list":[{"thumb":"ZWZkYzFjYWY1MTJiNjU3NDY4MTdjNTM0MTk1NDA4ZjGn0arbzjr96HXGFNbXD6jyNzM4Mzg5LTY3OTkxMDEuanBnfHx8fHx8OTJ4Njl8fHx8fA==.jpg","main":"ZTBkOTNkYmY2OTY5MTA2OTI4MDgzMTliNmM3YjA0YTVC4G1ST2Ypqydi1gfH7p9NNzM4Mzg5LTY3OTkxMDEuanBnfHx8fHx8fHx8fHw0MDB4MzAw.jpg","large":"MzNjODQ2NTg2MmM0YmQxZDcxNTRmYTgwODVkOTVhNWOuyKedNlhH1CGj4AyCW6iRNzM4Mzg5LTY3OTkxMDEuanBnfHx8fHx8fHx8fHw2NDB4NDgw.jpg"}]}},{"ad_id":"891102","reg_year":"2005","make":"Ford","model":"Mondeo","variant":"2.0 LX 115PS 4DR","mileage":"82644","engine_size":"2.0","fuel_type":"Diesel","body_type":"Saloon","colour":"e0e0e0","location":"Kerry","price":"\u20ac 4,950","images":{"base_url":"http:\/\/i0.carsie.ie\/","image_list":[{"thumb":"YWVkZTRmMDQxNWJhZDg0MmEwZDVlYTM0ZmRmZGYwYzOCOYyNAb2lWoIGnURlg2ABODkxMTAyLTczMjEwMDcuanBnfHx8fHx8OTJ4Njl8fHx8fA==.jpg","main":"YmQyYjE2NzJhMWIwMzMyYzIyOTM0OWVhODkzODQ4MTMR3lfYO2Q5PDAlW_eGLcsrODkxMTAyLTczMjEwMDcuanBnfHx8fHx8fHx8fHw0MDB4MzAw.jpg","large":"ZWM1YTA3NWYxMWM1NDVlY2U3ZTgwZmNlZmU1NWMwYWa7lcqTHhoiNQT0k56dOfyQODkxMTAyLTczMjEwMDcuanBnfHx8fHx8fHx8fHw2NDB4NDgw.jpg"}]}},{"ad_id":"795967","reg_year":"2006","make":"Ford","model":"Mondeo","variant":"Platinum","mileage":"125000","engine_size":"2.0","fuel_type":"Diesel","body_type":"Saloon","colour":"994d00","location":"Limerick","price":"\u20ac 4,950","images":{"base_url":"http:\/\/i0.carsie.ie\/","image_list":[{"thumb":"ZjcyNDA3YjFiNDI3MmYwYjlmY2QzNDQxMjlkNTA0NDQATXf0TWa4bK8eUA_zNrEQNzk1OTY3LTcyMDYzNjUuanBnfHx8fHx8OTJ4Njl8fHx8fA==.jpg","main":"MGJjNjFiYTM4MTAzODEzNjliZjk0MmUyYjA3YTA1ZGSF4PpBE1loobOCLHZ3AEIANzk1OTY3LTcyMDYzNjUuanBnfHx8fHx8fHx8fHw0MDB4MzAw.jpg","large":"ZWI2M2QzN2E0ZDViYzk3NDEzZDgyYmM1ZmEzYTIzNmWh88y0pdPomQoIDwY_5rWGNzk1OTY3LTcyMDYzNjUuanBnfHx8fHx8fHx8fHw2NDB4NDgw.jpg"}]}},{"ad_id":"886355","reg_year":"2005","make":"Ford","model":"Mondeo","variant":"LX 2.0 TD 4DR","mileage":"93208","engine_size":"2.0","fuel_type":"Diesel","body_type":"Saloon","colour":"e0e0e0","location":"Tipperary","price":"\u20ac 4,950","images":{"base_url":"http:\/\/i0.carsie.ie\/","image_list":[{"thumb":"MTJmOGNiOGVkODczNGIyNzJhNjQzNDdjN2IwZDI2ZWSJSGRDJseFs8LEqDmGZQcFODg2MzU1LTcyMTI2NTQuanBnfHx8fHx8OTJ4Njl8fHx8fA==.jpg","main":"MTJiN2U0ZmVhOTA1NGZhZTQxZjIwMjI2ZGIwOGM5N2QfK7-wBn9BW9KrusM5K13XODg2MzU1LTcyMTI2NTQuanBnfHx8fHx8fHx8fHw0MDB4MzAw.jpg","large":"MGU5YzI1MDU5NjE1NWRhOWRkZTRiYjIyYjBmMjQ3ZWWW8B0WgjXu6W7WyOTcBNhBODg2MzU1LTcyMTI2NTQuanBnfHx8fHx8fHx8fHw2NDB4NDgw.jpg"}]}},{"ad_id":"848827","reg_year":"2007","make":"Ford","model":"Transit","variant":"Connect NT T200","mileage":"118685","engine_size":"1.8","fuel_type":"Diesel","body_type":"Van","colour":"ffffff","location":"Carlow","price":"\u20ac 4,950","images":{"base_url":"http:\/\/i0.carsie.ie\/","image_list":[{"thumb":"NDQyNWEwNmJiYTZhNWU1MmU4YWFhM2I3YWZlNDI3YmSWbDz6x7lg65srQaGQyjn6ODQ4ODI3LTY3ODk0MjYuanBnfHx8fHx8OTJ4Njl8fHx8fA==.jpg","main":"MTc2NWM4OGI5Mzc2OGQxMWQyN2Y0ZjQ1YjYxZTU3YzJTeuvN4un7mjHMSQWifeAhODQ4ODI3LTY3ODk0MjYuanBnfHx8fHx8fHx8fHw0MDB4MzAw.jpg","large":"NDMwYThkYzUzODUxYjY2NTk5NTg2YjI5MTdiYmVkZTgk3GDTIEiiGFXYOanfIa57ODQ4ODI3LTY3ODk0MjYuanBnfHx8fHx8fHx8fHw2NDB4NDgw.jpg"}]}},{"ad_id":"898266","reg_year":"2007","make":"Ford","model":"Transit","variant":"280LWB 2.4 115PS","mileage":"123378","engine_size":"2.4","fuel_type":"Diesel","body_type":"Van","colour":"ffffff","location":"Carlow","price":"\u20ac 4,950","images":{"base_url":"http:\/\/i0.carsie.ie\/","image_list":[{"thumb":"OTJjMjE4NGNjZDU5YmJlYjM5NDQxYmZmNzQ0YmIyZDHJqlWdKCn6LuxX2qdljrbEODk4MjY2LTczNjM2NzIuanBnfHx8fHx8OTJ4Njl8fHx8fA==.jpg","main":"YjY0OTBjNDU3MTEyYjIxNDM1OWEwZjA3YTE5MWI5OWMR_Vm3aeV_bmIA-qD_OOECODk4MjY2LTczNjM2NzIuanBnfHx8fHx8fHx8fHw0MDB4MzAw.jpg","large":"N2I2M2I3YTJlNTU3MzFiMjRkOTlkMjdlN2Q3YThhY2MO0dXMT3d5IjqpPdjA8e_XODk4MjY2LTczNjM2NzIuanBnfHx8fHx8fHx8fHw2NDB4NDgw.jpg"}]}},{"ad_id":"712843","reg_year":"2006","make":"Ford","model":"Transit","variant":"","mileage":"111000","engine_size":"2.4","fuel_type":"Diesel","body_type":"Van","colour":"ffffff","location":"Dublin","price":"\u20ac 4,950","images":{"base_url":"http:\/\/i0.carsie.ie\/","image_list":[{"thumb":"MWQ3NTUxYWQ1MThhZmViMDM4MGU2ZDBkZDJiYjc3ZjhIJNFYD1VjM4AZyCAilvDGNzEyODQzLTUwNjg4MDEuanBnfHx8fHx8OTJ4Njl8fHx8fA==.jpg","main":"NjIzYjJlM2M2YWY2NzZkZjRmZTI5MjQ0ZDVhNWI2NGTL80LAvYCB98EGOHpS8IbYNzEyODQzLTUwNjg4MDEuanBnfHx8fHx8fHx8fHw0MDB4MzAw.jpg","large":"MjZkNWEwOWMwMmQwODExODRiNGY5MDI1YzU3YjM3NWYMq6x9668wLNyfMkSAXUqfNzEyODQzLTUwNjg4MDEuanBnfHx8fHx8fHx8fHw2NDB4NDgw.jpg"}]}},{"ad_id":"891061","reg_year":"2006","make":"Ford","model":"Transit","variant":"330 SWB 05DR","mileage":"100000","engine_size":"2.4","fuel_type":"Diesel","body_type":"Van","colour":"0000c0","location":"Dublin","price":"\u20ac 4,950","images":{"base_url":"http:\/\/i0.carsie.ie\/","image_list":[{"thumb":"ODE0ZGVmYTU2NzMzYjY3NDkwYTlkZmU5NjNiM2MyOTkh4O27zxIqOIKXKIDNQCKpODkxMDYxLTcyNTg3MjUuanBnfHx8fHx8OTJ4Njl8fHx8fA==.jpg","main":"ODkyZmMyNTUxZTNkZDQwMWEyYjIyYTYyMmIzNjNlNTn922q_c37ZNDhYeEPCVf_3ODkxMDYxLTcyNTg3MjUuanBnfHx8fHx8fHx8fHw0MDB4MzAw.jpg","large":"YjUyNzFlMGIyM2I2ZDUyMDk2NDYzNzBjMTRiNGNiZDRD60q_UR4xySRknu54osIhODkxMDYxLTcyNTg3MjUuanBnfHx8fHx8fHx8fHw2NDB4NDgw.jpg"}]}},{"ad_id":"814361","reg_year":"2006","make":"Ford","model":"Transit","variant":"280M","mileage":"89000","engine_size":"2.0","fuel_type":"Diesel","body_type":"Hatchback","colour":"e0e0e0","location":"Louth","price":"\u20ac 4,950","images":{"base_url":"http:\/\/i0.carsie.ie\/","image_list":[{"thumb":"ZmVmMTI2N2MzMWM0NWNiMjI4NzYwZWI4NDRhZDVmZTZvwezmPj3VI7vlx_CIBYu4ODE0MzYxLTYzODA5MDkuanBnfHx8fHx8OTJ4Njl8fHx8fA==.jpg","main":"ZTU3OTEyYjFjYWI3OTNhZGM0OGJhYmJlNWE3ZDk2MDC9unkZc01Za1k1kJ7cpcGWODE0MzYxLTYzODA5MDkuanBnfHx8fHx8fHx8fHw0MDB4MzAw.jpg","large":"OTU3NDQ3NjJiNWQ4YjY5Mzc5ZTUzMGU3ZGY1M2VjOWUoQOmiwHdgpHau04Zzov6KODE0MzYxLTYzODA5MDkuanBnfHx8fHx8fHx8fHw2NDB4NDgw.jpg"}]}},{"ad_id":"897482","reg_year":"2004","make":"Honda","model":"Accord","variant":"2.2I CTDI SPORT 4DR","mileage":"138250","engine_size":"2.2","fuel_type":"Diesel","body_type":null,"colour":"e0e0e0","location":"Carlow","price":"\u20ac 4,950","images":{"base_url":"http:\/\/i0.carsie.ie\/","image_list":[{"thumb":"Zjc0NzhlNWI1YjY4OGU3Y2M5Yjg0Njc1ZDM3ZjU3ZWKtopZqkqHNU8tQXgDslLDxODk3NDgyLTczNTQ5NzUuanBnfHx8fHx8OTJ4Njl8fHx8fA==.jpg","main":"MDY3NmRmNjdjNThlMmI0MjVmMmZiY2I5ZjIzYjk3OTGB9db_UY1bnzNvvVUze2f-ODk3NDgyLTczNTQ5NzUuanBnfHx8fHx8fHx8fHw0MDB4MzAw.jpg","large":"NTg4MDI3ODFmMDk1OTY1MTg4ZjEyZGIyZTVlNDA0ODeOX6wKxJxk417hmcewk7pmODk3NDgyLTczNTQ5NzUuanBnfHx8fHx8fHx8fHw2NDB4NDgw.jpg"}]}},{"ad_id":"898895","reg_year":"2005","make":"Honda","model":"Accord","variant":"2.2i Ctdi Executive 04DR","mileage":"150000","engine_size":"2.2","fuel_type":"Diesel","body_type":"Saloon","colour":"0000c0","location":"Limerick","price":"\u20ac 4,950","images":{"base_url":"http:\/\/i0.carsie.ie\/","image_list":[{"thumb":"ZjRlYmY0ZTkyYjM0MzdjN2QyMzcxMThmOTIwMzJjOGQr6tMEM7-5GlyhB-BafaNMODk4ODk1LTczNzA2OTMuanBnfHx8fHx8OTJ4Njl8fHx8fA==.jpg","main":"NGI2NjBkZWVhMTAxYTZkYjVhOWI2ZWYxMjBjMGViNWZjd_qtyTW2hxmFi6-PRErFODk4ODk1LTczNzA2OTMuanBnfHx8fHx8fHx8fHw0MDB4MzAw.jpg","large":"NjM2MmM5ZjJhZTRiYjMxZWM2OWU5NjJlZjI2MTVjYTUnYl9tfCB5w66fP7kM49MMODk4ODk1LTczNzA2OTMuanBnfHx8fHx8fHx8fHw2NDB4NDgw.jpg"}]}}]}