{"total":"23408","result":[{"ad_id":"855434","reg_year":"2006","make":"Ford","model":"Focus","variant":"Zetec Climate D","mileage":"90000","engine_size":"1.6","fuel_type":"Diesel","body_type":"Hatchback","colour":"e0e0e0","location":"Dublin","price":"\u20ac 6,950","images":{"base_url":"http:\/\/i0.carsie.ie\/","image_list":[{"thumb":"NTk5ZmRhYTU1YjdiMGUxY2EyNWM5MzE2NjIxNTdkZDdXxgL2GIMS5lkyqT0c7wpVODU1NDM0LTY4NzA4MDcuanBnfHx8fHx8OTJ4Njl8fHx8fA==.jpg","main":"ZmYyYTY4ODlkYzY4NDQzNTA5YWYzNDdhZjcwYzliYWSPAmsjSDfNKuEsNwlK98VxODU1NDM0LTY4NzA4MDcuanBnfHx8fHx8fHx8fHw0MDB4MzAw.jpg","large":"NmQ3OTljZmU1MjhiNDllODM1YTJiZjRmMGFhYTE4ZWL67VxC6XImdxFrmGBBPvTUODU1NDM0LTY4NzA4MDcuanBnfHx8fHx8fHx8fHw2NDB4NDgw.jpg"}]}},{"ad_id":"883191","reg_year":"2007","make":"Ford","model":"Focus","variant":null,"mileage":"101806","engine_size":"1.6","fuel_type":"Diesel","body_type":"Saloon","colour":"000000","location":"Dublin","price":"\u20ac 6,950","images":{"base_url":"http:\/\/i0.carsie.ie\/","image_list":[{"thumb":"YWM4MTlkNzc5ZTUzMzkzOGRkNTY5NmMwMzg4ZDI0MzV2NH_X8AY57gxGMX7UXiH-ODgzMTkxLTcxNzQyMDguanBnfHx8fHx8OTJ4Njl8fHx8fA==.jpg","main":"MjAzZTExMzdjOTY1MmY0NjI5ZTVhYzc1NmM3NDcxMzZlAxtWSQMPwAYEOd3RS-0bODgzMTkxLTcxNzQyMDguanBnfHx8fHx8fHx8fHw0MDB4MzAw.jpg","large":"YjBlOTc5NGU1Yzk2NTBlN2Y3YTMxNmM4YmNjYmZiY2KzuZf-ZCc_71JuIITNGygiODgzMTkxLTcxNzQyMDguanBnfHx8fHx8fHx8fHw2NDB4NDgw.jpg"}]}},{"ad_id":"883953","reg_year":"2005","make":"Ford","model":"Focus","variant":"NT ZETEC 1.6 5DR 100PS","mileage":"73908","engine_size":"1.6","fuel_type":"Petrol","body_type":null,"colour":"000000","location":"Dublin","price":"\u20ac 6,950","images":{"base_url":"http:\/\/i0.carsie.ie\/","image_list":[{"thumb":"YzAwNWM3ZDNmNmRiMDc0Zjc5NDA0ZWQ0NDFhM2QyNmTFr2FxLlxc2rwlw-iv0HzcODgzOTUzLTcxOTExNDkuanBnfHx8fHx8OTJ4Njl8fHx8fA==.jpg","main":"ODY4M2IwNjAwNWI1MzMwYTk2YjQ2ZmFhNzNlODI0ODOmc6tNthPNNqnyL0S7pWK3ODgzOTUzLTcxOTExNDkuanBnfHx8fHx8fHx8fHw0MDB4MzAw.jpg","large":"YTJjMWQyOTYyZjJkOGQ4YjJiOTc5YzBlYzI0NTJmMTAQeImw1AqOeBNWWXQ3NkNHODgzOTUzLTcxOTExNDkuanBnfHx8fHx8fHx8fHw2NDB4NDgw.jpg"}]}},{"ad_id":"889296","reg_year":"2007","make":"Ford","model":"Focus","variant":"1.4 ZETEC STYLE-SOLD-SOLD-SOLD","mileage":"82644","engine_size":"1.4","fuel_type":"Petrol","body_type":"Hatchback","colour":"0000c0","location":"Dublin","price":"\u20ac 6,950","images":{"base_url":"http:\/\/i0.carsie.ie\/","image_list":[{"thumb":"N2Q0Mzk5YzM5OTRjNzI3NzY5ZDk0ZjJkMjQ1NWI2NTQ6vF8CRenNFZ6KMccGhX5DODg5Mjk2LTczNTYzNTAuanBnfHx8fHx8OTJ4Njl8fHx8fA==.jpg","main":"NDRlNjI2NTM0ODg3OTZhNjIxZWMyN2RkOWFkZWI5ZDHUsfs02faaSfF4UI3HYmL8ODg5Mjk2LTczNTYzNTAuanBnfHx8fHx8fHx8fHw0MDB4MzAw.jpg","large":"ZTFlZTRmMWE5NTM2NWY4MWE1ZTUwMjIyODhmNjdhMDD0LwZ1tW8_zHj-r1pgvatdODg5Mjk2LTczNTYzNTAuanBnfHx8fHx8fHx8fHw2NDB4NDgw.jpg"}]}},{"ad_id":"895122","reg_year":"2007","make":"Ford","model":"Focus","variant":"Style 1.8 125PS","mileage":"43000","engine_size":"1.8","fuel_type":"Petrol","body_type":"Hatchback","colour":"0000c0","location":"Dublin","price":"\u20ac 6,950","images":{"base_url":"http:\/\/i0.carsie.ie\/","image_list":[{"thumb":"YTgzMzgxODkwMTQ3MTBhNjRiZGQwZTgwYTQyYmFlMzC7GNolUsNm5e1E4TliUJuQODk1MTIyLTczNDk0NzQuanBnfHx8fHx8OTJ4Njl8fHx8fA==.jpg","main":"OTVmNjE5ZTg3ZDBiNGIxZTlmNjliNDU0ZTViN2U0MDDFWz2OPuadN-Xb2fn4zkSKODk1MTIyLTczNDk0NzQuanBnfHx8fHx8fHx8fHw0MDB4MzAw.jpg","large":"MjQwZTQzN2Y0MjJhYzMwZmZlMzhiYWI5MTkyYmQzODVu2uiu1WR0nxJ9DvP3kwK8ODk1MTIyLTczNDk0NzQuanBnfHx8fHx8fHx8fHw2NDB4NDgw.jpg"}]}},{"ad_id":"896392","reg_year":"2007","make":"Ford","model":"Focus","variant":"1.6 TDCI LX 89BHP 05DR","mileage":"124545","engine_size":"1.6","fuel_type":"Diesel","body_type":"Hatchback","colour":"e0e0e0","location":"Dublin","price":"\u20ac 6,950","images":{"base_url":"http:\/\/i0.carsie.ie\/","image_list":[{"thumb":"ZjFmM2U3NzJiMWM0YmU5YWRlNzlmMjFmNDkxNThlOWF-MEmlyOWiRKmQ2rsbAAcUODk2MzkyLTczNDE4NTkuanBnfHx8fHx8OTJ4Njl8fHx8fA==.jpg","main":"NDE2MzdhMzFjNDg5YjUxMWQ3ZGExYTljOWFlY2M1ZWOID34Sn0MbXB20tm48ZgVaODk2MzkyLTczNDE4NTkuanBnfHx8fHx8fHx8fHw0MDB4MzAw.jpg","large":"NDIyNzBlNzhjM2I1YzkwYjMwZDViNDM5ZmFlODIxNWHECpin9RlrniZ7hiJlIiMjODk2MzkyLTczNDE4NTkuanBnfHx8fHx8fHx8fHw2NDB4NDgw.jpg"}]}},{"ad_id":"898412","reg_year":"2006","make":"Ford","model":"Focus","variant":"1.6 TDCI Ghia 04DR","mileage":"87000","engine_size":"1.6","fuel_type":"Diesel","body_type":"Saloon","colour":"ff0000","location":"Dublin","price":"\u20ac 6,950","images":{"base_url":"http:\/\/i0.carsie.ie\/","image_list":[{"thumb":"OTEzNWY2OGQ5MmEwMDUyYzM4NWJlMTlhMzg0YjNlYmEtKW-CyFzcMDW6IUsDxrN5ODk4NDEyLTczNjUzMzAuanBnfHx8fHx8OTJ4Njl8fHx8fA==.jpg","main":"ZTYzMzdhOWMyMzczOGFmNjc5ZDhhM2Y5MTVmYjRmMGNPYgSPiZGl8r5VIMObi-mkODk4NDEyLTczNjUzMzAuanBnfHx8fHx8fHx8fHw0MDB4MzAw.jpg","large":"ZmM5ZDNhYjFkNGZhNWI1OGE2OGZhN2Q2OTVmZGE5Mja9IhlOjTMabmjxSCALyHCrODk4NDEyLTczNjUzMzAuanBnfHx8fHx8fHx8fHw2NDB4NDgw.jpg"}]}},{"ad_id":"900642","reg_year":"2007","make":"Ford","model":"Focus","variant":"Style 1.6 100PS 4DR --FANTASTIC PRICE!!--","mileage":"65894","engine_size":"1.6","fuel_type":"Petrol","body_type":"Saloon","colour":"000000","location":"Dublin","price":"\u20ac 6,950","images":{"base_url":"http:\/\/i0.carsie.ie\/","image_list":[{"thumb":"MDM0Mjg4OTJiYmY3YjVhYzE1OWNmYTQyOTRjYzkxYTbGKaLNe3gb5xRNZ_oEFYBSOTAwNjQyLTc0MDQ1OTEuanBnfHx8fHx8OTJ4Njl8fHx8fA==.jpg","main":"YmQ1NGE1ZjJiMTIzY2Y2N2U3MWE4MDY4OTYzOGJjNDRr3cKv9R6RcjC5ksdB0LzxOTAwNjQyLTc0MDQ1OTEuanBnfHx8fHx8fHx8fHw0MDB4MzAw.jpg","large":"NjU5MmJkZmIyMGUxMTIwZTRmZDdkNDQ0Y2Q1MmFhMjfygC9TkU9mKsQsK2fOdBZiOTAwNjQyLTc0MDQ1OTEuanBnfHx8fHx8fHx8fHw2NDB4NDgw.jpg"}]}},{"ad_id":"900736","reg_year":"2007","make":"Ford","model":"Focus","variant":null,"mileage":"86992","engine_size":"1.6","fuel_type":"Petrol","body_type":null,"colour":"e0e0e0","location":"Dublin","price":"\u20ac 6,950","images":{"base_url":"http:\/\/i0.carsie.ie\/","image_list":[{"thumb":"NGRiNWRiNzM2MDE1M2FjNzQwNWEwNTcwYWUyZTc0NTR0E0wZuJ09cZfwiGGh122GOTAwNzM2LTc0MTMyNDMuanBnfHx8fHx8OTJ4Njl8fHx8fA==.jpg","main":"YTIyYmM5NGQ2ZjBlZmJlNWMzZjcwNjdjYTE5NGEzNmIZQGlytHEOJ4TZ8zqu0JezOTAwNzM2LTc0MTMyNDMuanBnfHx8fHx8fHx8fHw0MDB4MzAw.jpg","large":"OWYyMDUzNmVlY2JmNDA1ZWQxNjVmMDIwOTQ5ZTA0Nza6cr198GDYemKjPyogOY4EOTAwNzM2LTc0MTMyNDMuanBnfHx8fHx8fHx8fHw2NDB4NDgw.jpg"}]}},{"ad_id":"901983","reg_year":"2006","make":"Ford","model":"Focus","variant":"LX 1.4 (80PS) 5D","mileage":"41000","engine_size":"1.4","fuel_type":"Petrol","body_type":"Hatchback","colour":"0000c0","location":"Dublin","price":"\u20ac 6,950","images":{"base_url":"http:\/\/i0.carsie.ie\/","image_list":[{"thumb":"MGEzM2E2YTA2YzhiNTA3NGYwYThmMDk5ZTdkYmRiMmHm6uVUusJo3-hSxIxLVf6HOTAxOTgzLTc0Mjk4MzAuanBnfHx8fHx8OTJ4Njl8fHx8fA==.jpg","main":"Yjk5NjdlZTdmYWJhNTc5MmUyZGNkZDk1MDVkODA3ODiaVAwGKeLaEST6bTUAh5SlOTAxOTgzLTc0Mjk4MzAuanBnfHx8fHx8fHx8fHw0MDB4MzAw.jpg","large":"ZTFmMzI3NjQyZDhiNjU5OWM2N2U4ZWM1ZTgxOWJiMTEEMC5HfWBN4ioBbOzno2pAOTAxOTgzLTc0Mjk4MzAuanBnfHx8fHx8fHx8fHw2NDB4NDgw.jpg"}]}},{"ad_id":"900285","reg_year":"2006","make":"Ford","model":"Focus","variant":null,"mileage":"54979","engine_size":"1.4","fuel_type":"Petrol","body_type":null,"colour":"000000","location":"Galway","price":"\u20ac 6,950","images":{"base_url":"http:\/\/i0.carsie.ie\/","image_list":[{"thumb":"NDZlM2ZjOWYxNmJiNDE3YTg1NGQ0NmJlMmNkY2QyMmFKirvT3QGI5YUtqsCAXU0zOTAwMjg1LTc0MDEyNjMuanBnfHx8fHx8OTJ4Njl8fHx8fA==.jpg","main":"NDJmMzk2NWIxNWYyMmMyNzY0MjNmZDFjY2I5NjNiODR94uCOufLBB3irSiLJzJLpOTAwMjg1LTc0MDEyNjMuanBnfHx8fHx8fHx8fHw0MDB4MzAw.jpg","large":"N2ZjMTIxNGExZjBkOTBlZTlmOWVlNDcyY2ExYmYzODdsOMvrU0Xnq8EZ1Uihz3CUOTAwMjg1LTc0MDEyNjMuanBnfHx8fHx8fHx8fHw2NDB4NDgw.jpg"}]}},{"ad_id":"859681","reg_year":"2008","make":"Ford","model":"Focus","variant":"Style 1.6 100PS","mileage":"88237","engine_size":"1.6","fuel_type":"Petrol","body_type":"Hatchback","colour":"000000","location":"Laois","price":"\u20ac 6,950","images":{"base_url":"http:\/\/i0.carsie.ie\/","image_list":[{"thumb":"MzJjM2ZhNGMwZjRhZDczODE1NzM5MTFiZDE5MDc3MzI9Hp49COtasdSsR2QxwvtJODU5NjgxLTY4OTkzNDAuanBnfHx8fHx8OTJ4Njl8fHx8fA==.jpg","main":"ODg2ZTkyYzUyOWM3Y2JmODRlMjEyMTIwZGVjYTUwYjRQ8tLdBmec63FK147JXWYRODU5NjgxLTY4OTkzNDAuanBnfHx8fHx8fHx8fHw0MDB4MzAw.jpg","large":"MjRiNDE5Y2M2OTI1YzgwY2I0NWMwMDNiYzIzMDE5MDMVf4r2JKnppn4J1fV6CtlbODU5NjgxLTY4OTkzNDAuanBnfHx8fHx8fHx8fHw2NDB4NDgw.jpg"}]}},{"ad_id":"862829","reg_year":"2007","make":"Ford","model":"Focus","variant":"LX 1.4","mileage":"80780","engine_size":"1.4","fuel_type":"Petrol","body_type":"Hatchback","colour":"ff0000","location":"Mayo","price":"\u20ac 6,950","images":{"base_url":"http:\/\/i0.carsie.ie\/","image_list":[{"thumb":"MjM1ZjM4MGM5ZDI5ZjhiNzgwMzdkZDk3MDBkNjNkYmaj9b-e_lR4yOOke_CPjBTZODYyODI5LTY5MzQzMzkuanBnfHx8fHx8OTJ4Njl8fHx8fA==.jpg","main":"MzA1N2Q5NTMxYmI3YzRkZDVmNjM1N2E3MzNlMGQzZjiASxVgiegcuk-mVGtnp3PZODYyODI5LTY5MzQzMzkuanBnfHx8fHx8fHx8fHw0MDB4MzAw.jpg","large":"NmRjODgzMTk1MGRiNjU0ZTUxYTZkYWFmZDdiZmIyYWH5GU4jHz-jXX6gPZRRKkQgODYyODI5LTY5MzQzMzkuanBnfHx8fHx8fHx8fHw2NDB4NDgw.jpg"}]}},{"ad_id":"873081","reg_year":"2006","make":"Ford","model":"Focus","variant":"1.6 TDCI LX 5DR *MINT CONDITION* *PARTS AND LABOUR WARRANTY* *VERY WELL LOOKED AFTER CAR* *BUY WITH CONFIDENCE FROM ROCHFORD MOTORS*","mileage":"104000","engine_size":"1.6","fuel_type":"Diesel","body_type":"Hatchback","colour":"000000","location":"Mayo","price":"\u20ac 6,950","images":{"base_url":"http:\/\/i0.carsie.ie\/","image_list":[{"thumb":"MmRiZDg2OTU2NTBiMDlhMTg5MzRiN2MyMTY3Njc0MWP5KNk1cN_HaW3Lh704GThbODczMDgxLTcwNTQwMzMuanBnfHx8fHx8OTJ4Njl8fHx8fA==.jpg","main":"NWNhM2E4NmUwZTczNjBhMjVmNzRmODQ4ZTRiOWM5N2WFdObIzqIA0mEEuJByoSqqODczMDgxLTcwNTQwMzMuanBnfHx8fHx8fHx8fHw0MDB4MzAw.jpg","large":"ZmYzYWRjZmEwODgxNDgxODNmNGVjNDc2NDY0NjExYjfCCXqyqgLvPmZllemFnUVvODczMDgxLTcwNTQwMzMuanBnfHx8fHx8fHx8fHw2NDB4NDgw.jpg"}]}},{"ad_id":"893795","reg_year":"2006","make":"Ford","model":"Focus","variant":"1.4 ZETEC 5DR","mileage":"59653","engine_size":"1.4","fuel_type":"Petrol","body_type":"Hatchback","colour":"0000c0","location":"Meath","price":"\u20ac 6,950","images":{"base_url":"http:\/\/i0.carsie.ie\/","image_list":[{"thumb":"M2E2YzQxYmE0ZTVkMzVjM2NkZGM0MTRlZjMwMmIxMWK_27hla6bhRcqOVSfdfFH9ODkzNzk1LTcyOTk0OTEuanBnfHx8fHx8OTJ4Njl8fHx8fA==.jpg","main":"MDFlNjQ3YWIzNWNjNzY2YzYwNmMxNmVkNzhiNTgxYjd1dGqaT1BomJgNCH-16OhgODkzNzk1LTcyOTk0OTEuanBnfHx8fHx8fHx8fHw0MDB4MzAw.jpg","large":"MjE3NzZjN2RhNTA4NDE5YTdjOTBhNmEwMjI4NGQxMWTvELrWM9LA5LeVojUB0rqFODkzNzk1LTcyOTk0OTEuanBnfHx8fHx8fHx8fHw2NDB4NDgw.jpg"}]}},{"ad_id":"894722","reg_year":"2005","make":"Ford","model":"Focus","variant":"focus nt ghia 1.6","mileage":"69283","engine_size":"1.6","fuel_type":"Petrol","body_type":"Hatchback","colour":"e0e0e0","location":"Meath","price":"\u20ac 6,950","images":{"base_url":"http:\/\/i0.carsie.ie\/","image_list":[{"thumb":"YTY3Yzk0YjE5Mjk3YWQ5OWQzMjZhZjE3YTY5NzgxYTmqsVSnWUCGnMnGz1aYH-9bODk0NzIyLTczNDY4OTQuanBnfHx8fHx8OTJ4Njl8fHx8fA==.jpg","main":"ZjkxODMyZmMyNDM4NjJhNzQ5ZmYzYmYwMDgyYzVjNjRhso05wPigQekkeUCmn2UwODk0NzIyLTczNDY4OTQuanBnfHx8fHx8fHx8fHw0MDB4MzAw.jpg","large":"Zjc3ZDAwYzRhYWU4YWRmMjI1NjE5MDkxYWRmYjdmNjWh6ZtEVYWFDo1DkDIRICIWODk0NzIyLTczNDY4OTQuanBnfHx8fHx8fHx8fHw2NDB4NDgw.jpg"}]}},{"ad_id":"900944","reg_year":"2007","make":"Ford","model":"Focus","variant":"1.8 TDCI LX 05DR","mileage":"124726","engine_size":"1.8","fuel_type":"Diesel","body_type":"Hatchback","colour":"858585","location":"Meath","price":"\u20ac 6,950","images":{"base_url":"http:\/\/i0.carsie.ie\/","image_list":[{"thumb":"NWEwMjc5ZmFjZjAyYzk4Njc4OGIzZmI3ODgzNDEzMGY1fjTc9EeoDJ59XdyYm1Z5OTAwOTQ0LTc0MTQyNDIuanBnfHx8fHx8OTJ4Njl8fHx8fA==.jpg","main":"NjVlNGFhZjg3NDg0NWNlYWU1ZjE3NTUzMTdhOWQ1M2OJB25hwUigEZd7DciqPiJTOTAwOTQ0LTc0MTQyNDIuanBnfHx8fHx8fHx8fHw0MDB4MzAw.jpg","large":"NTM2OTI5OTNhYTEwMTFkMDc4YTUzNTEwMDQzNjkwMTFuhRn1nJiOamP1MvmPADilOTAwOTQ0LTc0MTQyNDIuanBnfHx8fHx8fHx8fHw2NDB4NDgw.jpg"}]}},{"ad_id":"889314","reg_year":"2007","make":"Ford","model":"Focus","variant":"1.4 ZETEC STYLE-SOLD-SOLD-SOLD","mileage":"82644","engine_size":"1.4","fuel_type":"Petrol","body_type":"Hatchback","colour":"0000c0","location":"Waterford","price":"\u20ac 6,950","images":{"base_url":"http:\/\/i0.carsie.ie\/","image_list":[{"thumb":"NDEyZmYyM2U4ODM0YzQ4NmJkYWFkY2ViMGYyMThiMmS-aVBWV-oKWK9S2XWTpU0LODg5MzE0LTczNTYzODYuanBnfHx8fHx8OTJ4Njl8fHx8fA==.jpg","main":"NTA4YWEyNmQ1MDBiMTk5MWJkNTZhYTc5NzY5ODMyMDnm_7t-bPKHAdAWxeoQUdKFODg5MzE0LTczNTYzODYuanBnfHx8fHx8fHx8fHw0MDB4MzAw.jpg","large":"YzdmNjhkMjhmMGIzNmIwMWM1MmJiNmNkY2UwYjQ4M2PpdoXJxZdnB8vVdWlREwnSODg5MzE0LTczNTYzODYuanBnfHx8fHx8fHx8fHw2NDB4NDgw.jpg"}]}},{"ad_id":"900768","reg_year":"2006","make":"Ford","model":"Focus","variant":null,"mileage":"71450","engine_size":"1.4","fuel_type":"Petrol","body_type":null,"colour":"000000","location":"Wexford","price":"\u20ac 6,950","images":{"base_url":"http:\/\/i0.carsie.ie\/","image_list":[{"thumb":"N2ViYjUyMDIzOGM3N2NlZjE2YWFhODZhNDg4NGY2MzQhEULX0szbgnxC66bPxPu6OTAwNzY4LS5qcGd8fHx8fHw5Mng2OXx8fHx8.jpg","main":"NjM0YWM1NWQyYmFmOTY1YjJlYmEwOTZiNTVhMGNlN2OvtRgTkgbW6dDYxbEzPRQaOTAwNzY4LS5qcGd8fHx8fHx8fHx8fDQwMHgzMDA=.jpg","large":"MDJlY2EyMTE2YTBmYTk4ZDdhNzU2NmY3YzE1ZTk2ZTUwhlswVmzLWpSk_3hHjLlXOTAwNzY4LS5qcGd8fHx8fHx8fHx8fDY0MHg0ODA=.jpg"}]}},{"ad_id":"876415","reg_year":"2006","make":"Ford","model":"Galaxy","variant":"1.9 TD LX 5DR","mileage":"127000","engine_size":"1.9","fuel_type":"Diesel","body_type":"People Carrier","colour":"e0e0e0","location":"Longford","price":"\u20ac 6,950","images":{"base_url":"http:\/\/i0.carsie.ie\/","image_list":[{"thumb":"MGM3OTRjZjU3MGE2NDQ4MGZjM2ZkNzA2ZjVkMzUzYjjTOtVNjxzBZf0nKcsAzFxKODc2NDE1LTcxMDE0ODMuanBnfHx8fHx8OTJ4Njl8fHx8fA==.jpg","main":"NDE2YzAxMWE2OGM5ZjYxZTgzMzNkOTJlZDQ0MjBiYjfYZxXDn-0XrQtDyqa38zr4ODc2NDE1LTcxMDE0ODMuanBnfHx8fHx8fHx8fHw0MDB4MzAw.jpg","large":"NDM3NDEzMjRhNTg1MjIwNzhiOWVlY2FmZDMyZDFjMzUd_Oq0kcBsDah6USCbXI3oODc2NDE1LTcxMDE0ODMuanBnfHx8fHx8fHx8fHw2NDB4NDgw.jpg"}]}}]}