{"total":"23408","result":[{"ad_id":"798589","reg_year":"2003","make":"Ford","model":"Fiesta","variant":"Auttomatic - Durashift","mileage":"74052","engine_size":"1.4","fuel_type":"Petrol","body_type":"Hatchback","colour":"e0e0e0","location":"Dublin","price":"\u20ac 3,650","images":{"base_url":"http:\/\/i0.carsie.ie\/","image_list":[{"thumb":"ZDE1NGY1ZDg3MjAzNjljY2E4YjllNDIwOGI5OGQyMjiUoBq7SM2SuSey9ZXIHY_rNzk4NTg5LTYxODI2ODMuanBnfHx8fHx8OTJ4Njl8fHx8fA==.jpg","main":"M2U4ZTY0MDMwYzFlNzY2MzgyNTNlNmMwOGY0OTQ2ZDYGJNQ5DU0_XQoBkGUJ1wlMNzk4NTg5LTYxODI2ODMuanBnfHx8fHx8fHx8fHw0MDB4MzAw.jpg","large":"ZmZmM2M2OWZmMzNkYzI1N2M4NTNiNTM0NTU0ZDExZGIbxjRzrewwwWqIK7T1CyKiNzk4NTg5LTYxODI2ODMuanBnfHx8fHx8fHx8fHw2NDB4NDgw.jpg"}]}},{"ad_id":"894982","reg_year":"2004","make":"Ford","model":"Focus","variant":"Collection","mileage":"103986","engine_size":"1.4","fuel_type":"Petrol","body_type":"Hatchback","colour":"000000","location":"Cork","price":"\u20ac 3,650","images":{"base_url":"http:\/\/i0.carsie.ie\/","image_list":[{"thumb":"YTk4MmQ1MGIzN2FjNzI0ODFkZjhlODJiZjhjMzFiNmSOhGgycanGpXgbMnAQLcp3ODk0OTgyLTc0MTYyNzIuanBnfHx8fHx8OTJ4Njl8fHx8fA==.jpg","main":"Njk0MDdiZThmMzlhYTU4NWJmMTIxMWIzZTI4ZGUyNzJ1g0iWB5FNSeiImU--ZXM8ODk0OTgyLTc0MTYyNzIuanBnfHx8fHx8fHx8fHw0MDB4MzAw.jpg","large":"MDUxYTEyODMzZmI3YjhmOWU0ZjhhZWUwYzI1YTAyYjHIp_AaTzXrYWyt9_J-aZbDODk0OTgyLTc0MTYyNzIuanBnfHx8fHx8fHx8fHw2NDB4NDgw.jpg"}]}},{"ad_id":"901446","reg_year":"2005","make":"Ford","model":"Focus","variant":"Estate ","mileage":"99600","engine_size":"1.6","fuel_type":"Petrol","body_type":"Estate","colour":"ff0000","location":"Kerry","price":"\u20ac 3,650","images":{"base_url":"http:\/\/i0.carsie.ie\/","image_list":[{"thumb":"NDI2MzEwZTkzOWM5YWY0N2Y1NWUzZDY1YzM4MjE1MGGrvAAQrYWaYVjJpnEzwOmkOTAxNDQ2LTc0MTkxMjcuanBnfHx8fHx8OTJ4Njl8fHx8fA==.jpg","main":"ODBlOTNiYjAxZWU4MTUxYThlN2E2NWE0YWI2YzUzN2GpjxtGKMgdu95neuiURdwtOTAxNDQ2LTc0MTkxMjcuanBnfHx8fHx8fHx8fHw0MDB4MzAw.jpg","large":"Y2IxMDYzNTQzOTM2ZjhlM2Q5YjE4NWQ4YWNhYTVkOTXLuDJpdOVVrkfJb6H7T53ROTAxNDQ2LTc0MTkxMjcuanBnfHx8fHx8fHx8fHw2NDB4NDgw.jpg"}]}},{"ad_id":"868731","reg_year":"2003","make":"Ford","model":"Fusion","variant":"2 1.4 Auto","mileage":"90000","engine_size":"1.4","fuel_type":"Petrol","body_type":"Hatchback","colour":"e0e0e0","location":"Cork","price":"\u20ac 3,650","images":{"base_url":"http:\/\/i0.carsie.ie\/","image_list":[{"thumb":"ZmY5NmJjNmI1ZjMxZjY1ZDA4NmYxZmI4ZGM5ZTNlZWG9gYuurZF1gVFkBVAOgEixODY4NzMxLTcxNzk3OTMuanBnfHx8fHx8OTJ4Njl8fHx8fA==.jpg","main":"Y2Y0ZDdhOWU4YWRmYWYyYWFjZmViYTA4YmEyM2FmYTSRuk3v7OrvHwQsBAVOQDqYODY4NzMxLTcxNzk3OTMuanBnfHx8fHx8fHx8fHw0MDB4MzAw.jpg","large":"MDE3OWVhZTRiZGU0N2M2ZjZkYjllYWY4Yzc5NjQzMWSzAUyEEycpukaNHdptsHocODY4NzMxLTcxNzk3OTMuanBnfHx8fHx8fHx8fHw2NDB4NDgw.jpg"}]}},{"ad_id":"829827","reg_year":"2004","make":"Ford","model":"Mondeo","variant":"Zetec 5DR","mileage":"162000","engine_size":"2.0","fuel_type":"Diesel","body_type":"Estate","colour":"e0e0e0","location":"Cork","price":"\u20ac 3,650","images":{"base_url":"http:\/\/i0.carsie.ie\/","image_list":[{"thumb":"OTM1ZTk5MWJiNTU3YmZlNDUxNzBlNzk5M2Q1MzdkYWQNvSBBgq32lMdpJCzkou9SODI5ODI3LTY1NzM4NDcuanBnfHx8fHx8OTJ4Njl8fHx8fA==.jpg","main":"NDYzMzVlMGIxMTQ4YzBiYzVlNTE5NjhkMTMwNTlhYTc01044k0QLH2K6pJjCUYqGODI5ODI3LTY1NzM4NDcuanBnfHx8fHx8fHx8fHw0MDB4MzAw.jpg","large":"N2U1ODlkZjM2ZTFiMmIwNjBjMTVmMmM5Njk1NGIzOGI9I72cuKbhh64k6PRooYMNODI5ODI3LTY1NzM4NDcuanBnfHx8fHx8fHx8fHw2NDB4NDgw.jpg"}]}},{"ad_id":"329321","reg_year":"2001","make":"Ford","model":"Puma","variant":"","mileage":"86667","engine_size":"1.6","fuel_type":"Petrol","body_type":"Hatchback","colour":"008000","location":"Meath","price":"\u20ac 3,650","images":{"base_url":"http:\/\/i0.carsie.ie\/","image_list":[{"thumb":"NjExODFhMDMzMjMyNmY5NTQ5MWUwMmQ5NzZlNTA2NThmFRY2Wb4NfgnfjKqqzAs1MzI5MzIxLTI0OTExNDMuanBnfHx8fHx8OTJ4Njl8fHx8fA==.jpg","main":"Nzc1NDI1NjQ4YzYxYjM0N2ZhZDFmMzc0NGQ2YWNiMWNLLDvkLJUexXf62L8QUV0WMzI5MzIxLTI0OTExNDMuanBnfHx8fHx8fHx8fHw0MDB4MzAw.jpg","large":"YTU5NGY2YjVhYjE1MjYyMjdjZTg1NmQyYzkxM2Q1ZTNkh6ZsRDN-DgO96HvlV277MzI5MzIxLTI0OTExNDMuanBnfHx8fHx8fHx8fHw2NDB4NDgw.jpg"}]}},{"ad_id":"899002","reg_year":"2003","make":"Honda","model":"Civic","variant":"1.4I","mileage":"120000","engine_size":"1.4","fuel_type":"Petrol","body_type":"Hatchback","colour":"e0e0e0","location":"Limerick","price":"\u20ac 3,650","images":{"base_url":"http:\/\/i0.carsie.ie\/","image_list":[{"thumb":"ZjU4M2ViMzIwZTQ3M2Q4MzkwNTQ4ZDFmOTlkZTc4OGMw4cKmCUDp2TK47uidn8vhODk5MDAyLTczNzIyNTYuanBnfHx8fHx8OTJ4Njl8fHx8fA==.jpg","main":"NjI2NDZlMWIyNDUwNDE1NDQ3NWVjZGRjMzYxMWYzZDSBmurRKFZ1wCsoIfbV3qWXODk5MDAyLTczNzIyNTYuanBnfHx8fHx8fHx8fHw0MDB4MzAw.jpg","large":"ZWMwNDIwZGU1MTgwM2U3ZGFmODY4NTY4MTJkN2Q5YWLsfg4jLlTI_moknkJqK83NODk5MDAyLTczNzIyNTYuanBnfHx8fHx8fHx8fHw2NDB4NDgw.jpg"}]}},{"ad_id":"868120","reg_year":"2001","make":"Mercedes-Benz","model":"CLK 200","variant":"ML","mileage":"92827","engine_size":"2.0","fuel_type":"Petrol","body_type":"Coupe","colour":"0000c0","location":"Dublin","price":"\u20ac 3,650","images":{"base_url":"http:\/\/i0.carsie.ie\/","image_list":[{"thumb":"ZjkzMWM5NjJhYjRiMWI3MDcyMWQ0NTViNDA1YTRmMjH21IGhqeATacnNxbQXLx7qODY4MTIwLTY5OTkyNDQuanBnfHx8fHx8OTJ4Njl8fHx8fA==.jpg","main":"NjAyODM5NGY2MTc2YWU1MzA2MGVjNTQwNWI4ZGZlN2YFpXrbS1dPneK1JzYjKmUIODY4MTIwLTY5OTkyNDQuanBnfHx8fHx8fHx8fHw0MDB4MzAw.jpg","large":"NDNkMThhNTU0NzA0OGNmY2Y0NGJiNTg4ZmFlMTM1MmH7c7UQ8OT6ShpVggTpr_DrODY4MTIwLTY5OTkyNDQuanBnfHx8fHx8fHx8fHw2NDB4NDgw.jpg"}]}},{"ad_id":"900971","reg_year":"2002","make":"Mini","model":"One","variant":null,"mileage":"100000","engine_size":"1.6","fuel_type":"Petrol","body_type":"Hatchback","colour":"000000","location":"Dublin","price":"\u20ac 3,650","images":{"base_url":"http:\/\/i0.carsie.ie\/","image_list":[{"thumb":"NzM1MGM4MTViZDg2NDZjY2Q2ZTIzYjY4MzUwYmZmM2KtAclWMFol-y-ieF9p5lSYOTAwOTcxLTc0MTQ2ODYuanBnfHx8fHx8OTJ4Njl8fHx8fA==.jpg","main":"YjFmMWVhMTFlODNhOTAwZTk1MTJiNTUyZGJhNWQ0NzDuIUN_T4k7uJA_VwSVitfzOTAwOTcxLTc0MTQ2ODYuanBnfHx8fHx8fHx8fHw0MDB4MzAw.jpg","large":"MjdjNWE5ZmRmODk5MjJmZjZhMGRkZTZjNmExMDIxMmLTOgTGY3LSqiTM5TMNeoF5OTAwOTcxLTc0MTQ2ODYuanBnfHx8fHx8fHx8fHw2NDB4NDgw.jpg"}]}},{"ad_id":"829153","reg_year":"2003","make":"Mitsubishi","model":"L200","variant":"L200 Double CAB ABS","mileage":"170000","engine_size":"2.5","fuel_type":"Diesel","body_type":"Hatchback","colour":null,"location":"Cork","price":"\u20ac 3,650","images":{"base_url":"http:\/\/i0.carsie.ie\/","image_list":[{"thumb":"OGE0YmExODg0Yjg1YzNhOWE1MTA0ZDI5ZWVhNDJhMjkdFG5Ohz8acbvkeURUjoF8ODI5MTUzLTY1NzM4MTMuanBnfHx8fHx8OTJ4Njl8fHx8fA==.jpg","main":"OTRmMWEwY2M4ODI4NzQ1YTVmZGQzZjVjMDBlMDdhZjPRiQtUdodyfvhtqxDIow8vODI5MTUzLTY1NzM4MTMuanBnfHx8fHx8fHx8fHw0MDB4MzAw.jpg","large":"YTA1YzkwNmI0OWMyMGFjZjQwNjhkZTM3OWUxMGUyM2Ox7t2PE6-ZeeZoT8jsLo9mODI5MTUzLTY1NzM4MTMuanBnfHx8fHx8fHx8fHw2NDB4NDgw.jpg"}]}},{"ad_id":"898696","reg_year":"2005","make":"Mitsubishi","model":"Lancer","variant":"1.6 Comfort","mileage":"66300","engine_size":"1.6","fuel_type":"Petrol","body_type":"Saloon","colour":"ff0000","location":"Donegal","price":"\u20ac 3,650","images":{"base_url":"http:\/\/i0.carsie.ie\/","image_list":[{"thumb":"OGVhMmY3YzQ1NGVmZmE4ZmUyNzUxODQ0NzE5ZWMwYWN0N6jWr9zrqK8Jid6VnW0MODk4Njk2LTczNjc1NDAuanBnfHx8fHx8OTJ4Njl8fHx8fA==.jpg","main":"NDU5YWRiMmE0MWZhZmI4NTc2OGJjZTg0ZTYzYjI4YzCB1Rb3fMgse5cvySqAv_SQODk4Njk2LTczNjc1NDAuanBnfHx8fHx8fHx8fHw0MDB4MzAw.jpg","large":"MzFhYmE3YzAzOWZjZmYxNWEwMDAxODJlNmYwZTU4NzeMC09xjfuT1bTdhUqfw2rEODk4Njk2LTczNjc1NDAuanBnfHx8fHx8fHx8fHw2NDB4NDgw.jpg"}]}},{"ad_id":"885496","reg_year":"2003","make":"Nissan","model":"Almera","variant":"1.5 4DR Tekna","mileage":"65000","engine_size":"1.5","fuel_type":"Petrol","body_type":"Saloon","colour":"e0e0e0","location":"Kerry","price":"\u20ac 3,650","images":{"base_url":"http:\/\/i0.carsie.ie\/","image_list":[{"thumb":"OGY2MWJhYzgxZDU5YTFlMjVhMjNlY2NhZGU5NTMwYzTiXWvl9jRm5_kZK8GULu6lODg1NDk2LTcyMTEwMTAuanBnfHx8fHx8OTJ4Njl8fHx8fA==.jpg","main":"MWYzNzU2NjBhNTYzYzhiYmFiMmEyODM5ZTI5OTE5NzF4YV-oujbikB5cOxVdpDXcODg1NDk2LTcyMTEwMTAuanBnfHx8fHx8fHx8fHw0MDB4MzAw.jpg","large":"ZWZlNzA0OTQ4ZGQzYTM2MjM2OTQ4ODhkM2UwZGI2ODZOKpSM-UKzOv2Bg4AHebUoODg1NDk2LTcyMTEwMTAuanBnfHx8fHx8fHx8fHw2NDB4NDgw.jpg"}]}},{"ad_id":"581985","reg_year":"2006","make":"Opel","model":"Agila","variant":"","mileage":"52031","engine_size":"1.0","fuel_type":"Petrol","body_type":"Hatchback","colour":"0000c0","location":"Cavan","price":"\u20ac 3,650","images":{"base_url":"http:\/\/i0.carsie.ie\/","image_list":[{"thumb":"Y2I1YzVmNmNmM2NhMTAwNTk2NDJjYjllOWJiN2FjNDj4bOyOGFu7T7kz2qN4bYUXNTgxOTg1LTM2NDEyOTQuanBnfHx8fHx8OTJ4Njl8fHx8fA==.jpg","main":"ZGU5Njk3NTBiNmVjOWJhMmRhNGZmODgwZTFhMTRjNjkFg-70M1j9V4d1HCkYO_GYNTgxOTg1LTM2NDEyOTQuanBnfHx8fHx8fHx8fHw0MDB4MzAw.jpg","large":"NmE4NTU0NTFmY2Q1NWVlZGJkNmYzOTU2ZTRhODNjYWT-BYAvL-IIQQqcDlIW5U__NTgxOTg1LTM2NDEyOTQuanBnfHx8fHx8fHx8fHw2NDB4NDgw.jpg"}]}},{"ad_id":"881276","reg_year":"2003","make":"Opel","model":"Corsa","variant":"Njoy 5 DR","mileage":"93831","engine_size":"1.0","fuel_type":"Petrol","body_type":"Hatchback","colour":"0000c0","location":"Westmeath","price":"\u20ac 3,650","images":{"base_url":"http:\/\/i0.carsie.ie\/","image_list":[{"thumb":"NWNiZWNkODA3NzRjZTJmNWM3MGRlZmYyODE2ZDlmODlKvBTiiwjhohgVaTvZ6rdDODgxMjc2LTcxNDk1ODcuanBnfHx8fHx8OTJ4Njl8fHx8fA==.jpg","main":"MDViOWYwNzBjZjU1MzhlNjc2MzZlYjEwNTcxNTcwMWHTdmXk_GLhNMC80eXC-aR1ODgxMjc2LTcxNDk1ODcuanBnfHx8fHx8fHx8fHw0MDB4MzAw.jpg","large":"YjJmOTYyMzBiYTI0NjFlM2I2YmNlN2EzZmQ3ZGI2YTGK0GuqOWSoDjeRGwL7i19MODgxMjc2LTcxNDk1ODcuanBnfHx8fHx8fHx8fHw2NDB4NDgw.jpg"}]}},{"ad_id":"896528","reg_year":"2004","make":"Peugeot","model":"407","variant":"SR 1.8 4DR","mileage":"74566","engine_size":"1.7","fuel_type":"Petrol","body_type":"Saloon","colour":"e0e0e0","location":"Dublin","price":"\u20ac 3,650","images":{"base_url":"http:\/\/i0.carsie.ie\/","image_list":[{"thumb":"MTZmZjAwOTQwODk4MTJjYTk3YzE3MzI5MjAxNzgyMGVhhI2vWD9pxVkSfJOoSc6mODk2NTI4LTczNDMxNjcuanBnfHx8fHx8OTJ4Njl8fHx8fA==.jpg","main":"Nzk0M2JlMDMyMGY4Y2VmOGY1MzEzMzc5MzhhNWY3MDJkcJMHOc8H1IVkYvl0Q6Q3ODk2NTI4LTczNDMxNjcuanBnfHx8fHx8fHx8fHw0MDB4MzAw.jpg","large":"YjdhYjcyM2U5Njg0OWM4ODg5MTZjMzNmNGE2YTljYzhwW_wtDfmQc0Yx5Sfx8bepODk2NTI4LTczNDMxNjcuanBnfHx8fHx8fHx8fHw2NDB4NDgw.jpg"}]}},{"ad_id":"834795","reg_year":"2003","make":"Renault","model":"Megane","variant":"1.9 DCI 120 Dynamique 03DR","mileage":"110000","engine_size":"1.9","fuel_type":"Diesel","body_type":"Hatchback","colour":"0000c0","location":"Dublin","price":"\u20ac 3,650","images":{"base_url":"http:\/\/i0.carsie.ie\/","image_list":[{"thumb":"MWZjYTQxZTdjMDkxMmExZmFkOTNhM2I3ZjY5YjQ2Y2NccMCyDOZ51GVkk5WButyOODM0Nzk1LTY2Mjg3NzIuanBnfHx8fHx8OTJ4Njl8fHx8fA==.jpg","main":"ZDVkZGUwNmMwZGZhNmFhYzQ2MWUzNjRmNmQ2NDE3ODfGnel6R2v8hs8e2uafk1zHODM0Nzk1LTY2Mjg3NzIuanBnfHx8fHx8fHx8fHw0MDB4MzAw.jpg","large":"Nzg3NzNmYjg1YjA2YzUzYmU5NmIzNTEwMDRiNWI3MzGfZs7IORCggYGqqDIA-KvhODM0Nzk1LTY2Mjg3NzIuanBnfHx8fHx8fHx8fHw2NDB4NDgw.jpg"}]}},{"ad_id":"860009","reg_year":"2004","make":"Renault","model":"Megane","variant":"SP 6S Dynamique","mileage":"39000","engine_size":"1.4","fuel_type":"Petrol","body_type":"Saloon","colour":"008000","location":"Dublin","price":"\u20ac 3,650","images":{"base_url":"http:\/\/i0.carsie.ie\/","image_list":[{"thumb":"NGE0YjkyZDUyZWVjMjBjYTZlZTVjYzQ4ZTQ0M2YyZjT9nYxwUXs_kbioLuXcQ3sCODYwMDA5LTY5MTc1MDYuanBnfHx8fHx8OTJ4Njl8fHx8fA==.jpg","main":"NzcxODU2MGM5Y2U3MjFjNDUzYzhkNjYzZjk2MDNmNGEh7yr0-LraTyjc8idzVmNAODYwMDA5LTY5MTc1MDYuanBnfHx8fHx8fHx8fHw0MDB4MzAw.jpg","large":"OTkwMTAwMmVhZDIxZTVhMzYwNTM0Nzc2OGVmNmVlMzGybjloUdnSh3psEdX-U8-zODYwMDA5LTY5MTc1MDYuanBnfHx8fHx8fHx8fHw2NDB4NDgw.jpg"}]}},{"ad_id":"868791","reg_year":"2004","make":"Seat","model":"Cordoba","variant":null,"mileage":"99000","engine_size":"1.2","fuel_type":"Petrol","body_type":null,"colour":"000000","location":"Tipperary","price":"\u20ac 3,650","images":{"base_url":"http:\/\/i0.carsie.ie\/","image_list":[{"thumb":"MzIyMDBjNWZjYTVlMDhkYWM3YjMyZDE3YjI2MTZjYWQhs2T-S2UVzoBbdz62-_dQODY4NzkxLTcwMTAwNTkuanBnfHx8fHx8OTJ4Njl8fHx8fA==.jpg","main":"YTBhMzE1ZDc5YjNhOGMwYTI4N2M1MjU3ODgzNjQyMDfaLw94OSGcoHp2sFnNpXwUODY4NzkxLTcwMTAwNTkuanBnfHx8fHx8fHx8fHw0MDB4MzAw.jpg","large":"NzMyMGNmYTJiNTU1ODVmM2VkZThkZDdjZDcxMzdmMmKQgY1uv-BOCKYrzZHU01tcODY4NzkxLTcwMTAwNTkuanBnfHx8fHx8fHx8fHw2NDB4NDgw.jpg"}]}},{"ad_id":"858363","reg_year":"2001","make":"Subaru","model":"Impreza","variant":"TURBO WRX 04DR","mileage":"100000","engine_size":"2.0","fuel_type":"Petrol","body_type":"Hatchback","colour":"0000c0","location":"Dublin","price":"\u20ac 3,650","images":{"base_url":"http:\/\/i0.carsie.ie\/","image_list":[{"thumb":"ODIzMjllY2VkYWE0YzM4NTNiZTJlMDNlZGVhMmFkYzE1Csjtl72C3LVo60X2yP7lODU4MzYzLTY4OTEwNzMuanBnfHx8fHx8OTJ4Njl8fHx8fA==.jpg","main":"YjRhYWYxODYxMzhmMzllNzJmYjU5YjRmZGUyYjQ1YmIvqyQ3RguTeXRe_4fVfwYRODU4MzYzLTY4OTEwNzMuanBnfHx8fHx8fHx8fHw0MDB4MzAw.jpg","large":"OTQ5ZjI3M2RlY2RlZGUzMGY4YmZjOThhNjdiODcwZTAEI-wgprhwVo7D9PXkespYODU4MzYzLTY4OTEwNzMuanBnfHx8fHx8fHx8fHw2NDB4NDgw.jpg"}]}},{"ad_id":"897553","reg_year":"2003","make":"Toyota","model":"Corolla","variant":"5 DOOR","mileage":"137034","engine_size":"1.4","fuel_type":"Petrol","body_type":"Hatchback","colour":"0000c0","location":"Dublin","price":"\u20ac 3,650","images":{"base_url":"http:\/\/i0.carsie.ie\/","image_list":[{"thumb":"MjljNzk3MDI5MmM1ZmE2NmJmYzBkNGFmOWE2ZDg0YWEOek-_Kx-2q94peo4DeLxcODk3NTUzLTczNTU2OTkuanBnfHx8fHx8OTJ4Njl8fHx8fA==.jpg","main":"MGQzY2NiODdkMTU0MjAxNjZkZjU1NzViYTdhMDBlYzlqpYWSMgcArkRggOGb2vssODk3NTUzLTczNTU2OTkuanBnfHx8fHx8fHx8fHw0MDB4MzAw.jpg","large":"Mzk4OTZhNjI5NTBkYTA5OGVkMTE1Mjg4Nzc5MTVlMDG9pksd0xwEXdH41u3_5jR4ODk3NTUzLTczNTU2OTkuanBnfHx8fHx8fHx8fHw2NDB4NDgw.jpg"}]}}]}