{"total":"23408","result":[{"ad_id":"891825","reg_year":"2006","make":"Hyundai","model":"Elantra","variant":"LTH A\/C 5DR","mileage":"45000","engine_size":"1.6","fuel_type":"Petrol","body_type":"Hatchback","colour":"0000c0","location":"Kildare","price":"\u20ac 4,995","images":{"base_url":"http:\/\/i0.carsie.ie\/","image_list":[{"thumb":"MzMwMjIxZWNlYmFlM2ZiMDJhYjY2NTc0MmYwNWJkY2Ttq859GcWEZyies5YVn-kEODkxODI1LTcyNjc1MjEuanBnfHx8fHx8OTJ4Njl8fHx8fA==.jpg","main":"NjViNWI3MDJlMGQwNzI3N2Q2YzVjOGZlMzE5YjViZTMPW7KXTPkYouN2WtT-wGOCODkxODI1LTcyNjc1MjEuanBnfHx8fHx8fHx8fHw0MDB4MzAw.jpg","large":"OTM2ODc3NzE2NjZhODViNDFmMDIxMjBlODliZDRkZWWxaS1gm3bC5KQf19aA33Q9ODkxODI1LTcyNjc1MjEuanBnfHx8fHx8fHx8fHw2NDB4NDgw.jpg"}]}},{"ad_id":"805577","reg_year":"2005","make":"Hyundai","model":"Lantra","variant":"Coupe 1.6 FX EV","mileage":"62138","engine_size":"1.6","fuel_type":"Petrol","body_type":"Coupe","colour":"ff0000","location":"Dublin","price":"\u20ac 4,995","images":{"base_url":"http:\/\/i0.carsie.ie\/","image_list":[{"thumb":"OWY4OThhZTA0MDY0NWM1YzMyYmIyMmQ5N2M3NTZkZWE1G4HM9UpRCIfw_Md6F1ASODA1NTc3LTYyNzA5MDguanBnfHx8fHx8OTJ4Njl8fHx8fA==.jpg","main":"OTFhYzkyY2FmZjM0ODRmZWVmMzNkODFkMmMxMTBjYjAJbhAg76nij_HN6FYIdXgrODA1NTc3LTYyNzA5MDguanBnfHx8fHx8fHx8fHw0MDB4MzAw.jpg","large":"ZTc2N2E3YjA0NjFiNjRhMTZlODcxODZjYjFjYTRmYWG4AkWMyd6DAyKX08sdGz87ODA1NTc3LTYyNzA5MDguanBnfHx8fHx8fHx8fHw2NDB4NDgw.jpg"}]}},{"ad_id":"870066","reg_year":"2005","make":"Hyundai","model":"Tucson","variant":"2.0 2WD 5DR","mileage":"59289","engine_size":"2.0","fuel_type":"Petrol","body_type":"SUV","colour":"000000","location":"Dublin","price":"\u20ac 4,995","images":{"base_url":"http:\/\/i0.carsie.ie\/","image_list":[{"thumb":"ZDA4NjZiZGU1OTkyZTNhYWI4OGU5NDJjMjlkZGJkM2J4HkapzyuZrLVEvTNeeIn_ODcwMDY2LTcwMjAwNjAuanBnfHx8fHx8OTJ4Njl8fHx8fA==.jpg","main":"YTViOTYyYWNmMWI0MzcxZmE0N2U2MWZmYzBkOTEwMDAPCBzU0pTHwUXHUsRbSZeHODcwMDY2LTcwMjAwNjAuanBnfHx8fHx8fHx8fHw0MDB4MzAw.jpg","large":"NzExNWVmYmY1NjNiODZkNTA0MWYxNjZjNTA2MzdmNWEH8AwGO_Uk6VLlc2AWOb0FODcwMDY2LTcwMjAwNjAuanBnfHx8fHx8fHx8fHw2NDB4NDgw.jpg"}]}},{"ad_id":"838568","reg_year":"2007","make":"Kia","model":"Magentis","variant":"RENT TO BUY THIS CAR CALL ADRIAN 01 8441996","mileage":"66414","engine_size":"2.0","fuel_type":"Petrol","body_type":null,"colour":"858585","location":"Dublin","price":"\u20ac 4,995","images":{"base_url":"http:\/\/i0.carsie.ie\/","image_list":[{"thumb":"OGE0NDZhZTkyNTQ3ODZmNDIxYTgxMjkzYTMxMTc2M2HJHwgs7jdyRVuOFHems5I4ODM4NTY4LTY3MzgzNTMuanBnfHx8fHx8OTJ4Njl8fHx8fA==.jpg","main":"ZmNlNzNhNWE2MmNhZjk2MDhlYTMzOWUzZWJkZjliZTTRctxFkVw6L6ZQfQYLCgLRODM4NTY4LTY3MzgzNTMuanBnfHx8fHx8fHx8fHw0MDB4MzAw.jpg","large":"ZWFmOTYwMzg4ZDYyNGQ4NzRjNWIzODcxNDM2MmNhOGPIdiWZYA5SF0jgWgNB2hb5ODM4NTY4LTY3MzgzNTMuanBnfHx8fHx8fHx8fHw2NDB4NDgw.jpg"}]}},{"ad_id":"685940","reg_year":"2004","make":"Lexus","model":"GS 300","variant":"3.0 AUTO. NCT 12\/13. LEATHER INT","mileage":"97040","engine_size":"3.0","fuel_type":"Petrol","body_type":"Saloon","colour":"000000","location":"Dublin","price":"\u20ac 4,995","images":{"base_url":"http:\/\/i0.carsie.ie\/","image_list":[{"thumb":"NzQ4MDJhMmNmYWZjZmQ4YWM1NTQ0NDIyNDI1MjdiYWNnBnECobtRneLmbEQDGZDeNjg1OTQwLTQ3NTYxOTYuanBnfHx8fHx8OTJ4Njl8fHx8fA==.jpg","main":"ZDE1NDZiNzNhNTdkYjYzNDQzNDU5OGRlNGI4YWU2MDH-a0eVnd-jH7p-mwo7fpxxNjg1OTQwLTQ3NTYxOTYuanBnfHx8fHx8fHx8fHw0MDB4MzAw.jpg","large":"MjcxNTAwNWNjNjhhZGZiNjcyYTRkZDgxNmQyNjE2NDcoP75q1NTgKA0v9h0tniP7Njg1OTQwLTQ3NTYxOTYuanBnfHx8fHx8fHx8fHw2NDB4NDgw.jpg"}]}},{"ad_id":"887386","reg_year":"2005","make":"Mercedes-Benz","model":"A Class","variant":"A140 Semi-auto Elegance 05DR **TAXED 12-2013**NCT 01-2015**","mileage":"62000","engine_size":"1.4","fuel_type":"Petrol","body_type":"Hatchback","colour":"e0e0e0","location":"Dublin","price":"\u20ac 4,995","images":{"base_url":"http:\/\/i0.carsie.ie\/","image_list":[{"thumb":"ZDVhNmNhOWQ2ZjU0ZjhlOTU2ZWQxYmFlYTc4M2FjMjWCuOZt6c5jhZgCqg5SxpazODg3Mzg2LTcyMjQ0MzMuanBnfHx8fHx8OTJ4Njl8fHx8fA==.jpg","main":"MzVjYTc4NjAxYjgyMWI0MzY4NzZhNDFjYmRkYmJjZTOcaoDNB11ybOKOpM-4r38VODg3Mzg2LTcyMjQ0MzMuanBnfHx8fHx8fHx8fHw0MDB4MzAw.jpg","large":"ZmNmZTAyYmU4MzFiMzgyN2FjNDBjY2RjOTZmMzE1MzD0AFBgeJQsEGm3PKXQYC-JODg3Mzg2LTcyMjQ0MzMuanBnfHx8fHx8fHx8fHw2NDB4NDgw.jpg"}]}},{"ad_id":"846815","reg_year":"2007","make":"Mitsubishi","model":"Colt","variant":"CZC 1.5L Insty","mileage":"73945","engine_size":"1.5","fuel_type":"Petrol","body_type":"Cabriolet \/ Convertible","colour":"0000c0","location":"Longford","price":"\u20ac 4,995","images":{"base_url":"http:\/\/i0.carsie.ie\/","image_list":[{"thumb":"ZDJmNjBhZTE5MmQwY2E3ZTFlZTgyYTQ0MTQ1NDM0NmbZhOUmnPZlZdkmgf4bCNWHODQ2ODE1LTY3NjU5MTIuanBnfHx8fHx8OTJ4Njl8fHx8fA==.jpg","main":"ODVhOGZiMWZmM2ZjZjUxZTI1Nzc5MzJkMzYzOTJhOWXnhfecwwy_yFH72qthiPaSODQ2ODE1LTY3NjU5MTIuanBnfHx8fHx8fHx8fHw0MDB4MzAw.jpg","large":"NWE3ZmFiZDYzZjY2Mjc3Mjg2NjU3NmRiODVmOWI4MmVowyOVguDd1DSOSmlbnG6sODQ2ODE1LTY3NjU5MTIuanBnfHx8fHx8fHx8fHw2NDB4NDgw.jpg"}]}},{"ad_id":"901608","reg_year":"2007","make":"Nissan","model":"Almera","variant":"1.5 3DR SXE 3DR","mileage":"68000","engine_size":"1.5","fuel_type":"Petrol","body_type":"Hatchback","colour":"000000","location":"Dublin","price":"\u20ac 4,995","images":{"base_url":"http:\/\/i0.carsie.ie\/","image_list":[{"thumb":"NzUzY2JlYTdiZDliMWY5Yjk5MzQ5YTc2NjVkYzE4MjO_jcoaDQo0l49ZXHJW4WwVOTAxNjA4LS5qcGd8fHx8fHw5Mng2OXx8fHx8.jpg","main":"ODEyNWY3MjJiYzg2ZjJmMzYzM2QxNmI3ZTdmNDVjMTaddEHYBTwTgdoVk5_RaieBOTAxNjA4LS5qcGd8fHx8fHx8fHx8fDQwMHgzMDA=.jpg","large":"YzRiNzY1OGQ0YTc3MTdmODE4YTM0ZmZlMTAzZjk1ODQiaQpXaWRWMRLRUfPMaoN5OTAxNjA4LS5qcGd8fHx8fHx8fHx8fDY0MHg0ODA=.jpg"}]}},{"ad_id":"897415","reg_year":"2007","make":"Nissan","model":"Kubistar","variant":"3DR'06. DOE 11\/13. TAXED 09\/13","mileage":"68197","engine_size":"1.5","fuel_type":"Diesel","body_type":"Van","colour":"ffffff","location":"Dublin","price":"\u20ac 4,995","images":{"base_url":"http:\/\/i0.carsie.ie\/","image_list":[{"thumb":"ZTE3NmNjMmI4MDI2NzJlYzdkNWQ5YjI4NTE5YWZlOGJRAoPFDJHHfp_PctaJcS-JODk3NDE1LTczNjA3OTkuanBnfHx8fHx8OTJ4Njl8fHx8fA==.jpg","main":"NTk4YWE2YTJkMzczOWZiNWFjNmVlNzVlMDNmODAxNTdO7iTL1bvS85d-Xj7rRYq6ODk3NDE1LTczNjA3OTkuanBnfHx8fHx8fHx8fHw0MDB4MzAw.jpg","large":"NjhjNjdhYzUzNmMyNzAwYmI2ZDM0MmQxOWNkNWZkM2bxNXcGGQWhCXtQaypSkkn0ODk3NDE1LTczNjA3OTkuanBnfHx8fHx8fHx8fHw2NDB4NDgw.jpg"}]}},{"ad_id":"834452","reg_year":"2007","make":"Nissan","model":"Micra","variant":"1.2 Sport 5DR","mileage":"77052","engine_size":"1.2","fuel_type":"Petrol","body_type":"Hatchback","colour":"858585","location":"Dublin","price":"\u20ac 4,995","images":{"base_url":"http:\/\/i0.carsie.ie\/","image_list":[{"thumb":"MjMzMTQ4YzA0ZmFkOGY5NGQ0YjU4YWI3YjFiMjAyYTmgtl6nrmUXocXKEyLijQJSODM0NDUyLTY3OTY4ODMuanBnfHx8fHx8OTJ4Njl8fHx8fA==.jpg","main":"ZjZkZGYzNmM2Yzg3YzRlZmU2OWU4MzA0ZmIzNGJkNDFkapxVf4rbGCGS4F_5VNbhODM0NDUyLTY3OTY4ODMuanBnfHx8fHx8fHx8fHw0MDB4MzAw.jpg","large":"YzVmNDAzN2NiODg0YzEzYTc1ODMyNzRhZWY3YzJmZjmmlHCJos-Oq6xehdQi48fzODM0NDUyLTY3OTY4ODMuanBnfHx8fHx8fHx8fHw2NDB4NDgw.jpg"}]}},{"ad_id":"889342","reg_year":"2006","make":"Nissan","model":"Micra","variant":"HI-SPEC 5995 Less 1000 Scrappage Special","mileage":"56875","engine_size":"1.2","fuel_type":"Petrol","body_type":"Hatchback","colour":"ff0000","location":"Waterford","price":"\u20ac 4,995","images":{"base_url":"http:\/\/i0.carsie.ie\/","image_list":[{"thumb":"YWU0NDU2MGE0MDgyZTY4YWNkOTA3MWJkYjg0NzU3ZTnDuzBs7eBMLabGWh7q0c8sODg5MzQyLTcyNDI1NDcuanBnfHx8fHx8OTJ4Njl8fHx8fA==.jpg","main":"ODM4Y2YwZmQ1ZjcyYjA2MzQ1MTg3MWVhODFmYzhkMTMprtRiyszpRFZTF7zKxMyUODg5MzQyLTcyNDI1NDcuanBnfHx8fHx8fHx8fHw0MDB4MzAw.jpg","large":"MGQ4ZjBiY2MzMzBjYjZkZTQ1YTkzMDNjMWU3OTVhZDRFPUnEv-v6w-xOtbGJnnLoODg5MzQyLTcyNDI1NDcuanBnfHx8fHx8fHx8fHw2NDB4NDgw.jpg"}]}},{"ad_id":"866248","reg_year":"2005","make":"Nissan","model":"Primera","variant":"1.6SX 4DR","mileage":"80000","engine_size":"1.6","fuel_type":"Petrol","body_type":"Saloon","colour":"e0e0e0","location":"Meath","price":"\u20ac 4,995","images":{"base_url":"http:\/\/i0.carsie.ie\/","image_list":[{"thumb":"NTI0ZDI5MTE1M2JkMWY4MjEyOTk4YTI1NDk1Y2U1YWJ8-a294u960DeI0fRTY06zODY2MjQ4LTczNTIzNzkuanBnfHx8fHx8OTJ4Njl8fHx8fA==.jpg","main":"ZWJhYzY4ZGY2MjhkODY0YzM3YTM4ZmViNTI1ODE0NjbiPyULHGHfq5krfjSA5pw0ODY2MjQ4LTczNTIzNzkuanBnfHx8fHx8fHx8fHw0MDB4MzAw.jpg","large":"YjIxMTQwMTNkYTljMzhhNTA3MDcyYTMyNzBhNzAxNmLpT_aJQ8YyatWzEXrwxnkAODY2MjQ4LTczNTIzNzkuanBnfHx8fHx8fHx8fHw2NDB4NDgw.jpg"}]}},{"ad_id":"829431","reg_year":"2006","make":"Nissan","model":"Primera","variant":"1.6 SE 4DR","mileage":"86994","engine_size":"1.6","fuel_type":"Petrol","body_type":"Saloon","colour":"b9cdfb","location":"Tipperary","price":"\u20ac 4,995","images":{"base_url":"http:\/\/i0.carsie.ie\/","image_list":[{"thumb":"NzAzNDBjOTMwY2M4MWM0YWQ4ZDY1Y2YzMTI5NDgxOGXcSEmZ7O8A6tyxNhr1jrNGODI5NDMxLTY1Njg5MzcuanBnfHx8fHx8OTJ4Njl8fHx8fA==.jpg","main":"OTAwMGZkYzRhY2RkNDhkZDU2ZGE1MDY4NGIxNjJiNmQuv33NvsC1irBnpw6rEu4oODI5NDMxLTY1Njg5MzcuanBnfHx8fHx8fHx8fHw0MDB4MzAw.jpg","large":"ZTllMGQ4YWE1YWEwMmI1YzU2ZjZkOTNmMWViZWM4MWZ7RhYcMbOJp5poFm6eRq_dODI5NDMxLTY1Njg5MzcuanBnfHx8fHx8fHx8fHw2NDB4NDgw.jpg"}]}},{"ad_id":"884090","reg_year":"2006","make":"Nissan","model":"Tino","variant":"1.8 5DR","mileage":"80000","engine_size":"1.8","fuel_type":"Petrol","body_type":"Estate","colour":"ff0000","location":"Dublin","price":"\u20ac 4,995","images":{"base_url":"http:\/\/i0.carsie.ie\/","image_list":[{"thumb":"NzA3ZjBmY2IzZWY0ZjNkOGZlZjA2OTc4ZGRmMDhhODdxhBMeTeGlhso04MG36zCIODg0MDkwLTcyMjQ4ODAuanBnfHx8fHx8OTJ4Njl8fHx8fA==.jpg","main":"ODZkZmMzNGIzZjdiNDRjMmRjYTliNGU5YjkzMGU1OGZI8oGize1uxORkMdnM-h9iODg0MDkwLTcyMjQ4ODAuanBnfHx8fHx8fHx8fHw0MDB4MzAw.jpg","large":"Yzg3ZGUyYWY1YzMwMmJjZjkyMzI4ZGRkZWI3NGQ5YTl4x79QQB70nu7L4IM-nfmjODg0MDkwLTcyMjQ4ODAuanBnfHx8fHx8fHx8fHw2NDB4NDgw.jpg"}]}},{"ad_id":"815612","reg_year":"2005","make":"Opel","model":"Astra","variant":"estate","mileage":"88000","engine_size":"1.6","fuel_type":"Diesel","body_type":"Estate","colour":"e0e0e0","location":"Dublin","price":"\u20ac 4,995","images":{"base_url":"http:\/\/i0.carsie.ie\/","image_list":[{"thumb":"OTg5OGQxMjBkZTIzNTE0MzNjMDhjNTQ4Yzg1OTM1NjLejR9TJxgv225Vz2exO0MxODE1NjEyLTcxNTkwMDkuanBnfHx8fHx8OTJ4Njl8fHx8fA==.jpg","main":"ZTIwYWIzZmRlZDkzODQyZGVhNDRlMTFjZDg5MDNkYWEpPzOO5JO-nTMsu5z2ImlUODE1NjEyLTcxNTkwMDkuanBnfHx8fHx8fHx8fHw0MDB4MzAw.jpg","large":"NmVmZTY1ZmY1ZjVhOTdkMWYxNWFhNGI0MzFmMWQ4NTCYvWLPLsg6M5pS91zNHXJHODE1NjEyLTcxNTkwMDkuanBnfHx8fHx8fHx8fHw2NDB4NDgw.jpg"}]}},{"ad_id":"831255","reg_year":"2007","make":"Opel","model":"Astra","variant":"80E22 E4 Chassis CAB 2DR","mileage":"96000","engine_size":"5.8","fuel_type":"Diesel","body_type":"Hatchback","colour":"ffffff","location":"Dublin","price":"\u20ac 4,995","images":{"base_url":"http:\/\/i0.carsie.ie\/","image_list":[{"thumb":"ODM3NDUyMDY5MjM4NDJmYTFkZjhlNjU5NDI4NDk2MzC6IKmIpPx9CMYB5NZh03H7ODMxMjU1LTY1ODgzMDkuanBnfHx8fHx8OTJ4Njl8fHx8fA==.jpg","main":"MjIyNWI2YjVkMDhjYmY4M2JlZDUyMDcyNGViMWRkYjb6zd44Tfrsugk_REfhU5-PODMxMjU1LTY1ODgzMDkuanBnfHx8fHx8fHx8fHw0MDB4MzAw.jpg","large":"N2JhNWI2MTM4NTM1ZDk0ODY3Y2M0MTg5YzgzNTdlM2aZyqA_QFr4XhUewDQm31qMODMxMjU1LTY1ODgzMDkuanBnfHx8fHx8fHx8fHw2NDB4NDgw.jpg"}]}},{"ad_id":"851922","reg_year":"2004","make":"Opel","model":"Astra","variant":"Life 1.4I 5DR","mileage":"100000","engine_size":"1.4","fuel_type":"Petrol","body_type":"Hatchback","colour":"0000c0","location":"Dublin","price":"\u20ac 4,995","images":{"base_url":"http:\/\/i0.carsie.ie\/","image_list":[{"thumb":"OWI1YzA4MmY0MjQ3ZmVlY2I5NWY2Y2M2MzNlNTlmZTSfKioISojjI8kNdMr4l1SlODUxOTIyLTY4MTgzNTEuanBnfHx8fHx8OTJ4Njl8fHx8fA==.jpg","main":"NjYzY2UyNWU1NTFlODMyODU2ZmU4MjUwMTI0ZGE4NDQnJQ6FphO1Lwkz02vpQyxwODUxOTIyLTY4MTgzNTEuanBnfHx8fHx8fHx8fHw0MDB4MzAw.jpg","large":"NGZkM2I0YTBjNDExY2E0MTZhM2Y0NDk4YzVkMzQ2ODGziR8fynIVJJjwAIw4UBl4ODUxOTIyLTY4MTgzNTEuanBnfHx8fHx8fHx8fHw2NDB4NDgw.jpg"}]}},{"ad_id":"779297","reg_year":"2005","make":"Opel","model":"Astra","variant":"Club","mileage":"85000","engine_size":"1.7","fuel_type":"Petrol","body_type":"Hatchback","colour":"e0e0e0","location":"Waterford","price":"\u20ac 4,995","images":{"base_url":"http:\/\/i0.carsie.ie\/","image_list":[{"thumb":"NGViMTE2MDY2ZjNhNDlkYjUzNWFlNGI1M2ExNjVhYjbogZji_ylIzSlpjjbZccxrNzc5Mjk3LTU5NTY2MDAuanBnfHx8fHx8OTJ4Njl8fHx8fA==.jpg","main":"YTVmOTdlZGIzYjg2ZTcyMjIxMjRlZmJhYmIzMjdjYzOzKKpfcihwhgo18b_yQ7zjNzc5Mjk3LTU5NTY2MDAuanBnfHx8fHx8fHx8fHw0MDB4MzAw.jpg","large":"Mjc4OGFiMjAxYTkyZjc5OWQ5MTBhMGE5YjBjZTkyODbMflWWcdwTTdh8wqHVzEfFNzc5Mjk3LTU5NTY2MDAuanBnfHx8fHx8fHx8fHw2NDB4NDgw.jpg"}]}},{"ad_id":"886248","reg_year":"2004","make":"Peugeot","model":"206","variant":"206 lx abs","mileage":"45053","engine_size":"1.1","fuel_type":"Petrol","body_type":"Hatchback","colour":"ff0000","location":"Cork","price":"\u20ac 4,995","images":{"base_url":"http:\/\/i0.carsie.ie\/","image_list":[{"thumb":"NWM4YjdkM2RhNmE4MTYzNDg1NmM3N2M1ZWE1ODA4NDeRt3fAnh08wIKKKPVuRKATODg2MjQ4LS5qcGd8fHx8fHw5Mng2OXx8fHx8.jpg","main":"YWVjYjExYzhmZDYzZTU3YTc1ZWQ2YWYzN2RmZTAxZWO2JfMBW7SwsqxqQgwImVhhODg2MjQ4LS5qcGd8fHx8fHx8fHx8fDQwMHgzMDA=.jpg","large":"ZDM5YmFjNzBhMDBlN2ViOTI2YzRlNTU5NjdjOGEwNDN6UQUMkbKCvHse2ULOZ-yWODg2MjQ4LS5qcGd8fHx8fHx8fHx8fDY0MHg0ODA=.jpg"}]}},{"ad_id":"900531","reg_year":"2004","make":"Peugeot","model":"206","variant":"GLX 1.4 5DR","mileage":"30000","engine_size":"1.4","fuel_type":"Petrol","body_type":"Hatchback","colour":"e0e0e0","location":"Meath","price":"\u20ac 4,995","images":{"base_url":"http:\/\/i0.carsie.ie\/","image_list":[{"thumb":"ZDhiZTUxOWQ0ZTY2MmU1ZGM0OGM5MGM4ZTlmYTUxODQVnssCI7Ji4gNsgeQrNYaUOTAwNTMxLTc0MDE5NzIuanBnfHx8fHx8OTJ4Njl8fHx8fA==.jpg","main":"MWRlNGVlNDhlOGI5YTI0ODk3YmM3ZTY1YjVhZjBlMjHhAuj7Hq4JplhDQlwf17ahOTAwNTMxLTc0MDE5NzIuanBnfHx8fHx8fHx8fHw0MDB4MzAw.jpg","large":"ODM4NTk5NjE5MGM0NDhjOTlhNmM4MGFkNWY5YmViM2Y3ILR1byU5QKhbaUKH36yBOTAwNTMxLTc0MDE5NzIuanBnfHx8fHx8fHx8fHw2NDB4NDgw.jpg"}]}}]}