{"total":"23408","result":[{"ad_id":"866062","reg_year":"2007","make":"Peugeot","model":"407","variant":"1.6diesel SE, FSH, IMMACULATE","mileage":"99500","engine_size":"1.6","fuel_type":"Diesel","body_type":"Saloon","colour":"000000","location":"Dublin","price":"\u20ac 6,450","images":{"base_url":"http:\/\/i0.carsie.ie\/","image_list":[{"thumb":"OWFkZmFhMmI4MzZlZDYwMjZjNGNmNGM5NmI2MjYzZmZQK76XfgmkHBxNXEL06CtRODY2MDYyLTY5NzQyMTUuanBnfHx8fHx8OTJ4Njl8fHx8fA==.jpg","main":"MGMzNTAyMWQ2ZmQ5ZWU5NGVhN2ExZTFjODUwMTAxMzkLoAu4NPiZ12a_tbHb8D7_ODY2MDYyLTY5NzQyMTUuanBnfHx8fHx8fHx8fHw0MDB4MzAw.jpg","large":"ZWM1MjNlZjhlOTZiZDFlZDQyZjNkMzY1ZGYxNTk2NjlbUhyoFY6Bgf4-WFOaqBLWODY2MDYyLTY5NzQyMTUuanBnfHx8fHx8fHx8fHw2NDB4NDgw.jpg"}]}},{"ad_id":"894928","reg_year":"2007","make":"Peugeot","model":"407","variant":"ST 1.6 HDI Solaire","mileage":"111849","engine_size":"1.6","fuel_type":"Diesel","body_type":"Saloon","colour":"0000c0","location":"Dublin","price":"\u20ac 6,450","images":{"base_url":"http:\/\/i0.carsie.ie\/","image_list":[{"thumb":"Yzk0MmNiNDZkOTA4Y2NiMjc0NzlmYWRkMzMwMTBlYTC_fl0Hj2i9N1Q2lLRN6-UfODk0OTI4LTczNTI2NDYuanBnfHx8fHx8OTJ4Njl8fHx8fA==.jpg","main":"NjE3NmMyYzMwZTE2OWY3YTE0YTU0MTk2NzcwNDFlNzjGRymkowChJ3cL4ZAhKdeNODk0OTI4LTczNTI2NDYuanBnfHx8fHx8fHx8fHw0MDB4MzAw.jpg","large":"MzdiYTkyMjQ5MWU3MmE0ZWQwZGY5ZmE2YmNjNGEwNzmAvfy20baP8lGdm-l6hFIPODk0OTI4LTczNTI2NDYuanBnfHx8fHx8fHx8fHw2NDB4NDgw.jpg"}]}},{"ad_id":"897974","reg_year":"2006","make":"Peugeot","model":"407","variant":"ST Comfort 1.6hdi","mileage":"78371","engine_size":"1.6","fuel_type":"Diesel","body_type":"Saloon","colour":"000000","location":"Dublin","price":"\u20ac 6,450","images":{"base_url":"http:\/\/i0.carsie.ie\/","image_list":[{"thumb":"ZmRkMTk4OGU5ZDE2YWE0MWIyYWQzODMwZWRlMDZhYTGwEZXu6lMX6qg7qheVPADrODk3OTc0LTczNzc2NDAuanBnfHx8fHx8OTJ4Njl8fHx8fA==.jpg","main":"YzQyZjk3MzZhOGJlZDQ5ZDE5NWEwMDI0NjQ3MTgxMzGlkBGPRCWv_yxKfcKb_lumODk3OTc0LTczNzc2NDAuanBnfHx8fHx8fHx8fHw0MDB4MzAw.jpg","large":"ZmU0ZDVhNTg4ZmFhODgwNmQzZTU5MWE4YjdlOTI3ZjkFNo8CTuuiBclZy_T2F0D0ODk3OTc0LTczNzc2NDAuanBnfHx8fHx8fHx8fHw2NDB4NDgw.jpg"}]}},{"ad_id":"888946","reg_year":"2005","make":"Peugeot","model":"407","variant":"SW ST Comfort 2.0","mileage":"74000","engine_size":"2.0","fuel_type":"Diesel","body_type":"Estate","colour":"f0b800","location":"Limerick","price":"\u20ac 6,450","images":{"base_url":"http:\/\/i0.carsie.ie\/","image_list":[{"thumb":"YzY0YjNlMzk3YjI0YjI2ZDg0N2I0OWI3MGZkZWU3YjUYL_00uMo8LsXuW7yMabVKODg4OTQ2LTcyMzg3NDkuanBnfHx8fHx8OTJ4Njl8fHx8fA==.jpg","main":"YTA3MjA5YmI0ZjAxYjExMzU0NTU5NDMyNGE5NThjNWFnjx2Gt9b_-xSPHEf3Hy5fODg4OTQ2LTcyMzg3NDkuanBnfHx8fHx8fHx8fHw0MDB4MzAw.jpg","large":"ZDhiNGIxNmFjNDU0ZTZlYmU1YTM5MTQ0YjY3OTBjOWPMYSh2n6vDF5ooTARZz5lHODg4OTQ2LTcyMzg3NDkuanBnfHx8fHx8fHx8fHw2NDB4NDgw.jpg"}]}},{"ad_id":"878137","reg_year":"2007","make":"Peugeot","model":"407","variant":"2.0 HDI SE 6 Speed","mileage":"89218","engine_size":"2.0","fuel_type":"Diesel","body_type":"Saloon","colour":"f0b800","location":"Roscommon","price":"\u20ac 6,450","images":{"base_url":"http:\/\/i0.carsie.ie\/","image_list":[{"thumb":"NDg2ZWY4YjdmNWE3ZDE0MmQ0NWJmZWZlNjQ3Y2Y5ZWYOjF3gKv2I9pVyMpGZr8ImODc4MTM3LTcxMTQzNzYuanBnfHx8fHx8OTJ4Njl8fHx8fA==.jpg","main":"MjQ2OWM0NTM3ZmFmYTAyMTA3YzE0MjNhMWQ5ZmNlMjNWLEKMfsKpiqiZqbKD49DjODc4MTM3LTcxMTQzNzYuanBnfHx8fHx8fHx8fHw0MDB4MzAw.jpg","large":"M2VlYTA3ZDNkODEwYzkyNWVkOTcxNDE2NjBiMWNkMWGtPDYoP5-ETp9FGLnKULmUODc4MTM3LTcxMTQzNzYuanBnfHx8fHx8fHx8fHw2NDB4NDgw.jpg"}]}},{"ad_id":"852506","reg_year":"2005","make":"Renault","model":"Espace","variant":"2 1.9dci Expres","mileage":"80780","engine_size":"1.9","fuel_type":"Diesel","body_type":"Hatchback","colour":"e0e0e0","location":"Dublin","price":"\u20ac 6,450","images":{"base_url":"http:\/\/i0.carsie.ie\/","image_list":[{"thumb":"MWU3ZTdmNmUwNjlmYmY1OGQ1ZDBiNTZiNTI4NDk4YWLnAE-Cxa5TVtaj_xqB5UrVODUyNTA2LTY4MjUwNTMuanBnfHx8fHx8OTJ4Njl8fHx8fA==.jpg","main":"YWE2N2Q5MmE5YjY4ZGUyY2M4Y2M5ZjBkNzc0MTUwN2PQbrGHpiz-FuWRt5SXrPShODUyNTA2LTY4MjUwNTMuanBnfHx8fHx8fHx8fHw0MDB4MzAw.jpg","large":"ZjZmZjQ5NzQ4ZWRlYzNhMDZjYjA4MjcyZjA2N2JlYmRwjwmMCLHLBUjG8wRieuu6ODUyNTA2LTY4MjUwNTMuanBnfHx8fHx8fHx8fHw2NDB4NDgw.jpg"}]}},{"ad_id":"806465","reg_year":"2007","make":"Renault","model":"Grand Scenic","variant":"Dynamique VVT 7 seats","mileage":"60000","engine_size":"1.6","fuel_type":"Petrol","body_type":"People Carrier","colour":"e0e0e0","location":"Dublin","price":"\u20ac 6,450","images":{"base_url":"http:\/\/i0.carsie.ie\/","image_list":[{"thumb":"MjQzMjQ1Yjc4N2MzOWMwMGZjM2FkMTBkYTgwNDAzNGP_mhN8akvYdYf8LoUdHBtVODA2NDY1LTYyODI0NzEuanBnfHx8fHx8OTJ4Njl8fHx8fA==.jpg","main":"OTNiYTI3YTYwNTdlMjFjZDkzYTUxZWRlNTg2MTQyNWIZaJoU_g2kpDXmbdHz3B3FODA2NDY1LTYyODI0NzEuanBnfHx8fHx8fHx8fHw0MDB4MzAw.jpg","large":"MTdiN2JiODcxNTcxNTY2YjIzMDEyYmM0NTA5YTA2NmaJeiFthAcUWBwggLwltsH2ODA2NDY1LTYyODI0NzEuanBnfHx8fHx8fHx8fHw2NDB4NDgw.jpg"}]}},{"ad_id":"899410","reg_year":"2007","make":"Renault","model":"Grand Scenic","variant":"2 1.6 16V","mileage":"65726","engine_size":"1.6","fuel_type":"Petrol","body_type":"People Carrier","colour":"000000","location":"Dublin","price":"\u20ac 6,450","images":{"base_url":"http:\/\/i0.carsie.ie\/","image_list":[{"thumb":"YzhmYTAwOGI1NjExYWI1YTM4NjdjN2I1YTQ0Nzk5Mzatt94L_zgHawT_7UM5iOcpODk5NDEwLTczNzc2ODQuanBnfHx8fHx8OTJ4Njl8fHx8fA==.jpg","main":"NTE5OGE5OGMwZTFlMzIwMWRiN2RhNWFiZmY1M2EyYjYmti_S6lHAdrvaFw154h-HODk5NDEwLTczNzc2ODQuanBnfHx8fHx8fHx8fHw0MDB4MzAw.jpg","large":"MmIwYThhM2I2M2IwMTJmNTE1Yzk2MzQxMzBiNjU4MTlHYTNOxjtPOB13F9tgL7l1ODk5NDEwLTczNzc2ODQuanBnfHx8fHx8fHx8fHw2NDB4NDgw.jpg"}]}},{"ad_id":"868847","reg_year":"2007","make":"Renault","model":"Megane","variant":"CABRIO AND DYNAMIQUE","mileage":"64969","engine_size":"1.6","fuel_type":"Petrol","body_type":"Cabriolet \/ Convertible","colour":"e0e0e0","location":"Dublin","price":"\u20ac 6,450","images":{"base_url":"http:\/\/i0.carsie.ie\/","image_list":[{"thumb":"MzAwOWEzMjA2YjI5OTQ1YzQwMTUwZGEyYzhlOTU3NGTiXfFwKDaOb5VqxquvZ17QODY4ODQ3LTcwMDY0OTMuanBnfHx8fHx8OTJ4Njl8fHx8fA==.jpg","main":"NzNiMDcwZGRhOWJiNDc4Y2Q2ZGY4ODFjMGM3MzBkNTELqmB9Mq0g69RbyUN7UyWoODY4ODQ3LTcwMDY0OTMuanBnfHx8fHx8fHx8fHw0MDB4MzAw.jpg","large":"MTg3NzZlYjEwYzAyOTU3MGZmMTg2MGVmM2U3YTg1NzHaQ6ADe27h9wq2MM8F_0b7ODY4ODQ3LTcwMDY0OTMuanBnfHx8fHx8fHx8fHw2NDB4NDgw.jpg"}]}},{"ad_id":"872470","reg_year":"2006","make":"Renault","model":"Megane","variant":"Cabrio Monaco 12 MONTHS WARRANTY","mileage":"33484","engine_size":"1.6","fuel_type":"Petrol","body_type":"Cabriolet \/ Convertible","colour":"000000","location":"Dublin","price":"\u20ac 6,450","images":{"base_url":"http:\/\/i0.carsie.ie\/","image_list":[{"thumb":"MjAzM2RlNzRiY2M5N2U4NmY1OTA2MTNiMTUxYzdmOTe9RR6JmGlYmhwBNhXSo0cqODcyNDcwLTcwNTU4MDQuanBnfHx8fHx8OTJ4Njl8fHx8fA==.jpg","main":"NjI0ZmFjZjIyMjE3NTE1OWQwYjM1NjliYjdlNTNmMzK-R7k4882yGx2ot5b1YPz3ODcyNDcwLTcwNTU4MDQuanBnfHx8fHx8fHx8fHw0MDB4MzAw.jpg","large":"OThmYzcyNDNmNDc2ZTRkYmEwNGRlYWQ2MjMwMTBiZWXfEN_YLSQqiHNkdqSZETTxODcyNDcwLTcwNTU4MDQuanBnfHx8fHx8fHx8fHw2NDB4NDgw.jpg"}]}},{"ad_id":"901684","reg_year":"2007","make":"Renault","model":"Megane","variant":"1.6 16V LA Crem","mileage":"40000","engine_size":"1.6","fuel_type":"Petrol","body_type":"Cabriolet \/ Convertible","colour":"ffff00","location":"Dublin","price":"\u20ac 6,450","images":{"base_url":"http:\/\/i0.carsie.ie\/","image_list":[{"thumb":"Yzg5ZWU2YTIwZDk0MjE0ODk3YjBmNWZmNzFiZDU3ODieffKmqG9MRv8pkdfQ33mgOTAxNjg0LTc0MjM0ODEuanBnfHx8fHx8OTJ4Njl8fHx8fA==.jpg","main":"ZDgwNmUyNWQxYzU2NTgxMGZhNGIyZDk5ZmY5ZWZjOGIz9e-u2IfuRPv-nw5wn9XaOTAxNjg0LTc0MjM0ODEuanBnfHx8fHx8fHx8fHw0MDB4MzAw.jpg","large":"OTAxNDNiYjYzNjdhOTJiZDc2NTZkM2IzOGFhMjExZGbiK7YKx_Zg8f8trIGrexLvOTAxNjg0LTc0MjM0ODEuanBnfHx8fHx8fHx8fHw2NDB4NDgw.jpg"}]}},{"ad_id":"872530","reg_year":"2008","make":"Renault","model":"Megane","variant":"1.6 Dynamique 05DR","mileage":"","engine_size":"1.6","fuel_type":"Petrol","body_type":"Hatchback","colour":"000000","location":"Wexford","price":"\u20ac 6,450","images":{"base_url":"http:\/\/i0.carsie.ie\/","image_list":[{"thumb":"MThiMzVmNTBjOTk3ZjQ1YmQ2NzE5MTQ1MjUyZDJiZDYlAnmiw8nMVT4sKKLK51zZODcyNTMwLTcwNDM4MDkuanBnfHx8fHx8OTJ4Njl8fHx8fA==.jpg","main":"MDM3YTkzOTNhNmUzNjRjOTJjODlmMWEzMzg2ZDBiYmKzRvifVMUq9ecS83wYuKM_ODcyNTMwLTcwNDM4MDkuanBnfHx8fHx8fHx8fHw0MDB4MzAw.jpg","large":"MTMwMzc4ODdkODk0MmQ0Y2Y4Y2Q5Y2E0Nzg3NDZkYzDmk214Bd8Bopg2BclfAoJdODcyNTMwLTcwNDM4MDkuanBnfHx8fHx8fHx8fHw2NDB4NDgw.jpg"}]}},{"ad_id":"895671","reg_year":"2006","make":"Renault","model":"Scenic","variant":"Grand Scenic 2, 7 SEATER, 7 SEATER, SUPERB GRAND SCENIC, PANORAMIC ROOF, VIEWING A MUST!","mileage":"49089","engine_size":"1.6","fuel_type":"Petrol","body_type":"Hatchback","colour":"000000","location":"Dublin","price":"\u20ac 6,450","images":{"base_url":"http:\/\/i0.carsie.ie\/","image_list":[{"thumb":"ZGQ5OTY4NmUwNjc3Zjg3NTI3MWE3MDljYTkzYjZlYTcE0ZN3JGag7IqDF2NnQ-fuODk1NjcxLTczNzA2MjkuanBnfHx8fHx8OTJ4Njl8fHx8fA==.jpg","main":"ZTllMWNkMDQ2ODJiYmNlNjFmNjY0MTliZTZlOTdhZTGrSHi1r-gOf76XhGK9CcTTODk1NjcxLTczNzA2MjkuanBnfHx8fHx8fHx8fHw0MDB4MzAw.jpg","large":"NmQwOGJhNjkzZDEzODk3ZWRkZTJmMDA0NThhZjhlYmaERKvA9fYxwNUorMSrpwOYODk1NjcxLTczNzA2MjkuanBnfHx8fHx8fHx8fHw2NDB4NDgw.jpg"}]}},{"ad_id":"897676","reg_year":"2007","make":"Renault","model":"Scenic","variant":"2 1.4 DYNAMIQUE 16V*MONTHS WARRANTY*SIMI APPROVED DEALER*","mileage":"60273","engine_size":"1.4","fuel_type":"Petrol","body_type":null,"colour":"e0e0e0","location":"Dublin","price":"\u20ac 6,450","images":{"base_url":"http:\/\/i0.carsie.ie\/","image_list":[{"thumb":"Y2RjZTU5NDUzZmNlYzdjNGJmZTk2ZDYyODg5YTE0ZGHsRna8enuLWGOkNuGyxDygODk3Njc2LTc0MjI3NTYuanBnfHx8fHx8OTJ4Njl8fHx8fA==.jpg","main":"NTc3Yjk3YmNlNWNkZmM2NTlmYTM2MzViMDRhMTE3ZWTOx9lY6dYA73n1_Ekd23ggODk3Njc2LTc0MjI3NTYuanBnfHx8fHx8fHx8fHw0MDB4MzAw.jpg","large":"NmQ1YmM0ZjEyOWZiNWZmY2M4Yjc0MzUzYzJlODI4YWVr5ue_9rwOltougJp5DN49ODk3Njc2LTc0MjI3NTYuanBnfHx8fHx8fHx8fHw2NDB4NDgw.jpg"}]}},{"ad_id":"889163","reg_year":"2007","make":"Renault","model":"Scenic","variant":"*TWIN ROOFS*ALLOYS*FOGS*","mileage":"29515","engine_size":"1.4","fuel_type":"Petrol","body_type":"Hatchback","colour":"0000c0","location":"Wicklow","price":"\u20ac 6,450","images":{"base_url":"http:\/\/i0.carsie.ie\/","image_list":[{"thumb":"MmQ3YTQ1MTBiY2VjZjI5OTQ5MDc1N2MxOWIyYWJlYTgTcJ9sk-6Um0aC9jGdSranODg5MTYzLTcyNDYyOTIuanBnfHx8fHx8OTJ4Njl8fHx8fA==.jpg","main":"NTNkMjcyOWI0ZGYxMjkyNDI2YWE0MjdjMGQ5MTZhOGTP3Sh90NRXKkSHHbH9lnjEODg5MTYzLTcyNDYyOTIuanBnfHx8fHx8fHx8fHw0MDB4MzAw.jpg","large":"NzNjMzEzMjNjMGY3MDY5YWViMzEzZGZiZWZmN2EyMWR561iAloyV0dnUbM0zOZEKODg5MTYzLTcyNDYyOTIuanBnfHx8fHx8fHx8fHw2NDB4NDgw.jpg"}]}},{"ad_id":"765682","reg_year":"2007","make":"Seat","model":"Cordoba","variant":"1.4 COSTA 4DR","mileage":"42775","engine_size":"1.4","fuel_type":"Petrol","body_type":"Saloon","colour":"e0e0e0","location":"Meath","price":"\u20ac 6,450","images":{"base_url":"http:\/\/i0.carsie.ie\/","image_list":[{"thumb":"OTc3ZGEyZWJiOGYzNGY3YTFjYjdkOTE5ZDNhMzQ4ZmLWR5ZZNcVkwQKUsZKAc72ZNzY1NjgyLTY2NDAxMDQuanBnfHx8fHx8OTJ4Njl8fHx8fA==.jpg","main":"NWI4NzRiNzdiMDVjZTVhNWIwMmRjYzJiOWI1Y2M1OTH3ZSjslWIB1vn8gXFpgLjnNzY1NjgyLTY2NDAxMDQuanBnfHx8fHx8fHx8fHw0MDB4MzAw.jpg","large":"ODg2NmQzNTExNjk2ZmU2YjM0MDIwYzhmYzYzNWFiY2OpwmGAl6x_IAxWFlhotlr1NzY1NjgyLTY2NDAxMDQuanBnfHx8fHx8fHx8fHw2NDB4NDgw.jpg"}]}},{"ad_id":"809987","reg_year":"2006","make":"Seat","model":"Leon","variant":"1.6 Stylance 5 Door.","mileage":"96326","engine_size":"1.6","fuel_type":"Petrol","body_type":"Hatchback","colour":"ff0000","location":"Cavan","price":"\u20ac 6,450","images":{"base_url":"http:\/\/i0.carsie.ie\/","image_list":[{"thumb":"NTEyZThmZWIyMDg4NzMzNDA2NDc5ODk2Y2M3OTNmZjjQIqm1mna5R3vCXDh81qZJODA5OTg3LTYzMjYyNzkuanBnfHx8fHx8OTJ4Njl8fHx8fA==.jpg","main":"Y2MwYWExYjM0YTJmMzNmOTA3MjA1ZWZjZWExMmNjYzLQr8FSte8dQQUOJwrfWMkgODA5OTg3LTYzMjYyNzkuanBnfHx8fHx8fHx8fHw0MDB4MzAw.jpg","large":"MmJmNTQxYzlmYjczMDMzNzYyZTRmNTM5YzZjMTFiYjdDq6DnJ0cU38kzLFKaoy8GODA5OTg3LTYzMjYyNzkuanBnfHx8fHx8fHx8fHw2NDB4NDgw.jpg"}]}},{"ad_id":"891508","reg_year":"2005","make":"Subaru","model":"Forester","variant":"XT 5DR","mileage":"129870","engine_size":"2.0","fuel_type":"Petrol","body_type":"Estate","colour":"e0e0e0","location":"Wicklow","price":"\u20ac 6,450","images":{"base_url":"http:\/\/i0.carsie.ie\/","image_list":[{"thumb":"YThkNTJjNjQwMWFlZDFmZTEzZjZiNDY5ZWY1YTYzZTC5XNBfaax5bwYuuMyO6jFvODkxNTA4LS5qcGd8fHx8fHw5Mng2OXx8fHx8.jpg","main":"YmE3NzA1MGFhMmMwMjg2YjJiMDNlYTM1YTAxMzE1YjGe7dJwM6Eh0PHJX7vCZAqMODkxNTA4LS5qcGd8fHx8fHx8fHx8fDQwMHgzMDA=.jpg","large":"NTQ4OGZiOTA1MGRiMDlhYWIwYTRmN2FhMmI1ZjA3NjeYAC0VFEZLGucK3sgoAxhWODkxNTA4LS5qcGd8fHx8fHx8fHx8fDY0MHg0ODA=.jpg"}]}},{"ad_id":"884906","reg_year":"2005","make":"Suzuki","model":"Grand Vitara","variant":"XL7 5 Seat","mileage":"154104","engine_size":"2.0","fuel_type":"Diesel","body_type":"Estate","colour":"e0e0e0","location":"Kerry","price":"\u20ac 6,450","images":{"base_url":"http:\/\/i0.carsie.ie\/","image_list":[{"thumb":"YjZkZDE4MTc3OGUxMmVlYjgzZTVkNDEyZTQxNmZlODe1Pb6XMIE_PzKh3lUiwk0UODg0OTA2LTcyMDA1MzIuanBnfHx8fHx8OTJ4Njl8fHx8fA==.jpg","main":"ZWI2MGQ5MjE1NjI2ZTQ5MzIxNzNkOTBjNzNhNWFkNjmoHTIl39mb0IrFFbHV-8sRODg0OTA2LTcyMDA1MzIuanBnfHx8fHx8fHx8fHw0MDB4MzAw.jpg","large":"ZWEyMTA4ZDI3MzNiZmE3ZWFlNjRhMWVlODlhYThjYjP77dJEoqRx9plZby1_9_bWODg0OTA2LTcyMDA1MzIuanBnfHx8fHx8fHx8fHw2NDB4NDgw.jpg"}]}},{"ad_id":"899365","reg_year":"2006","make":"Suzuki","model":"Swift","variant":"1.3 AUTOMATIC","mileage":"32000","engine_size":"1.3","fuel_type":"Petrol","body_type":"Hatchback","colour":"ff0000","location":"Dublin","price":"\u20ac 6,450","images":{"base_url":"http:\/\/i0.carsie.ie\/","image_list":[{"thumb":"ZjNmY2Q3ZGIzZWYyYjEzMjJhNWI4MGIxODRkMmY4Y2J8WtSclm38LR9Ea5UOcMWZODk5MzY1LTczNzcxMDQuanBnfHx8fHx8OTJ4Njl8fHx8fA==.jpg","main":"N2ZiMzdiNjUyZjhjYzJiNzdiZDBlYjE2ODJmMmNjNzLCZNLzRpVU82BCpPgM0BiSODk5MzY1LTczNzcxMDQuanBnfHx8fHx8fHx8fHw0MDB4MzAw.jpg","large":"Yjg3ZjVkMzcyNDY4YTEwZTFjZjdhN2NlMjc3M2NhYTl9diaqmOIgQJdgrqvBzWCyODk5MzY1LTczNzcxMDQuanBnfHx8fHx8fHx8fHw2NDB4NDgw.jpg"}]}}]}