{"total":"23408","result":[{"ad_id":"861588","reg_year":"2009","make":"Citroen","model":"Berlingo","variant":"625 LX L1 HDI","mileage":"105000","engine_size":"1.6","fuel_type":"Diesel","body_type":"Hatchback","colour":"ffffff","location":"Clare","price":"\u20ac 6,950","images":{"base_url":"http:\/\/i0.carsie.ie\/","image_list":[{"thumb":"MDQ2NjAxNTM2OTVjYTc0ZDA5YTM2Y2VkMDEwNGFiNzIWx3MeQhJHdkR42SxeSxSKODYxNTg4LTY5MjEwNTguanBnfHx8fHx8OTJ4Njl8fHx8fA==.jpg","main":"MjE2MjdlODA2M2JkOGNlZGQ1MzhlODVjZjg4OGY5NTg_Osoj0ePer-RwR0PUXbEoODYxNTg4LTY5MjEwNTguanBnfHx8fHx8fHx8fHw0MDB4MzAw.jpg","large":"NzkxNjY0MDIzYjJmZmNkNjJhY2QyZWUyMmRiYjdlMTRneO07ZqPg8zMdQ47qpGPsODYxNTg4LTY5MjEwNTguanBnfHx8fHx8fHx8fHw2NDB4NDgw.jpg"}]}},{"ad_id":"879717","reg_year":"2009","make":"Citroen","model":"Berlingo","variant":"625 LX L1 HDI","mileage":"105000","engine_size":"1.6","fuel_type":"Diesel","body_type":"Hatchback","colour":"ffffff","location":"Clare","price":"\u20ac 6,950","images":{"base_url":"http:\/\/i0.carsie.ie\/","image_list":[{"thumb":"MDc0ZTMzZTMyYmFjMjNkMGMxZjM0ZTk0MTA5ZWM4MGGreVUS0pq7PmZNPicj9H3lODc5NzE3LTcxMzI5OTMuanBnfHx8fHx8OTJ4Njl8fHx8fA==.jpg","main":"MWRjZWFhNzgzYjc4N2ExZjJkMWI5NmExMzNlMjg4NGbrOFiWcsUjkLGc5I9iDC3lODc5NzE3LTcxMzI5OTMuanBnfHx8fHx8fHx8fHw0MDB4MzAw.jpg","large":"NTA1N2NhZGU1NzcyY2E2MWViZGNiNjc1NzI0NjQ5Y2FLqercd-hFnidOimk192fZODc5NzE3LTcxMzI5OTMuanBnfHx8fHx8fHx8fHw2NDB4NDgw.jpg"}]}},{"ad_id":"879718","reg_year":"2009","make":"Citroen","model":"Berlingo","variant":"625 LX L1 HDI","mileage":"115000","engine_size":"1.6","fuel_type":"Diesel","body_type":"Hatchback","colour":"ffffff","location":"Clare","price":"\u20ac 6,950","images":{"base_url":"http:\/\/i0.carsie.ie\/","image_list":[{"thumb":"M2U4ZDE4MWY0MzZiMDU4YTRlOTcwZWQ4ZjM2ZGIxZTPGmNJkWm5e3gZRQYrSpv02ODc5NzE4LTcxMzMwMDEuanBnfHx8fHx8OTJ4Njl8fHx8fA==.jpg","main":"Y2U4YWU0ZTg3YzFlZGNjYzBhYzA5NTUwMTcxNTNjN2QVGbSc5Zne93X_ST5_71IvODc5NzE4LTcxMzMwMDEuanBnfHx8fHx8fHx8fHw0MDB4MzAw.jpg","large":"ZTBlY2JlZGNiYzQ3MTJlZTgyNmU5YTYwNzkxMTdmZDRDziDVpXK5Sbh8GYFu2W7lODc5NzE4LTcxMzMwMDEuanBnfHx8fHx8fHx8fHw2NDB4NDgw.jpg"}]}},{"ad_id":"896442","reg_year":"2007","make":"Citroen","model":"C4","variant":"HDI VTR + Turbo Diesel \/ Full Citroen Service History \/ 110BHP \/ Immaculate Car \/ Fully Serviced & Warranted.","mileage":"92000","engine_size":"1.6","fuel_type":"Diesel","body_type":"Hatchback","colour":"000000","location":"Dublin","price":"\u20ac 6,950","images":{"base_url":"http:\/\/i0.carsie.ie\/","image_list":[{"thumb":"YTFmNDNiNWFjMWY1YTdhYzA0ZjQzY2RlODU3YTM3MznkE4pwY0jgLWRuqPDKT-zwODk2NDQyLTczNDI0NjguanBnfHx8fHx8OTJ4Njl8fHx8fA==.jpg","main":"YTI3NTg0Yzc2YWFmN2NhODRjZDg0YzY3ZDk0OWFhZjOsV2grCjS7EmF7WkFRfUCfODk2NDQyLTczNDI0NjguanBnfHx8fHx8fHx8fHw0MDB4MzAw.jpg","large":"MWY1YjdkNDUxMGUxNGZlZTczMDEyZjM5MTkzMDFjNTKr9EXaFLOA_BXNcrU1IlAlODk2NDQyLTczNDI0NjguanBnfHx8fHx8fHx8fHw2NDB4NDgw.jpg"}]}},{"ad_id":"879714","reg_year":"2009","make":"Citroen","model":"Nemo","variant":"610 LX HDI","mileage":"38000","engine_size":"1.4","fuel_type":"Diesel","body_type":"Hatchback","colour":"0000c0","location":"Clare","price":"\u20ac 6,950","images":{"base_url":"http:\/\/i0.carsie.ie\/","image_list":[{"thumb":"ZjdiZGUwZTdjYTUxODAxNzcxN2Q1YTZiYjE2MmUyMDnYBYDGOJCovyHhYJpBnRuKODc5NzE0LTcxMzI5NzAuanBnfHx8fHx8OTJ4Njl8fHx8fA==.jpg","main":"YzE3MTMzZjk4OTkyZTBiMjVkNDExN2MzYzY5OGQ5MGLOpVblBqCDs2U93gjyRqUpODc5NzE0LTcxMzI5NzAuanBnfHx8fHx8fHx8fHw0MDB4MzAw.jpg","large":"ZTNhMjI3NWM2ZjY1NGQzOWI2MzdmZWEyNTJjYTIzMzUcdNjZ_yzuM7ZM5hOGmfBdODc5NzE0LTcxMzI5NzAuanBnfHx8fHx8fHx8fHw2NDB4NDgw.jpg"}]}},{"ad_id":"879715","reg_year":"2009","make":"Citroen","model":"Nemo","variant":"610 LX HDI","mileage":"33000","engine_size":"1.4","fuel_type":"Diesel","body_type":"Hatchback","colour":"0000c0","location":"Clare","price":"\u20ac 6,950","images":{"base_url":"http:\/\/i0.carsie.ie\/","image_list":[{"thumb":"YjRlMThlNTUwMzI5MDQ5NGE5ZjhmYmQzMjE4YWU3OGNCNbBiIPkDYt1Rw-w7BIVuODc5NzE1LTcxMzI5NzguanBnfHx8fHx8OTJ4Njl8fHx8fA==.jpg","main":"YjExYWE1NDE1Y2IzMGExMDQ2NTI4MmI0OTU5YWY0MGayxOq99Ax8z6W5Eck5oalOODc5NzE1LTcxMzI5NzguanBnfHx8fHx8fHx8fHw0MDB4MzAw.jpg","large":"YzA5NDgzZGU5MjM2NTMwZWJlMTIwYjJmYzJmMmE2OGEZhCZvz9Qe98pYqlJzTQ-LODc5NzE1LTcxMzI5NzguanBnfHx8fHx8fHx8fHw2NDB4NDgw.jpg"}]}},{"ad_id":"876767","reg_year":"2007","make":"Daihatsu","model":"Terios","variant":"2WD 1.5. NEW NCT 2015. VERY CLEAN JEEP.* 2 HOUR FINANCE AVAILABLE *","mileage":"65245","engine_size":"1.5","fuel_type":"Petrol","body_type":"Estate","colour":"e0e0e0","location":"Cork","price":"\u20ac 6,950","images":{"base_url":"http:\/\/i0.carsie.ie\/","image_list":[{"thumb":"OTk2ZWI1ODUyMWUwYjFiYTczZmM1YzdkMTY5MmIwNWbCnM1x-A8XZTO9Mt2RBdMAODc2NzY3LTcxMDUyNjQuanBnfHx8fHx8OTJ4Njl8fHx8fA==.jpg","main":"YjZlNjc2YTRiN2FhZmVjOTIyZmEwNmU4NWY3Zjk2NTKG3CQSOeyLWc6G6IoNc10kODc2NzY3LTcxMDUyNjQuanBnfHx8fHx8fHx8fHw0MDB4MzAw.jpg","large":"YTc5NWY2MGVkY2QyOTAzNmExMmQyNGQzYjA3MmNiZGLgxzGaAUpHIQnrODjM-eVlODc2NzY3LTcxMDUyNjQuanBnfHx8fHx8fHx8fHw2NDB4NDgw.jpg"}]}},{"ad_id":"887917","reg_year":"2006","make":"Dodge","model":"Caliber","variant":"2.0 SE CRD 5DR","mileage":"45000","engine_size":"2.0","fuel_type":"Diesel","body_type":"Hatchback","colour":"ff0000","location":"Cork","price":"\u20ac 6,950","images":{"base_url":"http:\/\/i0.carsie.ie\/","image_list":[{"thumb":"NzdhOTRkMjY2MjJkZWMwZGQ2MDg5OTA2NzU5MzQ3ODFxoexITBCQw7NWxf6Y7pPaODg3OTE3LTcyMzE0MjQuanBnfHx8fHx8OTJ4Njl8fHx8fA==.jpg","main":"MjNkZDQyNzhjYzI5MmVlYTE3MmU4NGY3NTk3MzFkN2ZJmLkEedenoweGp_7on7WaODg3OTE3LTcyMzE0MjQuanBnfHx8fHx8fHx8fHw0MDB4MzAw.jpg","large":"NmUzZjMxNTJiYWRkYmVmOTY4MmRkZjcyNjVmZGExNTjMoZRobcf_DTE892ZWMFnPODg3OTE3LTcyMzE0MjQuanBnfHx8fHx8fHx8fHw2NDB4NDgw.jpg"}]}},{"ad_id":"874396","reg_year":"2006","make":"Dodge","model":"Caliber","variant":"2.0 SXT CRD 5DR","mileage":"90722","engine_size":"2.0","fuel_type":"Diesel","body_type":"Hatchback","colour":"ff0000","location":"Dublin","price":"\u20ac 6,950","images":{"base_url":"http:\/\/i0.carsie.ie\/","image_list":[{"thumb":"N2Q2M2RmNGJkZGUyZDQ3MDllNGM5MWJkYmZmNzIxNmGVIjwIZ1XW3GSHyk4Y-jGcODc0Mzk2LTcwOTEwNDUuanBnfHx8fHx8OTJ4Njl8fHx8fA==.jpg","main":"ZWU4NzU3YjMzMDQ0NzYwOWZmMWU0ZDEzMzA4OTMyYzbnkQtO_E8NHV2TOv5Zqcb3ODc0Mzk2LTcwOTEwNDUuanBnfHx8fHx8fHx8fHw0MDB4MzAw.jpg","large":"OWM1ZWQxZThlNmI4YzUxYTNjZGZhNDU3ZTIyYzE4ODMK1Dwcb_2pcJOJ5KfPhalZODc0Mzk2LTcwOTEwNDUuanBnfHx8fHx8fHx8fHw2NDB4NDgw.jpg"}]}},{"ad_id":"900956","reg_year":"1968","make":"Euromobile","model":"680","variant":"Massey Ferguson 35","mileage":"1200","engine_size":"under 1.0","fuel_type":"Petrol","body_type":"Hatchback","colour":"ff0000","location":"Tipperary","price":"\u20ac 6,950","images":{"base_url":"http:\/\/i0.carsie.ie\/","image_list":[{"thumb":"ODViZmQ2YTA5OGI1YmJkZjYzZmU2MzE3Y2ExY2U1NWWHK8qDH6cnKBwffj_J0XKwOTAwOTU2LTc0MTQ0ODcuanBnfHx8fHx8OTJ4Njl8fHx8fA==.jpg","main":"ODFjOGUyYzc1NmM1M2NiMmQ4ZDc2YjFhZmU3NWQ4M2RNm7RWXQwwx_Uy0jpExJs_OTAwOTU2LTc0MTQ0ODcuanBnfHx8fHx8fHx8fHw0MDB4MzAw.jpg","large":"ZjM5MjhiMTA4NDFhNmRhMjhmNTZhN2Y5ZjJkNGZmZTjxm9turcDG5uUl359HdjckOTAwOTU2LTc0MTQ0ODcuanBnfHx8fHx8fHx8fHw2NDB4NDgw.jpg"}]}},{"ad_id":"823182","reg_year":"2009","make":"Fiat","model":"Bravo","variant":"1.4 16V Active --GREAT VALUE--","mileage":"52530","engine_size":"1.4","fuel_type":"Petrol","body_type":"Hatchback","colour":"000000","location":"Dublin","price":"\u20ac 6,950","images":{"base_url":"http:\/\/i0.carsie.ie\/","image_list":[{"thumb":"ZmQ4OTBhY2VlMzhiZmIwNDBmNzM1Mjk1NGI4N2RjNTjNKCWlNdaXFyJa-BHcX51wODIzMTgyLTY0OTAzNTYuanBnfHx8fHx8OTJ4Njl8fHx8fA==.jpg","main":"MzUxMjA3MTY0MDZjYzYwYWE1M2ViOTBhMTY5YmZkNTf7elmfbKFUmGrSNJJneqSnODIzMTgyLTY0OTAzNTYuanBnfHx8fHx8fHx8fHw0MDB4MzAw.jpg","large":"ODkyMDhhNWVmYjVlNzQ2YzZhNDYzODhiNzQwNTE1ZDDe7Hir8OdNP9kyGdsBzeRiODIzMTgyLTY0OTAzNTYuanBnfHx8fHx8fHx8fHw2NDB4NDgw.jpg"}]}},{"ad_id":"872779","reg_year":"2009","make":"Fiat","model":"Bravo","variant":"1.4 16V Active --EXCELLENT VALUE--TAXED UNTIL FEBRUARY!!--","mileage":"66114","engine_size":"1.4","fuel_type":"Petrol","body_type":"Hatchback","colour":"ff0000","location":"Dublin","price":"\u20ac 6,950","images":{"base_url":"http:\/\/i0.carsie.ie\/","image_list":[{"thumb":"MjhjN2ZkMGJhODBiNGQwMDE3NGZhZjBlYzBkNGQ5ODKCo8WQBmfay4gJFZ-IKG6QODcyNzc5LTcwNDQ1MjcuanBnfHx8fHx8OTJ4Njl8fHx8fA==.jpg","main":"NTMzOTgzZDE4ZjM5MjY3OWQ1Mjk2MTA1OWFmOTI3MjC7a_61BVLid9_VofTlDUh2ODcyNzc5LTcwNDQ1MjcuanBnfHx8fHx8fHx8fHw0MDB4MzAw.jpg","large":"N2VmYWRiY2UzMTMxYzEwMzI1NjNjYmFhMzUwYzg0MjLhc28lHFhOEiBzLq6a78VXODcyNzc5LTcwNDQ1MjcuanBnfHx8fHx8fHx8fHw2NDB4NDgw.jpg"}]}},{"ad_id":"892820","reg_year":"2009","make":"Fiat","model":"Bravo","variant":"1.4EXCELLENT. VALUE. NCT JAN 2015--","mileage":"53558","engine_size":"1.4","fuel_type":"Petrol","body_type":"Hatchback","colour":"000000","location":"Dublin","price":"\u20ac 6,950","images":{"base_url":"http:\/\/i0.carsie.ie\/","image_list":[{"thumb":"OWY1ZTU4ZDM3YWZmYmVkODc5ZmZlOTVhYWZhNmY3Y2JS15oEGI66Lg3PvBRoXvgKODkyODIwLTcyNzg1OTguanBnfHx8fHx8OTJ4Njl8fHx8fA==.jpg","main":"NjU3MzNlMjQxZjIwMDg0NjBjYzIyNmJlNDYwN2EyZGXdBGpnAambQNV7pAgTBnXFODkyODIwLTcyNzg1OTguanBnfHx8fHx8fHx8fHw0MDB4MzAw.jpg","large":"MzM5YmM0ZTA1ZWM1MDAyNzRmYTczYWQ4ZDc3ZTJlYTRKX5-Ax9I_-T8fMWZs3BYjODkyODIwLTcyNzg1OTguanBnfHx8fHx8fHx8fHw2NDB4NDgw.jpg"}]}},{"ad_id":"900952","reg_year":"2008","make":"Fiat","model":"Bravo","variant":"1.4 16V 90 DynamicYES ONLY 21, 000MILES, ALLOYS, AIR CON, STUNNING CAR, VIEWING A MUST!","mileage":"21748","engine_size":"1.4","fuel_type":"Petrol","body_type":"Hatchback","colour":"858585","location":"Dublin","price":"\u20ac 6,950","images":{"base_url":"http:\/\/i0.carsie.ie\/","image_list":[{"thumb":"MWRlMDRmNjQ0N2FlMmE4MzZmZDUzNTRmNmNhMWE3MjK_EcLgusLaFle3avgqT_JsOTAwOTUyLTc0MjUyMjIuanBnfHx8fHx8OTJ4Njl8fHx8fA==.jpg","main":"N2U4MDRhNTdhMTc5OTlmNmZiYzdkMjU5MjdhODJhNGWiX6_LpkIwfK0GcCxsiVcfOTAwOTUyLTc0MjUyMjIuanBnfHx8fHx8fHx8fHw0MDB4MzAw.jpg","large":"ZThhYjc1OTgwOTNkZWUxOWVhZTI2NWJlMWI3NDBmNjfOL6Fm_eXIie10Cu4arQ6yOTAwOTUyLTc0MjUyMjIuanBnfHx8fHx8fHx8fHw2NDB4NDgw.jpg"}]}},{"ad_id":"895001","reg_year":"2007","make":"Fiat","model":"Ducato","variant":"9 SEATER MINI BUS","mileage":"76000","engine_size":"2.2","fuel_type":"Diesel","body_type":"Hatchback","colour":"ffffff","location":"Dublin","price":"\u20ac 6,950","images":{"base_url":"http:\/\/i0.carsie.ie\/","image_list":[{"thumb":"MDNhMWFlZDUwZjY5NjE1OWUwNTUyYmJjMTdkMGU2ODm2QFjOfMb-4_JZzrOdJQpVODk1MDAxLTczMDk0ODMuanBnfHx8fHx8OTJ4Njl8fHx8fA==.jpg","main":"ZjM2NmU0YWUwNmIzMmE2ZjBkODYyZDgxNDkxZjdmNzXMnxx5b3mxJdlonXlZweW6ODk1MDAxLTczMDk0ODMuanBnfHx8fHx8fHx8fHw0MDB4MzAw.jpg","large":"NWY5MDA1ZGMyYjc4NDExYTk0MDE5YjQ2NWZmYjIxMTUJBDxummHW9oRONRjApn_dODk1MDAxLTczMDk0ODMuanBnfHx8fHx8fHx8fHw2NDB4NDgw.jpg"}]}},{"ad_id":"882467","reg_year":"2007","make":"Fiat","model":"Ducato","variant":"35 LWB 3.0 M\/J","mileage":"175000","engine_size":"3.0","fuel_type":"Diesel","body_type":"Van","colour":"0000c0","location":"Meath","price":"\u20ac 6,950","images":{"base_url":"http:\/\/i0.carsie.ie\/","image_list":[{"thumb":"NTljN2JhNjFjMzA3NmI2Y2Q1MWQxNjFmZDM0NGRlODRr9-9QQ6mtUWiBSuUsfN3xODgyNDY3LTcxNjI1MjAuanBnfHx8fHx8OTJ4Njl8fHx8fA==.jpg","main":"ZmUwY2FjNDEwMGRlNjM4NTg4YTYyMzcwMjI3MTJlY2OesKkZubB92LbEpo17cmHtODgyNDY3LTcxNjI1MjAuanBnfHx8fHx8fHx8fHw0MDB4MzAw.jpg","large":"ODM0MWRkNjI1NjI4Y2IwZGVmYTI2OTc0YmJlYjQyMzNacimrW8Bje0ZOVi7NTo6wODgyNDY3LTcxNjI1MjAuanBnfHx8fHx8fHx8fHw2NDB4NDgw.jpg"}]}},{"ad_id":"861968","reg_year":"2010","make":"Fiat","model":"Grande Punto","variant":"1.3 Fiat punto Grande","mileage":"55922","engine_size":"1.3","fuel_type":"Petrol","body_type":"Hatchback","colour":"e0e0e0","location":"Dublin","price":"\u20ac 6,950","images":{"base_url":"http:\/\/i0.carsie.ie\/","image_list":[{"thumb":"ZTlkYTBjZGYwOGVkODVhZDIyZTM1NTI3M2QyNGRjMjZ8NdIKhD_xSFLF3R4eWYITODYxOTY4LTcxODcyMjcuanBnfHx8fHx8OTJ4Njl8fHx8fA==.jpg","main":"MDk4NGRlZDQ0YjE1MDMxY2QzMmE1M2Q3OGVlMjYwYzTVLMHw3RDIJCYVeVhPybMDODYxOTY4LTcxODcyMjcuanBnfHx8fHx8fHx8fHw0MDB4MzAw.jpg","large":"MTExZGI4MWI2NjU3NjA2ZTc1MjM3YjVlMTEzMTkzOTelVCiwlzpGCh-8et2YrxFxODYxOTY4LTcxODcyMjcuanBnfHx8fHx8fHx8fHw2NDB4NDgw.jpg"}]}},{"ad_id":"891602","reg_year":"2007","make":"Fiat","model":"Grande Punto","variant":"1.2.8V Activ","mileage":"38750","engine_size":"1.2","fuel_type":"Petrol","body_type":"Hatchback","colour":"858585","location":"Dublin","price":"\u20ac 6,950","images":{"base_url":"http:\/\/i0.carsie.ie\/","image_list":[{"thumb":"YjA1YTQ2NjkxZjVjNjVhMGZmZjExMzk0NWU4ZGE1ZTaZP40WNDO8OqYZmpjqge-6ODkxNjAyLTcyNjQ3MTguanBnfHx8fHx8OTJ4Njl8fHx8fA==.jpg","main":"YjVjNjcxMWU5MDI5OTI5YjA3YjE4ZjVhNWYzZWEwY2NfiEXRv3lbGwGRw1nKfCuMODkxNjAyLTcyNjQ3MTguanBnfHx8fHx8fHx8fHw0MDB4MzAw.jpg","large":"M2RlMjdhOWJkMjc0NWQ0YmQxMWRjOWNjZTU5YzQ1MTShMcoPfCSlTlUz6p4-UfC4ODkxNjAyLTcyNjQ3MTguanBnfHx8fHx8fHx8fHw2NDB4NDgw.jpg"}]}},{"ad_id":"887653","reg_year":"2009","make":"Fiat","model":"Grande Punto","variant":"1.2 8V Active 5door","mileage":"34797","engine_size":"1.2","fuel_type":"Petrol","body_type":"Hatchback","colour":"0000c0","location":"Kildare","price":"\u20ac 6,950","images":{"base_url":"http:\/\/i0.carsie.ie\/","image_list":[{"thumb":"NWIyNzczM2Q4MjdmMzRiZGQ4OWFhOGNiOGJlNjVhYTBK4zukCRk_KD272l2mbCnNODg3NjUzLTcyMjc2MDguanBnfHx8fHx8OTJ4Njl8fHx8fA==.jpg","main":"YTBiYWY4ZTVkY2M3NTEyMTMyNmYzZjIwMWMxNGRiNzkEdzQctDz22divhOtF8k3eODg3NjUzLTcyMjc2MDguanBnfHx8fHx8fHx8fHw0MDB4MzAw.jpg","large":"YjYzNjEzNDVhZWM1ZGU1NjdjZDJkYTFkMTliMWRkZWLYnIy9-q6z_TK0evznvg-PODg3NjUzLTcyMjc2MDguanBnfHx8fHx8fHx8fHw2NDB4NDgw.jpg"}]}},{"ad_id":"899566","reg_year":"2010","make":"Fiat","model":"Panda","variant":"1.1 Active ECO 5DR","mileage":"8078","engine_size":"1.1","fuel_type":"Petrol","body_type":"Hatchback","colour":"e0e0e0","location":"Limerick","price":"\u20ac 6,950","images":{"base_url":"http:\/\/i0.carsie.ie\/","image_list":[{"thumb":"NjRiNzczNWYyZmE3YTgyODUwY2RiZTc0NmY3ZTRmOGK7HeGPJew8zZmkigqjw26qODk5NTY2LTc0MTM1NTguanBnfHx8fHx8OTJ4Njl8fHx8fA==.jpg","main":"Y2MyN2Y3NjUzNDQwMWY2ZjNlNzYwYjFhMDFjYTk0MWY3TEaGJbmM5Mk-KAxDBEhTODk5NTY2LTc0MTM1NTguanBnfHx8fHx8fHx8fHw0MDB4MzAw.jpg","large":"YzYyMTFlNGNkOTUzZWRjZDU1Yjg4NmMzMTc2NjFkZWMAVE2GNgiPdCxusBZZFlNLODk5NTY2LTc0MTM1NTguanBnfHx8fHx8fHx8fHw2NDB4NDgw.jpg"}]}}]}