{"total":"23408","result":[{"ad_id":"832358","reg_year":"2003","make":"Ford","model":"Mondeo","variant":"2.0 TD LX","mileage":"128000","engine_size":"2.0","fuel_type":"Diesel","body_type":"Hatchback","colour":"ff0000","location":"Mayo","price":"\u20ac 3,450","images":{"base_url":"http:\/\/i0.carsie.ie\/","image_list":[{"thumb":"MTU1MTFiYjk5YWY1OTE4NGIyN2Y0NThiZGRkMWQ1Njb4Z_f6KHXN70gvG7PLXqzZODMyMzU4LTY3Njk2ODYuanBnfHx8fHx8OTJ4Njl8fHx8fA==.jpg","main":"MmY0NzYzMDI0ZTRiZjUzODdmYjkwMTQ3MTVhNTBlNGLqEzYqx4FxK_qnRVC0WoIGODMyMzU4LTY3Njk2ODYuanBnfHx8fHx8fHx8fHw0MDB4MzAw.jpg","large":"MzU0MmUyNTNkMDM5NjhiNjAyNTU5MjExYTU2NDFhNTgu4Qu6nP7vmyb7ifutFxX-ODMyMzU4LTY3Njk2ODYuanBnfHx8fHx8fHx8fHw2NDB4NDgw.jpg"}]}},{"ad_id":"902185","reg_year":"2003","make":"Honda","model":"Accord","variant":"2.0 SR","mileage":"102000","engine_size":"2.0","fuel_type":"Petrol","body_type":"Saloon","colour":"0000c0","location":"Dublin","price":"\u20ac 3,450","images":{"base_url":"http:\/\/i0.carsie.ie\/","image_list":[{"thumb":"YzY0Y2MwOWZhMjlhZjg5ZWUxNTFjZDc2YWYwYjA3YzINU2wVlhK2i7eM4qSEQ1hrOTAyMTg1LTc0MzAwNjIuanBnfHx8fHx8OTJ4Njl8fHx8fA==.jpg","main":"YzMzNTA5MTRlMTAzOTRjODlkZTA2OTk2NDExYzY4MjQMlXf52-pjnaMuOXr5yUbBOTAyMTg1LTc0MzAwNjIuanBnfHx8fHx8fHx8fHw0MDB4MzAw.jpg","large":"ZGMwZWQwNzVlZjdlNWMzZDIyMzlmNzIwY2VhNWNkOWaXWwzaEv_906vCE2vbB8KMOTAyMTg1LTc0MzAwNjIuanBnfHx8fHx8fHx8fHw2NDB4NDgw.jpg"}]}},{"ad_id":"900550","reg_year":"2002","make":"Honda","model":"Jazz","variant":"1.4","mileage":"54000","engine_size":"1.3","fuel_type":"Petrol","body_type":"Hatchback","colour":"b9cdfb","location":"Dublin","price":"\u20ac 3,450","images":{"base_url":"http:\/\/i0.carsie.ie\/","image_list":[{"thumb":"OGZjNmI0NTE0Mzg2NjEzMTBiNGM5ZTMxMTllNDlkODBk2rv7smHsETmnq-UleVSGOTAwNTUwLTc0MDIxNDQuanBnfHx8fHx8OTJ4Njl8fHx8fA==.jpg","main":"MzIzMzBkMDcxMmZhMDg3Mjk1NDg0ZTIyYTg4MzhjNzRPoGHn_fNcbAz8jNJkJuv7OTAwNTUwLTc0MDIxNDQuanBnfHx8fHx8fHx8fHw0MDB4MzAw.jpg","large":"MDcwNWE1OWZjN2QxNjg3ODVkNjRjNWFkNzAyNWE0YzLaCz7RVVLNujAHketCFGQ5OTAwNTUwLTc0MDIxNDQuanBnfHx8fHx8fHx8fHw2NDB4NDgw.jpg"}]}},{"ad_id":"899473","reg_year":"2002","make":"Honda","model":"Stream","variant":"Vtec SE, 7 SEATER, 7 SEATER, SUPER FAMILY CAR!","mileage":"129000","engine_size":"1.7","fuel_type":"Petrol","body_type":"Estate","colour":"000000","location":"Dublin","price":"\u20ac 3,450","images":{"base_url":"http:\/\/i0.carsie.ie\/","image_list":[{"thumb":"NzI4NjZjNjU4YjI2MWM1Yzg0NmZjZjAyYTYwNTM4ZTFqQN4p0BewXPl8C0nkyUZiODk5NDczLTczNzg3ODQuanBnfHx8fHx8OTJ4Njl8fHx8fA==.jpg","main":"NDZmMDU0MzgwNWJjYjJmZTlhYzUyNzVmM2NkOTg2Yzn6uNkauG4c9CvR_LpeGqp9ODk5NDczLTczNzg3ODQuanBnfHx8fHx8fHx8fHw0MDB4MzAw.jpg","large":"OTAxOWRhN2VjMWIyMGQwMjlhYzk2NmVmNjA2MTFiMDBMPNDrQQPDrHCFK0ZxjVcYODk5NDczLTczNzg3ODQuanBnfHx8fHx8fHx8fHw2NDB4NDgw.jpg"}]}},{"ad_id":"872191","reg_year":"2006","make":"Hyundai","model":"Atoz","variant":"PRIME 1.0","mileage":"73537","engine_size":"1.1","fuel_type":"Petrol","body_type":"Hatchback","colour":"000000","location":"Dublin","price":"\u20ac 3,450","images":{"base_url":"http:\/\/i0.carsie.ie\/","image_list":[{"thumb":"ZmQ1M2M2YjBiZWJhMDRlZjhmYTU0ZDQwYjdmZTg1N2JM7G-3ZyT3XiPKv8XLx0QUODcyMTkxLTcyMzEzMDEuanBnfHx8fHx8OTJ4Njl8fHx8fA==.jpg","main":"M2VhOTk5YzY0M2ZkNDEzNDZhMDBmNTM2MWUwMjdiYjme13RjPJvouw_xKa1takp-ODcyMTkxLTcyMzEzMDEuanBnfHx8fHx8fHx8fHw0MDB4MzAw.jpg","large":"YmYyMjIzMTkzMjllZjQwMDAxMjAxMTk2ZDMzYTlkMzhV2nG41MaXJmWDrDLBFwdIODcyMTkxLTcyMzEzMDEuanBnfHx8fHx8fHx8fHw2NDB4NDgw.jpg"}]}},{"ad_id":"892834","reg_year":"2003","make":"Hyundai","model":"Getz","variant":"1.1 GOLD --LOW MILEAGE--EXCELLENT CONDITION--","mileage":"49559","engine_size":"1.1","fuel_type":"Petrol","body_type":"Hatchback","colour":"000000","location":"Dublin","price":"\u20ac 3,450","images":{"base_url":"http:\/\/i0.carsie.ie\/","image_list":[{"thumb":"MDcyNzJkOGY0YjY4MmQ1NzFkYjA4NTlkMjUxOTcxZDigyzn3k-4Ree0ryoeClZVYODkyODM0LTcyNzg3MDMuanBnfHx8fHx8OTJ4Njl8fHx8fA==.jpg","main":"NmUzY2M2MDdkYmM0N2ZmN2IwODlmZDY4YjM0MmQ0Y2HKOJr3V8U-1_EH84FaetIjODkyODM0LTcyNzg3MDMuanBnfHx8fHx8fHx8fHw0MDB4MzAw.jpg","large":"NzNhNzRiYmE1NjBiNjI1YTE1NDIxNTVhMDk0ZjJiMznkLEb6vbPdxES0I_17m0a_ODkyODM0LTcyNzg3MDMuanBnfHx8fHx8fHx8fHw2NDB4NDgw.jpg"}]}},{"ad_id":"881743","reg_year":"2004","make":"Hyundai","model":"Santa Fe","variant":"5DR --EXCELLENT VALUE--","mileage":"117500","engine_size":"2.0","fuel_type":"Petrol","body_type":"Estate","colour":"0000c0","location":"Dublin","price":"\u20ac 3,450","images":{"base_url":"http:\/\/i0.carsie.ie\/","image_list":[{"thumb":"NjExNTBmZjY1NGU5ZGY0YjVkZDE3N2I2MzNjOGQ0NTXl95o3ap0H4bw95VpRaH-3ODgxNzQzLTcxNTY1OTUuanBnfHx8fHx8OTJ4Njl8fHx8fA==.jpg","main":"MTdhOWNkMmQ3YjRjOGNjNmYzZTVkZGQ3MWY4NjUyOGWMRwj_Ubnm5Mm3-XvTnLSIODgxNzQzLTcxNTY1OTUuanBnfHx8fHx8fHx8fHw0MDB4MzAw.jpg","large":"YTNmNmUzYmYwYzA0OTgyNDZkOTZhMTQwYmM2MTY1NzhPLez_t98RsjLrh3qoR6AXODgxNzQzLTcxNTY1OTUuanBnfHx8fHx8fHx8fHw2NDB4NDgw.jpg"}]}},{"ad_id":"897292","reg_year":"2004","make":"Hyundai","model":"Santa Fe","variant":"A\/C 5DR","mileage":"92174","engine_size":"2.0","fuel_type":"Petrol","body_type":"Estate","colour":"0000c0","location":"Dublin","price":"\u20ac 3,450","images":{"base_url":"http:\/\/i0.carsie.ie\/","image_list":[{"thumb":"ZDllMjhlMDQ1ZGJhOTljOWFjODFjNWJlODdmYWNmODeSBpk_LHaLgjmK9MJq3fTAODk3MjkyLTczNTI2MzYuanBnfHx8fHx8OTJ4Njl8fHx8fA==.jpg","main":"YWEzNTFmNzIwMmY3NDM4Yjg1MTJlZTBmMmM3ZTU5MjH7962hYTA29EbW16opzXOYODk3MjkyLTczNTI2MzYuanBnfHx8fHx8fHx8fHw0MDB4MzAw.jpg","large":"MTM5N2JhMWMwMjkyZDBiY2I2OTA1ZmQ4ZmYzNmI1NDngePeZaVujkxAVa8H2Vy2NODk3MjkyLTczNTI2MzYuanBnfHx8fHx8fHx8fHw2NDB4NDgw.jpg"}]}},{"ad_id":"901831","reg_year":"2004","make":"Hyundai","model":"Santa Fe","variant":"A\/C 5DR","mileage":"117503","engine_size":"2.0","fuel_type":"Petrol","body_type":"Estate","colour":"0000c0","location":"Dublin","price":"\u20ac 3,450","images":{"base_url":"http:\/\/i0.carsie.ie\/","image_list":[{"thumb":"OGIwOWNjY2QyMmFkNDM2ZWViNWZhNDdiMGRhYjFhZjhHohLqU37W4LsCGdxL5ifiOTAxODMxLTc0MjUzNTcuanBnfHx8fHx8OTJ4Njl8fHx8fA==.jpg","main":"OWRkNDU4YWFlMDc1OWZmNjg4NzRjMTZhYzFhNWYyMjdudUbsfHBRKwFk69yRJcWcOTAxODMxLTc0MjUzNTcuanBnfHx8fHx8fHx8fHw0MDB4MzAw.jpg","large":"NTEyNGRlMzhmM2EyZTIzODM2OGVlZjg1MzliNDkxZDAd0DU8ZT7bQi7JbEsPNxYuOTAxODMxLTc0MjUzNTcuanBnfHx8fHx8fHx8fHw2NDB4NDgw.jpg"}]}},{"ad_id":"723176","reg_year":"2004","make":"Hyundai","model":"Sonata","variant":"2.0 GLS SWOP\/TRADE IN-NCT 02-2015-SIMPLY EXCELLENT-ALL EXTRAS","mileage":"97000","engine_size":"2.0","fuel_type":"Petrol","body_type":"Saloon","colour":"e0e0e0","location":"Dublin","price":"\u20ac 3,450","images":{"base_url":"http:\/\/i0.carsie.ie\/","image_list":[{"thumb":"MzFhNjc2NjcxMWM3ODhkZmRlMGU0M2JjNWJiM2MwNzGkfIWf-yo0wl-72BPy-e5TNzIzMTc2LTUyMjI4NzQuanBnfHx8fHx8OTJ4Njl8fHx8fA==.jpg","main":"MGEyYmM0ZTRhNmY2MDhlYmNkY2VhYWQyNTA0YTI1NTR-lVd1ghyHH62VWiSFoHjVNzIzMTc2LTUyMjI4NzQuanBnfHx8fHx8fHx8fHw0MDB4MzAw.jpg","large":"NjZkNGJjM2QzNDIxMmExYTNlMTNiNjY2YTQzZGZhNGRWOtlMuaCsdaE25Jw3-ywYNzIzMTc2LTUyMjI4NzQuanBnfHx8fHx8fHx8fHw2NDB4NDgw.jpg"}]}},{"ad_id":"841890","reg_year":"2003","make":"Kia","model":"Sedona","variant":null,"mileage":"79846","engine_size":"2.9","fuel_type":"Diesel","body_type":null,"colour":"000000","location":"Wicklow","price":"\u20ac 3,450","images":{"base_url":"http:\/\/i0.carsie.ie\/","image_list":[{"thumb":"MzViYzdjOTA4ZTEzZWY3ODdjNzZhN2FiNjZiYjBlNDQAGDijunj7vvb_mEoh0srqODQxODkwLTY3MDc1MjIuanBnfHx8fHx8OTJ4Njl8fHx8fA==.jpg","main":"OGYzMjY1M2RmYjNjMWVlZWM4OTcxOGY0ODc1MDdhZWIhyfaLqJc3FiW9n5-9CL0AODQxODkwLTY3MDc1MjIuanBnfHx8fHx8fHx8fHw0MDB4MzAw.jpg","large":"MTk1YTVlN2QyMmQ4ODllNWIwOGI0YTg4ZmFhMjY1YznWweyUYhOYDvlYFQMIX4h7ODQxODkwLTY3MDc1MjIuanBnfHx8fHx8fHx8fHw2NDB4NDgw.jpg"}]}},{"ad_id":"814622","reg_year":"2003","make":"Land Rover","model":"Freelander","variant":"Serengeti SE Station Wagon","mileage":"98000","engine_size":"1.8","fuel_type":"Petrol","body_type":"Estate","colour":"e0e0e0","location":"Dublin","price":"\u20ac 3,450","images":{"base_url":"http:\/\/i0.carsie.ie\/","image_list":[{"thumb":"NzQ4YjI2ZjE0N2RhZGE0MmI0N2UyMGQwOThkODQ3NzVCrs-G2Gnim4TjBmmeBAUbODE0NjIyLTYzODQzODcuanBnfHx8fHx8OTJ4Njl8fHx8fA==.jpg","main":"MjE5YmU3ZTA2NjAzNjgyM2Y2MTQ3OWM1MmI5ZGNlMTZFIIOjvU9slSdlxH21RwWqODE0NjIyLTYzODQzODcuanBnfHx8fHx8fHx8fHw0MDB4MzAw.jpg","large":"ZWQ4MzBiZjZkZTViYTFiNzNhZGZlYTJhZmFlZWJjMDS8Qe9jIBREmbP_dDOd4dDkODE0NjIyLTYzODQzODcuanBnfHx8fHx8fHx8fHw2NDB4NDgw.jpg"}]}},{"ad_id":"898809","reg_year":"2005","make":"Mazda","model":"Mazda6","variant":"Sedan Comfort Adag","mileage":"95000","engine_size":"1.8","fuel_type":"Petrol","body_type":"Saloon","colour":"008000","location":"Dublin","price":"\u20ac 3,450","images":{"base_url":"http:\/\/i0.carsie.ie\/","image_list":[{"thumb":"OTI1OWMxNTQzYTNlZjBmODk2MWZhZmI4NTJlZWI3M2GBDc08_LZ1r4fF1rGJeWGaODk4ODA5LTczNzcxNjIuanBnfHx8fHx8OTJ4Njl8fHx8fA==.jpg","main":"YTk2MTIxNjY0YjY1MmUyN2RiZDdiMDFmZWM0ZWZhMGF1uH9MlrGlP50Z8Eexxs5MODk4ODA5LTczNzcxNjIuanBnfHx8fHx8fHx8fHw0MDB4MzAw.jpg","large":"ZTI4ZjVmNzhlODI3ZGVlNDhjYjJhYjkwOTRkOTc2ZTQDi143rAeMuzwG_uSKYPmWODk4ODA5LTczNzcxNjIuanBnfHx8fHx8fHx8fHw2NDB4NDgw.jpg"}]}},{"ad_id":"852597","reg_year":"2005","make":"Mazda","model":"Mazda6","variant":"1.8 Sedan Touring","mileage":"90722","engine_size":"1.8","fuel_type":"Petrol","body_type":"Saloon","colour":"e0e0e0","location":"Wexford","price":"\u20ac 3,450","images":{"base_url":"http:\/\/i0.carsie.ie\/","image_list":[{"thumb":"N2ZkY2QyZTk0ZTVhODZmNzA0ZTg4MTgyYTU2Y2I2YzB4RMk9lykMpf_USG41eDuhODUyNTk3LTY4MjYwNjguanBnfHx8fHx8OTJ4Njl8fHx8fA==.jpg","main":"ZDFlMzU0YTI2NmFiMTU0N2JkOWI3NjQzN2Q4NTg2ZjHmWeszLDblWKyXUmKQfZ-KODUyNTk3LTY4MjYwNjguanBnfHx8fHx8fHx8fHw0MDB4MzAw.jpg","large":"ZjQ2MjlmNTQ5ZmZkNGUxYTViZmE3MjUwMjNjYjU4MmT4pRm30CX8zzgIz2GrJqOeODUyNTk3LTY4MjYwNjguanBnfHx8fHx8fHx8fHw2NDB4NDgw.jpg"}]}},{"ad_id":"723184","reg_year":"2001","make":"Mazda","model":"MX-5","variant":"5 1.6I CONV. WARRANTY-NEW NCT-TRADE IN WELCOME-FULL CARTELL. IE VEHILE HISTORY REPORT","mileage":"93000","engine_size":"1.6","fuel_type":"Petrol","body_type":"Cabriolet \/ Convertible","colour":"0000c0","location":"Dublin","price":"\u20ac 3,450","images":{"base_url":"http:\/\/i0.carsie.ie\/","image_list":[{"thumb":"NDg3ZTczYTZlNDE0MThjYTYyM2I4MmMxZDliMjRkNjBDN3VxPvCH_S8fPLqC35AANzIzMTg0LTY4NTcyNzEuanBnfHx8fHx8OTJ4Njl8fHx8fA==.jpg","main":"N2Y3NGQ1N2RhZjcyN2UzYTE1ODM3Y2NlOTVkMzgxNWHjX7IUumWVPNAeuxuiJS81NzIzMTg0LTY4NTcyNzEuanBnfHx8fHx8fHx8fHw0MDB4MzAw.jpg","large":"YjFjNjdmYjFhZmY3OTJlN2Y4ZTZiYTFhZWExOTI4ZGOoPr-S3xKZkE26F-YcTP2ZNzIzMTg0LTY4NTcyNzEuanBnfHx8fHx8fHx8fHw2NDB4NDgw.jpg"}]}},{"ad_id":"871637","reg_year":"2001","make":"Mazda","model":"MX-5","variant":"MX 5- SWOP\/TRADE IN-EXCELLENT THROUGHOUT","mileage":"93000","engine_size":"1.6","fuel_type":"Petrol","body_type":"Cabriolet \/ Convertible","colour":"0000c0","location":"Waterford","price":"\u20ac 3,450","images":{"base_url":"http:\/\/i0.carsie.ie\/","image_list":[{"thumb":"YzcyOTljMTI0MjZkMDhiMzYxMjhjNGQ5MzgwYjFjNWVVX4GbwgWICXZ4TEM0igGxODcxNjM3LTcwMzg2OTQuanBnfHx8fHx8OTJ4Njl8fHx8fA==.jpg","main":"NmNjM2MxYjI2MzY0MGE3ZWUyZGM3OWYyOTAxOTQ3ZDV34mY8zbHAG13VhsVdoBoVODcxNjM3LTcwMzg2OTQuanBnfHx8fHx8fHx8fHw0MDB4MzAw.jpg","large":"MWI0YmZjMzQyYTY4NDk1MTQ0OTkwNGY5MmUyMDNhNTn1EL9vioYpOz215kb_D3ynODcxNjM3LTcwMzg2OTQuanBnfHx8fHx8fHx8fHw2NDB4NDgw.jpg"}]}},{"ad_id":"899382","reg_year":"2001","make":"Mercedes-Benz","model":"C 220","variant":"","mileage":"120000","engine_size":"2.2","fuel_type":"Diesel","body_type":"Saloon","colour":"e0e0e0","location":"Galway","price":"\u20ac 3,450","images":{"base_url":"http:\/\/i0.carsie.ie\/","image_list":[{"thumb":"MjQ4N2NlMWFhMDQxZjNkMmUyY2I4MDRlYjE2NGYyOGRe_-6UuwbfmslvHdnZ6YSoODk5MzgyLTczNzcwNTkuanBnfHx8fHx8OTJ4Njl8fHx8fA==.jpg","main":"MWE5YTg4ZTI3Yzk5MzNiY2ExYzBjYTBlOTQ2YjZlOGOvF4Pthh_56uq8MZInIKJOODk5MzgyLTczNzcwNTkuanBnfHx8fHx8fHx8fHw0MDB4MzAw.jpg","large":"ZDQzZGFlZmZmZTc3OWQxYjU2N2U4MWZkMGUwYTA3ZjiG7beNC3_2Qpg2FMxxpT0qODk5MzgyLTczNzcwNTkuanBnfHx8fHx8fHx8fHw2NDB4NDgw.jpg"}]}},{"ad_id":"886453","reg_year":"2000","make":"Mitsubishi","model":"Pajero","variant":"2.5 DIESEL, JUST PASSED DOE, SUPER PAJERO!","mileage":"150000","engine_size":"2.5","fuel_type":"Diesel","body_type":"SUV","colour":null,"location":"Dublin","price":"\u20ac 3,450","images":{"base_url":"http:\/\/i0.carsie.ie\/","image_list":[{"thumb":"ODUwYzc3NDczZjdiYWQ4NzY3MDVkNGE4MmMwZTFlNDX16iGbWrsqHQ6e5yjUKyxQODg2NDUzLTcyNjQ2NjMuanBnfHx8fHx8OTJ4Njl8fHx8fA==.jpg","main":"NjQ1Y2YyODE4NzE1NzcwZjFlYzc0ZmVkMDBjYTBhYzDZW6L8TMl_GEn-ALAjtkusODg2NDUzLTcyNjQ2NjMuanBnfHx8fHx8fHx8fHw0MDB4MzAw.jpg","large":"NDJmMDE3NzAyZTU3OGM5ZjNlZGZmOWMwM2VlMTMwMDVCmxR2orzC63Qe6muHPxXdODg2NDUzLTcyNjQ2NjMuanBnfHx8fHx8fHx8fHw2NDB4NDgw.jpg"}]}},{"ad_id":"892171","reg_year":"2003","make":"Nissan","model":"Almera","variant":"1.8 H\/B Tekna","mileage":"88000","engine_size":"1.8","fuel_type":"Petrol","body_type":"Hatchback","colour":"7a0000","location":"Dublin","price":"\u20ac 3,450","images":{"base_url":"http:\/\/i0.carsie.ie\/","image_list":[{"thumb":"ODUwMzFjOWE4Zjk5ODhkN2FiNmIxOTQwNjI0NjRiOTBN54vYru_nzSMTLms-JXVmODkyMTcxLTcyNzAwMzAuanBnfHx8fHx8OTJ4Njl8fHx8fA==.jpg","main":"MWRiOTFiNjhhZTZmMGU0MGNlMjUzNzM1YTQxNWQ3MzbPwbsWewkXh_ppHrlT5AXvODkyMTcxLTcyNzAwMzAuanBnfHx8fHx8fHx8fHw0MDB4MzAw.jpg","large":"OWVlYWNkY2NkMGJlOGMwNmVlMzg5YjNjNTUxN2QyM2W6iniBx3iwUaAJw8w2qNqKODkyMTcxLTcyNzAwMzAuanBnfHx8fHx8fHx8fHw2NDB4NDgw.jpg"}]}},{"ad_id":"899594","reg_year":"2005","make":"Nissan","model":"Almera","variant":"1.5 S 03DR","mileage":"61500","engine_size":"1.5","fuel_type":"Petrol","body_type":"Hatchback","colour":"e0e0e0","location":"Dublin","price":"\u20ac 3,450","images":{"base_url":"http:\/\/i0.carsie.ie\/","image_list":[{"thumb":"NTYyNTA5MTU1NWNiNzZlOWQyMjk1YmNiYjQ3MTZjOTLwTaytRkghZN2EM1WmJyqXODk5NTk0LTczODA3MjUuanBnfHx8fHx8OTJ4Njl8fHx8fA==.jpg","main":"YWMxNDExNzU5Nzg3MTg0ZWNhMDc2MmMyOGRiNTlhN2VkIVZsM-SdHKMfnYn07AxTODk5NTk0LTczODA3MjUuanBnfHx8fHx8fHx8fHw0MDB4MzAw.jpg","large":"MGM2ZTU3MWE1OThkMjdiYjA1YzhhMDczMDQ5Mzk3ZGWfa13PPzpsTiOYVpGIx1ZyODk5NTk0LTczODA3MjUuanBnfHx8fHx8fHx8fHw2NDB4NDgw.jpg"}]}}]}