{"total":"23408","result":[{"ad_id":"790071","reg_year":"1999","make":"Vauxhall","model":"Frontera","variant":"","mileage":"104000","engine_size":"2.2","fuel_type":"Diesel","body_type":"Estate","colour":"0000c0","location":"Cork","price":"\u20ac 2,850","images":{"base_url":"http:\/\/i0.carsie.ie\/","image_list":[{"thumb":"NDRjZWI4MzViZGU2OWFhYWY0ZmU1NDdkNGFiYWMzZGZnZ8xOWMztcDSRXGjcl-OlNzkwMDcxLTYwODE3NTUuanBnfHx8fHx8OTJ4Njl8fHx8fA==.jpg","main":"MWZhZDBhMmNjYzY1NWRkMzdiYjc3YjZiMjJlMzFmMWKvrK_IRLA27vfRtqqETUT3NzkwMDcxLTYwODE3NTUuanBnfHx8fHx8fHx8fHw0MDB4MzAw.jpg","large":"YWFkM2JlOTc4YmY3ZDBmZjEzMzA4NjBhYjBjYzg2NWW9TRiNtRZkH42t_Ka1cG3-NzkwMDcxLTYwODE3NTUuanBnfHx8fHx8fHx8fHw2NDB4NDgw.jpg"}]}},{"ad_id":"890475","reg_year":"2000","make":"Volkswagen","model":"Passat","variant":null,"mileage":"185000","engine_size":"1.9","fuel_type":"Diesel","body_type":null,"colour":"008000","location":"Galway","price":"\u20ac 2,850","images":{"base_url":"http:\/\/i0.carsie.ie\/","image_list":[{"thumb":"Yjk2OTUxZWY1NWIyOWM1MmYzOTM5MWM5OWUwZDhmZTmEYO0qU7PrNvOuA_3mG2upODkwNDc1LTc0MDkzNjYuanBnfHx8fHx8OTJ4Njl8fHx8fA==.jpg","main":"YTNmY2MzNmQwZDYzMGM3Y2I0YmI1ZGY1NjI2NDYzNTBjbAcHikuxOGNLG_8K6B_kODkwNDc1LTc0MDkzNjYuanBnfHx8fHx8fHx8fHw0MDB4MzAw.jpg","large":"MjMyOWZjN2VmZjc4NmUzZjE5YjZiYjIwZTU2ZTExZTK3U359GJjlOdmFzUM9nz82ODkwNDc1LTc0MDkzNjYuanBnfHx8fHx8fHx8fHw2NDB4NDgw.jpg"}]}},{"ad_id":"851989","reg_year":"2004","make":"Volvo","model":"S60","variant":"2.0 T SE 04DR","mileage":"113000","engine_size":"2.0","fuel_type":"Petrol","body_type":"Saloon","colour":"ff0000","location":"Galway","price":"\u20ac 2,850","images":{"base_url":"http:\/\/i0.carsie.ie\/","image_list":[{"thumb":"YjI3OTEwZDUyNTk1Mjc3NTRjNzBmNmEwNmZlNWY4MDHZrGNXALM9XBKXQTbhSEEAODUxOTg5LTcyNjUxNjQuanBnfHx8fHx8OTJ4Njl8fHx8fA==.jpg","main":"N2NhMDVlMWY1N2E5NmYzNTA0Nzg0MTg5NTc4NDY4ZGFSyb3waGNUa7Lu7ofsDQ5UODUxOTg5LTcyNjUxNjQuanBnfHx8fHx8fHx8fHw0MDB4MzAw.jpg","large":"ZDQ2MDM4MjE1YTE2N2NhNjA4NWEwNGYzN2JhNTliMjE4Sd7g--uryS2TCdqYWZKVODUxOTg5LTcyNjUxNjQuanBnfHx8fHx8fHx8fHw2NDB4NDgw.jpg"}]}},{"ad_id":"824049","reg_year":"2002","make":"Opel","model":"Astra","variant":"Z 1.6 XE","mileage":"130250","engine_size":"1.6","fuel_type":"Petrol","body_type":"Cabriolet \/ Convertible","colour":"ff0000","location":"Meath","price":"\u20ac 2,875","images":{"base_url":"http:\/\/i0.carsie.ie\/","image_list":[{"thumb":"YmY5ZjllZDg2NzU4OWVlYmIxYjQxOWEwOWI1NTkyODh5EQYu7vhAL5ipXC9_royNODI0MDQ5LTY1MDI4MTUuanBnfHx8fHx8OTJ4Njl8fHx8fA==.jpg","main":"ZWJlNzcwMWYyNjM2NjQyNzk1MDZhNzdiZTRiNGZlZGZp-gMvkXHzOOvIaarkRAQbODI0MDQ5LTY1MDI4MTUuanBnfHx8fHx8fHx8fHw0MDB4MzAw.jpg","large":"OGNmMTVlZTk0NmMyNjIyZmFiNTY1NGMzMjIzNjZmNGPMT_gi3YvZehjOp9iVNMZcODI0MDQ5LTY1MDI4MTUuanBnfHx8fHx8fHx8fHw2NDB4NDgw.jpg"}]}},{"ad_id":"902071","reg_year":"2000","make":"BMW","model":"320","variant":"TOURING 320d","mileage":"97000","engine_size":"2.0","fuel_type":"Diesel","body_type":"SUV","colour":"e0e0e0","location":"Dublin","price":"\u20ac 2,890","images":{"base_url":"http:\/\/i0.carsie.ie\/","image_list":[{"thumb":"MzdlYjIwYzU2ZDE1NjdmYjE0ZTlkN2RjYTlkNzFlMGYEwERqR3jMEbvgoz4y1D3POTAyMDcxLTc0Mjc3MTMuanBnfHx8fHx8OTJ4Njl8fHx8fA==.jpg","main":"MmVlYTAyM2EwYmVlNzFhMmZkNDkxMjM1ODRiOWFkNDUzoDHyCxjsWqzH16L4wBi0OTAyMDcxLTc0Mjc3MTMuanBnfHx8fHx8fHx8fHw0MDB4MzAw.jpg","large":"NDc0MmNlZDAwYmVmYjU2OGY1YjY1NmViNGQ0ZDM1ODd-xq6_zGwyvZZjff0Siqn3OTAyMDcxLTc0Mjc3MTMuanBnfHx8fHx8fHx8fHw2NDB4NDgw.jpg"}]}},{"ad_id":"892442","reg_year":"2005","make":"Peugeot","model":"407","variant":"ST Comfort 1.6hdi","mileage":"142919","engine_size":"1.6","fuel_type":"Diesel","body_type":"Saloon","colour":"f0b800","location":"Dublin","price":"\u20ac 2,890","images":{"base_url":"http:\/\/i0.carsie.ie\/","image_list":[{"thumb":"OGJhNjA1NWViYzYwZTMwM2MwOGI2MTJjZTE1OTk3YWEWyYgl2NvDi7xCUvic0HY1ODkyNDQyLTcyNzMyNDIuanBnfHx8fHx8OTJ4Njl8fHx8fA==.jpg","main":"ZDc5ZmMwZjEzNDkyNTAzZWI4YzA3N2M0ZGYyNDhiMzQp3Brz82ppG1ZoR6zwAwgyODkyNDQyLTcyNzMyNDIuanBnfHx8fHx8fHx8fHw0MDB4MzAw.jpg","large":"ZDk5ZWQ0ZTdkZjNiZDVjMTVhYTBhN2E4NTI2MjVjZDDs9IrEWcVGjRs4rZM5s-lGODkyNDQyLTcyNzMyNDIuanBnfHx8fHx8fHx8fHw2NDB4NDgw.jpg"}]}},{"ad_id":"718554","reg_year":"2004","make":"Ford","model":"Transit Connect","variant":"side door","mileage":"144000","engine_size":"1.8","fuel_type":"Diesel","body_type":"Other","colour":"ffffff","location":"Meath","price":"\u20ac 2,895","images":{"base_url":"http:\/\/i0.carsie.ie\/","image_list":[{"thumb":"MDA0ZGE3ODI1ZWNiNmI5MjA1ZDhiZjEzMmZjYjA4ZjAuCF_6Cj3LnuyHTkWDObyJNzE4NTU0LTczNTAzNzUuanBnfHx8fHx8OTJ4Njl8fHx8fA==.jpg","main":"MWQ4ZTAzNTY4YzJhMzMwMDlmMDUwMzEyNWEzZTE5MmGarfrc_8akUjlR6HERVx9JNzE4NTU0LTczNTAzNzUuanBnfHx8fHx8fHx8fHw0MDB4MzAw.jpg","large":"ZWNkMDIzYmJkODM2OTU4MGQ2NTljYTE1M2ZmZDg0YmZcl47aJZVYEK4GWj-mY6y8NzE4NTU0LTczNTAzNzUuanBnfHx8fHx8fHx8fHw2NDB4NDgw.jpg"}]}},{"ad_id":"888015","reg_year":"2002","make":"Honda","model":"Accord","variant":null,"mileage":"81000","engine_size":"2.0","fuel_type":"Petrol","body_type":null,"colour":"000000","location":"Tipperary","price":"\u20ac 2,895","images":{"base_url":"http:\/\/i0.carsie.ie\/","image_list":[{"thumb":"NzQ1MjIxZWY5OGI0Yzc2MTc5MDkwMDJjN2I3OTYwN2KsxFDANyM96ofBS99NYAftODg4MDE1LTcyMzI3MDQuanBnfHx8fHx8OTJ4Njl8fHx8fA==.jpg","main":"ZGMwM2E0ZjExNzIzYmMzNWE4MmMyNDhkZDQ5Nzg1NTMNTAmJj2Uyasc8MkbqwgxzODg4MDE1LTcyMzI3MDQuanBnfHx8fHx8fHx8fHw0MDB4MzAw.jpg","large":"YmIxOTViNTg0ZDRmMzc2OTlkMzBlYzQ2NTg2OWZkODHBldZW3mEFC0u-4vbuPh8pODg4MDE1LTcyMzI3MDQuanBnfHx8fHx8fHx8fHw2NDB4NDgw.jpg"}]}},{"ad_id":"719449","reg_year":"2001","make":"Opel","model":"Astra","variant":"1.4 XE COMFORT NCT 2-13.","mileage":"98000","engine_size":"1.4","fuel_type":"Petrol","body_type":"Saloon","colour":"e0e0e0","location":"Cork","price":"\u20ac 2,895","images":{"base_url":"http:\/\/i0.carsie.ie\/","image_list":[{"thumb":"OTA4ZDQ2YjQzOTdmY2M0YWE1ZGExM2EwMzFjNDRlMmSrxFC5hdhxaFvPZGwPWGl7NzE5NDQ5LTUxNjI3NTEuanBnfHx8fHx8OTJ4Njl8fHx8fA==.jpg","main":"MWUzNjQ0YTU2NTJkOGI3MDE3NTA4NzRhZjMxYjQyYzdJ6pFs_f2ZrYsVG5ddnlrrNzE5NDQ5LTUxNjI3NTEuanBnfHx8fHx8fHx8fHw0MDB4MzAw.jpg","large":"OWQ5NGVkZDhiZWE4ZTVlNjFmOTFjNWFjYmM2YTdhMjlaWR8q-jAeFQy_eKsQVFBnNzE5NDQ5LTUxNjI3NTEuanBnfHx8fHx8fHx8fHw2NDB4NDgw.jpg"}]}},{"ad_id":"638253","reg_year":"2002","make":"Opel","model":"Corsa","variant":"AUTOMATIC","mileage":"78000","engine_size":"1.2","fuel_type":"Petrol","body_type":"Hatchback","colour":"e0e0e0","location":"Dublin","price":"\u20ac 2,895","images":{"base_url":"http:\/\/i0.carsie.ie\/","image_list":[{"thumb":"YjJhNzg2MGE0NzVkZTg2MTg5NjBhM2YzNjQ4YmViODjh0f_JH1CZ3MDP59ifEduUNjM4MjUzLTUxMTcwNTguanBnfHx8fHx8OTJ4Njl8fHx8fA==.jpg","main":"MThmNDZhYmFkMGZiNDZlMjI1NWQ2M2VlY2M3NmZiZWEOcAtQ0_pGfE9-RcKVz0HdNjM4MjUzLTUxMTcwNTguanBnfHx8fHx8fHx8fHw0MDB4MzAw.jpg","large":"MDAzYmVhZGY3YTU0MmQzZmM3NTVlZTE2OTBhNDY4MzPQX6jCq4bdGpCycQab7YkyNjM4MjUzLTUxMTcwNTguanBnfHx8fHx8fHx8fHw2NDB4NDgw.jpg"}]}},{"ad_id":"873672","reg_year":"2001","make":"Toyota","model":"Yaris","variant":"1.0 Terra","mileage":"152000","engine_size":"1.0","fuel_type":"Petrol","body_type":"Hatchback","colour":"008000","location":"Cork","price":"\u20ac 2,895","images":{"base_url":"http:\/\/i0.carsie.ie\/","image_list":[{"thumb":"YjNhYjI1NGE2ZGIzN2MxYzhhZGI0NzQ0MjNhYjRiYzRV2WaHkRABw4_0mwB9iSSdODczNjcyLTcwNjM5NzEuanBnfHx8fHx8OTJ4Njl8fHx8fA==.jpg","main":"NmY1N2Y2NDYxYzM4NDlmNzI1ZTdmYjg0OTJhMDI5YzI-jIzAEW6QczZYxoqyTIh7ODczNjcyLTcwNjM5NzEuanBnfHx8fHx8fHx8fHw0MDB4MzAw.jpg","large":"NWQ1YWQ2NmI1Y2JjODNjZmY2YzhiODM2MDhiYzhhY2N6iX8rw6jPhZdhIrzTRcbdODczNjcyLTcwNjM5NzEuanBnfHx8fHx8fHx8fHw2NDB4NDgw.jpg"}]}},{"ad_id":"893619","reg_year":"2001","make":"Audi","model":"A4","variant":"2.0 130BHP Stunning ALLOYS ","mileage":"154000","engine_size":"2.0","fuel_type":"Petrol","body_type":"Saloon","colour":"0000c0","location":"Dublin","price":"\u20ac 2,900","images":{"base_url":"http:\/\/i0.carsie.ie\/","image_list":[{"thumb":"YjNiYzdmODBlNjNiNzkyMmFhMjViZmNiNGFlZDgxNzVc_DAL_YOqlE9HYn8THW-sODkzNjE5LTcyODE3MDUuanBnfHx8fHx8OTJ4Njl8fHx8fA==.jpg","main":"MTEzYmI3ZjNkYTU2MmNiODYxYTc1ODZjZThmOGIwMmR58oDHu6U-Bo-1kF745ImIODkzNjE5LTcyODE3MDUuanBnfHx8fHx8fHx8fHw0MDB4MzAw.jpg","large":"OWU3NGEwMWRkMTUxZmNjNGI4ZTQ4MzQ4YzFiNTdmYmVBL0PJTUFq3nyUEmTh80iYODkzNjE5LTcyODE3MDUuanBnfHx8fHx8fHx8fHw2NDB4NDgw.jpg"}]}},{"ad_id":"901952","reg_year":"1999","make":"Audi","model":"A4","variant":null,"mileage":"141700","engine_size":"1.9","fuel_type":"Diesel","body_type":"Saloon","colour":"000000","location":"Monaghan","price":"\u20ac 2,900","images":{"base_url":"http:\/\/i0.carsie.ie\/","image_list":[{"thumb":"NjM2MDUwMzdmNDIwZDQ0NjhlYTRmZmNiMDk5NmQ1NTUT3rF2JHUzHX2RpgnKZeaVOTAxOTUyLTc0MjY1NTQuanBnfHx8fHx8OTJ4Njl8fHx8fA==.jpg","main":"MDBkZmQxOWI2OTQ5MDAxMzNiYjM2MTFlYmEyNGJiM2Qx10oXs6G09zUzFytLfR0bOTAxOTUyLTc0MjY1NTQuanBnfHx8fHx8fHx8fHw0MDB4MzAw.jpg","large":"OTAxYjliMWUyYTBlNWEyNDRhMDhkOTg3ZTY1MTE3ZWVvrlFC9Ed3sBeeB1P9W_NuOTAxOTUyLTc0MjY1NTQuanBnfHx8fHx8fHx8fHw2NDB4NDgw.jpg"}]}},{"ad_id":"898249","reg_year":"2001","make":"BMW","model":"3 Series","variant":"320 (E46) D SE 4DR 163BHP","mileage":"160000","engine_size":"2.0","fuel_type":"Diesel","body_type":"Saloon","colour":"e0e0e0","location":"Galway","price":"\u20ac 2,900","images":{"base_url":"http:\/\/i0.carsie.ie\/","image_list":[{"thumb":"ZmI3NzM2OTRiZDIzZTkyZDllMGMwMzcxZWFkMzkzNDWyeaIXPgg_DQH0-uT5YVl4ODk4MjQ5LTczNjM0MjQuanBnfHx8fHx8OTJ4Njl8fHx8fA==.jpg","main":"ZmZiZmEwOTFjMjdiMGFjYTRlOGQwYmU0Yzc3ZGNiNWM_ye1SjvS9zs2ohw3OaNF-ODk4MjQ5LTczNjM0MjQuanBnfHx8fHx8fHx8fHw0MDB4MzAw.jpg","large":"NjBiODRhYmRiMWNjNTk2YzFhZDEwODQyMmYyM2VkYzevp1zjYrbX00acjxXETBrBODk4MjQ5LTczNjM0MjQuanBnfHx8fHx8fHx8fHw2NDB4NDgw.jpg"}]}},{"ad_id":"898633","reg_year":"2004","make":"Citroen","model":"Picasso","variant":"1 YEAR WARRANTY","mileage":"107900","engine_size":"1.6","fuel_type":"Petrol","body_type":"People Carrier","colour":"858585","location":"Dublin","price":"\u20ac 2,900","images":{"base_url":"http:\/\/i0.carsie.ie\/","image_list":[{"thumb":"ZmQ5YWVlMDUwZmZjMWZkZTA1ZWZkZjgzY2RmMjY1ZThwmHHTS470NpOvGsHnaCG6ODk4NjMzLTczNjY2OTMuanBnfHx8fHx8OTJ4Njl8fHx8fA==.jpg","main":"ZDY5YmQ5NTFmNDY2MDM0OGI5NzdhMDYxYzgzZjdiYjkeFdWElz0EhOIx_KnXhepMODk4NjMzLTczNjY2OTMuanBnfHx8fHx8fHx8fHw0MDB4MzAw.jpg","large":"Y2Y0MjU3OWMzMjk3NGU1ODViYTJmMTczYWYzMTIzZGQJ8GZiaB97mud4RWolAZrDODk4NjMzLTczNjY2OTMuanBnfHx8fHx8fHx8fHw2NDB4NDgw.jpg"}]}},{"ad_id":"899501","reg_year":"2003","make":"Ford","model":"Fiesta","variant":"1.3 ","mileage":"93000","engine_size":"1.3","fuel_type":"Petrol","body_type":"Hatchback","colour":"e0e0e0","location":"Kerry","price":"\u20ac 2,900","images":{"base_url":"http:\/\/i0.carsie.ie\/","image_list":[{"thumb":"YmEyZmQ5MWM4ZTM0NjY0YjczYWMzMjY2Y2JjNjI1M2YtYyziNQ5iOm7TySOhPKpOODk5NTAxLTczNzkxNTQuanBnfHx8fHx8OTJ4Njl8fHx8fA==.jpg","main":"ZWFjYjExN2RhZTc1ZWI4MjFlZDgxYzgwNmZlZmQ1NjMCiS1PMzecajSGx4hpSkK6ODk5NTAxLTczNzkxNTQuanBnfHx8fHx8fHx8fHw0MDB4MzAw.jpg","large":"YzE1MjAwNWJjYjg5YzUyMGM0YTEwMGRlNjc4YjY1MDUpaPkx4zOoV93lYTKhN3z8ODk5NTAxLTczNzkxNTQuanBnfHx8fHx8fHx8fHw2NDB4NDgw.jpg"}]}},{"ad_id":"898700","reg_year":"2003","make":"Ford","model":"Focus","variant":"1.6 saloon","mileage":"95000","engine_size":"1.6","fuel_type":"Petrol","body_type":"Saloon","colour":"ffffff","location":"Cork","price":"\u20ac 2,900","images":{"base_url":"http:\/\/i0.carsie.ie\/","image_list":[{"thumb":"NzI4NjFjY2ZmN2FlODY4ZGFlOWRmZTE2ZDMwNTZhNWKqVr8L15JnT9vwanV1ybG-ODk4NzAwLTczNjc2MDAuanBnfHx8fHx8OTJ4Njl8fHx8fA==.jpg","main":"NWRhYjcyNjQ2MzI4ZjNlOGUyOWE2YzIwODExNmVhZTA656hBO3LUYU4gDkBEKIkHODk4NzAwLTczNjc2MDAuanBnfHx8fHx8fHx8fHw0MDB4MzAw.jpg","large":"M2I1ZTcwYjFkNGZhOGM2ZTNiNDg5YTJkZThhYjI0NWJZVr6XtUA_qk-mIJnCt1bFODk4NzAwLTczNjc2MDAuanBnfHx8fHx8fHx8fHw2NDB4NDgw.jpg"}]}},{"ad_id":"773898","reg_year":"2001","make":"Ford","model":"Galaxy","variant":"1.9TDI Ghia 7 Seater","mileage":"116000","engine_size":"1.9","fuel_type":"Diesel","body_type":"People Carrier","colour":"008000","location":"Kildare","price":"\u20ac 2,900","images":{"base_url":"http:\/\/i0.carsie.ie\/","image_list":[{"thumb":"OGYwMWUxMTYxNjAwMTdhZTYwYzJhM2EyYmU4ZGY5YzLiQ2mIVFUPc_oTCk5cVAEkNzczODk4LTU4ODY2MzkuanBnfHx8fHx8OTJ4Njl8fHx8fA==.jpg","main":"MjFhZDJjYmU3N2E2ZTRhMjY3MDI0NjU2N2Y1MzQzMDUn8nHhcsgiLE3vwsI98ADjNzczODk4LTU4ODY2MzkuanBnfHx8fHx8fHx8fHw0MDB4MzAw.jpg","large":"NmY2NDU1OTNhZjM2MGU5MmRiMGIwMmQ5ZDI1ODM4ZDkZ_caEDpCGG01r9zzKAJ0GNzczODk4LTU4ODY2MzkuanBnfHx8fHx8fHx8fHw2NDB4NDgw.jpg"}]}},{"ad_id":"898084","reg_year":"2004","make":"Ford","model":"Mondeo","variant":"LX nct 03\/14, excellent driver., 2 keys. excellent condition","mileage":"82605","engine_size":"1.8","fuel_type":"Petrol","body_type":"Hatchback","colour":"0000c0","location":"Kildare","price":"\u20ac 2,900","images":{"base_url":"http:\/\/i0.carsie.ie\/","image_list":[{"thumb":"YjFhOWZkZGM3NjAzZGI4OTgyM2E5MWVhODZiZTZjZjNb_nbxHcJDLQ4WR7OV1YJUODk4MDg0LTczNjEzMjYuanBnfHx8fHx8OTJ4Njl8fHx8fA==.jpg","main":"NDNiYzI2YjdmZmZkMzliODkxMmQ1Y2M2ZTUxMjUxMmY2vEPhLZx_T9tcHbYZfPaoODk4MDg0LTczNjEzMjYuanBnfHx8fHx8fHx8fHw0MDB4MzAw.jpg","large":"MWQxMmQ4YTNmYmQwYzhjZmVjMWY4NGZjZGFkODMzMGHATKxTrBdlllFgoFVTLzjCODk4MDg0LTczNjEzMjYuanBnfHx8fHx8fHx8fHw2NDB4NDgw.jpg"}]}},{"ad_id":"898965","reg_year":"2003","make":"Honda","model":"Accord","variant":"2.0 Sport","mileage":"158000","engine_size":"2.0","fuel_type":"Petrol","body_type":"Saloon","colour":"e0e0e0","location":"Wicklow","price":"\u20ac 2,900","images":{"base_url":"http:\/\/i0.carsie.ie\/","image_list":[{"thumb":"OTc3M2JiOTY0ZTJhMzg2ZDhmYWM2M2M5NTIzMmQ5ZTIXKqqJa7uZVPqZD7H3ZD2xODk4OTY1LTczNzE3OTguanBnfHx8fHx8OTJ4Njl8fHx8fA==.jpg","main":"NGYzMTM2ODBmMGM5OTExYTZhNWE0NTQ1Y2NhYzM0N2E4uDGbhKlvW4S_JzsgEuQgODk4OTY1LTczNzE3OTguanBnfHx8fHx8fHx8fHw0MDB4MzAw.jpg","large":"Y2VjMTg2ZTlkMmM1MjNiMGRmM2Y0YjI5YWZlZWZiZjRE0-46cQeCFH3B-6mKLMDqODk4OTY1LTczNzE3OTguanBnfHx8fHx8fHx8fHw2NDB4NDgw.jpg"}]}}]}