{"total":"23408","result":[{"ad_id":"899848","reg_year":"2008","make":"Ford","model":"Fiesta","variant":null,"mileage":"31690","engine_size":"1.2","fuel_type":"Petrol","body_type":null,"colour":"0000c0","location":"Cork","price":"\u20ac 7,495","images":{"base_url":"http:\/\/i0.carsie.ie\/","image_list":[{"thumb":"YTUzM2MyYTFhNDM4MDAyYWUzZDZmMTJlNWZjZDNjNWXE0GXVUR-q5OiVpi2w1tcMODk5ODQ4LS5qcGd8fHx8fHw5Mng2OXx8fHx8.jpg","main":"NDkxNjk1NTA4ZjU3MGEwNWYyNWJhODdmOTUyYzVlZWMtydVfRDYzRODndXATNKcdODk5ODQ4LS5qcGd8fHx8fHx8fHx8fDQwMHgzMDA=.jpg","large":"MGE3MWQ1Njg1ZDhmYWRjNDY4NGY0NTg2ZGQ5MTg2YjkRYMSAHk6Ow_sVkczJOneQODk5ODQ4LS5qcGd8fHx8fHx8fHx8fDY0MHg0ODA=.jpg"}]}},{"ad_id":"833367","reg_year":"2008","make":"Ford","model":"Fiesta","variant":"Steel 2 1.25","mileage":"62500","engine_size":"1.2","fuel_type":"Petrol","body_type":"Hatchback","colour":"ff0000","location":"Meath","price":"\u20ac 7,495","images":{"base_url":"http:\/\/i0.carsie.ie\/","image_list":[{"thumb":"NDQwZGQ1YTc0MmRmZDRjMDlmODFlYWZiOWJlZGNjODD0AfM8gL8SpPcWrNQ88gr6ODMzMzY3LTY2MTE0NDAuanBnfHx8fHx8OTJ4Njl8fHx8fA==.jpg","main":"NmJkYWUxY2QxNmI5ZTExNTYwYWNjZWUwZjE3MTdiMzMr8rXjjxejl9pg8WgiyIrIODMzMzY3LTY2MTE0NDAuanBnfHx8fHx8fHx8fHw0MDB4MzAw.jpg","large":"ZWZmOTJjNTg5MTQ3OGVjMjc3ODYyZDgxYTcyZjU4NWbQxNsdbnbV2t2zXmagEQZnODMzMzY3LTY2MTE0NDAuanBnfHx8fHx8fHx8fHw2NDB4NDgw.jpg"}]}},{"ad_id":"890488","reg_year":"2006","make":"Honda","model":"FR-V","variant":"1.7 SE 5DR","mileage":"129000","engine_size":"1.7","fuel_type":"Petrol","body_type":null,"colour":"858585","location":"Monaghan","price":"\u20ac 7,495","images":{"base_url":"http:\/\/i0.carsie.ie\/","image_list":[{"thumb":"MDY2YTJiNmI4YjYwYWJlY2EzODk2NjA1MjU1NDYzOTHoKWdNA524p1Vlc25Gp9b3ODkwNDg4LTczMzY3NDguanBnfHx8fHx8OTJ4Njl8fHx8fA==.jpg","main":"OTBlODhhMDg1ZmM1YTUxOGYyOTEyNTNjNWQzYWQ5ZTPEhAB89whnQwXAsUUnn0JXODkwNDg4LTczMzY3NDguanBnfHx8fHx8fHx8fHw0MDB4MzAw.jpg","large":"YThlMDg0MThhYTY0ZmMyZGQ1Y2I0MmU4YzAyN2E3MTbq-5Y4zHpLHl_EKsm124YxODkwNDg4LTczMzY3NDguanBnfHx8fHx8fHx8fHw2NDB4NDgw.jpg"}]}},{"ad_id":"886212","reg_year":"2006","make":"Hyundai","model":"Santa Fe","variant":null,"mileage":"94448","engine_size":"2.0","fuel_type":"Diesel","body_type":null,"colour":"000000","location":"Longford","price":"\u20ac 7,495","images":{"base_url":"http:\/\/i0.carsie.ie\/","image_list":[{"thumb":"OTA4NDFjZDA0MTYzNzI1MjY3YWFhOWM0YTU2ODYwNTUK-49LkjG44EcVxkqNyfgAODg2MjEyLTczODc3MzEuanBnfHx8fHx8OTJ4Njl8fHx8fA==.jpg","main":"YjRkY2YyNzE0YzVkODlkNzYxMmRhNWZkM2YwNjNiZDTNYl55sZEipAfnV7sjrlgdODg2MjEyLTczODc3MzEuanBnfHx8fHx8fHx8fHw0MDB4MzAw.jpg","large":"OTY3NDRiYzU5NzExMTVjMGVmMDA3ZWQ5YTM1NTk5NmYJ2JGCzXfnmoTzBxTT9tAHODg2MjEyLTczODc3MzEuanBnfHx8fHx8fHx8fHw2NDB4NDgw.jpg"}]}},{"ad_id":"881541","reg_year":"2008","make":"Mazda","model":"Mazda2","variant":"NCT 10\/2014 , 5dr Comfort","mileage":"30000","engine_size":"1.3","fuel_type":"Petrol","body_type":"Hatchback","colour":"000000","location":"Dublin","price":"\u20ac 7,495","images":{"base_url":"http:\/\/i0.carsie.ie\/","image_list":[{"thumb":"ZDhlOThmMTViYzg1MGMyZTA1ZGNlNTE5MzdjNGFlNjHljMF7W2SxkOz_SxcH81KaODgxNTQxLTcxNTU1MjMuanBnfHx8fHx8OTJ4Njl8fHx8fA==.jpg","main":"M2RhNDU1NjlmNzZmNWY5NTZkMGE4NWEzYzY3Y2MzNTNlVCc94FaJ9_LO6J3KUGqYODgxNTQxLTcxNTU1MjMuanBnfHx8fHx8fHx8fHw0MDB4MzAw.jpg","large":"OWQyNTVmMzFkYzgxMDE2NDYxYzViNmUxODAyNTc2YmSxmKGTL3zr1dD-LJdP_9t0ODgxNTQxLTcxNTU1MjMuanBnfHx8fHx8fHx8fHw2NDB4NDgw.jpg"}]}},{"ad_id":"854859","reg_year":"2008","make":"Mazda","model":"Mazda3","variant":"1.6 Touring","mileage":"70838","engine_size":"1.6","fuel_type":"Petrol","body_type":"Saloon","colour":"0000c0","location":"Dublin","price":"\u20ac 7,495","images":{"base_url":"http:\/\/i0.carsie.ie\/","image_list":[{"thumb":"NGY0OTE0YTUyNzNmYzc3YTBmMDgxODgzMjlhMzhlZDcZH2ceJ4yKrCb_Dec4cwDlODU0ODU5LS5qcGd8fHx8fHw5Mng2OXx8fHx8.jpg","main":"MGFlY2QxYThiNDAxYmMxNmQ2NWNiNzU5MDlhYWQ0NzU-NUA7urOdnGuPBhZK050yODU0ODU5LS5qcGd8fHx8fHx8fHx8fDQwMHgzMDA=.jpg","large":"NjRiMGE0N2YzNzAwZDRlZTc0MjI2OWNjMmIxOTYxNTPthvLMF-7Tcu8ff0IDx9DiODU0ODU5LS5qcGd8fHx8fHx8fHx8fDY0MHg0ODA=.jpg"}]}},{"ad_id":"870632","reg_year":"2006","make":"Mazda","model":"RX-8","variant":"190 Bhp","mileage":"45981","engine_size":"1.7","fuel_type":"Petrol","body_type":"SUV","colour":"0000c0","location":"Donegal","price":"\u20ac 7,495","images":{"base_url":"http:\/\/i0.carsie.ie\/","image_list":[{"thumb":"MWNkNmUzNmUzY2RkNTE5NzFlZTZjNzQyYzMxNDczNWOPEThdiI2fM5Apt2ZbCE-3ODcwNjMyLTcwMjY3ODAuanBnfHx8fHx8OTJ4Njl8fHx8fA==.jpg","main":"MWQ3MzlmYjc5NzEyNDE1NDcwMTYyZjVhMjk1YjcxN2aZwn85UgUmurIu6jUa8I45ODcwNjMyLTcwMjY3ODAuanBnfHx8fHx8fHx8fHw0MDB4MzAw.jpg","large":"MGM1MTlmMzU0NjQ5ZWY3NWVlYjZjNjUyZmFhNDVmMTYZEdN4ej343QqHunjsWzLaODcwNjMyLTcwMjY3ODAuanBnfHx8fHx8fHx8fHw2NDB4NDgw.jpg"}]}},{"ad_id":"889539","reg_year":"2007","make":"Nissan","model":"Almera","variant":"SXE nct 1-2015 taxed 9-2013","mileage":"42135","engine_size":"1.5","fuel_type":"Petrol","body_type":"Saloon","colour":"858585","location":"Dublin","price":"\u20ac 7,495","images":{"base_url":"http:\/\/i0.carsie.ie\/","image_list":[{"thumb":"M2MyMTQ1YTc5YjU0N2YyM2YzNDkyYTE2ZTAxNTVjMGXJi4MJiuSs9ymKUbCdgSmRODg5NTM5LTcyNDMzMTEuanBnfHx8fHx8OTJ4Njl8fHx8fA==.jpg","main":"MGVjYTE0YzBkNmY0ZDMxMWQ5ODY2MmFkYzliNTE0Yzjuaq1YpqqP8g7SV7wh1LwIODg5NTM5LTcyNDMzMTEuanBnfHx8fHx8fHx8fHw0MDB4MzAw.jpg","large":"YWFhOTJhY2ZiOGZmZmYzZmU4MmRkMWFkMWJhMjAwMTSC3M3LvWxpBGRFVVMmREV5ODg5NTM5LTcyNDMzMTEuanBnfHx8fHx8fHx8fHw2NDB4NDgw.jpg"}]}},{"ad_id":"889777","reg_year":"2006","make":"Nissan","model":"Almera","variant":"SX ","mileage":"27011","engine_size":"1.5","fuel_type":"Petrol","body_type":"Hatchback","colour":"994d00","location":"Dublin","price":"\u20ac 7,495","images":{"base_url":"http:\/\/i0.carsie.ie\/","image_list":[{"thumb":"Njc3MmU4ZmE5ZjVhYzIzMTE0OGFiY2VjOWQ1MmU5Zjj0UBDdeFAx3Gx--3eSw2R6ODg5Nzc3LTcyNDQ2MDkuanBnfHx8fHx8OTJ4Njl8fHx8fA==.jpg","main":"MjA5NjI4Yzg4NGExY2Q2MGY4OTlkYTJiMDcxNjEyMjZ12_IFznTTIOTC0rZM8eWjODg5Nzc3LTcyNDQ2MDkuanBnfHx8fHx8fHx8fHw0MDB4MzAw.jpg","large":"MmVhZjBlMTY2NjA0MGEwNzZkZDUxOGJkNGE3Zjk0Yzg-6PNhfKQeyneudWThM7I8ODg5Nzc3LTcyNDQ2MDkuanBnfHx8fHx8fHx8fHw2NDB4NDgw.jpg"}]}},{"ad_id":"845789","reg_year":"2009","make":"Nissan","model":"Micra","variant":"1.2 5dr SV ~ Tax 280","mileage":"75135","engine_size":"1.2","fuel_type":"Petrol","body_type":"Hatchback","colour":"e0e0e0","location":"Dublin","price":"\u20ac 7,495","images":{"base_url":"http:\/\/i0.carsie.ie\/","image_list":[{"thumb":"ZjM4MDljNmRlZjJjNzk1ZmQ1NjMwNjBlZmIzZTM2N2QCNv_yHCSV3Apxi3VVQC8QODQ1Nzg5LTcxNzc1NTEuanBnfHx8fHx8OTJ4Njl8fHx8fA==.jpg","main":"OTdlOTdiNjgxNGI0ZWFjZDg3ZDMzZTc4YmY4OGQ4ZmRDhTkBKUOZTdHzRoCwqsAaODQ1Nzg5LTcxNzc1NTEuanBnfHx8fHx8fHx8fHw0MDB4MzAw.jpg","large":"YjA4NjAwOWM0M2JjM2Q3MTY5ZjljYmRkOGFkZDRkMDanOr0KGWtuAHP1Pq23tBehODQ1Nzg5LTcxNzc1NTEuanBnfHx8fHx8fHx8fHw2NDB4NDgw.jpg"}]}},{"ad_id":"856359","reg_year":"2009","make":"Nissan","model":"Micra","variant":"1.2 5dr SV ~ Tax 280","mileage":"68777","engine_size":"1.2","fuel_type":"Petrol","body_type":"Hatchback","colour":"e0e0e0","location":"Dublin","price":"\u20ac 7,495","images":{"base_url":"http:\/\/i0.carsie.ie\/","image_list":[{"thumb":"ODM5ZDYzN2RlN2U1NjU4NmI1MGEyMGEzNGY2MjNiMDIOoGQi5aw2_dWHDzVEfVsQODU2MzU5LTcyMzczNzkuanBnfHx8fHx8OTJ4Njl8fHx8fA==.jpg","main":"Mjk2YmFiNzYxMWY1MzQyODViYzlhYTU3YWM3YzkwODEVy9Z8cVVh-8iwdkkqYfQnODU2MzU5LTcyMzczNzkuanBnfHx8fHx8fHx8fHw0MDB4MzAw.jpg","large":"MzNhY2Y5NDVkMmI2NGY4ODFmN2UxMjhiNDNjODdhYjAybwNZF8sYwo8jlOTNBGlNODU2MzU5LTcyMzczNzkuanBnfHx8fHx8fHx8fHw2NDB4NDgw.jpg"}]}},{"ad_id":"889790","reg_year":"2007","make":"Nissan","model":"Micra","variant":"5DR 1.2 *VERY LOW MILEAGE**","mileage":"18750","engine_size":"1.2","fuel_type":"Petrol","body_type":"Hatchback","colour":"e0e0e0","location":"Dublin","price":"\u20ac 7,495","images":{"base_url":"http:\/\/i0.carsie.ie\/","image_list":[{"thumb":"NjdjNDBkNjFjZWZlNThhZWRkYmZhNjI0ZDhlZWYxZTIdNh1-1qtzbe56ArHHVLqyODg5NzkwLTcyNDQ2ODguanBnfHx8fHx8OTJ4Njl8fHx8fA==.jpg","main":"NzcwN2U5ZjRhNzNkZGUxMWU4YzI3NGJlOTBjNTQ3NDHTBDSPhVtKE847BIdJ6ntGODg5NzkwLTcyNDQ2ODguanBnfHx8fHx8fHx8fHw0MDB4MzAw.jpg","large":"NmY5MmVhYmUxZjRkMWUzMGFkNDdjODVkMmE1ZjBjNjWkNQw64JjMC5qnvGmtfYlKODg5NzkwLTcyNDQ2ODguanBnfHx8fHx8fHx8fHw2NDB4NDgw.jpg"}]}},{"ad_id":"890025","reg_year":"2010","make":"Nissan","model":"Micra","variant":"1.2 5DR (Call Raheny now 087 2211218)","mileage":"64375","engine_size":"1.2","fuel_type":"Petrol","body_type":"Hatchback","colour":"000000","location":"Dublin","price":"\u20ac 7,495","images":{"base_url":"http:\/\/i0.carsie.ie\/","image_list":[{"thumb":"NDg3NzI5ZGNhODAyNDcyZTc2NmYwMWQzNjAxMjRjM2bixTnfAWTwXUMMe_BzEvrhODkwMDI1LTcyNDU5MTUuanBnfHx8fHx8OTJ4Njl8fHx8fA==.jpg","main":"YzE1MjdlYTU3NmY4OTU0NmQyMGM4YzEwZjBiZmNhMjR9l10s10NgI3FEm8CL5ZuIODkwMDI1LTcyNDU5MTUuanBnfHx8fHx8fHx8fHw0MDB4MzAw.jpg","large":"YzEzNDExNTk2NGQ3NmE1OWFkOTU2NDhkMDBiZDc3ZjJL4OznG0iGk3WUfgjnYZD8ODkwMDI1LTcyNDU5MTUuanBnfHx8fHx8fHx8fHw2NDB4NDgw.jpg"}]}},{"ad_id":"889932","reg_year":"2008","make":"Nissan","model":"Micra","variant":"1.2 SXE NISSAN MICRA WINDSOR GALWAY","mileage":"68399","engine_size":"1.2","fuel_type":"Petrol","body_type":"Hatchback","colour":"e0e0e0","location":"Galway","price":"\u20ac 7,495","images":{"base_url":"http:\/\/i0.carsie.ie\/","image_list":[{"thumb":"NDAzYTI2M2JiM2Q3YzU4YjhiYTFmY2QyNDgyOWY5MjPIBeGSvka_yw4mZ7Idl2kzODg5OTMyLTcyNDU0NjMuanBnfHx8fHx8OTJ4Njl8fHx8fA==.jpg","main":"NjQ3NGEwYTAwYzE4ZTAzNDlhOWY4YTM4ZjdmYmI3YWQdr55Dsk9DE63dXnkC9vY2ODg5OTMyLTcyNDU0NjMuanBnfHx8fHx8fHx8fHw0MDB4MzAw.jpg","large":"YmYzN2Q3MWQ1ZjMwZGRkNWI5NzFiNzE2ZDQ4ZGNkZjKKtmKGKqT-hRCUNGHqRGKhODg5OTMyLTcyNDU0NjMuanBnfHx8fHx8fHx8fHw2NDB4NDgw.jpg"}]}},{"ad_id":"865644","reg_year":"2007","make":"Nissan","model":"Note","variant":"1.4 5DR SXE (Call Raheny now 087 2211218)","mileage":"23125","engine_size":"1.4","fuel_type":"Petrol","body_type":"Hatchback","colour":"000000","location":"Dublin","price":"\u20ac 7,495","images":{"base_url":"http:\/\/i0.carsie.ie\/","image_list":[{"thumb":"OWYxNGVkY2UzZjA1ZTU4ZWJhYmVmZDA0NDcyMjYwNDkNRYgqmzWnddHw8_oapGjPODY1NjQ0LTcyMTEwMjUuanBnfHx8fHx8OTJ4Njl8fHx8fA==.jpg","main":"NWI3NjQzNjI2MjRiY2EyNmJiNWJlZjY1NTE0MzIwMTUst8qsuee1Eftp_3s_pTwHODY1NjQ0LTcyMTEwMjUuanBnfHx8fHx8fHx8fHw0MDB4MzAw.jpg","large":"MGVhZTdmYTc3YmE5YjY2ZjcxZjMzMTk4ZWUwYmYxMTL6PFQDVpPcE1CG0IuOhiIeODY1NjQ0LTcyMTEwMjUuanBnfHx8fHx8fHx8fHw2NDB4NDgw.jpg"}]}},{"ad_id":"889760","reg_year":"2007","make":"Nissan","model":"Note","variant":"1.4 Se 5 Dr. ONLY 57, 000 Klms. Silver Metallic.","mileage":"35848","engine_size":"1.4","fuel_type":"Petrol","body_type":"Hatchback","colour":"e0e0e0","location":"Dublin","price":"\u20ac 7,495","images":{"base_url":"http:\/\/i0.carsie.ie\/","image_list":[{"thumb":"MWYzZTA3MzE0MzNiZDEzZDFlNDBjOGUwMGU3MDZlYWXbey0YSKSEVJ_cGRMDgi2gODg5NzYwLS5qcGd8fHx8fHw5Mng2OXx8fHx8.jpg","main":"NTA4MDk2NTAwNTQyZTc3NmEwMjQ2MDBjNDc0YzAwOTcIDtmdAgoIR_dFvaWW2ODJODg5NzYwLS5qcGd8fHx8fHx8fHx8fDQwMHgzMDA=.jpg","large":"MGEyNmY3NzdiNzQwYWVhY2I5MmI1NDM3MDQ5NGE2YmRD-G-92XGQXvXZtKHpg8nSODg5NzYwLS5qcGd8fHx8fHx8fHx8fDY0MHg0ODA=.jpg"}]}},{"ad_id":"762281","reg_year":"2008","make":"Nissan","model":"Tiida","variant":"1.6 SE, 5dr.","mileage":"37500","engine_size":"1.6","fuel_type":"Petrol","body_type":"Hatchback","colour":"ff0000","location":"Cork","price":"\u20ac 7,495","images":{"base_url":"http:\/\/i0.carsie.ie\/","image_list":[{"thumb":"ZjA4N2NlZGQ2NDljMGIwZmU2YTJmZTM5N2RjNjUxYWMbbs0zf7R87RyoVtxgAwvdNzYyMjgxLTU4MTczOTUuanBnfHx8fHx8OTJ4Njl8fHx8fA==.jpg","main":"NzU3ZmU2MjE5ZmIyZTBkYjVjNmFhY2NjMjQxNDIwNmTlTAIP0LR0yGafEDqiPnF3NzYyMjgxLTU4MTczOTUuanBnfHx8fHx8fHx8fHw0MDB4MzAw.jpg","large":"Y2Q0ODM4M2UzYWFhNTY3NmFlMDc3YWVkYTExN2UzY2UFaxBdDPRJCmpcrZyI81CiNzYyMjgxLTU4MTczOTUuanBnfHx8fHx8fHx8fHw2NDB4NDgw.jpg"}]}},{"ad_id":"762308","reg_year":"2008","make":"Nissan","model":"Tiida","variant":"1.6 4DR SE (Call Raheny now 087 2211218)","mileage":"37500","engine_size":"1.6","fuel_type":"Petrol","body_type":"Saloon","colour":"e0e0e0","location":"Dublin","price":"\u20ac 7,495","images":{"base_url":"http:\/\/i0.carsie.ie\/","image_list":[{"thumb":"YTU0OTUzZWM4Mjc3NmY5MTEyMjk5NGVkYTNjOTFiZDathkwXLDWXKk1l1kwsu9OzNzYyMzA4LTU3MTk3NjYuanBnfHx8fHx8OTJ4Njl8fHx8fA==.jpg","main":"NDlmZThlNGIxZGUwMTU5YjljNjJlYjA3NjY2NWEyOWYEhSgw9NZcIBiXqaHIdMopNzYyMzA4LTU3MTk3NjYuanBnfHx8fHx8fHx8fHw0MDB4MzAw.jpg","large":"N2RhNTVjYmE0ODE5NTEwZDAyZDRmZGFmZTc2OGY1Mjdm75u8rwB8Yhwh7vn0QrddNzYyMzA4LTU3MTk3NjYuanBnfHx8fHx8fHx8fHw2NDB4NDgw.jpg"}]}},{"ad_id":"874578","reg_year":"2008","make":"Nissan","model":"Tiida","variant":"1.2 4DR. (Call Raheny now 087 2211218)","mileage":"39375","engine_size":"1.6","fuel_type":"Petrol","body_type":"Saloon","colour":"0000c0","location":"Dublin","price":"\u20ac 7,495","images":{"base_url":"http:\/\/i0.carsie.ie\/","image_list":[{"thumb":"NDJmZmI5ZTc0ZDA2NzI1ZmI2ODFjMzE2MDgwMDUyY2Uvd6BzojFI2buF6l7_ogd1ODc0NTc4LTcxMDA0MDYuanBnfHx8fHx8OTJ4Njl8fHx8fA==.jpg","main":"ZDhlNTYwMTY1Nzk2MTFhN2QxZGMwMjBmYTk2MmVkMzY7_ITuuIVO6qbP_k3KMn6OODc0NTc4LTcxMDA0MDYuanBnfHx8fHx8fHx8fHw0MDB4MzAw.jpg","large":"MWUwNzkwYTNiZmZjOWMxZTg2MWRmMWMxNjkwNjNjMzlgwadvRXs1V_WdqBSUUt0EODc0NTc4LTcxMDA0MDYuanBnfHx8fHx8fHx8fHw2NDB4NDgw.jpg"}]}},{"ad_id":"874611","reg_year":"2008","make":"Nissan","model":"Tiida","variant":"1.6 5DR SE (CASH PRICE) *AS NEW*","mileage":"40625","engine_size":"1.6","fuel_type":"Petrol","body_type":"Hatchback","colour":"b04a49","location":"Dublin","price":"\u20ac 7,495","images":{"base_url":"http:\/\/i0.carsie.ie\/","image_list":[{"thumb":"MTIwZTJmNGVhMWIzN2JjZjQ1Y2Q2MTJkZGM5NjYzZjI27I5eiuIW0RNNzUH7hSKgODc0NjExLTcwNzI1OTUuanBnfHx8fHx8OTJ4Njl8fHx8fA==.jpg","main":"YjRiYzk4Yjc3ODdiMmQwYjM0NGM2ZjVlY2I4ODRmMGH5Q9qi7U5ntRKBmlhi0zkxODc0NjExLTcwNzI1OTUuanBnfHx8fHx8fHx8fHw0MDB4MzAw.jpg","large":"M2QwMWRiM2ViMjBlYTQwMWJkYWRjM2M1YjBhOGMzNGReqa7SQidH1blOmSOXNwPzODc0NjExLTcwNzI1OTUuanBnfHx8fHx8fHx8fHw2NDB4NDgw.jpg"}]}}]}