{"total":"23408","result":[{"ad_id":"882706","reg_year":"2006","make":"Ford","model":"Focus","variant":"NT LX 1.4 (80PS) 5D","mileage":"73323","engine_size":"1.4","fuel_type":"Petrol","body_type":"Hatchback","colour":"0000c0","location":"Clare","price":"\u20ac 6,300","images":{"base_url":"http:\/\/i0.carsie.ie\/","image_list":[{"thumb":"MTdhOTdiNWVmODliYzlkY2RjNjBjNTFkZDc2Y2NmNWMk2rPGsXmb58AY9FcYg59BODgyNzA2LTcxNjk3OTkuanBnfHx8fHx8OTJ4Njl8fHx8fA==.jpg","main":"MTVmZGFlNjZlMDVhYTRiOGYwNjFhM2MzYjA1Njc2MGKmD_xBdJG9JSay2DUBRQCgODgyNzA2LTcxNjk3OTkuanBnfHx8fHx8fHx8fHw0MDB4MzAw.jpg","large":"M2RiODQyOWRiYjBhZDgwNTM5ZTY5MTFhZDhlMzg4MDaGquqtIuemFffRIeMb_sWwODgyNzA2LTcxNjk3OTkuanBnfHx8fHx8fHx8fHw2NDB4NDgw.jpg"}]}},{"ad_id":"878600","reg_year":"2006","make":"Ford","model":"Focus","variant":"NT LX 1.4 (80PS) 5D","mileage":"82644","engine_size":"1.4","fuel_type":"Petrol","body_type":"Hatchback","colour":"e0e0e0","location":"Limerick","price":"\u20ac 6,300","images":{"base_url":"http:\/\/i0.carsie.ie\/","image_list":[{"thumb":"YWMwOWJlOWNmYzYxZDMzNzFjMmMxZDEyYTlhZTIzNmU3AuxP0c5cWSuY6A3JBZFPODc4NjAwLTcxMjA1MzkuanBnfHx8fHx8OTJ4Njl8fHx8fA==.jpg","main":"OWU5ZjVjMzA5MmUwNDBhMGFmN2Q3MzFlZmQ3OGJlZTLHtxaBeCgOaX0GPMYZNW47ODc4NjAwLTcxMjA1MzkuanBnfHx8fHx8fHx8fHw0MDB4MzAw.jpg","large":"YzExZGNkNDM3OTA3NjI3OWVlNTJkZTM5YTQ5Zjc0YTg2pnzZmQqBI5TRH-ja8bK-ODc4NjAwLTcxMjA1MzkuanBnfHx8fHx8fHx8fHw2NDB4NDgw.jpg"}]}},{"ad_id":"893449","reg_year":"2009","make":"Ford","model":"Transit Connect","variant":"NT T230 LWB 1.8tdci 90PS","mileage":"69595","engine_size":"1.8","fuel_type":"Diesel","body_type":"Van","colour":"ff0000","location":"Dublin","price":"\u20ac 6,300","images":{"base_url":"http:\/\/i0.carsie.ie\/","image_list":[{"thumb":"MzViNGY5YTVlMWMxODFiNmEwNGY3MjhkZjM2NjQ4YzO8cfl4lGjkc31TnOiOWcSKODkzNDQ5LTcyODAyNzYuanBnfHx8fHx8OTJ4Njl8fHx8fA==.jpg","main":"YjYxOWRkZWU3M2E5Yjk1YmNmM2UxODBmNWMxM2MyZTgvd8zRVDWe4I73zptGDA_fODkzNDQ5LTcyODAyNzYuanBnfHx8fHx8fHx8fHw0MDB4MzAw.jpg","large":"YzdiMWZmZjlhZGIyNmFmN2VmZTBmZGE2MGU2YWY3YzHcgUKsJRi3R-_OfgICt6kXODkzNDQ5LTcyODAyNzYuanBnfHx8fHx8fHx8fHw2NDB4NDgw.jpg"}]}},{"ad_id":"901853","reg_year":"2007","make":"Hyundai","model":"Accent","variant":null,"mileage":"24000","engine_size":"1.4","fuel_type":"Petrol","body_type":"Hatchback","colour":"e0e0e0","location":"Dublin","price":"\u20ac 6,300","images":{"base_url":"http:\/\/i0.carsie.ie\/","image_list":[{"thumb":"MTA0ZDQzYzI3OWYzYzgxMGQyZmNmNDIxMmVhZTI4Y2PwgAICi-_MLdHKI6iElxrZOTAxODUzLTc0MjU2NzAuanBnfHx8fHx8OTJ4Njl8fHx8fA==.jpg","main":"N2E5ZmFhYzg3ZjM5Nzc5MThhODg4MzJkNGFkMDgyZDR9wmr55tdgprF8R0t2ZYUfOTAxODUzLTc0MjU2NzAuanBnfHx8fHx8fHx8fHw0MDB4MzAw.jpg","large":"MGQzODY3ZmQyMWNkNWQ0YzQ0ZGJhNGUwYmExYTgyN2SJIbOMXRK8lkMioUUHsZsZOTAxODUzLTc0MjU2NzAuanBnfHx8fHx8fHx8fHw2NDB4NDgw.jpg"}]}},{"ad_id":"879516","reg_year":"2007","make":"Mercedes-Benz","model":"Vito","variant":"109 CDI KA\/K VIT","mileage":"43497","engine_size":"2.1","fuel_type":"Diesel","body_type":"Van","colour":"ffffff","location":"Sligo","price":"\u20ac 6,300","images":{"base_url":"http:\/\/i0.carsie.ie\/","image_list":[{"thumb":"ODM0ODY1OWE5MWNjNGIyMWRjN2Q1Njk5NjZlZTIyMjIRbgzLgcLFt7WKzBd0knmlODc5NTE2LTcxMjkwMzEuanBnfHx8fHx8OTJ4Njl8fHx8fA==.jpg","main":"OTM5ZWE4YTVhMjcwNmIzNWU3NTg0NTc1OWFlNmY1YWVDQ1xBP7vNdsWzBQjyFJRTODc5NTE2LTcxMjkwMzEuanBnfHx8fHx8fHx8fHw0MDB4MzAw.jpg","large":"YWVjMjE4YmRkYmNmODFiMTdkMzg2ZGVlOWM2NzVhYjd05FD-evpTZp3NyxlfMBGiODc5NTE2LTcxMjkwMzEuanBnfHx8fHx8fHx8fHw2NDB4NDgw.jpg"}]}},{"ad_id":"853920","reg_year":"2007","make":"Nissan","model":"Primera","variant":"1.6 SE 4DR","mileage":"79000","engine_size":"1.6","fuel_type":"Petrol","body_type":"Saloon","colour":"e0e0e0","location":"Waterford","price":"\u20ac 6,300","images":{"base_url":"http:\/\/i0.carsie.ie\/","image_list":[{"thumb":"MzMzZTViNjkxNzY0NTEwYjcwODU4OTg3NGY4ZmRkM2Q9oEBhuhLdWIMz_yF3Fc9SODUzOTIwLTY4NDAyNjkuanBnfHx8fHx8OTJ4Njl8fHx8fA==.jpg","main":"ODgxMDkxZjEwNGU5MGMzMTE3MjlhNTI5ZmFiOGQxYTVmAIMDomxj5wL9F9L8hliFODUzOTIwLTY4NDAyNjkuanBnfHx8fHx8fHx8fHw0MDB4MzAw.jpg","large":"YjJlZjVjY2YyYWUzMDI3NWVmZWE3NzdjMDhkNTc5OTZtYXK6SNcHq-_zFt9MV2YOODUzOTIwLTY4NDAyNjkuanBnfHx8fHx8fHx8fHw2NDB4NDgw.jpg"}]}},{"ad_id":"869563","reg_year":"2006","make":"Toyota","model":"Aygo","variant":"Aygo 1.0 5DR Aura","mileage":"56676","engine_size":"1.0","fuel_type":"Petrol","body_type":"Hatchback","colour":"0000c0","location":"Limerick","price":"\u20ac 6,300","images":{"base_url":"http:\/\/i0.carsie.ie\/","image_list":[{"thumb":"ZjQ5ZmVjMGJjMWVkMTlhZDExOTFiZGM5MmFlMmMzZTZtzFaG-z_2e2n_SHrA09XRODY5NTYzLTcwMTU0MTIuanBnfHx8fHx8OTJ4Njl8fHx8fA==.jpg","main":"ZDQ1M2UwYjY5ZWQ4YjhlZTQzYzk1NmNjMjdmYWU5ZTAI-njZWdZ0lWhC-LbmOSKZODY5NTYzLTcwMTU0MTIuanBnfHx8fHx8fHx8fHw0MDB4MzAw.jpg","large":"ODRkMjE5OWU2ZTQ2MjJmODFlNTVkZWY3NWI0ZmUyOGZFJBNL_DToz01PKG2JIx3jODY5NTYzLTcwMTU0MTIuanBnfHx8fHx8fHx8fHw2NDB4NDgw.jpg"}]}},{"ad_id":"848747","reg_year":"2007","make":"Volkswagen","model":"Passat","variant":"1.9tdi 4DR","mileage":"156589","engine_size":"1.9","fuel_type":"Diesel","body_type":"Saloon","colour":"e0e0e0","location":"Limerick","price":"\u20ac 6,300","images":{"base_url":"http:\/\/i0.carsie.ie\/","image_list":[{"thumb":"M2I0MGJlMmM0ZTRjMjYxMmQxOGUzOTJkYmNjMTdkMzTAVS2ced_bMEuNOl02pq36ODQ4NzQ3LTY3ODg2MDAuanBnfHx8fHx8OTJ4Njl8fHx8fA==.jpg","main":"ZjhmNzg0YjA0ZDIyNzAyODAyZGI2YzMyZTM5YWVjM2F4DTtSyxKFGeNA7tTTMrSgODQ4NzQ3LTY3ODg2MDAuanBnfHx8fHx8fHx8fHw0MDB4MzAw.jpg","large":"MGYwY2Q1NzYzNjNhOWMwMjdiMjBhNDRhZTJlODM3MzKxuYyiB2xhSqDpJtPk4dz1ODQ4NzQ3LTY3ODg2MDAuanBnfHx8fHx8fHx8fHw2NDB4NDgw.jpg"}]}},{"ad_id":"868062","reg_year":"2009","make":"Citroen","model":"Berlingo","variant":"600 1.6 HDI","mileage":"64034","engine_size":"1.6","fuel_type":"Diesel","body_type":"Van","colour":"ffffff","location":"Westmeath","price":"\u20ac 6,350","images":{"base_url":"http:\/\/i0.carsie.ie\/","image_list":[{"thumb":"YzU0NTJjZDk2NDg5ZDY5ZTE2ZjFhYTg4YTI1NWE2NWGPKgrNYrrevQmruOAz16oAODY4MDYyLTcxODEzNDYuanBnfHx8fHx8OTJ4Njl8fHx8fA==.jpg","main":"YWVlNWYxYzE1ODdjOTk1NzBkMmM4M2RhYjUwZjY0YTLzGflvkyQcsyhpNSrhFUJfODY4MDYyLTcxODEzNDYuanBnfHx8fHx8fHx8fHw0MDB4MzAw.jpg","large":"NDQ2NDQ3YTZjZmIwOThlYTY4NWExYjY2MzAyODFkZjkeJCTwSKAM9tg-P2a40yjOODY4MDYyLTcxODEzNDYuanBnfHx8fHx8fHx8fHw2NDB4NDgw.jpg"}]}},{"ad_id":"885920","reg_year":"2008","make":"Ford","model":"Focus","variant":"STYLE WITH LOW MILEAGE \/ UPGRADED ZETEC ALLOYS \/ CRUISE CONTROL \/ TRADE-INS WELCOME \/ CALL 086-8055412 ANYTIME","mileage":"65245","engine_size":"1.8","fuel_type":"Petrol","body_type":"Hatchback","colour":"0000c0","location":"Dublin","price":"\u20ac 6,350","images":{"base_url":"http:\/\/i0.carsie.ie\/","image_list":[{"thumb":"ODAxZTE1YTZiNjQzMzFjZjEwNDUxOTk2ZDJkNjAyYWY-DWyLBJGU8mqQPfaSzytDODg1OTIwLTcyMTA2NzIuanBnfHx8fHx8OTJ4Njl8fHx8fA==.jpg","main":"ZjFkYWRiMDRhYWI1YmRkNmI0ZGM5MWM5NzEzZTcyZjm1o2OyTWJC-iWHRAiUC5ghODg1OTIwLTcyMTA2NzIuanBnfHx8fHx8fHx8fHw0MDB4MzAw.jpg","large":"NjhjNTQyYjk3OTNhMGI3YTZjYjU0ZThmZmZlYzQ3NDZmrQSP-58OZ1WkWjXsR6IjODg1OTIwLTcyMTA2NzIuanBnfHx8fHx8fHx8fHw2NDB4NDgw.jpg"}]}},{"ad_id":"897549","reg_year":"2008","make":"Kia","model":"Rio","variant":"HATCHBACK","mileage":"42000","engine_size":"1.3","fuel_type":"Petrol","body_type":"Hatchback","colour":"ff0000","location":"Dublin","price":"\u20ac 6,350","images":{"base_url":"http:\/\/i0.carsie.ie\/","image_list":[{"thumb":"NmI0M2FmNDFmMTY1YzFkOWQ2Yzk4OTcwMzFhMDgxNWSzUpxwDpPkGqH9jmJ-JVQuODk3NTQ5LTczNTQzNTguanBnfHx8fHx8OTJ4Njl8fHx8fA==.jpg","main":"MGUyZGY3OTczNDAwMzYzNDZjOWMxZjRlMzk4MjkyMWZwE4qMBSBfyO0Dy2SEVxUFODk3NTQ5LTczNTQzNTguanBnfHx8fHx8fHx8fHw0MDB4MzAw.jpg","large":"ZDQ0OTI3ZTMzNmU1YmQ2ZDBiNGE1ZmM4YjViMDIwNTZjUpCUMS_W50pAEUaH3PsZODk3NTQ5LTczNTQzNTguanBnfHx8fHx8fHx8fHw2NDB4NDgw.jpg"}]}},{"ad_id":"864982","reg_year":"2008","make":"Opel","model":"Vivaro","variant":"2900 LWB 2.0cdti 115PS","mileage":"48000","engine_size":"2.0","fuel_type":"Diesel","body_type":"Van","colour":"000000","location":"Meath","price":"\u20ac 6,350","images":{"base_url":"http:\/\/i0.carsie.ie\/","image_list":[{"thumb":"NGM4ZDYyYzY0NzRkZmQ1ZmQ4NmIzYTFmZjYwZmFiOGJDWXrBhQhDH47up6-fMdGKODY0OTgyLTY5NjM3ODUuanBnfHx8fHx8OTJ4Njl8fHx8fA==.jpg","main":"M2U5ZGE5M2U2ZWY5YzhkYTIzODUzZmFiMTIyNDg2ZTbZynHEANDtzJ5lwdJJ2pQdODY0OTgyLTY5NjM3ODUuanBnfHx8fHx8fHx8fHw0MDB4MzAw.jpg","large":"NjMzZTU0M2U3NDU5ZjU0NmM3OWQ1ZGU5MTZjMjlkNDIt4a804krDpj1pl7gM_EAAODY0OTgyLTY5NjM3ODUuanBnfHx8fHx8fHx8fHw2NDB4NDgw.jpg"}]}},{"ad_id":"881403","reg_year":"2008","make":"Peugeot","model":"207","variant":"S 1.4 8V","mileage":"82644","engine_size":"1.4","fuel_type":"Petrol","body_type":"Hatchback","colour":"000000","location":"Kerry","price":"\u20ac 6,350","images":{"base_url":"http:\/\/i0.carsie.ie\/","image_list":[{"thumb":"YzEwOWZhMDE3NmRjMzVlYTlhYWQ1NTg3OTgzNTdjNDQsRu8SxX-ELFE9cQ0_-fTJODgxNDAzLTcyMjQ5NjkuanBnfHx8fHx8OTJ4Njl8fHx8fA==.jpg","main":"NmU3ZDlhNGU4ZGE2OGMwNTc3N2NlNmRmMTI1NmZlNDkweyfoJFWRHp83VW645zjZODgxNDAzLTcyMjQ5NjkuanBnfHx8fHx8fHx8fHw0MDB4MzAw.jpg","large":"ZmI0MDhiZDYzNzFkOWJlMGVmZDAxNTY4ZDI2OWRmNTbO-aPiW1kYcTEc7b4LSFUlODgxNDAzLTcyMjQ5NjkuanBnfHx8fHx8fHx8fHw2NDB4NDgw.jpg"}]}},{"ad_id":"894558","reg_year":"2008","make":"Peugeot","model":"308","variant":"S 1.4","mileage":"54000","engine_size":"1.4","fuel_type":"Petrol","body_type":"Hatchback","colour":"858585","location":"Dublin","price":"\u20ac 6,350","images":{"base_url":"http:\/\/i0.carsie.ie\/","image_list":[{"thumb":"MDk5MWJiMjU3YWU4YmEyNTEwZDMxZGEzMjYwZDIxMTICLGX2gsctqh8gD3-Bmn0dODk0NTU4LTczMDU4MjEuanBnfHx8fHx8OTJ4Njl8fHx8fA==.jpg","main":"YjI4YjYzNGIwNTVmZTE0ZjFhZWY5OGE4ZTMyZjdlOTnYIoexkxz05XCG4BRH4ThWODk0NTU4LTczMDU4MjEuanBnfHx8fHx8fHx8fHw0MDB4MzAw.jpg","large":"YTI5MTMyMDEwNmQ0ZjQ3Njg0NWQyYmVjYWI1OWI4M2RJo5AXjzU5XrtDQIegCcSZODk0NTU4LTczMDU4MjEuanBnfHx8fHx8fHx8fHw2NDB4NDgw.jpg"}]}},{"ad_id":"897599","reg_year":"2005","make":"Toyota","model":"Avensis","variant":"D4D T3 X 04DR","mileage":"144000","engine_size":"2.0","fuel_type":"Diesel","body_type":"Saloon","colour":"858585","location":"Cork","price":"\u20ac 6,350","images":{"base_url":"http:\/\/i0.carsie.ie\/","image_list":[{"thumb":"NzFlNGZhZTdjNWMwNzYwM2E2MTZkMzVhZDc4ZWMxNmTA9PpYg9tQrcTvFm05rdhCODk3NTk5LTczNTU2NjkuanBnfHx8fHx8OTJ4Njl8fHx8fA==.jpg","main":"YzFlNjcxOWYxZWEzYmY1M2Y5YWM0ZTVkZWMyMTExN2J1GNGS3hRyVKRGu8k0FN8QODk3NTk5LTczNTU2NjkuanBnfHx8fHx8fHx8fHw0MDB4MzAw.jpg","large":"NmNiYmRiYWUzYmNjNWVhYjU2ZjgwNjlmNTE2NTI1ZjnUTUlnaFMjpnkJ94_XECbCODk3NTk5LTczNTU2NjkuanBnfHx8fHx8fHx8fHw2NDB4NDgw.jpg"}]}},{"ad_id":"898826","reg_year":"2006","make":"Volkswagen","model":"Passat","variant":"2.0 TDI SE 140PS 04DR","mileage":"120000","engine_size":"2.0","fuel_type":"Diesel","body_type":"Saloon","colour":"0000c0","location":"Dublin","price":"\u20ac 6,350","images":{"base_url":"http:\/\/i0.carsie.ie\/","image_list":[{"thumb":"YjVmYTI5YjE5ODQ1NDA2NGFkMTg4NjE1MDhmYWE3OWFAAbTuOK44QgR6hEmghH6RODk4ODI2LTc0MTM2MzkuanBnfHx8fHx8OTJ4Njl8fHx8fA==.jpg","main":"N2VhN2UyZDBhMGEwYmVmOGZmNWY2MGEyM2MxZWIwMWU-tJHRB0Tb4mNPRqlVLCREODk4ODI2LTc0MTM2MzkuanBnfHx8fHx8fHx8fHw0MDB4MzAw.jpg","large":"ZjNjNjJkMTFiNmY5NjNlOGM1ZjY2MzYyMTYyYTIyNjdub634oz9UzhsH0ZagQQ_XODk4ODI2LTc0MTM2MzkuanBnfHx8fHx8fHx8fHw2NDB4NDgw.jpg"}]}},{"ad_id":"883024","reg_year":"2008","make":"Nissan","model":"Tiida","variant":"1.6 SE","mileage":"54060","engine_size":"1.6","fuel_type":"Petrol","body_type":"Hatchback","colour":"000000","location":"Tipperary","price":"\u20ac 6,395","images":{"base_url":"http:\/\/i0.carsie.ie\/","image_list":[{"thumb":"YzRlZjM0NTMyM2ZkN2YxZDU3ZGYxNmZiYjI3Y2MwNzHOHsC0Mds14xNxDb4x4E1eODgzMDI0LTcxNzE1MTIuanBnfHx8fHx8OTJ4Njl8fHx8fA==.jpg","main":"MjRhOGU4MzQ5M2QwZmQ0YmUzNjhiY2M5ZDkyYjAxODhHjb4gWIn6KRrXy2vwztfMODgzMDI0LTcxNzE1MTIuanBnfHx8fHx8fHx8fHw0MDB4MzAw.jpg","large":"MDVlMTAxMTkzMDQ0NmZlNzI3ZTkwZWUxNDFhYzE1NjI_vAbL2Oum0uW9-z9hyRDqODgzMDI0LTcxNzE1MTIuanBnfHx8fHx8fHx8fHw2NDB4NDgw.jpg"}]}},{"ad_id":"865585","reg_year":"2008","make":"Chevrolet","model":"Aveo","variant":"low miles, 160e tax, IMMACULATE","mileage":"22245","engine_size":"1.2","fuel_type":"Petrol","body_type":"Hatchback","colour":"858585","location":"Dublin","price":"\u20ac 6,400","images":{"base_url":"http:\/\/i0.carsie.ie\/","image_list":[{"thumb":"YjI5YjYxZDhkMTQ3Mzg0YmU1NWRkZDc2ODBkNzg4ZGIg_TFf7tr_lWemSadtXYbOODY1NTg1LTY5NzE3NzMuanBnfHx8fHx8OTJ4Njl8fHx8fA==.jpg","main":"OTk5OWRjMDMxMTQyMGQ2YWU4NmFjOTNhYjYzYjljMTFa5DA_jQTj7NPkExIPtBMTODY1NTg1LTY5NzE3NzMuanBnfHx8fHx8fHx8fHw0MDB4MzAw.jpg","large":"MDU5YTJhNjdkNDQ1MGJjMjg0NDA1MzExMjc5ZDY0ZGLN0KP7UPbxCCcZ5CSy5j6rODY1NTg1LTY5NzE3NzMuanBnfHx8fHx8fHx8fHw2NDB4NDgw.jpg"}]}},{"ad_id":"863747","reg_year":"2009","make":"Chevrolet","model":"Lacetti","variant":"","mileage":"","engine_size":"1.6","fuel_type":"Petrol","body_type":"Estate","colour":"0000c0","location":"Donegal","price":"\u20ac 6,400","images":{"base_url":"http:\/\/i0.carsie.ie\/","image_list":[{"thumb":"NGY3NzJmMjA2OGRiZmFkMWY1OTQyNTk5Mzk2ODg4YzQMkSTOqb-vG7ZTt7LXkQq1ODYzNzQ3LTY5NDcyMDMuanBnfHx8fHx8OTJ4Njl8fHx8fA==.jpg","main":"Y2U3ZTZhNDQ2NWRjZjQxNDU0OGFmYTgxYmJhMmY1OTm1O0ad8O1MBIsRsO_nvVqBODYzNzQ3LTY5NDcyMDMuanBnfHx8fHx8fHx8fHw0MDB4MzAw.jpg","large":"Zjc1YzE1ZTUzMTJkNWM5YjgyNTc5NjU2M2ExZGU2NDmf3qu5rM41ChAhA0syzWdEODYzNzQ3LTY5NDcyMDMuanBnfHx8fHx8fHx8fHw2NDB4NDgw.jpg"}]}},{"ad_id":"848194","reg_year":"2007","make":"Mazda","model":"Mazda3","variant":null,"mileage":"48467","engine_size":"1.6","fuel_type":"Petrol","body_type":null,"colour":"858585","location":"Limerick","price":"\u20ac 6,400","images":{"base_url":"http:\/\/i0.carsie.ie\/","image_list":[{"thumb":"YmMyNTgwZDJkMDNhNWZiODY1OWQ1ZTk3NDdlZDM0OGLM0FQ5hXUBYrUbxFB7xTWmODQ4MTk0LTY5ODYzMDMuanBnfHx8fHx8OTJ4Njl8fHx8fA==.jpg","main":"MjFjNjdiZDlhNTMzMTJjMTUzODQ4YWJmNjJkMTZmZDGqXgsvbIKycjCWbFRhgDMmODQ4MTk0LTY5ODYzMDMuanBnfHx8fHx8fHx8fHw0MDB4MzAw.jpg","large":"ZGIzNzU2NjEyZTM5OTAzMmQ2OTVhNzg3MjM4YjRiYzRlsOsCzg5twoe9HZddr339ODQ4MTk0LTY5ODYzMDMuanBnfHx8fHx8fHx8fHw2NDB4NDgw.jpg"}]}}]}