{"total":"23408","result":[{"ad_id":"896269","reg_year":"2000","make":"Subaru","model":"Legacy","variant":"2.5 4WD Automatic","mileage":"161557","engine_size":"2.5","fuel_type":"Petrol","body_type":null,"colour":"0000c0","location":"Kerry","price":"\u20ac 1,500","images":{"base_url":"http:\/\/i0.carsie.ie\/","image_list":[{"thumb":"ZmQ0YjMyNTQxYzMzMjE5NTRjYjYzOThhMDQxYWU0MWVahwJ7iyjeTpdL4_P_CrcrODk2MjY5LTczNDQwMjQuanBnfHx8fHx8OTJ4Njl8fHx8fA==.jpg","main":"ODA1NmRjY2JkMzhlZjZkODRmMzc1NTc3Mzg3MTZmYTmxg0FB85pHXLsABuXUd5gIODk2MjY5LTczNDQwMjQuanBnfHx8fHx8fHx8fHw0MDB4MzAw.jpg","large":"ZmYzMDYwMzgyNjUyNWVmMWY1MzUwOTQyMGYxYzFmZWWDKrs8_bfZOxksLo5As4riODk2MjY5LTczNDQwMjQuanBnfHx8fHx8fHx8fHw2NDB4NDgw.jpg"}]}},{"ad_id":"896270","reg_year":"2001","make":"Toyota","model":"Avensis","variant":"1.6 AURA","mileage":"164000","engine_size":"1.6","fuel_type":"Petrol","body_type":null,"colour":"008000","location":"Kerry","price":"\u20ac 1,500","images":{"base_url":"http:\/\/i0.carsie.ie\/","image_list":[{"thumb":"MWM3N2E3NGY2MDAyMjI4Mjc0NDdhYzY1MmZlOTE0OWTbMsSDiV0FRV5WHERh9K2cODk2MjcwLTczNDQwMjkuanBnfHx8fHx8OTJ4Njl8fHx8fA==.jpg","main":"YTc4YzNkYzJjNzMzZjNiMDMyYmFjZWFmNTNhYmQ3MTl44_Y_lqFWXDWlYFTl8O6qODk2MjcwLTczNDQwMjkuanBnfHx8fHx8fHx8fHw0MDB4MzAw.jpg","large":"MTJhYzAyNDc5YzMwZjM1Y2UzYjdlNTMyZWRhZGU0YTj3fjNlE5xJBxrKxAlWyV4TODk2MjcwLTczNDQwMjkuanBnfHx8fHx8fHx8fHw2NDB4NDgw.jpg"}]}},{"ad_id":"891633","reg_year":"1996","make":"Toyota","model":"Corolla","variant":"1.3 XLi","mileage":"129000","engine_size":"1.3","fuel_type":"Petrol","body_type":"Saloon","colour":"0000c0","location":"Dublin","price":"\u20ac 1,500","images":{"base_url":"http:\/\/i0.carsie.ie\/","image_list":[{"thumb":"ZDgxZDhjZWFiNTdmYjU4ZThkMGE5ZmMyYWU2YzZjMzg7szeNqeI_EqUrQQRwj1z6ODkxNjMzLTcyNjUxNzUuanBnfHx8fHx8OTJ4Njl8fHx8fA==.jpg","main":"YjM5MjRjMTg4YWMzMTU2NGY0Y2M3NTNjYThlNDBiZWRIe4ZKZGD5kUlfln_o3GQLODkxNjMzLTcyNjUxNzUuanBnfHx8fHx8fHx8fHw0MDB4MzAw.jpg","large":"NmZmNzQ4MzI1NjVlNWM0MTQ0NTdhZDQ0MDUxYzViZWETn1V6lChVbqBqeGynTIIxODkxNjMzLTcyNjUxNzUuanBnfHx8fHx8fHx8fHw2NDB4NDgw.jpg"}]}},{"ad_id":"892955","reg_year":"2001","make":"Toyota","model":"Corolla","variant":"","mileage":"85000","engine_size":"1.4","fuel_type":"Petrol","body_type":"Saloon","colour":"0000c0","location":"Dublin","price":"\u20ac 1,500","images":{"base_url":"http:\/\/i0.carsie.ie\/","image_list":[{"thumb":"M2Q3ZmYzNjJmNjZmZTlkYzk3MTY2ZGRkZDJjZGQwNzL3K1uJ5H4r_C4aUkJJUOgiODkyOTU1LTczMDgwNTcuanBnfHx8fHx8OTJ4Njl8fHx8fA==.jpg","main":"OGE3YzdjOTYzMDAyZjE1ZGYwMGI0MTUxNjNjM2M0ZmS6wRHKda5RPcLDClGZmF_gODkyOTU1LTczMDgwNTcuanBnfHx8fHx8fHx8fHw0MDB4MzAw.jpg","large":"MWJhYjkxZWExNWU5YjEyNGFhMTFiOTc5YWFiMDBjMjGi1syu39FYRTjvYfBHutDQODkyOTU1LTczMDgwNTcuanBnfHx8fHx8fHx8fHw2NDB4NDgw.jpg"}]}},{"ad_id":"897325","reg_year":"1999","make":"Toyota","model":"Corolla","variant":"1.3 \/ 5Dr \/ NCT MAR-14 \/ TAXED \/ RELIABLE \/ ECONOMICAL \/ AS NEW \/ \"\"MUST BE SEEN\"\" \/ www. N4CARS. ie","mileage":"72000","engine_size":"1.3","fuel_type":"Petrol","body_type":null,"colour":"0000c0","location":"Dublin","price":"\u20ac 1,500","images":{"base_url":"http:\/\/i0.carsie.ie\/","image_list":[{"thumb":"YmU2YTk5M2FhMDMxZWMzNDI3MDA5ZmYxYjhjY2U2ZmWFeei3YGBwtbi-7DXkv-dQODk3MzI1LTczNTM3NjUuanBnfHx8fHx8OTJ4Njl8fHx8fA==.jpg","main":"NTRjNGI2N2M0Y2FlZDM4OWVlMDUxZDQ0MjQxOTExMGSs1UwzZePeKn1UBN19hpDdODk3MzI1LTczNTM3NjUuanBnfHx8fHx8fHx8fHw0MDB4MzAw.jpg","large":"NDVlYzBlZDliZTM3Y2FlZjkyZTk5MDhiNTY3ZTNhMzbm_ZWQbsIXSNgzWRD4bPtwODk3MzI1LTczNTM3NjUuanBnfHx8fHx8fHx8fHw2NDB4NDgw.jpg"}]}},{"ad_id":"871558","reg_year":"2001","make":"Toyota","model":"Corolla","variant":"","mileage":"142616","engine_size":"1.4","fuel_type":"Petrol","body_type":"Saloon","colour":"ff0000","location":"Kildare","price":"\u20ac 1,500","images":{"base_url":"http:\/\/i0.carsie.ie\/","image_list":[{"thumb":"ZTFkMTc4YjM1NDM1ZGIzNDNhZWU2ZWM4ZGYwM2JjOWSE-170yjlrg_LxO6ogVPcTODcxNTU4LTcwMzc3MjcuanBnfHx8fHx8OTJ4Njl8fHx8fA==.jpg","main":"NzA5ZWJlYTQzNmRjZjJlYTg3MGJlOGUyM2ZlYTEwM2O_vBUj1a-AKRRMhNKfBqkpODcxNTU4LTcwMzc3MjcuanBnfHx8fHx8fHx8fHw0MDB4MzAw.jpg","large":"Y2MyNmI2MWJkNTBlMGEwNTMxMWE0MjI5ZDFkNmZkMmGhl9QbdJQo9fNFTaO-EzNXODcxNTU4LTcwMzc3MjcuanBnfHx8fHx8fHx8fHw2NDB4NDgw.jpg"}]}},{"ad_id":"867379","reg_year":"2000","make":"Toyota","model":"Corolla","variant":"","mileage":"190000","engine_size":"1.4","fuel_type":"Petrol","body_type":"Saloon","colour":"e0e0e0","location":"Tipperary","price":"\u20ac 1,500","images":{"base_url":"http:\/\/i0.carsie.ie\/","image_list":[{"thumb":"NjMxMGM3MGI2Y2M4N2NjNWI0YTFmZWNlMDcyYjllMWbcm5Xpe-ICiWpJ628OosibODY3Mzc5LTY5OTAzNDUuanBnfHx8fHx8OTJ4Njl8fHx8fA==.jpg","main":"ODU2ZTY0MTdlMjNmZWM2NmE4MDI1MjBhOWE4Y2E4NTSWP-spuH3ja3An_pQNW1gsODY3Mzc5LTY5OTAzNDUuanBnfHx8fHx8fHx8fHw0MDB4MzAw.jpg","large":"ZTE2NWY4ZDc4MmViNDc3NTEyOGMzY2M2NGFmNGZiZGKvlL7ZzS_qYbw0ntx84kfhODY3Mzc5LTY5OTAzNDUuanBnfHx8fHx8fHx8fHw2NDB4NDgw.jpg"}]}},{"ad_id":"833518","reg_year":"2001","make":"Volkswagen","model":"Bora","variant":"1.4 Comf","mileage":"141900","engine_size":"1.4","fuel_type":"Petrol","body_type":"Saloon","colour":"000000","location":"Cavan","price":"\u20ac 1,500","images":{"base_url":"http:\/\/i0.carsie.ie\/","image_list":[{"thumb":"ZjJmNGEzNmVhM2JmYWVkNGJjZjA5OGIyMzc0OWJmZTWko0s6OCaxUhE925xHEGlAODMzNTE4LTY3NjEyNzAuanBnfHx8fHx8OTJ4Njl8fHx8fA==.jpg","main":"NDI4MzgzNzkwYjgwM2Y4YjhhY2QyNDIxNDhiMzJmNmJQfyOiJAZSNd2eSHkRMwI7ODMzNTE4LTY3NjEyNzAuanBnfHx8fHx8fHx8fHw0MDB4MzAw.jpg","large":"YjMxMWM4NDdiMzMyODgyYjY3MzU4ZDI3MTkwNjgxZGLQfVpnu71BCb-Iyb0ZOTeuODMzNTE4LTY3NjEyNzAuanBnfHx8fHx8fHx8fHw2NDB4NDgw.jpg"}]}},{"ad_id":"897752","reg_year":"2000","make":"Volkswagen","model":"Bora","variant":"1.9 TDI","mileage":"155000","engine_size":"1.9","fuel_type":"Diesel","body_type":"Saloon","colour":"008000","location":"Dublin","price":"\u20ac 1,500","images":{"base_url":"http:\/\/i0.carsie.ie\/","image_list":[{"thumb":"NWRkNGVjNjRhNzEzZDg5NzkwZDlmMzg1NDY0OTgxMDdYDIbjMug_kNFd0rMAlQRkODk3NzUyLTczNTc2MDQuanBnfHx8fHx8OTJ4Njl8fHx8fA==.jpg","main":"NGMzNzYwZGIwMmJmNjVlOGNhNjc1YTkwZjA2ZmFkZDhM9L0KQ1A2yVueUedupXLbODk3NzUyLTczNTc2MDQuanBnfHx8fHx8fHx8fHw0MDB4MzAw.jpg","large":"YjM0MWU3MDc5M2EzYzc1ODdhNWYzNGZmZTA3ODYzZGKfT8fX98OZhGXj-nHG1DmWODk3NzUyLTczNTc2MDQuanBnfHx8fHx8fHx8fHw2NDB4NDgw.jpg"}]}},{"ad_id":"899151","reg_year":"2000","make":"Volkswagen","model":"Bora","variant":"1.4","mileage":"76000","engine_size":"1.4","fuel_type":"Petrol","body_type":"Saloon","colour":"ffffff","location":"Dublin","price":"\u20ac 1,500","images":{"base_url":"http:\/\/i0.carsie.ie\/","image_list":[{"thumb":"YzIyNzQ3MGZhNjVhNzgyYTEzYWJhMDNmOWNjZjVmNDWTLyMrjCsjfaGBeeJtRkBoODk5MTUxLTczNzUxMzkuanBnfHx8fHx8OTJ4Njl8fHx8fA==.jpg","main":"ZGM1MWUwY2U3MTg1M2FhY2Q0OWU1MTNkZDk4ZTQ1ZWWbv5rUZpxTBqvgHmCnXi7sODk5MTUxLTczNzUxMzkuanBnfHx8fHx8fHx8fHw0MDB4MzAw.jpg","large":"NGM0YWU0YzMzNDFlYzJjOTM1NjFlYzQ3MDk5ZDZkMjPNQagIcVJZYLxOaTWOmnTwODk5MTUxLTczNzUxMzkuanBnfHx8fHx8fHx8fHw2NDB4NDgw.jpg"}]}},{"ad_id":"899014","reg_year":"1999","make":"Volkswagen","model":"Golf","variant":"1.4","mileage":"150000","engine_size":"1.4","fuel_type":"Petrol","body_type":"Hatchback","colour":"ff0000","location":"Cork","price":"\u20ac 1,500","images":{"base_url":"http:\/\/i0.carsie.ie\/","image_list":[{"thumb":"ODhmNjQzMzJhMTVlYWQ5ZmMxZmFhNGI5Y2Q0N2Q3ODKtwmq38v8Oxo-5GaUp3CxPODk5MDE0LTczNzI2NjcuanBnfHx8fHx8OTJ4Njl8fHx8fA==.jpg","main":"Y2IwODllYzE5NTMwOGNkNjEwNDgxNTViOWYzOTk5OWSu48xFGrua9SeKNe9P1vkyODk5MDE0LTczNzI2NjcuanBnfHx8fHx8fHx8fHw0MDB4MzAw.jpg","large":"YTVlZDMzZTIyMDE0MGQ3MzE2Mjc3Yzk1YmY3YzFmMDJWv27RnfxXJ91oAwOEnkUSODk5MDE0LTczNzI2NjcuanBnfHx8fHx8fHx8fHw2NDB4NDgw.jpg"}]}},{"ad_id":"901034","reg_year":"2001","make":"BMW","model":"318","variant":"Coupe","mileage":"148000","engine_size":"1.9","fuel_type":"Petrol","body_type":"Coupe","colour":"0000c0","location":"Cork","price":"\u20ac 1,550","images":{"base_url":"http:\/\/i0.carsie.ie\/","image_list":[{"thumb":"ZjdlNmM2NzI5YzFmZmJmNTdmMGVlYTBjZTFjOTkzNjV_nWbRC51Hm8w8P-t-mcP2OTAxMDM0LTc0MTUxNjYuanBnfHx8fHx8OTJ4Njl8fHx8fA==.jpg","main":"NzRlZTE5OTVkMDU4NGUzZWI1OTEzN2E4YjA1NDcxMjB-CHlDFstIaw8gsS_lPBonOTAxMDM0LTc0MTUxNjYuanBnfHx8fHx8fHx8fHw0MDB4MzAw.jpg","large":"OGM1MjU3MmVkMWE4NTBkY2RiYTcyNWNiYzFjMDE0NTSHWaEDRsLNyrabj-cSuAKrOTAxMDM0LTc0MTUxNjYuanBnfHx8fHx8fHx8fHw2NDB4NDgw.jpg"}]}},{"ad_id":"878592","reg_year":"1998","make":"BMW","model":"318","variant":"i S Auto.","mileage":"109592","engine_size":"1.9","fuel_type":"Petrol","body_type":"Saloon","colour":"0000c0","location":"Dublin","price":"\u20ac 1,550","images":{"base_url":"http:\/\/i0.carsie.ie\/","image_list":[{"thumb":"MjMwNTE5Y2QyYTEzMTY3OTBhYmU5MzE5OTE4NzQxZGJQ0YcfsdsCXoglH5HGGlA9ODc4NTkyLTcxMjA0NDYuanBnfHx8fHx8OTJ4Njl8fHx8fA==.jpg","main":"YzVkODE5MWFiZTUyYTI3NjI2NTZmODA0NDQxM2Q2NzSx2mUVa5W40K-H9psw3HPuODc4NTkyLTcxMjA0NDYuanBnfHx8fHx8fHx8fHw0MDB4MzAw.jpg","large":"NmQ2NjAyMWIzOWZjNGNmOTNlMzg1ZDU1NDMzZDhlNzZ6494nRQPBt2rSfQv_A836ODc4NTkyLTcxMjA0NDYuanBnfHx8fHx8fHx8fHw2NDB4NDgw.jpg"}]}},{"ad_id":"898307","reg_year":"2001","make":"BMW","model":"520","variant":"Manual","mileage":"","engine_size":"2.2","fuel_type":"Petrol","body_type":"Saloon","colour":"e0e0e0","location":"Cork","price":"\u20ac 1,550","images":{"base_url":"http:\/\/i0.carsie.ie\/","image_list":[{"thumb":"MjRiYzEzNjc0ZDk0YzRlMjdkNjgwNWQ0YmM0MDRhM2H95Tg1atN0h9XpEkE9kJacODk4MzA3LTczNjQyMjIuanBnfHx8fHx8OTJ4Njl8fHx8fA==.jpg","main":"NGVjZTJjNzBjMmQ0ZTcyMWZlMzUxNmQ3ZGM4Y2M4MzYZWI1pvcAfrsZcX6IPzcs7ODk4MzA3LTczNjQyMjIuanBnfHx8fHx8fHx8fHw0MDB4MzAw.jpg","large":"MTVmMGQ4ZjAxNDUxMzZkOGVkYmY2NWY3MzAxYTJkODL9KF8rsd_AnuoMT-MMopRXODk4MzA3LTczNjQyMjIuanBnfHx8fHx8fHx8fHw2NDB4NDgw.jpg"}]}},{"ad_id":"808730","reg_year":"2001","make":"Daewoo","model":"Lanos","variant":"S 1.4","mileage":"92000","engine_size":"1.3","fuel_type":"Petrol","body_type":"Hatchback","colour":"008000","location":"Waterford","price":"\u20ac 1,550","images":{"base_url":"http:\/\/i0.carsie.ie\/","image_list":[{"thumb":"MDAxNDgwNDY3M2Q0MmYzMjNhZWQyNzdmNjhjZTY3NWX4GAXmaWYxc9MPCy1GXFUDODA4NzMwLTYzMTMyNDUuanBnfHx8fHx8OTJ4Njl8fHx8fA==.jpg","main":"YjdlYWZjODM1YzZjZWVlMmFlMGJkMzZjYzNjYTc0YTFz7x8tbOl6Rpub5CcnqafdODA4NzMwLTYzMTMyNDUuanBnfHx8fHx8fHx8fHw0MDB4MzAw.jpg","large":"ZWQwNzdlOWQyMGM0YzVmYWI0OTEwODc2M2E5ZGY1ODAHeXMHUwgjUBytO0EVqkz2ODA4NzMwLTYzMTMyNDUuanBnfHx8fHx8fHx8fHw2NDB4NDgw.jpg"}]}},{"ad_id":"899881","reg_year":"1999","make":"Honda","model":"Civic","variant":null,"mileage":"138000","engine_size":"1.4","fuel_type":"Petrol","body_type":null,"colour":"008000","location":"Wexford","price":"\u20ac 1,550","images":{"base_url":"http:\/\/i0.carsie.ie\/","image_list":[{"thumb":"ODAzYWQxOTM4OTM1MWM4NzllZTI5ODAwMDJjMTI5YjRPYp1skotINx9kMLm1eXdLODk5ODgxLTczOTk5MTAuanBnfHx8fHx8OTJ4Njl8fHx8fA==.jpg","main":"MzU5NzEzMDNiMWM4OGFjODdhMWRmNTcyYjYyOWY3OTVbfTdZPeso6WJK4m4ucdCbODk5ODgxLTczOTk5MTAuanBnfHx8fHx8fHx8fHw0MDB4MzAw.jpg","large":"YWI1YmQxODk3MGQ4YzczYmRmZDYxZGIxMWFhNTU5OWQ2YT1BHAq13hszQkE7xHGUODk5ODgxLTczOTk5MTAuanBnfHx8fHx8fHx8fHw2NDB4NDgw.jpg"}]}},{"ad_id":"899882","reg_year":"1999","make":"Honda","model":"Civic","variant":null,"mileage":"134000","engine_size":"1.4","fuel_type":"Petrol","body_type":null,"colour":"008000","location":"Wexford","price":"\u20ac 1,550","images":{"base_url":"http:\/\/i0.carsie.ie\/","image_list":[{"thumb":"YWViZDVkNzU4ZTk1Mjk4ODNlZTJiNTkwMTc2ZTQ3MWNUl50B6KYXKvhKcOS1NvKpODk5ODgyLTc0MjkxNjguanBnfHx8fHx8OTJ4Njl8fHx8fA==.jpg","main":"ZDJmNTRiNjZlMGQ2NDUzZmU1YTcxNzM3N2Q1ZDVmN2Zisf6ZFH6gzxg4UONmxPUiODk5ODgyLTc0MjkxNjguanBnfHx8fHx8fHx8fHw0MDB4MzAw.jpg","large":"ZGE2ZGM0NjM0YjFjYzYwZTIzYzIwMTY0ZjkwNWY1MTFvAKwXAQdxomaEYU-LPVAcODk5ODgyLTc0MjkxNjguanBnfHx8fHx8fHx8fHw2NDB4NDgw.jpg"}]}},{"ad_id":"839672","reg_year":"2000","make":"Honda","model":"CR-V","variant":"2.0 Rvsi . SOLD. SOLD","mileage":"146000","engine_size":"2.0","fuel_type":"Petrol","body_type":"Estate","colour":"0000c0","location":"Cork","price":"\u20ac 1,550","images":{"base_url":"http:\/\/i0.carsie.ie\/","image_list":[{"thumb":"MzAxMTk4ODVkN2I0YmNmYTE0YzFhNTQ5MGY4MTk1NTjbY8esd3oTbpE0dnjh47SOODM5NjcyLTY3OTAwMTQuanBnfHx8fHx8OTJ4Njl8fHx8fA==.jpg","main":"OWIyY2I1YTU3YmFlNTA4YzA2YTM3NWZkMDEwMGZlZGLBuA2kRoQGkp3CRPa9MpPOODM5NjcyLTY3OTAwMTQuanBnfHx8fHx8fHx8fHw0MDB4MzAw.jpg","large":"NDQ3NDY2ZGYxZDI4YzM4Mzg5NjVmZmNiZTIyYTNjOTfMIb-gufR67KkkwIcCNMhKODM5NjcyLTY3OTAwMTQuanBnfHx8fHx8fHx8fHw2NDB4NDgw.jpg"}]}},{"ad_id":"840874","reg_year":"2002","make":"Hyundai","model":"Atoz","variant":null,"mileage":"58350","engine_size":"1.0","fuel_type":"Petrol","body_type":"Hatchback","colour":"ff6600","location":"Tipperary","price":"\u20ac 1,550","images":{"base_url":"http:\/\/i0.carsie.ie\/","image_list":[{"thumb":"OWEyMWMyNDM2MzE4ZjA2ZDk3NTQ0YWIwZWQyMDA0MGFO1FUsOvgA0gsD3dewSl1GODQwODc0LTY2OTY2ODcuanBnfHx8fHx8OTJ4Njl8fHx8fA==.jpg","main":"YzE0OTEwY2NiN2EwMDEzZGZlZDhlOWY3NGQ0ZjllNTGmTkSEdgbswqhOwr9NyK8MODQwODc0LTY2OTY2ODcuanBnfHx8fHx8fHx8fHw0MDB4MzAw.jpg","large":"NWM5YjI0OWJkYmRlZWI4NjAyMTM0NjRmNzdlZTRlZDfmW56ncomTynt2boiL6aHiODQwODc0LTY2OTY2ODcuanBnfHx8fHx8fHx8fHw2NDB4NDgw.jpg"}]}},{"ad_id":"900577","reg_year":"1999","make":"Mercedes-Benz","model":"CLK 200","variant":"sport coupe","mileage":"138400","engine_size":"2.0","fuel_type":"Petrol","body_type":"Coupe","colour":"0000c0","location":"Meath","price":"\u20ac 1,550","images":{"base_url":"http:\/\/i0.carsie.ie\/","image_list":[{"thumb":"NTk0OWE4MGRjODg1MGJiY2M2MGMzMDQ5MWMyODNjMjMaaWqL2nDhnKwOuc-THIAZOTAwNTc3LTc0MDM0NDIuanBnfHx8fHx8OTJ4Njl8fHx8fA==.jpg","main":"NTRkMWVmZDNlMDk4ZmQzZTQ3N2JhODMxZjc0MDZkM2TFQICXDC3IMqKbf0vooerUOTAwNTc3LTc0MDM0NDIuanBnfHx8fHx8fHx8fHw0MDB4MzAw.jpg","large":"OWZkZjRlN2Q5NmI1YmIxNGQ3YTk1YzdhMjY2ZDA5ZDQZqiUq44eDaXxbX7EkAikqOTAwNTc3LTc0MDM0NDIuanBnfHx8fHx8fHx8fHw2NDB4NDgw.jpg"}]}}]}