{"total":"23408","result":[{"ad_id":"746571","reg_year":"2007","make":"Peugeot","model":"407","variant":"ST 1.6 HDI SOLAIRE","mileage":"72824","engine_size":"1.6","fuel_type":"Diesel","body_type":"Saloon","colour":"ff0000","location":"Galway","price":"\u20ac 9,500","images":{"base_url":"http:\/\/i0.carsie.ie\/","image_list":[{"thumb":"Y2JhYWRmYTE5YjIxYTAzMjVlODBiYzFkOGY0Njk2NmMaYpWudW2uRW1Qn36ls2FKNzQ2NTcxLTczODQ5MjQuanBnfHx8fHx8OTJ4Njl8fHx8fA==.jpg","main":"ZDcxMzYzOWJjOGM2OTk0NGEyMWM5OGYyOTU3ZjhlMTXz_vmVZP5LcmyMzAbcqrgLNzQ2NTcxLTczODQ5MjQuanBnfHx8fHx8fHx8fHw0MDB4MzAw.jpg","large":"Y2NiZjlmODVkMTIyZWI3MDEyYzcyMTVlMjMyNzkxY2Lkprjg0eKxtGMb1gbxIpzeNzQ2NTcxLTczODQ5MjQuanBnfHx8fHx8fHx8fHw2NDB4NDgw.jpg"}]}},{"ad_id":"884871","reg_year":"2009","make":"Peugeot","model":"Partner","variant":"B9 1.6 HDI 75 Level 1","mileage":"62138","engine_size":"1.6","fuel_type":"Diesel","body_type":"Van","colour":"ff0000","location":"Cork","price":"\u20ac 9,500","images":{"base_url":"http:\/\/i0.carsie.ie\/","image_list":[{"thumb":"MGQ0MWZlZGFkZjQ1NzFlMzQyNTZiMjA3MzYxN2MzNzKUaq7jsRYm6g4CxVMoh5-xODg0ODcxLTcyMDAxNzAuanBnfHx8fHx8OTJ4Njl8fHx8fA==.jpg","main":"YjM0ZjFjOWI0ODQzNmFlZGI5MjAyMjk4ZDNjNjUxMjNYV8gsHVKDxG_58MjIS5DCODg0ODcxLTcyMDAxNzAuanBnfHx8fHx8fHx8fHw0MDB4MzAw.jpg","large":"ZDI1NTEzOTBlZjFkMGU2MTJmZGQwMDJjZTJjMWJkYTAXDJ50RqXQZFJhAfZgfhJmODg0ODcxLTcyMDAxNzAuanBnfHx8fHx8fHx8fHw2NDB4NDgw.jpg"}]}},{"ad_id":"890295","reg_year":"2010","make":"Renault","model":"Clio","variant":"3 1.2 16V Royale Ethanol 3DR","mileage":"6027","engine_size":"1.1","fuel_type":"Petrol","body_type":"Hatchback","colour":"008000","location":"Dublin","price":"\u20ac 9,500","images":{"base_url":"http:\/\/i0.carsie.ie\/","image_list":[{"thumb":"NzBhZTU1ZDk1MmQ4NWIyZDgzNDNiZGYyOTdkZGI0YzYHIiI1w4oLSYDo5ZCkesBMODkwMjk1LTcyNDY1ODAuanBnfHx8fHx8OTJ4Njl8fHx8fA==.jpg","main":"MjVmNTY3Yzg1NDhmZDIxOTIwZTJiNmMyMTMwOGEzYjW1lCtvyGj2ArFYeRL6c_3yODkwMjk1LTcyNDY1ODAuanBnfHx8fHx8fHx8fHw0MDB4MzAw.jpg","large":"ODgxYjU4YTIwMjM0YWFiOTdjNDA0MTk0NjZhOTI4MmY5VoGLq7Z4O3DQsIbEILeDODkwMjk1LTcyNDY1ODAuanBnfHx8fHx8fHx8fHw2NDB4NDgw.jpg"}]}},{"ad_id":"901583","reg_year":"2010","make":"Renault","model":"Clio","variant":"3 1.2 16V Royale ECO","mileage":"28583","engine_size":"1.1","fuel_type":"Petrol","body_type":"Hatchback","colour":"000000","location":"Westmeath","price":"\u20ac 9,500","images":{"base_url":"http:\/\/i0.carsie.ie\/","image_list":[{"thumb":"NTgwMDFmZDBmZGRlYmEzYjhmZTQ4ZTFkNjAwMjJmZmW3LW8Z6_uuzeZZ4px8N8_VOTAxNTgzLTc0MjE1MTMuanBnfHx8fHx8OTJ4Njl8fHx8fA==.jpg","main":"OTQzOTA0YmVlZWVjNWI4YWY4OTNjOGQzMDFhZGNmNmXvarzXNq1rP71gVZxZ0pwyOTAxNTgzLTc0MjE1MTMuanBnfHx8fHx8fHx8fHw0MDB4MzAw.jpg","large":"ZjYwMGVhYzk3MzVmMGMzMzE5OGM1ZDA4MTFjZjgyMmKg7aCP1W1fjeGGbyFagitjOTAxNTgzLTc0MjE1MTMuanBnfHx8fHx8fHx8fHw2NDB4NDgw.jpg"}]}},{"ad_id":"893884","reg_year":"2010","make":"Renault","model":"Megane","variant":"1.5 DCI 85 2DR","mileage":"65000","engine_size":"1.5","fuel_type":"Diesel","body_type":"Coupe","colour":"e0e0e0","location":"Cavan","price":"\u20ac 9,500","images":{"base_url":"http:\/\/i0.carsie.ie\/","image_list":[{"thumb":"YzNhYzI1MjQ1ZDZhMzU5Zjg1NmZkYzA4YTZmNTlkOTU2GBQPvzi6Rw5oTYDB_ZT1ODkzODg0LTczMDAwNDAuanBnfHx8fHx8OTJ4Njl8fHx8fA==.jpg","main":"YjdjZjM0ODczNzhjY2I5MzM4YzQ4ZGVhYjQ2NzVkNTdh5mwluhARUr9BLWWS-Hb9ODkzODg0LTczMDAwNDAuanBnfHx8fHx8fHx8fHw0MDB4MzAw.jpg","large":"YzBkMWFiZTc3YmY4Mjc2YTEzNjhhZWU3ZDJiNmRlZWKXKSiI3G-J-LFnxAQeDLaMODkzODg0LTczMDAwNDAuanBnfHx8fHx8fHx8fHw2NDB4NDgw.jpg"}]}},{"ad_id":"895670","reg_year":"2010","make":"Renault","model":"Megane","variant":"1.5 DCI 85 2DR","mileage":"65000","engine_size":"1.5","fuel_type":"Diesel","body_type":"Coupe","colour":"e0e0e0","location":"Cavan","price":"\u20ac 9,500","images":{"base_url":"http:\/\/i0.carsie.ie\/","image_list":[{"thumb":"MGRiYzcwNGYwMTBjMmI5YjE0MGY5MzE3NDY4ODk4YjgCRsgVyRXLmujiegYDWxDZODk1NjcwLTczMjYwMjkuanBnfHx8fHx8OTJ4Njl8fHx8fA==.jpg","main":"NzRkYzE3NWEwM2Q5MWVmM2FmMjBmYzA4MmI3YTZkMDZcfxdnZK8mJV1nSTQnelXBODk1NjcwLTczMjYwMjkuanBnfHx8fHx8fHx8fHw0MDB4MzAw.jpg","large":"MGNkNDY2M2FjODY2MjQ3NzVhZmY3MDhiNjY5M2QxNzjpVzqek-JQ3f5xrAvFunxSODk1NjcwLTczMjYwMjkuanBnfHx8fHx8fHx8fHw2NDB4NDgw.jpg"}]}},{"ad_id":"873655","reg_year":"2011","make":"Seat","model":"Ibiza","variant":"5D 1.2 Reference SE ","mileage":"48000","engine_size":"1.2","fuel_type":"Petrol","body_type":"Hatchback","colour":"e0e0e0","location":"Cork","price":"\u20ac 9,500","images":{"base_url":"http:\/\/i0.carsie.ie\/","image_list":[{"thumb":"OWU0MGI4NDQyNzFmZmZhNmI3NmE0YWVkZGM1ODRkOGWaCFOoiqGwhDyze9epfBxnODczNjU1LTcwNTgyODAuanBnfHx8fHx8OTJ4Njl8fHx8fA==.jpg","main":"YWU2MDgwMGVmYTc1ZWYzZDE3ZjVlYjRiZjAzYmExZGVPoPDAe9mGX0YfiPMYqZd2ODczNjU1LTcwNTgyODAuanBnfHx8fHx8fHx8fHw0MDB4MzAw.jpg","large":"NjJjYTk3OTNjYWI3MDhlYzg4OTA4MWU5MTA1ZDY2Zjnj_JA6lk2pELrfyZwhKfrtODczNjU1LTcwNTgyODAuanBnfHx8fHx8fHx8fHw2NDB4NDgw.jpg"}]}},{"ad_id":"884195","reg_year":"2011","make":"Seat","model":"Ibiza","variant":"5D 1.2 Reference SE ","mileage":"42000","engine_size":"1.2","fuel_type":"Petrol","body_type":"Hatchback","colour":"ff0000","location":"Cork","price":"\u20ac 9,500","images":{"base_url":"http:\/\/i0.carsie.ie\/","image_list":[{"thumb":"OTJiNTI4MWJiNGE1ZmIzM2ZmMWI1Yzk3YmRmZDc4ZTeyQsYLOo51MM-jZ2brMfP8ODg0MTk1LTcxOTIzODUuanBnfHx8fHx8OTJ4Njl8fHx8fA==.jpg","main":"ZDgzYzM2MDA4NGVmYmY3NDAyMTdhODYyMGY3YjhhOWGO7AtoxRgbxfNNjQi6a7zsODg0MTk1LTcxOTIzODUuanBnfHx8fHx8fHx8fHw0MDB4MzAw.jpg","large":"ZjkwODMwYzliZTc5MjY4N2Q2ODU3M2Y2MDEzNDkwNTNSV-I8yZY1vSz0pYpC6_ouODg0MTk1LTcxOTIzODUuanBnfHx8fHx8fHx8fHw2NDB4NDgw.jpg"}]}},{"ad_id":"883636","reg_year":"2010","make":"Skoda","model":"Fabia","variant":"Ambiente 1.2 60HP 5DR","mileage":"32933","engine_size":"1.2","fuel_type":"Petrol","body_type":"Hatchback","colour":"858585","location":"Longford","price":"\u20ac 9,500","images":{"base_url":"http:\/\/i0.carsie.ie\/","image_list":[{"thumb":"MTI3NzY3NmJmMTU3MDk0ZjExZmZhZGU2NGJjYzFkNTKo7qJLbfGL68XEm6pFAnjaODgzNjM2LTcxODA0MjAuanBnfHx8fHx8OTJ4Njl8fHx8fA==.jpg","main":"MDA5MmJkNWEwNDdkMWUyNmZmZDBkNGFmYjBmMmU0ZGQUGA8qCn_BSyttdsHCgmF7ODgzNjM2LTcxODA0MjAuanBnfHx8fHx8fHx8fHw0MDB4MzAw.jpg","large":"MDZlNmM3ZmIxNzZhNzJjNjVmMmYxNTQzY2Y2YmFmOGMwi10qfMdQ1dGP-KMX2_r5ODgzNjM2LTcxODA0MjAuanBnfHx8fHx8fHx8fHw2NDB4NDgw.jpg"}]}},{"ad_id":"900675","reg_year":"2008","make":"Toyota","model":"Auris","variant":"auris 1.4 luna","mileage":"65244","engine_size":"1.4","fuel_type":"Petrol","body_type":"Hatchback","colour":"858585","location":"Cork","price":"\u20ac 9,500","images":{"base_url":"http:\/\/i0.carsie.ie\/","image_list":[{"thumb":"N2IxMzI4MjE0MzZjNmI2YTMyZmJiNGNjMWUyNDZmNDCdiP2tC4QMEXqcnhqN9vmKOTAwNjc1LTc0MjM0NjkuanBnfHx8fHx8OTJ4Njl8fHx8fA==.jpg","main":"NGE1OTNlZTY0YmQ5Yzg5ZjY5ZDcyNjE0MWJiZjY3NThdmvKmo7oA6-wshSxIE7oPOTAwNjc1LTc0MjM0NjkuanBnfHx8fHx8fHx8fHw0MDB4MzAw.jpg","large":"NWVmOGM1MzE1ZjA1MWUwOTE5ZDRiYzY4NzBlNTAzMDMx0bFtpXHPKO_FUTm5phRMOTAwNjc1LTc0MjM0NjkuanBnfHx8fHx8fHx8fHw2NDB4NDgw.jpg"}]}},{"ad_id":"863169","reg_year":"2009","make":"Toyota","model":"Auris","variant":"1.4 TERRA *MICHAEL DAFFY CAR SALES*","mileage":"78791","engine_size":"1.4","fuel_type":"Petrol","body_type":"Hatchback","colour":"000000","location":"Limerick","price":"\u20ac 9,500","images":{"base_url":"http:\/\/i0.carsie.ie\/","image_list":[{"thumb":"Y2EyMjJkODdmNTVmNGJmNzdkYzBmZjEzM2M2NTE4MzZtUbQSpNnSttxauC_Yvfn-ODYzMTY5LTY5MzgyMzIuanBnfHx8fHx8OTJ4Njl8fHx8fA==.jpg","main":"YzIyNzgyNTM2ODg3Y2MwMzFiZTVhM2MxMWY3OTZmMjDAQtB1XpIPca3JQfBV9ggcODYzMTY5LTY5MzgyMzIuanBnfHx8fHx8fHx8fHw0MDB4MzAw.jpg","large":"ZWJmYmQzMDUyZjM1ODhjOWI5OWFhNWU4OGUzNzdiNDHTZIwD5Alwn3VbVhnbnraMODYzMTY5LTY5MzgyMzIuanBnfHx8fHx8fHx8fHw2NDB4NDgw.jpg"}]}},{"ad_id":"900423","reg_year":"2008","make":"Toyota","model":"Auris","variant":"auris 1.4 terra 08","mileage":"23220","engine_size":"1.4","fuel_type":"Petrol","body_type":"Hatchback","colour":"e0e0e0","location":"Meath","price":"\u20ac 9,500","images":{"base_url":"http:\/\/i0.carsie.ie\/","image_list":[{"thumb":"M2IzYTc2NjBhYzYyZTVjN2NhMDJkM2VjMGQ4Nzc0NzOlO3QCeA3jxnH5PY7EZnwLOTAwNDIzLTc0MDQyODIuanBnfHx8fHx8OTJ4Njl8fHx8fA==.jpg","main":"MzI1ZTQ5NTc4OWU2ZDJkNTQxZDMyMTc0YjVkODUzN2HY2hb7wo-Z7yOEnbq0YhaCOTAwNDIzLTc0MDQyODIuanBnfHx8fHx8fHx8fHw0MDB4MzAw.jpg","large":"YjAxMjMyYjg3OTU3N2IzNjA0OTI2Mzc2YTRmODQ3YzBo7rDVA5tBw3i2Xh99CWZAOTAwNDIzLTc0MDQyODIuanBnfHx8fHx8fHx8fHw2NDB4NDgw.jpg"}]}},{"ad_id":"826794","reg_year":"2007","make":"Toyota","model":"Auris","variant":"1.4 5DR Strata","mileage":"39018","engine_size":"1.4","fuel_type":"Petrol","body_type":"Hatchback","colour":"e0e0e0","location":"Westmeath","price":"\u20ac 9,500","images":{"base_url":"http:\/\/i0.carsie.ie\/","image_list":[{"thumb":"YWI1MzNmNTE5MmFiNDJjOTE4ZWMwOTYxZDQ3NzY1MTj-eW8EE5r4EivRXbbqi_afODI2Nzk0LTY1MzU5NjMuanBnfHx8fHx8OTJ4Njl8fHx8fA==.jpg","main":"ZmIyNTU3ZjViODFhNDk4YTk2YzFlYTM2OWMwNjRhMDaeN6zKQRGzasKC3iaX4lS4ODI2Nzk0LTY1MzU5NjMuanBnfHx8fHx8fHx8fHw0MDB4MzAw.jpg","large":"ZTliODdmZmVmYjJhZWEzYmNlOTJmYzY0Yjc0MzFhM2S-X9Gxf-ez1tn6O7PX65sAODI2Nzk0LTY1MzU5NjMuanBnfHx8fHx8fHx8fHw2NDB4NDgw.jpg"}]}},{"ad_id":"880617","reg_year":"2007","make":"Toyota","model":"Avensis","variant":"avensis rc d4d strata","mileage":"83059","engine_size":"2.0","fuel_type":"Diesel","body_type":"Saloon","colour":"008000","location":"Cork","price":"\u20ac 9,500","images":{"base_url":"http:\/\/i0.carsie.ie\/","image_list":[{"thumb":"Y2Q2NjEzNjc1OTI4NDZiODRlN2Q4NWQ4YmE3NDlkYTZqgoF-wVZ38pqYSki8i0FLODgwNjE3LTcxNDE4OTEuanBnfHx8fHx8OTJ4Njl8fHx8fA==.jpg","main":"MjdlMjUzZDI3OThjNWUyYjBmYmJjYzAyYWU3NDExZjO4D7L9ZjBAF0IwMAgSNmn9ODgwNjE3LTcxNDE4OTEuanBnfHx8fHx8fHx8fHw0MDB4MzAw.jpg","large":"MjRmYmI3NTQ3NTgxZWVkOWU2YzA5YmRhMzdkOWM3NzQzcDGyCCgVGE5w_iQ6TixqODgwNjE3LTcxNDE4OTEuanBnfHx8fHx8fHx8fHw2NDB4NDgw.jpg"}]}},{"ad_id":"848872","reg_year":"2007","make":"Toyota","model":"Avensis","variant":"tx3","mileage":"57000","engine_size":"2.0","fuel_type":"Diesel","body_type":"Hatchback","colour":"000000","location":"Dublin","price":"\u20ac 9,500","images":{"base_url":"http:\/\/i0.carsie.ie\/","image_list":[{"thumb":"MTdiZTZjMDZkNThkZDY1MzgwYjBiNjM2MDBmMTljNTL9W27THkpuAo0_OCWJ-KL8ODQ4ODcyLS5qcGd8fHx8fHw5Mng2OXx8fHx8.jpg","main":"ZGJhNjQ3MDgzNzBhZTBjNWE4YjBjMjBiZmU2MGM1NTnPTujGZ8FRoHcrdXMVCuyyODQ4ODcyLS5qcGd8fHx8fHx8fHx8fDQwMHgzMDA=.jpg","large":"OWQwYzRlMGFjZjhhZmQ5YTE5NThiODEzZTQzNjY0MjNp2-e98jz190y5r3odEhz4ODQ4ODcyLS5qcGd8fHx8fHx8fHx8fDY0MHg0ODA=.jpg"}]}},{"ad_id":"802445","reg_year":"2008","make":"Toyota","model":"Avensis","variant":"RC 1.6 Aura","mileage":"67109","engine_size":"1.6","fuel_type":"Petrol","body_type":"Saloon","colour":"990099","location":"Sligo","price":"\u20ac 9,500","images":{"base_url":"http:\/\/i0.carsie.ie\/","image_list":[{"thumb":"MjNiNzJiMTM0NGU1N2Y5YjljZTU0OWEzNjc0ZmM4MDHUej_9XHG5G41iiZxXSQBvODAyNDQ1LTYyMjk3NzUuanBnfHx8fHx8OTJ4Njl8fHx8fA==.jpg","main":"ZDlkYmU3NWM2Mjk4NGI2OGI4OWU5OGUwYzY1YmRmNmaAwgh3Z89uXyTPVwJac6b9ODAyNDQ1LTYyMjk3NzUuanBnfHx8fHx8fHx8fHw0MDB4MzAw.jpg","large":"YWY3MTA0MmI2ZTQ0Mjg4YzIyZTdmMGY4NGFjZDI5ZTNmuYorkqrk8R9-q7j8yawBODAyNDQ1LTYyMjk3NzUuanBnfHx8fHx8fHx8fHw2NDB4NDgw.jpg"}]}},{"ad_id":"880346","reg_year":"2007","make":"Toyota","model":"Corolla","variant":"D4D Colr Coll","mileage":"79900","engine_size":"1.4","fuel_type":"Diesel","body_type":"Hatchback","colour":"e0e0e0","location":"Clare","price":"\u20ac 9,500","images":{"base_url":"http:\/\/i0.carsie.ie\/","image_list":[{"thumb":"OGUyZDc0YThjYmIyMWZlM2MyZmQ5YTc4OTYyOWJhZjctLjeF6BXYRwbMovV3gNIGODgwMzQ2LTcxMzU5NjUuanBnfHx8fHx8OTJ4Njl8fHx8fA==.jpg","main":"NjEzMTA0NTRlZmRmYjhmZGZlZjRjZWU4ZTc2YzJmZDV3Aq6YR8-gl36V1iZfM7KWODgwMzQ2LTcxMzU5NjUuanBnfHx8fHx8fHx8fHw0MDB4MzAw.jpg","large":"YjBkNzJiZTM4Y2E3NjZlOTYzMzhiMGI0NjhjNjNiMjP4AR-JlZmt7ZLHuhRXBWAJODgwMzQ2LTcxMzU5NjUuanBnfHx8fHx8fHx8fHw2NDB4NDgw.jpg"}]}},{"ad_id":"896457","reg_year":"2007","make":"Toyota","model":"Corolla","variant":"NG1.4 D4D Terra","mileage":"77042","engine_size":"1.4","fuel_type":"Diesel","body_type":"Saloon","colour":"e0e0e0","location":"Cork","price":"\u20ac 9,500","images":{"base_url":"http:\/\/i0.carsie.ie\/","image_list":[{"thumb":"ZDc1MzUwNjk1YzAxNjcxZDNlODU4ZDQxOGQxMjgyMzA_t-nARd9iU9WSeH_f_zvBODk2NDU3LTczNDI1MzAuanBnfHx8fHx8OTJ4Njl8fHx8fA==.jpg","main":"MTk4MTQ4YjE4ZDA3ZmFlNjgxNTA4MDY2OWEyMjk0YzJmeqlphcCuGP7hVaUmSxg0ODk2NDU3LTczNDI1MzAuanBnfHx8fHx8fHx8fHw0MDB4MzAw.jpg","large":"ZTVmY2JhZTliMDQ3Y2UwNjIxZjIwMWJiOWY0ZjVmZjnhgNJ-Fgl4-0oAOhN1qsFMODk2NDU3LTczNDI1MzAuanBnfHx8fHx8fHx8fHw2NDB4NDgw.jpg"}]}},{"ad_id":"886687","reg_year":"2008","make":"Toyota","model":"Corolla","variant":"corolla VERY LOW mileage","mileage":"34797","engine_size":"1.4","fuel_type":"Petrol","body_type":"Saloon","colour":"e0e0e0","location":"Kerry","price":"\u20ac 9,500","images":{"base_url":"http:\/\/i0.carsie.ie\/","image_list":[{"thumb":"ZjM0N2MwMDkzNzBhZTEyMjViODNiYzU0NTQwZWRlZjL-Ce7vh09LofveN_WfypNRODg2Njg3LTcyMzEzMTAuanBnfHx8fHx8OTJ4Njl8fHx8fA==.jpg","main":"YzUxOWFmOGY0YmI5MDBlZDkxNmJlYWI0Mjk1NTZjYTn6oEvCcmdN1kDOYFxes9gWODg2Njg3LTcyMzEzMTAuanBnfHx8fHx8fHx8fHw0MDB4MzAw.jpg","large":"Njk0ZjEyNGUyMDdhMjRhZDIxODEyZjc0ZWVmZTNiMjLloXSA_L4doHkKF_I7J1ThODg2Njg3LTcyMzEzMTAuanBnfHx8fHx8fHx8fHw2NDB4NDgw.jpg"}]}},{"ad_id":"860859","reg_year":"2007","make":"Toyota","model":"Corolla","variant":"NG 1.4 D4D Luna","mileage":"77052","engine_size":"1.4","fuel_type":"Diesel","body_type":"Saloon","colour":"0000c0","location":"Mayo","price":"\u20ac 9,500","images":{"base_url":"http:\/\/i0.carsie.ie\/","image_list":[{"thumb":"ZDRmNzIwNTZkOGJhODQ1Yzk3NGUyMzZjYjhmYTM5YTS7sBkoCnaRDdSzo2Qf5ASMODYwODU5LTY5MjQ1NTguanBnfHx8fHx8OTJ4Njl8fHx8fA==.jpg","main":"MTM5OGU5MjIzOGMzYThlZDk2YzJmMjE1MzZkMWQ1NGWE2p5GMQwqz-naXsS3v-ffODYwODU5LTY5MjQ1NTguanBnfHx8fHx8fHx8fHw0MDB4MzAw.jpg","large":"MzNkNWUyMzRiODI4ZmFiMjIxNGRjMmQ0MjIzMDgzMjWfMfa3SzaW9xYR4Zv9o6XWODYwODU5LTY5MjQ1NTguanBnfHx8fHx8fHx8fHw2NDB4NDgw.jpg"}]}}]}