{"total":"23407","result":[{"ad_id":"719945","reg_year":"2002","make":"BMW","model":"320","variant":"2.0TD","mileage":"75258","engine_size":"2.0","fuel_type":"Diesel","body_type":"Saloon","colour":"e0e0e0","location":"Kerry","price":"\u20ac 5,800","images":{"base_url":"http:\/\/i0.carsie.ie\/","image_list":[{"thumb":"MDhlYzAwMTQ5OWUxYzJlOTFiOGVhMTMwYTFmODRlNmG1vgGU7anVbcqvFv4PLnFkNzE5OTQ1LTY0MTM3MTguanBnfHx8fHx8OTJ4Njl8fHx8fA==.jpg","main":"M2E2OWQ5ZTczY2U1YTRhNGVhNjMwNzQxOTQ2OWNiMjAUwe7nbVGC9Fpu6YUfoytPNzE5OTQ1LTY0MTM3MTguanBnfHx8fHx8fHx8fHw0MDB4MzAw.jpg","large":"ZDEwM2IxYjFiODE5NGFiOTRmMzg3Yzg0Njk0MGUxNWaoaZdzuma7x83uCmRtoSIFNzE5OTQ1LTY0MTM3MTguanBnfHx8fHx8fHx8fHw2NDB4NDgw.jpg"}]}},{"ad_id":"719951","reg_year":"2007","make":"Citroen","model":"Berlingo","variant":"1.6 hdi","mileage":"72321","engine_size":"1.6","fuel_type":"Diesel","body_type":"Other","colour":"ff0000","location":"Kerry","price":"\u20ac 5,800","images":{"base_url":"http:\/\/i0.carsie.ie\/","image_list":[{"thumb":"ODhjYmU4ZmE3NDhiNGI5MmI4N2U0M2ZlMGQyMWQyYTagP_07mz6eU-uKuRo89nY2NzE5OTUxLTYzODIwMTMuanBnfHx8fHx8OTJ4Njl8fHx8fA==.jpg","main":"ZmI1MmVkN2JiMDk0NTU2M2E0ZGZmMTJkZjVlMDcxMTEFDHU5d4xWsTdiJPA2VGlzNzE5OTUxLTYzODIwMTMuanBnfHx8fHx8fHx8fHw0MDB4MzAw.jpg","large":"MjhjZWE5ZGFhNTM1OWEzYzU4NzQxMDM5ZDdiNGI0ZDeGFCeTddYL298BOeoduFpENzE5OTUxLTYzODIwMTMuanBnfHx8fHx8fHx8fHw2NDB4NDgw.jpg"}]}},{"ad_id":"886371","reg_year":"2005","make":"Hyundai","model":"Santa Fe","variant":"Commercial 4wd ","mileage":"120000","engine_size":"2.0","fuel_type":"Diesel","body_type":"SUV","colour":"e0e0e0","location":"Kerry","price":"\u20ac 5,800","images":{"base_url":"http:\/\/i0.carsie.ie\/","image_list":[{"thumb":"MGQ1NTJlZmM5ZGExN2Q0YjM2OGNkOTc1YTU3NWZhNWXf4DOCs2ZHLYSs0hKVtciVODg2MzcxLTcyMTI4NTAuanBnfHx8fHx8OTJ4Njl8fHx8fA==.jpg","main":"ZTNlMTllZThiZjJhMTAxYThhYzQ1MGE0MGJhMDZlYjJpKHvm__nTbX-1ID0jjBmKODg2MzcxLTcyMTI4NTAuanBnfHx8fHx8fHx8fHw0MDB4MzAw.jpg","large":"MjcxMTlhZmVlMDhhZTFjYzczZGExYThhYmFiMDNjNWS9MMSkExBJyW4UOTa3D0kaODg2MzcxLTcyMTI4NTAuanBnfHx8fHx8fHx8fHw2NDB4NDgw.jpg"}]}},{"ad_id":"889652","reg_year":"2006","make":"Nissan","model":"Micra","variant":"AUTOMATIC - 6800 Less 1000 Scrappage Special","mileage":"46875","engine_size":"1.2","fuel_type":"Petrol","body_type":"Hatchback","colour":"0000c0","location":"Waterford","price":"\u20ac 5,800","images":{"base_url":"http:\/\/i0.carsie.ie\/","image_list":[{"thumb":"YTYwNjdkMDkyMmIyM2IyZjlkZmNhZjBlMDdhZjRkMmURsWWzV6d-5wIRMyYdpKNXODg5NjUyLS5qcGd8fHx8fHw5Mng2OXx8fHx8.jpg","main":"NjIwZjkzN2EwM2QxZmUzNWJiN2VmODgyMDc2YmY0NTXdOw-h7KjOlCpvn8jgduy8ODg5NjUyLS5qcGd8fHx8fHx8fHx8fDQwMHgzMDA=.jpg","large":"ZTZiMmJmNTZmN2Y3OTU1MjM0NWQxNjkyMzQ2YmIyZDPD-mDplVZZ1VoJ14hQVmRYODg5NjUyLS5qcGd8fHx8fHx8fHx8fDY0MHg0ODA=.jpg"}]}},{"ad_id":"899857","reg_year":"2006","make":"Renault","model":"Clio","variant":"3 1.4 16V DYNAMIQUE","mileage":"1","engine_size":"1.4","fuel_type":"Petrol","body_type":null,"colour":"0000c0","location":"Mayo","price":"\u20ac 5,800","images":{"base_url":"http:\/\/i0.carsie.ie\/","image_list":[{"thumb":"Mzc4ZjM3ZjJhZTI4ZDIwNzMzYjY0M2QxYzliOGExMjXwlvxcNmxEFNRhtsg5gJqPODk5ODU3LTczOTk4NTEuanBnfHx8fHx8OTJ4Njl8fHx8fA==.jpg","main":"OTgzM2Q4NGIzNDg0MmVmMjRjMzc3ZWE5NTQzODdmODVZh90CJ-oc_hPHm4wuJWNtODk5ODU3LTczOTk4NTEuanBnfHx8fHx8fHx8fHw0MDB4MzAw.jpg","large":"ZmRhMGE5NDJiNzRlMzQwNjRlNDczN2RjMDBjYjI1YjawThs85SfAeQMUzmoraBtoODk5ODU3LTczOTk4NTEuanBnfHx8fHx8fHx8fHw2NDB4NDgw.jpg"}]}},{"ad_id":"877784","reg_year":"2006","make":"Renault","model":"Megane","variant":"Scenic DCI Dyna","mileage":"38526","engine_size":"1.9","fuel_type":"Diesel","body_type":"Hatchback","colour":"858585","location":"Limerick","price":"\u20ac 5,800","images":{"base_url":"http:\/\/i0.carsie.ie\/","image_list":[{"thumb":"ZmU2MWRlZTYwZTQyZDI0ZDcwMjg2M2FhMzlhYjc3NGGl5w-w3HWmfcBRs8lBLYKEODc3Nzg0LTcxMTI0NDQuanBnfHx8fHx8OTJ4Njl8fHx8fA==.jpg","main":"NGQwODc0MTA3NDNkMzE0ZjkwODZmODY2MGYxZjY1ODBsELFjJX312IXZ1v0oO3QAODc3Nzg0LTcxMTI0NDQuanBnfHx8fHx8fHx8fHw0MDB4MzAw.jpg","large":"NTI0N2QxZWYyZTBmNzJkNDFiZTQ1MDQwNDhkYmVlNjUTLNLWi-R89B0wiU61EInoODc3Nzg0LTcxMTI0NDQuanBnfHx8fHx8fHx8fHw2NDB4NDgw.jpg"}]}},{"ad_id":"895201","reg_year":"2006","make":"Toyota","model":"Corolla","variant":"1.4 Terra 4DR","mileage":"82947","engine_size":"1.4","fuel_type":"Petrol","body_type":"Saloon","colour":"008000","location":"Cavan","price":"\u20ac 5,800","images":{"base_url":"http:\/\/i0.carsie.ie\/","image_list":[{"thumb":"ZjViMzQ0ODg2Nzg3NDZhN2IxNTQ2NGZjZjZkNTA0ZDE-FuMUG0qhx6N4yICzRfVNODk1MjAxLS5qcGd8fHx8fHw5Mng2OXx8fHx8.jpg","main":"MzM5ODI2ODU5YjM1ZjJmODVjYWUxNTdlM2I3Y2U1OTXprNLEARcCnXwhOs7o6ugbODk1MjAxLS5qcGd8fHx8fHx8fHx8fDQwMHgzMDA=.jpg","large":"MjViNGVmMzM3YjEwMDFhOWFkYTY2ZWM1MjVkOWM5YmQhjTBr9nqSpC4nth09ONmQODk1MjAxLS5qcGd8fHx8fHx8fHx8fDY0MHg0ODA=.jpg"}]}},{"ad_id":"895252","reg_year":"2006","make":"Toyota","model":"Corolla","variant":"1.4 Terra 4DR","mileage":"82947","engine_size":"1.4","fuel_type":"Petrol","body_type":"Saloon","colour":"008000","location":"Cavan","price":"\u20ac 5,800","images":{"base_url":"http:\/\/i0.carsie.ie\/","image_list":[{"thumb":"Njc3OWJmYTRjZTdjZDI3OGQwZmZmMmY0ZmM1YjcyNGLJvRiFKFLf0z-CIL5WIV_uODk1MjUyLS5qcGd8fHx8fHw5Mng2OXx8fHx8.jpg","main":"MWUxODdmYTkwNTRmZDFkNTQxMGQzMjU4N2Y4NTdlOWIeh_I4AVUZaueWLaoxzXtZODk1MjUyLS5qcGd8fHx8fHx8fHx8fDQwMHgzMDA=.jpg","large":"NWY2NzdjNjY1MmRjMDNjNmNhODAwYjNjNWU4NzEyN2GLZd1r3FTuM8-r-Womio8pODk1MjUyLS5qcGd8fHx8fHx8fHx8fDY0MHg0ODA=.jpg"}]}},{"ad_id":"897402","reg_year":"2005","make":"Toyota","model":"Corolla","variant":"1.4 Terra CBU M","mileage":"57396","engine_size":"1.4","fuel_type":"Petrol","body_type":"Saloon","colour":"000000","location":"Dublin","price":"\u20ac 5,800","images":{"base_url":"http:\/\/i0.carsie.ie\/","image_list":[{"thumb":"N2UzN2ZhYTYyYzVlNTY5ZjNkNmM1NTFjYTUxZWE3ZGKJS8xML6qL5_Fqyk_9Oj4XODk3NDAyLTczNTMzNDAuanBnfHx8fHx8OTJ4Njl8fHx8fA==.jpg","main":"YjVlYTg2ODVhNWNlNDRiYjY0YTRhMDk0OWFhMWY5YTM0F89aalZkbt0Glx9WjmcPODk3NDAyLTczNTMzNDAuanBnfHx8fHx8fHx8fHw0MDB4MzAw.jpg","large":"ZjgxZGVkNmZiZDA3MzRjMjVjYmUyODRmM2MwYzA1NTM3DYniQK85tgP-3lNsOZqnODk3NDAyLTczNTMzNDAuanBnfHx8fHx8fHx8fHw2NDB4NDgw.jpg"}]}},{"ad_id":"883142","reg_year":"2007","make":"Citroen","model":"C5","variant":"Series 2 1.6 HDI","mileage":"133598","engine_size":"1.6","fuel_type":"Diesel","body_type":"Hatchback","colour":"858585","location":"Galway","price":"\u20ac 5,850","images":{"base_url":"http:\/\/i0.carsie.ie\/","image_list":[{"thumb":"MWI4ZTlhYjJkNzI3NzNhNjMyM2IzNDAzYjZkZWM4YmI8NDRG5fNITvK6eREkP5otODgzMTQyLTcxNzM0NDcuanBnfHx8fHx8OTJ4Njl8fHx8fA==.jpg","main":"OTVkZGY4NmQ2MmI3OTg3MDhmNjg3MDYwNWJlNjJiMDj8BfX_daR2xW7sfbSXZdNUODgzMTQyLTcxNzM0NDcuanBnfHx8fHx8fHx8fHw0MDB4MzAw.jpg","large":"MDEyNzI1MGFiZjBiZWFkNjdkOWVkZjg5NjYwMDJlNjdZWN8kvlQTCGdka33JJuZAODgzMTQyLTcxNzM0NDcuanBnfHx8fHx8fHx8fHw2NDB4NDgw.jpg"}]}},{"ad_id":"900507","reg_year":"2005","make":"Hyundai","model":"Santa Fe","variant":"4WD 4DR Auto","mileage":"110607","engine_size":"2.0","fuel_type":"Diesel","body_type":"SUV","colour":"000000","location":"Galway","price":"\u20ac 5,850","images":{"base_url":"http:\/\/i0.carsie.ie\/","image_list":[{"thumb":"ZTVmOGIwYmNjMzIxYjY3MzZkMDQ0MzQxMjUwMDg4NTc0DRC5HSgvN4ioN1H8olnIOTAwNTA3LTc0MDE2MDMuanBnfHx8fHx8OTJ4Njl8fHx8fA==.jpg","main":"ZTU4ODNiNDVmMGQyNTQwNjk1NDZjNDk4NDQzNWFiNzYiOGOy8tT1PYkIe75kFz39OTAwNTA3LTc0MDE2MDMuanBnfHx8fHx8fHx8fHw0MDB4MzAw.jpg","large":"ZDkyM2I3NDYyYjI1NGQzY2RhYTNjZjNlYzViZTYwM2PLrkMmX-DpuC_O_M32dtscOTAwNTA3LTc0MDE2MDMuanBnfHx8fHx8fHx8fHw2NDB4NDgw.jpg"}]}},{"ad_id":"897006","reg_year":"2005","make":"Mazda","model":"Mazda6","variant":"2.0 SDN 13PS Tour TDI","mileage":"125000","engine_size":"2.0","fuel_type":"Diesel","body_type":"Saloon","colour":"000000","location":"Galway","price":"\u20ac 5,850","images":{"base_url":"http:\/\/i0.carsie.ie\/","image_list":[{"thumb":"MGFhYTQ4MGI1NzNjODA3NWU1NGUxZDgxM2Y2MTE5ZmY_rr5ON1ZJzE8bFbh0ik4SODk3MDA2LTczNDk5OTAuanBnfHx8fHx8OTJ4Njl8fHx8fA==.jpg","main":"ZjI3ZDEzMjkwMWM0Y2Q2YmM1YmFhMzFkYzU2ODlmYmL25GmADUWOoMCbWtDZ8ybgODk3MDA2LTczNDk5OTAuanBnfHx8fHx8fHx8fHw0MDB4MzAw.jpg","large":"ZjhmZmVlNmVlZjBmYTE4YTg0NzY5ZmQ0MWFjNGEyMDU6OjgrGy2aOE5TOSeG7sIqODk3MDA2LTczNDk5OTAuanBnfHx8fHx8fHx8fHw2NDB4NDgw.jpg"}]}},{"ad_id":"886095","reg_year":"2005","make":"Mercedes-Benz","model":"C 180","variant":"C 180 *NCT 15*","mileage":"188897","engine_size":"1.8","fuel_type":"Petrol","body_type":null,"colour":"e0e0e0","location":"Kildare","price":"\u20ac 5,850","images":{"base_url":"http:\/\/i0.carsie.ie\/","image_list":[{"thumb":"ZGEyOTIzMDViNDZmYjM1Mjk4Mjc0MjY3M2FhNGFlMDO6jFb0SqmISU3-L1065HlGODg2MDk1LTcyMTUyOTIuanBnfHx8fHx8OTJ4Njl8fHx8fA==.jpg","main":"YmQ1ODZlY2YyYTk4OTgxN2Q5ODZhYmMyM2UzNDJkMzN6H9YG5q55szdG5osWPHC0ODg2MDk1LTcyMTUyOTIuanBnfHx8fHx8fHx8fHw0MDB4MzAw.jpg","large":"ZDYxMzZlMGZhN2U2OTdhYTQ1MWQ4YjY5MTliZmQzM2F1zxgFdlbHS3wCyMorr2ndODg2MDk1LTcyMTUyOTIuanBnfHx8fHx8fHx8fHw2NDB4NDgw.jpg"}]}},{"ad_id":"898284","reg_year":"2004","make":"Mitsubishi","model":"Pajero","variant":"DX SWB 3DR ONE OWNER FROM NEW","mileage":"148790","engine_size":"3.2","fuel_type":"Diesel","body_type":"SUV","colour":"000000","location":"Laois","price":"\u20ac 5,850","images":{"base_url":"http:\/\/i0.carsie.ie\/","image_list":[{"thumb":"NzcwYWZkNTIwMzkxZGUyYmYwYTVkMDA0MmEzNDE5NjUjiQKNToekp8xVV1Zf3AgHODk4Mjg0LTczNzUwNDQuanBnfHx8fHx8OTJ4Njl8fHx8fA==.jpg","main":"M2YxZmM0ZTFjODgyZTk2YzhkZTU5MDlmNDk2Yzg4ZDCWMr_j9v_im8VhSYZsJFoGODk4Mjg0LTczNzUwNDQuanBnfHx8fHx8fHx8fHw0MDB4MzAw.jpg","large":"Y2I2ZWEzYjdiZTEyMzgzNjVlYWJhM2ExODk4ZmQ5NTcb9KhYB16FReC7ib1Tf-2vODk4Mjg0LTczNzUwNDQuanBnfHx8fHx8fHx8fHw2NDB4NDgw.jpg"}]}},{"ad_id":"719977","reg_year":"2005","make":"Nissan","model":"Almera","variant":"1.5 SX","mileage":"54220","engine_size":"1.5","fuel_type":"Petrol","body_type":"Hatchback","colour":"e0e0e0","location":"Kerry","price":"\u20ac 5,850","images":{"base_url":"http:\/\/i0.carsie.ie\/","image_list":[{"thumb":"YzhlODc5NzE4ZWI5OWUzMDM1YTE2YTdlM2I2NWIzZDjHQL5YVK66vV9KJNnp9l6_NzE5OTc3LTYzNDExNjQuanBnfHx8fHx8OTJ4Njl8fHx8fA==.jpg","main":"MTA3NDNhOGNlNjU0M2I4OGRjMTEwMjE1ZjdkY2UwY2S_gAiU7x8YEG-QcPncVlZuNzE5OTc3LTYzNDExNjQuanBnfHx8fHx8fHx8fHw0MDB4MzAw.jpg","large":"MzFiZjRlNGQ1ZTVmNGQ5ZjNhNzlkN2ZhZmJhODVkMzAOC6XMffLSd5FLTSW5_g8HNzE5OTc3LTYzNDExNjQuanBnfHx8fHx8fHx8fHw2NDB4NDgw.jpg"}]}},{"ad_id":"900318","reg_year":"2008","make":"Nissan","model":"Kubistar","variant":"4 DR 1.5 cc DCI PANEL VAN","mileage":"60502","engine_size":"1.5","fuel_type":"Diesel","body_type":null,"colour":"ffffff","location":"Louth","price":"\u20ac 5,850","images":{"base_url":"http:\/\/i0.carsie.ie\/","image_list":[{"thumb":"MDhiYWFkOTY0MzhmZGZlODhkODViOWEzNTU3MTVlMjMOK7j4dGsw5JJGLLFmNm5BOTAwMzE4LTc0MDE1MTQuanBnfHx8fHx8OTJ4Njl8fHx8fA==.jpg","main":"N2Y3NmI3NWM3ZWM1ZDdiZTVhMTJmOTE1ZWJhMTFiMmL5a9_OVsnoPVLe9JvIsDcJOTAwMzE4LTc0MDE1MTQuanBnfHx8fHx8fHx8fHw0MDB4MzAw.jpg","large":"MzJiOWU4MGE1MTBhYjMyNzA3ZDljOTk0ZTYyOWUxYmUWqTZG3w1FQxbIOHza3B7IOTAwMzE4LTc0MDE1MTQuanBnfHx8fHx8fHx8fHw2NDB4NDgw.jpg"}]}},{"ad_id":"863412","reg_year":"2007","make":"Nissan","model":"Micra","variant":"1.2 Sport 5DR AUT","mileage":"12","engine_size":"1.2","fuel_type":"Petrol","body_type":"Hatchback","colour":"ff0000","location":"Wexford","price":"\u20ac 5,850","images":{"base_url":"http:\/\/i0.carsie.ie\/","image_list":[{"thumb":"OTJlNGZjNDVlMzBlNGMyMDA5ZmE5Y2I4MzNmYjQ5ZTF-G5WYFMZhOt57kPX9V4MIODYzNDEyLTY5NDA0MDIuanBnfHx8fHx8OTJ4Njl8fHx8fA==.jpg","main":"MDRjZTUwODg2YTY0YWMyMDdjNDY4NDVhNTk1YzQyMTl4y5c4zo9oAAbB71zj3_egODYzNDEyLTY5NDA0MDIuanBnfHx8fHx8fHx8fHw0MDB4MzAw.jpg","large":"YzE2ODZiOThkNTBmNWZhYzA2ZGM4MTU0MzZkZWQyOWUsucxWCARMhChfDpbMqEKiODYzNDEyLTY5NDA0MDIuanBnfHx8fHx8fHx8fHw2NDB4NDgw.jpg"}]}},{"ad_id":"801475","reg_year":"2005","make":"Nissan","model":"X-Trail","variant":"2.0 Elegance 2W","mileage":"37283","engine_size":"2.0","fuel_type":"Petrol","body_type":"Estate","colour":"e0e0e0","location":"Westmeath","price":"\u20ac 5,850","images":{"base_url":"http:\/\/i0.carsie.ie\/","image_list":[{"thumb":"YTUxZTc2YjQyNmRhYzBhNTJhZmU3MjFjNWQ5OWRkZWIBM3fJG9IOLGA7EEZhwLq2ODAxNDc1LTYzNjkwNDQuanBnfHx8fHx8OTJ4Njl8fHx8fA==.jpg","main":"NWZjNzAzZTMwYWIzNjQxMjRiZjg5MTFkOGZjMWJhMmMq-piQy0GP76d3lnm4wm5sODAxNDc1LTYzNjkwNDQuanBnfHx8fHx8fHx8fHw0MDB4MzAw.jpg","large":"NTc0ZDc4NTY3MGYwOTVmZjBjOGU0YWYwY2Y2MjYwMTRF32UtLJH8HbbudI7HKBvVODAxNDc1LTYzNjkwNDQuanBnfHx8fHx8fHx8fHw2NDB4NDgw.jpg"}]}},{"ad_id":"896381","reg_year":"2006","make":"Opel","model":"Astra","variant":"Life 1.4I 16V 5DR","mileage":"78000","engine_size":"1.4","fuel_type":"Petrol","body_type":"Hatchback","colour":"e0e0e0","location":"Cork","price":"\u20ac 5,850","images":{"base_url":"http:\/\/i0.carsie.ie\/","image_list":[{"thumb":"NWYwYmJiNTNmMWU0NWYwYThiNzJjOGRmZTM0M2NhN2Sef-BEukbgnPInNus7NjGCODk2MzgxLTczNTA2MDIuanBnfHx8fHx8OTJ4Njl8fHx8fA==.jpg","main":"NDk1YzIzYmIyOGM2ODdkNDYwOWE1ZGFiODlmZDY0Mjk93ZaEbn14u67_TrQSvVNMODk2MzgxLTczNTA2MDIuanBnfHx8fHx8fHx8fHw0MDB4MzAw.jpg","large":"YmRkYTU3M2QzYmI5ZmQ4MzcwY2I3MzQ0Y2YxY2ZlOWNv2NoNttym_wEEdHMedNwvODk2MzgxLTczNTA2MDIuanBnfHx8fHx8fHx8fHw2NDB4NDgw.jpg"}]}},{"ad_id":"865222","reg_year":"2006","make":"Saab","model":"9-3","variant":"1.8i Arc 4DR **SOLD**","mileage":"82698","engine_size":"1.8","fuel_type":"Petrol","body_type":"Saloon","colour":"ff0000","location":"Dublin","price":"\u20ac 5,850","images":{"base_url":"http:\/\/i0.carsie.ie\/","image_list":[{"thumb":"MGY1Mjg3NDMzZDI4ZjA2ODI2ZDBmNGY0ZTk0MjIyN2P7zqBNNaTA8kkjqot9s0hdODY1MjIyLTY5NjUzMjYuanBnfHx8fHx8OTJ4Njl8fHx8fA==.jpg","main":"YTVhZDk1YWFhNzU3YThmMzIwMGY1MWQzNzcyY2MxMjBj68w-8ZAee8svIaCcfYkfODY1MjIyLTY5NjUzMjYuanBnfHx8fHx8fHx8fHw0MDB4MzAw.jpg","large":"YzllN2NlNDQwMTRkZDdmZTY0Y2ZmZmRiZTU0NzY1NTFBzpp1JElCNjGvqvWuKFY4ODY1MjIyLTY5NjUzMjYuanBnfHx8fHx8fHx8fHw2NDB4NDgw.jpg"}]}}]}