{"total":"23408","result":[{"ad_id":"834024","reg_year":"2002","make":"Rover","model":"45","variant":"1.4","mileage":"68500","engine_size":"1.4","fuel_type":"Petrol","body_type":"Hatchback","colour":"f0b800","location":"Cork","price":"\u20ac 1,950","images":{"base_url":"http:\/\/i0.carsie.ie\/","image_list":[{"thumb":"NjRmZDgxYTUxYmI0ODk4NDEyOWQxMTAzYTg0YzU2ZTMnE3V_lQtKyx8vYJLTqOWBODM0MDI0LTY2MTkwOTcuanBnfHx8fHx8OTJ4Njl8fHx8fA==.jpg","main":"YmRiMWQ3ZDUxNjU4MTE4ZTE3ZDJhOTdiOWYzNTQ4MDjAhW1F8SAjzMk3nwRp37KVODM0MDI0LTY2MTkwOTcuanBnfHx8fHx8fHx8fHw0MDB4MzAw.jpg","large":"OTQ4ZTlhNTAyM2U2MTNmOTE1YjkzNDJmZWFiYWYxNzg6z188s5cCs8rarqFvNdqSODM0MDI0LTY2MTkwOTcuanBnfHx8fHx8fHx8fHw2NDB4NDgw.jpg"}]}},{"ad_id":"892753","reg_year":"2001","make":"Rover","model":"75","variant":"1.8 Club","mileage":"90000","engine_size":"1.8","fuel_type":"Petrol","body_type":"Saloon","colour":"000000","location":"Dublin","price":"\u20ac 1,950","images":{"base_url":"http:\/\/i0.carsie.ie\/","image_list":[{"thumb":"NjlmOTczNzdlY2JjYmVmYzk2YTg2OWVhODkyZjgzY2IihgX7nQSc741naWNkirxEODkyNzUzLTcyNzUyNjAuanBnfHx8fHx8OTJ4Njl8fHx8fA==.jpg","main":"MjZlMDQ4Y2U2NzcyZDA5MzdkNTQ4OGJlOWYzN2NlOTgNQFIAVII0yuWfzrwv5JemODkyNzUzLTcyNzUyNjAuanBnfHx8fHx8fHx8fHw0MDB4MzAw.jpg","large":"OTM1ZDY3MDRjM2YxNWMyM2QwMWNjYjk2MTNmMjdiNTQPC8m6sQkUL-KBjuMHzYPGODkyNzUzLTcyNzUyNjAuanBnfHx8fHx8fHx8fHw2NDB4NDgw.jpg"}]}},{"ad_id":"896672","reg_year":"2004","make":"Rover","model":"Streetwise","variant":null,"mileage":"109000","engine_size":"1.4","fuel_type":"Petrol","body_type":"Hatchback","colour":"e0e0e0","location":"Dublin","price":"\u20ac 1,950","images":{"base_url":"http:\/\/i0.carsie.ie\/","image_list":[{"thumb":"YzVhMWM2YTU4ZTA1MjhlM2Q1ZGQ2NTMxNzdmMGUwNTD8vVNdtsLAutRtgnRfH0f1ODk2NjcyLTczNDU1MjcuanBnfHx8fHx8OTJ4Njl8fHx8fA==.jpg","main":"OTQ4ZWUyNTNhMzVlZjJmMTc5NjVlZjEyZjNmZDJkYmadvBkNmHLCaFmXFPGfAbMDODk2NjcyLTczNDU1MjcuanBnfHx8fHx8fHx8fHw0MDB4MzAw.jpg","large":"ZmI0N2NkNGIxOGRmYmNiZjU2YjVkNzI2YjhjNzNjMjT8JVPT5zTPYVfMcHGwCyNKODk2NjcyLTczNDU1MjcuanBnfHx8fHx8fHx8fHw2NDB4NDgw.jpg"}]}},{"ad_id":"831471","reg_year":"2001","make":"Saab","model":"9-3","variant":"2.0 LPT","mileage":"93000","engine_size":"2.0","fuel_type":"Petrol","body_type":"Hatchback","colour":"0000c0","location":"Dublin","price":"\u20ac 1,950","images":{"base_url":"http:\/\/i0.carsie.ie\/","image_list":[{"thumb":"MmNlNjI1NjNjN2RiMzNjZDBhZmE3ODNmMDNmYmJmYWWbVzYJ9nebPh-qZlzHrEdgODMxNDcxLTY1OTA1OTAuanBnfHx8fHx8OTJ4Njl8fHx8fA==.jpg","main":"NTIyYmNlZmFmYzIyNmU4ZGFkNjkzMWFkMjdkZTA4M2ZAQbTAjPsGOtx2lM25hcxPODMxNDcxLTY1OTA1OTAuanBnfHx8fHx8fHx8fHw0MDB4MzAw.jpg","large":"MmRiMTdjZWYzOTVjODRkNTFhY2M5Nzg5YjYwM2IyZWXHxHoOdQhxbhYByYoe3EGrODMxNDcxLTY1OTA1OTAuanBnfHx8fHx8fHx8fHw2NDB4NDgw.jpg"}]}},{"ad_id":"830244","reg_year":"2000","make":"Saab","model":"9-3","variant":"2.0 LPT","mileage":"80000","engine_size":"2.0","fuel_type":"Petrol","body_type":"Hatchback","colour":"e0e0e0","location":"Laois","price":"\u20ac 1,950","images":{"base_url":"http:\/\/i0.carsie.ie\/","image_list":[{"thumb":"MGY4ZmZjN2NlZWM3MTA4NDU3YjAxNmE3Mjg2NWU1NzIHI7_rMX7p7t5j8K708k7vODMwMjQ0LTY1Nzg2NDQuanBnfHx8fHx8OTJ4Njl8fHx8fA==.jpg","main":"NzA3MmM0MWNkZTEzNDY4ZTEzMTRhNzcxNmNhOTMyZmTBvpTyKCV7qzyteO8En1sSODMwMjQ0LTY1Nzg2NDQuanBnfHx8fHx8fHx8fHw0MDB4MzAw.jpg","large":"OWQ4YmJjZGU0YjhmOTI0ZjZiN2YzY2NkY2JiNDQzYzBFgdcuD2L2vACeS8iEByLHODMwMjQ0LTY1Nzg2NDQuanBnfHx8fHx8fHx8fHw2NDB4NDgw.jpg"}]}},{"ad_id":"879657","reg_year":"2004","make":"Saab","model":"9-5","variant":"2.0 LINEAR NCT MARCH 2014","mileage":"147000","engine_size":"2.0","fuel_type":"Petrol","body_type":"Saloon","colour":"ff0000","location":"Dublin","price":"\u20ac 1,950","images":{"base_url":"http:\/\/i0.carsie.ie\/","image_list":[{"thumb":"OTI1ZDZhZjVjOTY0OWY1MjQ3NjdlMDhkNWYwOTFiNWYUAIBX9_g3XeNnTGwWowb4ODc5NjU3LTc0MjQ2NTAuanBnfHx8fHx8OTJ4Njl8fHx8fA==.jpg","main":"Y2ExNWE0MWI2ZjY1ZjNkYzAxMjk0MThkM2FhZDNkNziuGY1Nmt4tPGtFBxwXdCZbODc5NjU3LTc0MjQ2NTAuanBnfHx8fHx8fHx8fHw0MDB4MzAw.jpg","large":"YjM5MDhiODIzOTg1YzliZTMwMjAxNjQ1MGI0OTcwYzUnJpzwNTTCQRzKS2Q3DgRSODc5NjU3LTc0MjQ2NTAuanBnfHx8fHx8fHx8fHw2NDB4NDgw.jpg"}]}},{"ad_id":"881999","reg_year":"2003","make":"Saab","model":"9-5","variant":"ARC 2.0 LPT","mileage":"92000","engine_size":"2.0","fuel_type":"Petrol","body_type":"Saloon","colour":"ff0000","location":"Dublin","price":"\u20ac 1,950","images":{"base_url":"http:\/\/i0.carsie.ie\/","image_list":[{"thumb":"MzJkM2VkMmYzMzEyZjU1YjQ1ODY2ZDk4YTA3MjMxN2SATZ3dbeyDFCG7NjoAfveXODgxOTk5LTcxNTk5MTYuanBnfHx8fHx8OTJ4Njl8fHx8fA==.jpg","main":"ZWE5MjM5YjVmMzA4ZjY4OWNjNDNkZmRkZDQ4YTRmOTkbOWq48beXgJ0quKKvEwAwODgxOTk5LTcxNTk5MTYuanBnfHx8fHx8fHx8fHw0MDB4MzAw.jpg","large":"ODJlZjdlOTcwN2EwMzRiMWJlNTExMzZiYzU4NGI1NzRKPv9lpNSE5kRStkOtGBXwODgxOTk5LTcxNTk5MTYuanBnfHx8fHx8fHx8fHw2NDB4NDgw.jpg"}]}},{"ad_id":"807172","reg_year":"2002","make":"Saab","model":"9-5","variant":"LPT Linear B\/E","mileage":"120000","engine_size":"2.0","fuel_type":"Petrol","body_type":"Saloon","colour":"e0e0e0","location":"Galway","price":"\u20ac 1,950","images":{"base_url":"http:\/\/i0.carsie.ie\/","image_list":[{"thumb":"MTU4ZWJiMTkxMTMxOTkxZTAzYTliNWM0ZmVlNjEyYzDdN1B-EzYo_IVqn-Cgy_TEODA3MTcyLTYyOTI3ODcuanBnfHx8fHx8OTJ4Njl8fHx8fA==.jpg","main":"YmNmMGUwZmNmNTc5ZDc4NjViNzFlODBhMWY4ZjFmZTeBOXS2a6zwbpcSzRufX9qCODA3MTcyLTYyOTI3ODcuanBnfHx8fHx8fHx8fHw0MDB4MzAw.jpg","large":"NzFmMGFhYzNjODM3NjIwNDliM2M5NTUwZjQyMzk5NDMUxwICjoiS3xt6T1jRo5UyODA3MTcyLTYyOTI3ODcuanBnfHx8fHx8fHx8fHw2NDB4NDgw.jpg"}]}},{"ad_id":"862877","reg_year":"2002","make":"Saab","model":"9-5","variant":"2.0 Linear Automatic and Paddle Shift","mileage":"101107","engine_size":"2.0","fuel_type":"Petrol","body_type":"Saloon","colour":"e0e0e0","location":"Kildare","price":"\u20ac 1,950","images":{"base_url":"http:\/\/i0.carsie.ie\/","image_list":[{"thumb":"YjcyYTllNTQxYzM5ZjAxMTg2OTE0YWNjZGY2YTI0ZjNtDEZUTqZnBmMFn20l1_wYODYyODc3LTY5MzQ3NTEuanBnfHx8fHx8OTJ4Njl8fHx8fA==.jpg","main":"NjM4MjVjYmJhYmQ4NmJjYmFmNDFjYTAzOGFiMDE3MGSr3aYucOgaCZpYxpmlahw5ODYyODc3LTY5MzQ3NTEuanBnfHx8fHx8fHx8fHw0MDB4MzAw.jpg","large":"Yjg3ZDE1MTQwMTg5NWFjOGY3NTIyMmEwODkxMmUyOGJXsPS10HVBGovlAMhMfxPrODYyODc3LTY5MzQ3NTEuanBnfHx8fHx8fHx8fHw2NDB4NDgw.jpg"}]}},{"ad_id":"874169","reg_year":"2002","make":"Seat","model":"Cordoba","variant":"1.4 Signo","mileage":"74180","engine_size":"1.4","fuel_type":"Petrol","body_type":"Saloon","colour":"ff0000","location":"Cork","price":"\u20ac 1,950","images":{"base_url":"http:\/\/i0.carsie.ie\/","image_list":[{"thumb":"MzY3MmQ1NjhiODk2Njc5NjA1MjRmYmM0YTliZjVmYWVH4sZp1tnrEVor0OLobThLODc0MTY5LTcwNjYwNjIuanBnfHx8fHx8OTJ4Njl8fHx8fA==.jpg","main":"ZGJlYTJmZTAxNjRiYWY3ZTk4YmZjYTNkZjQxNGM3NTmCZmeanGNfY1tTDEEIyONBODc0MTY5LTcwNjYwNjIuanBnfHx8fHx8fHx8fHw0MDB4MzAw.jpg","large":"OWE5YzI1YzhlNDlkYjFlOGQ3ZDJiMmRhNmZlMmZlNDYSs0fHsxjRtwV-Iddz-7PjODc0MTY5LTcwNjYwNjIuanBnfHx8fHx8fHx8fHw2NDB4NDgw.jpg"}]}},{"ad_id":"710205","reg_year":"2000","make":"Seat","model":"Cordoba","variant":"1.4 ","mileage":"80520","engine_size":"1.4","fuel_type":"Petrol","body_type":"Hatchback","colour":"ff0000","location":"Meath","price":"\u20ac 1,950","images":{"base_url":"http:\/\/i0.carsie.ie\/","image_list":[{"thumb":"ODRmOGMxZDNmMjlhMTQzODFjZTAxZGUyMWI0ZDkyM2a5R1JKu9pHctkiS-_4YLRpNzEwMjA1LTUwMzU4NDcuanBnfHx8fHx8OTJ4Njl8fHx8fA==.jpg","main":"NzVlNTZkZjM1NzVmNzdhMDVmOWM4NTZlNWQ5MDYwZTl4bU0Sn1kTDxK4KfpvzLByNzEwMjA1LTUwMzU4NDcuanBnfHx8fHx8fHx8fHw0MDB4MzAw.jpg","large":"MzM5MzQ3OGQ5YTNjODQ4ZmE0ZDI0NzFmMTMzZGRiNmZCIu-M_nZWeLLEI0DFH8KNNzEwMjA1LTUwMzU4NDcuanBnfHx8fHx8fHx8fHw2NDB4NDgw.jpg"}]}},{"ad_id":"901928","reg_year":"2002","make":"Seat","model":"Ibiza","variant":"1.0 Stella","mileage":"68000","engine_size":"1.0","fuel_type":"Petrol","body_type":"Hatchback","colour":"ff0000","location":"Dublin","price":"\u20ac 1,950","images":{"base_url":"http:\/\/i0.carsie.ie\/","image_list":[{"thumb":"M2ZmNWRkZWE2NjE0MDQ4OWI4YjUzYmNlOGM1YTVlZWZ3N0joDXFKhPhJ-fX2j0apOTAxOTI4LTc0MjY0ODUuanBnfHx8fHx8OTJ4Njl8fHx8fA==.jpg","main":"YzA2MDEzOGVjNDQxMjdiNDY4MjIwZjI2OTIwNGQwNTPr5JZHCkheYmbGcLezecm1OTAxOTI4LTc0MjY0ODUuanBnfHx8fHx8fHx8fHw0MDB4MzAw.jpg","large":"MmE2ZDVmM2MyODc1ZWFhOThiMjYzMTllYjcwNDNjYjZMuwSvGEmrI0tUxYmL4Ms_OTAxOTI4LTc0MjY0ODUuanBnfHx8fHx8fHx8fHw2NDB4NDgw.jpg"}]}},{"ad_id":"828315","reg_year":"2002","make":"Seat","model":"Toledo","variant":"1.6 STELLA","mileage":"92000","engine_size":"1.6","fuel_type":"Petrol","body_type":"Saloon","colour":"0000c0","location":"Cork","price":"\u20ac 1,950","images":{"base_url":"http:\/\/i0.carsie.ie\/","image_list":[{"thumb":"YzY5NGNkZTIwOGM4ZDhkOWJmNDVmYzY5NThlNDY0ODet8o7xXAeYWp6vkiVTLJX8ODI4MzE1LTcwOTI1NzQuanBnfHx8fHx8OTJ4Njl8fHx8fA==.jpg","main":"MzAwZWVlNjYwNWY1N2M2NjdlMDE1MDQxYjRkNmUxMDTcjIFw840vZ0K3ayJZ9kYaODI4MzE1LTcwOTI1NzQuanBnfHx8fHx8fHx8fHw0MDB4MzAw.jpg","large":"NmU1Mzc2ZTA4ODI0Yjk1OWI0NjkwNThmMjQ4ZmNlN2FMful9GqtoX2QxuepSnwuWODI4MzE1LTcwOTI1NzQuanBnfHx8fHx8fHx8fHw2NDB4NDgw.jpg"}]}},{"ad_id":"902193","reg_year":"2000","make":"Skoda","model":"Octavia","variant":"GLX 1.6","mileage":"110740","engine_size":"1.6","fuel_type":"Petrol","body_type":"Hatchback","colour":"ff0000","location":"Meath","price":"\u20ac 1,950","images":{"base_url":"http:\/\/i0.carsie.ie\/","image_list":[{"thumb":"MmJiYzFiM2EzM2UzZWEyMjY1YzYxOWJlNTBhNGI1NjPfWs_RpszF3leYeXjwLdy3OTAyMTkzLTc0MzAxOTEuanBnfHx8fHx8OTJ4Njl8fHx8fA==.jpg","main":"NGZlODg1MzMwNjg4N2Q2Mzk0NDdjNWM0YzY3NGYyZjlVTeDqOVl0pBVIrQ-DBVZKOTAyMTkzLTc0MzAxOTEuanBnfHx8fHx8fHx8fHw0MDB4MzAw.jpg","large":"N2JhNTE1ZTlhYjZmN2VkYTVjNTg3MTFlMWE2MDdhZWbJz4OUUyRJOJ9uYZPgBjjtOTAyMTkzLTc0MzAxOTEuanBnfHx8fHx8fHx8fHw2NDB4NDgw.jpg"}]}},{"ad_id":"882649","reg_year":"2002","make":"Skoda","model":"Octavia","variant":"GLX 1.4","mileage":"109000","engine_size":"1.4","fuel_type":"Petrol","body_type":"Hatchback","colour":"e0e0e0","location":"Wexford","price":"\u20ac 1,950","images":{"base_url":"http:\/\/i0.carsie.ie\/","image_list":[{"thumb":"NDI4ZGZiMTNmOGExYTJkZjQxYTE1NTRiY2E3ZjBkOGSBj2dDPq-ElLmrYNQtcNpjODgyNjQ5LTcxNzk1NzIuanBnfHx8fHx8OTJ4Njl8fHx8fA==.jpg","main":"YTEwMzg0ZDhkYTQ5ZTY2N2EzODJiNDUyNTkxNTA2YWRzLyp_l_f3be4VTlabJwNjODgyNjQ5LTcxNzk1NzIuanBnfHx8fHx8fHx8fHw0MDB4MzAw.jpg","large":"N2MyMTk1N2MzOGFhZjdhNmVhYjhlYjk1ZWViYTQ4MzIyb35AHzEoGAiqzVK_C4adODgyNjQ5LTcxNzk1NzIuanBnfHx8fHx8fHx8fHw2NDB4NDgw.jpg"}]}},{"ad_id":"829577","reg_year":"1998","make":"Ssangyong","model":"Korando","variant":"2.9 Korando GLS","mileage":"","engine_size":"2.9","fuel_type":"Diesel","body_type":"SUV","colour":"858585","location":"Dublin","price":"\u20ac 1,950","images":{"base_url":"http:\/\/i0.carsie.ie\/","image_list":[{"thumb":"ZjQ3Y2NkZDkyMjg2NzNhNjk3Mzg1Nzg2MTdhOWZjMzLhkeU9wrHmaaPBuwnI4mCAODI5NTc3LTY1NzA4OTYuanBnfHx8fHx8OTJ4Njl8fHx8fA==.jpg","main":"YmQyOTE2YmQzODliNDNkMjQ1NzIxZmI0ZjQzMTZhNGIntciU3EL-B6eBS92vVFSiODI5NTc3LTY1NzA4OTYuanBnfHx8fHx8fHx8fHw0MDB4MzAw.jpg","large":"NjE3YmY4NWZhMDgwY2EyMTczOGZlODI5NTU4MDJkN2YBdSUiQs-Ba3mmZKvZF1xyODI5NTc3LTY1NzA4OTYuanBnfHx8fHx8fHx8fHw2NDB4NDgw.jpg"}]}},{"ad_id":"455880","reg_year":"2000","make":"Subaru","model":"Impreza","variant":"","mileage":"81000","engine_size":"2.0","fuel_type":"Petrol","body_type":"Saloon","colour":"0000c0","location":"Cork","price":"\u20ac 1,950","images":{"base_url":"http:\/\/i0.carsie.ie\/","image_list":[{"thumb":"NGZhNzJkNzA4MTk1ZjRiYzkwNTJmYTc5MTA2ZTYzMDgwBrPHnCoJny1-soXgbRt1NDU1ODgwLTI4NTgwOTMuanBnfHx8fHx8OTJ4Njl8fHx8fA==.jpg","main":"ZjA2YWQxYzY4ZjgzN2IyYzA0ZjFjMmZlMDE0YmMwYzFPVpRwP6IYuxDT4Hofsnh1NDU1ODgwLTI4NTgwOTMuanBnfHx8fHx8fHx8fHw0MDB4MzAw.jpg","large":"NTYwNTYwZjFhZmU5NTNjMDEwM2NmOTM0ZDQ4YTM2NjjF9w3qqyKomVa-MgM5V_1xNDU1ODgwLTI4NTgwOTMuanBnfHx8fHx8fHx8fHw2NDB4NDgw.jpg"}]}},{"ad_id":"741685","reg_year":"2000","make":"Subaru","model":"Impreza","variant":"1.6 GL","mileage":"132000","engine_size":"1.6","fuel_type":"Petrol","body_type":"Saloon","colour":"858585","location":"Galway","price":"\u20ac 1,950","images":{"base_url":"http:\/\/i0.carsie.ie\/","image_list":[{"thumb":"NzZiNjQzNmU4M2QxMjg3YjQzN2MyY2ExNWM0YjNhYTMVC_QVirS371DzUiL2CAHLNzQxNjg1LTU0NjkwNjkuanBnfHx8fHx8OTJ4Njl8fHx8fA==.jpg","main":"MTBlYTlkNjgyMmI0YzU2Y2Y5YjVkNmViNzdkM2E5OTiFcext_JUvoYkzr5mCs_uZNzQxNjg1LTU0NjkwNjkuanBnfHx8fHx8fHx8fHw0MDB4MzAw.jpg","large":"NWQ1ZjAyNjc1N2U2NTBiZmIyMzczNmEyMDNkMzk3MzmJxeeZ2vlvrGgqp50SCKDtNzQxNjg1LTU0NjkwNjkuanBnfHx8fHx8fHx8fHw2NDB4NDgw.jpg"}]}},{"ad_id":"793880","reg_year":"2003","make":"Subaru","model":"Legacy","variant":"2.5 Automatic*TP Waters*","mileage":"128000","engine_size":"2.5","fuel_type":"Petrol","body_type":"Saloon","colour":"0000c0","location":"Kildare","price":"\u20ac 1,950","images":{"base_url":"http:\/\/i0.carsie.ie\/","image_list":[{"thumb":"MjRiMTliODAyZmI5Yzk1MzVmNDdjMTJmZWMyNzg1MzK_68UHaYbl1jkRGj8x81_ENzkzODgwLTYxMjg0NzcuanBnfHx8fHx8OTJ4Njl8fHx8fA==.jpg","main":"MzEzYjUzNTQ1MjU4MDBlMDgxZWY5ZjYxNWE5NjBjMmZWLIEI8ky9QuO1ISvnGiqqNzkzODgwLTYxMjg0NzcuanBnfHx8fHx8fHx8fHw0MDB4MzAw.jpg","large":"ODkyZjUwNDg1NmYzYTM4MTAyYmM5NmQyNzhiZjhjYmVI2qvYCfaLnLPnwhMTcjqKNzkzODgwLTYxMjg0NzcuanBnfHx8fHx8fHx8fHw2NDB4NDgw.jpg"}]}},{"ad_id":"725254","reg_year":"2000","make":"Subaru","model":"Legacy","variant":"2.0 GL","mileage":"118000","engine_size":"2.0","fuel_type":"Petrol","body_type":"Saloon","colour":"ffffff","location":"Wexford","price":"\u20ac 1,950","images":{"base_url":"http:\/\/i0.carsie.ie\/","image_list":[{"thumb":"NGI2MjlhOTQyNTgwYzg4NDYxOTAyMmIyNmUyODNmODDCWzIbaHvxK5flZ-coIDlCNzI1MjU0LTY3MTU0MzkuanBnfHx8fHx8OTJ4Njl8fHx8fA==.jpg","main":"YTc3MmM3NDNiYjYzZWMxM2NkNzAxYjhkOTEyNWNlNGNZ0QlG7whCA1jiz_xfAaI1NzI1MjU0LTY3MTU0MzkuanBnfHx8fHx8fHx8fHw0MDB4MzAw.jpg","large":"MzgyZDRhNzVjMmY2Y2ZmMTU3YTBlZjMxMGFmZmI2MTM49bZPVm4suf9v11Af-zZXNzI1MjU0LTY3MTU0MzkuanBnfHx8fHx8fHx8fHw2NDB4NDgw.jpg"}]}}]}