{"total":"23408","result":[{"ad_id":"897663","reg_year":"2008","make":"Citroen","model":"C4","variant":null,"mileage":"124274","engine_size":"1.6","fuel_type":"Diesel","body_type":null,"colour":"000000","location":"Tipperary","price":"\u20ac 8,500","images":{"base_url":"http:\/\/i0.carsie.ie\/","image_list":[{"thumb":"ZDVlYWJmZDRiNTUwYjE1OTgwZGZjOWZjZjY3ZGI3ZjNEs75aPtjIZ58zxLgEyH-uODk3NjYzLTc0MTI2MzcuanBnfHx8fHx8OTJ4Njl8fHx8fA==.jpg","main":"MGJlZmJjMWU3MDU2NGNlYjRkMzBmYTk0NWNlYjlhNDfLnfma1qy30icy3RIkhzZXODk3NjYzLTc0MTI2MzcuanBnfHx8fHx8fHx8fHw0MDB4MzAw.jpg","large":"OWE3ZTRiZGViZDM4YmVhOTkzYmQ3OTczMDkzYmM5YTMTbLy5IFV20L7RgALQcPuxODk3NjYzLTc0MTI2MzcuanBnfHx8fHx8fHx8fHw2NDB4NDgw.jpg"}]}},{"ad_id":"894731","reg_year":"2007","make":"Citroen","model":"C4 Grand Picasso","variant":"PICASSO 7 1.8I AMBIANCE","mileage":"59461","engine_size":"1.8","fuel_type":"Petrol","body_type":null,"colour":"858585","location":"Kilkenny","price":"\u20ac 8,500","images":{"base_url":"http:\/\/i0.carsie.ie\/","image_list":[{"thumb":"OGQxOTIwODY1M2Y5YjU2ZDM5ZjQxMzg1MzhkZjZlNzVDWzh8RU-VLaeBfpHcuhAmODk0NzMxLTczMjgwMDkuanBnfHx8fHx8OTJ4Njl8fHx8fA==.jpg","main":"ZmZjMzY4YTViMDFhMTExZDkwZGQ2OWMyODgyMzlhOGFIIbmieEZkMrH6qAyFm-J3ODk0NzMxLTczMjgwMDkuanBnfHx8fHx8fHx8fHw0MDB4MzAw.jpg","large":"OTYzMGQ4MDYxZTAwMzAyNjU5ZDhlMDZmMWVmMjYyY2OIm36iO9wYes5SLWA2gPZrODk0NzMxLTczMjgwMDkuanBnfHx8fHx8fHx8fHw2NDB4NDgw.jpg"}]}},{"ad_id":"901724","reg_year":"2008","make":"Daihatsu","model":"Terios","variant":"2WD Limited 1.5","mileage":"46000","engine_size":"1.5","fuel_type":"Petrol","body_type":"Estate","colour":"e0e0e0","location":"Clare","price":"\u20ac 8,500","images":{"base_url":"http:\/\/i0.carsie.ie\/","image_list":[{"thumb":"OGEwMmUwZDUxY2FhMDMxYmRiMDM4ODczODIwOGE3ZjHPmVdE1iQ5yONvDd85m4OzOTAxNzI0LTc0MjM5MzUuanBnfHx8fHx8OTJ4Njl8fHx8fA==.jpg","main":"Zjk2OWVlMzFlMzg4ZWM1MmJmYjZiNWUxMDJiYjM3MzG-O4TZiYj0dIrpDgbLjweYOTAxNzI0LTc0MjM5MzUuanBnfHx8fHx8fHx8fHw0MDB4MzAw.jpg","large":"YmRiOGVjNGJjYjJmYzQ0MDhmZmFjZGI4YjQwNDE2MWUYc2XfaQo6oAGxvB0bHQwGOTAxNzI0LTc0MjM5MzUuanBnfHx8fHx8fHx8fHw2NDB4NDgw.jpg"}]}},{"ad_id":"831393","reg_year":"1978","make":"Daimler","model":"Sovereign","variant":"Sovereign S2 COUPE AUTO","mileage":"62000","engine_size":"4.2","fuel_type":"Petrol","body_type":"Coupe","colour":"ff0000","location":"Laois","price":"\u20ac 8,500","images":{"base_url":"http:\/\/i0.carsie.ie\/","image_list":[{"thumb":"OGI3ZWNlOWQ5YmZjYTBlM2I1NzlmZjliMTI2ZGVlMzmlt_VqfueyGY725R-D9yuyODMxMzkzLTY1ODk4NTIuanBnfHx8fHx8OTJ4Njl8fHx8fA==.jpg","main":"MTJhYTM5MmUxNGVlN2I5MGNjNTJjY2EzZmNiODNmODksn9FXtoI_I8M0rYr0ND2WODMxMzkzLTY1ODk4NTIuanBnfHx8fHx8fHx8fHw0MDB4MzAw.jpg","large":"N2JjZDUwZTlmYTZiYjQ5YmZhNWIyYWMxZjI1MjFjNDEtOli_3_PPOjsT1htaeZvkODMxMzkzLTY1ODk4NTIuanBnfHx8fHx8fHx8fHw2NDB4NDgw.jpg"}]}},{"ad_id":"833982","reg_year":"2009","make":"Fiat","model":"500","variant":"1.2 POP","mileage":"37000","engine_size":"1.2","fuel_type":"Petrol","body_type":"Hatchback","colour":"0000c0","location":"Donegal","price":"\u20ac 8,500","images":{"base_url":"http:\/\/i0.carsie.ie\/","image_list":[{"thumb":"MGVmN2JmYWNlODRjYjY2ZTllMGNhMzJmMGYxM2UzMzjBhBD8K9-4sqD8Tl8wx0hOODMzOTgyLTY2MTg1MzQuanBnfHx8fHx8OTJ4Njl8fHx8fA==.jpg","main":"MmMyMzczNmQ5MTkxYTg1NTIwZjE1NGU3OTc1N2I2YzjhMNqaEF_vW9XaisAXMfx7ODMzOTgyLTY2MTg1MzQuanBnfHx8fHx8fHx8fHw0MDB4MzAw.jpg","large":"YmYxYmUwZjk0Nzk3Y2FkZDU1Y2QxYmJkYmJiNmE1ZTh9QkVPcTH5cGdYJl8xkrKKODMzOTgyLTY2MTg1MzQuanBnfHx8fHx8fHx8fHw2NDB4NDgw.jpg"}]}},{"ad_id":"857162","reg_year":"2010","make":"Fiat","model":"Doblo","variant":"1.3 Multijet","mileage":"40390","engine_size":"1.2","fuel_type":"Diesel","body_type":"Van","colour":"ffffff","location":"Dublin","price":"\u20ac 8,500","images":{"base_url":"http:\/\/i0.carsie.ie\/","image_list":[{"thumb":"MWRjMDcxNmMxNWNmOTYwODE1ZjRkYTMyMzIwOGZmZWEUA3vqCxq6aN_DgHzQAmgrODU3MTYyLTY5MTc2MzMuanBnfHx8fHx8OTJ4Njl8fHx8fA==.jpg","main":"ZjBhOWE1NGIzOWYxYTFjNWUyOGQzNDg0NDEzOWY5NmHj2EDKWZ4vimTAZnunN8gmODU3MTYyLTY5MTc2MzMuanBnfHx8fHx8fHx8fHw0MDB4MzAw.jpg","large":"YjU2OGM1YWQyZDk1N2RhZTBkZmM2NGFkOTIxZTkxNTK64d0MmpHPVh04KukEn6WqODU3MTYyLTY5MTc2MzMuanBnfHx8fHx8fHx8fHw2NDB4NDgw.jpg"}]}},{"ad_id":"882845","reg_year":"2010","make":"Fiat","model":"Doblo","variant":"16V SX Multijet","mileage":"46000","engine_size":"1.2","fuel_type":"Diesel","body_type":"Hatchback","colour":"ffffff","location":"Tipperary","price":"\u20ac 8,500","images":{"base_url":"http:\/\/i0.carsie.ie\/","image_list":[{"thumb":"NmVhZWNkYTU4Y2Y2NTg5ZjcyNjNhZDNiZDgxNzljMTjbg7hLn6RxrXMKn4VTsvGEODgyODQ1LTcxNzA2MDYuanBnfHx8fHx8OTJ4Njl8fHx8fA==.jpg","main":"NjUyYjExMmYyMTRlMDkxZDJlYjUyMzBmODVkZmZiMDTPTMsvfhrCdC8tq1acHMYuODgyODQ1LTcxNzA2MDYuanBnfHx8fHx8fHx8fHw0MDB4MzAw.jpg","large":"MmNkZTgwODdlN2ViNWJhY2FhN2ViMThlNTU5Yzc3MDM5DYXQWuHnBOs-MmJehdbSODgyODQ1LTcxNzA2MDYuanBnfHx8fHx8fHx8fHw2NDB4NDgw.jpg"}]}},{"ad_id":"817650","reg_year":"2011","make":"Fiat","model":"Panda","variant":"1.1 Active ECO 5DR","mileage":"14000","engine_size":"1.1","fuel_type":"Petrol","body_type":"Hatchback","colour":"0000c0","location":"Donegal","price":"\u20ac 8,500","images":{"base_url":"http:\/\/i0.carsie.ie\/","image_list":[{"thumb":"YjVkMTBmMDk5MjYxYTBlYTJjMzJhZWM2M2E1Mjg1ODUVS-ftKumBitnV2IvCJ2HPODE3NjUwLTY0MjMyNzYuanBnfHx8fHx8OTJ4Njl8fHx8fA==.jpg","main":"ZDQ4MDk1MThlOTkwZGU0ZmM1NmI0MTQzMjlhNTA0OGGijKLKkKhcjDkApnqL-T-bODE3NjUwLTY0MjMyNzYuanBnfHx8fHx8fHx8fHw0MDB4MzAw.jpg","large":"ZDEzNjc4ODJkOGNkNjFhZmNiMWZjODZiZmFlNGU1NDl4CwaIJdu8ai-Ct2ieBDSMODE3NjUwLTY0MjMyNzYuanBnfHx8fHx8fHx8fHw2NDB4NDgw.jpg"}]}},{"ad_id":"882308","reg_year":"2007","make":"Ford","model":"C-Max","variant":"ACTIVE 1.6 TD TDCI 90PS","mileage":"130000","engine_size":"1.6","fuel_type":"Diesel","body_type":null,"colour":"000000","location":"Mayo","price":"\u20ac 8,500","images":{"base_url":"http:\/\/i0.carsie.ie\/","image_list":[{"thumb":"MDE2MjYyZWE1YjhmOTNkYTM2MzlkNjUxYmNkNjY1NzKNTyiMUcJelds9B2WE3S9xODgyMzA4LTczMzMzMjAuanBnfHx8fHx8OTJ4Njl8fHx8fA==.jpg","main":"MWQ2NjYyZGFhN2U4NzkyOTg2ZjhjYzE1NmRiZGIzMTcqgm7bUQbC-8THusTmZE1tODgyMzA4LTczMzMzMjAuanBnfHx8fHx8fHx8fHw0MDB4MzAw.jpg","large":"ZjQxODA2YzY2MDIxZTFlMzE1ODI1N2U0M2JjZmQyM2WB2xdrrDlhikZcID3-kkRHODgyMzA4LTczMzMzMjAuanBnfHx8fHx8fHx8fHw2NDB4NDgw.jpg"}]}},{"ad_id":"836109","reg_year":"2009","make":"Ford","model":"Fiesta","variant":"","mileage":"42000","engine_size":"1.2","fuel_type":"Petrol","body_type":"Hatchback","colour":"000000","location":"Cork","price":"\u20ac 8,500","images":{"base_url":"http:\/\/i0.carsie.ie\/","image_list":[{"thumb":"MmMxMjA1YmJlZWZmYzliZDExZjlhZmQzZjVkYjg3ZTigQNXdacNr8NxvdjGGEnAVODM2MTA5LTY2NDM1MjIuanBnfHx8fHx8OTJ4Njl8fHx8fA==.jpg","main":"YzdkZWE5NjJmMDRmZTY5NGEzZWYxYzg5ZmI1NDI1MDQK9jdZEkiR2zMsPqnu-KtAODM2MTA5LTY2NDM1MjIuanBnfHx8fHx8fHx8fHw0MDB4MzAw.jpg","large":"M2JkZTFiZTM3MmVmNDlhNWI3MDNlMzJiNDlkZTI0OWLRse3yMAg6vJfjSzVrpzMRODM2MTA5LTY2NDM1MjIuanBnfHx8fHx8fHx8fHw2NDB4NDgw.jpg"}]}},{"ad_id":"895278","reg_year":"2008","make":"Ford","model":"Focus","variant":"1.6 Zetec 99BHP 05DR","mileage":"69000","engine_size":"1.6","fuel_type":"Petrol","body_type":"Hatchback","colour":"000000","location":"Clare","price":"\u20ac 8,500","images":{"base_url":"http:\/\/i0.carsie.ie\/","image_list":[{"thumb":"MGJhNjE2MWRhMmI4NGFhZjk2MGZmOTk2Zjg5MWQzMTjyiEi1xtcP30NuammDztrKODk1Mjc4LTczNTQzNTMuanBnfHx8fHx8OTJ4Njl8fHx8fA==.jpg","main":"OTU2MzBlYTNhZDdhYjcyMDAzZGY0Yjg3MTgwNTI4YmW6aoNt2Rr2KB5KiPFR7eG2ODk1Mjc4LTczNTQzNTMuanBnfHx8fHx8fHx8fHw0MDB4MzAw.jpg","large":"ZTE2ZWZjNTU3NWY4ODhlYThkZjJmNWU3OGEzMDk3OTHSX8hqbEzOglhq0GceXplNODk1Mjc4LTczNTQzNTMuanBnfHx8fHx8fHx8fHw2NDB4NDgw.jpg"}]}},{"ad_id":"900564","reg_year":"2007","make":"Ford","model":"Focus","variant":"1.6 TDCI Studio 5 Dr","mileage":"106000","engine_size":"1.6","fuel_type":"Diesel","body_type":"Estate","colour":"e0e0e0","location":"Meath","price":"\u20ac 8,500","images":{"base_url":"http:\/\/i0.carsie.ie\/","image_list":[{"thumb":"ZjkzZjhmOTBiOTU1ODZhZGQyNDJiMGU5NDE4YjBhYjEKlyjf9R2-QMPgfLlvSZsTOTAwNTY0LTc0MDI5MzMuanBnfHx8fHx8OTJ4Njl8fHx8fA==.jpg","main":"MDlmNTFiNWNhZDU1ZmQ0MWM1OTA3ZGQyYzMwNWUxYWQm2WsDsPBz2wXdv6N0QeYROTAwNTY0LTc0MDI5MzMuanBnfHx8fHx8fHx8fHw0MDB4MzAw.jpg","large":"MjBlNzYyZjc0YjkyODc0MWEzNjM3YTMzYjY0MjQwMTM5VJY3665XB7g3J3gm_Z_zOTAwNTY0LTc0MDI5MzMuanBnfHx8fHx8fHx8fHw2NDB4NDgw.jpg"}]}},{"ad_id":"872569","reg_year":"2009","make":"Ford","model":"Fusion","variant":"Steel 2 1.4","mileage":"51575","engine_size":"1.4","fuel_type":"Petrol","body_type":"Hatchback","colour":"e0e0e0","location":"Kerry","price":"\u20ac 8,500","images":{"base_url":"http:\/\/i0.carsie.ie\/","image_list":[{"thumb":"MjUzYmNhYTdiNjZhZWU1N2NjYmY2ZjQzZTcwN2M3ODfuPfsI4ti7UlzftRqDQYnYODcyNTY5LTcwNDQwNDguanBnfHx8fHx8OTJ4Njl8fHx8fA==.jpg","main":"ZmVhNTkwMmI5OTIyYzUxN2ViOWVjOTE2MWVjMjY4ZGOcqLOE9zT4vCjE3peCqRSOODcyNTY5LTcwNDQwNDguanBnfHx8fHx8fHx8fHw0MDB4MzAw.jpg","large":"MzA2ODgxYjI5MWI3NjdiODBkNDY1YzIxNjc4NjRmYjKBY0N8SbngVkTWqau4_h3-ODcyNTY5LTcwNDQwNDguanBnfHx8fHx8fHx8fHw2NDB4NDgw.jpg"}]}},{"ad_id":"900728","reg_year":"2010","make":"Ford","model":"Ka","variant":"STUDIO 1.2 70PS 3DR","mileage":"24860","engine_size":"1.2","fuel_type":"Petrol","body_type":null,"colour":"0000c0","location":"Limerick","price":"\u20ac 8,500","images":{"base_url":"http:\/\/i0.carsie.ie\/","image_list":[{"thumb":"YmZjMzk1MmQwN2ViNDExYTlhODQ3OTdkMjRiMDg5MTjpnwwvmbpFd3GQS2ktdKs1OTAwNzI4LTc0MTMyMDUuanBnfHx8fHx8OTJ4Njl8fHx8fA==.jpg","main":"MTg0Njk2ZWJkOGZjMDM4Njk4YWI2NTFjOWY0NTcxMzZkWZchA_V8srPg9zQpPQX9OTAwNzI4LTc0MTMyMDUuanBnfHx8fHx8fHx8fHw0MDB4MzAw.jpg","large":"NWI3Nzk0MjM0OWNkNjI1MWFjNmMwYjdkZjc2MjMxY2Frlmthrv2aL7KvM9h4jajdOTAwNzI4LTc0MTMyMDUuanBnfHx8fHx8fHx8fHw2NDB4NDgw.jpg"}]}},{"ad_id":"901449","reg_year":"2008","make":"Ford","model":"Mondeo","variant":"ZETEC 2.0 WITH FULL LEATHER INTERIOR \/ SATELLITE NAVIGATION \/ CRUISE CONTROL \/ HUGE SPEC \/ FSH \/ NCT 2014","mileage":"72702","engine_size":"2.0","fuel_type":"Petrol","body_type":"Hatchback","colour":"000000","location":"Dublin","price":"\u20ac 8,500","images":{"base_url":"http:\/\/i0.carsie.ie\/","image_list":[{"thumb":"N2JjNzJiMjZkZWVhODMwNjRkZTNkYjFjYTBmYmE2NjPYbQnhTtImFUin6qG73wYdOTAxNDQ5LTc0MTkyMzMuanBnfHx8fHx8OTJ4Njl8fHx8fA==.jpg","main":"OTA2YTQxMDc5NTY0Njg0NDVjMDE1ZTc3NThiZWYwNGYRitZq5HAlEHGdWhgMVbmQOTAxNDQ5LTc0MTkyMzMuanBnfHx8fHx8fHx8fHw0MDB4MzAw.jpg","large":"NjdmZTlkMDQ2YjFiMWJhMjYxN2EwNDAxMzA2YzMzNWODVLSI5fCgW5HhonqDSPDSOTAxNDQ5LTc0MTkyMzMuanBnfHx8fHx8fHx8fHw2NDB4NDgw.jpg"}]}},{"ad_id":"874220","reg_year":"2008","make":"Ford","model":"Mondeo","variant":"LX 1.8 5speed DIESEL *MICHAEL DAFFY CAR SALES*","mileage":"155077","engine_size":"1.8","fuel_type":"Diesel","body_type":"Hatchback","colour":"e0e0e0","location":"Limerick","price":"\u20ac 8,500","images":{"base_url":"http:\/\/i0.carsie.ie\/","image_list":[{"thumb":"ZTQ2NGY0NTc1ZWIwNDkxMzRkMTAwYzU3ODI1MWRlZTlAs__-yaJkLqaMkBTngnCGODc0MjIwLTcwNjY0ODYuanBnfHx8fHx8OTJ4Njl8fHx8fA==.jpg","main":"ODVlNmNmZDc3ZGVkZWNjZDY5ZTUzYTg0MzliYTNlZTPTH1Gjk-7VGpunGLYJvRphODc0MjIwLTcwNjY0ODYuanBnfHx8fHx8fHx8fHw0MDB4MzAw.jpg","large":"NzRjY2IzNGM0OGNjYzc1YzE2MjgxN2YzNjg3MjlkOTeyQLX9MelSwbidyZ76gFExODc0MjIwLTcwNjY0ODYuanBnfHx8fHx8fHx8fHw2NDB4NDgw.jpg"}]}},{"ad_id":"892456","reg_year":"2007","make":"Ford","model":"Mondeo","variant":"Platinum 2.0tdci","mileage":"63381","engine_size":"2.0","fuel_type":"Diesel","body_type":"Saloon","colour":"e0e0e0","location":"Louth","price":"\u20ac 8,500","images":{"base_url":"http:\/\/i0.carsie.ie\/","image_list":[{"thumb":"MTFiZTA4MDIzMzFjYjA2OTRjNWUzMmYzNmUyZTUwYzdzrnbERib-neBopzUd_8hyODkyNDU2LTcyNzM0OTEuanBnfHx8fHx8OTJ4Njl8fHx8fA==.jpg","main":"ZGIzOWUxNDI3MWY0ZmZhODI4YzM1NjVhMTNmNjIyNjQmdAKltquB4bdHZ1FvmWJDODkyNDU2LTcyNzM0OTEuanBnfHx8fHx8fHx8fHw0MDB4MzAw.jpg","large":"YWQ2NDhkZWEwNjc5Y2E0MDFiMDA2OTYyMTFmYzY4M2USfP7CciwxbLUdSliaD1jpODkyNDU2LTcyNzM0OTEuanBnfHx8fHx8fHx8fHw2NDB4NDgw.jpg"}]}},{"ad_id":"878980","reg_year":"2008","make":"Ford","model":"Transit","variant":"260SWB 2.2 85PS L\/R","mileage":"105635","engine_size":"2.2","fuel_type":"Diesel","body_type":"Van","colour":"ffffff","location":"Cork","price":"\u20ac 8,500","images":{"base_url":"http:\/\/i0.carsie.ie\/","image_list":[{"thumb":"MGE3OTdlZDMwYzM3MzE3OTMzN2E3ZDkwMjhmNDc0MzmlI-j8SBU3OJqQsxt1wO1qODc4OTgwLTcxMjY5MTEuanBnfHx8fHx8OTJ4Njl8fHx8fA==.jpg","main":"YzEzNjBjMDJhMGU5MjExNzNkZDY2MjQ1YTRmZDEzNDgoQnDlPX7FKKGXdrMCq4ZOODc4OTgwLTcxMjY5MTEuanBnfHx8fHx8fHx8fHw0MDB4MzAw.jpg","large":"ZjZlYmEyYWRiODM5ZDU4ZTJiNDNiMGNjOTcyOTYzYjU_2KVKoIHSIxxrMIUWQJ7MODc4OTgwLTcxMjY5MTEuanBnfHx8fHx8fHx8fHw2NDB4NDgw.jpg"}]}},{"ad_id":"739843","reg_year":"2008","make":"Ford","model":"Transit","variant":"VAN","mileage":"49715","engine_size":"1.8","fuel_type":"Diesel","body_type":null,"colour":"0000c0","location":"Limerick","price":"\u20ac 8,500","images":{"base_url":"http:\/\/i0.carsie.ie\/","image_list":[{"thumb":"ZTA5MWY5MDMyMzg2ZGFlMGNlY2UzOGFlNDkwOTM5MTc7B7jPiXM3x1ESZ9dRCIUQNzM5ODQzLTU0NDg0MzQuanBnfHx8fHx8OTJ4Njl8fHx8fA==.jpg","main":"YjVmOWZiN2ZkMTZiNzk1ZTQxNjdlNDNlMzNlNWY3ZjbNJb2mKs_JRP2FxVGbQ964NzM5ODQzLTU0NDg0MzQuanBnfHx8fHx8fHx8fHw0MDB4MzAw.jpg","large":"YmYyMjNhM2Q4ODEwZjViZGUwOTBjMWRhNWJjNjFjMTUb_hM2qeyMkvVmD6tqneEANzM5ODQzLTU0NDg0MzQuanBnfHx8fHx8fHx8fHw2NDB4NDgw.jpg"}]}},{"ad_id":"720099","reg_year":"1998","make":"Honda","model":"Integra","variant":"","mileage":"64000","engine_size":"1.8","fuel_type":"Petrol","body_type":"Coupe","colour":"ffffff","location":"Cork","price":"\u20ac 8,500","images":{"base_url":"http:\/\/i0.carsie.ie\/","image_list":[{"thumb":"ODFjOTA2MTAwMzkwNjZjN2I4M2EzMmExOTBiODMyZWXoqkIjhzKHIUwi3xslNBhZNzIwMDk5LTUxNzEwMDAuanBnfHx8fHx8OTJ4Njl8fHx8fA==.jpg","main":"YmMzOGQ1NjYzZDM0MThiZTI5MGY1ZmNmOWM5NGY4MTFrgrnWPplAXDolw3ciyPY0NzIwMDk5LTUxNzEwMDAuanBnfHx8fHx8fHx8fHw0MDB4MzAw.jpg","large":"YjYwMTBjYWMzMzE1NGM4MGJlMGQ0MTkwMzUwMDQxNjAFmT1BZnMV0Oxovg8K_5KUNzIwMDk5LTUxNzEwMDAuanBnfHx8fHx8fHx8fHw2NDB4NDgw.jpg"}]}}]}