{"total":"23408","result":[{"ad_id":"902204","reg_year":"2001","make":"Ford","model":"Mondeo","variant":"1.8 I Zetec","mileage":"105000","engine_size":"1.8","fuel_type":"Petrol","body_type":"Saloon","colour":"0000c0","location":"Kildare","price":"\u20ac 800","images":{"base_url":"http:\/\/i0.carsie.ie\/","image_list":[{"thumb":"MjFjODRlYWM5Njk5ZWNiMGYyZDcyYzFiZGI4YzE2YjVoMNWizI4hFTvaL1YsHY47OTAyMjA0LTc0MzAzMjAuanBnfHx8fHx8OTJ4Njl8fHx8fA==.jpg","main":"MTFiNjVlNjcwYTFlMDA1ZmU3MDMxYTQ4YzJlMmIwZmIqijApdxz6P7k-e5Kz--4POTAyMjA0LTc0MzAzMjAuanBnfHx8fHx8fHx8fHw0MDB4MzAw.jpg","large":"OWU2MzU2ZjFmYTQyMTQyYTY4NWVlOGY2ZDM5MjhlNDP3UtEKrzLK-NwEcdTvj0ExOTAyMjA0LTc0MzAzMjAuanBnfHx8fHx8fHx8fHw2NDB4NDgw.jpg"}]}},{"ad_id":"733131","reg_year":"1998","make":"Honda","model":"Accord","variant":"1.8 GSI-SWOP\/TRADE IN-110%-SWOP OR TRADE IN-EXCEPTIONAL","mileage":"98000","engine_size":"1.8","fuel_type":"Petrol","body_type":"Saloon","colour":"ff0000","location":"Dublin","price":"\u20ac 800","images":{"base_url":"http:\/\/i0.carsie.ie\/","image_list":[{"thumb":"MTBmM2JmMzQwNWVlNDA2NmFjYmFkMjk1MWU1ZWY4MjWOrKsW3RM6Y6onPA3xBZYoNzMzMTMxLTY4Nzg4MzguanBnfHx8fHx8OTJ4Njl8fHx8fA==.jpg","main":"OGM4MTU3NTg1OGEwMmYwYzZmZTFkNzVjMjBmOGYxZjA1A5I4__yUdGL-iqSev1lrNzMzMTMxLTY4Nzg4MzguanBnfHx8fHx8fHx8fHw0MDB4MzAw.jpg","large":"MjlhM2VmZmZkN2I5ZWJjOThlODM0ZDMxMTcyZTkzYWJd_GLfuMpkJ-mpi2JPctG2NzMzMTMxLTY4Nzg4MzguanBnfHx8fHx8fHx8fHw2NDB4NDgw.jpg"}]}},{"ad_id":"871642","reg_year":"1998","make":"Honda","model":"Accord","variant":"1.8 GSI UNBEATABLE AFFORTABLE RELIABLE HONDA ENGINEERING SALOON","mileage":"98000","engine_size":"1.8","fuel_type":"Petrol","body_type":"Saloon","colour":"ff0000","location":"Waterford","price":"\u20ac 800","images":{"base_url":"http:\/\/i0.carsie.ie\/","image_list":[{"thumb":"Y2UxMmVhNGQ4Mzc3MWE4MzYyZDVkNWEyOTk1ZDExZTgfWl4ohWDvVpjHFocjqqoOODcxNjQyLTcwMzg3MzQuanBnfHx8fHx8OTJ4Njl8fHx8fA==.jpg","main":"MWM1ZGRiNDcyOThlMjNmYzliNWQ1YmZlM2Q2OWZhMjIMwIlPRESrYx4AFZ-GQGhoODcxNjQyLTcwMzg3MzQuanBnfHx8fHx8fHx8fHw0MDB4MzAw.jpg","large":"Mzg2NGFmN2VlNTBiZDA1YmY3MDgzMTcxZGZkZWY2NmU6eNrX-EIOUVbiSYTa7usgODcxNjQyLTcwMzg3MzQuanBnfHx8fHx8fHx8fHw2NDB4NDgw.jpg"}]}},{"ad_id":"873906","reg_year":"1999","make":"Jeep","model":"Grand Cherokee","variant":null,"mileage":"85000","engine_size":"4.0","fuel_type":"Petrol","body_type":"Estate","colour":"990099","location":"Dublin","price":"\u20ac 800","images":{"base_url":"http:\/\/i0.carsie.ie\/","image_list":[{"thumb":"NjExNWUxNjk0Y2VjNmJhMTYyYTI2MjFmMzJkNzllY2ItCQ3H9arpcqAlKHVmtN7kODczOTA2LTcwNjI1NTAuanBnfHx8fHx8OTJ4Njl8fHx8fA==.jpg","main":"NDg1OTA1NDE5ZmI0N2EyNmUyNGFiNGQxNDI5MWE5ZjM140kSM9Z1Wm9tYQzi0DoAODczOTA2LTcwNjI1NTAuanBnfHx8fHx8fHx8fHw0MDB4MzAw.jpg","large":"N2NjMTA2OGUwYTQ0OTk0OWI3ZWZiMTYxYzZjNDM4MGNZMz5X5SVePIwMfraCNxo3ODczOTA2LTcwNjI1NTAuanBnfHx8fHx8fHx8fHw2NDB4NDgw.jpg"}]}},{"ad_id":"896164","reg_year":"1998","make":"Nissan","model":"Primera","variant":"1.6 SRI","mileage":"89947","engine_size":"1.6","fuel_type":"Petrol","body_type":"Hatchback","colour":"ff0000","location":"Offaly","price":"\u20ac 800","images":{"base_url":"http:\/\/i0.carsie.ie\/","image_list":[{"thumb":"NzJmOGJiNDcxNDM3ZGQ3ZTY2NDFjOTQ3NzQzMjBhYTTJJdmqst_qw9oc-RZP_DETODk2MTY0LTczMzA0MzYuanBnfHx8fHx8OTJ4Njl8fHx8fA==.jpg","main":"YjYyNzg3ZjFmNDY3Yjk2YmYyNGNkYzNhNzc3NmVlZjME7BwyCTDJDchkBMgHrqibODk2MTY0LTczMzA0MzYuanBnfHx8fHx8fHx8fHw0MDB4MzAw.jpg","large":"NzNlZWY0MjE5ZGU2MTMxZGQzZDA3M2Y3NjFmNzk4NDVxb3nBcG1CnKG0Cb_xRf0eODk2MTY0LTczMzA0MzYuanBnfHx8fHx8fHx8fHw2NDB4NDgw.jpg"}]}},{"ad_id":"897208","reg_year":"2000","make":"Pontiac","model":"Firebird","variant":null,"mileage":"74565","engine_size":"1.3","fuel_type":"Diesel","body_type":"SUV","colour":"e0e0e0","location":"Dublin","price":"\u20ac 800","images":{"base_url":"http:\/\/i0.carsie.ie\/","image_list":[{"thumb":"ODlhNzExNzg2MjJmMGE5NWM4NTMyM2FiZDMxMzc4OTmses-LJLvUWLADMotEPsoQODk3MjA4LTczNTIzMTkuanBnfHx8fHx8OTJ4Njl8fHx8fA==.jpg","main":"ZTQ4NmY5OWY1Nzc2MDYyNDk4NGIzZmQ0Y2NjZTY5Y2XCY_ZZI2oQZZYkmtStbgOEODk3MjA4LTczNTIzMTkuanBnfHx8fHx8fHx8fHw0MDB4MzAw.jpg","large":"NmNhNzZjNzU2NDU5ZDBkMWEyNzcxYzYyODNmODA3NTOZQnTkwLoCrjoBuaODvCraODk3MjA4LTczNTIzMTkuanBnfHx8fHx8fHx8fHw2NDB4NDgw.jpg"}]}},{"ad_id":"901841","reg_year":"2003","make":"Renault","model":"Laguna","variant":"11 Pres02 S\/S","mileage":"110000","engine_size":"1.8","fuel_type":"Petrol","body_type":"Estate","colour":"0000c0","location":"Dublin","price":"\u20ac 800","images":{"base_url":"http:\/\/i0.carsie.ie\/","image_list":[{"thumb":"ZDFhMWFjMjU0OWY4N2E3ZmZhYzg5ODYzMGIyOGEzNjU8jA6Vmrs7WoYmLPMiosPNOTAxODQxLTc0MjU1MzAuanBnfHx8fHx8OTJ4Njl8fHx8fA==.jpg","main":"MDE1OGQ5NzVhM2NjMzJiYzJlYzZiOGEwZTIwMGY2MGOye5slqHLFl5o-6ASj3lV5OTAxODQxLTc0MjU1MzAuanBnfHx8fHx8fHx8fHw0MDB4MzAw.jpg","large":"M2FiNDM3NjYyMGI4OGI5Y2FhMTRmMzI4YzVhNWQxYzDn7dLxLQEupvtprrEmNWlCOTAxODQxLTc0MjU1MzAuanBnfHx8fHx8fHx8fHw2NDB4NDgw.jpg"}]}},{"ad_id":"892122","reg_year":"2001","make":"Renault","model":"Laguna","variant":"11 1.6 Sport","mileage":"80000","engine_size":"1.6","fuel_type":"Petrol","body_type":"Hatchback","colour":"858585","location":"Leitrim","price":"\u20ac 800","images":{"base_url":"http:\/\/i0.carsie.ie\/","image_list":[{"thumb":"MzE4MmVlNDA0NzQ0N2I0YjQ3NWZkNGExODRlMmUwZjYUvP3hO2VIUIdF-t2PYJ5zODkyMTIyLTcyNjk2NDQuanBnfHx8fHx8OTJ4Njl8fHx8fA==.jpg","main":"MThiZWZjMjE1OTMzZDI0YjYzNzU5YzcwM2ZkODA5YTbHSBk8DxE2BAzwBV_4UG8SODkyMTIyLTcyNjk2NDQuanBnfHx8fHx8fHx8fHw0MDB4MzAw.jpg","large":"ZTA5NjdiNjExNmU4YzI2ZjAyNjYyNjk2ZmI3MzhlYjaKOnpURMA-5qsu4JU-9OmaODkyMTIyLTcyNjk2NDQuanBnfHx8fHx8fHx8fHw2NDB4NDgw.jpg"}]}},{"ad_id":"871641","reg_year":"1998","make":"Rover","model":"618","variant":"618i-ALL HONDA ENGINEERING-PERFECT CAR-SWOP POSSIBLE","mileage":"98000","engine_size":"1.8","fuel_type":"Petrol","body_type":"Saloon","colour":"ff0000","location":"Waterford","price":"\u20ac 800","images":{"base_url":"http:\/\/i0.carsie.ie\/","image_list":[{"thumb":"ZjYzMzdmNDVlOTJmMTgyZDFmNGVjYTVjNTI3OThmZDPXnRRv4tE9AWxTkfSK3P-OODcxNjQxLTcwMzg3MjYuanBnfHx8fHx8OTJ4Njl8fHx8fA==.jpg","main":"Y2YzYzEwOTlmNjQwZDllN2QzYWU0MDdkMmY0ODYyYzHf0lXjdIu-yMgzbROC_ou8ODcxNjQxLTcwMzg3MjYuanBnfHx8fHx8fHx8fHw0MDB4MzAw.jpg","large":"MDgyODAyNmZiNTRjOWFmYTk3ZGMwMWQ3MmU3OTBlODfKscjbuAEKpUNG-sdP-OiDODcxNjQxLTcwMzg3MjYuanBnfHx8fHx8fHx8fHw2NDB4NDgw.jpg"}]}},{"ad_id":"890123","reg_year":"2000","make":"Saab","model":"9-3","variant":"2.2 TID","mileage":"207000","engine_size":"2.2","fuel_type":"Diesel","body_type":"Hatchback","colour":"ff0000","location":"Kildare","price":"\u20ac 800","images":{"base_url":"http:\/\/i0.carsie.ie\/","image_list":[{"thumb":"NmUwOWMxZGRhNjhjNmU0N2NlOTAxZTY2NDQzNmEzMDXUBh-bdzTEIz05Pk3oL7UXODkwMTIzLTcyNjM5NDYuanBnfHx8fHx8OTJ4Njl8fHx8fA==.jpg","main":"ZTE4NGI1MzFjZDVkMDZmODJmNWNkMDY4Y2Q4Y2NkNDMuaPjXwF2tm9hSb0oeIYXfODkwMTIzLTcyNjM5NDYuanBnfHx8fHx8fHx8fHw0MDB4MzAw.jpg","large":"MjU3NDNlYWQyODZmNmE2MGY4MWRmYTg1MjhmYzI2NGQKNQ5WQBRvpya41Zkod8sXODkwMTIzLTcyNjM5NDYuanBnfHx8fHx8fHx8fHw2NDB4NDgw.jpg"}]}},{"ad_id":"897174","reg_year":"1998","make":"Volkswagen","model":"Golf","variant":"1.4","mileage":"99000","engine_size":"1.4","fuel_type":"Petrol","body_type":"Hatchback","colour":"e0e0e0","location":"Limerick","price":"\u20ac 830","images":{"base_url":"http:\/\/i0.carsie.ie\/","image_list":[{"thumb":"MDYwMTQ2OWZkYThmZDc5Yzg1MzMwYWMxNjA1YWRlMmNItdBg8fPZHOPCBBMvxKSAODk3MTc0LTczNTE4ODkuanBnfHx8fHx8OTJ4Njl8fHx8fA==.jpg","main":"Y2Y1NzYzMGRhZWE2NDA5YjkzNTIwNWUxNzQ2MzMzYzf0xK84Ogmxg5H02g1yV7njODk3MTc0LTczNTE4ODkuanBnfHx8fHx8fHx8fHw0MDB4MzAw.jpg","large":"M2VlMWRiZGE1YzUwZDAyOTMzZjZiMjE1ODIxNDA4NjOEh_-S89CrPCZDyFUg0kDnODk3MTc0LTczNTE4ODkuanBnfHx8fHx8fHx8fHw2NDB4NDgw.jpg"}]}},{"ad_id":"895404","reg_year":"1999","make":"Citroen","model":"Xantia","variant":"1.8 16V","mileage":"88970","engine_size":"1.8","fuel_type":"Petrol","body_type":"Hatchback","colour":"858585","location":"Dublin","price":"\u20ac 850","images":{"base_url":"http:\/\/i0.carsie.ie\/","image_list":[{"thumb":"ZmVkMzM0NmI5Y2M3MWE1Nzc2OTI4MmZmZDg1ODRlMTGur_tlpkOYNO-vaCq_nSTIODk1NDA0LTczMjM4NjUuanBnfHx8fHx8OTJ4Njl8fHx8fA==.jpg","main":"Mzc5MTVmZjQyMWM0NzQ5YjVjNjQ1YTc1MjA5ZWNmNjUWb1fkQFiMZhgC75u3lXgpODk1NDA0LTczMjM4NjUuanBnfHx8fHx8fHx8fHw0MDB4MzAw.jpg","large":"YzYyZTlkNWFjN2I0Y2RhZjJhMDkyZDExNWM2ZWZmMWIGGooGIeqW7Qmn686qqmsqODk1NDA0LTczMjM4NjUuanBnfHx8fHx8fHx8fHw2NDB4NDgw.jpg"}]}},{"ad_id":"895962","reg_year":"2001","make":"Fiat","model":"Punto","variant":"1.2 ELX","mileage":"73100","engine_size":"1.2","fuel_type":"Petrol","body_type":"Hatchback","colour":"0000c0","location":"Dublin","price":"\u20ac 850","images":{"base_url":"http:\/\/i0.carsie.ie\/","image_list":[{"thumb":"MzhiZGIwYjI2OTU3NmY2YmM1NGFmMDI3YWNhOWY0ZmQUEvdrVoxK0AFkRnWRuRzTODk1OTYyLTczMjg2MDEuanBnfHx8fHx8OTJ4Njl8fHx8fA==.jpg","main":"YWY5N2YxYWRmY2E2NTFhZDUzYWRmNTFlYTgwMTA2MDOWRdMd5wC_7yk5WS6rMCUcODk1OTYyLTczMjg2MDEuanBnfHx8fHx8fHx8fHw0MDB4MzAw.jpg","large":"NzIxYTMzZmUyOTQ1NjBjMjE0YTYyNjUxZDgwNGI4YTduKpRkgYvZ7QZdFThoYCDvODk1OTYyLTczMjg2MDEuanBnfHx8fHx8fHx8fHw2NDB4NDgw.jpg"}]}},{"ad_id":"895985","reg_year":"2001","make":"Fiat","model":"Punto","variant":"1.2 ELX","mileage":"73100","engine_size":"1.2","fuel_type":"Petrol","body_type":"Hatchback","colour":"0000c0","location":"Dublin","price":"\u20ac 850","images":{"base_url":"http:\/\/i0.carsie.ie\/","image_list":[{"thumb":"ZmVhMWVlZjQ4NWU0M2MwMzk2YmUxN2YxMmJhNzE5ZDfXXWq2weWVtGZTWRGNZ3uTODk1OTg1LTczMjg2NDkuanBnfHx8fHx8OTJ4Njl8fHx8fA==.jpg","main":"ZTNkMjMyN2U1YjEzMDRlMzU4YWFkODMzM2EyMzhkODjHHpWkzZvQss_Uyg9lzMbdODk1OTg1LTczMjg2NDkuanBnfHx8fHx8fHx8fHw0MDB4MzAw.jpg","large":"ZTBlMjAxNmRjM2E0ZjQ1NWU3YTE2MGYwZjBhMWRkYjRm_ePlFL61s2j4DtZxjuKPODk1OTg1LTczMjg2NDkuanBnfHx8fHx8fHx8fHw2NDB4NDgw.jpg"}]}},{"ad_id":"897733","reg_year":"2000","make":"Hyundai","model":"Lantra","variant":"Coupe 1.6 FX EV","mileage":"134000","engine_size":"1.6","fuel_type":"Petrol","body_type":"Coupe","colour":"e0e0e0","location":"Dublin","price":"\u20ac 850","images":{"base_url":"http:\/\/i0.carsie.ie\/","image_list":[{"thumb":"OWZiOTgwYzE4OTZkZGJhZjk4NjNkZDg5YTM1MDIwNzjLPn2SK9_hn7RZW4CSIpaAODk3NzMzLTczNTc0MjEuanBnfHx8fHx8OTJ4Njl8fHx8fA==.jpg","main":"NzAxZDA0OGUyNzJjZWI5YmY0MmY2ODA1NzU2OGY0MmOPYb13nf3ECgdyOmFhgaoTODk3NzMzLTczNTc0MjEuanBnfHx8fHx8fHx8fHw0MDB4MzAw.jpg","large":"NDdkY2I1ZWM0ZWZkODBjZDQ0NzRhZTkwNTM2NTMwZWIlaqP_VTNFxltyTAImhMZTODk3NzMzLTczNTc0MjEuanBnfHx8fHx8fHx8fHw2NDB4NDgw.jpg"}]}},{"ad_id":"712957","reg_year":"1996","make":"Mercedes-Benz","model":"E 230","variant":"Automatic","mileage":"127000","engine_size":"2.3","fuel_type":"Petrol","body_type":"Saloon","colour":"0000c0","location":"Dublin","price":"\u20ac 850","images":{"base_url":"http:\/\/i0.carsie.ie\/","image_list":[{"thumb":"ZDUwNWM2OTI2MzRiMWFhNjQzMmI0MzU1NTkyNGZhNDXeOSICqzdBy9kfOyRmL11ONzEyOTU3LTUwNzAwODUuanBnfHx8fHx8OTJ4Njl8fHx8fA==.jpg","main":"MzBmZjA3NzIyYTI3ZmYyOGZjNGZkMzY4NmFlMjQ5YzTxLHSDwEG2ixnLev99C1dyNzEyOTU3LTUwNzAwODUuanBnfHx8fHx8fHx8fHw0MDB4MzAw.jpg","large":"Y2FjYzI1ZDhjZjE5NjI4NGQ3MmVkNWM2OGFiZGNmNjC67fLAqVSP112hXLXKryxJNzEyOTU3LTUwNzAwODUuanBnfHx8fHx8fHx8fHw2NDB4NDgw.jpg"}]}},{"ad_id":"889087","reg_year":"1996","make":"Renault","model":"Clio","variant":"3 1.2 RN","mileage":"105600","engine_size":"1.2","fuel_type":"Petrol","body_type":"Hatchback","colour":"008000","location":"Cork","price":"\u20ac 850","images":{"base_url":"http:\/\/i0.carsie.ie\/","image_list":[{"thumb":"NWUyNGYwZThiODQ4YjdjNzJkOTFhZDlmZGE5NmFhMzLSQZpA9y51EJH6qHPAJsTFODg5MDg3LTczMDk5MjIuanBnfHx8fHx8OTJ4Njl8fHx8fA==.jpg","main":"ZjUyOWU0ZjJjZmVkYmQ1MmM1NTgyYmFkZWRkY2M0YWSGR07aZdlycgmFG98_xyw9ODg5MDg3LTczMDk5MjIuanBnfHx8fHx8fHx8fHw0MDB4MzAw.jpg","large":"ZTA1OTk1OWUyYmFlMDg0N2MwZTZiYzFhZDgzNDkyZjPTaaqhw39TB-FppSFx2NwrODg5MDg3LTczMDk5MjIuanBnfHx8fHx8fHx8fHw2NDB4NDgw.jpg"}]}},{"ad_id":"899463","reg_year":"2001","make":"Renault","model":"Megane","variant":"1.4 16V","mileage":"130000","engine_size":"1.4","fuel_type":"Petrol","body_type":"Coupe","colour":"ff0000","location":"Cork","price":"\u20ac 850","images":{"base_url":"http:\/\/i0.carsie.ie\/","image_list":[{"thumb":"MzQ3ZmZlZmE0YzYxMTQ1NmIwZWU2YWI1MDE0MTAyNjOO4SWmUW4gUvB9y3EZI67pODk5NDYzLTczNzg2NjcuanBnfHx8fHx8OTJ4Njl8fHx8fA==.jpg","main":"Nzc4Yzg1YThjOWZkOGIxMWIyYTQ0OWRlZDU4NTFhYWGCRDf0TOmYE0QVkSwJeLtLODk5NDYzLTczNzg2NjcuanBnfHx8fHx8fHx8fHw0MDB4MzAw.jpg","large":"NGRhZWY2MzEwNDUzYzgxNDI4MmE1MDI4OGNmMzYyZjKTqY4WWf9_fkhfamt-Fpk2ODk5NDYzLTczNzg2NjcuanBnfHx8fHx8fHx8fHw2NDB4NDgw.jpg"}]}},{"ad_id":"858361","reg_year":"2003","make":"Rover","model":"25","variant":"1.4 IL 3 DR 03MY","mileage":"85000","engine_size":"1.4","fuel_type":"Petrol","body_type":"Hatchback","colour":"0000c0","location":"Dublin","price":"\u20ac 850","images":{"base_url":"http:\/\/i0.carsie.ie\/","image_list":[{"thumb":"NmE1OGNiNTMyMWNlNzVlM2YxYmJiMTIzODVhOTUwNmU1KZLRMB2BlTJ6RoSx9SZNODU4MzYxLTcxOTM4MzkuanBnfHx8fHx8OTJ4Njl8fHx8fA==.jpg","main":"NGM5MjY3ZjYwNWJlNzRiYjdlM2UyYTY1ODlhMjcxODBcMxwXU7dqToLeLdGfe3bTODU4MzYxLTcxOTM4MzkuanBnfHx8fHx8fHx8fHw0MDB4MzAw.jpg","large":"MmY4MGZiNzA1OTZiMTcyMTllZmU5ZjY2ODg5ODE4NDMdgYakGWYgZzw07W8LImghODU4MzYxLTcxOTM4MzkuanBnfHx8fHx8fHx8fHw2NDB4NDgw.jpg"}]}},{"ad_id":"785735","reg_year":"1998","make":"Toyota","model":"Starlet","variant":null,"mileage":"78500","engine_size":"1.3","fuel_type":"Petrol","body_type":"Hatchback","colour":"14d900","location":"Dublin","price":"\u20ac 850","images":{"base_url":"http:\/\/i0.carsie.ie\/","image_list":[{"thumb":"ZTg3MDgwZTQ0YjdiNWUwNmJhZDg5ZjU1NTA2MWIzNjlU89xWSkKRA4-rfCEcQwCvNzg1NzM1LTYwMjgyOTUuanBnfHx8fHx8OTJ4Njl8fHx8fA==.jpg","main":"ZmY1ZTlhZmRhOTMwZWNmNWVhZWFkNmRiNTI2N2FjZWO13TqVsgVsTVfM8GdbguNzNzg1NzM1LTYwMjgyOTUuanBnfHx8fHx8fHx8fHw0MDB4MzAw.jpg","large":"ZjA0MWU3MDQxODg1N2Q1MGZkNjdlZDMzMzI5NGFiNWTltkFLLS5kD_gjfee1wbHJNzg1NzM1LTYwMjgyOTUuanBnfHx8fHx8fHx8fHw2NDB4NDgw.jpg"}]}}]}