{"total":"23408","result":[{"ad_id":"900655","reg_year":"2005","make":"Ford","model":"Focus","variant":"1.6 tdci van","mileage":"84567","engine_size":"1.6","fuel_type":"Diesel","body_type":"Van","colour":"ff0000","location":"Clare","price":"\u20ac 4,500","images":{"base_url":"http:\/\/i0.carsie.ie\/","image_list":[{"thumb":"YmMxZmQ5YWJmY2Q4NWY2MmViOTUzODA3MDk1ZGEyMGX5vpXrd5tQDnA4H7G-StP4OTAwNjU1LS5qcGd8fHx8fHw5Mng2OXx8fHx8.jpg","main":"YzkzZjNlNGFjNGVhOTlmZWFlZWJhZDc4OWUxNDE2M2L5K0J_HACyuu5wyTwbQTwnOTAwNjU1LS5qcGd8fHx8fHx8fHx8fDQwMHgzMDA=.jpg","large":"YTM3OTY4MzQzZDJkMjA5ODhiNGVhNzUzNWM5M2EwZWGg5PXxjWMW27jlmfzsjX0FOTAwNjU1LS5qcGd8fHx8fHx8fHx8fDY0MHg0ODA=.jpg"}]}},{"ad_id":"893691","reg_year":"2005","make":"Ford","model":"Focus","variant":"NT 1.6 LX 4DR Auto","mileage":"96936","engine_size":"1.6","fuel_type":"Petrol","body_type":"Saloon","colour":"0000c0","location":"Cork","price":"\u20ac 4,500","images":{"base_url":"http:\/\/i0.carsie.ie\/","image_list":[{"thumb":"NTg3MzMzNTgxNzY3M2E1ZGRhNDJiMGI2OTNlNzMwZWFSax_2ghQmm58Q2BWY1PucODkzNjkxLTczMTA2NzguanBnfHx8fHx8OTJ4Njl8fHx8fA==.jpg","main":"NDFiMzJmODk2NmI0Yzk1OTc5ZTM4NjNhYjZjMzcxZWTj49G9B-zbHOVgNvoHn8eQODkzNjkxLTczMTA2NzguanBnfHx8fHx8fHx8fHw0MDB4MzAw.jpg","large":"YTUyMjA1MTkxYzQxOGQyM2U4ZjY4ZDI2OTBhMGViODh01qYcpSYQpqhHEkZlAhXhODkzNjkxLTczMTA2NzguanBnfHx8fHx8fHx8fHw2NDB4NDgw.jpg"}]}},{"ad_id":"900296","reg_year":"2004","make":"Ford","model":"Focus","variant":"LX 5DR","mileage":"50572","engine_size":"1.4","fuel_type":"Petrol","body_type":null,"colour":"ff0000","location":"Dublin","price":"\u20ac 4,500","images":{"base_url":"http:\/\/i0.carsie.ie\/","image_list":[{"thumb":"OWJlZmFlZTEyN2YwOTUxZDVkNmZjMjRiMTUwYjE4MzKmI5Zx1yHWQzCcun4WAxJXOTAwMjk2LTc0MDEzMjkuanBnfHx8fHx8OTJ4Njl8fHx8fA==.jpg","main":"MmNkNTk2YzMzM2VmMzRkNWM0ODFmYzYwNTg4OTU0ZTi9OMaoOqoaCBTFSYcgSmB6OTAwMjk2LTc0MDEzMjkuanBnfHx8fHx8fHx8fHw0MDB4MzAw.jpg","large":"ODJlM2Q4OWEyOTUyYTM0YzJjODdmNmI5ZmI1MjJjMGWZcQjLciNBMumaU3it_M5gOTAwMjk2LTc0MDEzMjkuanBnfHx8fHx8fHx8fHw2NDB4NDgw.jpg"}]}},{"ad_id":"583772","reg_year":"2006","make":"Ford","model":"Focus","variant":"1.6 4 Door NCT 1\/14","mileage":"97000","engine_size":"1.6","fuel_type":"Petrol","body_type":"Saloon","colour":"000000","location":"Leitrim","price":"\u20ac 4,500","images":{"base_url":"http:\/\/i0.carsie.ie\/","image_list":[{"thumb":"MGNkMDI4MGJjMWQ0OTYzY2U4ZTVhODg5NDBlZWViY2UNaS_MxR3-Qo082c-2VFctNTgzNzcyLTYxODM5MDIuanBnfHx8fHx8OTJ4Njl8fHx8fA==.jpg","main":"ZmE1ZWM1OTM1OTEwMTJkMGIxMWI2MmQ5MzMxN2RiM2JQqm_LLovCAr2G7QxokwNvNTgzNzcyLTYxODM5MDIuanBnfHx8fHx8fHx8fHw0MDB4MzAw.jpg","large":"N2QyYjZlZjRkZjMwMzQxZmE2ZGQ3NzgxM2IxYTIxZGZO7QI4k8J8OWsXuxyJPh7yNTgzNzcyLTYxODM5MDIuanBnfHx8fHx8fHx8fHw2NDB4NDgw.jpg"}]}},{"ad_id":"892455","reg_year":"2004","make":"Ford","model":"Focus","variant":"LX 5DR","mileage":"65853","engine_size":"1.4","fuel_type":"Petrol","body_type":"Hatchback","colour":"ff0000","location":"Louth","price":"\u20ac 4,500","images":{"base_url":"http:\/\/i0.carsie.ie\/","image_list":[{"thumb":"NjJhZmU1MzJjNzBkNWRkOTFjMGFlNDk0MTBkNmU5ZDYmY2rnSI_NqR3sOx1M73qIODkyNDU1LTcyNzM0NzkuanBnfHx8fHx8OTJ4Njl8fHx8fA==.jpg","main":"NTQxYmE5NzJmN2ZkMTgyMGVlMzUyZjI1MTI4Y2Y0MWPFGRXWjDavJnakvIf0mUI2ODkyNDU1LTcyNzM0NzkuanBnfHx8fHx8fHx8fHw0MDB4MzAw.jpg","large":"ZWVmNjZmNDk3MThhZDMxNTE3OTQ5MTYzZGMwMzdiMzc6D1Dzm85beHXxBjCdxjP5ODkyNDU1LTcyNzM0NzkuanBnfHx8fHx8fHx8fHw2NDB4NDgw.jpg"}]}},{"ad_id":"882647","reg_year":"2005","make":"Ford","model":"Focus","variant":"1.8 Tdci","mileage":"91000","engine_size":"1.8","fuel_type":"Petrol","body_type":"Hatchback","colour":"0000c0","location":"Wexford","price":"\u20ac 4,500","images":{"base_url":"http:\/\/i0.carsie.ie\/","image_list":[{"thumb":"NWFkYzhjOTQ4ZjEyYWRkN2Y5ZWVmYjVlM2Y4M2ZiNTJ9aXUq_wURWYZoMFLIh2gQODgyNjQ3LTcxNzk1MjIuanBnfHx8fHx8OTJ4Njl8fHx8fA==.jpg","main":"YmM0M2YzOGQ1NTkwY2VjN2QwYTZhNzZkYjBjZWMwMmZ3uqTRhb66YydeXmcDtr84ODgyNjQ3LTcxNzk1MjIuanBnfHx8fHx8fHx8fHw0MDB4MzAw.jpg","large":"ZjU5YTA0ZjdkNjQ3OTVhZDY3MDg0M2FmNmNiYzkyYjUcNGjX4VUFx-uW1cFMIHTMODgyNjQ3LTcxNzk1MjIuanBnfHx8fHx8fHx8fHw2NDB4NDgw.jpg"}]}},{"ad_id":"899407","reg_year":"2006","make":"Ford","model":"Mondeo","variant":"LX Steel 1.8 5DR","mileage":"80780","engine_size":"1.8","fuel_type":"Petrol","body_type":"Hatchback","colour":"e0e0e0","location":"Dublin","price":"\u20ac 4,500","images":{"base_url":"http:\/\/i0.carsie.ie\/","image_list":[{"thumb":"YzU0MzQ1NjgzNTJjNGFlMjc4ZWM1NGQ4ODJhZmYwZTSMfPvmZiXsX5rorq9UVw3FODk5NDA3LTc0MjY4NzUuanBnfHx8fHx8OTJ4Njl8fHx8fA==.jpg","main":"N2U1OTZjOWNiYjlhZTFhZDA5ZjZjMWYzMmYxODRkNjE_3tR5bwBXSuhxewBgOPHHODk5NDA3LTc0MjY4NzUuanBnfHx8fHx8fHx8fHw0MDB4MzAw.jpg","large":"NGRiN2YyNmYxY2Y0NGE5MTBjZGUzY2QxNmZhMTY3OWabGp5f3znL0DHSzEN_SnnLODk5NDA3LTc0MjY4NzUuanBnfHx8fHx8fHx8fHw2NDB4NDgw.jpg"}]}},{"ad_id":"901205","reg_year":"2006","make":"Ford","model":"Mondeo","variant":"1YEAR_WARRANTY","mileage":"133200","engine_size":"2.0","fuel_type":"Diesel","body_type":"Hatchback","colour":"f0d2a0","location":"Dublin","price":"\u20ac 4,500","images":{"base_url":"http:\/\/i0.carsie.ie\/","image_list":[{"thumb":"N2EyZTRmYjQ3MTNlNTcxYmE4N2M5MDBjNjUwZGVlMjE3aYfGkkxD7jjxkeYSrrHxOTAxMjA1LTc0MTcyOTYuanBnfHx8fHx8OTJ4Njl8fHx8fA==.jpg","main":"MjZhZTI4ZmIyZmRiOTJmYTAyNTEyOGFmNjllNDI4YTBApahVRt9xm1tt8oNJCXqkOTAxMjA1LTc0MTcyOTYuanBnfHx8fHx8fHx8fHw0MDB4MzAw.jpg","large":"NzI2MDUwMmMxOTk4MDNjZmUwOTRkYWNkOWU0OGExYWbpWopRbxP4vxYIwTGJ8IUPOTAxMjA1LTc0MTcyOTYuanBnfHx8fHx8fHx8fHw2NDB4NDgw.jpg"}]}},{"ad_id":"898086","reg_year":"2007","make":"Ford","model":"Transit","variant":"T280S FWD 85 5DR","mileage":"136000","engine_size":"2.2","fuel_type":"Diesel","body_type":"Van","colour":"ffffff","location":"Meath","price":"\u20ac 4,500","images":{"base_url":"http:\/\/i0.carsie.ie\/","image_list":[{"thumb":"ZGFhYTJhNGE3ZWVjZmQ3ZWYyYTEwYTdlODlhYTMxZDaocqdntl4fhjB9Cq5SB0CuODk4MDg2LTczNjA5MDMuanBnfHx8fHx8OTJ4Njl8fHx8fA==.jpg","main":"ZTJmYTIzMWEzMDViMWNiYTIzMmVhZDVlOWY2MjNhYjQA3JcLmewisqkkcS5B5GLPODk4MDg2LTczNjA5MDMuanBnfHx8fHx8fHx8fHw0MDB4MzAw.jpg","large":"N2M5NWFkNjI0YWJmNTEwYzJhZDNlNmM4NzhmMmEwYzRXziPIjoYWhrWlN9gebPgQODk4MDg2LTczNjA5MDMuanBnfHx8fHx8fHx8fHw2NDB4NDgw.jpg"}]}},{"ad_id":"888081","reg_year":"2004","make":"Honda","model":"Accord","variant":"accord accord 2.0 sr 04dr","mileage":"113617","engine_size":"2.0","fuel_type":"Petrol","body_type":"Saloon","colour":"e0e0e0","location":"Longford","price":"\u20ac 4,500","images":{"base_url":"http:\/\/i0.carsie.ie\/","image_list":[{"thumb":"ZjM4ZDgzZGNhMzIzMGM2Mzc5Y2VhYTY1ZDgxYmMyYjJP41cx0HCuRCz07M1FHOpKODg4MDgxLTcyMzIzNTAuanBnfHx8fHx8OTJ4Njl8fHx8fA==.jpg","main":"OWY1OGMwM2I4NzEyZDAyZGRhMGUxNGQwYzNjMWFiMTigMKf6VCHTTFMtxZulo9ScODg4MDgxLTcyMzIzNTAuanBnfHx8fHx8fHx8fHw0MDB4MzAw.jpg","large":"ODE1NjRiNGVlMGQ5N2QyYjEzZDExYTY1MDc4YWUwY2SONr2BikXmTZmXi-ii5o9gODg4MDgxLTcyMzIzNTAuanBnfHx8fHx8fHx8fHw2NDB4NDgw.jpg"}]}},{"ad_id":"884050","reg_year":"2004","make":"Honda","model":"Civic","variant":null,"mileage":"102874","engine_size":"1.4","fuel_type":"Petrol","body_type":null,"colour":"0000c0","location":"Galway","price":"\u20ac 4,500","images":{"base_url":"http:\/\/i0.carsie.ie\/","image_list":[{"thumb":"OGQ5ZThiZTVlYmI1NDA1YzNiOWQzNzEyODE4NGZhZTJOcQ2QiMtiVQODwjIKhloyODg0MDUwLTcxOTEyMzguanBnfHx8fHx8OTJ4Njl8fHx8fA==.jpg","main":"YTRjZWI2ZjNmNzFjN2E2ZmVlMTBiOGM3OTg1MjRlMDZuuXXJNKmRXbu4H5c4S94-ODg0MDUwLTcxOTEyMzguanBnfHx8fHx8fHx8fHw0MDB4MzAw.jpg","large":"NzU0NzE4MjI3YjcxYTY3MTY4MmVlNDRlYjE2OGViNGGGQYXEJQIT6k4RvPXyDmXPODg0MDUwLTcxOTEyMzguanBnfHx8fHx8fHx8fHw2NDB4NDgw.jpg"}]}},{"ad_id":"884930","reg_year":"2007","make":"Hyundai","model":"Accent","variant":"Sport 3DR","mileage":"70000","engine_size":"1.4","fuel_type":"Petrol","body_type":"Hatchback","colour":"e0e0e0","location":"Dublin","price":"\u20ac 4,500","images":{"base_url":"http:\/\/i0.carsie.ie\/","image_list":[{"thumb":"NWU3N2Q3M2M5ZmZkY2IyNDVlODMyZTlmMGRkYjMxNWS4DEjngC8wiTHAMPqt6C2QODg0OTMwLTcyMjgyNTAuanBnfHx8fHx8OTJ4Njl8fHx8fA==.jpg","main":"ZTQ1NWJlZTUxMWQyYWYyZjRkMTg3ZDg2NWE1MmYxNTImXBwR6Jh4ZVUFBp32bJJQODg0OTMwLTcyMjgyNTAuanBnfHx8fHx8fHx8fHw0MDB4MzAw.jpg","large":"NzUyNjJlMjkwMzRmMGJjYjYxZmY4OTkzNjg3YWFlZji21uU8Ja-IcMU5Q8gpC4D6ODg0OTMwLTcyMjgyNTAuanBnfHx8fHx8fHx8fHw2NDB4NDgw.jpg"}]}},{"ad_id":"899810","reg_year":"2007","make":"Hyundai","model":"Atoz","variant":"Prime GLS 1.0","mileage":"83887","engine_size":"1.1","fuel_type":"Petrol","body_type":"Hatchback","colour":"000000","location":"Limerick","price":"\u20ac 4,500","images":{"base_url":"http:\/\/i0.carsie.ie\/","image_list":[{"thumb":"ZWRjZGQ2N2EzNzU2YWRlOGUwYjNlMGM2YWQ5MmU4MWENefXoUhynhllz6zkjqKTvODk5ODEwLTczODE5ODEuanBnfHx8fHx8OTJ4Njl8fHx8fA==.jpg","main":"ZmI3NjRmNzE5OTI5YmE1NGMxYzIwYTVlZWMxOTE0M2QDsCQF72WbG91gAohx7VzZODk5ODEwLTczODE5ODEuanBnfHx8fHx8fHx8fHw0MDB4MzAw.jpg","large":"OWMyZDViNzkyMWIwNmM3ZmVkOTEyNTkzMjQwOGVmNTSqA-qBVfjoh4Klky_2RswQODk5ODEwLTczODE5ODEuanBnfHx8fHx8fHx8fHw2NDB4NDgw.jpg"}]}},{"ad_id":"898436","reg_year":"2005","make":"Hyundai","model":"Coupe","variant":"Coupe 1.6 2DR","mileage":"38284","engine_size":"1.6","fuel_type":"Petrol","body_type":"Coupe","colour":"0000c0","location":"Dublin","price":"\u20ac 4,500","images":{"base_url":"http:\/\/i0.carsie.ie\/","image_list":[{"thumb":"NWEzZmQwZWViYmExZmUzZWRkMWZjZDdlMmUyZTYwMWZtql1hTpHUtqkNzeMhuoGDODk4NDM2LTczNjU1NTMuanBnfHx8fHx8OTJ4Njl8fHx8fA==.jpg","main":"MTZlYTU3MDIxODdiYjQ0Nzg5MDJjZGZjNjM3NGQxZDE-oVySCCB5iwkJw_VQj3GCODk4NDM2LTczNjU1NTMuanBnfHx8fHx8fHx8fHw0MDB4MzAw.jpg","large":"ZjRmM2VlMmIyY2ZhZDYxMjFjN2Y1ZGM5M2I3YzQyMzMhKO4CIByPB8dt656mWmfDODk4NDM2LTczNjU1NTMuanBnfHx8fHx8fHx8fHw2NDB4NDgw.jpg"}]}},{"ad_id":"887468","reg_year":"2005","make":"Hyundai","model":"Getz","variant":"","mileage":"21726","engine_size":"1.1","fuel_type":"Petrol","body_type":"Hatchback","colour":"000000","location":"Cork","price":"\u20ac 4,500","images":{"base_url":"http:\/\/i0.carsie.ie\/","image_list":[{"thumb":"NjZkNjgzODExMDdmZDhkZmRlNzJkNGUxNzE1ZDNhNGNZYFEvJJnfYGrh6Il3dVryODg3NDY4LTcyMjU0NTcuanBnfHx8fHx8OTJ4Njl8fHx8fA==.jpg","main":"ODQxYzA1MTY4MDUwMzU1OTk3ODIwNWRmMGU0MzFhZWSOLx3mcyStSIgDerqoBOvJODg3NDY4LTcyMjU0NTcuanBnfHx8fHx8fHx8fHw0MDB4MzAw.jpg","large":"MTllNDYyMzUzY2Y2MjcwY2U5M2FjY2FkMDg3ZDk4NjZ77IM1WlUNVTMYvXzt-EHDODg3NDY4LTcyMjU0NTcuanBnfHx8fHx8fHx8fHw2NDB4NDgw.jpg"}]}},{"ad_id":"867130","reg_year":"2008","make":"Hyundai","model":"Getz","variant":"1.1 GSI 3DR LOW MILEAGE","mileage":"38000","engine_size":"1.1","fuel_type":"Petrol","body_type":"Hatchback","colour":"b9cdfb","location":"Dublin","price":"\u20ac 4,500","images":{"base_url":"http:\/\/i0.carsie.ie\/","image_list":[{"thumb":"YjNkYTQwN2ZiYTAwNDYyZGE3ZTgwMTAxN2I4OWUwMzLf87G9xI4Jv-rcdHcldg5AODY3MTMwLTY5ODUyODIuanBnfHx8fHx8OTJ4Njl8fHx8fA==.jpg","main":"YzI4MjMxMDQxYTZkN2JkNTRiODZlOTA0ZGYyZWRhODkyU_h5QI1iwbl8cAEKPATMODY3MTMwLTY5ODUyODIuanBnfHx8fHx8fHx8fHw0MDB4MzAw.jpg","large":"ZDkxYzA4YjZjMGJiNTM0M2I3N2EwNGI2ZmVjZWU2YjlYdxLl2_vYrpOQYlfI4Y5MODY3MTMwLTY5ODUyODIuanBnfHx8fHx8fHx8fHw2NDB4NDgw.jpg"}]}},{"ad_id":"823453","reg_year":"2005","make":"Hyundai","model":"Santa Fe","variant":"santa fe 2.0 PETROL","mileage":"116196","engine_size":"2.0","fuel_type":"Petrol","body_type":"Estate","colour":"0000c0","location":"Cork","price":"\u20ac 4,500","images":{"base_url":"http:\/\/i0.carsie.ie\/","image_list":[{"thumb":"MjBlMTE3OTRiYmFlNTEwYTJjNDMyNGIyYTljYTNlODGw7lbDvbR8kUByHAPjRWO4ODIzNDUzLTc0MDUyNzcuanBnfHx8fHx8OTJ4Njl8fHx8fA==.jpg","main":"MjZlMDAzZWRjNGQ4MWY5NzY5YjFmZGY2ZWVjMTUyZjj-QMA7yB23Lmb4oFEs4IDEODIzNDUzLTc0MDUyNzcuanBnfHx8fHx8fHx8fHw0MDB4MzAw.jpg","large":"NzM1OTMzMjJjZjNkNmExMjJjNzgzMDRmYTZhMzEyZWLORQGgsb7wm5CuS28zHIRqODIzNDUzLTc0MDUyNzcuanBnfHx8fHx8fHx8fHw2NDB4NDgw.jpg"}]}},{"ad_id":"898691","reg_year":"2003","make":"Hyundai","model":"Santa Fe","variant":"4WD","mileage":"154000","engine_size":"2.0","fuel_type":"Diesel","body_type":"Estate","colour":"e0e0e0","location":"Cork","price":"\u20ac 4,500","images":{"base_url":"http:\/\/i0.carsie.ie\/","image_list":[{"thumb":"OTRjYzhkYzE4MzViMWM3ZjQzMzg3NTc4OGVjOTNkNTAB3LRNrE3MzokoeciEjCrbODk4NjkxLS5qcGd8fHx8fHw5Mng2OXx8fHx8.jpg","main":"NTg2MDk5ZTBkNTkzMDY1YjBhZWI1ODk5OTZmMjZkNzmoh_NTPE5_7EkpkeDu1R7FODk4NjkxLS5qcGd8fHx8fHx8fHx8fDQwMHgzMDA=.jpg","large":"NGZlYzRjNjk1MGQ0MDAzMTU2ZDUzMmUzNDI1NzYwOTiCdOlPnnkL8hrU8Fgduvf9ODk4NjkxLS5qcGd8fHx8fHx8fHx8fDY0MHg0ODA=.jpg"}]}},{"ad_id":"897041","reg_year":"2003","make":"Hyundai","model":"Santa Fe","variant":null,"mileage":"113476","engine_size":"2.0","fuel_type":"Diesel","body_type":null,"colour":"0000c0","location":"Galway","price":"\u20ac 4,500","images":{"base_url":"http:\/\/i0.carsie.ie\/","image_list":[{"thumb":"YzZhODNkMzYwZTkwYTMxNzkwMzhiZjhlMzBlOWI3MDlfrItMZwoldtZudn8MpESLODk3MDQxLTc0MTE4OTAuanBnfHx8fHx8OTJ4Njl8fHx8fA==.jpg","main":"YjMwYjgzMzI3NTg0YWIzMGQwOGM5M2U3MWNkNTk3ZjRWLVSK2u4dSk-ohBmaBBE9ODk3MDQxLTc0MTE4OTAuanBnfHx8fHx8fHx8fHw0MDB4MzAw.jpg","large":"ZjM2YzMwZTdjMDkyMDk0YzlkNTliMmY5ZGJhNGExOGJrCyMMSBkulN0VJGp85IqfODk3MDQxLTc0MTE4OTAuanBnfHx8fHx8fHx8fHw2NDB4NDgw.jpg"}]}},{"ad_id":"617825","reg_year":"2003","make":"Hyundai","model":"Trajet","variant":"","mileage":"103000","engine_size":"2.0","fuel_type":"Diesel","body_type":"People Carrier","colour":null,"location":"Waterford","price":"\u20ac 4,500","images":{"base_url":"http:\/\/i0.carsie.ie\/","image_list":[{"thumb":"NGFhMzg2OWJiYmQzOTFkM2ZiYjYwODIwZjk5NjczZTSMfu6-WXbE2GMUQauJy76RNjE3ODI1LTQwMTE3NzkuanBnfHx8fHx8OTJ4Njl8fHx8fA==.jpg","main":"Zjc0YjJkYTFmYWI5MmZiZDI2ZTVkNDNmMTkxMjFhOTlD5VYrjdCyMQG6i5__02UZNjE3ODI1LTQwMTE3NzkuanBnfHx8fHx8fHx8fHw0MDB4MzAw.jpg","large":"ZmY4M2IyMDdjNDQ5MGUyN2Y5NTViMGMyNWQ2YWQyZTizx4jXeAqsJHMpXB21prchNjE3ODI1LTQwMTE3NzkuanBnfHx8fHx8fHx8fHw2NDB4NDgw.jpg"}]}}]}