{"total":"23408","result":[{"ad_id":"883721","reg_year":"2005","make":"Peugeot","model":"206","variant":"LX 1.4 5DR AUTOMATIC","mileage":"50589","engine_size":"1.4","fuel_type":"Petrol","body_type":"Hatchback","colour":"ff0000","location":"Cork","price":"\u20ac 4,750","images":{"base_url":"http:\/\/i0.carsie.ie\/","image_list":[{"thumb":"Njg4OTA4MjNiYTVkZTE0Y2ZmMDQxN2I5ZTk5YTE1YzbufJA6bRyrF8mfloCnYdmeODgzNzIxLTcyMjQxNjIuanBnfHx8fHx8OTJ4Njl8fHx8fA==.jpg","main":"YWRjY2EzZGNiYTdiZDJiNGFjYTIxZmM0YmM5NDA5NDKtIULLpUeD-qbSSDEH9tejODgzNzIxLTcyMjQxNjIuanBnfHx8fHx8fHx8fHw0MDB4MzAw.jpg","large":"OGJlZjgwMzJiYTBhOTZjMDM0OTBiYjFlOTc3MjYwMDU5avVQMMLpd1nWFDpSnaoPODgzNzIxLTcyMjQxNjIuanBnfHx8fHx8fHx8fHw2NDB4NDgw.jpg"}]}},{"ad_id":"844627","reg_year":"2005","make":"Peugeot","model":"206","variant":"COUPE CABRIOLET 1.6.","mileage":"43750","engine_size":"1.6","fuel_type":"Petrol","body_type":"Cabriolet \/ Convertible","colour":"0000c0","location":"Dublin","price":"\u20ac 4,750","images":{"base_url":"http:\/\/i0.carsie.ie\/","image_list":[{"thumb":"NTQ4N2Y5MjAzYzFkMzc0MjYzN2E0N2EyMDhmYjYzYzaS4nH4ZfEgwteo5OaoMUbSODQ0NjI3LTcxMDIyMzEuanBnfHx8fHx8OTJ4Njl8fHx8fA==.jpg","main":"YWY1NmI3NTc4NTcyZmNlNDUxNGY1NTdmMzNmZTcwZWT_Q45gjKVxX7fHd9ToneWsODQ0NjI3LTcxMDIyMzEuanBnfHx8fHx8fHx8fHw0MDB4MzAw.jpg","large":"Nzc3ODY2YTZjNjg1MzlkZDdhYzk0ZTI5ODI3NTUzZmIP6QyGrQTlxaT-A02PkjeAODQ0NjI3LTcxMDIyMzEuanBnfHx8fHx8fHx8fHw2NDB4NDgw.jpg"}]}},{"ad_id":"834706","reg_year":"2005","make":"Peugeot","model":"206","variant":"LX 1.4 3DR 3 DR P 31","mileage":"125000","engine_size":"1.4","fuel_type":"Petrol","body_type":"Hatchback","colour":"000000","location":"Tipperary","price":"\u20ac 4,750","images":{"base_url":"http:\/\/i0.carsie.ie\/","image_list":[{"thumb":"MDY4NTViMWEyMmYxYzhjMTIwMzIxOGIzNzEzN2MxYmGy4GVNOv-_Yc02fRJsN-6JODM0NzA2LTY2Mjc2MjIuanBnfHx8fHx8OTJ4Njl8fHx8fA==.jpg","main":"NGM4MmI5NjU2ODVmZTJmMGFiZDk3YTBmOWRmZWJmYTGZe35UUllKOZ4QYd_2WEApODM0NzA2LTY2Mjc2MjIuanBnfHx8fHx8fHx8fHw0MDB4MzAw.jpg","large":"MDZmNDNlYWQ3NGY0NjA2ZTI3ZjE3ZGMyMzQwNGJlYzdg7znjNnT3nl7w9RZpsytxODM0NzA2LTY2Mjc2MjIuanBnfHx8fHx8fHx8fHw2NDB4NDgw.jpg"}]}},{"ad_id":"897765","reg_year":"2007","make":"Peugeot","model":"207","variant":"S 1.4 5 DR 8V 5DR","mileage":"62000","engine_size":"1.4","fuel_type":"Petrol","body_type":"Hatchback","colour":"000000","location":"Dublin","price":"\u20ac 4,750","images":{"base_url":"http:\/\/i0.carsie.ie\/","image_list":[{"thumb":"YTgzMjU5NzU2NTJhNGI3MDcxZDNjYzg4MTUyMzIwNjbuYQiF7gE5G1SO31VVVe1YODk3NzY1LTczNTc4NzMuanBnfHx8fHx8OTJ4Njl8fHx8fA==.jpg","main":"ZGRmNmFiZjMyYjVkYmMxNDcxZjU2Zjc5Y2MyYjc1NjalnPfTbzLIhTtyIpxDB93XODk3NzY1LTczNTc4NzMuanBnfHx8fHx8fHx8fHw0MDB4MzAw.jpg","large":"YzcxYTBhMWQ3ZmMwNjdmNTk0NGY2YzU3ZjU4Y2FiODGlk_GOP7bpGWneDi8tRVhWODk3NzY1LTczNTc4NzMuanBnfHx8fHx8fHx8fHw2NDB4NDgw.jpg"}]}},{"ad_id":"864091","reg_year":"2007","make":"Peugeot","model":"207","variant":"SX 1.4 3DR","mileage":"99422","engine_size":"1.4","fuel_type":"Petrol","body_type":"Hatchback","colour":"ffffff","location":"Monaghan","price":"\u20ac 4,750","images":{"base_url":"http:\/\/i0.carsie.ie\/","image_list":[{"thumb":"ZmIxYzBlMzQxZjc5YjZlMzk2ZWY1ZWI0YTk5YWVlZTlHZzTFuhjAFRPHqxZyAn6gODY0MDkxLTY5NTA1NjIuanBnfHx8fHx8OTJ4Njl8fHx8fA==.jpg","main":"YzY2OGZmNzEyNzFlNTA1OGRmNTNkYjMzMDdjMGVlNzUXB6uSYmTlwg9jQ8d5OWWeODY0MDkxLTY5NTA1NjIuanBnfHx8fHx8fHx8fHw0MDB4MzAw.jpg","large":"M2ExY2EyN2ZlMDU5NDI4Yzc4ZGE2OGU4NGMxNzY1NGKSWr3DBxDGi3eYRU443cRVODY0MDkxLTY5NTA1NjIuanBnfHx8fHx8fHx8fHw2NDB4NDgw.jpg"}]}},{"ad_id":"852609","reg_year":"2005","make":"Peugeot","model":"307","variant":"XR Verve 1.4 16V","mileage":"88858","engine_size":"1.4","fuel_type":"Petrol","body_type":"Hatchback","colour":"ff0000","location":"Dublin","price":"\u20ac 4,750","images":{"base_url":"http:\/\/i0.carsie.ie\/","image_list":[{"thumb":"MWNjNjg3ZTFmNTgyMDQwNTFjODY4NTFiOGUzNDk5MjaTh_3OAXzFb335MeVN0FyQODUyNjA5LTczMDU5NDUuanBnfHx8fHx8OTJ4Njl8fHx8fA==.jpg","main":"YmE4YTIzZGVlNDI3YzU4MTUzZTQxZDNmNWYyM2ZmMTfxy83YNABvWuMm-XPncIjDODUyNjA5LTczMDU5NDUuanBnfHx8fHx8fHx8fHw0MDB4MzAw.jpg","large":"ZWI1Yjg0ZjRhNzhkZjljODYzNGZkN2U0MzVjYjY5YzWCKa0iCU4XFtk-l2CiyvRzODUyNjA5LTczMDU5NDUuanBnfHx8fHx8fHx8fHw2NDB4NDgw.jpg"}]}},{"ad_id":"795971","reg_year":"2004","make":"Peugeot","model":"307","variant":"","mileage":"103000","engine_size":"1.4","fuel_type":"Diesel","body_type":"Hatchback","colour":"000000","location":"Waterford","price":"\u20ac 4,750","images":{"base_url":"http:\/\/i0.carsie.ie\/","image_list":[{"thumb":"NDVjNjAxN2M1NTExNmI0ZGNiNDViMTE4NjU2MzVhZTI6_PRgnjcbQtwpNeX7GAPkNzk1OTcxLTYxNTE4NDEuanBnfHx8fHx8OTJ4Njl8fHx8fA==.jpg","main":"NDY4YjgwMTExZjJkM2Q4NmNjMGIwNzBiN2Q0ZWIzMWNKvbbFY19syzoJkNT32HvUNzk1OTcxLTYxNTE4NDEuanBnfHx8fHx8fHx8fHw0MDB4MzAw.jpg","large":"MjA0N2FiOGU1OTIwN2Y0NjcyODkxNDNlZGI0MjBmNDesJlJKhWfa6Od0hS9U4JoDNzk1OTcxLTYxNTE4NDEuanBnfHx8fHx8fHx8fHw2NDB4NDgw.jpg"}]}},{"ad_id":"822767","reg_year":"2005","make":"Peugeot","model":"307","variant":"XR Verve 1.4 16V","mileage":"72000","engine_size":"1.4","fuel_type":"Petrol","body_type":"Hatchback","colour":"ff0000","location":"Wexford","price":"\u20ac 4,750","images":{"base_url":"http:\/\/i0.carsie.ie\/","image_list":[{"thumb":"NDVmY2ZjZmQ5ZmIxMmRhOGE0MTg3ZjhjOTViZjdlYjN66AFd588kp01X01aPPDcfODIyNzY3LTY2ODA4NDEuanBnfHx8fHx8OTJ4Njl8fHx8fA==.jpg","main":"YjBkMjIxMmUzMTZlOGU3NzQyMDBkOTRjMzgzNGNlZTHkYW0vpKICgVpOROvDYR24ODIyNzY3LTY2ODA4NDEuanBnfHx8fHx8fHx8fHw0MDB4MzAw.jpg","large":"ZWQyMzVmY2JkYzYyNDFlM2I1YTg4MzgzZWM4YTg3YTnKoWGzCnIiHrwsXXvv4B2HODIyNzY3LTY2ODA4NDEuanBnfHx8fHx8fHx8fHw2NDB4NDgw.jpg"}]}},{"ad_id":"884005","reg_year":"2005","make":"Peugeot","model":"407","variant":"SW ST COMFORT 1.8","mileage":"93208","engine_size":"1.8","fuel_type":"Petrol","body_type":"Estate","colour":"e0e0e0","location":"Dublin","price":"\u20ac 4,750","images":{"base_url":"http:\/\/i0.carsie.ie\/","image_list":[{"thumb":"NjdiM2VjNjdjYWFjMTRjM2NhZTIyMTdhNmI1OTljZjbVRgS5d3dW34A2CZtYuly1ODg0MDA1LTcyODA3MDQuanBnfHx8fHx8OTJ4Njl8fHx8fA==.jpg","main":"MzE0YjNiNDc4MDhjZWY0NzY0MTM5NzM4NjdiMDY1ZTV0Xoea5RimhRh9OLrvHOE4ODg0MDA1LTcyODA3MDQuanBnfHx8fHx8fHx8fHw0MDB4MzAw.jpg","large":"NGU4YzlhZjk4ZjY4MTMwY2NjNzAyMmVmODllNzRlZjfW39GmZ32Qiw1SgiGY57arODg0MDA1LTcyODA3MDQuanBnfHx8fHx8fHx8fHw2NDB4NDgw.jpg"}]}},{"ad_id":"901572","reg_year":"2007","make":"Peugeot","model":"407","variant":"ST Comfort 1.8 4DR","mileage":"57785","engine_size":"1.7","fuel_type":"Petrol","body_type":"Saloon","colour":"858585","location":"Dublin","price":"\u20ac 4,750","images":{"base_url":"http:\/\/i0.carsie.ie\/","image_list":[{"thumb":"ODZkNzRmM2VjYjI0MjVlZWVmMzU4ZDhkODhmZGY0ZWYcpjHoUTR5c4kb-JWCSolzOTAxNTcyLTc0MjE0MzkuanBnfHx8fHx8OTJ4Njl8fHx8fA==.jpg","main":"MmEyYjNmY2E5ZjlhMTJkOTBlYWMzNGJlNDUwNzRjMDHbPw0uOI4NZlK69AtPMQVwOTAxNTcyLTc0MjE0MzkuanBnfHx8fHx8fHx8fHw0MDB4MzAw.jpg","large":"ZDEwNzdjZjk1NDUzODUyMDNjZGQzODM5MzkxMTc5NGSBqmYw0WD5X3lXI8E8vPwgOTAxNTcyLTc0MjE0MzkuanBnfHx8fHx8fHx8fHw2NDB4NDgw.jpg"}]}},{"ad_id":"870083","reg_year":"2005","make":"Peugeot","model":"407","variant":"SW SE HDI","mileage":"","engine_size":"1.6","fuel_type":"Diesel","body_type":"Estate","colour":"e0e0e0","location":"Longford","price":"\u20ac 4,750","images":{"base_url":"http:\/\/i0.carsie.ie\/","image_list":[{"thumb":"MDdjODIwMTEyNDVkYWEzYzM4MDJhODc1N2E5ZWYxYTOjA8a_RY0D_chHrQ6OMXEvODcwMDgzLTcwMjAyMDcuanBnfHx8fHx8OTJ4Njl8fHx8fA==.jpg","main":"M2M5MzU4YjgyMjg1NGNhZGM0MzMyZTdmYTVlMDZlMDdvb_ajo87fK_gW5v5LKSIPODcwMDgzLTcwMjAyMDcuanBnfHx8fHx8fHx8fHw0MDB4MzAw.jpg","large":"YjNmZDM3NzU4YWJhNzdkYTFmOWFhNDFjZmRhN2FlZTZYgTeIxvwmVkR6VjrKjb03ODcwMDgzLTcwMjAyMDcuanBnfHx8fHx8fHx8fHw2NDB4NDgw.jpg"}]}},{"ad_id":"901660","reg_year":"2006","make":"Peugeot","model":"407","variant":"SR 1.6hdi 4DR","mileage":"101599","engine_size":"1.6","fuel_type":"Diesel","body_type":"Saloon","colour":"858585","location":"Westmeath","price":"\u20ac 4,750","images":{"base_url":"http:\/\/i0.carsie.ie\/","image_list":[{"thumb":"NDZjYTE5OGJlNTg4NmUyM2JhMzI1MmE1OTQyZmYwOGRCYBuhmPmGlrxiVloQHFv4OTAxNjYwLTc0MjI2MTYuanBnfHx8fHx8OTJ4Njl8fHx8fA==.jpg","main":"NTViYWYwMDdmYTFlMDc3ZTg2YWY5NTlhMWRlNGE1MDawf9u09tV1dk6bcC6Ig9hMOTAxNjYwLTc0MjI2MTYuanBnfHx8fHx8fHx8fHw0MDB4MzAw.jpg","large":"OThjOWJjY2FjYzI1NDllNmFkMGJhYzVhNzY3NzJiYWKGuQ8O03h_nMISG31TNuM-OTAxNjYwLTc0MjI2MTYuanBnfHx8fHx8fHx8fHw2NDB4NDgw.jpg"}]}},{"ad_id":"902154","reg_year":"2006","make":"Peugeot","model":"Partner","variant":"600 D. O. E. TO 03\/14 : ONE OWNER","mileage":"32933","engine_size":"1.9","fuel_type":"Diesel","body_type":"Van","colour":"ff0000","location":"Louth","price":"\u20ac 4,750","images":{"base_url":"http:\/\/i0.carsie.ie\/","image_list":[{"thumb":"OGFlZjcxZGZkYzAwMTVlODY4ZjA1ZmVhOTI3MDBlODIV46I6BoQB0phUdXojq6rnOTAyMTU0LTc0Mjk2NzIuanBnfHx8fHx8OTJ4Njl8fHx8fA==.jpg","main":"M2QxMDQxNWQ2YWU1NzlhZWQ0MTBiYmQwYjFmMDlmOTOUgU4OCTMqUiGLrggGfthrOTAyMTU0LTc0Mjk2NzIuanBnfHx8fHx8fHx8fHw0MDB4MzAw.jpg","large":"NzdlZGUyMTUxNGU4ZTViNWViNzJmMDVmMzA4NDZhOTM_mB6z4pT7ztva5gvAteo1OTAyMTU0LTc0Mjk2NzIuanBnfHx8fHx8fHx8fHw2NDB4NDgw.jpg"}]}},{"ad_id":"898276","reg_year":"2005","make":"Renault","model":"Clio","variant":" 1.2 16V Dynamiq","mileage":"47585","engine_size":"1.1","fuel_type":"Petrol","body_type":"Hatchback","colour":"e0e0e0","location":"Louth","price":"\u20ac 4,750","images":{"base_url":"http:\/\/i0.carsie.ie\/","image_list":[{"thumb":"MjNmZjRlNDEyNjIyYWI1M2ZkZjliNWFkM2FhYmFjZTIvw6MUJd4N7ZFOS18TKIjRODk4Mjc2LTczNjM4NDEuanBnfHx8fHx8OTJ4Njl8fHx8fA==.jpg","main":"YmNiNzZmZTRjNDIxNTcwYTU2OTE1N2UwZjZhNWQ3NjaQ8FBk27rAox0GIJKQ-We4ODk4Mjc2LTczNjM4NDEuanBnfHx8fHx8fHx8fHw0MDB4MzAw.jpg","large":"N2JlMDVhZDQ4MWJiODZmYWEyODdlYTgzZTI5NTZiNjEhxBKk4h-qy6G9tId6labYODk4Mjc2LTczNjM4NDEuanBnfHx8fHx8fHx8fHw2NDB4NDgw.jpg"}]}},{"ad_id":"813044","reg_year":"2006","make":"Renault","model":"Megane","variant":"Sports 1.6 16V","mileage":"43000","engine_size":"1.6","fuel_type":"Petrol","body_type":"Saloon","colour":"ff0000","location":"Dublin","price":"\u20ac 4,750","images":{"base_url":"http:\/\/i0.carsie.ie\/","image_list":[{"thumb":"YmFiMDdhZGRjMDk4YzIzNTgwYWQwYzdhYTJmNTI2MDezA83gODyDdZ6m1Q3xqqCZODEzMDQ0LS5qcGd8fHx8fHw5Mng2OXx8fHx8.jpg","main":"ZWUyYjkwNGY4N2I2MGEyZGU3NmMwNjkyYTA2NjcyYzbn4SWcW4ivqOcaxfDY8Bs2ODEzMDQ0LS5qcGd8fHx8fHx8fHx8fDQwMHgzMDA=.jpg","large":"MTI1ZGE4MzFiNjdhMmQ1ZDllZjA5N2YwZGE3MzYzYjGNslMGmqfpH7U2Nq3qU31FODEzMDQ0LS5qcGd8fHx8fHx8fHx8fDY0MHg0ODA=.jpg"}]}},{"ad_id":"828973","reg_year":"2006","make":"Renault","model":"Megane","variant":"Sports 1.6 16V","mileage":"60896","engine_size":"1.6","fuel_type":"Petrol","body_type":"Saloon","colour":"000000","location":"Dublin","price":"\u20ac 4,750","images":{"base_url":"http:\/\/i0.carsie.ie\/","image_list":[{"thumb":"NmFmYTc3ZjI1OGUxMDM5NzNkMjNlYzAwMTZjNmRkOTgwj1RCrJij1li08VWNHX0WODI4OTczLTY1NjI4OTQuanBnfHx8fHx8OTJ4Njl8fHx8fA==.jpg","main":"ZmE5MWM5ZTQ3ZGI4ZjdiMmYzNjkyNzdjNzFhNTNlOTWDikKczPPuBQ0GWSSH80bCODI4OTczLTY1NjI4OTQuanBnfHx8fHx8fHx8fHw0MDB4MzAw.jpg","large":"MjY0MTgyOThhMjgwZGU3NjAyNmRmNDE3OGM1NzdhZDGoTd69T5B-D3lFhwUuMhCzODI4OTczLTY1NjI4OTQuanBnfHx8fHx8fHx8fHw2NDB4NDgw.jpg"}]}},{"ad_id":"895931","reg_year":"2004","make":"Renault","model":"Megane","variant":"Grand Scenic 2","mileage":"61000","engine_size":"1.6","fuel_type":"Petrol","body_type":"Hatchback","colour":"0000c0","location":"Dublin","price":"\u20ac 4,750","images":{"base_url":"http:\/\/i0.carsie.ie\/","image_list":[{"thumb":"MTZjYjQ1MDNmZmFiODY2N2YwZTE5N2RiZTA0MTE4ZDIC_wt9Fy12jvnmgkIoYSs1ODk1OTMxLTczMjc0MDIuanBnfHx8fHx8OTJ4Njl8fHx8fA==.jpg","main":"YzBmZDY0Y2JhNDU4Yzc2NDUwYTZlMjAzMGRjZmZlMzRm7HJ2gjx6QRgqmydUwpjYODk1OTMxLTczMjc0MDIuanBnfHx8fHx8fHx8fHw0MDB4MzAw.jpg","large":"Nzk4ZWQ1NzgzZDA4YjIyZWYxOWM0YWFhNmQzNWU4ZjVyJiEQC9jBnwG5lzslELx-ODk1OTMxLTczMjc0MDIuanBnfHx8fHx8fHx8fHw2NDB4NDgw.jpg"}]}},{"ad_id":"853136","reg_year":"2005","make":"Renault","model":"Megane","variant":null,"mileage":"48000","engine_size":"1.4","fuel_type":"Petrol","body_type":null,"colour":"000000","location":"Laois","price":"\u20ac 4,750","images":{"base_url":"http:\/\/i0.carsie.ie\/","image_list":[{"thumb":"N2NlYTc4NTJhNGUwMWViNjc4NmNiNzQ4OTNkOThiY2KbVzFkBUyCCgQxUjmlTAMlODUzMTM2LTY4MzIwOTYuanBnfHx8fHx8OTJ4Njl8fHx8fA==.jpg","main":"NmJmZjcwODMyMTIwOTU2MDU5YmYzMTE0Y2E0M2YzMzJysfwRKt6-idOUtbE0I0nTODUzMTM2LTY4MzIwOTYuanBnfHx8fHx8fHx8fHw0MDB4MzAw.jpg","large":"NTcyMDc3OGJmM2JkMjFkYjg4ODcwNzgzNjdlODg3NzetoXltEG05-8_TywFEnUkVODUzMTM2LTY4MzIwOTYuanBnfHx8fHx8fHx8fHw2NDB4NDgw.jpg"}]}},{"ad_id":"881781","reg_year":"2006","make":"Renault","model":"Megane","variant":"Sports 1.4 16V","mileage":"83040","engine_size":"1.4","fuel_type":"Petrol","body_type":"Saloon","colour":"000000","location":"Louth","price":"\u20ac 4,750","images":{"base_url":"http:\/\/i0.carsie.ie\/","image_list":[{"thumb":"NWNkOGQ3MjcxOWI1YWQ2OTI3MTBmOWY3OTEzOWFiMjVsdDi3RSUeImRCUdTCm1NyODgxNzgxLTcxNTc3NTIuanBnfHx8fHx8OTJ4Njl8fHx8fA==.jpg","main":"MTcwODcyZDcwMmY2MzRhZThhMmJmN2ViYjBjODQ1YmbcI5ak8C6PPR3nOB-cWg7LODgxNzgxLTcxNTc3NTIuanBnfHx8fHx8fHx8fHw0MDB4MzAw.jpg","large":"OTAwYTkzY2JkOTJmZGZjYmNlMTY2MjE3MjI1NzEzMDA4HiQtUsKUFwbNXchxPsOHODgxNzgxLTcxNTc3NTIuanBnfHx8fHx8fHx8fHw2NDB4NDgw.jpg"}]}},{"ad_id":"849295","reg_year":"2005","make":"Renault","model":"Megane","variant":"1.5 SPORTS SAL SALOON DCI 80","mileage":"83100","engine_size":"1.5","fuel_type":"Diesel","body_type":null,"colour":"e0e0e0","location":"Tipperary","price":"\u20ac 4,750","images":{"base_url":"http:\/\/i0.carsie.ie\/","image_list":[{"thumb":"NjBhOTUzNDE4NTAxMmVjNDdhZWNlZDU3NTEwYTlmMDAu8AZ6pqbTBPy-MMHQqpTVODQ5Mjk1LTY3OTM4NTMuanBnfHx8fHx8OTJ4Njl8fHx8fA==.jpg","main":"NTAwMDg3NTBhMmE1ZjY5ZmQ0MGI5MGM0MzAxNDJhZDHTBip1RYshchxrRW_ctzigODQ5Mjk1LTY3OTM4NTMuanBnfHx8fHx8fHx8fHw0MDB4MzAw.jpg","large":"NmVmZmRjN2Y2MmJhNmFlMzc1NzQxYTAwODgxZWRhOWZ5jkmNYjXQ1UYPSr9-nH51ODQ5Mjk1LTY3OTM4NTMuanBnfHx8fHx8fHx8fHw2NDB4NDgw.jpg"}]}}]}