{"total":"23408","result":[{"ad_id":"874943","reg_year":"2004","make":"MG","model":"ZS","variant":"1.4, 4DR, NCT JUN-14, ONLY 78k, TOP-SPEC, AS NEW, \"\"MUST BE SEEN\"\", N4CARS. ie","mileage":"78000","engine_size":"1.4","fuel_type":"Petrol","body_type":null,"colour":"e0e0e0","location":"Dublin","price":"\u20ac 2,749","images":{"base_url":"http:\/\/i0.carsie.ie\/","image_list":[{"thumb":"NjMyNzIyZTQ4ZTU5MjM5YTE2ODg4NDNhOTQzYmFhNzhVeu6-DkpGAFAKsm7PsgtaODc0OTQzLTcwODc4ODEuanBnfHx8fHx8OTJ4Njl8fHx8fA==.jpg","main":"NGE3NWJlY2I4ZTlkMzRkNmU0NmJkNTZiYjUwMzY1MTWD5r5A-Ymw3nap70ZBtwXEODc0OTQzLTcwODc4ODEuanBnfHx8fHx8fHx8fHw0MDB4MzAw.jpg","large":"YjIyNDkzMmFmZDk5OTk5ZDdhMzU5YjBiYTIwMDRlYTaLHn-uAk_XmumhHi49w5VFODc0OTQzLTcwODc4ODEuanBnfHx8fHx8fHx8fHw2NDB4NDgw.jpg"}]}},{"ad_id":"852781","reg_year":"2003","make":"Peugeot","model":"206","variant":"1.1, SILVER, NCT OCT-13, 75k, AS NEW, ALLOYS, FOGS, AS NEW, \"\"MUST BE SEEN\"\", N4CARS. ie","mileage":"75000","engine_size":"1.1","fuel_type":"Petrol","body_type":null,"colour":"e0e0e0","location":"Dublin","price":"\u20ac 2,749","images":{"base_url":"http:\/\/i0.carsie.ie\/","image_list":[{"thumb":"YzVjMTIyM2RmZjI5NjZhZWQ0MzJlNGYwOWM5M2U5YmOpkmduLBf67RyGwVyY6WgcODUyNzgxLTcwODQ1NzIuanBnfHx8fHx8OTJ4Njl8fHx8fA==.jpg","main":"OThiYjA5ZjJkMjZkYTY3ZmY2ZjVkZDUxNDFlYzljNzLeMIS9Cu2OAxvdrbfXS8JqODUyNzgxLTcwODQ1NzIuanBnfHx8fHx8fHx8fHw0MDB4MzAw.jpg","large":"MGIzNWIyZTZmMjA0ZGZlOGZlNzcxYjA0ZTE1ZWE0Mzdyl6yMDCzAsIn2fF89h2PtODUyNzgxLTcwODQ1NzIuanBnfHx8fHx8fHx8fHw2NDB4NDgw.jpg"}]}},{"ad_id":"779752","reg_year":"2002","make":"Peugeot","model":"307","variant":"1.4, 5DR, HATCH, NCT NOV-13, AS NEW, \"\"MUST BE SEEN\"\", N4CARS. ie","mileage":"87000","engine_size":"1.4","fuel_type":"Petrol","body_type":"Hatchback","colour":"e0e0e0","location":"Dublin","price":"\u20ac 2,749","images":{"base_url":"http:\/\/i0.carsie.ie\/","image_list":[{"thumb":"NmRlZWFjYjZjMDNlMmE0NzJjNjg1YjZlY2RiZmY2YTTSIWMRrCZ9QxCyYweHd2r8Nzc5NzUyLTcxMDIwMzUuanBnfHx8fHx8OTJ4Njl8fHx8fA==.jpg","main":"ODYzYjIxNDhmYTBkOGJmNmQxNGJiYjNkYzY2NzAyNGRUZYxIN1nwggwHPS0x8xvzNzc5NzUyLTcxMDIwMzUuanBnfHx8fHx8fHx8fHw0MDB4MzAw.jpg","large":"Y2RlYWMyNTI5ZDYzYmFlMDI5YWVmNWIwZjYyMjJhYjbR55P6m7IEAhUC42glmSGrNzc5NzUyLTcxMDIwMzUuanBnfHx8fHx8fHx8fHw2NDB4NDgw.jpg"}]}},{"ad_id":"855548","reg_year":"2004","make":"Renault","model":"Megane","variant":"1.4, SPORT-DYNAMIQUE, NCT JUN-14, AS NEW, \"\"MUST BE SEEN\"\", N4CARS. ie","mileage":"92000","engine_size":"1.4","fuel_type":"Petrol","body_type":null,"colour":"e0e0e0","location":"Dublin","price":"\u20ac 2,749","images":{"base_url":"http:\/\/i0.carsie.ie\/","image_list":[{"thumb":"MTQwNjcxNTlmZGMwNjhiNDdmZmI5MDk5Nzg4YzI2NDI_2sxqcKnt4hqIA8PI4XT2ODU1NTQ4LTcwODQ5NzcuanBnfHx8fHx8OTJ4Njl8fHx8fA==.jpg","main":"ZDI3M2YwYTY5MGYxNjhhOWQ4MzUyZmRkZWVmOWM5YznTkffH31aMrvoT_-5l3EamODU1NTQ4LTcwODQ5NzcuanBnfHx8fHx8fHx8fHw0MDB4MzAw.jpg","large":"ZmVkOTNmM2U0MGIwYjRmM2ZkZTgzNmQ5N2EzNDk0ZTGqYA6bZghm3FGFvgOzdRsLODU1NTQ4LTcwODQ5NzcuanBnfHx8fHx8fHx8fHw2NDB4NDgw.jpg"}]}},{"ad_id":"884408","reg_year":"2004","make":"Renault","model":"Megane","variant":"1.4 SPORTS, NCT JUN-14, ONE OWNER, AS NEW, \"\"MUST BE SEEN\"\", N4CARS. ie","mileage":"110000","engine_size":"1.4","fuel_type":"Petrol","body_type":null,"colour":"0000c0","location":"Dublin","price":"\u20ac 2,749","images":{"base_url":"http:\/\/i0.carsie.ie\/","image_list":[{"thumb":"ZDYwYmI2OGFjYTQxOGFhY2U0ZDY3Mjc2ZmQ1OWZkNzXvPS4CyQ88EydSI9iTq5EHODg0NDA4LTcxOTQ4OTYuanBnfHx8fHx8OTJ4Njl8fHx8fA==.jpg","main":"NDI2YWU1NTczNGRkYTU5YThhNjg0ZTY4MDlkNGY1Zjjduxmry7rA0lJ8cie7tZ-mODg0NDA4LTcxOTQ4OTYuanBnfHx8fHx8fHx8fHw0MDB4MzAw.jpg","large":"Yzg2YjdiZmRhZDZjZDU2ODcxNjVmYjgwOWMzZjc0YTOxRZKyIsjIkPaXJv7B4p9gODg0NDA4LTcxOTQ4OTYuanBnfHx8fHx8fHx8fHw2NDB4NDgw.jpg"}]}},{"ad_id":"893613","reg_year":"2003","make":"Alfa Romeo","model":"156","variant":"Sportivo new NCT","mileage":"79000","engine_size":"1.7","fuel_type":"Petrol","body_type":"Saloon","colour":"ff0000","location":"Dublin","price":"\u20ac 2,750","images":{"base_url":"http:\/\/i0.carsie.ie\/","image_list":[{"thumb":"YjBmM2Y0YTZmZGE5MWUwMzY2MTlhN2JhYzkzMTVhMzQ7R1hw-bS3jLPEyYg4Ml-qODkzNjEzLTcyODE2NDguanBnfHx8fHx8OTJ4Njl8fHx8fA==.jpg","main":"YTEzOGNkZDJkNjllZTBhMTMwYmY0MWJkNTRiZjg2MznnaE3nV0egwtBEo4qM2qx8ODkzNjEzLTcyODE2NDguanBnfHx8fHx8fHx8fHw0MDB4MzAw.jpg","large":"Mjg3MjgyNWNkZThlYmRkMjUxMDU5ZWIwZTJlMzJmYzHFJ9jH2e5TvBb4IYYaWcYWODkzNjEzLTcyODE2NDguanBnfHx8fHx8fHx8fHw2NDB4NDgw.jpg"}]}},{"ad_id":"839977","reg_year":"2001","make":"Audi","model":"A4","variant":"2.0","mileage":"129000","engine_size":"2.0","fuel_type":"Petrol","body_type":"Saloon","colour":"000000","location":"Dublin","price":"\u20ac 2,750","images":{"base_url":"http:\/\/i0.carsie.ie\/","image_list":[{"thumb":"NjE0ODA1ODRiMGIzYTY3NDJlODAxNmFlNzhiMjgzZmWzU6Zcwui0o29A56g4uBfOODM5OTc3LTY2OTQ4NTYuanBnfHx8fHx8OTJ4Njl8fHx8fA==.jpg","main":"YWU4ZmJlYjYwYzcyYjYyYzVkNTA3NjM3NjE1OTQyNjg8OOrEvBaDcvbSOKgBOPfPODM5OTc3LTY2OTQ4NTYuanBnfHx8fHx8fHx8fHw0MDB4MzAw.jpg","large":"ZDhjNjQ1M2I3NGU3OTllNDY0NmUwNWMzYmY1NTU2ZDAXvhvkvhc0M5_esnGlaLRgODM5OTc3LTY2OTQ4NTYuanBnfHx8fHx8fHx8fHw2NDB4NDgw.jpg"}]}},{"ad_id":"901748","reg_year":"2002","make":"BMW","model":"316","variant":"SE 4 DR ","mileage":"110000","engine_size":"1.8","fuel_type":"Petrol","body_type":"Saloon","colour":"0000c0","location":"Dublin","price":"\u20ac 2,750","images":{"base_url":"http:\/\/i0.carsie.ie\/","image_list":[{"thumb":"NGE2OGEzZmEyM2MzMWNhMjZlZWE3NWIxNWNjYWYyNGF6kkn_9N3UkiGZ3gMA93cqOTAxNzQ4LTc0MjQxNDQuanBnfHx8fHx8OTJ4Njl8fHx8fA==.jpg","main":"NmQ3ZDM0OWFiNTRmMjc5YTQ5ODRmNjBmZjQyZmViYzG5uf3pEyeqh95lMWZKx8YCOTAxNzQ4LTc0MjQxNDQuanBnfHx8fHx8fHx8fHw0MDB4MzAw.jpg","large":"ZTM2MWU4OTg3MzdiMDBiNDZkOWRjOWY0NDU2MWUxYjL4ctA7rU5Xn4kR2DctlgfGOTAxNzQ4LTc0MjQxNDQuanBnfHx8fHx8fHx8fHw2NDB4NDgw.jpg"}]}},{"ad_id":"826829","reg_year":"2002","make":"BMW","model":"318","variant":"","mileage":"150000","engine_size":"2.0","fuel_type":"Petrol","body_type":"Saloon","colour":"e0e0e0","location":"Dublin","price":"\u20ac 2,750","images":{"base_url":"http:\/\/i0.carsie.ie\/","image_list":[{"thumb":"NGZiMGFmODdiODdhODUxZWEzYzI3MmFiZDk0YjQ3YTK0GAjb4LsiJbM4-pM3_vwQODI2ODI5LTY1MzY5NjUuanBnfHx8fHx8OTJ4Njl8fHx8fA==.jpg","main":"ZTFkNTc1MjQ3OTZkNTEwZWQwMWFiODBlYjQ1ZmU4ZDSaeytDpfoYLJmQVAvzwz6lODI2ODI5LTY1MzY5NjUuanBnfHx8fHx8fHx8fHw0MDB4MzAw.jpg","large":"OTJiNzAyNDEyNDVkZmJlMGIwM2M2YjZiOTdmODViZjiQQvdou4sHmVBCi9IbHePmODI2ODI5LTY1MzY5NjUuanBnfHx8fHx8fHx8fHw2NDB4NDgw.jpg"}]}},{"ad_id":"900862","reg_year":"2003","make":"BMW","model":"318","variant":"","mileage":"88000","engine_size":"2.0","fuel_type":"Petrol","body_type":"Saloon","colour":"000000","location":"Dublin","price":"\u20ac 2,750","images":{"base_url":"http:\/\/i0.carsie.ie\/","image_list":[{"thumb":"YWVmOGNlYzY3NmQzMjkyMDQyZWY3YzlhN2I1Njc4ZmbRr2pWpLwAg-o17qV61DB-OTAwODYyLTc0MDczNDguanBnfHx8fHx8OTJ4Njl8fHx8fA==.jpg","main":"ZTc4NTdhNWVmZWMxNTQ4Yjc4YWFkZTQ5ZGQ5NDNiMGLUd47nJG49esieMeWg4ZGkOTAwODYyLTc0MDczNDguanBnfHx8fHx8fHx8fHw0MDB4MzAw.jpg","large":"ZjA2ZjAwZmJjYThjN2FiNjE5YzM5NTBlNWI2YjdkOThzvRtiZ4_ubkaVW8c-_o9KOTAwODYyLTc0MDczNDguanBnfHx8fHx8fHx8fHw2NDB4NDgw.jpg"}]}},{"ad_id":"901821","reg_year":"2000","make":"BMW","model":"318","variant":"Coupe A\/T","mileage":"102000","engine_size":"1.9","fuel_type":"Petrol","body_type":"Coupe","colour":"e0e0e0","location":"Dublin","price":"\u20ac 2,750","images":{"base_url":"http:\/\/i0.carsie.ie\/","image_list":[{"thumb":"YTcxYzc0NDBhNThmYTA4M2JjNDQ2MTFkZGQ3M2NlZjbi9cG_qHZbgI9KfL1jW5ySOTAxODIxLTc0MjUxODguanBnfHx8fHx8OTJ4Njl8fHx8fA==.jpg","main":"NGVmNTY2ZmU3MzBhOWU0NTBhMmUxMjc5YWVkMDNlNGSLHTrLVu8p5p81ZmMovzQBOTAxODIxLTc0MjUxODguanBnfHx8fHx8fHx8fHw0MDB4MzAw.jpg","large":"MzY0MjFkYjFlOGY1YzdhY2M0N2ZlN2NiMGI2NzdiYjWQGZZqcGUkVjyNjaZVlsklOTAxODIxLTc0MjUxODguanBnfHx8fHx8fHx8fHw2NDB4NDgw.jpg"}]}},{"ad_id":"846634","reg_year":"2002","make":"BMW","model":"520","variant":"520 AUTOMATIC","mileage":"122000","engine_size":"2.2","fuel_type":"Petrol","body_type":"Saloon","colour":"0000c0","location":"Dublin","price":"\u20ac 2,750","images":{"base_url":"http:\/\/i0.carsie.ie\/","image_list":[{"thumb":"M2Y0Y2IzYWQxMjJhN2NlZTMyYTM2OTI0M2Y2M2JiZDj0etdvtY1pVND9S4S6GQ2hODQ2NjM0LTY3NjIyNDEuanBnfHx8fHx8OTJ4Njl8fHx8fA==.jpg","main":"Njc5MmUzODcwNDYwMjk4MmVmNmU0YjE4MDFmOWU2MjXrWEAxbpbwGQ7J2gQK-fAqODQ2NjM0LTY3NjIyNDEuanBnfHx8fHx8fHx8fHw0MDB4MzAw.jpg","large":"ZjY5MTgzOGUzY2MwMzhjY2FkZDZmY2YxNDcwMTJlMDAZLy5NVQKK6-9O1gF0kwIkODQ2NjM0LTY3NjIyNDEuanBnfHx8fHx8fHx8fHw2NDB4NDgw.jpg"}]}},{"ad_id":"845961","reg_year":"1998","make":"BMW","model":"740","variant":"740I 4.4 AUTO","mileage":"157351","engine_size":"4.4","fuel_type":"Petrol","body_type":null,"colour":"0000c0","location":"Dublin","price":"\u20ac 2,750","images":{"base_url":"http:\/\/i0.carsie.ie\/","image_list":[{"thumb":"MTkxMmU5YzJhNWQxYmQ3NTU3YjZkNTgyNTczMmJkMmF4O3eTuRt7DV1FS301mWyTODQ1OTYxLTcwMTM1MzYuanBnfHx8fHx8OTJ4Njl8fHx8fA==.jpg","main":"NWE4ZDY2MTdiNGM2OTkzNDk2YmRmOThlZmY2YTBmOWLfYj7iTAV2jNG0KZ3IodlxODQ1OTYxLTcwMTM1MzYuanBnfHx8fHx8fHx8fHw0MDB4MzAw.jpg","large":"ZWYzNDMzYmFkMjQ0OGFmNjgyZjI0YjRlZjc5ZTM0ZWEqqvGEv6GAQdO8eD5lgrvGODQ1OTYxLTcwMTM1MzYuanBnfHx8fHx8fHx8fHw2NDB4NDgw.jpg"}]}},{"ad_id":"899177","reg_year":"2003","make":"Citroen","model":"C3","variant":"1.1LX 5 Door","mileage":"57000","engine_size":"1.1","fuel_type":"Petrol","body_type":"Hatchback","colour":"0000c0","location":"Dublin","price":"\u20ac 2,750","images":{"base_url":"http:\/\/i0.carsie.ie\/","image_list":[{"thumb":"NjUzNTE4NjQwOTc3Y2RiZDI2OTk3YTZjYzlhNjYxOGavveIxknQnYy9uncrdNURJODk5MTc3LTczODIyNzUuanBnfHx8fHx8OTJ4Njl8fHx8fA==.jpg","main":"NmZkNDVjMjE2MmNhNTA4YzYyNDgyOTdjOWJmMjFmMjZUUFBGSiK0Dmry_uqz1hshODk5MTc3LTczODIyNzUuanBnfHx8fHx8fHx8fHw0MDB4MzAw.jpg","large":"YzI4NjA5M2I5OGIxOTFkMjE4MDM5MWY5NjY0MThiMzikD45M6SkeJnXwW_4pLyTQODk5MTc3LTczODIyNzUuanBnfHx8fHx8fHx8fHw2NDB4NDgw.jpg"}]}},{"ad_id":"901606","reg_year":"2002","make":"Citroen","model":"C3","variant":"C3 1.1 SX 5 Door","mileage":"75000","engine_size":"1.1","fuel_type":"Petrol","body_type":"Hatchback","colour":"ff0000","location":"Dublin","price":"\u20ac 2,750","images":{"base_url":"http:\/\/i0.carsie.ie\/","image_list":[{"thumb":"MDU5YjM2NGQ0ZTE0Zjg5M2YxNzIyYjdlM2ViZWQ0MTfMtqNv5tsM6ThU-ddtGJU7OTAxNjA2LS5qcGd8fHx8fHw5Mng2OXx8fHx8.jpg","main":"ZDMxOGIwMTk4OTgzMWI4OWI5ODczZTllMzM4ZWI4Zjk63HKBzfKMnBt97rYsAdogOTAxNjA2LS5qcGd8fHx8fHx8fHx8fDQwMHgzMDA=.jpg","large":"NTNiN2U1NDk5YThmOGQxMzE1ZmUxNmIzYzdjNWYyZmJtwycpg9ZpgSSlXivaAax8OTAxNjA2LS5qcGd8fHx8fHx8fHx8fDY0MHg0ODA=.jpg"}]}},{"ad_id":"784251","reg_year":"2004","make":"Fiat","model":"Doblo","variant":"JTD . VAN","mileage":"83000","engine_size":"1.9","fuel_type":"Diesel","body_type":null,"colour":"0000c0","location":"Wexford","price":"\u20ac 2,750","images":{"base_url":"http:\/\/i0.carsie.ie\/","image_list":[{"thumb":"YjlhNTY5ZDk3ZjE2OGZjN2I4M2E2Y2ViMjNmMzNlYmKmOvQuJViGAFjNLkdAfL16Nzg0MjUxLTYwMTExMzUuanBnfHx8fHx8OTJ4Njl8fHx8fA==.jpg","main":"MTQxNTRhZmJkNjMyNjNjMWFkNTE0NTc5MzRiOGNjMjB8WsNxNvHCkKJArt8rkpf-Nzg0MjUxLTYwMTExMzUuanBnfHx8fHx8fHx8fHw0MDB4MzAw.jpg","large":"NDJlYmEwNmZkOGNhNjI3NGY1OWEyZTIyNjc1ZWNiZjX49qwLABJImnxGdrxTtvF_Nzg0MjUxLTYwMTExMzUuanBnfHx8fHx8fHx8fHw2NDB4NDgw.jpg"}]}},{"ad_id":"892428","reg_year":"2004","make":"Fiat","model":"Punto","variant":"1.2 ACTIVE 5DR GREAT PRICE.","mileage":"69000","engine_size":"1.2","fuel_type":"Petrol","body_type":null,"colour":"000000","location":"Dublin","price":"\u20ac 2,750","images":{"base_url":"http:\/\/i0.carsie.ie\/","image_list":[{"thumb":"ODZhOWY2OGE0OGRjYzdmMzNkY2M5NmZkY2FiM2Y0ZWUWBInmJakd4hEQ3Kb5VpfEODkyNDI4LTczMDkyNTQuanBnfHx8fHx8OTJ4Njl8fHx8fA==.jpg","main":"MjIxNzBmZDcyZGE0YzY2MjQwZWUzNDlhNmQ2MGJhOGJSPzyFWy6csK5a0cLuw357ODkyNDI4LTczMDkyNTQuanBnfHx8fHx8fHx8fHw0MDB4MzAw.jpg","large":"YTFiNWE4NzU5NjZhYzliMmM3YWZhOWI3NzhiZmI2MmJk5LU8pachYveemZIq6-5oODkyNDI4LTczMDkyNTQuanBnfHx8fHx8fHx8fHw2NDB4NDgw.jpg"}]}},{"ad_id":"898345","reg_year":"2003","make":"Fiat","model":"Punto","variant":"1.2 Active low miles new nct . like new.","mileage":"50000","engine_size":"1.2","fuel_type":"Petrol","body_type":"Hatchback","colour":"ff0000","location":"Dublin","price":"\u20ac 2,750","images":{"base_url":"http:\/\/i0.carsie.ie\/","image_list":[{"thumb":"ODMxNjUyODMwN2FhNGY1ZDNmNzMzZmJiOGY2OTRhMjZaCSMwMapJIiwGTJ1c8sK0ODk4MzQ1LTczNjQ3NzguanBnfHx8fHx8OTJ4Njl8fHx8fA==.jpg","main":"Mzc3OTljOWFlNzNkNTQ4NzJiOTEyOTRmMTQ0ODljYjN2IZrtBoqoIwejKCqr4jXyODk4MzQ1LTczNjQ3NzguanBnfHx8fHx8fHx8fHw0MDB4MzAw.jpg","large":"NGVkYjFjYjdmMjlkNGVjMThlMzFhMTU0NDk0ZmM5NjkAm6X1ayzthdQB0HlhrIqZODk4MzQ1LTczNjQ3NzguanBnfHx8fHx8fHx8fHw2NDB4NDgw.jpg"}]}},{"ad_id":"884037","reg_year":"2003","make":"Fiat","model":"Stilo","variant":"1.2 Active","mileage":"78000","engine_size":"1.2","fuel_type":"Petrol","body_type":"Hatchback","colour":"ff0000","location":"Dublin","price":"\u20ac 2,750","images":{"base_url":"http:\/\/i0.carsie.ie\/","image_list":[{"thumb":"Njk5NTA5ZmIyYzQ4ZGY0N2FiZGY2ZGQzMzcxNzRmMGGI37CGMw7qHbar3mO7W2OiODg0MDM3LS5qcGd8fHx8fHw5Mng2OXx8fHx8.jpg","main":"YWRkODllZDFmYTVjN2IwNGRjNzE3ZTVmMmI3M2NiMDkKiYVmc_CUW8sc_DDb28aDODg0MDM3LS5qcGd8fHx8fHx8fHx8fDQwMHgzMDA=.jpg","large":"MTE1MjgxYjg1NDA5OTc3ZmU4N2I5Y2FmNTUwMzRhMGROOieXLNKJf6pTfx7D2TUTODg0MDM3LS5qcGd8fHx8fHx8fHx8fDY0MHg0ODA=.jpg"}]}},{"ad_id":"886991","reg_year":"2005","make":"Fiat","model":"Stilo","variant":"Multi Wagon 1.6","mileage":"108000","engine_size":"1.6","fuel_type":"Petrol","body_type":"Estate","colour":"0000c0","location":"Kildare","price":"\u20ac 2,750","images":{"base_url":"http:\/\/i0.carsie.ie\/","image_list":[{"thumb":"MTNiZDQ2NTAwZTk3NGYxMGMzYzFlYTdhZDgwMzVlNjQaFBIEBhz1LBfizMhASdHGODg2OTkxLTczMDEyNzMuanBnfHx8fHx8OTJ4Njl8fHx8fA==.jpg","main":"MjNmNzBlMTUxZmQ1NmFhMjEyYWUyNjA2ZDk2ZTRkMjjlG1aEHRrbNJtP9qjuulx0ODg2OTkxLTczMDEyNzMuanBnfHx8fHx8fHx8fHw0MDB4MzAw.jpg","large":"YmJjYmVkZTJjZjY1MDM4YjBmYWY0OGY1OWYxZTE4MzFTAJ7Frz1e_Ai6KYXFzM93ODg2OTkxLTczMDEyNzMuanBnfHx8fHx8fHx8fHw2NDB4NDgw.jpg"}]}}]}