{"total":"23408","result":[{"ad_id":"858344","reg_year":"2006","make":"Saab","model":"9-5","variant":"STUNNING CAR FULL SERVICE HISTORY","mileage":"54000","engine_size":"2.0","fuel_type":"Petrol","body_type":"Saloon","colour":"e0e0e0","location":"Dublin","price":"\u20ac 6,500","images":{"base_url":"http:\/\/i0.carsie.ie\/","image_list":[{"thumb":"NjQ0OTEwYjVkYjg2MTVmODYzMzBjZmNkMmMxNGQ2N2XAFZu6RUNXQFuVjyEIWoW0ODU4MzQ0LTY4OTA5MzAuanBnfHx8fHx8OTJ4Njl8fHx8fA==.jpg","main":"YTNjNzQ1MGRlZWNkMjg1MDhmNDdhZjk2NDA0NWZlNDDRDOMiAy6hEkw-IPA9sYfbODU4MzQ0LTY4OTA5MzAuanBnfHx8fHx8fHx8fHw0MDB4MzAw.jpg","large":"MDZmOGUyOGQ2NWZiOWJjMDczNTQ3YmVhY2U5Zjc5ZTQuJ8EVgg4hJzhRKg_vCS_UODU4MzQ0LTY4OTA5MzAuanBnfHx8fHx8fHx8fHw2NDB4NDgw.jpg"}]}},{"ad_id":"675012","reg_year":"2007","make":"Seat","model":"Ibiza","variant":"","mileage":"72639","engine_size":"1.4","fuel_type":"Petrol","body_type":"Hatchback","colour":"000000","location":"Cavan","price":"\u20ac 6,500","images":{"base_url":"http:\/\/i0.carsie.ie\/","image_list":[{"thumb":"YjE3MWU0OWMyOTMyZmZkY2NlZTY2ZTI5MjY3MzMwZjgZSAoCU8mXZK1PR1W7IU3sNjc1MDEyLTQ2NDEzNTguanBnfHx8fHx8OTJ4Njl8fHx8fA==.jpg","main":"YmVkNmMzZjA1Y2Q3YTdjYzg0MzgwYmY3NzVmNDFmNmYZDrzKVYUG9Wz6tHbGa9vtNjc1MDEyLTQ2NDEzNTguanBnfHx8fHx8fHx8fHw0MDB4MzAw.jpg","large":"NzBiYjY4NGIzZDA1N2E2OTZhN2M4ZTBkZGUzNmMzZGbkfKZO7wlhQBM3gp2Hhd6JNjc1MDEyLTQ2NDEzNTguanBnfHx8fHx8fHx8fHw2NDB4NDgw.jpg"}]}},{"ad_id":"883530","reg_year":"2006","make":"Seat","model":"Leon","variant":"1.6 R 5DR","mileage":"55000","engine_size":"1.6","fuel_type":"Petrol","body_type":"Hatchback","colour":"858585","location":"Dublin","price":"\u20ac 6,500","images":{"base_url":"http:\/\/i0.carsie.ie\/","image_list":[{"thumb":"NGRhMTg3MGNkZmRkM2M5YjAxMDcxZjA0OGViYjFkODPvlS2fV_XamtP0H2ayNM4NODgzNTMwLTcxOTUwOTIuanBnfHx8fHx8OTJ4Njl8fHx8fA==.jpg","main":"NmMwY2RkNzdmMDljYmMwYWRiZDhlMjQ3MDUzMjVhOGbNqM9ZrptpFpQMecNUXzg4ODgzNTMwLTcxOTUwOTIuanBnfHx8fHx8fHx8fHw0MDB4MzAw.jpg","large":"YmJhMDcyMmM4YTZhODlkNWExN2FhOWIwZDZkNzBjNTa3-NRK0gFkgi_-IYgrMlXXODgzNTMwLTcxOTUwOTIuanBnfHx8fHx8fHx8fHw2NDB4NDgw.jpg"}]}},{"ad_id":"884872","reg_year":"2006","make":"Skoda","model":"Octavia","variant":"Ambiente 1.4bhp","mileage":"71459","engine_size":"1.4","fuel_type":"Petrol","body_type":"Hatchback","colour":"ff0000","location":"Cork","price":"\u20ac 6,500","images":{"base_url":"http:\/\/i0.carsie.ie\/","image_list":[{"thumb":"YmQzOTE4OGRiOGFkN2QwM2RjMWRhZTRjMjZjNDllNzG7GA2dnNLlIs_dD8J_b1lWODg0ODcyLTcyMDAxNzUuanBnfHx8fHx8OTJ4Njl8fHx8fA==.jpg","main":"YzU3OTk4YjE4MmRlOTFkZWQwOTczODEyOGIyYzYzNDdnWY30jKtSMQNYzHLsvT-FODg0ODcyLTcyMDAxNzUuanBnfHx8fHx8fHx8fHw0MDB4MzAw.jpg","large":"NzBjYzhhZGJjOWFmY2U4N2QwY2M0OGMzN2JhYTRjYTUjOPv9jQRZUgCNouB9kDQ4ODg0ODcyLTcyMDAxNzUuanBnfHx8fHx8fHx8fHw2NDB4NDgw.jpg"}]}},{"ad_id":"853829","reg_year":"2007","make":"Skoda","model":"Octavia","variant":"Ambiente 1.4 5DR","mileage":"90099","engine_size":"1.4","fuel_type":"Petrol","body_type":"Hatchback","colour":"858585","location":"Kerry","price":"\u20ac 6,500","images":{"base_url":"http:\/\/i0.carsie.ie\/","image_list":[{"thumb":"N2I3N2Y1ODdiZWZjNzQ0MjAxOTkyZGUyNDZjYzY4OTK6mdUgUpIS7VHUBiQb0ebpODUzODI5LTY4NTk5MzAuanBnfHx8fHx8OTJ4Njl8fHx8fA==.jpg","main":"NmYyODQ0ZDJjYzhjODU0MzdiMzk5MzliNWY0ZmJjYjZtfZVxcR92gEmx8aFxahDeODUzODI5LTY4NTk5MzAuanBnfHx8fHx8fHx8fHw0MDB4MzAw.jpg","large":"OWI4ZjRjNzNkZmJjYjExMDJiZDQ1ZWI3MmYxNDZkMjQ7RrgCSvq56jAvQn_G2QjQODUzODI5LTY4NTk5MzAuanBnfHx8fHx8fHx8fHw2NDB4NDgw.jpg"}]}},{"ad_id":"895069","reg_year":"2005","make":"Skoda","model":"Octavia","variant":null,"mileage":"103000","engine_size":"1.9","fuel_type":"Diesel","body_type":null,"colour":"e0e0e0","location":"Laois","price":"\u20ac 6,500","images":{"base_url":"http:\/\/i0.carsie.ie\/","image_list":[{"thumb":"MzQ4NzQzNjljNGQyYjBiNjBmMDQ1ODE3YjkxNTA0ODTQYkSk5BIk85YQksmQTjY4ODk1MDY5LTc0MTA3ODIuanBnfHx8fHx8OTJ4Njl8fHx8fA==.jpg","main":"YjBiOWZlNGI3NzFlMjg5MmRmODA1NTQ2NmJhYTY2NGblV5_7YLD6Ae395F8EtozDODk1MDY5LTc0MTA3ODIuanBnfHx8fHx8fHx8fHw0MDB4MzAw.jpg","large":"MDAzN2FmMGY1NDYwZDlhMTc4YzU3NzQ0YTlmODY4Y2PpEF-OpWo5-7WgODYHjnmUODk1MDY5LTc0MTA3ODIuanBnfHx8fHx8fHx8fHw2NDB4NDgw.jpg"}]}},{"ad_id":"861864","reg_year":"2006","make":"Suzuki","model":"Swift","variant":"1.3 GL 5DR","mileage":"86994","engine_size":"1.3","fuel_type":"Petrol","body_type":"Hatchback","colour":"000000","location":"Cork","price":"\u20ac 6,500","images":{"base_url":"http:\/\/i0.carsie.ie\/","image_list":[{"thumb":"YWI4OTFiM2Q3YTAwMzQ1M2YwNDMzMmZlNGZlMjE4MTlKqoWm6EICRBvoIEqrt-WyODYxODY0LTY5MjQwMjYuanBnfHx8fHx8OTJ4Njl8fHx8fA==.jpg","main":"NGE5MjBjYjg4NzJhODVmMTZkZWY0N2ZhOGIyNmMzOGQ83tN2ltxTqxb-tctM_C1SODYxODY0LTY5MjQwMjYuanBnfHx8fHx8fHx8fHw0MDB4MzAw.jpg","large":"YWRkMmU4YjU3MjExZWRmYmUxZTQyODczODgyMTdiYzR56l-wvtW7gDYTUioMcSAiODYxODY0LTY5MjQwMjYuanBnfHx8fHx8fHx8fHw2NDB4NDgw.jpg"}]}},{"ad_id":"882820","reg_year":"2006","make":"Toyota","model":"Avensis","variant":null,"mileage":"101905","engine_size":"1.6","fuel_type":"Petrol","body_type":null,"colour":"000000","location":"Cork","price":"\u20ac 6,500","images":{"base_url":"http:\/\/i0.carsie.ie\/","image_list":[{"thumb":"ZDg5ZjU0ZTA5ZTNlZjU0ZGE5ODRhNjNlNjIwYjg1ZjgkEPMoS-4QfjtJ_wDs24NYODgyODIwLTczMzM1MjcuanBnfHx8fHx8OTJ4Njl8fHx8fA==.jpg","main":"YzY3MTRlMmM3MDJlN2EyZjY4ZjcwMDE4ZmU2OTNkZDMX8l4yQ_2ZNRH5jQQZy88dODgyODIwLTczMzM1MjcuanBnfHx8fHx8fHx8fHw0MDB4MzAw.jpg","large":"OTc1Mzc3ZDNlNDA4NmNiOWM0NTQwZmY0MDRhYjQyMDmK50ndodJc8AOWsESALvVAODgyODIwLTczMzM1MjcuanBnfHx8fHx8fHx8fHw2NDB4NDgw.jpg"}]}},{"ad_id":"883910","reg_year":"2004","make":"Toyota","model":"Avensis","variant":"avensis verso luna 05dr","mileage":"97000","engine_size":"2.0","fuel_type":"Petrol","body_type":null,"colour":"0000c0","location":"Cork","price":"\u20ac 6,500","images":{"base_url":"http:\/\/i0.carsie.ie\/","image_list":[{"thumb":"YzRmYTA0ZGY3ZWM5ZmE1YzNlNTMwODNiMDJhZmFmNzm44TQy8om541d1-LLgY6iJODgzOTEwLTc0MDUyODYuanBnfHx8fHx8OTJ4Njl8fHx8fA==.jpg","main":"ZmM3MjczMmE2NGIzYjNhOWUzYmY1MmU2NGY0MmEyOWOGgWJFhySHcgkiLbyy9uidODgzOTEwLTc0MDUyODYuanBnfHx8fHx8fHx8fHw0MDB4MzAw.jpg","large":"OTY1NzdkMTQ1MjIwZWYwNzI3ZTgyYWEyYTJmMzNkNDlnHvFbcjeOg6iHfajAZ-BuODgzOTEwLTc0MDUyODYuanBnfHx8fHx8fHx8fHw2NDB4NDgw.jpg"}]}},{"ad_id":"899528","reg_year":"2005","make":"Toyota","model":"Avensis","variant":"D4 VVT-i","mileage":"66488","engine_size":"2.0","fuel_type":"Petrol","body_type":"Estate","colour":"e0e0e0","location":"Dublin","price":"\u20ac 6,500","images":{"base_url":"http:\/\/i0.carsie.ie\/","image_list":[{"thumb":"NGVlMmM3OGQwNDJmYjI2YmIwMTIyYTZjMzRiNzU1ZTWvdrzjIvvxvWxAIaVM2Ho-ODk5NTI4LTczNzk2OTIuanBnfHx8fHx8OTJ4Njl8fHx8fA==.jpg","main":"ZjhiYTU1ODg2NzM2NDIxZTI4Zjk1ZTNlODhmZmE0YjhDW0bOAbUGWI8YB2F6FMr3ODk5NTI4LTczNzk2OTIuanBnfHx8fHx8fHx8fHw0MDB4MzAw.jpg","large":"ZDQyMjliOGM3YWFlMjJjYWMzYmQwMTUwMmZmYTFlMjVB2QQoP7kmI1nTujFV9VJfODk5NTI4LTczNzk2OTIuanBnfHx8fHx8fHx8fHw2NDB4NDgw.jpg"}]}},{"ad_id":"891287","reg_year":"2007","make":"Toyota","model":"Avensis","variant":"RC 1.6 Aura 4DR","mileage":"75984","engine_size":"1.6","fuel_type":"Petrol","body_type":"Saloon","colour":"858585","location":"Kildare","price":"\u20ac 6,500","images":{"base_url":"http:\/\/i0.carsie.ie\/","image_list":[{"thumb":"ZGY0OGUxYTJkNThiODFkMTRkNDk1MzRkNTcyY2QzZGQu611F0IHvwHclRWFhxxTMODkxMjg3LTcyNjIyMTIuanBnfHx8fHx8OTJ4Njl8fHx8fA==.jpg","main":"MTIzOTMxZjFjZjdhYTRjZmEwZWUzY2Q0ZTJiOTlmOWQ0VYRUMhYiju5EoN52djRrODkxMjg3LTcyNjIyMTIuanBnfHx8fHx8fHx8fHw0MDB4MzAw.jpg","large":"ZTRlNDI3ZDg5ODNhZjgxM2I3NDU4MGYwZTI3YmMxOWPil_bJxXNdKtWA75NJvZJiODkxMjg3LTcyNjIyMTIuanBnfHx8fHx8fHx8fHw2NDB4NDgw.jpg"}]}},{"ad_id":"844329","reg_year":"2007","make":"Toyota","model":"Avensis","variant":"MC 1.6 Aura 4DR","mileage":"87615","engine_size":"1.6","fuel_type":"Petrol","body_type":"Saloon","colour":"000000","location":"Laois","price":"\u20ac 6,500","images":{"base_url":"http:\/\/i0.carsie.ie\/","image_list":[{"thumb":"YWE2MzRiMjY1OTI4MmRmMjI4OWE5N2NjZjc3NTljYTkanHL5UPYsCqZYPttbsMAgODQ0MzI5LTY3MzQ5NzYuanBnfHx8fHx8OTJ4Njl8fHx8fA==.jpg","main":"YzA4Yjg3OGIzMzIwZjQ4NzMzODcyZjE2MmI1MzgyYWHWUwn2k_j5Z7t4CtR0NBu6ODQ0MzI5LTY3MzQ5NzYuanBnfHx8fHx8fHx8fHw0MDB4MzAw.jpg","large":"MzJkNzFkZjQ2ZWVhYTA0ZDdmZmNkNmI1YmRiNjM5MWMd2mWi2kFqKr1JjXEuiIMqODQ0MzI5LTY3MzQ5NzYuanBnfHx8fHx8fHx8fHw2NDB4NDgw.jpg"}]}},{"ad_id":"756532","reg_year":"2004","make":"Toyota","model":"Avensis","variant":"avensis verso luna 05dr","mileage":"83000","engine_size":"2.0","fuel_type":"Petrol","body_type":"SUV","colour":"e0e0e0","location":"Meath","price":"\u20ac 6,500","images":{"base_url":"http:\/\/i0.carsie.ie\/","image_list":[{"thumb":"NDc3MDE3MDgxMDg2Y2MwOWNjODVmYzc1NjcwZmJjYzXKy8FfgJnxeJJuqFXoUGu1NzU2NTMyLTYyODA3MjMuanBnfHx8fHx8OTJ4Njl8fHx8fA==.jpg","main":"NTZkMzcxNzA3NDRkNTQ5NjZkZGQyYTY4MWZkYTY4OWVFD3t4t62HdFw_ZqpAKHWlNzU2NTMyLTYyODA3MjMuanBnfHx8fHx8fHx8fHw0MDB4MzAw.jpg","large":"NDI4YWEyMDI1MTI2ODVkYjFkNzk5NzE3ZDA1MjU0Y2X5jRxOZtS2-s4UEpGoj6ZNNzU2NTMyLTYyODA3MjMuanBnfHx8fHx8fHx8fHw2NDB4NDgw.jpg"}]}},{"ad_id":"901562","reg_year":"2005","make":"Toyota","model":"Avensis","variant":"D4D Strata 2.0","mileage":"161560","engine_size":"2.0","fuel_type":"Diesel","body_type":"Saloon","colour":"ff0000","location":"Tipperary","price":"\u20ac 6,500","images":{"base_url":"http:\/\/i0.carsie.ie\/","image_list":[{"thumb":"YmViMjUxMmJiOGI5NTcyNTQ4NDllOWRkOGViOWIxNmQea6gwFxL1MEXYwIqJw4vHOTAxNTYyLTc0MjEyNjYuanBnfHx8fHx8OTJ4Njl8fHx8fA==.jpg","main":"NDgyM2I3ZGZiOTExMDdlYTc5MDBjMzNlM2U3M2M2OTa0zmlHQ7vLtwIdnZcfpQ7GOTAxNTYyLTc0MjEyNjYuanBnfHx8fHx8fHx8fHw0MDB4MzAw.jpg","large":"ZGM2NzNjZmYxOWZkODYzM2JhOWI2NmU3Y2MzN2E1NDZaPLad02JC9xTZWO1-QVKMOTAxNTYyLTc0MjEyNjYuanBnfHx8fHx8fHx8fHw2NDB4NDgw.jpg"}]}},{"ad_id":"901011","reg_year":"2007","make":"Toyota","model":"Avensis","variant":" D4D Strata","mileage":"120000","engine_size":"2.0","fuel_type":"Diesel","body_type":"Saloon","colour":"0000c0","location":"Wexford","price":"\u20ac 6,500","images":{"base_url":"http:\/\/i0.carsie.ie\/","image_list":[{"thumb":"YjM1NGRmNWU3OGZjM2U2MTA4ZmYzMTVkNzQ5ZDk5MmE_Pw_SERgA2ZQfsDlAI950OTAxMDExLTc0MTQ5NjguanBnfHx8fHx8OTJ4Njl8fHx8fA==.jpg","main":"ZmVkOGIzMTFmMzEzNWY4N2MwMjNiODIzY2JiODU1OTOeRhVjJF_GlsDkR3Ntoh6OOTAxMDExLTc0MTQ5NjguanBnfHx8fHx8fHx8fHw0MDB4MzAw.jpg","large":"ZjljNzEyMmMxOTkxYTk1MGM5NzY1Y2M5YTk2NGYwMzH9O2HUnr_WKNe8gSd5E9QXOTAxMDExLTc0MTQ5NjguanBnfHx8fHx8fHx8fHw2NDB4NDgw.jpg"}]}},{"ad_id":"855223","reg_year":"2003","make":"Toyota","model":"Avensis Verso","variant":"Diesel Sol","mileage":"131800","engine_size":"2.0","fuel_type":"Diesel","body_type":"SUV","colour":"e0e0e0","location":"Waterford","price":"\u20ac 6,500","images":{"base_url":"http:\/\/i0.carsie.ie\/","image_list":[{"thumb":"YTc1OTJiMmE3NjdlYmRlMTljODAyNmVmMTE1Nzk4MTf8N0shhw8c04rxKxQlN__GODU1MjIzLTY5MDU4ODQuanBnfHx8fHx8OTJ4Njl8fHx8fA==.jpg","main":"NWYxY2VkMDE1YmM5ZmE2NWIxMDFlMzEzYmZhZjE5ZjDCNlsRPiiRTUbL7fdiOKpgODU1MjIzLTY5MDU4ODQuanBnfHx8fHx8fHx8fHw0MDB4MzAw.jpg","large":"OWI5MzY0ZDBkOTE5OTNhMzUyMDdiZDFiNzhlMGE1ZDUP8bXea16SO3wjngC6GUyxODU1MjIzLTY5MDU4ODQuanBnfHx8fHx8fHx8fHw2NDB4NDgw.jpg"}]}},{"ad_id":"883909","reg_year":"2005","make":"Toyota","model":"Corolla","variant":"corolla 1.4 d4d terra","mileage":"108118","engine_size":"1.4","fuel_type":"Diesel","body_type":"Saloon","colour":"858585","location":"Cork","price":"\u20ac 6,500","images":{"base_url":"http:\/\/i0.carsie.ie\/","image_list":[{"thumb":"ZTdmYzdhNGFiODUzMmFjNjUyYzFiMTZhYWI1YWNlODSmbeTh-iTHIda5pmVSxwD1ODgzOTA5LTczNDgyMzEuanBnfHx8fHx8OTJ4Njl8fHx8fA==.jpg","main":"ZGVjNzNmZDhjMjJmMDZjMjgyMDkyZmFkZDYyYjQyZTCPgardCjcSyJ0M0orBysW5ODgzOTA5LTczNDgyMzEuanBnfHx8fHx8fHx8fHw0MDB4MzAw.jpg","large":"MjFjZDk4NmQ0NTVkMzZkOGJiM2QxOTkyM2E5M2QzMjfjWonpsHSctbQ5AqZ7-prdODgzOTA5LTczNDgyMzEuanBnfHx8fHx8fHx8fHw2NDB4NDgw.jpg"}]}},{"ad_id":"875898","reg_year":"2007","make":"Toyota","model":"Corolla","variant":null,"mileage":"69594","engine_size":"1.4","fuel_type":"Petrol","body_type":null,"colour":"ff0000","location":"Galway","price":"\u20ac 6,500","images":{"base_url":"http:\/\/i0.carsie.ie\/","image_list":[{"thumb":"NzQ3YTFkZmNmZDEzN2Y4YjU3MzI1ZGJjNjE2ZjMxOGURoaqXUeduDa0g93zNaWKvODc1ODk4LTcwOTgyNjkuanBnfHx8fHx8OTJ4Njl8fHx8fA==.jpg","main":"MTUxNGQzNjExZWMwZWRlNDBjNzY0NmM4ZmFmYmI4MTI0cLRGI2cuuLdWvVZybXm0ODc1ODk4LTcwOTgyNjkuanBnfHx8fHx8fHx8fHw0MDB4MzAw.jpg","large":"MTc4MDYzYmJiOTg1ODAzNGIxYjU0NDcwZDkxMGZkMDd3o4AeiWXj9frb_dxFdqZVODc1ODk4LTcwOTgyNjkuanBnfHx8fHx8fHx8fHw2NDB4NDgw.jpg"}]}},{"ad_id":"902161","reg_year":"2006","make":"Toyota","model":"Corolla","variant":"1.4 Terra MC 5D","mileage":"94656","engine_size":"1.4","fuel_type":"Petrol","body_type":"Hatchback","colour":"0000c0","location":"Kildare","price":"\u20ac 6,500","images":{"base_url":"http:\/\/i0.carsie.ie\/","image_list":[{"thumb":"ZGQyOTMyNGY1NGM1OWRhNDU2YTk1YWZhOTE5YTJkNjbasOEAhcYNt7YvBx_L5qpSOTAyMTYxLTc0Mjk4NDQuanBnfHx8fHx8OTJ4Njl8fHx8fA==.jpg","main":"YThmYzJiNDc3MTg1ZDUzN2RlYThjNGVmYjZkZjJmOTRPt72Me-1OI0sNImm0Ule5OTAyMTYxLTc0Mjk4NDQuanBnfHx8fHx8fHx8fHw0MDB4MzAw.jpg","large":"MjcyODNlYjNjY2ZiMjZhNDBhNmViYWE1YzNhYTI4Mzi1J13_U15-kSoE_g2BhQPpOTAyMTYxLTc0Mjk4NDQuanBnfHx8fHx8fHx8fHw2NDB4NDgw.jpg"}]}},{"ad_id":"898392","reg_year":"2006","make":"Toyota","model":"Corolla","variant":"1.4 Luna 2006","mileage":"105635","engine_size":"1.4","fuel_type":"Petrol","body_type":"Hatchback","colour":"e0e0e0","location":"Laois","price":"\u20ac 6,500","images":{"base_url":"http:\/\/i0.carsie.ie\/","image_list":[{"thumb":"YTdhNjhlYjg2NzY0ZThjZjBjNGNlMDA0MTViZDkzMDZjj-WNvsihGcFrJKeuHAwQODk4MzkyLTczNjUxMzMuanBnfHx8fHx8OTJ4Njl8fHx8fA==.jpg","main":"OGI1ZTIzNGNiMjVmYzliYzk2MGJiZDhjYmFkYmE1Y2YG-sf2gNhCKXPll13p0SJyODk4MzkyLTczNjUxMzMuanBnfHx8fHx8fHx8fHw0MDB4MzAw.jpg","large":"OThhY2YwNDJiNTM0ODcxNDFlNTY3M2EwOGRlYjAxZGV4g8ULxgW-mMJLONr4EJOrODk4MzkyLTczNjUxMzMuanBnfHx8fHx8fHx8fHw2NDB4NDgw.jpg"}]}}]}