{"total":"23408","result":[{"ad_id":"873860","reg_year":"2000","make":"Jaguar","model":"V8","variant":"XJ8 3.2 A\/T","mileage":"97431","engine_size":"3.2","fuel_type":"Petrol","body_type":"Saloon","colour":"e0e0e0","location":"Dublin","price":"\u20ac 2,995","images":{"base_url":"http:\/\/i0.carsie.ie\/","image_list":[{"thumb":"YzZmNmI4MzU4NzgzY2YzYTNhYzM1NjhhZGE3YjZmZmR80Z4yGPBM3vxDldv7gW4pODczODYwLTcwNzAwMjEuanBnfHx8fHx8OTJ4Njl8fHx8fA==.jpg","main":"NmE0OTcxZmMzNjkyYjI2OTE1NzkwNThlMTgyOWY2NWNpR-WgdaLPsMPu--HRN21QODczODYwLTcwNzAwMjEuanBnfHx8fHx8fHx8fHw0MDB4MzAw.jpg","large":"NDBjMjYyYmJlYmFlYmZjZWZmNWZiODg3YzJiZTgyZWQ7KWqtaS0xd6G9ueAPaDblODczODYwLTcwNzAwMjEuanBnfHx8fHx8fHx8fHw2NDB4NDgw.jpg"}]}},{"ad_id":"681370","reg_year":"2000","make":"Jaguar","model":"XJ","variant":"XJ-8. NCT 02\/12. LEATHER INTERIOR","mileage":"97431","engine_size":"3.2","fuel_type":"Petrol","body_type":"Saloon","colour":"e0e0e0","location":"Dublin","price":"\u20ac 2,995","images":{"base_url":"http:\/\/i0.carsie.ie\/","image_list":[{"thumb":"OTRhYWNmNDU1N2U5NTJjMDFlM2NhNzAyODMxY2JjMDW6Dr_qZmADeSO6EGtbgLGBNjgxMzcwLTQ4OTkwMTUuanBnfHx8fHx8OTJ4Njl8fHx8fA==.jpg","main":"Y2Q5MzNjMGMwYzQzOWVmOGM4ZmM3NTFhMjJiYjNiZWVCdns8M1mZ1P7soOMV0xnhNjgxMzcwLTQ4OTkwMTUuanBnfHx8fHx8fHx8fHw0MDB4MzAw.jpg","large":"MDI2MDI3NGViNjBkNDI0ZGEzOGI5NGNiNDcxMjU2Yzd7ipZCIqr1QXmqlJyoXGrnNjgxMzcwLTQ4OTkwMTUuanBnfHx8fHx8fHx8fHw2NDB4NDgw.jpg"}]}},{"ad_id":"871115","reg_year":"2005","make":"Kia","model":"Cerato","variant":"1.6LX 5DR Auto NCT LOW MILEAGE","mileage":"50000","engine_size":"1.6","fuel_type":"Petrol","body_type":"Hatchback","colour":"0000c0","location":"Dublin","price":"\u20ac 2,995","images":{"base_url":"http:\/\/i0.carsie.ie\/","image_list":[{"thumb":"ODg1MDUxZTZhOTJjNGRiNWE1YTk3MzVmZTI4ZTJiOGGNewW5cXFYlQMPGXPANYwMODcxMTE1LTcwMzMwNzcuanBnfHx8fHx8OTJ4Njl8fHx8fA==.jpg","main":"NWM2ODc3N2IwZWFhODJkZWE0Yzg3NTcwZjZlZjUzNjXpx2yOJhFjK5mp4BjmkXyvODcxMTE1LTcwMzMwNzcuanBnfHx8fHx8fHx8fHw0MDB4MzAw.jpg","large":"OGJlZjllOGE3ODFlNmU3ZWJlMmQ3NTU2Mjc3MzE3NjWhScu1GOJg_m-7bjmQ9A5wODcxMTE1LTcwMzMwNzcuanBnfHx8fHx8fHx8fHw2NDB4NDgw.jpg"}]}},{"ad_id":"824610","reg_year":"2000","make":"Land Rover","model":"Freelander","variant":"4WD","mileage":"150000","engine_size":"2.0","fuel_type":"Diesel","body_type":"Estate","colour":"0000c0","location":"Dublin","price":"\u20ac 2,995","images":{"base_url":"http:\/\/i0.carsie.ie\/","image_list":[{"thumb":"MDQwZWYyOTU0NmVmNGJjMDlkZWIxODY1ODVjNTEzNjMjDkVmrf4Ulf_q69ZTjv_LODI0NjEwLTY1MDkyMDcuanBnfHx8fHx8OTJ4Njl8fHx8fA==.jpg","main":"N2ZhOTYzMjAyYjkyYjFlYzQ2OWEzZmZhZTFmYzhmYmOv0Bn-HiZbMR3Nhh4g7Km2ODI0NjEwLTY1MDkyMDcuanBnfHx8fHx8fHx8fHw0MDB4MzAw.jpg","large":"ZDdlNmU2MDQyOGMxYjgxNGVlYmVjZjZlZWViMDg3OGUf_hp2IqygFufQRENyLjR_ODI0NjEwLTY1MDkyMDcuanBnfHx8fHx8fHx8fHw2NDB4NDgw.jpg"}]}},{"ad_id":"871093","reg_year":"2003","make":"Land Rover","model":"Freelander","variant":"SERENGETI SE 5DR","mileage":"95000","engine_size":"1.8","fuel_type":"Petrol","body_type":"Hatchback","colour":"0000c0","location":"Dublin","price":"\u20ac 2,995","images":{"base_url":"http:\/\/i0.carsie.ie\/","image_list":[{"thumb":"ZmNhYzc2YzNmOTFlNmYwYTAwOWY3NDljOTA3ZDU5MzJw1nOE0N43G5BOxUzaS2iqODcxMDkzLTcwMzI4OTYuanBnfHx8fHx8OTJ4Njl8fHx8fA==.jpg","main":"NWE0Njg3ZDljZTFjN2I2N2VlMDAwZTRkYzYzNjk0ZDiy0Xjxz228MR_yDxqHkR9xODcxMDkzLTcwMzI4OTYuanBnfHx8fHx8fHx8fHw0MDB4MzAw.jpg","large":"MTc0ODhjZTQ1MTBlZjk1ZDE4NGQ4OTZiZWQ0NDFmZmIDfWDhmOdFCp9jGQcNaMG_ODcxMDkzLTcwMzI4OTYuanBnfHx8fHx8fHx8fHw2NDB4NDgw.jpg"}]}},{"ad_id":"894115","reg_year":"2004","make":"Mazda","model":"Mazda6","variant":"TS2","mileage":"104000","engine_size":"2.0","fuel_type":"Petrol","body_type":"Estate","colour":"e0e0e0","location":"Dublin","price":"\u20ac 2,995","images":{"base_url":"http:\/\/i0.carsie.ie\/","image_list":[{"thumb":"MjE4YzY2MzFmMWY5NmQwMTQ1NGI3YjI1M2RhMzc2YjBguRrOSLMK7sRagX99fnizODk0MTE1LTczMDE0NzIuanBnfHx8fHx8OTJ4Njl8fHx8fA==.jpg","main":"NzY0MzVhOGNiMzNlMzViMjdhODFhMjc3NzkyZDZhZTPSYGGp3zYyqHB76HlHfdskODk0MTE1LTczMDE0NzIuanBnfHx8fHx8fHx8fHw0MDB4MzAw.jpg","large":"NGQ0NTJhZWIwYjFhNmQ4ODU1ZDVjZmJmNGM0YTQ4YzRU1P7nxrARiP2m51dPOvCjODk0MTE1LTczMDE0NzIuanBnfHx8fHx8fHx8fHw2NDB4NDgw.jpg"}]}},{"ad_id":"679963","reg_year":"2001","make":"Mazda","model":"MX-5","variant":"1.8 ROADSTER","mileage":"84000","engine_size":"1.8","fuel_type":"Petrol","body_type":"Other","colour":"0000c0","location":"Dublin","price":"\u20ac 2,995","images":{"base_url":"http:\/\/i0.carsie.ie\/","image_list":[{"thumb":"YWVlOTljNWM5OTQ5YThmN2Q3N2EwMDExNjM4YjUyOWNmqx0u2NkyXjd9ZckEE0CDNjc5OTYzLTUyNzUyNzguanBnfHx8fHx8OTJ4Njl8fHx8fA==.jpg","main":"ODliODhkMDc2YjUwMDQ1M2FkMTY3NDEzYWJiMDkwMzQzIdLL_piyDDkb_uhPj_YwNjc5OTYzLTUyNzUyNzguanBnfHx8fHx8fHx8fHw0MDB4MzAw.jpg","large":"ZjUwODI4MTAyYWIxZmM0MmJmZTk2NjViMThkMzhmMjLqZrl-WISGxTsg3RPgU2oZNjc5OTYzLTUyNzUyNzguanBnfHx8fHx8fHx8fHw2NDB4NDgw.jpg"}]}},{"ad_id":"897288","reg_year":"2001","make":"Mercedes-Benz","model":"C 180","variant":"C 180","mileage":"90284","engine_size":"2.0","fuel_type":"Petrol","body_type":"Saloon","colour":"ff0000","location":"Meath","price":"\u20ac 2,995","images":{"base_url":"http:\/\/i0.carsie.ie\/","image_list":[{"thumb":"Y2ZlOTIxNTBlMTEzZWIwNzNlNjQxZDE5MjRmNmI1ZDXQnJ_p5t5X2q7_Pkeo-Qy8ODk3Mjg4LTczNTI2MDAuanBnfHx8fHx8OTJ4Njl8fHx8fA==.jpg","main":"OWM1MzRmZjQyODA3Nzc1MzZhZjY3MTljM2I5Y2Q4ZGVOYJG4rFjIF0XlDDlfox8FODk3Mjg4LTczNTI2MDAuanBnfHx8fHx8fHx8fHw0MDB4MzAw.jpg","large":"MWNkMzdiZjBiODM1MjBiMTM4NGZjNjQ4MDhiMThiZWP4c6GyLHEQqcx5xiddL9zQODk3Mjg4LTczNTI2MDAuanBnfHx8fHx8fHx8fHw2NDB4NDgw.jpg"}]}},{"ad_id":"893798","reg_year":"1999","make":"Mercedes-Benz","model":"SLK 200","variant":"200 2.0 Auto","mileage":"99000","engine_size":"2.0","fuel_type":"Petrol","body_type":"Coupe","colour":"e0e0e0","location":"Meath","price":"\u20ac 2,995","images":{"base_url":"http:\/\/i0.carsie.ie\/","image_list":[{"thumb":"MWJjMDQzNzkzODY2OTFkNzg5NzY2OGViZWQ5NWU0YTTZHuvC5774zT5vI9b5cwUFODkzNzk4LTcyOTk1MDkuanBnfHx8fHx8OTJ4Njl8fHx8fA==.jpg","main":"OTIyMjRkYzQ1MDc1MzY3NmEwOWY0MTAxZWUyNjJkZTK3VNd5PSRE-WwAg1VnlSsmODkzNzk4LTcyOTk1MDkuanBnfHx8fHx8fHx8fHw0MDB4MzAw.jpg","large":"YmNjODQ2YWI4NzVmNjdiZjg0MDJhNmFiYzk2NzI0NGGHQ85dVB2JnugpVhWs7FphODkzNzk4LTcyOTk1MDkuanBnfHx8fHx8fHx8fHw2NDB4NDgw.jpg"}]}},{"ad_id":"833532","reg_year":"1998","make":"Mercedes-Benz","model":"SLK 230","variant":"Kompressor ","mileage":"143000","engine_size":"2.3","fuel_type":"Petrol","body_type":"Cabriolet \/ Convertible","colour":"e0e0e0","location":"Longford","price":"\u20ac 2,995","images":{"base_url":"http:\/\/i0.carsie.ie\/","image_list":[{"thumb":"NmQ0YzE5NDE4YmViZmY0NDQ3ZDFlNjcyNWNkYzFkZTEBbzsGLQVmjXL-rFi2EO4ZODMzNTMyLTY2MTM4MTUuanBnfHx8fHx8OTJ4Njl8fHx8fA==.jpg","main":"MTc2NzUxNmNjY2YyZTFjMDdhNjg1MzA1MGU1ZDkwY2YwE6wK7gUAdeuXc7RxwcK3ODMzNTMyLTY2MTM4MTUuanBnfHx8fHx8fHx8fHw0MDB4MzAw.jpg","large":"NTU2ZWI5ZjhkZjJmMjZlNjdjMjE1MDhlNzczZmE5NGHf2IjvT6JCg68fYMQR-WWfODMzNTMyLTY2MTM4MTUuanBnfHx8fHx8fHx8fHw2NDB4NDgw.jpg"}]}},{"ad_id":"860269","reg_year":"1984","make":"Mini","model":"First","variant":"1.0 City","mileage":"63000","engine_size":"1.0","fuel_type":"Petrol","body_type":"Saloon","colour":"e0e0e0","location":"Dublin","price":"\u20ac 2,995","images":{"base_url":"http:\/\/i0.carsie.ie\/","image_list":[{"thumb":"M2Q4OGU4YmFhNzExYjU0NWU2NmY1ZjExNWM0Mzc3MjDpunZeaVX3gcznkWOalFMXODYwMjY5LTY5MDU0MjcuanBnfHx8fHx8OTJ4Njl8fHx8fA==.jpg","main":"NDU1YzE3YmM5MDNlMzk5YzRlNjBiYzZhNmZiNGI1MTYYKX4XPdEzBzrigSMDyAhMODYwMjY5LTY5MDU0MjcuanBnfHx8fHx8fHx8fHw0MDB4MzAw.jpg","large":"NzJlYTBhMDdiNjllOTJhMDMyOWY0YTFlZjBmNzE4NjE3t_TCZAVMHgiuGsB64YjhODYwMjY5LTY5MDU0MjcuanBnfHx8fHx8fHx8fHw2NDB4NDgw.jpg"}]}},{"ad_id":"837119","reg_year":"2003","make":"Mitsubishi","model":"Colt","variant":"1.3","mileage":"104000","engine_size":"1.3","fuel_type":"Petrol","body_type":"Hatchback","colour":"ffffff","location":"Dublin","price":"\u20ac 2,995","images":{"base_url":"http:\/\/i0.carsie.ie\/","image_list":[{"thumb":"ODNmY2RlYTkwNzdmOWY1MzNkZTk0YzI5ZmFiNzZhODCaejJU_VM0_c5AcAPP5n_WODM3MTE5LTY2NTU0NDUuanBnfHx8fHx8OTJ4Njl8fHx8fA==.jpg","main":"OTc2N2EwNTFlZWMzYzE1NjcwMWYyZjBmYTdiODJkNWGBVY7kG2uIplNOs9SqhMvgODM3MTE5LTY2NTU0NDUuanBnfHx8fHx8fHx8fHw0MDB4MzAw.jpg","large":"MjE2MGM2NDgyMTUwOWVmNGQ1MTU4YTQ1MzBmMDM0NGMsDNLzGp479rt2F612oy8WODM3MTE5LTY2NTU0NDUuanBnfHx8fHx8fHx8fHw2NDB4NDgw.jpg"}]}},{"ad_id":"846707","reg_year":"2004","make":"Mitsubishi","model":"Lancer","variant":"1.6 Sport ES","mileage":"125000","engine_size":"1.6","fuel_type":"Petrol","body_type":"SUV","colour":"858585","location":"Galway","price":"\u20ac 2,995","images":{"base_url":"http:\/\/i0.carsie.ie\/","image_list":[{"thumb":"YzI0ZTY5MTZiOTIxNjQxNDQ5MDg4M2RkYzQ5YTY5MDXxaDqlnSnX0jr4-gx1YA4PODQ2NzA3LTY3NjM2ODMuanBnfHx8fHx8OTJ4Njl8fHx8fA==.jpg","main":"Yzc2NWRiNjg1OTBmNmVhMmIzYjU5OGRkMGZmNmE1NWJYd5astK7bykm-SgTHP8l8ODQ2NzA3LTY3NjM2ODMuanBnfHx8fHx8fHx8fHw0MDB4MzAw.jpg","large":"OTgyZjhiZTJjY2QzNWZiOThlYWFkNjZkZmY4ODJjY2THGom4QbmTpyMGZ9BVZdScODQ2NzA3LTY3NjM2ODMuanBnfHx8fHx8fHx8fHw2NDB4NDgw.jpg"}]}},{"ad_id":"710729","reg_year":"2003","make":"Nissan","model":"Almera","variant":"1.5","mileage":"67000","engine_size":"1.5","fuel_type":"Petrol","body_type":"Saloon","colour":"b04a49","location":"Dublin","price":"\u20ac 2,995","images":{"base_url":"http:\/\/i0.carsie.ie\/","image_list":[{"thumb":"Yzg0OTkxN2I2ZWQ4NjEzNWZiY2E2ZTRmM2QyNTBmZWT5j0t9IrGVGmSklFQMnXqRNzEwNzI5LTUxMTczMTguanBnfHx8fHx8OTJ4Njl8fHx8fA==.jpg","main":"OTBhZmViYzQxY2Y5ZmZiZTI0YTkxMmE1MTc3ODY1ZTVn9vmItnHOBC9BTzKHoeK6NzEwNzI5LTUxMTczMTguanBnfHx8fHx8fHx8fHw0MDB4MzAw.jpg","large":"ODU5MTY0NWRiMjdhOWUzMmVmYTZjYzNjYzZhZjcxZDJYo-d8BSVXD47vo9a0-BnkNzEwNzI5LTUxMTczMTguanBnfHx8fHx8fHx8fHw2NDB4NDgw.jpg"}]}},{"ad_id":"837120","reg_year":"2003","make":"Nissan","model":"Almera","variant":"1.5 5DR Tekna","mileage":"62000","engine_size":"1.5","fuel_type":"Petrol","body_type":"Hatchback","colour":"ff0000","location":"Dublin","price":"\u20ac 2,995","images":{"base_url":"http:\/\/i0.carsie.ie\/","image_list":[{"thumb":"ZWYyODAzNDBjOGY1MDY1OTU5MTM4MTdjZmZhZTUwM2JLpiO7AhtnuI5vyLaOCKhCODM3MTIwLTY2NTU0MzcuanBnfHx8fHx8OTJ4Njl8fHx8fA==.jpg","main":"ZWQ5NWJkZTk5NTc2MTVlMzI0ZDBhMzMyMGY2NDNhODPv5AmYqYvQGqEVNXZsrVBAODM3MTIwLTY2NTU0MzcuanBnfHx8fHx8fHx8fHw0MDB4MzAw.jpg","large":"YWQ2NmQ0OTJiZGMyMGFmNDg4OTY5YzE0ZGIwYjU4MDhVztK2dk0vu7x8inVOJye7ODM3MTIwLTY2NTU0MzcuanBnfHx8fHx8fHx8fHw2NDB4NDgw.jpg"}]}},{"ad_id":"615675","reg_year":"2003","make":"Nissan","model":"Almera","variant":"","mileage":"81000","engine_size":"1.5","fuel_type":"Petrol","body_type":"Saloon","colour":"f0b800","location":"Waterford","price":"\u20ac 2,995","images":{"base_url":"http:\/\/i0.carsie.ie\/","image_list":[{"thumb":"MjFhZTZlOGQwYzMwMzEyYTJmY2E4MjkzYTJiMTU2NzAvUXjSAJ1-6_UcSpgS5kaiNjE1Njc1LTM5OTg5MTMuanBnfHx8fHx8OTJ4Njl8fHx8fA==.jpg","main":"NzE2NjZlZDJkZmQyMTc4MjgwOWUyNjE4ZGU2N2U3YzDu1i3LoqkmojqlPwHSBERJNjE1Njc1LTM5OTg5MTMuanBnfHx8fHx8fHx8fHw0MDB4MzAw.jpg","large":"OWIxNDc2ZWY2NzU1ZmEzZjkxMDc4NTY2ZDc2M2UyMjIHSSqsl7zSfEP-9-Rx3FTHNjE1Njc1LTM5OTg5MTMuanBnfHx8fHx8fHx8fHw2NDB4NDgw.jpg"}]}},{"ad_id":"784284","reg_year":"2003","make":"Nissan","model":"Almera","variant":"1.5 4DR TEKNA MINT!","mileage":"87000","engine_size":"1.5","fuel_type":"Petrol","body_type":"Saloon","colour":"f0b800","location":"Wexford","price":"\u20ac 2,995","images":{"base_url":"http:\/\/i0.carsie.ie\/","image_list":[{"thumb":"YWJkOTE4Zjc1YjNiMDIwMGQxOTliYmFlZmZiNGVkZmTkxPMtgt_CT63fQ5vIY18SNzg0Mjg0LTYwMTEzODQuanBnfHx8fHx8OTJ4Njl8fHx8fA==.jpg","main":"MDY2ZDc3Y2QwMzg0ZDM4YjFiMDZhNDM2NTdiYmM1N2RYs3rm9N2zvvS_HqOuonMGNzg0Mjg0LTYwMTEzODQuanBnfHx8fHx8fHx8fHw0MDB4MzAw.jpg","large":"NDUxMjYyMGM3MzFmY2YzMjkwM2E4NWFmODEwZDcwY2KdeybsbOM0DZZGNmG6n6bBNzg0Mjg0LTYwMTEzODQuanBnfHx8fHx8fHx8fHw2NDB4NDgw.jpg"}]}},{"ad_id":"899539","reg_year":"2006","make":"Nissan","model":"Kubistar","variant":"4DR Slider '06","mileage":"137000","engine_size":"1.5","fuel_type":"Diesel","body_type":"Van","colour":"ffffff","location":"Dublin","price":"\u20ac 2,995","images":{"base_url":"http:\/\/i0.carsie.ie\/","image_list":[{"thumb":"MWI1NGJmYWNhY2I3MGE2NGNjODM3NzJlZTYxZWU4NzZ5GVZVAyKy-uEJPjBw-1_QODk5NTM5LTczNzk4MzQuanBnfHx8fHx8OTJ4Njl8fHx8fA==.jpg","main":"MjJlZTE1NWNkMmExYzY3ZGE2YjFjNWY0NjBjOTcxYTgqYyKA1Fp37ZLD43JiUUr_ODk5NTM5LTczNzk4MzQuanBnfHx8fHx8fHx8fHw0MDB4MzAw.jpg","large":"YmE5MDhmNGM1ZDg3YTY4ZjE2ZThlY2ZmMTMyZWU0NzT3a7n_W1UkqB5hQFoRzBbRODk5NTM5LTczNzk4MzQuanBnfHx8fHx8fHx8fHw2NDB4NDgw.jpg"}]}},{"ad_id":"882453","reg_year":"2003","make":"Nissan","model":"Micra","variant":"1.0 5DR Visia","mileage":"109000","engine_size":"1.0","fuel_type":"Petrol","body_type":"Hatchback","colour":"0000c0","location":"Cork","price":"\u20ac 2,995","images":{"base_url":"http:\/\/i0.carsie.ie\/","image_list":[{"thumb":"MzA0MTQzOTBmY2Q2NWI4YjNhMDA5MmYwNDQ3YWI2NDRx2-rPUGWzRgtWTlX73MBWODgyNDUzLTcxNjIzOTcuanBnfHx8fHx8OTJ4Njl8fHx8fA==.jpg","main":"YjE3OWRmYzZmYzFjYTM1N2NkNWU0MGUxMzBiY2YwOWHAE51le8kFWKjL_lLoibaSODgyNDUzLTcxNjIzOTcuanBnfHx8fHx8fHx8fHw0MDB4MzAw.jpg","large":"NjQ5N2ZjMTczMzFhNGQwZDZlYTYyMjE2Y2RkZjlhODQLCSNIgenFKVjdYHpxOra9ODgyNDUzLTcxNjIzOTcuanBnfHx8fHx8fHx8fHw2NDB4NDgw.jpg"}]}},{"ad_id":"887779","reg_year":"2003","make":"Nissan","model":"Primera","variant":"2.2 T-spec DCI TAX 03\/13 NCT 01\/14","mileage":"93000","engine_size":"2.2","fuel_type":"Diesel","body_type":"Hatchback","colour":"0000c0","location":"Dublin","price":"\u20ac 2,995","images":{"base_url":"http:\/\/i0.carsie.ie\/","image_list":[{"thumb":"ZjUwMWJmMzEyYjdlOTU3NWUxMjIyNjlkNmI2NGFmODGuJvadpE-Z5KPvZLEyHMuQODg3Nzc5LTcyMzA2ODAuanBnfHx8fHx8OTJ4Njl8fHx8fA==.jpg","main":"MTcyZGU0NDdlNjBhNzQwNzFlZTAwNzBkOTY5NDc1MWULYdsyAA4WqnT38T9QZ8VfODg3Nzc5LTcyMzA2ODAuanBnfHx8fHx8fHx8fHw0MDB4MzAw.jpg","large":"N2IzNmU5MWMwYTM3OTA1NWIwODE4OTAyODQ4ZDE0OWQFz4Ctun6WupVCXdr9PhHiODg3Nzc5LTcyMzA2ODAuanBnfHx8fHx8fHx8fHw2NDB4NDgw.jpg"}]}}]}