{"total":"23408","result":[{"ad_id":"886540","reg_year":"2006","make":"Renault","model":"Laguna","variant":"2 1.6 16V Dynam","mileage":"109000","engine_size":"1.6","fuel_type":"Petrol","body_type":"Hatchback","colour":"7a0000","location":"Waterford","price":"\u20ac 3,975","images":{"base_url":"http:\/\/i0.carsie.ie\/","image_list":[{"thumb":"N2Q0OTYwMjVkZmYwMzgxZTA1NmM4NzE2YTJlNjgwYzZ2bUy0u64rdoDfQtjAorM7ODg2NTQwLTcyMTY2NzEuanBnfHx8fHx8OTJ4Njl8fHx8fA==.jpg","main":"MGJlZmMzZTEzZmUyMTYwMTE3MWViMmJkODA3OTE3ZjE_bA2Xa4yFZdqi4dtkfYoRODg2NTQwLTcyMTY2NzEuanBnfHx8fHx8fHx8fHw0MDB4MzAw.jpg","large":"MGFjYzJjZmJlZTA2YTk1NjdlYWZiMWE5YzcwYzI4NDh3EhiF4dqrlXTACVAKczK-ODg2NTQwLTcyMTY2NzEuanBnfHx8fHx8fHx8fHw2NDB4NDgw.jpg"}]}},{"ad_id":"888208","reg_year":"2004","make":"Peugeot","model":"307","variant":"SW Executive 1.6","mileage":"63000","engine_size":"1.6","fuel_type":"Petrol","body_type":"Estate","colour":"ff0000","location":"Dublin","price":"\u20ac 3,990","images":{"base_url":"http:\/\/i0.carsie.ie\/","image_list":[{"thumb":"YTZhODhiZjIyNTU1MzU1YWQ1ZWEyNTY3MzhlMDJhYWG3X3zSvlCxwAloMhfTH5X3ODg4MjA4LTcyMzMzOTcuanBnfHx8fHx8OTJ4Njl8fHx8fA==.jpg","main":"NjEwYjU5N2RjZmUyYmNmMDE0ZmYzZDA3ZDEwMTk4NjAPBoiZyYloUQ44e8tNvT_wODg4MjA4LTcyMzMzOTcuanBnfHx8fHx8fHx8fHw0MDB4MzAw.jpg","large":"NjM3M2UxNjEzNTEzZGNjZWRiY2Q1MDVhNjI2YWQzN2SJTRlH3sRLplwB6p9HIHeaODg4MjA4LTcyMzMzOTcuanBnfHx8fHx8fHx8fHw2NDB4NDgw.jpg"}]}},{"ad_id":"896645","reg_year":"2004","make":"Peugeot","model":"407","variant":"SR 1.6hdi 4DR","mileage":"118000","engine_size":"1.6","fuel_type":"Diesel","body_type":"Saloon","colour":"0000c0","location":"Dublin","price":"\u20ac 3,990","images":{"base_url":"http:\/\/i0.carsie.ie\/","image_list":[{"thumb":"NjAxMzEzYzJmMzRmMzVhOGY2Mjk5MjhiMTNlMWMwNzjXKgHBnSsEcqgicZnzolnsODk2NjQ1LTczNDUwODguanBnfHx8fHx8OTJ4Njl8fHx8fA==.jpg","main":"N2M4YjZmOWY4MDQxODNlOTQzNDZhY2VhNDk0ZDhiNjLepcgUmaqzm5rS55BDUKyIODk2NjQ1LTczNDUwODguanBnfHx8fHx8fHx8fHw0MDB4MzAw.jpg","large":"MThmZWZkNmYwM2NiNGRlZWY4ZWEzMWI4ZjY1OTc1ZWKgeD-51bZjaTM59K76wGiDODk2NjQ1LTczNDUwODguanBnfHx8fHx8fHx8fHw2NDB4NDgw.jpg"}]}},{"ad_id":"866146","reg_year":"2004","make":"Toyota","model":"Yaris","variant":"","mileage":"76000","engine_size":"1.0","fuel_type":"Petrol","body_type":"Hatchback","colour":"e0e0e0","location":"Dublin","price":"\u20ac 3,990","images":{"base_url":"http:\/\/i0.carsie.ie\/","image_list":[{"thumb":"ZmM0NmQ0YTY3YTc5YmE0Yzg0NjhiMWVkNTljMTM1ZGPJhBmH0eIC9vib3G2YFA84ODY2MTQ2LTcwMDQ0ODkuanBnfHx8fHx8OTJ4Njl8fHx8fA==.jpg","main":"NGFhMmY2MjQ2MzkwZGM5MWJhNDBiNjNjYTRlZmNlMjmK7CjG67ziAmlGR0JhdVNvODY2MTQ2LTcwMDQ0ODkuanBnfHx8fHx8fHx8fHw0MDB4MzAw.jpg","large":"ZmJhOTcxYzU1MWQ0NDcwODRmYWI5NThiNmUzNmI4MjT3ZunGik_cg99hq95cybqLODY2MTQ2LTcwMDQ0ODkuanBnfHx8fHx8fHx8fHw2NDB4NDgw.jpg"}]}},{"ad_id":"899392","reg_year":"2003","make":"Toyota","model":"Corolla","variant":"T3 Vvt-i","mileage":"92931","engine_size":"1.4","fuel_type":"Petrol","body_type":"Hatchback","colour":"e0e0e0","location":"Meath","price":"\u20ac 3,992","images":{"base_url":"http:\/\/i0.carsie.ie\/","image_list":[{"thumb":"ZGMwYmIyODU3YTNlMzM0YjgwNmQ1MTk5ZDViN2FlYmFNoKArZuDy0kt6BvmGBxiyODk5MzkyLTczNzcyMjEuanBnfHx8fHx8OTJ4Njl8fHx8fA==.jpg","main":"N2MxYmM4ZDRkNDA1MDBmNTY2ODFmMzRhNTg4YjVhN2X7cVQgLCdjqso9IL929mGXODk5MzkyLTczNzcyMjEuanBnfHx8fHx8fHx8fHw0MDB4MzAw.jpg","large":"NTE5ZmY0MTU3NDY0ZDgzOWUyZDI1NWM5Y2ZkYmRhODi8S_sJzJb0-RhMRSzH2O8VODk5MzkyLTczNzcyMjEuanBnfHx8fHx8fHx8fHw2NDB4NDgw.jpg"}]}},{"ad_id":"895345","reg_year":"2002","make":"Audi","model":"A3","variant":"1.6 102HP Ambition","mileage":"86100","engine_size":"1.6","fuel_type":"Petrol","body_type":"Hatchback","colour":"0000c0","location":"Dublin","price":"\u20ac 3,995","images":{"base_url":"http:\/\/i0.carsie.ie\/","image_list":[{"thumb":"YmExOTBlMDgzZjk0NzU2YjUxODc2MTI4YWU4Yzg2MTGiAgdSMWtKy1Cmm0sYaIzTODk1MzQ1LTczMjMwNzMuanBnfHx8fHx8OTJ4Njl8fHx8fA==.jpg","main":"YWNlYmM0ZWU0MGJjMjcyMTkzYjZjZDkxN2ZjNWRjYjD-Rsv1yv0w3Q0oz0V3b7M-ODk1MzQ1LTczMjMwNzMuanBnfHx8fHx8fHx8fHw0MDB4MzAw.jpg","large":"NmMxNjhhNTlkODBjYzhjNmZjNjE2Y2RjY2M3MWEyOGE4jqLswiUEMD-hd_E54AVmODk1MzQ1LTczMjMwNzMuanBnfHx8fHx8fHx8fHw2NDB4NDgw.jpg"}]}},{"ad_id":"896688","reg_year":"2002","make":"Audi","model":"A6","variant":"2.0 130 BHP","mileage":"132000","engine_size":"2.0","fuel_type":"Petrol","body_type":"Saloon","colour":"0000c0","location":"Dublin","price":"\u20ac 3,995","images":{"base_url":"http:\/\/i0.carsie.ie\/","image_list":[{"thumb":"MTU1MDIwYWU3OWZjMDNjMTI3Zjk3ZDI1MGQ2ZWVhM2UGAKzWCeVGFxFSMmHikLYDODk2Njg4LTczNDU2ODQuanBnfHx8fHx8OTJ4Njl8fHx8fA==.jpg","main":"ODNlMzYyNGI3NmMzNTMzMDM2ZGZjMDkwYmE1OTU4YzUCs0YcaUUUOklf0Mf5w8QdODk2Njg4LTczNDU2ODQuanBnfHx8fHx8fHx8fHw0MDB4MzAw.jpg","large":"NWM0MTM3ZTdiZDI0ZThjYTEwNWU5NWVjMzAyNzQ5ZjhNSqIaFG_DMlnBQfcPEZVhODk2Njg4LTczNDU2ODQuanBnfHx8fHx8fHx8fHw2NDB4NDgw.jpg"}]}},{"ad_id":"890857","reg_year":"2002","make":"BMW","model":"318","variant":"CI","mileage":"127820","engine_size":"2.0","fuel_type":"Petrol","body_type":"Coupe","colour":"000000","location":"Dublin","price":"\u20ac 3,995","images":{"base_url":"http:\/\/i0.carsie.ie\/","image_list":[{"thumb":"ZDg1ZGM2YzIyZTg1MTNkZDIzNjFlNTMxODNiZDBhMWXh6UJt5oBDY4u10qvUb0lZODkwODU3LTcyNjQzNDYuanBnfHx8fHx8OTJ4Njl8fHx8fA==.jpg","main":"MWQ5MzQzZDk1MWY1N2NlYTQ1OTNjNTk2YWEzZmEzZmNznHyCglGxjZYkcKDqQhEFODkwODU3LTcyNjQzNDYuanBnfHx8fHx8fHx8fHw0MDB4MzAw.jpg","large":"NjE4NWQwMTFiODFmZDVlYmFhYjgxOTk3MTM3MGI2NGbruv3VVs_CxSZ6r9KM-3UcODkwODU3LTcyNjQzNDYuanBnfHx8fHx8fHx8fHw2NDB4NDgw.jpg"}]}},{"ad_id":"900645","reg_year":"2004","make":"BMW","model":"520","variant":"I Saloon SE","mileage":"102260","engine_size":"2.2","fuel_type":"Petrol","body_type":"Saloon","colour":"000000","location":"Meath","price":"\u20ac 3,995","images":{"base_url":"http:\/\/i0.carsie.ie\/","image_list":[{"thumb":"MDYyNzYyOTc1YzRhMDE4MjcyMGEwYjZhMGRmYTg3M2WXkK3V14xSxppj4oejrHGxOTAwNjQ1LTc0MDQ2OTYuanBnfHx8fHx8OTJ4Njl8fHx8fA==.jpg","main":"YWY1MzNjYjU0MjBmMjQ1ODY4ODQyMTBhYjdhYmM4YmMEzWTnsHkzLrAyX7JJzEvxOTAwNjQ1LTc0MDQ2OTYuanBnfHx8fHx8fHx8fHw0MDB4MzAw.jpg","large":"MTRiODM2NzJkNTE4OGU3NTgyYzQ2MGE3MWJmMDA2ZmPMixd17o10u9rhd5VBTUNDOTAwNjQ1LTc0MDQ2OTYuanBnfHx8fHx8fHx8fHw2NDB4NDgw.jpg"}]}},{"ad_id":"893736","reg_year":"2009","make":"Chevrolet","model":"Lacetti","variant":"1.6 SX S\/W MY06","mileage":"60102","engine_size":"1.6","fuel_type":"Petrol","body_type":"Estate","colour":"0000c0","location":"Dublin","price":"\u20ac 3,995","images":{"base_url":"http:\/\/i0.carsie.ie\/","image_list":[{"thumb":"NGMwYmM0NjgyYjA1NmRjZmRlYTU5ZTBkNTQwM2VmZjTVCV_xALBIiqSekfGhflreODkzNzM2LTcyODI5MjcuanBnfHx8fHx8OTJ4Njl8fHx8fA==.jpg","main":"ODc2MDE2N2NhYjQ3MjM2YTQ4Y2NkNDI1NDFiOTI1NGFp0jXIbWjzBqXDPncydWq1ODkzNzM2LTcyODI5MjcuanBnfHx8fHx8fHx8fHw0MDB4MzAw.jpg","large":"YmE5YmJiNDc5ODZiYTRhMjY3ZTFkOGEyZTdiNGJhMTYqaRIrI0Vmy9JbPuG6FnNeODkzNzM2LTcyODI5MjcuanBnfHx8fHx8fHx8fHw2NDB4NDgw.jpg"}]}},{"ad_id":"845063","reg_year":"2005","make":"Chevrolet","model":"Rexton","variant":"RX270 X5 5DR","mileage":"99000","engine_size":"2.7","fuel_type":"Diesel","body_type":"Estate","colour":"0000c0","location":"Dublin","price":"\u20ac 3,995","images":{"base_url":"http:\/\/i0.carsie.ie\/","image_list":[{"thumb":"NzIxMzdmNWZhMWM2YjZmNzE0NWQ5ZTE0YjlkOTkyMzlNblCCzxh2s0ximjRWxa5NODQ1MDYzLTY3NDc4NDQuanBnfHx8fHx8OTJ4Njl8fHx8fA==.jpg","main":"NzY0MTExMGUwZjUyNWFjYzhmMzVmZWNkZjZlMjEzNznAANfx5LzIy5jXzci-Yza6ODQ1MDYzLTY3NDc4NDQuanBnfHx8fHx8fHx8fHw0MDB4MzAw.jpg","large":"MGY3NWVkZmIxNWU1YTc0ZjJiYjc1MDZmNjUxMjA5YzZAPoNfSqVw6GcJgy0RqVlWODQ1MDYzLTY3NDc4NDQuanBnfHx8fHx8fHx8fHw2NDB4NDgw.jpg"}]}},{"ad_id":"838633","reg_year":"2004","make":"Citroen","model":"C3","variant":"HDI","mileage":"71000","engine_size":"1.4","fuel_type":"Diesel","body_type":"Hatchback","colour":"e0e0e0","location":"Waterford","price":"\u20ac 3,995","images":{"base_url":"http:\/\/i0.carsie.ie\/","image_list":[{"thumb":"MzZmYmVlM2ZlOTMxNjhkNzc0NjNkYjgxNmYzYjZjYTBQt7PIRYU4Xe2jgN339orZODM4NjMzLTY2NzAyOTMuanBnfHx8fHx8OTJ4Njl8fHx8fA==.jpg","main":"M2JhMzU1NGRlYzgxNzQzMDIzYTAxYjc4YmE4YmRiNGZ8ZzfX9D_DSIyRGFH3OLBuODM4NjMzLTY2NzAyOTMuanBnfHx8fHx8fHx8fHw0MDB4MzAw.jpg","large":"NGYzMjY5M2E2YThmMGRiMTZiMjQwMDhmNTg5MjUzYThqJ-dygGRC87iXgcm0d9t9ODM4NjMzLTY2NzAyOTMuanBnfHx8fHx8fHx8fHw2NDB4NDgw.jpg"}]}},{"ad_id":"869468","reg_year":"2004","make":"Ford","model":"C-Max","variant":"1.6 C Max 4995 Less 1000 Scrappage Special","mileage":"93000","engine_size":"1.6","fuel_type":"Petrol","body_type":"Hatchback","colour":"0000c0","location":"Waterford","price":"\u20ac 3,995","images":{"base_url":"http:\/\/i0.carsie.ie\/","image_list":[{"thumb":"NTQ3MDYwNmU2YTM5YjhkNDlmNjY2YzQ5MTRkZWNlZDG3RVM2Pk0ntHUdJoP1LgxoODY5NDY4LS5qcGd8fHx8fHw5Mng2OXx8fHx8.jpg","main":"NDZjMGU3MDYzNjAyMzNmMDZhNTk1ZmJiZjA4MzFlYjkcix4wVAZ6w7Z4_bxZQVNbODY5NDY4LS5qcGd8fHx8fHx8fHx8fDQwMHgzMDA=.jpg","large":"ZDlmZWUzNjNjYzU5NDU0YzkzMWFhYzljZTFiYzdmNjNNDqsdgiql7TL5re_iaAisODY5NDY4LS5qcGd8fHx8fHx8fHx8fDY0MHg0ODA=.jpg"}]}},{"ad_id":"899602","reg_year":"2004","make":"Ford","model":"Fiesta","variant":"1.2 5DR, 2 OWNER FIESTA STEEL MODEL, SUNROOF, SERVICED, NEW NCT TILL OCTOBER 2014, ALLOYS","mileage":"72000","engine_size":"1.2","fuel_type":"Petrol","body_type":"Hatchback","colour":"e0e0e0","location":"Dublin","price":"\u20ac 3,995","images":{"base_url":"http:\/\/i0.carsie.ie\/","image_list":[{"thumb":"NzcxN2NkOTBlNDVkZmI0NGRiMGVkZjQ5MTgwNjAxOTmBj3VU3Hi05Qnea6LKi03CODk5NjAyLTczODA3MzcuanBnfHx8fHx8OTJ4Njl8fHx8fA==.jpg","main":"ZjY4MWFmN2M4N2NiMTI5YTVlMTAzOGUzOTQ0YjAwN2NzgsexfUm5EGvODff6CIg6ODk5NjAyLTczODA3MzcuanBnfHx8fHx8fHx8fHw0MDB4MzAw.jpg","large":"NWEyNzFlZjE2ZGNiODQwZGJjMzc4ZmRmYzE2MjlmNTXv4OI3-OAmuneu5-POlVMEODk5NjAyLTczODA3MzcuanBnfHx8fHx8fHx8fHw2NDB4NDgw.jpg"}]}},{"ad_id":"860667","reg_year":"2005","make":"Ford","model":"Fiesta","variant":"Steel 2 1.25 5DR","mileage":"96936","engine_size":"1.2","fuel_type":"Petrol","body_type":"Hatchback","colour":"0000c0","location":"Tipperary","price":"\u20ac 3,995","images":{"base_url":"http:\/\/i0.carsie.ie\/","image_list":[{"thumb":"MjYxMGNjNjlhZDczYTgxMWQwNGRjZDY4Mzk1MWVjN2EM4GNdp83T1UM71_NWVLxiODYwNjY3LTY5MDk5MDEuanBnfHx8fHx8OTJ4Njl8fHx8fA==.jpg","main":"OTIxY2YyODcxMmIwZDQ5YWEzMTg2OTU1OWEyZmMwOTAVLLC8qEjhaNKWdrUroB0_ODYwNjY3LTY5MDk5MDEuanBnfHx8fHx8fHx8fHw0MDB4MzAw.jpg","large":"MjM4NzllMGU0MGRkOTZlOTdjYWExNTk5MjE4NjQ4YWVaZNX_89HG4sAnV3mK1tNuODYwNjY3LTY5MDk5MDEuanBnfHx8fHx8fHx8fHw2NDB4NDgw.jpg"}]}},{"ad_id":"901856","reg_year":"2004","make":"Ford","model":"Focus","variant":"LX 5DR","mileage":"64000","engine_size":"1.4","fuel_type":"Petrol","body_type":"Hatchback","colour":"e0e0e0","location":"Dublin","price":"\u20ac 3,995","images":{"base_url":"http:\/\/i0.carsie.ie\/","image_list":[{"thumb":"ZmRkZWJhNjkwYzRlMmYzYzNiOTQyZDY3NzdhYWU0ZTjdOvDxUs7zvEp1GIUb_IKEOTAxODU2LTc0MjU3NjAuanBnfHx8fHx8OTJ4Njl8fHx8fA==.jpg","main":"YTUxNjBiMDdmMzQ3NWZhZmQxZDEwN2YyNzM3YTk5ZDeQu1zxcMfD-rUOuum09zwDOTAxODU2LTc0MjU3NjAuanBnfHx8fHx8fHx8fHw0MDB4MzAw.jpg","large":"MmZiODRhOTAyYmQyM2I4YjA3N2M4NmZkZmZhMDRiYjQfN8FLp6ZpJWMXI36XCBB5OTAxODU2LTc0MjU3NjAuanBnfHx8fHx8fHx8fHw2NDB4NDgw.jpg"}]}},{"ad_id":"883158","reg_year":"2004","make":"Ford","model":"Mondeo","variant":"Ghia Durashift 5DR","mileage":"140000","engine_size":"2.0","fuel_type":"Diesel","body_type":"Hatchback","colour":"000000","location":"Dublin","price":"\u20ac 3,995","images":{"base_url":"http:\/\/i0.carsie.ie\/","image_list":[{"thumb":"NTJmZjgzZjA4OWIzY2UzZTdjMjViYWJjZjE3NDY0OTbFsjuCVga7nax_VcrvgPVAODgzMTU4LTcyMzg2OTMuanBnfHx8fHx8OTJ4Njl8fHx8fA==.jpg","main":"NzE1NmZkMGJlNTA4M2JhYjZhNjk1YmM3MWI5MmZmOWPcYsdJY1TwR1pZtf0EufoqODgzMTU4LTcyMzg2OTMuanBnfHx8fHx8fHx8fHw0MDB4MzAw.jpg","large":"ZWZkMTQ5MmQ3MTUwZmZkZDc1MjNkNTM4MjVhMjAyODLUcyF1y_JBlk8n5nEBMP_1ODgzMTU4LTcyMzg2OTMuanBnfHx8fHx8fHx8fHw2NDB4NDgw.jpg"}]}},{"ad_id":"888177","reg_year":"2005","make":"Ford","model":"Mondeo","variant":"1.8 LX 4DR","mileage":"52000","engine_size":"1.8","fuel_type":"Petrol","body_type":"Saloon","colour":"0000c0","location":"Dublin","price":"\u20ac 3,995","images":{"base_url":"http:\/\/i0.carsie.ie\/","image_list":[{"thumb":"ODliOWM5MDI2NzBmYzY5MjU2YjQyZTAzNmI2NGZhYjTvJrem5bJ325wGK_B41f1TODg4MTc3LTcyNjYxNTAuanBnfHx8fHx8OTJ4Njl8fHx8fA==.jpg","main":"OGJlODA3OThmYzc3NTY2NGQyMThjNjM3ZjhmZGJiMzDQC2NAFO0m1eIUjEPPJjtDODg4MTc3LTcyNjYxNTAuanBnfHx8fHx8fHx8fHw0MDB4MzAw.jpg","large":"MzA4NmViZGY1ZDRmM2IxODhhMGU2YTkwOTMzODA0ZWO55GXUVbCbgM8orM9xvBs_ODg4MTc3LTcyNjYxNTAuanBnfHx8fHx8fHx8fHw2NDB4NDgw.jpg"}]}},{"ad_id":"806304","reg_year":"2004","make":"Honda","model":"Accord","variant":"2.2i Ctdi Sport 04DR","mileage":"204000","engine_size":"2.2","fuel_type":"Diesel","body_type":"Saloon","colour":"ff0000","location":"Dublin","price":"\u20ac 3,995","images":{"base_url":"http:\/\/i0.carsie.ie\/","image_list":[{"thumb":"YzJlMzk2MjkwZWRiNWY1Y2Q4MjZiODEyNDVmYTI2NjEHWAwTxXNbtCHFamcpV4_PODA2MzA0LTYyOTk5MTUuanBnfHx8fHx8OTJ4Njl8fHx8fA==.jpg","main":"YzQyZTRiYjA5ZDZhNjQ3NmJkNzIwNzVjMjE5YWY5ZWbMq9wz0TzBKw2tRS9g5hCkODA2MzA0LTYyOTk5MTUuanBnfHx8fHx8fHx8fHw0MDB4MzAw.jpg","large":"Mzc2MDlmYzY0MGI0NGJhMmRhMWQwOTRjNzdkMWIzZTUkYLcmaCHKL1-MJzWgyPk2ODA2MzA0LTYyOTk5MTUuanBnfHx8fHx8fHx8fHw2NDB4NDgw.jpg"}]}},{"ad_id":"900806","reg_year":"2006","make":"Hyundai","model":"Accent","variant":"4DR GLS","mileage":"62760","engine_size":"1.3","fuel_type":"Petrol","body_type":"Saloon","colour":"e0e0e0","location":"Tipperary","price":"\u20ac 3,995","images":{"base_url":"http:\/\/i0.carsie.ie\/","image_list":[{"thumb":"MTRiZDE3YTUzMzVkMmQ4YjNlYTk4MzViYTczN2RiZGNqJGb5yBvcL9Tz4-1PV3eyOTAwODA2LTc0MTc0MzYuanBnfHx8fHx8OTJ4Njl8fHx8fA==.jpg","main":"YTEyOTgwMGU2ZGY5MjM1OGFhMGZhZTZmYjZlZTlmYmLJBjRkzn-qmQFkZH0qBc5KOTAwODA2LTc0MTc0MzYuanBnfHx8fHx8fHx8fHw0MDB4MzAw.jpg","large":"YTc0MWVhNGIxMWZkMDlkMGNhZjcyOTYzOTUwNTQyY2XUb8cM4GQkDKnKJp20izg8OTAwODA2LTc0MTc0MzYuanBnfHx8fHx8fHx8fHw2NDB4NDgw.jpg"}]}}]}