{"total":"23408","result":[{"ad_id":"884954","reg_year":"2002","make":"Vauxhall","model":"Vectra","variant":"LS 05DR","mileage":"134870","engine_size":"1.8","fuel_type":"Petrol","body_type":"Hatchback","colour":"858585","location":"Mayo","price":"\u20ac 1,700","images":{"base_url":"http:\/\/i0.carsie.ie\/","image_list":[{"thumb":"YWM5NWQxN2MyODkwZmVkYWQ2M2JiMmU5YjI4MWRhMDfBE4xq7KpOwFwJR1txCICcODg0OTU0LTcyMDA5OTguanBnfHx8fHx8OTJ4Njl8fHx8fA==.jpg","main":"ZWNjNTU3OGEyMWNmYTlhMjI4OWMyODk5NDEzNmVhM2YKf6WQ-2l5DwgvPAe-0_cAODg0OTU0LTcyMDA5OTguanBnfHx8fHx8fHx8fHw0MDB4MzAw.jpg","large":"YmI0YmU3MzEwZWEyNDg5NTc4ZTBlOWM3MzA1Y2E1ZDfxgzs5nICRE_T0_rOztv_7ODg0OTU0LTcyMDA5OTguanBnfHx8fHx8fHx8fHw2NDB4NDgw.jpg"}]}},{"ad_id":"831916","reg_year":"2000","make":"Volkswagen","model":"Golf","variant":"CAB Trend 1.8 nct 09\/13 ","mileage":"107223","engine_size":"1.8","fuel_type":"Petrol","body_type":"Cabriolet \/ Convertible","colour":"e0e0e0","location":"Kildare","price":"\u20ac 1,700","images":{"base_url":"http:\/\/i0.carsie.ie\/","image_list":[{"thumb":"MDk1ZmIwMjkxMjM5ZjkxNTgwYmYzZTllOTE4YjI5YWJDZHU1mfMMUhUZhnIp8ArUODMxOTE2LTY1OTU3MDguanBnfHx8fHx8OTJ4Njl8fHx8fA==.jpg","main":"ZTk3YTQyNDc2MWQ4NjhlMDNmNjQ3NjdkMWQ1Nzc0NmSw0YXqK9SIlLsY9nrcktS9ODMxOTE2LTY1OTU3MDguanBnfHx8fHx8fHx8fHw0MDB4MzAw.jpg","large":"MzUxMDM3ZjllNTMwMjc1ODE2MWM5MTQ4MjNkOGZhOWU1gBS5PNa2Ngfi5L22tZ_qODMxOTE2LTY1OTU3MDguanBnfHx8fHx8fHx8fHw2NDB4NDgw.jpg"}]}},{"ad_id":"846518","reg_year":"2002","make":"Hyundai","model":"Trajet","variant":"7 SEATER , MINT COND, ","mileage":"95000","engine_size":"2.0","fuel_type":"Petrol","body_type":"People Carrier","colour":"b9cdfb","location":"Dublin","price":"\u20ac 1,744","images":{"base_url":"http:\/\/i0.carsie.ie\/","image_list":[{"thumb":"ZTFhY2I3MzRiMjJhNzlkNjE4MDJkOTRjZGJjNzYxZmRa0625825lO0Q1ZCs9vCeQODQ2NTE4LTY3NjA0NDIuanBnfHx8fHx8OTJ4Njl8fHx8fA==.jpg","main":"ODM3ZjA1ZWUzZDZmYWRmZmI3MTExZDE5ODcwM2I4MTTHJPy84-AMowWUxIzs0rYkODQ2NTE4LTY3NjA0NDIuanBnfHx8fHx8fHx8fHw0MDB4MzAw.jpg","large":"NTNhOTZhZjdjZWVkMGQ1NTQ4YTA5YzNjNTk0N2U5NWZcOiPB0FwimBXOysingffKODQ2NTE4LTY3NjA0NDIuanBnfHx8fHx8fHx8fHw2NDB4NDgw.jpg"}]}},{"ad_id":"882390","reg_year":"2002","make":"Fiat","model":"Stilo","variant":"1.2, 5DR, NCT JAN-14, ONE OWNER, AS NEW, \"\"MUST BE SEEN\"\" N4CARS. ie","mileage":"98000","engine_size":"1.2","fuel_type":"Petrol","body_type":null,"colour":"ff0000","location":"Dublin","price":"\u20ac 1,749","images":{"base_url":"http:\/\/i0.carsie.ie\/","image_list":[{"thumb":"YjlhYTdmOTMxYzI1YmY3NmE1YWZhNzhiMTNkOTBlMzgXaqN2D_SUFAgEI36Om3G3ODgyMzkwLTczNTM0MjMuanBnfHx8fHx8OTJ4Njl8fHx8fA==.jpg","main":"YjhmZTk1NTFhODA1YjgxM2JlNmZhODYxODc3N2JjZTMmEp3XqYpnEjI6eVkad8aDODgyMzkwLTczNTM0MjMuanBnfHx8fHx8fHx8fHw0MDB4MzAw.jpg","large":"NmNjNTNhMjQxYzYzOTdiODcyYTVmNzRlNGM1MmEyY2SbhLSHPEKNCoHeoqyRkSufODgyMzkwLTczNTM0MjMuanBnfHx8fHx8fHx8fHw2NDB4NDgw.jpg"}]}},{"ad_id":"900452","reg_year":"2001","make":"Ford","model":"Focus","variant":"TOP-SPEC GHIA \/ NCT JAN-14 \/ VERY CAREFUL LADY OWNER \/ FULLY SERVICED \/ AS NEW \/ \"\"MUST BE SEEN\"\" \/ www. N4CARS. ie","mileage":"143000","engine_size":"1.6","fuel_type":"Petrol","body_type":null,"colour":"0000c0","location":"Dublin","price":"\u20ac 1,749","images":{"base_url":"http:\/\/i0.carsie.ie\/","image_list":[{"thumb":"ZWE1NjhkZDI2NTRlZmE1ZWJkYWUzMWQ0MjI4NTRjNDaAQFtN7MBu5FjkM7MP6xmyOTAwNDUyLTc0MDI3NDYuanBnfHx8fHx8OTJ4Njl8fHx8fA==.jpg","main":"NjJlYTU3MjgwZDc0Njg3YTJlZDA3YTc3YmI1MzIxNmZ5jP3IgmwXqxzPVJGhtmBSOTAwNDUyLTc0MDI3NDYuanBnfHx8fHx8fHx8fHw0MDB4MzAw.jpg","large":"MjczZGYyNDU5MjVlOTlkMjVmYmNhNDBmZjM5ZDUwYzjL7ry8cwFRxv9SoQwfcLF-OTAwNDUyLTc0MDI3NDYuanBnfHx8fHx8fHx8fHw2NDB4NDgw.jpg"}]}},{"ad_id":"900461","reg_year":"2000","make":"Ford","model":"Mondeo","variant":"1.8 DIESEL \/ NCT JUN-14 \/ VERY ECONOMICAL \/ RELIABLE \/ \"\"MUST BE SEEN\"\" \/ www. N4CARS. ie","mileage":"110000","engine_size":"1.8","fuel_type":"Diesel","body_type":null,"colour":"e0e0e0","location":"Dublin","price":"\u20ac 1,749","images":{"base_url":"http:\/\/i0.carsie.ie\/","image_list":[{"thumb":"MzViM2JiNWJiNzk5ZDJmYzc3YjQzMTAwMGRjOWYzODEJC12QBP3GnOFrm6SHs2S3OTAwNDYxLTc0MDI3NTUuanBnfHx8fHx8OTJ4Njl8fHx8fA==.jpg","main":"NjlhZTUzYjExMjNmOTdiM2NmOGM3MjQ4NjkxYTIzZDG-2Qmnqr-ERkfZG5EhHTJ-OTAwNDYxLTc0MDI3NTUuanBnfHx8fHx8fHx8fHw0MDB4MzAw.jpg","large":"YWQwZmY4MDk5NTEyNGNmNmJhNGM1M2JmYTcwNmFiOTBXYi3Mb_ac8yRs0HGKM2wxOTAwNDYxLTc0MDI3NTUuanBnfHx8fHx8fHx8fHw2NDB4NDgw.jpg"}]}},{"ad_id":"882397","reg_year":"2000","make":"Hyundai","model":"Coupe","variant":"1.6 COUPE, FX, NCT OCT-13, VERY CAREFUL OWNER, IMMACULATE, AS NEW, \"\"MUST BE SEEN\"\", N4CARS. ie","mileage":"114000","engine_size":"1.6","fuel_type":"Petrol","body_type":null,"colour":"ff0000","location":"Dublin","price":"\u20ac 1,749","images":{"base_url":"http:\/\/i0.carsie.ie\/","image_list":[{"thumb":"MDQ2MTliZjFlNzQ0Mjk0ZmExNWQ2Y2M5YzIyNTQ5ZjhWkslbSGufTEuQD_2bqjJ0ODgyMzk3LTczMjc3MzQuanBnfHx8fHx8OTJ4Njl8fHx8fA==.jpg","main":"NzI0NDMxZTcyNTc4NjA3NGZiZGJlMzVjYjc4MDEyYjZQj8RuPQ1CcbyiITojyMBvODgyMzk3LTczMjc3MzQuanBnfHx8fHx8fHx8fHw0MDB4MzAw.jpg","large":"ZGYzNThmZDY2ZDI0NmM0Y2NjMmFkYTE3M2ZmMmMwOTLc5SULj7BD6uDTYDvMtZlfODgyMzk3LTczMjc3MzQuanBnfHx8fHx8fHx8fHw2NDB4NDgw.jpg"}]}},{"ad_id":"901051","reg_year":"1999","make":"Mercedes-Benz","model":"A 140","variant":null,"mileage":"110000","engine_size":"1.4","fuel_type":"Petrol","body_type":null,"colour":"858585","location":"Dublin","price":"\u20ac 1,749","images":{"base_url":"http:\/\/i0.carsie.ie\/","image_list":[{"thumb":"NmQ4NzlhM2MwMGRkNzcwZmZhMzk3N2I1OWY1MDFjNTA1pbbJSCJHmN9Bblcr3NBLOTAxMDUxLTc0MTYxNjYuanBnfHx8fHx8OTJ4Njl8fHx8fA==.jpg","main":"YzU1MGVjOTFhNWE5YWUxNjI3MTg4MTMwNjczZTI2MWTsSfV_M2gP7kEYlp8s4GnaOTAxMDUxLTc0MTYxNjYuanBnfHx8fHx8fHx8fHw0MDB4MzAw.jpg","large":"N2ZlZTUyYWJkOWU3ZDRiZTMxZThhNThjNzIzNmI1ZmGmnCMgxTcgpZQBBrQ2fUX6OTAxMDUxLTc0MTYxNjYuanBnfHx8fHx8fHx8fHw2NDB4NDgw.jpg"}]}},{"ad_id":"884399","reg_year":"2001","make":"Mitsubishi","model":"Lancer","variant":"1.3 GLX, NCT FEB-14, CHEAP, RELIABLE, ECONOMICAL, \"\"MUST BE SEEN\"\", ","mileage":"98750","engine_size":"1.3","fuel_type":"Petrol","body_type":null,"colour":"008000","location":"Dublin","price":"\u20ac 1,749","images":{"base_url":"http:\/\/i0.carsie.ie\/","image_list":[{"thumb":"MDEwNzkyZGVkMjg2NzQ2NjI2YzRiYTk5MzNiYTM0Y2NWsPXl6FVonAqM5wDfOVDNODg0Mzk5LTcxOTQ4ODcuanBnfHx8fHx8OTJ4Njl8fHx8fA==.jpg","main":"ODcwMDdjNTM0NjlkYTI1YWI1MjBlY2Q4NTQwMDg5ZjhqN4ZOJETlGJDmbcqgd-1MODg0Mzk5LTcxOTQ4ODcuanBnfHx8fHx8fHx8fHw0MDB4MzAw.jpg","large":"ZDJmMjg5Mjc2ZWY4NWJhMzMzOGY4MDRhMTQ3OGZmZjWO1VPEbxIY2BZl3WdQEHv9ODg0Mzk5LTcxOTQ4ODcuanBnfHx8fHx8fHx8fHw2NDB4NDgw.jpg"}]}},{"ad_id":"855516","reg_year":"2001","make":"Opel","model":"Vectra","variant":"1.6 ELEGANCE, TOP-SPEC, NEW NCT JUL-13, AS NEW, \"\"MUST BE SEEN\"\", N4CARS. ie","mileage":"120000","engine_size":"1.6","fuel_type":"Petrol","body_type":null,"colour":"858585","location":"Dublin","price":"\u20ac 1,749","images":{"base_url":"http:\/\/i0.carsie.ie\/","image_list":[{"thumb":"ZGFiY2NjNjM5NDFlOTJlNWJlMWQxNWZlM2Y1ZjFhMDjSE8gu0MN_5vn7gOR3o7DSODU1NTE2LTcwODQ5MDUuanBnfHx8fHx8OTJ4Njl8fHx8fA==.jpg","main":"NjIyOWFkZTk0ZjgwNzZhZjYxY2UyMWQ0Njg1OTZiZmHguOKjXH70GmpBhIhao3gVODU1NTE2LTcwODQ5MDUuanBnfHx8fHx8fHx8fHw0MDB4MzAw.jpg","large":"MzQ2ZmU4Y2JiN2Y4YzNmOTRiYTA3MmVmMTBiOTMxNmV_Iw_rld9YWBv0i87nvD9GODU1NTE2LTcwODQ5MDUuanBnfHx8fHx8fHx8fHw2NDB4NDgw.jpg"}]}},{"ad_id":"855536","reg_year":"2001","make":"Opel","model":"Vectra","variant":"1.6 4DR NCT OCT-13 Air-Con AS NEW, \"\"MUST BE SEEN\"\", N4CARS. ie","mileage":"110000","engine_size":"1.6","fuel_type":"Petrol","body_type":null,"colour":"994d00","location":"Dublin","price":"\u20ac 1,749","images":{"base_url":"http:\/\/i0.carsie.ie\/","image_list":[{"thumb":"ZjIwMzg3NzgwNTZkY2NmZGMwM2U2M2FmNmNiOTcwMTFjVsWczkvjocqvDKV-OOCpODU1NTM2LTcwODQ5NTYuanBnfHx8fHx8OTJ4Njl8fHx8fA==.jpg","main":"MDUzNzgwYmNmZGVlNDEyMzg5NWQ0NGUxNTM4NjUwZDjl7gPiAIVZLliPVhVuRt3fODU1NTM2LTcwODQ5NTYuanBnfHx8fHx8fHx8fHw0MDB4MzAw.jpg","large":"M2UyN2I0OTc0NjQyZGQ3MTFhNDBmYWRjYzlmYmM3MGGOR_WPJxAc51geP6uVZlLdODU1NTM2LTcwODQ5NTYuanBnfHx8fHx8fHx8fHw2NDB4NDgw.jpg"}]}},{"ad_id":"875114","reg_year":"1999","make":"Peugeot","model":"Partner","variant":"1.9 DIESEL, ECONOMICAL, RELIABLE, NEW DOE, EXCELLENT VALUE, \"\"MUST BE SEEN\"\", N4CARS. ie","mileage":"147000","engine_size":"1.9","fuel_type":"Diesel","body_type":null,"colour":"ffffff","location":"Dublin","price":"\u20ac 1,749","images":{"base_url":"http:\/\/i0.carsie.ie\/","image_list":[{"thumb":"NTA4NjY1NTE5ZTlkOWE3MjVmY2Q1NWU0MmYzNGUwNjjS7O5qSivg_SxCjaCKik2bODc1MTE0LTcwOTM1NjUuanBnfHx8fHx8OTJ4Njl8fHx8fA==.jpg","main":"ZTQ4ZTY2MzdiYjM4NjkwM2NmNDdkNGM3Yjc0MzY4NDekbGELanO2ZfMISmw7lOX4ODc1MTE0LTcwOTM1NjUuanBnfHx8fHx8fHx8fHw0MDB4MzAw.jpg","large":"YTM2MGM2YmM1YTJkZjg1NTFlYzU0YTg3YTY4ZTM5YWYwmIVf_XEh05sNqrvBWwvQODc1MTE0LTcwOTM1NjUuanBnfHx8fHx8fHx8fHw2NDB4NDgw.jpg"}]}},{"ad_id":"875116","reg_year":"1999","make":"Peugeot","model":"Partner","variant":"1.9 DIESEL, RELIABLE , ECONOMICAL, NEW DOE, \"\"MUST BE SEEN\"\", N4CARS. ie","mileage":"14100","engine_size":"1.9","fuel_type":"Diesel","body_type":null,"colour":"ffffff","location":"Dublin","price":"\u20ac 1,749","images":{"base_url":"http:\/\/i0.carsie.ie\/","image_list":[{"thumb":"ODg4NzZlODY3MTY2OTg3MGU5ZTA3YmU5NTZjMzM4YzkRtAct1i6yYAWAosxHUrocODc1MTE2LTcwODc5NTcuanBnfHx8fHx8OTJ4Njl8fHx8fA==.jpg","main":"ZmUxODMxOThiM2Q1MmVkMTVlMzlhNmNjMjA1NWNhNWEb3I3el1mngAVWZ0KCVPJTODc1MTE2LTcwODc5NTcuanBnfHx8fHx8fHx8fHw0MDB4MzAw.jpg","large":"YzFiNDYxMWE2MmY2NWQ5MTE0MDkzOGE2ZTk2YzdhOGaCQuZzR4-IO5d-1varFGyQODc1MTE2LTcwODc5NTcuanBnfHx8fHx8fHx8fHw2NDB4NDgw.jpg"}]}},{"ad_id":"779723","reg_year":"2001","make":"Renault","model":"Laguna","variant":"1.6 NEW NCT APR-13 wwwN4CARS. com","mileage":"90800","engine_size":"1.6","fuel_type":"Petrol","body_type":"Hatchback","colour":"e0e0e0","location":"Dublin","price":"\u20ac 1,749","images":{"base_url":"http:\/\/i0.carsie.ie\/","image_list":[{"thumb":"OGZhZjJlYTlkYjQ2OTk4YjViMGYzODlhYmE2NjNmMzlqpI1RN1CZ-TPF8oDiXAvANzc5NzIzLTcwODI0MzkuanBnfHx8fHx8OTJ4Njl8fHx8fA==.jpg","main":"MTY2MDU0ODE2ZGZjNTEzYzMzNTEyYzBhMjU3ZDEzNzNnHtAezLDaTMNKtyVI6DXJNzc5NzIzLTcwODI0MzkuanBnfHx8fHx8fHx8fHw0MDB4MzAw.jpg","large":"ZDM3MTJlYjE5NmQxNmQwNTBlYzEwOGI3NGQzZWQ0MGZS6ncFGrh8geDwJgSwUnImNzc5NzIzLTcwODI0MzkuanBnfHx8fHx8fHx8fHw2NDB4NDgw.jpg"}]}},{"ad_id":"835161","reg_year":"2002","make":"Renault","model":"Laguna","variant":"NEW MODEL, SPORT SPEC, EXCELLENT THROUGHOUT, NEW TIMING BELT FITTED, AS NEW","mileage":"125000","engine_size":"1.7","fuel_type":"Petrol","body_type":"Hatchback","colour":"ff0000","location":"Dublin","price":"\u20ac 1,749","images":{"base_url":"http:\/\/i0.carsie.ie\/","image_list":[{"thumb":"NjJkOGVjNWZkYzk2OWU0YzViYTJmMjMzY2Q2MjdmNDasG4ukigDX2rdUiNDXxqmHODM1MTYxLTcwNzk1NjIuanBnfHx8fHx8OTJ4Njl8fHx8fA==.jpg","main":"NGEwMTFjMTVmYjg0Y2RlMjgwMzlkOTllMzliYjVhZjJB5BEoFUlOQ9KUDsxch5_bODM1MTYxLTcwNzk1NjIuanBnfHx8fHx8fHx8fHw0MDB4MzAw.jpg","large":"OTM1MWZkMWYyZDZlNzY4N2Q5NjM3Mzk4MmUyMTJhNGXn0E38FvhDotNAH8UztgReODM1MTYxLTcwNzk1NjIuanBnfHx8fHx8fHx8fHw2NDB4NDgw.jpg"}]}},{"ad_id":"863293","reg_year":"2003","make":"Renault","model":"Laguna","variant":"NEW T\/BELT KIT , NEW NCT 2014","mileage":"128000","engine_size":"1.6","fuel_type":"Petrol","body_type":"Hatchback","colour":"ff0000","location":"Wexford","price":"\u20ac 1,749","images":{"base_url":"http:\/\/i0.carsie.ie\/","image_list":[{"thumb":"NWIwOWM2MTE2MTNhZDYxNjcwYzYzZWYyZjgwY2U4MGSyBtucVBUIRysgZ0NvaLpEODYzMjkzLTc0MjgzOTAuanBnfHx8fHx8OTJ4Njl8fHx8fA==.jpg","main":"ZmFhOTU0MDgzYTY3MTllNDgwZTBlOTVhMjYyYjNiMGXZ5MpUvxcXeWDL86D1yuhAODYzMjkzLTc0MjgzOTAuanBnfHx8fHx8fHx8fHw0MDB4MzAw.jpg","large":"NzJkN2NmOGM0OGM2ZDlhMTEzMmQxMDhjNDZiNWM1ZmVAJ-dFfXRzqgEa8OsY5dfDODYzMjkzLTc0MjgzOTAuanBnfHx8fHx8fHx8fHw2NDB4NDgw.jpg"}]}},{"ad_id":"895741","reg_year":"2000","make":"Rover","model":"45","variant":"ONLY 45k \/ VERY CAREFUL LADY OWNER \/ NEW NCT APR-14 \/ TAX MAR-13 \/ AS NEW \/ \"\"MUST BE SEEN\"\" \/ wwwN4CARS. ie","mileage":"45000","engine_size":"1.4","fuel_type":"Petrol","body_type":null,"colour":"0000c0","location":"Dublin","price":"\u20ac 1,749","images":{"base_url":"http:\/\/i0.carsie.ie\/","image_list":[{"thumb":"NDA4MWY3ODM2MWRlMTljMTAwMjY0OTdlNmRiYmQ1Y2G-VDBnIhnITXHImacifI48ODk1NzQxLTczMjgzNTguanBnfHx8fHx8OTJ4Njl8fHx8fA==.jpg","main":"ZDBjYWVhODhhNDE5ZjhiZTRiZmVmMDZiYzQ3NzlkYzgvr4jN7ZKcYBoeUq99VJxQODk1NzQxLTczMjgzNTguanBnfHx8fHx8fHx8fHw0MDB4MzAw.jpg","large":"NzliYTE5ZTM3MDYxODUwNjEzZjVjZmIzODE2ZWUzMzm7w1MOU2gt_mB9NX9D2mGLODk1NzQxLTczMjgzNTguanBnfHx8fHx8fHx8fHw2NDB4NDgw.jpg"}]}},{"ad_id":"901059","reg_year":"1999","make":"Toyota","model":"Corolla","variant":"1.3 \/ ONLY 72k \/ VERY CAREFUL OWNER \/ 5-DR HATCH \/ NCT MAR-14 \/ TOYOTA RELIABILITY \/ ECONOMICAL \/ AS NEW \/ \"\"MUST BE SEEN\"\" \/ www. N4CARS. ie","mileage":"72180","engine_size":"1.3","fuel_type":"Petrol","body_type":null,"colour":"0000c0","location":"Dublin","price":"\u20ac 1,749","images":{"base_url":"http:\/\/i0.carsie.ie\/","image_list":[{"thumb":"NjBiNTI0NGZmMWRkOWNjOGU1ZjUwYzI3N2E4NGNiMTd2-hJuprX_431UnDzAe1qbOTAxMDU5LTc0MTYyMTUuanBnfHx8fHx8OTJ4Njl8fHx8fA==.jpg","main":"NDJhOWFiZmJhNzg5NWU4OTBlMDAxNTE2ZDhjMzNhZDjXb9p5df09nQp8ZyjKHi_lOTAxMDU5LTc0MTYyMTUuanBnfHx8fHx8fHx8fHw0MDB4MzAw.jpg","large":"ZTAwYmI1YzllZmNlNTUwMDNjZGI0MTkwMjBkMGQ5OWIhuErgjdnbtwDhDydN7DUxOTAxMDU5LTc0MTYyMTUuanBnfHx8fHx8fHx8fHw2NDB4NDgw.jpg"}]}},{"ad_id":"901057","reg_year":"2001","make":"Volvo","model":"S40","variant":"TOP SPEC SE with LEATHER \/ NEW NCT JUN-14 \/ TAX JUL-13 \/ VERY CAREFUL OWNER \/ VOLVO SAFETY AND RELIABILITY \/ AS NEW \/ \"\"MUST BE SEEN\"\" \/ www. N4CARS. ie","mileage":"106900","engine_size":"1.8","fuel_type":"Petrol","body_type":null,"colour":"000000","location":"Dublin","price":"\u20ac 1,749","images":{"base_url":"http:\/\/i0.carsie.ie\/","image_list":[{"thumb":"NDRlMmE5YTNiNTczMDljZmNmOTc3OGVkNTgwYWMyN2PAeebuw7iFR5zpGoXCEcZKOTAxMDU3LTc0MTYxOTkuanBnfHx8fHx8OTJ4Njl8fHx8fA==.jpg","main":"Yzc2NGNiZTc5ZmQ5ZTE1NTFhOTA2NTJiYTc0ZTM3MGMTs0DdKdQbxLwzIs6bCs2hOTAxMDU3LTc0MTYxOTkuanBnfHx8fHx8fHx8fHw0MDB4MzAw.jpg","large":"Y2E1OGFmZTMyMzNkNDgxNzZhOWJmMTk4YjVjNWViYzfoK5GqjHhx4mwUtUtKuQDwOTAxMDU3LTc0MTYxOTkuanBnfHx8fHx8fHx8fHw2NDB4NDgw.jpg"}]}},{"ad_id":"868136","reg_year":"2000","make":"BMW","model":"316","variant":"SALOON SUNROOF NCT MAY '13","mileage":"111000","engine_size":"1.9","fuel_type":"Petrol","body_type":"Saloon","colour":"e0e0e0","location":"Dublin","price":"\u20ac 1,750","images":{"base_url":"http:\/\/i0.carsie.ie\/","image_list":[{"thumb":"M2ExMDU5NjVkM2VlMTkxOGM1MWM2ZGQxYWM1YWY3NGQ2NpUPuqJL3Q2ItPvFeRJjODY4MTM2LTY5OTk1OTguanBnfHx8fHx8OTJ4Njl8fHx8fA==.jpg","main":"MGQwMjU5NmFiNzQ1N2FmY2Y0MjQ4ODU5YjM4ZDI0ZjVQxSMuESIIJY3DRbllhikGODY4MTM2LTY5OTk1OTguanBnfHx8fHx8fHx8fHw0MDB4MzAw.jpg","large":"MzdmNzc4MGRmMzlhYjQxOGJlNWZiNzBiYzM1MTEyNTHoZhQ9w5OOO6bacnDepUUkODY4MTM2LTY5OTk1OTguanBnfHx8fHx8fHx8fHw2NDB4NDgw.jpg"}]}}]}