{"total":"23408","result":[{"ad_id":"882571","reg_year":"2003","make":"Subaru","model":"Impreza","variant":"1.6 Anniversary","mileage":"100000","engine_size":"1.6","fuel_type":"Petrol","body_type":"Saloon","colour":"000000","location":"Cork","price":"\u20ac 2,999","images":{"base_url":"http:\/\/i0.carsie.ie\/","image_list":[{"thumb":"MGU1MzdiM2ZmNDA3MjFjNDI5ZWJmOWRmYTU3NWM3OTf_vKhUroP_Hyy30GlilUUaODgyNTcxLTcxNjc4OTIuanBnfHx8fHx8OTJ4Njl8fHx8fA==.jpg","main":"NmU3ZDU3NWNiNDE1YzU1NWUzOGRhNDkzOGNiMGNjZWWHPmAKXVosgG4AKG1H19ZEODgyNTcxLTcxNjc4OTIuanBnfHx8fHx8fHx8fHw0MDB4MzAw.jpg","large":"ZDc0MjU2ZWE4NWUyOTBkYTEzMzZiN2Y5MzkyYmNlMTOC6zJPQfbGyM4eQLmQiLr8ODgyNTcxLTcxNjc4OTIuanBnfHx8fHx8fHx8fHw2NDB4NDgw.jpg"}]}},{"ad_id":"900118","reg_year":"2005","make":"Suzuki","model":"Ignis","variant":"INTEGRATED 1.3 \/ ONLY 1 OWNER FROM NEW \/ NCT AND TAXED OCTOBER 2013 \/ SERVICE HISTORY \/ CALL 086-0429292 ANYTIME","mileage":"108742","engine_size":"1.3","fuel_type":"Petrol","body_type":"Hatchback","colour":"858585","location":"Dublin","price":"\u20ac 2,999","images":{"base_url":"http:\/\/i0.carsie.ie\/","image_list":[{"thumb":"NGFkZTQ5NWU0MDZiMzhiMTU4NTRlMjM0NTdhYzc2M2X3hCefaVjfEhOXX3zRWTuYOTAwMTE4LTczODQwNTcuanBnfHx8fHx8OTJ4Njl8fHx8fA==.jpg","main":"NGI2ZGUyZDU2NTJlOTY2ZTEyMmFhNmFiMzRhOGE5NmIpMsaRk0VVVbzP8GNXDVaeOTAwMTE4LTczODQwNTcuanBnfHx8fHx8fHx8fHw0MDB4MzAw.jpg","large":"Mjk1NTQ5NjJkY2M4MmM1Y2Q1ODY0ZmIzOTgzNDM1ODSUoc-cxn_CQzgatxfNXy1oOTAwMTE4LTczODQwNTcuanBnfHx8fHx8fHx8fHw2NDB4NDgw.jpg"}]}},{"ad_id":"893205","reg_year":"2002","make":"Toyota","model":"Picnic","variant":"1 OWNER NCT 02\/14","mileage":"132000","engine_size":"2.0","fuel_type":"Petrol","body_type":"People Carrier","colour":"0000c0","location":"Dublin","price":"\u20ac 2,999","images":{"base_url":"http:\/\/i0.carsie.ie\/","image_list":[{"thumb":"YTU1ZjA2NjExNjBiNDkyODQ3MzIxZjExYWVjODZiNmXC7JNSYMPBS8_4mruThNRpODkzMjA1LTczNTY0ODguanBnfHx8fHx8OTJ4Njl8fHx8fA==.jpg","main":"Y2M2Y2FlMWI0MTA3ZGQ4MDJiZjZiYjgyZGQzYzI4Njfi8-4cEC0XG-T4CsVzUIPfODkzMjA1LTczNTY0ODguanBnfHx8fHx8fHx8fHw0MDB4MzAw.jpg","large":"M2ExMjcxNjJiMzlhNTZjZmY2Nzg4MzU4ODYwMzMwOTjZWgE3JpM7gAkflRu573gRODkzMjA1LTczNTY0ODguanBnfHx8fHx8fHx8fHw2NDB4NDgw.jpg"}]}},{"ad_id":"882067","reg_year":"2001","make":"Toyota","model":"Rav4","variant":"GX 4X2","mileage":"134150","engine_size":"1.8","fuel_type":"Petrol","body_type":"SUV","colour":"000000","location":"Dublin","price":"\u20ac 2,999","images":{"base_url":"http:\/\/i0.carsie.ie\/","image_list":[{"thumb":"MTQ3Yjk4ZTgwNDY3NGY1OTdhYTU4ZjYyYmU2NzhiNWMrLBhHhj1v8Y8-PUvNL9NnODgyMDY3LTcxNjA3MjEuanBnfHx8fHx8OTJ4Njl8fHx8fA==.jpg","main":"MzdjY2MxYTEwMWRmYmJjMTcyMjFmNDc5MDczZTM5ODIb0yMh4FhtJGTzuc0WKbLLODgyMDY3LTcxNjA3MjEuanBnfHx8fHx8fHx8fHw0MDB4MzAw.jpg","large":"ZjUxN2E2MzQ3ZDNiNGIyYTgwMjA1MDJjZGQ2MTQzNzYZR8L83WebqxLmK3f-GtsVODgyMDY3LTcxNjA3MjEuanBnfHx8fHx8fHx8fHw2NDB4NDgw.jpg"}]}},{"ad_id":"892063","reg_year":"2002","make":"Toyota","model":"Yaris","variant":"1.0 SAL SOLD","mileage":"98875","engine_size":"1.0","fuel_type":"Petrol","body_type":"Hatchback","colour":"0000c0","location":"Dublin","price":"\u20ac 2,999","images":{"base_url":"http:\/\/i0.carsie.ie\/","image_list":[{"thumb":"MDdhOTFhZjBmOTRlMDA2MTBkMTM4M2ExMWZlYmU3NDEs_RJ3MRPazUZsW1RZvPM0ODkyMDYzLTcyNjk0NzEuanBnfHx8fHx8OTJ4Njl8fHx8fA==.jpg","main":"NThhMjA2ZGJjMWE5ZjU4MjlmMmUxODZjYWY4MDgwYmJdRme_dTYVUCtp3r-ILnwEODkyMDYzLTcyNjk0NzEuanBnfHx8fHx8fHx8fHw0MDB4MzAw.jpg","large":"MDZiNjFjMTFkYjA0NWU1N2VhOGYxMjllNDY1ZDlhZja9VFlv_o-miF-Z0MDoCYDWODkyMDYzLTcyNjk0NzEuanBnfHx8fHx8fHx8fHw2NDB4NDgw.jpg"}]}},{"ad_id":"897845","reg_year":"2000","make":"Volkswagen","model":"Beetle","variant":"HIGHLINE SOLD","mileage":"90561","engine_size":"2.0","fuel_type":"Petrol","body_type":"Hatchback","colour":"0000c0","location":"Dublin","price":"\u20ac 2,999","images":{"base_url":"http:\/\/i0.carsie.ie\/","image_list":[{"thumb":"YjBmZTE4Y2I1YjMyMGQwN2Q2YTMxNGIwNGRiNDBhNWJQAGamo0S_rfz7ukp0URjhODk3ODQ1LTczNjI3NTMuanBnfHx8fHx8OTJ4Njl8fHx8fA==.jpg","main":"ZTBkZTQyZjk0ODQ1ZWQ1MzQzZDA4M2ZkNDBiNDNkM2QUTcig-ucfESdbVMK3uo8wODk3ODQ1LTczNjI3NTMuanBnfHx8fHx8fHx8fHw0MDB4MzAw.jpg","large":"ZWJhZjgyYTlkYzJlNThmNDA4YWEwNjg4MjkwNmRlYzM7kAT4IzsMfEUUQIfLKa4WODk3ODQ1LTczNjI3NTMuanBnfHx8fHx8fHx8fHw2NDB4NDgw.jpg"}]}},{"ad_id":"867948","reg_year":"2003","make":"Volkswagen","model":"Polo","variant":"Comfort 55BHP","mileage":"82141","engine_size":"1.2","fuel_type":"Petrol","body_type":"Hatchback","colour":"000000","location":"Dublin","price":"\u20ac 2,999","images":{"base_url":"http:\/\/i0.carsie.ie\/","image_list":[{"thumb":"ZjgyMzNmNTYxZWE4MmQ4YmFmNWE1OWYyYjQ4YmYwODTdiZ1W0DkS-YEbaKdseVSiODY3OTQ4LTcwMDI0ODEuanBnfHx8fHx8OTJ4Njl8fHx8fA==.jpg","main":"YzUzZDA4YTU4NmQ0MTUxNWQ3Zjc5OTgyNTQ5ODFlMzY2vKkIAfaPfAfK1K5WB1L9ODY3OTQ4LTcwMDI0ODEuanBnfHx8fHx8fHx8fHw0MDB4MzAw.jpg","large":"NzI2MTYxNjQ4MWNjMTRkYzYyMmY2MGM1NGJhMjIxZTcrVwasajEF_rhfAp-keX-5ODY3OTQ4LTcwMDI0ODEuanBnfHx8fHx8fHx8fHw2NDB4NDgw.jpg"}]}},{"ad_id":"896205","reg_year":"2001","make":"BMW","model":"520","variant":"525 SPORT-SWOP\/TRADE IN--NEW NCT-TRADE IN-PRISTINE COND. DEALER WARRANTY","mileage":"121000","engine_size":"2.5","fuel_type":"Petrol","body_type":"Saloon","colour":"000000","location":"Dublin","price":"\u20ac 3,000","images":{"base_url":"http:\/\/i0.carsie.ie\/","image_list":[{"thumb":"Mzk5MzQ3ODg1NjNjZjg5NWY1OTc0YjM2ZDkzZTAyZTHwkNXUqPMWCoXo41pkZjFhODk2MjA1LTczNTYzNjYuanBnfHx8fHx8OTJ4Njl8fHx8fA==.jpg","main":"NmJhZjA3YzZiM2EwY2YyOTM1Y2ZjYmE4ZWI2OTY0YTJKfKUV0AOrxo-B8ahqdfYuODk2MjA1LTczNTYzNjYuanBnfHx8fHx8fHx8fHw0MDB4MzAw.jpg","large":"MjE2ZDM1ZWZlNGQzYjY2ZWM3ZTE0MjVlNDE1ZWJmMzktNNktEyD79M8d0T_rdkPUODk2MjA1LTczNTYzNjYuanBnfHx8fHx8fHx8fHw2NDB4NDgw.jpg"}]}},{"ad_id":"871680","reg_year":"2001","make":"BMW","model":"520","variant":"520I SE AUTO-SWOP\/TRADE IN\" WARRANTY\"-TRADE IN-SPECTACULAR MOTOCAR WITH EVERY EXTRA","mileage":"126000","engine_size":"2.0","fuel_type":"Petrol","body_type":"Saloon","colour":"b9cdfb","location":"Waterford","price":"\u20ac 3,000","images":{"base_url":"http:\/\/i0.carsie.ie\/","image_list":[{"thumb":"MjE4ZGQzMjhlOWQxZDBjMWFkYmEyZDJlYzUyNTlkZTWKfkzSC8kwCipBJBCUQPzuODcxNjgwLTcwMzg2MzcuanBnfHx8fHx8OTJ4Njl8fHx8fA==.jpg","main":"MmNhZDg0ZDY3NGI0M2YwYTI2ODkyMTViNmJjYWIyM2RjRb1oik-FF9IYSern_61NODcxNjgwLTcwMzg2MzcuanBnfHx8fHx8fHx8fHw0MDB4MzAw.jpg","large":"MTIxNGFkMGEzOGE4MjIxODFhNGM3N2MzMjcwNjQ2MWaPq0AHasc3TC_2WAeSsfYDODcxNjgwLTcwMzg2MzcuanBnfHx8fHx8fHx8fHw2NDB4NDgw.jpg"}]}},{"ad_id":"895489","reg_year":"2001","make":"BMW","model":"525","variant":"2.5 SWOP\/TRADE IN- LEATHER-BLACK, -NEW NCT-EXCELLENT, FULL SERVICE HISTORY-TRADE IN OR SWOP","mileage":"121000","engine_size":"2.5","fuel_type":"Petrol","body_type":"Saloon","colour":"000000","location":"Waterford","price":"\u20ac 3,000","images":{"base_url":"http:\/\/i0.carsie.ie\/","image_list":[{"thumb":"M2U1NWQ5MGJkYzZkZGE3N2IzNzBhZWU5OTU1NWQ4ZThNZnLG7EZJxiYi_mb17P50ODk1NDg5LTczNTY0MTAuanBnfHx8fHx8OTJ4Njl8fHx8fA==.jpg","main":"NWQxODc4YTZkM2U5ZTc2MzQ0MjVhNWU1ZGExOWZlZDejou7NE_BkxFwJRG_EP2VFODk1NDg5LTczNTY0MTAuanBnfHx8fHx8fHx8fHw0MDB4MzAw.jpg","large":"NDVlNDllMjBkM2ZlN2RjMmUxZTk4NTEyODRkOTE3Nznms2Jzcgr_1izTz2uLP7lUODk1NDg5LTczNTY0MTAuanBnfHx8fHx8fHx8fHw2NDB4NDgw.jpg"}]}},{"ad_id":"883372","reg_year":"2002","make":"Citroen","model":"C5","variant":"2.0 HDI","mileage":"103814","engine_size":"2.0","fuel_type":"Diesel","body_type":"Hatchback","colour":"858585","location":"Dublin","price":"\u20ac 3,000","images":{"base_url":"http:\/\/i0.carsie.ie\/","image_list":[{"thumb":"N2ExMjE0ZWI4ZTFkM2UwNzMyZjY1MmU0MTk4YTMzZjId299AkkM1ufBz6P4ofem9ODgzMzcyLTcxNzgzNTcuanBnfHx8fHx8OTJ4Njl8fHx8fA==.jpg","main":"YmI5MDI0MjIzOTUzMWI1MGE1NDEyZDU3M2JkZmU4ZmO6fJlq9n58RHO_szPkG6nyODgzMzcyLTcxNzgzNTcuanBnfHx8fHx8fHx8fHw0MDB4MzAw.jpg","large":"NDgwN2E5MDFhODg5Mjg3YjBjZDI4MDhhZjgzOTc3MjkAR4Jj-D_9juL6TGhtsYZRODgzMzcyLTcxNzgzNTcuanBnfHx8fHx8fHx8fHw2NDB4NDgw.jpg"}]}},{"ad_id":"893139","reg_year":"2004","make":"Citroen","model":"Xsara Picasso","variant":null,"mileage":"125400","engine_size":"1.6","fuel_type":"Petrol","body_type":null,"colour":"0000c0","location":"Westmeath","price":"\u20ac 3,000","images":{"base_url":"http:\/\/i0.carsie.ie\/","image_list":[{"thumb":"M2M5ZTViZWJmMTBhOGYwMWFmYzUzZWNjN2Y1MGJlMDGCk496h1cY9TYaVlHWfIfWODkzMTM5LTc0MTAxNjAuanBnfHx8fHx8OTJ4Njl8fHx8fA==.jpg","main":"MDIxMTRiNjFiOTViOTVjNmNlOGYxYzZkZDFkZDE3MTZhyokQHLSW5Wqe8uL8igRyODkzMTM5LTc0MTAxNjAuanBnfHx8fHx8fHx8fHw0MDB4MzAw.jpg","large":"ZmI1NjRmMmQwMTkyMzdkMDkxZjdiNDBkMDE4OTY0NjbT4fWo3qaXj9f4tTtKx0t6ODkzMTM5LTc0MTAxNjAuanBnfHx8fHx8fHx8fHw2NDB4NDgw.jpg"}]}},{"ad_id":"901425","reg_year":"2006","make":"Daihatsu","model":"Sirion","variant":"1.3L GX 5DR","mileage":"124277","engine_size":"1.3","fuel_type":"Petrol","body_type":"Hatchback","colour":"ff0000","location":"Donegal","price":"\u20ac 3,000","images":{"base_url":"http:\/\/i0.carsie.ie\/","image_list":[{"thumb":"ZGJmYjM4MmQwNjQxYjZlMjllYWIyZWZmNGJjNWQ2NTW9Z2o4iqzGw3piFabHEr2VOTAxNDI1LTc0MTkwMjUuanBnfHx8fHx8OTJ4Njl8fHx8fA==.jpg","main":"NjgxMjBiNTFmMmVhNjVkNGY4ZDk3NmJmZWIzYmVjZDX7tayTAr9AmhStZfzFbwQwOTAxNDI1LTc0MTkwMjUuanBnfHx8fHx8fHx8fHw0MDB4MzAw.jpg","large":"YzJhNWU1MjZmOGNmNGE5ZjcyZWFjNzQyYjczZjM5ODeymNycTYxWkVUJL0D0R78yOTAxNDI1LTc0MTkwMjUuanBnfHx8fHx8fHx8fHw2NDB4NDgw.jpg"}]}},{"ad_id":"897932","reg_year":"2004","make":"Fiat","model":"Doblo","variant":"1.9 JTD Cargo SX 06DR","mileage":"96807","engine_size":"1.9","fuel_type":"Diesel","body_type":"Van","colour":"0000c0","location":"Cork","price":"\u20ac 3,000","images":{"base_url":"http:\/\/i0.carsie.ie\/","image_list":[{"thumb":"MzI4NzgwZmViNTJmYjYxMTgwYzY3ZTM4YjZiYTZlNGPkrdNEXg1LHswoYggNcZ2UODk3OTMyLTczNjQxNTguanBnfHx8fHx8OTJ4Njl8fHx8fA==.jpg","main":"OTg1MjhlOWI0MmJkYjY1OGJkMTk5YTg5OTg5NWZiZWExSPqbDURysGONTxT6C3vFODk3OTMyLTczNjQxNTguanBnfHx8fHx8fHx8fHw0MDB4MzAw.jpg","large":"MGRlOWUxYjc2OGU0NjdkZDkxM2ViMGJhZTZhNmMwZTKCYeQ4kBquGDbdfTLJG4vcODk3OTMyLTczNjQxNTguanBnfHx8fHx8fHx8fHw2NDB4NDgw.jpg"}]}},{"ad_id":"879719","reg_year":"2004","make":"Ford","model":"Fiesta","variant":"TDCI VAN","mileage":"114000","engine_size":"1.4","fuel_type":"Diesel","body_type":"Hatchback","colour":"ffffff","location":"Clare","price":"\u20ac 3,000","images":{"base_url":"http:\/\/i0.carsie.ie\/","image_list":[{"thumb":"ODk0MThlZDg0NjdlNDRiMDVhMDFlNTBjZGQ4ZjU5MTEtPMtpIYEbJ2OjaIrE835oODc5NzE5LTcxMzMwMTkuanBnfHx8fHx8OTJ4Njl8fHx8fA==.jpg","main":"Y2VjOWNlODVmMTNjYjNmNGZkNWVlNzdmNDMyZDhjNTWUFauv7ateLXBIPB0TqmboODc5NzE5LTcxMzMwMTkuanBnfHx8fHx8fHx8fHw0MDB4MzAw.jpg","large":"Y2VlN2ExNGZhZDA5ODFkZjYwMzg2ZjBhZDkwMzE5ZWU7CuG0IEEKTEQCNcuU9KvtODc5NzE5LTcxMzMwMTkuanBnfHx8fHx8fHx8fHw2NDB4NDgw.jpg"}]}},{"ad_id":"898183","reg_year":"2005","make":"Ford","model":"Mondeo","variant":"LX TDCI","mileage":"123000","engine_size":"2.0","fuel_type":"Diesel","body_type":"Hatchback","colour":"0000c0","location":"Cavan","price":"\u20ac 3,000","images":{"base_url":"http:\/\/i0.carsie.ie\/","image_list":[{"thumb":"YzA5ZWVhNzQ2ZDQxMzA2NTQyZGQ5MjEwMjM3NjFlMDJyrEAnwA18wHO0i4Juc2erODk4MTgzLTczNjI2NjIuanBnfHx8fHx8OTJ4Njl8fHx8fA==.jpg","main":"MTBlNTM0MTg0YjRkYjIxZGYxMTI4ZTE1MmJiYjA0MTM6Yr9RLLyxVKkYBbNrXwPZODk4MTgzLTczNjI2NjIuanBnfHx8fHx8fHx8fHw0MDB4MzAw.jpg","large":"Nzk1MDFjNmFlNzhmNmIxNjA5OWFiYTlkYTgyYzNhY2XzrAl2vpkU1tl4jZOb7tNEODk4MTgzLTczNjI2NjIuanBnfHx8fHx8fHx8fHw2NDB4NDgw.jpg"}]}},{"ad_id":"884997","reg_year":"2005","make":"Ford","model":"Mondeo","variant":"1.8 LX 4dr, NEW 01\/2015 NCT, LOW Mileage.","mileage":"49711","engine_size":"1.8","fuel_type":"Petrol","body_type":"Saloon","colour":"858585","location":"Dublin","price":"\u20ac 3,000","images":{"base_url":"http:\/\/i0.carsie.ie\/","image_list":[{"thumb":"NTM5MTc4MzRmYTIyNDRjMGJmZjM4NmRmMmRmYmQ5NDDiKKb12sMhyQct-Z6zEg4qODg0OTk3LTcyMDEzMzUuanBnfHx8fHx8OTJ4Njl8fHx8fA==.jpg","main":"NTI1MDQ1YzI0Zjg0MDEzZTFkYjExMTZjODEyY2U5OTbedPsrtLX_y3d2nlDnM13CODg0OTk3LTcyMDEzMzUuanBnfHx8fHx8fHx8fHw0MDB4MzAw.jpg","large":"YmE5ZjkwYzc2ODRlMzQ2MDFiMjI1NTNlMTU5NmU4MjU1gHBwoZoZzweoFuHpyNWKODg0OTk3LTcyMDEzMzUuanBnfHx8fHx8fHx8fHw2NDB4NDgw.jpg"}]}},{"ad_id":"880910","reg_year":"2004","make":"Ford","model":"Mondeo","variant":"LX TD 5DR ","mileage":"136615","engine_size":"2.0","fuel_type":"Diesel","body_type":"Hatchback","colour":"000000","location":"Meath","price":"\u20ac 3,000","images":{"base_url":"http:\/\/i0.carsie.ie\/","image_list":[{"thumb":"MTY3Mzc3OTQ0ZWJmZTk5OWVlMWU1ZmJmNDMxOTBlYWSOoNlLdBn44e_eQSSqS0MTODgwOTEwLTcxNDU0ODMuanBnfHx8fHx8OTJ4Njl8fHx8fA==.jpg","main":"ZDJjZDUyZTg0YzI3ZjdiMTM1YTI0MWIwZTgwNGNlZTRGcQn-wENMBz5HcEjwEbAjODgwOTEwLTcxNDU0ODMuanBnfHx8fHx8fHx8fHw0MDB4MzAw.jpg","large":"MWUyMTFjNDRlMjBhMTY5M2M2ZTRmNDI2MjY5YmZmZTHTmMouK7bchT_zdQ-lMahoODgwOTEwLTcxNDU0ODMuanBnfHx8fHx8fHx8fHw2NDB4NDgw.jpg"}]}},{"ad_id":"876160","reg_year":"2004","make":"Hyundai","model":"Accent","variant":"GLS * NCT 2014 * LOW MILEAGE * FULL SIMI DEALER WARRANTY * TRADE-IN WELCOME","mileage":"59423","engine_size":"1.3","fuel_type":"Petrol","body_type":"Hatchback","colour":"ff0000","location":"Longford","price":"\u20ac 3,000","images":{"base_url":"http:\/\/i0.carsie.ie\/","image_list":[{"thumb":"NTNmYTYyNWVmMTZjNjc0YWI1YTIyOThkMTVlN2E2NzWnTJ5xA5utySuclFEhIOqwODc2MTYwLTcwOTk3MzguanBnfHx8fHx8OTJ4Njl8fHx8fA==.jpg","main":"OTQ2Zjc0OWU4ZjM4ZjdhNTkzMGE3MDJhYTJlMDE5OTMu7fz512nej0zXeRhqE5bgODc2MTYwLTcwOTk3MzguanBnfHx8fHx8fHx8fHw0MDB4MzAw.jpg","large":"ZjQ2ZGQyNTVlYjhjNjI1MjJiNzU1NmVjNWZmMTY4MDk89iiD6rZoI_f-SffKN_eUODc2MTYwLTcwOTk3MzguanBnfHx8fHx8fHx8fHw2NDB4NDgw.jpg"}]}},{"ad_id":"873535","reg_year":"2003","make":"Jaguar","model":"X-Type","variant":"2.1 V6 Sport Auto NCT 3\/14","mileage":"114000","engine_size":"2.1","fuel_type":"Petrol","body_type":"Saloon","colour":"e0e0e0","location":"Leitrim","price":"\u20ac 3,000","images":{"base_url":"http:\/\/i0.carsie.ie\/","image_list":[{"thumb":"MThlMmIzYWI0NjhjZTQ5MGNiYjc2ZWYyODUyYmQwMDRp0uGsotLzuJyhLVqpDKF4ODczNTM1LTcwNjk0NjUuanBnfHx8fHx8OTJ4Njl8fHx8fA==.jpg","main":"MzZiZWI5NmYxNzI1NDcxODMyNzJlNGRlMGIzYTc3NDTmmh4MIRQjJSUbQ7wEezBFODczNTM1LTcwNjk0NjUuanBnfHx8fHx8fHx8fHw0MDB4MzAw.jpg","large":"ZGI5NTk0MTUyMThlMjE3YzVlYWZlMjI0ZDU2Y2MyZjZKJX8esSo68G03q_BVbNuyODczNTM1LTcwNjk0NjUuanBnfHx8fHx8fHx8fHw2NDB4NDgw.jpg"}]}}]}