{"total":"23408","result":[{"ad_id":"895132","reg_year":"2008","make":"Hyundai","model":"Matrix","variant":"Comfort Crdt","mileage":"62000","engine_size":"1.5","fuel_type":"Diesel","body_type":"People Carrier","colour":"858585","location":"Dublin","price":"\u20ac 7,895","images":{"base_url":"http:\/\/i0.carsie.ie\/","image_list":[{"thumb":"YzA4MjRmOWUxNmIwZTVlOTA3ODIzMzRkZWJkMzk1YzAfn5nAKIyTdgHpP0zq4tM_ODk1MTMyLTczMTExNjkuanBnfHx8fHx8OTJ4Njl8fHx8fA==.jpg","main":"MDViMTFiYTlhZjgwODZhMzZkODE0MWE1ZjRiM2YxNWP25dXAnS6aTfRM2qERumPnODk1MTMyLTczMTExNjkuanBnfHx8fHx8fHx8fHw0MDB4MzAw.jpg","large":"ZWE1YzU2MGJjOTM0ZjM0MTQxNjI1YzVmYmNmZjliZmJNho-zN7MVGfCZwAuuJ-Y9ODk1MTMyLTczMTExNjkuanBnfHx8fHx8fHx8fHw2NDB4NDgw.jpg"}]}},{"ad_id":"895059","reg_year":"2008","make":"Nissan","model":"Micra","variant":"Acenta Plus DCI","mileage":"22000","engine_size":"1.5","fuel_type":"Diesel","body_type":"Hatchback","colour":"b9cdfb","location":"Dublin","price":"\u20ac 7,895","images":{"base_url":"http:\/\/i0.carsie.ie\/","image_list":[{"thumb":"MDM4OWNhMjdhM2E3NDNmODM5NDc2YzVmMjM5N2ViM2J_0M6OIkBfh5xhx2ZvCExZODk1MDU5LTczMTExNTIuanBnfHx8fHx8OTJ4Njl8fHx8fA==.jpg","main":"Nzc1M2ZiNGY3MGQ0MmMwYmExNDFiYzJhMWQyYWNiMzHJ6ySup0FmdHOu_-H_hjbQODk1MDU5LTczMTExNTIuanBnfHx8fHx8fHx8fHw0MDB4MzAw.jpg","large":"N2I1ODI1YzQ1N2YzOGMxYzM5MDNmMmFjNGZhOGExOGVGnrguclpDxRqu4d2TwlTgODk1MDU5LTczMTExNTIuanBnfHx8fHx8fHx8fHw2NDB4NDgw.jpg"}]}},{"ad_id":"889605","reg_year":"2007","make":"Toyota","model":"Yaris","variant":null,"mileage":"40221","engine_size":"1.0","fuel_type":"Petrol","body_type":"Hatchback","colour":"e0e0e0","location":"Dublin","price":"\u20ac 7,899","images":{"base_url":"http:\/\/i0.carsie.ie\/","image_list":[{"thumb":"OWMyYThmNjA3MDIzZjYwOWYxOThkNGI0NWFmMTUzMzfvP9YF6ZkTv2DHBHjy29vdODg5NjA1LS5qcGd8fHx8fHw5Mng2OXx8fHx8.jpg","main":"OGIxZWY2M2U5MzFiY2NiMGEwMWZhZjA5YmFjZDM5YWZ78qvF_63ehKdtOOI6abDSODg5NjA1LS5qcGd8fHx8fHx8fHx8fDQwMHgzMDA=.jpg","large":"ZjdjYTRkZWI3OTNhYjhhZGUzNzVkZTIxNTliZWQ3NGYAU2UyJslXiIfyPRwLYqIHODg5NjA1LS5qcGd8fHx8fHx8fHx8fDY0MHg0ODA=.jpg"}]}},{"ad_id":"747290","reg_year":"2005","make":"Audi","model":"A3","variant":"1.9 TDI SE 105BHP 05DR","mileage":"127000","engine_size":"1.9","fuel_type":"Diesel","body_type":"Hatchback","colour":"000000","location":"Cork","price":"\u20ac 7,900","images":{"base_url":"http:\/\/i0.carsie.ie\/","image_list":[{"thumb":"MjAzOWU1YzJhOGNkMjYwZjA3YzA3MDhjZTc5YTIxN2LKH8mijteZVPO75PNIp7oVNzQ3MjkwLTU1Mjk2OTIuanBnfHx8fHx8OTJ4Njl8fHx8fA==.jpg","main":"OTYzYjBiY2E0ZDAxZjMxNDVjNjcwZGJiNzc1MzBiZmSWfgHL1lzRqd9BDoyWnNuSNzQ3MjkwLTU1Mjk2OTIuanBnfHx8fHx8fHx8fHw0MDB4MzAw.jpg","large":"YjYyNWJiMTZmMWE0ZmI3Mjc4YTBjNmZmM2RhNTUxN2LOaNQmYh0da814kcqwS0ehNzQ3MjkwLTU1Mjk2OTIuanBnfHx8fHx8fHx8fHw2NDB4NDgw.jpg"}]}},{"ad_id":"646012","reg_year":"2004","make":"BMW","model":"318","variant":"CI CONVERTIBLE SE","mileage":"70000","engine_size":"2.0","fuel_type":"Petrol","body_type":"Coupe","colour":"000000","location":"Meath","price":"\u20ac 7,900","images":{"base_url":"http:\/\/i0.carsie.ie\/","image_list":[{"thumb":"NGRmNzQ5NjZkYjcyMDBmMDk4MGRhMmY4MTBlOWNlZWHCLTqQOyktuG2fLerbm_uvNjQ2MDEyLTU3OTEyMTguanBnfHx8fHx8OTJ4Njl8fHx8fA==.jpg","main":"MGNjZTk5Y2Y0MDJjZjVjNzM3YTcwODM3ZWVlODk0OThLATrQzcMs-mUAdY6Qdu2ZNjQ2MDEyLTU3OTEyMTguanBnfHx8fHx8fHx8fHw0MDB4MzAw.jpg","large":"ZTk1MGZlOTYxNjMwNDE4NjQyNWY2ZjRlYTZkMTliZDQ5A-31GCpoJy5_XSshFZ7SNjQ2MDEyLTU3OTEyMTguanBnfHx8fHx8fHx8fHw2NDB4NDgw.jpg"}]}},{"ad_id":"892153","reg_year":"2003","make":"BMW","model":"X5","variant":"SPORT 4X4 DIESEL AUTO, BIG SPEC, ","mileage":"130000","engine_size":"2.9","fuel_type":"Diesel","body_type":"Estate","colour":"0000c0","location":"Dublin","price":"\u20ac 7,900","images":{"base_url":"http:\/\/i0.carsie.ie\/","image_list":[{"thumb":"ZDc3NGFiYTVmMzI4NmI0MzQ3MjJmOGRkYmI0NmMxZjCzdvFzhriMcsx3_ZvEQSu0ODkyMTUzLTcyNjk5NzAuanBnfHx8fHx8OTJ4Njl8fHx8fA==.jpg","main":"YmU3NTgxY2Y0MTQxODExZGZlZDk1MTE2ODIxOGE4NmOfhIGFzfXysHFaQ5Bh4MFHODkyMTUzLTcyNjk5NzAuanBnfHx8fHx8fHx8fHw0MDB4MzAw.jpg","large":"MmMzMTU3NTYyNGZhOTExZDEyMTQ1YmIzOWExYTMwNDHvbwN-px7yWCJI-FoSqk9NODkyMTUzLTcyNjk5NzAuanBnfHx8fHx8fHx8fHw2NDB4NDgw.jpg"}]}},{"ad_id":"861527","reg_year":"2005","make":"Citroen","model":"Dispatch Combi","variant":"Wheelchair Accessible","mileage":"40000","engine_size":"1.9","fuel_type":"Diesel","body_type":"Hatchback","colour":"0000c0","location":"Dublin","price":"\u20ac 7,900","images":{"base_url":"http:\/\/i0.carsie.ie\/","image_list":[{"thumb":"MzI0ZWVmMWE5NTFhZDA3ODY3MGYwZmY0MDhkZWFhMmFxXckCTEDypFTmv0hTRbpOODYxNTI3LTY5MTk5NjAuanBnfHx8fHx8OTJ4Njl8fHx8fA==.jpg","main":"NWNhNjJiOWRiYzg3MzA2NGJhY2U4NTYzNzRiNWY4MjJxqTwH-HKdieA_OjDikfTcODYxNTI3LTY5MTk5NjAuanBnfHx8fHx8fHx8fHw0MDB4MzAw.jpg","large":"OGYxMWJmNTU2MWFhNThiYzI0NzdlNmVhYmRiMzdkMmGhuTLa1d7KRyoB4-Fv6hLOODYxNTI3LTY5MTk5NjAuanBnfHx8fHx8fHx8fHw2NDB4NDgw.jpg"}]}},{"ad_id":"746729","reg_year":"2008","make":"Ford","model":"Fiesta","variant":"STEEL 2 1.25 5DR","mileage":"65865","engine_size":"1.2","fuel_type":"Petrol","body_type":"Hatchback","colour":"0000c0","location":"Tipperary","price":"\u20ac 7,900","images":{"base_url":"http:\/\/i0.carsie.ie\/","image_list":[{"thumb":"NmI3MDc3ZTFlZTlmNjEzMTBjMjg2NmI1ZjczNzRkZmY4kTOh8dYJUS685KSI3TOINzQ2NzI5LTU1MjUyOTUuanBnfHx8fHx8OTJ4Njl8fHx8fA==.jpg","main":"Yzk2MzQ4MTI2ZmMxYmUzOWQ3Y2RhZWViZDliMTAwYmQ-9GcdxpkhUwtREC34GksLNzQ2NzI5LTU1MjUyOTUuanBnfHx8fHx8fHx8fHw0MDB4MzAw.jpg","large":"ZmE3NDUyMzkyNzQ3NjhkMDE1YTgyNDg5NTFhODVhZjft0Dv_hE3FmRFdaetJhjotNzQ2NzI5LTU1MjUyOTUuanBnfHx8fHx8fHx8fHw2NDB4NDgw.jpg"}]}},{"ad_id":"884961","reg_year":"2007","make":"Ford","model":"Focus","variant":"1.6 Sport AUTOMAIC LOW MILES.","mileage":"50000","engine_size":"1.6","fuel_type":"Petrol","body_type":"Hatchback","colour":"0000c0","location":"Dublin","price":"\u20ac 7,900","images":{"base_url":"http:\/\/i0.carsie.ie\/","image_list":[{"thumb":"NWQ2NzhmODY5NzIzNzhkMWNkOTg5MjAwNTYzMjBmZGLpqixTY0ip1kio19wVx-woODg0OTYxLTcyMDE5MzQuanBnfHx8fHx8OTJ4Njl8fHx8fA==.jpg","main":"MTQwZTEwNDZkY2M5NzE3NGQzZDBiYWJhZjdhN2VjNDiLVI8meYbRJ4eJKIQk-PMBODg0OTYxLTcyMDE5MzQuanBnfHx8fHx8fHx8fHw0MDB4MzAw.jpg","large":"MmNhZmMzZGUwYmM0NTI2MjJhMDQ0MDhhMGYzNGNjZmU2kQnWfAiOoUYYiKdqsRxWODg0OTYxLTcyMDE5MzQuanBnfHx8fHx8fHx8fHw2NDB4NDgw.jpg"}]}},{"ad_id":"897160","reg_year":"2007","make":"Ford","model":"Focus","variant":"CONNECTION LX SALOON \/ NEWNCT 2015 AND VERY LOW MILES \/ TRADE-INS WELCOME \/ CALL 086-8055412 ANYTIME.","mileage":"31069","engine_size":"1.4","fuel_type":"Petrol","body_type":"Saloon","colour":"ff0000","location":"Dublin","price":"\u20ac 7,900","images":{"base_url":"http:\/\/i0.carsie.ie\/","image_list":[{"thumb":"ZjdjNjQwZjgxODMyZDk3NjIyMDdiOTdmOGU4Y2M0YjHwsOEBzW7N98iNIeJpZGByODk3MTYwLTczNTE1NzMuanBnfHx8fHx8OTJ4Njl8fHx8fA==.jpg","main":"MzQxNzkwMWViZTcxNTI3ODg4OTVmOWIzZTlkNWU1MTd0JRtTAWCUuDAhfUwTLTJSODk3MTYwLTczNTE1NzMuanBnfHx8fHx8fHx8fHw0MDB4MzAw.jpg","large":"MjFmOTQ5ODA1ODhlM2ZhNjdmYjMzNjViZTFmNGQyZWTJr8UJwuBbpvpbqDpklGMFODk3MTYwLTczNTE1NzMuanBnfHx8fHx8fHx8fHw2NDB4NDgw.jpg"}]}},{"ad_id":"738433","reg_year":"2004","make":"Ford","model":"Transit","variant":"350 CAR TRANSPORTER BEAVER TAIL\/DOE7\/12","mileage":"143000","engine_size":"2.4","fuel_type":"Diesel","body_type":"Other","colour":"ffffff","location":"Dublin","price":"\u20ac 7,900","images":{"base_url":"http:\/\/i0.carsie.ie\/","image_list":[{"thumb":"NmY5MTg5M2RkYWZmZWVmMmQ3NTVhNGJlOTliNjc4YWIhNnpWcGZ5SDZlNxN3jxiTNzM4NDMzLTU0MzQ0MDQuanBnfHx8fHx8OTJ4Njl8fHx8fA==.jpg","main":"MzVlMWFlOGQxYzMzZDQxNjI3OGY2NGU2ZTY4YzUzZTGHKerNhvyYHBrSg_D4Z-CHNzM4NDMzLTU0MzQ0MDQuanBnfHx8fHx8fHx8fHw0MDB4MzAw.jpg","large":"Y2IxYTRiNzk1NmVlNDZlMjFiYTJjMDc5OWM1MDRkMWIdDFWlEHZrS23S2Qip1LrnNzM4NDMzLTU0MzQ0MDQuanBnfHx8fHx8fHx8fHw2NDB4NDgw.jpg"}]}},{"ad_id":"778780","reg_year":"2008","make":"Hyundai","model":"Tucson","variant":"2.0 PET ( RANDLES TRALEE ) ","mileage":"92375","engine_size":"2.0","fuel_type":"Petrol","body_type":"SUV","colour":"000000","location":"Kerry","price":"\u20ac 7,900","images":{"base_url":"http:\/\/i0.carsie.ie\/","image_list":[{"thumb":"Zjk3MWU0YjkxMTg1MDljYjcwMmY3ZTRjZjA4NjAxZGGl7klTfA-RqqxWR8B3ClKeNzc4NzgwLTU5NjkwNjAuanBnfHx8fHx8OTJ4Njl8fHx8fA==.jpg","main":"ZDJjNDQ0NTkwMjk4YjI1YTYzMDcyNGEyZWMyOTdkYWU9ekbfFGNcxcLvhcSvpCy0Nzc4NzgwLTU5NjkwNjAuanBnfHx8fHx8fHx8fHw0MDB4MzAw.jpg","large":"YmI4ZjA2MzQ3NTg2NTExODk1ODZmYjYzNzFmNThhZGTgj_vTJmVXdNyECuFbtTL9Nzc4NzgwLTU5NjkwNjAuanBnfHx8fHx8fHx8fHw2NDB4NDgw.jpg"}]}},{"ad_id":"889001","reg_year":"2006","make":"Jaguar","model":"X-Type","variant":"*DIESEL*GREAT VALUE*","mileage":"71458","engine_size":"2.0","fuel_type":"Diesel","body_type":"Hatchback","colour":"000000","location":"Wicklow","price":"\u20ac 7,900","images":{"base_url":"http:\/\/i0.carsie.ie\/","image_list":[{"thumb":"ZmQ4ZDdiZTQ1Nzc2ODUyZDExOTIzOTE5Y2M4NTlmNzCHLZ_PJjsYHgWTWfR6z8feODg5MDAxLTcyMzkxMTMuanBnfHx8fHx8OTJ4Njl8fHx8fA==.jpg","main":"NGY3ZmE3NmYzNDE4NGJlOTZhNGFjMzc4ZGRkODRjODn9kHgq2liQIDe53pxRQeQ_ODg5MDAxLTcyMzkxMTMuanBnfHx8fHx8fHx8fHw0MDB4MzAw.jpg","large":"MzNmOWI0MDQ4N2ZkMmQyODQyY2UyYjU0MzlhODM1ODVju7lP6hp2JWmGEZ4C7SuIODg5MDAxLTcyMzkxMTMuanBnfHx8fHx8fHx8fHw2NDB4NDgw.jpg"}]}},{"ad_id":"887483","reg_year":"2006","make":"Kia","model":"Sportage","variant":"2.0 EX ","mileage":"79000","engine_size":"2.0","fuel_type":"Diesel","body_type":"Estate","colour":"e0e0e0","location":"Dublin","price":"\u20ac 7,900","images":{"base_url":"http:\/\/i0.carsie.ie\/","image_list":[{"thumb":"ZWE2YWYyNGRhY2Y3NjFhMTg4ODA4MTk0M2UyNzc4MmGZZdznAA2oYcA-W1-waGknODg3NDgzLTcyNDgwOTYuanBnfHx8fHx8OTJ4Njl8fHx8fA==.jpg","main":"ZjhmNzQ5YWM1YzJhYTA2MzMwY2NjNjU2OTZlZjE1NGJ9pKrbZja4GatPIDW1jnrlODg3NDgzLTcyNDgwOTYuanBnfHx8fHx8fHx8fHw0MDB4MzAw.jpg","large":"ZTBkMGQxNjE0MzBkMmM4N2VkOTBhMTcyMGQ0Y2RhYjGJS0iT8lvOYxQIStYTT9QFODg3NDgzLTcyNDgwOTYuanBnfHx8fHx8fHx8fHw2NDB4NDgw.jpg"}]}},{"ad_id":"873970","reg_year":"2006","make":"Kia","model":"Sportage","variant":"2.0 EX M\/T 5DR","mileage":"79000","engine_size":"2.0","fuel_type":"Diesel","body_type":"Estate","colour":"e0e0e0","location":"Kildare","price":"\u20ac 7,900","images":{"base_url":"http:\/\/i0.carsie.ie\/","image_list":[{"thumb":"YmI2MzExNjE3ZjlkMGQ2NTg0ODQ4Y2Q0ZGM2Njg0N2LlflaX-t-eD9otvGfbcAAtODczOTcwLTcxMDU4ODcuanBnfHx8fHx8OTJ4Njl8fHx8fA==.jpg","main":"YzIwNDVmOTg2MTMwYjgxNzI5MWM4ZDIxYTc3YjQ4YTYLp0B7QXVHkTx9OSmvYSWNODczOTcwLTcxMDU4ODcuanBnfHx8fHx8fHx8fHw0MDB4MzAw.jpg","large":"OTA4YWE3NjQ0NDZlYjM3NTBjYjJkZTZjMGIxMjZmNGa-Rp1teRKbKZPQgMoLO7inODczOTcwLTcxMDU4ODcuanBnfHx8fHx8fHx8fHw2NDB4NDgw.jpg"}]}},{"ad_id":"857142","reg_year":"2006","make":"Mercedes-Benz","model":"C 180","variant":"K A\/T 4DR","mileage":"98000","engine_size":"1.8","fuel_type":"Petrol","body_type":"Saloon","colour":"858585","location":"Kildare","price":"\u20ac 7,900","images":{"base_url":"http:\/\/i0.carsie.ie\/","image_list":[{"thumb":"NDgxOTYyNTQyYzNkOTY2Y2YzYjBlZTJhYmM4ZDgwMDgiygCLuJ79NsBDvaT0tK0eODU3MTQyLTY4NzM2MTUuanBnfHx8fHx8OTJ4Njl8fHx8fA==.jpg","main":"NjU5MWZkODJiNWM0NzAxODM4NmE5Y2JhN2JhYTJhY2b2uZuHfiDSnTF41vlblc_JODU3MTQyLTY4NzM2MTUuanBnfHx8fHx8fHx8fHw0MDB4MzAw.jpg","large":"OGJlZjAzZDVlYTkwYzMzNmJjYzBhNDJiZTExZmFjYTDKxyKvqqToFsOPHqVUtXA0ODU3MTQyLTY4NzM2MTUuanBnfHx8fHx8fHx8fHw2NDB4NDgw.jpg"}]}},{"ad_id":"850457","reg_year":"2003","make":"Mercedes-Benz","model":"M Class","variant":"AUTO 270 CDI*TP Waters*","mileage":"80000","engine_size":"2.7","fuel_type":"Diesel","body_type":null,"colour":"008000","location":"Kildare","price":"\u20ac 7,900","images":{"base_url":"http:\/\/i0.carsie.ie\/","image_list":[{"thumb":"MDFiNWY4MTNhYmQ2NzdiYWQyNzk4YjU1Y2M5NjMyMDkzkYFzSDmmUhJrYHMDikNFODUwNDU3LTY4MDMzNjguanBnfHx8fHx8OTJ4Njl8fHx8fA==.jpg","main":"ZDdjZDhkMDAzYTk2ZDA4OWFhMzUyMDM1NDFlNWVjNTS2zqGOV8g_oo0zdSdrJ8IDODUwNDU3LTY4MDMzNjguanBnfHx8fHx8fHx8fHw0MDB4MzAw.jpg","large":"ODk5MjFhNzlmZTlhMmJmNmRhM2ZjMWE3MWU2ZTA4NDhahCuEA9Z598W5Q39GdVNaODUwNDU3LTY4MDMzNjguanBnfHx8fHx8fHx8fHw2NDB4NDgw.jpg"}]}},{"ad_id":"882703","reg_year":"2004","make":"Mini","model":"Cooper","variant":"1.6 - SOLD","mileage":"27000","engine_size":"1.6","fuel_type":"Petrol","body_type":"Hatchback","colour":"ff0000","location":"Meath","price":"\u20ac 7,900","images":{"base_url":"http:\/\/i0.carsie.ie\/","image_list":[{"thumb":"ODEzODVjMDBiZjIxMjVkYTNiYWYxNDNkZjQwNjQ5NTVTgRVAGHmoG1J5bGYPa_U0ODgyNzAzLTcxNzAxNDguanBnfHx8fHx8OTJ4Njl8fHx8fA==.jpg","main":"ZWRkNzA1ZmFkYjc2Mjc5NzdhZDRkNjc1ZGIyOTg4YWFgogjAG_QSaRFTJyp3DLQfODgyNzAzLTcxNzAxNDguanBnfHx8fHx8fHx8fHw0MDB4MzAw.jpg","large":"NDJhY2NkMTEyMDk4ZDU3ZWUxNTU0YTY3NDE0YWFkNWJwy1DOuItjuLrBfNq8IJDtODgyNzAzLTcxNzAxNDguanBnfHx8fHx8fHx8fHw2NDB4NDgw.jpg"}]}},{"ad_id":"861370","reg_year":"2008","make":"Nissan","model":"Micra","variant":"1.2 Loads of extras.","mileage":"38750","engine_size":"1.2","fuel_type":"Petrol","body_type":"Hatchback","colour":"ff0000","location":"Kerry","price":"\u20ac 7,900","images":{"base_url":"http:\/\/i0.carsie.ie\/","image_list":[{"thumb":"Y2JkNmIxYzM0ZDgwMmFmMjJjMWM3MGEyYjNlYjQzODeTLPSVXVbgs6MQVXM3Btw5ODYxMzcwLTY5MTgzNDguanBnfHx8fHx8OTJ4Njl8fHx8fA==.jpg","main":"NGE3MWM1YzE3NTMxNjQ3MmRmNjgyMjc5YmI5Yzg3MTGLGv4frJ5z6usD8UXv2itbODYxMzcwLTY5MTgzNDguanBnfHx8fHx8fHx8fHw0MDB4MzAw.jpg","large":"NmJiNmIwOGQwZTkyNmQ3NzBkNjE0OTUxN2UwMTJjYTiCR5KvOJBMaH3E9Sm6taBEODYxMzcwLTY5MTgzNDguanBnfHx8fHx8fHx8fHw2NDB4NDgw.jpg"}]}},{"ad_id":"861949","reg_year":"2007","make":"Nissan","model":"Primera","variant":"1.6 SE (Killarney)","mileage":"68125","engine_size":"1.6","fuel_type":"Petrol","body_type":"Saloon","colour":"e0e0e0","location":"Kerry","price":"\u20ac 7,900","images":{"base_url":"http:\/\/i0.carsie.ie\/","image_list":[{"thumb":"ZmIxNjNjNmE4MWYzYWE3OTIzZTJjZmU0NGU2N2NiZWS-JlLMRi5aCB96qhHuzgt8ODYxOTQ5LTY5MjUxNTAuanBnfHx8fHx8OTJ4Njl8fHx8fA==.jpg","main":"MmNhYmRmM2E5NGMwMTYyMzBmZTIwNGQyOGI2ZjkyYjGnvdF7ZVfdWPjd2NkZO5WZODYxOTQ5LTY5MjUxNTAuanBnfHx8fHx8fHx8fHw0MDB4MzAw.jpg","large":"ODBmODZiNTZlZDAzZjIwZTM2NjYzOTI1ODJjNDZkYTb-DFaIEt_e82qG-Rgm50HFODYxOTQ5LTY5MjUxNTAuanBnfHx8fHx8fHx8fHw2NDB4NDgw.jpg"}]}}]}