{"total":"23408","result":[{"ad_id":"899897","reg_year":"2003","make":"Skoda","model":"Fabia","variant":"Comfort 1.2 NEW NCT 3-2014","mileage":"81000","engine_size":"1.2","fuel_type":"Petrol","body_type":"Hatchback","colour":"e0e0e0","location":"Dublin","price":"\u20ac 3,250","images":{"base_url":"http:\/\/i0.carsie.ie\/","image_list":[{"thumb":"OWI1NWRmNjFmNmMwYzhiMjIxZDlhN2ZiMmFlMDdmMGEIUztC3qTylrlA4imV_EMaODk5ODk3LTc0MjEwNTEuanBnfHx8fHx8OTJ4Njl8fHx8fA==.jpg","main":"ZDU5NzY0MWU0ODM2MzVmNmVhZGZiNzM4MGE2NGQ2Y2LjMwhv8dA1Vqq2EDk7FIrVODk5ODk3LTc0MjEwNTEuanBnfHx8fHx8fHx8fHw0MDB4MzAw.jpg","large":"MGNjMzhiOTRmYjdjOWRmZjNjYTUwNzM3OGY1ZDQ3MjOUAqyGPrlGqMwO1SPjlBcNODk5ODk3LTc0MjEwNTEuanBnfHx8fHx8fHx8fHw2NDB4NDgw.jpg"}]}},{"ad_id":"895439","reg_year":"2005","make":"Skoda","model":"Fabia","variant":"Ambiente 1.2 5DR","mileage":"80780","engine_size":"1.2","fuel_type":"Petrol","body_type":"Hatchback","colour":"f0d2a0","location":"Monaghan","price":"\u20ac 3,250","images":{"base_url":"http:\/\/i0.carsie.ie\/","image_list":[{"thumb":"NjE2NmYwNDVhZmJkNzA0YzIwZGFmMWIxOGI2NmEyNGYNxQdH3DVsXQuzYxHVK4zhODk1NDM5LTczMjQyNTEuanBnfHx8fHx8OTJ4Njl8fHx8fA==.jpg","main":"ZDFjYjQwNjVlM2QxZmQ5YWVhOTZjZDAwMGRjMTg3NTmtaji1ZN6m0AH6K86xR0xcODk1NDM5LTczMjQyNTEuanBnfHx8fHx8fHx8fHw0MDB4MzAw.jpg","large":"MTBkM2NmZThiMTVhOTQxMjI2ZGMyZjQxOTIwMjQ5NDlMQaD7e2-0n0ZSNij8XojpODk1NDM5LTczMjQyNTEuanBnfHx8fHx8fHx8fHw2NDB4NDgw.jpg"}]}},{"ad_id":"808813","reg_year":"2002","make":"Skoda","model":"Octavia","variant":"Diesel","mileage":"132000","engine_size":"1.9","fuel_type":"Diesel","body_type":"Estate","colour":"14d900","location":"Waterford","price":"\u20ac 3,250","images":{"base_url":"http:\/\/i0.carsie.ie\/","image_list":[{"thumb":"NzdmNzJmYTEyZjAzNTU0OTZjMzQyMDAzYjVkNDlmYWYeZDaVyEUwjWddM7LjMkdpODA4ODEzLTYzMTQ3OTguanBnfHx8fHx8OTJ4Njl8fHx8fA==.jpg","main":"MGUyZTMzNzFjMmI2ODY1M2Q2ZmEzOWFmMGU2MDFlM2U-8H9Zo7qSq_s2r33Aq2HHODA4ODEzLTYzMTQ3OTguanBnfHx8fHx8fHx8fHw0MDB4MzAw.jpg","large":"ZTgxNGQ2ODBlMGJiZjBhNjJjZGVjMTkxNzhhNTcxMWFWySPWmjaV_xdTfk-wXFUdODA4ODEzLTYzMTQ3OTguanBnfHx8fHx8fHx8fHw2NDB4NDgw.jpg"}]}},{"ad_id":"898905","reg_year":"2004","make":"Subaru","model":"Impreza","variant":"1.6 TS 4DR","mileage":"60000","engine_size":"1.6","fuel_type":"Petrol","body_type":"Saloon","colour":"e0e0e0","location":"Dublin","price":"\u20ac 3,250","images":{"base_url":"http:\/\/i0.carsie.ie\/","image_list":[{"thumb":"NmEyY2M0NmQxZjc4ZGIzNGU2YmJiN2VjYTEwYmFhNzOETb_tt16F7_v3QdL2PFc9ODk4OTA1LTczNzA4OTAuanBnfHx8fHx8OTJ4Njl8fHx8fA==.jpg","main":"YjFkM2IyNjYxODIzODI4ZDI0ZjNlZjA1ODBkMGVhYTij5cmhlTwH_y3dFVrgtZrRODk4OTA1LTczNzA4OTAuanBnfHx8fHx8fHx8fHw0MDB4MzAw.jpg","large":"MjlkOGU5YTZjOWM2OTg2YjFlMDA3MGYwYTFiYmI3OTaco5pst2TOm-s9smNJAaV9ODk4OTA1LTczNzA4OTAuanBnfHx8fHx8fHx8fHw2NDB4NDgw.jpg"}]}},{"ad_id":"881343","reg_year":"2002","make":"Subaru","model":"Legacy","variant":"","mileage":"120000","engine_size":"2.0","fuel_type":"Petrol","body_type":"Saloon","colour":"000000","location":"Dublin","price":"\u20ac 3,250","images":{"base_url":"http:\/\/i0.carsie.ie\/","image_list":[{"thumb":"MjRlMTU4N2JkNWFkMmVkM2E5YTJkZTQ2MWRiZjI4OWWGN8JRKSKPf7rZszzUkluuODgxMzQzLTcxNzMzNjkuanBnfHx8fHx8OTJ4Njl8fHx8fA==.jpg","main":"N2JkYzU2YTdkZjUwOTE2ZjljZjA3NjE5MWVjODJiMDLc0HmiVHGLkHos3tDejAa5ODgxMzQzLTcxNzMzNjkuanBnfHx8fHx8fHx8fHw0MDB4MzAw.jpg","large":"YThjZDYzNjkwNjIyN2MyMmU3ZWM2YWMzYjYzM2UwNTi_HCXS07QMsTrFojucTUJMODgxMzQzLTcxNzMzNjkuanBnfHx8fHx8fHx8fHw2NDB4NDgw.jpg"}]}},{"ad_id":"846051","reg_year":"2003","make":"Suzuki","model":"Grand Vitara","variant":"1.6 3DR","mileage":"98600","engine_size":"1.6","fuel_type":"Petrol","body_type":"People Carrier","colour":"f0d2a0","location":"Dublin","price":"\u20ac 3,250","images":{"base_url":"http:\/\/i0.carsie.ie\/","image_list":[{"thumb":"MmNhNjI4YWExOTMxMGQzNzQ4YWFiOGVhOTgwN2RhMzJ9rML1M-N6w7F7EzEXII7_ODQ2MDUxLTY3NTQyNzQuanBnfHx8fHx8OTJ4Njl8fHx8fA==.jpg","main":"NDc1NzlmMDA4MzY4MGQ1M2IwYmRjMDI3YzhiYzE3MjE2pkbXhqYd_e7QY-aAYF-mODQ2MDUxLTY3NTQyNzQuanBnfHx8fHx8fHx8fHw0MDB4MzAw.jpg","large":"ZGRhNmUyZjhhYWQzNGYzODMzYjA3NjA1NWQ0NzM2OTOIaan0rhfpBrVNHRp6us_7ODQ2MDUxLTY3NTQyNzQuanBnfHx8fHx8fHx8fHw2NDB4NDgw.jpg"}]}},{"ad_id":"897493","reg_year":"2004","make":"Suzuki","model":"Liana","variant":"1.3 5DR 51","mileage":"103551","engine_size":"1.3","fuel_type":"Petrol","body_type":null,"colour":"000000","location":"Carlow","price":"\u20ac 3,250","images":{"base_url":"http:\/\/i0.carsie.ie\/","image_list":[{"thumb":"OTBjNjc4MGNjNzNmMDVkZTA3MGFhZDU3ZTQwZTQ0MGOYlTKr3q3RZd8jr48JUDvYODk3NDkzLTczNTUwNTkuanBnfHx8fHx8OTJ4Njl8fHx8fA==.jpg","main":"YWZlOGVkYWUwZjU3ZWFjNDdjMmM5MDQyZWFmMjdiYTIkFa-l1dcmWjcn8FhQ4HDXODk3NDkzLTczNTUwNTkuanBnfHx8fHx8fHx8fHw0MDB4MzAw.jpg","large":"NTkwZDQxYzM3M2ZmY2IyMDEwMjAzZGYxNGRhMzFkY2KuCYUVo4Ntxh1zCyvtbUNfODk3NDkzLTczNTUwNTkuanBnfHx8fHx8fHx8fHw2NDB4NDgw.jpg"}]}},{"ad_id":"850405","reg_year":"2005","make":"Suzuki","model":"Wagon R","variant":"R .","mileage":"67516","engine_size":"1.0","fuel_type":"Petrol","body_type":null,"colour":"e0e0e0","location":"Galway","price":"\u20ac 3,250","images":{"base_url":"http:\/\/i0.carsie.ie\/","image_list":[{"thumb":"MThkNGVmNmFkNDNmMzlkZDJmY2Q3NzkxMzdjODg4NDHuOGS_NBLWWMcekZIIkCwiODUwNDA1LTczODUwNjQuanBnfHx8fHx8OTJ4Njl8fHx8fA==.jpg","main":"YzMwNjE2YzM4ZjgxMzdkMTIyZDFjZGRjMzI3MjI0MzafMNPW0u54GAn0ctLOlow5ODUwNDA1LTczODUwNjQuanBnfHx8fHx8fHx8fHw0MDB4MzAw.jpg","large":"NTllOTdhYTZmNzA2MGI5MmIxZjliNTViNTcxMzI3ZWS6WAUeThQX69KvhBCCBFK0ODUwNDA1LTczODUwNjQuanBnfHx8fHx8fHx8fHw2NDB4NDgw.jpg"}]}},{"ad_id":"895536","reg_year":"2003","make":"Toyota","model":"Avensis","variant":"Aura Tourer Estate NCT 07\/13","mileage":"103000","engine_size":"1.8","fuel_type":"Petrol","body_type":"Estate","colour":"e0e0e0","location":"Dublin","price":"\u20ac 3,250","images":{"base_url":"http:\/\/i0.carsie.ie\/","image_list":[{"thumb":"NTM1OGViZTQ0ZDZhNzA1Nzc0ZDNlYWFkYzZlNzAwYWZCoJnHJuZmQAjhz2kyj4UhODk1NTM2LTc0MDQ5NzQuanBnfHx8fHx8OTJ4Njl8fHx8fA==.jpg","main":"MTE3NDU2NzMxY2NhNWJmMmJiYmE5M2YxMTczOGNiMzcDVnRxVmRtrQP2HoeRtTHbODk1NTM2LTc0MDQ5NzQuanBnfHx8fHx8fHx8fHw0MDB4MzAw.jpg","large":"MmI3NzM5NjM5Y2UyZGZlNmQwM2IwODdkZmE3YjM0YmTJQcQB5qunV3vGT68_pF5IODk1NTM2LTc0MDQ5NzQuanBnfHx8fHx8fHx8fHw2NDB4NDgw.jpg"}]}},{"ad_id":"901457","reg_year":"2004","make":"Toyota","model":"Avensis","variant":"Aura 4DR","mileage":"145000","engine_size":"1.6","fuel_type":"Petrol","body_type":"Saloon","colour":"e0e0e0","location":"Leitrim","price":"\u20ac 3,250","images":{"base_url":"http:\/\/i0.carsie.ie\/","image_list":[{"thumb":"YmNjYWI2ZjljZDFmNzYwZTIxMDBlMzI4NWVmZjUwNzlKjIoXp5aDL2IYlxrcDoK5OTAxNDU3LTc0MTkyNjguanBnfHx8fHx8OTJ4Njl8fHx8fA==.jpg","main":"ZWQ2ZjNmNGM2ZGRlNjQzMDRmMDIwNmNjZGJhNWE3YzFDBmhsnweg28kdlWsmZgocOTAxNDU3LTc0MTkyNjguanBnfHx8fHx8fHx8fHw0MDB4MzAw.jpg","large":"MzYwMjg0MmRlZDA2YzY2ZjczYTVkYTY0YzYxYjJjMGZPla-gfZRCvr4_xpWZXBHYOTAxNDU3LTc0MTkyNjguanBnfHx8fHx8fHx8fHw2NDB4NDgw.jpg"}]}},{"ad_id":"901381","reg_year":"2002","make":"Toyota","model":"Corolla","variant":"1.4 Terra","mileage":"99000","engine_size":"1.4","fuel_type":"Petrol","body_type":"Hatchback","colour":"e0e0e0","location":"Cork","price":"\u20ac 3,250","images":{"base_url":"http:\/\/i0.carsie.ie\/","image_list":[{"thumb":"ZjYyMzg3ZDNlYjhjYzEwMzcyYzg1NTlhMmUwMTQ2YTGbroQkHSqDtZJAa5iKi7l9OTAxMzgxLTc0MTg4OTguanBnfHx8fHx8OTJ4Njl8fHx8fA==.jpg","main":"MDM0MTQzMDcxOGRmOTYzYTkyZGJkNDMxOWFhOTVmMjLtK0aC-FmHJPlajmtlYYdVOTAxMzgxLTc0MTg4OTguanBnfHx8fHx8fHx8fHw0MDB4MzAw.jpg","large":"OWNmNzc5ZTI3MGYyYzk0ZDhhNzU1ZTVhMGQ1N2E5NDa8gXZ5JXDNXzCSDraHJuGkOTAxMzgxLTc0MTg4OTguanBnfHx8fHx8fHx8fHw2NDB4NDgw.jpg"}]}},{"ad_id":"771653","reg_year":"2002","make":"Toyota","model":"Corolla","variant":"Terra","mileage":"103856","engine_size":"1.4","fuel_type":"Petrol","body_type":"Saloon","colour":"ff0000","location":"Dublin","price":"\u20ac 3,250","images":{"base_url":"http:\/\/i0.carsie.ie\/","image_list":[{"thumb":"YTQ3Y2E2MWMzN2MyMjcwNTVkYmEzMmExNWM5ODJlMjXkfHhefTul6EgYw8MUe96hNzcxNjUzLTU4NTA0NDAuanBnfHx8fHx8OTJ4Njl8fHx8fA==.jpg","main":"YjRiMzljN2Q1NjYzYmJlMDFjNGJjMGRiOWY4MGQ3YjAaTANyDB7BYEv3DN6UlL2NNzcxNjUzLTU4NTA0NDAuanBnfHx8fHx8fHx8fHw0MDB4MzAw.jpg","large":"MTAwZGQ0ZDRhMDAyOTYwNDMwMzFmMTE4NmJjMWJhYWa076Ws6Psh9ftqEtEYU6fJNzcxNjUzLTU4NTA0NDAuanBnfHx8fHx8fHx8fHw2NDB4NDgw.jpg"}]}},{"ad_id":"896897","reg_year":"2004","make":"Toyota","model":"Corolla","variant":"1.4 TERRA SALOON","mileage":"153635","engine_size":"1.4","fuel_type":"Petrol","body_type":"Saloon","colour":"858585","location":"Westmeath","price":"\u20ac 3,250","images":{"base_url":"http:\/\/i0.carsie.ie\/","image_list":[{"thumb":"NDFjMjFkZjQyYzA4NDlkOWI0NWQ5ZjI2NGVjOWQyYWMyN0RaAjKK18FGbSH9huZnODk2ODk3LTczNDgwODAuanBnfHx8fHx8OTJ4Njl8fHx8fA==.jpg","main":"NjU1MzVhYjk5M2NkYTgwZGY3NDk0Yjk0YjMwOWE1YWNfCfFhqRcKzr3BS39GaLT_ODk2ODk3LTczNDgwODAuanBnfHx8fHx8fHx8fHw0MDB4MzAw.jpg","large":"NDlmNmM3YTgyMjZhY2ZhNDc0NTczMzY1MmVjNjM2ZWRslw7fv3mCOvl-_pStTTngODk2ODk3LTczNDgwODAuanBnfHx8fHx8fHx8fHw2NDB4NDgw.jpg"}]}},{"ad_id":"804146","reg_year":"2002","make":"Toyota","model":"Corolla Verso","variant":null,"mileage":"136732","engine_size":"1.6","fuel_type":"Petrol","body_type":"SUV","colour":"e0e0e0","location":"Galway","price":"\u20ac 3,250","images":{"base_url":"http:\/\/i0.carsie.ie\/","image_list":[{"thumb":"YzFiNzY3MGFhOGFjODFjMGYwZTJkZGVmNWI4YWYzZGIsvVBHdW63wLtwukUGTkgEODA0MTQ2LTYyNTAxOTEuanBnfHx8fHx8OTJ4Njl8fHx8fA==.jpg","main":"ZTlhZTU5NGYzNGJhYWVlZjllMGE2MGM5ZGE4OWZmMjiynNIrK_OGiwzCkg2dhZWeODA0MTQ2LTYyNTAxOTEuanBnfHx8fHx8fHx8fHw0MDB4MzAw.jpg","large":"M2JiNWNiNTJmNDMwMWE2OTAwNGI0ZmFkMTA4YzgxZTRcfvbTVV9wR8zcXpGtK19hODA0MTQ2LTYyNTAxOTEuanBnfHx8fHx8fHx8fHw2NDB4NDgw.jpg"}]}},{"ad_id":"875767","reg_year":"1997","make":"Toyota","model":"Starlet","variant":"EP91 1.3 TURBO auto \/ loaded with extras \/","mileage":"113690","engine_size":"1.3","fuel_type":"Petrol","body_type":null,"colour":"ffffff","location":"Dublin","price":"\u20ac 3,250","images":{"base_url":"http:\/\/i0.carsie.ie\/","image_list":[{"thumb":"Zjk4MzM2NzhhN2MxY2Q3NWZjMDM1MDUyZWYxZjQwMTWfngdq1IZ1AvyJoTmDWRZWODc1NzY3LTcxMzA5NzkuanBnfHx8fHx8OTJ4Njl8fHx8fA==.jpg","main":"YzM1NGFiMTQ3NzVhNzZlZGQ5MmI5N2UyMThmY2UzYTA8-isLKKCx8JSMvssmnHruODc1NzY3LTcxMzA5NzkuanBnfHx8fHx8fHx8fHw0MDB4MzAw.jpg","large":"MGNjZTZkNDIxMzEwYTk3NTBlZjg4Mzc0ODJmMzJiOWMaazvt6xDXSVnnh-Cv01uzODc1NzY3LTcxMzA5NzkuanBnfHx8fHx8fHx8fHw2NDB4NDgw.jpg"}]}},{"ad_id":"899443","reg_year":"2003","make":"Volkswagen","model":"Golf","variant":"1.4","mileage":"109000","engine_size":"1.4","fuel_type":"Petrol","body_type":"Hatchback","colour":"e0e0e0","location":"Cork","price":"\u20ac 3,250","images":{"base_url":"http:\/\/i0.carsie.ie\/","image_list":[{"thumb":"NWIwNDI5MjgwZGYxZjIxMWE1NWYxN2MwNTYxMjNjOWFG5rb_5tEq8Z9p2omr-x6ZODk5NDQzLTc0MDU1NDIuanBnfHx8fHx8OTJ4Njl8fHx8fA==.jpg","main":"N2Q5MGY1MTZjZjg3NDQwNzk3NjI1YWNiYzk4NDlkMGNp7SWljQWcJWm7sc5AzjaAODk5NDQzLTc0MDU1NDIuanBnfHx8fHx8fHx8fHw0MDB4MzAw.jpg","large":"MTJjMDU2ODQyNWUzZWRlM2M5MmU1NWM1YjU4MTQxYjLkuOeJ543QrKNb0Y2dQ9afODk5NDQzLTc0MDU1NDIuanBnfHx8fHx8fHx8fHw2NDB4NDgw.jpg"}]}},{"ad_id":"772706","reg_year":"2001","make":"Volkswagen","model":"Golf","variant":"GTI SWOP OR TRADE IN-2 OWNERS-FULL F. S. H-TOP SPEC--TRADE IN","mileage":"78000","engine_size":"1.8","fuel_type":"Petrol","body_type":"Hatchback","colour":"0000c0","location":"Dublin","price":"\u20ac 3,250","images":{"base_url":"http:\/\/i0.carsie.ie\/","image_list":[{"thumb":"ZDZkMDBkNjAxMTM2OTRiNGRjMGNlYmI5MTIyYTU3ZjZvG9xmkatC2WZ_AKQRMlGhNzcyNzA2LTU5ODczNjguanBnfHx8fHx8OTJ4Njl8fHx8fA==.jpg","main":"NWE2OTdkZWIzYzFkMjIxNzc2OTJhZmRhMDE0ZWY3N2Eju-5w-L1cIIWG2TTw9FQtNzcyNzA2LTU5ODczNjguanBnfHx8fHx8fHx8fHw0MDB4MzAw.jpg","large":"NmQ5ODIwZDBjYTRiOTA3NTg4NDQ4M2UwNzY3OWYzNDTdHY9kOQZNGwgfrl_cCGJENzcyNzA2LTU5ODczNjguanBnfHx8fHx8fHx8fHw2NDB4NDgw.jpg"}]}},{"ad_id":"847576","reg_year":"2002","make":"Volkswagen","model":"Golf","variant":"1.4 SPORTLINE-NEW NCT-TRADE IN WELCOME-ALL EXTRAS","mileage":"81000","engine_size":"1.4","fuel_type":"Petrol","body_type":"Hatchback","colour":"858585","location":"Dublin","price":"\u20ac 3,250","images":{"base_url":"http:\/\/i0.carsie.ie\/","image_list":[{"thumb":"NjY0OTA4YWRhOWQ5NTkzY2E2MGY5ZTYzZDlmNzRhYTNgc5CwhlvesRRAsZ1JKgM9ODQ3NTc2LTY3NzgxMjguanBnfHx8fHx8OTJ4Njl8fHx8fA==.jpg","main":"NmI2YzUzZGZlODY3Y2NjNTM5NjcxMGQ0MzEyMTYzMTOoelXUBBGyaWykMmmLVHjCODQ3NTc2LTY3NzgxMjguanBnfHx8fHx8fHx8fHw0MDB4MzAw.jpg","large":"Mjg2NDBhZGZkNDZhNThkZWY4Y2M4NmMyZWY1NzA1YjWi3QivNYNCCWyfZtqqTTQNODQ3NTc2LTY3NzgxMjguanBnfHx8fHx8fHx8fHw2NDB4NDgw.jpg"}]}},{"ad_id":"891948","reg_year":"2002","make":"Volkswagen","model":"Golf","variant":"1.4","mileage":"106000","engine_size":"1.4","fuel_type":"Petrol","body_type":"Hatchback","colour":"000000","location":"Dublin","price":"\u20ac 3,250","images":{"base_url":"http:\/\/i0.carsie.ie\/","image_list":[{"thumb":"OTIzZjg5NTI0NmUyMTlmYTE3N2VjZGIyYWJiNTg3ZjP-Gelf3C3OnHzszFczEFJeODkxOTQ4LTczMDU5NzEuanBnfHx8fHx8OTJ4Njl8fHx8fA==.jpg","main":"ZWYxMGRmZWYzYmMwZGRhZThhYTE1OGNiMDEyZDUzOTewTcfLAz_WyNwMoVfwYmlaODkxOTQ4LTczMDU5NzEuanBnfHx8fHx8fHx8fHw0MDB4MzAw.jpg","large":"NjdmZmVlZjlhYmNmNjUxMTQwMGJkOTBiM2NiNTdlMzHcFKi0pRdFhaRDrTe0X_FDODkxOTQ4LTczMDU5NzEuanBnfHx8fHx8fHx8fHw2NDB4NDgw.jpg"}]}},{"ad_id":"896900","reg_year":"2003","make":"Volkswagen","model":"Golf","variant":"Match 115Bhp Red I","mileage":"130000","engine_size":"1.9","fuel_type":"Diesel","body_type":"Hatchback","colour":"ff0000","location":"Mayo","price":"\u20ac 3,250","images":{"base_url":"http:\/\/i0.carsie.ie\/","image_list":[{"thumb":"NTZkNzUxYWNiZWE0MWFmNjJhOTc0ZmVkMzNlMjQ3YTc-Hx-Tec0svyp2aypw41DIODk2OTAwLTczNTE0MDQuanBnfHx8fHx8OTJ4Njl8fHx8fA==.jpg","main":"ZTE1OGQxOTkzOGFjYzdhYzg4YTY2ZDJhNWZjY2VkOWPcA6WXyViAO_-Qsc5uwmwPODk2OTAwLTczNTE0MDQuanBnfHx8fHx8fHx8fHw0MDB4MzAw.jpg","large":"Nzc3NTI2ZGExNjA0NTE0ZmNiNzc1OGE4ZWRhYTE3ZTUJvRTcsuQshlkk6O9wyHRkODk2OTAwLTczNTE0MDQuanBnfHx8fHx8fHx8fHw2NDB4NDgw.jpg"}]}}]}