{"total":"23408","result":[{"ad_id":"864174","reg_year":"2001","make":"Honda","model":"Civic","variant":"1.4I","mileage":"70500","engine_size":"1.4","fuel_type":"Petrol","body_type":"Saloon","colour":"ff0000","location":"Dublin","price":"\u20ac 2,450","images":{"base_url":"http:\/\/i0.carsie.ie\/","image_list":[{"thumb":"NjQ2MWZkYWM3MDQzM2EwY2Q5YjcxZjZkMDgxM2FiY2F2xOCqatui0O7yipET-_7rODY0MTc0LTY5NTI5MDkuanBnfHx8fHx8OTJ4Njl8fHx8fA==.jpg","main":"MWVkZWQ1YmY0NmRiYjFjYTkxY2E3YmM1MTg4NGVlZTmnY8-UCfxUrZitWk8vx4qUODY0MTc0LTY5NTI5MDkuanBnfHx8fHx8fHx8fHw0MDB4MzAw.jpg","large":"MjhiMmE2MTM4YjZlOTkzYzcxNWI2OWUzZTZmNTMxMGUrVSW_QGRcUnDdJLLRH2YPODY0MTc0LTY5NTI5MDkuanBnfHx8fHx8fHx8fHw2NDB4NDgw.jpg"}]}},{"ad_id":"876456","reg_year":"2000","make":"Honda","model":"Integra","variant":"DC 2 SIR 02DR","mileage":"91965","engine_size":"1.8","fuel_type":"Petrol","body_type":"Coupe","colour":"e0e0e0","location":"Dublin","price":"\u20ac 2,450","images":{"base_url":"http:\/\/i0.carsie.ie\/","image_list":[{"thumb":"YTQzMmZjYTYwOWZhMjJhOGFhMjViMjQ2NmRjMWU4ZmZ1Kk-a3943-9u2vGK2gRsYODc2NDU2LTcxMDE4MjAuanBnfHx8fHx8OTJ4Njl8fHx8fA==.jpg","main":"ZDRkNjVhMjQ5Njk0YWFkMTdiYjU1ZWE2MzBkODRmMjHMOFZZX0K8ohKKxLTZt4pyODc2NDU2LTcxMDE4MjAuanBnfHx8fHx8fHx8fHw0MDB4MzAw.jpg","large":"YWM1M2FhNDY5ZDIzMmM5ZTAwMTY3OTYyYzQ2NjQ5OWEKT3Qv9U4T9E-MzXqN9v4fODc2NDU2LTcxMDE4MjAuanBnfHx8fHx8fHx8fHw2NDB4NDgw.jpg"}]}},{"ad_id":"890690","reg_year":"2002","make":"Hyundai","model":"Coupe","variant":"1.6 FX NCT 01\/14","mileage":"82000","engine_size":"1.6","fuel_type":"Petrol","body_type":"Coupe","colour":"0000c0","location":"Dublin","price":"\u20ac 2,450","images":{"base_url":"http:\/\/i0.carsie.ie\/","image_list":[{"thumb":"YzYwZjEyYjJmOTE5ODI1Mjg1OGUwMGJiZWMyMDZiMGHaj2R8nqmIKANvqoL_0mKbODkwNjkwLTcyNjIwODcuanBnfHx8fHx8OTJ4Njl8fHx8fA==.jpg","main":"NGFlNzJhNWEzMjVlZTUyZTlmZDRkY2M3Y2JjOGZmZGHOZV5vCOivypnengcyGkdEODkwNjkwLTcyNjIwODcuanBnfHx8fHx8fHx8fHw0MDB4MzAw.jpg","large":"MzIxYTM2MTVlNTJjNzBjNTNjY2FjNTEwYmUxNjkwZjAiRoucjPeydpFKjc91xU2rODkwNjkwLTcyNjIwODcuanBnfHx8fHx8fHx8fHw2NDB4NDgw.jpg"}]}},{"ad_id":"901622","reg_year":"2004","make":"Hyundai","model":"Coupe","variant":"1.6 S 02DR","mileage":"83000","engine_size":"1.6","fuel_type":"Petrol","body_type":"Coupe","colour":"000000","location":"Dublin","price":"\u20ac 2,450","images":{"base_url":"http:\/\/i0.carsie.ie\/","image_list":[{"thumb":"NmUyYWViYzhkNWFiNTJmYjI4N2NhMDAzNjhiZjcyNjfA1JrGktem4rTTouXyuwHlOTAxNjIyLTc0MjE4MTMuanBnfHx8fHx8OTJ4Njl8fHx8fA==.jpg","main":"YWRmMTI0N2QzMTdjYzQ5MmVkZDg5M2QxZjU0OGMzMGScjf8g-J6-xVFnDTejaYJuOTAxNjIyLTc0MjE4MTMuanBnfHx8fHx8fHx8fHw0MDB4MzAw.jpg","large":"ZmVhNzkxZjQ0YTcyYTRiMWM5OWFlMGQyMWMyZmE3NzMlpn9UvPw6T356iX4Wx5-XOTAxNjIyLTc0MjE4MTMuanBnfHx8fHx8fHx8fHw2NDB4NDgw.jpg"}]}},{"ad_id":"772591","reg_year":"2004","make":"Hyundai","model":"Elantra","variant":"LTH A\/C 5DR","mileage":"110000","engine_size":"1.6","fuel_type":"Petrol","body_type":"Hatchback","colour":"e0e0e0","location":"Roscommon","price":"\u20ac 2,450","images":{"base_url":"http:\/\/i0.carsie.ie\/","image_list":[{"thumb":"YWM1YTM4YWM3NDhiMzUzNTY0NTcwM2RmMDU2NmFlZTY9Z2ca5j9cm6hpXNLFsLwWNzcyNTkxLTU5ODQyMjUuanBnfHx8fHx8OTJ4Njl8fHx8fA==.jpg","main":"OGZjNTJlYjZlOGM0Yzk0OTdlNDgzOGEwNjAzMTgxOWNdW38u8TkwNarKM22016--NzcyNTkxLTU5ODQyMjUuanBnfHx8fHx8fHx8fHw0MDB4MzAw.jpg","large":"N2Q0NjMwMDYwYjk5ZDQ3ZjZlNjNiMDM3YWY2Y2QzZGEo7Wjg9fIme4-XFZgglA7uNzcyNTkxLTU5ODQyMjUuanBnfHx8fHx8fHx8fHw2NDB4NDgw.jpg"}]}},{"ad_id":"836987","reg_year":"2004","make":"Hyundai","model":"Getz","variant":"Getz 1.1 5DR","mileage":"96000","engine_size":"1.1","fuel_type":"Petrol","body_type":"Hatchback","colour":"e0e0e0","location":"Louth","price":"\u20ac 2,450","images":{"base_url":"http:\/\/i0.carsie.ie\/","image_list":[{"thumb":"M2ZkMTNlZjA5Y2IyNDZmZGM4YzQwYjI3YzU2YTE1MTfHoGHdk_PFreKzQpA-WGi3ODM2OTg3LTY2NTM1MjUuanBnfHx8fHx8OTJ4Njl8fHx8fA==.jpg","main":"YWRkMTdkOGFlYmFkMzdhMjk1ODUzM2JjNWE5ODY4NDHBBZJ7dtUb3YNIHq50sj0DODM2OTg3LTY2NTM1MjUuanBnfHx8fHx8fHx8fHw0MDB4MzAw.jpg","large":"NmE0OGI5OTdjY2I0MjM0ZGJjNWNhYzEwOTYyN2MzYWJ9jo8pwxpZGrYBXyQpr_NNODM2OTg3LTY2NTM1MjUuanBnfHx8fHx8fHx8fHw2NDB4NDgw.jpg"}]}},{"ad_id":"765170","reg_year":"2002","make":"Jaguar","model":"X-Type","variant":"X-type 2.5","mileage":"87000","engine_size":"2.5","fuel_type":"Petrol","body_type":"Saloon","colour":"008000","location":"Dublin","price":"\u20ac 2,450","images":{"base_url":"http:\/\/i0.carsie.ie\/","image_list":[{"thumb":"YjAyNjZkODExOGUyYzI1ODA2ODNkMThjNTQxNGI2ZDT0Bg6g7Z6uVfwbtBK0HzC0NzY1MTcwLTY2ODc5MjIuanBnfHx8fHx8OTJ4Njl8fHx8fA==.jpg","main":"ZGEyOTI0MmYxY2JlZDcwNmI1Y2E1N2ZiN2UxMzIyYjR-YRZbj1X2edpv_ici9Z-xNzY1MTcwLTY2ODc5MjIuanBnfHx8fHx8fHx8fHw0MDB4MzAw.jpg","large":"YjYwOGVhNDcyN2E5MDg4ODJmYmQyNWEzNDViNWUxYjA2xwhJ-fcJMoSzcd6tYTtcNzY1MTcwLTY2ODc5MjIuanBnfHx8fHx8fHx8fHw2NDB4NDgw.jpg"}]}},{"ad_id":"858159","reg_year":"2000","make":"Jaguar","model":"XJ","variant":"XJ8 4.0 Auto.","mileage":"72000","engine_size":"4.0","fuel_type":"Petrol","body_type":"Saloon","colour":"0000c0","location":"Dublin","price":"\u20ac 2,450","images":{"base_url":"http:\/\/i0.carsie.ie\/","image_list":[{"thumb":"ZjFlN2ZmZjZmYjI0YThmMzJmNGFiOWQxNWI2NjNlMGVdngSAAYAFAnLlC4bzD5bnODU4MTU5LTY4ODM4MDEuanBnfHx8fHx8OTJ4Njl8fHx8fA==.jpg","main":"ZjY5YTI2OGUxMTVlNjdkNDkzMTAyMzcxNjY5MDM2MzILJigTDtW85xEqfPNJ5VQcODU4MTU5LTY4ODM4MDEuanBnfHx8fHx8fHx8fHw0MDB4MzAw.jpg","large":"YmIzMGIwMjlmMGMyYTQ1MGQzZTgxZWI5MDk5NDNkNzA4ZdGTDax4HcjdWpTCQ2zoODU4MTU5LTY4ODM4MDEuanBnfHx8fHx8fHx8fHw2NDB4NDgw.jpg"}]}},{"ad_id":"884032","reg_year":"2004","make":"Kia","model":"Rio","variant":"LX 4DR","mileage":"70000","engine_size":"1.3","fuel_type":"Petrol","body_type":"Saloon","colour":"e0e0e0","location":"Dublin","price":"\u20ac 2,450","images":{"base_url":"http:\/\/i0.carsie.ie\/","image_list":[{"thumb":"YmYxNjliZTk3N2NkNWQxMjllMmY4OTA5ZmYwMTUzZTZSLZ0oyOmTZJjjZjGcDd7DODg0MDMyLS5qcGd8fHx8fHw5Mng2OXx8fHx8.jpg","main":"MmQ4YzZiMDA1YzBlYjI1YmU2YjFjYjM1YWE2YzNhODhQKahFrtQGM6OctV6l_D9PODg0MDMyLS5qcGd8fHx8fHx8fHx8fDQwMHgzMDA=.jpg","large":"NjRhMDQ1Nzk5ZTI0ZDVhZWEzNDU5MTk4MzUwM2IwMTZrBBRv_n8f93Vtj58PdrxlODg0MDMyLS5qcGd8fHx8fHx8fHx8fDY0MHg0ODA=.jpg"}]}},{"ad_id":"837507","reg_year":"2004","make":"Kia","model":"Sedona","variant":"SALE NOW ON !!","mileage":"149500","engine_size":"2.9","fuel_type":"Diesel","body_type":"Estate","colour":"e0e0e0","location":"Meath","price":"\u20ac 2,450","images":{"base_url":"http:\/\/i0.carsie.ie\/","image_list":[{"thumb":"ZGM5MGEyY2M5Nzg0MjFmMGVlN2RlZTU0YWRhMTllOTSfqGMdiPpfzliymOHyNFE-ODM3NTA3LTY2NTk2ODcuanBnfHx8fHx8OTJ4Njl8fHx8fA==.jpg","main":"MDA3ODU0MTk2MjY3ZDBiYjdmYjliMGEyNzhkNWQwNWHe_ABR10KA4g8pBGF2y47uODM3NTA3LTY2NTk2ODcuanBnfHx8fHx8fHx8fHw0MDB4MzAw.jpg","large":"OWRhZWNmOTc0YzkzYTVhNzAyOGZhYTExOTY4NTdkNTEMpR-lE7sk8S4UKs_gbgzqODM3NTA3LTY2NTk2ODcuanBnfHx8fHx8fHx8fHw2NDB4NDgw.jpg"}]}},{"ad_id":"865583","reg_year":"2000","make":"Land Rover","model":"Freelander","variant":"diesel, new NCT, 6 months TAX, IMMACULATE","mileage":"99000","engine_size":"2.0","fuel_type":"Diesel","body_type":"SUV","colour":"0000c0","location":"Dublin","price":"\u20ac 2,450","images":{"base_url":"http:\/\/i0.carsie.ie\/","image_list":[{"thumb":"N2ZkZWZkZmI5M2I3YmVlYTQyZTVjMTgzODQ0YmJmMDGobXrZXJXIftHpAkuX-GqoODY1NTgzLTY5NzE3ODEuanBnfHx8fHx8OTJ4Njl8fHx8fA==.jpg","main":"MTUyZGYzNTNjZWZjYjcwMjMzMWQwZGVlN2E5OTM5ZmZXqWYAKNPZmZRITad9rCP_ODY1NTgzLTY5NzE3ODEuanBnfHx8fHx8fHx8fHw0MDB4MzAw.jpg","large":"OTE1Njc0NzkxNWJiZDRlYzlmMGFkNzkzZGYwZmRhNjm3a7NddX3JSCiy-ftNz11dODY1NTgzLTY5NzE3ODEuanBnfHx8fHx8fHx8fHw2NDB4NDgw.jpg"}]}},{"ad_id":"900464","reg_year":"2003","make":"Lexus","model":"IS 200","variant":"Automatic, Full Leather","mileage":"62760","engine_size":"2.0","fuel_type":"Petrol","body_type":"Saloon","colour":"e0e0e0","location":"Dublin","price":"\u20ac 2,450","images":{"base_url":"http:\/\/i0.carsie.ie\/","image_list":[{"thumb":"OTU1ZDI0MzMyMDU3NTc5MTQxYWIzM2NhYmM1NGJhNGN2zrf9mOQ0X8jsWcpz4-dCOTAwNDY0LTczOTU4NzkuanBnfHx8fHx8OTJ4Njl8fHx8fA==.jpg","main":"YmZkMDhiMTAwMDc1MGUxZDlmZDlmYjgwY2U1NmE3MzP9ZKG1EAvo_BRKJVTNCLD8OTAwNDY0LTczOTU4NzkuanBnfHx8fHx8fHx8fHw0MDB4MzAw.jpg","large":"MjY3ZmIxNDEyM2ZiNTkwNDZkMjQwM2ZkZTc2NDMzYTBAaS56TSaEFlkw3L1luL9LOTAwNDY0LTczOTU4NzkuanBnfHx8fHx8fHx8fHw2NDB4NDgw.jpg"}]}},{"ad_id":"900514","reg_year":"2002","make":"Mazda","model":"323","variant":"'F' LX 1.3","mileage":"85000","engine_size":"1.3","fuel_type":"Petrol","body_type":"Hatchback","colour":"e0e0e0","location":"Cavan","price":"\u20ac 2,450","images":{"base_url":"http:\/\/i0.carsie.ie\/","image_list":[{"thumb":"ZWIzMjNmMzRjMGQ5MzNmZTI0ODQyZGU5MTYxZDkwYWS0QfiFjWNNH2MNhRn8WLwrOTAwNTE0LTc0MDE3NDEuanBnfHx8fHx8OTJ4Njl8fHx8fA==.jpg","main":"ODE0YWI3MzU1YzhjYjc0ZjA5ZGFmNTllNmJlYjk4MjV8qM77dejXOvByuxzfzZ1NOTAwNTE0LTc0MDE3NDEuanBnfHx8fHx8fHx8fHw0MDB4MzAw.jpg","large":"NTkxODE3ZDY0YTU1YmUwMjBjZThkZDlkYTEyZTEyNzInVwF2NNGBYwawpM0iFVx9OTAwNTE0LTc0MDE3NDEuanBnfHx8fHx8fHx8fHw2NDB4NDgw.jpg"}]}},{"ad_id":"887639","reg_year":"2004","make":"Mazda","model":"Mazda6","variant":"1.8 H\/B Comfort","mileage":"103600","engine_size":"1.8","fuel_type":"Petrol","body_type":"Hatchback","colour":"000000","location":"Roscommon","price":"\u20ac 2,450","images":{"base_url":"http:\/\/i0.carsie.ie\/","image_list":[{"thumb":"Yzg2ODYwMzU5NTFlMmEzMjg3MDg4MWI1ZWZkMWI0ODRLw8hJql8PFsnhnuYl3v9CODg3NjM5LTcyMjc3NjYuanBnfHx8fHx8OTJ4Njl8fHx8fA==.jpg","main":"YThmNGM1MjEyNDgxZDQ4YjQ2NTMzMWZmMzg0MWM3NjdKtgdJEnhhWxmMgUM9mnZmODg3NjM5LTcyMjc3NjYuanBnfHx8fHx8fHx8fHw0MDB4MzAw.jpg","large":"MjdjOGIwMjU2Y2IxMTAwNWRiZDIyNTZhNGNkYzNjMjE-of1evayEBbk8GX5qzaFvODg3NjM5LTcyMjc3NjYuanBnfHx8fHx8fHx8fHw2NDB4NDgw.jpg"}]}},{"ad_id":"879916","reg_year":"1999","make":"Mercedes-Benz","model":"CLK 200","variant":"Auto.","mileage":"95000","engine_size":"2.0","fuel_type":"Petrol","body_type":"Coupe","colour":"0000c0","location":"Dublin","price":"\u20ac 2,450","images":{"base_url":"http:\/\/i0.carsie.ie\/","image_list":[{"thumb":"MGQ3N2QyNDQzNTE3ZjYwOTBhOGQxMGZmMjRkYTU2NTg0ZFxL48CuM9M08g5QyFgsODc5OTE2LTcxMzQyMjguanBnfHx8fHx8OTJ4Njl8fHx8fA==.jpg","main":"NGQ0OGRhODlmMjNlNjYwZTU3NTNmODk1MzhiMDliNDWtJaqjL7XIRCVjMdgJ3mZFODc5OTE2LTcxMzQyMjguanBnfHx8fHx8fHx8fHw0MDB4MzAw.jpg","large":"ZTI1MmRhYmFhMzcxYTNiNTE1YTk3ZDg3MTYyYzBiNTZKjuQzeA1jAbUKhBlDBxmSODc5OTE2LTcxMzQyMjguanBnfHx8fHx8fHx8fHw2NDB4NDgw.jpg"}]}},{"ad_id":"891494","reg_year":"2001","make":"Mercedes-Benz","model":"S 320","variant":"S-Class S320 Auto \/ Full Service History \/ Huge Spec \/ Looks & Drives Superb \/ NCT 05-2013 \/ Tax 02-2013.\r\n ","mileage":"111849","engine_size":"3.2","fuel_type":"Petrol","body_type":"Saloon","colour":"0000c0","location":"Dublin","price":"\u20ac 2,450","images":{"base_url":"http:\/\/i0.carsie.ie\/","image_list":[{"thumb":"NWJjZWVjYmUyMmU0Yjc3NzQ0Y2Y5ODc3YmU2ZjA5OGaZ8VepkvyHh2UCo1EydHtcODkxNDk0LTcyNjM0MTEuanBnfHx8fHx8OTJ4Njl8fHx8fA==.jpg","main":"ZmM4NzFkOTNiOWYzMjI1ZjcxNTYzZmQwNzFiYzI5ZTf4G-AFpXOEwtjEJsEvJisnODkxNDk0LTcyNjM0MTEuanBnfHx8fHx8fHx8fHw0MDB4MzAw.jpg","large":"MTRjYmIwMGNlMDY4NDZlMzJmM2M2ZTk3MzJlZjU2M2KEk9XcVzrUARYV9m847umCODkxNDk0LTcyNjM0MTEuanBnfHx8fHx8fHx8fHw2NDB4NDgw.jpg"}]}},{"ad_id":"898155","reg_year":"1997","make":"Mitsubishi","model":"Pajero","variant":null,"mileage":"104393","engine_size":"1.1","fuel_type":"Petrol","body_type":"Estate","colour":"ffffff","location":"Dublin","price":"\u20ac 2,450","images":{"base_url":"http:\/\/i0.carsie.ie\/","image_list":[{"thumb":"OTRhOWI4MjJlOGVjODU0MDM1YWQ0ZGRkYjFiZDc2ZjVCwMdeCwjmJnzJUzne9ZTkODk4MTU1LTczNjIyNjMuanBnfHx8fHx8OTJ4Njl8fHx8fA==.jpg","main":"NmRmMzhlNzE3ZjVjNWM0YmI5Mjg2NDVhNzhlN2U1M2YAo5qsuYmcARXFQ-Mk2NnsODk4MTU1LTczNjIyNjMuanBnfHx8fHx8fHx8fHw0MDB4MzAw.jpg","large":"YTQzMWFhZTIwNDAwOTQ2NDUyYWQxNGUyOWY4OWMyYWGvRXBr9f4KZ6KUhYl9mToKODk4MTU1LTczNjIyNjMuanBnfHx8fHx8fHx8fHw2NDB4NDgw.jpg"}]}},{"ad_id":"806133","reg_year":"2003","make":"Nissan","model":"Almera","variant":null,"mileage":"96000","engine_size":"1.5","fuel_type":"Petrol","body_type":"Saloon","colour":"ff0000","location":"Mayo","price":"\u20ac 2,450","images":{"base_url":"http:\/\/i0.carsie.ie\/","image_list":[{"thumb":"Y2JiMzY0NTU1N2EwMDZjYjFlMmM1NjA3MjAzMTlhODSaFKbmOt3z4K2KbDqaBAyrODA2MTMzLTYyNzkwODguanBnfHx8fHx8OTJ4Njl8fHx8fA==.jpg","main":"Yzg2NTc2NDljZjYyNDNhZDI0NWZkNDhkMzAwNDMwOTF6iQHBNhZTBk9dF5_od3LBODA2MTMzLTYyNzkwODguanBnfHx8fHx8fHx8fHw0MDB4MzAw.jpg","large":"N2U0Y2Y5YzQ5ZTM4ZjA5NGI2YzJhMGFhNzBmNTE3ZmLrzb4h5AosQQxlyvo46FTGODA2MTMzLTYyNzkwODguanBnfHx8fHx8fHx8fHw2NDB4NDgw.jpg"}]}},{"ad_id":"848025","reg_year":"2002","make":"Nissan","model":"Micra","variant":"ACTIVE","mileage":"72381","engine_size":"1.0","fuel_type":"Petrol","body_type":"Hatchback","colour":"000000","location":"Cork","price":"\u20ac 2,450","images":{"base_url":"http:\/\/i0.carsie.ie\/","image_list":[{"thumb":"MjY4MDE5M2QzMjI0MjM5ODljZDRkNjdiZTAwYWNhMGHedHGNpBmVB4c2q0ysFS88ODQ4MDI1LTY3ODAxNzcuanBnfHx8fHx8OTJ4Njl8fHx8fA==.jpg","main":"ZTdkZjhlNDg0NjdhZjdiZTVlMzcyN2I2OWE3NDU0M2H3H1GRqShv--_LgbDjkZBRODQ4MDI1LTY3ODAxNzcuanBnfHx8fHx8fHx8fHw0MDB4MzAw.jpg","large":"YTRhY2Q1ZTJhYzA2NjdjYzAyYjc2MWNiMDVhYzJhNDMGDZMSLWXOPOF2hM-nodYvODQ4MDI1LTY3ODAxNzcuanBnfHx8fHx8fHx8fHw2NDB4NDgw.jpg"}]}},{"ad_id":"887729","reg_year":"2002","make":"Nissan","model":"Micra","variant":"1.0 GX","mileage":"46000","engine_size":"1.0","fuel_type":"Petrol","body_type":"Hatchback","colour":"e0e0e0","location":"Dublin","price":"\u20ac 2,450","images":{"base_url":"http:\/\/i0.carsie.ie\/","image_list":[{"thumb":"ZTlhNDFmNGY5ODQ4MzA2NjVhYWE5M2UwYzlmYmQ3ZjSkaX-qqIbjr4I5EmPCFrJXODg3NzI5LTcyMzAxMTAuanBnfHx8fHx8OTJ4Njl8fHx8fA==.jpg","main":"NmI2YjdkNjg1YzQ1NWIxMGIzNDhmOGUwM2I4Y2ViNWRuEFaAxPoYumhjrxqcF3VUODg3NzI5LTcyMzAxMTAuanBnfHx8fHx8fHx8fHw0MDB4MzAw.jpg","large":"MWZkNjg0ZWIzODQ3MDU0YTQwYzFmOWJkYmM0YTE1MTI6JL8njceLmsFFWeS64fh4ODg3NzI5LTcyMzAxMTAuanBnfHx8fHx8fHx8fHw2NDB4NDgw.jpg"}]}}]}