{"total":"23408","result":[{"ad_id":"890332","reg_year":"2006","make":"Hyundai","model":"Tucson","variant":"2WD Aircon 4DR","mileage":"105635","engine_size":"2.0","fuel_type":"Diesel","body_type":"SUV","colour":"008000","location":"Dublin","price":"\u20ac 6,950","images":{"base_url":"http:\/\/i0.carsie.ie\/","image_list":[{"thumb":"YWMwOTBiMjNlODYwMDcwODE3ZmQ0NDA4YWU2ZTAyYzR9pPkp_-N4d2RGXO6eNhjOODkwMzMyLTcyNDkzODcuanBnfHx8fHx8OTJ4Njl8fHx8fA==.jpg","main":"YzA4MjQxNmU0ZDZjY2Q1NTk1Y2RmMTNiODI0ZDNjODe9HVM53V1XXi7WG5tJP_FxODkwMzMyLTcyNDkzODcuanBnfHx8fHx8fHx8fHw0MDB4MzAw.jpg","large":"NTFkMGQzOGRhZDQyNjdhYzc0MDUwODA2MzYzY2UzNzk51Abxe8HjtzpYZRnQ6YATODkwMzMyLTcyNDkzODcuanBnfHx8fHx8fHx8fHw2NDB4NDgw.jpg"}]}},{"ad_id":"899364","reg_year":"2006","make":"Hyundai","model":"Tucson","variant":"4WD S\/R","mileage":"90722","engine_size":"2.0","fuel_type":"Diesel","body_type":"SUV","colour":"000000","location":"Dublin","price":"\u20ac 6,950","images":{"base_url":"http:\/\/i0.carsie.ie\/","image_list":[{"thumb":"MzE2NmE2NDQ2NTI3NTgwMjc5YWU4YTA3YjI5MDUxNTOPVscFiyJORHWAMOStfV6eODk5MzY0LTczNzY3ODguanBnfHx8fHx8OTJ4Njl8fHx8fA==.jpg","main":"MTdlMDRiYTJkMmE5OTI4ZDYzZmMzZTZiZjcxZGQyYWU3ZdKHvo87ZkTJf_xeR8MqODk5MzY0LTczNzY3ODguanBnfHx8fHx8fHx8fHw0MDB4MzAw.jpg","large":"ZmYwNjQ5ZmU4NTRkMTA0NTdmOWI5NDI1OTRlNmY3NzU3mPhUaBsaoIHJ3qnXFJuLODk5MzY0LTczNzY3ODguanBnfHx8fHx8fHx8fHw2NDB4NDgw.jpg"}]}},{"ad_id":"862535","reg_year":"2007","make":"Hyundai","model":"Tucson","variant":"2WD AIRCON","mileage":"137535","engine_size":"2.0","fuel_type":"Diesel","body_type":null,"colour":"e0e0e0","location":"Westmeath","price":"\u20ac 6,950","images":{"base_url":"http:\/\/i0.carsie.ie\/","image_list":[{"thumb":"OTkxOGRiNTYwMTNkYmM5YmExMzQ0NmU4ZDJjZTNlNmR7thFZRnbehpdBis3FPCqEODYyNTM1LTY5MzA5NjAuanBnfHx8fHx8OTJ4Njl8fHx8fA==.jpg","main":"M2IxZmYxMWViNjYxYjQwMWIwYTY3ZTI1MDkwY2Y3NTdpy9WYcd4X0ScnN73J3CYHODYyNTM1LTY5MzA5NjAuanBnfHx8fHx8fHx8fHw0MDB4MzAw.jpg","large":"MTlmM2NmZGZjZTQzZTJjMTM1M2I0YjA5NmRhNDlmMzhnlURrKJ9FzABWjabxWXgsODYyNTM1LTY5MzA5NjAuanBnfHx8fHx8fHx8fHw2NDB4NDgw.jpg"}]}},{"ad_id":"887642","reg_year":"2005","make":"Jaguar","model":"S-Type","variant":"2.7TD V6 SE 04DR A","mileage":"123000","engine_size":"2.7","fuel_type":"Diesel","body_type":"Saloon","colour":"858585","location":"Dublin","price":"\u20ac 6,950","images":{"base_url":"http:\/\/i0.carsie.ie\/","image_list":[{"thumb":"YTVjNjk3ODc2YmQxZGViMDE2N2YwNzY3Y2IyNzlmM2ZFXNCbatCdx1Y2WL4HLjsUODg3NjQyLTcyMjc0NjIuanBnfHx8fHx8OTJ4Njl8fHx8fA==.jpg","main":"OTlkMTE2ZjhmYzBlMzg5MzdiNzVmYTBkZmI0MjAwYmWzNJPH_SiQlHqnqbBIoEAjODg3NjQyLTcyMjc0NjIuanBnfHx8fHx8fHx8fHw0MDB4MzAw.jpg","large":"YzUzMDI2NWExZTUwZDU2Yjc5NDExOGU1YWMwMjRhMTYCTC7pMyWU6dPwely7zzzdODg3NjQyLTcyMjc0NjIuanBnfHx8fHx8fHx8fHw2NDB4NDgw.jpg"}]}},{"ad_id":"892371","reg_year":"2004","make":"Jaguar","model":"S-Type","variant":"3.0 Luxury","mileage":"50000","engine_size":"3.0","fuel_type":"Petrol","body_type":"Saloon","colour":"000000","location":"Dublin","price":"\u20ac 6,950","images":{"base_url":"http:\/\/i0.carsie.ie\/","image_list":[{"thumb":"Mjk3NDc5NGM1NGQyYzlkMDYyMWQwNWVkMmFjZjExZGaTy9m423GkaodFzq5RTFT9ODkyMzcxLTcyNzI1MTQuanBnfHx8fHx8OTJ4Njl8fHx8fA==.jpg","main":"ZWUwMWIwOTdjZTQzOWJmYWUzYzcyYTE5OTIwMzQ4ZGY-ri2zqmjWVf1SfmjZrBDTODkyMzcxLTcyNzI1MTQuanBnfHx8fHx8fHx8fHw0MDB4MzAw.jpg","large":"YTQzYjRjMDA2OWUyZDEwNmRmYzAyMzBiZjJkZTcwOTX4Am44KtLFJkGIwaOun8x_ODkyMzcxLTcyNzI1MTQuanBnfHx8fHx8fHx8fHw2NDB4NDgw.jpg"}]}},{"ad_id":"895219","reg_year":"2005","make":"Jaguar","model":"X-Type","variant":"2.0D XS LTD EDITION","mileage":"120000","engine_size":"2.0","fuel_type":"Diesel","body_type":"Saloon","colour":"000000","location":"Dublin","price":"\u20ac 6,950","images":{"base_url":"http:\/\/i0.carsie.ie\/","image_list":[{"thumb":"ZGFjNTY4YjI1NzhiNTJjOTQzMzA2YzdiZjcwODc0NGVXUmbg7jFr_GSXHDNmN3ThODk1MjE5LTczNTA2MzQuanBnfHx8fHx8OTJ4Njl8fHx8fA==.jpg","main":"MWJiZmQxZjVhOGMxMTdiYjdiYzZmNWE5MTE1ZmZlY2WBwBToVoWbo8uhN6cXQr94ODk1MjE5LTczNTA2MzQuanBnfHx8fHx8fHx8fHw0MDB4MzAw.jpg","large":"YjdkZDI0NTdjOGI5ZGY0YjFmYWUxY2Q0M2FkYTM0MDRNWET2QCAOS0xu0JWYUkUgODk1MjE5LTczNTA2MzQuanBnfHx8fHx8fHx8fHw2NDB4NDgw.jpg"}]}},{"ad_id":"885130","reg_year":"2001","make":"Jaguar","model":"XK 8","variant":"XK8 4.0 V8 Auto.","mileage":"81000","engine_size":"4.0 +","fuel_type":"Petrol","body_type":"Coupe","colour":"0000c0","location":"Dublin","price":"\u20ac 6,950","images":{"base_url":"http:\/\/i0.carsie.ie\/","image_list":[{"thumb":"MTMyNDI2Zjc5OWI0MmI2OTE0ODE2M2RjMGIyYTg0ZWW24D-3GZkq5k-oRo7SgcTfODg1MTMwLTcyMDE5OTMuanBnfHx8fHx8OTJ4Njl8fHx8fA==.jpg","main":"M2VkMDk4MjYwNDc4OWNlZGEwZDQwNDhhZDhlMThkZDbXKkrNEkBriqyaMNgOB5BTODg1MTMwLTcyMDE5OTMuanBnfHx8fHx8fHx8fHw0MDB4MzAw.jpg","large":"NzBmNThjMzUzNzE5MDUyODI5NjI0ZDY0MGIxZWJjZjb-dFJL_oSI2uVsHb41YAlAODg1MTMwLTcyMDE5OTMuanBnfHx8fHx8fHx8fHw2NDB4NDgw.jpg"}]}},{"ad_id":"820902","reg_year":"1999","make":"Jaguar","model":"XKR","variant":"4.0 V8","mileage":"116000","engine_size":"4.0","fuel_type":"Petrol","body_type":"Coupe","colour":"0000c0","location":"Dublin","price":"\u20ac 6,950","images":{"base_url":"http:\/\/i0.carsie.ie\/","image_list":[{"thumb":"Yzg2MjE2Nzg4NDcxMGRkZTg4NGYwOTYzYWJiZWU3MzdNLZ1wBkCsXieaNDboqLKdODIwOTAyLTY0NjI0MjUuanBnfHx8fHx8OTJ4Njl8fHx8fA==.jpg","main":"OWNjMTdjNTIzOTY1YWU0ZDBhYzA1OGU4YTIwMGVlOTasOizNVDSaGZA2WBatIlIvODIwOTAyLTY0NjI0MjUuanBnfHx8fHx8fHx8fHw0MDB4MzAw.jpg","large":"ZmRhOTdmOTA3NjkxMzVjMGVhZDQzN2QxMGViOTk2MjlbUiKV1aQQI9UA-TR4n_T_ODIwOTAyLTY0NjI0MjUuanBnfHx8fHx8fHx8fHw2NDB4NDgw.jpg"}]}},{"ad_id":"875844","reg_year":"2005","make":"Jeep","model":"Cherokee","variant":"KJ 2.8 COMMERCIAL FINANCE ARRANGED IN 1 HOUR","mileage":"62137","engine_size":"2.8","fuel_type":"Diesel","body_type":null,"colour":"000000","location":"Dublin","price":"\u20ac 6,950","images":{"base_url":"http:\/\/i0.carsie.ie\/","image_list":[{"thumb":"NWRiMmIzMTc2MGEzNTBlODQxMmM0MmYyZjliYmEwOTYlsUHzogESowL3Pn1cghfWODc1ODQ0LTcxNzI2NDQuanBnfHx8fHx8OTJ4Njl8fHx8fA==.jpg","main":"MGRlMTRjYjg5NDVhOGYyNTkyMTc3MzZiY2NkODM1MDM4CQzD_TVQUYwLOGx76a31ODc1ODQ0LTcxNzI2NDQuanBnfHx8fHx8fHx8fHw0MDB4MzAw.jpg","large":"NmUyOGNlZmFiNTg1YzhmYmJkMTA5OTU1ZjM3YTNjNzHNE6cC8OAwUxJRkPa1wF0JODc1ODQ0LTcxNzI2NDQuanBnfHx8fHx8fHx8fHw2NDB4NDgw.jpg"}]}},{"ad_id":"835830","reg_year":"2005","make":"Jeep","model":"Grand Cherokee","variant":"3.0 V6 LIMITED EDITION JEEP 3 AUTO AUT","mileage":"86992","engine_size":"3.0","fuel_type":"Diesel","body_type":"Estate","colour":"e0e0e0","location":"Dublin","price":"\u20ac 6,950","images":{"base_url":"http:\/\/i0.carsie.ie\/","image_list":[{"thumb":"NjM3MDRmNDAxZjc1MDJhOGEyM2I2NjgwYjc5MmVkNjGOP9S0BukL3G1fCKPoKMKCODM1ODMwLTcxNTExMTQuanBnfHx8fHx8OTJ4Njl8fHx8fA==.jpg","main":"ZjkyZGE2MGJkZDUxNWQ4NjEyYjY4OTk1OTIxNWY2ZDLiUVfnIgT1z8recHScIGpDODM1ODMwLTcxNTExMTQuanBnfHx8fHx8fHx8fHw0MDB4MzAw.jpg","large":"ZDFiZGM1ODk4NmQ4MDdiOGQ1ZGFkM2NkZTA3MGY5NzX59MDEhWkOxTvE38AUTyWXODM1ODMwLTcxNTExMTQuanBnfHx8fHx8fHx8fHw2NDB4NDgw.jpg"}]}},{"ad_id":"837369","reg_year":"2005","make":"Jeep","model":"Grand Cherokee","variant":"JEEP 3 3.0 V6 LIMITED EDITION AUT","mileage":"80157","engine_size":"3.0","fuel_type":"Diesel","body_type":"Estate","colour":"e0e0e0","location":"Dublin","price":"\u20ac 6,950","images":{"base_url":"http:\/\/i0.carsie.ie\/","image_list":[{"thumb":"MTNiODI1NmFhMTQ3YjAxNTAwOTFjYjFkMmI0Mzc3YjaRvB6SXX8kCN_1XcpP-Fk2ODM3MzY5LTcxNTExMzguanBnfHx8fHx8OTJ4Njl8fHx8fA==.jpg","main":"MDBiYTlmZmJlYjQyYzhiMDYwMWQzOTg5NTRlZGI4MjIagXNxQYLvUSw6g6owtAbPODM3MzY5LTcxNTExMzguanBnfHx8fHx8fHx8fHw0MDB4MzAw.jpg","large":"MDA1MTBkNWQ2MDk4N2NiMGZmOGFlODY3ZmQxNDZlYmHkY3Iqdi4FVG-V6_vryIQ9ODM3MzY5LTcxNTExMzguanBnfHx8fHx8fHx8fHw2NDB4NDgw.jpg"}]}},{"ad_id":"885488","reg_year":"2008","make":"Kia","model":"Ceed","variant":"1.6 LX Diesel VAN","mileage":"83067","engine_size":"1.6","fuel_type":"Diesel","body_type":"Van","colour":"000000","location":"Kerry","price":"\u20ac 6,950","images":{"base_url":"http:\/\/i0.carsie.ie\/","image_list":[{"thumb":"YTJiNWRlZTk3ZWQ2YzU3ZTRiMjE1OGE0YjI0ZGFmNTmRPBaQuVSbv8-iVvfyy6K-ODg1NDg4LTcyMTA5NjMuanBnfHx8fHx8OTJ4Njl8fHx8fA==.jpg","main":"MjFhZDJhYmM4MWVhMjg0MTgxNzIwY2EzNGQwODVmODV3vzt4zHG9kMf9CpONAPdBODg1NDg4LTcyMTA5NjMuanBnfHx8fHx8fHx8fHw0MDB4MzAw.jpg","large":"MWYwMWU4NzAxNjAxMWNmYzhiZjM1OWNjMDlkYjExZDDitUQJDT1zX0fKYbIMB-ULODg1NDg4LTcyMTA5NjMuanBnfHx8fHx8fHx8fHw2NDB4NDgw.jpg"}]}},{"ad_id":"886192","reg_year":"2007","make":"Kia","model":"Cerato","variant":"1.6 Diesel 4DR","mileage":"52000","engine_size":"1.6","fuel_type":"Diesel","body_type":"Saloon","colour":"000000","location":"Donegal","price":"\u20ac 6,950","images":{"base_url":"http:\/\/i0.carsie.ie\/","image_list":[{"thumb":"YTVjMGZiNTY1NDJkODgzNDYyYzEwMTAyYzk1MDUzNmPCf8nd_jg-Lvdvspwv0HO1ODg2MTkyLTcyMTE5ODguanBnfHx8fHx8OTJ4Njl8fHx8fA==.jpg","main":"NDk3OTNlMjg5NzMxMjlhOGNkMjljMDAzNDFiY2JmYTYGpCFpr-F2grGcblVYF2dbODg2MTkyLTcyMTE5ODguanBnfHx8fHx8fHx8fHw0MDB4MzAw.jpg","large":"NmZkOTEwMzViMDAyNjRjZTI3NjJhOWYxMTdlYzBkZWORP0mVe7I9HrF3ouYblfrHODg2MTkyLTcyMTE5ODguanBnfHx8fHx8fHx8fHw2NDB4NDgw.jpg"}]}},{"ad_id":"900937","reg_year":"2008","make":"Kia","model":"Rio","variant":"1.4 EX 5DR","mileage":"52817","engine_size":"1.4","fuel_type":"Petrol","body_type":"Hatchback","colour":"e0e0e0","location":"Louth","price":"\u20ac 6,950","images":{"base_url":"http:\/\/i0.carsie.ie\/","image_list":[{"thumb":"NzAwY2RhZjM1NDEzOWE5YWNkYTY3ZTNkYTJjMTJhM2KMGLS8ccntizhA9E1sWxnDOTAwOTM3LTc0MTQwNjMuanBnfHx8fHx8OTJ4Njl8fHx8fA==.jpg","main":"YzI0ZjA5NTkxM2VjYTkzMjcxZTY3NDgyN2E5ZWZlZDn1dt1xrqF-sfkahFKXn4fIOTAwOTM3LTc0MTQwNjMuanBnfHx8fHx8fHx8fHw0MDB4MzAw.jpg","large":"YWU2OTJkNDJhYzllNDIzNDIxZWNlM2JhYjExYmMyOTd5MrlQY1zqfYoJfUmi1CEGOTAwOTM3LTc0MTQwNjMuanBnfHx8fHx8fHx8fHw2NDB4NDgw.jpg"}]}},{"ad_id":"849167","reg_year":"2008","make":"Kia","model":"Sorento","variant":"2.5 EX COMMERCIAL","mileage":"160935","engine_size":"2.5","fuel_type":"Diesel","body_type":null,"colour":"000000","location":"Dublin","price":"\u20ac 6,950","images":{"base_url":"http:\/\/i0.carsie.ie\/","image_list":[{"thumb":"OWFjOGYyODY2YTY1NWEyZmQ2MzE5NTBiYmUxYjkyZDdcareoPQK6Z-EWaGrkksD4ODQ5MTY3LTcxNTY3NTEuanBnfHx8fHx8OTJ4Njl8fHx8fA==.jpg","main":"NTFiYWYzYjI3NDU2NDE1NDcwMDYzNmExODBlMmRkMmRlvwMjk7kCFLEQNosKVXSTODQ5MTY3LTcxNTY3NTEuanBnfHx8fHx8fHx8fHw0MDB4MzAw.jpg","large":"MmYxMjJiNjhiMTRhN2MxYzVmZTE4MjUzMzY2ZTVkMWEE0cfhNmB1YhTVTwmb0iqFODQ5MTY3LTcxNTY3NTEuanBnfHx8fHx8fHx8fHw2NDB4NDgw.jpg"}]}},{"ad_id":"892837","reg_year":"2007","make":"Kia","model":"Sorento","variant":"2.5 GLS LEATHER, EXCELLENT. VALUE","mileage":"122395","engine_size":"2.5","fuel_type":"Diesel","body_type":"Hatchback","colour":"e0e0e0","location":"Dublin","price":"\u20ac 6,950","images":{"base_url":"http:\/\/i0.carsie.ie\/","image_list":[{"thumb":"NWMxYWFmZjhkMmUxZDZiODQ2MGY3NjlkYWU1NWVhNzQh98cCV9EGAcOz15n9MxnZODkyODM3LTczMTA1OTguanBnfHx8fHx8OTJ4Njl8fHx8fA==.jpg","main":"NjEwYmQzNTMzYzk0YzQ4MGRkY2ExYWQ4NTAxYTY1NzTlSlREVgSbjogKgoMgW00bODkyODM3LTczMTA1OTguanBnfHx8fHx8fHx8fHw0MDB4MzAw.jpg","large":"MjkxMGNkNzRkYzIyMTM4ZTRmNDAxNzM3YjhiODAwNmPtKcdCDvLaY3nrqsV7ONF2ODkyODM3LTczMTA1OTguanBnfHx8fHx8fHx8fHw2NDB4NDgw.jpg"}]}},{"ad_id":"902221","reg_year":"2008","make":"Kia","model":"Sorento","variant":"NEEDES ENGINE","mileage":"57000","engine_size":"2.5","fuel_type":"Petrol","body_type":"Hatchback","colour":"e0e0e0","location":"Dublin","price":"\u20ac 6,950","images":{"base_url":"http:\/\/i0.carsie.ie\/","image_list":[{"thumb":"NzFlNjkwYzI1NGQ0ODk1MzU0NjgzZWRiZjFkNDNhZjglvcKz44GJmU2GFzXYMdA2OTAyMjIxLTc0MzA0NDUuanBnfHx8fHx8OTJ4Njl8fHx8fA==.jpg","main":"MTU3NmEwMGM5NDI5NzYwNzMwYWE3NGYxOWZjZmY4OGPG30D7_RPZWANWRnUYzQSwOTAyMjIxLTc0MzA0NDUuanBnfHx8fHx8fHx8fHw0MDB4MzAw.jpg","large":"NzY2N2JkNDc4NzgxYjZlOWE1NWViNDAxYjJjM2UzOTK0IpzPa-THvv58cULin0BpOTAyMjIxLTc0MzA0NDUuanBnfHx8fHx8fHx8fHw2NDB4NDgw.jpg"}]}},{"ad_id":"868188","reg_year":"2006","make":"Kia","model":"Sorento","variant":"2.5 TD EX Commercial ","mileage":"101907","engine_size":"2.5","fuel_type":"Diesel","body_type":"SUV","colour":"ff0000","location":"Limerick","price":"\u20ac 6,950","images":{"base_url":"http:\/\/i0.carsie.ie\/","image_list":[{"thumb":"ZmVhMTE0ZjQwNGJkYzM1ODJhNGIyYWQ4YmFlNzUzOWHTzJ17T3qfnoX3yADA6fk-ODY4MTg4LTcwMDAwMzkuanBnfHx8fHx8OTJ4Njl8fHx8fA==.jpg","main":"ZTM2MWM4MTM1OGU2MzAxZGUwODM2Nzk1ODA3M2JhNGKuij0P3I--Jokl6sJlnXX1ODY4MTg4LTcwMDAwMzkuanBnfHx8fHx8fHx8fHw0MDB4MzAw.jpg","large":"Y2IyODU0N2Y0MGZjM2NhOWMyYThmNWI5MGJkZmI3MjcJHMp1zv1L7LV4KJAnQWvAODY4MTg4LTcwMDAwMzkuanBnfHx8fHx8fHx8fHw2NDB4NDgw.jpg"}]}},{"ad_id":"762794","reg_year":"2007","make":"Kia","model":"Sportage","variant":"JEEP","mileage":"59591","engine_size":"2.0","fuel_type":"Petrol","body_type":"SUV","colour":"e0e0e0","location":"Donegal","price":"\u20ac 6,950","images":{"base_url":"http:\/\/i0.carsie.ie\/","image_list":[{"thumb":"NWNlZDRiMDM2ZTYxYTI5MTE2YjJlN2EzMDA1MmY0ZTPmwVdVmAlxu2y8J0zaWtRxNzYyNzk0LTU3MjU2MzMuanBnfHx8fHx8OTJ4Njl8fHx8fA==.jpg","main":"NGYyNzYwYWE3MTYxMDM5MmM0M2U0OGM1MDIyZjIxZGNYEbyqTXgGqye8837d9x_bNzYyNzk0LTU3MjU2MzMuanBnfHx8fHx8fHx8fHw0MDB4MzAw.jpg","large":"ZDI1MDM5YTU3ZDMzNjk5Y2U3ODRiZGNjYzViNDY4MzeWVChkQFTBzf1uDhOwvbcoNzYyNzk0LTU3MjU2MzMuanBnfHx8fHx8fHx8fHw2NDB4NDgw.jpg"}]}},{"ad_id":"878626","reg_year":"2005","make":"Kia","model":"Sportage","variant":"2.0 GSE M\/T 5DR","mileage":"100789","engine_size":"2.0","fuel_type":"Diesel","body_type":"SUV","colour":"000000","location":"Other","price":"\u20ac 6,950","images":{"base_url":"http:\/\/i0.carsie.ie\/","image_list":[{"thumb":"OWE1MzkxNWRhOGQ5YTJhMmFmMTBjNDUxZjE0YmQ2ZGJ4IRajMGxN6t_0isNg_heYODc4NjI2LTcxMjA5MzUuanBnfHx8fHx8OTJ4Njl8fHx8fA==.jpg","main":"NDYwODUwZTU5ZWU1OTJhMzk5YTc4YjIyMzQ4Y2YwMjYk75h-r2coKv0O4r6dRt-hODc4NjI2LTcxMjA5MzUuanBnfHx8fHx8fHx8fHw0MDB4MzAw.jpg","large":"YTc5MjJlZTY2MTgwYWM4NmU0ZWYzZmFjY2NhYzljZTi17f0skTkTHGDjpr70PjOrODc4NjI2LTcxMjA5MzUuanBnfHx8fHx8fHx8fHw2NDB4NDgw.jpg"}]}}]}