{"total":"23408","result":[{"ad_id":"837123","reg_year":"2006","make":"Ford","model":"Focus","variant":"Ghia 1.6 5DR Auto","mileage":"45361","engine_size":"1.6","fuel_type":"Petrol","body_type":"Hatchback","colour":"000000","location":"Dublin","price":"\u20ac 6,995","images":{"base_url":"http:\/\/i0.carsie.ie\/","image_list":[{"thumb":"OGI3YzIxMDQwMjFlZTVkZmUzNDhkZDUyNTEwNjdkYzUGIzN5Hku5l53s5cWG-RmiODM3MTIzLTY2OTAxMzIuanBnfHx8fHx8OTJ4Njl8fHx8fA==.jpg","main":"OTA2ZjE2NzUwN2JlN2I3ZWI5MjM4OTkzMzJjZTkxOWXhMcpE_G5wJU4SwtSArK6tODM3MTIzLTY2OTAxMzIuanBnfHx8fHx8fHx8fHw0MDB4MzAw.jpg","large":"ZWNjMjE3YjhlNjc0YWQ1OTEzMjMyODhhMjc1ODE3ZDddOR2zS-_95wTvfrATJXG8ODM3MTIzLTY2OTAxMzIuanBnfHx8fHx8fHx8fHw2NDB4NDgw.jpg"}]}},{"ad_id":"869811","reg_year":"2007","make":"Ford","model":"Focus","variant":"Zetec Connection","mileage":"75000","engine_size":"1.6","fuel_type":"Petrol","body_type":"Saloon","colour":"000000","location":"Kildare","price":"\u20ac 6,995","images":{"base_url":"http:\/\/i0.carsie.ie\/","image_list":[{"thumb":"MTg0Yzc0YWFhMjc4NWU0OGUyMDhhNDgwYTI0Y2UxZTJuXSfwA7xxXvlrCzMbw_J_ODY5ODExLTcwMTgxOTguanBnfHx8fHx8OTJ4Njl8fHx8fA==.jpg","main":"YzlmZTJjMmI5ZTZjYjU0MmFiOGM0ZjE3MzU3MzQzYWECFbKmrzNjPPndHawP8NTLODY5ODExLTcwMTgxOTguanBnfHx8fHx8fHx8fHw0MDB4MzAw.jpg","large":"M2NiZGM1NmMxZjRmZGZjOThkODg1NDU2YzI4ZjI4M2QvDFY0sCHnI6nuPzBWXmqjODY5ODExLTcwMTgxOTguanBnfHx8fHx8fHx8fHw2NDB4NDgw.jpg"}]}},{"ad_id":"838512","reg_year":"2010","make":"Ford","model":"Ka","variant":"Studio","mileage":"43706","engine_size":"1.2","fuel_type":"Petrol","body_type":"Hatchback","colour":"0000c0","location":"Dublin","price":"\u20ac 6,995","images":{"base_url":"http:\/\/i0.carsie.ie\/","image_list":[{"thumb":"OTg5NjExZDJmMDBlNzhjN2JlYmExMTQ3MDc5OWIyN2MCkEoe1CDavETKdmMA2arMODM4NTEyLTY3Mzc5MzIuanBnfHx8fHx8OTJ4Njl8fHx8fA==.jpg","main":"N2VlNjk2ZjAyYmNlYzNhM2Q4YmE0MzczMWY3YjE4MjOdUuXn8jd094S3d0UoW092ODM4NTEyLTY3Mzc5MzIuanBnfHx8fHx8fHx8fHw0MDB4MzAw.jpg","large":"NmQ1MjljZTJmODYwNDVjNGY3ZGY3NmIzNTA2NTEzYjjh02NThjSG0b8rt3IeLTSJODM4NTEyLTY3Mzc5MzIuanBnfHx8fHx8fHx8fHw2NDB4NDgw.jpg"}]}},{"ad_id":"874641","reg_year":"2006","make":"Ford","model":"Transit","variant":"Legend 260SWB 4DR","mileage":"97557","engine_size":"2.0","fuel_type":"Diesel","body_type":"Van","colour":"0000c0","location":"Cork","price":"\u20ac 6,995","images":{"base_url":"http:\/\/i0.carsie.ie\/","image_list":[{"thumb":"ZDQ1YzZhYzEwYWQ1YmNlY2M2ZWVkMzAxYTcyNGFhYWQzoz_K3OXeM5cnVROXhPyEODc0NjQxLTcwNzI4NTMuanBnfHx8fHx8OTJ4Njl8fHx8fA==.jpg","main":"NDMyMzQ0ZDY0ODBiMGRjMjY0MDhkNjIwYzU1MDQ5ZjloO46gNbCv5Wfizk1WsBv6ODc0NjQxLTcwNzI4NTMuanBnfHx8fHx8fHx8fHw0MDB4MzAw.jpg","large":"M2MxNTVlMzQxYzEwZjA5YmIwOGMyODI5YTUxOTEzZGVTUJADwsMlrTCzQ6rmMVH7ODc0NjQxLTcwNzI4NTMuanBnfHx8fHx8fHx8fHw2NDB4NDgw.jpg"}]}},{"ad_id":"898225","reg_year":"2005","make":"Honda","model":"Accord","variant":"2.2i Ctdi Sport 04DR","mileage":"85000","engine_size":"2.2","fuel_type":"Diesel","body_type":"Saloon","colour":"e0e0e0","location":"Dublin","price":"\u20ac 6,995","images":{"base_url":"http:\/\/i0.carsie.ie\/","image_list":[{"thumb":"NDc2NTNlYmM2Mjk0Y2JjYjUyOWJmNDZjYzM2OTIyOTW1HCQSm3fqY6JA8tY4czFOODk4MjI1LTczNjMwODkuanBnfHx8fHx8OTJ4Njl8fHx8fA==.jpg","main":"OTE1YjYzOTdjYzE5MTQ0NTA1ODQ4YjFjZTZkZGJlMzI-Ct7d0DIhVnWe8OBg0dJWODk4MjI1LTczNjMwODkuanBnfHx8fHx8fHx8fHw0MDB4MzAw.jpg","large":"MzM0NDc4MjU3MTA3NmQ4ZjA3ZDUxZDNjMjcwOWQ4MGZ9SdJN7RrNqZhjhKa0SzJfODk4MjI1LTczNjMwODkuanBnfHx8fHx8fHx8fHw2NDB4NDgw.jpg"}]}},{"ad_id":"885395","reg_year":"2008","make":"Hyundai","model":"Accent","variant":"1.5 Crdi. DOE 12 MONTHS","mileage":"6698","engine_size":"1.5","fuel_type":"Diesel","body_type":"Van","colour":"000000","location":"Dublin","price":"\u20ac 6,995","images":{"base_url":"http:\/\/i0.carsie.ie\/","image_list":[{"thumb":"NmViNTQ0YmU3YzcwZjBiZjA1ZTE3NDY1ODljODVlNTBewCDd6-NqfAgWG9Or0MhKODg1Mzk1LTcyMDc4NDUuanBnfHx8fHx8OTJ4Njl8fHx8fA==.jpg","main":"MjdjMjMwZTgzMzc5MzUzZGEwM2Y4YzI3MzUyZjVmZjEtxJzBaLQMrC0LLDYEDIajODg1Mzk1LTcyMDc4NDUuanBnfHx8fHx8fHx8fHw0MDB4MzAw.jpg","large":"Yjk5YTgxZWVhNGM0MGQ1MzJlYzdmZWE5YTU3NjAzYmHyyHJO871qi1_QS-beDuf7ODg1Mzk1LTcyMDc4NDUuanBnfHx8fHx8fHx8fHw2NDB4NDgw.jpg"}]}},{"ad_id":"780680","reg_year":"2007","make":"Hyundai","model":"Coupe","variant":"1.6","mileage":"35000","engine_size":"1.6","fuel_type":"Petrol","body_type":"Coupe","colour":"0000c0","location":"Dublin","price":"\u20ac 6,995","images":{"base_url":"http:\/\/i0.carsie.ie\/","image_list":[{"thumb":"NjNmMDkzYzUwMDM5NTg0ZTczYjNiY2NiYTFmOWE5ODdTMZc-DLM4Z1HpgPhsCwkGNzgwNjgwLTYxNDQ2NzkuanBnfHx8fHx8OTJ4Njl8fHx8fA==.jpg","main":"ZTJhYjAyOTVhMjQxYThiOGY0ZDZmMGUwM2NkNTVhY2UMdRViAoVuIoz06bS9aZfNNzgwNjgwLTYxNDQ2NzkuanBnfHx8fHx8fHx8fHw0MDB4MzAw.jpg","large":"ODFmY2Y4YjJjY2FkZjY2MDY3M2U2ZDlmYTFiMDE5NGPawHUSPtYEtHK10Qd-n0hzNzgwNjgwLTYxNDQ2NzkuanBnfHx8fHx8fHx8fHw2NDB4NDgw.jpg"}]}},{"ad_id":"864315","reg_year":"2005","make":"Hyundai","model":"Trajet","variant":"2.0 Diesel 7 Seater with AIR CON, Only 63k miles, Tax 04\/2013","mileage":"63000","engine_size":"2.0","fuel_type":"Diesel","body_type":"People Carrier","colour":"7a0000","location":"Dublin","price":"\u20ac 6,995","images":{"base_url":"http:\/\/i0.carsie.ie\/","image_list":[{"thumb":"ZDJhZWQ3YmUyYmQ5Zjk2OWUzYjYzZDE5NjE0YzY1N2NlDrlZfsGOrbDJbZIBIrfzODY0MzE1LTY5NzIwMDIuanBnfHx8fHx8OTJ4Njl8fHx8fA==.jpg","main":"YTdhMWJiNDZkYmY0NWVlMTMyNDVhYWY3ZmIwNzE0NGRpwqcIC4CdbPnMPZL3kUWMODY0MzE1LTY5NzIwMDIuanBnfHx8fHx8fHx8fHw0MDB4MzAw.jpg","large":"NDM5N2FjNmM0NTY1NDM2N2UxZjllZWY0MDM2ZTk5NTIB0lQzQ2QLJXXAznUqTK1NODY0MzE1LTY5NzIwMDIuanBnfHx8fHx8fHx8fHw2NDB4NDgw.jpg"}]}},{"ad_id":"622428","reg_year":"2002","make":"Jaguar","model":"XJ","variant":"3.2 EXECUTIVE. LEATHER INTERIOR","mileage":"78051","engine_size":"3.2","fuel_type":"Petrol","body_type":"Saloon","colour":"0000c0","location":"Dublin","price":"\u20ac 6,995","images":{"base_url":"http:\/\/i0.carsie.ie\/","image_list":[{"thumb":"ZDk4OTE0OTU3M2JiYzYyOWJlYTRkZmFmMDQxOWFmM2LF9wOsn0vGSRF6jCvDJCFANjIyNDI4LTQwNDAxMTMuanBnfHx8fHx8OTJ4Njl8fHx8fA==.jpg","main":"ZmJmNjAwN2RmMGMxZGViZWU0MDM3OTk4YjI1NWE2NDIR09_KDqcfuif6G_GAA6SZNjIyNDI4LTQwNDAxMTMuanBnfHx8fHx8fHx8fHw0MDB4MzAw.jpg","large":"NWM4MmQ1ZTgyMGM1NTg2ZTkzNTZlNmU1NmVmZDgyMzgXPq11U-pIlp5dmBX6DnJyNjIyNDI4LTQwNDAxMTMuanBnfHx8fHx8fHx8fHw2NDB4NDgw.jpg"}]}},{"ad_id":"864009","reg_year":"2006","make":"Jeep","model":"Cherokee","variant":"JEEP COMM 65 MODEL.12 MONTHS DOE","mileage":"133013","engine_size":"2.8","fuel_type":"Diesel","body_type":"SUV","colour":"000000","location":"Dublin","price":"\u20ac 6,995","images":{"base_url":"http:\/\/i0.carsie.ie\/","image_list":[{"thumb":"ZTZjZGYxZjI4NmVlYWMwMWFmN2E0NWNjYzM5ODI3NGQYFEAEEdvH-zro9Xz1MhBuODY0MDA5LTY5NzQ0MzIuanBnfHx8fHx8OTJ4Njl8fHx8fA==.jpg","main":"NjhmYTI0ZTY5NDY3ZTc5M2NiMTQzNmFlMzMzNzQ0NGG8nAPJbpAZLxlE9cZ7MvneODY0MDA5LTY5NzQ0MzIuanBnfHx8fHx8fHx8fHw0MDB4MzAw.jpg","large":"YmJlZDA5MWZhOGZjYTI4NTc2OGQ3YWZhYTUyNmVlY2F2kaqEgJthgtJSmW3IToUoODY0MDA5LTY5NzQ0MzIuanBnfHx8fHx8fHx8fHw2NDB4NDgw.jpg"}]}},{"ad_id":"874168","reg_year":"2006","make":"Jeep","model":"Cherokee","variant":"KJ 65TH 5DR","mileage":"132977","engine_size":"2.8","fuel_type":"Diesel","body_type":"SUV","colour":"000000","location":"Dublin","price":"\u20ac 6,995","images":{"base_url":"http:\/\/i0.carsie.ie\/","image_list":[{"thumb":"YzE5Y2I3ZTZlZWM3NGEzYmNhYzcyYmZiMjA2YzM3YmbYePQnOyL11l-gOT_BDqoXODc0MTY4LTcwOTY3NzkuanBnfHx8fHx8OTJ4Njl8fHx8fA==.jpg","main":"Y2MzYzRkNjlmMmVhYzY2YzYxZTc0MjBiYzFiMzQwN2HBTZN8FRFKXk1MdGqQ2umOODc0MTY4LTcwOTY3NzkuanBnfHx8fHx8fHx8fHw0MDB4MzAw.jpg","large":"N2IzOTZkMTI1OWE3YTc3OWIyMDFiMjQ3MWM5MmYwYzOM7oVvQhnVZWK5X3T-JKXiODc0MTY4LTcwOTY3NzkuanBnfHx8fHx8fHx8fHw2NDB4NDgw.jpg"}]}},{"ad_id":"834458","reg_year":"2005","make":"Kia","model":"Sorento","variant":"2.5 CSE A\/T 5DR","mileage":"99422","engine_size":"2.5","fuel_type":"Diesel","body_type":"Estate","colour":"e0e0e0","location":"Dublin","price":"\u20ac 6,995","images":{"base_url":"http:\/\/i0.carsie.ie\/","image_list":[{"thumb":"OWExYzkwOTQyZjc2Zjk5ZmNkN2Y3Nzg0N2RiM2M1MTHOmsS1peZ5g9GytsCa5FgfODM0NDU4LTY2MjQzODEuanBnfHx8fHx8OTJ4Njl8fHx8fA==.jpg","main":"Nzk4NWQwMWUwNjRlYTJjZmNlNzdlYmVjMDdlMjIyYzkE0BQg1HHP0HPnOvBTDlcZODM0NDU4LTY2MjQzODEuanBnfHx8fHx8fHx8fHw0MDB4MzAw.jpg","large":"M2JhYmEzYmE0MTQxNDVkMGFkMjVhMDFlOGU3MWUwNWWxU7A5ZuP1JxlXr2j9iIRJODM0NDU4LTY2MjQzODEuanBnfHx8fHx8fHx8fHw2NDB4NDgw.jpg"}]}},{"ad_id":"872991","reg_year":"2007","make":"Mazda","model":"Mazda6","variant":"Executive 2.0 TD","mileage":"61875","engine_size":"2.0","fuel_type":"Diesel","body_type":"Saloon","colour":"ff0000","location":"Louth","price":"\u20ac 6,995","images":{"base_url":"http:\/\/i0.carsie.ie\/","image_list":[{"thumb":"Mjk2MzM5NDYxMmI5ZmJkZDU3ZDAyNTlhZTQwM2IzNzO1dtQibbI7nNVh7bepDkIpODcyOTkxLTcxNTYzMTYuanBnfHx8fHx8OTJ4Njl8fHx8fA==.jpg","main":"OWU0NjkzMjE5NjYzMjE1ODI1Y2U5YjQ0MDNiMTRlODONTKZslh-YCw2RLWcA1QDKODcyOTkxLTcxNTYzMTYuanBnfHx8fHx8fHx8fHw0MDB4MzAw.jpg","large":"M2M0NzE1ZTczNWIwMDRkM2NmNjEyYWM0OTgzNDkyM2LrearXBDwQFb2foBHHo_GFODcyOTkxLTcxNTYzMTYuanBnfHx8fHx8fHx8fHw2NDB4NDgw.jpg"}]}},{"ad_id":"899864","reg_year":"2005","make":"Mercedes-Benz","model":"E 240","variant":"","mileage":"83887","engine_size":"2.6","fuel_type":"Petrol","body_type":"Saloon","colour":"e0e0e0","location":"Dublin","price":"\u20ac 6,995","images":{"base_url":"http:\/\/i0.carsie.ie\/","image_list":[{"thumb":"ZThiMjY4NTUzZGJhNmMwMTBiMDJmZjkzNWRlNWVlMTey605duAgZRGSOCDLfrYdgODk5ODY0LS5qcGd8fHx8fHw5Mng2OXx8fHx8.jpg","main":"ZmQ4ZDJhMGRjOTM1YTllMDhhOTdhNGE1YTUyODA4ZjMTpKLbrVUvoIA_1-byl9isODk5ODY0LS5qcGd8fHx8fHx8fHx8fDQwMHgzMDA=.jpg","large":"YjFjOGE1MWE1Nzk4NDYyYzhlYmRhNjA5MGJkMDJkM2Oqxd_0Bo4fJkPvPRa-nYuwODk5ODY0LS5qcGd8fHx8fHx8fHx8fDY0MHg0ODA=.jpg"}]}},{"ad_id":"883373","reg_year":"2009","make":"Mitsubishi","model":"Colt","variant":"1.1 Invite","mileage":"48468","engine_size":"1.1","fuel_type":"Petrol","body_type":"Hatchback","colour":"858585","location":"Dublin","price":"\u20ac 6,995","images":{"base_url":"http:\/\/i0.carsie.ie\/","image_list":[{"thumb":"Y2M4OTlhNzNlODljNzJiOTcwMjc5YmRjYzU5MjZkNGQFLhbMLiGdOHsVgGA7-vCuODgzMzczLTcxNzg0MDAuanBnfHx8fHx8OTJ4Njl8fHx8fA==.jpg","main":"YmUwODE5NDlhMDkwMzMzYmVjYWQ4OTM0OWQ4OWUzMjNHGGHQgrsQapTYtOJ32RicODgzMzczLTcxNzg0MDAuanBnfHx8fHx8fHx8fHw0MDB4MzAw.jpg","large":"NGQyZmIzZjcxZmFlZjk2NTc1NDc5ZGZiY2MyYWU0Yzfhhla4GoIWqxt_n16UNAZXODgzMzczLTcxNzg0MDAuanBnfHx8fHx8fHx8fHw2NDB4NDgw.jpg"}]}},{"ad_id":"900881","reg_year":"2010","make":"Mitsubishi","model":"Colt","variant":"1.1 Invite 3DR","mileage":"18020","engine_size":"1.1","fuel_type":"Petrol","body_type":"Hatchback","colour":"e0e0e0","location":"Dublin","price":"\u20ac 6,995","images":{"base_url":"http:\/\/i0.carsie.ie\/","image_list":[{"thumb":"NGUyZmQzMzZlYjY4MzZkZDdmMzBjY2M5ZjBjNDhkYjgDIBtu6oSbogJEOMbfVkYhOTAwODgxLTc0MDc2MTQuanBnfHx8fHx8OTJ4Njl8fHx8fA==.jpg","main":"OTJmYzBhZmEzODAyNDcwNWQ5MTU4YzQ2YjRhMDI3NTX8f6IXJrGe0Bb6xIudDjp3OTAwODgxLTc0MDc2MTQuanBnfHx8fHx8fHx8fHw0MDB4MzAw.jpg","large":"ZDFlODVkMDBjNThjODc3Y2M3ZWNjNjlmYmJkYTEwNjgYGtqeck2Z-uWkXm2qtfnEOTAwODgxLTc0MDc2MTQuanBnfHx8fHx8fHx8fHw2NDB4NDgw.jpg"}]}},{"ad_id":"851283","reg_year":"2006","make":"Mitsubishi","model":"Pajero","variant":"Sport","mileage":"80000","engine_size":"2.5","fuel_type":"Diesel","body_type":"SUV","colour":"e0e0e0","location":"Dublin","price":"\u20ac 6,995","images":{"base_url":"http:\/\/i0.carsie.ie\/","image_list":[{"thumb":"YjA0MTIzMTViYWVkYjg2NmUwMjI2ZTYyODIyMDQyN2FKouGchPMbf4I2egJ2M-vaODUxMjgzLTY4Mjk5MjYuanBnfHx8fHx8OTJ4Njl8fHx8fA==.jpg","main":"OTIzNDljODY5NjQ1MGM2MDgwNjkxMTM1YTUzMTJiNWS20KvuBtSz3x5N-t8DQEIHODUxMjgzLTY4Mjk5MjYuanBnfHx8fHx8fHx8fHw0MDB4MzAw.jpg","large":"ZTc5NTAzZjljNmQ2NGZkNDFiYjRmNjUyOTExOGFjMTg0ir9Szl1KMpim7eznjqq0ODUxMjgzLTY4Mjk5MjYuanBnfHx8fHx8fHx8fHw2NDB4NDgw.jpg"}]}},{"ad_id":"889545","reg_year":"2006","make":"Nissan","model":"Almera","variant":"SXE nct 4-14 taxed 5-13","mileage":"50000","engine_size":"1.5","fuel_type":"Petrol","body_type":"Saloon","colour":"994d00","location":"Dublin","price":"\u20ac 6,995","images":{"base_url":"http:\/\/i0.carsie.ie\/","image_list":[{"thumb":"Nzg5OTMwOTJkZmNkZTM4ZjZhMDFjOGI0YzA3ZDM0OTMmnU1z4WCYTQlivDAgAsL4ODg5NTQ1LTcyNDMzNDIuanBnfHx8fHx8OTJ4Njl8fHx8fA==.jpg","main":"ZjFkYWMxMmU3MmQ5ODQxNmMyZDk2ZjZiMGJkZjQ1N2Y2u_qIlMAKt9wmah1QarIwODg5NTQ1LTcyNDMzNDIuanBnfHx8fHx8fHx8fHw0MDB4MzAw.jpg","large":"ZTNhNGJlZGM4MGNkNzBmNTU4NzJhY2M0NDU2MWUzODPnk0N8dD4kuJZxhNAe65iYODg5NTQ1LTcyNDMzNDIuanBnfHx8fHx8fHx8fHw2NDB4NDgw.jpg"}]}},{"ad_id":"865639","reg_year":"2007","make":"Nissan","model":"Almera","variant":"SXE 4 DOOR ","mileage":"60187","engine_size":"1.5","fuel_type":"Petrol","body_type":"Saloon","colour":"e0e0e0","location":"Waterford","price":"\u20ac 6,995","images":{"base_url":"http:\/\/i0.carsie.ie\/","image_list":[{"thumb":"MDIyYzU1MGMyNDE3MGRhMjg5MzVmM2Q2ZDhkZDgzYTNbWZdbKNso_ZQWn9F_ODKSODY1NjM5LTY5NzkzNzUuanBnfHx8fHx8OTJ4Njl8fHx8fA==.jpg","main":"NjdlYmVkNjNhNzYwM2Q1ZTVkMDY1N2ZkYTMxMGIwZWTtVb-Ev_ysqVBH2MMbCxMCODY1NjM5LTY5NzkzNzUuanBnfHx8fHx8fHx8fHw0MDB4MzAw.jpg","large":"ZGQwYmVjNDExNDEwMjJhNDU5YTkxZWNhMTk0ZGZiMmNmJxH3HfmSEMXXV6ywugoGODY1NjM5LTY5NzkzNzUuanBnfHx8fHx8fHx8fHw2NDB4NDgw.jpg"}]}},{"ad_id":"856353","reg_year":"2007","make":"Nissan","model":"Micra","variant":"1.2 5dr Sport+ ","mileage":"49241","engine_size":"1.2","fuel_type":"Petrol","body_type":"Hatchback","colour":"ff0000","location":"Dublin","price":"\u20ac 6,995","images":{"base_url":"http:\/\/i0.carsie.ie\/","image_list":[{"thumb":"ZmFjOTFmZjBiNzFkY2RkMzE2Mjc0Yjg4MDlkOGEwZWaZ1NkUVOCHwPpEAblO5ZnlODU2MzUzLTcwMTQ1NjYuanBnfHx8fHx8OTJ4Njl8fHx8fA==.jpg","main":"MWRkNjdjNWFkMmZlYmFmYTU3NGM4ZDE3N2Y2YTNmZWSyFFF4LQ9o9x2lXFgOjRDxODU2MzUzLTcwMTQ1NjYuanBnfHx8fHx8fHx8fHw0MDB4MzAw.jpg","large":"YmNhNDQxOGRhN2IzY2MzMjZjZDg5ODhiOWMyZDM2YjLMgPNbTNgXQw1UoomrivJDODU2MzUzLTcwMTQ1NjYuanBnfHx8fHx8fHx8fHw2NDB4NDgw.jpg"}]}}]}