{"total":"23408","result":[{"ad_id":"878613","reg_year":"2005","make":"Hyundai","model":"Coupe","variant":"Coupe 1.6 FX EV","mileage":"30000","engine_size":"1.6","fuel_type":"Petrol","body_type":"Coupe","colour":"e0e0e0","location":"Dublin","price":"\u20ac 5,450","images":{"base_url":"http:\/\/i0.carsie.ie\/","image_list":[{"thumb":"NTMxMGZhNjYyN2FmZjVhOTMwNjdmMjViNTYyMzY0NTfUGhicjmiIY8bGd5-Eo0bqODc4NjEzLTczMjk1MTYuanBnfHx8fHx8OTJ4Njl8fHx8fA==.jpg","main":"YzE5NjZiY2Y0YjI2ODNmYTg3OTViYWVlMDJkODkwNDgC4Os6YYYyOy00mZo8ErV4ODc4NjEzLTczMjk1MTYuanBnfHx8fHx8fHx8fHw0MDB4MzAw.jpg","large":"MWMzZDhkNzI0N2Y2NWYzMzliZWU0OGQ1NWFhOWRmMWJLTmYic0H5TLUfK-7vOAigODc4NjEzLTczMjk1MTYuanBnfHx8fHx8fHx8fHw2NDB4NDgw.jpg"}]}},{"ad_id":"898955","reg_year":"2006","make":"Hyundai","model":"Santa Fe","variant":"GLS 2WD LEATHER","mileage":"60175","engine_size":"2.0","fuel_type":"Petrol","body_type":"SUV","colour":"000000","location":"Dublin","price":"\u20ac 5,450","images":{"base_url":"http:\/\/i0.carsie.ie\/","image_list":[{"thumb":"MDAxYjI5NTQwYWNmOWRmNmUzOTg2Y2ZlNTRkMDY2NjKS5zIOzEimrPVZc3Lp6rwwODk4OTU1LTczNzE3MzYuanBnfHx8fHx8OTJ4Njl8fHx8fA==.jpg","main":"MDE1MjM1ZjY1NzVjMjUxMGMxYzA2YzA2ZTg4ODFhNDPdH395BwZPlF9DJI4V_rVAODk4OTU1LTczNzE3MzYuanBnfHx8fHx8fHx8fHw0MDB4MzAw.jpg","large":"OWFmZGU0ODI2Y2NiNDQ2ZDBmNzBhNmMzMzE5NTc0ZWG_678U0j4VxKU7PF1rtGhKODk4OTU1LTczNzE3MzYuanBnfHx8fHx8fHx8fHw2NDB4NDgw.jpg"}]}},{"ad_id":"900697","reg_year":"2005","make":"Hyundai","model":"Santa Fe","variant":"GLS 2WD 4DR","mileage":"55601","engine_size":"2.0","fuel_type":"Petrol","body_type":"SUV","colour":"858585","location":"Dublin","price":"\u20ac 5,450","images":{"base_url":"http:\/\/i0.carsie.ie\/","image_list":[{"thumb":"OTIwNWI0MGEyMDVkN2EzMTM5MTMyODYyYWViNDVhZjKUWsZN0QFzB1TBsAiPY0qxOTAwNjk3LTc0MDYxODAuanBnfHx8fHx8OTJ4Njl8fHx8fA==.jpg","main":"NTA0NzFiMGFlZjY4N2MzYjU4ZTkwMjI1ZTBhYTQxNmIyRf0Cz8Ln2_VZ0YPs3lsAOTAwNjk3LTc0MDYxODAuanBnfHx8fHx8fHx8fHw0MDB4MzAw.jpg","large":"NTFhZjFhNWVhOGQwNzU4MjdmMWU1YTUzYzgzNjM5MzeYZbImTyFYE2FM03ypCzVzOTAwNjk3LTc0MDYxODAuanBnfHx8fHx8fHx8fHw2NDB4NDgw.jpg"}]}},{"ad_id":"846645","reg_year":"2005","make":"Hyundai","model":"Tucson","variant":"2.0D 2WD 4DR","mileage":"80780","engine_size":"2.0","fuel_type":"Diesel","body_type":"SUV","colour":"008000","location":"Dublin","price":"\u20ac 5,450","images":{"base_url":"http:\/\/i0.carsie.ie\/","image_list":[{"thumb":"YzE4YTVlMDdjMjBhYWYyYjJlYTI2ZGZjZTYzODg0ZGaelN4oKg4-GZK_cLm0QkmYODQ2NjQ1LTY3NjIxODUuanBnfHx8fHx8OTJ4Njl8fHx8fA==.jpg","main":"NTAzYzYyNDNjMjdjYTAxMTQxZWQ3NWJkMjY2YmQ2ODnGESV2KNmyk4XP0lmokb33ODQ2NjQ1LTY3NjIxODUuanBnfHx8fHx8fHx8fHw0MDB4MzAw.jpg","large":"ZWY5NTI2Y2RjZjcwNmM4ZjNkNjkzYTY0ZjRiMjMxNWI2-k4fdO9bF3ej6ecdBlotODQ2NjQ1LTY3NjIxODUuanBnfHx8fHx8fHx8fHw2NDB4NDgw.jpg"}]}},{"ad_id":"863348","reg_year":"2006","make":"Hyundai","model":"Tucson","variant":"TUCSON 2WD SPORT. NEW NCT UNTIL 2014.","mileage":"86994","engine_size":"2.0","fuel_type":"Petrol","body_type":"SUV","colour":"0000c0","location":"Dublin","price":"\u20ac 5,450","images":{"base_url":"http:\/\/i0.carsie.ie\/","image_list":[{"thumb":"YWYyMjEzOTY5MjdlNzRjODU5YTNjYzZlODA4NTUyMWENQ4cOt9aW-m00rGCH3i-BODYzMzQ4LTcyODA1OTAuanBnfHx8fHx8OTJ4Njl8fHx8fA==.jpg","main":"ZTVkNTM1ZTRjMzkxYjY3ODdiYTEzN2QzNWU1NzVjNjlkki84tlHkmsi6imXZwF5LODYzMzQ4LTcyODA1OTAuanBnfHx8fHx8fHx8fHw0MDB4MzAw.jpg","large":"NTRlNGMzM2I4NTkyNDRmOTJkZDVkMGEwNjRhOTI2NmZ7N40JVXS8HPNqoTHgQjbaODYzMzQ4LTcyODA1OTAuanBnfHx8fHx8fHx8fHw2NDB4NDgw.jpg"}]}},{"ad_id":"900649","reg_year":"2005","make":"Hyundai","model":"Tucson","variant":"2.0 2WD 5DR","mileage":"38000","engine_size":"2.0","fuel_type":"Petrol","body_type":"SUV","colour":"e0e0e0","location":"Dublin","price":"\u20ac 5,450","images":{"base_url":"http:\/\/i0.carsie.ie\/","image_list":[{"thumb":"MDA2ZDRjMjI2ZTgwNzVhNzUyMTAxYTk1ZWEyYjhiZWagSvYK3zuhOaLrVOH881VGOTAwNjQ5LTc0MDQ4MTUuanBnfHx8fHx8OTJ4Njl8fHx8fA==.jpg","main":"OWNiNDBhMzliMzUxYWI4ZjI4NjU2Yzc3MDQ5YWM2NWQL4EYqDu8AZ6pu7JiNR-CWOTAwNjQ5LTc0MDQ4MTUuanBnfHx8fHx8fHx8fHw0MDB4MzAw.jpg","large":"NjNmZGVkZWFjNmE1NGUwOWMyOTBmNzQ3ODlmMTE0M2ZO5Er8ydEM_7NbwlXoUeV3OTAwNjQ5LTc0MDQ4MTUuanBnfHx8fHx8fHx8fHw2NDB4NDgw.jpg"}]}},{"ad_id":"901013","reg_year":"2004","make":"Jaguar","model":"S-Type","variant":"2.7 Diesel","mileage":"49000","engine_size":"2.7","fuel_type":"Diesel","body_type":"Saloon","colour":"e0e0e0","location":"Dublin","price":"\u20ac 5,450","images":{"base_url":"http:\/\/i0.carsie.ie\/","image_list":[{"thumb":"YzE2NTk4YzZlY2U1YTllOTUxYzJhOTJjMjVmNDgxYzE1SKLTtKQA6jreHxFUqtVzOTAxMDEzLTc0MTQ5ODMuanBnfHx8fHx8OTJ4Njl8fHx8fA==.jpg","main":"YmE4ZmRlNmYxYzEyYTQ3ZWJmM2JhNTIxNzNiOGM2YTcWO7EOeBHPIc11eQ5hobHZOTAxMDEzLTc0MTQ5ODMuanBnfHx8fHx8fHx8fHw0MDB4MzAw.jpg","large":"NDljMmFiM2U2NGRjMWE5MDhhNWYxMDA2YjQxNTM4YjOC6d9rBQPPcxezJz0-hft7OTAxMDEzLTc0MTQ5ODMuanBnfHx8fHx8fHx8fHw2NDB4NDgw.jpg"}]}},{"ad_id":"817491","reg_year":"2006","make":"Kia","model":"Cerato","variant":"1.6 LX","mileage":"54681","engine_size":"1.6","fuel_type":"Petrol","body_type":"Hatchback","colour":"0000c0","location":"Dublin","price":"\u20ac 5,450","images":{"base_url":"http:\/\/i0.carsie.ie\/","image_list":[{"thumb":"ZjYyMzE1ZDgyMGNlZTRkNTg4NGQ1YjYzMTBkNTc4YzZg0E_F3CAA4cMMc3Du5EEgODE3NDkxLTY0MjIwMDQuanBnfHx8fHx8OTJ4Njl8fHx8fA==.jpg","main":"NWU2M2QyZWIyYjk4MmQ3MjFlNWU4NTk4N2E3NGU1Mjfqzgl5f_kxbeLtFip4lfpHODE3NDkxLTY0MjIwMDQuanBnfHx8fHx8fHx8fHw0MDB4MzAw.jpg","large":"ZjI4YjIyMmQzYjhhODQyOTkwMTY0OTYwZjRiZDFkZWbdwnhti9fgq5vkJTzK05-UODE3NDkxLTY0MjIwMDQuanBnfHx8fHx8fHx8fHw2NDB4NDgw.jpg"}]}},{"ad_id":"898605","reg_year":"2007","make":"Kia","model":"Picanto","variant":null,"mileage":"26000","engine_size":"1.0","fuel_type":"Petrol","body_type":null,"colour":"e0e0e0","location":"Cork","price":"\u20ac 5,450","images":{"base_url":"http:\/\/i0.carsie.ie\/","image_list":[{"thumb":"OGVkMGVjNmNjZDJlNzg1ZjQxNWU2MmZhMjk4ZGJiOGXpIDzlAn2mjUbv07ZimollODk4NjA1LTczNjk3MjQuanBnfHx8fHx8OTJ4Njl8fHx8fA==.jpg","main":"YTM2YWEyMzYwOGRmZDg2ZmVlM2YwN2M1ZTJhM2YzZWLDFmN1AzVZv1e67ziCAAwPODk4NjA1LTczNjk3MjQuanBnfHx8fHx8fHx8fHw0MDB4MzAw.jpg","large":"NzVhNzVhNDIwYTczYjliNTQwN2ZjN2MyYWIyOWRlMGEQg05qVYfI3vZNjXp3AC7FODk4NjA1LTczNjk3MjQuanBnfHx8fHx8fHx8fHw2NDB4NDgw.jpg"}]}},{"ad_id":"898911","reg_year":"2003","make":"Mercedes-Benz","model":"220","variant":"CDI","mileage":"160000","engine_size":"2.1","fuel_type":"Diesel","body_type":"Saloon","colour":"e0e0e0","location":"Dublin","price":"\u20ac 5,450","images":{"base_url":"http:\/\/i0.carsie.ie\/","image_list":[{"thumb":"OWM2ZGJmNTU1ZGRkZDU1OGExNjVlNTEwODAzZDdiOTHxvKIsPtiLizv18_emj7zVODk4OTExLTczNzA5MzMuanBnfHx8fHx8OTJ4Njl8fHx8fA==.jpg","main":"N2NhNTY0YzJiNTFjYTAyZTUzYjdiMDk4ZGVlYzA2NDT3Diw_kGi8uzwObeGjH3KsODk4OTExLTczNzA5MzMuanBnfHx8fHx8fHx8fHw0MDB4MzAw.jpg","large":"YWVjY2ZjNzAyODY5Y2E0ZmMxOGQyNzVlZmY0ZmUyYWUChSC1vAY1xIVOS-aMJwwKODk4OTExLTczNzA5MzMuanBnfHx8fHx8fHx8fHw2NDB4NDgw.jpg"}]}},{"ad_id":"881914","reg_year":"2004","make":"Mercedes-Benz","model":"C Class","variant":"C200 CDI Elegance SE","mileage":"91000","engine_size":"2.1","fuel_type":"Diesel","body_type":"Saloon","colour":"0000c0","location":"Meath","price":"\u20ac 5,450","images":{"base_url":"http:\/\/i0.carsie.ie\/","image_list":[{"thumb":"OTljN2E4MzgzZWNkNGNkMGZkYzM2NGQ5ZGFmMDgwODG88-uSICxQT91OafLLQVC5ODgxOTE0LTcxNTkwMjUuanBnfHx8fHx8OTJ4Njl8fHx8fA==.jpg","main":"ZTg4YWMzZTliNzVlMjQyYzI0MTIzNDMxMjVjNTYzNzGBhLoFZex6FmctMFC-unjwODgxOTE0LTcxNTkwMjUuanBnfHx8fHx8fHx8fHw0MDB4MzAw.jpg","large":"ZmE3ZjkyOGJkMzVhZGZkNjA3ZDZkOGVhY2RhZjQ5NjUpwHmw7sqWlqb7vnW8uJaCODgxOTE0LTcxNTkwMjUuanBnfHx8fHx8fHx8fHw2NDB4NDgw.jpg"}]}},{"ad_id":"876380","reg_year":"2000","make":"Mercedes-Benz","model":"SLK 200","variant":"ML A\/T","mileage":"80000","engine_size":"2.0","fuel_type":"Petrol","body_type":"Cabriolet \/ Convertible","colour":"0000c0","location":"Dublin","price":"\u20ac 5,450","images":{"base_url":"http:\/\/i0.carsie.ie\/","image_list":[{"thumb":"ZWVkMDVlZjg2YzBmZTlkNTM2YjllNzEwMzk5MDgzZjLuvqQhM6M-zObVNB1LPdmcODc2MzgwLTcxMjE2MjIuanBnfHx8fHx8OTJ4Njl8fHx8fA==.jpg","main":"Yzc1ZjdmMjkwMDQ3MGYyNjk3Y2U4MTk3NDcwNDk4MzIigmnxxbXuNtTodrTnJ5GhODc2MzgwLTcxMjE2MjIuanBnfHx8fHx8fHx8fHw0MDB4MzAw.jpg","large":"MjEzZmI5YTQ5YmRlYmM3ZGQyMjJjMzAyNDUzOTBhZGKxaTOdxvJvQwCP6pEPNGoNODc2MzgwLTcxMjE2MjIuanBnfHx8fHx8fHx8fHw2NDB4NDgw.jpg"}]}},{"ad_id":"897558","reg_year":"2004","make":"Mini","model":"One","variant":"1.6","mileage":"86000","engine_size":"1.6","fuel_type":"Petrol","body_type":"Saloon","colour":"ff0000","location":"Dublin","price":"\u20ac 5,450","images":{"base_url":"http:\/\/i0.carsie.ie\/","image_list":[{"thumb":"Y2ZjMDNmZTU3ZmM5NGIzMzk3ZDU3YWFkNWQ5YjU5ZGN2VbLf04WMTepqHWls4CdSODk3NTU4LTczNTQ0NTQuanBnfHx8fHx8OTJ4Njl8fHx8fA==.jpg","main":"NzdkNjFlZDAyNmMyNmY2MWIxYWYyZTg2ODRmN2NmOGEI2EC1aAS9a1UGPcuA2M48ODk3NTU4LTczNTQ0NTQuanBnfHx8fHx8fHx8fHw0MDB4MzAw.jpg","large":"NDM0MDZjZjIzZDk0Y2E4YTcxOGJlNzRjOGI0NDYyM2FvJJmqIQekJsKePrSywBg3ODk3NTU4LTczNTQ0NTQuanBnfHx8fHx8fHx8fHw2NDB4NDgw.jpg"}]}},{"ad_id":"896690","reg_year":"2005","make":"Mitsubishi","model":"Pajero","variant":"Sport Commercial","mileage":"119000","engine_size":"2.5","fuel_type":"Diesel","body_type":"SUV","colour":"000000","location":"Dublin","price":"\u20ac 5,450","images":{"base_url":"http:\/\/i0.carsie.ie\/","image_list":[{"thumb":"OTVhYzYwNDk4YWY1NmM1ODI5YjU1ZWY5NGQ4ODIxMTk4mDsNjpqtAVtHwaNKhcFLODk2NjkwLTczNDU3MDkuanBnfHx8fHx8OTJ4Njl8fHx8fA==.jpg","main":"MDY0ZjRiMzY2ZmM2N2M0ZTgyMGM0OGQ5MTYzYjAwMjb510yA5cRW1MvVf2fltEjHODk2NjkwLTczNDU3MDkuanBnfHx8fHx8fHx8fHw0MDB4MzAw.jpg","large":"YjA4MzhlMzUxMzA5ZjRhMmQxNmQxMTYxNDVhYzBhMDLhPQLDAExZql4nhQ_-ViPIODk2NjkwLTczNDU3MDkuanBnfHx8fHx8fHx8fHw2NDB4NDgw.jpg"}]}},{"ad_id":"859951","reg_year":"2006","make":"Nissan","model":"Almera","variant":"*SOLD*","mileage":"33492","engine_size":"1.5","fuel_type":"Petrol","body_type":"Saloon","colour":"858585","location":"Cork","price":"\u20ac 5,450","images":{"base_url":"http:\/\/i0.carsie.ie\/","image_list":[{"thumb":"NjEwN2U3OTYwNjU3NDBjZjY2OGQ4MjljMjBlY2Y4OGEod4UdhYV-kqODDXWejhBwODU5OTUxLTY5NTY2NjIuanBnfHx8fHx8OTJ4Njl8fHx8fA==.jpg","main":"MzY2MTYwZTg3YjM5ODJkZjZjZGYwNDIwYmUwYTdlMDi2PQepmXXNXWd-JI-o4w5hODU5OTUxLTY5NTY2NjIuanBnfHx8fHx8fHx8fHw0MDB4MzAw.jpg","large":"ZDUwZGQyZGU4ZGE4ZWU5NDY2ZmI5MGEyMzhmOTRhZTQiEznb7sPnZolxdgzl4zqwODU5OTUxLTY5NTY2NjIuanBnfHx8fHx8fHx8fHw2NDB4NDgw.jpg"}]}},{"ad_id":"892145","reg_year":"2006","make":"Nissan","model":"Almera","variant":"1.5 SXE 4DR","mileage":"60000","engine_size":"1.5","fuel_type":"Petrol","body_type":"Saloon","colour":"f0b800","location":"Dublin","price":"\u20ac 5,450","images":{"base_url":"http:\/\/i0.carsie.ie\/","image_list":[{"thumb":"NGQ3OGUxYWNhMjc5MDk4ZmQyMzM2N2ZlNjBjNmQzOWZssF-qyBRHg2567oIqlWsQODkyMTQ1LTcyNjk4NzYuanBnfHx8fHx8OTJ4Njl8fHx8fA==.jpg","main":"ZDFjYjkzNDkxNTM2ZDRjMzZmNGQ0YzIyZjI3MmJkMDKi1p6cdOfReqZKWvaXwT8WODkyMTQ1LTcyNjk4NzYuanBnfHx8fHx8fHx8fHw0MDB4MzAw.jpg","large":"ODljZWZmZjQxYTExM2ZjNmIxMGM3N2NhN2VlYjQ1Y2MhqjhIIzMxTLQpT3uk7CGuODkyMTQ1LTcyNjk4NzYuanBnfHx8fHx8fHx8fHw2NDB4NDgw.jpg"}]}},{"ad_id":"900172","reg_year":"2006","make":"Nissan","model":"Almera","variant":"1.5 SXE 4DR","mileage":"58943","engine_size":"1.5","fuel_type":"Petrol","body_type":null,"colour":"ff0000","location":"Dublin","price":"\u20ac 5,450","images":{"base_url":"http:\/\/i0.carsie.ie\/","image_list":[{"thumb":"ODIwZTcwODI1OWRhMDgyZGM1YWQ1MzgxNTg0MWU2NTilKiY0R2r1RY-p9vZ43HGHOTAwMTcyLTc0MDA2NTAuanBnfHx8fHx8OTJ4Njl8fHx8fA==.jpg","main":"NjZmZDYyNGJlY2I5OTFlZjU3NGJhZGMwMzljZDVmZWJke3Rle5kfZxLIfWUt_AADOTAwMTcyLTc0MDA2NTAuanBnfHx8fHx8fHx8fHw0MDB4MzAw.jpg","large":"OTE0YzRiYjdkYmY5ZTYxM2JkYmJmODg0M2RlYTI1NTKD_9_QSY0eS0-BDdQkdhHnOTAwMTcyLTc0MDA2NTAuanBnfHx8fHx8fHx8fHw2NDB4NDgw.jpg"}]}},{"ad_id":"901877","reg_year":"2007","make":"Nissan","model":"Almera","variant":"1.5 SXE 5DR","mileage":"69850","engine_size":"1.5","fuel_type":"Petrol","body_type":"Hatchback","colour":"e0e0e0","location":"Dublin","price":"\u20ac 5,450","images":{"base_url":"http:\/\/i0.carsie.ie\/","image_list":[{"thumb":"MTVmOTM2ZDk4NDU0NTMzODE3ZmI3NTBlMTNkYmI0NzHb2trgoKHKwKDW1GYt9GejOTAxODc3LTc0MjU4OTAuanBnfHx8fHx8OTJ4Njl8fHx8fA==.jpg","main":"NzI2YTg1NGNiNmNhMzAyMzQ3MWRjZmQ2ZWQxZmU4N2YwL7_ko50aP8w4nbFPsE0OOTAxODc3LTc0MjU4OTAuanBnfHx8fHx8fHx8fHw0MDB4MzAw.jpg","large":"NGY2YWYwNDllZTRjN2I1MzE5NDFiZWNhZTdkZjA0NzFNUhlbDU-2JzC7aZACZL8mOTAxODc3LTc0MjU4OTAuanBnfHx8fHx8fHx8fHw2NDB4NDgw.jpg"}]}},{"ad_id":"901569","reg_year":"2005","make":"Nissan","model":"Micra","variant":"1.2 PETROL AUTO VERY CLEAN CAR","mileage":"57789","engine_size":"1.2","fuel_type":"Petrol","body_type":"Hatchback","colour":null,"location":"Dublin","price":"\u20ac 5,450","images":{"base_url":"http:\/\/i0.carsie.ie\/","image_list":[{"thumb":"ZjI0OTIyOGZlZTVlY2E4ZDQ5MmNkNjRlOWUzOTE3NzmetBlo1TEDLHSIOTLgh4YkOTAxNTY5LTc0MjEzOTEuanBnfHx8fHx8OTJ4Njl8fHx8fA==.jpg","main":"N2NjMzU1ZDhjZTBkYjI2MTA2ZDFmNTM0YjMwODQ2ZjkCAcUxX34wtSY6rTiP6ErDOTAxNTY5LTc0MjEzOTEuanBnfHx8fHx8fHx8fHw0MDB4MzAw.jpg","large":"YjgzODI3YjA1YmUxYWU5MDk0MTMxOGJiZDRhOWNmMzjribCcAkBmtfRlXFnOXutLOTAxNTY5LTc0MjEzOTEuanBnfHx8fHx8fHx8fHw2NDB4NDgw.jpg"}]}},{"ad_id":"755303","reg_year":"2008","make":"Nissan","model":"Micra","variant":"1.2 SXE + A\/C","mileage":"59330","engine_size":"1.2","fuel_type":"Petrol","body_type":"Hatchback","colour":"f0b800","location":"Louth","price":"\u20ac 5,450","images":{"base_url":"http:\/\/i0.carsie.ie\/","image_list":[{"thumb":"OTczMjNhMGMyYWI3YWQ1ZThmOTU1NTM2ZWM0YjYwOWMlhPntGNxyUs_vcCFSE3boNzU1MzAzLTU2MjU4MzcuanBnfHx8fHx8OTJ4Njl8fHx8fA==.jpg","main":"NmZjYzdlMzYyNGJhMjcxOTY1MmY5OGQ5YmVkYTlkMTJHKID8KPHcf3uGRbZLrkfrNzU1MzAzLTU2MjU4MzcuanBnfHx8fHx8fHx8fHw0MDB4MzAw.jpg","large":"OTYwYzAyZmNjMTI0NTE2MDNlMTgxNmJiYzc5MWM0MzEmmamyYiJJI0sMYDddp6zvNzU1MzAzLTU2MjU4MzcuanBnfHx8fHx8fHx8fHw2NDB4NDgw.jpg"}]}}]}