{"total":"23408","result":[{"ad_id":"864199","reg_year":"2005","make":"Renault","model":"Grand Scenic","variant":"1.4diesel, 384tax, IMMACULATE","mileage":"84200","engine_size":"1.5","fuel_type":"Diesel","body_type":"Hatchback","colour":"000000","location":"Dublin","price":"\u20ac 6,400","images":{"base_url":"http:\/\/i0.carsie.ie\/","image_list":[{"thumb":"ZDY2NmY1MDM1NTBhNDU3MWUxMjgwMjFmMjEzYzY3YjfhazWD26Q60sCsrineM47OODY0MTk5LTY5NTMxMjAuanBnfHx8fHx8OTJ4Njl8fHx8fA==.jpg","main":"Mjk0NWM2YzE3OTM1MDdmNmZkOTMxNGQ3N2QzMzI2YTAamO55-NsHbCCnUHuZqZd1ODY0MTk5LTY5NTMxMjAuanBnfHx8fHx8fHx8fHw0MDB4MzAw.jpg","large":"M2MyMTE2YjVjZGM1OTZhNTg0N2JlNjNlZGIxOTI5NTHWEoOrk92qEJMsXg_HWc6sODY0MTk5LTY5NTMxMjAuanBnfHx8fHx8fHx8fHw2NDB4NDgw.jpg"}]}},{"ad_id":"877785","reg_year":"2005","make":"Saab","model":"9-3","variant":"Vector Diesel","mileage":"100000","engine_size":"1.9","fuel_type":"Petrol","body_type":"Hatchback","colour":"000000","location":"Limerick","price":"\u20ac 6,400","images":{"base_url":"http:\/\/i0.carsie.ie\/","image_list":[{"thumb":"YjhiNWI2OGQzYzY0YjFmNGZmZGEzNjIyN2U4MGQyMjWcP2x4A48acOokjOMg88rBODc3Nzg1LTcxMTI0NTEuanBnfHx8fHx8OTJ4Njl8fHx8fA==.jpg","main":"ZWYyN2ZhYmVkZjhlZDE1OWUyYTg2OTZkNWRkZGNmMDN3E4Gmx4LMo-BImk2DF4IOODc3Nzg1LTcxMTI0NTEuanBnfHx8fHx8fHx8fHw0MDB4MzAw.jpg","large":"YmI4NzZlMDNkZTllNzVlNWQzNjcyZDgwYmU3OTJmOGVFyIJnRtKWBPfZEusQrM0QODc3Nzg1LTcxMTI0NTEuanBnfHx8fHx8fHx8fHw2NDB4NDgw.jpg"}]}},{"ad_id":"887571","reg_year":"2008","make":"Peugeot","model":"407","variant":"ST Comfort 1.8","mileage":"36000","engine_size":"1.7","fuel_type":"Petrol","body_type":"Saloon","colour":"858585","location":"Dublin","price":"\u20ac 6,444","images":{"base_url":"http:\/\/i0.carsie.ie\/","image_list":[{"thumb":"Mzk0NmNlNDVkZjA2ZTE3NDIwZjRlN2Y2ZjM1ZDA3MWaQNC97tlkg1HAW87NL3UrtODg3NTcxLTcyMjY0NDUuanBnfHx8fHx8OTJ4Njl8fHx8fA==.jpg","main":"NDM1MTU5MTQzYTg1MmU0ODdlMjRkZTE2ZGY0MjFiNTDJ5n06On3cQux_uKFCCpqXODg3NTcxLTcyMjY0NDUuanBnfHx8fHx8fHx8fHw0MDB4MzAw.jpg","large":"MzQxY2Q0MThlYmM1MzU4MTYyMjI1YjRkN2IwNTQzZGUEm_Q1crz5QN-wczA0UHOgODg3NTcxLTcyMjY0NDUuanBnfHx8fHx8fHx8fHw2NDB4NDgw.jpg"}]}},{"ad_id":"884001","reg_year":"2010","make":"Fiat","model":"Panda","variant":"1.1 ACTIVE ECO 5DR","mileage":"92000","engine_size":"1.1","fuel_type":"Petrol","body_type":"Hatchback","colour":"e0e0e0","location":"Dublin","price":"\u20ac 6,445","images":{"base_url":"http:\/\/i0.carsie.ie\/","image_list":[{"thumb":"OGU2MTVjMzgyMmE3MmFiMDAxMTU5MjRkMTZlZDhhNjl_TGz_l65tYlooEDsYM-5rODg0MDAxLTcyODA2NjYuanBnfHx8fHx8OTJ4Njl8fHx8fA==.jpg","main":"YTVjOTA4ZjkzYjBhMzQyYjJmNjdjYmRhYWExNzIzNzTZh3SP8mV2U1rzviV3MY_bODg0MDAxLTcyODA2NjYuanBnfHx8fHx8fHx8fHw0MDB4MzAw.jpg","large":"NTY3MDcwM2RiOTJjZGJmNWUzMDcwMDVhMDdmNzMzNmOCzUruQFR32xReYY7pDn9LODg0MDAxLTcyODA2NjYuanBnfHx8fHx8fHx8fHw2NDB4NDgw.jpg"}]}},{"ad_id":"896389","reg_year":"2005","make":"Hyundai","model":"Trajet","variant":"2.0 TDI 7 SEATER DVD PLAYER","mileage":"74000","engine_size":"2.0","fuel_type":"Diesel","body_type":"People Carrier","colour":"e0e0e0","location":"Dublin","price":"\u20ac 6,445","images":{"base_url":"http:\/\/i0.carsie.ie\/","image_list":[{"thumb":"ZGJmMDY5ZDdlMDI0ZDc3NzhhMDY3YjdhOGE0ZTM0ZjVT51xvMTSZB608UCYpxsbDODk2Mzg5LTczNTEyNTQuanBnfHx8fHx8OTJ4Njl8fHx8fA==.jpg","main":"NWM5YTYzYTY5YWQyYjhkMjZkZWE5ZjhmYzNhZjQ2MDmTHSkR2qqe33_QU9CiHOsXODk2Mzg5LTczNTEyNTQuanBnfHx8fHx8fHx8fHw0MDB4MzAw.jpg","large":"MGE0ZjUzMmY3MTdhMjM5OTdhOTVhYzU2ZTdiMzU1MTbK0fT-Oujq-IPFPM2wNkYlODk2Mzg5LTczNTEyNTQuanBnfHx8fHx8fHx8fHw2NDB4NDgw.jpg"}]}},{"ad_id":"899812","reg_year":"2006","make":"Opel","model":"Astra","variant":"Club 1.3cdti 6 SPD** 65 MPG.**","mileage":"85000","engine_size":"1.2","fuel_type":"Diesel","body_type":"Hatchback","colour":"e0e0e0","location":"Meath","price":"\u20ac 6,445","images":{"base_url":"http:\/\/i0.carsie.ie\/","image_list":[{"thumb":"NGUyZDQ2NzBkYzA5YmEwMDIyZjIxNDQxMTFlN2M0OTfygL810jbNQjcqwtvn-f5xODk5ODEyLTczODE5NjkuanBnfHx8fHx8OTJ4Njl8fHx8fA==.jpg","main":"MDRkY2EzMTk0OTVmNWUwZjhmYWFlYzcyNTA3MGJhN2HKXCZuMkPWsrFSAHqj6k99ODk5ODEyLTczODE5NjkuanBnfHx8fHx8fHx8fHw0MDB4MzAw.jpg","large":"ZTc1ZjgzZDg4YzM1NDUzMmJiNGRhMGM5OWEwYTY3MDL2-oU4MMItWHedAF3bOcv_ODk5ODEyLTczODE5NjkuanBnfHx8fHx8fHx8fHw2NDB4NDgw.jpg"}]}},{"ad_id":"897834","reg_year":"2006","make":"Toyota","model":"Corolla","variant":"corolla 1.4 terra mc","mileage":"61516","engine_size":"1.4","fuel_type":"Petrol","body_type":"Hatchback","colour":"858585","location":"Dublin","price":"\u20ac 6,445","images":{"base_url":"http:\/\/i0.carsie.ie\/","image_list":[{"thumb":"YjY3MjMwNGE1OWNjNWZlYjBhMWMxMWU0ZDg5MTUzYjB_4ldhBOj95hIMKHojc3m9ODk3ODM0LTc0MDMzODYuanBnfHx8fHx8OTJ4Njl8fHx8fA==.jpg","main":"YjM2YzI5Y2MyMzk4YTIxZjJkMDlhNTI4YTY0NmFjN2LGYJer48b-Xglzo60BJbFBODk3ODM0LTc0MDMzODYuanBnfHx8fHx8fHx8fHw0MDB4MzAw.jpg","large":"MmNmN2I1NjVkOTcyMmVlMDlhOTc5NTRlYmRmYmEwYzEP9_VXSKuW-UBDwfJLjn7PODk3ODM0LTc0MDMzODYuanBnfHx8fHx8fHx8fHw2NDB4NDgw.jpg"}]}},{"ad_id":"877900","reg_year":"2005","make":"Volvo","model":"S40","variant":"1.6 D S HI SPEC 60 MPG.","mileage":"110000","engine_size":"1.6","fuel_type":"Diesel","body_type":"Saloon","colour":"f0b800","location":"Meath","price":"\u20ac 6,445","images":{"base_url":"http:\/\/i0.carsie.ie\/","image_list":[{"thumb":"ZWIyYmQ1MjI1ZjRhOTY1OGY3YTExMTE0NTljODQzMTXuEzbrnvwuefJ4m6x9sIb2ODc3OTAwLTcxMTI4NDcuanBnfHx8fHx8OTJ4Njl8fHx8fA==.jpg","main":"Y2Y4ZDNiZTg1Nzk0YTQzZGY1YTM4MWQ4MGJkZTg4NzbJgHwNiVsRh7_tcpMujvFaODc3OTAwLTcxMTI4NDcuanBnfHx8fHx8fHx8fHw0MDB4MzAw.jpg","large":"MTVhOGJkOTVjMDAwYTdmMmEzNjg3YmZjNGFhZTYxMjjC90711B_ChoOeobhMkZSeODc3OTAwLTcxMTI4NDcuanBnfHx8fHx8fHx8fHw2NDB4NDgw.jpg"}]}},{"ad_id":"880231","reg_year":"2005","make":"Hyundai","model":"Tucson","variant":"2.0D 2WD 4DR","mileage":"96315","engine_size":"2.0","fuel_type":"Diesel","body_type":"SUV","colour":"000000","location":"Meath","price":"\u20ac 6,449","images":{"base_url":"http:\/\/i0.carsie.ie\/","image_list":[{"thumb":"ZWUwM2QwZGQ2NGI5MWE1NDc0MWIwNWJmNmFlYTczNWRArMKy-HVcACr2Dle-BS5iODgwMjMxLTcxNDkxNDQuanBnfHx8fHx8OTJ4Njl8fHx8fA==.jpg","main":"OTY2ZDE3ZGU1MTQyNGZiNTY3YmFjMGIxNDI2ODZlNTj7GeqrlDvpTS0NEPBuHHK4ODgwMjMxLTcxNDkxNDQuanBnfHx8fHx8fHx8fHw0MDB4MzAw.jpg","large":"NzJiNDM3ZjViNjkwMWRmNmM2MGRkZWY5OTBlNDUzMTnSDAI2HLCBgHcqEWctCgipODgwMjMxLTcxNDkxNDQuanBnfHx8fHx8fHx8fHw2NDB4NDgw.jpg"}]}},{"ad_id":"873298","reg_year":"2008","make":"Mitsubishi","model":"Colt","variant":"** FINANCE AVAILABLE **, ONE OWNER, CONVERTABLE, NCT JUN-14, TAXED, AS NEW, LOW MILES, ONLY 52k, \"\"MUST BE SEEN\"\", N4CARS. ie","mileage":"52000","engine_size":"1.5","fuel_type":"Petrol","body_type":null,"colour":"0000c0","location":"Dublin","price":"\u20ac 6,449","images":{"base_url":"http:\/\/i0.carsie.ie\/","image_list":[{"thumb":"N2E1ZjllZmU4ZTQ1YzQyNjU2MzFkZTlmZDdiMTQ5MjNONGBYOB4LBaNWfPu-Pcj9ODczMjk4LTcwODc2NzAuanBnfHx8fHx8OTJ4Njl8fHx8fA==.jpg","main":"Y2JjNTk1ZjI1MjQxMjJkNTMwY2U0NTE0ZDQ4OGI5NDXX8jrNCYwK4x3OuFd9Xu6qODczMjk4LTcwODc2NzAuanBnfHx8fHx8fHx8fHw0MDB4MzAw.jpg","large":"OTk3NDIxMGM4NzgwYjI4YWY3NjkzYjc3NmVlNGI4YWHilNq0VmMZNgiZ62y8tjoDODczMjk4LTcwODc2NzAuanBnfHx8fHx8fHx8fHw2NDB4NDgw.jpg"}]}},{"ad_id":"882404","reg_year":"2007","make":"Renault","model":"Clio","variant":"ONLY 24k MILES, ONE OWNER, NCT JUL-13, TAX MAR-13, 5DR, AS NEW, \"\"MUST BE SEEN\"\", N4CARS. ie","mileage":"24000","engine_size":"1.2","fuel_type":"Petrol","body_type":null,"colour":"e0e0e0","location":"Dublin","price":"\u20ac 6,449","images":{"base_url":"http:\/\/i0.carsie.ie\/","image_list":[{"thumb":"NzY1MTQ2MDU5NTIyYWZkMzZkODQwYzRlMzk0OTBjZDe5yNJbJVCPNW7jaoAZXCO7ODgyNDA0LTczMjc3NjYuanBnfHx8fHx8OTJ4Njl8fHx8fA==.jpg","main":"YmI5YTViNzVmYmZiYmFmYTMyNzZlNTkyYTk4OTc0MmFKNcF6QiEiaB0wklTHUsdPODgyNDA0LTczMjc3NjYuanBnfHx8fHx8fHx8fHw0MDB4MzAw.jpg","large":"MDcwZjZkYmY5M2UzOWVhZGJkNjE0ZDI0MzA1MDE2YjksOg6tJv5hO72TM_n9guI5ODgyNDA0LTczMjc3NjYuanBnfHx8fHx8fHx8fHw2NDB4NDgw.jpg"}]}},{"ad_id":"901058","reg_year":"2006","make":"Toyota","model":"Corolla","variant":"1.4 \/ HATCHBACK \/ NCT JUN-14 \/ TAXED \/ ONE VERY CAREFUL OWNER \/ AS NEW \/ \"\"MUST BE SEEN\"\" \/ www. N4CARS. ie","mileage":"96500","engine_size":"1.4","fuel_type":"Petrol","body_type":null,"colour":"000000","location":"Dublin","price":"\u20ac 6,449","images":{"base_url":"http:\/\/i0.carsie.ie\/","image_list":[{"thumb":"OGNkMjE0NjNkOGE4NDk1NzA5NWFjZDZkNWU4MWQ0MGPsWa7Ud1uyt35m6-wUJkpMOTAxMDU4LTc0MTYyMDcuanBnfHx8fHx8OTJ4Njl8fHx8fA==.jpg","main":"NzMzMDBhNjA2ZGU1ZWNhOGE1YWMyYTlhOTZkMTlmNDHx37deWvyxcKFLUp0oU-_2OTAxMDU4LTc0MTYyMDcuanBnfHx8fHx8fHx8fHw0MDB4MzAw.jpg","large":"MzY0MzkyZTYxMDYwNzRhZDkwMWQ5ZWQ2OTVmNmFkZTf1h4IIlTtncL2JO4jVNWnpOTAxMDU4LTc0MTYyMDcuanBnfHx8fHx8fHx8fHw2NDB4NDgw.jpg"}]}},{"ad_id":"867761","reg_year":"2006","make":"Alfa Romeo","model":"159","variant":"JTD Turismo","mileage":"90000","engine_size":"1.9","fuel_type":"Diesel","body_type":"Saloon","colour":"000000","location":"Longford","price":"\u20ac 6,450","images":{"base_url":"http:\/\/i0.carsie.ie\/","image_list":[{"thumb":"NWIwYzc4NjEyMTJjMjIxOGFkNTMzNTUwOWMyMGI2ZjkwFcosnRqEo-MLcONb73uCODY3NzYxLTY5OTQwMjguanBnfHx8fHx8OTJ4Njl8fHx8fA==.jpg","main":"ZDlmYjc1OWVhNzU2NjgzMmUxMjMwNDEzZDc5NmJlMjP9HDgK9Ip22Fq22Cl3AeWwODY3NzYxLTY5OTQwMjguanBnfHx8fHx8fHx8fHw0MDB4MzAw.jpg","large":"NGRmZTUxOWRjZmIwYjU2ZWQ1YzgwYTIzZTIwY2E2ZDIdXAX6cb63FFxEvmrTyzYlODY3NzYxLTY5OTQwMjguanBnfHx8fHx8fHx8fHw2NDB4NDgw.jpg"}]}},{"ad_id":"901251","reg_year":"2003","make":"Audi","model":"Allroad","variant":"TDi QUATTRO AUTOMATIC - LEATHER - SUNROOF - FSH - NCT '14","mileage":"116000","engine_size":"2.5","fuel_type":"Diesel","body_type":"Estate","colour":"000000","location":"Dublin","price":"\u20ac 6,450","images":{"base_url":"http:\/\/i0.carsie.ie\/","image_list":[{"thumb":"NThjNDFhMGM3M2I0MWIxYjBiOTUxYTc4YTUyZjg3NDEVBFDu0lKQn9fHviZX5kKhOTAxMjUxLTc0MTc4MTUuanBnfHx8fHx8OTJ4Njl8fHx8fA==.jpg","main":"ZjhmMjc4YWE2YzdiNTY2NzI5YjJlZTcyMWZlMDQ2MjCD5DcKgF9E4o9Vm8CyV3mtOTAxMjUxLTc0MTc4MTUuanBnfHx8fHx8fHx8fHw0MDB4MzAw.jpg","large":"ZTk3MjYwZjBiNDAwNjczNDIyNTQ3Y2Y1ZmFlOWViOWM2bTIwIVC_O4o2lHCKV_cfOTAxMjUxLTc0MTc4MTUuanBnfHx8fHx8fHx8fHw2NDB4NDgw.jpg"}]}},{"ad_id":"901161","reg_year":"2002","make":"Audi","model":"TT","variant":"Quattro 225 B. H. P","mileage":"106194","engine_size":"1.8","fuel_type":"Petrol","body_type":"Coupe","colour":"e0e0e0","location":"Cavan","price":"\u20ac 6,450","images":{"base_url":"http:\/\/i0.carsie.ie\/","image_list":[{"thumb":"ZjhhYTBlNDdhYWQyY2RhY2Q2YmM5OTkwOWNjNzgzMWFLWul5UwKy-T7dCFC_FhVUOTAxMTYxLTc0MTY2NjUuanBnfHx8fHx8OTJ4Njl8fHx8fA==.jpg","main":"MzY5OTI4ODhkNWExMzhkZjVhMTdiZjkzMWZiNzI3ODcqwE8_Que_UdoKEI7KvIiJOTAxMTYxLTc0MTY2NjUuanBnfHx8fHx8fHx8fHw0MDB4MzAw.jpg","large":"Mjk1M2YwNzk3MjQwNDUxOGFlZDQzY2I3YzU2YWY5ZmLd8w4T4uvRiAIpF9SSmcWMOTAxMTYxLTc0MTY2NjUuanBnfHx8fHx8fHx8fHw2NDB4NDgw.jpg"}]}},{"ad_id":"900527","reg_year":"2005","make":"BMW","model":"3 Series","variant":"318CI","mileage":"67000","engine_size":"2.0","fuel_type":"Petrol","body_type":"Coupe","colour":"000000","location":"Dublin","price":"\u20ac 6,450","images":{"base_url":"http:\/\/i0.carsie.ie\/","image_list":[{"thumb":"ZWJmMGZkNjkwNTViZmQ4ZWQyYjljMWMwNDc4YWY1MmRtzCs8DWCH4L9pGem-RzDkOTAwNTI3LTc0MDE5MTEuanBnfHx8fHx8OTJ4Njl8fHx8fA==.jpg","main":"YzgxZTM2ZWI1NmQ4NTljN2UyY2I3MzFiYWFhNGQ4ZDcHovjVEomo-YacM_zzEiHIOTAwNTI3LTc0MDE5MTEuanBnfHx8fHx8fHx8fHw0MDB4MzAw.jpg","large":"ZTFlM2Y0N2QwODVkYzU5NzE3MjFlMjc3YTMyZjIwYjQvhT6HKN1EZYy4OH0D2YoEOTAwNTI3LTc0MDE5MTEuanBnfHx8fHx8fHx8fHw2NDB4NDgw.jpg"}]}},{"ad_id":"866257","reg_year":"2004","make":"BMW","model":"3 Series","variant":"320 (E46) D SE 150BHP 04DR","mileage":"104000","engine_size":"2.0","fuel_type":"Diesel","body_type":"Saloon","colour":"858585","location":"Laois","price":"\u20ac 6,450","images":{"base_url":"http:\/\/i0.carsie.ie\/","image_list":[{"thumb":"ZjZhODg0YjljNDM0NjQxOWQ5MzY1M2FhOThkZjFmMjFEd8WoNc8yQIA-9Qlro1eeODY2MjU3LTcyMDA5ODguanBnfHx8fHx8OTJ4Njl8fHx8fA==.jpg","main":"OTAzMmVhMjQ4Y2Q4MDlkN2M4MTJkNDkyYTRjZGNmODJe65R_3o8hnL-T9hMblTrrODY2MjU3LTcyMDA5ODguanBnfHx8fHx8fHx8fHw0MDB4MzAw.jpg","large":"MDg5OGNkYmNlMDQ3NDhlNTYzMmQwOTQ1OWNiMDc2ODerHm9GNEg3bZX8jJllp519ODY2MjU3LTcyMDA5ODguanBnfHx8fHx8fHx8fHw2NDB4NDgw.jpg"}]}},{"ad_id":"896501","reg_year":"2005","make":"BMW","model":"318","variant":"D Base Saloon EU72 4DR","mileage":"119500","engine_size":"2.0","fuel_type":"Diesel","body_type":"Saloon","colour":"e0e0e0","location":"Cork","price":"\u20ac 6,450","images":{"base_url":"http:\/\/i0.carsie.ie\/","image_list":[{"thumb":"YTNhNmI5ODZmNzI1OWMwMjVhNDFkY2EyZWRiODBjZjfGFl3IZGb4CHWlAu7ZnzTmODk2NTAxLTczNDI4NjUuanBnfHx8fHx8OTJ4Njl8fHx8fA==.jpg","main":"ZDg1ZGExODBhOWRhYmJkZmY0Y2Y5ODc2NGJmMDk2MjISGObqbMFe-IZ7kDnFibN4ODk2NTAxLTczNDI4NjUuanBnfHx8fHx8fHx8fHw0MDB4MzAw.jpg","large":"MTMyYzY0NWVmODFkMzliZGU4ZTQ4YTRiMzM0YjAyNzQHCDMxn7cpK7prKkUIZ3qcODk2NTAxLTczNDI4NjUuanBnfHx8fHx8fHx8fHw2NDB4NDgw.jpg"}]}},{"ad_id":"890311","reg_year":"2004","make":"BMW","model":"318","variant":"318 M SPORT AUTO COUPE Tax 6\/13 only 53k","mileage":"54000","engine_size":"2.0","fuel_type":"Petrol","body_type":"Coupe","colour":"e0e0e0","location":"Dublin","price":"\u20ac 6,450","images":{"base_url":"http:\/\/i0.carsie.ie\/","image_list":[{"thumb":"NTVlZmE2YTE1OWFhOWFjZmNkNjRkMjlhMjBkN2U3NmJ0oRzA0yUHjFcKeYVjsbfyODkwMzExLTcyNDY4MDUuanBnfHx8fHx8OTJ4Njl8fHx8fA==.jpg","main":"NzI1YTc1NGRkZjhlOTk0M2E3ZDYzNmVjNTk2NTRkZGQvMF4JVfKO9o5XlVeSAvpNODkwMzExLTcyNDY4MDUuanBnfHx8fHx8fHx8fHw0MDB4MzAw.jpg","large":"YWUxZmY4YzY1ZTQ3NGNiODBmZjVlZDU3YTVmN2VkZGPUTYiDJ_0Say7BLs1tEiMbODkwMzExLTcyNDY4MDUuanBnfHx8fHx8fHx8fHw2NDB4NDgw.jpg"}]}},{"ad_id":"899390","reg_year":"2003","make":"BMW","model":"325","variant":"","mileage":"81000","engine_size":"2.5","fuel_type":"Petrol","body_type":"Cabriolet \/ Convertible","colour":"858585","location":"Dublin","price":"\u20ac 6,450","images":{"base_url":"http:\/\/i0.carsie.ie\/","image_list":[{"thumb":"ODZiYWY1ZTYzMGFiOGQ3NzViMGRlYjM4OGIzNTk3OTKREqxVXx06DbLHx8LEy_6zODk5MzkwLTczNzcxOTMuanBnfHx8fHx8OTJ4Njl8fHx8fA==.jpg","main":"ZTgzZTkzZTQ5YTAzNGM5MzBmNjU3NWQ1ZjBhMzJlN2EH2mZWZOuetMSOV3uCsEhdODk5MzkwLTczNzcxOTMuanBnfHx8fHx8fHx8fHw0MDB4MzAw.jpg","large":"MjQzYmJiMDQwZmI0ZmY3MTdlMjRjY2IzNTQ3NjNmZGXhKU7gaKQOD1NHFGsaZ4twODk5MzkwLTczNzcxOTMuanBnfHx8fHx8fHx8fHw2NDB4NDgw.jpg"}]}}]}