{"total":"23408","result":[{"ad_id":"775407","reg_year":"1998","make":"Ford","model":"Fiesta","variant":"Flight","mileage":"127384","engine_size":"1.2","fuel_type":"Petrol","body_type":"Hatchback","colour":"ff0000","location":"Cork","price":"\u20ac 1,095","images":{"base_url":"http:\/\/i0.carsie.ie\/","image_list":[{"thumb":"MzM2MWM4NzdjMzYzMDk1NDM3MjA4Y2UzNDU2NTI2NzRxTGggfG7D23J6SamN36B_Nzc1NDA3LTYxODAwNTQuanBnfHx8fHx8OTJ4Njl8fHx8fA==.jpg","main":"YjE2ZWNlNDI4YzAxZmQzYjUzOTI1ZDkwMGQ2YzdkOGOkOpwZP5H2NAX4iamSgVw5Nzc1NDA3LTYxODAwNTQuanBnfHx8fHx8fHx8fHw0MDB4MzAw.jpg","large":"YTZmYWY4MGM2MmY0Mzg1YjQ5YzA3MTMwZDZkZmY5YjAe02M_C2urW7CXvKp0CvbHNzc1NDA3LTYxODAwNTQuanBnfHx8fHx8fHx8fHw2NDB4NDgw.jpg"}]}},{"ad_id":"892288","reg_year":"1997","make":"Volkswagen","model":"Golf","variant":"CL 1.4","mileage":"103000","engine_size":"1.4","fuel_type":"Petrol","body_type":"Hatchback","colour":"ff0000","location":"Dublin","price":"\u20ac 1,095","images":{"base_url":"http:\/\/i0.carsie.ie\/","image_list":[{"thumb":"ZDQ5ZjQ3NGM5ZDAwOTlmNWM3NmZjZTdhOGZhOWEwMmU4dBGMQEI6iPYHYtJ92iIAODkyMjg4LTcyNzEzMDMuanBnfHx8fHx8OTJ4Njl8fHx8fA==.jpg","main":"OTA5N2FhZDU3YzZkNDE3MWYzMTNjYTZiNWY0NDg2YWb4Oyv9f5XS8ox_2zhsuCGjODkyMjg4LTcyNzEzMDMuanBnfHx8fHx8fHx8fHw0MDB4MzAw.jpg","large":"NWJkYTg0NDk0NDAzYjgxOGM2Y2ZkYjEyZDA0MmVhNDGb7xmGvRkbfQYlZZYG2jNUODkyMjg4LTcyNzEzMDMuanBnfHx8fHx8fHx8fHw2NDB4NDgw.jpg"}]}},{"ad_id":"902123","reg_year":"2002","make":"Fiat","model":"Seicento","variant":"1100","mileage":"48000","engine_size":"1.1","fuel_type":"Petrol","body_type":"Hatchback","colour":"ff0000","location":"Dublin","price":"\u20ac 1,100","images":{"base_url":"http:\/\/i0.carsie.ie\/","image_list":[{"thumb":"ZGNjZTlkNjE5MTcxZDEyNmQ2MjFmNmM0NTMwZDcxMGb9yrHYEFNFBuKhbnetrgwBOTAyMTIzLTc0MjgzODMuanBnfHx8fHx8OTJ4Njl8fHx8fA==.jpg","main":"N2ZkZGVkNjZjMjBmYTg1YTAwZWNlZWJiZTBkZjdmNDF0opAxdXquBMcwRKyLdJCuOTAyMTIzLTc0MjgzODMuanBnfHx8fHx8fHx8fHw0MDB4MzAw.jpg","large":"YmE3YmUyZmEyZjE2ZjRiOWM1MjFlZTlhNzI3MWU3NjN5ngS5HtuGLgnz1QtIa9ByOTAyMTIzLTc0MjgzODMuanBnfHx8fHx8fHx8fHw2NDB4NDgw.jpg"}]}},{"ad_id":"839821","reg_year":"2000","make":"Fiat","model":"Seicento","variant":"899","mileage":"52465","engine_size":"under 1.0","fuel_type":"Petrol","body_type":"Hatchback","colour":"ff0000","location":"Kildare","price":"\u20ac 1,100","images":{"base_url":"http:\/\/i0.carsie.ie\/","image_list":[{"thumb":"MTU2YjViOTgyMDI0ZGFiMGJiN2I0ZDAwMDY0OTk0NTeQJ_14V63x546f5oMvvdtTODM5ODIxLTY2ODQwNDcuanBnfHx8fHx8OTJ4Njl8fHx8fA==.jpg","main":"YzU5ZTRjNWU3N2EyMGNjZDU3YjZkNDA3MzY4NGZlYTaH0ahmCYxRdglWbnAPEkmMODM5ODIxLTY2ODQwNDcuanBnfHx8fHx8fHx8fHw0MDB4MzAw.jpg","large":"Y2Y5MWI5MmVlYjc1OWQ1ZTQzZjEyOWUxNzJjOGM3YWIMTyOj2vIEqSDDgFnJ1stFODM5ODIxLTY2ODQwNDcuanBnfHx8fHx8fHx8fHw2NDB4NDgw.jpg"}]}},{"ad_id":"900975","reg_year":"1998","make":"Honda","model":"Civic","variant":"1.4i SRS","mileage":"97600","engine_size":"1.4","fuel_type":"Petrol","body_type":"Hatchback","colour":"0000c0","location":"Dublin","price":"\u20ac 1,100","images":{"base_url":"http:\/\/i0.carsie.ie\/","image_list":[{"thumb":"NmUyNzQxNjg3YzE0MTAxMDkzNjYxNzFhNDEwMjlkNGbibeMT4ZxUXgC2IexkTwnYOTAwOTc1LTc0MTQ2OTUuanBnfHx8fHx8OTJ4Njl8fHx8fA==.jpg","main":"ZjZiZjY0YWIwNDgyZWMzZjY5NGYzMWVlNGI5NDBlNGPF_LpIEyQefIrlXbt0N4QyOTAwOTc1LTc0MTQ2OTUuanBnfHx8fHx8fHx8fHw0MDB4MzAw.jpg","large":"NzhlOTBlYWIxMjJkNTU4NGYxYmUxOGQ4NGNmYzM1ZTKw8ZY7McmuGT1PqCAM0dr1OTAwOTc1LTc0MTQ2OTUuanBnfHx8fHx8fHx8fHw2NDB4NDgw.jpg"}]}},{"ad_id":"897969","reg_year":"2001","make":"Nissan","model":"Almera","variant":"1.5","mileage":"160000","engine_size":"1.5","fuel_type":"Petrol","body_type":"Saloon","colour":"e0e0e0","location":"Limerick","price":"\u20ac 1,100","images":{"base_url":"http:\/\/i0.carsie.ie\/","image_list":[{"thumb":"MDU4OTgyOTkxNzY5MmRhZWFjMjE2YTE4YzIxMWU5NDUSnKWZUj4O90c_MUpD8SyNODk3OTY5LTczNjAxOTguanBnfHx8fHx8OTJ4Njl8fHx8fA==.jpg","main":"M2Y0OWQ5OWUyZDY0MmI4NzAyOTNkYTNiMTJhNTU0M2JLvHAqeYmca91pB6jhtEVdODk3OTY5LTczNjAxOTguanBnfHx8fHx8fHx8fHw0MDB4MzAw.jpg","large":"YjhlNWQ2YzFlOGYzYTkxMzFlMzc2YTFkYTI1MjFkNGSSMzPKdpxcBOXr2S3HL-nnODk3OTY5LTczNjAxOTguanBnfHx8fHx8fHx8fHw2NDB4NDgw.jpg"}]}},{"ad_id":"852059","reg_year":"1999","make":"Nissan","model":"Micra","variant":"1.0 GX","mileage":"116000","engine_size":"1.0","fuel_type":"Petrol","body_type":"Hatchback","colour":"008000","location":"Dublin","price":"\u20ac 1,100","images":{"base_url":"http:\/\/i0.carsie.ie\/","image_list":[{"thumb":"OTQwNzU2OGRkNWM0MTBlNGM2OGNkMTUwOWEwZjM5NGGne0-DL1kDaMziFhXJ6sjMODUyMDU5LTY4MTk3ODkuanBnfHx8fHx8OTJ4Njl8fHx8fA==.jpg","main":"ZDY5ZTQ1M2JlZGY5MWM5ODE0NmZmMjRjOGI2MjE1NjEBW8NDlS1J-Y-peiGRhgZpODUyMDU5LTY4MTk3ODkuanBnfHx8fHx8fHx8fHw0MDB4MzAw.jpg","large":"YWUzNmMyYzZkOWIwZGMyNGMxOTFlODhiNmY2MzM1NDNeF85Oh8uLQBpKGUXuKxJLODUyMDU5LTY4MTk3ODkuanBnfHx8fHx8fHx8fHw2NDB4NDgw.jpg"}]}},{"ad_id":"858332","reg_year":"2001","make":"Nissan","model":"Primera","variant":"1.6","mileage":"85000","engine_size":"1.6","fuel_type":"Petrol","body_type":"Hatchback","colour":"e0e0e0","location":"Dublin","price":"\u20ac 1,100","images":{"base_url":"http:\/\/i0.carsie.ie\/","image_list":[{"thumb":"YTg2MjM2Mzc5ZDQzYzU3YjM2NjdlMWI1YmU2YzZhMWLXCGRd7EJi7scLOzKuzhK3ODU4MzMyLTY4OTA4NDguanBnfHx8fHx8OTJ4Njl8fHx8fA==.jpg","main":"ZWIyNTAwNWYwOWU5YmM0NzVjNWJiM2RkMDVhZWUxMjfVdWomW_Id-GmUOPhQLzn5ODU4MzMyLTY4OTA4NDguanBnfHx8fHx8fHx8fHw0MDB4MzAw.jpg","large":"OGNhOTUxMDY3OTUxNzI5ZGI4NzRmNmI4NWJhZDliMWT3qRA1gIKbdkhCwcBTMjzaODU4MzMyLTY4OTA4NDguanBnfHx8fHx8fHx8fHw2NDB4NDgw.jpg"}]}},{"ad_id":"892136","reg_year":"1999","make":"Opel","model":"Corsa","variant":"1.0 VIVA","mileage":"70000","engine_size":"1.0","fuel_type":"Petrol","body_type":"Hatchback","colour":"0000c0","location":"Dublin","price":"\u20ac 1,100","images":{"base_url":"http:\/\/i0.carsie.ie\/","image_list":[{"thumb":"YzhkNzYwNTgwZTEwZWQ1YTg1MTAzMjM0ZjViNjI3ZDF7Pf15uCc6nBKCxNZ7WbNEODkyMTM2LTcyNjk3NjUuanBnfHx8fHx8OTJ4Njl8fHx8fA==.jpg","main":"ZDQyODFiOWQyZWYxMTdlMDVkNDExYWU1MzhjYjY2ZWa6oEyabzMuc5dMIqz2b3VLODkyMTM2LTcyNjk3NjUuanBnfHx8fHx8fHx8fHw0MDB4MzAw.jpg","large":"ZTQzOTdkNGYxYzk5ZmUwMWRkODc5YzEzNWVmZTgwMWMJv2SEqEcbSQe6VXN5sbjfODkyMTM2LTcyNjk3NjUuanBnfHx8fHx8fHx8fHw2NDB4NDgw.jpg"}]}},{"ad_id":"899973","reg_year":"2005","make":"Renault","model":"Kangoo","variant":"Engine needs attention sliding door diesel 1.5 DCi Diesel","mileage":"115000","engine_size":"1.5","fuel_type":"Diesel","body_type":"Van","colour":"ffffff","location":"Dublin","price":"\u20ac 1,100","images":{"base_url":"http:\/\/i0.carsie.ie\/","image_list":[{"thumb":"MmE1MDUxOWE1NjllZjllMzIxYmRiM2ZiYTlkYTI1MzIsSDB0cK0Nq3Sk8Vse_Rq8ODk5OTczLTczODM0MjQuanBnfHx8fHx8OTJ4Njl8fHx8fA==.jpg","main":"NjMzMDllN2NkYzk1ZmQwZTFiNTdjMjczZTA1M2Q4YmaOiuSmZ7XsA-SxR8O2rKAPODk5OTczLTczODM0MjQuanBnfHx8fHx8fHx8fHw0MDB4MzAw.jpg","large":"MmYxNzQxMTJkYmUwNWRjOTdhZjdlN2I1YmM5OWQxNWHf96XjxWDGt1KzMvXLEkz-ODk5OTczLTczODM0MjQuanBnfHx8fHx8fHx8fHw2NDB4NDgw.jpg"}]}},{"ad_id":"896683","reg_year":"2000","make":"Toyota","model":"Corolla","variant":"Terra 1.4","mileage":"107000","engine_size":"1.4","fuel_type":"Petrol","body_type":"Hatchback","colour":"008000","location":"Dublin","price":"\u20ac 1,100","images":{"base_url":"http:\/\/i0.carsie.ie\/","image_list":[{"thumb":"ODljYmVjZjI0ZjZkMmEwNjhmMjU5ZmIyNGVjNmI4Yzl0_CK7d-uLCoQExYcqXYSjODk2NjgzLTczNDU2MzUuanBnfHx8fHx8OTJ4Njl8fHx8fA==.jpg","main":"ZDgxMjdjOTlhZTU3MzkzMmI5NTdkZTFkMTkxYjhlZWOxWTiYN_BljoTM8UVN6MdmODk2NjgzLTczNDU2MzUuanBnfHx8fHx8fHx8fHw0MDB4MzAw.jpg","large":"ODkyYjE5OTdhMWMxNTM1MzlkOWY4NTQxYmU4MmIzNjWyW_tI2ZjH7ucmNFmtOpgoODk2NjgzLTczNDU2MzUuanBnfHx8fHx8fHx8fHw2NDB4NDgw.jpg"}]}},{"ad_id":"892639","reg_year":"2000","make":"Toyota","model":"Corolla","variant":null,"mileage":"213243","engine_size":"1.4","fuel_type":"Petrol","body_type":"Saloon","colour":"e0e0e0","location":"Tipperary","price":"\u20ac 1,100","images":{"base_url":"http:\/\/i0.carsie.ie\/","image_list":[{"thumb":"NDI2NjAyMzgwZDM0YWNkYzdkNjFhOTQ4M2JkM2EyNjLckGnA7JNKid5SQBIztI3MODkyNjM5LTcyNzQ0MzMuanBnfHx8fHx8OTJ4Njl8fHx8fA==.jpg","main":"ZGZlODkzZWI2MTdlYWQ3MWQ3OWIyMWFmOTM2MTI5NDF7DvLLK8s5DkSEHxoT_N1mODkyNjM5LTcyNzQ0MzMuanBnfHx8fHx8fHx8fHw0MDB4MzAw.jpg","large":"NzNmZmM5NjI0MzA1OTZmZWFlNjUwNzA3MDUzYWMzMzZ2G_cIP3q2U_w_opXFS1Z5ODkyNjM5LTcyNzQ0MzMuanBnfHx8fHx8fHx8fHw2NDB4NDgw.jpg"}]}},{"ad_id":"829052","reg_year":"2001","make":"Volkswagen","model":"Polo","variant":"1.4 SAL 4D . SOLD. SOLD","mileage":"95000","engine_size":"1.4","fuel_type":"Petrol","body_type":"Saloon","colour":"858585","location":"Cork","price":"\u20ac 1,100","images":{"base_url":"http:\/\/i0.carsie.ie\/","image_list":[{"thumb":"ZTFkZDVhMzAyZTRkYjZjMzMyMDcyZTZhN2E2YzlmNmTqen56xfNlOu6MSZqixKMAODI5MDUyLTY1NjM4OTQuanBnfHx8fHx8OTJ4Njl8fHx8fA==.jpg","main":"ZmFmOTU3OGU1MjRjOWZjYTg0MGE3NmFiNDA1ZTUwYTgiWAYoBChhKeKgmkEefdR4ODI5MDUyLTY1NjM4OTQuanBnfHx8fHx8fHx8fHw0MDB4MzAw.jpg","large":"OTgwOTUyZDZiODE1YjA4ZmQyNGQ2MTQwMTQyNDNkYzjogvuZAIpAJbzlABzov-7YODI5MDUyLTY1NjM4OTQuanBnfHx8fHx8fHx8fHw2NDB4NDgw.jpg"}]}},{"ad_id":"505772","reg_year":"1992","make":"Nissan","model":"Figaro","variant":"","mileage":"41010","engine_size":"1.0","fuel_type":"Petrol","body_type":"Hatchback","colour":"858585","location":"Meath","price":"\u20ac 1,111","images":{"base_url":"http:\/\/i0.carsie.ie\/","image_list":[{"thumb":"MjM3MzllNDc2OGE4ZjE2NTg1NDU1MWEyNzExN2NlOWT2R5BXcQSnSX4VsBfiStPuNTA1NzcyLS5qcGd8fHx8fHw5Mng2OXx8fHx8.jpg","main":"MTg0YmU0OTY2Y2E1N2EzYjM5NWUxODYzMzAwZDllNzdpW_FysOj6Sc4N2-5e7U-zNTA1NzcyLS5qcGd8fHx8fHx8fHx8fDQwMHgzMDA=.jpg","large":"ZWZhZDNiZDg0YmIzY2ZmMzRiOTgyMzJkMjdmMDJkOGPWDfreCwUNtpbSZhCrLeCdNTA1NzcyLS5qcGd8fHx8fHx8fHx8fDY0MHg0ODA=.jpg"}]}},{"ad_id":"719461","reg_year":"1997","make":"Renault","model":"Clio","variant":"1.2","mileage":"100000","engine_size":"1.2","fuel_type":"Petrol","body_type":"Hatchback","colour":"ff0000","location":"Cork","price":"\u20ac 1,145","images":{"base_url":"http:\/\/i0.carsie.ie\/","image_list":[{"thumb":"MDQxYzE0YmE1ZjIxOGU3ZGQ5NTE4MjAyNWI3YWE0MjY-JcYWTOy2HR536IUmjuuMNzE5NDYxLTUxNjI5MzIuanBnfHx8fHx8OTJ4Njl8fHx8fA==.jpg","main":"ZmJiY2FiMDViYzcxZmE1NzRiODUwYjM1MjdhNDYwNDSqEW1qgurU2qSw9LJG4z5nNzE5NDYxLTUxNjI5MzIuanBnfHx8fHx8fHx8fHw0MDB4MzAw.jpg","large":"NTU2MTU1Y2NhNjE2NzM5Y2MxNjA0MGE1ZDRmZTFkZDE3Nhv2gqpp8UqAAvu85FJsNzE5NDYxLTUxNjI5MzIuanBnfHx8fHx8fHx8fHw2NDB4NDgw.jpg"}]}},{"ad_id":"891801","reg_year":"2003","make":"Alfa Romeo","model":"156","variant":"MY","mileage":"","engine_size":"1.7","fuel_type":"Petrol","body_type":"SUV","colour":"000000","location":"Dublin","price":"\u20ac 1,150","images":{"base_url":"http:\/\/i0.carsie.ie\/","image_list":[{"thumb":"NDAzMzNmMjlkMzg4ZGVjNTM2NDcwNTU3OGM3NTBjMTiGSOlsPAeQPbtaCB5jYd-eODkxODAxLTcyNjcxMzQuanBnfHx8fHx8OTJ4Njl8fHx8fA==.jpg","main":"NzYwNDU5NGIyMDY1Y2Q2YjU3MWNkMDE4Mzg4ZTUxNjPVloisI4feCZadNaavhnJvODkxODAxLTcyNjcxMzQuanBnfHx8fHx8fHx8fHw0MDB4MzAw.jpg","large":"NTA4YzI2ZjQxNmY2YzBmYWViYzk2YjllMTBlMzg2N2Wjn6KqCIvS-02c8uO9tbQQODkxODAxLTcyNjcxMzQuanBnfHx8fHx8fHx8fHw2NDB4NDgw.jpg"}]}},{"ad_id":"889097","reg_year":"1998","make":"BMW","model":"318","variant":"318 I SE","mileage":"172000","engine_size":"1.8","fuel_type":"Petrol","body_type":"Hatchback","colour":"0000c0","location":"Cork","price":"\u20ac 1,150","images":{"base_url":"http:\/\/i0.carsie.ie\/","image_list":[{"thumb":"MGFhZjhiNDhkNTdiMmFhZDYyNWU1ZWU0NGNmNmJlMmGiA4e3mIkp3_7YvUHr4HP2ODg5MDk3LTcyNDEzMjguanBnfHx8fHx8OTJ4Njl8fHx8fA==.jpg","main":"NGUyYmMxZGU1NGVjNzAxYjUzNWQ4NmMxZGQ2NjhmYjUxiEVfOe8EZF5jBsB7Y08-ODg5MDk3LTcyNDEzMjguanBnfHx8fHx8fHx8fHw0MDB4MzAw.jpg","large":"NjNmMTRiMDg4NDI5YjZiYjY5YmQzNDA0NjM4NThlOTdaUqy-Wt4llKP0SUfJ1vkxODg5MDk3LTcyNDEzMjguanBnfHx8fHx8fHx8fHw2NDB4NDgw.jpg"}]}},{"ad_id":"708409","reg_year":"2001","make":"Daewoo","model":"Leganza","variant":"2.0 CDX","mileage":"87000","engine_size":"2.0","fuel_type":"Petrol","body_type":"Saloon","colour":"0000c0","location":"Dublin","price":"\u20ac 1,150","images":{"base_url":"http:\/\/i0.carsie.ie\/","image_list":[{"thumb":"N2QzNGM0OTFiZGFiMDgyODY4YmNjOWM5YTVmNDY3ZjFT9fftcjs1A06gOZslHUzINzA4NDA5LTUwMTQ2NTMuanBnfHx8fHx8OTJ4Njl8fHx8fA==.jpg","main":"YzFiYjgwNDg2MmNkMjNkZDI4YmVjYWFlN2RjY2EwMmKct68X6XX9Y6ys5bPSXDZYNzA4NDA5LTUwMTQ2NTMuanBnfHx8fHx8fHx8fHw0MDB4MzAw.jpg","large":"NmQ1NmViNTc3OWFkOTYzMDBiNjBkMDYyNzE4MzJkNje6pN4u2zHHC_aG4lOvXcWfNzA4NDA5LTUwMTQ2NTMuanBnfHx8fHx8fHx8fHw2NDB4NDgw.jpg"}]}},{"ad_id":"899687","reg_year":"1999","make":"Ford","model":"Fiesta","variant":"1.25 Ghia Oomy","mileage":"72000","engine_size":"1.2","fuel_type":"Petrol","body_type":"Hatchback","colour":"e0e0e0","location":"Dublin","price":"\u20ac 1,150","images":{"base_url":"http:\/\/i0.carsie.ie\/","image_list":[{"thumb":"NjNkYmM5ZTRmZGJmMWQxMzViY2FmMGUyMzAzZmEyNjIfq1vmmIl9_efHHH5ygIGPODk5Njg3LTczODExMDYuanBnfHx8fHx8OTJ4Njl8fHx8fA==.jpg","main":"MzlhNzc3Y2I2NzU3MGMwZmE5ZDQyNjlkZmNjNGE2YTde4-3ltgQbPGUviF3GJ0NvODk5Njg3LTczODExMDYuanBnfHx8fHx8fHx8fHw0MDB4MzAw.jpg","large":"MGIyMTA2YTBhOTViMzk0YTI3MWQ5NmQ4MzI3YzJkMDJqGaWxcvutKrVkT1Zo7PX5ODk5Njg3LTczODExMDYuanBnfHx8fHx8fHx8fHw2NDB4NDgw.jpg"}]}},{"ad_id":"846317","reg_year":"1998","make":"Mercedes-Benz","model":"240","variant":"E-Class","mileage":"111000","engine_size":"2.4","fuel_type":"Petrol","body_type":"Saloon","colour":"e0e0e0","location":"Cork","price":"\u20ac 1,150","images":{"base_url":"http:\/\/i0.carsie.ie\/","image_list":[{"thumb":"MTI2Y2E4ZGUwY2VlNGQzMDhlMjVkNzhmY2JlMmI1ZGY9ZK23sP5dJt-_LiuC60cxODQ2MzE3LTY3NTc3MTkuanBnfHx8fHx8OTJ4Njl8fHx8fA==.jpg","main":"ZDhhMzRlMDIwNjY0MzAxODZhZDQ2YzQzYmQxNDRkNTXQy_lXkGS3t_h0IkIxA5VjODQ2MzE3LTY3NTc3MTkuanBnfHx8fHx8fHx8fHw0MDB4MzAw.jpg","large":"NzY1MzhmZDMyN2EwZWI5OTQyNzM1YWYyNDcyZGYzOTZkZI5oSbPb-sW2Iy2TQsHEODQ2MzE3LTY3NTc3MTkuanBnfHx8fHx8fHx8fHw2NDB4NDgw.jpg"}]}}]}