{"total":"23408","result":[{"ad_id":"897710","reg_year":"2007","make":"Volkswagen","model":"Golf","variant":"1.4 Sport 80BH","mileage":"89000","engine_size":"1.4","fuel_type":"Petrol","body_type":"Hatchback","colour":"ff0000","location":"Dublin","price":"\u20ac 8,350","images":{"base_url":"http:\/\/i0.carsie.ie\/","image_list":[{"thumb":"NzA3MzdiNDdhNzM1NmY0NzdhNDg5OWZjN2EwOGRhZDjsBcy_9xgbUh0yIk9h1XUeODk3NzEwLTczNTcxNzMuanBnfHx8fHx8OTJ4Njl8fHx8fA==.jpg","main":"ZGZiNDY3NmEwZDk5OGRkZDFlNTlhODc4YTRjZjRjZjV2fSt_xk4Cc4t3oWWG6Ep2ODk3NzEwLTczNTcxNzMuanBnfHx8fHx8fHx8fHw0MDB4MzAw.jpg","large":"NmYxY2YyMjNjZWJhOGZmNWY0OGMyN2FlYjk2N2VmNzd5AjX3nUulSpchhJSlJJHLODk3NzEwLTczNTcxNzMuanBnfHx8fHx8fHx8fHw2NDB4NDgw.jpg"}]}},{"ad_id":"849148","reg_year":"2008","make":"Mazda","model":"Mazda6","variant":null,"mileage":"64623","engine_size":"1.8","fuel_type":"Petrol","body_type":null,"colour":"e0e0e0","location":"Wexford","price":"\u20ac 8,395","images":{"base_url":"http:\/\/i0.carsie.ie\/","image_list":[{"thumb":"ODZmMjFmZDIxZDhiZjI5OGFlM2MyYTQ0NDgyYWU3NmK_2ABMqlaASM1xHuaW23m5ODQ5MTQ4LTcwOTc3MDAuanBnfHx8fHx8OTJ4Njl8fHx8fA==.jpg","main":"ODFlMGNkYjc0NjEyMWE4NDNjYzY0YWYwZWRlYTFkY2UTBH-aHAZnymPky1s4YE4YODQ5MTQ4LTcwOTc3MDAuanBnfHx8fHx8fHx8fHw0MDB4MzAw.jpg","large":"YTExNTc5NTEwYWQ0ZDFhYzgwOTRmNWNkMDcyMWFlMmZB3NPn8alk-lbIPXpkTV9EODQ5MTQ4LTcwOTc3MDAuanBnfHx8fHx8fHx8fHw2NDB4NDgw.jpg"}]}},{"ad_id":"885716","reg_year":"2008","make":"Toyota","model":"Avensis","variant":"RC D4D Aura","mileage":"114335","engine_size":"2.0","fuel_type":"Diesel","body_type":"Saloon","colour":"0000c0","location":"Meath","price":"\u20ac 8,399","images":{"base_url":"http:\/\/i0.carsie.ie\/","image_list":[{"thumb":"MjA0YTc1N2EwZTE3YWVkNzcyMDA0M2QyMTE5OTIyMGPwxp9RtB3oywkuYNzU8ZgQODg1NzE2LTcyMDc3MDUuanBnfHx8fHx8OTJ4Njl8fHx8fA==.jpg","main":"MGI5N2RlMWVkNmNhMmNlNzkyOGQzYWY1NTAwNmEzYTAIiaBNHXh1xiIbLovidS4-ODg1NzE2LTcyMDc3MDUuanBnfHx8fHx8fHx8fHw0MDB4MzAw.jpg","large":"MWU1YzY4NDJjYjU3ZGI5ODVlMmQ0ZDU0NDQ2YmE1ODDcrzito7fAAlchprULTP12ODg1NzE2LTcyMDc3MDUuanBnfHx8fHx8fHx8fHw2NDB4NDgw.jpg"}]}},{"ad_id":"884676","reg_year":"2008","make":"Ford","model":"Focus","variant":"DIESEL 1.6 STYLE HATCHBACK \/ NEW NCT 214 \/ LOW TAX RATE \/ TRADE-INS WELCOME \/ CALL 086-8055412 ANYTIME","mileage":"123000","engine_size":"1.6","fuel_type":"Diesel","body_type":"Hatchback","colour":"000000","location":"Dublin","price":"\u20ac 8,400","images":{"base_url":"http:\/\/i0.carsie.ie\/","image_list":[{"thumb":"ZDU3YWZmNzM1N2UzNGJmNTJlZTMxNWU1ZGNmOTM3ODIfuUzwxG7w3-ekZWpkedPLODg0Njc2LTcxOTgwMDMuanBnfHx8fHx8OTJ4Njl8fHx8fA==.jpg","main":"NjE2NzAwNDkzODBkNTJiOGEwNzc3MzZiOGUxMjk2Y2WdiqNpeNIsnGi2AeSNSxBHODg0Njc2LTcxOTgwMDMuanBnfHx8fHx8fHx8fHw0MDB4MzAw.jpg","large":"YjA4MDU1NTIxZTM0OTczMDUxYTQ4MGM3YmZkOWQ5YzY04ChET16xn2zIctz1FcC2ODg0Njc2LTcxOTgwMDMuanBnfHx8fHx8fHx8fHw2NDB4NDgw.jpg"}]}},{"ad_id":"901465","reg_year":"2007","make":"Ford","model":"Mondeo","variant":"4dr LX 1.6 5SPEED","mileage":"39767","engine_size":"1.6","fuel_type":"Petrol","body_type":"Saloon","colour":"e0e0e0","location":"Cork","price":"\u20ac 8,400","images":{"base_url":"http:\/\/i0.carsie.ie\/","image_list":[{"thumb":"ZWE2ZTM0ODhlZGRkNGQxNzZjNDRjMTBkNDQyN2U2MTRx2Sc76C_-b3g127js6419OTAxNDY1LTc0MjYxMTUuanBnfHx8fHx8OTJ4Njl8fHx8fA==.jpg","main":"ZjM3ZjlkZGQ1MzFkMGIzNzlkNzgwNTg4MjUzOGViZDR_J98gknx2HwURSU9gs95DOTAxNDY1LTc0MjYxMTUuanBnfHx8fHx8fHx8fHw0MDB4MzAw.jpg","large":"MzVhMTQ3OWU5ODJhNmJjZmU1NTdiOTRkNzdhM2M0YzLYP9csqiruDNzcS71YB6A-OTAxNDY1LTc0MjYxMTUuanBnfHx8fHx8fHx8fHw2NDB4NDgw.jpg"}]}},{"ad_id":"891207","reg_year":"2006","make":"Hyundai","model":"Santa Fe","variant":"7 seater ","mileage":"111849","engine_size":"2.2","fuel_type":"Diesel","body_type":"SUV","colour":"0000c0","location":"Kildare","price":"\u20ac 8,400","images":{"base_url":"http:\/\/i0.carsie.ie\/","image_list":[{"thumb":"YWYwNmI4N2ExMTQ3OGYwZTBiZTU3MmRlYjcwNTMxYjnVvvujOmfpbD2N_TYBUrAjODkxMjA3LTcyNjE1NDUuanBnfHx8fHx8OTJ4Njl8fHx8fA==.jpg","main":"MTdmOWUyZTUzOGE0MjA2NTcwYzViYTU0NjE1NmM0YWTCMMmKzL0YbcKGBv7pWiKuODkxMjA3LTcyNjE1NDUuanBnfHx8fHx8fHx8fHw0MDB4MzAw.jpg","large":"YTdjYWYyOGU5Y2IzYWIzMjM1N2QyYjg3ZWYzY2EzYjHgmEzHVMe7MVrSPYhxzWgyODkxMjA3LTcyNjE1NDUuanBnfHx8fHx8fHx8fHw2NDB4NDgw.jpg"}]}},{"ad_id":"896227","reg_year":"2006","make":"Nissan","model":"X-Trail","variant":"2.2DSL 5DR ELEGANCE","mileage":"95691","engine_size":"2.2","fuel_type":"Diesel","body_type":"SUV","colour":"e0e0e0","location":"Cork","price":"\u20ac 8,400","images":{"base_url":"http:\/\/i0.carsie.ie\/","image_list":[{"thumb":"NWJhOTg3MzI5YTA2NjQwNmQxMjM0MTkxM2Y1MWQyYTd5d1E6De7fw2HKkZDiGCKjODk2MjI3LTc0MjYwOTEuanBnfHx8fHx8OTJ4Njl8fHx8fA==.jpg","main":"NzU0NDc2Mzk2NjA3NDNlZTAyMGRkYjRkMDA1Mjc4ZTSx-CJrw5x0XC-5Aj_hJKKNODk2MjI3LTc0MjYwOTEuanBnfHx8fHx8fHx8fHw0MDB4MzAw.jpg","large":"NDJhODA1NTllODUxMmU1ZDVmODZjN2M5Nzc3ODdkOWP72U54UJFCfPAmmzzUajD0ODk2MjI3LTc0MjYwOTEuanBnfHx8fHx8fHx8fHw2NDB4NDgw.jpg"}]}},{"ad_id":"866064","reg_year":"2008","make":"Opel","model":"Corsa","variant":"diesel, 160tax, low miles, IMMACULATE","mileage":"35700","engine_size":"1.3","fuel_type":"Diesel","body_type":"Hatchback","colour":"858585","location":"Dublin","price":"\u20ac 8,400","images":{"base_url":"http:\/\/i0.carsie.ie\/","image_list":[{"thumb":"NGYyOTc4ZWY4NzI4OTljMGY4ODU2NWVkZDM3MzE2YWVdT8pti2Y3G5P6wCMG0v23ODY2MDY0LTY5NzQyMzEuanBnfHx8fHx8OTJ4Njl8fHx8fA==.jpg","main":"ZWY2Njg4OGQ1Y2VlMTMzMmI2YjJiN2ViZTUxYzYxN2NZYo48rxPIp0ivEBO3v3vXODY2MDY0LTY5NzQyMzEuanBnfHx8fHx8fHx8fHw0MDB4MzAw.jpg","large":"ZGRhYzliZWM1Yzk2YWFmNzg3MzIxYzExZGNkYmMwNjcfhw_JMNqHqe-BqKdU7_aRODY2MDY0LTY5NzQyMzEuanBnfHx8fHx8fHx8fHw2NDB4NDgw.jpg"}]}},{"ad_id":"880468","reg_year":"2007","make":"Renault","model":"Grand Scenic","variant":"1.6 Dynamique","mileage":"34176","engine_size":"1.6","fuel_type":"Petrol","body_type":"People Carrier","colour":"e0e0e0","location":"Dublin","price":"\u20ac 8,400","images":{"base_url":"http:\/\/i0.carsie.ie\/","image_list":[{"thumb":"ZjRkMmU4YzkyZjJkZjkyZjc4NGNkODY4OTMxZmQwMTXQyRc95h8WI9Jx8aPxIzAwODgwNDY4LTcxNDA2OTguanBnfHx8fHx8OTJ4Njl8fHx8fA==.jpg","main":"YzYwOTYzMDM5MDE1NTgxM2Q2OGVmYmQzY2U2OGI1NjZnHW5Iv-uqvbqwfZzfZwQ5ODgwNDY4LTcxNDA2OTguanBnfHx8fHx8fHx8fHw0MDB4MzAw.jpg","large":"NmZkMTQ3MmU3ZmE2OTZjNTUwYTUzNmU3ZjY0NGQwMDZodJYi2f9kawNQnoDb5r_-ODgwNDY4LTcxNDA2OTguanBnfHx8fHx8fHx8fHw2NDB4NDgw.jpg"}]}},{"ad_id":"854439","reg_year":"2007","make":"Vauxhall","model":"Zafira","variant":"1.9 Life Cdti 120BHP 5DR Auto","mileage":"96000","engine_size":"1.9","fuel_type":"Diesel","body_type":"People Carrier","colour":"e0e0e0","location":"Limerick","price":"\u20ac 8,400","images":{"base_url":"http:\/\/i0.carsie.ie\/","image_list":[{"thumb":"OGYwYjQxNzFmODdiYzBhMzIwNmUzMTdhOWY0ODAyODWCJ1VJlhvqtV7AfVr58EbiODU0NDM5LS5qcGd8fHx8fHw5Mng2OXx8fHx8.jpg","main":"ZjdlZTkzMjExZDEwZTFlYzMyZDM2OTdiMjM3NDBkODHANYJgtU2lUNYPV04EM6eGODU0NDM5LS5qcGd8fHx8fHx8fHx8fDQwMHgzMDA=.jpg","large":"YjI0OWFmNGMyZjMwN2FjOGI1YjcxNDBiZTFiZTY3MGLU4n93yAWv0jvpFzrmgnAdODU0NDM5LS5qcGd8fHx8fHx8fHx8fDY0MHg0ODA=.jpg"}]}},{"ad_id":"862793","reg_year":"2007","make":"Vauxhall","model":"Zafira","variant":"1.9 Life Cdti 120BHP 5DR Auto","mileage":"96000","engine_size":"1.9","fuel_type":"Diesel","body_type":"People Carrier","colour":"e0e0e0","location":"Tipperary","price":"\u20ac 8,400","images":{"base_url":"http:\/\/i0.carsie.ie\/","image_list":[{"thumb":"ODhkNDI0NmVjOGEwNjMyOTlhNDQ5N2NiYTY4ZDQ5MTjyDK9NRodRbhtU5QsSJVYvODYyNzkzLTY5MzM5NTcuanBnfHx8fHx8OTJ4Njl8fHx8fA==.jpg","main":"YmZkM2MyZTdjZThiZjEzODFjYWI3MDNhYTliNTU3MmGHCXaTvbQ-wuB4uSnwI4iQODYyNzkzLTY5MzM5NTcuanBnfHx8fHx8fHx8fHw0MDB4MzAw.jpg","large":"MTUyZTQwMWFlNjI4MDVlNTE4NzU3MzQ4OGM2MDlhNDQErcp4nYY9UfJ408l-wOCiODYyNzkzLTY5MzM5NTcuanBnfHx8fHx8fHx8fHw2NDB4NDgw.jpg"}]}},{"ad_id":"901761","reg_year":"2007","make":"Ford","model":"Focus","variant":"1.4 LX CONNECTION with ALLOYS - 385 TAX","mileage":"61517","engine_size":"1.4","fuel_type":"Petrol","body_type":"Hatchback","colour":"ff0000","location":"Dublin","price":"\u20ac 8,435","images":{"base_url":"http:\/\/i0.carsie.ie\/","image_list":[{"thumb":"N2FkYjU3ZTRjNTkyZWY1OTBmODYyYThlYmM4MGRiODIBKRoin0o_yoD81G_xMznNOTAxNzYxLTc0MjQzODAuanBnfHx8fHx8OTJ4Njl8fHx8fA==.jpg","main":"NWQwZjJkOThjZWY3YWVlNmY3YzRlOWU3YzBmZjQ5OWIXh3Mrw3_d7j99TNPQZDJ-OTAxNzYxLTc0MjQzODAuanBnfHx8fHx8fHx8fHw0MDB4MzAw.jpg","large":"YjZiNWE5OTVhZmRiNzdhN2JkZTIyNTJiZjliM2Q0NTb4pK57vIDC38l20BE99oX2OTAxNzYxLTc0MjQzODAuanBnfHx8fHx8fHx8fHw2NDB4NDgw.jpg"}]}},{"ad_id":"878047","reg_year":"2008","make":"Nissan","model":"Tiida","variant":"1.6 SVE 5dr - NCT 02\/2014","mileage":"19263","engine_size":"1.6","fuel_type":"Petrol","body_type":"Hatchback","colour":"e0e0e0","location":"Dublin","price":"\u20ac 8,435","images":{"base_url":"http:\/\/i0.carsie.ie\/","image_list":[{"thumb":"NDRmYWQ2MjM5MmE3MTk1YTM3ZWM5ZTczOTBmNzllZWM8MUEHMQE-3HjymUy6bauLODc4MDQ3LTczMjIxMDkuanBnfHx8fHx8OTJ4Njl8fHx8fA==.jpg","main":"ZDI2MGQ4ZmEwNTQxNDM0ODA2NzZlYmYwNmMyYjc0YTQVMa5rVjxJSNUQ04QlpdkvODc4MDQ3LTczMjIxMDkuanBnfHx8fHx8fHx8fHw0MDB4MzAw.jpg","large":"ZjVjM2FhNWQyNTIwYTE1ZmRiYTk4MmFmNDVhOTU3MGHD7bsjTc27XMkQPIj4uiFAODc4MDQ3LTczMjIxMDkuanBnfHx8fHx8fHx8fHw2NDB4NDgw.jpg"}]}},{"ad_id":"874880","reg_year":"2007","make":"Volkswagen","model":"Crafter","variant":"CR35 136 LWB 5DR","mileage":"142000","engine_size":"2.5","fuel_type":"Diesel","body_type":"Van","colour":"ffffff","location":"Donegal","price":"\u20ac 8,435","images":{"base_url":"http:\/\/i0.carsie.ie\/","image_list":[{"thumb":"OGFiMzBjMjk5YzI4OTEyMjNkMWM5NmUwMDY3YmQzMTj30w-8ZCdCTfNscCI2LpyyODc0ODgwLTcwNzYxNDUuanBnfHx8fHx8OTJ4Njl8fHx8fA==.jpg","main":"YTU5MTExNjcwNDU3NjZiNzI3OTFmYjhlMmQ3YjA2ZThFN9Sfe8j4CkH6FaZWe7p0ODc0ODgwLTcwNzYxNDUuanBnfHx8fHx8fHx8fHw0MDB4MzAw.jpg","large":"YjcyNDcxOWFkNjIyNzI2NjQxZWNmMGQ0MTE3Y2I0YTBwdtzNSIBVfm3L54CxtRJYODc0ODgwLTcwNzYxNDUuanBnfHx8fHx8fHx8fHw2NDB4NDgw.jpg"}]}},{"ad_id":"891229","reg_year":"2009","make":"Nissan","model":"Micra","variant":"1.2 SV LOW KMS BAND B ROAD TAX","mileage":"21748","engine_size":"1.2","fuel_type":"Petrol","body_type":"Hatchback","colour":"0000c0","location":"Dublin","price":"\u20ac 8,444","images":{"base_url":"http:\/\/i0.carsie.ie\/","image_list":[{"thumb":"ZjIxZTQzMmNkYjlkNjMzZWVmNDUyOTljNWYzNGNmODh-FBG9vtk7h7Olm9bOLNsjODkxMjI5LTcyNjE0NjcuanBnfHx8fHx8OTJ4Njl8fHx8fA==.jpg","main":"ZWVjMDk2MmUzZjk4ZDM3M2Q2YTFiYzFmMWU4NWY4NjZP1jXuAXHSvlxlL254_UljODkxMjI5LTcyNjE0NjcuanBnfHx8fHx8fHx8fHw0MDB4MzAw.jpg","large":"NjAyYmM0MjBjYjAzNTdmYTljZmU1MWQ1MzgxM2EwZjmHgjvjGYuBBquSZ4v_fiz6ODkxMjI5LTcyNjE0NjcuanBnfHx8fHx8fHx8fHw2NDB4NDgw.jpg"}]}},{"ad_id":"899261","reg_year":"2007","make":"Toyota","model":"Avensis","variant":"avensis mc 1.6 Strata","mileage":"50952","engine_size":"1.6","fuel_type":"Petrol","body_type":"Saloon","colour":"858585","location":"Dublin","price":"\u20ac 8,445","images":{"base_url":"http:\/\/i0.carsie.ie\/","image_list":[{"thumb":"MTBhZTE1Y2ZiZWQwZjRlMjZiNTY0Y2Y0MTA5YmVjY2Mj5S-mGl9a_97Nr2B_q0FjODk5MjYxLTc0MDMzMjkuanBnfHx8fHx8OTJ4Njl8fHx8fA==.jpg","main":"OTE2MDJmZjQ0ZjRkNDJjMzU2YTAyM2NkZTE2ZWU4ZjFT5OxVDfXXJRIM9_K9parvODk5MjYxLTc0MDMzMjkuanBnfHx8fHx8fHx8fHw0MDB4MzAw.jpg","large":"NTk0NmQ2OWQ4NGRlNDY0M2FiNDk4ZDkyNDkxMGI5ZjKLGcABVawttx9Bb1D1ryiHODk5MjYxLTc0MDMzMjkuanBnfHx8fHx8fHx8fHw2NDB4NDgw.jpg"}]}},{"ad_id":"893976","reg_year":"2008","make":"Toyota","model":"Corolla","variant":"corolla ng 1.4 terra cbu","mileage":"70836","engine_size":"1.4","fuel_type":"Petrol","body_type":"Saloon","colour":"e0e0e0","location":"Dublin","price":"\u20ac 8,445","images":{"base_url":"http:\/\/i0.carsie.ie\/","image_list":[{"thumb":"MGM4NDVlM2ExMGU0ZWRmMDVlYjQ4YjQ0ZWY1ZWIyODT6OCr2_7_k4234yOpjHWcSODkzOTc2LS5qcGd8fHx8fHw5Mng2OXx8fHx8.jpg","main":"M2Q1NTg4ZTgzOGI3ZTQxNGZhYjYzMmI1OTgyNDQ1MDXA8h13-bcByf-GqvqhzBgfODkzOTc2LS5qcGd8fHx8fHx8fHx8fDQwMHgzMDA=.jpg","large":"YWQ1YTgxN2U3YTE4ZDEyYmRmYzllMmNiNjcxY2JkZGP-BYKHrAAfgTydMdOstpojODkzOTc2LS5qcGd8fHx8fHx8fHx8fDY0MHg0ODA=.jpg"}]}},{"ad_id":"884018","reg_year":"2009","make":"Toyota","model":"Yaris","variant":"1.0 \"TERRA\" 5 DOOR 1 OWNER","mileage":"49089","engine_size":"1.0","fuel_type":"Petrol","body_type":"Hatchback","colour":"858585","location":"Dublin","price":"\u20ac 8,445","images":{"base_url":"http:\/\/i0.carsie.ie\/","image_list":[{"thumb":"OWQ0NzAyMWUzOGJhOGU5MjI0MGE1NmM3NjU0NWRhZDRHGzGnaFrWl1LNIJPCriwiODg0MDE4LTcyMTA3ODAuanBnfHx8fHx8OTJ4Njl8fHx8fA==.jpg","main":"YjJmMGI1NmI4ZjJjOTc3OWFiMGIzNzEyMThhNDZhZmXWt4KL09GfZaY_M-blLrCwODg0MDE4LTcyMTA3ODAuanBnfHx8fHx8fHx8fHw0MDB4MzAw.jpg","large":"NDc2ZDVjYmQ4NzUxZDNjMWY1NWJlMjNkNDQyOWEyMWb_9KkFCz2wYKESZzUMu26kODg0MDE4LTcyMTA3ODAuanBnfHx8fHx8fHx8fHw2NDB4NDgw.jpg"}]}},{"ad_id":"865816","reg_year":"2007","make":"Volkswagen","model":"Golf","variant":"1.4 5DR 80 BHP NEW NCT UNTIL MAY 2015","mileage":"74566","engine_size":"1.4","fuel_type":"Petrol","body_type":"Hatchback","colour":"e0e0e0","location":"Dublin","price":"\u20ac 8,445","images":{"base_url":"http:\/\/i0.carsie.ie\/","image_list":[{"thumb":"YmYzNDg3M2NhMDM1ZjkxZmEwMWFjNWE1NTEyMzkyMzLkwIMPByvkZKSKVv2cShwhODY1ODE2LTcyODA2MTAuanBnfHx8fHx8OTJ4Njl8fHx8fA==.jpg","main":"YTY0MjBmYjRmNGRkZTNiN2Q4MDMzOWU5NGY3NmU4MTjcvYtvYCLnIeM-0M9xzf53ODY1ODE2LTcyODA2MTAuanBnfHx8fHx8fHx8fHw0MDB4MzAw.jpg","large":"NGI4N2VjMWFkZDgwYzBkODYwYWEyZTA0OTVjZGNmYjiWgQIF3PaImjYTsjweawurODY1ODE2LTcyODA2MTAuanBnfHx8fHx8fHx8fHw2NDB4NDgw.jpg"}]}},{"ad_id":"881397","reg_year":"2007","make":"Toyota","model":"Avensis","variant":"RC 1.6 Aura 4DR","mileage":"37000","engine_size":"1.6","fuel_type":"Petrol","body_type":"Saloon","colour":"858585","location":"Dublin","price":"\u20ac 8,449","images":{"base_url":"http:\/\/i0.carsie.ie\/","image_list":[{"thumb":"YTE2NWViNGY3MGY2YjM5MmEzODAxNGFiYTEzMDA1YTOcCgZTGyzoMZFFvGqMp87HODgxMzk3LTcxNTQ1NDUuanBnfHx8fHx8OTJ4Njl8fHx8fA==.jpg","main":"OGI1YzY2ZjhmODczZGM1ZDU0NzZlMjA1YTM0OTEwNDkmQVgVnZTt_x1s-hOgsGKyODgxMzk3LTcxNTQ1NDUuanBnfHx8fHx8fHx8fHw0MDB4MzAw.jpg","large":"YWM3ZDNjMjBiMDk3NmJmYjVkZGY5NWQ5OWYyY2I5ZjCWsWkPpZ03OdxOHrfqdM6CODgxMzk3LTcxNTQ1NDUuanBnfHx8fHx8fHx8fHw2NDB4NDgw.jpg"}]}}]}