{"total":"23408","result":[{"ad_id":"853703","reg_year":"2008","make":"Nissan","model":"Tiida","variant":"1.6 SE--BRILLIANT VALUE--","mileage":"74921","engine_size":"1.6","fuel_type":"Petrol","body_type":"Saloon","colour":"0000c0","location":"Dublin","price":"\u20ac 6,450","images":{"base_url":"http:\/\/i0.carsie.ie\/","image_list":[{"thumb":"ZjU2MjFiMzk2NzczOTA2ZGM2ZDM5NzExMzA1ODA3YTlIhRyDqS8CBsuH1jmjm6dFODUzNzAzLTY4MzgwMDkuanBnfHx8fHx8OTJ4Njl8fHx8fA==.jpg","main":"M2YwMTJiZTExNzdkODJlNjNhMzJhYTIwNGU2ZjYxNTGEFcESPZkUiEYqQumAvhxdODUzNzAzLTY4MzgwMDkuanBnfHx8fHx8fHx8fHw0MDB4MzAw.jpg","large":"OThhOTFmY2U1YTNlYThiYjE1YTQ0Zjc0ZDUxMGE0MjSzJyikPAGJVNUDCwVdzlRjODUzNzAzLTY4MzgwMDkuanBnfHx8fHx8fHx8fHw2NDB4NDgw.jpg"}]}},{"ad_id":"862991","reg_year":"2008","make":"Nissan","model":"Tiida","variant":"1.6 SE--EXCELLENT VALUE FOR MONEY--","mileage":"76056","engine_size":"1.6","fuel_type":"Petrol","body_type":"Saloon","colour":"0000c0","location":"Dublin","price":"\u20ac 6,450","images":{"base_url":"http:\/\/i0.carsie.ie\/","image_list":[{"thumb":"ZTg3N2U1MzA1NzY1ODJkMGNkZjc3ZTQ4NzVkMzM4NzMKk13vfzFPNRa2ERyLZ4zqODYyOTkxLTY5MzUzNTYuanBnfHx8fHx8OTJ4Njl8fHx8fA==.jpg","main":"MzUxYjg2ZDc2NjBiYWI4NjA1NjczNmJiMjYwNmI4N2JhbruQakM_9YTAGTBbDqeEODYyOTkxLTY5MzUzNTYuanBnfHx8fHx8fHx8fHw0MDB4MzAw.jpg","large":"MjVhY2JkMDRhMjI5YTQ2ZTE4Y2ExMDQzMWIxOWJmYzZ0vLi1w9SdjXnzG-PbslBiODYyOTkxLTY5MzUzNTYuanBnfHx8fHx8fHx8fHw2NDB4NDgw.jpg"}]}},{"ad_id":"865294","reg_year":"2008","make":"Nissan","model":"Tiida","variant":"1.6 SE","mileage":"50000","engine_size":"1.6","fuel_type":"Petrol","body_type":"Hatchback","colour":"e0e0e0","location":"Dublin","price":"\u20ac 6,450","images":{"base_url":"http:\/\/i0.carsie.ie\/","image_list":[{"thumb":"NGExNjJmNmYwNDBmMGUzYmU5MDhkNzJhNWQ3ZmQxMmNKcaN5yrQy3JhQBxrBj4WzODY1Mjk0LTY5Njk5NjQuanBnfHx8fHx8OTJ4Njl8fHx8fA==.jpg","main":"ZTBiN2Y5YTdhYzZjY2U5ZjVkMjI4ZDkyNDk0OWIwNTgV2qKg_shFvbE-wEXABHRRODY1Mjk0LTY5Njk5NjQuanBnfHx8fHx8fHx8fHw0MDB4MzAw.jpg","large":"ZDc2NzZmMGQxZmEyNTdkMmZjOTkwNTRhOGEyMzVjNGNaeaiij3T45zoWD7lY_7cIODY1Mjk0LTY5Njk5NjQuanBnfHx8fHx8fHx8fHw2NDB4NDgw.jpg"}]}},{"ad_id":"866710","reg_year":"2008","make":"Nissan","model":"Tiida","variant":"1.6 SE --EXCELLENT VALUE--","mileage":"76819","engine_size":"1.6","fuel_type":"Petrol","body_type":"Saloon","colour":"e0e0e0","location":"Dublin","price":"\u20ac 6,450","images":{"base_url":"http:\/\/i0.carsie.ie\/","image_list":[{"thumb":"MmVlNTViYzE1OTZhZDMxYTlkOWQ0NTAyODEzNDAxNTQo1jaNjPw6AAeVwLS_ndaGODY2NzEwLTczMDYxOTIuanBnfHx8fHx8OTJ4Njl8fHx8fA==.jpg","main":"NjVjNTIxNTgzZWI5MzYwYmI4MDNkNzY5YTQ3MThhMWZzKr2UpqNAfXNtzJbpZ7mbODY2NzEwLTczMDYxOTIuanBnfHx8fHx8fHx8fHw0MDB4MzAw.jpg","large":"N2FmZDExNmNlYzVkNGMxOTQ0MGYzMDY3M2Y4ODI1MWPaHD7A9fsXLHNuIqwz5N2RODY2NzEwLTczMDYxOTIuanBnfHx8fHx8fHx8fHw2NDB4NDgw.jpg"}]}},{"ad_id":"892899","reg_year":"2008","make":"Nissan","model":"Tiida","variant":"SE AUTOMATIC-NCT UNTIL 2014","mileage":"79798","engine_size":"1.6","fuel_type":"Petrol","body_type":"Hatchback","colour":"ff0000","location":"Dublin","price":"\u20ac 6,450","images":{"base_url":"http:\/\/i0.carsie.ie\/","image_list":[{"thumb":"NjY3ZDdjYzVkN2EyYTNjOWY1Yjg5ZjNmZjRlZDQwZjd4wXoBjQrWVPah7gipGpuMODkyODk5LTcyNzkxNjkuanBnfHx8fHx8OTJ4Njl8fHx8fA==.jpg","main":"YTIxNDMzODkyY2NkY2ExYTMzODY1ZWU0ZmI3ZjIyNzVaXXQaqpsIit9-bhkF-hPBODkyODk5LTcyNzkxNjkuanBnfHx8fHx8fHx8fHw0MDB4MzAw.jpg","large":"NTNiZTQ1ZWY3YTJlOTE1NWNkMmYxMTJlYWVjOGI4ZWTmt-HjCiS20BgeGVNC3z_pODkyODk5LTcyNzkxNjkuanBnfHx8fHx8fHx8fHw2NDB4NDgw.jpg"}]}},{"ad_id":"901829","reg_year":"2008","make":"Nissan","model":"Tiida","variant":"1.6 SE","mileage":"79807","engine_size":"1.6","fuel_type":"Petrol","body_type":"Saloon","colour":"ff0000","location":"Dublin","price":"\u20ac 6,450","images":{"base_url":"http:\/\/i0.carsie.ie\/","image_list":[{"thumb":"N2U5MmI3Y2NhYTllMWJjYzhlZmUzNzM2ZWYxN2Q2ZjF7FeZtH41L4bFL91a4NxiTOTAxODI5LTc0MjUzMzMuanBnfHx8fHx8OTJ4Njl8fHx8fA==.jpg","main":"YzNjMDg4ODkzYjUzY2Y3OWRhNTI1YzVlMWRjYTJhMWKSm0dMOikDDUX7XdcWAufyOTAxODI5LTc0MjUzMzMuanBnfHx8fHx8fHx8fHw0MDB4MzAw.jpg","large":"ODllNGUyNzU5YTJjNmVjOTFkZDE4ODAxZjRlZTlkYjj7KJLagkhatyeDQl0ZuYEzOTAxODI5LTc0MjUzMzMuanBnfHx8fHx8fHx8fHw2NDB4NDgw.jpg"}]}},{"ad_id":"897098","reg_year":"2005","make":"Nissan","model":"X-Trail","variant":"2.2dsl 5DR--EXCELLENT CONDITION--DIESEL--","mileage":"104270","engine_size":"2.2","fuel_type":"Diesel","body_type":"Estate","colour":"e0e0e0","location":"Dublin","price":"\u20ac 6,450","images":{"base_url":"http:\/\/i0.carsie.ie\/","image_list":[{"thumb":"MjAzZTM1MzE1NzRiNjYyMDgyMzVjMmMzNmFmZTFiNTmqBYAHWBVPG63h3W-XYI4AODk3MDk4LTczNTA3MjkuanBnfHx8fHx8OTJ4Njl8fHx8fA==.jpg","main":"NTAxZTc2NTI4M2NmNDdiZjU1N2UyYmFhMWVmYTNjN2blD1i6jNkoYAikkORtmszVODk3MDk4LTczNTA3MjkuanBnfHx8fHx8fHx8fHw0MDB4MzAw.jpg","large":"YmJmZGNlNjQ0Y2E2YjBmMDBlZWY3ZDk4Y2JmZWU2NTdHEFbBlAWMhp1Y_RmwY9B3ODk3MDk4LTczNTA3MjkuanBnfHx8fHx8fHx8fHw2NDB4NDgw.jpg"}]}},{"ad_id":"899175","reg_year":"2007","make":"Nissan","model":"X-Trail","variant":"2.0 2WD LOW MILES","mileage":"39537","engine_size":"2.0","fuel_type":"Petrol","body_type":"Estate","colour":"e0e0e0","location":"Dublin","price":"\u20ac 6,450","images":{"base_url":"http:\/\/i0.carsie.ie\/","image_list":[{"thumb":"Njk0YzgzZjQ2ZDFhNDI0ZDE1NjFlMTJkZTM2YWFiYWVUZVdeDzroPgENwkEn7qBqODk5MTc1LS5qcGd8fHx8fHw5Mng2OXx8fHx8.jpg","main":"NWQyYzUzNTM1OTBhZjIxMjAzYWNlZmFiYzc1NjY3NzRN32Emm0If5El1VVeIqAsMODk5MTc1LS5qcGd8fHx8fHx8fHx8fDQwMHgzMDA=.jpg","large":"ZDMwYmFlNDAwNDM0MmIzYmQ3NDlmZmExMTA5NWI0Zjes6Z1-28K8jPnGHDvTPmmVODk5MTc1LS5qcGd8fHx8fHx8fHx8fDY0MHg0ODA=.jpg"}]}},{"ad_id":"886047","reg_year":"2006","make":"Opel","model":"Astra","variant":"SXI 1.4I 12 MONTHS WARRANTY","mileage":"68174","engine_size":"1.4","fuel_type":"Petrol","body_type":"Hatchback","colour":"0000c0","location":"Dublin","price":"\u20ac 6,450","images":{"base_url":"http:\/\/i0.carsie.ie\/","image_list":[{"thumb":"OTMyNWM3ZmE5NjQ5N2EwMTA3MDI4NTM2ZjM4NWQ3ZDjg7zPEviezD10RCzuGuZPOODg2MDQ3LTcyNDc4MDUuanBnfHx8fHx8OTJ4Njl8fHx8fA==.jpg","main":"Y2U0ZjgwNzhjNTI0YjMzYzkzODBkNDM2ZjgwMjc1ZWS4Fd-xPKvWwE4VT7yp35enODg2MDQ3LTcyNDc4MDUuanBnfHx8fHx8fHx8fHw0MDB4MzAw.jpg","large":"ZjdiNGE5MTVhMjNmYjQxOTM3MTc5ZjFiNGY5ZTgxZjB9G81Ady-4MBjpPA4O5n5UODg2MDQ3LTcyNDc4MDUuanBnfHx8fHx8fHx8fHw2NDB4NDgw.jpg"}]}},{"ad_id":"836665","reg_year":"2006","make":"Opel","model":"Astra","variant":"Life Cdti diesel","mileage":"113063","engine_size":"1.3","fuel_type":"Diesel","body_type":"Hatchback","colour":"858585","location":"Westmeath","price":"\u20ac 6,450","images":{"base_url":"http:\/\/i0.carsie.ie\/","image_list":[{"thumb":"ODM4MGM2MWVlZTkzN2FkMGY1NDBmNTU2MDdmZWM1Mja4Fd-8cb5gEj9UudsCymvaODM2NjY1LTY2NDkzMDYuanBnfHx8fHx8OTJ4Njl8fHx8fA==.jpg","main":"Y2M4ZjgzOWM5ZjU4MjlmYTgzNjNlNzM2YTg4YzA3MTER51wbPAROtGS5LUOo-eqqODM2NjY1LTY2NDkzMDYuanBnfHx8fHx8fHx8fHw0MDB4MzAw.jpg","large":"NjBjNWY1ZTMzMGJhM2M2OTI4YjY4MzA2NWYzMzdkMWQ7IPdCig0h7ADEHx92eqCKODM2NjY1LTY2NDkzMDYuanBnfHx8fHx8fHx8fHw2NDB4NDgw.jpg"}]}},{"ad_id":"890701","reg_year":"2008","make":"Opel","model":"Corsa","variant":"Club 1.2l 16V 5dr","mileage":"82110","engine_size":"1.2","fuel_type":"Petrol","body_type":"Hatchback","colour":"000000","location":"Kildare","price":"\u20ac 6,450","images":{"base_url":"http:\/\/i0.carsie.ie\/","image_list":[{"thumb":"MGVhMTBmMjkyODAxYTJkNmM2YTZmODA5N2RiYzUwMjVYxPqXPQl15RKmK3cFzBI0ODkwNzAxLTcyNTAxMDIuanBnfHx8fHx8OTJ4Njl8fHx8fA==.jpg","main":"ZDM5OTNjZjc2M2E5MjYwYzczYmFkOWNlNmM3NTgwN2Kc1c0Coh_5KOp7vWGaUEH7ODkwNzAxLTcyNTAxMDIuanBnfHx8fHx8fHx8fHw0MDB4MzAw.jpg","large":"YmQ0YTExOTgyZWI5NmNjMjZlYWJiZmRhYTU5ZjQ2NTQ0C3cgtdZHacwi4cRhqGgQODkwNzAxLTcyNTAxMDIuanBnfHx8fHx8fHx8fHw2NDB4NDgw.jpg"}]}},{"ad_id":"875686","reg_year":"2007","make":"Opel","model":"Corsa","variant":"SXI 1.21 16V 3DR","mileage":"72700","engine_size":"1.2","fuel_type":"Petrol","body_type":"Hatchback","colour":"ff0000","location":"Meath","price":"\u20ac 6,450","images":{"base_url":"http:\/\/i0.carsie.ie\/","image_list":[{"thumb":"YjI0MTJkM2VhMjlmYzBjODJhNGQ1MWVkZjdiOWJhZGQdVT7f53mA5RB-bZPpWqSoODc1Njg2LTczNDgyNDcuanBnfHx8fHx8OTJ4Njl8fHx8fA==.jpg","main":"NzE1NDUzOTMzNDhlZTE2N2UyYTVjMzZkMDNjNzQwMzhJe7FtjqiHmBbP8MJSvOlVODc1Njg2LTczNDgyNDcuanBnfHx8fHx8fHx8fHw0MDB4MzAw.jpg","large":"MmQzMzE5YzM1MDkyYWU1YmE3ZTg1ZWQ3YWVmOWQ0NzdEYhC73Ql1KgzrfLTNX0viODc1Njg2LTczNDgyNDcuanBnfHx8fHx8fHx8fHw2NDB4NDgw.jpg"}]}},{"ad_id":"867526","reg_year":"2006","make":"Opel","model":"Zafira","variant":"Club 1.9cdti 120PS","mileage":"103000","engine_size":"1.9","fuel_type":"Diesel","body_type":"People Carrier","colour":"e0e0e0","location":"Dublin","price":"\u20ac 6,450","images":{"base_url":"http:\/\/i0.carsie.ie\/","image_list":[{"thumb":"YjY1MzIzNGJiZmUyZjM3M2FiMmJjMTYyNzYzMDY4Y2V4y2MehmwAx7roV_6ql7yhODY3NTI2LTY5OTIwNTkuanBnfHx8fHx8OTJ4Njl8fHx8fA==.jpg","main":"MzM1YmVhYzkzMDJiNWY1NDY0MzcwMmY5M2JjMWUxZDf2egvs_cw3yYd18i_j6QzQODY3NTI2LTY5OTIwNTkuanBnfHx8fHx8fHx8fHw0MDB4MzAw.jpg","large":"MGZjNWQwYzY4NzRjNzIyYjNmOTdlZWZhOTYwNTZlMGU1aod51a-0e88-bnCXDqmIODY3NTI2LTY5OTIwNTkuanBnfHx8fHx8fHx8fHw2NDB4NDgw.jpg"}]}},{"ad_id":"896859","reg_year":"2006","make":"Peugeot","model":"206","variant":"@ DENIS MAHONY KILBARRACK","mileage":"28583","engine_size":"1.4","fuel_type":"Petrol","body_type":"Hatchback","colour":"e0e0e0","location":"Dublin","price":"\u20ac 6,450","images":{"base_url":"http:\/\/i0.carsie.ie\/","image_list":[{"thumb":"N2E2MTI5ZjdmZTQyMTMyNzhiZWY5ZjdlYmMxNGU4NTTvz0uzzVSFImWeGR0TsebsODk2ODU5LTc0MDU4NjQuanBnfHx8fHx8OTJ4Njl8fHx8fA==.jpg","main":"ZmQ4Yzg2ZjhjM2I3ZjM3YmZjZjYwNzc3OWQ3YTM1ZjGHQW0qtIYKXxsc6FpLV1pTODk2ODU5LTc0MDU4NjQuanBnfHx8fHx8fHx8fHw0MDB4MzAw.jpg","large":"MjYzZWJiZGQ5NTljYjE0MmU3YmM4MmU3NTk5ZWE0OGQ1Qr4_CmZb-ltFmXluP5S9ODk2ODU5LTc0MDU4NjQuanBnfHx8fHx8fHx8fHw2NDB4NDgw.jpg"}]}},{"ad_id":"876743","reg_year":"2008","make":"Peugeot","model":"207","variant":"SE 1.4 8V TAXED 07\/13 ","mileage":"59000","engine_size":"1.4","fuel_type":"Petrol","body_type":"Hatchback","colour":"e0e0e0","location":"Dublin","price":"\u20ac 6,450","images":{"base_url":"http:\/\/i0.carsie.ie\/","image_list":[{"thumb":"MWY3OTA0MWVkOWQ4MDNiZTgzMDU0OThkZmJjNmIyZjGs30RnXAie8l8TENkl5eYkODc2NzQzLTcxMDczOTcuanBnfHx8fHx8OTJ4Njl8fHx8fA==.jpg","main":"MjEwZTdiMjgyNjhkMzZjNzE4ZGY1MzU5YmE2MGRjYTQKABJC1LTsehjO-kXB-MhDODc2NzQzLTcxMDczOTcuanBnfHx8fHx8fHx8fHw0MDB4MzAw.jpg","large":"ZWVjZDMzOTA1MGRlZmFiNTYyNTBiYTNjODUzYTQ1YmOtWAUjYdLb44acyV0GhPyGODc2NzQzLTcxMDczOTcuanBnfHx8fHx8fHx8fHw2NDB4NDgw.jpg"}]}},{"ad_id":"888375","reg_year":"2008","make":"Peugeot","model":"207","variant":"SX 1.4 8 V","mileage":"45981","engine_size":"1.4","fuel_type":"Petrol","body_type":"Hatchback","colour":"ff0000","location":"Dublin","price":"\u20ac 6,450","images":{"base_url":"http:\/\/i0.carsie.ie\/","image_list":[{"thumb":"MjkwZGM1M2MyN2ZmYzk0NTA0Mzk4ZWIzZGExOGYxMzmfFyTPfMq9sMhB09tCZfeEODg4Mzc1LTcyMzcwMDUuanBnfHx8fHx8OTJ4Njl8fHx8fA==.jpg","main":"MWMyNWQ5OWU2YjA3ZGZkYmIzNzIzNDkzNjQ0Y2EyM2RUBzhbxcauAipIXTd_K2llODg4Mzc1LTcyMzcwMDUuanBnfHx8fHx8fHx8fHw0MDB4MzAw.jpg","large":"NjMxMTc5NDcwNmU0MTgzOTgzOWI4OWUzNzI1OTJiNDGXpRQVhRS95H9vYITuVgcuODg4Mzc1LTcyMzcwMDUuanBnfHx8fHx8fHx8fHw2NDB4NDgw.jpg"}]}},{"ad_id":"901155","reg_year":"2007","make":"Peugeot","model":"207","variant":" 1.4 5DR 2 YRS NCT","mileage":"48905","engine_size":"1.4","fuel_type":"Petrol","body_type":"Hatchback","colour":"e0e0e0","location":"Louth","price":"\u20ac 6,450","images":{"base_url":"http:\/\/i0.carsie.ie\/","image_list":[{"thumb":"ZWMyMTAwOGM3NDc3NmU2NDIzYTRmYTMzMjAwNTBkOTSYkSXg3suBOsmEuWjnJHecOTAxMTU1LTc0MTY2NDEuanBnfHx8fHx8OTJ4Njl8fHx8fA==.jpg","main":"NTQ4M2QwZTBiMGZjNTI5NDZlNmVlMjVmZTFhMGI1YjOlZ3-1EbSiEjj-dTCgBBNNOTAxMTU1LTc0MTY2NDEuanBnfHx8fHx8fHx8fHw0MDB4MzAw.jpg","large":"ZDM1ZTk2MWY2MWM1ODg3YmE3OGE5YTY3MDQ5NWI2NjRtdWLwHG17h9EwFnrPiCuwOTAxMTU1LTc0MTY2NDEuanBnfHx8fHx8fHx8fHw2NDB4NDgw.jpg"}]}},{"ad_id":"895820","reg_year":"2008","make":"Peugeot","model":"207","variant":"SPORT 1.4CC 8V 5DR","mileage":"70210","engine_size":"1.4","fuel_type":"Petrol","body_type":null,"colour":"000000","location":"Mayo","price":"\u20ac 6,450","images":{"base_url":"http:\/\/i0.carsie.ie\/","image_list":[{"thumb":"MjliOTQ4MmUzYjRiZjZjMjZhN2Q5MzQxNTlmYjc1N2T0KkJgIQxf64c9AqXTe0iJODk1ODIwLTczNDA1MzguanBnfHx8fHx8OTJ4Njl8fHx8fA==.jpg","main":"YzIyMzg1Mjc1YmVkMjY3MmI3NDdkOWQ1NTdiMmNlNzRpTV_lB2GrTQPk0RfRSCTbODk1ODIwLTczNDA1MzguanBnfHx8fHx8fHx8fHw0MDB4MzAw.jpg","large":"OWJiN2UzMGQ3MjQ5MmFkMzkwZmM3OThlYjgwYTdjY2TN832X9I9fp0ygxgXJAch-ODk1ODIwLTczNDA1MzguanBnfHx8fHx8fHx8fHw2NDB4NDgw.jpg"}]}},{"ad_id":"854538","reg_year":"2006","make":"Peugeot","model":"307","variant":null,"mileage":"129845","engine_size":"1.6","fuel_type":"Diesel","body_type":null,"colour":"ff0000","location":"Galway","price":"\u20ac 6,450","images":{"base_url":"http:\/\/i0.carsie.ie\/","image_list":[{"thumb":"OWI0MjMxZTQ5MTRmMTk0ZDcyYjA5OTdlYzkwYzQ0ZDZFJhfu7IurGMt8LrAg7pCnODU0NTM4LTY4NDY4MTYuanBnfHx8fHx8OTJ4Njl8fHx8fA==.jpg","main":"N2IwZWZlMWM5NTVmZmY3NDcxMmViNDEyYzIwMDI5YzF1tY0z_eWWu9SrnvCqwNIgODU0NTM4LTY4NDY4MTYuanBnfHx8fHx8fHx8fHw0MDB4MzAw.jpg","large":"MTUzY2QzY2MwOWNmNjM1ZGNjMDY0YzUyODk2M2VlOGVeCx0pG5j5Uc6lp8yh299-ODU0NTM4LTY4NDY4MTYuanBnfHx8fHx8fHx8fHw2NDB4NDgw.jpg"}]}},{"ad_id":"889086","reg_year":"2008","make":"Peugeot","model":"407","variant":"ST COMFORT 1.8 4DR","mileage":"47659","engine_size":"1.8","fuel_type":"Petrol","body_type":"Hatchback","colour":"f0b800","location":"Cork","price":"\u20ac 6,450","images":{"base_url":"http:\/\/i0.carsie.ie\/","image_list":[{"thumb":"NjJjNGVmZDA1MWIzZTgwYTI1NmVhYTA1Mzg2YTViYTh5dfaWOD5lDYYdbW8SOtd3ODg5MDg2LTcyNzQxMzQuanBnfHx8fHx8OTJ4Njl8fHx8fA==.jpg","main":"NzM3YTY2OGIwZDc3OWYyMDAyMThiZDY5OTViZmU3ZjjGgQeDtg7arKailwrQAa11ODg5MDg2LTcyNzQxMzQuanBnfHx8fHx8fHx8fHw0MDB4MzAw.jpg","large":"NjdmNDdhNDA4YWMwNTlmNjcxYzljZWM3YzAxM2I3OTEmuK7rEB7wVqg2DLXJnCZ6ODg5MDg2LTcyNzQxMzQuanBnfHx8fHx8fHx8fHw2NDB4NDgw.jpg"}]}}]}