{"total":"23408","result":[{"ad_id":"872827","reg_year":"2007","make":"Toyota","model":"Yaris","variant":"NG 1.0L Terra 5DR","mileage":"96315","engine_size":"1.0","fuel_type":"Petrol","body_type":"Hatchback","colour":"0000c0","location":"Tipperary","price":"\u20ac 6,750","images":{"base_url":"http:\/\/i0.carsie.ie\/","image_list":[{"thumb":"NWIxNjdjY2ZiNjdhZmQzMDk0ZjdlMDlkZTY3OTMxMWGGlFOJvLXUsjYku7VTwQU2ODcyODI3LTcyNzU3MTYuanBnfHx8fHx8OTJ4Njl8fHx8fA==.jpg","main":"NmI1ZWNiYTgzZWMyYTE1MjJjYmUxMTkxZWE2MzU1ZmPwu4TWQX3tyNqr_0vN2rI1ODcyODI3LTcyNzU3MTYuanBnfHx8fHx8fHx8fHw0MDB4MzAw.jpg","large":"NmI0NDNhYjI2M2I1YWI5YmQ2NmI4MWZkZGYxYWM1MjGtSyIDoNwfF_yKKThG18mXODcyODI3LTcyNzU3MTYuanBnfHx8fHx8fHx8fHw2NDB4NDgw.jpg"}]}},{"ad_id":"784269","reg_year":"2007","make":"Toyota","model":"Yaris","variant":"1.0L TERRA FULL SERVICE HISTORY!!","mileage":"60894","engine_size":"1.0","fuel_type":"Petrol","body_type":"Hatchback","colour":"e0e0e0","location":"Wexford","price":"\u20ac 6,750","images":{"base_url":"http:\/\/i0.carsie.ie\/","image_list":[{"thumb":"MjkyNmYxYjNhYmI1ZjMyNjM3NTIyMmY4ZDg1ZmE0NWMAhTzc2p4Ir1fb38E5T1cVNzg0MjY5LTYwMTEyNzkuanBnfHx8fHx8OTJ4Njl8fHx8fA==.jpg","main":"OWM3MGQ1MzA4NDFiZTExOGY1ZTI5YzE3NTgxZGJkYTmOskRIqxvmxn8rmmp2ILDLNzg0MjY5LTYwMTEyNzkuanBnfHx8fHx8fHx8fHw0MDB4MzAw.jpg","large":"YmVmNWZhYTVlNmI1NDI5YTNiNzY1MmI3ZGYzZDFiYzOQ1Tg07JTeNhnB0Drz6aKXNzg0MjY5LTYwMTEyNzkuanBnfHx8fHx8fHx8fHw2NDB4NDgw.jpg"}]}},{"ad_id":"865383","reg_year":"2008","make":"Vauxhall","model":"Astra","variant":"Life A\/C Cdti ESTATE","mileage":"103000","engine_size":"1.2","fuel_type":"Diesel","body_type":"Estate","colour":"ffffff","location":"Roscommon","price":"\u20ac 6,750","images":{"base_url":"http:\/\/i0.carsie.ie\/","image_list":[{"thumb":"ODc2N2E2NmZiMjNkNTFhMjE5ZDg3MWI2ZTQ5YjQxZjkgGruXi6JdufZJcO-MhiS2ODY1MzgzLTcwMjc4NTcuanBnfHx8fHx8OTJ4Njl8fHx8fA==.jpg","main":"NDhmNzkyMTlkOWVhZDkzODJmNjFkY2M1NDdjNmZmOGHjE2XAymms3GItTPmkL6h8ODY1MzgzLTcwMjc4NTcuanBnfHx8fHx8fHx8fHw0MDB4MzAw.jpg","large":"NWQwMGU5ODkwM2RjMmYxODcyZmIxZDk0ZmMxOGZiYzFWxetRzVvKBhdItONCoObTODY1MzgzLTcwMjc4NTcuanBnfHx8fHx8fHx8fHw2NDB4NDgw.jpg"}]}},{"ad_id":"866463","reg_year":"2006","make":"Volkswagen","model":"Golf","variant":"1.4 Comfort 5D","mileage":"93420","engine_size":"1.4","fuel_type":"Petrol","body_type":"Hatchback","colour":"0000c0","location":"Clare","price":"\u20ac 6,750","images":{"base_url":"http:\/\/i0.carsie.ie\/","image_list":[{"thumb":"OTEzM2ZlNjYxOTU0MjA1NTg3ZjE3NmVjOWE0OThlZTdseaH27UbKM5S43uQShgvyODY2NDYzLTY5ODAwNjQuanBnfHx8fHx8OTJ4Njl8fHx8fA==.jpg","main":"YTJhMzA1ZDdjNWRiMjFhY2FkMTI5M2E3YTdmZDIxZjKzfstd0heEHLBCsWv5ROU1ODY2NDYzLTY5ODAwNjQuanBnfHx8fHx8fHx8fHw0MDB4MzAw.jpg","large":"YTUwM2ZjYmFhYjgzZDQ2NGE1YjI4YzUwYTVhY2YwMGQS62Nbwk1UY_JBTMvxALnvODY2NDYzLTY5ODAwNjQuanBnfHx8fHx8fHx8fHw2NDB4NDgw.jpg"}]}},{"ad_id":"873779","reg_year":"2005","make":"Volkswagen","model":"Golf","variant":null,"mileage":"89477","engine_size":"1.4","fuel_type":"Petrol","body_type":null,"colour":"e0e0e0","location":"Cork","price":"\u20ac 6,750","images":{"base_url":"http:\/\/i0.carsie.ie\/","image_list":[{"thumb":"YzYyNzA4ZTU5ZGNlN2I4ZTZhMmUwNDNhYWM1NmQzYWLT3jfF2WxvdKwjxyOJRb0FODczNzc5LS5qcGd8fHx8fHw5Mng2OXx8fHx8.jpg","main":"MjYzMDI2MGFjNGEzNDA3ZmJhZjQ5MDI0NWFmMmE1NGbuVkpf5Xy2ubap2x6ayK7OODczNzc5LS5qcGd8fHx8fHx8fHx8fDQwMHgzMDA=.jpg","large":"YTcwNWZlMjg3MTRiYTE4NGEzNWE1YzViOTZiYzUwZTaL0ZRx5mJp94KLdKKX0b8NODczNzc5LS5qcGd8fHx8fHx8fHx8fDY0MHg0ODA=.jpg"}]}},{"ad_id":"884614","reg_year":"2004","make":"Volkswagen","model":"Golf","variant":"1.9TDI SE 5DR FSH ALLOYS AIR-CON","mileage":"80159","engine_size":"1.9","fuel_type":"Diesel","body_type":"Hatchback","colour":"0000c0","location":"Dublin","price":"\u20ac 6,750","images":{"base_url":"http:\/\/i0.carsie.ie\/","image_list":[{"thumb":"YmZiMDYxMmNmNzBiMWNiMDliODFhNWY5YTNlMjJhZWNpjXM02cUnGn_Z9TC4fI5cODg0NjE0LTcxOTc0MTcuanBnfHx8fHx8OTJ4Njl8fHx8fA==.jpg","main":"M2Q5MzMxOGNlYWFiMDk3ZDkxZWYyYWY0NjRkODU4OGGPzsygf4OqI89ZD3AdNQeCODg0NjE0LTcxOTc0MTcuanBnfHx8fHx8fHx8fHw0MDB4MzAw.jpg","large":"N2ZlNzNmNDUxNmUzNDljYjg5NjNhOWE0ZTJmNjAzZmTTRQNahqCsyQBnMkft6hYvODg0NjE0LTcxOTc0MTcuanBnfHx8fHx8fHx8fHw2NDB4NDgw.jpg"}]}},{"ad_id":"899778","reg_year":"2005","make":"Volkswagen","model":"Golf","variant":"1.9 TDI COMFORT 105BHP","mileage":"52817","engine_size":"1.9","fuel_type":"Diesel","body_type":null,"colour":"ff0000","location":"Louth","price":"\u20ac 6,750","images":{"base_url":"http:\/\/i0.carsie.ie\/","image_list":[{"thumb":"ZDIxMWRmNTc0ZjlkZjZmODM3ZTVjMzAwOGJjYWQ1MzI-IC_3FkEa06S54IYgx9VuODk5Nzc4LTczOTk2NzEuanBnfHx8fHx8OTJ4Njl8fHx8fA==.jpg","main":"OTFjNWI3OTA2MTAzMzgzNTM1ZjAwYjk1Njg2NTQ3ZWYFCVh9eGwoHZweU2Q6YmBuODk5Nzc4LTczOTk2NzEuanBnfHx8fHx8fHx8fHw0MDB4MzAw.jpg","large":"NDM4ZDFmMzc5OTFhYmNlYWU4NzE2M2Q4ZWU5MTU4NzLMEj7QbRikzhSWnhg1pywjODk5Nzc4LTczOTk2NzEuanBnfHx8fHx8fHx8fHw2NDB4NDgw.jpg"}]}},{"ad_id":"902002","reg_year":"2005","make":"Volkswagen","model":"Golf","variant":null,"mileage":"53000","engine_size":"1.9","fuel_type":"Diesel","body_type":null,"colour":"858585","location":"Wexford","price":"\u20ac 6,750","images":{"base_url":"http:\/\/i0.carsie.ie\/","image_list":[{"thumb":"ZWUyZGE5MmM5Y2ZlOTM2MjZmODAwM2Q2YTY3YTQwZmH544OeFaUep76s5yc-LgkPOTAyMDAyLTc0Mjk1MTMuanBnfHx8fHx8OTJ4Njl8fHx8fA==.jpg","main":"ZDYyMTA2MWVlNzczODMwYTBhMWNjYmRjZWUwMTRkMWQS1eCRydnuhQmkS4lxN33eOTAyMDAyLTc0Mjk1MTMuanBnfHx8fHx8fHx8fHw0MDB4MzAw.jpg","large":"Nzk5NmU4Mzk2ODk1MjhlMTcyZjYxOWNiYzllNjQ1NTcSpvbi-6UvYhuondnkgdBOOTAyMDAyLTc0Mjk1MTMuanBnfHx8fHx8fHx8fHw2NDB4NDgw.jpg"}]}},{"ad_id":"883850","reg_year":"2006","make":"Volkswagen","model":"Jetta","variant":"1.6 102BHP 4DR","mileage":"93094","engine_size":"1.6","fuel_type":"Petrol","body_type":null,"colour":"858585","location":"Kerry","price":"\u20ac 6,750","images":{"base_url":"http:\/\/i0.carsie.ie\/","image_list":[{"thumb":"MjE3ZGYxYWFlMzMxM2Y4MDZmNzVkYmY1OWFmMWViZmWJNaQbe8N8DZB-vcE4oGVlODgzODUwLTc0MDg0MjEuanBnfHx8fHx8OTJ4Njl8fHx8fA==.jpg","main":"YWQxNDNkM2ZkZjJlYzNjM2NhOWZlNjU2ZTU5MmQyNjOFbzFhlUv5q1w-thkiDKesODgzODUwLTc0MDg0MjEuanBnfHx8fHx8fHx8fHw0MDB4MzAw.jpg","large":"NjFlZTY1M2M4OTExODE3OWUwNzYzMjQwYzZkY2ZlZjkn6Zv79jgKj74-rJ9z_lEKODgzODUwLTc0MDg0MjEuanBnfHx8fHx8fHx8fHw2NDB4NDgw.jpg"}]}},{"ad_id":"875294","reg_year":"2005","make":"Volkswagen","model":"Passat","variant":"B6 Comf 1.9tdi 105 4DR","mileage":"116199","engine_size":"1.9","fuel_type":"Diesel","body_type":"Saloon","colour":"e0e0e0","location":"Dublin","price":"\u20ac 6,750","images":{"base_url":"http:\/\/i0.carsie.ie\/","image_list":[{"thumb":"YTUyOGUzYmY2NzQ4MTE3NzlmMjBjNDIwYWUzZWEwMWXlQOT0aBzYZZI6fDZg_PMoODc1Mjk0LTcwODg0ODEuanBnfHx8fHx8OTJ4Njl8fHx8fA==.jpg","main":"YjNjMDY3N2Q5ZjRkZDRkNmVmZjZmODI4NTY0OTMyZGECihr2Uw3-eOfFFxH0KvvqODc1Mjk0LTcwODg0ODEuanBnfHx8fHx8fHx8fHw0MDB4MzAw.jpg","large":"YmI2Mzg5Y2FhN2RjNmQ4MzA4ZmQzZjcxZWZjZmFjYTLXJeBjMbmfEgUwV51rFSAjODc1Mjk0LTcwODg0ODEuanBnfHx8fHx8fHx8fHw2NDB4NDgw.jpg"}]}},{"ad_id":"897255","reg_year":"2005","make":"Volkswagen","model":"Passat","variant":"COMFORT 2.0 TDI B6 SAL 140.","mileage":"98500","engine_size":"2.0","fuel_type":"Diesel","body_type":null,"colour":"0000c0","location":"Dublin","price":"\u20ac 6,750","images":{"base_url":"http:\/\/i0.carsie.ie\/","image_list":[{"thumb":"YTM2N2Q4ODFkODU2ZmQzODk3OWEyM2FkNWI1MGUyODWEunZCd6_h4N5b0yLKsM0FODk3MjU1LTc0MDIzNjAuanBnfHx8fHx8OTJ4Njl8fHx8fA==.jpg","main":"MjAwOTQwMjNmNzI3MDc3MWZkYWNlMDI4OTAwMjY3NDj8bQkYfiFeK8BKeCFBAsdNODk3MjU1LTc0MDIzNjAuanBnfHx8fHx8fHx8fHw0MDB4MzAw.jpg","large":"MDAxMTRlZDBjNGRjODhhYmYyYTkzYTk0YjY2YWZjNmZl_e89Yb2CXBj2KDTd8dMdODk3MjU1LTc0MDIzNjAuanBnfHx8fHx8fHx8fHw2NDB4NDgw.jpg"}]}},{"ad_id":"899133","reg_year":"2006","make":"Volkswagen","model":"Passat","variant":"B6 Comf 1.9tdi 105 4DR","mileage":"111219","engine_size":"1.9","fuel_type":"Diesel","body_type":"Saloon","colour":"858585","location":"Laois","price":"\u20ac 6,750","images":{"base_url":"http:\/\/i0.carsie.ie\/","image_list":[{"thumb":"Mzc1MmU2ZGRhOThlMzEzMTVjYjViZWI5YWJjYWVmNTZGHY-jycIGRALN5MNROS6DODk5MTMzLTc0MTQ1MzEuanBnfHx8fHx8OTJ4Njl8fHx8fA==.jpg","main":"MGZlMGU4MGRhOWE4MTM0YTRkZDg0ZWFjNjViOWFlNja_fd0YHe9kU5T9qYSkV_OYODk5MTMzLTc0MTQ1MzEuanBnfHx8fHx8fHx8fHw0MDB4MzAw.jpg","large":"N2EwOTk1YzA3OTBjZjdlMjVjZTA5MTk3MDVmZDgzNjQnY6hK1gqb5i96poMkHF37ODk5MTMzLTc0MTQ1MzEuanBnfHx8fHx8fHx8fHw2NDB4NDgw.jpg"}]}},{"ad_id":"884596","reg_year":"2007","make":"Volkswagen","model":"Polo","variant":"1.2 SE 64PS 5DR AIR-CON NCT","mileage":"54000","engine_size":"1.2","fuel_type":"Petrol","body_type":"Hatchback","colour":"e0e0e0","location":"Dublin","price":"\u20ac 6,750","images":{"base_url":"http:\/\/i0.carsie.ie\/","image_list":[{"thumb":"OTNjMTZjN2ZiZjZlNmUzNzAyZmFmODMwNjY1ZmYzM2Rr8WR2wvGudDer9v2akDT8ODg0NTk2LTcxOTcxOTkuanBnfHx8fHx8OTJ4Njl8fHx8fA==.jpg","main":"OTgyYzcwMGMwMDczNmY5ZDBmZGNkOGE1MGZiY2FhZGK9NZ_hnz7wJYu1ILWR_SxBODg0NTk2LTcxOTcxOTkuanBnfHx8fHx8fHx8fHw0MDB4MzAw.jpg","large":"YTM4MjgzMjQxMWFlYTRkZWUyMjg4NmU0YWFiZDlhNGSYsk0p7WTfL01AsK4Y710oODg0NTk2LTcxOTcxOTkuanBnfHx8fHx8fHx8fHw2NDB4NDgw.jpg"}]}},{"ad_id":"874475","reg_year":"2006","make":"Volvo","model":"S40","variant":"2.0D FULL LEATHER ","mileage":"124277","engine_size":"2.0","fuel_type":"Diesel","body_type":"Saloon","colour":"000000","location":"Dublin","price":"\u20ac 6,750","images":{"base_url":"http:\/\/i0.carsie.ie\/","image_list":[{"thumb":"ZGQwMTMwNWYzYjRjMTljYTJiZDRhMzVhMjM2N2MwNWbRk5-lZLv6Can-rG4kZRwDODc0NDc1LTcwNzEwOTEuanBnfHx8fHx8OTJ4Njl8fHx8fA==.jpg","main":"NTczZTZhNTcyNzRiMDQxNDM3NWNjZjI3MjMwZTA0OGSQAGJ9ZgjZzr3LrULkb_F8ODc0NDc1LTcwNzEwOTEuanBnfHx8fHx8fHx8fHw0MDB4MzAw.jpg","large":"ZTc4NjZmZWY2YmM0YzExYjVlODQ1NTc0ZjY1OTk0YTIP1wUzw_IMlVkOham0jO-3ODc0NDc1LTcwNzEwOTEuanBnfHx8fHx8fHx8fHw2NDB4NDgw.jpg"}]}},{"ad_id":"886387","reg_year":"2004","make":"Volvo","model":"V70","variant":"2.0T 5DR","mileage":"63000","engine_size":"2.0","fuel_type":"Petrol","body_type":"Estate","colour":"e0e0e0","location":"Dublin","price":"\u20ac 6,750","images":{"base_url":"http:\/\/i0.carsie.ie\/","image_list":[{"thumb":"MGRiMDc3YzhjNGQzNjc1NzE1MTZmNTVmZTNiODZmMWRsjbsm6Ai6TIGNc9OqZLZZODg2Mzg3LTcyMTMwNDguanBnfHx8fHx8OTJ4Njl8fHx8fA==.jpg","main":"M2Q3NjczNWEyYmJmMGZjYmE4MTlmMWNlMTlhZDYzYjBou8k76TFKvsBMSH9QTt0cODg2Mzg3LTcyMTMwNDguanBnfHx8fHx8fHx8fHw0MDB4MzAw.jpg","large":"MWM0MzkwODUzNjUzZmU4NjViMTk3MzZlM2M1N2ViNDRYbM1GggnCMEt8CGwO9ddCODg2Mzg3LTcyMTMwNDguanBnfHx8fHx8fHx8fHw2NDB4NDgw.jpg"}]}},{"ad_id":"884029","reg_year":"2006","make":"Opel","model":"Astra","variant":"SXI 1.4I 16V 3DR","mileage":"60000","engine_size":"1.4","fuel_type":"Petrol","body_type":"Hatchback","colour":"ff0000","location":"Dublin","price":"\u20ac 6,759","images":{"base_url":"http:\/\/i0.carsie.ie\/","image_list":[{"thumb":"MDRlNjllNjBmNzY5OGJmMTMzOWY4ZWVlNDI3ZGUzYjajEAOUA_KKVVBrzfnXvc4HODg0MDI5LS5qcGd8fHx8fHw5Mng2OXx8fHx8.jpg","main":"OWJiZWI1NmRiY2JiZmY5MmM0NzhiYjU0NzI1NjY5MDKXKKEv6Qjs1X7nHfWQ1MKIODg0MDI5LS5qcGd8fHx8fHx8fHx8fDQwMHgzMDA=.jpg","large":"OTJkNmI3MzhkYTNlNzY4OWNjNzNhNzNmNGRkM2QwZmVZS37zeaU7_-P7UxGUqArDODg0MDI5LS5qcGd8fHx8fHx8fHx8fDY0MHg0ODA=.jpg"}]}},{"ad_id":"890610","reg_year":"2006","make":"Ford","model":"Focus","variant":"1.6 TDCI Zetec Climate 108BHP 03DR","mileage":"93000","engine_size":"1.6","fuel_type":"Diesel","body_type":"Hatchback","colour":"e0e0e0","location":"Galway","price":"\u20ac 6,795","images":{"base_url":"http:\/\/i0.carsie.ie\/","image_list":[{"thumb":"MTA1MGJiMzU1M2QzODI0MTMzZjQ3Njc0OWNlYzcxOGMIdPKmWEII6rooXYHsc9iVODkwNjEwLTcyNDkwMzUuanBnfHx8fHx8OTJ4Njl8fHx8fA==.jpg","main":"OTRjYmIzMjM1NjgyODdkMmI3MTFhZDE1Zjk0M2QyNzc3MpOsUzbBbpFXoPJiUnzPODkwNjEwLTcyNDkwMzUuanBnfHx8fHx8fHx8fHw0MDB4MzAw.jpg","large":"M2FmYTAwOTI2NGFhZjk1ZjgzZDY2NGE0MDQ5MGEwNjcBUZe5DnHURTqjJTT8ms5nODkwNjEwLTcyNDkwMzUuanBnfHx8fHx8fHx8fHw2NDB4NDgw.jpg"}]}},{"ad_id":"794688","reg_year":"2006","make":"Hyundai","model":"Coupe","variant":"Coupe 1.6 2DR","mileage":"61517","engine_size":"1.6","fuel_type":"Petrol","body_type":"Coupe","colour":"0000c0","location":"Cork","price":"\u20ac 6,795","images":{"base_url":"http:\/\/i0.carsie.ie\/","image_list":[{"thumb":"ZjI0YzYyYjFhNDFlY2IzYTM5NDgzYzI3ZDgyMzhhZWXRywfJ3JPKLdd5dNMpFP3vNzk0Njg4LTYxODAwNjIuanBnfHx8fHx8OTJ4Njl8fHx8fA==.jpg","main":"YmU2MmIwOGMwZWI5ODdkODA1YjA3ODBkN2Q2OTk3ZDEY6eSdP53xOjX72rHXlbdLNzk0Njg4LTYxODAwNjIuanBnfHx8fHx8fHx8fHw0MDB4MzAw.jpg","large":"YzM1MDdhYmQxMTIzMTI0NDgxOWRkM2U2MWFmMmI1YmFA5fY135QrrJpcsivqT_d3Nzk0Njg4LTYxODAwNjIuanBnfHx8fHx8fHx8fHw2NDB4NDgw.jpg"}]}},{"ad_id":"886359","reg_year":"2009","make":"Nissan","model":"Micra","variant":"1.2 SC 09 5DR A","mileage":"73945","engine_size":"1.2","fuel_type":"Petrol","body_type":"Hatchback","colour":"e0e0e0","location":"Dublin","price":"\u20ac 6,799","images":{"base_url":"http:\/\/i0.carsie.ie\/","image_list":[{"thumb":"M2FhZGZlZWIyZDVmOTgzMWE2OGRjNThiNzlhM2FiNWNn-YcxWlu6e7c6K17AU4GaODg2MzU5LTcyMTI4MzYuanBnfHx8fHx8OTJ4Njl8fHx8fA==.jpg","main":"M2I0MWYxYzg5YWIzZTM4NmQ5Njg5YmY3Y2RkODVjODbl7qrs7LKfFTI4XO8RRMVyODg2MzU5LTcyMTI4MzYuanBnfHx8fHx8fHx8fHw0MDB4MzAw.jpg","large":"ZTIyZTkwMWNkOGM1NDdhYTI4M2JhOTI1M2E0YzIwNDK9kOrkEruf6-QO9XcssoDmODg2MzU5LTcyMTI4MzYuanBnfHx8fHx8fHx8fHw2NDB4NDgw.jpg"}]}},{"ad_id":"895224","reg_year":"2005","make":"Opel","model":"Astra","variant":"LIFE 1.6, AUTOMATIC, LOW MILES, NCT 1\/15","mileage":"32000","engine_size":"1.6","fuel_type":"Petrol","body_type":"Hatchback","colour":"e0e0e0","location":"Dublin","price":"\u20ac 6,799","images":{"base_url":"http:\/\/i0.carsie.ie\/","image_list":[{"thumb":"MzMyY2YxMDhkMjQ1YzczNzAwMGIzNzhjYTIyZjZiNjBPa8752pWTfSQICUPufzCbODk1MjI0LTczNDMzNTEuanBnfHx8fHx8OTJ4Njl8fHx8fA==.jpg","main":"YjMwNjNhMDc5NGU0YTY1NDQyNTdiYjA1YjFiODBlNTRjU-sBJ-NK5k1MTqU0w6RvODk1MjI0LTczNDMzNTEuanBnfHx8fHx8fHx8fHw0MDB4MzAw.jpg","large":"MTg5OTQwYmEwNmFhYWE2YTcxMmZlYzc0YTQwZjg5NDRlHffzKRiNM3nI__BrLpMqODk1MjI0LTczNDMzNTEuanBnfHx8fHx8fHx8fHw2NDB4NDgw.jpg"}]}}]}