{"total":"23408","result":[{"ad_id":"897144","reg_year":"1998","make":"Peugeot","model":"406","variant":"EX 2.0","mileage":"150000","engine_size":"2.0","fuel_type":"Petrol","body_type":"Saloon","colour":"ff0000","location":"Mayo","price":"\u20ac 650","images":{"base_url":"http:\/\/i0.carsie.ie\/","image_list":[{"thumb":"OGE0OTY2Njg4NTdmNTc2Mzc3ZWJkY2I2MTkzMjMyNTa2Ug9b3LlOgpH_GxNcKZ1mODk3MTQ0LTczNTEzOTMuanBnfHx8fHx8OTJ4Njl8fHx8fA==.jpg","main":"ZDJhZjhkM2UxNGZlZWQ3ZDdmOTM0ZTdjYTMwYzM0YWOgcnYSN0HgGCFu3Hsso5ITODk3MTQ0LTczNTEzOTMuanBnfHx8fHx8fHx8fHw0MDB4MzAw.jpg","large":"YThlNTc2M2QxNmM5YjQzYmU1YmM0ZGFhMDNmZTZlZje70-p7fvN6WVG5kyxg-CTLODk3MTQ0LTczNTEzOTMuanBnfHx8fHx8fHx8fHw2NDB4NDgw.jpg"}]}},{"ad_id":"900552","reg_year":"2002","make":"Renault","model":"Laguna","variant":"II DCI","mileage":"93000","engine_size":"1.9","fuel_type":"Diesel","body_type":"Hatchback","colour":"ff0000","location":"Cavan","price":"\u20ac 650","images":{"base_url":"http:\/\/i0.carsie.ie\/","image_list":[{"thumb":"Y2VmZGJiZGUyMmJlMThkYzhkMmQ0YTIwM2I1OWNhMzVl1ktdJEOQS6lJuu4qkCzeOTAwNTUyLTc0MDI3NjUuanBnfHx8fHx8OTJ4Njl8fHx8fA==.jpg","main":"MDU0M2U3M2Y5ZDg4ZDFjMzkyZjEzMzEyYjU4MTgwOWGmhsRfNLMG9F7yMuNpfI4wOTAwNTUyLTc0MDI3NjUuanBnfHx8fHx8fHx8fHw0MDB4MzAw.jpg","large":"YjhiMGFkYjgzNmY2MWRiYzU2MzIyYjkxMWE4MjQ0YzX3o3-G4Q-3yp_wtLx5pq38OTAwNTUyLTc0MDI3NjUuanBnfHx8fHx8fHx8fHw2NDB4NDgw.jpg"}]}},{"ad_id":"899126","reg_year":"2001","make":"Renault","model":"Laguna","variant":"1.6 Concord","mileage":"109000","engine_size":"1.6","fuel_type":"Petrol","body_type":"Hatchback","colour":"e0e0e0","location":"Dublin","price":"\u20ac 650","images":{"base_url":"http:\/\/i0.carsie.ie\/","image_list":[{"thumb":"NThmODM5MmNkOGZhMjIwMmZkZDczMmE1OGQ4MjFiZWPGNS-JuP_vcgwN3z1xrf6GODk5MTI2LTczNzQ1MjUuanBnfHx8fHx8OTJ4Njl8fHx8fA==.jpg","main":"YTc4OTM0ODU0YWMxYmEyZDNlYjhjOTgwZmRkNTNhYzIfs40VeJMusBgExZz4sXCEODk5MTI2LTczNzQ1MjUuanBnfHx8fHx8fHx8fHw0MDB4MzAw.jpg","large":"ODliNmU1ODA3Y2VkMGU0YmE3ZTY1MGYyYWU0ZTY1NDT7XMjDcrr6Ku60xt1rm7U_ODk5MTI2LTczNzQ1MjUuanBnfHx8fHx8fHx8fHw2NDB4NDgw.jpg"}]}},{"ad_id":"899089","reg_year":"2001","make":"Saab","model":"9-3","variant":"2.0 LPT","mileage":"136000","engine_size":"2.0","fuel_type":"Petrol","body_type":"Hatchback","colour":"000000","location":"Dublin","price":"\u20ac 650","images":{"base_url":"http:\/\/i0.carsie.ie\/","image_list":[{"thumb":"NmYzNjg1ZDkxOGU1OGZhNzlmY2RmZTQ3ZDBlYzU5ZGMGcKawPR7KCVe164h1m8aHODk5MDg5LTczNzM1NjIuanBnfHx8fHx8OTJ4Njl8fHx8fA==.jpg","main":"YmNlNDZhOGJjN2FjODU1NjZhMDM5ODFkNmY3Mzk0NWYxc0agFF93VH-FKd829hHgODk5MDg5LTczNzM1NjIuanBnfHx8fHx8fHx8fHw0MDB4MzAw.jpg","large":"ZmI5ZDZmMjIxNjlkNTAwYTIzY2Y0YTdmNTQ4NzhlODD1DNn7UvZamp9Pj5AB59wEODk5MDg5LTczNzM1NjIuanBnfHx8fHx8fHx8fHw2NDB4NDgw.jpg"}]}},{"ad_id":"897873","reg_year":"1999","make":"Toyota","model":"Avensis","variant":"Terra 1.6","mileage":"150000","engine_size":"1.6","fuel_type":"Petrol","body_type":"Saloon","colour":"008000","location":"Dublin","price":"\u20ac 650","images":{"base_url":"http:\/\/i0.carsie.ie\/","image_list":[{"thumb":"YTBiM2MwY2RkM2UzZmVmOTgxOGY4ZDE2NjE2MWQ3ZmFCpfnpEjpHIWhdboq611KOODk3ODczLTczNTg2MzYuanBnfHx8fHx8OTJ4Njl8fHx8fA==.jpg","main":"MWYwMDA1MTZiZjg5NTU3YWVkYzM4NmRmMDM0ODEzNGF6UpRos3RGear_FtcMUdCVODk3ODczLTczNTg2MzYuanBnfHx8fHx8fHx8fHw0MDB4MzAw.jpg","large":"NDcxNGRiZWU4YjE3NGEzN2FiNDM4MjI2MWY1ODJiZDOOBH_OAcaWGMmxwvkldee5ODk3ODczLTczNTg2MzYuanBnfHx8fHx8fHx8fHw2NDB4NDgw.jpg"}]}},{"ad_id":"879655","reg_year":"1999","make":"Volkswagen","model":"Polo","variant":"1.0","mileage":"125000","engine_size":"1.0","fuel_type":"Petrol","body_type":"Hatchback","colour":"008000","location":"Westmeath","price":"\u20ac 650","images":{"base_url":"http:\/\/i0.carsie.ie\/","image_list":[{"thumb":"NWEyNWVmN2Q1YTMyYTVmMmVlMTVmNjhjMDY4N2RlMjbhws08xDswcgag70enH-nIODc5NjU1LTcxMzA2NDUuanBnfHx8fHx8OTJ4Njl8fHx8fA==.jpg","main":"NjBkNTNkYjBhMDI2NjMwMGVmOTc4NWU2NTQ1YTg5ZDTTdqdRvf0g6QDAYqD7-1IpODc5NjU1LTcxMzA2NDUuanBnfHx8fHx8fHx8fHw0MDB4MzAw.jpg","large":"ODQzMDU0ZWRkNDEyZjk2Mjg3ZTM3NWM2NjQ1Y2QyMzUc6TDgAlXrxupNjUHIF1CbODc5NjU1LTcxMzA2NDUuanBnfHx8fHx8fHx8fHw2NDB4NDgw.jpg"}]}},{"ad_id":"896019","reg_year":"1996","make":"Volkswagen","model":"Polo","variant":"1.0","mileage":"131000","engine_size":"1.0","fuel_type":"Petrol","body_type":"Hatchback","colour":"0000c0","location":"Wicklow","price":"\u20ac 650","images":{"base_url":"http:\/\/i0.carsie.ie\/","image_list":[{"thumb":"MDg5ODJhNTk2ZTE3N2M5MGNlZjEzY2M2MzlkMmViMTmkCPEm_kpjA_66wfoAv8yFODk2MDE5LTczMjkzNDguanBnfHx8fHx8OTJ4Njl8fHx8fA==.jpg","main":"N2UyZTQ2NWJhYmE2ZDU4NWNjOGNiZTE3MGM1YzQwMzXWhreoQUk8WxoupHxnFcMPODk2MDE5LTczMjkzNDguanBnfHx8fHx8fHx8fHw0MDB4MzAw.jpg","large":"ODQ4MjcwZjAwNWQ3Njk1OGZhYjAyZWVlNTc4MTU2MzLyTgm0b1nI4G2A3ZS8mjiCODk2MDE5LTczMjkzNDguanBnfHx8fHx8fHx8fHw2NDB4NDgw.jpg"}]}},{"ad_id":"320990","reg_year":"1995","make":"Volvo","model":"850","variant":"","mileage":"93000","engine_size":"1.8","fuel_type":"Petrol","body_type":"Saloon","colour":"858585","location":"Dublin","price":"\u20ac 650","images":{"base_url":"http:\/\/i0.carsie.ie\/","image_list":[{"thumb":"YjA3ZTY4NjI0N2M1MDMyODdjOWJmNjA5OTY0OWRlMzQFYJuH1g90_Z7Q-y2tiGzQMzIwOTkwLTE0ODMzOTkuanBnfHx8fHx8OTJ4Njl8fHx8fA==.jpg","main":"N2ZlZWZmOTczM2I4OTAwZmJmOTI2NTgxODRmYzE1MmbfT2YfvF-oQLWNSDFRKr_5MzIwOTkwLTE0ODMzOTkuanBnfHx8fHx8fHx8fHw0MDB4MzAw.jpg","large":"MWQzZjFhMmMzOTI3YWU0MjY2YTBiODlhNjI2N2E4NmSTnE6n1f4V33t4S5XNzEoYMzIwOTkwLTE0ODMzOTkuanBnfHx8fHx8fHx8fHw2NDB4NDgw.jpg"}]}},{"ad_id":"899588","reg_year":"1994","make":"Opel","model":"Corsa","variant":"City 1.2","mileage":"136000","engine_size":"1.2","fuel_type":"Petrol","body_type":"Hatchback","colour":"000000","location":"Cork","price":"\u20ac 675","images":{"base_url":"http:\/\/i0.carsie.ie\/","image_list":[{"thumb":"MWZkOWMxZTk0Y2I4YWEyMjZjNGU3NDljNjJmMTMxNWQBPtyLHfxFhtoKcjy6IVMlODk5NTg4LTczODA2NDQuanBnfHx8fHx8OTJ4Njl8fHx8fA==.jpg","main":"ZTdiN2VkY2ZiYWYxNDE3MGE0NTA4ZDg4MzM1NDAyNjmJ6pjDGwGtXQQ3NuIxwev8ODk5NTg4LTczODA2NDQuanBnfHx8fHx8fHx8fHw0MDB4MzAw.jpg","large":"NDMzOTEzMmRiNWQwMWFmZjZmMDMyMThmZjFlNWYxNGSYLAKH35Q0iKQiffpZ2Sg6ODk5NTg4LTczODA2NDQuanBnfHx8fHx8fHx8fHw2NDB4NDgw.jpg"}]}},{"ad_id":"893638","reg_year":"1998","make":"Peugeot","model":"306","variant":null,"mileage":"130000","engine_size":"1.6","fuel_type":"Petrol","body_type":"Hatchback","colour":"0000c0","location":"Dublin","price":"\u20ac 675","images":{"base_url":"http:\/\/i0.carsie.ie\/","image_list":[{"thumb":"NWUwODY1MzVkMDI2OTIxNGJhYWI0ZDQ5NWIwNTFjZTU-BGP_I_KKGpBR0exZHHSFODkzNjM4LTcyODE5MTYuanBnfHx8fHx8OTJ4Njl8fHx8fA==.jpg","main":"MTQ2ODQ1MjlmNWE0ZTJkYzY5Mjc3YTZiYWYyZTZkZDmqhPEU1CW4pNLUVIHNU-9VODkzNjM4LTcyODE5MTYuanBnfHx8fHx8fHx8fHw0MDB4MzAw.jpg","large":"NGRmNjE0ZWFkMTJkYjViZDQ0N2JjNDYxYjA2ZTU2MmV-l7Xyyrr1bMoNccb1obncODkzNjM4LTcyODE5MTYuanBnfHx8fHx8fHx8fHw2NDB4NDgw.jpg"}]}},{"ad_id":"795007","reg_year":"2010","make":"Toyota","model":"Hilux","variant":"INVINCIBLE","mileage":"","engine_size":"3.0","fuel_type":"Diesel","body_type":"Pickup","colour":null,"location":"Meath","price":"\u20ac 680","images":{"base_url":"http:\/\/i0.carsie.ie\/","image_list":[{"thumb":"YTVmNTQxNDk2NTVhZDA3NTUyNjkyZTZiM2I5YzdjNzjWNiZyIQtLcEQ6BXBcUdHRNzk1MDA3LTYxNDEzMzcuanBnfHx8fHx8OTJ4Njl8fHx8fA==.jpg","main":"MTNhNTIxZGRkNDNmMmNlOGNlZDg4ODUzZGY0YzM1ZWH9El0LvW6ApI8OJ9kS4k_fNzk1MDA3LTYxNDEzMzcuanBnfHx8fHx8fHx8fHw0MDB4MzAw.jpg","large":"OGI1YzI2MGM1M2Y1ZmQwMWFiYjI4MTQ1NGQ5NjdmN2Qr6jo_5Qp1l4YUObyKIGnbNzk1MDA3LTYxNDEzMzcuanBnfHx8fHx8fHx8fHw2NDB4NDgw.jpg"}]}},{"ad_id":"880530","reg_year":"1998","make":"Audi","model":"A3","variant":"A3 1.6EB GREAT STARTER CAR","mileage":"123000","engine_size":"1.6","fuel_type":"Petrol","body_type":"Hatchback","colour":"008000","location":"Dublin","price":"\u20ac 690","images":{"base_url":"http:\/\/i0.carsie.ie\/","image_list":[{"thumb":"YzdlNDZmZjllMTQyYTU5ODM0NDhjNGE0YzBkN2Q2YzKuDRVm8YXD91BL7Ska7vwEODgwNTMwLTcxNDExMzYuanBnfHx8fHx8OTJ4Njl8fHx8fA==.jpg","main":"ZjQyYjFmODViNmIyODU4MTdkYzNjOTAwOTQ2MTFjODJDoMi-36oVuMBqdMeOo1fjODgwNTMwLTcxNDExMzYuanBnfHx8fHx8fHx8fHw0MDB4MzAw.jpg","large":"YTAzODZhMmVmZTE4NWNmYWZmOTc0OTAzMTc4NzhiZDcKMKgKr3IvodgaJhEvTpl_ODgwNTMwLTcxNDExMzYuanBnfHx8fHx8fHx8fHw2NDB4NDgw.jpg"}]}},{"ad_id":"895534","reg_year":"1999","make":"Mitsubishi","model":"Space Star","variant":"1.3 GL","mileage":"144000","engine_size":"1.3","fuel_type":"Petrol","body_type":"SUV","colour":"0000c0","location":"Dublin","price":"\u20ac 690","images":{"base_url":"http:\/\/i0.carsie.ie\/","image_list":[{"thumb":"NjRjNzRkYzVkYzUxODNhZGMzMGFjZTYzZDBhZWJlZWWvM9R59K77nDfdktP9UBu7ODk1NTM0LTczMjU0MTkuanBnfHx8fHx8OTJ4Njl8fHx8fA==.jpg","main":"ZWI1MDZhODZhYzAwN2EzYzFmNmQwNGNhZGMzNGM1OTYKCzmQc3jn31r0rP6O6Lk4ODk1NTM0LTczMjU0MTkuanBnfHx8fHx8fHx8fHw0MDB4MzAw.jpg","large":"ZGZiNzhmZjMwNmI0MmIwNzdkZTQwYWRiOTlhMDdmODhEI3iW976_8_EqOPP2ynRzODk1NTM0LTczMjU0MTkuanBnfHx8fHx8fHx8fHw2NDB4NDgw.jpg"}]}},{"ad_id":"847183","reg_year":"2000","make":"Saab","model":"9-3","variant":"2.0 TURBO EXCEPTIONAL CAR .\u20ac1390","mileage":"139000","engine_size":"2.0","fuel_type":"Petrol","body_type":"Cabriolet \/ Convertible","colour":"e0e0e0","location":"Dublin","price":"\u20ac 690","images":{"base_url":"http:\/\/i0.carsie.ie\/","image_list":[{"thumb":"MDcxMzcyMzMzZGJmZjZkM2YwNTFlNTViODVmZmNlMTUBHjZT1Y-gx8qpbLqHVtpQODQ3MTgzLTY3Njg2NDQuanBnfHx8fHx8OTJ4Njl8fHx8fA==.jpg","main":"OTRmODE5MTFiM2NhZjgxN2ViNDI4NTVhNzc0ZmM4MWVEQdolJNRt9kOIEstxrsMwODQ3MTgzLTY3Njg2NDQuanBnfHx8fHx8fHx8fHw0MDB4MzAw.jpg","large":"NWZkNTczNmUyM2QwZDRiNzUwZTY5YWZiZTEwMWJjNTSlHLtFLPDZDaYzwpcgDqnvODQ3MTgzLTY3Njg2NDQuanBnfHx8fHx8fHx8fHw2NDB4NDgw.jpg"}]}},{"ad_id":"889178","reg_year":"2000","make":"Mazda","model":"323","variant":"GLX 1.5","mileage":"139000","engine_size":"1.5","fuel_type":"Petrol","body_type":"Saloon","colour":"ff0000","location":"Dublin","price":"\u20ac 695","images":{"base_url":"http:\/\/i0.carsie.ie\/","image_list":[{"thumb":"ODU0YmNhZDQ3ZjNhZTUwYTc0YTgxZWNhYzJjYWVjMDB-2LuHljBib91l_8R21k_jODg5MTc4LTcyNDA5NTQuanBnfHx8fHx8OTJ4Njl8fHx8fA==.jpg","main":"YzhlYmE4MjRlOGFkMGY4NWQ3ZWNkYzk1NGMzNmIwMjLNB_dr46QtZRhnD1POg08_ODg5MTc4LTcyNDA5NTQuanBnfHx8fHx8fHx8fHw0MDB4MzAw.jpg","large":"ZGM5MWYzZWZhYTQxYTcwMTU2YThiZTcwYmE3NmI5ZDm5zmTgpDg50H029A5bWSaEODg5MTc4LTcyNDA5NTQuanBnfHx8fHx8fHx8fHw2NDB4NDgw.jpg"}]}},{"ad_id":"638928","reg_year":"1998","make":"Chrysler","model":"Grand Voyager","variant":"L. E MODEL. SOLD. SOLD. SOLD","mileage":"124560","engine_size":"3.3","fuel_type":"Petrol","body_type":"People Carrier","colour":"000000","location":"Cork","price":"\u20ac 700","images":{"base_url":"http:\/\/i0.carsie.ie\/","image_list":[{"thumb":"Mjg3ZWVjOGYyOGU4MjViNTI2MTExNGRlNGM3YjgwODZDbP1k7y5KTO7-kkigd0MiNjM4OTI4LTQyMjExNDMuanBnfHx8fHx8OTJ4Njl8fHx8fA==.jpg","main":"NTQxODgzNmNmNzRhN2FlNjg3ZmJjZDkzM2Y3YzE2MGSLvcImkcJpI41uxJ-4QM4dNjM4OTI4LTQyMjExNDMuanBnfHx8fHx8fHx8fHw0MDB4MzAw.jpg","large":"MTkzMzMwYjg3ZjQ0ZTViMmI4NzdhOGJkYWM3ZjVlNjFlOH0eLniCREuN_SlFbTmYNjM4OTI4LTQyMjExNDMuanBnfHx8fHx8fHx8fHw2NDB4NDgw.jpg"}]}},{"ad_id":"829021","reg_year":"2004","make":"Ford","model":"Mondeo","variant":"ESTATE TRADE SALE","mileage":"118000","engine_size":"1.8","fuel_type":"Petrol","body_type":"Estate","colour":"ff0000","location":"Kildare","price":"\u20ac 700","images":{"base_url":"http:\/\/i0.carsie.ie\/","image_list":[{"thumb":"MjQ4Nzg1YjM0NjhjZGUxMDgzYzE0MmZhNDM0ZTVhMGE1BvcVge-6jrhTjInStS5WODI5MDIxLTcwNzg0ODUuanBnfHx8fHx8OTJ4Njl8fHx8fA==.jpg","main":"MTA2MDA2OTIyZDY2NmMyY2MyY2VkNTBkYTIxNDYyN2JzGZ2U8uy_QZ0vuUFlxEikODI5MDIxLTcwNzg0ODUuanBnfHx8fHx8fHx8fHw0MDB4MzAw.jpg","large":"NzExODU5MjFiMWQ3NGQyZDAwZmNkYjA2YjQ1NDE0NTWBqDIO698TW9OZxy57djotODI5MDIxLTcwNzg0ODUuanBnfHx8fHx8fHx8fHw2NDB4NDgw.jpg"}]}},{"ad_id":"896390","reg_year":"1999","make":"Honda","model":"Accord","variant":"Life A\/C Cdti","mileage":"1059","engine_size":"1.5","fuel_type":"Diesel","body_type":"SUV","colour":"e0e0e0","location":"Dublin","price":"\u20ac 700","images":{"base_url":"http:\/\/i0.carsie.ie\/","image_list":[{"thumb":"YTRiYjdmOTllMzc3ZWE4YzBmZTg3OWMwMjdlOWRkNTOPUIck5oI4WPat0NzIHmIyODk2MzkwLTczNDE2MTMuanBnfHx8fHx8OTJ4Njl8fHx8fA==.jpg","main":"NTY3MTEyN2VlZTcwOWU2YjE0OTc2ZWY2NTIxOTEzNjG-I3gMSSWWgkwPxQQnlxFDODk2MzkwLTczNDE2MTMuanBnfHx8fHx8fHx8fHw0MDB4MzAw.jpg","large":"NmI2MzMzMTg5NjdhMzA1N2UyZDRhMTU3ZGIzYmU1YmGb1URiPOqOOe3mIn4wTUV2ODk2MzkwLTczNDE2MTMuanBnfHx8fHx8fHx8fHw2NDB4NDgw.jpg"}]}},{"ad_id":"879169","reg_year":"1996","make":"Honda","model":"Civic","variant":"1.5i LS","mileage":"160227","engine_size":"1.5","fuel_type":"Petrol","body_type":"Saloon","colour":"e0e0e0","location":"Galway","price":"\u20ac 700","images":{"base_url":"http:\/\/i0.carsie.ie\/","image_list":[{"thumb":"M2IwOWRiYzMxOTEyZTUxNGY4MjliNzc0NjA2ODBmMmRk8zqxCXJptYszaj7F9sp5ODc5MTY5LTcxMjgyNTMuanBnfHx8fHx8OTJ4Njl8fHx8fA==.jpg","main":"MWE0MTdkOGE1MTQ5ZTExOTE5OTkxODMyN2NmNTA2MjlIpbGp6Yno3aqn6CUKHFbvODc5MTY5LTcxMjgyNTMuanBnfHx8fHx8fHx8fHw0MDB4MzAw.jpg","large":"Yzc4YzdkZTQyNDQ3M2Y1N2Y4ZmJhOWMwNDRhMTIyNzNNkvfE3UIam2I-P1EJS8qGODc5MTY5LTcxMjgyNTMuanBnfHx8fHx8fHx8fHw2NDB4NDgw.jpg"}]}},{"ad_id":"899045","reg_year":"2000","make":"Hyundai","model":"Accent","variant":"GLS Gold","mileage":"148000","engine_size":"1.3","fuel_type":"Petrol","body_type":"Hatchback","colour":"ff0000","location":"Galway","price":"\u20ac 700","images":{"base_url":"http:\/\/i0.carsie.ie\/","image_list":[{"thumb":"MWRjNTc3YzY4YzExNjcxNzA1NzFiMzU3OWEyZDFjYzmCSjvIUIs9fkjQC93u3XCfODk5MDQ1LTczNzMwNjIuanBnfHx8fHx8OTJ4Njl8fHx8fA==.jpg","main":"ZDFlZjRhYTBjMWI1ZGRhMWVjYzY2ODhjZDk4ZjgyOTAyl0uubrfwaKRKOvAD2SGVODk5MDQ1LTczNzMwNjIuanBnfHx8fHx8fHx8fHw0MDB4MzAw.jpg","large":"ZjkyYjE3ODJjMTkwN2MzMTAzMDI5NDhhYzA3NGUzOGFFaV7vP2i85JFvaVnlQ5bsODk5MDQ1LTczNzMwNjIuanBnfHx8fHx8fHx8fHw2NDB4NDgw.jpg"}]}}]}