{"total":"23408","result":[{"ad_id":"879643","reg_year":"2011","make":"Seat","model":"Ibiza","variant":"1.2 REFERENCE --STUNNING VEHICLE--TAXED UNTIL OCTOBER 2013--","mileage":"46364","engine_size":"1.2","fuel_type":"Petrol","body_type":"People Carrier","colour":"ff0000","location":"Dublin","price":"\u20ac 9,450","images":{"base_url":"http:\/\/i0.carsie.ie\/","image_list":[{"thumb":"ZmI1MmYxNDgwNTAwMDUzZTk5ZGY1NjY4YmE0Yzg2Y2Ssiiryle-Co7mi5rgRqAZ3ODc5NjQzLTczNzI1NTQuanBnfHx8fHx8OTJ4Njl8fHx8fA==.jpg","main":"ZWE3OTFiZDhhM2Y2NjYyMTE1OGUwNGEzMDc1NjQwMDOaD3u7cEkQ0a1csKfIQ1fDODc5NjQzLTczNzI1NTQuanBnfHx8fHx8fHx8fHw0MDB4MzAw.jpg","large":"MzZlZDFlNDQ3ZDljODk3ODRlMTcxZTFlN2U0MjUwNzP6YGcEfQNjbXhPz4AdQFOaODc5NjQzLTczNzI1NTQuanBnfHx8fHx8fHx8fHw2NDB4NDgw.jpg"}]}},{"ad_id":"834536","reg_year":"2008","make":"Seat","model":"Leon","variant":"1.4 Costa","mileage":"22335","engine_size":"1.4","fuel_type":"Petrol","body_type":"Hatchback","colour":"000000","location":"Cavan","price":"\u20ac 9,450","images":{"base_url":"http:\/\/i0.carsie.ie\/","image_list":[{"thumb":"YzNlZDIxMmNhNjQ0NGQyMDY5Y2NjODJkYTUyOWI0ZDHBdSoB_m_L-rxK6CA_XoxgODM0NTM2LTY2NjA0ODIuanBnfHx8fHx8OTJ4Njl8fHx8fA==.jpg","main":"YWY4MDRkMTRhZGNjNDljZWYyNTQzYTZkYjQzNWQ4MGWUsWsKV_PxuUg18PXruFarODM0NTM2LTY2NjA0ODIuanBnfHx8fHx8fHx8fHw0MDB4MzAw.jpg","large":"NTdiNGM4ZWZlOTYzZDY5MDk5Yzk3ZmI0ZGZkOTQwMzIbPzu_EwcUxHHwYzQqXmr-ODM0NTM2LTY2NjA0ODIuanBnfHx8fHx8fHx8fHw2NDB4NDgw.jpg"}]}},{"ad_id":"896017","reg_year":"2010","make":"Skoda","model":"Fabia","variant":"Ambiente 1.2 60HP 5DR","mileage":"46000","engine_size":"1.2","fuel_type":"Petrol","body_type":"Hatchback","colour":"e0e0e0","location":"Dublin","price":"\u20ac 9,450","images":{"base_url":"http:\/\/i0.carsie.ie\/","image_list":[{"thumb":"YzgxZGRhNjM4MWZhMjNhZjhhMzgzODdhM2QwZDc2ZTO0fdLJxS9_QiuLFxh8YPZlODk2MDE3LTczNDI1OTYuanBnfHx8fHx8OTJ4Njl8fHx8fA==.jpg","main":"OTRjMjFkZjQ1YmM1MDE3OTdjODhlNmU1OWJiYTEwMDcscgtOkAvLHPpNjeHKiexZODk2MDE3LTczNDI1OTYuanBnfHx8fHx8fHx8fHw0MDB4MzAw.jpg","large":"ZGFkMzZlOWJlNzVlNjAzNGExNjg4MDFiNjkxMmRmYjhtH0YwbqaeCpWpunkWUo85ODk2MDE3LTczNDI1OTYuanBnfHx8fHx8fHx8fHw2NDB4NDgw.jpg"}]}},{"ad_id":"877102","reg_year":"2009","make":"Skoda","model":"Fabia","variant":"3 TDI PD","mileage":"31807","engine_size":"1.9","fuel_type":"Diesel","body_type":"Estate","colour":"ffffff","location":"Kildare","price":"\u20ac 9,450","images":{"base_url":"http:\/\/i0.carsie.ie\/","image_list":[{"thumb":"YmFmYmJkNjAzZWJlZmI4MWIyMGM1MWZlNGYyMTBhMTJKmnBr1CEa7mXNpLGaN1gWODc3MTAyLTcyNjA3ODUuanBnfHx8fHx8OTJ4Njl8fHx8fA==.jpg","main":"NGI2YjI3Nzg2YTI5MzY5NGU1NmQ5ZDA1NzJmZWYyZWIgUPEEPP90qY5wdR7ERD4vODc3MTAyLTcyNjA3ODUuanBnfHx8fHx8fHx8fHw0MDB4MzAw.jpg","large":"NzM2M2NlODMzOTdhZjhlYjUzYWFiZDcxYzllYWUxYTTZSLwgGH8FzXi-kHpwoq8nODc3MTAyLTcyNjA3ODUuanBnfHx8fHx8fHx8fHw2NDB4NDgw.jpg"}]}},{"ad_id":"888279","reg_year":"2010","make":"Skoda","model":"Fabia","variant":null,"mileage":"31690","engine_size":"1.2","fuel_type":"Petrol","body_type":null,"colour":"000000","location":"Laois","price":"\u20ac 9,450","images":{"base_url":"http:\/\/i0.carsie.ie\/","image_list":[{"thumb":"ODY4NTFjNzIzYjc5OTI1NzlmNmY3NGFkNjRjZjYwNTHSIP8zP9_-n0zUxsxYcXtOODg4Mjc5LTczODg0ODMuanBnfHx8fHx8OTJ4Njl8fHx8fA==.jpg","main":"YjVmOGExODE4ZTgwNWU3M2Y3ZGE0NzE1YzQwYjRiNThtxXiIwV4DJB0yQja5ud_qODg4Mjc5LTczODg0ODMuanBnfHx8fHx8fHx8fHw0MDB4MzAw.jpg","large":"NjE2OGExMjQ2ZTJjMWVkM2NjZjRmYzFjNzZlZmFlOGYHCMLDuLW0TDSAIxZ47PsvODg4Mjc5LTczODg0ODMuanBnfHx8fHx8fHx8fHw2NDB4NDgw.jpg"}]}},{"ad_id":"901411","reg_year":"2007","make":"Skoda","model":"Superb","variant":null,"mileage":"37282","engine_size":"1.9","fuel_type":"Diesel","body_type":null,"colour":"e0e0e0","location":"Dublin","price":"\u20ac 9,450","images":{"base_url":"http:\/\/i0.carsie.ie\/","image_list":[{"thumb":"ZmM2NzZjOTY2ZDVjNWZkODY3OTFiYmFjZjViOTMxNzR56lydEZg7WoeCJ7DQs-NOOTAxNDExLS5qcGd8fHx8fHw5Mng2OXx8fHx8.jpg","main":"MjA1YjU0NmZkY2E0NjdjMjc0MDMzNzcxYzc5OTk1OGO4WItk8HA4M7B8n1xFKO_YOTAxNDExLS5qcGd8fHx8fHx8fHx8fDQwMHgzMDA=.jpg","large":"ODE4OWMwMDZlZDFmYjZmY2E5MjY1NGY0N2Q2NzU0NTIvD63qBO2zfB6qJNLAEQIoOTAxNDExLS5qcGd8fHx8fHx8fHx8fDY0MHg0ODA=.jpg"}]}},{"ad_id":"895339","reg_year":"2008","make":"Suzuki","model":"Jimny","variant":"JLX 4WD 3DR","mileage":"46604","engine_size":"1.3","fuel_type":"Petrol","body_type":"SUV","colour":"ff0000","location":"Kerry","price":"\u20ac 9,450","images":{"base_url":"http:\/\/i0.carsie.ie\/","image_list":[{"thumb":"NzFmMGFkOTBkYjNlZmY1N2VhNTRhYTA1ZmU3NzhlMjAd57DuV44a7jzoGnKvqzlpODk1MzM5LTczMjI5ODAuanBnfHx8fHx8OTJ4Njl8fHx8fA==.jpg","main":"Y2JmZmJkNzQyNzQyNGY1Y2QxMjgxZWYzY2ZiMzQ4ZTYbd-TV85mvjGdHD0do3LS3ODk1MzM5LTczMjI5ODAuanBnfHx8fHx8fHx8fHw0MDB4MzAw.jpg","large":"MmZmN2VmNjBkZTUzY2Y0ZjU3NDRlZjE1NGViZDcxYWEV-gNaeLLTRsnnTDNX0NipODk1MzM5LTczMjI5ODAuanBnfHx8fHx8fHx8fHw2NDB4NDgw.jpg"}]}},{"ad_id":"900581","reg_year":"2009","make":"Toyota","model":"Auris","variant":"1.4 Terra","mileage":"83807","engine_size":"1.4","fuel_type":"Petrol","body_type":"Hatchback","colour":"000000","location":"Roscommon","price":"\u20ac 9,450","images":{"base_url":"http:\/\/i0.carsie.ie\/","image_list":[{"thumb":"Y2NhM2EzNzBlYmM0OGFlNmM4NGZkZWU0M2E0ZWMxMmaJ6sjPa_pJ0fRX8ErN8g0ZOTAwNTgxLTc0MDM2MTMuanBnfHx8fHx8OTJ4Njl8fHx8fA==.jpg","main":"MzMwNTJmOTk5M2FmMDMyNmFmNTMwNWQ2ZDRkNDU3M2M8vAet9rpdXfrH2mv2fCI_OTAwNTgxLTc0MDM2MTMuanBnfHx8fHx8fHx8fHw0MDB4MzAw.jpg","large":"MGQ1YWFiNzQ4MDA1ZmZjMGE1NmJlZDEzZDkwY2I4ZTm2U74ZuqqMb3I6VHEsSHE0OTAwNTgxLTc0MDM2MTMuanBnfHx8fHx8fHx8fHw2NDB4NDgw.jpg"}]}},{"ad_id":"883906","reg_year":"2008","make":"Toyota","model":"Avensis","variant":"avensis 1.6 strata","mileage":"59030","engine_size":"1.6","fuel_type":"Petrol","body_type":"Saloon","colour":"858585","location":"Cork","price":"\u20ac 9,450","images":{"base_url":"http:\/\/i0.carsie.ie\/","image_list":[{"thumb":"NmEzODczYTFmNTI0ZGY3MDdlNGI5YTkyZjY4OWVkMzQV9mp7H7ILe_dK4x4bAL1aODgzOTA2LTc0MjM0NzAuanBnfHx8fHx8OTJ4Njl8fHx8fA==.jpg","main":"MWEwNmVmYmJjNThkY2VlMGU4OTU2ZDk0MDQxMTUyNmLofj6NBKLZgewSfaA9-gmYODgzOTA2LTc0MjM0NzAuanBnfHx8fHx8fHx8fHw0MDB4MzAw.jpg","large":"ZWE3MzMzOWY0ZGRiMWZhODUzN2RiMWQ5ZDJjNmYzNjS_8loaQvlCuunS-UZrYeB3ODgzOTA2LTc0MjM0NzAuanBnfHx8fHx8fHx8fHw2NDB4NDgw.jpg"}]}},{"ad_id":"889956","reg_year":"2008","make":"Toyota","model":"Corolla","variant":"1.4 Terra 4 Dr CLEARY NISSAN","mileage":"64050","engine_size":"1.4","fuel_type":"Petrol","body_type":"Saloon","colour":"000000","location":"Mayo","price":"\u20ac 9,450","images":{"base_url":"http:\/\/i0.carsie.ie\/","image_list":[{"thumb":"OGVhNDVkODEyMjQyNmJkMDQ4MDk0NjQ3NzdiZmNmYzlDaVL6vqYcUkvko9L_kCW5ODg5OTU2LTcyNDU2MTQuanBnfHx8fHx8OTJ4Njl8fHx8fA==.jpg","main":"OTFmYjEzOWQ0NTY5YmI5MGQ0MmI0ZWFmNDlmYWI0NmJyyBLcgAgqsJA5n2gbhiX8ODg5OTU2LTcyNDU2MTQuanBnfHx8fHx8fHx8fHw0MDB4MzAw.jpg","large":"YWFmNzNmZTZhM2U0MDk4NWQwOWNlMmYyYTM3YjhkMmGrtV8G8TphPV4DoClkDl4JODg5OTU2LTcyNDU2MTQuanBnfHx8fHx8fHx8fHw2NDB4NDgw.jpg"}]}},{"ad_id":"897794","reg_year":"2008","make":"Toyota","model":"Corolla","variant":"1.4 TERRA SAL**FULL SERVICE HISTORY**","mileage":"54648","engine_size":"1.4","fuel_type":"Petrol","body_type":"Saloon","colour":"e0e0e0","location":"Westmeath","price":"\u20ac 9,450","images":{"base_url":"http:\/\/i0.carsie.ie\/","image_list":[{"thumb":"MmUxZWI1N2MzNDBiNTY3MGM0ZDU3Y2MzNjZjMDBhYWLW1dOfgFchjQRXsjy8-D4vODk3Nzk0LTc0MDU2MTIuanBnfHx8fHx8OTJ4Njl8fHx8fA==.jpg","main":"NjQ2MzM0MmY1ZGNhMzA1NzliNDA0NGRlZWFkMWEzMzYERTpKyVUNGOoHW_H_s0SzODk3Nzk0LTc0MDU2MTIuanBnfHx8fHx8fHx8fHw0MDB4MzAw.jpg","large":"ZmExNmQ1NmM0NTI4YTEzNjk5NmEwOTc1NThkYTY1ZDfcqV-tor-ZBGnWkc5roZbCODk3Nzk0LTc0MDU2MTIuanBnfHx8fHx8fHx8fHw2NDB4NDgw.jpg"}]}},{"ad_id":"902131","reg_year":"2009","make":"Toyota","model":"iQ","variant":"iq 1.0 strata 3dr","mileage":"44739","engine_size":"1.0","fuel_type":"Petrol","body_type":"Hatchback","colour":"ffffff","location":"Dublin","price":"\u20ac 9,450","images":{"base_url":"http:\/\/i0.carsie.ie\/","image_list":[{"thumb":"YTc3ZjRjYmEwN2I4NmU1OGYwZDM3YWNjZjBlZjE4YzNix0TwxsZ41itk0Xn98vFBOTAyMTMxLTc0Mjg0NDMuanBnfHx8fHx8OTJ4Njl8fHx8fA==.jpg","main":"NDlkYjhmNzQ1MTIwZTlhNzIyZGI0NTM4MmI0ZGIzY2Qw18IuiN3nntZ75t46LQ6vOTAyMTMxLTc0Mjg0NDMuanBnfHx8fHx8fHx8fHw0MDB4MzAw.jpg","large":"OTQ2YjM5NzE5YzY5MjhkN2RkZWNiMmIyN2VjMmU2MjXhQ1dh7Fcwm1b7u4hZ0OCQOTAyMTMxLTc0Mjg0NDMuanBnfHx8fHx8fHx8fHw2NDB4NDgw.jpg"}]}},{"ad_id":"891122","reg_year":"2007","make":"Toyota","model":"Prius","variant":"1.5 Luxury Hybrid - Auto - Leather &amp; Nav.","mileage":"130984","engine_size":"1.8","fuel_type":"Hybrid","body_type":"Hatchback","colour":"7a0000","location":"Galway","price":"\u20ac 9,450","images":{"base_url":"http:\/\/i0.carsie.ie\/","image_list":[{"thumb":"MDYxMzBhNTYwMmRjNjM0NjRmM2FmZGJjMDA1ZjE2YjYOnE57Eavjwi_9kUGa3EGwODkxMTIyLTczNjU0NzMuanBnfHx8fHx8OTJ4Njl8fHx8fA==.jpg","main":"Y2MyZjY2YjQwMjMxMTkyMjJlYzNlOTc5NDllMmUxNmE8vEUtq8jcxO-xfWNMonISODkxMTIyLTczNjU0NzMuanBnfHx8fHx8fHx8fHw0MDB4MzAw.jpg","large":"ZDAwNzg2NjhhODNkNTQ0MGYzOTc3MzNiMWUxNmQ4ZjWOpNJWsHS3acdQImXKX4pSODkxMTIyLTczNjU0NzMuanBnfHx8fHx8fHx8fHw2NDB4NDgw.jpg"}]}},{"ad_id":"871266","reg_year":"2006","make":"Toyota","model":"Rav4","variant":"D4D","mileage":"110604","engine_size":"2.2","fuel_type":"Diesel","body_type":null,"colour":"858585","location":"Cork","price":"\u20ac 9,450","images":{"base_url":"http:\/\/i0.carsie.ie\/","image_list":[{"thumb":"OTVjMzNlNWJkNDY5Y2I2N2I5OTQzYjc5MWQzMjVkOGP1eEQHtusIV2lSeCr50x3WODcxMjY2LTcwMzY0MjcuanBnfHx8fHx8OTJ4Njl8fHx8fA==.jpg","main":"NDJlZTRiNDVlZDk3ZmIyNTFmYzc0N2JiYzRmYTc0MmNZ2UfA_smYVAu_J0vvmLvKODcxMjY2LTcwMzY0MjcuanBnfHx8fHx8fHx8fHw0MDB4MzAw.jpg","large":"NzY0ZDhlNmRmODRlZDQ3ODhkMWJlNTE3NmVmMmMyODR6GUABIHYtC-1KW0Y0TCqkODcxMjY2LTcwMzY0MjcuanBnfHx8fHx8fHx8fHw2NDB4NDgw.jpg"}]}},{"ad_id":"882421","reg_year":"2007","make":"Toyota","model":"Rav4","variant":"rav 4 (4x4) 2.0 luna","mileage":"49337","engine_size":"2.0","fuel_type":"Petrol","body_type":"SUV","colour":"000000","location":"Dublin","price":"\u20ac 9,450","images":{"base_url":"http:\/\/i0.carsie.ie\/","image_list":[{"thumb":"NjU1MGI1ZGU1MTkxYmE3ZTE1MmM2MWVlYjYwMzY5NGJOnKDh9vqe1TtglDZ48ukCODgyNDIxLTcxNjIyNDcuanBnfHx8fHx8OTJ4Njl8fHx8fA==.jpg","main":"YTg0YWNmZmE4NWJiMzdkYjI4ZWQ5NzUzZmVmNDc5MTckAocPlSxqeBbvopqYa0BDODgyNDIxLTcxNjIyNDcuanBnfHx8fHx8fHx8fHw0MDB4MzAw.jpg","large":"MzA0NTQ5OGU3YWYwYjA4ZDZkZmMyYzFkN2RmMTJlZTF2cHzBoOnA8S_8x0q6VnwxODgyNDIxLTcxNjIyNDcuanBnfHx8fHx8fHx8fHw2NDB4NDgw.jpg"}]}},{"ad_id":"887929","reg_year":"2007","make":"Toyota","model":"Rav4","variant":"RAV LUNA","mileage":"53328","engine_size":"2.0","fuel_type":"Petrol","body_type":"SUV","colour":"e0e0e0","location":"Dublin","price":"\u20ac 9,450","images":{"base_url":"http:\/\/i0.carsie.ie\/","image_list":[{"thumb":"NmZjZThiOWZiM2Y5MDAxYTY1NjhjYTQxYzc4NTRiOTApbE7qcyW6GuVJy1ied15dODg3OTI5LTcyODExNzYuanBnfHx8fHx8OTJ4Njl8fHx8fA==.jpg","main":"NmYxMDZiM2JlY2I3YjRmNjk5NzEwYjRkMDExNDNkMTbFVbfjZ2FqLE3cZw_YaihtODg3OTI5LTcyODExNzYuanBnfHx8fHx8fHx8fHw0MDB4MzAw.jpg","large":"MzFlNzE4MzM4MmFlMDJjYWRmYzljM2ViMjA5ODFiZTkGM1dhkmBMuedgdFgrUgcJODg3OTI5LTcyODExNzYuanBnfHx8fHx8fHx8fHw2NDB4NDgw.jpg"}]}},{"ad_id":"804853","reg_year":"2007","make":"Toyota","model":"Rav4","variant":"2.0 Luna 4x4","mileage":"81250","engine_size":"2.0","fuel_type":"Petrol","body_type":"Estate","colour":"e0e0e0","location":"Mayo","price":"\u20ac 9,450","images":{"base_url":"http:\/\/i0.carsie.ie\/","image_list":[{"thumb":"NzczOTNmZDEwOTI2YjRiYWRjNDVlOWJhOTM0NGNjN2Rl2hlCpc4blKaMg1YZBJuPODA0ODUzLTY2MDA4MTkuanBnfHx8fHx8OTJ4Njl8fHx8fA==.jpg","main":"MGY1Nzk3YzUzZjE5NGRjYWQ3NmM3M2ExNmU4NGQyZjmW3dVoN-MtqAle-FvG-IV-ODA0ODUzLTY2MDA4MTkuanBnfHx8fHx8fHx8fHw0MDB4MzAw.jpg","large":"NWU0NzJiMjkzZGI2ZWYwMmZhM2NkNmExNzdhODZhYTIkHM0mh055Bs8MLj91LqJOODA0ODUzLTY2MDA4MTkuanBnfHx8fHx8fHx8fHw2NDB4NDgw.jpg"}]}},{"ad_id":"880116","reg_year":"2009","make":"Toyota","model":"Yaris","variant":"1.0 STRATA 5DR*ONLY 16000KM*12 MONTHS WARRANTY*SIMI APPROVED DEALER*","mileage":"10094","engine_size":"1.0","fuel_type":"Petrol","body_type":null,"colour":"0000c0","location":"Dublin","price":"\u20ac 9,450","images":{"base_url":"http:\/\/i0.carsie.ie\/","image_list":[{"thumb":"OTRkODI4MjQwMDQ3Nzk1YjM0ZjYzNjFiODA5YmRjM2EtBoo_VvNZTta5OBBF5awRODgwMTE2LTcxMzk1MzEuanBnfHx8fHx8OTJ4Njl8fHx8fA==.jpg","main":"M2Q1ZmQxZjhhNjFjZTExMWE5Njk5ZWFhYmIxZTJmNzg4rq_85kLuhB1TczbVu25PODgwMTE2LTcxMzk1MzEuanBnfHx8fHx8fHx8fHw0MDB4MzAw.jpg","large":"M2MwZTk1NTY4ZDlkYTYwYzFlM2Q2YmRkMTJkM2FmZjjurQC0asdMxmbD20Nz5OViODgwMTE2LTcxMzk1MzEuanBnfHx8fHx8fHx8fHw2NDB4NDgw.jpg"}]}},{"ad_id":"838685","reg_year":"2010","make":"Toyota","model":"Yaris","variant":null,"mileage":"57166","engine_size":"1.0","fuel_type":"Petrol","body_type":"Hatchback","colour":"0000c0","location":"Meath","price":"\u20ac 9,450","images":{"base_url":"http:\/\/i0.carsie.ie\/","image_list":[{"thumb":"Yjg2N2UxMDI1YjY1OGQzY2FmYWFiNzgxMjcxMzgxMmSgfiu9DfZ6Gn38LIiqm48rODM4Njg1LTY3Mzg0OTEuanBnfHx8fHx8OTJ4Njl8fHx8fA==.jpg","main":"MWQzYzdkYzU4MGE4YmJlOGJiN2ZkMmY5MzFiZDM1YThNg_zLjSRZRbCIKVuOrqvoODM4Njg1LTY3Mzg0OTEuanBnfHx8fHx8fHx8fHw0MDB4MzAw.jpg","large":"NzEyODZhYjkyYzIxODA2MTg5YjQ1YTVkODg4NzU1NjJj3FbU7l4eKF1r__IJGOnIODM4Njg1LTY3Mzg0OTEuanBnfHx8fHx8fHx8fHw2NDB4NDgw.jpg"}]}},{"ad_id":"893404","reg_year":"2009","make":"Toyota","model":"Yaris","variant":"1.0LTR 5DR LUNA","mileage":"38214","engine_size":"1.0","fuel_type":"Petrol","body_type":"Hatchback","colour":"e0e0e0","location":"Westmeath","price":"\u20ac 9,450","images":{"base_url":"http:\/\/i0.carsie.ie\/","image_list":[{"thumb":"ZDEzZGMxOWZkNzMzMmJhOTI1MWMyMjg3ODQ1MWEyNjbAfAhGg0NA-idmrZUOE1K5ODkzNDA0LTcyNzk5MDQuanBnfHx8fHx8OTJ4Njl8fHx8fA==.jpg","main":"ZjQyOTExM2Q3NzQyNTM1MmY5ZDE0MTRkZTBkODk0OTUioV3cIhCvf9oG5CYsp9fJODkzNDA0LTcyNzk5MDQuanBnfHx8fHx8fHx8fHw0MDB4MzAw.jpg","large":"YjM2NjNkNzg2MjE3YzAwMjg1NDM0YjM4YWE3NzdlNTnl_quL8epS_3EZBn0DiOJ2ODkzNDA0LTcyNzk5MDQuanBnfHx8fHx8fHx8fHw2NDB4NDgw.jpg"}]}}]}