{"total":"23408","result":[{"ad_id":"785452","reg_year":"2008","make":"Volkswagen","model":"Golf","variant":"1.6 102BHP","mileage":"100372","engine_size":"1.6","fuel_type":"Petrol","body_type":"Hatchback","colour":"000000","location":"Dublin","price":"\u20ac 7,950","images":{"base_url":"http:\/\/i0.carsie.ie\/","image_list":[{"thumb":"MmYxODFmZjE0YjA5YzRiZmM3ZmZhZjc5MjU4NmM2MTjym4E8B2UnL11ocL0yzjzaNzg1NDUyLTYwMjk0NjYuanBnfHx8fHx8OTJ4Njl8fHx8fA==.jpg","main":"MzI2MzhiNTlkMzAzMzA2ZWQxMDc5NDQ2NmIxZDY2MmJng4ViOb65klfuOVCMz7M7Nzg1NDUyLTYwMjk0NjYuanBnfHx8fHx8fHx8fHw0MDB4MzAw.jpg","large":"Y2U5NWRiZDBhMTliYzc0NjAwNzllYTIzM2YxMjgwYWH3h1Ug_nBZnQvqJ0g-dKpVNzg1NDUyLTYwMjk0NjYuanBnfHx8fHx8fHx8fHw2NDB4NDgw.jpg"}]}},{"ad_id":"884219","reg_year":"2006","make":"Volkswagen","model":"Golf","variant":"1.4 Sport 5DR --LOW MILEAGE-- BRILLIANT VALUE--","mileage":"52655","engine_size":"1.4","fuel_type":"Petrol","body_type":"Hatchback","colour":"858585","location":"Dublin","price":"\u20ac 7,950","images":{"base_url":"http:\/\/i0.carsie.ie\/","image_list":[{"thumb":"NWFjMTc5ZGU5ZjRiNzY5NjFlZjg2MjYxYzdkNDBjMjEkTkNdjcrfRRR62G8BAXw5ODg0MjE5LTcxOTI2NDIuanBnfHx8fHx8OTJ4Njl8fHx8fA==.jpg","main":"NzgyZGJkNWE3YjM4Zjc5Yjc2ZWIzMjI1ZDM3ZDZiNDULfOwdbGOaMYh_vV5278kvODg0MjE5LTcxOTI2NDIuanBnfHx8fHx8fHx8fHw0MDB4MzAw.jpg","large":"NTk1OTkwOWIyZTlmZTNlYWJkYmRmMGZiNDZkNDI5OGaRe3RIZAOPFKbsmmrw9TYAODg0MjE5LTcxOTI2NDIuanBnfHx8fHx8fHx8fHw2NDB4NDgw.jpg"}]}},{"ad_id":"885334","reg_year":"2005","make":"Volkswagen","model":"Golf","variant":"2.0gti 5DR","mileage":"114956","engine_size":"2.0","fuel_type":"Petrol","body_type":"Hatchback","colour":"000000","location":"Dublin","price":"\u20ac 7,950","images":{"base_url":"http:\/\/i0.carsie.ie\/","image_list":[{"thumb":"Y2FkMzJhNTU2ZWNkNGRiMzEwYmQ2MGRhOTAwNTNmYWJsq5gkaJ2q9EOZ4je_LK0OODg1MzM0LTcyMDI3NDEuanBnfHx8fHx8OTJ4Njl8fHx8fA==.jpg","main":"ZWQyYWQ2Y2I3OTg5MjM4MTJhYTM5MDNjN2RhMTg2OGLzEWUsfj0KeA_goL6riOL_ODg1MzM0LTcyMDI3NDEuanBnfHx8fHx8fHx8fHw0MDB4MzAw.jpg","large":"NTQ5ZDllOGNjMmRlYWJhNDU2YjlkODlmMjU2NDM0NDNbsuXRtW_OEl3ltfM1U_HzODg1MzM0LTcyMDI3NDEuanBnfHx8fHx8fHx8fHw2NDB4NDgw.jpg"}]}},{"ad_id":"901530","reg_year":"2007","make":"Volkswagen","model":"Golf","variant":"Plus 1.4 Comf 80BHP 5DR","mileage":"43395","engine_size":"1.4","fuel_type":"Petrol","body_type":"Hatchback","colour":"000000","location":"Dublin","price":"\u20ac 7,950","images":{"base_url":"http:\/\/i0.carsie.ie\/","image_list":[{"thumb":"NmJmZDkxNjZkMjY3NTY1N2I1OTUyMGQ3ZTkxZGZlMWFco3-6f5dwK1m7JHCbruR9OTAxNTMwLTc0MjExNzAuanBnfHx8fHx8OTJ4Njl8fHx8fA==.jpg","main":"YTViODM0YzkyZWQzOGY4OWQxYjE0ZWJkYjIzYzhhOGFC6oq9aNMZNIs4It4G3Go9OTAxNTMwLTc0MjExNzAuanBnfHx8fHx8fHx8fHw0MDB4MzAw.jpg","large":"YTU1NzBkMmJjZGM5ZGU4MmQ3OGQ0NWUxNDY3YmQ5Zjlp_9mXpT4UoCt44sA5p5CZOTAxNTMwLTc0MjExNzAuanBnfHx8fHx8fHx8fHw2NDB4NDgw.jpg"}]}},{"ad_id":"901816","reg_year":"2007","make":"Volkswagen","model":"Golf","variant":"Plus 1.4 80 BHP 5DR --BRILLIANT VALUE--","mileage":"81655","engine_size":"1.4","fuel_type":"Petrol","body_type":"Hatchback","colour":"e0e0e0","location":"Dublin","price":"\u20ac 7,950","images":{"base_url":"http:\/\/i0.carsie.ie\/","image_list":[{"thumb":"NmUwYmI2ZmJlZTY4YTFmZTI2MWE1OTUwZjVlYTZjOWKrfgEV5mswHPG-Urk-06dHOTAxODE2LTc0MjUxMzIuanBnfHx8fHx8OTJ4Njl8fHx8fA==.jpg","main":"YjRlNGIzM2MwN2IyMjZlNmUxNGE0ZWM0ZWRhOGI1YjkpwMA769raReUiuIx94LSmOTAxODE2LTc0MjUxMzIuanBnfHx8fHx8fHx8fHw0MDB4MzAw.jpg","large":"ODVlODIwZjU0YzQ0MDk2MGNjOWRjYzliYmUzYzFiNjWCyCeVhOzZ6mJ2rbq1XxftOTAxODE2LTc0MjUxMzIuanBnfHx8fHx8fHx8fHw2NDB4NDgw.jpg"}]}},{"ad_id":"900681","reg_year":"2006","make":"Volkswagen","model":"Golf","variant":"1.4 75BHP 5DR","mileage":"54060","engine_size":"1.4","fuel_type":"Petrol","body_type":"Hatchback","colour":"e0e0e0","location":"Kildare","price":"\u20ac 7,950","images":{"base_url":"http:\/\/i0.carsie.ie\/","image_list":[{"thumb":"ZDkwNzkyOGFkZjU5MzY1NzQ1ZDcwMTI3YmMwMjAxNzafdd-NscAAiXwaYnwNZSEUOTAwNjgxLTc0MDU0NDIuanBnfHx8fHx8OTJ4Njl8fHx8fA==.jpg","main":"Y2RmOWNhNzMzMTBhN2JlMWUzN2M5NGMxZjk1MmFiMGE9qXjh6OIvogWhWaWHFq0EOTAwNjgxLTc0MDU0NDIuanBnfHx8fHx8fHx8fHw0MDB4MzAw.jpg","large":"OWYyNGI3ZjRhNzk3YjY5YTc4NzEwNzRhZDgxZTgzYWU5Ad_pmpjsjBwV-BGkBrdWOTAwNjgxLTc0MDU0NDIuanBnfHx8fHx8fHx8fHw2NDB4NDgw.jpg"}]}},{"ad_id":"892493","reg_year":"2007","make":"Volkswagen","model":"Golf","variant":"1.4 COMFORT 5DR *SHOWROOM CONDITION* *PARTS AND LABOUR WARRANTY* *ROCHFORD MOTORS* *BUY WITH CONFIDENCE* ","mileage":"97557","engine_size":"1.4","fuel_type":"Petrol","body_type":"Hatchback","colour":"e0e0e0","location":"Mayo","price":"\u20ac 7,950","images":{"base_url":"http:\/\/i0.carsie.ie\/","image_list":[{"thumb":"NTkyZTg4NDM2NzRmMjdhMmJkZTM4MDlhN2YwNTlmY2Rs4RF1AipHwnfvRvsMsAceODkyNDkzLTczMjA5NTUuanBnfHx8fHx8OTJ4Njl8fHx8fA==.jpg","main":"NDRiMWE0MmQ5NGJjYmFmMzE4MzFkNmY0YmRlN2YyY2T8uPLhLUPuEIN1Cd5_DUeIODkyNDkzLTczMjA5NTUuanBnfHx8fHx8fHx8fHw0MDB4MzAw.jpg","large":"ZGU3MTUxOWZkZjFlZGUwOWU3ZGFiNWJjNjZlNzU4NTOK_NMDGzehpWiiWXeHpQkxODkyNDkzLTczMjA5NTUuanBnfHx8fHx8fHx8fHw2NDB4NDgw.jpg"}]}},{"ad_id":"884964","reg_year":"2006","make":"Volkswagen","model":"Jetta","variant":"1.9 TDI SE 110bhp Automatic 09 , 2014 nct","mileage":"70000","engine_size":"1.9","fuel_type":"Diesel","body_type":"Saloon","colour":"0000c0","location":"Dublin","price":"\u20ac 7,950","images":{"base_url":"http:\/\/i0.carsie.ie\/","image_list":[{"thumb":"OGQwMTA2MmQwYzhkMTM0ZDY1N2VkMmNiNTcxNjkxZDlVAbMM7nlWP19LTnfoQgkJODg0OTY0LTcyMDE5NTcuanBnfHx8fHx8OTJ4Njl8fHx8fA==.jpg","main":"ZDhlNTcxNTFmODg0YzE2OWI4YTNlMjg2ZDFlMGY3YTeG_-6dqlz1kjcJUFcaZvC_ODg0OTY0LTcyMDE5NTcuanBnfHx8fHx8fHx8fHw0MDB4MzAw.jpg","large":"MTMwMzkxMDliZDNjY2IyNTBlZmI2MzA1ZDMxOTM3MTKah3ml9fwE0TLleX9firM2ODg0OTY0LTcyMDE5NTcuanBnfHx8fHx8fHx8fHw2NDB4NDgw.jpg"}]}},{"ad_id":"899693","reg_year":"2007","make":"Volkswagen","model":"Jetta","variant":"Sport 1.4tsi","mileage":"60000","engine_size":"1.4","fuel_type":"Petrol","body_type":"Saloon","colour":"0000c0","location":"Wicklow","price":"\u20ac 7,950","images":{"base_url":"http:\/\/i0.carsie.ie\/","image_list":[{"thumb":"NTUwZGFiZTZjMjAzMjM3M2NjZDhkMGQxNjdmZjAxNDRTHmLx09MElsQePKzo2ivcODk5NjkzLTc0MDM5NjEuanBnfHx8fHx8OTJ4Njl8fHx8fA==.jpg","main":"N2IyZGI4MWQyZjhjMTUxYzM0NWY0MGI3MTkzMDNlODe5Q0T2oPrIWm--iE--pTBuODk5NjkzLTc0MDM5NjEuanBnfHx8fHx8fHx8fHw0MDB4MzAw.jpg","large":"NGVjODBlZjk3NzllZDFkMjZjZGNhMzNhY2NkMDRkNGZiKsBEaxwt0x-Z7AIy7yWXODk5NjkzLTc0MDM5NjEuanBnfHx8fHx8fHx8fHw2NDB4NDgw.jpg"}]}},{"ad_id":"896166","reg_year":"2007","make":"Volkswagen","model":"Passat","variant":"1.9 TDI HIGHLINE","mileage":"118000","engine_size":"1.9","fuel_type":"Diesel","body_type":"Saloon","colour":"0000c0","location":"Carlow","price":"\u20ac 7,950","images":{"base_url":"http:\/\/i0.carsie.ie\/","image_list":[{"thumb":"NzM5MTBhYjBjNWY1NzlmMDA1MGI1MGI2M2RmZGQ4ODUNOt9yhhuS9N44t4FGAlGWODk2MTY2LTczNTcxODIuanBnfHx8fHx8OTJ4Njl8fHx8fA==.jpg","main":"NzliNzllOWNjZDYwZGUyNGRkNWE3ODc5MjY4ZGM0NzO-ctr3J96mVuIRsuSKyuGaODk2MTY2LTczNTcxODIuanBnfHx8fHx8fHx8fHw0MDB4MzAw.jpg","large":"YTcyMTMyZjgxZDJhZjJmODBhZjYyYWRmYWQ5NjkxOTQ9_85TZ9yC-Oqx7gBaef7IODk2MTY2LTczNTcxODIuanBnfHx8fHx8fHx8fHw2NDB4NDgw.jpg"}]}},{"ad_id":"867884","reg_year":"2006","make":"Volkswagen","model":"Passat","variant":"TDI S","mileage":"79000","engine_size":"1.9","fuel_type":"Diesel","body_type":"Saloon","colour":"e0e0e0","location":"Cork","price":"\u20ac 7,950","images":{"base_url":"http:\/\/i0.carsie.ie\/","image_list":[{"thumb":"NDgxMWU2M2VjMzJlNjRhZTM3ZjhhMWExMTJkNTAwYjW2k_RdFqkCP9N6Q1UYfGOzODY3ODg0LTcxMzMxNDMuanBnfHx8fHx8OTJ4Njl8fHx8fA==.jpg","main":"MDJlYTBkM2RmNWU1YzczNTMxZmMyNTRhMGZkNDdiZDcR7zyJZjjcIjqEccxkm_ITODY3ODg0LTcxMzMxNDMuanBnfHx8fHx8fHx8fHw0MDB4MzAw.jpg","large":"NjRjMmFkYTVjYmFmZjMzNDM0MDQ0MjlmOWMzYzhmMmMfkfEZiLh937w_vnS57CpoODY3ODg0LTcxMzMxNDMuanBnfHx8fHx8fHx8fHw2NDB4NDgw.jpg"}]}},{"ad_id":"814144","reg_year":"2006","make":"Volkswagen","model":"Passat","variant":"HIGHLINE 1.9 TDI FINANCE ARRANGED IN 1 HOUR","mileage":"94448","engine_size":"1.9","fuel_type":"Diesel","body_type":"Saloon","colour":"000000","location":"Dublin","price":"\u20ac 7,950","images":{"base_url":"http:\/\/i0.carsie.ie\/","image_list":[{"thumb":"MGYwNWM3ZDJiNjE1MmI4MDc5ZDFiOTEwODY0NTRjNzeglkkA10OW3pe7sC0CX1B4ODE0MTQ0LTczNTk2MzAuanBnfHx8fHx8OTJ4Njl8fHx8fA==.jpg","main":"MWZmNmRmODU4Yjg3N2JiMDJhZTYwMTE2Nzk5ZTIzNmEyRmZkDRAEY2vTGUAD1cWRODE0MTQ0LTczNTk2MzAuanBnfHx8fHx8fHx8fHw0MDB4MzAw.jpg","large":"OTU3M2VlNjM2ZGU3NTI4NTA0NmUyODkyNDhjNTIzYWE2duY4gRbNCO-kWkjG8pWLODE0MTQ0LTczNTk2MzAuanBnfHx8fHx8fHx8fHw2NDB4NDgw.jpg"}]}},{"ad_id":"887173","reg_year":"2006","make":"Volkswagen","model":"Passat","variant":"2.0 TDI SPORT 140BHP 4DR .","mileage":"105000","engine_size":"2.0","fuel_type":"Diesel","body_type":null,"colour":"000000","location":"Dublin","price":"\u20ac 7,950","images":{"base_url":"http:\/\/i0.carsie.ie\/","image_list":[{"thumb":"ZmY1MDAxOTVkYzA5MzEwNTc3YjQxYTNiMTUxMTk1ZTj8DVaDZhnh0L0FXEWWZy2mODg3MTczLTcyMzk0NTYuanBnfHx8fHx8OTJ4Njl8fHx8fA==.jpg","main":"NDlhOTk2ODFiODI5ZTMwNWFhNTFlYmVjOTcwZWQ2ZTYlhOUqKqIVHaqwYlSD9QnbODg3MTczLTcyMzk0NTYuanBnfHx8fHx8fHx8fHw0MDB4MzAw.jpg","large":"ZTA2MTUwOThiYzEzZjA5MjQ3MzAxYTNiZWU1ZjYzNjJ3DB0EJmjbU1ZdR3xv7fh4ODg3MTczLTcyMzk0NTYuanBnfHx8fHx8fHx8fHw2NDB4NDgw.jpg"}]}},{"ad_id":"887887","reg_year":"2006","make":"Volkswagen","model":"Passat","variant":"Highline","mileage":"65648","engine_size":"1.6","fuel_type":"Petrol","body_type":"Saloon","colour":"994d00","location":"Dublin","price":"\u20ac 7,950","images":{"base_url":"http:\/\/i0.carsie.ie\/","image_list":[{"thumb":"NWI0OGY3MDEwN2FiMWExNWY1Y2IwODI5YmNjODI3MzMQRuE1ksJxtYck-eAH54aqODg3ODg3LTcyODAwMzIuanBnfHx8fHx8OTJ4Njl8fHx8fA==.jpg","main":"Yzg1ZGJiZDU5YjkyODIxMTU4YTg4ZjQ4YzM0Yjk4NjCucNsWXJrJA5vKjjQvjWtQODg3ODg3LTcyODAwMzIuanBnfHx8fHx8fHx8fHw0MDB4MzAw.jpg","large":"NzIwOWU1OWQwMDc0MjQzNThlMTE3OTQ1ODY2MjM5OTbNk1PQLfYEWizFTSFjKumXODg3ODg3LTcyODAwMzIuanBnfHx8fHx8fHx8fHw2NDB4NDgw.jpg"}]}},{"ad_id":"892426","reg_year":"2006","make":"Volkswagen","model":"Passat","variant":"B6 COMFORT 1.9 TDI 105 4DR .","mileage":"100500","engine_size":"1.9","fuel_type":"Diesel","body_type":null,"colour":"858585","location":"Dublin","price":"\u20ac 7,950","images":{"base_url":"http:\/\/i0.carsie.ie\/","image_list":[{"thumb":"MjZkMGMyNGVmZTYwMDg5NTIwNzk1YjE1MzViZTNjNDMGeE4deuWUctfnmsjlJ3xdODkyNDI2LTcyODMxNjQuanBnfHx8fHx8OTJ4Njl8fHx8fA==.jpg","main":"NGZiZjA3ZDc1MDQwZWMyYTAzYWFiOTdjZTYwNjNjNGT9H-D6pS5g8doxYD8UNEVZODkyNDI2LTcyODMxNjQuanBnfHx8fHx8fHx8fHw0MDB4MzAw.jpg","large":"MjkxZmZiODU3MzA2YTAzOWI4YzM3NDNlZGJkNjYyZTUvfpVTo0IoFBDmqdc1J_OQODkyNDI2LTcyODMxNjQuanBnfHx8fHx8fHx8fHw2NDB4NDgw.jpg"}]}},{"ad_id":"873343","reg_year":"2006","make":"Volkswagen","model":"Passat","variant":"TDI SE","mileage":"106000","engine_size":"1.9","fuel_type":"Diesel","body_type":"Saloon","colour":"0000c0","location":"Galway","price":"\u20ac 7,950","images":{"base_url":"http:\/\/i0.carsie.ie\/","image_list":[{"thumb":"YzM1MmRhMmQwZjVjN2I2ZWNkYWY1NWRlYzEyZWY3Yjf_m-w4lJ2BRdGBHcBbNo1nODczMzQzLS5qcGd8fHx8fHw5Mng2OXx8fHx8.jpg","main":"NGRlNDNiNjJiOGViNDAwNTk1N2M4MmIzYzZmMGRmYzFgGSskNHMfuZR6GxkFlZmKODczMzQzLS5qcGd8fHx8fHx8fHx8fDQwMHgzMDA=.jpg","large":"ZDUyNTI2MTE3Y2EzMTdjMGJiYmUxMjllYTcwMTE2YzgPg1F5X9iJ0JfBSIUDcIioODczMzQzLS5qcGd8fHx8fHx8fHx8fDY0MHg0ODA=.jpg"}]}},{"ad_id":"890472","reg_year":"2006","make":"Volkswagen","model":"Passat","variant":null,"mileage":"116349","engine_size":"1.9","fuel_type":"Diesel","body_type":null,"colour":"0000c0","location":"Galway","price":"\u20ac 7,950","images":{"base_url":"http:\/\/i0.carsie.ie\/","image_list":[{"thumb":"ZWZiZTAzNjQwZjQ0MzAzNmVjYTJjYmFlZDEwNzAxODij3n3q5omOcfEJwFokiKkcODkwNDcyLTczMzY2NzcuanBnfHx8fHx8OTJ4Njl8fHx8fA==.jpg","main":"MDZiOGIzMDc1ZjkyMzE0MjA2NTNhMzMzNjMxNTk1YTLYU6eBM0VQE5dlrMGfQ5AsODkwNDcyLTczMzY2NzcuanBnfHx8fHx8fHx8fHw0MDB4MzAw.jpg","large":"NWI5NTQ5Y2Y0YTU2NTA3OGI3OGM5ZWIxNjI0YzcyY2bHLeaJCWdP2UsKlCJF6RJ7ODkwNDcyLTczMzY2NzcuanBnfHx8fHx8fHx8fHw2NDB4NDgw.jpg"}]}},{"ad_id":"878849","reg_year":"2006","make":"Volkswagen","model":"Passat","variant":"2.0 TDI SE 140BHP 04DR A","mileage":"83000","engine_size":"2.0","fuel_type":"Diesel","body_type":"Saloon","colour":"008000","location":"Kildare","price":"\u20ac 7,950","images":{"base_url":"http:\/\/i0.carsie.ie\/","image_list":[{"thumb":"M2UyNjVkODJhOWNjMzIxYWYxNmZjZDM5MTBjZjVjYTK4isvaXfTHfIumYUwbskL_ODc4ODQ5LTcyNDc1MDUuanBnfHx8fHx8OTJ4Njl8fHx8fA==.jpg","main":"YmU5OWY0MjZkMTI0NDc2ZWQyZWY2ZDIxOTk5OTQ5ODVmomIFCmZFy3wg3Bf5in9sODc4ODQ5LTcyNDc1MDUuanBnfHx8fHx8fHx8fHw0MDB4MzAw.jpg","large":"YTEwMTNlYmY3YjZiZWYxMWU5NDU2NjhjOGVmOWZhZTKqmaN5Pd6Bl-YYSqMJ9_VDODc4ODQ5LTcyNDc1MDUuanBnfHx8fHx8fHx8fHw2NDB4NDgw.jpg"}]}},{"ad_id":"891873","reg_year":"2007","make":"Volkswagen","model":"Passat","variant":"1.9 TDI 105PS SALE NOW ON !","mileage":"107000","engine_size":"1.9","fuel_type":"Diesel","body_type":"Saloon","colour":"0000c0","location":"Meath","price":"\u20ac 7,950","images":{"base_url":"http:\/\/i0.carsie.ie\/","image_list":[{"thumb":"YjlmZWZjMjUzYjczOGI3YjEwYzk3NGJmOTA4NjQ0MmG_r3y0pVAvX_MT3dQwYLRSODkxODczLTcyNjgxODYuanBnfHx8fHx8OTJ4Njl8fHx8fA==.jpg","main":"MDhkOTc1NGIwOTExMzIwYzZlOTVmOGYyODExNjQzZGNX9lX6gnOFGqK-eM4anQrAODkxODczLTcyNjgxODYuanBnfHx8fHx8fHx8fHw0MDB4MzAw.jpg","large":"ZDU0YjQ3OTVmZTEyMzgzN2ViZmM5MzYyYTZmZWUwZTKjLPu0ty2ifDbuaI2k84BeODkxODczLTcyNjgxODYuanBnfHx8fHx8fHx8fHw2NDB4NDgw.jpg"}]}},{"ad_id":"897649","reg_year":"2007","make":"Volkswagen","model":"Passat","variant":"1.9tdi 4DR","mileage":"106000","engine_size":"1.9","fuel_type":"Diesel","body_type":"Saloon","colour":"e0e0e0","location":"Meath","price":"\u20ac 7,950","images":{"base_url":"http:\/\/i0.carsie.ie\/","image_list":[{"thumb":"NjViNGY1YzQzYWI1Yjc3OGQyZDEzYjMxYjVhZjAwNTLOP6SYrqChALtyYL9QAZkRODk3NjQ5LTczNTYyMjEuanBnfHx8fHx8OTJ4Njl8fHx8fA==.jpg","main":"MjFjMjk1ZDY3OTVjZDdiMDk5YjQzMzBiMmNhN2Q3ZGbxYO10Kb60a1wYMFk3UyvKODk3NjQ5LTczNTYyMjEuanBnfHx8fHx8fHx8fHw0MDB4MzAw.jpg","large":"MzFhNzM2MGQ1Y2RhMTAzMDkzNDdkOGRmNDVmOGViNTLgjjrNZGE8lbQVsK5MKcFCODk3NjQ5LTczNTYyMjEuanBnfHx8fHx8fHx8fHw2NDB4NDgw.jpg"}]}}]}