{"total":"23408","result":[{"ad_id":"882934","reg_year":"2009","make":"Volkswagen","model":"Polo","variant":null,"mileage":"39236","engine_size":"1.2","fuel_type":"Petrol","body_type":null,"colour":"e0e0e0","location":"Galway","price":"\u20ac 9,500","images":{"base_url":"http:\/\/i0.carsie.ie\/","image_list":[{"thumb":"MGMxZmZmZWVlY2NlODlhM2Q4YmMyMWM3MTcxMWZhNTKtRxNg-KoaS683QHuAk-eDODgyOTM0LTczMzM2NzIuanBnfHx8fHx8OTJ4Njl8fHx8fA==.jpg","main":"ZjJkOTFmN2ViMjFjNzM5M2U5YmFkMTY2MjhkYTZiZjEZjD20flbsnsTjn15Afyy5ODgyOTM0LTczMzM2NzIuanBnfHx8fHx8fHx8fHw0MDB4MzAw.jpg","large":"ZTQxOGMwMzk4MTc4NDAxZjY1NTE4YjJiODJjZDIzMWX8qxtoPNLuME3ng97O1BTAODgyOTM0LTczMzM2NzIuanBnfHx8fHx8fHx8fHw2NDB4NDgw.jpg"}]}},{"ad_id":"862199","reg_year":"2006","make":"Volkswagen","model":"Sharan","variant":null,"mileage":"152872","engine_size":"1.9","fuel_type":"Diesel","body_type":null,"colour":"0000c0","location":"Galway","price":"\u20ac 9,500","images":{"base_url":"http:\/\/i0.carsie.ie\/","image_list":[{"thumb":"NzY4YjU2YzEwYWZmMjVkNmZmODU0MzJkYzBjMTQzMTLuALSKlVs40W_5mf2nIITUODYyMTk5LTY5MjgzNTQuanBnfHx8fHx8OTJ4Njl8fHx8fA==.jpg","main":"MWE5N2VjODBlZjk2ODA4Mjk3ODIzODk0OWIxNjIxYWUE85hJRgGqz4v-k1BMAgAaODYyMTk5LTY5MjgzNTQuanBnfHx8fHx8fHx8fHw0MDB4MzAw.jpg","large":"MDY1Y2I2NDdjMTA4Yzc5MmVlMWU0M2QzMTUzMTdmNTVpCUo0FIf-oz7zWcXR1GwpODYyMTk5LTY5MjgzNTQuanBnfHx8fHx8fHx8fHw2NDB4NDgw.jpg"}]}},{"ad_id":"567140","reg_year":"1935","make":"Wolseley","model":"Wasp","variant":"","mileage":"","engine_size":"1.3","fuel_type":"Petrol","body_type":"Saloon","colour":"000000","location":"Donegal","price":"\u20ac 9,500","images":{"base_url":"http:\/\/i0.carsie.ie\/","image_list":[{"thumb":"ZTRiNjRjZmZiMGYyM2FjYjU4MjllMTQ5MDllM2QyZjXf-0xE0VjJyfK91rlG6kEsNTY3MTQwLTM1MDE4NDkuanBnfHx8fHx8OTJ4Njl8fHx8fA==.jpg","main":"MGYyNzk0ZDVkMzY0MGI5ZTBjNTQyZjc5MjQ2YjRkYWMquOzIg5LzCNdVBdZGYb4pNTY3MTQwLTM1MDE4NDkuanBnfHx8fHx8fHx8fHw0MDB4MzAw.jpg","large":"MDE1ODU2NzJkYmM2ZGM0ZTdlNDc0Y2ViMThiOWVjMDCogp-LZjVQWY__wP3oUs2ENTY3MTQwLTM1MDE4NDkuanBnfHx8fHx8fHx8fHw2NDB4NDgw.jpg"}]}},{"ad_id":"892638","reg_year":"2008","make":"Ford","model":"Mondeo","variant":"NT Zetec 1.8tdi 125PS 6 Speed","mileage":"137948","engine_size":"1.8","fuel_type":"Diesel","body_type":"Hatchback","colour":"000000","location":"Tipperary","price":"\u20ac 9,550","images":{"base_url":"http:\/\/i0.carsie.ie\/","image_list":[{"thumb":"YWMxZWNkOGJlMmY0ZDZhYTY4NjY1ZWY2MDhkNmQ3Y2RvVT_cQF_zW2uIJZrxD5DMODkyNjM4LTcyNzU2NzMuanBnfHx8fHx8OTJ4Njl8fHx8fA==.jpg","main":"ZjhhMWViNmU4N2U5NDYwNDU5YzNlYzc5NjNjYmU5YmUv0chOR6BTe2Z7IGlWSF7SODkyNjM4LTcyNzU2NzMuanBnfHx8fHx8fHx8fHw0MDB4MzAw.jpg","large":"NGE0MTI3MmU5MjBjZjA5ZmY2MWQxNWJhODE2NzJlNDVJSOuW5FFdZmg8xOZSugpFODkyNjM4LTcyNzU2NzMuanBnfHx8fHx8fHx8fHw2NDB4NDgw.jpg"}]}},{"ad_id":"778656","reg_year":"2008","make":"Kia","model":"Sorento","variant":"2.5 EX","mileage":"86000","engine_size":"2.5","fuel_type":"Diesel","body_type":"SUV","colour":"000000","location":"Cavan","price":"\u20ac 9,550","images":{"base_url":"http:\/\/i0.carsie.ie\/","image_list":[{"thumb":"ZDg4OWJkYzUxMDVmNzM3Y2M4NGQ5NTJhNzM5NTAwM2RIU5atxb6kIINhrzSif-zxNzc4NjU2LTU5NDk1MTUuanBnfHx8fHx8OTJ4Njl8fHx8fA==.jpg","main":"ODQ0YTBmZDY2MTk3Y2ZjYjU2ZjA3ODExNTk1OTAwMWYNVWUGnUNn1DGiwuAN1NFHNzc4NjU2LTU5NDk1MTUuanBnfHx8fHx8fHx8fHw0MDB4MzAw.jpg","large":"ZTM5Mjc4YmVhYjJiZTA1NWJjYWY1ZjQxYWIxYTQ1OWNehffGU5JvSUARz7RvzfXaNzc4NjU2LTU5NDk1MTUuanBnfHx8fHx8fHx8fHw2NDB4NDgw.jpg"}]}},{"ad_id":"898491","reg_year":"2008","make":"Opel","model":"Astra","variant":"1.9 CDTI SXI","mileage":"77000","engine_size":"1.9","fuel_type":"Diesel","body_type":"Hatchback","colour":"000000","location":"Galway","price":"\u20ac 9,550","images":{"base_url":"http:\/\/i0.carsie.ie\/","image_list":[{"thumb":"YzVlZTU3ZWFmOTFjODM3M2VkY2Y2OWJiMGY1NzAzOGLsleT1_57Q2jiU3RvJt_3FODk4NDkxLTczNjU4ODcuanBnfHx8fHx8OTJ4Njl8fHx8fA==.jpg","main":"YTJmYjcxOWZjOWVlNTBjZjA0ODkyMmYxOGY0NWU2MWJPqiQCKFHzoYcFkbXNqxlGODk4NDkxLTczNjU4ODcuanBnfHx8fHx8fHx8fHw0MDB4MzAw.jpg","large":"ZDE1YjVlMDYwNzM2MzI0OWE0ZDIyNjUwOTQ1NDQ4OThxqRmZPxjPhoD83dL4hgt0ODk4NDkxLTczNjU4ODcuanBnfHx8fHx8fHx8fHw2NDB4NDgw.jpg"}]}},{"ad_id":"893614","reg_year":"2009","make":"Volkswagen","model":"Transporter","variant":"VAN LWB 2800 75KW TDI 5SP DD","mileage":"84274","engine_size":"1.9","fuel_type":"Diesel","body_type":"Van","colour":"0000c0","location":"Louth","price":"\u20ac 9,550","images":{"base_url":"http:\/\/i0.carsie.ie\/","image_list":[{"thumb":"YTE1ZWIwOTI3NmYxM2RlMmU2ODU1ODYzNjBhYjA3YTJSjX1OKlsEryO-j7T0gJUTODkzNjE0LTcyODE2NTguanBnfHx8fHx8OTJ4Njl8fHx8fA==.jpg","main":"NTQ1MTk0MTI4ZjNlNzhiMDE0NmM4MGJmMTAxNGYyZWKY8-1AnHtcnZ5TX2crk_a9ODkzNjE0LTcyODE2NTguanBnfHx8fHx8fHx8fHw0MDB4MzAw.jpg","large":"YjAwZDliNzBmYzM2ZTU5NGNjODk1MmUxNWRiOWMwN2K65qmibm7URIslA9C8h-DWODkzNjE0LTcyODE2NTguanBnfHx8fHx8fHx8fHw2NDB4NDgw.jpg"}]}},{"ad_id":"889366","reg_year":"2007","make":"Volkswagen","model":"Passat","variant":"Full Service History","mileage":"64312","engine_size":"1.9","fuel_type":"Diesel","body_type":"Saloon","colour":"000000","location":"Wexford","price":"\u20ac 9,595","images":{"base_url":"http:\/\/i0.carsie.ie\/","image_list":[{"thumb":"Y2RkNDBlZGM4NmIyNDFmZjgxMDM4ZWQ5NzIyNTg4OTCPV8wslXu1Wc-3X2wkm1iQODg5MzY2LTcyNDI2MDIuanBnfHx8fHx8OTJ4Njl8fHx8fA==.jpg","main":"OGY1NTJmMjdiOTVjOGY5Y2I2ODYzNGUwNjFhYjdmNDEQrKEZL9v1WmCBfcdbAVcHODg5MzY2LTcyNDI2MDIuanBnfHx8fHx8fHx8fHw0MDB4MzAw.jpg","large":"NDAwYzJlN2Q4NDNlMmUyNmU4NGM0MWRkNGJlMjQyNTeD211WHsPgSGr-BNYVObptODg5MzY2LTcyNDI2MDIuanBnfHx8fHx8fHx8fHw2NDB4NDgw.jpg"}]}},{"ad_id":"877116","reg_year":"2007","make":"BMW","model":"316","variant":"I SE Z3SP 4DR","mileage":"32312","engine_size":"1.6","fuel_type":"Petrol","body_type":"Saloon","colour":"000000","location":"Dublin","price":"\u20ac 9,600","images":{"base_url":"http:\/\/i0.carsie.ie\/","image_list":[{"thumb":"NWI5ZDRmZGYzNzAwZjM4NjIzOTYwM2NlMWFhZDQzODMzoFiTGCUTzIIpgk3f0emlODc3MTE2LTcxMDY4NjIuanBnfHx8fHx8OTJ4Njl8fHx8fA==.jpg","main":"NmMwMTBkYzlkN2QzMWVjYTM5MGVjMWFkM2VlYmJmZGLi1LZ8P_p4Dcam4VC0ViAQODc3MTE2LTcxMDY4NjIuanBnfHx8fHx8fHx8fHw0MDB4MzAw.jpg","large":"MzdiNGQ0MmRlNjNmYTk1Njk2ZWU0ZjJiY2M4ODE0MWQiJ9d-zIVV-Gnxr8Ih7xbKODc3MTE2LTcxMDY4NjIuanBnfHx8fHx8fHx8fHw2NDB4NDgw.jpg"}]}},{"ad_id":"898230","reg_year":"2008","make":"Ford","model":"Focus","variant":"style","mileage":"59000","engine_size":"1.6","fuel_type":"Diesel","body_type":"Estate","colour":"ffffff","location":"Cork","price":"\u20ac 9,600","images":{"base_url":"http:\/\/i0.carsie.ie\/","image_list":[{"thumb":"NmE0ODg1NjI1ZGIxYjMzZTczNzA2MjQ2ZWZlMzkyMzF4TbOacZnlfxK1Ubp7PaN2ODk4MjMwLTczNjMxNjUuanBnfHx8fHx8OTJ4Njl8fHx8fA==.jpg","main":"MzY0N2M4ODMwNDI3YWYxNWNkMDg5MmMzMmZiOTc5ZTXuSDm5NwbezXwJjuZW3UuEODk4MjMwLTczNjMxNjUuanBnfHx8fHx8fHx8fHw0MDB4MzAw.jpg","large":"Zjk1Y2Y0ZTE4OGRlNmJkNWQ1YTJiNTY5NTAwOTcxZDbtghpFqNOZvW0CgBi1nkGNODk4MjMwLTczNjMxNjUuanBnfHx8fHx8fHx8fHw2NDB4NDgw.jpg"}]}},{"ad_id":"855829","reg_year":"2008","make":"Peugeot","model":"308","variant":"S HDI","mileage":"51000","engine_size":"1.6","fuel_type":"Diesel","body_type":"Hatchback","colour":"e0e0e0","location":"Tipperary","price":"\u20ac 9,600","images":{"base_url":"http:\/\/i0.carsie.ie\/","image_list":[{"thumb":"OGQ0ODQ0YWFlZDFjYTZjODFmYjFlODk2YjZmMTg2NGMd0T3B5qgCjY7K5gZdhzcGODU1ODI5LTY4NjAzMjYuanBnfHx8fHx8OTJ4Njl8fHx8fA==.jpg","main":"ZTQyOWY2MDUzNTMxNzdkZWJiMTY2MDg0Y2YyNDRjOTEsU08wEjL-PMC3NLYWBs2OODU1ODI5LTY4NjAzMjYuanBnfHx8fHx8fHx8fHw0MDB4MzAw.jpg","large":"Njk2YzEzODczNzM1MmI1MDI1MWEwOWE2NjU2MWNlZmW6m0pSMxljDI9lJs94cUG-ODU1ODI5LTY4NjAzMjYuanBnfHx8fHx8fHx8fHw2NDB4NDgw.jpg"}]}},{"ad_id":"844794","reg_year":"2009","make":"Ford","model":"Fiesta","variant":"STYLE","mileage":"46305","engine_size":"1.2","fuel_type":"Petrol","body_type":"Hatchback","colour":"ff0000","location":"Cork","price":"\u20ac 9,650","images":{"base_url":"http:\/\/i0.carsie.ie\/","image_list":[{"thumb":"NTQ2MTNhMzJhNzQzYmM4MWY1NDZjYzUyM2Y3MjQ3NzjkdkYp-_dIE6f1P3ht0sQVODQ0Nzk0LTY3NDEwODQuanBnfHx8fHx8OTJ4Njl8fHx8fA==.jpg","main":"N2NhODIxNzczNDM2YjU3Mzk1N2ZmNTdjZDZiZWNiN2P5IOP74Y339njMwi4PFtiHODQ0Nzk0LTY3NDEwODQuanBnfHx8fHx8fHx8fHw0MDB4MzAw.jpg","large":"NWVlMTNiMjBjZWQyYWUxYjRlMmE0NTg5OGRlYzQyYWQV7Lyu0JwiJoR0YRjinaLrODQ0Nzk0LTY3NDEwODQuanBnfHx8fHx8fHx8fHw2NDB4NDgw.jpg"}]}},{"ad_id":"896669","reg_year":"2011","make":"Renault","model":"Clio","variant":"3 1.2 16V Royale ECO","mileage":"18020","engine_size":"1.1","fuel_type":"Petrol","body_type":"Hatchback","colour":"ff0000","location":"Wexford","price":"\u20ac 9,650","images":{"base_url":"http:\/\/i0.carsie.ie\/","image_list":[{"thumb":"M2Q0ODU1OGMzZDBjMDY2ODVhNWI1OGFiYTY0YzZkYTVHAZO3RfptQsccE-tNY8yaODk2NjY5LTczNDU0ODIuanBnfHx8fHx8OTJ4Njl8fHx8fA==.jpg","main":"YTViZWExZTJkMTI3ODFhNzEwMDE2NzZjZDhiMmQ1OWa25BC93fzimYWGj2kd_xKWODk2NjY5LTczNDU0ODIuanBnfHx8fHx8fHx8fHw0MDB4MzAw.jpg","large":"ZDE5MWY0YTNhMDU2MDNjMjQxYTA2YmE0MGY4ZjEwM2WdhYatHOgLbtTCKusxc2cUODk2NjY5LTczNDU0ODIuanBnfHx8fHx8fHx8fHw2NDB4NDgw.jpg"}]}},{"ad_id":"870346","reg_year":"2010","make":"Toyota","model":"Aygo","variant":"Blue Vvt-i","mileage":"","engine_size":"1.0","fuel_type":"Petrol","body_type":"Hatchback","colour":"0000c0","location":"Wexford","price":"\u20ac 9,650","images":{"base_url":"http:\/\/i0.carsie.ie\/","image_list":[{"thumb":"Y2M3YTVmY2VlM2NkNjc5Y2ViNzRlNDhlZTA5ZjUzNWSpp8iiHNkGrgaGz7EpNcgRODcwMzQ2LTcwMjQyODUuanBnfHx8fHx8OTJ4Njl8fHx8fA==.jpg","main":"OTc3ZWY0NDFjODhjZTY5NzdlZmRjOWUxNGEyZmI1YjAgy3UBFiNLe4tBPPaCPVTxODcwMzQ2LTcwMjQyODUuanBnfHx8fHx8fHx8fHw0MDB4MzAw.jpg","large":"ZmExMDIwZmY4NGFiMmJhYjk4ZDJjMDVkZTg0NGUxZGHQFSO8ryrHFzXPGSqVWJJGODcwMzQ2LTcwMjQyODUuanBnfHx8fHx8fHx8fHw2NDB4NDgw.jpg"}]}},{"ad_id":"891747","reg_year":"2009","make":"Volkswagen","model":"Caddy","variant":"VAN 2.0 D S Line 6DR","mileage":"52817","engine_size":"2.0","fuel_type":"Diesel","body_type":"Van","colour":"ffffff","location":"Wicklow","price":"\u20ac 9,650","images":{"base_url":"http:\/\/i0.carsie.ie\/","image_list":[{"thumb":"NTQ4Mjk2N2VkZjMzMjI0N2U4MGFmMTk0MzY3Mzg4YjYt7ZiKMoXpcjDYlbTjZne3ODkxNzQ3LTc0MTg4MTcuanBnfHx8fHx8OTJ4Njl8fHx8fA==.jpg","main":"N2FjZTI3YjlhYjYwMWM0MTUzMWJlZTI4YzAzYjhlNzeIGLTv2jBicTli6C5siGvzODkxNzQ3LTc0MTg4MTcuanBnfHx8fHx8fHx8fHw0MDB4MzAw.jpg","large":"ZmJmYmRkMmQwYjljMGE5OTlkMDg3YTc2MGMyZDRhMWLr5MjRPH4IggHv83hUaGlFODkxNzQ3LTc0MTg4MTcuanBnfHx8fHx8fHx8fHw2NDB4NDgw.jpg"}]}},{"ad_id":"859912","reg_year":"2008","make":"Volkswagen","model":"Passat","variant":"2.0 TDI SE 140BHP","mileage":"112000","engine_size":"2.0","fuel_type":"Diesel","body_type":"Saloon","colour":"0000c0","location":"Dublin","price":"\u20ac 9,650","images":{"base_url":"http:\/\/i0.carsie.ie\/","image_list":[{"thumb":"ZTc5NDFjMmQwNTk5YTcwN2ZjNDgxYTI3OGE3NjgwYjKDxNvknM0OdIL2n85F9sj6ODU5OTEyLTY5ODQyNDEuanBnfHx8fHx8OTJ4Njl8fHx8fA==.jpg","main":"ZjdhMjhhYzlkYjBhMjE2YjU3YTJiOTFjYzI3MGY1Y2Ee9oisGpBrlGRyLDV7mudiODU5OTEyLTY5ODQyNDEuanBnfHx8fHx8fHx8fHw0MDB4MzAw.jpg","large":"MTQ0M2VmNDVlMmU3Nzg3NjhjZTYyYjEwOTk4NzdkNWXSkvdgnfF4gTBwLzBSh0BcODU5OTEyLTY5ODQyNDEuanBnfHx8fHx8fHx8fHw2NDB4NDgw.jpg"}]}},{"ad_id":"898819","reg_year":"2008","make":"Ford","model":"Focus","variant":"1.6 TDCI Style 110BHP ","mileage":"85000","engine_size":"1.6","fuel_type":"Diesel","body_type":"Hatchback","colour":"000000","location":"Tipperary","price":"\u20ac 9,695","images":{"base_url":"http:\/\/i0.carsie.ie\/","image_list":[{"thumb":"ZDc2MDMxN2Y0ZDU0NTc1NzExOGIyMmNjMTQ4MDM2MmF-Tdx0qR1qhIvJblnmqCJwODk4ODE5LTczNzAwNDEuanBnfHx8fHx8OTJ4Njl8fHx8fA==.jpg","main":"MjdiODMxMTRkZjU1Mjg5MDI2NDhjMWJlMDk0NzgxZmSETEx2ssjRu2mEWEmLhdZ2ODk4ODE5LTczNzAwNDEuanBnfHx8fHx8fHx8fHw0MDB4MzAw.jpg","large":"MDE5Y2Y0ZWM0YTY5NTY0MTFkYTk4YTBhM2EwMjI5NTMLAZAn77F7nZODArSYHFoiODk4ODE5LTczNzAwNDEuanBnfHx8fHx8fHx8fHw2NDB4NDgw.jpg"}]}},{"ad_id":"687159","reg_year":"2005","make":"Land Rover","model":"Defender","variant":"110 commercial td5","mileage":"160000","engine_size":"2.5","fuel_type":"Diesel","body_type":"Van","colour":"008000","location":"Meath","price":"\u20ac 9,695","images":{"base_url":"http:\/\/i0.carsie.ie\/","image_list":[{"thumb":"MjUzNDMxZmNjYjdlZGRiNDUyZTc2NWY3OTY0MjU0YTW8d1XbQeFL63QowTZIfDsdNjg3MTU5LTczNTIzNTkuanBnfHx8fHx8OTJ4Njl8fHx8fA==.jpg","main":"MDYwMDc5ZGEzMGQyODg3OWIzMTllOWM0M2M2ZTZhOTBNeGyymZFZgN1n2mykYZxINjg3MTU5LTczNTIzNTkuanBnfHx8fHx8fHx8fHw0MDB4MzAw.jpg","large":"YmZjMzczNzllYTM5MzQ2ODFlZDczYmQyYmRjODQ5YWQmy1jxG47yAtI88DXZgqNtNjg3MTU5LTczNTIzNTkuanBnfHx8fHx8fHx8fHw2NDB4NDgw.jpg"}]}},{"ad_id":"863475","reg_year":"2008","make":"Peugeot","model":"308","variant":"SPORT 1.6 HDI 90 5DR","mileage":"58000","engine_size":"1.6","fuel_type":"Diesel","body_type":null,"colour":"0000c0","location":"Monaghan","price":"\u20ac 9,695","images":{"base_url":"http:\/\/i0.carsie.ie\/","image_list":[{"thumb":"MTU5Y2FlMDk3N2UzMzMwOWI1YjllOTZmZGIyZWRjNTnKujoR_mzp5IWT96S8g3HeODYzNDc1LTcyMjgzMDMuanBnfHx8fHx8OTJ4Njl8fHx8fA==.jpg","main":"ODNlZjI3ZmFmNDAzMDM4OWQzZjJmYmRjODZjODQyNmMCr3ihElQmFkxadt2hvBtxODYzNDc1LTcyMjgzMDMuanBnfHx8fHx8fHx8fHw0MDB4MzAw.jpg","large":"YmNhNmIwMmM5NzJhZDdmN2MwMWFjZDkzMzY4YmU2MDXrrpX_NachJQlX28fMXSitODYzNDc1LTcyMjgzMDMuanBnfHx8fHx8fHx8fHw2NDB4NDgw.jpg"}]}},{"ad_id":"889450","reg_year":"2009","make":"Renault","model":"Clio","variant":"1.2 5dr - 5 Year Finance Package Available","mileage":"33125","engine_size":"1.2","fuel_type":"Petrol","body_type":"Hatchback","colour":"000000","location":"Dublin","price":"\u20ac 9,695","images":{"base_url":"http:\/\/i0.carsie.ie\/","image_list":[{"thumb":"YjM1YTYxMDJkNzNlMGYzODJkOTJjYzhjNjk3MmI5NDUVMluEdDVYc1VWtU8LUAGiODg5NDUwLTcyNDI5MTAuanBnfHx8fHx8OTJ4Njl8fHx8fA==.jpg","main":"ZDliMWI1ZDY0ZGViNWJlNTM5NWM5NzMwZTJmZmU3YzZt0ObcD1cGHGc4yaW_3Z3tODg5NDUwLTcyNDI5MTAuanBnfHx8fHx8fHx8fHw0MDB4MzAw.jpg","large":"MWNkMTEzNTNlZjJmMGMzNjQ3NGMwYzc2MDU1OGQ1M2Nof7cGNt450C-Wc71ed8jIODg5NDUwLTcyNDI5MTAuanBnfHx8fHx8fHx8fHw2NDB4NDgw.jpg"}]}}]}