{"total":"23408","result":[{"ad_id":"887431","reg_year":"2008","make":"Hyundai","model":"Tucson","variant":"ARAZONA Aircon leather","mileage":"60000","engine_size":"2.0","fuel_type":"Petrol","body_type":"SUV","colour":"0000c0","location":"Dublin","price":"\u20ac 7,995","images":{"base_url":"http:\/\/i0.carsie.ie\/","image_list":[{"thumb":"MDg0NDE1OTM2NTU3M2EzZTFhY2IwNzZkNDVmY2ZhZja9KAlorDSpl_6lrK55H2CGODg3NDMxLTcyMjQ5MzIuanBnfHx8fHx8OTJ4Njl8fHx8fA==.jpg","main":"YjQ1MTZkMDE3NWI3ODYwMTlmM2QwNzgyMmQ4YWRhNznXsNWB4LsBdUz0W4EM8TNyODg3NDMxLTcyMjQ5MzIuanBnfHx8fHx8fHx8fHw0MDB4MzAw.jpg","large":"MmY3NTQ4NTBkMzRjMGQ0MmI5ZTdhZTJhNzIxM2E5NzF8VS0fhLwC_fND1Dv6CYy6ODg3NDMxLTcyMjQ5MzIuanBnfHx8fHx8fHx8fHw2NDB4NDgw.jpg"}]}},{"ad_id":"847780","reg_year":"1969","make":"Jaguar","model":"XJ6","variant":"XJG. ONLY 42000 MILES","mileage":"42168","engine_size":"4.2","fuel_type":"Petrol","body_type":"Saloon","colour":"ff0000","location":"Dublin","price":"\u20ac 7,995","images":{"base_url":"http:\/\/i0.carsie.ie\/","image_list":[{"thumb":"ZDQ0Yzg1MzlkMDZmNTdhNWQ0NGI1YTFhYjY3ZDAyYzmL30lH-d4eYWrtv7GmESozODQ3NzgwLTY3NzgwNjQuanBnfHx8fHx8OTJ4Njl8fHx8fA==.jpg","main":"NzI2MzRhZjlkY2Y1NmE3ODc1MjczNjkwYTU3YjZmMjYLbBNL95j6-kpOTDlogSdKODQ3NzgwLTY3NzgwNjQuanBnfHx8fHx8fHx8fHw0MDB4MzAw.jpg","large":"OTQ3MDRlNGNjYzBkMGVhZjlmZThmN2QxZDFiNDE0NjZoC-72gxk3T5jBh6QCU9Y1ODQ3NzgwLTY3NzgwNjQuanBnfHx8fHx8fHx8fHw2NDB4NDgw.jpg"}]}},{"ad_id":"901747","reg_year":"2004","make":"Lexus","model":"RX 300","variant":"Sport 5DR","mileage":"75000","engine_size":"3.0","fuel_type":"Petrol","body_type":"Estate","colour":"0000c0","location":"Dublin","price":"\u20ac 7,995","images":{"base_url":"http:\/\/i0.carsie.ie\/","image_list":[{"thumb":"YTU5NTQ5N2FlOTc4MzE4YTUyMmEyOTcxYTlmZDViNjHRkBSU1LUSeZGaVTbhtt0yOTAxNzQ3LTc0MjQxMzcuanBnfHx8fHx8OTJ4Njl8fHx8fA==.jpg","main":"Njk1Yjc0NTk0ZmM3NzBiNGI1MGUzNjUwMjUyNWI4NmTOpkyFiNBm45a3Y70xoOEMOTAxNzQ3LTc0MjQxMzcuanBnfHx8fHx8fHx8fHw0MDB4MzAw.jpg","large":"NDI0ZWIwMGZhOGZjN2UxYmQwNTE2NzgyMmI2Y2UyZTCV7sA4ZA4-w2EBhlFfeFw_OTAxNzQ3LTc0MjQxMzcuanBnfHx8fHx8fHx8fHw2NDB4NDgw.jpg"}]}},{"ad_id":"861895","reg_year":"2010","make":"Mazda","model":"Mazda2","variant":"Mazda 1.3 5DR","mileage":"54682","engine_size":"1.3","fuel_type":"Petrol","body_type":"Hatchback","colour":"000000","location":"Galway","price":"\u20ac 7,995","images":{"base_url":"http:\/\/i0.carsie.ie\/","image_list":[{"thumb":"YjRkN2YyMzQxNjk3YzgxY2QyYWQyNDUyZjRlOTZmZDFZzLIToNDW9a2R-4LVvlHCODYxODk1LTY5MjQ0NDYuanBnfHx8fHx8OTJ4Njl8fHx8fA==.jpg","main":"MjUyNjJmYWQyMDgyMDcxMDNlOGVmM2IzM2JhNjQ4NjY_p_c0BN4JhxDCf4vjR0vTODYxODk1LTY5MjQ0NDYuanBnfHx8fHx8fHx8fHw0MDB4MzAw.jpg","large":"NTY0Zjc2YWI1NDE3NDRiZjNkYzIwOTYzYTg4NmM0NmZmh15SiVkF3x77Jvvg_AI1ODYxODk1LTY5MjQ0NDYuanBnfHx8fHx8fHx8fHw2NDB4NDgw.jpg"}]}},{"ad_id":"671529","reg_year":"2007","make":"Mazda","model":"Mazda6","variant":"","mileage":"65867","engine_size":"2.0","fuel_type":"Diesel","body_type":"Saloon","colour":"0000c0","location":"Waterford","price":"\u20ac 7,995","images":{"base_url":"http:\/\/i0.carsie.ie\/","image_list":[{"thumb":"YmIwZWNmOTJhYzcxMzBlOTNkZDEwNTMzMmI5YTYyYjcJX-JP-9KpVW2dGmt8_RzkNjcxNTI5LTQ2MDAyNjIuanBnfHx8fHx8OTJ4Njl8fHx8fA==.jpg","main":"N2I2MjZhNjk2YjY3ZmRjMzgwOGRjODA2ZWFhYTkzYTZaKKS1tW8G3_Vd6bLkbs-RNjcxNTI5LTQ2MDAyNjIuanBnfHx8fHx8fHx8fHw0MDB4MzAw.jpg","large":"MTM3YTFhYjE4MGM4ZThmYTUwN2JlNDBkZTk2ODI3OGbbVKSgvVPPvmZLxzTg1QPENjcxNTI5LTQ2MDAyNjIuanBnfHx8fHx8fHx8fHw2NDB4NDgw.jpg"}]}},{"ad_id":"794218","reg_year":"2005","make":"Mercedes-Benz","model":"Atego","variant":"815 02DR Refrigerated","mileage":"228671","engine_size":"4.3","fuel_type":"Diesel","body_type":"Hatchback","colour":"ffffff","location":"Kildare","price":"\u20ac 7,995","images":{"base_url":"http:\/\/i0.carsie.ie\/","image_list":[{"thumb":"NWZmYjE0ZWJmZWE3YzM3NDg3MDc2ODAzODc4MmU5OTfWgbD1hhfjKzGsxpDG4-O0Nzk0MjE4LTYxMzMyMTYuanBnfHx8fHx8OTJ4Njl8fHx8fA==.jpg","main":"MTk0OTBkYWVlZjE0OWJkNmQwNzQxNTJmZGJiYjA3MWZqot_W3Sjju1qoKaqPd-koNzk0MjE4LTYxMzMyMTYuanBnfHx8fHx8fHx8fHw0MDB4MzAw.jpg","large":"MzJhMzEyNWU3MWQ3MzUyYTI5ZWRmYzIzNDQ2MTY4Yjf3vJ474iHtRQ8ylcVc2VKGNzk0MjE4LTYxMzMyMTYuanBnfHx8fHx8fHx8fHw2NDB4NDgw.jpg"}]}},{"ad_id":"861611","reg_year":"2005","make":"Mercedes-Benz","model":"C 200","variant":"CDI 4DR","mileage":"105000","engine_size":"2.1","fuel_type":"Diesel","body_type":"Saloon","colour":"ff0000","location":"Dublin","price":"\u20ac 7,995","images":{"base_url":"http:\/\/i0.carsie.ie\/","image_list":[{"thumb":"ZDQ1OWQ5NDA2ZjA2NTEyNmNmZGMyZDVjZWFlOGY4NjdhB6PqSdA4S8swKdwM9KJdODYxNjExLTY5MjEwOTAuanBnfHx8fHx8OTJ4Njl8fHx8fA==.jpg","main":"YzE3YmFkMmEzZWE4NjkwYTU5NTY4NTMzNWUxMjM3M2JoqV4D7R2TFfAsL4o7Oi8XODYxNjExLTY5MjEwOTAuanBnfHx8fHx8fHx8fHw0MDB4MzAw.jpg","large":"OWMxYjYwZTNiYjA0NDNmOTc0YjkwYWU4YjYxMjZiZjSJJjHYLqadCbQvLhoBfjz9ODYxNjExLTY5MjEwOTAuanBnfHx8fHx8fHx8fHw2NDB4NDgw.jpg"}]}},{"ad_id":"875955","reg_year":"2005","make":"Mercedes-Benz","model":"E 200","variant":"Kompressor","mileage":"95280","engine_size":"1.8","fuel_type":"Petrol","body_type":"Saloon","colour":"0000c0","location":"Dublin","price":"\u20ac 7,995","images":{"base_url":"http:\/\/i0.carsie.ie\/","image_list":[{"thumb":"ZmE3ODE2MjkxZGY5NDczZjQ3NDgxZTBmYTdkMDhkODCKMG2eXAT-_vb0H3x_QlA7ODc1OTU1LTcwOTgyNzguanBnfHx8fHx8OTJ4Njl8fHx8fA==.jpg","main":"N2U0NjYxNDYxMjMxNzg3ZDdhYmY0NjZjYTYyMjZiM2Vp9pzugJNiijmcmQimHYjtODc1OTU1LTcwOTgyNzguanBnfHx8fHx8fHx8fHw0MDB4MzAw.jpg","large":"OTc2MDAxNTk5YjExZTdiODA1YWFlMzM1NjBiNjU0NmZDnpBHGP9nwRk7CqEvvrRSODc1OTU1LTcwOTgyNzguanBnfHx8fHx8fHx8fHw2NDB4NDgw.jpg"}]}},{"ad_id":"887572","reg_year":"2006","make":"Mini","model":"One","variant":"1.6 with FSH & Glass Sliding Sunroof","mileage":"54000","engine_size":"1.6","fuel_type":"Petrol","body_type":"Hatchback","colour":"000000","location":"Dublin","price":"\u20ac 7,995","images":{"base_url":"http:\/\/i0.carsie.ie\/","image_list":[{"thumb":"MGIxY2JlZjIyNGQ1NTM2ZmFjMGIxYWI5NDU0YjE1MDHVaB9z0LymYMgTcjM_6_tDODg3NTcyLTcyNzIzMzAuanBnfHx8fHx8OTJ4Njl8fHx8fA==.jpg","main":"MzJkOWExY2JjODU3YmMwMDUxMzA0ZDMxODc3NGUyZjPMf7Zk8C2SH20HaYLKnyVhODg3NTcyLTcyNzIzMzAuanBnfHx8fHx8fHx8fHw0MDB4MzAw.jpg","large":"MTM0ODIwMmExZjc2YWE2NDY0MTkyYjZjMmFiY2EyNWGdBXG_QNyTa0LJzx3y9EIVODg3NTcyLTcyNzIzMzAuanBnfHx8fHx8fHx8fHw2NDB4NDgw.jpg"}]}},{"ad_id":"857171","reg_year":"2006","make":"Mitsubishi","model":"L200","variant":"L200 CR Double CAB NEW MODEL","mileage":"79000","engine_size":"2.5","fuel_type":"Diesel","body_type":"Pickup","colour":"e0e0e0","location":"Dublin","price":"\u20ac 7,995","images":{"base_url":"http:\/\/i0.carsie.ie\/","image_list":[{"thumb":"NGM5OTEzNGEzYjAyZDAxNmY5M2I1MzE3MmU3ZTk3NjW6g5kGOdNDqbx50gjTkO26ODU3MTcxLTY4ODk3NDkuanBnfHx8fHx8OTJ4Njl8fHx8fA==.jpg","main":"NTRmMjNiNTVjNDZkYjk3N2NlNmQ5NWIxOTQ1ZmQyNzSFzV56iVqjNGHUr2LUGolaODU3MTcxLTY4ODk3NDkuanBnfHx8fHx8fHx8fHw0MDB4MzAw.jpg","large":"ZDY5MzZkYTdlMjM0NjA4ZjNhM2M0NGJmN2QwZmJhZmYXOERSCvFvq1zrU3sMwFD8ODU3MTcxLTY4ODk3NDkuanBnfHx8fHx8fHx8fHw2NDB4NDgw.jpg"}]}},{"ad_id":"892014","reg_year":"2008","make":"Mitsubishi","model":"Outlander","variant":"2.0 Di-d Invite Comm","mileage":"136000","engine_size":"2.0","fuel_type":"Diesel","body_type":"SUV","colour":"e0e0e0","location":"Meath","price":"\u20ac 7,995","images":{"base_url":"http:\/\/i0.carsie.ie\/","image_list":[{"thumb":"ZTBmZDE4MDI5MjYzMWNjOTI3YTVhNTdkOGNiZDhkOGWD6qMvFTAb0TiaDEhn3yxeODkyMDE0LTcyNjkzMjUuanBnfHx8fHx8OTJ4Njl8fHx8fA==.jpg","main":"ZjNhZTg3NDgzNjAzMTQ0NGRmYzZhNjI4YzA1YTQ3NTizifzUb_lbPlC2VjMo4j0tODkyMDE0LTcyNjkzMjUuanBnfHx8fHx8fHx8fHw0MDB4MzAw.jpg","large":"MmE5MGY0MWFkMzZjY2Q5OTlhNzMwYTJmMzQzNjFkMWPamWucOGQg1kz7X-5V7e4GODkyMDE0LTcyNjkzMjUuanBnfHx8fHx8fHx8fHw2NDB4NDgw.jpg"}]}},{"ad_id":"889415","reg_year":"2008","make":"Nissan","model":"Micra","variant":"1.2 5dr SXE + AC Auto ~ Tax 358 (CC based)","mileage":"48738","engine_size":"1.2","fuel_type":"Petrol","body_type":"Hatchback","colour":"ff0000","location":"Dublin","price":"\u20ac 7,995","images":{"base_url":"http:\/\/i0.carsie.ie\/","image_list":[{"thumb":"MDA4MmM0OTAyM2UwZDY4N2UwM2YzMjVmODQwOTNlZDiW9qz6-e9kOrz0LKXDh6m2ODg5NDE1LTcyNDI3NTQuanBnfHx8fHx8OTJ4Njl8fHx8fA==.jpg","main":"MGZiYmViYzQwMTVlZjk4MzBjN2U0NTAxMTAwOTcyNDjD86P0-v151NJv12ruVaEBODg5NDE1LTcyNDI3NTQuanBnfHx8fHx8fHx8fHw0MDB4MzAw.jpg","large":"Nzk3YTRhYjFmOTI4ZDM3YTY2MzliN2MxNDgxZTkyNTLh3JJueErcAoyYTNtM_h4OODg5NDE1LTcyNDI3NTQuanBnfHx8fHx8fHx8fHw2NDB4NDgw.jpg"}]}},{"ad_id":"889462","reg_year":"2010","make":"Nissan","model":"Micra","variant":"1.2 5DR SXE (Call Raheny now 087 2211218)","mileage":"59375","engine_size":"1.2","fuel_type":"Petrol","body_type":"Hatchback","colour":"0000c0","location":"Dublin","price":"\u20ac 7,995","images":{"base_url":"http:\/\/i0.carsie.ie\/","image_list":[{"thumb":"OTRjZjIzODNlOTI4ZmMxNGM3NjczZWZlMjI2NTU4NTCzvAZm6YWyyPzCzCo4JILuODg5NDYyLTcyNDI5NDcuanBnfHx8fHx8OTJ4Njl8fHx8fA==.jpg","main":"MjdjMDE3MWFiN2Y5MjY2Mjk0YWQ5NWM4ZTgyODBjZDcS13x1gFdbNPwAuBLzV5rSODg5NDYyLTcyNDI5NDcuanBnfHx8fHx8fHx8fHw0MDB4MzAw.jpg","large":"NWU5ZTEyNGE3MGM3MGJhNzU2N2ExMTlhYmNiNjlkMDHZ2bkJMnE4989CcfZ3cBGIODg5NDYyLTcyNDI5NDcuanBnfHx8fHx8fHx8fHw2NDB4NDgw.jpg"}]}},{"ad_id":"889554","reg_year":"2008","make":"Nissan","model":"Micra","variant":"1.2 Pet 5dr Sport + AC ~ Tax 390","mileage":"18918","engine_size":"1.2","fuel_type":"Petrol","body_type":"Hatchback","colour":"e0e0e0","location":"Dublin","price":"\u20ac 7,995","images":{"base_url":"http:\/\/i0.carsie.ie\/","image_list":[{"thumb":"ZjJhYWVmN2MxMTJkYTJlMWNlM2Y3M2M3OTljMjdhMTXt7UJMEq-ZiK2xL2Ye5QcuODg5NTU0LTcyNDMzOTAuanBnfHx8fHx8OTJ4Njl8fHx8fA==.jpg","main":"N2RiNjM1ZTVlM2E2ZTU0NjEyYTUzOTliMTkyODkxNDSnevvnV7pv0YCaI_6ltLLpODg5NTU0LTcyNDMzOTAuanBnfHx8fHx8fHx8fHw0MDB4MzAw.jpg","large":"MmJkYjAwYWM4ZDUwYWUwMjAzNTQ4MDRiYWVmMWJjZmX3Tm-1FZCbp07o7_JjzHCEODg5NTU0LTcyNDMzOTAuanBnfHx8fHx8fHx8fHw2NDB4NDgw.jpg"}]}},{"ad_id":"889673","reg_year":"2009","make":"Nissan","model":"Micra","variant":"SXE","mileage":"78093","engine_size":"1.2","fuel_type":"Petrol","body_type":"Hatchback","colour":"0000c0","location":"Dublin","price":"\u20ac 7,995","images":{"base_url":"http:\/\/i0.carsie.ie\/","image_list":[{"thumb":"Zjk0ZWU3MWNlOGM5ZGU2NGJlZDk1MWUwMTE2ZmVkODYxfciRQJeb3m7tH5rtVv9xODg5NjczLTcyNDQwMTguanBnfHx8fHx8OTJ4Njl8fHx8fA==.jpg","main":"NzM0Y2E5NmU5NzMwM2QxYTZlZTliMDVmMGQ2N2FlOGHjbSL8wVEmVGrcsbOS6_jFODg5NjczLTcyNDQwMTguanBnfHx8fHx8fHx8fHw0MDB4MzAw.jpg","large":"MGQ0Mzg5NWIzZWIzNDAzZmJkNjI5NTMyYTQxYzg4ZWOz21dJH6P-gI-GE1HNvXddODg5NjczLTcyNDQwMTguanBnfHx8fHx8fHx8fHw2NDB4NDgw.jpg"}]}},{"ad_id":"889675","reg_year":"2009","make":"Nissan","model":"Micra","variant":"SXE","mileage":"85384","engine_size":"1.2","fuel_type":"Petrol","body_type":"Hatchback","colour":"f0b800","location":"Dublin","price":"\u20ac 7,995","images":{"base_url":"http:\/\/i0.carsie.ie\/","image_list":[{"thumb":"ZTdjYWI1MGI3NDJhODcxMTg0MjMzOWI5OGEwNDVhNDaeYCCL7qKruYSvkytPZdQxODg5Njc1LTcyNDQwMjguanBnfHx8fHx8OTJ4Njl8fHx8fA==.jpg","main":"YzA0ZmJkNGJkNzlhMzMxMjVhYmQwNTM5YWRjY2EyODGsHzMxdsh7q68s2ViAiG_hODg5Njc1LTcyNDQwMjguanBnfHx8fHx8fHx8fHw0MDB4MzAw.jpg","large":"OTdmMWI3NWQ2NzNiMjc3NTgxMmJiNWQwMzM5OGJkNGJmMB40Iz_aytrZz4n5_EoYODg5Njc1LTcyNDQwMjguanBnfHx8fHx8fHx8fHw2NDB4NDgw.jpg"}]}},{"ad_id":"889680","reg_year":"2009","make":"Nissan","model":"Micra","variant":"SXE AUTOMATIC","mileage":"92825","engine_size":"1.2","fuel_type":"Petrol","body_type":"Hatchback","colour":"f0b800","location":"Dublin","price":"\u20ac 7,995","images":{"base_url":"http:\/\/i0.carsie.ie\/","image_list":[{"thumb":"YmM4OWJmMDY0ZDZhNGYxZmYwN2U0MzM5ZTdhMGQ2OWRM48IpRuyepdxLFn8D1xNAODg5NjgwLTcyNDQwNDIuanBnfHx8fHx8OTJ4Njl8fHx8fA==.jpg","main":"NGNkNzNiNDEyYjllMDU3OWJhNDBhZjdjNWE2NmU1NzimaZu7GAwbBvJe3Y_CpiM2ODg5NjgwLTcyNDQwNDIuanBnfHx8fHx8fHx8fHw0MDB4MzAw.jpg","large":"MTRlYjAyZGVlYzU1ZGQ0Mzk4ZTlhMDZhMGZiYWIyZTMxpMtVcmh9BCSuceuA-LbqODg5NjgwLTcyNDQwNDIuanBnfHx8fHx8fHx8fHw2NDB4NDgw.jpg"}]}},{"ad_id":"889729","reg_year":"2009","make":"Nissan","model":"Micra","variant":"1.2 5dr SV Auto","mileage":"","engine_size":"1.2","fuel_type":"Petrol","body_type":"Hatchback","colour":"f0b800","location":"Dublin","price":"\u20ac 7,995","images":{"base_url":"http:\/\/i0.carsie.ie\/","image_list":[{"thumb":"OTNlNzAyODZkNDgxZGI1MzM0NDgyNDRmOGQ0ZGU2OGUI59gapAC_cn8wSoXY7WoHODg5NzI5LTcyNDQyOTkuanBnfHx8fHx8OTJ4Njl8fHx8fA==.jpg","main":"ZTJlOTY0YTQ1OWJiYTJiYTU4YzlmZmIyNDY5OTZkYWQxrm18CcUNqMFCzFgarRFjODg5NzI5LTcyNDQyOTkuanBnfHx8fHx8fHx8fHw0MDB4MzAw.jpg","large":"NmZkNmJmZmU4ODU0YTQwNTA1N2Y1NTQxZmM5MTA0MzVBJf6riLi5MZCVZrndLOPtODg5NzI5LTcyNDQyOTkuanBnfHx8fHx8fHx8fHw2NDB4NDgw.jpg"}]}},{"ad_id":"559302","reg_year":"2010","make":"Nissan","model":"Micra","variant":"1.2 SV 5dr","mileage":"57367","engine_size":"1.2","fuel_type":"Petrol","body_type":"Hatchback","colour":"ff0000","location":"Kildare","price":"\u20ac 7,995","images":{"base_url":"http:\/\/i0.carsie.ie\/","image_list":[{"thumb":"YzlmYjg4YjcwNjlkMmRkNDY5ZTQ1ZTdmNTYxNjhiMThXCDOj6B7tc-FM-41RTuBjNTU5MzAyLTQ0ODg2OTEuanBnfHx8fHx8OTJ4Njl8fHx8fA==.jpg","main":"NzkyMGUwZjc3ZWQwMmIxZGIwNTA4MGM5NWVjYWU3YjHs7nSVaXOC2P3BmiqNQ6FXNTU5MzAyLTQ0ODg2OTEuanBnfHx8fHx8fHx8fHw0MDB4MzAw.jpg","large":"MmJjM2U2MGM0NTI2NDVmZTBhZDM0ZThhNTZhMjA3M2E_EtpOhbETtp7FQoJ5jiasNTU5MzAyLTQ0ODg2OTEuanBnfHx8fHx8fHx8fHw2NDB4NDgw.jpg"}]}},{"ad_id":"889801","reg_year":"2009","make":"Nissan","model":"Micra","variant":"HI-SPEC LEATHER - 8995 Less 1500 Scrappage ","mileage":"14187","engine_size":"1.2","fuel_type":"Petrol","body_type":"Hatchback","colour":null,"location":"Waterford","price":"\u20ac 7,995","images":{"base_url":"http:\/\/i0.carsie.ie\/","image_list":[{"thumb":"ZTdiOGQ5YTQxNDA0ZWJlZmViM2Y5OGRlNGFmN2UwZjX45VPwEL4x9r1XcECKP3qpODg5ODAxLS5qcGd8fHx8fHw5Mng2OXx8fHx8.jpg","main":"NTMzZjYzMTJjYjZiNjVjMWViMTc3MTUxYjFkMjc0NGQbSQAWC76RUyx7vJs9ZvsIODg5ODAxLS5qcGd8fHx8fHx8fHx8fDQwMHgzMDA=.jpg","large":"Mzc4Nzg3NDIxOTNhNzU1YTZhMDNlN2Q4NjA4NGQxZWNvxmyPBUeTxo9bJlOBNjVoODg5ODAxLS5qcGd8fHx8fHx8fHx8fDY0MHg0ODA=.jpg"}]}}]}