{"total":"23408","result":[{"ad_id":"867547","reg_year":"2007","make":"Peugeot","model":"207","variant":"SE 1.4 5DR","mileage":"81401","engine_size":"1.4","fuel_type":"Petrol","body_type":"Hatchback","colour":"0000c0","location":"Dublin","price":"\u20ac 4,995","images":{"base_url":"http:\/\/i0.carsie.ie\/","image_list":[{"thumb":"NWZlMWVlZWNlMWZjOGE5NzJlM2NmNGU4MTY0M2ZkOTbBZQaqVZvFbtqxii9-5H_4ODY3NTQ3LTY5OTg5NDIuanBnfHx8fHx8OTJ4Njl8fHx8fA==.jpg","main":"OWUwNTkyNGVmZGI3NTg2YzgxYWFiMDY4ZDM4OTUyMzIJJT0JpjL9_e9y5xUIEHNpODY3NTQ3LTY5OTg5NDIuanBnfHx8fHx8fHx8fHw0MDB4MzAw.jpg","large":"MzVjNTE5YjQ3NjYzMTA0MjM2YzVjZjAyMzIzMGZiNmSknkgjko1HIfqJe4I5UgeOODY3NTQ3LTY5OTg5NDIuanBnfHx8fHx8fHx8fHw2NDB4NDgw.jpg"}]}},{"ad_id":"844173","reg_year":"2007","make":"Peugeot","model":"307","variant":"SW SV 1.6hdi 110","mileage":"128000","engine_size":"1.6","fuel_type":"Diesel","body_type":"Hatchback","colour":"858585","location":"Dublin","price":"\u20ac 4,995","images":{"base_url":"http:\/\/i0.carsie.ie\/","image_list":[{"thumb":"MjBjOWE4OWJiNTFmODVhMTE2ZTVhMjI3YzgyOTIyOTmzyRNkPVzfbE51uKin9nk_ODQ0MTczLTY3MzI5ODQuanBnfHx8fHx8OTJ4Njl8fHx8fA==.jpg","main":"YzJhYzI5NGE0MzZkNDBhYThhZGJhMTU2YWQ2YzkxN2NjuEulEr1GKI7K0ru4QVRZODQ0MTczLTY3MzI5ODQuanBnfHx8fHx8fHx8fHw0MDB4MzAw.jpg","large":"YmNlMWNlZDM1NjZkN2Y2MTU2MzRkMzBlNmY0YTZmYzSsa3yhYi38XffcWj9PeH7RODQ0MTczLTY3MzI5ODQuanBnfHx8fHx8fHx8fHw2NDB4NDgw.jpg"}]}},{"ad_id":"874526","reg_year":"2005","make":"Peugeot","model":"307","variant":"XSD 1.6hdi 5DR","mileage":"92000","engine_size":"1.6","fuel_type":"Diesel","body_type":"Hatchback","colour":"000000","location":"Waterford","price":"\u20ac 4,995","images":{"base_url":"http:\/\/i0.carsie.ie\/","image_list":[{"thumb":"NWI0YTQ3MTQ0NDM0YzFiNDcwMDE1Nzc4YTNlNjUyYzikeObbVFvcjM-UsSyrkJ5DODc0NTI2LTcwNzE3NTAuanBnfHx8fHx8OTJ4Njl8fHx8fA==.jpg","main":"MGQyOGQ2YjUyMzM3Y2QwZDZiYjU0NjYwZmY1NTRmMWKbmHFzUxJeO3B54Khdv2WhODc0NTI2LTcwNzE3NTAuanBnfHx8fHx8fHx8fHw0MDB4MzAw.jpg","large":"NjM0OGE5NTNhNzU0Yjg3MGU5MGE3NjVlY2FjYTVjNTYEtn4hmzupEn6vhrgTIf4TODc0NTI2LTcwNzE3NTAuanBnfHx8fHx8fHx8fHw2NDB4NDgw.jpg"}]}},{"ad_id":"887432","reg_year":"2007","make":"Peugeot","model":"407","variant":"2.0 HDI SE 04DR","mileage":"102000","engine_size":"2.0","fuel_type":"Diesel","body_type":"Saloon","colour":"f0b800","location":"Dublin","price":"\u20ac 4,995","images":{"base_url":"http:\/\/i0.carsie.ie\/","image_list":[{"thumb":"ZWQwYWJjODQ1MTlmNDc3MjIwZWQzYjQ2MWU5NTZlOTKnsj9WqkXhmPA0nt5FA5RrODg3NDMyLTcyMjQ5MTIuanBnfHx8fHx8OTJ4Njl8fHx8fA==.jpg","main":"ZWY5YmM2MjUyNmFmMjA0NWZjNzY1MTY3NjRhNjVkNziXNwsXBy5X0cyOZyVcOOJkODg3NDMyLTcyMjQ5MTIuanBnfHx8fHx8fHx8fHw0MDB4MzAw.jpg","large":"Mjg5YTZhNDVjYTEyM2FiNGVmYjJmMDE2ZDIwMTQ0YWM43oREEn60a7mxUeTNznr9ODg3NDMyLTcyMjQ5MTIuanBnfHx8fHx8fHx8fHw2NDB4NDgw.jpg"}]}},{"ad_id":"900933","reg_year":"2005","make":"Peugeot","model":"407","variant":"ST Comfort 1.6hdi","mileage":"103000","engine_size":"1.6","fuel_type":"Diesel","body_type":"Saloon","colour":"f0b800","location":"Meath","price":"\u20ac 4,995","images":{"base_url":"http:\/\/i0.carsie.ie\/","image_list":[{"thumb":"Y2ViODgyOTNhYTE1MmQ5Yzg0NTM4YTE3NWNiMmYzMDXTUAmI6DkAglIkR08tvJEROTAwOTMzLTc0MTQwMDEuanBnfHx8fHx8OTJ4Njl8fHx8fA==.jpg","main":"N2YzNGQ1YmE1OWQxNTIyYjQ0MTUyMmRmMzVmYzFjYmTl8utKvcA4BXvOxgx7Ez5qOTAwOTMzLTc0MTQwMDEuanBnfHx8fHx8fHx8fHw0MDB4MzAw.jpg","large":"ZTdjZmUzODA1OTMxMThhMjQzMjVjMmIwN2QwODY1OWJnSYmsZ5Za4SM52_hzc8dsOTAwOTMzLTc0MTQwMDEuanBnfHx8fHx8fHx8fHw2NDB4NDgw.jpg"}]}},{"ad_id":"836162","reg_year":"2006","make":"Renault","model":"Clio","variant":"3 1.2 16V Dynamiq","mileage":"51575","engine_size":"1.1","fuel_type":"Petrol","body_type":"Hatchback","colour":"000000","location":"Wexford","price":"\u20ac 4,995","images":{"base_url":"http:\/\/i0.carsie.ie\/","image_list":[{"thumb":"M2NiODBlMzI0YmQ3ZTU5MTM0ZDY1ZTMwYzJjN2IxNjJiUDhiLxv0No1oie5g-M7AODM2MTYyLTY5MDA0MjEuanBnfHx8fHx8OTJ4Njl8fHx8fA==.jpg","main":"ZmY4MWFjODI1N2YzMjA0NjQ5ZjZjYjE5ODI3NDg5YmRIyfbXKAoSXS3JE1UzVdu4ODM2MTYyLTY5MDA0MjEuanBnfHx8fHx8fHx8fHw0MDB4MzAw.jpg","large":"NmViNGM5Y2ZiMTg4NWY2ZjRhY2ZiYzdjNTNkZWZmMzH9ZNioWudhh7VeieuuXaJhODM2MTYyLTY5MDA0MjEuanBnfHx8fHx8fHx8fHw2NDB4NDgw.jpg"}]}},{"ad_id":"810003","reg_year":"2007","make":"Renault","model":"Megane","variant":"Sport 1.4 16V","mileage":"45000","engine_size":"1.4","fuel_type":"Petrol","body_type":"Saloon","colour":"e0e0e0","location":"Dublin","price":"\u20ac 4,995","images":{"base_url":"http:\/\/i0.carsie.ie\/","image_list":[{"thumb":"YzBjOGQ4NTk3OTQ2ZmVlOTQwNWI0MjQxM2IyN2FkOGF2TL4LRNLm3WL6aDZMaU1cODEwMDAzLTYzMjY0NTQuanBnfHx8fHx8OTJ4Njl8fHx8fA==.jpg","main":"YmE3ZDE3NmZlMjI3NWQxYmQyYWQxYzYwNTVhYmMyNDEFFmXn2gN4tARderUZgqsvODEwMDAzLTYzMjY0NTQuanBnfHx8fHx8fHx8fHw0MDB4MzAw.jpg","large":"MDliN2M5OTJhZGVjNTAwMTllMGJiYjk5OTI2ZTQ5YzOf4cWZB00JFsXNvunuwqPVODEwMDAzLTYzMjY0NTQuanBnfHx8fHx8fHx8fHw2NDB4NDgw.jpg"}]}},{"ad_id":"863428","reg_year":"2006","make":"Renault","model":"Megane","variant":"II 1.4 16V Monaco","mileage":"45361","engine_size":"1.4","fuel_type":"Petrol","body_type":"Hatchback","colour":"e0e0e0","location":"Dublin","price":"\u20ac 4,995","images":{"base_url":"http:\/\/i0.carsie.ie\/","image_list":[{"thumb":"MDU0MzM5YTFlOWIwY2E4NWFlNmE0NjFmN2IyYjlkYmQumu9jVlhIlkbJ7O40mJNGODYzNDI4LTY5NDA2MTEuanBnfHx8fHx8OTJ4Njl8fHx8fA==.jpg","main":"YjAwYTVkNmNjNzA3ZWYwY2Y2NDY5NGQ4ZTMyYWFmODAjjxa6bLcH1P9PReCQy_h_ODYzNDI4LTY5NDA2MTEuanBnfHx8fHx8fHx8fHw0MDB4MzAw.jpg","large":"OTI4ZDlkMzNlMWRhODFiMWJkZjNhMTJhYjc1YjNkNTMCKGvVaP9S5WCTaYSyz3bsODYzNDI4LTY5NDA2MTEuanBnfHx8fHx8fHx8fHw2NDB4NDgw.jpg"}]}},{"ad_id":"874031","reg_year":"2007","make":"Renault","model":"Megane","variant":"Sports 1.4 16V","mileage":"62138","engine_size":"1.4","fuel_type":"Petrol","body_type":"Saloon","colour":"ff0000","location":"Dublin","price":"\u20ac 4,995","images":{"base_url":"http:\/\/i0.carsie.ie\/","image_list":[{"thumb":"YWVlOTQ4NzIxNmJkZTJhYzcwYzUxZDA2ZmY1YTY4MjWgXprodFhtPMXkO2uLXoHIODc0MDMxLTcxMDExMjcuanBnfHx8fHx8OTJ4Njl8fHx8fA==.jpg","main":"ZTFiYjgxOTViOGUyN2RiZmFkNzMxMDRjOGNlYWZjMWGvTHgqIgjV7tYCE1uor_TEODc0MDMxLTcxMDExMjcuanBnfHx8fHx8fHx8fHw0MDB4MzAw.jpg","large":"NDhkZWY1MjAzNWI4YTM3YTBkMjYxNGY2MjU0MzYxZTEhBECUgtHB-O0T9gFUFN3lODc0MDMxLTcxMDExMjcuanBnfHx8fHx8fHx8fHw2NDB4NDgw.jpg"}]}},{"ad_id":"880714","reg_year":"2005","make":"Renault","model":"Megane","variant":"Grand Scenic 2","mileage":"31069","engine_size":"1.6","fuel_type":"Petrol","body_type":"Hatchback","colour":"e0e0e0","location":"Dublin","price":"\u20ac 4,995","images":{"base_url":"http:\/\/i0.carsie.ie\/","image_list":[{"thumb":"NzI5M2JkMDEyYWJjMWY3NWMzMmIxMWFjMWEyYWNjN2btNYRQQALDzcdICZxX35nCODgwNzE0LTcxODA0OTAuanBnfHx8fHx8OTJ4Njl8fHx8fA==.jpg","main":"ZDlkMmI4ZGZlM2I5NGFmMzAxNDUxNWY3MTE4NjFmZDNCwtCOMiXOsWgWTb6r5w2iODgwNzE0LTcxODA0OTAuanBnfHx8fHx8fHx8fHw0MDB4MzAw.jpg","large":"ZTMzYjFlNGExMDdhMDYxYjhkOTY1NzQ2MjMxMWJiY2VRNadZsx8TpG_6FV-ME_y4ODgwNzE0LTcxODA0OTAuanBnfHx8fHx8fHx8fHw2NDB4NDgw.jpg"}]}},{"ad_id":"902019","reg_year":"2007","make":"Renault","model":"Megane","variant":"Sport 1.5dci","mileage":"93208","engine_size":"1.5","fuel_type":"Diesel","body_type":"Saloon","colour":"ffff00","location":"Dublin","price":"\u20ac 4,995","images":{"base_url":"http:\/\/i0.carsie.ie\/","image_list":[{"thumb":"ZWFlMzY0M2QwYzYzOGNhYjM4YzBiODE2MTc3YjAyNjUKdkStCYSXUTEDEiAgeS5wOTAyMDE5LS5qcGd8fHx8fHw5Mng2OXx8fHx8.jpg","main":"ZjM2N2ZmYTc4MjYyZWQyMzJkNjRjMjM5OGMzNDI5NWVqugNzcYTyyyEN1Bd-CzDuOTAyMDE5LS5qcGd8fHx8fHx8fHx8fDQwMHgzMDA=.jpg","large":"OWQ5ZTI2OTMwMTYwZTdiOTMxMjdiNzkyNjFmMWUwNTaaT1UDOS9l64hgQkk46aVYOTAyMDE5LS5qcGd8fHx8fHx8fHx8fDY0MHg0ODA=.jpg"}]}},{"ad_id":"853584","reg_year":"2006","make":"Renault","model":"Megane","variant":"SPORTS 1.4 16V DYNAMIQUE PH2","mileage":"64001","engine_size":"1.4","fuel_type":"Petrol","body_type":"Hatchback","colour":"e0e0e0","location":"Limerick","price":"\u20ac 4,995","images":{"base_url":"http:\/\/i0.carsie.ie\/","image_list":[{"thumb":"YzkwMjdlMGQ4MGRlOGRjMmUwMzE3MjlhYzMzMTA4YjG38YWPW-btMEz8JehB_jpOODUzNTg0LTY4MzYyMjcuanBnfHx8fHx8OTJ4Njl8fHx8fA==.jpg","main":"YThlNjQ1NzQ3ZWNhYWZhMDgyM2Y5ZTdhNjRkNDY1ZGa5L9aT2Y99967RC8YyxzhQODUzNTg0LTY4MzYyMjcuanBnfHx8fHx8fHx8fHw0MDB4MzAw.jpg","large":"ZGUyYWQzZTRiYTc2NzlhZjMyNzM4NmMwYWM1ZDcwYWFz9Fm9ACosFbnyhR2dwBvzODUzNTg0LTY4MzYyMjcuanBnfHx8fHx8fHx8fHw2NDB4NDgw.jpg"}]}},{"ad_id":"900880","reg_year":"2006","make":"Renault","model":"Scenic","variant":"2 1.4 Dynamique","mileage":"5592","engine_size":"1.4","fuel_type":"Petrol","body_type":"Hatchback","colour":"ff0000","location":"Dublin","price":"\u20ac 4,995","images":{"base_url":"http:\/\/i0.carsie.ie\/","image_list":[{"thumb":"M2FjZGQ5ZGQyMzZjOGRiMTgzYjVkNWRmMmY2MDJhYTlfNR-PnW7FdZrU6XLiymD4OTAwODgwLTc0MDc1OTQuanBnfHx8fHx8OTJ4Njl8fHx8fA==.jpg","main":"MTYyOTZjNTc2MjkyY2M0MzYzMjlkNzg0MWE5ZWM0NmGkdhje4BTaB3OsOoIuahLoOTAwODgwLTc0MDc1OTQuanBnfHx8fHx8fHx8fHw0MDB4MzAw.jpg","large":"MTRjMzljNjllYjQxZTU3NDIxZjY5MmVmN2JmMmMxZmZ_JDDz1sCXVmQXvIgLemiGOTAwODgwLTc0MDc1OTQuanBnfHx8fHx8fHx8fHw2NDB4NDgw.jpg"}]}},{"ad_id":"837711","reg_year":"2005","make":"Seat","model":"Leon","variant":"1.4 Stella","mileage":"60000","engine_size":"1.4","fuel_type":"Petrol","body_type":"Hatchback","colour":"f0d2a0","location":"Kildare","price":"\u20ac 4,995","images":{"base_url":"http:\/\/i0.carsie.ie\/","image_list":[{"thumb":"MTgyYTY1NmMxYjI3YTRjMDVjYTgzMmVkYmViOWY1MDMYPyvo2sypftSCcNCzuP8YODM3NzExLTY2NjIyMjQuanBnfHx8fHx8OTJ4Njl8fHx8fA==.jpg","main":"YTJkOGE1NDk3MDdkOTI0MjMxNmExYmMxMTJhYzEwNDPObpmwxh0q0r4ptsrPLZjiODM3NzExLTY2NjIyMjQuanBnfHx8fHx8fHx8fHw0MDB4MzAw.jpg","large":"Yzg5NjI0MTA4MzViNWI2YmRiYTg1OGEzNDNkNGE5NTcpzavG9yojYqsVP9DmwmKMODM3NzExLTY2NjIyMjQuanBnfHx8fHx8fHx8fHw2NDB4NDgw.jpg"}]}},{"ad_id":"859841","reg_year":"2006","make":"Skoda","model":"Octavia","variant":"Ambiente 1.9tdi","mileage":"162182","engine_size":"1.9","fuel_type":"Diesel","body_type":"Hatchback","colour":"f0d2a0","location":"Cork","price":"\u20ac 4,995","images":{"base_url":"http:\/\/i0.carsie.ie\/","image_list":[{"thumb":"OWE4N2MwYjYxMjAxY2RjMjA0MWE3Yzg5MDgyOWM0Y2Q7bInazfiZvnRq5NhOGu1iODU5ODQxLTY5MDEyMDguanBnfHx8fHx8OTJ4Njl8fHx8fA==.jpg","main":"NzcyZjk1OTljZGFiZWQ2YzEwNjZlYmYxNTM4MjAzNDQrCkQT7jDjGALxUMmiHDgEODU5ODQxLTY5MDEyMDguanBnfHx8fHx8fHx8fHw0MDB4MzAw.jpg","large":"YjRjODBjZjE4MzE3NzQwZTE1MGE2YmY2MTI3MDE4MzOu5hKb8-QDHlJ-E-pYsTW0ODU5ODQxLTY5MDEyMDguanBnfHx8fHx8fHx8fHw2NDB4NDgw.jpg"}]}},{"ad_id":"898687","reg_year":"2005","make":"Skoda","model":"Octavia","variant":"Ambiente 1.4bhp","mileage":"52817","engine_size":"1.4","fuel_type":"Petrol","body_type":"Hatchback","colour":"0000c0","location":"Dublin","price":"\u20ac 4,995","images":{"base_url":"http:\/\/i0.carsie.ie\/","image_list":[{"thumb":"MjdiZmVhZjg2YjkyZjBhM2JkZTQxY2E5M2E5NmM0M2OVUhEi4q99Sl0hclfrC1h-ODk4Njg3LTczNjc0NTcuanBnfHx8fHx8OTJ4Njl8fHx8fA==.jpg","main":"OTAwNDhjOWFlMjZhOWU4YmU2ZGEwYjVhMGExZjY5ZGOt9u_xbYAcdgkv-VgE8W2iODk4Njg3LTczNjc0NTcuanBnfHx8fHx8fHx8fHw0MDB4MzAw.jpg","large":"ZDhlZjJlM2E1ODYyZWQxZDc1OWQ3YWRiMTYxOWE3YjWWf03gF_3B6VJ6pTG4DPrEODk4Njg3LTczNjc0NTcuanBnfHx8fHx8fHx8fHw2NDB4NDgw.jpg"}]}},{"ad_id":"721601","reg_year":"2006","make":"Skoda","model":"Octavia","variant":"","mileage":"93000","engine_size":"1.9","fuel_type":"Petrol","body_type":"Hatchback","colour":"e0e0e0","location":"Waterford","price":"\u20ac 4,995","images":{"base_url":"http:\/\/i0.carsie.ie\/","image_list":[{"thumb":"YmM2MzM1ZjllOTFmNDM4NTVjMzI1NzFhYzM2OTljNWQBNhtW2qXU-JR84dmcBRkcNzIxNjAxLTUxOTE3NDMuanBnfHx8fHx8OTJ4Njl8fHx8fA==.jpg","main":"MzUwNzQ0Mjg2NzZhYTdhNjg1ZmRmMjI1N2EwMmRjZmMeTQx3SEk6vSNR7B66poQxNzIxNjAxLTUxOTE3NDMuanBnfHx8fHx8fHx8fHw0MDB4MzAw.jpg","large":"NmQyY2YwNjEyMjEyN2Q4NTFjNWIyNTkxMDkxZDdmNDnNZh5ayXblT_3fLpWQBbo1NzIxNjAxLTUxOTE3NDMuanBnfHx8fHx8fHx8fHw2NDB4NDgw.jpg"}]}},{"ad_id":"884593","reg_year":"2004","make":"Subaru","model":"Legacy","variant":"","mileage":"55303","engine_size":"2.0","fuel_type":"Petrol","body_type":"Saloon","colour":"858585","location":"Dublin","price":"\u20ac 4,995","images":{"base_url":"http:\/\/i0.carsie.ie\/","image_list":[{"thumb":"ZmVjZTQzNTViYTQ4MjliNjIyNTI0ZjFmNWYxMWMxZjF3gR_mjpbP2zg4t96pywO-ODg0NTkzLTcxOTk0MjkuanBnfHx8fHx8OTJ4Njl8fHx8fA==.jpg","main":"ZGRmYzg1NjViODgyZGUyZDdiMTRiZTE3ZDk5MzM2MzZDPmDkkYYK0f6HLZpCr0PMODg0NTkzLTcxOTk0MjkuanBnfHx8fHx8fHx8fHw0MDB4MzAw.jpg","large":"NTZiZDc5ZjFhODI2OGU5ZDJmNmRmMjMyOWEyNWVkZDXTRKKD6HquMLVHCqst81InODg0NTkzLTcxOTk0MjkuanBnfHx8fHx8fHx8fHw2NDB4NDgw.jpg"}]}},{"ad_id":"884805","reg_year":"2007","make":"Suzuki","model":"Wagon R+","variant":"","mileage":"95230","engine_size":"1.2","fuel_type":"Petrol","body_type":"Hatchback","colour":"0000c0","location":"Dublin","price":"\u20ac 4,995","images":{"base_url":"http:\/\/i0.carsie.ie\/","image_list":[{"thumb":"MzI4ODcwZmQ5MDMyNDdhN2QxMmM5M2Q2MmE0ODczNzVZw-onjydHwk7Z6rkbte9yODg0ODA1LTcyMDE3OTAuanBnfHx8fHx8OTJ4Njl8fHx8fA==.jpg","main":"YTIzYTQ0ZWViNTFmNWYyNTM2MWIzZWRiYjNkODk1MzCLqGLmLce3rqHmLgapiP09ODg0ODA1LTcyMDE3OTAuanBnfHx8fHx8fHx8fHw0MDB4MzAw.jpg","large":"NGI0MzJhNjM5MzJiYTYwODFkODk4M2U3Mzc4YzAzMzFCxnLAX9pXoC7snp2m2neAODg0ODA1LTcyMDE3OTAuanBnfHx8fHx8fHx8fHw2NDB4NDgw.jpg"}]}},{"ad_id":"900682","reg_year":"2005","make":"Toyota","model":"Avensis","variant":"Aura 4DR, ONLY 42, 000MILES, SUPERB AVENSIS, VIEWING RECOMMENDED!","mileage":"42254","engine_size":"1.6","fuel_type":"Petrol","body_type":"Saloon","colour":"ff0000","location":"Dublin","price":"\u20ac 4,995","images":{"base_url":"http:\/\/i0.carsie.ie\/","image_list":[{"thumb":"YjNkYjBmM2ViYTI1ZmNhYjYzMDJlZjk2OTIwYjk2N2Lw8jSzIecg78Cdgs4YP7EoOTAwNjgyLTc0MDU0NTUuanBnfHx8fHx8OTJ4Njl8fHx8fA==.jpg","main":"NjNlN2I1MjhjYmRhNzQyZWRiZDk4ZGI3NmY1N2U0MjN2TFpNgELrDEH4ZFoXpT0KOTAwNjgyLTc0MDU0NTUuanBnfHx8fHx8fHx8fHw0MDB4MzAw.jpg","large":"OTdhMTRhODQyNDA1YTI5ZTY5NzRkMzRkNTFmZTM3Y2G7QeD3p6c7VybyEJ7UNAJkOTAwNjgyLTc0MDU0NTUuanBnfHx8fHx8fHx8fHw2NDB4NDgw.jpg"}]}}]}