{"total":"23408","result":[{"ad_id":"826032","reg_year":"2007","make":"Hyundai","model":"Santa Fe","variant":"","mileage":"90000","engine_size":"2.2","fuel_type":"Diesel","body_type":null,"colour":"000000","location":"Kerry","price":"\u20ac 9,800","images":{"base_url":"http:\/\/i0.carsie.ie\/","image_list":[{"thumb":"MTMyNDA3NjliYmU2YzhlNTExZGQ5NTRkZDFkYjQ0NjHqrRnWVHkycnGBUReRgswkODI2MDMyLTY1MjU4NjAuanBnfHx8fHx8OTJ4Njl8fHx8fA==.jpg","main":"ZTBkOWMwMzYxMDQ4ZmY4YzdlNWJjODg2MWQ3ZGY1ZmUZ6TKHGdHwWWaaPdHygp7SODI2MDMyLTY1MjU4NjAuanBnfHx8fHx8fHx8fHw0MDB4MzAw.jpg","large":"ODM4YTIyZTg3YzQxZDYzYWUxZWFkZTQ1MjdjZWM2ZTJ8EJ0W9m5kwIMaTLaPr6OeODI2MDMyLTY1MjU4NjAuanBnfHx8fHx8fHx8fHw2NDB4NDgw.jpg"}]}},{"ad_id":"845570","reg_year":"2007","make":"Hyundai","model":"Santa Fe","variant":"Commerciial 4wd","mileage":"113000","engine_size":"2.2","fuel_type":"Diesel","body_type":"SUV","colour":"000000","location":"Kerry","price":"\u20ac 9,800","images":{"base_url":"http:\/\/i0.carsie.ie\/","image_list":[{"thumb":"YzAzYzFlYWIzZDJhMjA4MjA3NzIyNTdmNTNmNmY2MWM_lpiJlhkJZKjpvK4ekVtoODQ1NTcwLTY3NDc4NjguanBnfHx8fHx8OTJ4Njl8fHx8fA==.jpg","main":"NDAyNTg5OTVjYTUyNTkxMDk5NDdiYmI4ODE3OTkwZmZamOWyuFUU_rcYQpYEF3T1ODQ1NTcwLTY3NDc4NjguanBnfHx8fHx8fHx8fHw0MDB4MzAw.jpg","large":"MjRiNzBkZDEwZGQ1Zjc0YTVkMGRkOTMzZDhmMTM3OTjoDTTKbf_qQweXbgtsZIeXODQ1NTcwLTY3NDc4NjguanBnfHx8fHx8fHx8fHw2NDB4NDgw.jpg"}]}},{"ad_id":"867806","reg_year":"2008","make":"Hyundai","model":"Tucson","variant":"2.0 Commercial 4wd crdi","mileage":"57018","engine_size":"2.0","fuel_type":"Diesel","body_type":"SUV","colour":"000000","location":"Kerry","price":"\u20ac 9,800","images":{"base_url":"http:\/\/i0.carsie.ie\/","image_list":[{"thumb":"YjE5Mzk5ZGVjOWNhMmRmMTEzYzUyZDllNGMzN2Y4NDi9kPc4GRdRwED3P7ot9bVXODY3ODA2LTY5OTQzNDUuanBnfHx8fHx8OTJ4Njl8fHx8fA==.jpg","main":"Y2E0MDAxMTI2YjRhNTRjYTk1NzAxN2Y1Mjk5M2VhOTLoU_PYKePUuarRxe08GcDNODY3ODA2LTY5OTQzNDUuanBnfHx8fHx8fHx8fHw0MDB4MzAw.jpg","large":"YzY2OGIxN2MzMTIwMzEyNzllM2UyMjZiNDJjZWE2ZmUA0UXCcLChKLgHBvX222GaODY3ODA2LTY5OTQzNDUuanBnfHx8fHx8fHx8fHw2NDB4NDgw.jpg"}]}},{"ad_id":"852029","reg_year":"2007","make":"Nissan","model":"Navara","variant":"2.5 LE ** VAT INVOICE ** CLEARY NISSAN","mileage":"84930","engine_size":"2.5","fuel_type":"Diesel","body_type":"Pickup","colour":"0000c0","location":"Mayo","price":"\u20ac 9,800","images":{"base_url":"http:\/\/i0.carsie.ie\/","image_list":[{"thumb":"ZmU1NzMzYjBjMWJhNWJmNTU3NTJlMTIyM2M4NzYyOGUjT9l3JG41-Jv_thRRG4HrODUyMDI5LTY4MTk3MDUuanBnfHx8fHx8OTJ4Njl8fHx8fA==.jpg","main":"ZTJkZjg2NmJiMjRlZTIzMTM3NGUxMjg3ZGY4YmM3M2GGQgMCvA_AEgGzmZWjYPEEODUyMDI5LTY4MTk3MDUuanBnfHx8fHx8fHx8fHw0MDB4MzAw.jpg","large":"YWMzNDU5YjBkYzg0OWEwNzliNGZiZTM1MWIzYjJkMGG9nm356tGApXzoQBzkFTx7ODUyMDI5LTY4MTk3MDUuanBnfHx8fHx8fHx8fHw2NDB4NDgw.jpg"}]}},{"ad_id":"891261","reg_year":"2009","make":"Opel","model":"Vivaro","variant":null,"mileage":"96717","engine_size":"2.0","fuel_type":"Diesel","body_type":null,"colour":"ffffff","location":"Wexford","price":"\u20ac 9,800","images":{"base_url":"http:\/\/i0.carsie.ie\/","image_list":[{"thumb":"NjVhNTU5MTgzMzg4ZGEyOGZiYzExNjAwZDI1NzYzMWPPh0ZR4h_X8o4MoU3DXOc0ODkxMjYxLS5qcGd8fHx8fHw5Mng2OXx8fHx8.jpg","main":"OTE5YjYyMzljNDE2YjUxMTY1OWIwZTQ1ZTQzZDdlZDYfafJGJD0gTEmXbgcF6HEqODkxMjYxLS5qcGd8fHx8fHx8fHx8fDQwMHgzMDA=.jpg","large":"YzM3NWFjNTIwZGFkZmQxODMzOGNkODAyODBlMzQ4ZGY6FaTeJOrDSD1cgThgrmi5ODkxMjYxLS5qcGd8fHx8fHx8fHx8fDY0MHg0ODA=.jpg"}]}},{"ad_id":"869561","reg_year":"2008","make":"Toyota","model":"Yaris","variant":"Yaris NG 1.0L Terra 5DR","mileage":"42365","engine_size":"1.0","fuel_type":"Petrol","body_type":"Hatchback","colour":"ff0000","location":"Limerick","price":"\u20ac 9,800","images":{"base_url":"http:\/\/i0.carsie.ie\/","image_list":[{"thumb":"MDEyNDQ5MjExN2YzNGU0Nzg5YmY1ZjMwYmQ0MzFhM2Uf_SepDw8YaPtVwENA7ghEODY5NTYxLTcwMTUzOTYuanBnfHx8fHx8OTJ4Njl8fHx8fA==.jpg","main":"MGI4OWVmYWRkODA3OWMxZTNjMTRlMGE0YTZlNmNlNDg8xxnYvk2ubtVU0LtuNCpXODY5NTYxLTcwMTUzOTYuanBnfHx8fHx8fHx8fHw0MDB4MzAw.jpg","large":"YWYxZTM1MTU5MDkxYjU5NmI5ZGI4NjM0M2Y4NWVmMDSkaSCKmJWL8PeVTnRaBJztODY5NTYxLTcwMTUzOTYuanBnfHx8fHx8fHx8fHw2NDB4NDgw.jpg"}]}},{"ad_id":"870951","reg_year":"2008","make":"Volkswagen","model":"Golf","variant":"Golf 1.4 80BHP 5DR","mileage":"69106","engine_size":"1.4","fuel_type":"Petrol","body_type":"Hatchback","colour":"0000c0","location":"Limerick","price":"\u20ac 9,800","images":{"base_url":"http:\/\/i0.carsie.ie\/","image_list":[{"thumb":"ODFmZWIyZmM1ODNkYmQwNmNmZGFhZmJmYzdmMDU2MWFS9v2w43hrG8PYyz2F7vgCODcwOTUxLTcwMzEyOTYuanBnfHx8fHx8OTJ4Njl8fHx8fA==.jpg","main":"M2VkNTExNDcwZmRhM2QwZjliMGUyNTVlODFmZDI2YWZsuDeSKYpp6bzyFG9-0c7hODcwOTUxLTcwMzEyOTYuanBnfHx8fHx8fHx8fHw0MDB4MzAw.jpg","large":"MDQ1OTFhNjEwYmFiNzU3YmY3MGVjMzA5OWYwNTllNmUiSxOMkrvkuZLnet5XxNKFODcwOTUxLTcwMzEyOTYuanBnfHx8fHx8fHx8fHw2NDB4NDgw.jpg"}]}},{"ad_id":"884597","reg_year":"2008","make":"Ford","model":"Transit","variant":"280LWB 2.4 100PS M\/R","mileage":"47846","engine_size":"2.4","fuel_type":"Diesel","body_type":"Van","colour":"ffffff","location":"Dublin","price":"\u20ac 9,840","images":{"base_url":"http:\/\/i0.carsie.ie\/","image_list":[{"thumb":"YjhlZGMxZDliMzMxNDUyYjQ5OWQwN2MyNDgxYmEwZjVsHV2Dc_p3ifm4DrZN_h3aODg0NTk3LTcxOTgyMjIuanBnfHx8fHx8OTJ4Njl8fHx8fA==.jpg","main":"YTlkYTk3YmIzYWFjYjQ5N2E5OWZhNWM5MGNkNGI2NjfODN-lmKwcFf1s-ti_WWKyODg0NTk3LTcxOTgyMjIuanBnfHx8fHx8fHx8fHw0MDB4MzAw.jpg","large":"NDYxZjNlNWQ4YzRmYTg1NDQwZTU2YTQwNDRiYmMxNWKuWkzI3lHcto18hvYo6bn1ODg0NTk3LTcxOTgyMjIuanBnfHx8fHx8fHx8fHw2NDB4NDgw.jpg"}]}},{"ad_id":"888194","reg_year":"2006","make":"Audi","model":"A4","variant":"2.0 TDI SE 138BHP 04DR","mileage":"107388","engine_size":"2.0","fuel_type":"Diesel","body_type":"Saloon","colour":"858585","location":"Galway","price":"\u20ac 9,850","images":{"base_url":"http:\/\/i0.carsie.ie\/","image_list":[{"thumb":"ZmQ0ODYyMTZjZmM5NzgyNWJlYjBmNjIwOGM1NGUyNWNWBN1uMAVMKJpVdxz0xBNrODg4MTk0LTcyMzMzMDcuanBnfHx8fHx8OTJ4Njl8fHx8fA==.jpg","main":"ZmUyYTQzMTc3OGJlNjMyNWIzMWYzNzdiZGE3ZDg5YmF5cZZ7NShZhIh6WQoMKeUTODg4MTk0LTcyMzMzMDcuanBnfHx8fHx8fHx8fHw0MDB4MzAw.jpg","large":"ZDA3YWMxMmZjMGNiZGU5MjFkNzk0ODRlNjIzZDllMWbnLdxjx2evp4rlincsKcwoODg4MTk0LTcyMzMzMDcuanBnfHx8fHx8fHx8fHw2NDB4NDgw.jpg"}]}},{"ad_id":"602985","reg_year":"1987","make":"Bentley","model":"Turbo R","variant":"6.7 l red badge turbo","mileage":"100000","engine_size":"6.7","fuel_type":"Petrol","body_type":"Hatchback","colour":"0000c0","location":"Dublin","price":"\u20ac 9,850","images":{"base_url":"http:\/\/i0.carsie.ie\/","image_list":[{"thumb":"MmVhZDAzZGU0MTk3MWI2YWE4ZWI5YjBiYmRhMTA5NGIJLYqxl5CshBuLBO2cu1XgNjAyOTg1LTM4NTc3MjYuanBnfHx8fHx8OTJ4Njl8fHx8fA==.jpg","main":"MzExZDBjODc0NzE2MTE2YzE0NWFmYTNkMTg1NmUzNDd6Cvms8Kj43szc5s19YuvCNjAyOTg1LTM4NTc3MjYuanBnfHx8fHx8fHx8fHw0MDB4MzAw.jpg","large":"NTVkYjI2NDQwMWVjMDVmMTFhYjYxMzE2NmJhZWExMjK0kHb8UP5TRRApu5vQjNDnNjAyOTg1LTM4NTc3MjYuanBnfHx8fHx8fHx8fHw2NDB4NDgw.jpg"}]}},{"ad_id":"901882","reg_year":"2007","make":"BMW","model":"318","variant":"I SE Z3SD 4DR","mileage":"94451","engine_size":"2.0","fuel_type":"Petrol","body_type":"Saloon","colour":"e0e0e0","location":"Dublin","price":"\u20ac 9,850","images":{"base_url":"http:\/\/i0.carsie.ie\/","image_list":[{"thumb":"ZGJmMDViYTI0NGEwNzIxY2YyZDJhNmZmODc2NDZkOTUz8e2x2aTK0IyZ-4zUfYFvOTAxODgyLTc0MjU5NTIuanBnfHx8fHx8OTJ4Njl8fHx8fA==.jpg","main":"ZjJiOTI1YTRiY2NiODVkNDdkZWU4ZGZkYWY0Yjc0MDBJDPvbS3ZfsM7IlM8I77RFOTAxODgyLTc0MjU5NTIuanBnfHx8fHx8fHx8fHw0MDB4MzAw.jpg","large":"MTI3YmExMGRhYmU1ZDhjODgwZDczZjdlYmJhMDgwMDTeJBgcm7VQ6dW8NFRvzCXbOTAxODgyLTc0MjU5NTIuanBnfHx8fHx8fHx8fHw2NDB4NDgw.jpg"}]}},{"ad_id":"884914","reg_year":"2005","make":"BMW","model":"5 Series","variant":"5 Series D E60 SE 04DR","mileage":"120200","engine_size":"2.0","fuel_type":"Diesel","body_type":"Saloon","colour":"000000","location":"Louth","price":"\u20ac 9,850","images":{"base_url":"http:\/\/i0.carsie.ie\/","image_list":[{"thumb":"NmUwODJhNzI2MjRjYzJkMjljMzVhMGZlY2ZiM2E0NjnPXhAl1EKk2oVAXc4mo32HODg0OTE0LTcyMDA1ODUuanBnfHx8fHx8OTJ4Njl8fHx8fA==.jpg","main":"OGU1MjNiZWM3YTM2ZTM0ODBjN2U2NzY4NzdmZDVmZWYchzVhBJ1B3BsZMTrLsDYuODg0OTE0LTcyMDA1ODUuanBnfHx8fHx8fHx8fHw0MDB4MzAw.jpg","large":"N2E2MjgwZDZjYmUyMTljZjAyOTIzZDFkMDIyYzhmNWFed-Vyv_ar5raHs528WHtpODg0OTE0LTcyMDA1ODUuanBnfHx8fHx8fHx8fHw2NDB4NDgw.jpg"}]}},{"ad_id":"891059","reg_year":"2011","make":"Citroen","model":"C3","variant":"1.4I VT 5DR","mileage":"29826","engine_size":"1.4","fuel_type":"Petrol","body_type":"Hatchback","colour":"008000","location":"Galway","price":"\u20ac 9,850","images":{"base_url":"http:\/\/i0.carsie.ie\/","image_list":[{"thumb":"ZDFlNWI1MTg0YzY0Y2I4NmE1YWJlMTkzYTQ4ZDlhZjUHgJYcUGMgY8l8xfP0RAcpODkxMDU5LTcyNTg3NDIuanBnfHx8fHx8OTJ4Njl8fHx8fA==.jpg","main":"MTY1MGVmODdmNDA4MGEyNGNjNGQ1MjRiNGMxMzFmYTjlZWr-0v9wnLVpsAaHS2FvODkxMDU5LTcyNTg3NDIuanBnfHx8fHx8fHx8fHw0MDB4MzAw.jpg","large":"NGIzNzhkYTVlMTkxNTk1NjY3MmY0ZDVhYmNlZGRhMTjvao9eim-kdnNoQTyNSZtCODkxMDU5LTcyNTg3NDIuanBnfHx8fHx8fHx8fHw2NDB4NDgw.jpg"}]}},{"ad_id":"900719","reg_year":"2008","make":"Citroen","model":"C4","variant":"1.6 HDI STYLE \/ VERY LOW MILEAGE \/ LOW TAX RATE \/ NCT OCTOBER 2014 AND TAXED SEPTEMBER 2013 \/ TRADE-INS WELCOME \/ CALL 086-8055412 ANYTIME","mileage":"39147","engine_size":"1.6","fuel_type":"Diesel","body_type":"Hatchback","colour":"000000","location":"Dublin","price":"\u20ac 9,850","images":{"base_url":"http:\/\/i0.carsie.ie\/","image_list":[{"thumb":"NGUyMGU2ZWZlYzliOGY3MmU2YjkxNzkzNjBkMGVjZTCxTdQ8M9vv0ptzlMOGqqW6OTAwNzE5LTc0MDYzMjAuanBnfHx8fHx8OTJ4Njl8fHx8fA==.jpg","main":"NGZjMjhiOGFkNWU2Y2U4NTY3ZDYyNjI5ZWUzZTkyYmKdsDlww-uGVi8joWyH1Yd0OTAwNzE5LTc0MDYzMjAuanBnfHx8fHx8fHx8fHw0MDB4MzAw.jpg","large":"MDY2MjAwODc5ZDY4ZDFjZDk5MGM4YWU1MzM0OWJjNjB27N5TeA6xzVVkq2Rfo8RlOTAwNzE5LTc0MDYzMjAuanBnfHx8fHx8fHx8fHw2NDB4NDgw.jpg"}]}},{"ad_id":"756036","reg_year":"2008","make":"Citroen","model":"C4 Picasso","variant":"PICASSO 7 1.8I DYNAMIQUE","mileage":"25476","engine_size":"1.8","fuel_type":"Petrol","body_type":"People Carrier","colour":"000000","location":"Kilkenny","price":"\u20ac 9,850","images":{"base_url":"http:\/\/i0.carsie.ie\/","image_list":[{"thumb":"MWFjY2I0YWQ1ZmQ3ZjkyNjU0YjI2ZGE1NTk1ODU0MzW1UN24iAMNee7j8wd--uj3NzU2MDM2LTcwOTIzNDcuanBnfHx8fHx8OTJ4Njl8fHx8fA==.jpg","main":"YmNkYjkzNjU1MDU0ZTVkODAxZDJlMTBhNGZlNWUzZjIBAO5MLE7Wgl4vLgzJyohGNzU2MDM2LTcwOTIzNDcuanBnfHx8fHx8fHx8fHw0MDB4MzAw.jpg","large":"Y2IzMDZhNDlkMjFiNGJiNWFlNTI5ZWY5MzI0NTljNGO71vzDyVdYcXGO8XS0S9WeNzU2MDM2LTcwOTIzNDcuanBnfHx8fHx8fHx8fHw2NDB4NDgw.jpg"}]}},{"ad_id":"893171","reg_year":"2010","make":"Fiat","model":"Doblo","variant":"WHEELCHAIR ACCESSIBLE","mileage":"10902","engine_size":"1.4","fuel_type":"Petrol","body_type":null,"colour":"ff0000","location":"Louth","price":"\u20ac 9,850","images":{"base_url":"http:\/\/i0.carsie.ie\/","image_list":[{"thumb":"MDMzNjEwODM5NzNjNTdhMmM2OGRiMDM0Mjk5ZDBmYzRI1KUyz-cZsGgJpbdSchMuODkzMTcxLTc0MTAyMDUuanBnfHx8fHx8OTJ4Njl8fHx8fA==.jpg","main":"ZjM2ZWJmYzFiMWVkMzU3YTY5OTA2YzZmZjcxZTYxODEUmA-nfY1DVN5Bn-WaLl_EODkzMTcxLTc0MTAyMDUuanBnfHx8fHx8fHx8fHw0MDB4MzAw.jpg","large":"YzhkNGVhOTc1YzM3YTY1NzcxMjU2NDg2Mjc1ZmNmZTDV8Ld2rbIOdbClzsDDHwghODkzMTcxLTc0MTAyMDUuanBnfHx8fHx8fHx8fHw2NDB4NDgw.jpg"}]}},{"ad_id":"899092","reg_year":"2011","make":"Ford","model":"Fiesta","variant":"VAN 1.4diesel 68PS 3DR","mileage":"35000","engine_size":"1.4","fuel_type":"Diesel","body_type":"Van","colour":"0000c0","location":"Galway","price":"\u20ac 9,850","images":{"base_url":"http:\/\/i0.carsie.ie\/","image_list":[{"thumb":"OTUzNjQxN2FiZTgwNzkyYjNjMDY1Mzc1YTBlNjhmYjXFjUzaW34BKz6WYLW_WyW_ODk5MDkyLTczNzM4MzIuanBnfHx8fHx8OTJ4Njl8fHx8fA==.jpg","main":"MWI3MTcwMWE1NzNkZmYzN2Y3MjAwN2Q2NTYyYThmZTDki6dmz-YGBfg3FIKFC5ScODk5MDkyLTczNzM4MzIuanBnfHx8fHx8fHx8fHw0MDB4MzAw.jpg","large":"ZDhiMzY2ZGM3YjYzYWJhY2E1NDQ4ZDY0NGVjODU1YzCXJv86AQFiW5RlYAblHbzZODk5MDkyLTczNzM4MzIuanBnfHx8fHx8fHx8fHw2NDB4NDgw.jpg"}]}},{"ad_id":"883019","reg_year":"2008","make":"Ford","model":"Focus","variant":"1.6 TDCI TITANIUM","mileage":"95000","engine_size":"1.6","fuel_type":"Diesel","body_type":"Hatchback","colour":"e0e0e0","location":"Dublin","price":"\u20ac 9,850","images":{"base_url":"http:\/\/i0.carsie.ie\/","image_list":[{"thumb":"MmQ3NzA3YmVhMDkzZWY3ZDM1MDE5YWIxOTFmYzk0MGSc4ct33ZSa5jr714O4i8nWODgzMDE5LTcxODgyNjMuanBnfHx8fHx8OTJ4Njl8fHx8fA==.jpg","main":"NmUwZjU2ODNmNTZlZTdkNDY5YWYyOGI2ODA4NmI1MjetfkKaKQUn5dgbb1psL-soODgzMDE5LTcxODgyNjMuanBnfHx8fHx8fHx8fHw0MDB4MzAw.jpg","large":"ZTJmZmY4N2NkOTI1ODFlODMyZmZkZWJiMDA0Zjc4MGN3HW5iicvg4OSUjFj6QoTsODgzMDE5LTcxODgyNjMuanBnfHx8fHx8fHx8fHw2NDB4NDgw.jpg"}]}},{"ad_id":"888273","reg_year":"2009","make":"Kia","model":"Ceed","variant":"1.4 S Petrol","mileage":"45300","engine_size":"1.4","fuel_type":"Petrol","body_type":"Hatchback","colour":"0000c0","location":"Dublin","price":"\u20ac 9,850","images":{"base_url":"http:\/\/i0.carsie.ie\/","image_list":[{"thumb":"NjY0YjdiMTFiMGQ2N2Q0ODhkNTc4NWVlZThkMmU1NWU33QVxdGLZrlcUCdoOh-e7ODg4MjczLTczNDM3OTkuanBnfHx8fHx8OTJ4Njl8fHx8fA==.jpg","main":"NDZiZDZjNzI5YzA4YjQyM2JhMjYwMGVhMzZjYTMwZTAz5Ss9kPEBFyvgEbtfCqn1ODg4MjczLTczNDM3OTkuanBnfHx8fHx8fHx8fHw0MDB4MzAw.jpg","large":"MTFiMDkzZTlmNGI3NjUxZDI1ZmFjNDdlOGFjZDJhNjnsD2ZP4MVgb_87Tvo2gmMVODg4MjczLTczNDM3OTkuanBnfHx8fHx8fHx8fHw2NDB4NDgw.jpg"}]}},{"ad_id":"901360","reg_year":"2008","make":"Opel","model":"Astra","variant":null,"mileage":"29826","engine_size":"1.4","fuel_type":"Petrol","body_type":null,"colour":"0000c0","location":"Dublin","price":"\u20ac 9,850","images":{"base_url":"http:\/\/i0.carsie.ie\/","image_list":[{"thumb":"YmUwMjdhMGIxN2MyOGVlMjZiNDhjZDkyYTg4MTAxYjOgkt1Hh6awcNQZjSwsYkjwOTAxMzYwLTc0MjA2NTEuanBnfHx8fHx8OTJ4Njl8fHx8fA==.jpg","main":"ODY0YjZlZmU4ZTdhZjIyNmI5NWIyYTdjNThiNjFiZTkCz9pkmJOWx7pNuPjjK-2LOTAxMzYwLTc0MjA2NTEuanBnfHx8fHx8fHx8fHw0MDB4MzAw.jpg","large":"NWRlYTFjZDU0YjVjZjZkM2VlYTg1NGM1M2ViYTA5ZWQqTGcYAnHeWXcu-ROARv0YOTAxMzYwLTc0MjA2NTEuanBnfHx8fHx8fHx8fHw2NDB4NDgw.jpg"}]}}]}