{"total":"23408","result":[{"ad_id":"747322","reg_year":"2004","make":"Mazda","model":"Mazda6","variant":"1.8 Saloon","mileage":"89846","engine_size":"1.8","fuel_type":"Petrol","body_type":"Saloon","colour":"0000c0","location":"Cork","price":"\u20ac 3,500","images":{"base_url":"http:\/\/i0.carsie.ie\/","image_list":[{"thumb":"NTExOGJhMjU0YzE4ZGY0ZTdmOGFhYTJhYzdlYzRjODUkPguYq4ZOR-Z2gO7NGOesNzQ3MzIyLTcwOTEzODkuanBnfHx8fHx8OTJ4Njl8fHx8fA==.jpg","main":"NTc1OWMyMGU2NTgyY2ExOGM5ZmRjYzQwMTk2ZmJlNWH9VMJPYta4erP2HR6W7u_1NzQ3MzIyLTcwOTEzODkuanBnfHx8fHx8fHx8fHw0MDB4MzAw.jpg","large":"YTZhMWU2YzVkOWVmZGM2MzJhNWU3MzU0YmRjOTIxMWYPyCRx2OPoHyMaeEPtK8KYNzQ3MzIyLTcwOTEzODkuanBnfHx8fHx8fHx8fHw2NDB4NDgw.jpg"}]}},{"ad_id":"851711","reg_year":"2004","make":"Mazda","model":"Mazda6","variant":null,"mileage":"92468","engine_size":"1.8","fuel_type":"Petrol","body_type":null,"colour":"858585","location":"Mayo","price":"\u20ac 3,500","images":{"base_url":"http:\/\/i0.carsie.ie\/","image_list":[{"thumb":"ZDc1MmU3YjMzYTIwNWRlNWU5Yjg3ODNhNjJlMTc3OTD82o7POaIIOGGflwYdd_HxODUxNzExLTY4MTU5NzQuanBnfHx8fHx8OTJ4Njl8fHx8fA==.jpg","main":"ZDgzNGE2ZjM1NGU1MzYzM2JiYjUwZmEyYWVhODFmZTcmGY3FWHSOjXz0JMdb3pZrODUxNzExLTY4MTU5NzQuanBnfHx8fHx8fHx8fHw0MDB4MzAw.jpg","large":"NDMzNzY4ZWJkNjdjOWMyZTFmZTcwYmNhOTlhZWQ1YTjF4sGseffquWLwS_1uxT6AODUxNzExLTY4MTU5NzQuanBnfHx8fHx8fHx8fHw2NDB4NDgw.jpg"}]}},{"ad_id":"831200","reg_year":"1996","make":"Mercedes-Benz","model":"E 220","variant":"COUPE ","mileage":"143000","engine_size":"2.2","fuel_type":"Petrol","body_type":"Coupe","colour":"7a0000","location":"Laois","price":"\u20ac 3,500","images":{"base_url":"http:\/\/i0.carsie.ie\/","image_list":[{"thumb":"YTE2ZDVlNjA0ODc3NzljMzVmOGI1YTYwYjM2MWZlOGNvi-CQaZOeuOWoxUNHnLPyODMxMjAwLTY1ODk3NzQuanBnfHx8fHx8OTJ4Njl8fHx8fA==.jpg","main":"ZjFiZDVkMWNjYzZkZTU2MGQxY2ZiZDcwYTA4OTk3NzWg8vOnaijIjIr_mUhR1PP8ODMxMjAwLTY1ODk3NzQuanBnfHx8fHx8fHx8fHw0MDB4MzAw.jpg","large":"ZmU5OWRjMDZiNTE3MjllMGM2Zjg1MzE4NTk2NzdlMTW7axxs6SDlqe0HCljBtavHODMxMjAwLTY1ODk3NzQuanBnfHx8fHx8fHx8fHw2NDB4NDgw.jpg"}]}},{"ad_id":"859947","reg_year":"2002","make":"Mercedes-Benz","model":"E 220","variant":"CDI AUTO AVANT-GARDE","mileage":"176000","engine_size":"2.2","fuel_type":"Diesel","body_type":"Saloon","colour":"e0e0e0","location":"Laois","price":"\u20ac 3,500","images":{"base_url":"http:\/\/i0.carsie.ie\/","image_list":[{"thumb":"NzdkODQ3ZmEzNzg1YTNkZjFiMTFmMTE0NmY0ZTk2M2GcvMBBvSrM-unhLsCgsDsbODU5OTQ3LTY5MDI1MjUuanBnfHx8fHx8OTJ4Njl8fHx8fA==.jpg","main":"ZTRkZTYzNTQwZWM5YTY2MjYyZWVkNjg4Zjc5Yjc2MTWkJsrf4T10WhgD-NFFOk9xODU5OTQ3LTY5MDI1MjUuanBnfHx8fHx8fHx8fHw0MDB4MzAw.jpg","large":"MjViZTIyOTJkYTIwYjQ3ZmRmY2MwMWZkNjFkZGVkMTjI2Z0RRgfH56kC8IrEFV4QODU5OTQ3LTY5MDI1MjUuanBnfHx8fHx8fHx8fHw2NDB4NDgw.jpg"}]}},{"ad_id":"897712","reg_year":"2003","make":"Mercedes-Benz","model":"E 240","variant":"Elegance","mileage":"70300","engine_size":"2.6","fuel_type":"Petrol","body_type":"Saloon","colour":"0000c0","location":"Louth","price":"\u20ac 3,500","images":{"base_url":"http:\/\/i0.carsie.ie\/","image_list":[{"thumb":"ZTcyZDU3MTk3MTdiZDhiYjI4MDA0OWZjZjE0ZDliMTGWJPTLwUCfB7jeTTxn2Ep5ODk3NzEyLTczNTcxOTQuanBnfHx8fHx8OTJ4Njl8fHx8fA==.jpg","main":"YjU3MjNmYWMwYjQwZDg1NzljNTJiM2JlOTMwY2FiNzkQ5pvARiJi6RkIcD33A9QXODk3NzEyLTczNTcxOTQuanBnfHx8fHx8fHx8fHw0MDB4MzAw.jpg","large":"YTQ1ODEwNjY1YmEwM2NlMTg4MWU0OTk2ZTk2MGNhZmM5gHBiK1CbK89rhRcLCce1ODk3NzEyLTczNTcxOTQuanBnfHx8fHx8fHx8fHw2NDB4NDgw.jpg"}]}},{"ad_id":"762130","reg_year":"2001","make":"Mercedes-Benz","model":"M Class","variant":"AUTO 270 CDI","mileage":"160000","engine_size":"2.7","fuel_type":"Diesel","body_type":"SUV","colour":"e0e0e0","location":"Cork","price":"\u20ac 3,500","images":{"base_url":"http:\/\/i0.carsie.ie\/","image_list":[{"thumb":"N2JjNjdiYjVjMzU1ZmZkZGNkMzlmY2IxYWY0MGQ0MGRltv6ggNpY5f2MO3XkVFhwNzYyMTMwLTU3MTYzNzAuanBnfHx8fHx8OTJ4Njl8fHx8fA==.jpg","main":"OTIwNTg5ZDMwMTA0ZjJkZTMwNmFmOWVhMmFmOTk2ODATixQCP78101ZxFKO2t7__NzYyMTMwLTU3MTYzNzAuanBnfHx8fHx8fHx8fHw0MDB4MzAw.jpg","large":"YmZjMmFiMDg1NzQyNjUzYmQ1NGY3YTg4NDNmODg0MTD_0q089lWb10itbcin-Qz9NzYyMTMwLTU3MTYzNzAuanBnfHx8fHx8fHx8fHw2NDB4NDgw.jpg"}]}},{"ad_id":"901223","reg_year":"2001","make":"Mercedes-Benz","model":"ML 270","variant":"Auto","mileage":"113000","engine_size":"2.7","fuel_type":"Diesel","body_type":"SUV","colour":"e0e0e0","location":"Kildare","price":"\u20ac 3,500","images":{"base_url":"http:\/\/i0.carsie.ie\/","image_list":[{"thumb":"MjAxYjEyNTgyNTU4ZTNiMTgxMTI5MGUyNzYyNmM1NWRwvfsuQpISE6-v7_cI3aenOTAxMjIzLTc0MTc0ODcuanBnfHx8fHx8OTJ4Njl8fHx8fA==.jpg","main":"NzAyZmMzYTc5MWE3YTBkMWU2NTlhZGViZWRmZTU5NjnBDS8PuOjLl9u-UbOChVmzOTAxMjIzLTc0MTc0ODcuanBnfHx8fHx8fHx8fHw0MDB4MzAw.jpg","large":"MGFhOTlhYTlkM2RiZDg3NWRmMDRiZDcxMGQzYTg3Y2GYlMOZ1FxKCXDWJ7jvTUPdOTAxMjIzLTc0MTc0ODcuanBnfHx8fHx8fHx8fHw2NDB4NDgw.jpg"}]}},{"ad_id":"855966","reg_year":"2005","make":"MG","model":"ZR","variant":null,"mileage":"86992","engine_size":"1.4","fuel_type":"Petrol","body_type":null,"colour":"000000","location":"Westmeath","price":"\u20ac 3,500","images":{"base_url":"http:\/\/i0.carsie.ie\/","image_list":[{"thumb":"NDA0YzY1NTUxNDZjNzljYTVlMjNlYmI5ZDQwOWQyYWQi8XnFstKjdhua62CgiMDkODU1OTY2LTY4NjIxMDAuanBnfHx8fHx8OTJ4Njl8fHx8fA==.jpg","main":"YWRlMGQ0NDE3NjVjNzlkYjljYTRhMjYzZjcxNzIyYzlQhCg7ZPLx0OY7KBr53ClAODU1OTY2LTY4NjIxMDAuanBnfHx8fHx8fHx8fHw0MDB4MzAw.jpg","large":"NDQxOWQ5NWU0OTg3OGExNTdhNjMzYjYzMmUyYjBiMGUUMKKdFbqxqJVxrAltsw-DODU1OTY2LTY4NjIxMDAuanBnfHx8fHx8fHx8fHw2NDB4NDgw.jpg"}]}},{"ad_id":"759134","reg_year":"2002","make":"Mitsubishi","model":"Lancer","variant":"1.8 Auto Estate","mileage":"31069","engine_size":"1.8","fuel_type":"Petrol","body_type":"Estate","colour":"000000","location":"Dublin","price":"\u20ac 3,500","images":{"base_url":"http:\/\/i0.carsie.ie\/","image_list":[{"thumb":"MjNlYzc3N2U1MGMyYWQ3MWY4YWUxZjIxMWIyMjRhYzXZG-x-xorz7j-sL9ccvMBPNzU5MTM0LTU2ODAwMDUuanBnfHx8fHx8OTJ4Njl8fHx8fA==.jpg","main":"NzhiYmNiNjQyNGRhYzQzZDIwOTBlYTNkN2I4ZjAwMjgHCCAv8R7ucWGPY1smpSKWNzU5MTM0LTU2ODAwMDUuanBnfHx8fHx8fHx8fHw0MDB4MzAw.jpg","large":"MzAyZWZmZDQ5MWFmOTc1NDAwOTU2NjdhMjkxZTFkYzY59JPmm2PV0nsDVyOiNdO5NzU5MTM0LTU2ODAwMDUuanBnfHx8fHx8fHx8fHw2NDB4NDgw.jpg"}]}},{"ad_id":"855352","reg_year":"2004","make":"Mitsubishi","model":"Lancer","variant":"lancer comfort","mileage":"112000","engine_size":"1.6","fuel_type":"Petrol","body_type":"Saloon","colour":"e0e0e0","location":"Longford","price":"\u20ac 3,500","images":{"base_url":"http:\/\/i0.carsie.ie\/","image_list":[{"thumb":"Mjg2ZDM1MjM1ZTkyMDM1ODFhMmNiNjNmMGIzZWI0MTTp9-mzb7TTrkf3FeA1WBV0ODU1MzUyLTY4NTQ3MjIuanBnfHx8fHx8OTJ4Njl8fHx8fA==.jpg","main":"YWM1OWJjYzk0ODBhZTFlYTFkY2Y1MDQ3ZGI0MjcxNjbIzsNlN7fdO_7YJx0FaeCJODU1MzUyLTY4NTQ3MjIuanBnfHx8fHx8fHx8fHw0MDB4MzAw.jpg","large":"ZTk2MDQ2ZTJlNDJiZjUxYTg5YjZiZWQ3MDcwYzQ1ODPGAJWYT5ADZ169KFeLZsOPODU1MzUyLTY4NTQ3MjIuanBnfHx8fHx8fHx8fHw2NDB4NDgw.jpg"}]}},{"ad_id":"901486","reg_year":"2002","make":"Mitsubishi","model":"Space Wagon","variant":"7 seater.*TAX &TESTED LOOK*","mileage":"90000","engine_size":"2.4","fuel_type":"Petrol","body_type":"People Carrier","colour":"e0e0e0","location":"Dublin","price":"\u20ac 3,500","images":{"base_url":"http:\/\/i0.carsie.ie\/","image_list":[{"thumb":"ZmVhZjIzZGY2MDVkOWM2NGNkNTBhZTgzYWE4MzU3NDWdtFTO10-4X3SiAghDaKWAOTAxNDg2LTc0MjQxNjcuanBnfHx8fHx8OTJ4Njl8fHx8fA==.jpg","main":"MGVhNjVmYjdhNTc4NzlmNjQ5NDMxZWQxYTliMjgwNDcUBgU4ABi1GSvInAWgRMecOTAxNDg2LTc0MjQxNjcuanBnfHx8fHx8fHx8fHw0MDB4MzAw.jpg","large":"ODJjODlkOWM0MTc5NTYxZTk4MGI0NGNlNTU3MDFlYjNzuCMjqstAAqapHe5Zi96LOTAxNDg2LTc0MjQxNjcuanBnfHx8fHx8fHx8fHw2NDB4NDgw.jpg"}]}},{"ad_id":"896774","reg_year":"2005","make":"Nissan","model":"Almera","variant":"1.5 SVE 4DR","mileage":"71421","engine_size":"1.5","fuel_type":"Petrol","body_type":"Saloon","colour":"000000","location":"Donegal","price":"\u20ac 3,500","images":{"base_url":"http:\/\/i0.carsie.ie\/","image_list":[{"thumb":"NTE5ZTFmMDk2MjllNTMyYTgyZjMxYTllYTM0NzY3YzOiOPu58fLHkpAN7_7ywRGgODk2Nzc0LTczNDY5ODAuanBnfHx8fHx8OTJ4Njl8fHx8fA==.jpg","main":"YzNiMjE0Y2U3YjU4ZDViMTkwNDlkZmQzODY4ZTM4NmL_0Y6FPjLF2FQGqoR2i0dmODk2Nzc0LTczNDY5ODAuanBnfHx8fHx8fHx8fHw0MDB4MzAw.jpg","large":"YWJkZGUyNTVmNTcwMWQyYmYxZTRmMzAwYWU1MzA0MDkpsiDS6MZffra9Q0aBda_jODk2Nzc0LTczNDY5ODAuanBnfHx8fHx8fHx8fHw2NDB4NDgw.jpg"}]}},{"ad_id":"765694","reg_year":"2004","make":"Nissan","model":"Almera","variant":"1.5 SPORT 5DR Hatchback","mileage":"71372","engine_size":"1.5","fuel_type":"Petrol","body_type":"Hatchback","colour":"0000c0","location":"Meath","price":"\u20ac 3,500","images":{"base_url":"http:\/\/i0.carsie.ie\/","image_list":[{"thumb":"OGMxMzgwYzcwNjYwZGJhMzcxMGRjZjlmZWFhNzExOTGKOwWryS-NU-ff1A4xI5KBNzY1Njk0LTU3Njg5NDIuanBnfHx8fHx8OTJ4Njl8fHx8fA==.jpg","main":"ZmMyODMwNDgyYmE2YTRjNDk3YTE4ZjgzYjlhMmQ1YzRkPTBOQyEGeFU9eSP0QANnNzY1Njk0LTU3Njg5NDIuanBnfHx8fHx8fHx8fHw0MDB4MzAw.jpg","large":"NDc2Mzk2YTZjYzdjYWZiZmYyOGJhMmE5Y2I3OTBjYmVi1X3vI-IeJ3jNQiOcChCpNzY1Njk0LTU3Njg5NDIuanBnfHx8fHx8fHx8fHw2NDB4NDgw.jpg"}]}},{"ad_id":"792462","reg_year":"2003","make":"Nissan","model":"Almera","variant":"Tekna","mileage":"","engine_size":"1.5","fuel_type":"Petrol","body_type":"Saloon","colour":"0000c0","location":"Tipperary","price":"\u20ac 3,500","images":{"base_url":"http:\/\/i0.carsie.ie\/","image_list":[{"thumb":"NWMxNGFmYWE3NzAzNzc1NmY2ZGEyZWE1YzFjZjg4MTnkegmx5yOa8d0DiWeDOK5CNzkyNDYyLTYxMTIzNDIuanBnfHx8fHx8OTJ4Njl8fHx8fA==.jpg","main":"MzY1NGQ5ODc5YmYwYzkzZWNkZGQyOWU3M2MyYzI1MmPZ1nzbv20YLYBop9yFT0mwNzkyNDYyLTYxMTIzNDIuanBnfHx8fHx8fHx8fHw0MDB4MzAw.jpg","large":"ODY1YzM2YjBjMmQ5N2UxMzQyYzgyNjY3ZTZiYWIwNWU7qvQW_9JAZQzA_F_TctQlNzkyNDYyLTYxMTIzNDIuanBnfHx8fHx8fHx8fHw2NDB4NDgw.jpg"}]}},{"ad_id":"883955","reg_year":"2004","make":"Nissan","model":"Micra","variant":"1.2 SPORT 5DR 51","mileage":"48031","engine_size":"1.2","fuel_type":"Petrol","body_type":null,"colour":"e0e0e0","location":"Dublin","price":"\u20ac 3,500","images":{"base_url":"http:\/\/i0.carsie.ie\/","image_list":[{"thumb":"OTVhYTNhYjZhNWY2MjJiMzc4ODRiNTczNjQ0MzVjMDe-6n50I9BzpJvA02izQDYTODgzOTU1LTcxOTExNjQuanBnfHx8fHx8OTJ4Njl8fHx8fA==.jpg","main":"NTM5MjNkMzlhNThlYWZjNWFjMzhlN2E4YjZjYTRiNDXgQbRH9-3zExyjaMVwDZnrODgzOTU1LTcxOTExNjQuanBnfHx8fHx8fHx8fHw0MDB4MzAw.jpg","large":"ZWFjZTQwOWMzYzEwOTcyNzAzZDRlZDE0YWQ0MzAzNjKSWjeDxBRvXYFS-bJqXuf_ODgzOTU1LTcxOTExNjQuanBnfHx8fHx8fHx8fHw2NDB4NDgw.jpg"}]}},{"ad_id":"895222","reg_year":"2006","make":"Nissan","model":"Micra","variant":"1.2 Sport 5DR","mileage":"117000","engine_size":"1.2","fuel_type":"Petrol","body_type":"Hatchback","colour":"ff0000","location":"Dublin","price":"\u20ac 3,500","images":{"base_url":"http:\/\/i0.carsie.ie\/","image_list":[{"thumb":"NTlkNDM2YzQ4NTIyY2Y3MjM5YWJjYWU0MzhhMWM5ZjTtN3l2ZS4df_VGluX6PR2pODk1MjIyLTczMjE0MTUuanBnfHx8fHx8OTJ4Njl8fHx8fA==.jpg","main":"MWE1M2Q0NDZhOWNiOWVmM2JjNTQ3NjhmOWQ4YzA2YzYRVu32qCZqOo4-3d3__3opODk1MjIyLTczMjE0MTUuanBnfHx8fHx8fHx8fHw0MDB4MzAw.jpg","large":"ZWIzOWUzYjY3MDdmNWFiODliZDE5MDNiNjRiMWI2YTnFC6B5twZp2WXQJ8P5CKofODk1MjIyLTczMjE0MTUuanBnfHx8fHx8fHx8fHw2NDB4NDgw.jpg"}]}},{"ad_id":"898987","reg_year":"2004","make":"Nissan","model":"Micra","variant":"1.0 5DR Visia","mileage":"63260","engine_size":"1.0","fuel_type":"Petrol","body_type":"Hatchback","colour":"0000c0","location":"Meath","price":"\u20ac 3,500","images":{"base_url":"http:\/\/i0.carsie.ie\/","image_list":[{"thumb":"MTU2YTkzYzFiNzZkZDFhNTEyNGMxNjc0YTcxNjg3YjMUIMPFE0x9y2NEOchDkvG_ODk4OTg3LTczNzIxMjYuanBnfHx8fHx8OTJ4Njl8fHx8fA==.jpg","main":"MGQwMTFiNThiZWIxMjE4MmQ3Yjg3ZTZhOTg2ODMwNDIsdpzs1cd_ct2zSz8w9ZtMODk4OTg3LTczNzIxMjYuanBnfHx8fHx8fHx8fHw0MDB4MzAw.jpg","large":"MTg2NDMyZjY0MmM0ZTk1MzQ4YWI3Nzg3OTVlODdmNDFwjkWNXseYlIZcIJiUH4abODk4OTg3LTczNzIxMjYuanBnfHx8fHx8fHx8fHw2NDB4NDgw.jpg"}]}},{"ad_id":"863537","reg_year":"2003","make":"Nissan","model":"Micra","variant":"Visia","mileage":"1385000","engine_size":"1.0","fuel_type":"Petrol","body_type":"Hatchback","colour":"f0b800","location":"Tipperary","price":"\u20ac 3,500","images":{"base_url":"http:\/\/i0.carsie.ie\/","image_list":[{"thumb":"MjFhYmUyNzc2YWQ1Yzg0OWUxNWRmZWFmOGI0OGFlYTMhLFrJ8V5_17zuyM0U_2d6ODYzNTM3LTY5NzkzMjYuanBnfHx8fHx8OTJ4Njl8fHx8fA==.jpg","main":"MDEwYThlMmZhYTZkMGJjYjFkOGZmOGRkN2UzYTMzYTB4Uzhu9J3q92pz7lQ8qJqkODYzNTM3LTY5NzkzMjYuanBnfHx8fHx8fHx8fHw0MDB4MzAw.jpg","large":"MmYzNjNjNjg0MDFmNjllZTI2YjA1YTEyZGY4NTYwN2S6-M3xNbOCJ4Tuudy0nuOrODYzNTM3LTY5NzkzMjYuanBnfHx8fHx8fHx8fHw2NDB4NDgw.jpg"}]}},{"ad_id":"898232","reg_year":"2005","make":"Nissan","model":"Primera","variant":"1.6SX 4DR","mileage":"106257","engine_size":"1.6","fuel_type":"Petrol","body_type":"Saloon","colour":"b9cdfb","location":"Cork","price":"\u20ac 3,500","images":{"base_url":"http:\/\/i0.carsie.ie\/","image_list":[{"thumb":"ZThkNTdiYjFhNTM1ZjRkYmQ0Y2NhYTBjYjAyZmJhYWXnDG_aXGW_iSILvsEchnMAODk4MjMyLTczNjMxNzEuanBnfHx8fHx8OTJ4Njl8fHx8fA==.jpg","main":"ZGJhNTZjZTk0OWE1MDM3MzcxM2E2YWZlOWRkNjFkZmKb0OKfHFJMf9tFuSIoCz1_ODk4MjMyLTczNjMxNzEuanBnfHx8fHx8fHx8fHw0MDB4MzAw.jpg","large":"N2NkYWE2YjdmOTkzOTQ4ODUzZDgwNDk3ZGJmNmU5ZjTTTkdSWOV-10RdORQLuz6CODk4MjMyLTczNjMxNzEuanBnfHx8fHx8fHx8fHw2NDB4NDgw.jpg"}]}},{"ad_id":"899144","reg_year":"2004","make":"Nissan","model":"Primera","variant":"1.6 Visia 4DR","mileage":"100000","engine_size":"1.6","fuel_type":"Petrol","body_type":"Saloon","colour":"0000c0","location":"Kildare","price":"\u20ac 3,500","images":{"base_url":"http:\/\/i0.carsie.ie\/","image_list":[{"thumb":"YTU4OTI1MjRlYjc3MTJiOTlmMThjODgyNDM1NmRhOWQmF0M0ue_USpaFICJcmyUEODk5MTQ0LTczNzUwOTMuanBnfHx8fHx8OTJ4Njl8fHx8fA==.jpg","main":"Zjc5MjVmMWExMDhiZDQzY2Y4NWYzYjI5YjQwNTRlZDngpwD3S-DsTtAcvn6ihiESODk5MTQ0LTczNzUwOTMuanBnfHx8fHx8fHx8fHw0MDB4MzAw.jpg","large":"NWU2ODM0ZjkzMmQ4MDhkYjNiYjkxYmFkOTRmNWRjMTasVCxlj2ZkpEUVM9rhjW1qODk5MTQ0LTczNzUwOTMuanBnfHx8fHx8fHx8fHw2NDB4NDgw.jpg"}]}}]}