{"total":"23408","result":[{"ad_id":"833289","reg_year":"2000","make":"MG","model":"MGF","variant":"1.8 VVC Oomy","mileage":"88188","engine_size":"1.8","fuel_type":"Petrol","body_type":"Cabriolet \/ Convertible","colour":"0000c0","location":"Mayo","price":"\u20ac 1,750","images":{"base_url":"http:\/\/i0.carsie.ie\/","image_list":[{"thumb":"MjU3MDI5NjQ5MTU4MWE3ZTUyOGVjYTYwMjA4NDUxNGTS2mu7EJ7Icn-5dHcP0ZYmODMzMjg5LTY2MTA2NTkuanBnfHx8fHx8OTJ4Njl8fHx8fA==.jpg","main":"ZDhlNWFiNjBlZjNkMDE1NTNlODg1ZDJlZWI5Njc0ZTBp0zr3wEfw3ihEDR4OQ5slODMzMjg5LTY2MTA2NTkuanBnfHx8fHx8fHx8fHw0MDB4MzAw.jpg","large":"ZTM2OWYwYTg2NGI4MGM5NTZmNTI3NzgwYTEwMTVhMmEb_2fWTGQpoKuzu_EXO-qyODMzMjg5LTY2MTA2NTkuanBnfHx8fHx8fHx8fHw2NDB4NDgw.jpg"}]}},{"ad_id":"900537","reg_year":"2002","make":"Nissan","model":"Almera","variant":"1.5 3door NCT 02-14 TAX 04-13","mileage":"121500","engine_size":"1.5","fuel_type":"Petrol","body_type":"Hatchback","colour":"0000c0","location":"Cork","price":"\u20ac 1,750","images":{"base_url":"http:\/\/i0.carsie.ie\/","image_list":[{"thumb":"N2UwOWZkNDk2MTA1NzliM2E1Y2I4MTFhYzYyNDNlODOtPIY3lSizsr2_ALfpsjstOTAwNTM3LTc0MDIwNTAuanBnfHx8fHx8OTJ4Njl8fHx8fA==.jpg","main":"NjdhNzI1YWE1NzJmMmRhY2JjZDI0YWQwMDA0ZTZjMDJxasx2KYb9RvNa4qfPTejXOTAwNTM3LTc0MDIwNTAuanBnfHx8fHx8fHx8fHw0MDB4MzAw.jpg","large":"ZDgyZGM0NDFkNGZlODVhYjU0NzQ2ZGRhZDlhYTA3ZjGmJ3T8SAZJJAWqG7rE372-OTAwNTM3LTc0MDIwNTAuanBnfHx8fHx8fHx8fHw2NDB4NDgw.jpg"}]}},{"ad_id":"800506","reg_year":"2001","make":"Nissan","model":"Almera","variant":"1.5 5DR","mileage":"88000","engine_size":"1.5","fuel_type":"Petrol","body_type":"Hatchback","colour":"e0e0e0","location":"Dublin","price":"\u20ac 1,750","images":{"base_url":"http:\/\/i0.carsie.ie\/","image_list":[{"thumb":"MDk1MmYyNTMxNTI4Nzk5ZWVjN2M0NzcxYzk0YjY2NzE91tU8fOKsdoKky7vPgNwjODAwNTA2LTYyMDc1NzcuanBnfHx8fHx8OTJ4Njl8fHx8fA==.jpg","main":"ODZlY2I4MWFkMzliMmFjYmI5OTUyMDJlZTY0MzIwYTeEng2D1EA58fZjFh4LYf97ODAwNTA2LTYyMDc1NzcuanBnfHx8fHx8fHx8fHw0MDB4MzAw.jpg","large":"YzJmZDU0MGYzZWFjMmQ0ZGYxODIxMTU5OWJhY2M3YzgTn5AJF3uxwfvxrFRaPl9MODAwNTA2LTYyMDc1NzcuanBnfHx8fHx8fHx8fHw2NDB4NDgw.jpg"}]}},{"ad_id":"873858","reg_year":"2001","make":"Nissan","model":"Almera","variant":"1.5 low mileage, NEW NCT, service history","mileage":"99000","engine_size":"1.5","fuel_type":"Petrol","body_type":"Hatchback","colour":"008000","location":"Dublin","price":"\u20ac 1,750","images":{"base_url":"http:\/\/i0.carsie.ie\/","image_list":[{"thumb":"MDI0NGU0YTljN2ViZjA1MGVmZDgzM2ViYTAzNjZkZDM75iWei7mtw75S2jhPvVZaODczODU4LTcwNjA2NzUuanBnfHx8fHx8OTJ4Njl8fHx8fA==.jpg","main":"YjVhYjI2MjNlZThmYjBiMjRjNjQwM2M4YWQ2Mzk2NjV28tmMjQeaqhPa9Fce9GPnODczODU4LTcwNjA2NzUuanBnfHx8fHx8fHx8fHw0MDB4MzAw.jpg","large":"YjU2NDQ0MTU0YzRkZDlmYzgyMWRlZWJhY2YzMTVkMDBZsG6SCPuy7BPs8GI_3joYODczODU4LTcwNjA2NzUuanBnfHx8fHx8fHx8fHw2NDB4NDgw.jpg"}]}},{"ad_id":"878895","reg_year":"2002","make":"Nissan","model":"Almera","variant":"1.8","mileage":"74000","engine_size":"1.8","fuel_type":"Petrol","body_type":"Saloon","colour":"ff0000","location":"Dublin","price":"\u20ac 1,750","images":{"base_url":"http:\/\/i0.carsie.ie\/","image_list":[{"thumb":"MzE4ZWVkZDc3MjhlMmU5OGMwODM5OGE2MTlkZTdhOWJuH5W4z_OQW4l3lE54_iniODc4ODk1LTcxMjU5NDcuanBnfHx8fHx8OTJ4Njl8fHx8fA==.jpg","main":"YjM3Y2I5NDg5MDIwMDU2YmU2MzA2OTY3ZTZlNjk5NDM8nMceNHMaK0baECNi2JRGODc4ODk1LTcxMjU5NDcuanBnfHx8fHx8fHx8fHw0MDB4MzAw.jpg","large":"OWM1NjcwMDhmY2JjNzczZTg1ZDYzZGJhZDgyNTRhMzBbq6iBEoNAmv03Mkh8pQipODc4ODk1LTcxMjU5NDcuanBnfHx8fHx8fHx8fHw2NDB4NDgw.jpg"}]}},{"ad_id":"863710","reg_year":"2002","make":"Nissan","model":"Almera","variant":"1.5 HB","mileage":"129080","engine_size":"1.5","fuel_type":"Petrol","body_type":"Hatchback","colour":"858585","location":"Meath","price":"\u20ac 1,750","images":{"base_url":"http:\/\/i0.carsie.ie\/","image_list":[{"thumb":"OGQzMzg4ZGM0NWRiOTMxNTEwODI0NzVlMDY0YjlkMmH6PuiCh3dsl6Qq0b56v8OvODYzNzEwLTY5NDY3MTIuanBnfHx8fHx8OTJ4Njl8fHx8fA==.jpg","main":"M2NkZGE4MzZlMTIyY2ZiNWVlYzZiZTE5NmY3OGFiYTV5mYhE4If1U_0s-XAJx8SCODYzNzEwLTY5NDY3MTIuanBnfHx8fHx8fHx8fHw0MDB4MzAw.jpg","large":"ZDJjOWM5Zjc0M2YwMWFjZDZkOTBjZDI2YjgzN2Y5YTaXWmSmH4L6t9o7wH1ySOCcODYzNzEwLTY5NDY3MTIuanBnfHx8fHx8fHx8fHw2NDB4NDgw.jpg"}]}},{"ad_id":"897717","reg_year":"2003","make":"Nissan","model":"Almera","variant":"1.5 4DR Tekna","mileage":"175000","engine_size":"1.5","fuel_type":"Petrol","body_type":"Saloon","colour":"f0b800","location":"Wicklow","price":"\u20ac 1,750","images":{"base_url":"http:\/\/i0.carsie.ie\/","image_list":[{"thumb":"NjhkYmEyM2ZlMjlhYWI4MDE0OWQ4M2Y3MjhkY2Y3NDixX6OIQ3xybYMW_EZvZsMgODk3NzE3LTczNTcyMTkuanBnfHx8fHx8OTJ4Njl8fHx8fA==.jpg","main":"OTRhMzM5MDA4YmViZjUwYjU5M2Q3NWExNjk0MDE1NDKovIrYHcTzK8rWFBWnG2RIODk3NzE3LTczNTcyMTkuanBnfHx8fHx8fHx8fHw0MDB4MzAw.jpg","large":"NGQ1MjY2Nzg0YWUzNmZjMDlmNTI1YTk2OTJiZjhjNGR-yIsi161xmUK892vHYSb4ODk3NzE3LTczNTcyMTkuanBnfHx8fHx8fHx8fHw2NDB4NDgw.jpg"}]}},{"ad_id":"894582","reg_year":"1991","make":"Nissan","model":"Figaro","variant":"1.0 turbo","mileage":"68352","engine_size":"1.0","fuel_type":"Petrol","body_type":"Coupe","colour":"0000c0","location":"Dublin","price":"\u20ac 1,750","images":{"base_url":"http:\/\/i0.carsie.ie\/","image_list":[{"thumb":"YTNiZmVkOWU3MjYwMmQ5NTYyZTZhMmI1YmVlMjZjOWEulC3ZfxsGknoeb8Q38aagODk0NTgyLTczMDYwNzkuanBnfHx8fHx8OTJ4Njl8fHx8fA==.jpg","main":"OGE3ZjUwNGI4NzMzZjkzN2FhZTVlZjFiMTUyNTA4ZWGLrcgXMfmMp6fDzBIAsv6hODk0NTgyLTczMDYwNzkuanBnfHx8fHx8fHx8fHw0MDB4MzAw.jpg","large":"ZDRhYzI1ZTQyOTcxMzhjYzA1MzU5NWIzYWZhMjczZjVLn19Nk_Kt1mLfnLuUTUxKODk0NTgyLTczMDYwNzkuanBnfHx8fHx8fHx8fHw2NDB4NDgw.jpg"}]}},{"ad_id":"891111","reg_year":"2000","make":"Nissan","model":"Micra","variant":"GX","mileage":"149341","engine_size":"1.0","fuel_type":"Petrol","body_type":"Hatchback","colour":"ff0000","location":"Cork","price":"\u20ac 1,750","images":{"base_url":"http:\/\/i0.carsie.ie\/","image_list":[{"thumb":"NTE2ZGRiZjVlZDliYzFkNTc5ZjlkOWJkZDVlYWQyMGEs3IACd4VHQZVK7jE1EQStODkxMTExLTcyNTg5NDguanBnfHx8fHx8OTJ4Njl8fHx8fA==.jpg","main":"YzkzM2IyMzYxZmZhMmI5YzhiOTBkODczZTYxOGIyYzJeblHhlgvmSaGI5_EvtNmAODkxMTExLTcyNTg5NDguanBnfHx8fHx8fHx8fHw0MDB4MzAw.jpg","large":"MDQ1N2NlY2M4YjU4NTEwZTJhYjk2ZGU3YjVkNDE4NmPVnF8YZxJy5OTX09La7zZHODkxMTExLTcyNTg5NDguanBnfHx8fHx8fHx8fHw2NDB4NDgw.jpg"}]}},{"ad_id":"898782","reg_year":"1999","make":"Nissan","model":"Micra","variant":"1.0 AUTOMATIC 5dr, NCT 10\/2013","mileage":"74500","engine_size":"1.0","fuel_type":"Petrol","body_type":"Hatchback","colour":"ffffff","location":"Dublin","price":"\u20ac 1,750","images":{"base_url":"http:\/\/i0.carsie.ie\/","image_list":[{"thumb":"ZmJiYzhiOTI5OTU4YTQ1MTczNDhjMDk0YTEzM2YyMmGAqTMoDlwnaFL068Jy6lYEODk4NzgyLTczNjg5MDYuanBnfHx8fHx8OTJ4Njl8fHx8fA==.jpg","main":"MGVjM2RmMGFiOTFiZWFlNDY5ZTBlZTIzNDA4MTBjMTHzOddnnmNQOt5nX0Z7w59dODk4NzgyLTczNjg5MDYuanBnfHx8fHx8fHx8fHw0MDB4MzAw.jpg","large":"NGNmMjlhNjRjZTg0NDdiYTBiY2M0MDAwOTcyOGI4NDhnoejXdOdSJ1bqkzc6vKBfODk4NzgyLTczNjg5MDYuanBnfHx8fHx8fHx8fHw2NDB4NDgw.jpg"}]}},{"ad_id":"863694","reg_year":"2001","make":"Opel","model":"Corsa","variant":"1.0 nct d & serviced","mileage":"105000","engine_size":"1.0","fuel_type":"Petrol","body_type":null,"colour":"e0e0e0","location":"Wicklow","price":"\u20ac 1,750","images":{"base_url":"http:\/\/i0.carsie.ie\/","image_list":[{"thumb":"NGIwNzc0MGM4YzQ3ODUyYjc0ZjM5OWNjMDhhYTE5Y2Ra4yxFv-otUIwg7q2_5rSjODYzNjk0LTY5NDY0NjQuanBnfHx8fHx8OTJ4Njl8fHx8fA==.jpg","main":"NmMyMjEwM2U1YTRkM2I4M2ViMmU1ODlhZWQ2YTNlODZ-8NboWN37YQJmmXZ8kHI9ODYzNjk0LTY5NDY0NjQuanBnfHx8fHx8fHx8fHw0MDB4MzAw.jpg","large":"YzE4YTMwNzc0MThjY2E1MTFiZmUwYTZiYTQwNmI0MTPna-GOyWMG1fugnMjKoS7XODYzNjk0LTY5NDY0NjQuanBnfHx8fHx8fHx8fHw2NDB4NDgw.jpg"}]}},{"ad_id":"901336","reg_year":"2001","make":"Opel","model":"Zafira","variant":"1.6 XE Club","mileage":"101530","engine_size":"1.6","fuel_type":"Petrol","body_type":"Estate","colour":"ff0000","location":"Dublin","price":"\u20ac 1,750","images":{"base_url":"http:\/\/i0.carsie.ie\/","image_list":[{"thumb":"ZTgyNTc2ZjViNzAxNzE3OWYwYzgxYjI5MmM0NTQ3YzXgKnfA7-coLotqRKcpscnpOTAxMzM2LTc0MTg2MDcuanBnfHx8fHx8OTJ4Njl8fHx8fA==.jpg","main":"YTRlZjA1NzA4MzQ3OWZhMWY1NjZhM2ExYjdlY2VmMGa7fM7ztqh3BxNtlrLewJyHOTAxMzM2LTc0MTg2MDcuanBnfHx8fHx8fHx8fHw0MDB4MzAw.jpg","large":"YzQ2M2Q1MDVjZGE5M2ZjNTEyNWYxNjU3M2E1M2IxYmOJouu4ly4mAjWF-LetBmtbOTAxMzM2LTc0MTg2MDcuanBnfHx8fHx8fHx8fHw2NDB4NDgw.jpg"}]}},{"ad_id":"891473","reg_year":"2003","make":"Peugeot","model":"206","variant":"LX","mileage":"91000","engine_size":"1.1","fuel_type":"Petrol","body_type":"Hatchback","colour":"e0e0e0","location":"Wicklow","price":"\u20ac 1,750","images":{"base_url":"http:\/\/i0.carsie.ie\/","image_list":[{"thumb":"MTQyYjI0ZjM2MjJmNGI4YWI4M2M4NTY0ZDZlOThhMmSuHQjbuKmHsoljSB75pipOODkxNDczLTcyNjI5NjMuanBnfHx8fHx8OTJ4Njl8fHx8fA==.jpg","main":"MTZjOGFiNDlkNzE0MGNmMTc3MzkyOGNjMGQ1ZDVlY2aTy7khbPxD3EmN124En_c_ODkxNDczLTcyNjI5NjMuanBnfHx8fHx8fHx8fHw0MDB4MzAw.jpg","large":"ZjU4OThjODg1N2FkMGRlOGI5NmJkYTIxZmQzMGU4ZWQKggrMO7qjQOU0pb93JHHYODkxNDczLTcyNjI5NjMuanBnfHx8fHx8fHx8fHw2NDB4NDgw.jpg"}]}},{"ad_id":"880795","reg_year":"1999","make":"Renault","model":"Clio","variant":"1.2 RN","mileage":"70862","engine_size":"1.2","fuel_type":"Petrol","body_type":null,"colour":"0000c0","location":"Dublin","price":"\u20ac 1,750","images":{"base_url":"http:\/\/i0.carsie.ie\/","image_list":[{"thumb":"YzlkNTI2M2JiNmU2NTNlMTI5NmViZTQ0YjAyMmViYWT4g_auFtrnXREoIqPHGQrxODgwNzk1LTcxNDY3ODQuanBnfHx8fHx8OTJ4Njl8fHx8fA==.jpg","main":"MWE3Mjc2ODY4YTYwZDBkYTRhYzYzM2YwNTU0MWFlY2I644yLerzSSsMa5RAiyeh5ODgwNzk1LTcxNDY3ODQuanBnfHx8fHx8fHx8fHw0MDB4MzAw.jpg","large":"YmM1OTIzNTMxZmVlNGQxZDBhYTNmYTY1NGNlMTcyNmN4q0dDYUBVNoUVIQ1k7wyNODgwNzk1LTcxNDY3ODQuanBnfHx8fHx8fHx8fHw2NDB4NDgw.jpg"}]}},{"ad_id":"850460","reg_year":"2000","make":"Renault","model":"Kangoo","variant":null,"mileage":"150000","engine_size":"1.9","fuel_type":"Diesel","body_type":null,"colour":"858585","location":"Kildare","price":"\u20ac 1,750","images":{"base_url":"http:\/\/i0.carsie.ie\/","image_list":[{"thumb":"NGM1MjRiMDI5NjA3YTAzMWRhMGZiODg2ZWE4YmQ3MTMzoNdncLzPF8Vcwjx3teGJODUwNDYwLTY4MDMzOTAuanBnfHx8fHx8OTJ4Njl8fHx8fA==.jpg","main":"OTkzNTM1MzA4MmM4ZjE3NTIzMGRkM2VjMzgxNGViNTYwqC15EEV9ZEkGy6rODQYqODUwNDYwLTY4MDMzOTAuanBnfHx8fHx8fHx8fHw0MDB4MzAw.jpg","large":"YjZjM2FiMDEzZTMyNzQxODkyYThkMTI0MWMwNDA3ZDXzpfAHnelgxB6uXCYAQiyiODUwNDYwLTY4MDMzOTAuanBnfHx8fHx8fHx8fHw2NDB4NDgw.jpg"}]}},{"ad_id":"861986","reg_year":"2003","make":"Renault","model":"Laguna","variant":"1.8 Sport Half leather","mileage":"126956","engine_size":"1.8","fuel_type":"Petrol","body_type":"Hatchback","colour":"0000c0","location":"Dublin","price":"\u20ac 1,750","images":{"base_url":"http:\/\/i0.carsie.ie\/","image_list":[{"thumb":"ZmY4ZjcyNTBjYjRkOGQ5MWRiY2ZkZDI5NTdmZmY2ODE53_0a-QXPrEik2EB43sXIODYxOTg2LTY5MjU0NTEuanBnfHx8fHx8OTJ4Njl8fHx8fA==.jpg","main":"ZWVhYjU3OWE2YjQxNTdiM2I5MWZhNGIxMjA1ZDJhYTc0HvBC6y7tHjITwbpccShPODYxOTg2LTY5MjU0NTEuanBnfHx8fHx8fHx8fHw0MDB4MzAw.jpg","large":"ODExMWM0NzQ5ZmY2NzkzYzY3M2MxNmRhYzI3NTY5NWOgiPwSjmvBZURcqKHhKzjgODYxOTg2LTY5MjU0NTEuanBnfHx8fHx8fHx8fHw2NDB4NDgw.jpg"}]}},{"ad_id":"886663","reg_year":"2004","make":"Renault","model":"Laguna","variant":"2 1.8 Mirage 2","mileage":"121159","engine_size":"1.8","fuel_type":"Petrol","body_type":"Hatchback","colour":"000000","location":"Dublin","price":"\u20ac 1,750","images":{"base_url":"http:\/\/i0.carsie.ie\/","image_list":[{"thumb":"MDdkYzY4MTliZjNkZmI4MTlkMzA3Mzk0ODE4ZmNhMmMax1ycV9ga6YN4bspaD_rAODg2NjYzLTcyMTc4MjcuanBnfHx8fHx8OTJ4Njl8fHx8fA==.jpg","main":"YjA4OWI0ZWE1NTRlNzgzMGRhZGJhMzEzMGJkYWFkMjhATDzwNCpthGufHj_dkR3NODg2NjYzLTcyMTc4MjcuanBnfHx8fHx8fHx8fHw0MDB4MzAw.jpg","large":"ZTc2YzFiMmNmN2U0MmZhMTRkM2JiOWNjYTM1NjE4YWEuCe6oy7W7DevuS-XJIubtODg2NjYzLTcyMTc4MjcuanBnfHx8fHx8fHx8fHw2NDB4NDgw.jpg"}]}},{"ad_id":"810428","reg_year":"2004","make":"Renault","model":"Laguna","variant":"2 1.8 Mirage 2","mileage":"101000","engine_size":"1.8","fuel_type":"Petrol","body_type":"Hatchback","colour":"e0e0e0","location":"Kildare","price":"\u20ac 1,750","images":{"base_url":"http:\/\/i0.carsie.ie\/","image_list":[{"thumb":"MWRhMDA1ZDU4YmYwOTc4NTQxZTIwOTAyMTU5MzU1ZDSSu2FMpisjITwYp9YWObpjODEwNDI4LTcxMjczNjEuanBnfHx8fHx8OTJ4Njl8fHx8fA==.jpg","main":"ODc2ZmQwYTBhNTczMTU2NmVhYThmOTE4ZjM5Mzk1OTk7oFiW_fW6XrXL3wN2y0IdODEwNDI4LTcxMjczNjEuanBnfHx8fHx8fHx8fHw0MDB4MzAw.jpg","large":"ZWYxYzU2Yjk1NThjYzllNDlkMWM2MzhiYWUwMDlmNDTh0aIXGPGNitpWMjL5i7O4ODEwNDI4LTcxMjczNjEuanBnfHx8fHx8fHx8fHw2NDB4NDgw.jpg"}]}},{"ad_id":"871488","reg_year":"2000","make":"Renault","model":"Scenic","variant":"1.4 Super","mileage":"126565","engine_size":"1.4","fuel_type":"Petrol","body_type":"Hatchback","colour":"858585","location":"Dublin","price":"\u20ac 1,750","images":{"base_url":"http:\/\/i0.carsie.ie\/","image_list":[{"thumb":"MWY2M2M5OGEwYjFjZWFjYTRjNDk4ZTA2ZjQyODEyZjZFV-OX3fy4xQdKbM--tOkWODcxNDg4LTcwOTExMTMuanBnfHx8fHx8OTJ4Njl8fHx8fA==.jpg","main":"ZjM4YzZkZDU3OTAzMDcwM2M3ZGU2MzYwY2M4ZWZkZGFFk6UbvW5gqc3_95wfJPs-ODcxNDg4LTcwOTExMTMuanBnfHx8fHx8fHx8fHw0MDB4MzAw.jpg","large":"MmY0MjQ2MGZlZmEwMTBjZjJiZDJjMTIzODE4ZWM3YzZ3rPtQ0I-fhuKgupDFqjq6ODcxNDg4LTcwOTExMTMuanBnfHx8fHx8fHx8fHw2NDB4NDgw.jpg"}]}},{"ad_id":"880796","reg_year":"2002","make":"Saab","model":"9-3","variant":"2.0 LPT","mileage":"107793","engine_size":"2.0","fuel_type":"Petrol","body_type":null,"colour":"000000","location":"Dublin","price":"\u20ac 1,750","images":{"base_url":"http:\/\/i0.carsie.ie\/","image_list":[{"thumb":"MzYyNzMwMDA0OTk1MWRlMTU3NzMxZmI1ZWUxODZmNTmwzEZmuLIbGYbQGDFqwrWXODgwNzk2LTcxNDY3ODguanBnfHx8fHx8OTJ4Njl8fHx8fA==.jpg","main":"MWUzMzVhZGNhOWQ0NmM0NzVmOGFkNGVlYTllM2RjYjZa_qE5Rw1_ka80s_bbo7rnODgwNzk2LTcxNDY3ODguanBnfHx8fHx8fHx8fHw0MDB4MzAw.jpg","large":"MDJlYTQzZGJlNzdkYjEwZTY4ZWY3YzBlYjVjOGU0ODTtBCCPrgl558s0FqsFojHCODgwNzk2LTcxNDY3ODguanBnfHx8fHx8fHx8fHw2NDB4NDgw.jpg"}]}}]}