{"total":"23408","result":[{"ad_id":"851875","reg_year":"2006","make":"Kia","model":"Sedona","variant":"2.9 5DR!12 MONTH WARRANTY!","mileage":"51934","engine_size":"2.9","fuel_type":"Diesel","body_type":null,"colour":"000000","location":"Dublin","price":"\u20ac 4,950","images":{"base_url":"http:\/\/i0.carsie.ie\/","image_list":[{"thumb":"YTEzMmU0ZDVkMzYyYWQzODdkY2JhYzAxYjBjZDk2MTVJkKLr-Oq4cxLtbV9ifYvMODUxODc1LTcwMTM2MjYuanBnfHx8fHx8OTJ4Njl8fHx8fA==.jpg","main":"OGZhNWQxZmEzNTYxMGRhNDg1NGM1OWVhNjBmNTRiMznN2I4A09g4Y2wjO62GnmxWODUxODc1LTcwMTM2MjYuanBnfHx8fHx8fHx8fHw0MDB4MzAw.jpg","large":"ZTc0ZDBlMmM3YTM5YWI5MDNjNzFjYjFkNmE2YTgzZjV6qz38sWFgx9CDjvtCQ-mOODUxODc1LTcwMTM2MjYuanBnfHx8fHx8fHx8fHw2NDB4NDgw.jpg"}]}},{"ad_id":"858264","reg_year":"2006","make":"Kia","model":"Sedona","variant":"L 2.9 5DR DIESEL AUTOMATIC","mileage":"74565","engine_size":"2.9","fuel_type":"Diesel","body_type":"SUV","colour":"000000","location":"Dublin","price":"\u20ac 4,950","images":{"base_url":"http:\/\/i0.carsie.ie\/","image_list":[{"thumb":"NDkwY2RjYjEwZTIwMzMxODVhODBjMjc3ZDU3ZjhiYznghaHQaJsiOnLfCP7f8vk9ODU4MjY0LTY4OTAzMDIuanBnfHx8fHx8OTJ4Njl8fHx8fA==.jpg","main":"MTEyNDQxZDFkN2FiOGZlMzQ0N2QxMjFmOWNlYTUzOWEkd1vdGwRZqRz8wUCAYrjEODU4MjY0LTY4OTAzMDIuanBnfHx8fHx8fHx8fHw0MDB4MzAw.jpg","large":"ZmU1MGM0YWYyOTE4ZmY1MGI5NGZiY2QwZDE2N2JkMjKuk8U0_99fq_uZqogoOVGBODU4MjY0LTY4OTAzMDIuanBnfHx8fHx8fHx8fHw2NDB4NDgw.jpg"}]}},{"ad_id":"871597","reg_year":"2006","make":"Kia","model":"Sedona","variant":"2.9L 5DR","mileage":"49203","engine_size":"2.9","fuel_type":"Diesel","body_type":"People Carrier","colour":"000000","location":"Dublin","price":"\u20ac 4,950","images":{"base_url":"http:\/\/i0.carsie.ie\/","image_list":[{"thumb":"ZmJjZjBmM2MzZjgzNDZiOGMyMjBmNmM2ZTA4ZjFlNmIGcN14opNGzD3R91dRpkFHODcxNTk3LTcwMzc5NTAuanBnfHx8fHx8OTJ4Njl8fHx8fA==.jpg","main":"YzFhZDEyNDlkYTM4ZWM2ZWE0NWJkOWU3NzM1ZDUyZGZbpDaGNVt6LD5hZ00yS_GSODcxNTk3LTcwMzc5NTAuanBnfHx8fHx8fHx8fHw0MDB4MzAw.jpg","large":"YmFhZDliNmQ4MGFiYTc4ZDdkNzBjMDJlNzE3ODNjMmYg22FLBV1sTLuMDl3Vio3vODcxNTk3LTcwMzc5NTAuanBnfHx8fHx8fHx8fHw2NDB4NDgw.jpg"}]}},{"ad_id":"856759","reg_year":"2005","make":"Kia","model":"Sorento","variant":"","mileage":"136705","engine_size":"2.5","fuel_type":"Diesel","body_type":"SUV","colour":"e0e0e0","location":"Dublin","price":"\u20ac 4,950","images":{"base_url":"http:\/\/i0.carsie.ie\/","image_list":[{"thumb":"ZTM0YWNlMjFjNTMyYzYzYmQ3ZTUwNjdhMzk4ZWY2Zjd_1Etnlf3K4mWtOig9nZX5ODU2NzU5LTY4Njk3MjUuanBnfHx8fHx8OTJ4Njl8fHx8fA==.jpg","main":"OTc1OTVmM2MzZjdkNjU0MWYwOWYyNTQxZDgwYTYzYWa2h5zc8KhcEOe4WTYC4aPYODU2NzU5LTY4Njk3MjUuanBnfHx8fHx8fHx8fHw0MDB4MzAw.jpg","large":"YTAwZDkyYTE2ODdlNmM0MGM1ZjFhN2M4NzFiNWM4MmOMhn9yO_zGSWL479ApyZNeODU2NzU5LTY4Njk3MjUuanBnfHx8fHx8fHx8fHw2NDB4NDgw.jpg"}]}},{"ad_id":"889210","reg_year":"2004","make":"Kia","model":"Sorento","variant":"GSE 5DR","mileage":"68000","engine_size":"2.5","fuel_type":"Diesel","body_type":"Estate","colour":"ff0000","location":"Dublin","price":"\u20ac 4,950","images":{"base_url":"http:\/\/i0.carsie.ie\/","image_list":[{"thumb":"YTNkY2U2M2JkODQyOWUyMGM1NTc2ZWVhMDZiMDE3MTQfFL06CHJWgIhNVAGSiPIUODg5MjEwLTcyNDEyOTEuanBnfHx8fHx8OTJ4Njl8fHx8fA==.jpg","main":"MGY1Mzg3ZWRmYTE3MTU5NTA4NmVjYWU2NWUwYmM2ZDO0PJtCbb58-T6vRF8LsjQxODg5MjEwLTcyNDEyOTEuanBnfHx8fHx8fHx8fHw0MDB4MzAw.jpg","large":"YzYwYTE4OWYyMzlkYmYwNjhhMTNlNjY2M2I1ODU1N2bve_bn3Kig7qpbGFoqxmubODg5MjEwLTcyNDEyOTEuanBnfHx8fHx8fHx8fHw2NDB4NDgw.jpg"}]}},{"ad_id":"853395","reg_year":"2007","make":"Kia","model":"Sportage","variant":"2.0 4 X4 NCT JANUARY 2015","mileage":"132000","engine_size":"2.0","fuel_type":"Petrol","body_type":"SUV","colour":"b04a49","location":"Dublin","price":"\u20ac 4,950","images":{"base_url":"http:\/\/i0.carsie.ie\/","image_list":[{"thumb":"MmI3Mjc5M2UxZTg1YWQ5YWNkZjk3MmVhYmZjOGNmYmWOVbzaTcQaHh3Oxe2YclSGODUzMzk1LTY4MzQ0MzMuanBnfHx8fHx8OTJ4Njl8fHx8fA==.jpg","main":"NDliODFkNDZmNzBmMDg1OTNkZTI5Mjc4OTkyNWZhNWXQqDMv6GVuEjWauFQhn932ODUzMzk1LTY4MzQ0MzMuanBnfHx8fHx8fHx8fHw0MDB4MzAw.jpg","large":"ZTI2MzAyNTY3ZTA0MTlkNjE5NDZkMDc4MzY0MDhiMzg1tycRFM7_ET-WEAkrMr1cODUzMzk1LTY4MzQ0MzMuanBnfHx8fHx8fHx8fHw2NDB4NDgw.jpg"}]}},{"ad_id":"889237","reg_year":"2001","make":"Land Rover","model":"Defender","variant":"Landrover Defender 110 TDI 2.5","mileage":"116532","engine_size":"2.5","fuel_type":"Diesel","body_type":"SUV","colour":"858585","location":"Dublin","price":"\u20ac 4,950","images":{"base_url":"http:\/\/i0.carsie.ie\/","image_list":[{"thumb":"MjJhZDE2MzZhZDMzZTYyYmIwMzVjMDA4NWNmMTUyMGKC-5W8sQli5aNktJJEwpM8ODg5MjM3LTcyNDE2NDUuanBnfHx8fHx8OTJ4Njl8fHx8fA==.jpg","main":"ZjA2ZTIxY2M4NzI0YWI5MzAxZTgyODgzMmQzMGYxZGZxercTTwneiKoAd7YZmBP3ODg5MjM3LTcyNDE2NDUuanBnfHx8fHx8fHx8fHw0MDB4MzAw.jpg","large":"MTQ4MjRjMmUxMjBmZjgyNTM0ZDRhODBmZjJjYjI3NzOMuTxmwrFeLfiRaW57nmB9ODg5MjM3LTcyNDE2NDUuanBnfHx8fHx8fHx8fHw2NDB4NDgw.jpg"}]}},{"ad_id":"846080","reg_year":"2002","make":"Land Rover","model":"Discovery","variant":"2.5 DIESEL *NCT 02\/12*","mileage":"150000","engine_size":"2.5","fuel_type":"Diesel","body_type":"Estate","colour":"f0b800","location":"Dublin","price":"\u20ac 4,950","images":{"base_url":"http:\/\/i0.carsie.ie\/","image_list":[{"thumb":"MTBmNTIyMWQ1NDA4Yjg4ZTBhYzM3YjEwZTc3NmVhNziKRaBgxeH6xi5nZZSAdQM7ODQ2MDgwLTY3NTQ2NTguanBnfHx8fHx8OTJ4Njl8fHx8fA==.jpg","main":"MDBiZmFjNDRmZjY1YmMyYTU5M2NlZjU4NmYwM2EzZDY_eqmVdsXFYm3r9pWUliq9ODQ2MDgwLTY3NTQ2NTguanBnfHx8fHx8fHx8fHw0MDB4MzAw.jpg","large":"ZWYxMDUyNTUyNjljN2FkZDM2NTAwMWY4Njg4MTVjYjJm-Zx5jaEmJ7XSTnmPTzwzODQ2MDgwLTY3NTQ2NTguanBnfHx8fHx8fHx8fHw2NDB4NDgw.jpg"}]}},{"ad_id":"897177","reg_year":"2002","make":"Land Rover","model":"Discovery","variant":null,"mileage":"88000","engine_size":"2.5","fuel_type":"Diesel","body_type":null,"colour":"008000","location":"Laois","price":"\u20ac 4,950","images":{"base_url":"http:\/\/i0.carsie.ie\/","image_list":[{"thumb":"MjVjYTYwNThmZDc5NTQxNjA3ZjhlMmU0Njg4NzdmYmPJQTu-DWK37oMZ_reI5ieLODk3MTc3LTc0MjkwMzkuanBnfHx8fHx8OTJ4Njl8fHx8fA==.jpg","main":"YTQ3ZjNiMDZlYjYzMTFjYmIzNDlkMmYyZDFkZjQ0YzcMgCiepFp7Zbc1PNFgH5YTODk3MTc3LTc0MjkwMzkuanBnfHx8fHx8fHx8fHw0MDB4MzAw.jpg","large":"YjkyMGNlYTNkNDU2YWZiYTY2NTVmOWNmMzZlMWZhYTH2RbDaVxxKdXgbtsTnXe45ODk3MTc3LTc0MjkwMzkuanBnfHx8fHx8fHx8fHw2NDB4NDgw.jpg"}]}},{"ad_id":"789261","reg_year":"2003","make":"Land Rover","model":"Discovery","variant":"2.5 TD5 GS 7 Seats NCT 1\/13","mileage":"141000","engine_size":"2.5","fuel_type":"Diesel","body_type":"Estate","colour":"008000","location":"Leitrim","price":"\u20ac 4,950","images":{"base_url":"http:\/\/i0.carsie.ie\/","image_list":[{"thumb":"YjQxODhjN2ExOWMzYTlmYjBmYzBkOGEzYjc3NGE2YTX9eCpKWlRZ9ju91cCBmNrhNzg5MjYxLTYwNzQwOTEuanBnfHx8fHx8OTJ4Njl8fHx8fA==.jpg","main":"ZDJmYzllNjA4M2UwY2QwMjQwN2NjYTRmYzY1ZTU2MmRfxAaJ1rh_-FHWhp2j_FrsNzg5MjYxLTYwNzQwOTEuanBnfHx8fHx8fHx8fHw0MDB4MzAw.jpg","large":"N2FmMGY5OTlhZjllZWFlNTBkNWRiZTFlZTE1ZjY4MDEcTT_JTBbTost6wnR-h3T6Nzg5MjYxLTYwNzQwOTEuanBnfHx8fHx8fHx8fHw2NDB4NDgw.jpg"}]}},{"ad_id":"806164","reg_year":"2006","make":"Land Rover","model":"Freelander","variant":"2.0 D AUTO-1 OWNER-FULL HISTORY","mileage":"149129","engine_size":"2.0","fuel_type":"Diesel","body_type":"SUV","colour":"0000c0","location":"Dublin","price":"\u20ac 4,950","images":{"base_url":"http:\/\/i0.carsie.ie\/","image_list":[{"thumb":"NTczNTE4YzIyNjc1Y2NjZDhhNzU0YjRmYjE3Nzk5N2Zp87sdh9hlxnaB3QSOKp3aODA2MTY0LTcwMTM0MzIuanBnfHx8fHx8OTJ4Njl8fHx8fA==.jpg","main":"MTc1NTA3NjBkMGM3MzA3YTU3YzViNWVkMDBjYzJiNjdMhX5xYcE2hwwjs6E-_r6ZODA2MTY0LTcwMTM0MzIuanBnfHx8fHx8fHx8fHw0MDB4MzAw.jpg","large":"Nzg1MDQwYzc2OTIxYjM1NWE2OTdmYWQyMmUwMjZhZWaic124OJBumT9n0mY9Bz05ODA2MTY0LTcwMTM0MzIuanBnfHx8fHx8fHx8fHw2NDB4NDgw.jpg"}]}},{"ad_id":"856009","reg_year":"2005","make":"Land Rover","model":"Freelander","variant":"1.8 S+ 5DR SPORT FINANCE ARRANGED IN 1 HOUR","mileage":"98000","engine_size":"1.8","fuel_type":"Petrol","body_type":null,"colour":"e0e0e0","location":"Dublin","price":"\u20ac 4,950","images":{"base_url":"http:\/\/i0.carsie.ie\/","image_list":[{"thumb":"NjY2MmNmYTg1NzZlYjU3NDc4OTgwODRlNDMyNWRiMTUnTm8iffloH207qHlM_iCYODU2MDA5LTczMjc1MTMuanBnfHx8fHx8OTJ4Njl8fHx8fA==.jpg","main":"OGJhNjc2NWQzOWVkM2FlNmMzMmQ3ZjdjOWY2NDcxYzTs3A0kPfYKDBfUAS3gPJfmODU2MDA5LTczMjc1MTMuanBnfHx8fHx8fHx8fHw0MDB4MzAw.jpg","large":"OGQ2NmQxYTVkYTcxOTFhNWYzYzlkMjE1OWI0OTAyMmUQ4l7--ndncQg5WIi46MF4ODU2MDA5LTczMjc1MTMuanBnfHx8fHx8fHx8fHw2NDB4NDgw.jpg"}]}},{"ad_id":"869121","reg_year":"2006","make":"Land Rover","model":"Freelander","variant":"1.8 Nct 7\/14","mileage":"45000","engine_size":"1.8","fuel_type":"Petrol","body_type":"Estate","colour":"e0e0e0","location":"Dublin","price":"\u20ac 4,950","images":{"base_url":"http:\/\/i0.carsie.ie\/","image_list":[{"thumb":"NDdmYzI3NGI4ODlmZDkzODgxOGRjNzg0MWMzY2EzMmFTKu0oxeqZ5zKdMaej3N5jODY5MTIxLTczNjI0ODMuanBnfHx8fHx8OTJ4Njl8fHx8fA==.jpg","main":"NTRjZjEyNWUzY2VlODE2YWI5NzEwZjE2ZjE0ZmI2ZWJbtE2AnPBm5XzAJ-Y7UN7lODY5MTIxLTczNjI0ODMuanBnfHx8fHx8fHx8fHw0MDB4MzAw.jpg","large":"YjIyODYxZjNiZmQxODQ0ZTc5OTFiNjcwZWNjOWFkZGZTkj77zBM4v3GBn3vsLHRDODY5MTIxLTczNjI0ODMuanBnfHx8fHx8fHx8fHw2NDB4NDgw.jpg"}]}},{"ad_id":"878909","reg_year":"2004","make":"Land Rover","model":"Freelander","variant":"1.8 SE 5DR *HALF LEATHER + TAX 03\/13*","mileage":"54000","engine_size":"1.8","fuel_type":"Petrol","body_type":"Estate","colour":"0000c0","location":"Dublin","price":"\u20ac 4,950","images":{"base_url":"http:\/\/i0.carsie.ie\/","image_list":[{"thumb":"MTBlM2QzYWQ4NzI4Njg2ZDM5Mzg4OTdjZDMzYzQ0N2T6pXxz9y7H01GVx3nQ4sATODc4OTA5LTcxMjYwNzUuanBnfHx8fHx8OTJ4Njl8fHx8fA==.jpg","main":"ZDU1MTlhMTY0ZGVmZjVhNzUxMjEwZGNkOTU2NTRmZTfjlgl-q7s8FQbOrI34olh_ODc4OTA5LTcxMjYwNzUuanBnfHx8fHx8fHx8fHw0MDB4MzAw.jpg","large":"ZjkyY2Q1YjcwOTE5ZGFjMDlmMjY1ODI3Y2MxNWM4YjhXkTMmWS5j-_g2Tvn0fcAsODc4OTA5LTcxMjYwNzUuanBnfHx8fHx8fHx8fHw2NDB4NDgw.jpg"}]}},{"ad_id":"896574","reg_year":"2004","make":"Land Rover","model":"Freelander","variant":"V6 4X4 FULL SPEC . NEW NCT","mileage":"61000","engine_size":"2.5","fuel_type":"Petrol","body_type":"Estate","colour":"008000","location":"Dublin","price":"\u20ac 4,950","images":{"base_url":"http:\/\/i0.carsie.ie\/","image_list":[{"thumb":"NzdiZDZmYjM2ODA1ZjI3Zjg3ZjczNTJlNWU3NTMyNjjNp6iFVakm1Cnjz5aWVDJOODk2NTc0LTczNDM4MzUuanBnfHx8fHx8OTJ4Njl8fHx8fA==.jpg","main":"YmVhNmE2NmQ3N2ZjMTE1OTA3ZjE3OTA2OTQwNGU1ZjIZcQadBTSF1CK7GSk-MA9AODk2NTc0LTczNDM4MzUuanBnfHx8fHx8fHx8fHw0MDB4MzAw.jpg","large":"Nzc4YjM1NGE0OTNlNjg0ODAwYjgwNjQwYzA3NDM0YzRXGDYT3Uk70qMuSVGF74afODk2NTc0LTczNDM4MzUuanBnfHx8fHx8fHx8fHw2NDB4NDgw.jpg"}]}},{"ad_id":"848617","reg_year":"2001","make":"Land Rover","model":"Range Rover","variant":"4.6 Vogue A\/T","mileage":"130000","engine_size":"4.6","fuel_type":"Petrol","body_type":"Estate","colour":"008000","location":"Dublin","price":"\u20ac 4,950","images":{"base_url":"http:\/\/i0.carsie.ie\/","image_list":[{"thumb":"ZDIxMGZlNWYwNWM0ZGQwN2NiMTYxMGQ0ODNmMWFiMDIvv3pUHqRedbyRgLyTDTdoODQ4NjE3LTY4NDk1MzMuanBnfHx8fHx8OTJ4Njl8fHx8fA==.jpg","main":"MGNlMzdkNWU0ODgxYzA4M2IwMmE4MjMwMWUzMTI4Y2PdjNJDEvQB-1nxFOHlT1FkODQ4NjE3LTY4NDk1MzMuanBnfHx8fHx8fHx8fHw0MDB4MzAw.jpg","large":"ZWEyZDg5MDQzMmVlNmU2YWVkOGY2ZGM2ZTY0YTFjZWGgdeTi1WBou4l7Qu2II7FzODQ4NjE3LTY4NDk1MzMuanBnfHx8fHx8fHx8fHw2NDB4NDgw.jpg"}]}},{"ad_id":"869977","reg_year":"2000","make":"Land Rover","model":"Range Rover","variant":"RANGE 2.5 DT 05DR new nc. t","mileage":"112000","engine_size":"2.5","fuel_type":"Diesel","body_type":null,"colour":"0000c0","location":"Dublin","price":"\u20ac 4,950","images":{"base_url":"http:\/\/i0.carsie.ie\/","image_list":[{"thumb":"M2Q2Y2FiNjY5MTdjNGZmODQwNjMxNDI2ZjM3ZGU2YTZOQzlanrIaCWfi-nGHH_C3ODY5OTc3LTcwODY2MDMuanBnfHx8fHx8OTJ4Njl8fHx8fA==.jpg","main":"ODMxMWRmNTc3OTJjMzYzNzQ2YTA2YTQ0YmNlODFkMWNXmiBSFjLy3SnwaR3jwRG3ODY5OTc3LTcwODY2MDMuanBnfHx8fHx8fHx8fHw0MDB4MzAw.jpg","large":"ZmI1MTgzODZlMDA1ZjYwOGJkMDdjNmNlNDhiNGZkZTaZ5hx6iKA_10WNYW5GhNRrODY5OTc3LTcwODY2MDMuanBnfHx8fHx8fHx8fHw2NDB4NDgw.jpg"}]}},{"ad_id":"808596","reg_year":"2004","make":"Lexus","model":"GS 300","variant":"AUTO","mileage":"90000","engine_size":"3.0","fuel_type":"Petrol","body_type":"Saloon","colour":"0000c0","location":"Dublin","price":"\u20ac 4,950","images":{"base_url":"http:\/\/i0.carsie.ie\/","image_list":[{"thumb":"ZTIzNDJkMzJmNGRmNjBiYzQzMTI4MTA1ZDkyZmE5NjI3KQG8PL7NfAXqxx-jeuMAODA4NTk2LTcxNTA4NDkuanBnfHx8fHx8OTJ4Njl8fHx8fA==.jpg","main":"YjBkZGY3ODdiNTc3YzRlOWY2MTFjOTBmNjhiZTBhZjOQYrbCtZQgVTR-laGywd2kODA4NTk2LTcxNTA4NDkuanBnfHx8fHx8fHx8fHw0MDB4MzAw.jpg","large":"NTE5ZjZkYTJjMGIyN2E1NzgwNGYyMzI4ZWZjZTAwY2Hmcp7tc1dKpRNJVXwOvStbODA4NTk2LTcxNTA4NDkuanBnfHx8fHx8fHx8fHw2NDB4NDgw.jpg"}]}},{"ad_id":"623693","reg_year":"2003","make":"Lexus","model":"IS 200","variant":"","mileage":"118000","engine_size":"2.0","fuel_type":"Petrol","body_type":"Saloon","colour":"e0e0e0","location":"Monaghan","price":"\u20ac 4,950","images":{"base_url":"http:\/\/i0.carsie.ie\/","image_list":[{"thumb":"ODA2M2YzZWFhMjQ5MjNkZGVkZDdlZWRjNmE2OWMzM2XicDoQanBz90j-jw8xU4hwNjIzNjkzLTQwNDU2NjguanBnfHx8fHx8OTJ4Njl8fHx8fA==.jpg","main":"YWZhMDRjYzBhZDg3MzM4OTI3YzAyYzRjODk2OTE0ODRQPZMH6uTzlRZ1olPYxO-LNjIzNjkzLTQwNDU2NjguanBnfHx8fHx8fHx8fHw0MDB4MzAw.jpg","large":"MjBkMmRlYTQ2ZWVlNzRjMTE0Njk4MmI2MjhhYzQ5NmPVa5aY7A44ftb8h8kdXPBeNjIzNjkzLTQwNDU2NjguanBnfHx8fHx8fHx8fHw2NDB4NDgw.jpg"}]}},{"ad_id":"895368","reg_year":"2003","make":"Mazda","model":"B2500","variant":"Pick UP STR CAB Turbo DI","mileage":"160000","engine_size":"2.5","fuel_type":"Diesel","body_type":"Pickup","colour":"ffffff","location":"Cork","price":"\u20ac 4,950","images":{"base_url":"http:\/\/i0.carsie.ie\/","image_list":[{"thumb":"MWY2N2Q5N2RiZTQ0YWQzNTRhZWIyN2IyYWI4NWQxMmXDjUhey6MPhROKPgCaYCp8ODk1MzY4LTczMjM0OTEuanBnfHx8fHx8OTJ4Njl8fHx8fA==.jpg","main":"N2E4MmI2ZGNjZTQyNTYzOGMzZTNhOTYwYjU5OWRhNznXwFC3k2Lj3UF3lpFfYepsODk1MzY4LTczMjM0OTEuanBnfHx8fHx8fHx8fHw0MDB4MzAw.jpg","large":"NzMyM2EwMGNhOTdkYjQ4ZTQ0ZDIzYmY4MjA5ZTFjZjKu2_ye5z2VoNUxq0pGDsPtODk1MzY4LTczMjM0OTEuanBnfHx8fHx8fHx8fHw2NDB4NDgw.jpg"}]}}]}