{"total":"23407","result":[{"ad_id":"868792","reg_year":"2007","make":"Suzuki","model":"Liana","variant":null,"mileage":"13670","engine_size":"1.6","fuel_type":"Petrol","body_type":null,"colour":"b04a49","location":"Tipperary","price":"\u20ac 5,850","images":{"base_url":"http:\/\/i0.carsie.ie\/","image_list":[{"thumb":"NDkzNWQ2MDNhNjlhZDk2ZWNkNWY5MmI1MWY0ZDg2NjbHIZBhfY0_twq_E_YMK0rLODY4NzkyLTcwMTAwNjYuanBnfHx8fHx8OTJ4Njl8fHx8fA==.jpg","main":"MzdhZjJlN2I5ZTczYmZhZmYxNDFlNDU5OGUyNmE4ZTFhv3oh6i0JJzFYgsHynAbUODY4NzkyLTcwMTAwNjYuanBnfHx8fHx8fHx8fHw0MDB4MzAw.jpg","large":"NWQyMzE3M2U2YjZhZDhmNjQ3NjM1Nzk4MTBkZmMyODf-PP-YUHOKVHHFFIVa-jAHODY4NzkyLTcwMTAwNjYuanBnfHx8fHx8fHx8fHw2NDB4NDgw.jpg"}]}},{"ad_id":"788570","reg_year":"2006","make":"Toyota","model":"Avensis","variant":"T3-X D-4D","mileage":"119000","engine_size":"2.0","fuel_type":"Diesel","body_type":"Saloon","colour":"e0e0e0","location":"Donegal","price":"\u20ac 5,850","images":{"base_url":"http:\/\/i0.carsie.ie\/","image_list":[{"thumb":"OWFhYjIwOGE4YjcyN2VjZDljNjNjM2JkOTMxNmFjZWMTqD_lBHbUfm2ulQp4TI9fNzg4NTcwLTYwNjI3MDAuanBnfHx8fHx8OTJ4Njl8fHx8fA==.jpg","main":"MmZlMTBkMWQxOTMyY2UwMTkwZDZiMzlkN2UyNzllOWXiXfp79cjhaGz98GD97BHeNzg4NTcwLTYwNjI3MDAuanBnfHx8fHx8fHx8fHw0MDB4MzAw.jpg","large":"OWI1ZjlmZmNmY2FjYTRjOWZkYWI2Mjc5NTlhOTAyZDZc9gq9VixjFCa4gYbFHP8PNzg4NTcwLTYwNjI3MDAuanBnfHx8fHx8fHx8fHw2NDB4NDgw.jpg"}]}},{"ad_id":"858041","reg_year":"2006","make":"Toyota","model":"Avensis","variant":"Aura 4DR","mileage":"64624","engine_size":"1.6","fuel_type":"Petrol","body_type":"Saloon","colour":"e0e0e0","location":"Dublin","price":"\u20ac 5,850","images":{"base_url":"http:\/\/i0.carsie.ie\/","image_list":[{"thumb":"YjI2M2JlNjk0YjJlNjRhMGNiZTQwZDhmZjgxNTUyM2Su0-2hWxQwHUZQrNbX5MfRODU4MDQxLTcxNDc2MzYuanBnfHx8fHx8OTJ4Njl8fHx8fA==.jpg","main":"NmM5YzNiNTk3MmViODRmY2NiMjliMDg3MmNjNGE1M2Hqwh4O7JVVdqghr5hzEOobODU4MDQxLTcxNDc2MzYuanBnfHx8fHx8fHx8fHw0MDB4MzAw.jpg","large":"ZTU2ZDAxYzE0NjIwYTVmNzBmMDQ0MjRiNjUxZDk4MzWr1u68GIx1h0uo1VfCS3VCODU4MDQxLTcxNDc2MzYuanBnfHx8fHx8fHx8fHw2NDB4NDgw.jpg"}]}},{"ad_id":"899160","reg_year":"2005","make":"Toyota","model":"Corolla","variant":"1.4 Terra CBU 5","mileage":"","engine_size":"1.4","fuel_type":"Petrol","body_type":"Hatchback","colour":"0000c0","location":"Kerry","price":"\u20ac 5,850","images":{"base_url":"http:\/\/i0.carsie.ie\/","image_list":[{"thumb":"MGRhYjNkOWE3MzBhNDk0ZmY3MGYwMzhlZTMxZDhiOTniGc2fh1JiK0peDciknjRuODk5MTYwLTczNzU3MjAuanBnfHx8fHx8OTJ4Njl8fHx8fA==.jpg","main":"MGQ2ZDVkN2ExNjRhM2U4ZmZjOGY0ZjM3NmM4OWE5OGXOA-KxnjpCsPmTHV4kFMKEODk5MTYwLTczNzU3MjAuanBnfHx8fHx8fHx8fHw0MDB4MzAw.jpg","large":"NmIxMWI1NGM5NWQ5ODk1MjM3N2U3MjBjMTZiZDhhZDMcMmqrE0-VddABSgcnwCwnODk5MTYwLTczNzU3MjAuanBnfHx8fHx8fHx8fHw2NDB4NDgw.jpg"}]}},{"ad_id":"878972","reg_year":"2006","make":"Toyota","model":"Corolla","variant":"1.4 Luna 2006","mileage":"150000","engine_size":"1.4","fuel_type":"Petrol","body_type":"Hatchback","colour":"e0e0e0","location":"Louth","price":"\u20ac 5,850","images":{"base_url":"http:\/\/i0.carsie.ie\/","image_list":[{"thumb":"NzAxOTg5NDY1YWZlYmZhZjY1ZmI1Mzc5NzRiZTU0OTHjg-EPF0H2vWbD3fd5woUVODc4OTcyLTcxMjY4NDcuanBnfHx8fHx8OTJ4Njl8fHx8fA==.jpg","main":"OTdlYzBmMGZmYjJiMTQyOGJiOGFlMzg0ZWUwZGM3ZTgG9953R3-Y0ZF2QU-zFCf8ODc4OTcyLTcxMjY4NDcuanBnfHx8fHx8fHx8fHw0MDB4MzAw.jpg","large":"NzAwY2FiMzkzNzNmZmMyNjM2N2E4Yjk4Y2E1NmMzMTP8ZIAr6SVbqGkVMl84-WkGODc4OTcyLTcxMjY4NDcuanBnfHx8fHx8fHx8fHw2NDB4NDgw.jpg"}]}},{"ad_id":"889291","reg_year":"2007","make":"Ford","model":"Fiesta","variant":"Steel 1.25 5DR","mileage":"44440","engine_size":"1.2","fuel_type":"Petrol","body_type":"Hatchback","colour":"0000c0","location":"Waterford","price":"\u20ac 5,875","images":{"base_url":"http:\/\/i0.carsie.ie\/","image_list":[{"thumb":"NjA5NjI5MjI5ZTVjMjZmZTU2MTRhYmVkZDA3NzI2NTC7hB-jYyM2UJzexdRuDDGoODg5MjkxLTcyNDIyOTAuanBnfHx8fHx8OTJ4Njl8fHx8fA==.jpg","main":"OGM0ZDczYmNhMGIyZDIwNWMzZWFlYzFiZDdlYmYzMGOhEpmD59FjCzqXITFEXVLcODg5MjkxLTcyNDIyOTAuanBnfHx8fHx8fHx8fHw0MDB4MzAw.jpg","large":"NmIwN2YyMmFjNWIxZWEwNjllNTY5ZThmZWJiMzNlNTgyVj45Vs5qbsOLFMt_f-f9ODg5MjkxLTcyNDIyOTAuanBnfHx8fHx8fHx8fHw2NDB4NDgw.jpg"}]}},{"ad_id":"898689","reg_year":"2007","make":"Renault","model":"Megane","variant":"Sport 1.4 16V","mileage":"38000","engine_size":"1.4","fuel_type":"Petrol","body_type":"Saloon","colour":"ff0000","location":"Dublin","price":"\u20ac 5,895","images":{"base_url":"http:\/\/i0.carsie.ie\/","image_list":[{"thumb":"MTNmZDMwODhmZjE2MmQ5OWI5MjVlMjgwYjQ2Y2VmMjWE4JRtBtVvn86eNB2TaLWIODk4Njg5LTczODIzNzMuanBnfHx8fHx8OTJ4Njl8fHx8fA==.jpg","main":"NjE2NDU2NmJjNDQyZWFjZDc3OWE1NDE4MzkwYmI1YTe_cW6-8Y_iEJ5yLktH8XV6ODk4Njg5LTczODIzNzMuanBnfHx8fHx8fHx8fHw0MDB4MzAw.jpg","large":"ZWJjODg2MjlhM2ExNDUwNTBjYTUyMDMxYWE1ODEzZmZsV1Ha4qgpJTBnwPJuFJTVODk4Njg5LTczODIzNzMuanBnfHx8fHx8fHx8fHw2NDB4NDgw.jpg"}]}},{"ad_id":"897590","reg_year":"2007","make":"Suzuki","model":"Ignis","variant":"5DR Integrated","mileage":"39147","engine_size":"1.3","fuel_type":"Petrol","body_type":"Hatchback","colour":"000000","location":"Cavan","price":"\u20ac 5,895","images":{"base_url":"http:\/\/i0.carsie.ie\/","image_list":[{"thumb":"ZGJmZTFiZGI0ZDBjYzI4YmM2ZTdiOGIyMWIxNDE5OWWOqJyX2W_624zL796diAulODk3NTkwLTczNTU1OTMuanBnfHx8fHx8OTJ4Njl8fHx8fA==.jpg","main":"OGI4YzZiOWU5Y2ZjY2Y1OTVjNTViMmI2ZWI0OTA2NjAhhz_bqj4db4OsksQyefosODk3NTkwLTczNTU1OTMuanBnfHx8fHx8fHx8fHw0MDB4MzAw.jpg","large":"MTI4MmU1OWI3ZTViNDVlMzNkNmYwMmZhYjNmNTEzZjZSk0V250aqdRbuTtfrU46aODk3NTkwLTczNTU1OTMuanBnfHx8fHx8fHx8fHw2NDB4NDgw.jpg"}]}},{"ad_id":"900358","reg_year":"2005","make":"BMW","model":"316","variant":"I ES Saloon 4DR","mileage":"64000","engine_size":"1.8","fuel_type":"Petrol","body_type":"Saloon","colour":"858585","location":"Dublin","price":"\u20ac 5,900","images":{"base_url":"http:\/\/i0.carsie.ie\/","image_list":[{"thumb":"ODMyNGJlNTBiMzU3NjJmZjk4MzRhNzM0ZmNhNDZhNjIZq9Tst_g_m7T2Vq6X7UOlOTAwMzU4LTc0MTc1NjYuanBnfHx8fHx8OTJ4Njl8fHx8fA==.jpg","main":"ZmIyMjkzNzliMDZlYTliNWVmYjcwMDJjYzRhNjcxYTJbzwZ2Edg6Ks4ERuVZeZaLOTAwMzU4LTc0MTc1NjYuanBnfHx8fHx8fHx8fHw0MDB4MzAw.jpg","large":"MTY0YzUzN2JjNGEzM2UwYjg5OTMzNjMzNDRmYTMwY2YUCZz2TwX1OwZknwyxzQt8OTAwMzU4LTc0MTc1NjYuanBnfHx8fHx8fHx8fHw2NDB4NDgw.jpg"}]}},{"ad_id":"773890","reg_year":"2000","make":"BMW","model":"Z3","variant":"Z3 ROADSTER 2.8I ","mileage":"46000","engine_size":"2.8","fuel_type":"Petrol","body_type":"Cabriolet \/ Convertible","colour":"e0e0e0","location":"Kildare","price":"\u20ac 5,900","images":{"base_url":"http:\/\/i0.carsie.ie\/","image_list":[{"thumb":"NzY2ZjgyMzk1Y2U0NWU1MWI2NGY0MjczYzViMmQ4YzlpPDwj1mmLDwcR4DNywgEnNzczODkwLTU4ODY1NjEuanBnfHx8fHx8OTJ4Njl8fHx8fA==.jpg","main":"NzVjNzQ1OWNiNWIzMzI0Y2UwMmI0YzRmYjYwNjYyOTTNABmsKILKSGZ8TyITUd1PNzczODkwLTU4ODY1NjEuanBnfHx8fHx8fHx8fHw0MDB4MzAw.jpg","large":"MWIxZWQ4OWU4YzM3ODhkZDUwYjUwMzFlMTg1ZmRkMGYFZLjchhBq_U0gEYHUQZpqNzczODkwLTU4ODY1NjEuanBnfHx8fHx8fHx8fHw2NDB4NDgw.jpg"}]}},{"ad_id":"875386","reg_year":"2008","make":"Citroen","model":"Berlingo","variant":"1.6HDi Enterprise ","mileage":"45000","engine_size":"1.6","fuel_type":"Diesel","body_type":"Van","colour":"ffffff","location":"Dublin","price":"\u20ac 5,900","images":{"base_url":"http:\/\/i0.carsie.ie\/","image_list":[{"thumb":"ZTZiNTdhMDdkZTBjOTA2NzgwYzFlNGIwOTE4N2I5MzIyFK7Pd63iqDKML-1Ua5aIODc1Mzg2LTczMjIwNjMuanBnfHx8fHx8OTJ4Njl8fHx8fA==.jpg","main":"NDU2MGY2MjUxMzBkN2YzM2RlZTg1ZWQ1ZjJkNzRjNDfXxOoaD9EJIXq2mV2YjiczODc1Mzg2LTczMjIwNjMuanBnfHx8fHx8fHx8fHw0MDB4MzAw.jpg","large":"YjE1ZDdjNmRkOTlhMTIwNmQ5Y2NkNjU3ZTQzMWUyZDaXEqDsiw3ywxwqb96Zso5oODc1Mzg2LTczMjIwNjMuanBnfHx8fHx8fHx8fHw2NDB4NDgw.jpg"}]}},{"ad_id":"898736","reg_year":"2008","make":"Fiat","model":"Grande Punto","variant":"1.2 8 V Active","mileage":"50000","engine_size":"1.2","fuel_type":"Petrol","body_type":"Hatchback","colour":"0000c0","location":"Dublin","price":"\u20ac 5,900","images":{"base_url":"http:\/\/i0.carsie.ie\/","image_list":[{"thumb":"Zjg4Yzc3Yzc5MWY3YzEzY2Y3NjlhMWI1ZDE1MTk3NTDQVVxFGyL2ZSCV_2eh8hSyODk4NzM2LTczNzYxODkuanBnfHx8fHx8OTJ4Njl8fHx8fA==.jpg","main":"NDA1YWZkODRlYzI1NDFlZDZhZmJhOTI2MTgxZTI3N2ZsfMsiTTvUlByNkB78wOJeODk4NzM2LTczNzYxODkuanBnfHx8fHx8fHx8fHw0MDB4MzAw.jpg","large":"NzBiYWNmNjJjZGMxNWVjODQ2M2QzNWQ3OTVkOGIyOTLmL3TeynIJjWLNo7Zavik4ODk4NzM2LTczNzYxODkuanBnfHx8fHx8fHx8fHw2NDB4NDgw.jpg"}]}},{"ad_id":"866636","reg_year":"2006","make":"Ford","model":"Focus","variant":"NT Zetec 1.4 3DR","mileage":"87615","engine_size":"1.4","fuel_type":"Petrol","body_type":"Hatchback","colour":"000000","location":"Cavan","price":"\u20ac 5,900","images":{"base_url":"http:\/\/i0.carsie.ie\/","image_list":[{"thumb":"NDYxYWYzMTFlN2I3NTNiNGRkZGRkOTJlNjc5ODg4OWOh5cIiWcfem9D23RGtWu99ODY2NjM2LTczNDE2OTEuanBnfHx8fHx8OTJ4Njl8fHx8fA==.jpg","main":"NDcwNjU1N2Y2YWMxZWU1MWNlZjBlYzU3M2UyZjBiNDbv03lbBDFiSAgDOfy8xxI3ODY2NjM2LTczNDE2OTEuanBnfHx8fHx8fHx8fHw0MDB4MzAw.jpg","large":"ZjYwNzcwMmYyMGFiZGE2YThlNzNhYmE2MjMxMjAxZjlbHusScjddaQOgtDOJ3TrIODY2NjM2LTczNDE2OTEuanBnfHx8fHx8fHx8fHw2NDB4NDgw.jpg"}]}},{"ad_id":"739839","reg_year":"2004","make":"Ford","model":"Focus","variant":null,"mileage":"72004","engine_size":"1.8","fuel_type":"Diesel","body_type":"Estate","colour":"e0e0e0","location":"Limerick","price":"\u20ac 5,900","images":{"base_url":"http:\/\/i0.carsie.ie\/","image_list":[{"thumb":"ZGI5NjhkOWEzMzIyYWY3ZWRhNzhmYWJjOGY4ZmIzYzCQsGfcJpd8_Ok2-wKY-5_pNzM5ODM5LTU0NDg0MDMuanBnfHx8fHx8OTJ4Njl8fHx8fA==.jpg","main":"NDg2ZTg4YzkwZTVmNTFjNmNmZDAzMTJjNWJmNDc4MGKwot5YyCARhxpCX_tta8LlNzM5ODM5LTU0NDg0MDMuanBnfHx8fHx8fHx8fHw0MDB4MzAw.jpg","large":"MzljN2E1ZjE2NGMwMTc5YjdkODMyNjc1Mjg4ZWM0OTGn6c2E-0U7yHbOiH-uLQNFNzM5ODM5LTU0NDg0MDMuanBnfHx8fHx8fHx8fHw2NDB4NDgw.jpg"}]}},{"ad_id":"836608","reg_year":"2006","make":"Ford","model":"Focus","variant":"NT LX 1.4 (80PS) 5D","mileage":"103150","engine_size":"1.4","fuel_type":"Petrol","body_type":"Hatchback","colour":"e0e0e0","location":"Limerick","price":"\u20ac 5,900","images":{"base_url":"http:\/\/i0.carsie.ie\/","image_list":[{"thumb":"Mjc1N2U3YmZkZTE5ODdiNGMyNDFmOTI5NzY2ZmFmOTee5b4SogOStLfiyOvymCSLODM2NjA4LTY2NDg5NTMuanBnfHx8fHx8OTJ4Njl8fHx8fA==.jpg","main":"NGMxNjI4NGUxMzM1NGFhNTdkYTA3ZTM1NjQ1ZTMxMDBG8FG3DwSCLAbZg31qDEuDODM2NjA4LTY2NDg5NTMuanBnfHx8fHx8fHx8fHw0MDB4MzAw.jpg","large":"ZDk2ZjI0NWMwMzc3YWU1ZDU4OWUxMWJlN2I3MGFjODJFs0EpimldO0U-4lISpWHzODM2NjA4LTY2NDg5NTMuanBnfHx8fHx8fHx8fHw2NDB4NDgw.jpg"}]}},{"ad_id":"862668","reg_year":"2010","make":"Ford","model":"Ka","variant":"Studio 1.2 70PS 3DR","mileage":"54060","engine_size":"1.2","fuel_type":"Petrol","body_type":"Hatchback","colour":"0000c0","location":"Cork","price":"\u20ac 5,900","images":{"base_url":"http:\/\/i0.carsie.ie\/","image_list":[{"thumb":"MzlkMTU0NmI0NzQ4OGZmYjY5N2IwMmVmNzNkMTQ5MWNrpuaz3-J80iuzVszd-uPzODYyNjY4LTcwNTUzNzIuanBnfHx8fHx8OTJ4Njl8fHx8fA==.jpg","main":"YzdkMjc1MDU5MmU0NThkZGQ5OWRmMTBjNWYwMTYxNznkYXdCdvgoY777rhlF8eFaODYyNjY4LTcwNTUzNzIuanBnfHx8fHx8fHx8fHw0MDB4MzAw.jpg","large":"ZTU4ZWYzMTdkZGVjZjEyMDdmZDMzNzFhNDNiNDM3MWPExCF25R1c1LCqNuF3vRnyODYyNjY4LTcwNTUzNzIuanBnfHx8fHx8fHx8fHw2NDB4NDgw.jpg"}]}},{"ad_id":"745575","reg_year":"2006","make":"Ford","model":"Ranger","variant":"Pick Up Regular TD 4WD","mileage":"73107","engine_size":"2.5","fuel_type":"Diesel","body_type":"Pickup","colour":"ffffff","location":"Kildare","price":"\u20ac 5,900","images":{"base_url":"http:\/\/i0.carsie.ie\/","image_list":[{"thumb":"M2Q3YTIzZDhlY2MxYTAwOTIyMjQxYmQzNTM1MTdiYTDxh5rYiylo-zV0A9iz0wpYNzQ1NTc1LTcyNjA3ODAuanBnfHx8fHx8OTJ4Njl8fHx8fA==.jpg","main":"NGIzNmQ3MTJkNmUzNTQ3YzU3MGNmZTI4ZDRhODBiZDnfZib7VvpQSCC6DiuQbavTNzQ1NTc1LTcyNjA3ODAuanBnfHx8fHx8fHx8fHw0MDB4MzAw.jpg","large":"YjgwNjJhYTNlMzZkNGQxZTJlNmI0YWRkZGI2NzM5MDiros2wJZYUVZjWxBWn1kJUNzQ1NTc1LTcyNjA3ODAuanBnfHx8fHx8fHx8fHw2NDB4NDgw.jpg"}]}},{"ad_id":"860546","reg_year":"2007","make":"Honda","model":"Jazz","variant":"1.2S 5DR","mileage":"30000","engine_size":"1.2","fuel_type":"Petrol","body_type":"Hatchback","colour":"0000c0","location":"Dublin","price":"\u20ac 5,900","images":{"base_url":"http:\/\/i0.carsie.ie\/","image_list":[{"thumb":"ODhlMmY0MzRmZjQ1NzMxMmUyOGNkY2Q5Yjc4NTgzNWaWtmGqBvo0UT_S_ZCPuJQyODYwNTQ2LTY5MDg2MjUuanBnfHx8fHx8OTJ4Njl8fHx8fA==.jpg","main":"YjJhZTI1NzM5ODViMjc0OGFmNjJiN2IxNGFhY2M2NGJYSiULnJL8WRI2tUvFHWdHODYwNTQ2LTY5MDg2MjUuanBnfHx8fHx8fHx8fHw0MDB4MzAw.jpg","large":"NWUxNDA2ZmMwMGU4MmI1MmIzYjNjOTUyMGFlZWQ2NjjyySan3cWo8Kht4Tw-oE6IODYwNTQ2LTY5MDg2MjUuanBnfHx8fHx8fHx8fHw2NDB4NDgw.jpg"}]}},{"ad_id":"881245","reg_year":"2006","make":"Hyundai","model":"Santa Fe","variant":"GLS 2WD 4DR","mileage":"66000","engine_size":"2.0","fuel_type":"Petrol","body_type":"SUV","colour":"0000c0","location":"Dublin","price":"\u20ac 5,900","images":{"base_url":"http:\/\/i0.carsie.ie\/","image_list":[{"thumb":"Y2MyOGNhOGQ2ODY1ZDE3ZmUyMDQ5NmRhNDkyOTg4ZGS73fPb2h5ntZzQm28h9-wrODgxMjQ1LTcxNzAyOTkuanBnfHx8fHx8OTJ4Njl8fHx8fA==.jpg","main":"MmIyNmNlY2Y3OTkyNWY5MzQ4NDcxMTAyODNlZGZjYjWJ1VArpTOsBtDcBYwbH_sxODgxMjQ1LTcxNzAyOTkuanBnfHx8fHx8fHx8fHw0MDB4MzAw.jpg","large":"YmVmNmIxYWFlYTY0MTUzZGNjNWU2YWQ3OWMzOTkyZTRb0IvKeD-feNOv6Ya-BcrQODgxMjQ1LTcxNzAyOTkuanBnfHx8fHx8fHx8fHw2NDB4NDgw.jpg"}]}},{"ad_id":"828163","reg_year":"2005","make":"Hyundai","model":"Santa Fe","variant":"4WD 4DR","mileage":"113902","engine_size":"2.0","fuel_type":"Diesel","body_type":"SUV","colour":"e0e0e0","location":"Kildare","price":"\u20ac 5,900","images":{"base_url":"http:\/\/i0.carsie.ie\/","image_list":[{"thumb":"N2EwOTZlN2QxN2EyZTRjZDI0NjBjZjVlZTUxNjgyMTNCpAHZXXnsWhdaSiw1UWRTODI4MTYzLTY1NTIwNTUuanBnfHx8fHx8OTJ4Njl8fHx8fA==.jpg","main":"YTRlNjQ1NGU2ZWU2NTNhNWRhNDAyYTNiOGJjZWYwZjMRpquKXYH4ZbReeYqvNlBYODI4MTYzLTY1NTIwNTUuanBnfHx8fHx8fHx8fHw0MDB4MzAw.jpg","large":"NjcyZDVlN2RmNzUzMmI3MjM1MjE1ZjJlMGU5NTQ2MTPAjt_vXGp4J_l63CTG6v2FODI4MTYzLTY1NTIwNTUuanBnfHx8fHx8fHx8fHw2NDB4NDgw.jpg"}]}}]}