{"total":"23408","result":[{"ad_id":"861221","reg_year":"2010","make":"Peugeot","model":"207","variant":"SPORT 1.4 8V 3DR","mileage":"14500","engine_size":"1.4","fuel_type":"Petrol","body_type":null,"colour":"e0e0e0","location":"Tipperary","price":"\u20ac 9,250","images":{"base_url":"http:\/\/i0.carsie.ie\/","image_list":[{"thumb":"ZDRkYThmNzY5YWE1ZDUzMTdkYWJhMjhjYjQ4ZDBlZDRd2QALc7F6dUUKi7F3gPq2ODYxMjIxLTY5MTYzMDcuanBnfHx8fHx8OTJ4Njl8fHx8fA==.jpg","main":"M2M5NDgyYjdmZDY2NWRiOGIzY2MyNWIxN2Y1NzY4ODGO-NRASJAWy7XHNxcqSUVcODYxMjIxLTY5MTYzMDcuanBnfHx8fHx8fHx8fHw0MDB4MzAw.jpg","large":"MzIzNzc1NDFiNjk2MjIyYzg3YzIzZmYyYmUxNWM2NjabuPuPXeBwnGjj_tBuA7xiODYxMjIxLTY5MTYzMDcuanBnfHx8fHx8fHx8fHw2NDB4NDgw.jpg"}]}},{"ad_id":"882275","reg_year":"2008","make":"Peugeot","model":"308","variant":"SPORT 1.6 cc HDI DIESEL","mileage":"72303","engine_size":"1.6","fuel_type":"Diesel","body_type":null,"colour":"e0e0e0","location":"Louth","price":"\u20ac 9,250","images":{"base_url":"http:\/\/i0.carsie.ie\/","image_list":[{"thumb":"MDg1OGQ2Y2I4NzM5Yzg1YWVjYTM1NWZjNmYyZjdiOGXBBAnROq09CYxaoC7XSINOODgyMjc1LTc0MDgyODcuanBnfHx8fHx8OTJ4Njl8fHx8fA==.jpg","main":"YmMxMWVhODk5ZjAxYjZjOGEzYWIyYTVkM2FhMjU1NmGDSVSbjXKUkt7Uz2VzuxJcODgyMjc1LTc0MDgyODcuanBnfHx8fHx8fHx8fHw0MDB4MzAw.jpg","large":"MmUyMDhkMWRhNGYxY2NmMmJkMDE4YjBkNzMxYmM1MWJYCAG599aOjr8pMjrdH7K4ODgyMjc1LTc0MDgyODcuanBnfHx8fHx8fHx8fHw2NDB4NDgw.jpg"}]}},{"ad_id":"894779","reg_year":"2008","make":"Peugeot","model":"308","variant":"","mileage":"90000","engine_size":"1.6","fuel_type":"Diesel","body_type":"Hatchback","colour":"000000","location":"Meath","price":"\u20ac 9,250","images":{"base_url":"http:\/\/i0.carsie.ie\/","image_list":[{"thumb":"OGQ3YTAyMzZiYzY5ZWRkYTQwNTNmNGMzYTVmNWVkNjOaKvHClA2XVo9qxtHdJPTfODk0Nzc5LTczMDc3MTMuanBnfHx8fHx8OTJ4Njl8fHx8fA==.jpg","main":"MDM3MGY3M2Q2YzIyNWJhZWVlMDk1NzFiNTU5YjhmNTUg2CCTbvAYBk45tz1QgO94ODk0Nzc5LTczMDc3MTMuanBnfHx8fHx8fHx8fHw0MDB4MzAw.jpg","large":"MmIyNTllYTNmNGNhYjFhYmUyNGI0ODc0ODVjZDJjZTOK194x6ZbJyVWSlj4NFFKRODk0Nzc5LTczMDc3MTMuanBnfHx8fHx8fHx8fHw2NDB4NDgw.jpg"}]}},{"ad_id":"885900","reg_year":"2010","make":"Renault","model":"Clio","variant":"3 1.2 16V Dynamique ECO 5DR","mileage":"31690","engine_size":"1.2","fuel_type":"Petrol","body_type":"Hatchback","colour":"000000","location":"Dublin","price":"\u20ac 9,250","images":{"base_url":"http:\/\/i0.carsie.ie\/","image_list":[{"thumb":"ZDdjNGY0ZmZjNGIxZDA5MzU1YmM0Y2NlNjE1Y2ZkYTP-zB4WiS6EDxR2otxYIiqKODg1OTAwLTcyMTA0MTkuanBnfHx8fHx8OTJ4Njl8fHx8fA==.jpg","main":"YmIyMzc2YWNiOGMwZGY5ZjdhZDU1ZTU1OGIzMTNmN2FEjTPc-YFOA9f5_IBATvSFODg1OTAwLTcyMTA0MTkuanBnfHx8fHx8fHx8fHw0MDB4MzAw.jpg","large":"N2M1MmY4ZDFjMzU3MDQzYzVlYzJjOTgwZDFiOTU4MzJwoCNaJrgRPZ30DHzqg75TODg1OTAwLTcyMTA0MTkuanBnfHx8fHx8fHx8fHw2NDB4NDgw.jpg"}]}},{"ad_id":"866144","reg_year":"2007","make":"Renault","model":"Kangoo","variant":"wheelchair accessible vehicle ","mileage":"14145","engine_size":"1.6","fuel_type":"Petrol","body_type":"People Carrier","colour":"e0e0e0","location":"Mayo","price":"\u20ac 9,250","images":{"base_url":"http:\/\/i0.carsie.ie\/","image_list":[{"thumb":"MTUxOTNlYTVmNzhkYjIyODRkZTFmMGU4ODZiODQ2ZTCdFGW105RE1l1zF6_OJg5-ODY2MTQ0LTY5NzcyMzIuanBnfHx8fHx8OTJ4Njl8fHx8fA==.jpg","main":"MDU3NzUyY2ZmNDM4MTA5ZWJmMmNkMDliYjRiNzUxOWNheEuPW-Ff9b-n7T_CjJy5ODY2MTQ0LTY5NzcyMzIuanBnfHx8fHx8fHx8fHw0MDB4MzAw.jpg","large":"MTZlZDUzYjYxZTJjZTgzNGUzMTgzNWZkNmNkZWU5OTgmRtInpkDe1X01JPgZrugsODY2MTQ0LTY5NzcyMzIuanBnfHx8fHx8fHx8fHw2NDB4NDgw.jpg"}]}},{"ad_id":"756969","reg_year":"2009","make":"Renault","model":"Scenic","variant":null,"mileage":"4545","engine_size":"1.6","fuel_type":"Petrol","body_type":"People Carrier","colour":"000000","location":"Waterford","price":"\u20ac 9,250","images":{"base_url":"http:\/\/i0.carsie.ie\/","image_list":[{"thumb":"ODg2Y2RmN2M5YWNlNTRmNzMwZTVkMjg0NzJlOTVkMGHqR1RzxSA_uxoEtRpogo8pNzU2OTY5LTU2NDc4OTAuanBnfHx8fHx8OTJ4Njl8fHx8fA==.jpg","main":"ZDc4MDZkYTRlYzljY2Q4OTQ1ZDdkZjhkMDlmZmY1OWKX0XZY3dUtbO750wnkFoPSNzU2OTY5LTU2NDc4OTAuanBnfHx8fHx8fHx8fHw0MDB4MzAw.jpg","large":"MjE0ZWIyYzQzOTBiNWYyODQxNTVmMGZlMTI5ZjE4NzX9WKOYVJ8Iugxtbqujy1TYNzU2OTY5LTU2NDc4OTAuanBnfHx8fHx8fHx8fHw2NDB4NDgw.jpg"}]}},{"ad_id":"853981","reg_year":"2008","make":"Saab","model":"9-3","variant":"1.8T BP Linear Sport","mileage":"55000","engine_size":"2.0","fuel_type":"Petrol","body_type":"Saloon","colour":"e0e0e0","location":"Dublin","price":"\u20ac 9,250","images":{"base_url":"http:\/\/i0.carsie.ie\/","image_list":[{"thumb":"OTliZTZhMjFmMWI0YTBiNWE2MmEwZDg0M2VhZWM1ZGaTV-MgrKCWDB6kF3GVczTHODUzOTgxLTY4NDA3NDUuanBnfHx8fHx8OTJ4Njl8fHx8fA==.jpg","main":"M2UzMmVjZThhYjZkMWY5ZjRjMTBlYmJjYTUzNjAwZGKN03KOwNZxrtkTSd7BjUnDODUzOTgxLTY4NDA3NDUuanBnfHx8fHx8fHx8fHw0MDB4MzAw.jpg","large":"N2UyNGFlZmRiMTk3N2RlNzkxYjFlMTljMDU1YTU4YziDbr61z4RNnp-jEsgKvAYzODUzOTgxLTY4NDA3NDUuanBnfHx8fHx8fHx8fHw2NDB4NDgw.jpg"}]}},{"ad_id":"901779","reg_year":"2009","make":"Seat","model":"Altea","variant":"XL 1.4rebel85hp","mileage":"35419","engine_size":"1.4","fuel_type":"Petrol","body_type":"Hatchback","colour":"ff0000","location":"Cork","price":"\u20ac 9,250","images":{"base_url":"http:\/\/i0.carsie.ie\/","image_list":[{"thumb":"ZmMxNzRjNDZlM2Q0NGZkNzUwYTc1YzY4ZjNkZjQwYjV04F5tXIEe8RXEASkp50jXOTAxNzc5LTc0MjQ1NDUuanBnfHx8fHx8OTJ4Njl8fHx8fA==.jpg","main":"NDU4ZWI3NjdhMTNiNWMyN2YzNWU5MDkxZDkyZTdiNGOfT61u3xvTucm4eRV9OFaZOTAxNzc5LTc0MjQ1NDUuanBnfHx8fHx8fHx8fHw0MDB4MzAw.jpg","large":"YjRjMzAzNzU0Y2U4Zjc2YjA3M2RjYWI0MGUxMGFlMjAFxlqg6VPddy29vXw8mq2zOTAxNzc5LTc0MjQ1NDUuanBnfHx8fHx8fHx8fHw2NDB4NDgw.jpg"}]}},{"ad_id":"900087","reg_year":"2009","make":"Seat","model":"Ibiza","variant":"1.2 SPORT 5DR","mileage":"29460","engine_size":"1.2","fuel_type":"Petrol","body_type":null,"colour":"0000c0","location":"Dublin","price":"\u20ac 9,250","images":{"base_url":"http:\/\/i0.carsie.ie\/","image_list":[{"thumb":"OWJkYWIzODQwZmM4ZjkwNGI0YjE4Mjk0NzgzYjBmZGHYvwgA8W3owrmhwDOqp7HcOTAwMDg3LTc0MDAzNDAuanBnfHx8fHx8OTJ4Njl8fHx8fA==.jpg","main":"Nzk4MjMwNmJiMjViN2UwNGY2OTkxMzZhMTUzMTExNDeEuwQvpFl0mIVtCODmS216OTAwMDg3LTc0MDAzNDAuanBnfHx8fHx8fHx8fHw0MDB4MzAw.jpg","large":"ZTcwNTVkZTA4NjI2ZjAwYTJlOTk5ZjRiNTc4Y2VkNmIfepvYHqT-l1MGEB4J2VAWOTAwMDg3LTc0MDAzNDAuanBnfHx8fHx8fHx8fHw2NDB4NDgw.jpg"}]}},{"ad_id":"864499","reg_year":"2008","make":"Seat","model":"Leon","variant":"2.0 Tfsi FR DSG","mileage":"85130","engine_size":"2.0","fuel_type":"Petrol","body_type":"Hatchback","colour":"ff0000","location":"Dublin","price":"\u20ac 9,250","images":{"base_url":"http:\/\/i0.carsie.ie\/","image_list":[{"thumb":"YzkzYWM4ZDQ1ZGFhNmQ1Y2FlYzQxYTFhMTg3NzJiNjOprUOo2BylF0qa3ZAE9DGFODY0NDk5LTcxNDc2NjAuanBnfHx8fHx8OTJ4Njl8fHx8fA==.jpg","main":"MjYxNGRiYjI0MzZmNjU2Njc0ZTM5MzBlOTQxZTg1NzTaA23yBiYBcqMLcEOW6SIdODY0NDk5LTcxNDc2NjAuanBnfHx8fHx8fHx8fHw0MDB4MzAw.jpg","large":"ZjllODRhNzAzNTg1MDQzMDc1OWNmM2JkOThlMzMyZDAPI1ocCICyvjwzDE0VQjRNODY0NDk5LTcxNDc2NjAuanBnfHx8fHx8fHx8fHw2NDB4NDgw.jpg"}]}},{"ad_id":"872135","reg_year":"2007","make":"Skoda","model":"Octavia","variant":"RS 200HP 5DR","mileage":"68000","engine_size":"2.0","fuel_type":"Petrol","body_type":"Hatchback","colour":"e0e0e0","location":"Dublin","price":"\u20ac 9,250","images":{"base_url":"http:\/\/i0.carsie.ie\/","image_list":[{"thumb":"ZGFlNTY3MTU5Y2JkNDM4ZjRmYzZlOTY5OWY3MWQ3MWLo11YlAskkbi50tpbm52fGODcyMTM1LTcwNDAzMTcuanBnfHx8fHx8OTJ4Njl8fHx8fA==.jpg","main":"NTVkYTQxMWM4MzQ3MWI1ZDJlMTU0NjA4ZGNmMzdjMzJ5uwEFz7R6k8WsbRIC9aFhODcyMTM1LTcwNDAzMTcuanBnfHx8fHx8fHx8fHw0MDB4MzAw.jpg","large":"NDUwNDMzMzJkZDNhYWE2ODE1NDBhMTUyZmQ0MGUxOWZrfXKOhvCdsABil2VNDqZgODcyMTM1LTcwNDAzMTcuanBnfHx8fHx8fHx8fHw2NDB4NDgw.jpg"}]}},{"ad_id":"892058","reg_year":"2009","make":"Skoda","model":"Roomster","variant":null,"mileage":"34938","engine_size":"1.4","fuel_type":"Petrol","body_type":null,"colour":"858585","location":"Kilkenny","price":"\u20ac 9,250","images":{"base_url":"http:\/\/i0.carsie.ie\/","image_list":[{"thumb":"MTNlYTdkZWFhZDc3ZGYyZjU2NGMyMjI5YzliNzM3Y2QpkykG5ZmgUqKJuJ54u6kfODkyMDU4LTcyNzE5NDIuanBnfHx8fHx8OTJ4Njl8fHx8fA==.jpg","main":"ZDE1NmVlZTBiZTZkNWNjMzVmMzgwMTI0NDQzYjg0MmWD1al_1is9RtGIpqg0qvZyODkyMDU4LTcyNzE5NDIuanBnfHx8fHx8fHx8fHw0MDB4MzAw.jpg","large":"OTZkMjllZGJiNGUxMjc2YzVhMTQyNTU2MGVjYzg3YjYHNm8DT8pfZyoyjJsc6SwbODkyMDU4LTcyNzE5NDIuanBnfHx8fHx8fHx8fHw2NDB4NDgw.jpg"}]}},{"ad_id":"790043","reg_year":"2007","make":"Suzuki","model":"Grand Vitara","variant":"GRAND VITARA GV JB 3DR 1.6 PETROL","mileage":"55799","engine_size":"1.6","fuel_type":"Petrol","body_type":"Estate","colour":"000000","location":"Dublin","price":"\u20ac 9,250","images":{"base_url":"http:\/\/i0.carsie.ie\/","image_list":[{"thumb":"MGIzODczZTBkZDc1YzE1YjFhY2FlZmRjOTYyOWQzOTPF2k8JrC7FNJUezgHAoPYfNzkwMDQzLTYwOTI4MTcuanBnfHx8fHx8OTJ4Njl8fHx8fA==.jpg","main":"NmE5MGQxMTNkYTBjNjg0NTE2NjhjZjMzNDMxNjQ2ZjbCf0VAW_sFtRpPz_kDVoKfNzkwMDQzLTYwOTI4MTcuanBnfHx8fHx8fHx8fHw0MDB4MzAw.jpg","large":"ZDk2MjUwYjdiYjU1NWU5OGY3NzYwMWQ3ODBkMzdjMWQaidwGbKN6pJs4KU5LwU7cNzkwMDQzLTYwOTI4MTcuanBnfHx8fHx8fHx8fHw2NDB4NDgw.jpg"}]}},{"ad_id":"776313","reg_year":"2007","make":"Suzuki","model":"Grand Vitara","variant":"GV JB 3DR 1.6 PETROL","mileage":"32311","engine_size":"1.6","fuel_type":"Petrol","body_type":"Estate","colour":"000000","location":"Roscommon","price":"\u20ac 9,250","images":{"base_url":"http:\/\/i0.carsie.ie\/","image_list":[{"thumb":"MmY1YjUyMjJkOWFkNDM4ZTk0ODMyMmZjNzRkZTJkOTe69ddQdg6sO9P6_SdXcgWkNzc2MzEzLTU5MjA0OTEuanBnfHx8fHx8OTJ4Njl8fHx8fA==.jpg","main":"NWQzMmRlM2VlZGJiZmNiYjI4OWI5ODUyY2FmZjRjZmZKOFxii8wZxfVOoD8Ed3U6Nzc2MzEzLTU5MjA0OTEuanBnfHx8fHx8fHx8fHw0MDB4MzAw.jpg","large":"N2Y1YTkyZGY0YmZkZmI5MzliNjA4ZTVmYjlkOTA1ZGXwtaaWO3nwS6uO6wMvmerkNzc2MzEzLTU5MjA0OTEuanBnfHx8fHx8fHx8fHw2NDB4NDgw.jpg"}]}},{"ad_id":"875501","reg_year":"2005","make":"Toyota","model":"Corolla Verso","variant":"DIESEL 2.0l D4D","mileage":"81000","engine_size":"2.0","fuel_type":"Diesel","body_type":"People Carrier","colour":"e0e0e0","location":"Waterford","price":"\u20ac 9,250","images":{"base_url":"http:\/\/i0.carsie.ie\/","image_list":[{"thumb":"NDUxYTZkMDczNjBkYThlNTlkNWQwMDFmZGVmNzkxZmZ9iLg_ALz_cBa2tb_5fL73ODc1NTAxLTcwOTA2NzUuanBnfHx8fHx8OTJ4Njl8fHx8fA==.jpg","main":"ZTA0MmJmNGEyMWVkMTkzMGIwZjRiZjExYTBhNTY2MWHm5-vyhAVr5IyrwDhGLdWdODc1NTAxLTcwOTA2NzUuanBnfHx8fHx8fHx8fHw0MDB4MzAw.jpg","large":"MjMwNTU2ZDc5MDIxOTVmNjk2MGRiNDU1YjgyOTE3YjLf7iBaB7siAIZNCDspM4gDODc1NTAxLTcwOTA2NzUuanBnfHx8fHx8fHx8fHw2NDB4NDgw.jpg"}]}},{"ad_id":"863241","reg_year":"2007","make":"Toyota","model":"Rav4","variant":"4WD-LUNA-LOW MILES","mileage":"46737","engine_size":"2.0","fuel_type":"Petrol","body_type":"SUV","colour":"0000c0","location":"Dublin","price":"\u20ac 9,250","images":{"base_url":"http:\/\/i0.carsie.ie\/","image_list":[{"thumb":"YTllN2JkNWRjNzVkODRlMjk3OWZkMDEwMzM0MjM3OTgrfMxK0A1nyZhi41gNYuZPODYzMjQxLTY5Mzg5OTIuanBnfHx8fHx8OTJ4Njl8fHx8fA==.jpg","main":"ZTRlM2VlNmU2NTY0NzUzMTdmODljOTZlYTk3NmY1ZjV7Xd9DCTRMbCF0pMv3BqzpODYzMjQxLTY5Mzg5OTIuanBnfHx8fHx8fHx8fHw0MDB4MzAw.jpg","large":"YmJhYjBiNWJmYzhkYmM2YTgyMjYwNWY0N2Y0MmI5ZWRjDR3q7HJASCndfDlsWJC5ODYzMjQxLTY5Mzg5OTIuanBnfHx8fHx8fHx8fHw2NDB4NDgw.jpg"}]}},{"ad_id":"886718","reg_year":"2008","make":"Toyota","model":"Yaris","variant":"yaris ng 1.0l terra","mileage":"27911","engine_size":"1.0","fuel_type":"Petrol","body_type":"Hatchback","colour":"e0e0e0","location":"Cork","price":"\u20ac 9,250","images":{"base_url":"http:\/\/i0.carsie.ie\/","image_list":[{"thumb":"MjlkODIzMjU0NGU4MjU5NTZiZWE1ODllYTYzYmY3NmRWd9E5vCieOt1oI82GhAYcODg2NzE4LS5qcGd8fHx8fHw5Mng2OXx8fHx8.jpg","main":"NzhmMmEwY2UzZjhjM2FlODlkYjBmMGU1ZDRjNzdhZTa-qmdz4HAbInIfLLoPoIhLODg2NzE4LS5qcGd8fHx8fHx8fHx8fDQwMHgzMDA=.jpg","large":"YWE1MjQ2ZTJhZTI4MmQ5N2U1NmQxMGYxNWZjY2M1M2QB_4I_NWFv_mDNfuIGiEHGODg2NzE4LS5qcGd8fHx8fHx8fHx8fDY0MHg0ODA=.jpg"}]}},{"ad_id":"891309","reg_year":"2010","make":"Toyota","model":"Yaris","variant":"MC 1.0 Terra 5DR","mileage":"61040","engine_size":"1.0","fuel_type":"Petrol","body_type":"Hatchback","colour":"0000c0","location":"Dublin","price":"\u20ac 9,250","images":{"base_url":"http:\/\/i0.carsie.ie\/","image_list":[{"thumb":"NzI0M2NiNDVlODBmMzIzMzIzMDMyMjM1YjVjZGRmMGYG43on9l4qwzsrDNyrT8L1ODkxMzA5LTcyNzUxODAuanBnfHx8fHx8OTJ4Njl8fHx8fA==.jpg","main":"YWQyMDk1ZjU5ZTM4MmFiM2EzNDNhYzkzMDZkZDZjNTBsR39otUzjIaJtgXkyBKJPODkxMzA5LTcyNzUxODAuanBnfHx8fHx8fHx8fHw0MDB4MzAw.jpg","large":"ZjY0ZjM0NzI4YTMyZTlmNGEwNWU3OTJjZDE1YWQ5N2WP4djNXHd9Ev1q5wuvIDtfODkxMzA5LTcyNzUxODAuanBnfHx8fHx8fHx8fHw2NDB4NDgw.jpg"}]}},{"ad_id":"891310","reg_year":"2010","make":"Toyota","model":"Yaris","variant":"MC 1.0 Terra 5DR","mileage":"60635","engine_size":"1.0","fuel_type":"Petrol","body_type":"Hatchback","colour":"e0e0e0","location":"Dublin","price":"\u20ac 9,250","images":{"base_url":"http:\/\/i0.carsie.ie\/","image_list":[{"thumb":"ZWE0Mjc2NDk0NzMzOTE5MmFjMzdmZjZlZDUyMmQ3YzcbeBdra5F0ffMFsxtcVf6fODkxMzEwLTcyODA4ODUuanBnfHx8fHx8OTJ4Njl8fHx8fA==.jpg","main":"YjUzN2ZjYTU1ZDZhYjVhNjE0MzUyZWJhNDk1ZWNhNGMuLuymgwy5CeKRsxYQk3k5ODkxMzEwLTcyODA4ODUuanBnfHx8fHx8fHx8fHw0MDB4MzAw.jpg","large":"Nzg0MzM1NWUyMTNmZWU5NDVhMGMzZDU0NmVkYTA2MGOpuLA7lpsyFSp-CY35HAaIODkxMzEwLTcyODA4ODUuanBnfHx8fHx8fHx8fHw2NDB4NDgw.jpg"}]}},{"ad_id":"824873","reg_year":"2009","make":"Toyota","model":"Yaris","variant":"LUNA WITH FULL SERVICE HISTORY","mileage":"59634","engine_size":"1.0","fuel_type":"Petrol","body_type":"Hatchback","colour":"e0e0e0","location":"Tipperary","price":"\u20ac 9,250","images":{"base_url":"http:\/\/i0.carsie.ie\/","image_list":[{"thumb":"NTUzYzA4NzI1OGZkOWEwYjhjOTEwMThiODY2ZDcwNTf0Yoxw19diOGwjmR8wxduFODI0ODczLTY1MTIwOTguanBnfHx8fHx8OTJ4Njl8fHx8fA==.jpg","main":"Yzg0OTljYzdiMmVmYmU0NDQ0MWRlYjJjNzllN2FjOGNFf5ypk7CeRb5Uyn0s0y96ODI0ODczLTY1MTIwOTguanBnfHx8fHx8fHx8fHw0MDB4MzAw.jpg","large":"MjY3OTg0NmJiMmMyZGU0YzVhMGJlZGRjODdmZGVjOWXjrdXwk9lS3hAxJsVJqU1tODI0ODczLTY1MTIwOTguanBnfHx8fHx8fHx8fHw2NDB4NDgw.jpg"}]}}]}