{"total":"23408","result":[{"ad_id":"899948","reg_year":"2003","make":"Renault","model":"Espace","variant":"2.0 Expression","mileage":"65245","engine_size":"2.0","fuel_type":"Petrol","body_type":"Hatchback","colour":"008000","location":"Cork","price":"\u20ac 2,950","images":{"base_url":"http:\/\/i0.carsie.ie\/","image_list":[{"thumb":"N2Y5ZDNmYjFjN2NkNDE2OTJhOTI3MjY2NTEyMmY1YmXQpYhxSsM9JaRdvygNJoAVODk5OTQ4LTczODI4ODkuanBnfHx8fHx8OTJ4Njl8fHx8fA==.jpg","main":"MmU4YTBiNGFiMzQyY2Q0NzliMTJjNWY4M2JmMGI0MGE-UYfYKaqbI-3hnWw93QJIODk5OTQ4LTczODI4ODkuanBnfHx8fHx8fHx8fHw0MDB4MzAw.jpg","large":"NmIxNTBmYzdhN2MzNmQ3YWVkMmE1MjFlZGM5NDYyMWGPWQ9v9ArYG2pytGXr8hGzODk5OTQ4LTczODI4ODkuanBnfHx8fHx8fHx8fHw2NDB4NDgw.jpg"}]}},{"ad_id":"898421","reg_year":"2007","make":"Renault","model":"Kangoo","variant":"Serviced-Warranty","mileage":"78495","engine_size":"1.5","fuel_type":"Diesel","body_type":"Van","colour":"008000","location":"Dublin","price":"\u20ac 2,950","images":{"base_url":"http:\/\/i0.carsie.ie\/","image_list":[{"thumb":"MTdhOTRmNDkwMGZmNzVmODJhNWE5YjI1ZTA2OTFmNjhjWhpkH7Y8s4vouvy9Qc78ODk4NDIxLS5qcGd8fHx8fHw5Mng2OXx8fHx8.jpg","main":"MjAzMjllZDkxZDA2ZjVlMzVlNzRmZWNjNDY3ODYzNTW8NQGCEAnKHOKxnHuXASeKODk4NDIxLS5qcGd8fHx8fHx8fHx8fDQwMHgzMDA=.jpg","large":"OWEzZDIyOTU1YmU0ZWQ4Yzk3NzU2NjUyZTQ4ZDE0MmW_PGhldsG4v2lf526lxTfgODk4NDIxLS5qcGd8fHx8fHx8fHx8fDY0MHg0ODA=.jpg"}]}},{"ad_id":"899691","reg_year":"2003","make":"Renault","model":"Kangoo","variant":"Kangoo 1.9D 55","mileage":"86000","engine_size":"1.9","fuel_type":"Diesel","body_type":"Van","colour":"e0e0e0","location":"Wicklow","price":"\u20ac 2,950","images":{"base_url":"http:\/\/i0.carsie.ie\/","image_list":[{"thumb":"ZDU2NmY5NWEzNWQ5N2JkNzA3M2FjZTZlNDk2ZWM2ZmQd3fhfZmaOA7a1hNYi-EXbODk5NjkxLTczODExNDMuanBnfHx8fHx8OTJ4Njl8fHx8fA==.jpg","main":"NTA5ODg1ZmQ3OGY1Y2Y3YzI1NDY3NjQ3NjA4NTAyNDkZfyPkn8FVCe293kLp-8UpODk5NjkxLTczODExNDMuanBnfHx8fHx8fHx8fHw0MDB4MzAw.jpg","large":"MWY0ZTgxZTM2ODZmN2JiNjQwMGVjODQ0OTA3YmI0NzJQfUuFZYamwV1sp1i9CRH9ODk5NjkxLTczODExNDMuanBnfHx8fHx8fHx8fHw2NDB4NDgw.jpg"}]}},{"ad_id":"887763","reg_year":"2003","make":"Renault","model":"Laguna","variant":"2 1.9 DCI 105 M","mileage":"137000","engine_size":"1.9","fuel_type":"Diesel","body_type":"Hatchback","colour":"ffffff","location":"Cork","price":"\u20ac 2,950","images":{"base_url":"http:\/\/i0.carsie.ie\/","image_list":[{"thumb":"NjNjNmYzMmJkMGU5OTdkMTkyZDg2YjEwYjVkMzgyNzRH6nMNUZTWb7zX8fGyEgXkODg3NzYzLTcyMzA1MTQuanBnfHx8fHx8OTJ4Njl8fHx8fA==.jpg","main":"MWNkNjhlMWRlOWY0ZDhkMWI3ZDhlYjE2OTUwYTk0MzFqJMEtDe4jBoxpGNBAfmmAODg3NzYzLTcyMzA1MTQuanBnfHx8fHx8fHx8fHw0MDB4MzAw.jpg","large":"NThkNzUzNDg5NTZlNWUwNWFhODAzZDA3Zjc1N2VmZWYOnfvnQR6Db1jPoQ32KPp6ODg3NzYzLTcyMzA1MTQuanBnfHx8fHx8fHx8fHw2NDB4NDgw.jpg"}]}},{"ad_id":"722947","reg_year":"2003","make":"Renault","model":"Laguna","variant":"2 1.6 Mirage","mileage":"84000","engine_size":"1.6","fuel_type":"Petrol","body_type":"Hatchback","colour":"e0e0e0","location":"Dublin","price":"\u20ac 2,950","images":{"base_url":"http:\/\/i0.carsie.ie\/","image_list":[{"thumb":"YTQ1MGMyYjFjNjQyNWVjZDMyNjQ4MmEyYjg2Mzk3ZjmdJfhfRF1k9ofotsDMJ4qYNzIyOTQ3LTUyMTI2MTAuanBnfHx8fHx8OTJ4Njl8fHx8fA==.jpg","main":"ZjY5NDA5YTQwNTk4ZDA2MzgzOTY1MWM2N2NiZDc5MTel24MaDlvdCpOTm-KAkxhgNzIyOTQ3LTUyMTI2MTAuanBnfHx8fHx8fHx8fHw0MDB4MzAw.jpg","large":"ODg0NTQ1ZTY1ZjFmYjFkYjBhMjVhZmRjOGQ3ODMxMDG8D-MhfTlrd_HmAlMqN5gTNzIyOTQ3LTUyMTI2MTAuanBnfHx8fHx8fHx8fHw2NDB4NDgw.jpg"}]}},{"ad_id":"796881","reg_year":"2002","make":"Renault","model":"Laguna","variant":"II 1.8 SPORT","mileage":"146863","engine_size":"1.8","fuel_type":"Petrol","body_type":"Hatchback","colour":"e0e0e0","location":"Galway","price":"\u20ac 2,950","images":{"base_url":"http:\/\/i0.carsie.ie\/","image_list":[{"thumb":"N2M0MmUwNTE4N2RlOTA5YzQ2ZTRmNGViMjU2ZjkyOTSi7n5IB6hZ-Ejbn3djJRT0Nzk2ODgxLTY2MDMzNDAuanBnfHx8fHx8OTJ4Njl8fHx8fA==.jpg","main":"MDU5NDM3ODEwYzFlMGMzZDgzOGQxYTc5NzFjZjVmN2HYpZCRXQmDQCsOs9Yg3LdzNzk2ODgxLTY2MDMzNDAuanBnfHx8fHx8fHx8fHw0MDB4MzAw.jpg","large":"NDVmMWQ0OGVlZGM0MzJiNGU3ZmQ2OThkNjMxYzUyMjNUQdwqZVPH1SrtmxpylnYZNzk2ODgxLTY2MDMzNDAuanBnfHx8fHx8fHx8fHw2NDB4NDgw.jpg"}]}},{"ad_id":"830341","reg_year":"2005","make":"Renault","model":"Laguna","variant":null,"mileage":"76219","engine_size":"1.6","fuel_type":"Petrol","body_type":"Hatchback","colour":"0000c0","location":"Galway","price":"\u20ac 2,950","images":{"base_url":"http:\/\/i0.carsie.ie\/","image_list":[{"thumb":"MGZmZWU4YjhlYWNiYzZmOTdmYTM0MmVmMjFhYTYwMjm2QZFXtem9ijdOwDu0zJL6ODMwMzQxLTY1NzkzNzUuanBnfHx8fHx8OTJ4Njl8fHx8fA==.jpg","main":"ZDMxZmIxOGRlZmE5YjQ5ZjdmYjc4ODhjYWRmMzZiZDJoKmZBoFVUpdyY2WbCX0tXODMwMzQxLTY1NzkzNzUuanBnfHx8fHx8fHx8fHw0MDB4MzAw.jpg","large":"ODEzM2UyYzBjODhjYjMxM2Y3NDNjNzViZjg2YjQ5MmIK1sCxf5jbM5yO7nXd3i-_ODMwMzQxLTY1NzkzNzUuanBnfHx8fHx8fHx8fHw2NDB4NDgw.jpg"}]}},{"ad_id":"839118","reg_year":"2006","make":"Renault","model":"Laguna","variant":"2 1.6 16V Dynam","mileage":"98000","engine_size":"1.6","fuel_type":"Petrol","body_type":"Hatchback","colour":"0000c0","location":"Tipperary","price":"\u20ac 2,950","images":{"base_url":"http:\/\/i0.carsie.ie\/","image_list":[{"thumb":"OGUyNGMxZDM3ZTllYzllYmVmYjI1MmU1ZjAzMGE2ZGULGzDt02iUk-w_t65MklsuODM5MTE4LTY2NzU3MzkuanBnfHx8fHx8OTJ4Njl8fHx8fA==.jpg","main":"Mjg0MjA0MjNmODFjYzU4MzEzYzQ0MzZlZjM4OGY5YmRiq1p4bYNwMff_f9DsZFnEODM5MTE4LTY2NzU3MzkuanBnfHx8fHx8fHx8fHw0MDB4MzAw.jpg","large":"MzYzMTEyYWE2MjQ0NmQ2YjYxYTQ0ZTVjYzE3MjFiYWEU0QvvjWGsQ0ZkahQdgWc6ODM5MTE4LTY2NzU3MzkuanBnfHx8fHx8fHx8fHw2NDB4NDgw.jpg"}]}},{"ad_id":"900567","reg_year":"2005","make":"Renault","model":"Laguna","variant":"2 1.6 16V Priv","mileage":"72702","engine_size":"1.6","fuel_type":"Petrol","body_type":"Hatchback","colour":"ff0000","location":"Tipperary","price":"\u20ac 2,950","images":{"base_url":"http:\/\/i0.carsie.ie\/","image_list":[{"thumb":"OTM5NDhhMGY1YmM0NmY0YWE3MzU5MDdhNTRmMmQzNDi3_vCsKabydykGrZOiRpO-OTAwNTY3LTc0MDI5ODcuanBnfHx8fHx8OTJ4Njl8fHx8fA==.jpg","main":"MzljMTU4NGQ1YmE1ZDk3N2Q4NDhhOTJlYWMyNmUxNmRlDcOca7urwLvUkgtJNgRPOTAwNTY3LTc0MDI5ODcuanBnfHx8fHx8fHx8fHw0MDB4MzAw.jpg","large":"NjAyZjM2MzdkNGI4OGM2MTZhZTg1NWMwNWY1N2U3ZjmvudYiUtZFcWhC1wmnskhQOTAwNTY3LTc0MDI5ODcuanBnfHx8fHx8fHx8fHw2NDB4NDgw.jpg"}]}},{"ad_id":"702092","reg_year":"2004","make":"Renault","model":"Laguna","variant":"1.9DCi 5DR HATCH","mileage":"141000","engine_size":"1.9","fuel_type":"Diesel","body_type":"Hatchback","colour":null,"location":"Westmeath","price":"\u20ac 2,950","images":{"base_url":"http:\/\/i0.carsie.ie\/","image_list":[{"thumb":"OGZjODIxNDMxNDFkYjg1NmEwY2I4YmRkZjAyOTdmNTKuC_wZTZUX7Is62V-qvQV0NzAyMDkyLTQ5NDQ5MDAuanBnfHx8fHx8OTJ4Njl8fHx8fA==.jpg","main":"MTZhYjNhODZkYmIyMTdjNmE2Yzg3MmQzMmE0YmY4ZDWdkLHyDe8m5HqChQGXK9oDNzAyMDkyLTQ5NDQ5MDAuanBnfHx8fHx8fHx8fHw0MDB4MzAw.jpg","large":"ZDcwZjQxN2U3YjNkYTFlNGMyZWYzYWUyNTk1YTUxNGMuCwK6t3jkyfmGKrvfbxErNzAyMDkyLTQ5NDQ5MDAuanBnfHx8fHx8fHx8fHw2NDB4NDgw.jpg"}]}},{"ad_id":"737364","reg_year":"2004","make":"Renault","model":"Megane","variant":null,"mileage":"84471","engine_size":"1.4","fuel_type":"Petrol","body_type":"Hatchback","colour":"e0e0e0","location":"Cork","price":"\u20ac 2,950","images":{"base_url":"http:\/\/i0.carsie.ie\/","image_list":[{"thumb":"MjJkNzQxZWJmMzg2ZTc5NzYzZGQ4MTVhMTQzNmZiNjRPJHRLRz-KqAbSRPfd4U96NzM3MzY0LTcwOTEzMjguanBnfHx8fHx8OTJ4Njl8fHx8fA==.jpg","main":"MjY5MGQxNTg2NWI5NDM4MmI3MmE2NmNmYzY4YjEyOTkrLrpATRWS3H8gVqtypefSNzM3MzY0LTcwOTEzMjguanBnfHx8fHx8fHx8fHw0MDB4MzAw.jpg","large":"ZmMwNjgxNGRkMjA2M2FiYzkxMWUxZDA3NmJkMWQzMzXdItpUlnugzyb92Hmlaw2ANzM3MzY0LTcwOTEzMjguanBnfHx8fHx8fHx8fHw2NDB4NDgw.jpg"}]}},{"ad_id":"886368","reg_year":"2004","make":"Renault","model":"Megane","variant":"Sports 1.4 16V Authentique","mileage":"67000","engine_size":"1.4","fuel_type":"Petrol","body_type":"Saloon","colour":"008000","location":"Cork","price":"\u20ac 2,950","images":{"base_url":"http:\/\/i0.carsie.ie\/","image_list":[{"thumb":"NDI4YmQyZDJkMjc0ZTIwOGQyMWJkZWM3MDFmMTM2ZjHcNuPWSXaRHA5IvDp4boZ9ODg2MzY4LTczNDk1MjAuanBnfHx8fHx8OTJ4Njl8fHx8fA==.jpg","main":"ZDQ3YTk3ZDY5NzMyMjJmYmE4OWYwYzkwMTdiMmVhNWHyst0uyTIdhbghZgT8lxotODg2MzY4LTczNDk1MjAuanBnfHx8fHx8fHx8fHw0MDB4MzAw.jpg","large":"MGViMGYzNGU3MTM0ODU3MzU0ZGRjZWI4NDIxYTFlY2TncNByo9w4jvzEK5b0szTDODg2MzY4LTczNDk1MjAuanBnfHx8fHx8fHx8fHw2NDB4NDgw.jpg"}]}},{"ad_id":"895362","reg_year":"2005","make":"Renault","model":"Megane","variant":"SP 6S Dynamique","mileage":"72000","engine_size":"1.4","fuel_type":"Petrol","body_type":"Saloon","colour":"e0e0e0","location":"Cork","price":"\u20ac 2,950","images":{"base_url":"http:\/\/i0.carsie.ie\/","image_list":[{"thumb":"YjAzZWZjNzNmMTlkYTI1OWQwOTg4NzM5NGYzOGIwOTfyOzCUkXziCtPX2bHdT1kdODk1MzYyLTczMjMzODAuanBnfHx8fHx8OTJ4Njl8fHx8fA==.jpg","main":"NDcyNTQ1ZTNhMzE4M2ZhMzE5M2E4NTYyZDllOGIwNmG-FRqho5N5DCwpdFs5z8PaODk1MzYyLTczMjMzODAuanBnfHx8fHx8fHx8fHw0MDB4MzAw.jpg","large":"ODE5YjcyZTM4MGIwZjBjMzkzNTFiMDAxMTFiYjMyMTl98vigppXjsIvtXLV2f3F9ODk1MzYyLTczMjMzODAuanBnfHx8fHx8fHx8fHw2NDB4NDgw.jpg"}]}},{"ad_id":"676696","reg_year":"2003","make":"Renault","model":"Megane","variant":"","mileage":"60000","engine_size":"1.4","fuel_type":"Petrol","body_type":"Hatchback","colour":"e0e0e0","location":"Dublin","price":"\u20ac 2,950","images":{"base_url":"http:\/\/i0.carsie.ie\/","image_list":[{"thumb":"MTM1YmRhMTVhOTk1MzZkM2VmOWNkNjdiYWE5MDVkYjJdauJrM0U1lFgDxNJuqwn0Njc2Njk2LTQ2NjEwMTAuanBnfHx8fHx8OTJ4Njl8fHx8fA==.jpg","main":"NDM3NDJkZjQ4NTkzNzA3NDc5ZjE4MjUwYzlmNjI1YTlMEwWEi760NnuQnwhKCFn0Njc2Njk2LTQ2NjEwMTAuanBnfHx8fHx8fHx8fHw0MDB4MzAw.jpg","large":"NzE5ZjNiODA1YjBmODgxZTI4MjhiMTI3OTI1OWQwYjJIqxl8NkFVQ0EIRbWD-Z0iNjc2Njk2LTQ2NjEwMTAuanBnfHx8fHx8fHx8fHw2NDB4NDgw.jpg"}]}},{"ad_id":"734687","reg_year":"2001","make":"Renault","model":"Megane","variant":"CABRIOLET *IMMACULATE CONDITION*","mileage":"85000","engine_size":"1.6","fuel_type":"Petrol","body_type":"Cabriolet \/ Convertible","colour":"e0e0e0","location":"Dublin","price":"\u20ac 2,950","images":{"base_url":"http:\/\/i0.carsie.ie\/","image_list":[{"thumb":"MTYwYjhjMWIwM2RiYzJjMGUzYTM3NmE5NTVhMDc1ZWSC1HzQ8iheTJykqyy4iCRSNzM0Njg3LTUzNzIzNTIuanBnfHx8fHx8OTJ4Njl8fHx8fA==.jpg","main":"ZjY5YTRiZmZiY2EwODk5YmI0ZjVhNjhkMWU2N2Q4N2NAM1qi_0_kycSo3CZYTxgCNzM0Njg3LTUzNzIzNTIuanBnfHx8fHx8fHx8fHw0MDB4MzAw.jpg","large":"NjI4NmI5MDljMTZjNTc3NTk1NjYxOWZkMjRjNDdhOGRxEAFN1yE4efkkvaYtU1Z2NzM0Njg3LTUzNzIzNTIuanBnfHx8fHx8fHx8fHw2NDB4NDgw.jpg"}]}},{"ad_id":"833326","reg_year":"2005","make":"Renault","model":"Megane","variant":"Megavan 1.5 DCI 80BHP","mileage":"106878","engine_size":"1.5","fuel_type":"Diesel","body_type":"Van","colour":"e0e0e0","location":"Dublin","price":"\u20ac 2,950","images":{"base_url":"http:\/\/i0.carsie.ie\/","image_list":[{"thumb":"ODc5MGQ2NTExZGFmNzc1ZjQ3Yzc2ZjI1NDJiNDQ4ODnAK9K39BP3zWW-EGgIIm4wODMzMzI2LTY2MTEwMzAuanBnfHx8fHx8OTJ4Njl8fHx8fA==.jpg","main":"ZDQ3MTZjZDQ1ZjhiZGVkNGQxMmNmOTBiOGI3Y2FhNWM8XCCLPwJoF0AnQOGp0yQTODMzMzI2LTY2MTEwMzAuanBnfHx8fHx8fHx8fHw0MDB4MzAw.jpg","large":"ZGIyMjFjN2Y4ZjM2NDNiNGU0NGIwNzgyYTcxYTBjMzn3zJaZgs8gOUovpL7M_Z_JODMzMzI2LTY2MTEwMzAuanBnfHx8fHx8fHx8fHw2NDB4NDgw.jpg"}]}},{"ad_id":"892782","reg_year":"2002","make":"Renault","model":"Megane","variant":"Cabriolet 1.6","mileage":"76000","engine_size":"1.6","fuel_type":"Petrol","body_type":"Cabriolet \/ Convertible","colour":"000000","location":"Dublin","price":"\u20ac 2,950","images":{"base_url":"http:\/\/i0.carsie.ie\/","image_list":[{"thumb":"MmVjOTYwMjk2NmM0NDE4MzVkYjA4YTVkYWIxM2E1NTHK0KoNWFMJpyuAeEYa6tZ-ODkyNzgyLTcyNzUzODcuanBnfHx8fHx8OTJ4Njl8fHx8fA==.jpg","main":"YTNmYmU2NjZjNzc0MGM1MDJkMTk0ZTE1YTFjNTdlYzjzUCynNuaKzLDwpfdN6fSFODkyNzgyLTcyNzUzODcuanBnfHx8fHx8fHx8fHw0MDB4MzAw.jpg","large":"NTY1ZWE0Y2JkOGRjYWUwOGE0ZjNlZWUwNTdlNjgyYTMWgzymxu0ScKskjHgnfUHKODkyNzgyLTcyNzUzODcuanBnfHx8fHx8fHx8fHw2NDB4NDgw.jpg"}]}},{"ad_id":"899545","reg_year":"2005","make":"Renault","model":"Megane","variant":"SPORT NCT 07\/13, TAX 04\/13","mileage":"61000","engine_size":"1.6","fuel_type":"Petrol","body_type":"Saloon","colour":"000000","location":"Dublin","price":"\u20ac 2,950","images":{"base_url":"http:\/\/i0.carsie.ie\/","image_list":[{"thumb":"OGM3ODcyMmVkMmI4N2QzNzE1MjVmOTgxNTEwYWYyZDUgJblsmOpcRRounXN7skdaODk5NTQ1LTczNzk4OTguanBnfHx8fHx8OTJ4Njl8fHx8fA==.jpg","main":"Mzg3ZDRjOThkNmNlYjk0NzM5MjdmNjkyNzRlZTI0ZjhudTW6jzlvKui69Y2tKTHHODk5NTQ1LTczNzk4OTguanBnfHx8fHx8fHx8fHw0MDB4MzAw.jpg","large":"ZDg2MGI0NWY4ODlkZTdjODgzNzY4YzFjNDc1MGQwMDatOdMA26mvkO2H_Z4YcXGmODk5NTQ1LTczNzk4OTguanBnfHx8fHx8fHx8fHw2NDB4NDgw.jpg"}]}},{"ad_id":"894574","reg_year":"2004","make":"Renault","model":"Megane","variant":"1.5 DCi","mileage":"146000","engine_size":"1.5","fuel_type":"Diesel","body_type":"Saloon","colour":"008000","location":"Kerry","price":"\u20ac 2,950","images":{"base_url":"http:\/\/i0.carsie.ie\/","image_list":[{"thumb":"ODg4NDcwMWFkZGFiODllZDJlYWI4OGUzYjY1ZTQ5NmEBZzKyfTb2JtN3pghAP7OcODk0NTc0LTczMDgyMDEuanBnfHx8fHx8OTJ4Njl8fHx8fA==.jpg","main":"NGRhYzk3NGIzMjg1ZjFmNTRmMTc4OTU3MzJhM2U0YTazstEp39m7umUOnckg696CODk0NTc0LTczMDgyMDEuanBnfHx8fHx8fHx8fHw0MDB4MzAw.jpg","large":"NTQ0ZWZkMWIwMmVjMGNmMDM5NmFlMDA0M2U5YWRhZjU8UdkOOLZBWUFNAVjqe-L5ODk0NTc0LTczMDgyMDEuanBnfHx8fHx8fHx8fHw2NDB4NDgw.jpg"}]}},{"ad_id":"753787","reg_year":"2001","make":"Renault","model":"Megane","variant":"Cabriolet 1.6","mileage":"110000","engine_size":"1.6","fuel_type":"Petrol","body_type":"Cabriolet \/ Convertible","colour":"858585","location":"Westmeath","price":"\u20ac 2,950","images":{"base_url":"http:\/\/i0.carsie.ie\/","image_list":[{"thumb":"MWUyYzQ2MDFkODBjOWRkZjk3ZGQ0MTMzNTI5YTU1ZmIJr_m59ngNFlDRrS0jHar4NzUzNzg3LTYwMzcxMTEuanBnfHx8fHx8OTJ4Njl8fHx8fA==.jpg","main":"YjczMDgyNDQ1YzY0M2U2OGQyZmJlOTdkYjRjOWQ1OGS8br2zsZnKsdK9XcojxMsMNzUzNzg3LTYwMzcxMTEuanBnfHx8fHx8fHx8fHw0MDB4MzAw.jpg","large":"YjYzMzU1NDE5ZWU5MzIwNGU1YmI5NzQwNmYyMmNlMDR7EQwlpFwz6zIlUdEVH3sLNzUzNzg3LTYwMzcxMTEuanBnfHx8fHx8fHx8fHw2NDB4NDgw.jpg"}]}}]}