{"total":"23408","result":[{"ad_id":"872485","reg_year":"2006","make":"Nissan","model":"Micra","variant":"1.2 Sport 5DR AUT","mileage":"31690","engine_size":"1.2","fuel_type":"Petrol","body_type":"Hatchback","colour":"e0e0e0","location":"Dublin","price":"\u20ac 5,250","images":{"base_url":"http:\/\/i0.carsie.ie\/","image_list":[{"thumb":"NzJmMGE2OTI1YTY4NmQ2M2RlY2I3ODlhYTlmY2U1ODEV3FSiPNtSk9vYKwn7igNgODcyNDg1LTcxNDc3MDEuanBnfHx8fHx8OTJ4Njl8fHx8fA==.jpg","main":"NzNhNTRkNzdmM2Y4YzRjNjU1M2FmNjI1ZjlhNmQzNjjowtDaJaFknl7-38F7FtrNODcyNDg1LTcxNDc3MDEuanBnfHx8fHx8fHx8fHw0MDB4MzAw.jpg","large":"MGVhZmVmZTJmMTk5ODFlNTAwZmNlMTU3ODNkMDA4MTEXNoaeiodik2V9NvsrfNaRODcyNDg1LTcxNDc3MDEuanBnfHx8fHx8fHx8fHw2NDB4NDgw.jpg"}]}},{"ad_id":"832359","reg_year":"2005","make":"Nissan","model":"Terrano","variant":"2.7 Teranno 7-Seater","mileage":"152000","engine_size":"2.7","fuel_type":"Diesel","body_type":"Estate","colour":"0000c0","location":"Mayo","price":"\u20ac 5,250","images":{"base_url":"http:\/\/i0.carsie.ie\/","image_list":[{"thumb":"YWJjODk3MGFkYzNmMDUxNjEzM2RhMTJmY2QzMzI5OGLurWsAXzhjT414TBWmsJyfODMyMzU5LTY3NjY1MzMuanBnfHx8fHx8OTJ4Njl8fHx8fA==.jpg","main":"MzQzMTQ2ZDY1YmMzNjYxNjcyYjQ3YmMwZWZmN2M3ZTM0qVNjlByuglWW8RwUHIynODMyMzU5LTY3NjY1MzMuanBnfHx8fHx8fHx8fHw0MDB4MzAw.jpg","large":"YzgzOWQ4ODBkMTQ3NDljNmMwNWEwM2QxNzY0OWVlNmS5NVA1g2HrveW47DY7t9sTODMyMzU5LTY3NjY1MzMuanBnfHx8fHx8fHx8fHw2NDB4NDgw.jpg"}]}},{"ad_id":"630618","reg_year":"2007","make":"Opel","model":"Astra","variant":"","mileage":"75187","engine_size":"1.4","fuel_type":"Petrol","body_type":"Hatchback","colour":"858585","location":"Cavan","price":"\u20ac 5,250","images":{"base_url":"http:\/\/i0.carsie.ie\/","image_list":[{"thumb":"ODNhZTgwMjViZGFmNjcyZjVkYzFjMTQ3M2FmZTgwMGVsaDbsuovEyhfxF5q9cHvcNjMwNjE4LTQxMjQzOTguanBnfHx8fHx8OTJ4Njl8fHx8fA==.jpg","main":"NWQwNDllYTk3YjAyZmJjYjNmYmZlZjNkNDBhODI2M2a8S_oIZdJj-gZXwOx_js4uNjMwNjE4LTQxMjQzOTguanBnfHx8fHx8fHx8fHw0MDB4MzAw.jpg","large":"YmMxMTYyOTA5YTQ5MGUwZmQ0ZjM3ZmYwZGNlMjYzODQV_0J1CfRPHlpI-wLXZet4NjMwNjE4LTQxMjQzOTguanBnfHx8fHx8fHx8fHw2NDB4NDgw.jpg"}]}},{"ad_id":"835058","reg_year":"2005","make":"Opel","model":"Vectra","variant":"life 1.9 cd ti","mileage":"93208","engine_size":"1.9","fuel_type":"Diesel","body_type":"Saloon","colour":"000000","location":"Cork","price":"\u20ac 5,250","images":{"base_url":"http:\/\/i0.carsie.ie\/","image_list":[{"thumb":"ZGU4YzA0YzRlYmUwNjBkMmZlZjYzNjM3ZDNlZWYwYmRvWmg2E15DsqYscajm6UD3ODM1MDU4LTY2MzE5NTMuanBnfHx8fHx8OTJ4Njl8fHx8fA==.jpg","main":"OTc5NDc5Njk5NjhjNGM5YjljODliNzFmN2NmZjYyYjmCMMyNW4RsHsr8C7XE2BqBODM1MDU4LTY2MzE5NTMuanBnfHx8fHx8fHx8fHw0MDB4MzAw.jpg","large":"MTZjY2VhYzE5ZmUzMzU0MjZjOThkYmU2MmQ3NTkxZDDC8mnjAmwD6cTxKVj4TqZZODM1MDU4LTY2MzE5NTMuanBnfHx8fHx8fHx8fHw2NDB4NDgw.jpg"}]}},{"ad_id":"893579","reg_year":"2006","make":"Opel","model":"Vectra","variant":"Life","mileage":"","engine_size":"1.6","fuel_type":"Petrol","body_type":"Saloon","colour":"000000","location":"Wexford","price":"\u20ac 5,250","images":{"base_url":"http:\/\/i0.carsie.ie\/","image_list":[{"thumb":"Mjg1NjNmODBlMDJhOGRiMWFlNWY2MzIyNjQ5MmRjZTL3SenDbcJGo48aVcLO4dqyODkzNTc5LS5qcGd8fHx8fHw5Mng2OXx8fHx8.jpg","main":"ZTI3M2EzMWM5MTNlMzM0NzIwYjI0MDFlM2IxMDYwNDlQwYQaMOcq_rfOtSU2y1OXODkzNTc5LS5qcGd8fHx8fHx8fHx8fDQwMHgzMDA=.jpg","large":"NDllMzI4OWQ3MjhiNWE0MTdhMWUxYTI0MzVjNjk1NTBe6OVlV4KpM4-iGb343WrwODkzNTc5LS5qcGd8fHx8fHx8fHx8fDY0MHg0ODA=.jpg"}]}},{"ad_id":"872054","reg_year":"2006","make":"Peugeot","model":"206","variant":"ALLURE 1.4 3DR ALLOYS 31","mileage":"56545","engine_size":"1.4","fuel_type":"Petrol","body_type":null,"colour":"858585","location":"Cork","price":"\u20ac 5,250","images":{"base_url":"http:\/\/i0.carsie.ie\/","image_list":[{"thumb":"NjJlOWY2ZWQ5NGIxYWZlZTUzODZlNzdkMWU0NDM1OWEC53D4kWClO5fTbApq_lDCODcyMDU0LTcwNzQxMjQuanBnfHx8fHx8OTJ4Njl8fHx8fA==.jpg","main":"ZjJmMzE5ZTFhYjhiNGQxYTM1OWRjMWIxZDc5MzI3ZmId-uJF-dV39GP8dHuNfi6AODcyMDU0LTcwNzQxMjQuanBnfHx8fHx8fHx8fHw0MDB4MzAw.jpg","large":"YWZjYmVjMjUxNWNkYzZkZjJhMmM2MDRlZDljYjZiYmXY1XNg6HkeZx4Qr7-h0mtCODcyMDU0LTcwNzQxMjQuanBnfHx8fHx8fHx8fHw2NDB4NDgw.jpg"}]}},{"ad_id":"876488","reg_year":"2005","make":"Peugeot","model":"206","variant":"@ DENIS MAHONY KILBARRACK","mileage":"49710","engine_size":"1.1","fuel_type":"Petrol","body_type":"Hatchback","colour":"858585","location":"Dublin","price":"\u20ac 5,250","images":{"base_url":"http:\/\/i0.carsie.ie\/","image_list":[{"thumb":"MzIzYjI2MTcxNTJhNTg4NDI5NGYxOGZhMWMwMjMwMTC_ML9BsdlUykLwGyu8x4-oODc2NDg4LTcxMDI4NDIuanBnfHx8fHx8OTJ4Njl8fHx8fA==.jpg","main":"YzAyZWM2NTJmMjA4MzljZmYzNGZiMDQ2ZjdiZTY2NjKulbU_VD_NppH91UYiK52ZODc2NDg4LTcxMDI4NDIuanBnfHx8fHx8fHx8fHw0MDB4MzAw.jpg","large":"MjBmZTNjN2U5YTIwMTBlNGVmZTBmNzMxZTNkOTc0N2KvZ8y6TUk6MlEG6_yOv5slODc2NDg4LTcxMDI4NDIuanBnfHx8fHx8fHx8fHw2NDB4NDgw.jpg"}]}},{"ad_id":"892811","reg_year":"2005","make":"Peugeot","model":"206","variant":"POPART 1.1 5DR 51","mileage":"68776","engine_size":"1.1","fuel_type":"Petrol","body_type":null,"colour":"858585","location":"Kerry","price":"\u20ac 5,250","images":{"base_url":"http:\/\/i0.carsie.ie\/","image_list":[{"thumb":"MTQ2MmY1MDYzMTNlODA4YWNiZjg2ODk0OGNhOWE2ZjAsnT-RDRjA9wEKEk2tiJwCODkyODExLTczMzgxODguanBnfHx8fHx8OTJ4Njl8fHx8fA==.jpg","main":"ZjYyMjQ5YTk4NGI5NTUxOGE1NWNjMWIwZmE1MzgzNmQotR1t-q9OSixLNVVVsPu1ODkyODExLTczMzgxODguanBnfHx8fHx8fHx8fHw0MDB4MzAw.jpg","large":"YmQ2ZjBhMjQyMjE5MDM0OTBiMGRkNzJkOTQ4NTJiNzh3HCxopMBk7Icd7ZmOaUKeODkyODExLTczMzgxODguanBnfHx8fHx8fHx8fHw2NDB4NDgw.jpg"}]}},{"ad_id":"839059","reg_year":"2006","make":"Peugeot","model":"206","variant":"","mileage":"66671","engine_size":"1.2","fuel_type":"Petrol","body_type":"Hatchback","colour":"e0e0e0","location":"Kildare","price":"\u20ac 5,250","images":{"base_url":"http:\/\/i0.carsie.ie\/","image_list":[{"thumb":"M2I1NmQwZThkZjEyNGVlYTA5ODlhODAyMmMzZjVhYTX5sML6BAc1UWMWGlsx_ijmODM5MDU5LTY2ODExNjguanBnfHx8fHx8OTJ4Njl8fHx8fA==.jpg","main":"OWI2N2YxMWEwYjc5OGU0YjkwOWUwYjA0MTRlYzY3ZWRK1BfLGbKlWRYMG1imJOkUODM5MDU5LTY2ODExNjguanBnfHx8fHx8fHx8fHw0MDB4MzAw.jpg","large":"OTllZjY4ZDgxMzVjYzhkZjRmNjMwZTlhZWFhOTQ4ZWNsymJqQUu2tmzQGz0OSKASODM5MDU5LTY2ODExNjguanBnfHx8fHx8fHx8fHw2NDB4NDgw.jpg"}]}},{"ad_id":"894031","reg_year":"2006","make":"Peugeot","model":"206","variant":"Coupe Cabriolet","mileage":"73323","engine_size":"1.6","fuel_type":"Petrol","body_type":"Cabriolet \/ Convertible","colour":"000000","location":"Mayo","price":"\u20ac 5,250","images":{"base_url":"http:\/\/i0.carsie.ie\/","image_list":[{"thumb":"ZTI4ZDVhZTFjMWQ4MzQ3ZjI2NGE2ZTMwM2Q4YjQ2OWPxBI1Wn0Mv9yI7TWlsqDarODk0MDMxLTczNzU0MzkuanBnfHx8fHx8OTJ4Njl8fHx8fA==.jpg","main":"OGYyNGE2NmE1ZTFjZTM4NDY0YTA0OGQ5MDY1MGYyMDFX7AK3U3VB2-4RfeDA0bWcODk0MDMxLTczNzU0MzkuanBnfHx8fHx8fHx8fHw0MDB4MzAw.jpg","large":"ZTlkZGM2NWI4NDNiMGViOWRlMDY0YzQ3ZmIxNjYzOWSTuMO6OrZqXWK7u7fn7xI0ODk0MDMxLTczNzU0MzkuanBnfHx8fHx8fHx8fHw2NDB4NDgw.jpg"}]}},{"ad_id":"879816","reg_year":"2005","make":"Peugeot","model":"206","variant":"LX 1.1 ABS 5DR","mileage":"37283","engine_size":"1.1","fuel_type":"Petrol","body_type":"Hatchback","colour":"e0e0e0","location":"Meath","price":"\u20ac 5,250","images":{"base_url":"http:\/\/i0.carsie.ie\/","image_list":[{"thumb":"NjRkNDJhYmU3Y2YxZTllOWE5NWRmZWQ5ZWYyYTdmMGODb1TDUe1EOxhjvXMnqN9DODc5ODE2LTcxMzM4NjkuanBnfHx8fHx8OTJ4Njl8fHx8fA==.jpg","main":"NjJiZGY3ODUxNDI1ZjY0MWFiMmQ4YzU2ZDk2ZmU0MTSgEuK27RznWIVvSXkI-UFQODc5ODE2LTcxMzM4NjkuanBnfHx8fHx8fHx8fHw0MDB4MzAw.jpg","large":"OTQxNTVkMDlkY2EwNTg4OWYwODRjMDgwMzBkZDRhMTN39bbiQk2Y25Nw2_QeJjMrODc5ODE2LTcxMzM4NjkuanBnfHx8fHx8fHx8fHw2NDB4NDgw.jpg"}]}},{"ad_id":"897219","reg_year":"2005","make":"Peugeot","model":"307","variant":"XSD 1.6hdi 110 5DR","mileage":"89355","engine_size":"1.6","fuel_type":"Diesel","body_type":"Hatchback","colour":"ff0000","location":"Cork","price":"\u20ac 5,250","images":{"base_url":"http:\/\/i0.carsie.ie\/","image_list":[{"thumb":"MzU3YTNjM2E4NTRiN2FlODBmYTBjMTJmNzFmYjFkYzmZM92xXSMxzdbXhkfvCAk0ODk3MjE5LTczNTI0MTIuanBnfHx8fHx8OTJ4Njl8fHx8fA==.jpg","main":"MmVmNGZjZjEwZDI0MTZmOWI0YjcwOGExZWJmZDY3NTBRGp6UasIpUwV269TZxsP5ODk3MjE5LTczNTI0MTIuanBnfHx8fHx8fHx8fHw0MDB4MzAw.jpg","large":"YmQxMWQxYWRiNDMzZmE5MzdjZDM0ZWNmNjJkNjY2ZWTiQ9cO5zsO4xk3vO3nyE5aODk3MjE5LTczNTI0MTIuanBnfHx8fHx8fHx8fHw2NDB4NDgw.jpg"}]}},{"ad_id":"871098","reg_year":"2007","make":"Peugeot","model":"307","variant":"SX 1.4 5DR 16V","mileage":"80000","engine_size":"1.4","fuel_type":"Petrol","body_type":"Hatchback","colour":"e0e0e0","location":"Dublin","price":"\u20ac 5,250","images":{"base_url":"http:\/\/i0.carsie.ie\/","image_list":[{"thumb":"YTFmNDliM2Y1ODkwMmVlMTc1MDFmMjgxZGJlNzdiNmYcjEb5Fq0yJrFqKd2zptMSODcxMDk4LTcwMzI3NDguanBnfHx8fHx8OTJ4Njl8fHx8fA==.jpg","main":"ODM5M2RlZGQzMWI0NjMzMTVjMjhmMjRiZmUyMWIxNmSY1rlo9-YSDrZgbdqIQYWpODcxMDk4LTcwMzI3NDguanBnfHx8fHx8fHx8fHw0MDB4MzAw.jpg","large":"MDllZjAzMzA3MjZlOWMyNmU4Zjc2OWU3ZmE3Zjg1MWM9l1D_8GB8VXvrWJDEBQ-QODcxMDk4LTcwMzI3NDguanBnfHx8fHx8fHx8fHw2NDB4NDgw.jpg"}]}},{"ad_id":"902203","reg_year":"2005","make":"Peugeot","model":"607","variant":"SE Ivory 2.2 4DR","mileage":"83887","engine_size":"2.2","fuel_type":"Diesel","body_type":"Saloon","colour":"0000c0","location":"Cork","price":"\u20ac 5,250","images":{"base_url":"http:\/\/i0.carsie.ie\/","image_list":[{"thumb":"NzU3N2U0ZDlmNzAzZjc1YzUxYjc5NWNkNzdkMjM2NTeow_oITJ0fycB_SYRN-flUOTAyMjAzLS5qcGd8fHx8fHw5Mng2OXx8fHx8.jpg","main":"ODdhY2NkMjdmZmUzYjM5ZTg0MzE1MDBlZTViYWZlZGXMPBU2P-UJUZP8lgQiDHPUOTAyMjAzLS5qcGd8fHx8fHx8fHx8fDQwMHgzMDA=.jpg","large":"YjVmNjQzMzk2YjA4MmE4NjlhYTBlM2UyZWJhMGVlM2Kz8EcfKbRXkD28rnTGK5KyOTAyMjAzLS5qcGd8fHx8fHx8fHx8fDY0MHg0ODA=.jpg"}]}},{"ad_id":"901325","reg_year":"2007","make":"Renault","model":"Clio","variant":"3 1.2 16V Monaco","mileage":"108000","engine_size":"1.1","fuel_type":"Petrol","body_type":"Hatchback","colour":"000000","location":"Kildare","price":"\u20ac 5,250","images":{"base_url":"http:\/\/i0.carsie.ie\/","image_list":[{"thumb":"ZjNjYWNhOTU2YTQ1OTg4ZmUxNjI0MzI0NWIzYzEyN2KSdLKbaILlBIF7VBv4zvf9OTAxMzI1LTc0MTg1MDguanBnfHx8fHx8OTJ4Njl8fHx8fA==.jpg","main":"NmJlY2UxOTEwMTdlNjdmZjNkNjRkZmU1MDcwYTM2ZGS0F6TPXJWtdJENzCtGy7EyOTAxMzI1LTc0MTg1MDguanBnfHx8fHx8fHx8fHw0MDB4MzAw.jpg","large":"OWNiMGQxNTAwMGRmN2YwN2I4NDcxZmY1NTFmMTY4NWFRJink8Vu1eNliE9gmi3jhOTAxMzI1LTc0MTg1MDguanBnfHx8fHx8fHx8fHw2NDB4NDgw.jpg"}]}},{"ad_id":"899568","reg_year":"2006","make":"Renault","model":"Clio","variant":"3 1.2 16V Dynamiq","mileage":"68019","engine_size":"1.1","fuel_type":"Petrol","body_type":"Hatchback","colour":"7a0000","location":"Limerick","price":"\u20ac 5,250","images":{"base_url":"http:\/\/i0.carsie.ie\/","image_list":[{"thumb":"YjM4NGMzMjI2NzdjZjExMDY1ZWRmN2I0NjBiMDc3NzJ7dadxdHfax641elYxBOHqODk5NTY4LTc0MTE1MTguanBnfHx8fHx8OTJ4Njl8fHx8fA==.jpg","main":"ZWU2NzhjYWE3NDI3MjFhODM3MWZkZjVmMDNlZmEzMzCsnF9fMXTr8K2jrS7252wvODk5NTY4LTc0MTE1MTguanBnfHx8fHx8fHx8fHw0MDB4MzAw.jpg","large":"MmI4MDMzYjhlMmNjMTE2ZmY1NmM4OTc1ODRjZjY4NDIVAxOjIywcl1DEka5yxpzRODk5NTY4LTc0MTE1MTguanBnfHx8fHx8fHx8fHw2NDB4NDgw.jpg"}]}},{"ad_id":"892672","reg_year":"2007","make":"Renault","model":"Clio","variant":"3 1.2 16V Dynamiq","mileage":"56690","engine_size":"1.1","fuel_type":"Petrol","body_type":"Hatchback","colour":"e0e0e0","location":"Longford","price":"\u20ac 5,250","images":{"base_url":"http:\/\/i0.carsie.ie\/","image_list":[{"thumb":"MzQ5NWM1MTE5NTYyYjExZThiYzYyY2I0OWMyZGRhOTdZfvHssbtKMw-w2AsYbFSkODkyNjcyLTcyNzQ3MTIuanBnfHx8fHx8OTJ4Njl8fHx8fA==.jpg","main":"NzYyNWIwOGQyODJmMjBkMDBmYmE2NTQ5NDVlZjVjZTboZGUOjf3HRxnEp_KTkEaIODkyNjcyLTcyNzQ3MTIuanBnfHx8fHx8fHx8fHw0MDB4MzAw.jpg","large":"YmFlMDU5MGIyNTU4YzdlN2RjNmUxOTVhMTc1YmNmNDOF8TR1OpBAWhpp_cZKEcgOODkyNjcyLTcyNzQ3MTIuanBnfHx8fHx8fHx8fHw2NDB4NDgw.jpg"}]}},{"ad_id":"877415","reg_year":"2004","make":"Renault","model":"Grand Scenic","variant":"Grand Scenic2 1.6v Dynamique 7 Seater","mileage":"68018","engine_size":"1.6","fuel_type":"Petrol","body_type":"Hatchback","colour":"0000c0","location":"Dublin","price":"\u20ac 5,250","images":{"base_url":"http:\/\/i0.carsie.ie\/","image_list":[{"thumb":"ZTkyNGFiN2VkZGVhMzI4NjE3Y2U2ZmY0ZDgxMjkxYmV6DzxqmnRrmiAgpipvJOKjODc3NDE1LTcxMjE1MzUuanBnfHx8fHx8OTJ4Njl8fHx8fA==.jpg","main":"YzhmMmVjODY4OGQ0ODMzZGFjZDhlMTZlOGVhMWUzOWbvFGjLJfzevpyVrt72PpkvODc3NDE1LTcxMjE1MzUuanBnfHx8fHx8fHx8fHw0MDB4MzAw.jpg","large":"NWU4ZjA0ZDMwMDQxNDAzY2QzZGQ5MjlkYzMxZjc0YjabU1KVGhcLSaPBCplOREshODc3NDE1LTcxMjE1MzUuanBnfHx8fHx8fHx8fHw2NDB4NDgw.jpg"}]}},{"ad_id":"881311","reg_year":"2006","make":"Renault","model":"Grand Scenic","variant":"1.6 Dynamique 7 Seater","mileage":"70000","engine_size":"1.6","fuel_type":"Petrol","body_type":"Other","colour":"7a0000","location":"Dublin","price":"\u20ac 5,250","images":{"base_url":"http:\/\/i0.carsie.ie\/","image_list":[{"thumb":"NzU0Yjk1ZTY3NGI2MDdjYzk5YmIzYjA0ZjM1NjUxYWJNxx_ELrEbPOyHmI_3z6RYODgxMzExLTcxNTAwNjYuanBnfHx8fHx8OTJ4Njl8fHx8fA==.jpg","main":"MmFlMmM4YTE5MWUxMTA5NTQ5MjA0ZTUwYzJmMmU4NTZhKw_ZJcM2ZCmjfPA4hRNNODgxMzExLTcxNTAwNjYuanBnfHx8fHx8fHx8fHw0MDB4MzAw.jpg","large":"ZmQ5OWExZGYzMTM4OWY5MDMwYTc3OGY5NTNkMTAwZDLt7rWOJob1kKZnB5OsrhZaODgxMzExLTcxNTAwNjYuanBnfHx8fHx8fHx8fHw2NDB4NDgw.jpg"}]}},{"ad_id":"884784","reg_year":"2004","make":"Renault","model":"Megane","variant":"CABRIOLET DYNAMIQUE 16V \/ 36, 000 Miles \/ Pristine Car \/ Full Spec \/ Electric Roof \/ Fully Serviced & Warranted. www. N3autolink. ie\r\n","mileage":"36000","engine_size":"1.6","fuel_type":"Petrol","body_type":"Cabriolet \/ Convertible","colour":"e0e0e0","location":"Dublin","price":"\u20ac 5,250","images":{"base_url":"http:\/\/i0.carsie.ie\/","image_list":[{"thumb":"Njg5MmQyYWE1NmMxMzlmNzgxMDgxMmNmNDgxZWQ0NDU5VPkBIoZq00OpaGoeEtPHODg0Nzg0LTcxOTkyNjcuanBnfHx8fHx8OTJ4Njl8fHx8fA==.jpg","main":"MGMzNGFjNmE1NjM4YzllNDEwMGJkYWEwODQ2MzI2ZjdDcS2Fq1gUUmsGCaYEBIInODg0Nzg0LTcxOTkyNjcuanBnfHx8fHx8fHx8fHw0MDB4MzAw.jpg","large":"YTljMjRmZTViOWZiZmQyNzM4NTJkNmNiMzE2MjhmMzXMQgd-8nR98qpKYD3ULgRLODg0Nzg0LTcxOTkyNjcuanBnfHx8fHx8fHx8fHw2NDB4NDgw.jpg"}]}}]}