{"total":"23408","result":[{"ad_id":"824015","reg_year":"2006","make":"Ford","model":"Mondeo","variant":"LX Steel 1.8I 4DR","mileage":"102529","engine_size":"1.8","fuel_type":"Petrol","body_type":"Saloon","colour":"000000","location":"Tipperary","price":"\u20ac 4,250","images":{"base_url":"http:\/\/i0.carsie.ie\/","image_list":[{"thumb":"YTgzZDNjYmExMzMwMmM5NTMwM2E4N2IxOGZiZjdhNDcVby3XvsRKYt257ADQx5-jODI0MDE1LTY1MDA3NTEuanBnfHx8fHx8OTJ4Njl8fHx8fA==.jpg","main":"MzRhYzVmZDk0OTdlZmZlODNjM2YzM2RiNGJkNDg1MDAtX6NIQdtfjxhXKmqpywULODI0MDE1LTY1MDA3NTEuanBnfHx8fHx8fHx8fHw0MDB4MzAw.jpg","large":"OGQ4NjJhNTMwMjZlYTE0MmIwOWY3NjNkMTk2MGFmZjhlSHhuKbyiqgP-Tq0UHna6ODI0MDE1LTY1MDA3NTEuanBnfHx8fHx8fHx8fHw2NDB4NDgw.jpg"}]}},{"ad_id":"855602","reg_year":"2004","make":"Ford","model":"Transit","variant":"350 LWB Bonus H\/R","mileage":"90000","engine_size":"2.4","fuel_type":"Diesel","body_type":"Hatchback","colour":"ffffff","location":"Kildare","price":"\u20ac 4,250","images":{"base_url":"http:\/\/i0.carsie.ie\/","image_list":[{"thumb":"MTBkZTFhZDc4NGI1YmU1NjcyOTY3YzI2MDllNzgxY2bwdjp-IspzS7nDyloceC97ODU1NjAyLTY4Njk3MzQuanBnfHx8fHx8OTJ4Njl8fHx8fA==.jpg","main":"OTY5Njk0MDA1NmQ2OWE5M2ZjYTJmYTFhMjc0YmEyZWUmXDc2a7m9kMTwQyR-efTvODU1NjAyLTY4Njk3MzQuanBnfHx8fHx8fHx8fHw0MDB4MzAw.jpg","large":"NTI0YjAzMmUzOGM3Yzk5ZGY0MWI3ZGFmNzUwMmQzNDV2jn9Ry5hnBDLfyf9U4yE6ODU1NjAyLTY4Njk3MzQuanBnfHx8fHx8fHx8fHw2NDB4NDgw.jpg"}]}},{"ad_id":"895532","reg_year":"2006","make":"Ford","model":"Transit","variant":"","mileage":"200000","engine_size":"2.4","fuel_type":"Diesel","body_type":"Van","colour":"ffffff","location":"Meath","price":"\u20ac 4,250","images":{"base_url":"http:\/\/i0.carsie.ie\/","image_list":[{"thumb":"MThmOTBhMWM3ZTNmZGUxMTczNjEyYjgwMWNkNjM2NTOr4A13EpjyIrxIs0xztrJdODk1NTMyLTczNzExOTEuanBnfHx8fHx8OTJ4Njl8fHx8fA==.jpg","main":"MjIzZDE2ZjI4YmM0MDY0NTIyNWMwMmQyNWJjZGIzM2V530LqYfVI162qYGjIn29LODk1NTMyLTczNzExOTEuanBnfHx8fHx8fHx8fHw0MDB4MzAw.jpg","large":"NGM5MjZmNDA2YzY0MGNlMGE1ZGRmYzEyNDQzNjA2YzLGGbAUof2awj4quaFo4otxODk1NTMyLTczNzExOTEuanBnfHx8fHx8fHx8fHw2NDB4NDgw.jpg"}]}},{"ad_id":"881758","reg_year":"2007","make":"Ford","model":"Transit Connect","variant":"Transit T230 TDCI Connect 05DR","mileage":"139408","engine_size":"1.8","fuel_type":"Diesel","body_type":"Van","colour":"ffffff","location":"Dublin","price":"\u20ac 4,250","images":{"base_url":"http:\/\/i0.carsie.ie\/","image_list":[{"thumb":"ZDY2MTY5MjYxZGM2NjcwODliN2E3MzZiZjU4YWJhMDKSxKwDhQ0hB4ukgYeFHoYQODgxNzU4LTcxNTczMDkuanBnfHx8fHx8OTJ4Njl8fHx8fA==.jpg","main":"NGUxMDhiNGFlNWQzZjY0ODhlNTY5YmEzZDVjMTFkYWa0AWm0sM4Azk4LluPvGe2mODgxNzU4LTcxNTczMDkuanBnfHx8fHx8fHx8fHw0MDB4MzAw.jpg","large":"ZmMzZGQyZjg5MTBhYThiMzYxZmQzNjZkNDE2MmVmNjnScpfFhhtpyhfCu2d4bRG9ODgxNzU4LTcxNTczMDkuanBnfHx8fHx8fHx8fHw2NDB4NDgw.jpg"}]}},{"ad_id":"881379","reg_year":"2003","make":"Honda","model":"CR-V","variant":"2.0 Ivtec SE 05DR A","mileage":"103000","engine_size":"2.0","fuel_type":"Petrol","body_type":"Estate","colour":"0000c0","location":"Cork","price":"\u20ac 4,250","images":{"base_url":"http:\/\/i0.carsie.ie\/","image_list":[{"thumb":"NDU1NDYzMDAwNGU3ZTBhZDc1NmU4YmNmYzhlOTAzOGRCZuuA76hv7PDCKuM1XlrRODgxMzc5LTcxNTI4MzUuanBnfHx8fHx8OTJ4Njl8fHx8fA==.jpg","main":"NmZhMzFkOGM1OTdlYjU3YTA3OWQ4ZGY4MGM1OTBiYTlVRfStlyPMR8CIxrc5Q2SAODgxMzc5LTcxNTI4MzUuanBnfHx8fHx8fHx8fHw0MDB4MzAw.jpg","large":"NmFhZjE2ZGQzY2YyZGEzNDNlOTNkMzNmZWJjMDhjZjL4JEoFis4Cm8Q9MIdKNVnAODgxMzc5LTcxNTI4MzUuanBnfHx8fHx8fHx8fHw2NDB4NDgw.jpg"}]}},{"ad_id":"739851","reg_year":"2005","make":"Hyundai","model":"Accent","variant":null,"mileage":"100003","engine_size":"1.3","fuel_type":"Petrol","body_type":"Saloon","colour":"e0e0e0","location":"Limerick","price":"\u20ac 4,250","images":{"base_url":"http:\/\/i0.carsie.ie\/","image_list":[{"thumb":"OGVlYjU2YjEwMGFhYTA2MGIyYzFmMjA0NzU1NGEzOTL68Yp2sj6W48w5oC3U1o72NzM5ODUxLTU0NDg0OTQuanBnfHx8fHx8OTJ4Njl8fHx8fA==.jpg","main":"OWQ0ZGRhNDE0ZGViN2RkYmY1MWQ0ZmVkM2NmMjVhZGa4lwLlig96cJ8XkUGybvktNzM5ODUxLTU0NDg0OTQuanBnfHx8fHx8fHx8fHw0MDB4MzAw.jpg","large":"YjVmYzY3YzU3ZTJhMTMxYjU4OGM5ZmU2MzRlZThiN2LrY7khKq6SXPj6m1mOb4eqNzM5ODUxLTU0NDg0OTQuanBnfHx8fHx8fHx8fHw2NDB4NDgw.jpg"}]}},{"ad_id":"772335","reg_year":"2005","make":"Hyundai","model":"Accent","variant":"GL 4DR","mileage":"59562","engine_size":"1.3","fuel_type":"Petrol","body_type":"Saloon","colour":"0000c0","location":"Roscommon","price":"\u20ac 4,250","images":{"base_url":"http:\/\/i0.carsie.ie\/","image_list":[{"thumb":"ZWQyMTFhNmJjZmRkMGI0OGZmZGI3MWRkM2MzNmNkYWMwbNxrtJ75z6EnkfWpa0pWNzcyMzM1LTU4NjU3MDAuanBnfHx8fHx8OTJ4Njl8fHx8fA==.jpg","main":"ZjA5MTBjODEwYzE5MDA5NmFjOWVlNGI4MmJlYmU5ODlSzEn_egnfPcI2gzIMpw5wNzcyMzM1LTU4NjU3MDAuanBnfHx8fHx8fHx8fHw0MDB4MzAw.jpg","large":"ZWNmZTIzOWFiMDg1ZmJlYWQwZGEzMTcwMTA1YjI2NmGjdq-FxxhCJDhUzfcq33QqNzcyMzM1LTU4NjU3MDAuanBnfHx8fHx8fHx8fHw2NDB4NDgw.jpg"}]}},{"ad_id":"898324","reg_year":"2007","make":"Hyundai","model":"Accent","variant":"1.4 GLS 4DR","mileage":"129870","engine_size":"1.4","fuel_type":"Petrol","body_type":"Saloon","colour":"0000c0","location":"Wicklow","price":"\u20ac 4,250","images":{"base_url":"http:\/\/i0.carsie.ie\/","image_list":[{"thumb":"MmNkMmY4YTk5NWIwNmJjNWIyMjc0ZTJmM2JmNmEzYzU_9xDvE2DxHjyLVnOoHy7bODk4MzI0LTczNjQzMDYuanBnfHx8fHx8OTJ4Njl8fHx8fA==.jpg","main":"NTYxZGNmOGE2OWM5OGU4NGQ2YmM0ZGYzNDFlZjdjY2EMt35CBwZjF3G_LGlQNnyWODk4MzI0LTczNjQzMDYuanBnfHx8fHx8fHx8fHw0MDB4MzAw.jpg","large":"OGM5ZjU5MzNiNTU0MGZiMTM5YmU0NGViODYwNmZjNzPjZSAlB_1z5IxN9ie3d9oJODk4MzI0LTczNjQzMDYuanBnfHx8fHx8fHx8fHw2NDB4NDgw.jpg"}]}},{"ad_id":"856959","reg_year":"2005","make":"Hyundai","model":"Getz","variant":"1.1 5DR CDX","mileage":"38636","engine_size":"1.1","fuel_type":"Petrol","body_type":"Hatchback","colour":"0000c0","location":"Limerick","price":"\u20ac 4,250","images":{"base_url":"http:\/\/i0.carsie.ie\/","image_list":[{"thumb":"ZmVmYjM5Y2E3NTg4NjM3ZmU3OGRjZjZlYWUxZjlkNTaxeD9aidrMHjvGh3GIF9h6ODU2OTU5LTY4NzE4MDAuanBnfHx8fHx8OTJ4Njl8fHx8fA==.jpg","main":"YjdkYjBhMzUwZmRmNTFhZTZhZTQ0YmY5ZGFiODIyZGJeHJAPAl4_CcAM8vkuJR3yODU2OTU5LTY4NzE4MDAuanBnfHx8fHx8fHx8fHw0MDB4MzAw.jpg","large":"ZWQ5OTZmYjY3NTM1MjFlNjZjMmIzMGQ2MWVhYTZkYzPUqOmzkoUVSyC2HlELBZSKODU2OTU5LTY4NzE4MDAuanBnfHx8fHx8fHx8fHw2NDB4NDgw.jpg"}]}},{"ad_id":"826033","reg_year":"2004","make":"Hyundai","model":"Santa Fe","variant":"Commercial ","mileage":"126000","engine_size":"2.0","fuel_type":"Diesel","body_type":null,"colour":"000000","location":"Kerry","price":"\u20ac 4,250","images":{"base_url":"http:\/\/i0.carsie.ie\/","image_list":[{"thumb":"OWJiYjA4MzQxZGJiZDlhMWJkZWViMGQwNWRkNzVlNzTV7OoMksCEcw6S2wNkK1NYODI2MDMzLTY1MjU4NjMuanBnfHx8fHx8OTJ4Njl8fHx8fA==.jpg","main":"OWJmODRkNDM4NTQwYWU2MmVhNWRjNzhhYjI3ZjZhM2EUv5Ek4e3J5IwOPMtbEsZFODI2MDMzLTY1MjU4NjMuanBnfHx8fHx8fHx8fHw0MDB4MzAw.jpg","large":"NzUzMDhhMTk4ODg1ZDk4MzExOWIxMzBkZGI4NzlmMzJBcFgFqyUoEKGHKM_wCpa1ODI2MDMzLTY1MjU4NjMuanBnfHx8fHx8fHx8fHw2NDB4NDgw.jpg"}]}},{"ad_id":"897103","reg_year":"2005","make":"Hyundai","model":"Santa Fe","variant":"4x4 Passenger 2.0 Crdi","mileage":"128000","engine_size":"2.0","fuel_type":"Diesel","body_type":"SUV","colour":"000000","location":"Kerry","price":"\u20ac 4,250","images":{"base_url":"http:\/\/i0.carsie.ie\/","image_list":[{"thumb":"ZDZmNjFkNmMzZTM5Njk1Y2JkNDk0MzQxMjFmYWM3ZGU91LfhK1aZ6a495agJS7MNODk3MTAzLTczNTA3ODMuanBnfHx8fHx8OTJ4Njl8fHx8fA==.jpg","main":"NjZhYTg3YWRmNjgyZTUwNTQwNDIwODJjNDkzZTQ4NmGcIuGuHdkQ5w-QZhoIorEdODk3MTAzLTczNTA3ODMuanBnfHx8fHx8fHx8fHw0MDB4MzAw.jpg","large":"ZDI4ODRkNmMzZjUzMjBjZGVkNTc5YTk5NWQwMDMwMjnkBEPPK-hqCHGz2nkP23usODk3MTAzLTczNTA3ODMuanBnfHx8fHx8fHx8fHw2NDB4NDgw.jpg"}]}},{"ad_id":"784255","reg_year":"2003","make":"Hyundai","model":"Santa Fe","variant":"4WD Mint!","mileage":"220000","engine_size":"2.0","fuel_type":"Diesel","body_type":"Estate","colour":"0000c0","location":"Wexford","price":"\u20ac 4,250","images":{"base_url":"http:\/\/i0.carsie.ie\/","image_list":[{"thumb":"ZWM3YTc3ZTg0MTgxYmRjOGM0ZjdhMTM2NjczN2Q0NzhmMXVGB3PNx7epHaPLITtaNzg0MjU1LTYwMTExNjcuanBnfHx8fHx8OTJ4Njl8fHx8fA==.jpg","main":"YzAxODRlYzMxNjg4N2E2YmNmYWI4NWI4ODQ4YWMzZWTXzKOmCq8Vtdlml5H_uLP_Nzg0MjU1LTYwMTExNjcuanBnfHx8fHx8fHx8fHw0MDB4MzAw.jpg","large":"OWQyM2Y5NWY0NGY5ZTMyODg3NWQzOTllMDYxNGEzZGJ6s2e7CgnXzy8GYUQpc0qrNzg0MjU1LTYwMTExNjcuanBnfHx8fHx8fHx8fHw2NDB4NDgw.jpg"}]}},{"ad_id":"878594","reg_year":"2004","make":"Hyundai","model":"Trajet","variant":"A\/C 5DR","mileage":"91611","engine_size":"2.0","fuel_type":"Petrol","body_type":"People Carrier","colour":"000000","location":"Dublin","price":"\u20ac 4,250","images":{"base_url":"http:\/\/i0.carsie.ie\/","image_list":[{"thumb":"MDhjYjVmOTczMTdhMmEwZjkwZDU0MWQ3OGNmYmY3MDhx17NQePlReOWKTB0-5EXgODc4NTk0LTcxMjA0MzYuanBnfHx8fHx8OTJ4Njl8fHx8fA==.jpg","main":"YjYwNjg4NWY1ZWZhZTRkNGZiZjUzNDc4YmZiMTQ0NzAj0uX7naCX0joOiqj22J6KODc4NTk0LTcxMjA0MzYuanBnfHx8fHx8fHx8fHw0MDB4MzAw.jpg","large":"ZDgxNGZiZGU2OWJjNTU1NjQzZTkxZDJkZjUwYzZiMzPKiT12AWVVOPfk-7ZbKazcODc4NTk0LTcxMjA0MzYuanBnfHx8fHx8fHx8fHw2NDB4NDgw.jpg"}]}},{"ad_id":"691507","reg_year":"1970","make":"Jaguar","model":"Mk 10","variant":"420 G","mileage":"40500","engine_size":"4.5","fuel_type":"Petrol","body_type":"Saloon","colour":"008000","location":"Meath","price":"\u20ac 4,250","images":{"base_url":"http:\/\/i0.carsie.ie\/","image_list":[{"thumb":"MjRmNjM3ZDhmNmM3ZDVjZmQ4YjIzYjRkZTM4MTM4ZTV9cBU3Db4ERujU7D1ZXvHKNjkxNTA3LTQ4MTkyNjguanBnfHx8fHx8OTJ4Njl8fHx8fA==.jpg","main":"NDVjNDQzNGFkMGY1NDczZWIzZjJkNGM0YjZkNzQxZjnoj2otpMmSZ5vCxzdiRFKcNjkxNTA3LTQ4MTkyNjguanBnfHx8fHx8fHx8fHw0MDB4MzAw.jpg","large":"NGU5OWE3NmQ2NTNjYjU1OGJhM2EwYjJjMjNhY2NiZGODiR2U2hzY8kV-qnoFOSDoNjkxNTA3LTQ4MTkyNjguanBnfHx8fHx8fHx8fHw2NDB4NDgw.jpg"}]}},{"ad_id":"870409","reg_year":"2004","make":"Land Rover","model":"Freelander","variant":"1.8 HSE","mileage":"73088","engine_size":"1.8","fuel_type":"Petrol","body_type":"Estate","colour":"000000","location":"Clare","price":"\u20ac 4,250","images":{"base_url":"http:\/\/i0.carsie.ie\/","image_list":[{"thumb":"M2QwZjRkMGM5NjZkMmYzZjBjMTY4M2FiN2QwZDA5OWRDfUay1qAsreEBcVFka_ohODcwNDA5LTcwMjQ4NjMuanBnfHx8fHx8OTJ4Njl8fHx8fA==.jpg","main":"ZjJiMDYzZDRkMDYyNDUzZjM4ZWUyMGYxZTY0Yzk3YWUabwnvENSdvf8q3UW_mmNXODcwNDA5LTcwMjQ4NjMuanBnfHx8fHx8fHx8fHw0MDB4MzAw.jpg","large":"OTE3MGUwZjhjNjJmNjMzOWIzMWUzZjcyMmFiODBjMzk8LTstw8ocF4446AYOnJ9QODcwNDA5LTcwMjQ4NjMuanBnfHx8fHx8fHx8fHw2NDB4NDgw.jpg"}]}},{"ad_id":"901228","reg_year":"2003","make":"Land Rover","model":"Freelander","variant":"2.0 GS","mileage":"102000","engine_size":"2.0","fuel_type":"Diesel","body_type":"Estate","colour":"008000","location":"Galway","price":"\u20ac 4,250","images":{"base_url":"http:\/\/i0.carsie.ie\/","image_list":[{"thumb":"Nzc3MGIxMzkxYjI3ODFkMmM5OThiN2JlMDNmNTJjMjLbGqjVWA3IaERTZ7oQ_HlhOTAxMjI4LTc0MTc1NTUuanBnfHx8fHx8OTJ4Njl8fHx8fA==.jpg","main":"YTQ3Yzg4ODJiYjI3ODk1MmM4MjM5MjIyNGJmODk4MDBClhYaQ0IBBFtziMfc475iOTAxMjI4LTc0MTc1NTUuanBnfHx8fHx8fHx8fHw0MDB4MzAw.jpg","large":"MzVmMDVlYzc5Y2YyODg2MjAxOTQ3MTgyZDYzYTBiNGYlLv6gXeB7OHCTaJmXwDyyOTAxMjI4LTc0MTc1NTUuanBnfHx8fHx8fHx8fHw2NDB4NDgw.jpg"}]}},{"ad_id":"899029","reg_year":"2004","make":"Mazda","model":"Mazda3","variant":"1.4 Touring 5DR","mileage":"62000","engine_size":"1.3","fuel_type":"Petrol","body_type":"Hatchback","colour":"e0e0e0","location":"Dublin","price":"\u20ac 4,250","images":{"base_url":"http:\/\/i0.carsie.ie\/","image_list":[{"thumb":"NWFiN2NkOTc5ZjM1YWRkNjgxMGVjMjQ0ZTY0MDRiM2WsikUTbK7w8Hv6W0MxTOc9ODk5MDI5LTczNzI4NDUuanBnfHx8fHx8OTJ4Njl8fHx8fA==.jpg","main":"YTFmYWEwNjcwOWEyZTUyNmZmMjU3MTViOGVmMjQ0NGP-NPYQ6elRGbYAE-6k5MNwODk5MDI5LTczNzI4NDUuanBnfHx8fHx8fHx8fHw0MDB4MzAw.jpg","large":"ZjEzNTJkNzk1YzhjOGJkM2JmODc4OTlkODAzNmQyM2FJQn-bD3v1y5DOVAR-6itcODk5MDI5LTczNzI4NDUuanBnfHx8fHx8fHx8fHw2NDB4NDgw.jpg"}]}},{"ad_id":"901389","reg_year":"2005","make":"Mazda","model":"Mazda3","variant":null,"mileage":"71458","engine_size":"1.6","fuel_type":"Petrol","body_type":null,"colour":"858585","location":"Dublin","price":"\u20ac 4,250","images":{"base_url":"http:\/\/i0.carsie.ie\/","image_list":[{"thumb":"YjVjNWMzNDQyNWJlZTgzMmQzOWRjODJiM2FlODdjNTXGZGcEkLAAwnu8rRfckhaNOTAxMzg5LTc0MjA2ODcuanBnfHx8fHx8OTJ4Njl8fHx8fA==.jpg","main":"YzU0OTEyZWViNTlkZjcyYjJiN2UxYWU3YTFmOGQxYzJOQulVkNvRgZ8Aag7BRlmuOTAxMzg5LTc0MjA2ODcuanBnfHx8fHx8fHx8fHw0MDB4MzAw.jpg","large":"ZGNhYWRlZTQ5NDIzOTU4MDBhYjNiMmM1YmQ5NmY0NzALyiD_WhXMMzFjb5l8WXIeOTAxMzg5LTc0MjA2ODcuanBnfHx8fHx8fHx8fHw2NDB4NDgw.jpg"}]}},{"ad_id":"825953","reg_year":"2004","make":"Mercedes-Benz","model":"A Class","variant":"A170 CDI Avantgarde 05DR","mileage":"88270","engine_size":"1.7","fuel_type":"Diesel","body_type":"Hatchback","colour":"0000c0","location":"Cork","price":"\u20ac 4,250","images":{"base_url":"http:\/\/i0.carsie.ie\/","image_list":[{"thumb":"YTJmMWMzN2FhNGE3M2NlMzM3NjRmMDFlNTRiNjkzNjT5yOgnfg1L2hufSx1hXsf9ODI1OTUzLTY1MjM4NjAuanBnfHx8fHx8OTJ4Njl8fHx8fA==.jpg","main":"MWU1Y2M5ZmFkMTE4M2M3ZThmNWJhZDhkYWZiMzgzOTfe2hq9O9GoIIAFXP79_ePeODI1OTUzLTY1MjM4NjAuanBnfHx8fHx8fHx8fHw0MDB4MzAw.jpg","large":"MzgxYWIzMjBlZDU5YmZhOWU4MTlkZjk3ZmYzMDIzYzXfJw43iAhg0SAk5YO343JKODI1OTUzLTY1MjM4NjAuanBnfHx8fHx8fHx8fHw2NDB4NDgw.jpg"}]}},{"ad_id":"901221","reg_year":"2004","make":"Mercedes-Benz","model":"C 180","variant":"Kompressor","mileage":"90000","engine_size":"1.8","fuel_type":"Petrol","body_type":"Saloon","colour":"e0e0e0","location":"Cavan","price":"\u20ac 4,250","images":{"base_url":"http:\/\/i0.carsie.ie\/","image_list":[{"thumb":"ZTdiMGMwMDljZTQzNGVkZTc4YWFkMzk5MTEzYmNlZWaiUjfXvpBYh5L1zvI6YSP1OTAxMjIxLTc0MTc0NTUuanBnfHx8fHx8OTJ4Njl8fHx8fA==.jpg","main":"MGU1MTEzNWVhZTdkNWYzZTAwMWNmNGExZjZlNDgwOGP-WR9n9N48iC_VGM3tKanTOTAxMjIxLTc0MTc0NTUuanBnfHx8fHx8fHx8fHw0MDB4MzAw.jpg","large":"MjVkMWRiNWRjMDYwYzI5OGM1NGFhNjJiODExY2FkMjG3r06NFOZLmNR4LRcARCQaOTAxMjIxLTc0MTc0NTUuanBnfHx8fHx8fHx8fHw2NDB4NDgw.jpg"}]}}]}