{"total":"23408","result":[{"ad_id":"899652","reg_year":"2006","make":"Audi","model":"A3","variant":"Ambition 5-Door at Denis Mahony (M50)","mileage":"51000","engine_size":"1.6","fuel_type":"Petrol","body_type":"Hatchback","colour":"e0e0e0","location":"Dublin","price":"\u20ac 9,450","images":{"base_url":"http:\/\/i0.carsie.ie\/","image_list":[{"thumb":"Yzk3ZjhmZTBlNjk2NjVlMDcyOGFhYzdkOWExZDJmNTM6sIVT0ahCOrEnp_CL_B3XODk5NjUyLTc0MDUzNjcuanBnfHx8fHx8OTJ4Njl8fHx8fA==.jpg","main":"OGQxYTQxNjhkZGY1ZDI2NmM2NmI0ODkwOGY5MjJiODjggY4QA8xMVnXMSquk0jo9ODk5NjUyLTc0MDUzNjcuanBnfHx8fHx8fHx8fHw0MDB4MzAw.jpg","large":"NGI5OTlmNThjMzg3ZjNiMTk2MGFkMWE0ZmU3MzgwZWbno-WO-L78NluWnn19t_L0ODk5NjUyLTc0MDUzNjcuanBnfHx8fHx8fHx8fHw2NDB4NDgw.jpg"}]}},{"ad_id":"846639","reg_year":"2005","make":"Audi","model":"Allroad","variant":"2.5 TDI Quattro 180BHP 05DR A","mileage":"130000","engine_size":"2.5","fuel_type":"Diesel","body_type":"Estate","colour":"e0e0e0","location":"Dublin","price":"\u20ac 9,450","images":{"base_url":"http:\/\/i0.carsie.ie\/","image_list":[{"thumb":"OGFlMTY3ZWFlZmI0ZTQ2Mzc5NGZmZWJjOWVjNTdjYWPhxW7bS_Y8r9j_5Uyie6jBODQ2NjM5LTY3NjIyNzkuanBnfHx8fHx8OTJ4Njl8fHx8fA==.jpg","main":"MGIzMDEzZTQ3MjUyMGJmZGE2OGVmOWZjZWRiNzY3YWNZUl5Weifytmp6gKgPAr5tODQ2NjM5LTY3NjIyNzkuanBnfHx8fHx8fHx8fHw0MDB4MzAw.jpg","large":"ZDUwNGU4NDVlYWI0N2UyZGM2YTQ5YWFiYWM4YTNlYTT11-1yaRDGpoGCjhwaSw3DODQ2NjM5LTY3NjIyNzkuanBnfHx8fHx8fHx8fHw2NDB4NDgw.jpg"}]}},{"ad_id":"899182","reg_year":"2004","make":"BMW","model":"318","variant":"318 2.0 Ci Sport 2dr","mileage":"48000","engine_size":"2.0","fuel_type":"Petrol","body_type":"Cabriolet \/ Convertible","colour":"000000","location":"Dublin","price":"\u20ac 9,450","images":{"base_url":"http:\/\/i0.carsie.ie\/","image_list":[{"thumb":"YmYyNGRjZTIxZjQ2NGUwNTRjN2MyZWJiZWZkYjAwZDW2nWhnOwTWjbNPR1LG8NQrODk5MTgyLTc0MDQ3NjcuanBnfHx8fHx8OTJ4Njl8fHx8fA==.jpg","main":"ZjFjYzdhYjhiNWE3ZDQ3Y2JjYWQ5YjM0YTNjNzM0YzBuwruvHfrixeoBird4wnvOODk5MTgyLTc0MDQ3NjcuanBnfHx8fHx8fHx8fHw0MDB4MzAw.jpg","large":"N2JkN2E3YWNiMzU3MDBiNWEyYjAwMGQ0ZDA1ODgyZTDvZhXMaoC0xZDb2G9KDyNnODk5MTgyLTc0MDQ3NjcuanBnfHx8fHx8fHx8fHw2NDB4NDgw.jpg"}]}},{"ad_id":"897819","reg_year":"2006","make":"BMW","model":"5 Series","variant":"520 D E60 SE 04DR","mileage":"118000","engine_size":"2.0","fuel_type":"Diesel","body_type":"Saloon","colour":"0000c0","location":"Kildare","price":"\u20ac 9,450","images":{"base_url":"http:\/\/i0.carsie.ie\/","image_list":[{"thumb":"ZTc4MGUzYWFjZDkyMzkxZDIxODA4MjE1MjA4Njk2MGQ3lByz7Q0M0WXa-mrco1PhODk3ODE5LTczNTgzOTMuanBnfHx8fHx8OTJ4Njl8fHx8fA==.jpg","main":"MjFhNTE5YmE0YjgxMGQ3Y2ZkMDI2MzAwYmRjY2QxYTY_HMYky5B1KP9-8ZWUeTbNODk3ODE5LTczNTgzOTMuanBnfHx8fHx8fHx8fHw0MDB4MzAw.jpg","large":"ZWQ3NjcxMGFkNGRkMjk0OGRmOGVhMDU5NDZkMDFiZWJY4c7InJv6aGObyvU4fys_ODk3ODE5LTczNTgzOTMuanBnfHx8fHx8fHx8fHw2NDB4NDgw.jpg"}]}},{"ad_id":"895656","reg_year":"2008","make":"Citroen","model":"C4 Grand Picasso","variant":null,"mileage":"47162","engine_size":"1.8","fuel_type":"Petrol","body_type":null,"colour":"0000c0","location":"Kilkenny","price":"\u20ac 9,450","images":{"base_url":"http:\/\/i0.carsie.ie\/","image_list":[{"thumb":"MmJmMzAxNGM1ZmE0Yzg4YTJjYTRjYmI5MTgxMjNlMWSda3xn9qPGWsEUmMu95g8CODk1NjU2LS5qcGd8fHx8fHw5Mng2OXx8fHx8.jpg","main":"Yzk2YzJmODI4NDhiZGZkMzY3NTM3MWRkZmYzODlkOTM9A3p7X1KH1Gwkk9bATsP2ODk1NjU2LS5qcGd8fHx8fHx8fHx8fDQwMHgzMDA=.jpg","large":"OGQ0OTRkYWUzNzhiNDE0ODQxYzJkNjRmMzVhYmYwZmQBXcHyDLfi3hWd2XrYMYfoODk1NjU2LS5qcGd8fHx8fHx8fHx8fDY0MHg0ODA=.jpg"}]}},{"ad_id":"854672","reg_year":"2009","make":"Citroen","model":"Dispatch","variant":"1000 L1H1 SWB HDI 90--GREAT VALUE--","mileage":"85726","engine_size":"1.6","fuel_type":"Diesel","body_type":"Van","colour":"000000","location":"Dublin","price":"\u20ac 9,450","images":{"base_url":"http:\/\/i0.carsie.ie\/","image_list":[{"thumb":"NzYyMmI2ODZiZDQ2MTQzZTg0NWM2OTMwNjI3OWQ0NDe49lka5ttt9KYhNLhlX1isODU0NjcyLTY5NzA5MzAuanBnfHx8fHx8OTJ4Njl8fHx8fA==.jpg","main":"MDk2NTY4MDA3NTI3MDQ0NDU0M2JhY2IxM2U4MmE0NmT266MlpsaTXqsnIxfrdJArODU0NjcyLTY5NzA5MzAuanBnfHx8fHx8fHx8fHw0MDB4MzAw.jpg","large":"YTZiZGNjNjBmY2MzN2E3ZGRhNDJhMTdjZTI4ZTc3ZTMBw4HokD858J6imRRhXHhjODU0NjcyLTY5NzA5MzAuanBnfHx8fHx8fHx8fHw2NDB4NDgw.jpg"}]}},{"ad_id":"900753","reg_year":"2009","make":"Fiat","model":"500","variant":"1.2 POP","mileage":"37282","engine_size":"1.2","fuel_type":"Petrol","body_type":null,"colour":"ffffff","location":"Sligo","price":"\u20ac 9,450","images":{"base_url":"http:\/\/i0.carsie.ie\/","image_list":[{"thumb":"M2QxMDU1ZjY3OWQ5ZWM4YjQ2ZTkwYzY2Yjk0OGU3YWX-Prl7dwqQvrEzP9i-wkf6OTAwNzUzLTc0MTMzNTAuanBnfHx8fHx8OTJ4Njl8fHx8fA==.jpg","main":"ZGRiMjg2NmNiYWNiNzllYjJjMTZiYTdkZTFiMDdkNTKhOj_DkVf__HfsZ4KL6IL_OTAwNzUzLTc0MTMzNTAuanBnfHx8fHx8fHx8fHw0MDB4MzAw.jpg","large":"MDc3YzBmZmRmMmEyYzJhNzQ5YTlmMzgzMDlkM2FhYmRfGZBMQaBCO_PD-fWM__xaOTAwNzUzLTc0MTMzNTAuanBnfHx8fHx8fHx8fHw2NDB4NDgw.jpg"}]}},{"ad_id":"882531","reg_year":"2007","make":"Ford","model":"C-Max","variant":"1.6TD 12 MONTHS WARRANTY","mileage":"81312","engine_size":"1.6","fuel_type":"Diesel","body_type":"Hatchback","colour":"000000","location":"Dublin","price":"\u20ac 9,450","images":{"base_url":"http:\/\/i0.carsie.ie\/","image_list":[{"thumb":"MzUxYzFjNzRkYTY3Yzk4MjBkZDQ4MzJmNjg2YTcyMzLjEZ9zGhSRkCdCLG3HNj1RODgyNTMxLTcxNjI5MzUuanBnfHx8fHx8OTJ4Njl8fHx8fA==.jpg","main":"ZTQ4ZmExMWQ3ZGM0MjVkNGRiYWFkZmMzM2VmMzBiM2KCmYkhNt_vidDPX27rTT2GODgyNTMxLTcxNjI5MzUuanBnfHx8fHx8fHx8fHw0MDB4MzAw.jpg","large":"ZDkxNWRkYTdlMjk2ZmIxODM4ZjkzNTc2YjVhMWUxZDIDViryHxSnfhpHjkdXSi2nODgyNTMxLTcxNjI5MzUuanBnfHx8fHx8fHx8fHw2NDB4NDgw.jpg"}]}},{"ad_id":"892197","reg_year":"2008","make":"Ford","model":"Focus","variant":"Style TDCI","mileage":"60000","engine_size":"1.6","fuel_type":"Diesel","body_type":"Hatchback","colour":"e0e0e0","location":"Clare","price":"\u20ac 9,450","images":{"base_url":"http:\/\/i0.carsie.ie\/","image_list":[{"thumb":"NjExNzRhOTU3ZWE5OTU1OGE2YTc0NzlmMThiZTI1OTA1CoaJqlPb9vR_HbSfgZ5VODkyMTk3LTcyNzA1NjQuanBnfHx8fHx8OTJ4Njl8fHx8fA==.jpg","main":"NTkyY2Q0NTE0YmZhZWE2OTRiMGVmYWY3MDA2YzI3ZWH9jrync2gkMXGbKQSrUe1VODkyMTk3LTcyNzA1NjQuanBnfHx8fHx8fHx8fHw0MDB4MzAw.jpg","large":"NWZjNGY3Y2Y2NzE4NGY3MTlhMDc1YWY2ZmRhZjI1ZTV2h_XocY1vgqGy5otJf3dTODkyMTk3LTcyNzA1NjQuanBnfHx8fHx8fHx8fHw2NDB4NDgw.jpg"}]}},{"ad_id":"901557","reg_year":"2009","make":"Ford","model":"Focus","variant":null,"mileage":"65244","engine_size":"1.4","fuel_type":"Petrol","body_type":null,"colour":"990099","location":"Galway","price":"\u20ac 9,450","images":{"base_url":"http:\/\/i0.carsie.ie\/","image_list":[{"thumb":"YWJkYjQzNGQ0OGU1ZmE3ODU3OTU0YWZkNmE4ZDUxOTfoqYe9fpkE3JECu763-gWNOTAxNTU3LS5qcGd8fHx8fHw5Mng2OXx8fHx8.jpg","main":"MjY0YzZmNzg4NGQwMjRlYTNiYzY0YWY3ODAyN2UwNTXqrV4wTASfaCDSycpDbh2SOTAxNTU3LS5qcGd8fHx8fHx8fHx8fDQwMHgzMDA=.jpg","large":"MzI3MzVjMTZmZDgyNjE0YzYzYmFkMzEwN2ViMGZmNTR2f5-_u6fz1XZXtiLUfkXnOTAxNTU3LS5qcGd8fHx8fHx8fHx8fDY0MHg0ODA=.jpg"}]}},{"ad_id":"844588","reg_year":"2008","make":"Ford","model":"Focus","variant":"Zetec Climate TDCI","mileage":"81000","engine_size":"1.8","fuel_type":"Diesel","body_type":"Hatchback","colour":"e0e0e0","location":"Westmeath","price":"\u20ac 9,450","images":{"base_url":"http:\/\/i0.carsie.ie\/","image_list":[{"thumb":"N2RiNjZmMWZkNDIzZWQ0NWM2NDU2ZDYzN2UxMTAxMWQ-qog_waNEkqMTYOr-2sziODQ0NTg4LTcwMzY2MDAuanBnfHx8fHx8OTJ4Njl8fHx8fA==.jpg","main":"YzQ4YmFlNmY0YzI0OTM1YTQwYzIyOTE4MmEwZWFkMmVvHSt8X2XO65LABhIInXthODQ0NTg4LTcwMzY2MDAuanBnfHx8fHx8fHx8fHw0MDB4MzAw.jpg","large":"NmQ5ODU0ZTMzZDQ3Y2RjMGVhNDExNDRlMjRmMjE3ZDM6XGkrgwfCT7_FqITZmrwPODQ0NTg4LTcwMzY2MDAuanBnfHx8fHx8fHx8fHw2NDB4NDgw.jpg"}]}},{"ad_id":"862225","reg_year":"2008","make":"Ford","model":"Focus","variant":null,"mileage":"118850","engine_size":"1.6","fuel_type":"Diesel","body_type":null,"colour":"000000","location":"Westmeath","price":"\u20ac 9,450","images":{"base_url":"http:\/\/i0.carsie.ie\/","image_list":[{"thumb":"OTBkNGJiOGQwNzg3MjNlOTM0YThiNDMyOTZiYWVhNjXETEil_C-939u49zDCdTbaODYyMjI1LTY5NjA5MTUuanBnfHx8fHx8OTJ4Njl8fHx8fA==.jpg","main":"NTlhMDllOTE4ZGVhYWVhYzNhOTEyZTU1OWE2MmIzMTY8zpyoDM47hdtu_CdC93LaODYyMjI1LTY5NjA5MTUuanBnfHx8fHx8fHx8fHw0MDB4MzAw.jpg","large":"MmZkNzZkNjAwM2M3MzE3MTIwM2NkYTE0ZTAwOTk2ZGJfsWPVtWsuLsK6yROoN-0iODYyMjI1LTY5NjA5MTUuanBnfHx8fHx8fHx8fHw2NDB4NDgw.jpg"}]}},{"ad_id":"874094","reg_year":"2009","make":"Ford","model":"Fusion","variant":null,"mileage":"7900","engine_size":"1.4","fuel_type":"Petrol","body_type":null,"colour":"e0e0e0","location":"Dublin","price":"\u20ac 9,450","images":{"base_url":"http:\/\/i0.carsie.ie\/","image_list":[{"thumb":"NTM5YmU2YmNmMGVjMzMxNzJmOWRmMDUzZDRlZWYxYTVt2Szs3CTTCZ4T-tgnwFPwODc0MDk0LTcwNjc5MjEuanBnfHx8fHx8OTJ4Njl8fHx8fA==.jpg","main":"NjI0NTRlMmE1MDcyNTJiMTc3YTU0MDY5ZDZjNDNkNTRB250SUbvidwbeFfas7wupODc0MDk0LTcwNjc5MjEuanBnfHx8fHx8fHx8fHw0MDB4MzAw.jpg","large":"MjNiZGM0MDk2MGE4NTAyMDI1MDJiM2ZjNTI0MDkyZWXeFbRLyscx0hJd6fb3mYTtODc0MDk0LTcwNjc5MjEuanBnfHx8fHx8fHx8fHw2NDB4NDgw.jpg"}]}},{"ad_id":"897480","reg_year":"2006","make":"Ford","model":"Galaxy","variant":"ZETEC 1.9TD 115PS AUTOMATIC","mileage":"93344","engine_size":"1.9","fuel_type":"Diesel","body_type":null,"colour":"e0e0e0","location":"Carlow","price":"\u20ac 9,450","images":{"base_url":"http:\/\/i0.carsie.ie\/","image_list":[{"thumb":"NzdiZTZhZDNlNTRkYWQ4ZjIxNTE3ZTYwMjZkMjAyZTVTm6cSUH4_jFKTtna16aUPODk3NDgwLTczNTQ5NjEuanBnfHx8fHx8OTJ4Njl8fHx8fA==.jpg","main":"ZWFiOTRiOWNjYjllNWQ2ZmQ0YTViMjdiM2ExOTM2YmWrnTP78x6wZMI_kr0XhkHtODk3NDgwLTczNTQ5NjEuanBnfHx8fHx8fHx8fHw0MDB4MzAw.jpg","large":"MGZmNjk3YjI0OGM5NjZkNTBhYjNkMzdlNzdlZmY5ZjBAD2tNx4s-55GUotl-9BwZODk3NDgwLTczNTQ5NjEuanBnfHx8fHx8fHx8fHw2NDB4NDgw.jpg"}]}},{"ad_id":"866686","reg_year":"2009","make":"Ford","model":"Mondeo","variant":"NT LX 1.6 5speed","mileage":"59031","engine_size":"1.6","fuel_type":"Petrol","body_type":"Saloon","colour":"858585","location":"Dublin","price":"\u20ac 9,450","images":{"base_url":"http:\/\/i0.carsie.ie\/","image_list":[{"thumb":"YTIwN2JiOTI3YmI4YWUyZjZmNWY1ZDU3ZTZiMjY5NWVuA4bNY5MKp8bY5JOtHmSWODY2Njg2LTY5ODE2NzEuanBnfHx8fHx8OTJ4Njl8fHx8fA==.jpg","main":"NTk1NTMyOTJjZGJhZDFkN2UwNzVlNDEzNGIyNzhkMDjhFpZzjztawi6WhD5IQM7EODY2Njg2LTY5ODE2NzEuanBnfHx8fHx8fHx8fHw0MDB4MzAw.jpg","large":"YzlhOTE5MWM1OGZhZjFlOTU0MDgwOTBiODllZGU1NGLxq1hJoFQW1LWY9jSpy5_EODY2Njg2LTY5ODE2NzEuanBnfHx8fHx8fHx8fHw2NDB4NDgw.jpg"}]}},{"ad_id":"871370","reg_year":"2008","make":"Ford","model":"Mondeo","variant":"NT LX 1.8tdci 100PS 5speed","mileage":"95324","engine_size":"1.8","fuel_type":"Diesel","body_type":"Saloon","colour":"e0e0e0","location":"Dublin","price":"\u20ac 9,450","images":{"base_url":"http:\/\/i0.carsie.ie\/","image_list":[{"thumb":"MDE2MTNkNmVhYzA3NzdlMjUxOTc2ZGNkODI2ZWFkYjcCfZeZFtgvuEov2sd4E2tkODcxMzcwLTcwMzUzMDEuanBnfHx8fHx8OTJ4Njl8fHx8fA==.jpg","main":"MWZhNGEzOWY5Y2ZhYWE5MTEyOWZkZTVmY2VkNGZiNzSgBtIsqXzkBAJfZbpH06ZHODcxMzcwLTcwMzUzMDEuanBnfHx8fHx8fHx8fHw0MDB4MzAw.jpg","large":"NDI4Njc1NDQyYmQ2OTEzYTQzODk2NzZkNDVkMzAxYjnIpCEiciLoZbTmx0ifqzANODcxMzcwLTcwMzUzMDEuanBnfHx8fHx8fHx8fHw2NDB4NDgw.jpg"}]}},{"ad_id":"872160","reg_year":"2008","make":"Ford","model":"Mondeo","variant":"1.8 TDCI DIESEL ZETEC","mileage":"102345","engine_size":"1.8","fuel_type":"Diesel","body_type":"Hatchback","colour":"0000c0","location":"Dublin","price":"\u20ac 9,450","images":{"base_url":"http:\/\/i0.carsie.ie\/","image_list":[{"thumb":"ZTRmMjFiNTJlMGIwZjYwOTZkMTdlZTQ1Njc2NjVhM2REvLNXU-Z6jSQn-DrWIMPAODcyMTYwLTcwNDA2NTQuanBnfHx8fHx8OTJ4Njl8fHx8fA==.jpg","main":"MWJiMzRkYWFiYjUxNGVmMTlmY2MwMWM1ODUwZDdlMmPcV5Hxg-bCS__-kS-bHWsFODcyMTYwLTcwNDA2NTQuanBnfHx8fHx8fHx8fHw0MDB4MzAw.jpg","large":"ZWUxZDMzMTc0YWZkMjgzMTE5MmVmMzUzMDA3MTEzOTTMtTglcavTOi8du-fXWhqqODcyMTYwLTcwNDA2NTQuanBnfHx8fHx8fHx8fHw2NDB4NDgw.jpg"}]}},{"ad_id":"850735","reg_year":"2008","make":"Ford","model":"Mondeo","variant":"LX","mileage":"128219","engine_size":"1.8","fuel_type":"Diesel","body_type":"Hatchback","colour":"b9cdfb","location":"Mayo","price":"\u20ac 9,450","images":{"base_url":"http:\/\/i0.carsie.ie\/","image_list":[{"thumb":"YmQ3OTU1ZmQxMTlhMWRhMjE4NDM1MzMwNzZkMmI2NTMX2y3jTYBPt3Aimv3pV2IIODUwNzM1LTY4MDUyNzUuanBnfHx8fHx8OTJ4Njl8fHx8fA==.jpg","main":"ZTJjZGU0MTBkNDQxNjk3NjI0NmRhOWRhZDcxNWQ0OTHMewhJLSNO5R9ytykIH3yjODUwNzM1LTY4MDUyNzUuanBnfHx8fHx8fHx8fHw0MDB4MzAw.jpg","large":"YmM1NTFkYzZjZGZlMzI3YjU4OTVlZmZmZDE1ZjgyZGS5xilr156USJl8jBRr8F_vODUwNzM1LTY4MDUyNzUuanBnfHx8fHx8fHx8fHw2NDB4NDgw.jpg"}]}},{"ad_id":"899765","reg_year":"2008","make":"Ford","model":"Mondeo","variant":"NT Zetec 2.0tdi 140PS 6 Speed","mileage":"133946","engine_size":"2.0","fuel_type":"Diesel","body_type":"Hatchback","colour":"e0e0e0","location":"Mayo","price":"\u20ac 9,450","images":{"base_url":"http:\/\/i0.carsie.ie\/","image_list":[{"thumb":"MTcwYmFmYTMwYzhhMzVlOTI3NmUzZGI0NjNjZTM4OWYaqJUNFn8jMosvlg9626TSODk5NzY1LTczODE2ODIuanBnfHx8fHx8OTJ4Njl8fHx8fA==.jpg","main":"NjNlZmNlMjc2NDdjYjRiYzg3ZmY4NDUzNzljOWY3NDai-zoJx1EO-SmsK3_FBi11ODk5NzY1LTczODE2ODIuanBnfHx8fHx8fHx8fHw0MDB4MzAw.jpg","large":"MzhiMTIxMTE1YTkxNjU4NzcwMWNkNGE5ZjNkYWM5ZjSSX6XwiyPh70mxAzfYJSt9ODk5NzY1LTczODE2ODIuanBnfHx8fHx8fHx8fHw2NDB4NDgw.jpg"}]}},{"ad_id":"884845","reg_year":"2008","make":"Honda","model":"Civic","variant":"HYBRID LEATHER AUTO","mileage":"115000","engine_size":"1.3","fuel_type":"Hybrid","body_type":"Saloon","colour":"000000","location":"Kildare","price":"\u20ac 9,450","images":{"base_url":"http:\/\/i0.carsie.ie\/","image_list":[{"thumb":"ZmY0MmE1MjdkMjdjODdkODBlNTk5N2JmM2RlZjNmOWRYdO5Swg0DZnT7xzXG5PjlODg0ODQ1LTcyMDExNDQuanBnfHx8fHx8OTJ4Njl8fHx8fA==.jpg","main":"YTE5NDM4MzViNTgwZWEzYTc1MGU4OTUxNjBmMzhiMWTbLbgz8cuAkhCZ79fo8sY2ODg0ODQ1LTcyMDExNDQuanBnfHx8fHx8fHx8fHw0MDB4MzAw.jpg","large":"MTk5YjE4YTFkMTcxMDQ3ODNiZTJkMmE1N2FkODkxNWX6sHNJRZxCxr0ePzQl9NcZODg0ODQ1LTcyMDExNDQuanBnfHx8fHx8fHx8fHw2NDB4NDgw.jpg"}]}}]}