{"total":"23408","result":[{"ad_id":"896694","reg_year":"2006","make":"Honda","model":"Civic","variant":"1.4I SE 5 Door 5DR","mileage":"44500","engine_size":"1.4","fuel_type":"Petrol","body_type":"Hatchback","colour":"858585","location":"Galway","price":"\u20ac 7,650","images":{"base_url":"http:\/\/i0.carsie.ie\/","image_list":[{"thumb":"ZDJlMmUwZmUxZWUzMGZhNmYxYjRlNmRkYTIwODFkMmYPfi9-E4NDhAcivtMRU_BmODk2Njk0LTczNDU3MzkuanBnfHx8fHx8OTJ4Njl8fHx8fA==.jpg","main":"Yzc4MzkwNWE4NTVhMTRhZWUzMDU0Yzc3MjkyZTFhNzR4zPd_8zU0IGZV9YheU7VTODk2Njk0LTczNDU3MzkuanBnfHx8fHx8fHx8fHw0MDB4MzAw.jpg","large":"MmNlNzQ3NWU1MjFjMDA2OTU5NjI2NGMzMDZmMzM0YmUStiinCvx9ydNzzcO14TKyODk2Njk0LTczNDU3MzkuanBnfHx8fHx8fHx8fHw2NDB4NDgw.jpg"}]}},{"ad_id":"877404","reg_year":"2006","make":"Kia","model":"Sorento","variant":"2.5 CSE MT 5DR","mileage":"66488","engine_size":"2.5","fuel_type":"Diesel","body_type":"Estate","colour":"000000","location":"Dublin","price":"\u20ac 7,650","images":{"base_url":"http:\/\/i0.carsie.ie\/","image_list":[{"thumb":"M2Q1NWVkY2NjNzA2NzUyNzVkNjE3ZDczMzc3OGFjY2VbebdspxxEbKdZ_PzzjnHiODc3NDA0LTcxMDkxNTUuanBnfHx8fHx8OTJ4Njl8fHx8fA==.jpg","main":"NDhmNjgxMWZlMjFiMGI3NWZmMTlhYjNkNTUxMzMyYjXQFlQml80BdehHsR12deFpODc3NDA0LTcxMDkxNTUuanBnfHx8fHx8fHx8fHw0MDB4MzAw.jpg","large":"NTZmOGU0YjRiZjQ2MzFiZDA2MDkyN2I2YzM0ZGRhYTkuhAtR-AWGJhZXIRvusIOpODc3NDA0LTcxMDkxNTUuanBnfHx8fHx8fHx8fHw2NDB4NDgw.jpg"}]}},{"ad_id":"861737","reg_year":"2007","make":"Mazda","model":"Mazda3","variant":"1.6D 110PS Comfort SE","mileage":"75809","engine_size":"1.6","fuel_type":"Diesel","body_type":"Saloon","colour":"ff0000","location":"Cork","price":"\u20ac 7,650","images":{"base_url":"http:\/\/i0.carsie.ie\/","image_list":[{"thumb":"OTU3YzdkMjhlMThjNjg5YWM3ZTc2YTM5YzM2MWViODjtlaR-I04orAEgR6JxOIUnODYxNzM3LTY5MjI0NTUuanBnfHx8fHx8OTJ4Njl8fHx8fA==.jpg","main":"N2I2YTA1Y2ZjOTJhNzg2YmZhZmU1NzFlYjA5MThlNTKau-ajspv-MOrK-MDIIBT3ODYxNzM3LTY5MjI0NTUuanBnfHx8fHx8fHx8fHw0MDB4MzAw.jpg","large":"ZjJjYTAzZGI3ZjAwODVmZWM2Y2UzOTQ0NGI5YTFjYzBSW1Uc5vPCNfJ78UhMwwWzODYxNzM3LTY5MjI0NTUuanBnfHx8fHx8fHx8fHw2NDB4NDgw.jpg"}]}},{"ad_id":"897755","reg_year":"2008","make":"Opel","model":"Astra","variant":"08 1.3 DIESEL ESTATE","mileage":"57934","engine_size":"1.3","fuel_type":"Diesel","body_type":"Estate","colour":"e0e0e0","location":"Galway","price":"\u20ac 7,650","images":{"base_url":"http:\/\/i0.carsie.ie\/","image_list":[{"thumb":"NTYzYjA1MDYyNWJiMmUyOTQ5NTVjMGFhNDVmYWY1YmZB9B3fsgmFXaH88wDvedANODk3NzU1LTczNTc2NjUuanBnfHx8fHx8OTJ4Njl8fHx8fA==.jpg","main":"N2YwMTE5MDBjZWZkYTBmMjZkYmRkYmJjMjZkMGQ4ZmJ2HD5h_OuKb_Aa8XXya2PWODk3NzU1LTczNTc2NjUuanBnfHx8fHx8fHx8fHw0MDB4MzAw.jpg","large":"NjM3NjU3Mzk4ZmU4NGYwY2NhYWRhYWI2YzlmZWJiYTVdDXilOvH5VMv4uwa8PmSrODk3NzU1LTczNTc2NjUuanBnfHx8fHx8fHx8fHw2NDB4NDgw.jpg"}]}},{"ad_id":"893101","reg_year":"2006","make":"Opel","model":"Zafira","variant":null,"mileage":"93827","engine_size":"1.9","fuel_type":"Diesel","body_type":null,"colour":"0000c0","location":"Kildare","price":"\u20ac 7,650","images":{"base_url":"http:\/\/i0.carsie.ie\/","image_list":[{"thumb":"MzcyNzZlN2Q1MGU0ZGVjNDlmNjQ0MWViYWJjYjJmMWNBlMHl36HK76rQ2M3aWzyBODkzMTAxLTczMTgwODYuanBnfHx8fHx8OTJ4Njl8fHx8fA==.jpg","main":"NGFkNDcxNDMyNzJkODIxYjZlYWJkMTAwNDlhZWUyOWOnEC_gzDkfYlPsef1KUYsBODkzMTAxLTczMTgwODYuanBnfHx8fHx8fHx8fHw0MDB4MzAw.jpg","large":"YjFjNDcyOGY1OTJiNDgwMjYwZTcwMmE5ZjQ3MzkzZGUYhsE22-9GQugD22awZMaPODkzMTAxLTczMTgwODYuanBnfHx8fHx8fHx8fHw2NDB4NDgw.jpg"}]}},{"ad_id":"879608","reg_year":"2008","make":"Toyota","model":"Avensis","variant":"1.6 Strata 08","mileage":"89000","engine_size":"1.6","fuel_type":"Petrol","body_type":"Saloon","colour":"e0e0e0","location":"Dublin","price":"\u20ac 7,650","images":{"base_url":"http:\/\/i0.carsie.ie\/","image_list":[{"thumb":"MmFhZDg3NmY5YzU4NTZmZDE2YmEyMTgyOTdkNTcxYmON_fQ33Eb4gMayT70wovfIODc5NjA4LTczMDg1NDYuanBnfHx8fHx8OTJ4Njl8fHx8fA==.jpg","main":"ZGZmMjA5ZjI1MWE2NTBiYWE5ZGM3Mjg5NGM4Y2M1NTlD1rP-I_R4O2pOI4IqDMU0ODc5NjA4LTczMDg1NDYuanBnfHx8fHx8fHx8fHw0MDB4MzAw.jpg","large":"YWU5ODhiNzE3OGE4MmY3MDFjNmJjYzg0NTE5ZTM3NzlBa91m4kYMVu-O6VrBchtVODc5NjA4LTczMDg1NDYuanBnfHx8fHx8fHx8fHw2NDB4NDgw.jpg"}]}},{"ad_id":"883222","reg_year":"2008","make":"Vauxhall","model":"Astra","variant":"Life Cdti","mileage":"106543","engine_size":"1.7","fuel_type":"Diesel","body_type":"Hatchback","colour":"0000c0","location":"Galway","price":"\u20ac 7,650","images":{"base_url":"http:\/\/i0.carsie.ie\/","image_list":[{"thumb":"MjZkYzJiYmUyZGUxYWQ4NjA0MjA2NmViNDgxYTY5YmU2Nobi0KC3ESqqMan7qXf6ODgzMjIyLTcxNzczOTYuanBnfHx8fHx8OTJ4Njl8fHx8fA==.jpg","main":"MzU0YjU4NGE0NmE4M2M0NTg3NDAyZjU2MDU5YWE4YWXvL2Gqal60Hx0o3Yb_8SjwODgzMjIyLTcxNzczOTYuanBnfHx8fHx8fHx8fHw0MDB4MzAw.jpg","large":"YzljMjg4YjIxMTVjODAyODE0OTc3MzQ3MTYyODZkMDYdSgAbf4pwMdK33nAqvLUEODgzMjIyLTcxNzczOTYuanBnfHx8fHx8fHx8fHw2NDB4NDgw.jpg"}]}},{"ad_id":"858746","reg_year":"2009","make":"Volkswagen","model":"Caddy","variant":"1.9 TDI 77KW 05DR","mileage":"107000","engine_size":"1.9","fuel_type":"Diesel","body_type":"Van","colour":"e0e0e0","location":"Carlow","price":"\u20ac 7,650","images":{"base_url":"http:\/\/i0.carsie.ie\/","image_list":[{"thumb":"ODk4MDNhODJkZTJhMDM1NTVkMWY1NWMxMjMyYWMwMGGKQn3unuzvsvYjjHDZGTN_ODU4NzQ2LTY5MDA1MjUuanBnfHx8fHx8OTJ4Njl8fHx8fA==.jpg","main":"OGMyZWY5MjE2ZGU1N2VlMjUwYmNhOTdkY2JlOGY0ZGHet3dvlvAKSkNbRmVnGCz7ODU4NzQ2LTY5MDA1MjUuanBnfHx8fHx8fHx8fHw0MDB4MzAw.jpg","large":"MzFkMmQ3ZDVkMDM3NTU3MTljM2M0OTcwYzNmYjc1Zje3K0yL0Js5bNxKnYBlyqEwODU4NzQ2LTY5MDA1MjUuanBnfHx8fHx8fHx8fHw2NDB4NDgw.jpg"}]}},{"ad_id":"900069","reg_year":"2005","make":"Volkswagen","model":"Golf","variant":"Sport TDI","mileage":"71000","engine_size":"1.9","fuel_type":"Diesel","body_type":"Hatchback","colour":"0000c0","location":"Donegal","price":"\u20ac 7,650","images":{"base_url":"http:\/\/i0.carsie.ie\/","image_list":[{"thumb":"ZTZmN2QwNTU1M2FkZjYwMDJlM2RkNTNkMWFiZmJlNzdpnWmFpptQwBOlQiKsoMp5OTAwMDY5LTczODM5NjMuanBnfHx8fHx8OTJ4Njl8fHx8fA==.jpg","main":"ZjhhZDcwNmU3YjczMDVlZjg2ZDNkOTUyNmRhNjAwZjNquO6iqnZyWDrkxzt8mmkwOTAwMDY5LTczODM5NjMuanBnfHx8fHx8fHx8fHw0MDB4MzAw.jpg","large":"NmJmMWNlNzNkZjAwZThlZGMzZjk3YTgzYjdiODMxZmbeOKiOxJ3mQ1rN3OR4LrnnOTAwMDY5LTczODM5NjMuanBnfHx8fHx8fHx8fHw2NDB4NDgw.jpg"}]}},{"ad_id":"891281","reg_year":"2007","make":"Volkswagen","model":"Passat","variant":"taxed and new nct ","mileage":"91344","engine_size":"1.6","fuel_type":"Petrol","body_type":"Estate","colour":"000000","location":"Dublin","price":"\u20ac 7,650","images":{"base_url":"http:\/\/i0.carsie.ie\/","image_list":[{"thumb":"MGUyNTg1MDMzMjYyOTMyNzA5Yjc1OTEyOTE2ZDk3YmMOX47kBAC-IXbuR9jcbfhoODkxMjgxLTcyNjE3MjAuanBnfHx8fHx8OTJ4Njl8fHx8fA==.jpg","main":"NmRkNDFmNmQwOWY4ZTczMDI1YTNmODUyZjJjNTFmODRwb2w0zOfZeXAdXye18AN1ODkxMjgxLTcyNjE3MjAuanBnfHx8fHx8fHx8fHw0MDB4MzAw.jpg","large":"OThlYTI2MWVjZTU1ODE3ZGRhY2EyNTkwMGE1NTMzNTWH8LMKAmNEabqMG-SiG129ODkxMjgxLTcyNjE3MjAuanBnfHx8fHx8fHx8fHw2NDB4NDgw.jpg"}]}},{"ad_id":"876203","reg_year":"2008","make":"Saab","model":"9-3","variant":"1.8T BP Linear Sport","mileage":"110","engine_size":"2.0","fuel_type":"Petrol","body_type":"Saloon","colour":"000000","location":"Dublin","price":"\u20ac 7,690","images":{"base_url":"http:\/\/i0.carsie.ie\/","image_list":[{"thumb":"Mzc0OTgxYzU1ODlmNmJiOGVlNDM5MmI3MzM4NmIxY2Yvd6mc-QwRDz3L8eaKtSqaODc2MjAzLTcxMDAwMTEuanBnfHx8fHx8OTJ4Njl8fHx8fA==.jpg","main":"MWMwOTM1ZGY4ZThkODJmNmVjMmYzYWFmMGQwMzE2NjebAksKRmm9N-kyJXFLhlZuODc2MjAzLTcxMDAwMTEuanBnfHx8fHx8fHx8fHw0MDB4MzAw.jpg","large":"YjUyMDk0YTg4YmVkM2YyZWNmOTc0YTU5ZDY0ODNhOTQm8L70VsGZNmmDSnVt-wbNODc2MjAzLTcxMDAwMTEuanBnfHx8fHx8fHx8fHw2NDB4NDgw.jpg"}]}},{"ad_id":"898543","reg_year":"2008","make":"Ford","model":"Focus","variant":"Estate Diesel","mileage":"112000","engine_size":"1.6","fuel_type":"Diesel","body_type":"Estate","colour":"e0e0e0","location":"Waterford","price":"\u20ac 7,695","images":{"base_url":"http:\/\/i0.carsie.ie\/","image_list":[{"thumb":"Yjc2ZDNlMGM1ODZlMDMwZjhlNjJhMTU0MTU1ZjRlNmK84oo3GzRumjOiGY8M_P8AODk4NTQzLTczNjYxMDguanBnfHx8fHx8OTJ4Njl8fHx8fA==.jpg","main":"NGYzZWY1M2U5NTRjYWMwNjdkMDlmNWFlZjhmOTExNWGg2Y1cAEh0SAs_QPjkch9TODk4NTQzLTczNjYxMDguanBnfHx8fHx8fHx8fHw0MDB4MzAw.jpg","large":"YjEyZTI3ZjEzMmY1YTM4NWIzMjE3ZDVjZWI0MWUwYjEjneky9WMuPKvZRVsgrl4FODk4NTQzLTczNjYxMDguanBnfHx8fHx8fHx8fHw2NDB4NDgw.jpg"}]}},{"ad_id":"891821","reg_year":"2005","make":"Audi","model":"A4","variant":"","mileage":"117211","engine_size":"1.9","fuel_type":"Diesel","body_type":"Saloon","colour":"0000c0","location":"Galway","price":"\u20ac 7,700","images":{"base_url":"http:\/\/i0.carsie.ie\/","image_list":[{"thumb":"NTNhMDc2NDc3MDFhNTkxNjdhOTY5M2M3YmVjY2I2ZTh8X4XfbYhrlLI5NZrr-k0KODkxODIxLTcyNjczODguanBnfHx8fHx8OTJ4Njl8fHx8fA==.jpg","main":"Nzk3YzM2OGUwMmZhMGM5ZmMyMTRhN2JlMWM1Yjk1MWJlF1Lm7Y11l_wO6q8W3gL6ODkxODIxLTcyNjczODguanBnfHx8fHx8fHx8fHw0MDB4MzAw.jpg","large":"YmFkMmEzN2ZiMGNlYjY2NjY5NmRiYmRmNzMxYTRiNjgYetltyamkO9OLoLQ1UZMeODkxODIxLTcyNjczODguanBnfHx8fHx8fHx8fHw2NDB4NDgw.jpg"}]}},{"ad_id":"883085","reg_year":"2009","make":"Citroen","model":"Berlingo","variant":"1.6hdi 75 625","mileage":"87000","engine_size":"1.6","fuel_type":"Diesel","body_type":"Van","colour":"858585","location":"Roscommon","price":"\u20ac 7,700","images":{"base_url":"http:\/\/i0.carsie.ie\/","image_list":[{"thumb":"YjEyZjU0ODNjYjYxMDM2MDAyZDc3Y2UwMjhjOTRlZmahi-bY47tDaVe6wd4xtpxYODgzMDg1LTcxNzIxODQuanBnfHx8fHx8OTJ4Njl8fHx8fA==.jpg","main":"ZmJmYTZjYzE5MGYyZmI0MGFkMDMxMGM2MDdiNWM0ZmZT6x63lvgZefPTtC2TicruODgzMDg1LTcxNzIxODQuanBnfHx8fHx8fHx8fHw0MDB4MzAw.jpg","large":"Yjk2OWY1NzY0ZmQzNDI1NDk1MDlmYzkwYThiZTYwMzPl8YyaV39X6etbTdmwOy1lODgzMDg1LTcxNzIxODQuanBnfHx8fHx8fHx8fHw2NDB4NDgw.jpg"}]}},{"ad_id":"877232","reg_year":"2006","make":"Nissan","model":"Navara","variant":"2.5SE","mileage":"128627","engine_size":"2.5","fuel_type":"Diesel","body_type":"Hatchback","colour":"000000","location":"Cork","price":"\u20ac 7,700","images":{"base_url":"http:\/\/i0.carsie.ie\/","image_list":[{"thumb":"YTU3NTM3NzQwOTUzNzYwOWRhODA1MzExMmQ1NDBmZWSDBK-Rzd0PbqpCsAbllvlaODc3MjMyLTcxMDcxMDMuanBnfHx8fHx8OTJ4Njl8fHx8fA==.jpg","main":"YmFkYTc4Y2FjNmIwMzk5YTUzNGRjZThkOTUwYzIwZTVLl6GPAh9bn8fZh0fn_NgwODc3MjMyLTcxMDcxMDMuanBnfHx8fHx8fHx8fHw0MDB4MzAw.jpg","large":"YzFlMGI0NTVmNGM4NmM1MWM4ZTM3ZDJiZjhkNDkxY2bMRF0MMfoQHIzfJSDWRWBLODc3MjMyLTcxMDcxMDMuanBnfHx8fHx8fHx8fHw2NDB4NDgw.jpg"}]}},{"ad_id":"895974","reg_year":"2008","make":"Peugeot","model":"207","variant":"SPORT 1.4 5 DR 8V 5DR","mileage":"45360","engine_size":"1.4","fuel_type":"Petrol","body_type":null,"colour":null,"location":"Westmeath","price":"\u20ac 7,700","images":{"base_url":"http:\/\/i0.carsie.ie\/","image_list":[{"thumb":"ZGY0NmNiN2Q5NGE4Y2MxYWFlZDk5MGFjMWFjNjFkZDnQ5eKe7SM_JUqPdtN9x7BfODk1OTc0LTczNDA5NDQuanBnfHx8fHx8OTJ4Njl8fHx8fA==.jpg","main":"ODUxYmI1NjI1ZmI1NjlhOTUxY2ZkYTU2NGQ0ZDUzOWZXsqZCJpMmlVJJeFmHD0SQODk1OTc0LTczNDA5NDQuanBnfHx8fHx8fHx8fHw0MDB4MzAw.jpg","large":"ZmExMTcwNDc5MWM5ZWNmY2FkNzM2N2Q4YmY4MWY2ZmEF3gx3PQ-wuxTbGQfUDybqODk1OTc0LTczNDA5NDQuanBnfHx8fHx8fHx8fHw2NDB4NDgw.jpg"}]}},{"ad_id":"882002","reg_year":"2007","make":"Renault","model":"Megane","variant":"MONACO 5 door","mileage":"24855","engine_size":"1.4","fuel_type":"Petrol","body_type":"Hatchback","colour":"f0b800","location":"Dublin","price":"\u20ac 7,700","images":{"base_url":"http:\/\/i0.carsie.ie\/","image_list":[{"thumb":"YWY1NDQ0ZTYzM2RkY2M4ZmE4YzBjYjNmMjQ1NGQxMzIvD6sSsyATN5lzIOv1mD5wODgyMDAyLTcxNTk5NjIuanBnfHx8fHx8OTJ4Njl8fHx8fA==.jpg","main":"ZjE0OTMzNjA3MjFkMjY0NGI4N2Y5MmM4ZGY0OGRiODnkwBPNpSwT-rUz-W2Q5kwAODgyMDAyLTcxNTk5NjIuanBnfHx8fHx8fHx8fHw0MDB4MzAw.jpg","large":"YWQwNDJkZWE2N2ZhYTQ0YTM0OGMyMzM1N2QzM2Q3Y2GNuA8v0ImewL-7meediiWfODgyMDAyLTcxNTk5NjIuanBnfHx8fHx8fHx8fHw2NDB4NDgw.jpg"}]}},{"ad_id":"900802","reg_year":"2007","make":"Volkswagen","model":"Golf","variant":"1 YEAR WARRANTY","mileage":"78100","engine_size":"1.9","fuel_type":"Diesel","body_type":"Hatchback","colour":"000000","location":"Dublin","price":"\u20ac 7,700","images":{"base_url":"http:\/\/i0.carsie.ie\/","image_list":[{"thumb":"MzJiNjE1MTE5NzQzMjM5M2I2NTFiOTNmMmU4MmRhMzKZvd6LBjLWd2xdimKgF33yOTAwODAyLTc0MDY0MjkuanBnfHx8fHx8OTJ4Njl8fHx8fA==.jpg","main":"MDFjYTQxYzE5ZThjYWY5ZDhlOWQwNDU0OTZhODRhZTXvTh_CVtmsYQAktEmzuDuTOTAwODAyLTc0MDY0MjkuanBnfHx8fHx8fHx8fHw0MDB4MzAw.jpg","large":"OGJmMzUxZTExMGVmODJiMjExZGJiN2E2MGZjOWEwYTikfYUpFqj5Masctpim_cJjOTAwODAyLTc0MDY0MjkuanBnfHx8fHx8fHx8fHw2NDB4NDgw.jpg"}]}},{"ad_id":"894694","reg_year":"2006","make":"Volvo","model":"S40","variant":"1.6D SE 4DR","mileage":"121000","engine_size":"1.6","fuel_type":"Diesel","body_type":"Saloon","colour":"000000","location":"Dublin","price":"\u20ac 7,700","images":{"base_url":"http:\/\/i0.carsie.ie\/","image_list":[{"thumb":"N2VkMzRhNTRhOWE1YjY5ZmYwOWRjYzdjMWZjN2MxMGQ9mXFsF5TV1sptTLKGZSxlODk0Njk0LTczMDczNDQuanBnfHx8fHx8OTJ4Njl8fHx8fA==.jpg","main":"OWFhNGE4OTliMzgzYzlkNWM4ZjhiNWM2MmFiMjZlZGPKDjPavrai0qB7h8u_ZVLcODk0Njk0LTczMDczNDQuanBnfHx8fHx8fHx8fHw0MDB4MzAw.jpg","large":"MmY4OWUxYjhmZDZjZWIyY2EzYWVmMjNkOWRmYjBhMzFVPKMsfPX6-1Kn67gaT2uKODk0Njk0LTczMDczNDQuanBnfHx8fHx8fHx8fHw2NDB4NDgw.jpg"}]}},{"ad_id":"874876","reg_year":"2009","make":"Honda","model":"Jazz","variant":"1.2 S 5DR","mileage":"57000","engine_size":"1.2","fuel_type":"Petrol","body_type":"Hatchback","colour":"000000","location":"Donegal","price":"\u20ac 7,735","images":{"base_url":"http:\/\/i0.carsie.ie\/","image_list":[{"thumb":"OTkxOTgzZDBjZDRmYTgxYWFkM2Y4N2JiZjRiNGQ5ZmTJwXvGk1zIXvVsfAgI6w_9ODc0ODc2LTcwNzYxMjYuanBnfHx8fHx8OTJ4Njl8fHx8fA==.jpg","main":"OWE3NjcwMmY5NzhkYzExNTJiMDg5MDZkOTIwNDg0ZjADyoCuVf-RGbthQxrP7jlXODc0ODc2LTcwNzYxMjYuanBnfHx8fHx8fHx8fHw0MDB4MzAw.jpg","large":"OTdmYTNkZWJkMTZiZjAzOTA3ZTc4ZGEzMjc2NjJhY2P8a89sEo0yAoUdn3CtfJt1ODc0ODc2LTcwNzYxMjYuanBnfHx8fHx8fHx8fHw2NDB4NDgw.jpg"}]}}]}