{"total":"23408","result":[{"ad_id":"899100","reg_year":"2008","make":"Mazda","model":"Mazda3","variant":"1.6 Comfort 04DR","mileage":"77673","engine_size":"1.6","fuel_type":"Petrol","body_type":"Saloon","colour":"ff0000","location":"Monaghan","price":"\u20ac 6,700","images":{"base_url":"http:\/\/i0.carsie.ie\/","image_list":[{"thumb":"MzcxOGMzZGY3ZWE0M2I5ZjQyNDc2MGQ4MTU2ZDI2N2I93VqM44Lt8PbRnaUjDCuqODk5MTAwLTczNzM4ODkuanBnfHx8fHx8OTJ4Njl8fHx8fA==.jpg","main":"ODA2ZWQwODg2Mjk2ZmJkNDVmMjJkMzhiYTdkMWY5ODYCsEKfN8niBmltjGghJKUdODk5MTAwLTczNzM4ODkuanBnfHx8fHx8fHx8fHw0MDB4MzAw.jpg","large":"OTU4YTAwNjkxZGZlZWUyMTU4Y2I4MjY4YzZkNmIzZTYzUjsBye_ggYLdUjMtQ3BgODk5MTAwLTczNzM4ODkuanBnfHx8fHx8fHx8fHw2NDB4NDgw.jpg"}]}},{"ad_id":"867457","reg_year":"2005","make":"Mercedes-Benz","model":"C Class","variant":"DIESEL LEATHER AUTO","mileage":"129200","engine_size":"2.2","fuel_type":"Diesel","body_type":"Saloon","colour":"e0e0e0","location":"Dublin","price":"\u20ac 6,700","images":{"base_url":"http:\/\/i0.carsie.ie\/","image_list":[{"thumb":"Nzc1MTk5NmI1MjBiYTdmMDc1Y2ZmMTA2OWI3ZGE0NGITbWd12Dsf9nL4UaSCpcsKODY3NDU3LTcwMzMwMDMuanBnfHx8fHx8OTJ4Njl8fHx8fA==.jpg","main":"MzQzOGZmZGMxMTI3MWZmMTQ0NmNlNjFjNjJiYTkxZjQ_TqYkjAAAEXpJbaC8UqsFODY3NDU3LTcwMzMwMDMuanBnfHx8fHx8fHx8fHw0MDB4MzAw.jpg","large":"MDJjOTJhMGZlZTkxNjI1OGFlOWQ2NGQ0NzJiZDhkMzEKSh_w6NfEJUmfZr546G6pODY3NDU3LTcwMzMwMDMuanBnfHx8fHx8fHx8fHw2NDB4NDgw.jpg"}]}},{"ad_id":"900312","reg_year":"2007","make":"Peugeot","model":"307","variant":"ZENITH 5 DR 1.4 cc LOVELY CAR","mileage":"86301","engine_size":"1.4","fuel_type":"Petrol","body_type":null,"colour":"858585","location":"Louth","price":"\u20ac 6,700","images":{"base_url":"http:\/\/i0.carsie.ie\/","image_list":[{"thumb":"OWEwYTU1NmJkNTI3ZjYxMzJkNTI0NjNhZGQ0YjhmZGN_AzuGu_6OOzWPUUpg3AVDOTAwMzEyLTc0MDE0NjAuanBnfHx8fHx8OTJ4Njl8fHx8fA==.jpg","main":"NGMwZGRkYTM3YTcyMWNkNzRjMGI4ZTEwMGQ1ZjBkNjE-_4B8TEs4UJnKvULVEuvJOTAwMzEyLTc0MDE0NjAuanBnfHx8fHx8fHx8fHw0MDB4MzAw.jpg","large":"OGNhNGQwYjdkYjVkYjIxZWU3YjIwNTJiYmNjNWU3YjTZ9uvMdHZxoTVV_970MSuFOTAwMzEyLTc0MDE0NjAuanBnfHx8fHx8fHx8fHw2NDB4NDgw.jpg"}]}},{"ad_id":"899381","reg_year":"2008","make":"Peugeot","model":"308","variant":"SW S HDI","mileage":"140000","engine_size":"1.6","fuel_type":"Diesel","body_type":"Estate","colour":"0000c0","location":"Galway","price":"\u20ac 6,700","images":{"base_url":"http:\/\/i0.carsie.ie\/","image_list":[{"thumb":"MzBiYjVhYjUyMmEzMjQwYjY4YWQzMGQxZDFmYmUxMWPVcb-uqv6SArIYzW_few20ODk5MzgxLTczNzcwNTEuanBnfHx8fHx8OTJ4Njl8fHx8fA==.jpg","main":"Nzk0YzVlYjdiODUyNDg0ZDgyYjliMGZhMTViZjE3YTHDyx6nMiuAZoeNwyhhOWTnODk5MzgxLTczNzcwNTEuanBnfHx8fHx8fHx8fHw0MDB4MzAw.jpg","large":"NmUyNjY5NTQ5ZTlhZjdkOGEyZjllZjk3Y2YzNGFlMmJuAi_pjI7BCfFYOLpyV5UTODk5MzgxLTczNzcwNTEuanBnfHx8fHx8fHx8fHw2NDB4NDgw.jpg"}]}},{"ad_id":"892667","reg_year":"2001","make":"Porsche","model":"Boxster","variant":"BOXSTER","mileage":"170000","engine_size":"2.7","fuel_type":"Petrol","body_type":"Cabriolet \/ Convertible","colour":"e0e0e0","location":"Wexford","price":"\u20ac 6,700","images":{"base_url":"http:\/\/i0.carsie.ie\/","image_list":[{"thumb":"YzIxODZkZDQ5NWNkNDdlNjdlYmUwYjk2MmUwMDIzZDYnm0kXXN3dK3vRPhUAj5EaODkyNjY3LTcyNzQ2NzUuanBnfHx8fHx8OTJ4Njl8fHx8fA==.jpg","main":"NmZlODkwZmRjMjE1N2I2MTk5NmY4NjUzMjcxMDM2MmHxgCJIw7eo5ZDfV_xx3VSjODkyNjY3LTcyNzQ2NzUuanBnfHx8fHx8fHx8fHw0MDB4MzAw.jpg","large":"ODg1M2JlMjY3ZDJiNmM3ZGRlNjMwODliZTdkMWUyYWN_hS16SldFnH1LR_HqtK-2ODkyNjY3LTcyNzQ2NzUuanBnfHx8fHx8fHx8fHw2NDB4NDgw.jpg"}]}},{"ad_id":"830389","reg_year":"2005","make":"Renault","model":"Grand Scenic","variant":"","mileage":"64000","engine_size":"1.5","fuel_type":"Diesel","body_type":null,"colour":"0000c0","location":"Dublin","price":"\u20ac 6,700","images":{"base_url":"http:\/\/i0.carsie.ie\/","image_list":[{"thumb":"Y2U2OGQzMTcwNDFmMDU4Mzk0YjkxNjU4OGM1NWM1YWT2aFJnZa519lHGW7Hjn9yCODMwMzg5LTY1Nzk3ODcuanBnfHx8fHx8OTJ4Njl8fHx8fA==.jpg","main":"MzQ3N2U5ZWI3MmQ2YTMzYmZiNGNjNTBlMWI5YTA1NzLHrQjv4lj15GdCmsQKUgG2ODMwMzg5LTY1Nzk3ODcuanBnfHx8fHx8fHx8fHw0MDB4MzAw.jpg","large":"M2M5YTE2YmVjZjE2Yzc1MmU4MmJkMWUzMjhiZmJlMmKXpLbdNCH1nzaytkn_ybfOODMwMzg5LTY1Nzk3ODcuanBnfHx8fHx8fHx8fHw2NDB4NDgw.jpg"}]}},{"ad_id":"830413","reg_year":"2005","make":"Renault","model":"Grand Scenic","variant":"","mileage":"60000","engine_size":"1.4","fuel_type":"Diesel","body_type":null,"colour":"e0e0e0","location":"Dublin","price":"\u20ac 6,700","images":{"base_url":"http:\/\/i0.carsie.ie\/","image_list":[{"thumb":"YzY4NDA3ZDA2YmUzOWNjZjBjYjY2MGUwNzE0NWQzNjIWLxluv1W_lAOdorakrptQODMwNDEzLTY1Nzk5OTguanBnfHx8fHx8OTJ4Njl8fHx8fA==.jpg","main":"ZDU4OTIwZDZlZjE2ZDZiZjA3Y2JlZjAyNGQxOWMzOWWTG3r5SG0yPIuXOy2UYt-_ODMwNDEzLTY1Nzk5OTguanBnfHx8fHx8fHx8fHw0MDB4MzAw.jpg","large":"ZGFlN2VkYjFlZjJiNGM5OWEzNDYxMzBjMmI5MmVlOTHnnLtFsh3RASy6OiHyX6JuODMwNDEzLTY1Nzk5OTguanBnfHx8fHx8fHx8fHw2NDB4NDgw.jpg"}]}},{"ad_id":"865560","reg_year":"2005","make":"Renault","model":"Grand Scenic","variant":"1.4diesel, 384tax, FSH, new nct, IMMACULATE","mileage":"61000","engine_size":"1.5","fuel_type":"Diesel","body_type":"People Carrier","colour":"0000c0","location":"Dublin","price":"\u20ac 6,700","images":{"base_url":"http:\/\/i0.carsie.ie\/","image_list":[{"thumb":"MWQ4Mzc3NmRjMDAzN2YzY2ZlODQxODliMjQxMDYyYjj0ucgWIN5zWoo-o4s71S7bODY1NTYwLTY5NzE1MzIuanBnfHx8fHx8OTJ4Njl8fHx8fA==.jpg","main":"ODRlYWU5YmJlMTU5MDdkMDczYWNjZWQ2NWJhZGE3MzJckqUr4vWC62qycF6Z6hyEODY1NTYwLTY5NzE1MzIuanBnfHx8fHx8fHx8fHw0MDB4MzAw.jpg","large":"OWQxMjcwMGVlMDI3NTM0ZDFlZDc5MmI4ZDgwMzZlNjnsSQBLXBgUCJ2nxac8cN8RODY1NTYwLTY5NzE1MzIuanBnfHx8fHx8fHx8fHw2NDB4NDgw.jpg"}]}},{"ad_id":"883839","reg_year":"2006","make":"Toyota","model":"Corolla","variant":"1.4 Luna ","mileage":"67731","engine_size":"1.4","fuel_type":"Petrol","body_type":"Saloon","colour":"ff0000","location":"Tipperary","price":"\u20ac 6,700","images":{"base_url":"http:\/\/i0.carsie.ie\/","image_list":[{"thumb":"NGEwN2EzZTNjODE3YmM1YmE2ZmVhZDdmNTAwNDZlOTSjRKEkZjuuONody4NeFjHdODgzODM5LTcxOTgxNDUuanBnfHx8fHx8OTJ4Njl8fHx8fA==.jpg","main":"ZTExN2EwMzM1NWUxZWFlM2VhZTNmYTRlYmQyYTY1YTV7Lh5BeS8GIwNFzEP_3-QaODgzODM5LTcxOTgxNDUuanBnfHx8fHx8fHx8fHw0MDB4MzAw.jpg","large":"NTc0NjlhMjJmOGE0ZGIzZDMwYWVmOWRiYWE0YmFkNzRTZi_vByOQHwCFceO1AzdZODgzODM5LTcxOTgxNDUuanBnfHx8fHx8fHx8fHw2NDB4NDgw.jpg"}]}},{"ad_id":"897603","reg_year":"2006","make":"Nissan","model":"X-Trail","variant":"2.2D 2WD SX 06","mileage":"82000","engine_size":"2.2","fuel_type":"Diesel","body_type":"Estate","colour":"e0e0e0","location":"Meath","price":"\u20ac 6,745","images":{"base_url":"http:\/\/i0.carsie.ie\/","image_list":[{"thumb":"YjY2ODMyYmUwZTE4MDljMzhhOGIzYzMxZWRhNDBjYWGxlDdo8DhsrxEBcnttfRl2ODk3NjAzLTczNTU3NDUuanBnfHx8fHx8OTJ4Njl8fHx8fA==.jpg","main":"NjQxMDVjYzVmZWM5NGYxMTVhNjAxNDBkMjFjOTM1MDkfiB7M-aqsU6qsCCO0cznvODk3NjAzLTczNTU3NDUuanBnfHx8fHx8fHx8fHw0MDB4MzAw.jpg","large":"MmI5M2FmNTAyZDIxZmMwNmJhZDZiZDYwNWNlYWRlYWKJalj-Rf0d4A6BF5C0k1p6ODk3NjAzLTczNTU3NDUuanBnfHx8fHx8fHx8fHw2NDB4NDgw.jpg"}]}},{"ad_id":"889176","reg_year":"2007","make":"Opel","model":"Astra","variant":"1.4\"CLUB\" NCT 04\/15","mileage":"69950","engine_size":"1.4","fuel_type":"Petrol","body_type":"Hatchback","colour":"0000c0","location":"Dublin","price":"\u20ac 6,745","images":{"base_url":"http:\/\/i0.carsie.ie\/","image_list":[{"thumb":"MDI1NDgyM2VlMTBiZjk5ZDJiZjFkYmYyN2NkZjhjZTU4vq8qqwMMJaoNdQi9u7u_ODg5MTc2LTcyNjQ5MzQuanBnfHx8fHx8OTJ4Njl8fHx8fA==.jpg","main":"YzQwM2IzNTEwODBmYzBhMzU4MDM3ZGY3YjUxZGU0ZGYdsEJb8UZSpHmOpn5_N-oJODg5MTc2LTcyNjQ5MzQuanBnfHx8fHx8fHx8fHw0MDB4MzAw.jpg","large":"YzQ5N2Q3Mzg4ZTA1ODUzNTc3ZWQ1YmUyMjg0MTViNjiKOI43EDtYg_FOkDNIQSisODg5MTc2LTcyNjQ5MzQuanBnfHx8fHx8fHx8fHw2NDB4NDgw.jpg"}]}},{"ad_id":"889313","reg_year":"2006","make":"Toyota","model":"Corolla","variant":"1.4 Terra MC 5D","mileage":"47318","engine_size":"1.4","fuel_type":"Petrol","body_type":"Hatchback","colour":"e0e0e0","location":"Dublin","price":"\u20ac 6,745","images":{"base_url":"http:\/\/i0.carsie.ie\/","image_list":[{"thumb":"NTlhOWVhMDFmYTA2ZTVhMzY0NGI2MzM1YWQ2MTU2ZWKMNTEDt0MCV0WzZQVqxfsWODg5MzEzLTczNTczOTMuanBnfHx8fHx8OTJ4Njl8fHx8fA==.jpg","main":"YWJlMjE1OTNmZDgxYTkwYTgwYWE0MTBiYjlmOWQ2MzkHYSXXykLZpcM0BaEhutLrODg5MzEzLTczNTczOTMuanBnfHx8fHx8fHx8fHw0MDB4MzAw.jpg","large":"YWZjOGNkZjI3YjNkYzkwNGJiMWE1MTEwMTBkOTA3MmR2a9sJcG2T34LeLgH_EhtvODg5MzEzLTczNTczOTMuanBnfHx8fHx8fHx8fHw2NDB4NDgw.jpg"}]}},{"ad_id":"876827","reg_year":"2005","make":"Volkswagen","model":"Passat","variant":"DIESEL SPORT","mileage":"102000","engine_size":"1.9","fuel_type":"Diesel","body_type":"Saloon","colour":"e0e0e0","location":"Dublin","price":"\u20ac 6,745","images":{"base_url":"http:\/\/i0.carsie.ie\/","image_list":[{"thumb":"ZDMwODhlMTRjNzNjNmJiNTgyY2VlYmZmZDQ2ODMxOWbGy8rXBJRWd1y8TUYGPBBOODc2ODI3LTcxMDYxMzQuanBnfHx8fHx8OTJ4Njl8fHx8fA==.jpg","main":"ZThlOWQ0YzczMTA3NjEzNTJiYmIzNTcwYmJlNGFiYmbBXAeXMSrQ25B4_Yw1qYjRODc2ODI3LTcxMDYxMzQuanBnfHx8fHx8fHx8fHw0MDB4MzAw.jpg","large":"ZWE1ODUyYjFjMDRhMDdlYmRhYWNlZTZlNjNiMmJlNGb8ul3V6d-G9vmTIWPxL0WcODc2ODI3LTcxMDYxMzQuanBnfHx8fHx8fHx8fHw2NDB4NDgw.jpg"}]}},{"ad_id":"872784","reg_year":"2006","make":"Volkswagen","model":"Passat","variant":"COMFORTLINE 140 BHP 6SPD SPORT **NEW YEAR SPECIAL**","mileage":"149000","engine_size":"2.0","fuel_type":"Diesel","body_type":"Saloon","colour":"858585","location":"Meath","price":"\u20ac 6,745","images":{"base_url":"http:\/\/i0.carsie.ie\/","image_list":[{"thumb":"YTkzMGRmY2JiMWJjMDU0ODUxMjM3YmRmYmJiOTIwY2JtV-D5auxPYogBtoSApNEVODcyNzg0LTczMjEyMzYuanBnfHx8fHx8OTJ4Njl8fHx8fA==.jpg","main":"NmY2MmEzNGY0MmU0MmM3MmRhMDQ5YjIxNzQ4ZTAxY2RjNASniKlSsjlaUJImyTE9ODcyNzg0LTczMjEyMzYuanBnfHx8fHx8fHx8fHw0MDB4MzAw.jpg","large":"ZjhjODUwYjMwZTk1MmRlOWZmODM3MDg4ZmFiN2I3NWLNf-P_XZO7K7QqqJXDsio2ODcyNzg0LTczMjEyMzYuanBnfHx8fHx8fHx8fHw2NDB4NDgw.jpg"}]}},{"ad_id":"898529","reg_year":"2006","make":"Toyota","model":"Corolla","variant":"1.4 \/ NEW NCT MAY-14 \/ ONE CAREFUL OWNER \/ ONLY 55k \/ RELIABLE \/ ECONOMICAL \/ AS NEW \/ \"\"MUST BE SEEN\"\" \/ www. N4CARS. ie","mileage":"55000","engine_size":"1.4","fuel_type":"Petrol","body_type":null,"colour":"858585","location":"Dublin","price":"\u20ac 6,749","images":{"base_url":"http:\/\/i0.carsie.ie\/","image_list":[{"thumb":"MDUwMDBhOTkyOTM2NjIyODM4OWIwYzI3NGIyNDFkZGMBQ9CpzcUO50_6g9RXfDnLODk4NTI5LTczNjk1MjYuanBnfHx8fHx8OTJ4Njl8fHx8fA==.jpg","main":"YTg2MGZiYTdmMDkwMzIxYTUyYjc2ZTg4NmJiMDAxNDU-AJ4nSpKZsnWKG0d7q_vHODk4NTI5LTczNjk1MjYuanBnfHx8fHx8fHx8fHw0MDB4MzAw.jpg","large":"Njc3MWQ4ZGJlZjE5ODJjMDI5NzYzMWRhYWI5MmI3MzXGHKX5dgEaOwsv7HYa_TktODk4NTI5LTczNjk1MjYuanBnfHx8fHx8fHx8fHw2NDB4NDgw.jpg"}]}},{"ad_id":"872472","reg_year":"2006","make":"Alfa Romeo","model":"159","variant":"1.9 JTDM 180 BHP LUSSO","mileage":"54682","engine_size":"1.9","fuel_type":"Diesel","body_type":"Saloon","colour":"e0e0e0","location":"Dublin","price":"\u20ac 6,750","images":{"base_url":"http:\/\/i0.carsie.ie\/","image_list":[{"thumb":"NjIzMTYxYzdjZjU2Y2EwZTVkNWEzMjNkYmU4YTNiNWZbM03_He7moqw9FtHNuMlhODcyNDcyLTcwNDMyOTYuanBnfHx8fHx8OTJ4Njl8fHx8fA==.jpg","main":"MTBiNTA0ZTc2MWZlMGJkYTgyOTE2NDBhMGM3M2ExYzcHTKjaPHLi-uot_crrgsltODcyNDcyLTcwNDMyOTYuanBnfHx8fHx8fHx8fHw0MDB4MzAw.jpg","large":"YjRlZTk5YzA1YzhhMzVjZTMyZjA0OGUzNzY0OGU3MDabggkNruUhceoQnTCTJiZxODcyNDcyLTcwNDMyOTYuanBnfHx8fHx8fHx8fHw2NDB4NDgw.jpg"}]}},{"ad_id":"671069","reg_year":"2005","make":"Audi","model":"A3","variant":"1.6 Attraction 3Dr","mileage":"81204","engine_size":"1.6","fuel_type":"Petrol","body_type":"Hatchback","colour":"0000c0","location":"Tipperary","price":"\u20ac 6,750","images":{"base_url":"http:\/\/i0.carsie.ie\/","image_list":[{"thumb":"ZDA5M2Y5M2FlNzMxMjQ4OTE2NGU2YmIwODM4N2E2OGRNboGFFR3E7yoxEG2tZ1q6NjcxMDY5LTQ4MTA1NTguanBnfHx8fHx8OTJ4Njl8fHx8fA==.jpg","main":"MjhmZTE5OWZlNzQ1NzdmNGMwNzlhNzllODg4NmNmZDPNXjE7jX5nNsaUadVL3cSJNjcxMDY5LTQ4MTA1NTguanBnfHx8fHx8fHx8fHw0MDB4MzAw.jpg","large":"MmRhYzc5ZmM5ODU3ZjBmMTcxZjgwZDg5M2UzMWZjMWN1KTlx7V15TSxPkXYSNXrdNjcxMDY5LTQ4MTA1NTguanBnfHx8fHx8fHx8fHw2NDB4NDgw.jpg"}]}},{"ad_id":"884932","reg_year":"2004","make":"Audi","model":"A4","variant":"Avant TDI Sport","mileage":"153000","engine_size":"1.9","fuel_type":"Diesel","body_type":"Estate","colour":"0000c0","location":"Clare","price":"\u20ac 6,750","images":{"base_url":"http:\/\/i0.carsie.ie\/","image_list":[{"thumb":"ZjQ3MDgzZTlmNzA2YTZlZDRlY2EwOTAzNWFmZDU1Y2V_ys2kbflAuMhyThci1N9BODg0OTMyLTcyMDA4NjkuanBnfHx8fHx8OTJ4Njl8fHx8fA==.jpg","main":"OTU5YjE0YTIyNjYxYzMxMGQ2YTA3ZGQ1NWY3NjEzY2axQhpkuiN2hvZ6bvqVG7XRODg0OTMyLTcyMDA4NjkuanBnfHx8fHx8fHx8fHw0MDB4MzAw.jpg","large":"OWIyOTFlMThmNjhhNDBlODRjZWFhNDZmY2U2ZmFkZGWEgRoP7paYLPwffPB7PTo2ODg0OTMyLTcyMDA4NjkuanBnfHx8fHx8fHx8fHw2NDB4NDgw.jpg"}]}},{"ad_id":"883034","reg_year":"2004","make":"Audi","model":"A4","variant":"TDI 100 BHP 4DR","mileage":"101800","engine_size":"1.9","fuel_type":"Diesel","body_type":"Saloon","colour":"f0d2a0","location":"Cork","price":"\u20ac 6,750","images":{"base_url":"http:\/\/i0.carsie.ie\/","image_list":[{"thumb":"MzYzYjA3NDk5ODgzNjE4MDg5NDllZGFlOTJkYzI1ZDEUj3cEcTGJiY0qLeHNVLVmODgzMDM0LTcxOTI1MDEuanBnfHx8fHx8OTJ4Njl8fHx8fA==.jpg","main":"MjMxNDQ2OTJiY2RmZmU2ZDgwZDUyMzRjODYxMzdjYTm8LR5Cw-uvAPwedsVgAkyBODgzMDM0LTcxOTI1MDEuanBnfHx8fHx8fHx8fHw0MDB4MzAw.jpg","large":"MGQzZTI1OGFjYTdjMTVjYWIyMjNkY2Y5ZmVmNTcxY2IXXvkk322i4C-5cwL3Y-KCODgzMDM0LTcxOTI1MDEuanBnfHx8fHx8fHx8fHw2NDB4NDgw.jpg"}]}},{"ad_id":"807079","reg_year":"2000","make":"Audi","model":"Allroad","variant":"2.5 TDI QUATTRO 180BHP 05DR","mileage":"140000","engine_size":"2.5","fuel_type":"Diesel","body_type":"Hatchback","colour":"000000","location":"Dublin","price":"\u20ac 6,750","images":{"base_url":"http:\/\/i0.carsie.ie\/","image_list":[{"thumb":"OTljNTAyNzBhODE1Njg0YzU2YjgzMDY5NmZkN2Y2ZmOCQCQEqmSDxUBb-ub7zwLbODA3MDc5LTYyOTA4OTguanBnfHx8fHx8OTJ4Njl8fHx8fA==.jpg","main":"NTAyMTMxMjQ5ZjU0NGI1YjlhNjE4ZWI3MTg1ZjBlYzauzR5OadDfim0Aot1YHgGgODA3MDc5LTYyOTA4OTguanBnfHx8fHx8fHx8fHw0MDB4MzAw.jpg","large":"Yjk3ZmE2ZmMxZTY2YWJkNzRjMzUwNDM0YjBlMTQzYjYrcsQE25zceJ5P5SJkaz3HODA3MDc5LTYyOTA4OTguanBnfHx8fHx8fHx8fHw2NDB4NDgw.jpg"}]}}]}