{"total":"23408","result":[{"ad_id":"901642","reg_year":"2003","make":"Fiat","model":"Punto","variant":"1.2 Activesound","mileage":"44000","engine_size":"1.2","fuel_type":"Petrol","body_type":"Hatchback","colour":"0000c0","location":"Dublin","price":"\u20ac 1,950","images":{"base_url":"http:\/\/i0.carsie.ie\/","image_list":[{"thumb":"ZTI3OGJhMjJmZjE0YjU5MjFjOGI5NTJjZDNjZGY0ZTerOVuhkD_oVB2W6URkLxxPOTAxNjQyLTc0MjIwMzYuanBnfHx8fHx8OTJ4Njl8fHx8fA==.jpg","main":"M2I5YWQ0MTkxZTQ3Y2ViM2RjYjdmMjk4OGIzNWFiYzT1s20tnw4GWPC-MNF2UylyOTAxNjQyLTc0MjIwMzYuanBnfHx8fHx8fHx8fHw0MDB4MzAw.jpg","large":"NzJjOWU2YWIyNTk2ZjRhOTNlNTE3ZjVmMjczMmYxMGJWREwEMs_YrySjwSaUM1X7OTAxNjQyLTc0MjIwMzYuanBnfHx8fHx8fHx8fHw2NDB4NDgw.jpg"}]}},{"ad_id":"887141","reg_year":"2003","make":"Fiat","model":"Punto","variant":null,"mileage":"55149","engine_size":"1.2","fuel_type":"Petrol","body_type":null,"colour":"0000c0","location":"Galway","price":"\u20ac 1,950","images":{"base_url":"http:\/\/i0.carsie.ie\/","image_list":[{"thumb":"YTQ3NDgyYTI4NTg0ZGQ2OTc4OTY5YTgxZDY3NjFhZGIICwPIAhU9igBunkq-3Xs_ODg3MTQxLTcyMjkzNjcuanBnfHx8fHx8OTJ4Njl8fHx8fA==.jpg","main":"MjEwOTliZDkxMmE2NGY3Y2NiN2Q0MTAwNDU4MWU5MDHbQq1Sf-1kDKJi0ooh_Nl_ODg3MTQxLTcyMjkzNjcuanBnfHx8fHx8fHx8fHw0MDB4MzAw.jpg","large":"YzA2YTY3NzQ2MWNiNDNiYTg5MDE4ZjA5NjMyNDA1YTTfgdLfDGePxdbjH2kAmL00ODg3MTQxLTcyMjkzNjcuanBnfHx8fHx8fHx8fHw2NDB4NDgw.jpg"}]}},{"ad_id":"725994","reg_year":"2001","make":"Fiat","model":"Seicento","variant":"Sporting 1.2","mileage":"24000","engine_size":"1.1","fuel_type":"Petrol","body_type":"Hatchback","colour":"ffff00","location":"Laois","price":"\u20ac 1,950","images":{"base_url":"http:\/\/i0.carsie.ie\/","image_list":[{"thumb":"MTU4NjVmNDI5NDE4ZTlhMmNmYmY5OGUzMzM5NDcyNWFuSi-k1AyD6I0eFIUV2kZBNzI1OTk0LS5qcGd8fHx8fHw5Mng2OXx8fHx8.jpg","main":"NzhjOTc3YjdhZDUwZTU4YTY2ZTAyNDE2YjA0N2I0ZGOep3KKHrLI_6EtmF6o2g4WNzI1OTk0LS5qcGd8fHx8fHx8fHx8fDQwMHgzMDA=.jpg","large":"YzlkM2IwNDMzZTllMWY2ODI1MzA4OTE0MTQ4MDIzNDbBNB1mP8hvGjyIUe-3l8__NzI1OTk0LS5qcGd8fHx8fHx8fHx8fDY0MHg0ODA=.jpg"}]}},{"ad_id":"641297","reg_year":"2003","make":"Fiat","model":"Stilo","variant":"1.6 estate","mileage":"63000","engine_size":"1.6","fuel_type":"Petrol","body_type":"Estate","colour":"ff0000","location":"Cork","price":"\u20ac 1,950","images":{"base_url":"http:\/\/i0.carsie.ie\/","image_list":[{"thumb":"MWZhZmQ4NjJkZTU5M2YyMmE4Y2YxMWJiMjJhOGIyYTfj7w9USYuOMo1lKWlBVuc3NjQxMjk3LTQ1MTc0MTguanBnfHx8fHx8OTJ4Njl8fHx8fA==.jpg","main":"ODYyNjNlZWY4MjdiNzU5YmE0OGQxZDI4MmZiYTA1ZTK31-fbcq7LLIZG_icJh5euNjQxMjk3LTQ1MTc0MTguanBnfHx8fHx8fHx8fHw0MDB4MzAw.jpg","large":"ZDQ5MGVjNThhN2YyMmRkNGRjYjQyYTIxYjQzMzI5MmT29vo2UMFzmwkAXFmSnHJnNjQxMjk3LTQ1MTc0MTguanBnfHx8fHx8fHx8fHw2NDB4NDgw.jpg"}]}},{"ad_id":"899592","reg_year":"2002","make":"Fiat","model":"Stilo","variant":"1.2 Active Nct 2014+Tax6\/13 lovely car","mileage":"62000","engine_size":"1.2","fuel_type":"Petrol","body_type":"Hatchback","colour":"0000c0","location":"Dublin","price":"\u20ac 1,950","images":{"base_url":"http:\/\/i0.carsie.ie\/","image_list":[{"thumb":"ZmFmZWU3NmY3YTU5YmEwZmY3ZGY1MDJmZmM1MjMzNzQLBCMod9K5cfxPkXFWHr2xODk5NTkyLTczODA3MDguanBnfHx8fHx8OTJ4Njl8fHx8fA==.jpg","main":"MGY3NjIwNzc1MjFiZjI0NjdmYmZhNDhlZmNiMmVmMmRNHF0DzEX-I49TRfueQ15wODk5NTkyLTczODA3MDguanBnfHx8fHx8fHx8fHw0MDB4MzAw.jpg","large":"YzgxMjk0YTk4N2EyZDE1YTE2ZjY0YTZjNTdiYTQ1NDkRbxie5UKcVnM3fT5gAdYNODk5NTkyLTczODA3MDguanBnfHx8fHx8fHx8fHw2NDB4NDgw.jpg"}]}},{"ad_id":"897477","reg_year":"2002","make":"Ford","model":"Fiesta","variant":"FIESTA 1.25 ARGENTO FREESTYLE 5DR","mileage":"85120","engine_size":"1.2","fuel_type":"Petrol","body_type":null,"colour":"ff0000","location":"Carlow","price":"\u20ac 1,950","images":{"base_url":"http:\/\/i0.carsie.ie\/","image_list":[{"thumb":"MDg4YzE1OThiZjAzYWE3OTBlMzJiNDExMTE5ODgyMTD4Z8uXCt2wpjJIqwYMywK7ODk3NDc3LTczNTQ5MzUuanBnfHx8fHx8OTJ4Njl8fHx8fA==.jpg","main":"ODg0ZTZjNDZjNmFmMzgzNTk5OTdkZjQ0MTY0YjkwYmPiKXo9JMIhSKTiVnRyU-FlODk3NDc3LTczNTQ5MzUuanBnfHx8fHx8fHx8fHw0MDB4MzAw.jpg","large":"Yjc3MzBkOTBiMjZhMzUzMGZmYTM0MjJlYWYyYWU5ZGFW5EK6LrIYOLIXbwkVPvbJODk3NDc3LTczNTQ5MzUuanBnfHx8fHx8fHx8fHw2NDB4NDgw.jpg"}]}},{"ad_id":"641298","reg_year":"2001","make":"Ford","model":"Fiesta","variant":"1.25 flight 5 door","mileage":"110000","engine_size":"1.3","fuel_type":"Petrol","body_type":"Hatchback","colour":"ff0000","location":"Cork","price":"\u20ac 1,950","images":{"base_url":"http:\/\/i0.carsie.ie\/","image_list":[{"thumb":"ZmZhNGNlOTkxZGY4Y2FmYjRlZGYzNzc3NDhlZmM2ZWP91eZFYjpw_HE3wRa4-ZwINjQxMjk4LTQ1MTc0MjYuanBnfHx8fHx8OTJ4Njl8fHx8fA==.jpg","main":"N2RmMjNiODMxZmJhZjQyM2M5ZWZjYjkxOTc1ZjRiNjL3ZmU3QrJsJCvyztj4dV68NjQxMjk4LTQ1MTc0MjYuanBnfHx8fHx8fHx8fHw0MDB4MzAw.jpg","large":"NDFmNzU3OTlkOWI5YWViNzAyYzhlMmJkOTJkZTQ5NGF9jhX8qm1UxAae9q1suPj9NjQxMjk4LTQ1MTc0MjYuanBnfHx8fHx8fHx8fHw2NDB4NDgw.jpg"}]}},{"ad_id":"843868","reg_year":"2002","make":"Ford","model":"Focus","variant":"1.6 LX","mileage":"130000","engine_size":"1.6","fuel_type":"Petrol","body_type":"Saloon","colour":"ff0000","location":"Dublin","price":"\u20ac 1,950","images":{"base_url":"http:\/\/i0.carsie.ie\/","image_list":[{"thumb":"OTAxNTg5NDFjNDE4YjBjNWM3M2Q5ODg3ZTg0YzFiOThwGTNCb3c--UfWHewzTwTYODQzODY4LTY4NTUzOTQuanBnfHx8fHx8OTJ4Njl8fHx8fA==.jpg","main":"ZTZmYzdiMDcxNmI2OTQ1ZTE4MDY1NjBjZTcwNWQ4YWKbP-ouw3S5gOB_lFqaZgGYODQzODY4LTY4NTUzOTQuanBnfHx8fHx8fHx8fHw0MDB4MzAw.jpg","large":"YjE0Yjk2ZWY4MjhkMjRkMTU5OTk5ZjAzNGUzMjM5ODnJJuANYJ5c7lfnK5Y-bN75ODQzODY4LTY4NTUzOTQuanBnfHx8fHx8fHx8fHw2NDB4NDgw.jpg"}]}},{"ad_id":"854304","reg_year":"2003","make":"Ford","model":"Focus","variant":null,"mileage":"155000","engine_size":"1.6","fuel_type":"Petrol","body_type":null,"colour":"008000","location":"Laois","price":"\u20ac 1,950","images":{"base_url":"http:\/\/i0.carsie.ie\/","image_list":[{"thumb":"MjEzMWIyNThkYTRlYWJlOTc1M2U1ZjgwNDZlYjIwMGMTVogW3bRI3kdP4PE-wjK6ODU0MzA0LTY4NDQ2MDQuanBnfHx8fHx8OTJ4Njl8fHx8fA==.jpg","main":"NzczY2Q5NjgyZmNiMmMyZTk1NGQwNmY1NjgzYWFlODiYICfnn4s_1YmvwZVTjl_iODU0MzA0LTY4NDQ2MDQuanBnfHx8fHx8fHx8fHw0MDB4MzAw.jpg","large":"MzVjZWRlNjE4ZTU3MmJjYTIwOTUxNzhjZDExYzk2M2WE9l8ltsecMnuGWX7tk9kYODU0MzA0LTY4NDQ2MDQuanBnfHx8fHx8fHx8fHw2NDB4NDgw.jpg"}]}},{"ad_id":"902051","reg_year":"2002","make":"Ford","model":"Ka","variant":"LUX 2","mileage":"81000","engine_size":"1.3","fuel_type":"Petrol","body_type":"Hatchback","colour":"000000","location":"Wicklow","price":"\u20ac 1,950","images":{"base_url":"http:\/\/i0.carsie.ie\/","image_list":[{"thumb":"MzZmOTZiNzc3NmY4YTA2YjU2MTRmZmZhNWI1MjE0MjkDh1fDR3tXu78J6_rx3c9UOTAyMDUxLTc0Mjc0ODIuanBnfHx8fHx8OTJ4Njl8fHx8fA==.jpg","main":"M2QyYzQxZTdjMTYwNGQ2NGY4NjU4YTkzNzE2Yzc5YjIsP93bqwmVoBhklxJFsI_-OTAyMDUxLTc0Mjc0ODIuanBnfHx8fHx8fHx8fHw0MDB4MzAw.jpg","large":"ZmY5NTUzNTA1YjA0ZjMzOGNmODFiOTMzZGQxY2JjZjD9sTJy8Wpwh5uQiLVumlKtOTAyMDUxLTc0Mjc0ODIuanBnfHx8fHx8fHx8fHw2NDB4NDgw.jpg"}]}},{"ad_id":"889102","reg_year":"2001","make":"Ford","model":"Mondeo","variant":"1.8 LX","mileage":"112400","engine_size":"1.8","fuel_type":"Petrol","body_type":"Hatchback","colour":"008000","location":"Cork","price":"\u20ac 1,950","images":{"base_url":"http:\/\/i0.carsie.ie\/","image_list":[{"thumb":"OWU5ZDdiZTdiYmE2YzQ5Y2U2MmM5OTIxZjQ2MmZkM2XAc3BcPEgdvA8YatgbGbdAODg5MTAyLTcyNDEzODMuanBnfHx8fHx8OTJ4Njl8fHx8fA==.jpg","main":"NjIyMGNhNTA4MDY5NGY5Yzc0MGY4MDJiN2NjZjA0MjbOEWFAYNekNLN6-N08tAOWODg5MTAyLTcyNDEzODMuanBnfHx8fHx8fHx8fHw0MDB4MzAw.jpg","large":"ZTA0OTA4N2I4NjVjYWIyY2E2N2Y1YTU5YjdkODY0MWIqlRpib_Md-SJEEtCwoXU1ODg5MTAyLTcyNDEzODMuanBnfHx8fHx8fHx8fHw2NDB4NDgw.jpg"}]}},{"ad_id":"898737","reg_year":"2002","make":"Ford","model":"Mondeo","variant":"1.8I 4 DR LT","mileage":"60000","engine_size":"1.8","fuel_type":"Petrol","body_type":"Saloon","colour":"0000c0","location":"Cork","price":"\u20ac 1,950","images":{"base_url":"http:\/\/i0.carsie.ie\/","image_list":[{"thumb":"ZTQ5YWY5YjY3NzQ1MDFjMGJhYWJmODcyODQyOTgyODiLrBrWt1m688OhiIsAFU6dODk4NzM3LTczNjgzNTMuanBnfHx8fHx8OTJ4Njl8fHx8fA==.jpg","main":"Zjc0MGY2OGYwODhmYWI0MWRjMGI5ZWE0MWFiOGIzMDbfjwRR-h2DsNjqFx-JsX4AODk4NzM3LTczNjgzNTMuanBnfHx8fHx8fHx8fHw0MDB4MzAw.jpg","large":"YTEzOGJkMDQ2ODMxYjkwZWUwZjU5Mzc5NDkwZTVjMTjtSz849JCCT3ACGFRPivNyODk4NzM3LTczNjgzNTMuanBnfHx8fHx8fHx8fHw2NDB4NDgw.jpg"}]}},{"ad_id":"855725","reg_year":"2002","make":"Ford","model":"Mondeo","variant":"2.0I Executive","mileage":"104232","engine_size":"2.0","fuel_type":"Petrol","body_type":"Hatchback","colour":"0000c0","location":"Dublin","price":"\u20ac 1,950","images":{"base_url":"http:\/\/i0.carsie.ie\/","image_list":[{"thumb":"YTE2NzE2M2I5MDg4MTZlYTZkNDlhNjVkYzAyMjkyZGZb-xt6kE9Nd-x0-bFCw_jFODU1NzI1LTY5NzM1MTYuanBnfHx8fHx8OTJ4Njl8fHx8fA==.jpg","main":"ZmE0NmEyODFkOTY4ODAwODQzNjgwOGI4OGViODYzZTcOI4Ex4foJuoe5GhZpG9C0ODU1NzI1LTY5NzM1MTYuanBnfHx8fHx8fHx8fHw0MDB4MzAw.jpg","large":"NjcxZmMzODQ3ZGU5YjYyOGQ1MWJlMWI0M2M3NmFiYWMWHeC_IwxvjdfK1eLA2VYLODU1NzI1LTY5NzM1MTYuanBnfHx8fHx8fHx8fHw2NDB4NDgw.jpg"}]}},{"ad_id":"900896","reg_year":"2001","make":"Ford","model":"Mondeo","variant":"1.8 Zetec *JOHN KEOGH CARS*","mileage":"83500","engine_size":"1.8","fuel_type":"Petrol","body_type":"Hatchback","colour":"008000","location":"Dublin","price":"\u20ac 1,950","images":{"base_url":"http:\/\/i0.carsie.ie\/","image_list":[{"thumb":"NGFjYmFiMGU1NTczNmNmMmYzYWJiN2Y3ODhlYjdiOTl8alpcWqm7butYGTCXfHkuOTAwODk2LTc0MTI1MTguanBnfHx8fHx8OTJ4Njl8fHx8fA==.jpg","main":"ZTE5ZGZiZTFjNzczOTQyM2Y5YzkzNDAwNTQxMGMxNGHwsy40_bnBAcaJ17QSNl2rOTAwODk2LTc0MTI1MTguanBnfHx8fHx8fHx8fHw0MDB4MzAw.jpg","large":"OTcwZGU1N2VjMzRiNTBhYzk5NjQxOTJkM2JjN2M0NTLUQIvn1r3ys1BXHCd_r1WvOTAwODk2LTc0MTI1MTguanBnfHx8fHx8fHx8fHw2NDB4NDgw.jpg"}]}},{"ad_id":"851200","reg_year":"2005","make":"Ford","model":"Mondeo","variant":"mondeo 1.8 lx","mileage":"140043","engine_size":"1.8","fuel_type":"Petrol","body_type":"Saloon","colour":"e0e0e0","location":"Longford","price":"\u20ac 1,950","images":{"base_url":"http:\/\/i0.carsie.ie\/","image_list":[{"thumb":"YzRhNmFkZDkwYzY3NTdmZTkxYmVhOTQ1ZTRjZWJmNjFODS3g6mRyKfPzYXkZSX3vODUxMjAwLTY4MTA1OTkuanBnfHx8fHx8OTJ4Njl8fHx8fA==.jpg","main":"OTkzNGZlZDgzOGQyN2RkOGY0ODBiODg3Y2Q5ZTk0ZDR_fNbmMKc5QdQZM6nVG9gqODUxMjAwLTY4MTA1OTkuanBnfHx8fHx8fHx8fHw0MDB4MzAw.jpg","large":"YWU1ZTVmM2I5ZGM5OTFkYTE2NzczNmZkYzc2MGZjNTU2cmcBGR-ZQFgBlcxBwA7bODUxMjAwLTY4MTA1OTkuanBnfHx8fHx8fHx8fHw2NDB4NDgw.jpg"}]}},{"ad_id":"712346","reg_year":"1998","make":"Honda","model":"CR-V","variant":"GLi 2 .0","mileage":"108000","engine_size":"2.0","fuel_type":"Petrol","body_type":"SUV","colour":"000000","location":"Dublin","price":"\u20ac 1,950","images":{"base_url":"http:\/\/i0.carsie.ie\/","image_list":[{"thumb":"ZWE0YzYzOTcyYjk3MjdmMTI3M2NkZjI1ZjJmYzIzZThbq1QmUkzszLsJYgeI_gMRNzEyMzQ2LTUwNzEwMzAuanBnfHx8fHx8OTJ4Njl8fHx8fA==.jpg","main":"ODc3MjQyNmI2MjkwYTU4MDJmNThjYjQ2NTQ1Zjk1NDAF8Y-deiKXurx5hfxMQ--QNzEyMzQ2LTUwNzEwMzAuanBnfHx8fHx8fHx8fHw0MDB4MzAw.jpg","large":"MzJjNzU3OTAxNGI1NDNiZDZlZGQxZGI3ZWMwYThmN2JWYOeA256B8rDF8bX7mGM_NzEyMzQ2LTUwNzEwMzAuanBnfHx8fHx8fHx8fHw2NDB4NDgw.jpg"}]}},{"ad_id":"712328","reg_year":"1999","make":"Honda","model":"HR-V","variant":"","mileage":"90000","engine_size":"1.6","fuel_type":"Petrol","body_type":"Estate","colour":"ff0000","location":"Dublin","price":"\u20ac 1,950","images":{"base_url":"http:\/\/i0.carsie.ie\/","image_list":[{"thumb":"OWQ2YTk1ZjZkNjEzZWFkMGI5ODkzNzI3Y2E2MWVhNjCcpOHJmR_HHp5Vr-7b5fz5NzEyMzI4LTUwNzEwMTUuanBnfHx8fHx8OTJ4Njl8fHx8fA==.jpg","main":"NGZjOTdhYzJkZjg5M2Y1N2I5M2ExMDE0ZjNhY2ViOTnD0ex_TpckUou9o4RpSF_XNzEyMzI4LTUwNzEwMTUuanBnfHx8fHx8fHx8fHw0MDB4MzAw.jpg","large":"MTJhMjBmZjYxM2QyMGRkMzg0NWI3MzJiZjkwZTU1NWKH0HN9Tc33SBFFh780mvGSNzEyMzI4LTUwNzEwMTUuanBnfHx8fHx8fHx8fHw2NDB4NDgw.jpg"}]}},{"ad_id":"688774","reg_year":"2001","make":"Honda","model":"Legend","variant":"AUTO","mileage":"117000","engine_size":"3.5","fuel_type":"Petrol","body_type":"Saloon","colour":"858585","location":"Meath","price":"\u20ac 1,950","images":{"base_url":"http:\/\/i0.carsie.ie\/","image_list":[{"thumb":"NTFjMzg4MTgzYzUxNzcxYmQ5YjUxMDc4NDJmMzAwNjLjg0FSAVaf7kQKUB1sicMhNjg4Nzc0LTY3NDQ1MjIuanBnfHx8fHx8OTJ4Njl8fHx8fA==.jpg","main":"MjU2NWIzZjcyMzg2NzQ0MDc1ZWY0ZGM4OTRmNTY4NzhkJmTR1IUEePFC43HVeuvINjg4Nzc0LTY3NDQ1MjIuanBnfHx8fHx8fHx8fHw0MDB4MzAw.jpg","large":"OWE3NDliZGNiMjFjNGUwZWNhMDU3ODA4ZGUzZjc0OTF-sccJWVzcNrdf6lFDplboNjg4Nzc0LTY3NDQ1MjIuanBnfHx8fHx8fHx8fHw2NDB4NDgw.jpg"}]}},{"ad_id":"775010","reg_year":"1998","make":"Honda","model":"Legend","variant":"","mileage":"114894","engine_size":"3.5","fuel_type":"Petrol","body_type":"Saloon","colour":"000000","location":"Roscommon","price":"\u20ac 1,950","images":{"base_url":"http:\/\/i0.carsie.ie\/","image_list":[{"thumb":"MzJiYTMyOWE2MzczZDc0YWFjZTQ1ZmQ4N2E1Y2RhZjfhgT053giGHui1HZNusd1yNzc1MDEwLTU5MDI5MTAuanBnfHx8fHx8OTJ4Njl8fHx8fA==.jpg","main":"N2Y1Nzc1MWEwMjlhMjIzNzZhYWYwZDBkNGQyNmEzZDOuu4WW8TmLMWrFocvLZa4hNzc1MDEwLTU5MDI5MTAuanBnfHx8fHx8fHx8fHw0MDB4MzAw.jpg","large":"YTdmMjA2MzJlZjYyZDNmNmFlYjdkOTJjOTRhOWEwNDX32QQpt135kS8deCphwMGaNzc1MDEwLTU5MDI5MTAuanBnfHx8fHx8fHx8fHw2NDB4NDgw.jpg"}]}},{"ad_id":"894790","reg_year":"2002","make":"Hyundai","model":"Accent","variant":null,"mileage":"45962","engine_size":"1.3","fuel_type":"Petrol","body_type":null,"colour":"ffff00","location":"Cork","price":"\u20ac 1,950","images":{"base_url":"http:\/\/i0.carsie.ie\/","image_list":[{"thumb":"OTUxODM0NDM0ZDg3YmI2YjczZjBjOWIxMmVkZDU1NTS-qTgGbL7NCWS9VO0Z_ugXODk0NzkwLS5qcGd8fHx8fHw5Mng2OXx8fHx8.jpg","main":"NGI5Mjc5OWJkNzc2YTM1NWQ3YWMzYzNjYjdhOGY5NTgh2SHxc1d9vaUm3yZaN7_XODk0NzkwLS5qcGd8fHx8fHx8fHx8fDQwMHgzMDA=.jpg","large":"MmYyYmIxMzFmMzBkZGRkOTIzZWMzMDk2M2RiN2FmNTDQ13n7OoWH1FiZXcLyXaL-ODk0NzkwLS5qcGd8fHx8fHx8fHx8fDY0MHg0ODA=.jpg"}]}}]}