{"total":"23408","result":[{"ad_id":"868734","reg_year":"2003","make":"Iveco","model":"Daily","variant":"","mileage":"50000","engine_size":"2.5","fuel_type":"Diesel","body_type":"Other","colour":"ffffff","location":"Cork","price":"\u20ac 5,500","images":{"base_url":"http:\/\/i0.carsie.ie\/","image_list":[{"thumb":"N2NhNDMzMzAzNmRhM2VkYjgyN2ZhZjcwNDhhYmFhMmGbUpGwi4XEQfXD_fOKmY-rODY4NzM0LS5qcGd8fHx8fHw5Mng2OXx8fHx8.jpg","main":"NDhhY2VjODdjMGFmOTVkNzQ4ZWY1OGEzNWY5OTNlYzibhpgdD8fcquUXpsXD8XHBODY4NzM0LS5qcGd8fHx8fHx8fHx8fDQwMHgzMDA=.jpg","large":"NjhiZmQ4NWI2OTQ5NzI3NTM3MmJiNTdhMjUwMWQ1Yjg1yIZAfhRI_XIXQoozwa1WODY4NzM0LS5qcGd8fHx8fHx8fHx8fDY0MHg0ODA=.jpg"}]}},{"ad_id":"900810","reg_year":"2006","make":"Kia","model":"Cerato","variant":"1.6LX 5DR Auto","mileage":"35515","engine_size":"1.6","fuel_type":"Petrol","body_type":"Hatchback","colour":"ff0000","location":"Donegal","price":"\u20ac 5,500","images":{"base_url":"http:\/\/i0.carsie.ie\/","image_list":[{"thumb":"OWVkMTMyYzdkNzY3ZmY3ZTlhOGQ3NDU4ZTE0NTVjMmF8PRy77l9KVXxX3SQ6Tm_XOTAwODEwLTc0MDY0NjMuanBnfHx8fHx8OTJ4Njl8fHx8fA==.jpg","main":"OTA5NWRhOGY1Zjc0YmJkNGU2YTY4ZDUwOTAxZjI1YjW-f7ouoFr7QOwg24Tw5P3tOTAwODEwLTc0MDY0NjMuanBnfHx8fHx8fHx8fHw0MDB4MzAw.jpg","large":"ZjdmMjhiYzVjMTkyZTVhYmU4YzZjZDIzMGI2ZjBhNTlgBQkQe4ZUBmaJjoHQCnIOOTAwODEwLTc0MDY0NjMuanBnfHx8fHx8fHx8fHw2NDB4NDgw.jpg"}]}},{"ad_id":"901628","reg_year":"2005","make":"Kia","model":"Sorento","variant":"2.5 diesel auto","mileage":"108742","engine_size":"2.5","fuel_type":"Diesel","body_type":"SUV","colour":"000000","location":"Dublin","price":"\u20ac 5,500","images":{"base_url":"http:\/\/i0.carsie.ie\/","image_list":[{"thumb":"NjMzN2JhOWJiNjVkZGRkMTEyMjRmZmE1ZjcyOGRkNDCAXSkZ_eOuA6Uo2JI1_vaSOTAxNjI4LTc0MjE5MjQuanBnfHx8fHx8OTJ4Njl8fHx8fA==.jpg","main":"YjIzYzk4NDMzNTlkYzM3M2FmMGRkYTQzMTNkZGY2NThTR2bxlng4aCa750iCnuGbOTAxNjI4LTc0MjE5MjQuanBnfHx8fHx8fHx8fHw0MDB4MzAw.jpg","large":"ODJkYzc3NmNmMzUxYmY3OTI1MmIxYmYxZDFkNjE3MzOjTM2GSPoogUMsFKSDBOVcOTAxNjI4LTc0MjE5MjQuanBnfHx8fHx8fHx8fHw2NDB4NDgw.jpg"}]}},{"ad_id":"816510","reg_year":"2004","make":"Land Rover","model":"Freelander","variant":"S 05DR","mileage":"58000","engine_size":"1.8","fuel_type":"Petrol","body_type":"Estate","colour":"000000","location":"Dublin","price":"\u20ac 5,500","images":{"base_url":"http:\/\/i0.carsie.ie\/","image_list":[{"thumb":"YjhhZDdjMDY2Y2U3NGNjYjFmYzNjZWY4YTkyZTI5YjnqdRzW4CKjjnkgqApufChTODE2NTEwLTY0MTkwNDQuanBnfHx8fHx8OTJ4Njl8fHx8fA==.jpg","main":"MTg3MjMyMTI5NjYzMDA4YjU5YzAzMmEwOTg5NmIzMjYRtl7EninN82X4KSC04LCqODE2NTEwLTY0MTkwNDQuanBnfHx8fHx8fHx8fHw0MDB4MzAw.jpg","large":"NTkxM2NhNWUyNDI2ZTVkNTJkMzRkZjNmMTUzNWQ3MzA2m7fRA7GU5aPWUmslUIE_ODE2NTEwLTY0MTkwNDQuanBnfHx8fHx8fHx8fHw2NDB4NDgw.jpg"}]}},{"ad_id":"853491","reg_year":"2005","make":"Lexus","model":"IS 200","variant":"EXECUTIVE. ONLY 2 OWNERS FROM NEW. DRIVES VERY WELL. NEW NCT GUARANTEED!","mileage":"93287","engine_size":"2.0","fuel_type":"Petrol","body_type":"Saloon","colour":"e0e0e0","location":"Cork","price":"\u20ac 5,500","images":{"base_url":"http:\/\/i0.carsie.ie\/","image_list":[{"thumb":"NGM3MmU4NGE1ZTgxNWNmYWNiYzYxMjM3ZmRjNzE3MzEnez8yUAgjirJitZirBb6qODUzNDkxLTY4NTU4ODYuanBnfHx8fHx8OTJ4Njl8fHx8fA==.jpg","main":"MWE4MmM3NmYzODIwN2QwOGYxNjA2NDMwNWEwOGFiNTihTECjwhs72QaGL_4bSmtRODUzNDkxLTY4NTU4ODYuanBnfHx8fHx8fHx8fHw0MDB4MzAw.jpg","large":"MDJkZWZiZWQ2Y2Q2ZGYxNzZkMDFjZmU2ZDdmNjIxNDO5N-FC3BAE174TVA9eNivSODUzNDkxLTY4NTU4ODYuanBnfHx8fHx8fHx8fHw2NDB4NDgw.jpg"}]}},{"ad_id":"881988","reg_year":"2007","make":"Mazda","model":"Mazda6","variant":"1.8 4DR Touring","mileage":"69241","engine_size":"1.8","fuel_type":"Petrol","body_type":"Saloon","colour":"ff0000","location":"Cork","price":"\u20ac 5,500","images":{"base_url":"http:\/\/i0.carsie.ie\/","image_list":[{"thumb":"MjEzN2U3OGVjZDQ1MTNhNDZiMzNmMWYyNTAwMjI4OTSDGqvQQnMpaJjVkbJ2VwoPODgxOTg4LTcyNzYxMjkuanBnfHx8fHx8OTJ4Njl8fHx8fA==.jpg","main":"ZDVlMDE3NTkwYmFhZDcxOGY5N2Y0ODcyMDk0OWI0NTfu6ovLBG_ft3z537MmJ-XiODgxOTg4LTcyNzYxMjkuanBnfHx8fHx8fHx8fHw0MDB4MzAw.jpg","large":"NjFiZmMzYzhhZTBmMTk3Nzg1OWM1Y2UyNGRmNTkxZmJVMqfF6TSjKJ3kP7fw62sjODgxOTg4LTcyNzYxMjkuanBnfHx8fHx8fHx8fHw2NDB4NDgw.jpg"}]}},{"ad_id":"896317","reg_year":"2007","make":"Mazda","model":"Mazda6","variant":"1.8 4DR Touring","mileage":"42254","engine_size":"1.8","fuel_type":"Petrol","body_type":"Saloon","colour":"0000c0","location":"Cork","price":"\u20ac 5,500","images":{"base_url":"http:\/\/i0.carsie.ie\/","image_list":[{"thumb":"NGFiMTU5ZTQzOGNkZjM2YTNkMmMyZWM5MmZjY2E3ZjXLVLKebpXxQbzUhTnBHdj2ODk2MzE3LTczMzMzODguanBnfHx8fHx8OTJ4Njl8fHx8fA==.jpg","main":"ZmVjNmE0ZWJmYzFiZWMxZDUzNmQ5YmFkMmRkMmY0NTZ7-6-XmUqPKBW9xh4K9EjgODk2MzE3LTczMzMzODguanBnfHx8fHx8fHx8fHw0MDB4MzAw.jpg","large":"ZDkzNWEwNTEwMzNkZDkwMzhkNmJhMjkwYmJlMDJlMDD_DhGU4wCXHeKxn9Onxi9mODk2MzE3LTczMzMzODguanBnfHx8fHx8fHx8fHw2NDB4NDgw.jpg"}]}},{"ad_id":"901844","reg_year":"2007","make":"Mazda","model":"Mazda6","variant":"1.8 4DR Touring Nct2015+Tax10\/13","mileage":"47000","engine_size":"1.8","fuel_type":"Petrol","body_type":"Saloon","colour":"000000","location":"Dublin","price":"\u20ac 5,500","images":{"base_url":"http:\/\/i0.carsie.ie\/","image_list":[{"thumb":"ZjhhOWMzYmYyMzA5ZmU4MDRlNTZiMzUyOTE4MTZmOWW4Vjb861Rzr4jpxzTWBmoUOTAxODQ0LTc0MjU1OTMuanBnfHx8fHx8OTJ4Njl8fHx8fA==.jpg","main":"MDVkMGY4MTkyMjNhOGYzZTc4MmU3MzAzMjllNTA0ZDlR5MHTR2bndH9pDocKUBf-OTAxODQ0LTc0MjU1OTMuanBnfHx8fHx8fHx8fHw0MDB4MzAw.jpg","large":"Mjc4NzUxODY3ZDY2ZDg4YmU2N2Y4ZGZkODU5NWMyZWX2G7LEVDs4M-mJro4iwoqsOTAxODQ0LTc0MjU1OTMuanBnfHx8fHx8fHx8fHw2NDB4NDgw.jpg"}]}},{"ad_id":"874350","reg_year":"2003","make":"Mazda","model":"MX-5","variant":"Convertible","mileage":"79000","engine_size":"1.8","fuel_type":"Petrol","body_type":null,"colour":"0000c0","location":"Dublin","price":"\u20ac 5,500","images":{"base_url":"http:\/\/i0.carsie.ie\/","image_list":[{"thumb":"MzI4NGY5NmU3OGRmMDliNzBhMDNlNjhmNzU5ZmI5MWaKqHQS-h07KJ1oMUZU2vkIODc0MzUwLTcwNjk0NDguanBnfHx8fHx8OTJ4Njl8fHx8fA==.jpg","main":"ZTRiNjhiMjMyYzgwNTFiNjY5MjYzNmFkMTA1OGFiNDHuSd431rkZqpk7rn_GAFKKODc0MzUwLTcwNjk0NDguanBnfHx8fHx8fHx8fHw0MDB4MzAw.jpg","large":"NTkzYjRjZWRiNjExZWRiNTA2MGJjNDNkNDJlZWExMDefjVclT6_kEqNoiXf1BClNODc0MzUwLTcwNjk0NDguanBnfHx8fHx8fHx8fHw2NDB4NDgw.jpg"}]}},{"ad_id":"867142","reg_year":"2004","make":"Mazda","model":"RX-8","variant":"231BHP 04DR","mileage":"41212","engine_size":"1.7","fuel_type":"Petrol","body_type":"Coupe","colour":"e0e0e0","location":"Dublin","price":"\u20ac 5,500","images":{"base_url":"http:\/\/i0.carsie.ie\/","image_list":[{"thumb":"M2FlY2Y5Y2Q0ZjQyMjg4NDhhZjEyZmJmZDI2NGNiZmPpoeibqfr-iIN4Etd1jCrtODY3MTQyLTY5ODU0MTMuanBnfHx8fHx8OTJ4Njl8fHx8fA==.jpg","main":"ZmE1MjI4MTg3NzFmZjY5ZjA1ZTM4NjVhMzY2NWY2YWa1RBF3J-dFOGQ-b42L3_AEODY3MTQyLTY5ODU0MTMuanBnfHx8fHx8fHx8fHw0MDB4MzAw.jpg","large":"MTM5Y2I1YmFlNjA2ZjE4MzU2M2M0YmM1ODBlNWIyNjVvmh2koGs6rl4UBBFbilRvODY3MTQyLTY5ODU0MTMuanBnfHx8fHx8fHx8fHw2NDB4NDgw.jpg"}]}},{"ad_id":"896696","reg_year":"2004","make":"Mazda","model":"RX-8","variant":"SE3P 1.7 04DR A","mileage":"38000","engine_size":"1.7","fuel_type":"Petrol","body_type":"Coupe","colour":"e0e0e0","location":"Dublin","price":"\u20ac 5,500","images":{"base_url":"http:\/\/i0.carsie.ie\/","image_list":[{"thumb":"ZTc5NmViYzM0ZDdhZGFkOGMzZGUzOGFiODBmNmFhMmMY-Tzsk-P_tz6sL_P36_j_ODk2Njk2LTczNDU3NTkuanBnfHx8fHx8OTJ4Njl8fHx8fA==.jpg","main":"YjQ3MWEwMTAxNDljNzE1YjhkYzcyM2QwODI0MDVlM2bmkAkRdBVQ-8sqEqzs4bPRODk2Njk2LTczNDU3NTkuanBnfHx8fHx8fHx8fHw0MDB4MzAw.jpg","large":"MzM1ZGZhZTg0ZGMwY2JkZWM0ZmM1ZjgxYzFjZDE4YjV-PLWyhpUAqXsxStymgrilODk2Njk2LTczNDU3NTkuanBnfHx8fHx8fHx8fHw2NDB4NDgw.jpg"}]}},{"ad_id":"839520","reg_year":"2003","make":"Mercedes-Benz","model":"C 180","variant":"Kompressor","mileage":"120000","engine_size":"1.8","fuel_type":"Petrol","body_type":"Saloon","colour":"ff0000","location":"Limerick","price":"\u20ac 5,500","images":{"base_url":"http:\/\/i0.carsie.ie\/","image_list":[{"thumb":"MzM5ZDljMjk0MDYwMDVmOWNlMDBmMWU4N2FlMmUzOWI7xL4LS4T94uETKDxnokUVODM5NTIwLTY2ODA1MDAuanBnfHx8fHx8OTJ4Njl8fHx8fA==.jpg","main":"MzM1NDA0ZTAwYzZlMjk4MmRkMzI1N2U2YzcxNmY2Y2J-UTtCiaYRE6RoIukxtWIHODM5NTIwLTY2ODA1MDAuanBnfHx8fHx8fHx8fHw0MDB4MzAw.jpg","large":"MGE0YTRhMzRjMzk3YWVmZWZmODI0Y2FiYzRiNzU1YzbY8I4AEC35826i7fdAazOYODM5NTIwLTY2ODA1MDAuanBnfHx8fHx8fHx8fHw2NDB4NDgw.jpg"}]}},{"ad_id":"886143","reg_year":"2004","make":"Mercedes-Benz","model":"C 200","variant":"AUTOMATIC ","mileage":"70000","engine_size":"1.8","fuel_type":"Petrol","body_type":"Saloon","colour":"0000c0","location":"Dublin","price":"\u20ac 5,500","images":{"base_url":"http:\/\/i0.carsie.ie\/","image_list":[{"thumb":"ZTQyNmY2ZjE1MjI2ZjUzOGFmN2JjOGZhZjgyNDZjNDajetZCcw3LuM386w_7p-BYODg2MTQzLTcyMTE4MTEuanBnfHx8fHx8OTJ4Njl8fHx8fA==.jpg","main":"ZDdhZDIwMTkxNjZmMGZlNjVjNGJiZWEyNDgwMzIxYjmieKKGNf3NN71YWCrvm9BuODg2MTQzLTcyMTE4MTEuanBnfHx8fHx8fHx8fHw0MDB4MzAw.jpg","large":"MmIwZDM2MGMwM2NhZGRkNTZmODI1YjcyN2QyYzZiYjjRVhrAGCgwYbJEbG0sUqhPODg2MTQzLTcyMTE4MTEuanBnfHx8fHx8fHx8fHw2NDB4NDgw.jpg"}]}},{"ad_id":"874997","reg_year":"2003","make":"Mercedes-Benz","model":"E 200","variant":"KOMPRESSOR ","mileage":"99900","engine_size":"1.8","fuel_type":"Petrol","body_type":"Saloon","colour":"e0e0e0","location":"Dublin","price":"\u20ac 5,500","images":{"base_url":"http:\/\/i0.carsie.ie\/","image_list":[{"thumb":"MmFhZmM1MjNhMmI5ZTE1YzFlYjdkNjBjZjI0NzM5NDZA9NqOpfXfs0rKTx3OACJkODc0OTk3LTcwNzc2NDcuanBnfHx8fHx8OTJ4Njl8fHx8fA==.jpg","main":"YmNlZDQ1MDEyOWJlMDI0ZDgzMTVhNzEwNjVlZjkyNjjCJqJUdLOFPYOccxV2Ylj-ODc0OTk3LTcwNzc2NDcuanBnfHx8fHx8fHx8fHw0MDB4MzAw.jpg","large":"ZWQ0NzY2NDcxZGU4NzkyNTVmYjdmNmI2ZTlmNjBjMjjq4vmQuKP405wSMuMZw8d1ODc0OTk3LTcwNzc2NDcuanBnfHx8fHx8fHx8fHw2NDB4NDgw.jpg"}]}},{"ad_id":"891773","reg_year":"2004","make":"Mercedes-Benz","model":"E 200","variant":"Kompressor","mileage":"87000","engine_size":"1.8","fuel_type":"Petrol","body_type":"Saloon","colour":"0000c0","location":"Dublin","price":"\u20ac 5,500","images":{"base_url":"http:\/\/i0.carsie.ie\/","image_list":[{"thumb":"YzM5ZTVmZDJmNjg5N2JkYmY1NDg3NzljMjk0MjViNTVB8cPPaQcMPPE9IHMb7gnkODkxNzczLTcyNjY2OTMuanBnfHx8fHx8OTJ4Njl8fHx8fA==.jpg","main":"NWQ2MmIzMDRmM2Y0ZDBkMGY0MTE2NzU1Y2VjM2EzNmRQqXWp1yZbgy5x8cx21FAFODkxNzczLTcyNjY2OTMuanBnfHx8fHx8fHx8fHw0MDB4MzAw.jpg","large":"NGNmY2Q0ZmIwZTEwMjM1MmU3YjViMDBiZmY2YmM0MmGNBEkW_llNugTuQMlCdG0mODkxNzczLTcyNjY2OTMuanBnfHx8fHx8fHx8fHw2NDB4NDgw.jpg"}]}},{"ad_id":"897700","reg_year":"2005","make":"Mercedes-Benz","model":"E 320","variant":"Mercedes-benz A\/T 04DR A E350 AVANT-GARDE","mileage":"119550","engine_size":"3.5","fuel_type":"Petrol","body_type":"Saloon","colour":"000000","location":"Laois","price":"\u20ac 5,500","images":{"base_url":"http:\/\/i0.carsie.ie\/","image_list":[{"thumb":"ZjRjYWNkN2UwYTRkMWU5ZDk0YWQwZWFiYzU0MWQ2ZWVKVS-0lLIAVZpGoiEabq6OODk3NzAwLTczNzUwMzUuanBnfHx8fHx8OTJ4Njl8fHx8fA==.jpg","main":"ZTc0NjlkMzRiMWEyMmZhZmE2OTA2NTkxOWU1YzZiMTbTl8C_bbHSEv4zxexkKHCBODk3NzAwLTczNzUwMzUuanBnfHx8fHx8fHx8fHw0MDB4MzAw.jpg","large":"ODFiMjM1OTg5YTE1ZGI1ZWVhMTcxODQ3NzYzNjM3Y2N9wsp7YGYTT8TdgPA5YtK3ODk3NzAwLTczNzUwMzUuanBnfHx8fHx8fHx8fHw2NDB4NDgw.jpg"}]}},{"ad_id":"859468","reg_year":"2003","make":"Mercedes-Benz","model":"Vito","variant":"2.0 7seater**WHEELCHAIR FRIENDLY *","mileage":"100000","engine_size":"2.2","fuel_type":"Diesel","body_type":null,"colour":"ffffff","location":"Cork","price":"\u20ac 5,500","images":{"base_url":"http:\/\/i0.carsie.ie\/","image_list":[{"thumb":"MDk4YzRhZjBlMGRhNjRhM2IyODQwNTM2ODhjNDJmMDZ97kGydnj2G1t_XLRuBgqIODU5NDY4LTY4OTgxNTQuanBnfHx8fHx8OTJ4Njl8fHx8fA==.jpg","main":"MmU2YmFkMDg2NDk5ZDE1ZTI3OGMxNDU3NTQ4OWQwMTd2Vi9uSRXnYJcMfqyKxUOtODU5NDY4LTY4OTgxNTQuanBnfHx8fHx8fHx8fHw0MDB4MzAw.jpg","large":"ZTUzYzJiYjc2NjBlNTE3NmQ3OWUyNDM0NWUyNGE4ZGHpdHQF63W4KX1fAEnReVDtODU5NDY4LTY4OTgxNTQuanBnfHx8fHx8fHx8fHw2NDB4NDgw.jpg"}]}},{"ad_id":"857366","reg_year":"2004","make":"Mini","model":"Cooper","variant":"1.6","mileage":"70000","engine_size":"1.6","fuel_type":"Petrol","body_type":"Saloon","colour":"ff0000","location":"Cork","price":"\u20ac 5,500","images":{"base_url":"http:\/\/i0.carsie.ie\/","image_list":[{"thumb":"OTA5MTliYjM5MDkyZDEwZDc5MzVlNzkyOGJjNzFjMWSv-IIUFpoeRdmolDXEpCCEODU3MzY2LTY4NzYwNDguanBnfHx8fHx8OTJ4Njl8fHx8fA==.jpg","main":"OWE5ZmQ2OTRhNzkwMjI4MjBkOWI1NWNiYTI0Zjg1YjDn8G-X9KigaSaW8AJ1yCsTODU3MzY2LTY4NzYwNDguanBnfHx8fHx8fHx8fHw0MDB4MzAw.jpg","large":"OTU2MTU1M2RjY2IzM2Y0Y2NkNTg4ZjZmMGFhOTBhZjZWXu7WTjB6W3II1mm9UwA_ODU3MzY2LTY4NzYwNDguanBnfHx8fHx8fHx8fHw2NDB4NDgw.jpg"}]}},{"ad_id":"725829","reg_year":"2005","make":"Mitsubishi","model":"Lancer","variant":"1.6 Comfort","mileage":"24000","engine_size":"1.6","fuel_type":"Petrol","body_type":"Saloon","colour":"ff0000","location":"Laois","price":"\u20ac 5,500","images":{"base_url":"http:\/\/i0.carsie.ie\/","image_list":[{"thumb":"ODhhOGY5ZmVmMDY5MDdhNGRmYzVjODVjMDliMDUzMzimyr1BUaG2yFaLc46VMxEONzI1ODI5LTUyNTAyNDguanBnfHx8fHx8OTJ4Njl8fHx8fA==.jpg","main":"NmZkY2ZiNWQ4MGZhODA0NDAyNjg5NTE2ZDBiOTI0NWY9pAlAN3l0PlfFoU9GiyxCNzI1ODI5LTUyNTAyNDguanBnfHx8fHx8fHx8fHw0MDB4MzAw.jpg","large":"NWJmNmFjMTliMDQ0YjU3MjgwNmI2YmQ5NGU2N2E4ZTN-VLGH8FpPUs-RRY0nlUB4NzI1ODI5LTUyNTAyNDguanBnfHx8fHx8fHx8fHw2NDB4NDgw.jpg"}]}},{"ad_id":"880816","reg_year":"2005","make":"Mitsubishi","model":"Pajero","variant":"SPORT LWB A-CON","mileage":"994354","engine_size":"2.5","fuel_type":"Diesel","body_type":"Hatchback","colour":"0000c0","location":"Dublin","price":"\u20ac 5,500","images":{"base_url":"http:\/\/i0.carsie.ie\/","image_list":[{"thumb":"YmQ2YThiODc3Mjc5NTA4MDBiODQzZmNmZWQxODE5OTQe0TzqYEo8O8iQ5mS3XU5_ODgwODE2LTcxNDY5MDAuanBnfHx8fHx8OTJ4Njl8fHx8fA==.jpg","main":"MWIwOGZhOTY0ODc0OTYxODBiZmEzYzc0M2Y4M2IwNDkRJotckS0BLa3rgh-25mY0ODgwODE2LTcxNDY5MDAuanBnfHx8fHx8fHx8fHw0MDB4MzAw.jpg","large":"NDEwZDE0ZDJkYjA5YjViNDdlOGMyMmExZTQzYzIyY2SejjyeHC4hSXVlfhAzto7NODgwODE2LTcxNDY5MDAuanBnfHx8fHx8fHx8fHw2NDB4NDgw.jpg"}]}}]}