{"total":"23408","result":[{"ad_id":"891318","reg_year":"2008","make":"Nissan","model":"Tiida","variant":"1.5 DSL SE","mileage":"","engine_size":"1.5","fuel_type":"Diesel","body_type":"Saloon","colour":"e0e0e0","location":"Westmeath","price":"\u20ac 8,950","images":{"base_url":"http:\/\/i0.carsie.ie\/","image_list":[{"thumb":"ODJhYjIzMTA0NGFkMjFjYTg0NWRlNjQxNzA5NTkyZDSxaDVbK6RWu2ey2shYoGMEODkxMzE4LTcyNjE5NjEuanBnfHx8fHx8OTJ4Njl8fHx8fA==.jpg","main":"NWQ5MmI4YjZlMGMzN2JmNGQyOGQxYmMwNjE2ZDQ5ODE6yv_SvYufTPpNKOIW7uVVODkxMzE4LTcyNjE5NjEuanBnfHx8fHx8fHx8fHw0MDB4MzAw.jpg","large":"ZDM1YmViNzVkNmUyNTI3NmUwODllNzg5ZTQ5Y2FjYTlEklv5mObcB8dCkRqNcWwRODkxMzE4LTcyNjE5NjEuanBnfHx8fHx8fHx8fHw2NDB4NDgw.jpg"}]}},{"ad_id":"901889","reg_year":"2008","make":"Nissan","model":"X-Trail","variant":"NEW 2.0D SE 2WD Commercial","mileage":"78294","engine_size":"2.0","fuel_type":"Diesel","body_type":"Van","colour":"e0e0e0","location":"Carlow","price":"\u20ac 8,950","images":{"base_url":"http:\/\/i0.carsie.ie\/","image_list":[{"thumb":"MjMzN2RhNWNkODM1MWEzNjEwNWU3ODBjYzYwNmM0NjGptttb3WPl7I5_IN-5ZJYSOTAxODg5LTc0MjczNDcuanBnfHx8fHx8OTJ4Njl8fHx8fA==.jpg","main":"Njk4MGQ2ZDI3YmRkYzc2YzU0MzRlNmZhNDE0ZmQ5MDIX8AxDOZ06yEiUbmAVsBoQOTAxODg5LTc0MjczNDcuanBnfHx8fHx8fHx8fHw0MDB4MzAw.jpg","large":"ZjY0NTQzN2VmNDc3OTYxYTFmZmFjZjZlZDkyNzM4ODTv38J11iytzYYUjVISA6JyOTAxODg5LTc0MjczNDcuanBnfHx8fHx8fHx8fHw2NDB4NDgw.jpg"}]}},{"ad_id":"861865","reg_year":"2007","make":"Nissan","model":"X-Trail","variant":"2.2dsl Elegance","mileage":"74566","engine_size":"2.2","fuel_type":"Diesel","body_type":"SUV","colour":"e0e0e0","location":"Cork","price":"\u20ac 8,950","images":{"base_url":"http:\/\/i0.carsie.ie\/","image_list":[{"thumb":"NTkxZWVkNzU5ODdlOWRhOTE2MjQ3ZmI4NDNlMmI4ODSiMT9uDLoW7zmSW-9iaNASODYxODY1LTY5MjQwMzUuanBnfHx8fHx8OTJ4Njl8fHx8fA==.jpg","main":"ZTIyODc4MDMwNWNiODYyNzNmMjhjNTZiYTM3ZWU4NGYbnqIxybe4jRVVWP664YnhODYxODY1LTY5MjQwMzUuanBnfHx8fHx8fHx8fHw0MDB4MzAw.jpg","large":"MTcwNTNkM2MwNGJlMTA3YmI2YjliYjY0NjFhNTY2NDZRC6SCybhzafc6_Qo1Y6OdODYxODY1LTY5MjQwMzUuanBnfHx8fHx8fHx8fHw2NDB4NDgw.jpg"}]}},{"ad_id":"836236","reg_year":"2008","make":"Nissan","model":"X-Trail","variant":"VAN-150 BHP SE-\"12 MONTHS WARRANTY AND 1 YEARS TAX\"-TRADE IN-NEW D. O. E","mileage":"87140","engine_size":"2.0","fuel_type":"Diesel","body_type":"Van","colour":"e0e0e0","location":"Dublin","price":"\u20ac 8,950","images":{"base_url":"http:\/\/i0.carsie.ie\/","image_list":[{"thumb":"MzA3NDBkZmEyOTkxOGQ2OGIyNmQ3NTExYzNiM2FkNzh-D8y9EuhmA7dtWL8gFzc3ODM2MjM2LTY2NjMxMDAuanBnfHx8fHx8OTJ4Njl8fHx8fA==.jpg","main":"NjQxMGQ5NzViNWI1MmE0MmFhM2I4YTRlNjZmMjk1YTep7Eb6mTOee4UveCWRMuCTODM2MjM2LTY2NjMxMDAuanBnfHx8fHx8fHx8fHw0MDB4MzAw.jpg","large":"YTY5Y2VkNzUxNmNiZjIwZmRjOTFkOGViYTNhZWNkZWKPoNRQKIPoqMoG5JYsW5iqODM2MjM2LTY2NjMxMDAuanBnfHx8fHx8fHx8fHw2NDB4NDgw.jpg"}]}},{"ad_id":"844536","reg_year":"2008","make":"Nissan","model":"X-Trail","variant":"X-TRIAL VAN-\"1 YEARS TAX AND 1 YEARS WARRANTY-TRADE IN-AS BRAND NEW","mileage":"87140","engine_size":"2.0","fuel_type":"Diesel","body_type":"Van","colour":"e0e0e0","location":"Dublin","price":"\u20ac 8,950","images":{"base_url":"http:\/\/i0.carsie.ie\/","image_list":[{"thumb":"MDIyYjU1NTBjMDNmNzUwYzNmMDFhMjE2ZGI1Y2YzMGRKQakoGsxBF36_CPX1nrogODQ0NTM2LTY3Mzc0MDEuanBnfHx8fHx8OTJ4Njl8fHx8fA==.jpg","main":"YjQ5OWM3ZTMyZGM2YzhjZTlhMjgwOTQ3ZDcxMTAyMjFVrhnDWpmwyATxbUDeuFziODQ0NTM2LTY3Mzc0MDEuanBnfHx8fHx8fHx8fHw0MDB4MzAw.jpg","large":"ODdlMWU2MTE5NDM2NWFlYjMyNjU4MjU3MDUxYmQ2MmY2f0gx4bB5EqKATCYioufMODQ0NTM2LTY3Mzc0MDEuanBnfHx8fHx8fHx8fHw2NDB4NDgw.jpg"}]}},{"ad_id":"879642","reg_year":"2008","make":"Nissan","model":"X-Trail","variant":"SE COMMERCIAL 150HP--BRILLIANT VALUE--","mileage":"56387","engine_size":"2.0","fuel_type":"Diesel","body_type":"Van","colour":"0000c0","location":"Dublin","price":"\u20ac 8,950","images":{"base_url":"http:\/\/i0.carsie.ie\/","image_list":[{"thumb":"ZWIyNjM1NTg0YTdjZWEzOWRjMWJhNjY0ZDFiODM5N2QH6wvlmSRx3dC0X4avvumJODc5NjQyLTcxMzA1NzguanBnfHx8fHx8OTJ4Njl8fHx8fA==.jpg","main":"MjI3NzZjNzRkY2MwNjgyZTJiODg2NjY1ZmNiOTJjY2XxNu4JeCau3A4p9IPcpdKDODc5NjQyLTcxMzA1NzguanBnfHx8fHx8fHx8fHw0MDB4MzAw.jpg","large":"NmY3ZTUwY2ExYzVkMmVlN2ZmMTBkMDY5MWI0ZTdkOGQdt1y0i1YpwoGDRKy2BUyaODc5NjQyLTcxMzA1NzguanBnfHx8fHx8fHx8fHw2NDB4NDgw.jpg"}]}},{"ad_id":"871663","reg_year":"2008","make":"Nissan","model":"X-Trail","variant":"VAN-150 BHP SE-\"12 MONTHS WARRANTY AND 1 YRS TAX\"-TRADE IN-AS BRAND NEW-FASSNIDGE MOTOR GROUP","mileage":"87159","engine_size":"2.0","fuel_type":"Diesel","body_type":"Van","colour":"e0e0e0","location":"Waterford","price":"\u20ac 8,950","images":{"base_url":"http:\/\/i0.carsie.ie\/","image_list":[{"thumb":"NTZjNDI1OTM0MjZjNzk1NDM5OWJjYmMzYWFlZGI4MjlrB72SEErYt6LqK_0RI0rWODcxNjYzLTcwMzg1MDkuanBnfHx8fHx8OTJ4Njl8fHx8fA==.jpg","main":"MzE4MjU4NzY4ZDYwNDk5YjBmODZmYzdiOGVkMzcyMWN36lait8UT5w3J6cJP6JK4ODcxNjYzLTcwMzg1MDkuanBnfHx8fHx8fHx8fHw0MDB4MzAw.jpg","large":"Mzk3ZjE4Zjg3ODQwYjMzNzZjNTM4MmZiZjI3NTFhM2Yqslo0y2OnKXtz5d4hHWk5ODcxNjYzLTcwMzg1MDkuanBnfHx8fHx8fHx8fHw2NDB4NDgw.jpg"}]}},{"ad_id":"871665","reg_year":"2008","make":"Nissan","model":"X-Trail","variant":"X-TRIAL VAN-\"1 YEARS TAX AND NEW D. O. E\"-TRADE IN-AS NEW-ALL EXTRAS","mileage":"87159","engine_size":"2.0","fuel_type":"Diesel","body_type":"Van","colour":"e0e0e0","location":"Waterford","price":"\u20ac 8,950","images":{"base_url":"http:\/\/i0.carsie.ie\/","image_list":[{"thumb":"ZWNiMjE2ZTFkYmZkMzBlYjlhNmM5ZjZmOTJkODZmNTH0-iz6Do8Dnkiq69xZcSNQODcxNjY1LTcwMzg1MjUuanBnfHx8fHx8OTJ4Njl8fHx8fA==.jpg","main":"ODQyZGExODA4MzFlMTBkOWMzMGJhNTg2YjVlNGMxYWRqWkPMdwprZlJOgvw34gq0ODcxNjY1LTcwMzg1MjUuanBnfHx8fHx8fHx8fHw0MDB4MzAw.jpg","large":"MDFlODZkMWJiMTI5Y2U0OWQxM2U4OTAyOGNmNzQ4MzBm0Ml52YixNl_m8_NGhFTSODcxNjY1LTcwMzg1MjUuanBnfHx8fHx8fHx8fHw2NDB4NDgw.jpg"}]}},{"ad_id":"889600","reg_year":"2008","make":"Opel","model":"Antara","variant":"2.0CDTi Elegance - Commercial","mileage":"78125","engine_size":"2.0","fuel_type":"Diesel","body_type":"Estate","colour":"0000c0","location":"Dublin","price":"\u20ac 8,950","images":{"base_url":"http:\/\/i0.carsie.ie\/","image_list":[{"thumb":"OGEwMjE3NWFkZjI5NmY3MjNmN2U4NmYzZTQ4MzA5OGV2uc8NaToKYVnNYMGmst67ODg5NjAwLS5qcGd8fHx8fHw5Mng2OXx8fHx8.jpg","main":"NWY0YjgzZGM5NjY0Yjc5YjBjYTJkMjIxMmFlMWQ1MmFUpq9EBfClR61-41RqfRY0ODg5NjAwLS5qcGd8fHx8fHx8fHx8fDQwMHgzMDA=.jpg","large":"YTdjMWE2YjViNDRkNDBhOWRkZWRiMjVjYjliNmE0NTcwsoYtKNi_9XMfncossASmODg5NjAwLS5qcGd8fHx8fHx8fHx8fDY0MHg0ODA=.jpg"}]}},{"ad_id":"898623","reg_year":"2008","make":"Opel","model":"Antara","variant":"COMMERCIAL","mileage":"56546","engine_size":"2.0","fuel_type":"Diesel","body_type":"Van","colour":"000000","location":"Dublin","price":"\u20ac 8,950","images":{"base_url":"http:\/\/i0.carsie.ie\/","image_list":[{"thumb":"MjEyOTFiYTc5ZmFiZmMwOGY4YjAxNTVlNmEwYTQ0YWbUUG6TWl7LWgCG76fql0mAODk4NjIzLTczNjY1NTcuanBnfHx8fHx8OTJ4Njl8fHx8fA==.jpg","main":"MmIwZmI2YTMzOTU1NmNiODNjMGRkNmE0MmZlZDE3Nzf6AOhbOoAYbxaqky-hIunuODk4NjIzLTczNjY1NTcuanBnfHx8fHx8fHx8fHw0MDB4MzAw.jpg","large":"NjgxNTI4NThjYWQzNmViNjkwYmRiNjdhZmEzM2IyNmRpv0zqWQvxP5mp6O-5y0TSODk4NjIzLTczNjY1NTcuanBnfHx8fHx8fHx8fHw2NDB4NDgw.jpg"}]}},{"ad_id":"870672","reg_year":"2008","make":"Opel","model":"Astra","variant":"1.7 Club Cdti 100BHP","mileage":"88081","engine_size":"1.7","fuel_type":"Diesel","body_type":"Hatchback","colour":"e0e0e0","location":"Donegal","price":"\u20ac 8,950","images":{"base_url":"http:\/\/i0.carsie.ie\/","image_list":[{"thumb":"ZjBhMGQ1MjgxMzc4MWJiNzBjZTAzOWI5YzQzYjQzNjZwdMVeQK5SyfwMek_fmjQ1ODcwNjcyLTcwNTUxMTYuanBnfHx8fHx8OTJ4Njl8fHx8fA==.jpg","main":"MjVmNjg2NjViMzVjMzc3ZjI5OTVkZTVmNTY4YzZmMmZsB-KGOKiuaEnBJXEgHPriODcwNjcyLTcwNTUxMTYuanBnfHx8fHx8fHx8fHw0MDB4MzAw.jpg","large":"Y2ZjYzA4OGYzYjExMjJiOGQ0OWE0ZTdkMWNiYmFhZTW45Eq6XRkMVjoYVa2ulwkNODcwNjcyLTcwNTUxMTYuanBnfHx8fHx8fHx8fHw2NDB4NDgw.jpg"}]}},{"ad_id":"884538","reg_year":"2008","make":"Opel","model":"Astra","variant":"SXI 1.4I 16V","mileage":"65000","engine_size":"1.4","fuel_type":"Petrol","body_type":"Hatchback","colour":"f0d2a0","location":"Dublin","price":"\u20ac 8,950","images":{"base_url":"http:\/\/i0.carsie.ie\/","image_list":[{"thumb":"MDUwYmIxMzY5NjJjOTkyYWJiMjEyNWJlNzI4N2FlMTemRoy8zuesLSV3IXJxcJYcODg0NTM4LTcxOTQ3MDcuanBnfHx8fHx8OTJ4Njl8fHx8fA==.jpg","main":"OWIxMGUxYTM5NTY4Y2NlMDU4NjJlNDNiYTY0Mzg5YWH9ciFjbDddKF-qs9S_QIniODg0NTM4LTcxOTQ3MDcuanBnfHx8fHx8fHx8fHw0MDB4MzAw.jpg","large":"NTFjYjA3NWRiOGFmOWVmYTBlNmRkZTNjZWZmMzA0MmL6SkP5M-VtVgbeIe8HteBBODg0NTM4LTcxOTQ3MDcuanBnfHx8fHx8fHx8fHw2NDB4NDgw.jpg"}]}},{"ad_id":"897812","reg_year":"2008","make":"Opel","model":"Astra","variant":"SXI @ DENIS MAHONY KILBARRACK","mileage":"55302","engine_size":"1.4","fuel_type":"Petrol","body_type":"Hatchback","colour":"e0e0e0","location":"Dublin","price":"\u20ac 8,950","images":{"base_url":"http:\/\/i0.carsie.ie\/","image_list":[{"thumb":"ZDg4NzI5ZmJhZGZkOTc5MDJmMDkyOGY2MjMzNTU5ZTH0ccK5QZmUv0293B5OHF5zODk3ODEyLTc0MDU3MjMuanBnfHx8fHx8OTJ4Njl8fHx8fA==.jpg","main":"M2ViYjI4NjQ2ZGNjMTc3NDZlOWFmN2Y4NmUyY2M3YzHgCiXLjJhT5BvQtqd9LA6FODk3ODEyLTc0MDU3MjMuanBnfHx8fHx8fHx8fHw0MDB4MzAw.jpg","large":"NmYxMTM3M2EzNDc2ZjAwYjg1ZGM2ZGJjMjM3YThkODGRM6i5zeMaasxtKmomNSYFODk3ODEyLTc0MDU3MjMuanBnfHx8fHx8fHx8fHw2NDB4NDgw.jpg"}]}},{"ad_id":"899298","reg_year":"2008","make":"Opel","model":"Astra","variant":"1.3 TDCI","mileage":"42875","engine_size":"1.3","fuel_type":"Petrol","body_type":"Hatchback","colour":"858585","location":"Dublin","price":"\u20ac 8,950","images":{"base_url":"http:\/\/i0.carsie.ie\/","image_list":[{"thumb":"MGExMTI5MzNkOTQxY2E5ZTI1ODk3OWZkZTc1ZWFmZWEf5GgvdILDuBtY5Z6s3SKuODk5Mjk4LTczNzYzMTYuanBnfHx8fHx8OTJ4Njl8fHx8fA==.jpg","main":"MDNiN2E2ZmFlY2RjNTkyZjU0NjMzY2Q4ZTY1OGFjNGXg3HVR__nA3jVAxE_AWwGZODk5Mjk4LTczNzYzMTYuanBnfHx8fHx8fHx8fHw0MDB4MzAw.jpg","large":"YzZkMzhjN2E3YjkzMzdhNTA5Y2IxMWI2MjE5ZDBhOTFQxztKc-wyPanYDIqT70YlODk5Mjk4LTczNzYzMTYuanBnfHx8fHx8fHx8fHw2NDB4NDgw.jpg"}]}},{"ad_id":"899321","reg_year":"2008","make":"Opel","model":"Astra","variant":"ASTRA SXI 1.4I 16V","mileage":"57787","engine_size":"1.4","fuel_type":"Petrol","body_type":"Hatchback","colour":"000000","location":"Dublin","price":"\u20ac 8,950","images":{"base_url":"http:\/\/i0.carsie.ie\/","image_list":[{"thumb":"NTBlOWVkNjgzNjM0MzZmYzMyOWE1ZGY0MzdlMGM4OTSSmuNIzUPbpAXBoar8JSyRODk5MzIxLTc0MjM2MDMuanBnfHx8fHx8OTJ4Njl8fHx8fA==.jpg","main":"YjMxMTJmODNjMzBhYWYwYWNjYjM4MzhkYzUxMDNjMzQc4eGirAH1YX3lHkC7-U9zODk5MzIxLTc0MjM2MDMuanBnfHx8fHx8fHx8fHw0MDB4MzAw.jpg","large":"ZGZhODcyMGU3ZTQ3NTg0ZTc0YjRhYTNkZTE2Yjc2MzmgT4RQ0-scKZoWuCBpF3MSODk5MzIxLTc0MjM2MDMuanBnfHx8fHx8fHx8fHw2NDB4NDgw.jpg"}]}},{"ad_id":"902072","reg_year":"2009","make":"Opel","model":"Astra","variant":"1.3CDTI CLUB ESTATE TAX\u20ac270","mileage":"71000","engine_size":"1.3","fuel_type":"Diesel","body_type":"Estate","colour":"e0e0e0","location":"Kildare","price":"\u20ac 8,950","images":{"base_url":"http:\/\/i0.carsie.ie\/","image_list":[{"thumb":"OWUzNDM4YmJmZmFkYjgwNDg5NzRjZDAwMzA1YzE5NDB2NFUlHlB1ru0RbFjaavaEOTAyMDcyLTc0Mjc3MzkuanBnfHx8fHx8OTJ4Njl8fHx8fA==.jpg","main":"MWJiYmJmMzVkYzUxNGNmZjljYTg5OGYyNGQwODJlMWXML8jWtj33_aKLtUYsj8wYOTAyMDcyLTc0Mjc3MzkuanBnfHx8fHx8fHx8fHw0MDB4MzAw.jpg","large":"MmMzMDhmZWMwMTQxYTlhM2RiYTZlZDMzZWRkNjkzNjltHy1xjlp0QkeZDYTAsf_kOTAyMDcyLTc0Mjc3MzkuanBnfHx8fHx8fHx8fHw2NDB4NDgw.jpg"}]}},{"ad_id":"887391","reg_year":"2008","make":"Opel","model":"Astra","variant":"Sport 1.6I 16V","mileage":"63381","engine_size":"1.6","fuel_type":"Petrol","body_type":"Cabriolet \/ Convertible","colour":"ff0000","location":"Limerick","price":"\u20ac 8,950","images":{"base_url":"http:\/\/i0.carsie.ie\/","image_list":[{"thumb":"MTNjMzkzMWNjN2ZkZmQ1MGM3ZWRjNjRjNGJjZDljODDYma3bYZoH0tZGXbX_X7S-ODg3MzkxLTcyMjQ0MDQuanBnfHx8fHx8OTJ4Njl8fHx8fA==.jpg","main":"ZjZmODFiYzI0YzY5ODcyZWE3YTI3ZDQ4MjM0MGMxY2Q0tNCh1W56Up_T7lRwDqfhODg3MzkxLTcyMjQ0MDQuanBnfHx8fHx8fHx8fHw0MDB4MzAw.jpg","large":"MmQwNmM3YzZlZTlmNmIzNjBmZWI0NmIzNjllZGQzNTM6lNPAFaI_nrOGmwXc0-RpODg3MzkxLTcyMjQ0MDQuanBnfHx8fHx8fHx8fHw2NDB4NDgw.jpg"}]}},{"ad_id":"892677","reg_year":"2007","make":"Opel","model":"Astra","variant":null,"mileage":"49710","engine_size":"1.3","fuel_type":"Diesel","body_type":null,"colour":"e0e0e0","location":"Westmeath","price":"\u20ac 8,950","images":{"base_url":"http:\/\/i0.carsie.ie\/","image_list":[{"thumb":"ZTk1MGMyNTVjM2JlOGFiM2ZjMGM5NTY3YmI2NjQ0YzjpHQ9_gWlondHisGAN4N6uODkyNjc3LTczMzc5MjAuanBnfHx8fHx8OTJ4Njl8fHx8fA==.jpg","main":"NzVjYWFjYmM0NGY5NmY4NGZjOGFmZWM5NWRhZjZmMGNQt-e4QmvtGt8J1lzG6Mt6ODkyNjc3LTczMzc5MjAuanBnfHx8fHx8fHx8fHw0MDB4MzAw.jpg","large":"MmRmMDgzNjYyMWJmODU5ODY2NzM1YzdhMGYyMDY5MzjVMa8ajmZJV9bfto2ktGDRODkyNjc3LTczMzc5MjAuanBnfHx8fHx8fHx8fHw2NDB4NDgw.jpg"}]}},{"ad_id":"879122","reg_year":"2008","make":"Opel","model":"Astra","variant":null,"mileage":"70000","engine_size":"1.3","fuel_type":"Diesel","body_type":null,"colour":"ffffff","location":"Wexford","price":"\u20ac 8,950","images":{"base_url":"http:\/\/i0.carsie.ie\/","image_list":[{"thumb":"MmZkMzhhZWEzMzRhOTdlNjBkMzRhZjBhMmI5YjA2ODakPYlyqyQGNxr7xuw8GRYwODc5MTIyLTc0MDgwMDYuanBnfHx8fHx8OTJ4Njl8fHx8fA==.jpg","main":"YmQ0MGNmMTNkNDk4NGRmMjAzMDdmYThiZmQ2ODAzNDkXHELQPCdKfTFFL86ocCn-ODc5MTIyLTc0MDgwMDYuanBnfHx8fHx8fHx8fHw0MDB4MzAw.jpg","large":"YTE5YWU1N2ZjMzBmMWUwODJlODBiNDM4ZDgwMmQ3ZjiQmssSr4dVbBPveyaePdWiODc5MTIyLTc0MDgwMDYuanBnfHx8fHx8fHx8fHw2NDB4NDgw.jpg"}]}},{"ad_id":"887800","reg_year":"2008","make":"Opel","model":"Astra","variant":"Life","mileage":"44921","engine_size":"1.4","fuel_type":"Petrol","body_type":"Hatchback","colour":"e0e0e0","location":"Wexford","price":"\u20ac 8,950","images":{"base_url":"http:\/\/i0.carsie.ie\/","image_list":[{"thumb":"ZjAzN2E5NWI3YWFiNTY5ZmI2NTMxMjUzNTZhY2MxY2UoRlC1TbSyVwTmzUejF22AODg3ODAwLS5qcGd8fHx8fHw5Mng2OXx8fHx8.jpg","main":"YjE1ZDA3N2RlOWU2MzZhM2ZkZWU0YWUzYjhkNjNhMDXRvvLKxD2bJjUALXHkjcRgODg3ODAwLS5qcGd8fHx8fHx8fHx8fDQwMHgzMDA=.jpg","large":"MWIzOTdiOTUxMzllNjY3MWZlZjU2ZTgzZWI1M2RmMWOnbGXjmPkT8OseKs-NjcggODg3ODAwLS5qcGd8fHx8fHx8fHx8fDY0MHg0ODA=.jpg"}]}}]}