{"total":"23408","result":[{"ad_id":"896551","reg_year":"2005","make":"Volkswagen","model":"Passat","variant":"SE TDI","mileage":"93000","engine_size":"1.9","fuel_type":"Diesel","body_type":"Saloon","colour":"858585","location":"Leitrim","price":"\u20ac 5,450","images":{"base_url":"http:\/\/i0.carsie.ie\/","image_list":[{"thumb":"ODA1YTUxZmE1MWRkOGVjNjViNGVhMWE1MzgwZDgyZTK8wYlj5gYq7hG8zwHrsvIjODk2NTUxLTczNDQ5ODguanBnfHx8fHx8OTJ4Njl8fHx8fA==.jpg","main":"ZGQyMzgyMDllMDgxOWU5NGNlNjFhMzMyMzM3OTM3YTSuQkhq5u9tlV5P7FJ2I0fdODk2NTUxLTczNDQ5ODguanBnfHx8fHx8fHx8fHw0MDB4MzAw.jpg","large":"MTRmMTZhZjAyOWRjMTcwOGQwZGUzM2Y0Mjc5ZjE3ZGZAIh9YbmnxxsX5qet-F39vODk2NTUxLTczNDQ5ODguanBnfHx8fHx8fHx8fHw2NDB4NDgw.jpg"}]}},{"ad_id":"891917","reg_year":"2005","make":"Volkswagen","model":"Passat","variant":"SAL 1.9tdi NCT4\/15","mileage":"116000","engine_size":"1.9","fuel_type":"Diesel","body_type":"Saloon","colour":"e0e0e0","location":"Wexford","price":"\u20ac 5,450","images":{"base_url":"http:\/\/i0.carsie.ie\/","image_list":[{"thumb":"ZTc3YmE2NzUwMTBkNzA1ZWM1YjM5NDNlYzhiNjYwMGPV22zW-ymICnfy2sxuiAtxODkxOTE3LTcyNzYyNjUuanBnfHx8fHx8OTJ4Njl8fHx8fA==.jpg","main":"MTc2MGMzZjU4MDYzOGZiMmUxZmIxZTM0OWM3ZWQzOGbMqgL8D5EqDyqLy4Uwij3fODkxOTE3LTcyNzYyNjUuanBnfHx8fHx8fHx8fHw0MDB4MzAw.jpg","large":"N2VlMWIzMjBiMWIyYTY3ZmVkZTliMzhmOGE1MDc3MTB9KlK3_lXxoT94gqib1NAJODkxOTE3LTcyNzYyNjUuanBnfHx8fHx8fHx8fHw2NDB4NDgw.jpg"}]}},{"ad_id":"900431","reg_year":"2005","make":"Volkswagen","model":"Polo","variant":"1.2 COMFORT 5DR 55BHP","mileage":"39146","engine_size":"1.2","fuel_type":"Petrol","body_type":null,"colour":"e0e0e0","location":"Dublin","price":"\u20ac 5,450","images":{"base_url":"http:\/\/i0.carsie.ie\/","image_list":[{"thumb":"OTY1Mzc0MmI2N2QzMTI0MTIzOTMxZDdmNzY3NjdmYmH0KPhHcEECCA0Uaf79EL7WOTAwNDMxLTc0MTg0MjkuanBnfHx8fHx8OTJ4Njl8fHx8fA==.jpg","main":"ZTY4Yzc2ODBlNTZkNDMxNjc1N2ZhNTY4YzQ0OWIzZGSCKdjIY1Ab1Yhb5uxUSP_pOTAwNDMxLTc0MTg0MjkuanBnfHx8fHx8fHx8fHw0MDB4MzAw.jpg","large":"YTcyOGYzZmY1NjVkMDI2Y2RlNjQyNDZiODA2YWU4MTF1JtCvbfc_4eP6Ee_yLD2AOTAwNDMxLTc0MTg0MjkuanBnfHx8fHx8fHx8fHw2NDB4NDgw.jpg"}]}},{"ad_id":"834256","reg_year":"2006","make":"Volkswagen","model":"Polo","variant":null,"mileage":"124887","engine_size":"1.2","fuel_type":"Petrol","body_type":"Hatchback","colour":"ff0000","location":"Galway","price":"\u20ac 5,450","images":{"base_url":"http:\/\/i0.carsie.ie\/","image_list":[{"thumb":"MTgyYTI0MDNlMzU4ODA0ODUwYmMxMTQwNmQwMjhmOWHfYcJ6SrJDQToFbivptSIPODM0MjU2LTY2MjE5OTEuanBnfHx8fHx8OTJ4Njl8fHx8fA==.jpg","main":"MmE1NzBlMWZjNzVkMGZmZTVkMzQzYzE4NTcxOGNlMmQxWzw1mG5sZLUG0kNbiRcIODM0MjU2LTY2MjE5OTEuanBnfHx8fHx8fHx8fHw0MDB4MzAw.jpg","large":"ZjMwMWU4Njg4ZDAyZWU5YjUwNmIzMzY0ZTYwNGFkMTehqevV-alDXb9bH-YuYlQWODM0MjU2LTY2MjE5OTEuanBnfHx8fHx8fHx8fHw2NDB4NDgw.jpg"}]}},{"ad_id":"899343","reg_year":"2005","make":"Volvo","model":"S40","variant":"1.8 SE MY04","mileage":"88000","engine_size":"1.8","fuel_type":"Petrol","body_type":"Saloon","colour":"000000","location":"Dublin","price":"\u20ac 5,450","images":{"base_url":"http:\/\/i0.carsie.ie\/","image_list":[{"thumb":"NjNmZDUzMGU2MjU2MDkwMDA3MTY4Y2RiZmM1M2I2MjGVpuUI2OTjYXBbY9A9EUz7ODk5MzQzLTczNzg1MTQuanBnfHx8fHx8OTJ4Njl8fHx8fA==.jpg","main":"NjMxNzYxZWE5YTYwOGIyMWUwNmU1OGU4OGFlMDhlZGZI6wAnykGSvK896trYlO4UODk5MzQzLTczNzg1MTQuanBnfHx8fHx8fHx8fHw0MDB4MzAw.jpg","large":"MjNiZWUxNmQ1MmNiNmRmNDA2YTFlNTAzMzExYzRiNGMB9OQeqDFcKoBjefcxjvk9ODk5MzQzLTczNzg1MTQuanBnfHx8fHx8fHx8fHw2NDB4NDgw.jpg"}]}},{"ad_id":"897939","reg_year":"2005","make":"Hyundai","model":"Santa Fe","variant":"4WD 4DR","mileage":"129098","engine_size":"2.0","fuel_type":"Diesel","body_type":"SUV","colour":"e0e0e0","location":"Galway","price":"\u20ac 5,490","images":{"base_url":"http:\/\/i0.carsie.ie\/","image_list":[{"thumb":"Y2Q0MGExYWM5ZjMwYzY2MGRiMjBhZDI1YzU2YzU3YmE-CWI7LmaWWKzWTa7xPZ3iODk3OTM5LTczNTk2MDYuanBnfHx8fHx8OTJ4Njl8fHx8fA==.jpg","main":"OWVkYTc3MDg5MWZmOTU2OGFiNmZlMTA5NWZhOTc4MzTN6Fmw8ACYETXhcvnI7Z_MODk3OTM5LTczNTk2MDYuanBnfHx8fHx8fHx8fHw0MDB4MzAw.jpg","large":"YzY4MWRhODQ2NDU5ODY4ZWQyMzFmODJiZjBmMGE5NTCTub97cg5-GvlD7Q5q6JTQODk3OTM5LTczNTk2MDYuanBnfHx8fHx8fHx8fHw2NDB4NDgw.jpg"}]}},{"ad_id":"899786","reg_year":"2004","make":"BMW","model":"3 Series","variant":"320D ES Touring","mileage":"175000","engine_size":"2.0","fuel_type":"Diesel","body_type":"Estate","colour":"0000c0","location":"Meath","price":"\u20ac 5,495","images":{"base_url":"http:\/\/i0.carsie.ie\/","image_list":[{"thumb":"MjRkYzBhMjA4MjllZDNjNjM1NzM5MjcxOTNiMTk4MTY1BRkykk87_iBPICGXFv6oODk5Nzg2LTczODE4NDkuanBnfHx8fHx8OTJ4Njl8fHx8fA==.jpg","main":"MWQyZDY5YWY1YTRlMDk2OGNlZDMxOWVjYmVlNWJiMTQgdAUXIAyouR8AZW39AHtrODk5Nzg2LTczODE4NDkuanBnfHx8fHx8fHx8fHw0MDB4MzAw.jpg","large":"OTZlZjZhYThmODg2NDZjOWYxNzgxMGZjZDEyMTEyMTchSYMnRLzydzed4A11dHEiODk5Nzg2LTczODE4NDkuanBnfHx8fHx8fHx8fHw2NDB4NDgw.jpg"}]}},{"ad_id":"777914","reg_year":"2004","make":"BMW","model":"520","variant":"I Saloon SE","mileage":"88000","engine_size":"2.2","fuel_type":"Petrol","body_type":"Saloon","colour":"858585","location":"Dublin","price":"\u20ac 5,495","images":{"base_url":"http:\/\/i0.carsie.ie\/","image_list":[{"thumb":"YzIzZDEyMjlhMzk1OTA5ZTEyZDI2MTJjYWU5NDFhYmZcrr7Ng28IcFGF50SIBKuUNzc3OTE0LTYzMjAwNDguanBnfHx8fHx8OTJ4Njl8fHx8fA==.jpg","main":"MmRiZTkzYzg3ZGRlYWRlMWUxN2Q5YWJlYWRmZTE3YzKycvpL1Q7VJO7lWfUo8xkDNzc3OTE0LTYzMjAwNDguanBnfHx8fHx8fHx8fHw0MDB4MzAw.jpg","large":"NDRlYTVkM2EwNjdmNWZmYmNlYTM0ODNlNjM0ZjFmNzOdWFqmzX5nWmHpEKycberzNzc3OTE0LTYzMjAwNDguanBnfHx8fHx8fHx8fHw2NDB4NDgw.jpg"}]}},{"ad_id":"834471","reg_year":"2004","make":"BMW","model":"520","variant":"I Saloon SE","mileage":"95000","engine_size":"2.2","fuel_type":"Petrol","body_type":"Saloon","colour":"858585","location":"Dublin","price":"\u20ac 5,495","images":{"base_url":"http:\/\/i0.carsie.ie\/","image_list":[{"thumb":"ZThkOTZhYWQ3MTlmMzQ5ZjY1NWM0OTdlZmE5OTE2OTRtzWlP0KqM6bDMVExv7K6NODM0NDcxLTY2MjQ2ODguanBnfHx8fHx8OTJ4Njl8fHx8fA==.jpg","main":"YzRjZmQ5NDljM2Y3OGNiMGZjNzBiYzVkMDZlOTFjOGaZCayk3TPeZqRnWL11N-2rODM0NDcxLTY2MjQ2ODguanBnfHx8fHx8fHx8fHw0MDB4MzAw.jpg","large":"NDZkOTljZWIxMjMxODNlMWI0MzI2MWMxNzk5MmU4NTBYZ5rKNbdwC3q4RHGVCks1ODM0NDcxLTY2MjQ2ODguanBnfHx8fHx8fHx8fHw2NDB4NDgw.jpg"}]}},{"ad_id":"897591","reg_year":"2005","make":"Chevrolet","model":"Rexton","variant":"Ssangyong RX270 X7 5DR. NCT 03\/15","mileage":"74559","engine_size":"2.7","fuel_type":"Diesel","body_type":"Estate","colour":"000000","location":"Dublin","price":"\u20ac 5,495","images":{"base_url":"http:\/\/i0.carsie.ie\/","image_list":[{"thumb":"NDU1NThiNzNhODhhMTEyNGRjNmE1ZTc5ZWUyYzhlMjC85HcXQIFtBpK5YNXozuKJODk3NTkxLTczNjAwMzYuanBnfHx8fHx8OTJ4Njl8fHx8fA==.jpg","main":"Y2ZhMWNkMGYzMDM3Y2EzZWViZmIwZjE5NWNlMDI2NDAHGKrF7XTA7O0jBGaDluySODk3NTkxLTczNjAwMzYuanBnfHx8fHx8fHx8fHw0MDB4MzAw.jpg","large":"OTdlYzNiYzUwYjJhODBiMjJiNTNkNDlkNjY5MmFjNTZcPwrYj7AXmGL24tk9O-HtODk3NTkxLTczNjAwMzYuanBnfHx8fHx8fHx8fHw2NDB4NDgw.jpg"}]}},{"ad_id":"809413","reg_year":"2005","make":"Ford","model":"C-Max","variant":"C-max 1.6 ZETEC 5DR","mileage":"66488","engine_size":"1.6","fuel_type":"Petrol","body_type":"Hatchback","colour":"0000c0","location":"Mayo","price":"\u20ac 5,495","images":{"base_url":"http:\/\/i0.carsie.ie\/","image_list":[{"thumb":"MDQ0NDA5MjA0ZTk5MzFlYzc2Y2M0NTdmNGU4NmRkZjbtWf-HB7PJ6Kh082VsR98rODA5NDEzLTYzNjUwNTEuanBnfHx8fHx8OTJ4Njl8fHx8fA==.jpg","main":"OGVhM2FjYzFhYzY1NjI2NGYxNGYzZmQ1NWEwNzRhZmSxUqf2JFk5zieggyk35K9sODA5NDEzLTYzNjUwNTEuanBnfHx8fHx8fHx8fHw0MDB4MzAw.jpg","large":"MjE2NjAyNDM5MTMwMWM1MWQyYjYyYTIzMWUzMTIwNDOCp75If088ZiCM0MXKZoDJODA5NDEzLTYzNjUwNTEuanBnfHx8fHx8fHx8fHw2NDB4NDgw.jpg"}]}},{"ad_id":"830881","reg_year":"2006","make":"Ford","model":"Fiesta","variant":"LX 1.4tdci 5DR","mileage":"61517","engine_size":"1.4","fuel_type":"Diesel","body_type":"Hatchback","colour":"ff0000","location":"Donegal","price":"\u20ac 5,495","images":{"base_url":"http:\/\/i0.carsie.ie\/","image_list":[{"thumb":"MjU4MmU3NmZjNzFhOTVjZWFjNDQxNjAzNjg5Mjc4M2G7tNbQcyjnEJMDNV2GdYzNODMwODgxLTY1ODM4MDguanBnfHx8fHx8OTJ4Njl8fHx8fA==.jpg","main":"OGZkZGRhNTAwZGJlNWI4ZjI2YjAxMzhhOTFjNjdlMjLuUBW4AOS47ZxvKB77JdIDODMwODgxLTY1ODM4MDguanBnfHx8fHx8fHx8fHw0MDB4MzAw.jpg","large":"MTE5MjJjZDk3MTNlOWUzMWEwMTVmMmFmNTA0Y2VjMDJwc_kxBcnugW02BgL7NDMEODMwODgxLTY1ODM4MDguanBnfHx8fHx8fHx8fHw2NDB4NDgw.jpg"}]}},{"ad_id":"884553","reg_year":"2006","make":"Ford","model":"Fiesta","variant":"LX 1.4tdci 5DR","mileage":"73000","engine_size":"1.4","fuel_type":"Diesel","body_type":"Hatchback","colour":"e0e0e0","location":"Dublin","price":"\u20ac 5,495","images":{"base_url":"http:\/\/i0.carsie.ie\/","image_list":[{"thumb":"YTFhOGYxZTFmNzM2MmZiOTY4YzIyNGEyNzYwMDViNzl8i2Sq_YqHiv4vtSHxPj2TODg0NTUzLTcyMTI4ODguanBnfHx8fHx8OTJ4Njl8fHx8fA==.jpg","main":"YzJhZmFkMGEyNzQ5NWQ0ZWZiMGIwZGQ1NTE4MzIwODjLx-x5GDUknvJ7Yb_pFx-9ODg0NTUzLTcyMTI4ODguanBnfHx8fHx8fHx8fHw0MDB4MzAw.jpg","large":"ZDg3MjllOTM2ODljYzVhMDgwNGI3NWU1ZGI2YjVjMjNZ_LkGyVHwEc4lF2ewJHSjODg0NTUzLTcyMTI4ODguanBnfHx8fHx8fHx8fHw2NDB4NDgw.jpg"}]}},{"ad_id":"880232","reg_year":"2006","make":"Ford","model":"Fiesta","variant":"Steel 1.25 3DR","mileage":"52817","engine_size":"1.2","fuel_type":"Petrol","body_type":"Hatchback","colour":"000000","location":"Meath","price":"\u20ac 5,495","images":{"base_url":"http:\/\/i0.carsie.ie\/","image_list":[{"thumb":"ZDEzMTVjOTkxZTMwMTg5YjgyNjg3MTUyMjAwYmExY2ZRPtXHOUfLtyp1yazpksnHODgwMjMyLTc0MTM1NDQuanBnfHx8fHx8OTJ4Njl8fHx8fA==.jpg","main":"ZWJlZjM2ZjRjZTU5NmUzODM1MjllZWVkNzA5ZjQ1NjE-9ENy_xN2qytSp_SX-JcpODgwMjMyLTc0MTM1NDQuanBnfHx8fHx8fHx8fHw0MDB4MzAw.jpg","large":"YjgwMWYyOTBiYTZmNDJlNTk3MzE3YjcwYTc1ZTU0YzBQMXw3OH76mPQ633VUmCgCODgwMjMyLTc0MTM1NDQuanBnfHx8fHx8fHx8fHw2NDB4NDgw.jpg"}]}},{"ad_id":"838621","reg_year":"2006","make":"Ford","model":"Fiesta","variant":"","mileage":"70000","engine_size":"1.2","fuel_type":"Petrol","body_type":"Hatchback","colour":"000000","location":"Waterford","price":"\u20ac 5,495","images":{"base_url":"http:\/\/i0.carsie.ie\/","image_list":[{"thumb":"NmIxMDE0NDBkOTc2MTZiZTk3N2ViNmRmN2ViZDE5NmYMjz9K4D_JAGvyqfKTpnHiODM4NjIxLTY2NzAzMjUuanBnfHx8fHx8OTJ4Njl8fHx8fA==.jpg","main":"ZTQzMjUwZmU4MmIzMGJkYmRkZmI3MDE0MzY3Yjc4ODDyECz2yMbyccpHwowhzeGJODM4NjIxLTY2NzAzMjUuanBnfHx8fHx8fHx8fHw0MDB4MzAw.jpg","large":"NmMwODM4NmMwMjI1NGMzM2QwZTk4Y2M4YzgyMTBjNTKeB5UzqfRmX48VlgDgsgRYODM4NjIxLTY2NzAzMjUuanBnfHx8fHx8fHx8fHw2NDB4NDgw.jpg"}]}},{"ad_id":"849970","reg_year":"2006","make":"Ford","model":"Mondeo","variant":null,"mileage":"51574","engine_size":"1.8","fuel_type":"Petrol","body_type":null,"colour":"ff0000","location":"Dublin","price":"\u20ac 5,495","images":{"base_url":"http:\/\/i0.carsie.ie\/","image_list":[{"thumb":"MzFkZDdkZGI0ZWViZDA1NzE5NDk2MWM4NDhlMTg4ZTBjulJyhZZM9AUGNrr4xXOFODQ5OTcwLTY3OTk4NTguanBnfHx8fHx8OTJ4Njl8fHx8fA==.jpg","main":"ZjFiODE3ZGU1ZDZmNDE1NWU5MjMyZTU1YzRiNTUzZGbxPZGkJQX0_rIl8NXvHhyyODQ5OTcwLTY3OTk4NTguanBnfHx8fHx8fHx8fHw0MDB4MzAw.jpg","large":"NWNhMzNkYzhkZGU4ZmQ1ZWU2NTZhNTRmNDQ0ZGJlZmSmQZjm7Fww00ADm2ay_AIEODQ5OTcwLTY3OTk4NTguanBnfHx8fHx8fHx8fHw2NDB4NDgw.jpg"}]}},{"ad_id":"897136","reg_year":"2006","make":"Ford","model":"Mondeo","variant":"2.0 TDCI Zetec ","mileage":"109950","engine_size":"2.0","fuel_type":"Diesel","body_type":"Hatchback","colour":"0000c0","location":"Dublin","price":"\u20ac 5,495","images":{"base_url":"http:\/\/i0.carsie.ie\/","image_list":[{"thumb":"NDE4OTFiZDhlOGJmNDdlMjNiYTJiMzhjZmZiZjgzOTSkMtJtr0-IFp6clrU5LyLAODk3MTM2LTczNTEyNzYuanBnfHx8fHx8OTJ4Njl8fHx8fA==.jpg","main":"MjNmNzI5NzNiZTM1ODc1NjI3MDMyMTNlYjA0ZWIyZTeFYbkNtzvtg67ddgvKUiT6ODk3MTM2LTczNTEyNzYuanBnfHx8fHx8fHx8fHw0MDB4MzAw.jpg","large":"ZjU2OTQyMDVkNWZkYTUwNzhhODRlZGViM2M4M2UzNzfqjddCONoyiLaLvKJSlgW3ODk3MTM2LTczNTEyNzYuanBnfHx8fHx8fHx8fHw2NDB4NDgw.jpg"}]}},{"ad_id":"898744","reg_year":"2006","make":"Ford","model":"Mondeo","variant":"Platinum 2.0tdci","mileage":"90000","engine_size":"2.0","fuel_type":"Diesel","body_type":"Saloon","colour":"000000","location":"Offaly","price":"\u20ac 5,495","images":{"base_url":"http:\/\/i0.carsie.ie\/","image_list":[{"thumb":"YmIzZGUwZGFhNGFmNGEwMzg0MmI1ODA1NTQyNTA2Yzek8qf-uhLNO8OLJUQV79maODk4NzQ0LTczNjg0MDIuanBnfHx8fHx8OTJ4Njl8fHx8fA==.jpg","main":"ZTMzNWEwYjY2NjE1ZTZiN2M5ZjNiYzMyMzM1ZjY2OTDCRMOntPKDfTu8HWN1sUgRODk4NzQ0LTczNjg0MDIuanBnfHx8fHx8fHx8fHw0MDB4MzAw.jpg","large":"MmJkZGZhODExMjQ3NWU4ZjVmMzhhNzk4Zjg3OTBlZDamPvfKtyQNxD7ck_spG4eTODk4NzQ0LTczNjg0MDIuanBnfHx8fHx8fHx8fHw2NDB4NDgw.jpg"}]}},{"ad_id":"875941","reg_year":"2007","make":"Hyundai","model":"Accent","variant":"Sport 3DR","mileage":"55125","engine_size":"1.4","fuel_type":"Petrol","body_type":"Hatchback","colour":"858585","location":"Roscommon","price":"\u20ac 5,495","images":{"base_url":"http:\/\/i0.carsie.ie\/","image_list":[{"thumb":"OTg5YjE0ZjNmMGE4NzJlZjFiYzMyOWI5YzY2Yjk2MDByGeaFhO083NfEc7iffoRIODc1OTQxLTcxMzQxMDYuanBnfHx8fHx8OTJ4Njl8fHx8fA==.jpg","main":"YjVlOTdhMGJjZTdiYmZiZmY3MGM1ZDZkZGVjNmNkNTPH4rTqFzdz-53u-G1SSBT5ODc1OTQxLTcxMzQxMDYuanBnfHx8fHx8fHx8fHw0MDB4MzAw.jpg","large":"ODI2MmExMTI1NDQ5MTdiY2QzMGQ0ZGViNTVkMWQ1MTWGQJjlP_m9TG99uBZYnlHPODc1OTQxLTcxMzQxMDYuanBnfHx8fHx8fHx8fHw2NDB4NDgw.jpg"}]}},{"ad_id":"898010","reg_year":"2006","make":"Hyundai","model":"Coupe","variant":"Coupe 1.6 2DR","mileage":"36661","engine_size":"1.6","fuel_type":"Petrol","body_type":"Coupe","colour":"000000","location":"Dublin","price":"\u20ac 5,495","images":{"base_url":"http:\/\/i0.carsie.ie\/","image_list":[{"thumb":"NTc4NTk2OGI4OWYwMjM0ZTBiMTAyZTVkOWIwMmEwY2HII_tXm3cwGe4K0pgzEDtQODk4MDEwLTczODIzNjUuanBnfHx8fHx8OTJ4Njl8fHx8fA==.jpg","main":"M2MxZWU5ZTAwODE3MTMzMTNiNjM2M2Q2ZGE4ZWY0YTlLMVc1_xBID2F1Of-Ge4UnODk4MDEwLTczODIzNjUuanBnfHx8fHx8fHx8fHw0MDB4MzAw.jpg","large":"YTc2NzQ2NDcxMTJkY2RlMDE2NmZiYzQ0MmU1NzgxZjZ-JrYntO8yu1NIKsX2peh2ODk4MDEwLTczODIzNjUuanBnfHx8fHx8fHx8fHw2NDB4NDgw.jpg"}]}}]}