{"total":"23408","result":[{"ad_id":"886279","reg_year":"2007","make":"Honda","model":"Accord","variant":"2.2 Executive 4DR","mileage":"126141","engine_size":"2.2","fuel_type":"Diesel","body_type":"Saloon","colour":"000000","location":"Dublin","price":"\u20ac 8,950","images":{"base_url":"http:\/\/i0.carsie.ie\/","image_list":[{"thumb":"NGEyZGZjMmFlNDIyNTllOGIwNGQyN2ViNjI0NzZhZGWH6lQyb7_aCHGyO1URhfchODg2Mjc5LTcyMTIzMDYuanBnfHx8fHx8OTJ4Njl8fHx8fA==.jpg","main":"NmRiNmI3MGQ2M2QzMTRmNmQ4N2Q3NTNjYzliYjViOGEaQIiB85lWbTdL-tOckJOaODg2Mjc5LTcyMTIzMDYuanBnfHx8fHx8fHx8fHw0MDB4MzAw.jpg","large":"ZDI2MmI0Nzc3NmQwMjFhNWIwYzAxZDg5NWFhYTZkMzIZwJz3rrAInj23M6k09hP5ODg2Mjc5LTcyMTIzMDYuanBnfHx8fHx8fHx8fHw2NDB4NDgw.jpg"}]}},{"ad_id":"894492","reg_year":"2007","make":"Honda","model":"Accord","variant":"2.2i Se Ctdi 4dr","mileage":"67500","engine_size":"2.2","fuel_type":"Diesel","body_type":"Saloon","colour":"858585","location":"Dublin","price":"\u20ac 8,950","images":{"base_url":"http:\/\/i0.carsie.ie\/","image_list":[{"thumb":"NGIxMWRjOGQ4NjRiNWQxZmM5NDU4YzZjNmFiNDAxZjTAEX7dtpzxvX151eBwf0pYODk0NDkyLTczMDQ2NjIuanBnfHx8fHx8OTJ4Njl8fHx8fA==.jpg","main":"MzliNmMxM2I1NDkxOTQ2N2RiODQ3NTI4OWMzMTZlNDbzERGR6zvFkRwlOdnplho3ODk0NDkyLTczMDQ2NjIuanBnfHx8fHx8fHx8fHw0MDB4MzAw.jpg","large":"YThkNjE0MzVkYmUzOWVmYjhjNWJkZTQ3ZDFiNzg5YTOq9Zgjo4CThIhyfuswL1M4ODk0NDkyLTczMDQ2NjIuanBnfHx8fHx8fHx8fHw2NDB4NDgw.jpg"}]}},{"ad_id":"887593","reg_year":"2007","make":"Honda","model":"Civic","variant":"1.8I SES 4 Door Auto 4DR","mileage":"36040","engine_size":"1.8","fuel_type":"Petrol","body_type":"Saloon","colour":"858585","location":"Cork","price":"\u20ac 8,950","images":{"base_url":"http:\/\/i0.carsie.ie\/","image_list":[{"thumb":"ZjI5ZTFlYTdmZTg2YzEwNTc1YmI4YzJiMTNlMDZlN2PlTjG79h5vsf2tlm8ACWh-ODg3NTkzLTcyMjc3ODMuanBnfHx8fHx8OTJ4Njl8fHx8fA==.jpg","main":"MzJlOTc1NGIxOTM4MmY3ODVjZDRlNDczZWY2ZjYwZWITVO_7Avx7ZFTfq-KfSHwhODg3NTkzLTcyMjc3ODMuanBnfHx8fHx8fHx8fHw0MDB4MzAw.jpg","large":"YTAzZmYzZmUzNzU1N2Y0MzIyZjQ0YTYxZDk1NTI2ZDGLvNHwl3_BQfqtchQVawvhODg3NTkzLTcyMjc3ODMuanBnfHx8fHx8fHx8fHw2NDB4NDgw.jpg"}]}},{"ad_id":"891018","reg_year":"2007","make":"Honda","model":"Civic","variant":"1.4I SE 5 Door 5DR","mileage":"50000","engine_size":"1.3","fuel_type":"Petrol","body_type":"Hatchback","colour":"858585","location":"Dublin","price":"\u20ac 8,950","images":{"base_url":"http:\/\/i0.carsie.ie\/","image_list":[{"thumb":"OGY3ODFiNjEyZTA4MTE0Y2ViMTAzOTA4Zjg5MjFlNTMgi0-wu4vXbdHg6AXnrai3ODkxMDE4LS5qcGd8fHx8fHw5Mng2OXx8fHx8.jpg","main":"M2Q5YzVlNDc4MzA1MjJkODg1NWRmZmRlZDIxNjI1MzLy1twHJMq0KsWnffxidvNvODkxMDE4LS5qcGd8fHx8fHx8fHx8fDQwMHgzMDA=.jpg","large":"MDZjZDJjYjJhODQ4NWU1YTRjMjFmMTA3NzdiNDZjN2RuRJ-0d_s9PU-cmadE5ia0ODkxMDE4LS5qcGd8fHx8fHx8fHx8fDY0MHg0ODA=.jpg"}]}},{"ad_id":"894689","reg_year":"2007","make":"Honda","model":"Civic","variant":null,"mileage":"35729","engine_size":"1.3","fuel_type":"Petrol","body_type":null,"colour":"000000","location":"Dublin","price":"\u20ac 8,950","images":{"base_url":"http:\/\/i0.carsie.ie\/","image_list":[{"thumb":"NTVlMjA2OTFlZmI1ZTJlODVmNmRlZWQ3ZmU2NTJkYTA93GKygU7dqh4pnQHNgxijODk0Njg5LTc0MTA1ODkuanBnfHx8fHx8OTJ4Njl8fHx8fA==.jpg","main":"YTg0OTJmNzA2NTdlOTdmMDM4N2Q0NjEwYjE4NzkyMzBjCGjCBif4DkTQBHpR4ShVODk0Njg5LTc0MTA1ODkuanBnfHx8fHx8fHx8fHw0MDB4MzAw.jpg","large":"MDg0N2ZkYmM2MmQ1ZDAzMDE2MzQ0YjBmOGM0MjRlODb7aDdSJyybuaZxgOELZGlCODk0Njg5LTc0MTA1ODkuanBnfHx8fHx8fHx8fHw2NDB4NDgw.jpg"}]}},{"ad_id":"900178","reg_year":"2007","make":"Honda","model":"Civic","variant":"1.8 SPORT-SAT NAV*12 MONTHS WARRANTY*SIMI APPROVED DEALER*","mileage":"66642","engine_size":"1.8","fuel_type":"Petrol","body_type":null,"colour":"858585","location":"Dublin","price":"\u20ac 8,950","images":{"base_url":"http:\/\/i0.carsie.ie\/","image_list":[{"thumb":"Yjg1MzRiMDAyZWM2OGJkNzU2MmM2Mjg0MjJhOGE5NjO9x5XW_M7rwvcxNQg76kw0OTAwMTc4LTc0MDA2ODkuanBnfHx8fHx8OTJ4Njl8fHx8fA==.jpg","main":"NjBkY2M1NDUyZTJiYjFlNmUxYTg5MjAxMmI2MTU5NWU47EuIWbtFdkrAvWZV4eaqOTAwMTc4LTc0MDA2ODkuanBnfHx8fHx8fHx8fHw0MDB4MzAw.jpg","large":"NGJmMTI3MjU0Y2Q3NzRiODI4MzE2MjkyNGNjMGNkM2MpWS6HDeTAaIntKLatqhktOTAwMTc4LTc0MDA2ODkuanBnfHx8fHx8fHx8fHw2NDB4NDgw.jpg"}]}},{"ad_id":"900349","reg_year":"2007","make":"Honda","model":"Civic","variant":"1.8I ES I-shift 5 Door","mileage":"26000","engine_size":"1.8","fuel_type":"Petrol","body_type":"Hatchback","colour":"e0e0e0","location":"Dublin","price":"\u20ac 8,950","images":{"base_url":"http:\/\/i0.carsie.ie\/","image_list":[{"thumb":"ZTc2Yzk3NTlhYjI2Yzg5NTczNzEyNmNhZDI1YzFjZDZsZRizCEG1VWNxqtZ585J6OTAwMzQ5LTczODQ3MzEuanBnfHx8fHx8OTJ4Njl8fHx8fA==.jpg","main":"ZjU4NjBkOWM3YzMxOWYwZmZjZGQzNGNiMzI1N2U2ZTDr4w1QlnPDWzwLojlumDmwOTAwMzQ5LTczODQ3MzEuanBnfHx8fHx8fHx8fHw0MDB4MzAw.jpg","large":"OWUyYWJlODIzYmQ5Y2NlYzI0MDE1ZTYyNjVhYzk5ZjLFxgdWEo6YAMgMVNsr8aI3OTAwMzQ5LTczODQ3MzEuanBnfHx8fHx8fHx8fHw2NDB4NDgw.jpg"}]}},{"ad_id":"901391","reg_year":"2006","make":"Honda","model":"Civic","variant":null,"mileage":"50145","engine_size":"1.3","fuel_type":"Petrol","body_type":null,"colour":"ff0000","location":"Dublin","price":"\u20ac 8,950","images":{"base_url":"http:\/\/i0.carsie.ie\/","image_list":[{"thumb":"YzcwMDlmOGUxOWUwZTdhOGI0NjRkYjVmZDJjNmZmZDDsZ49en1RMwYZuon-qZ25GOTAxMzkxLS5qcGd8fHx8fHw5Mng2OXx8fHx8.jpg","main":"MDc5MDhkYTAyODAyYWM3ZmRlMmQxYTEzZjJlZDRiZTdmgwXM5MUl_eQWyC9DM8LQOTAxMzkxLS5qcGd8fHx8fHx8fHx8fDQwMHgzMDA=.jpg","large":"ZGE4MDIyZGIwYTkyYTIwYWFiNTgwYjNjYmExYzQ2ODWF5PKA1hfNfE1mI0SdE-e4OTAxMzkxLS5qcGd8fHx8fHx8fHx8fDY0MHg0ODA=.jpg"}]}},{"ad_id":"896200","reg_year":"2005","make":"Honda","model":"CR-V","variant":null,"mileage":"79536","engine_size":"2.0","fuel_type":"Petrol","body_type":null,"colour":"858585","location":"Dublin","price":"\u20ac 8,950","images":{"base_url":"http:\/\/i0.carsie.ie\/","image_list":[{"thumb":"NDAwMTBhOThiOTNiNmFjYjNkOGFlMDNhNjZiZmUwZjTLSCpzls6TDXV66ZoyvP5sODk2MjAwLTc0MTEzMDcuanBnfHx8fHx8OTJ4Njl8fHx8fA==.jpg","main":"MGMxYTk0NGQzMDIxODRhMzgwN2NjMTJkZWZjNzRlZTeHuz1g-_9RT2DOBTMcCZFOODk2MjAwLTc0MTEzMDcuanBnfHx8fHx8fHx8fHw0MDB4MzAw.jpg","large":"YWMyZGU3YjlhOTViZTEwMDhlZWFlNGQzMWUwMGQ4Y2bIn9RQW3SIoTPvJtDJXHS4ODk2MjAwLTc0MTEzMDcuanBnfHx8fHx8fHx8fHw2NDB4NDgw.jpg"}]}},{"ad_id":"874151","reg_year":"2011","make":"Hyundai","model":"Accent","variant":"Sport --BRILLIANT VALUE--","mileage":"20805","engine_size":"1.4","fuel_type":"Petrol","body_type":"Hatchback","colour":"ffff00","location":"Dublin","price":"\u20ac 8,950","images":{"base_url":"http:\/\/i0.carsie.ie\/","image_list":[{"thumb":"MGE4OWZjYjA0MzdkOGRiMGRlOWEzMDE5NzdjNGZkYjegwsON7boU4dLG_ia9_NgPODc0MTUxLTcwNjU5MDkuanBnfHx8fHx8OTJ4Njl8fHx8fA==.jpg","main":"YmJhNzZmYWVhYzMyZDNkNzNiMDRjODAxYTZmNzlkZDId0Ce0nk6GsD9GYbtjJkTcODc0MTUxLTcwNjU5MDkuanBnfHx8fHx8fHx8fHw0MDB4MzAw.jpg","large":"NzU2MjM4ZmJiNTE0ODhiYzQ3MWJiMzkyYzE4ZDY1Y2HVNJN0uoNxSYoHpWTE-xTkODc0MTUxLTcwNjU5MDkuanBnfHx8fHx8fHx8fHw2NDB4NDgw.jpg"}]}},{"ad_id":"874038","reg_year":"2010","make":"Hyundai","model":"i10","variant":null,"mileage":"17398","engine_size":"1.2","fuel_type":"Petrol","body_type":null,"colour":"0000c0","location":"Kildare","price":"\u20ac 8,950","images":{"base_url":"http:\/\/i0.carsie.ie\/","image_list":[{"thumb":"MTk5ZDU0NzE4NjgxZDA4ZjMwZjFiZWM2NGQ2NjE0ZGGAFabcE0s2ydn8jgBGotwvODc0MDM4LTcxNTIxNDUuanBnfHx8fHx8OTJ4Njl8fHx8fA==.jpg","main":"YTM0MmQ0MWU0MWY0MGUwNTQ0MzEzNDBiOGQ3NjdhNjN1-os14qlQ46-bI72dReA2ODc0MDM4LTcxNTIxNDUuanBnfHx8fHx8fHx8fHw0MDB4MzAw.jpg","large":"ODNjMjk4NDRlMWVmNzI0ZjFlZjQyNWQ3MmMzYTQ4NmPtpliykrZaFAbGwsLqYSGQODc0MDM4LTcxNTIxNDUuanBnfHx8fHx8fHx8fHw2NDB4NDgw.jpg"}]}},{"ad_id":"867540","reg_year":"2007","make":"Hyundai","model":"Santa Fe","variant":"--EXCELLENT VALUE--COMMERCIAL--DIESEL--","mileage":"68930","engine_size":"2.2","fuel_type":"Diesel","body_type":"SUV","colour":"0000c0","location":"Dublin","price":"\u20ac 8,950","images":{"base_url":"http:\/\/i0.carsie.ie\/","image_list":[{"thumb":"Y2E0YmEyOWM1YWExMTJiZDQwMGZkOGQ2ZjUzYjc1MmMzHhsPnVsjOIoBfUXTX4NCODY3NTQwLTY5OTIyMTYuanBnfHx8fHx8OTJ4Njl8fHx8fA==.jpg","main":"NzUxMWIxNzU2MmE4ZmFhM2ZkMGRmMGJhODIwODNhZjlT_r4LjHmg13ow5_o0Y_5UODY3NTQwLTY5OTIyMTYuanBnfHx8fHx8fHx8fHw0MDB4MzAw.jpg","large":"NDA0N2YwNTc1ZmQzODMzNDk1ZWFkODEwZmYyMWU1YmGQIna37oacGx19zjENYA9DODY3NTQwLTY5OTIyMTYuanBnfHx8fHx8fHx8fHw2NDB4NDgw.jpg"}]}},{"ad_id":"873545","reg_year":"2006","make":"Hyundai","model":"Santa Fe","variant":"2.2","mileage":"113714","engine_size":"2.2","fuel_type":"Diesel","body_type":"SUV","colour":"000000","location":"Dublin","price":"\u20ac 8,950","images":{"base_url":"http:\/\/i0.carsie.ie\/","image_list":[{"thumb":"ZDE0NGEwZjYwYzhiZWM2NjBmYmQ0ZGFlN2U3MjAzZjEsxs7DA0ZyGQ1HxoC-R7kIODczNTQ1LTcxNDc3MDcuanBnfHx8fHx8OTJ4Njl8fHx8fA==.jpg","main":"MDg1YTVkY2RkZWM2Y2Q4MjZjNWI4YjA5YTAwNmNlYmHcamyNdXKOX6HtMVQjwydjODczNTQ1LTcxNDc3MDcuanBnfHx8fHx8fHx8fHw0MDB4MzAw.jpg","large":"NTJlYmQzZWI3MjJiNmY2NTM2M2NjNWU1ZTViNGQyY2SOn-0JV6_2ciJzTuRIZa1EODczNTQ1LTcxNDc3MDcuanBnfHx8fHx8fHx8fHw2NDB4NDgw.jpg"}]}},{"ad_id":"900940","reg_year":"2006","make":"Hyundai","model":"Santa Fe","variant":"2.2","mileage":"90101","engine_size":"2.2","fuel_type":"Diesel","body_type":"SUV","colour":"0000c0","location":"Dublin","price":"\u20ac 8,950","images":{"base_url":"http:\/\/i0.carsie.ie\/","image_list":[{"thumb":"MGQxN2IxZDg5MTczZjc4MjM0MjE4ZjI2OTkwODUyNWVgnuvQFlB8JWOz2SF4L3EsOTAwOTQwLTc0MTQwOTUuanBnfHx8fHx8OTJ4Njl8fHx8fA==.jpg","main":"OTdlN2U0MWJjOGMxYzEwNzMwNTY3ZjRhMDE3MDg3NWNPwhcQPQw2jI7vRFxpLMRaOTAwOTQwLTc0MTQwOTUuanBnfHx8fHx8fHx8fHw0MDB4MzAw.jpg","large":"YTZkOTU5ZDgwOTA2YzdhMDMxNmVkZjY1MWEzNzhhMTIUZ2OctpXCxkFUGPdSubTlOTAwOTQwLTc0MTQwOTUuanBnfHx8fHx8fHx8fHw2NDB4NDgw.jpg"}]}},{"ad_id":"901639","reg_year":"2006","make":"Hyundai","model":"Sonata","variant":null,"mileage":"78293","engine_size":"2.0","fuel_type":"Diesel","body_type":null,"colour":"000000","location":"Limerick","price":"\u20ac 8,950","images":{"base_url":"http:\/\/i0.carsie.ie\/","image_list":[{"thumb":"N2NlOGY2YWI3NjYwZTU5MzllNmIyNmI3OTZkN2NlOGI-Iw5dgwvrVJPfgY8QXDqVOTAxNjM5LS5qcGd8fHx8fHw5Mng2OXx8fHx8.jpg","main":"MWJjMjY2MWEzMDY3NTA1YmMxN2E0ZjAwOGQxOGQ1MmLeSJAFQKWU88Ag4SnIUFwsOTAxNjM5LS5qcGd8fHx8fHx8fHx8fDQwMHgzMDA=.jpg","large":"ZTAyNmU4YWExMWRlNTc0MmNiZDNjZTU1NzU3NmU1YmYwIeHRfQOdgIR6wBjEwQklOTAxNjM5LS5qcGd8fHx8fHx8fHx8fDY0MHg0ODA=.jpg"}]}},{"ad_id":"900722","reg_year":"2007","make":"Hyundai","model":"Trajet","variant":"LEATHER","mileage":"85000","engine_size":"2.0","fuel_type":"Diesel","body_type":null,"colour":"0000c0","location":"Mayo","price":"\u20ac 8,950","images":{"base_url":"http:\/\/i0.carsie.ie\/","image_list":[{"thumb":"ZjUxNjQzODNlODRjMDU2ZWJjNmNjMDNkNzU1NmQxNzCVLynJN5fgWw7uTEocVh3NOTAwNzIyLTc0MjkyNjkuanBnfHx8fHx8OTJ4Njl8fHx8fA==.jpg","main":"NWNiOWE0NGM1ZjFiMGZjNWM0MmRmYmJiYTJhNmZhMDXEs5tsj4HZbbp0UMssgunWOTAwNzIyLTc0MjkyNjkuanBnfHx8fHx8fHx8fHw0MDB4MzAw.jpg","large":"NjE5MDc2ODdkYzhjMDAwNGUxMmNiYTVlYjgwMGYyNmNu67z_ucBEg2xR8p4bHVUzOTAwNzIyLTc0MjkyNjkuanBnfHx8fHx8fHx8fHw2NDB4NDgw.jpg"}]}},{"ad_id":"864972","reg_year":"2007","make":"Hyundai","model":"Tucson","variant":"4WD S\/R","mileage":"99422","engine_size":"2.0","fuel_type":"Diesel","body_type":"SUV","colour":"000000","location":"Cork","price":"\u20ac 8,950","images":{"base_url":"http:\/\/i0.carsie.ie\/","image_list":[{"thumb":"NzFkNDgwMTg3ZDhlYjI1Y2VlNzE4M2JlMTQzNDM4YjXL-_2rYjYeU3xSNMHCRAzsODY0OTcyLTY5NjM2OTEuanBnfHx8fHx8OTJ4Njl8fHx8fA==.jpg","main":"MmVmOWRmZTg0Njk2ZGFiZGJkM2JjNjM0YjkyZDI5MmaX37FXr3fbTfwbNSUyJ6vSODY0OTcyLTY5NjM2OTEuanBnfHx8fHx8fHx8fHw0MDB4MzAw.jpg","large":"OTFiOTEzNTFmYWFhMDhjNDU1NjUxYjg5ZmRhMzk1ZTPV7QvnMVpY5Ba0cvUkf-_gODY0OTcyLTY5NjM2OTEuanBnfHx8fHx8fHx8fHw2NDB4NDgw.jpg"}]}},{"ad_id":"881760","reg_year":"2009","make":"Hyundai","model":"Tucson","variant":"SUT 2WD","mileage":"142919","engine_size":"2.0","fuel_type":"Diesel","body_type":"SUV","colour":"e0e0e0","location":"Cork","price":"\u20ac 8,950","images":{"base_url":"http:\/\/i0.carsie.ie\/","image_list":[{"thumb":"OTQ2NDY5ZjJjNWFiZDFhY2NmYTNkNmM3OGE4MDI2YWHQQYnyf8HIPPonfTTYCvFVODgxNzYwLTcxNTczNDkuanBnfHx8fHx8OTJ4Njl8fHx8fA==.jpg","main":"MGNiZDRlOTc4OWZkMzMzMTBkMmNmMTgzNTQ5MmUzMWE2gs1zIZuExnHTEi-e86lWODgxNzYwLTcxNTczNDkuanBnfHx8fHx8fHx8fHw0MDB4MzAw.jpg","large":"YjExYWNiMTRjOWM5ZGVmOTJmYTk0ZDBkYzkzNzMwNjhy8U5HgMaAZwCgWay_9pIhODgxNzYwLTcxNTczNDkuanBnfHx8fHx8fHx8fHw2NDB4NDgw.jpg"}]}},{"ad_id":"892219","reg_year":"2007","make":"Hyundai","model":"Tucson","variant":"2WD Aircon","mileage":"67109","engine_size":"2.0","fuel_type":"Diesel","body_type":"SUV","colour":"e0e0e0","location":"Dublin","price":"\u20ac 8,950","images":{"base_url":"http:\/\/i0.carsie.ie\/","image_list":[{"thumb":"OTEwN2RlYmJjM2YzMDFlZjlkMjI2Njc4YWQyMGEyYzXcmuiyXhu1AeIYIgqMvhTBODkyMjE5LTcyNzM3OTUuanBnfHx8fHx8OTJ4Njl8fHx8fA==.jpg","main":"ODVlNmY0N2I2NzE3Mjc2NWZiMDVhNzUwZWUwMzYwNWUETz7XquTVceu3qKOq5qQCODkyMjE5LTcyNzM3OTUuanBnfHx8fHx8fHx8fHw0MDB4MzAw.jpg","large":"MDEzYTAzNWIyMmE4N2VkOGMwYzJhYjk0ZDE1YmVmM2UYv6UQZekXQC94JYc87McJODkyMjE5LTcyNzM3OTUuanBnfHx8fHx8fHx8fHw2NDB4NDgw.jpg"}]}},{"ad_id":"747337","reg_year":"2005","make":"Isuzu","model":"NPR","variant":"LWB Box Body","mileage":"63380","engine_size":"3.1","fuel_type":"Diesel","body_type":null,"colour":"ffffff","location":"Cork","price":"\u20ac 8,950","images":{"base_url":"http:\/\/i0.carsie.ie\/","image_list":[{"thumb":"YmJhYzFlNWE5MTcyYjk0ZTI4NWEwNzk1YzUzMWFjN2FERJktMgvJ2qAdxza0Drl1NzQ3MzM3LTcwOTE0MDUuanBnfHx8fHx8OTJ4Njl8fHx8fA==.jpg","main":"MjJmNTUxMDIzZjEzYjNlYWM0NjVlNzFjOGYwNjNhNTeJ6QaYtYr_iXA4HEU5hw6uNzQ3MzM3LTcwOTE0MDUuanBnfHx8fHx8fHx8fHw0MDB4MzAw.jpg","large":"NGMwOGIxOTUxOGY2NTEwMzQ4OWQ3NmQzYzc2NWJjNTmAzLBrhFQaQM7eiOJJXSn7NzQ3MzM3LTcwOTE0MDUuanBnfHx8fHx8fHx8fHw2NDB4NDgw.jpg"}]}}]}