{"total":"23408","result":[{"ad_id":"834072","reg_year":"2000","make":"Toyota","model":"MR2","variant":"1.8 Roadster 02DR","mileage":"79000","engine_size":"1.8","fuel_type":"Petrol","body_type":"Cabriolet \/ Convertible","colour":"ffffff","location":"Meath","price":"\u20ac 2,445","images":{"base_url":"http:\/\/i0.carsie.ie\/","image_list":[{"thumb":"YTZiYTcxNzc3Y2E3YzQxOTFkZmY3NDMwODhlODUwODSjjsJUZboXodnnEI88gzHCODM0MDcyLTY2MTk3MjQuanBnfHx8fHx8OTJ4Njl8fHx8fA==.jpg","main":"MGQ5NDFkZjFkNDczNTU1MGUyMWRhOTA3NDZmMTBhOTi3YXxwx6g683x5xZrojj89ODM0MDcyLTY2MTk3MjQuanBnfHx8fHx8fHx8fHw0MDB4MzAw.jpg","large":"MmRiMjdiMjg2MGMzOGViYTQ0YjY0ZmZmYjIyMmE3OTIuk1HlipXEWYbKd6xzBfMLODM0MDcyLTY2MTk3MjQuanBnfHx8fHx8fHx8fHw2NDB4NDgw.jpg"}]}},{"ad_id":"897683","reg_year":"2000","make":"Toyota","model":"Yaris","variant":"1.0 \"TERRA\"5DR TAX + NCT","mileage":"92000","engine_size":"1.0","fuel_type":"Petrol","body_type":"Hatchback","colour":"008000","location":"Dublin","price":"\u20ac 2,445","images":{"base_url":"http:\/\/i0.carsie.ie\/","image_list":[{"thumb":"NDNmOGRkNTQxYTg1Zjk5NDM3YmVjZjViZTZlNzM3ZmPUxkMFWxBwdves4JrvaRTdODk3NjgzLTczNzQxOTguanBnfHx8fHx8OTJ4Njl8fHx8fA==.jpg","main":"YTNlYTE2NWFjZmViZmNmMTRhMGRhMDA4YWQyNzIxNjAZn7yy23oKNNuf-zfnSvcNODk3NjgzLTczNzQxOTguanBnfHx8fHx8fHx8fHw0MDB4MzAw.jpg","large":"MjVhZWJlNjczMzk3YmIyZWFiOGZhYzkxYWQyYWM5YjiHRLAp9ee_eaW8nl39O3J5ODk3NjgzLTczNzQxOTguanBnfHx8fHx8fHx8fHw2NDB4NDgw.jpg"}]}},{"ad_id":"887936","reg_year":"2003","make":"Fiat","model":"Punto","variant":"1.2, 5DR, VERY CAREFUL OWNER, NCT MAR-14, LOW MILES, AS NEW, \"\"MUST BE SEEN\"\", N4CARS. ie","mileage":"79900","engine_size":"1.2","fuel_type":"Petrol","body_type":null,"colour":"0000c0","location":"Dublin","price":"\u20ac 2,449","images":{"base_url":"http:\/\/i0.carsie.ie\/","image_list":[{"thumb":"YWJiNjQ1YmI4YjljMGI3N2E0NTNhYjU4MzcwY2IxZjOhL0yy6gHpRkkINCGvlmU9ODg3OTM2LTcyMzI2MDAuanBnfHx8fHx8OTJ4Njl8fHx8fA==.jpg","main":"YzAzNDQ0YjdkNDJhMTc0MGVhNGFiNzYyNzI3YTMyMWHcOnpMGHZ8Ewndi9Hie_MuODg3OTM2LTcyMzI2MDAuanBnfHx8fHx8fHx8fHw0MDB4MzAw.jpg","large":"M2ZiYTgxOGFkNDUxOWViYzQzYjU0ODI1NGU1MmY1YjAuxJjH63G59MLp6fZDluMNODg3OTM2LTcyMzI2MDAuanBnfHx8fHx8fHx8fHw2NDB4NDgw.jpg"}]}},{"ad_id":"900451","reg_year":"2001","make":"Ford","model":"Focus","variant":"AUTOMATIC \/ BLACK \/ NCT OCT-13 \/ AS NEW \/ \"\"MUST BE SEEN\"\" \/ www. N4CARS. ie","mileage":"121000","engine_size":"1.6","fuel_type":"Petrol","body_type":null,"colour":"000000","location":"Dublin","price":"\u20ac 2,449","images":{"base_url":"http:\/\/i0.carsie.ie\/","image_list":[{"thumb":"ZWUzMWFkYmRkMjY4YTNmYzhlMDdiNzFkNDUxOGMzZGJ09qJrMhyZrli46O9tEsmZOTAwNDUxLTc0MDI3NDUuanBnfHx8fHx8OTJ4Njl8fHx8fA==.jpg","main":"MGJiNjE3NmY0MjhkYmNlYWU5ZWVlZDFhM2U5NTY2Mzdl2czJiHBeGMz3xdiBNc3GOTAwNDUxLTc0MDI3NDUuanBnfHx8fHx8fHx8fHw0MDB4MzAw.jpg","large":"Njg3MWY1MzdlNzgyYmI0Njg5MzQyYTYyMmMyYWVlMmStHRP97VLJWKKoz6IGmJldOTAwNDUxLTc0MDI3NDUuanBnfHx8fHx8fHx8fHw2NDB4NDgw.jpg"}]}},{"ad_id":"898853","reg_year":"2003","make":"Ford","model":"Mondeo","variant":"4DR \/ IMMACULATE \/ NCT JUL-13 \/ TAXED \/ RELIABLE \/ ECONOMICAL \/ AS NEW \/ \"\"MUST BE SEEN\"\" \/ www. N4CARS. ie","mileage":"127500","engine_size":"1.8","fuel_type":"Petrol","body_type":null,"colour":"e0e0e0","location":"Dublin","price":"\u20ac 2,449","images":{"base_url":"http:\/\/i0.carsie.ie\/","image_list":[{"thumb":"Mjk2YzBhZTgzNjE2ZDQ5MTg5MWNkYWY4ZGE4ZGRkZjnNbQBz0iNzdWNquPPS86QAODk4ODUzLTczNzE2NDQuanBnfHx8fHx8OTJ4Njl8fHx8fA==.jpg","main":"NmJhYjhkZDQ5NDJhY2RmMWYwMzc1OTYwMjllNjVhOTjCcsgNhv6Ftu9QVuK7ZwfZODk4ODUzLTczNzE2NDQuanBnfHx8fHx8fHx8fHw0MDB4MzAw.jpg","large":"NWQ3NGNiODMzMWNlNTMzNGZiODFhZmZkYTdhOWEzYTQrmNhRLBcy1MxvHf_nm5J7ODk4ODUzLTczNzE2NDQuanBnfHx8fHx8fHx8fHw2NDB4NDgw.jpg"}]}},{"ad_id":"899292","reg_year":"2002","make":"Hyundai","model":"Trajet","variant":"7-SEATER \/ GLS \/ LEATHER \/ CLIMATE CONTROL \/ NCT JAN-14 \/ AS NEW \/ \"\"MUST BE SEEN\"\" \/ www. N4CARS. ie","mileage":"133000","engine_size":"2.0","fuel_type":"Petrol","body_type":null,"colour":"e0e0e0","location":"Dublin","price":"\u20ac 2,449","images":{"base_url":"http:\/\/i0.carsie.ie\/","image_list":[{"thumb":"ZTFkNDVjYjRmZWM2MmM0M2VkYmRlOTIzNzRkYWY1YzQFhRbwRS9_surBGvgy4fonODk5MjkyLTc0MDI2MzUuanBnfHx8fHx8OTJ4Njl8fHx8fA==.jpg","main":"YjZkZjQ3NzE4M2JmZmQzYzZkODE4MWZiNDI5NTVmOTXkc5pN2p7wkfs3MeNHuQtCODk5MjkyLTc0MDI2MzUuanBnfHx8fHx8fHx8fHw0MDB4MzAw.jpg","large":"ZjlhMjU4ZDY4MjliZDcxYzlhYzViMTI0ZGZhZmQ0YWFrMPTYfosqlsd8TyCW4BtKODk5MjkyLTc0MDI2MzUuanBnfHx8fHx8fHx8fHw2NDB4NDgw.jpg"}]}},{"ad_id":"779688","reg_year":"1995","make":"Jaguar","model":"XJ","variant":"XJ6, NEW NCT APR-13, LEATHER, TOP SPEC, AS NEW, \"\"MUST BE SEEN\"\" N4CARS. ie","mileage":"151000","engine_size":"3.2","fuel_type":"Petrol","body_type":"Saloon","colour":"0000c0","location":"Dublin","price":"\u20ac 2,449","images":{"base_url":"http:\/\/i0.carsie.ie\/","image_list":[{"thumb":"MGM2Njk2NzViMjU4MDViZTkyOTZlNGY5OTQxMzYwZWHxFVim8--TuSYxjeehYvb8Nzc5Njg4LTcxMzQ1MjcuanBnfHx8fHx8OTJ4Njl8fHx8fA==.jpg","main":"ZDM5NmZiMzJkZjM1NmQ0YmMxMzY0NmUwMDc5MmIzYzP1bMPVbFHsRE7J3zzpGfJQNzc5Njg4LTcxMzQ1MjcuanBnfHx8fHx8fHx8fHw0MDB4MzAw.jpg","large":"NjZkMGMyNWZjNmIxZTlmZTkwYzBjYzIyNTk5YWEzMWEDJM-pkF6B8B0AKLzKrHnpNzc5Njg4LTcxMzQ1MjcuanBnfHx8fHx8fHx8fHw2NDB4NDgw.jpg"}]}},{"ad_id":"873297","reg_year":"2001","make":"Land Rover","model":"Freelander","variant":"4WD, JEEP, SUV, TOP-SPEC, 'GS' 5-DR, NCT NOV-13, ONE OWNER, AS NEW, \"\"MUST BE SEEN\"\", N4CARS. ie","mileage":"129000","engine_size":"1.8","fuel_type":"Petrol","body_type":null,"colour":"ff0000","location":"Dublin","price":"\u20ac 2,449","images":{"base_url":"http:\/\/i0.carsie.ie\/","image_list":[{"thumb":"OWQ2NTM2MDBlNmM0ZTZmNzIxZmYxMDM3NmNjMDY3MWMDojOs5sOVb7aXq64PFdMPODczMjk3LTcwODc2NjIuanBnfHx8fHx8OTJ4Njl8fHx8fA==.jpg","main":"ZWU1ZWEzODdhMTNmM2RmMDc3NDRlOTE2NjEyYzA5OGZOC9BxZWV_iHcR3O0t0VbhODczMjk3LTcwODc2NjIuanBnfHx8fHx8fHx8fHw0MDB4MzAw.jpg","large":"NWIxZjQxZTU1Y2M5MjhkMzhkZTgxZTI3ZjVmMDlkMjT1hS0MD4G37b25GamoIORqODczMjk3LTcwODc2NjIuanBnfHx8fHx8fHx8fHw2NDB4NDgw.jpg"}]}},{"ad_id":"873301","reg_year":"2001","make":"Land Rover","model":"Freelander","variant":"4WD, JEEP, SUV, TOP-SPEC, 'GS' 5-DR, NCT NOV-13, ONE OWNER, AS NEW, \"\"MUST BE SEEN\"\", N4CARS. ie","mileage":"129000","engine_size":"1.8","fuel_type":"Petrol","body_type":null,"colour":"ff0000","location":"Dublin","price":"\u20ac 2,449","images":{"base_url":"http:\/\/i0.carsie.ie\/","image_list":[{"thumb":"NDlmMTBjZTdlNDg2OGNiYzY3MzhhMWYwMmU0M2NkMTdNx-iTn4rAl22sri28JUzpODczMzAxLTcwODc2OTQuanBnfHx8fHx8OTJ4Njl8fHx8fA==.jpg","main":"ZWRhNjYzMTcxMDhhMTZhYWIzODM0ODZhM2QyNGFmNWW20EvswhLWOZXij6VP_2GSODczMzAxLTcwODc2OTQuanBnfHx8fHx8fHx8fHw0MDB4MzAw.jpg","large":"MDEzZDNjNWVhMjNkNWNiZDljZTFkMjUyZjBjNzczNWVP01f-OmARQicAnJMK8r6hODczMzAxLTcwODc2OTQuanBnfHx8fHx8fHx8fHw2NDB4NDgw.jpg"}]}},{"ad_id":"898527","reg_year":"2000","make":"Mercedes-Benz","model":"CLK 320","variant":null,"mileage":"76695","engine_size":"2.0","fuel_type":"Petrol","body_type":null,"colour":"0000c0","location":"Dublin","price":"\u20ac 2,449","images":{"base_url":"http:\/\/i0.carsie.ie\/","image_list":[{"thumb":"OWY3YjVkMDRlOWFlZWFlNjU3MGJkZDVhOTU0YzExYTXMjmBBJ86P83LN9arMUitDODk4NTI3LTczNjk1MTAuanBnfHx8fHx8OTJ4Njl8fHx8fA==.jpg","main":"YzE2YTMxYTViMDkwMjExNWVjYWQwZGZkYzI3Yjc2MTUu1FafEyYV3WZ0YrnDW91eODk4NTI3LTczNjk1MTAuanBnfHx8fHx8fHx8fHw0MDB4MzAw.jpg","large":"Mjk4OTc3MjA4ODI3MGYxYmI3NDU4YjFkNDBhNmZjZjVbmJVCvzbpMaQcaKCA88jjODk4NTI3LTczNjk1MTAuanBnfHx8fHx8fHx8fHw2NDB4NDgw.jpg"}]}},{"ad_id":"779694","reg_year":"2002","make":"MG","model":"ZR","variant":"1.4, 5-DR, NCT FEB-13, ALLOYS, AS NEW, \"\"MUST BE SEEN\"\", N4CARS. ie","mileage":"48000","engine_size":"1.4","fuel_type":"Petrol","body_type":"Hatchback","colour":"e0e0e0","location":"Dublin","price":"\u20ac 2,449","images":{"base_url":"http:\/\/i0.carsie.ie\/","image_list":[{"thumb":"ODY5NGQ2NjBiZWQyZTBkYzY1MDI1ZDA1MGM5NzYwZjil9z8-T9jQFjRVXw0LcOFaNzc5Njk0LTcwODI0MzEuanBnfHx8fHx8OTJ4Njl8fHx8fA==.jpg","main":"MGM1N2JhNjdmYzhmMmM4OTdiYTVlMWQ1MDQzMTk2M2UopugvdA-m4YfCjR28rvuQNzc5Njk0LTcwODI0MzEuanBnfHx8fHx8fHx8fHw0MDB4MzAw.jpg","large":"MDVhN2Y3ZDI4MTcxOTI0M2MyNGVlMjMzZjY1YjUzMDgQ7MOdHB6oU-aUor5hMVAUNzc5Njk0LTcwODI0MzEuanBnfHx8fHx8fHx8fHw2NDB4NDgw.jpg"}]}},{"ad_id":"836282","reg_year":"2002","make":"MG","model":"ZR","variant":"1.4, 5DR, NCT FEB-13, AS NEW, ALLOYS, \"\"MUST BE SEEN\"\", N4CARS. ie","mileage":"48000","engine_size":"1.4","fuel_type":"Petrol","body_type":"Hatchback","colour":"e0e0e0","location":"Dublin","price":"\u20ac 2,449","images":{"base_url":"http:\/\/i0.carsie.ie\/","image_list":[{"thumb":"YzBiNGRiMWQyMmQwODVhZWNkNjhhOTIyOGM4MzFlOGFdhy9gQjfICTSILOlJfnlOODM2MjgyLTcwODM3MDQuanBnfHx8fHx8OTJ4Njl8fHx8fA==.jpg","main":"MzQ3MmM1YjhmMTBkOWUxNjk1NTUzYjA0NzE0NzMyOTiwqegKMbM3VVnyFVQktxTbODM2MjgyLTcwODM3MDQuanBnfHx8fHx8fHx8fHw0MDB4MzAw.jpg","large":"OGZkZjNhNGI4NjFiYmJjOWMyZDliZTZkMDVhMmQwMzAik9by3AIvM2mNEavN2ItgODM2MjgyLTcwODM3MDQuanBnfHx8fHx8fHx8fHw2NDB4NDgw.jpg"}]}},{"ad_id":"867750","reg_year":"2003","make":"Nissan","model":"Almera","variant":"ONLY 96k, NCT JUN-13, TAXED, VERY CAREFUL OWNER, AS NEW, \"\"MUST BE SEEN\"\", N4CARS. ie","mileage":"96500","engine_size":"1.4","fuel_type":"Petrol","body_type":null,"colour":"0000c0","location":"Dublin","price":"\u20ac 2,449","images":{"base_url":"http:\/\/i0.carsie.ie\/","image_list":[{"thumb":"MGQzZmQzYjkzYWZiZWU1Y2IyODEwMjQ5ODQ1M2NhMTkOwqaSSZMTko4OKcL8-Nb-ODY3NzUwLTcwODYxNDguanBnfHx8fHx8OTJ4Njl8fHx8fA==.jpg","main":"NzM2ZWEwMWJhN2ZkYmMwMWUxNWQzN2IxNTc0YTliOWPoyGeAH_s5sageKkfwptqMODY3NzUwLTcwODYxNDguanBnfHx8fHx8fHx8fHw0MDB4MzAw.jpg","large":"NDBhZTI3MTRiYjcxM2RhZjQ3MTQ3YjkzMzhjNDIzOTVS4itXrJ9q31aVzwdJrLhUODY3NzUwLTcwODYxNDguanBnfHx8fHx8fHx8fHw2NDB4NDgw.jpg"}]}},{"ad_id":"861428","reg_year":"2002","make":"Opel","model":"Astra","variant":"1.4, GLX, 4DR, NCT MAR-13, TAX NOV-12, AS NEW, \"\"MUST BE SEEN\"\", N4CARS. ie","mileage":"117000","engine_size":"1.4","fuel_type":"Petrol","body_type":null,"colour":"ff0000","location":"Dublin","price":"\u20ac 2,449","images":{"base_url":"http:\/\/i0.carsie.ie\/","image_list":[{"thumb":"OTNjNTBhZTdjNmFmMTBiYzUzYzIyM2E0MjY4MzBlNzNSfdHZaA-qY0d0C_7TTHCsODYxNDI4LTcwODU2MDkuanBnfHx8fHx8OTJ4Njl8fHx8fA==.jpg","main":"M2EyODM1MmE2ODVhNzA4MDUyYmMzYTU3Nzg1NTY3OTa38F_135Q0ixNcFLS82y35ODYxNDI4LTcwODU2MDkuanBnfHx8fHx8fHx8fHw0MDB4MzAw.jpg","large":"YjdmOTQxMzQyNjhiMWY0NWYwODgzZjE3M2JiYjc3M2XZ3fugABJMJupYOc8iDpewODYxNDI4LTcwODU2MDkuanBnfHx8fHx8fHx8fHw2NDB4NDgw.jpg"}]}},{"ad_id":"898533","reg_year":"2002","make":"Opel","model":"Astra","variant":"NEW NCT MAR-14 \/ LOW MILES \/ VERY CAREFUL LADY OWNER \/ AS NEW \/ \"\"MUST BE SEEN\"\" \/ www. N4CARS. ie","mileage":"68000","engine_size":"1.4","fuel_type":"Petrol","body_type":null,"colour":"008000","location":"Dublin","price":"\u20ac 2,449","images":{"base_url":"http:\/\/i0.carsie.ie\/","image_list":[{"thumb":"NWEyOGY3OTMxYWQyOWFkZjg1ZWZmN2NiNzU4OTg5OGYyQ13w_J66LaXCUMflWFEKODk4NTMzLTczNjk1NTcuanBnfHx8fHx8OTJ4Njl8fHx8fA==.jpg","main":"NDc2YzYwNjg5YWQxMGNkOGJjZjEwNWUyZTM1NjQ1ZmVStYjMJx4k837jxk7NB_-hODk4NTMzLTczNjk1NTcuanBnfHx8fHx8fHx8fHw0MDB4MzAw.jpg","large":"ZWU3MWRmYjM1MzU3OGM4MTkyODM5MzEyODhjODZjZDZ2a0Exblq34njf7oHDw21OODk4NTMzLTczNjk1NTcuanBnfHx8fHx8fHx8fHw2NDB4NDgw.jpg"}]}},{"ad_id":"873647","reg_year":"2001","make":"Opel","model":"Corsa","variant":"1.0, NCT FEB-14, VERY CAREFUL OWNER, IMMACULATE, ONLY 76k, AS NEW, \"\"MUST BE SEEN\"\", N4CARS. ie","mileage":"76000","engine_size":"1.0","fuel_type":"Petrol","body_type":null,"colour":"0000c0","location":"Dublin","price":"\u20ac 2,449","images":{"base_url":"http:\/\/i0.carsie.ie\/","image_list":[{"thumb":"ZTFhODUyYWJmMTYzMDgwMzJjMmE2NWYyMmNjYWY1YjMqIlsY5PoCTFTmOdIA5ASXODczNjQ3LTcwODc3MzUuanBnfHx8fHx8OTJ4Njl8fHx8fA==.jpg","main":"ZmZmMWU3NjNhMjliNzQxODcwMGM0Y2VlYjIwOTBkNTdBoISGaGHqB9MkMNgPy7tMODczNjQ3LTcwODc3MzUuanBnfHx8fHx8fHx8fHw0MDB4MzAw.jpg","large":"MTY2ZGFmYWFkZDExOGVkZGMzNzYwMWJjZjBlZGMxNzltbAjruQLaqHKDTEmuPiT6ODczNjQ3LTcwODc3MzUuanBnfHx8fHx8fHx8fHw2NDB4NDgw.jpg"}]}},{"ad_id":"882403","reg_year":"2002","make":"Peugeot","model":"206","variant":"1.1, ONE OWNER, NCT JUN-14, GLASS SUNROOF, IMMACULATE, \"\"MUST BE SEEN\"\", N4CARS. ie","mileage":"107369","engine_size":"1.1","fuel_type":"Petrol","body_type":null,"colour":"0000c0","location":"Dublin","price":"\u20ac 2,449","images":{"base_url":"http:\/\/i0.carsie.ie\/","image_list":[{"thumb":"NDg1YmM4MjdhMWQ2YWI4Y2UyYWViYzM2M2Y0ZTM0ZTLmrBq497lzXSen6v6tLnCIODgyNDAzLTczMjc3NTguanBnfHx8fHx8OTJ4Njl8fHx8fA==.jpg","main":"N2JhOWM0OWU2MmY4NjRiYjZmYmVjYzQ0OTVhNTExNGYJRJZnweSiDRz_RFHZL6m3ODgyNDAzLTczMjc3NTguanBnfHx8fHx8fHx8fHw0MDB4MzAw.jpg","large":"MjYwMmJmZmJiOTU4OTliYjZiNzMzN2YzOGZmNWNmNmSH600WUNmNG8DR6Qic3jOrODgyNDAzLTczMjc3NTguanBnfHx8fHx8fHx8fHw2NDB4NDgw.jpg"}]}},{"ad_id":"779718","reg_year":"2001","make":"Renault","model":"Clio","variant":"1.1, 5DR, SPORT, SILVER NCT JUL-13, AS, \"\"MUST BE SEEN\"\", www. N4CARS. com","mileage":"95000","engine_size":"1.1","fuel_type":"Petrol","body_type":"Hatchback","colour":"e0e0e0","location":"Dublin","price":"\u20ac 2,449","images":{"base_url":"http:\/\/i0.carsie.ie\/","image_list":[{"thumb":"MzIyOGE0NjlkZGE5YjNhMzc0MzAyYWNiMDBhMmIxYTDV-ANQh4dPdgZR_hEz439fNzc5NzE4LTcwNzkzNTUuanBnfHx8fHx8OTJ4Njl8fHx8fA==.jpg","main":"Yjc0ZmJkMDg0MzE0ZGVmMGM3ODEzM2FiOTMzMWNjZmWn_bXfltxWDvjnW2GRn9dWNzc5NzE4LTcwNzkzNTUuanBnfHx8fHx8fHx8fHw0MDB4MzAw.jpg","large":"OGFhMjU4ZTdiODk4YTZlNzk5MjUzYmI0OWRhM2RmNDC4fYvOTCzLcivsIpcCsJP2Nzc5NzE4LTcwNzkzNTUuanBnfHx8fHx8fHx8fHw2NDB4NDgw.jpg"}]}},{"ad_id":"886044","reg_year":"2001","make":"Skoda","model":"Octavia","variant":"1.4, 5-DR, RELIABLE, ECONOMICAL, VERY CAREFUL OWNER, NCT JUN-13, TAXED, AS NEW, \"\"MUST BE SEEN\"\", N4CARS. ie","mileage":"135000","engine_size":"1.4","fuel_type":"Petrol","body_type":null,"colour":"e0e0e0","location":"Dublin","price":"\u20ac 2,449","images":{"base_url":"http:\/\/i0.carsie.ie\/","image_list":[{"thumb":"NjkwMWVhYWMxZjFlMDUxNWRiMGIyNzg3ZDM2ZWRlMGI6Mftus5yBRycxd_zB_VfdODg2MDQ0LTcyMzI0NDEuanBnfHx8fHx8OTJ4Njl8fHx8fA==.jpg","main":"MWFjZjg0ZmI2OWY2ODkzMWYzNDAzOWEwY2QxY2E4OGK2NjXZNfLIS7yzHFjYXQzcODg2MDQ0LTcyMzI0NDEuanBnfHx8fHx8fHx8fHw0MDB4MzAw.jpg","large":"YTI4NTkyNjA5YWE5MjQ3YTQxYmU2ZjkyOTEwZjEwZjZmKXppcZ7AQety1nHTwkE_ODg2MDQ0LTcyMzI0NDEuanBnfHx8fHx8fHx8fHw2NDB4NDgw.jpg"}]}},{"ad_id":"887944","reg_year":"2001","make":"Skoda","model":"Octavia","variant":"TOP-SPEC, ELEGANCE, NCT JAN-14, LOW MILES, RELIABLE CAR, CAREFUL OWNER, 5DR, AS NEW, \"\"MUST BE SEEN\"\", N4CARS. ie","mileage":"82000","engine_size":"1.6","fuel_type":"Petrol","body_type":null,"colour":"7a0000","location":"Dublin","price":"\u20ac 2,449","images":{"base_url":"http:\/\/i0.carsie.ie\/","image_list":[{"thumb":"NGY2MzBkMzJlZTQ5ZmFiNzVkZTFiNjFkOGExMjk5Yjksob4lBhScElKfL_Uv5h_GODg3OTQ0LTcyMzI2NTcuanBnfHx8fHx8OTJ4Njl8fHx8fA==.jpg","main":"YmNkYzMzOGIwNjU0Mjc1YWViMzNkYTEzNjU3YTE2MjUjRK6UMhtLOxxDeMVvnoz6ODg3OTQ0LTcyMzI2NTcuanBnfHx8fHx8fHx8fHw0MDB4MzAw.jpg","large":"NmZhMTNhYjc0OWE1ZTE4OTQ3MWNhNmJiZmE1YzNkZGUQctLD4pA1vlxlGhNTuY52ODg3OTQ0LTcyMzI2NTcuanBnfHx8fHx8fHx8fHw2NDB4NDgw.jpg"}]}}]}