{"total":"23408","result":[{"ad_id":"779644","reg_year":"2000","make":"Mercedes-Benz","model":"ML 320","variant":null,"mileage":"69594","engine_size":"2.7","fuel_type":"Diesel","body_type":"People Carrier","colour":"0000c0","location":"Dublin","price":"\u20ac 4,449","images":{"base_url":"http:\/\/i0.carsie.ie\/","image_list":[{"thumb":"MzI5NWIyZDg4YjMyYTgwODI0NjI1YjA3YjUzOGRmY2b5zu5kkdnJ-WfuniOaiFdENzc5NjQ0LTcwODIzODQuanBnfHx8fHx8OTJ4Njl8fHx8fA==.jpg","main":"OTJkMmM0ODlkNTEzMWM0Mjg4YWViNDk0MWQyNDNlOTDR0NHZQhSYwJikxzh2XGIGNzc5NjQ0LTcwODIzODQuanBnfHx8fHx8fHx8fHw0MDB4MzAw.jpg","large":"YTE2OTlkZjVhZjEwOTRiNjYxYmM1MGNjYTcyNWQ5ZmVpCdLCi2sMb0-1ERRQmafbNzc5NjQ0LTcwODIzODQuanBnfHx8fHx8fHx8fHw2NDB4NDgw.jpg"}]}},{"ad_id":"864540","reg_year":"2005","make":"Nissan","model":"Micra","variant":"1.0, 5DR, VISIA, NCT JAN-15, TAX APR-13, AS NEW, \"\"MUST BE SEEN\"\", N4CARS. ie","mileage":"93000","engine_size":"1.0","fuel_type":"Petrol","body_type":null,"colour":"0000c0","location":"Dublin","price":"\u20ac 4,449","images":{"base_url":"http:\/\/i0.carsie.ie\/","image_list":[{"thumb":"YWRhYjQ4MGJmNzE4Y2FjNjAzNjYyN2Q4YzEzNjM1NDRyYi8Iewh0GJXhjHt1MrGQODY0NTQwLTcxMDI0MjMuanBnfHx8fHx8OTJ4Njl8fHx8fA==.jpg","main":"ODczMThjMzNlNTM3N2JlNDkxMWRmMzZiY2MxNWZlN2Mzu3g4iZT0K-6q9DSP7BYeODY0NTQwLTcxMDI0MjMuanBnfHx8fHx8fHx8fHw0MDB4MzAw.jpg","large":"N2VmYzVkYjA3OWQ3NTE1ZDAyM2QxZTU2MDJjMDAzOTTP4X3eZClDVSl-50-84Gn0ODY0NTQwLTcxMDI0MjMuanBnfHx8fHx8fHx8fHw2NDB4NDgw.jpg"}]}},{"ad_id":"779786","reg_year":"2003","make":"Volvo","model":"V40","variant":"ESTATE NCT AUG-13 1-OWNER MET-BLACK with LOVELY CREAM LEATHER TAXED MUST BE SEEN www. N4CARS. com","mileage":"92000","engine_size":"1.8","fuel_type":"Petrol","body_type":"Estate","colour":"000000","location":"Dublin","price":"\u20ac 4,449","images":{"base_url":"http:\/\/i0.carsie.ie\/","image_list":[{"thumb":"MzE1M2ZhMmQ0YWVlYTlhYmJlMWU0NWZjNjNkYzUwMmEGlo8YMgJmnbHoXYtVsg_cNzc5Nzg2LTY5NTU2NTEuanBnfHx8fHx8OTJ4Njl8fHx8fA==.jpg","main":"NGVhZWIwNDRlMDc3ZTkzYjExMTUzZmZhMmZjNzkwMjPvQyWuseyu8EW27i_aP087Nzc5Nzg2LTY5NTU2NTEuanBnfHx8fHx8fHx8fHw0MDB4MzAw.jpg","large":"MzViZWI5ODczYzY4ZmQ0NDZjNjg3MmU5MzcwYWNhYzVgvZpsff1Bjdq7gjuBGjm9Nzc5Nzg2LTY5NTU2NTEuanBnfHx8fHx8fHx8fHw2NDB4NDgw.jpg"}]}},{"ad_id":"752113","reg_year":"2000","make":"Audi","model":"TT","variant":"Roadster Quatro 1.8","mileage":"133139","engine_size":"1.8","fuel_type":"Petrol","body_type":"Cabriolet \/ Convertible","colour":"e0e0e0","location":"Dublin","price":"\u20ac 4,450","images":{"base_url":"http:\/\/i0.carsie.ie\/","image_list":[{"thumb":"MTE4N2VkYmIyZDJmM2MxN2JmYzNkOTU5MzgwZTczNDnMax6j5Ll_gbE6k0SIlFIiNzUyMTEzLTU1ODY0ODQuanBnfHx8fHx8OTJ4Njl8fHx8fA==.jpg","main":"M2FjM2U4ODhlNTM1OWI3ZTY5YmYxNmFmNWZmYTlmY2WFY6laNZ5KdoSamvnqsLFwNzUyMTEzLTU1ODY0ODQuanBnfHx8fHx8fHx8fHw0MDB4MzAw.jpg","large":"OTkwMGExZDU4ZDEwY2Y0N2M4ZjZhYTJlY2YzN2E5NzRDXbDrEdeYMcPGUxZc_kX3NzUyMTEzLTU1ODY0ODQuanBnfHx8fHx8fHx8fHw2NDB4NDgw.jpg"}]}},{"ad_id":"895220","reg_year":"2004","make":"BMW","model":"316","variant":"SE","mileage":"75000","engine_size":"1.8","fuel_type":"Petrol","body_type":"Saloon","colour":"0000c0","location":"Dublin","price":"\u20ac 4,450","images":{"base_url":"http:\/\/i0.carsie.ie\/","image_list":[{"thumb":"YTYzNjc4OTdlNmRhZTZhZWE2MzFiNzYwYTBmMTZhYmQ4j8L2v8enw7v3F0FCt4z0ODk1MjIwLTczNTA2NDIuanBnfHx8fHx8OTJ4Njl8fHx8fA==.jpg","main":"OTYwZTc3NzEzODAzZmM1NDk0N2MxOTZlYzczNTcxMmZZZ3QOGAJU1489WmPAWTvqODk1MjIwLTczNTA2NDIuanBnfHx8fHx8fHx8fHw0MDB4MzAw.jpg","large":"OWJhM2U5ZDg5ZjAxODM2YjUwN2MxNGQyYjZjODI1MDYWok-viq5WnHcWzvos2RLqODk1MjIwLTczNTA2NDIuanBnfHx8fHx8fHx8fHw2NDB4NDgw.jpg"}]}},{"ad_id":"901832","reg_year":"2004","make":"BMW","model":"316","variant":"","mileage":"138578","engine_size":"1.8","fuel_type":"Petrol","body_type":"Saloon","colour":"0000c0","location":"Dublin","price":"\u20ac 4,450","images":{"base_url":"http:\/\/i0.carsie.ie\/","image_list":[{"thumb":"NDEzMDllOTM2MTZmYjk2NmJlYjk4YWIzZTNhMzRhNzB_O8580JFWr4WbCoYgvECPOTAxODMyLTc0MjUzNzMuanBnfHx8fHx8OTJ4Njl8fHx8fA==.jpg","main":"ZTVkYmUxYzM0ZDA0MTUwOGQyYjA3YThiZjAxMWRiZWYfXY1J__EdnG1kdJB2_1DJOTAxODMyLTc0MjUzNzMuanBnfHx8fHx8fHx8fHw0MDB4MzAw.jpg","large":"YTk5NmE0OTM3ZDEzOGE3ODk0YjI0ZWQ3OGU3NGQzM2TA7bKBe1n2uNmBWoA00oxHOTAxODMyLTc0MjUzNzMuanBnfHx8fHx8fHx8fHw2NDB4NDgw.jpg"}]}},{"ad_id":"861816","reg_year":"2004","make":"BMW","model":"320","variant":"I Saloon SE 4DR","mileage":"105000","engine_size":"2.1","fuel_type":"Petrol","body_type":"Saloon","colour":"0000c0","location":"Dublin","price":"\u20ac 4,450","images":{"base_url":"http:\/\/i0.carsie.ie\/","image_list":[{"thumb":"YTBhODE2NTBkN2ZmNTkzYjRlNTk2MTY0YmRlZDkxN2H54Snwm6lyhlILVlYhPd4cODYxODE2LTY5MjM0MTIuanBnfHx8fHx8OTJ4Njl8fHx8fA==.jpg","main":"NmVjYjJhZGMxOTdkNWMyZDgyMWU2ZjgzY2VlZGIyZTfxjibbzf-s_MeUf08yBObZODYxODE2LTY5MjM0MTIuanBnfHx8fHx8fHx8fHw0MDB4MzAw.jpg","large":"YmUwODM2NWY5M2QwNmZjMzE0M2YwNGJkNzRlODdkNmY2VnUybiHDmMtz8ejEDGfKODYxODE2LTY5MjM0MTIuanBnfHx8fHx8fHx8fHw2NDB4NDgw.jpg"}]}},{"ad_id":"890479","reg_year":"2008","make":"Chevrolet","model":"Lacetti","variant":"Lacetti 1.6 SX S\/W MY06","mileage":"90474","engine_size":"1.6","fuel_type":"Petrol","body_type":"Estate","colour":"000000","location":"Cork","price":"\u20ac 4,450","images":{"base_url":"http:\/\/i0.carsie.ie\/","image_list":[{"thumb":"ZDllZmVhNDRlM2MyMjQ1YWMxODlkOGY4NGU5ZmE2NzT6Ixy-ORQ1eLJr45_FSo7YODkwNDc5LTcyNDc2NzcuanBnfHx8fHx8OTJ4Njl8fHx8fA==.jpg","main":"N2NmMmYzMjE0ZGRhZTQ4ZDQwYjczN2JlYzJkZjhkNTCOxqPyvFTjgdE7MKbKXTq1ODkwNDc5LTcyNDc2NzcuanBnfHx8fHx8fHx8fHw0MDB4MzAw.jpg","large":"NmEyNWVmM2I1NDc2NjJmYjRhODZkZWEyYzNlNWYxZWV-GQyvhTAqeggvLLbxh_ccODkwNDc5LTcyNDc2NzcuanBnfHx8fHx8fHx8fHw2NDB4NDgw.jpg"}]}},{"ad_id":"892817","reg_year":"2008","make":"Chevrolet","model":"Matiz","variant":"*SOLD*SOLD** SPORT --NCT JUNE 2014--","mileage":"49518","engine_size":"1.0","fuel_type":"Petrol","body_type":"Hatchback","colour":"0000c0","location":"Dublin","price":"\u20ac 4,450","images":{"base_url":"http:\/\/i0.carsie.ie\/","image_list":[{"thumb":"Nzg0ODI4NTU1MzA4YTFlMzZmNDAxOTg1YjQ0NjFkZmZ70QylFi3dOxzj8Q9Ovt8EODkyODE3LTcyNzg1NzguanBnfHx8fHx8OTJ4Njl8fHx8fA==.jpg","main":"NmQwOWFmZjI1ZTVjN2I5ZGI3MGQ2NDU4ZjQ4ZTY3ZGINhw7hh-CmLQQC-LEYVySXODkyODE3LTcyNzg1NzguanBnfHx8fHx8fHx8fHw0MDB4MzAw.jpg","large":"MjU3NzIwNDliOGMzY2FiOGQ3YjE1MGEyNWNiZmEwYja78I3qdRkvxjm0iB3FUOh8ODkyODE3LTcyNzg1NzguanBnfHx8fHx8fHx8fHw2NDB4NDgw.jpg"}]}},{"ad_id":"896872","reg_year":"2006","make":"Citroen","model":"Xsara Picasso","variant":"1.6I SX","mileage":"47846","engine_size":"1.6","fuel_type":"Petrol","body_type":"Estate","colour":"f0b800","location":"Dublin","price":"\u20ac 4,450","images":{"base_url":"http:\/\/i0.carsie.ie\/","image_list":[{"thumb":"YTVjYTA5MzMxMWJjZjEwYTYyNDhmZTI2MWZmMWExZDlROScJZRd4QDJL24d6Gni4ODk2ODcyLTczNDc4NjUuanBnfHx8fHx8OTJ4Njl8fHx8fA==.jpg","main":"NzFmYzhkMTVmZjljODM0NDllNWU2YjE1YWEwMTVhOGNJ7Op40ujlUJ1Mwx3uwc64ODk2ODcyLTczNDc4NjUuanBnfHx8fHx8fHx8fHw0MDB4MzAw.jpg","large":"ZjBkYzVjZWNjMGFhMTY0OGE5NzExZjVhNDMxODIwNjnZd2-0lOKMELIuqP4FoKCcODk2ODcyLTczNDc4NjUuanBnfHx8fHx8fHx8fHw2NDB4NDgw.jpg"}]}},{"ad_id":"896281","reg_year":"2007","make":"Fiat","model":"Grande Punto","variant":"NCT 03\/2015, 47K MLS, BARGAIN!!!","mileage":"47000","engine_size":"1.2","fuel_type":"Petrol","body_type":"Hatchback","colour":"ff0000","location":"Dublin","price":"\u20ac 4,450","images":{"base_url":"http:\/\/i0.carsie.ie\/","image_list":[{"thumb":"MjcwMmYxNTI2ZTE0NmY1ZTFkMDk4ODdjMjk3NDlkY2TKG-2eDSTYGeWxhnfPsbU8ODk2MjgxLTczMzE3MjguanBnfHx8fHx8OTJ4Njl8fHx8fA==.jpg","main":"Y2UxMTU4ZjkwYTg4NDZkOGZjNDAxMGVkMDY2ZTRjZTkpeAsxKxg-q80wBuh45KFyODk2MjgxLTczMzE3MjguanBnfHx8fHx8fHx8fHw0MDB4MzAw.jpg","large":"NWJlMzUxYTBlZTEyODI5OTIyYWNmZWM4YTRhMzE0NzMpciKdR_P48eJ_1CGG9ZmnODk2MjgxLTczMzE3MjguanBnfHx8fHx8fHx8fHw2NDB4NDgw.jpg"}]}},{"ad_id":"898093","reg_year":"2006","make":"Fiat","model":"Grande Punto","variant":"1.4 8V Dynam","mileage":"60845","engine_size":"1.4","fuel_type":"Petrol","body_type":"Hatchback","colour":"0000c0","location":"Dublin","price":"\u20ac 4,450","images":{"base_url":"http:\/\/i0.carsie.ie\/","image_list":[{"thumb":"NjA1M2ExMGQ0ODQwZDU5YWM3YmVhM2YwYTkwMzIxYTZVS_iQ0kq_I1yngdXoa03pODk4MDkzLS5qcGd8fHx8fHw5Mng2OXx8fHx8.jpg","main":"OGJhZjFiYzE3NmQ2OTZiNzYzODQyYWY1NzkxOTg3YWPeqNSw0wnftmtd_N83hejLODk4MDkzLS5qcGd8fHx8fHx8fHx8fDQwMHgzMDA=.jpg","large":"NGQyMTAzYjJhZWU3YWRlOTUwOTY1YmNlNWNhMjMyNmPXBdAk8XCKX3CG74W97nYpODk4MDkzLS5qcGd8fHx8fHx8fHx8fDY0MHg0ODA=.jpg"}]}},{"ad_id":"787735","reg_year":"2007","make":"Fiat","model":"Stilo","variant":"1.4 16V Active","mileage":"68352","engine_size":"1.4","fuel_type":"Petrol","body_type":"Hatchback","colour":"858585","location":"Dublin","price":"\u20ac 4,450","images":{"base_url":"http:\/\/i0.carsie.ie\/","image_list":[{"thumb":"NTc4ZWM3YjE0NmE3N2Y2ZTRmYWI3Yjk2N2VjNTI3ODU_djn_ieS-TOQxL5neLTOGNzg3NzM1LTYwNTM0NTMuanBnfHx8fHx8OTJ4Njl8fHx8fA==.jpg","main":"NWM5NzgxOWQ1N2Y3NDk3ZjAxZTJiMDJmNzhiMTc4M2Y8-RPMUIqhmt6iBiVM7cbvNzg3NzM1LTYwNTM0NTMuanBnfHx8fHx8fHx8fHw0MDB4MzAw.jpg","large":"ZTNmNmE5YjdlN2ZhMmU2OWFlMTFhZGIyYjQyYzkxYWMKEZBtc_vO6Yb9u3CA-sbaNzg3NzM1LTYwNTM0NTMuanBnfHx8fHx8fHx8fHw2NDB4NDgw.jpg"}]}},{"ad_id":"859462","reg_year":"2003","make":"Ford","model":"Focus","variant":"1.4i LX","mileage":"121000","engine_size":"1.4","fuel_type":"Petrol","body_type":null,"colour":"0000c0","location":"Cork","price":"\u20ac 4,450","images":{"base_url":"http:\/\/i0.carsie.ie\/","image_list":[{"thumb":"ZWQ0NGI5NmJiNTJhNWJjOTkwNDg0YWExMjZmOTA5ZDb-g4bukafJ2Wwz2AsIEkSdODU5NDYyLTY5MDQ2ODkuanBnfHx8fHx8OTJ4Njl8fHx8fA==.jpg","main":"MDBlY2JjYWFlYTYwNzVkNGQ0NDJiMWZjMTczYmQwZmUVCuGHDG9MoWNR7sXao41LODU5NDYyLTY5MDQ2ODkuanBnfHx8fHx8fHx8fHw0MDB4MzAw.jpg","large":"MmUwYWNlNWJkNzRmMTAyYTQ5YmY1MmI4NzYzNGVlMGRs_gE5Xuolbj_xfilGmkjdODU5NDYyLTY5MDQ2ODkuanBnfHx8fHx8fHx8fHw2NDB4NDgw.jpg"}]}},{"ad_id":"836275","reg_year":"2005","make":"Ford","model":"Focus","variant":"TAXED UNTIL April 2013","mileage":"105000","engine_size":"1.4","fuel_type":"Petrol","body_type":"Saloon","colour":"7a0000","location":"Dublin","price":"\u20ac 4,450","images":{"base_url":"http:\/\/i0.carsie.ie\/","image_list":[{"thumb":"MjYxOTcwMjQxMjY3N2M0NDEyNWI3NWRiZmIxMGI4OTZhbwDTOjjopr13C3O2y7ZFODM2Mjc1LTcwODM2ODguanBnfHx8fHx8OTJ4Njl8fHx8fA==.jpg","main":"NWIwZWZmNTgwMTYyNTg2Mzk1ZTZjYWI4MWRmNzIyZjCzYzAarNSJhv7saWamiYyoODM2Mjc1LTcwODM2ODguanBnfHx8fHx8fHx8fHw0MDB4MzAw.jpg","large":"YmRlYTVlMzAwNDVjOThmZDZiYTYyNTI2Y2M2ZDE2ZjWokMkovsbDWxGk_OF2N2XUODM2Mjc1LTcwODM2ODguanBnfHx8fHx8fHx8fHw2NDB4NDgw.jpg"}]}},{"ad_id":"889211","reg_year":"2005","make":"Ford","model":"Focus","variant":"1.4 Steel II 4DR nct jan .2015","mileage":"94366","engine_size":"1.4","fuel_type":"Petrol","body_type":"Saloon","colour":"e0e0e0","location":"Dublin","price":"\u20ac 4,450","images":{"base_url":"http:\/\/i0.carsie.ie\/","image_list":[{"thumb":"NWE2MjA2MjBkOGU3ZDE3M2Q2NTk4NDczZDJmYzMyMTQ8QwjxqtPh4V0zBDYVGKgCODg5MjExLTcyNjA2OTAuanBnfHx8fHx8OTJ4Njl8fHx8fA==.jpg","main":"NjcxMzU5MDE2Mjg5YjhlYWFiZDhkNTg3YjIwMWUyOTlrTf3L0C-zRrfFEebqDjTQODg5MjExLTcyNjA2OTAuanBnfHx8fHx8fHx8fHw0MDB4MzAw.jpg","large":"ZmUzNjJkYTA1Yjc5OTE5Mjk3NTMyM2VhYjk5Y2M4ZWYKYlVBk2M26pjfq8-Daya1ODg5MjExLTcyNjA2OTAuanBnfHx8fHx8fHx8fHw2NDB4NDgw.jpg"}]}},{"ad_id":"897566","reg_year":"2003","make":"Ford","model":"Focus","variant":"1.6 Zetec 99BHP 05DR A","mileage":"76493","engine_size":"1.6","fuel_type":"Petrol","body_type":"Hatchback","colour":"000000","location":"Dublin","price":"\u20ac 4,450","images":{"base_url":"http:\/\/i0.carsie.ie\/","image_list":[{"thumb":"NmY1NWRmNDRiZjJjOWQyMDlhMzYyODE2ZGRmNTU1ZDLAYSWhU9dO0DLu1DJvCXXDODk3NTY2LTczNTU0NTMuanBnfHx8fHx8OTJ4Njl8fHx8fA==.jpg","main":"NWUxYzkzOGIwNWZhNmU0MDYxODZiZTcwODMyY2JkMWUJThkSFxUqp9LUM_QV3HGJODk3NTY2LTczNTU0NTMuanBnfHx8fHx8fHx8fHw0MDB4MzAw.jpg","large":"ZDdiNjUxMGNkMzI1OWU1OTk3YmQ4ZjM4YjYwZmQ0MjhyOanJtoDnfWDECVB7Cz8cODk3NTY2LTczNTU0NTMuanBnfHx8fHx8fHx8fHw2NDB4NDgw.jpg"}]}},{"ad_id":"901401","reg_year":"2004","make":"Ford","model":"Focus","variant":null,"mileage":"65524","engine_size":"1.4","fuel_type":"Petrol","body_type":null,"colour":"858585","location":"Dublin","price":"\u20ac 4,450","images":{"base_url":"http:\/\/i0.carsie.ie\/","image_list":[{"thumb":"YTAwZTFlMzY5OTg0ZGJhNWQ3YTNhMzM4OGJhYzg0NWbDZs8j7tdVoF9ewVhKv4J7OTAxNDAxLTc0MjkzOTMuanBnfHx8fHx8OTJ4Njl8fHx8fA==.jpg","main":"MWY3MTA0OTdhZTZjYTRkMzI4ZGFjOTc0MzA1NzFmZGL7UUkobozHUjhCW3TK1gRNOTAxNDAxLTc0MjkzOTMuanBnfHx8fHx8fHx8fHw0MDB4MzAw.jpg","large":"YWYwNThiMjlhOTAxNzY1MDhiNmZjMTk4OTZlODg2NTj-InlN4YlNudU7q8t1WLYGOTAxNDAxLTc0MjkzOTMuanBnfHx8fHx8fHx8fHw2NDB4NDgw.jpg"}]}},{"ad_id":"884203","reg_year":"2003","make":"Ford","model":"Galaxy","variant":"1.9 D Zetec","mileage":"158000","engine_size":"1.9","fuel_type":"Diesel","body_type":"Hatchback","colour":"ff0000","location":"Dublin","price":"\u20ac 4,450","images":{"base_url":"http:\/\/i0.carsie.ie\/","image_list":[{"thumb":"ZjhlMzQyYTc4NzQwYjQ3NjIxODY4ZGRhMjJlMWE2MTKIdRtJZ1TK4-ixsJBGfjJQODg0MjAzLTcxOTI0ODMuanBnfHx8fHx8OTJ4Njl8fHx8fA==.jpg","main":"M2Q2M2ZmMzEyMzZmMTA4Njg3MDRkODdmMWU4NWJjYTcMgYk1zgi7EY5UrfdMpqcIODg0MjAzLTcxOTI0ODMuanBnfHx8fHx8fHx8fHw0MDB4MzAw.jpg","large":"YTgwZjdjYTMzYzQzYjNmNTEzMWJhN2U1MjdlZTk4N2KBigWjLaat-6HrfH4CRhAgODg0MjAzLTcxOTI0ODMuanBnfHx8fHx8fHx8fHw2NDB4NDgw.jpg"}]}},{"ad_id":"884019","reg_year":"2005","make":"Ford","model":"Mondeo","variant":"LX 2.0 TD 4DR","mileage":"124277","engine_size":"2.0","fuel_type":"Diesel","body_type":"Saloon","colour":"e0e0e0","location":"Dublin","price":"\u20ac 4,450","images":{"base_url":"http:\/\/i0.carsie.ie\/","image_list":[{"thumb":"NTI4YWRmODIwNWY5M2QzZDNhZmViYWMxOWE5NDFmYzChFCl017gcRteD2E2HTAgzODg0MDE5LTcxODg3NjkuanBnfHx8fHx8OTJ4Njl8fHx8fA==.jpg","main":"YjY1OWVmMTQ2ZGFjZjg5NDYyMTYwNjAwZjJlZTNiMDliTWkOucAb2phfZDFF0-5jODg0MDE5LTcxODg3NjkuanBnfHx8fHx8fHx8fHw0MDB4MzAw.jpg","large":"MDZlZjJhNDc2MzI0MWNjY2JmM2Y4MjFmZDAyNDIxNGOGb3OFvglKlnitkrBPrbr9ODg0MDE5LTcxODg3NjkuanBnfHx8fHx8fHx8fHw2NDB4NDgw.jpg"}]}}]}