{"total":"23408","result":[{"ad_id":"868123","reg_year":"2004","make":"Isuzu","model":"Trooper","variant":"73 Bighorn Executive","mileage":"115192","engine_size":"3.0","fuel_type":"Diesel","body_type":"Van","colour":"f0b800","location":"Westmeath","price":"\u20ac 4,750","images":{"base_url":"http:\/\/i0.carsie.ie\/","image_list":[{"thumb":"MTU4YzZjNjZlMmU1NzFmODc1MGVhNzU4MjExMDg0OGWa9xhuOPETSTk7QQYCR43GODY4MTIzLTY5OTkyODcuanBnfHx8fHx8OTJ4Njl8fHx8fA==.jpg","main":"OGQ2NGQ3ZDg4MWZkYjVhNWQ3ZmI0YzNlNDUxNWRlMGQi_pe3VkcIgr1m9M5GOycsODY4MTIzLTY5OTkyODcuanBnfHx8fHx8fHx8fHw0MDB4MzAw.jpg","large":"MWY2ZGQzYzMzOTU4MTJjZjI0YjQwMWE0MmE3NWNlOWXbWB54M13ONpQwD1nIaK3eODY4MTIzLTY5OTkyODcuanBnfHx8fHx8fHx8fHw2NDB4NDgw.jpg"}]}},{"ad_id":"887614","reg_year":"2007","make":"Kia","model":"Magentis","variant":"2.0 4DR","mileage":"50761","engine_size":"2.0","fuel_type":"Petrol","body_type":"Saloon","colour":"e0e0e0","location":"Cavan","price":"\u20ac 4,750","images":{"base_url":"http:\/\/i0.carsie.ie\/","image_list":[{"thumb":"NDExYTJlMzY4MDY0MTYyNzBlMTk3NzIwYjA3MGMyNjDQTTt1rctgXZh5lgfZK8rJODg3NjE0LTcyMjcwOTQuanBnfHx8fHx8OTJ4Njl8fHx8fA==.jpg","main":"Mjc3MGNiZDhiMzIxZGY4N2RkNzU4NGZiMDU4ZGE3MmTdN2PBoTZeajBilZVbPz35ODg3NjE0LTcyMjcwOTQuanBnfHx8fHx8fHx8fHw0MDB4MzAw.jpg","large":"NWQ4YjdiNThiMTdkYmMwM2IwYjA1YzY1ZGZjOGVkOTZoxi3XwOTH4b5rU6w-GLiBODg3NjE0LTcyMjcwOTQuanBnfHx8fHx8fHx8fHw2NDB4NDgw.jpg"}]}},{"ad_id":"780000","reg_year":"2006","make":"Kia","model":"Sedona","variant":"2 GSE 5DR","mileage":"117442","engine_size":"2.9","fuel_type":"Diesel","body_type":"People Carrier","colour":"e0e0e0","location":"Waterford","price":"\u20ac 4,750","images":{"base_url":"http:\/\/i0.carsie.ie\/","image_list":[{"thumb":"Y2Y5OTY3ZmM3OGRmMTgxNmI3YWQwYmZkMjQ0NzA2ZTek5b5p4Vo97xUpQfLncTd-NzgwMDAwLTU5NjI0MDIuanBnfHx8fHx8OTJ4Njl8fHx8fA==.jpg","main":"MjMyNjQ3OTA0NzczYzgzMDAwMzQ1MTk3NGRlMmZhNTPpa5hfRfLueVhefzaOSEVANzgwMDAwLTU5NjI0MDIuanBnfHx8fHx8fHx8fHw0MDB4MzAw.jpg","large":"ZTliZTk0NGY1ODhjNzRmMjk3OTllZmRkMTk2ODc4NzjjXQOd_qCvcx2en--OsD1KNzgwMDAwLTU5NjI0MDIuanBnfHx8fHx8fHx8fHw2NDB4NDgw.jpg"}]}},{"ad_id":"899424","reg_year":"2005","make":"Kia","model":"Sorento","variant":"2.5 DIESEL","mileage":"103150","engine_size":"2.5","fuel_type":"Diesel","body_type":"Estate","colour":"e0e0e0","location":"Dublin","price":"\u20ac 4,750","images":{"base_url":"http:\/\/i0.carsie.ie\/","image_list":[{"thumb":"YjRkMDQ4OTlmNDUwMWRkZGFjOWNkMGMzYmU2YzI1NDHnfBoJhyxwfAj8G4aHoFiBODk5NDI0LTczNzgxMTkuanBnfHx8fHx8OTJ4Njl8fHx8fA==.jpg","main":"MTU0NDhjNTljYjFjMGNmODBhYjE4ZmNkMzUwMGY1MzD3Q_ABpAHV1bADRFDLvM1uODk5NDI0LTczNzgxMTkuanBnfHx8fHx8fHx8fHw0MDB4MzAw.jpg","large":"YWY3MDIwZWM5ZGJlYTYyNWMzZDFkMDIxNDc2YTliYjIKpzy-V3zufafOsSh5ruxmODk5NDI0LTczNzgxMTkuanBnfHx8fHx8fHx8fHw2NDB4NDgw.jpg"}]}},{"ad_id":"860844","reg_year":"2003","make":"Kia","model":"Sorento","variant":"EX 5DR","mileage":"142000","engine_size":"2.5","fuel_type":"Diesel","body_type":"Estate","colour":"000000","location":"Galway","price":"\u20ac 4,750","images":{"base_url":"http:\/\/i0.carsie.ie\/","image_list":[{"thumb":"MTIwYzMyZTdmYjQ3ZmZlNDU2Nzk0MzhlYjgwMDhhOWV0S0NP0-wFGX8ejdoScdtaODYwODQ0LTY5NzkyNTQuanBnfHx8fHx8OTJ4Njl8fHx8fA==.jpg","main":"NmU1MTYyMDIxYWZjNjkxNWIzZTE1ZWIzMTdjNTA3NGLk_S9BBQfUhtqhHgOO9WOAODYwODQ0LTY5NzkyNTQuanBnfHx8fHx8fHx8fHw0MDB4MzAw.jpg","large":"MTg5ZDU2MjQ5MTMxOWQwZjMyM2ZiMmZlNDNhY2UxMTYde9lX3CBiqCJ3DofzpDlZODYwODQ0LTY5NzkyNTQuanBnfHx8fHx8fHx8fHw2NDB4NDgw.jpg"}]}},{"ad_id":"893019","reg_year":"2002","make":"Land Rover","model":"Discovery","variant":"*SIMI APPROVED DEALER*","mileage":"122900","engine_size":"2.5","fuel_type":"Diesel","body_type":null,"colour":"e0e0e0","location":"Dublin","price":"\u20ac 4,750","images":{"base_url":"http:\/\/i0.carsie.ie\/","image_list":[{"thumb":"YWEwYmU5MzU2NjkzOWIzMDgyYTc2YTVmNWUyZWZjZTGT3YCnZwVpRwarzmjNbmQ7ODkzMDE5LTczMzg1MjAuanBnfHx8fHx8OTJ4Njl8fHx8fA==.jpg","main":"YzE0ZWFhOTZhYjc3MzYzOTY0Y2JkMmE4YmRlN2M2NWIqKbYKJeQPv2RzSOCZzbg_ODkzMDE5LTczMzg1MjAuanBnfHx8fHx8fHx8fHw0MDB4MzAw.jpg","large":"Njk1ODhjYzdiOGQ5Y2ZjY2JkYzNjY2YzMmE5MTdjNTNPM4TroIC_iDaxC5BW3LzgODkzMDE5LTczMzg1MjAuanBnfHx8fHx8fHx8fHw2NDB4NDgw.jpg"}]}},{"ad_id":"860545","reg_year":"2003","make":"Lexus","model":"RX 300","variant":"RX 300 Luxury 4WD","mileage":"68000","engine_size":"3.0","fuel_type":"Petrol","body_type":"Estate","colour":"858585","location":"Dublin","price":"\u20ac 4,750","images":{"base_url":"http:\/\/i0.carsie.ie\/","image_list":[{"thumb":"NjcwZGU3ZGZkOGYyZWUxZWFkNjQ2MmFkYjhmOTc3YjdJbgG_xVbX-mMQ-Uzyw3dEODYwNTQ1LTY5MDg2MTYuanBnfHx8fHx8OTJ4Njl8fHx8fA==.jpg","main":"MzA5NGJhNzljYzAzZDQyYmMwYTg4YmUyOTYzZWFjOTPzhOYq6tpVhN9miK8rVo7FODYwNTQ1LTY5MDg2MTYuanBnfHx8fHx8fHx8fHw0MDB4MzAw.jpg","large":"NzgxZDBmYjhlYjljYzQ2MjVjYjVmNGJmNTFhNWU4NDV8sPtDVIg7V6cJ7NpVb1dtODYwNTQ1LTY5MDg2MTYuanBnfHx8fHx8fHx8fHw2NDB4NDgw.jpg"}]}},{"ad_id":"799073","reg_year":"2004","make":"Mazda","model":"Mazda2","variant":"Diesel","mileage":"57789","engine_size":"1.4","fuel_type":"Diesel","body_type":"People Carrier","colour":"e0e0e0","location":"Waterford","price":"\u20ac 4,750","images":{"base_url":"http:\/\/i0.carsie.ie\/","image_list":[{"thumb":"ODhiZjBjMGRiNjgzYzM0ZTBlZWY4YzZkZWQ5M2VlYTSQ-1zBK2qvWcYfCfdZPEg7Nzk5MDczLTYxODkxNTUuanBnfHx8fHx8OTJ4Njl8fHx8fA==.jpg","main":"N2EzZjU4Y2NhMjNiNTViNGQ2ZTM3ZWUwNmViYWRkMmTqahkPPfcPdx7bQKp-3jKQNzk5MDczLTYxODkxNTUuanBnfHx8fHx8fHx8fHw0MDB4MzAw.jpg","large":"OGQ1YzdiYjRmN2YyZmZhNjI0MGQ4YTJhNGZlZDFlM2O_6a1INFsMsIGp6qRAt1BbNzk5MDczLTYxODkxNTUuanBnfHx8fHx8fHx8fHw2NDB4NDgw.jpg"}]}},{"ad_id":"889075","reg_year":"2005","make":"Mazda","model":"Mazda6","variant":"1.8 SEDAN TOURING","mileage":"46727","engine_size":"1.8","fuel_type":"Petrol","body_type":"Hatchback","colour":"e0e0e0","location":"Cork","price":"\u20ac 4,750","images":{"base_url":"http:\/\/i0.carsie.ie\/","image_list":[{"thumb":"OTg4ODRkZmU3OWE4MjBkMDYxZDQ5OGExMWE1ODdkYmP5Tq9qC56kXDJQwyYRBvgLODg5MDc1LTcyNzI4NTkuanBnfHx8fHx8OTJ4Njl8fHx8fA==.jpg","main":"MzNiODczMDExMzJmZDdjNTMwMzE2ZjA3NWMwYjgzYzRt-CCfo8eXESILnOAEa524ODg5MDc1LTcyNzI4NTkuanBnfHx8fHx8fHx8fHw0MDB4MzAw.jpg","large":"M2M0ZTIyYzBmMTg1ZDU1MTkwOGNjZWM0OTlkYzIxN2b0oiKpPeH4oPVZcq9Sq3FOODg5MDc1LTcyNzI4NTkuanBnfHx8fHx8fHx8fHw2NDB4NDgw.jpg"}]}},{"ad_id":"895450","reg_year":"2006","make":"Mazda","model":"Mazda6","variant":"SE","mileage":"90101","engine_size":"1.8","fuel_type":"Petrol","body_type":"Saloon","colour":"994d00","location":"Limerick","price":"\u20ac 4,750","images":{"base_url":"http:\/\/i0.carsie.ie\/","image_list":[{"thumb":"ZDE3ODViNTg0MGU1NWY4N2MxY2U3OGNhZTQ3MzJlN2anwJ-xEqIM8WyED5GajjPqODk1NDUwLTczMjQzOTMuanBnfHx8fHx8OTJ4Njl8fHx8fA==.jpg","main":"YmVjZTEzMjI1ZDRlYzg4YmFmNzdhMmU3MjhkOTkzYWIb2DjOze2jV4xSKCSiZJEzODk1NDUwLTczMjQzOTMuanBnfHx8fHx8fHx8fHw0MDB4MzAw.jpg","large":"MTA3NDU0YTM1Y2FiNTRjNzY2YTI2YzU1NTc3ZTM1MDEj6rL_swRdo-yMPQxdTC6AODk1NDUwLTczMjQzOTMuanBnfHx8fHx8fHx8fHw2NDB4NDgw.jpg"}]}},{"ad_id":"615672","reg_year":"2004","make":"Mazda","model":"Premacy","variant":"","mileage":"73000","engine_size":"2.0","fuel_type":"Diesel","body_type":"People Carrier","colour":"008000","location":"Waterford","price":"\u20ac 4,750","images":{"base_url":"http:\/\/i0.carsie.ie\/","image_list":[{"thumb":"M2Y1YWExZjdjNjk4ZmRkM2Q0NzRiNmE5NWI1YjMzNTYFHRUUh6aviz-iOeYFc24iNjE1NjcyLTM5OTg4OTYuanBnfHx8fHx8OTJ4Njl8fHx8fA==.jpg","main":"NWRkZTI0NmQ3NWI5ZGFkMzMwY2UzZWVlYzJjZmQ3Yjjm7PZI_UXTX_olxkSzClztNjE1NjcyLTM5OTg4OTYuanBnfHx8fHx8fHx8fHw0MDB4MzAw.jpg","large":"NDhjNjg0ODhhMTMwYWFjOTM4OTE0ZjYxYTY3MWNjNzCLyyKXTR3v--BtBaNdJ-ZcNjE1NjcyLTM5OTg4OTYuanBnfHx8fHx8fHx8fHw2NDB4NDgw.jpg"}]}},{"ad_id":"895704","reg_year":"2005","make":"Mercedes-Benz","model":"A 140","variant":"5 dr Alloys","mileage":"75000","engine_size":"1.4","fuel_type":"Petrol","body_type":"Hatchback","colour":"008000","location":"Dublin","price":"\u20ac 4,750","images":{"base_url":"http:\/\/i0.carsie.ie\/","image_list":[{"thumb":"MjBkOWRhZWI3MGE3OGI4MWQzNWU1MGY4NTNhM2FhN2KslR9H3yXSoHkYEV8an7fCODk1NzA0LTczMjYxNTMuanBnfHx8fHx8OTJ4Njl8fHx8fA==.jpg","main":"NzFkNGFmYmYzMmFjYjdjNDE3ZDYxNjY3ODljYzRhNDlC6mg3BXW-K14TkPUKSMXSODk1NzA0LTczMjYxNTMuanBnfHx8fHx8fHx8fHw0MDB4MzAw.jpg","large":"NmEwODRlZDg3NzE1N2U1NmY4NWU2MWM5ZWMwM2RiZDAucbDCY41OsQIhbsZiZueRODk1NzA0LTczMjYxNTMuanBnfHx8fHx8fHx8fHw2NDB4NDgw.jpg"}]}},{"ad_id":"898502","reg_year":"2003","make":"Mercedes-Benz","model":"C 280","variant":null,"mileage":"119000","engine_size":"1.8","fuel_type":"Petrol","body_type":null,"colour":"0000c0","location":"Dublin","price":"\u20ac 4,750","images":{"base_url":"http:\/\/i0.carsie.ie\/","image_list":[{"thumb":"NzM5M2E4MzhlYTJiOWVkZjNiYzdkYjBkZjY3NWZjMmGvp88YOoUfntbjv8ZZ2FXkODk4NTAyLTczNjk0MTAuanBnfHx8fHx8OTJ4Njl8fHx8fA==.jpg","main":"YWIwZDllNzY3OTE5ZjhhYmIwZjc1MzljYmJhZDQ4ZGLoQydpx5Bgt6wOvdWn6_neODk4NTAyLTczNjk0MTAuanBnfHx8fHx8fHx8fHw0MDB4MzAw.jpg","large":"YjU5Nzg5OWFlMjc0OWIyN2M2YzU1NWRiZWRjMTUzZjfVJn8xx_xo_hU2lk1JB4v2ODk4NTAyLTczNjk0MTAuanBnfHx8fHx8fHx8fHw2NDB4NDgw.jpg"}]}},{"ad_id":"900863","reg_year":"2002","make":"Mercedes-Benz","model":"CLK 230","variant":"CLK","mileage":"89000","engine_size":"2.3","fuel_type":"Petrol","body_type":"Cabriolet \/ Convertible","colour":"0000c0","location":"Dublin","price":"\u20ac 4,750","images":{"base_url":"http:\/\/i0.carsie.ie\/","image_list":[{"thumb":"Y2ZlNGQyNmUzZjQ0N2RiNzA3NzU2NTAzZjYxMDExODFgPoe4uWFsZYXX2mG8_nSuOTAwODYzLTc0MDczMTkuanBnfHx8fHx8OTJ4Njl8fHx8fA==.jpg","main":"Yzg4ZWQxNTkzNTZhZTBiNDZlMDIxOGQ3OWJlNjQyNmFq2_R2VHfGZxgdtMXnT4TPOTAwODYzLTc0MDczMTkuanBnfHx8fHx8fHx8fHw0MDB4MzAw.jpg","large":"ZjBmMTc2ZmRjYTE0YTUyODE5MDJkYmI5NDBlZDg4MGa9WSutQX7qRdTwAknSanuNOTAwODYzLTc0MDczMTkuanBnfHx8fHx8fHx8fHw2NDB4NDgw.jpg"}]}},{"ad_id":"845246","reg_year":"2002","make":"Mercedes-Benz","model":"ML 320","variant":"3.2 Auto.","mileage":"81000","engine_size":"3.2","fuel_type":"Petrol","body_type":"SUV","colour":"000000","location":"Dublin","price":"\u20ac 4,750","images":{"base_url":"http:\/\/i0.carsie.ie\/","image_list":[{"thumb":"MTc5NTIzZGJmZWUxZTcxNDk3ZjEzN2I4NjA4MTRiNjIQpD5kyAKov0hdINzrbOCsODQ1MjQ2LTY3NDU3OTguanBnfHx8fHx8OTJ4Njl8fHx8fA==.jpg","main":"MTUwMDc0MmE5NDcwNmM2MDA1MGVlNWUwMjcxYTQ3ZGZECjvqQ9e5dBcvfbdQk4QhODQ1MjQ2LTY3NDU3OTguanBnfHx8fHx8fHx8fHw0MDB4MzAw.jpg","large":"YzE3OTk2OTg5ZTRkNzc2ZmRhYzZmODRjZjI5ZTcwYmP8UWG887kIvcQXGBeseMWCODQ1MjQ2LTY3NDU3OTguanBnfHx8fHx8fHx8fHw2NDB4NDgw.jpg"}]}},{"ad_id":"817362","reg_year":"1992","make":"Mercedes-Benz","model":"SL 300","variant":"24V AUTOMATIC","mileage":"122000","engine_size":"3.0","fuel_type":"Petrol","body_type":"Saloon","colour":"000000","location":"Dublin","price":"\u20ac 4,750","images":{"base_url":"http:\/\/i0.carsie.ie\/","image_list":[{"thumb":"YzIxNDBlMTVkNDE0MzNhNjg0MTRmMTc3YWFhYTM5NTNuFk5w7wG1d3cB-KbqDDkrODE3MzYyLTY0MTk5MTUuanBnfHx8fHx8OTJ4Njl8fHx8fA==.jpg","main":"ZGRjMjBhMThmZGU5NDg3NmM0NzAxNGFlMmQwNzhjZTHQEzYZHlEiymL4PyxfKyZ-ODE3MzYyLTY0MTk5MTUuanBnfHx8fHx8fHx8fHw0MDB4MzAw.jpg","large":"NzkyZjcxODM0ZTNhOTE2OTAwNTA2YzU3YWM2OTQ0ZGOI533ubb-JzV4R9pqtmxPeODE3MzYyLTY0MTk5MTUuanBnfHx8fHx8fHx8fHw2NDB4NDgw.jpg"}]}},{"ad_id":"856443","reg_year":"2003","make":"Mini","model":"One","variant":"1.6","mileage":"94000","engine_size":"1.6","fuel_type":"Petrol","body_type":"Saloon","colour":"000000","location":"Dublin","price":"\u20ac 4,750","images":{"base_url":"http:\/\/i0.carsie.ie\/","image_list":[{"thumb":"NzM1OWY5NzI4ZjRmZTU4Njg1MmNmYjlhMzY0MmJhNmS-Zyu8ZmVmz-KwhxW6o3X1ODU2NDQzLTY4NjY5MTcuanBnfHx8fHx8OTJ4Njl8fHx8fA==.jpg","main":"MGEyMjU5NDFiZTI1NzU5MTgxNzQ0NWQyZDc4NDIyYWLGIFFjRmkZJs5pnIs48vvgODU2NDQzLTY4NjY5MTcuanBnfHx8fHx8fHx8fHw0MDB4MzAw.jpg","large":"MzFhYzdlZDAzOTBkNjZkOGNiYTMxYmFkYjZiNDYwYWbeP1knI4AMTG-BCV5Aa4VjODU2NDQzLTY4NjY5MTcuanBnfHx8fHx8fHx8fHw2NDB4NDgw.jpg"}]}},{"ad_id":"870240","reg_year":"2003","make":"Mitsubishi","model":"Colt","variant":"1.3 Sport Automatic Air con Nct Jan 2015","mileage":"56000","engine_size":"1.3","fuel_type":"Petrol","body_type":"Hatchback","colour":"ff0000","location":"Dublin","price":"\u20ac 4,750","images":{"base_url":"http:\/\/i0.carsie.ie\/","image_list":[{"thumb":"NGQzMjAxNjMxMTc3OTM4ODMyNWE3MmY4MWI5YjcyNmSKBwfw6AGxXW2U3842IN9xODcwMjQwLTcwMzE0NzguanBnfHx8fHx8OTJ4Njl8fHx8fA==.jpg","main":"YjdjOTQ3Zjg5Y2QwYjgxMWE1MmVhZjlmOTZjNTcyNTag6ZMYu-SSMwDUCWE_-9w3ODcwMjQwLTcwMzE0NzguanBnfHx8fHx8fHx8fHw0MDB4MzAw.jpg","large":"OWY1OWM0ZDgwZmZkZWJmZjUzYzgyMzYwODM3N2U5M2OWYcpvSwgMrlP6N93ZMLGmODcwMjQwLTcwMzE0NzguanBnfHx8fHx8fHx8fHw2NDB4NDgw.jpg"}]}},{"ad_id":"898359","reg_year":"2004","make":"Mitsubishi","model":"Pajero","variant":"Sport  LWB A-Con *Rare Example*","mileage":"97646","engine_size":"2.5","fuel_type":"Diesel","body_type":"SUV","colour":"e0e0e0","location":"Dublin","price":"\u20ac 4,750","images":{"base_url":"http:\/\/i0.carsie.ie\/","image_list":[{"thumb":"OWVjNTY2OGE2Y2E2MjA1M2JlYzhkMTk4NmIzZmE5YzMmeL8eg7OJyXV81Jj3wLA2ODk4MzU5LTczNjQ2OTAuanBnfHx8fHx8OTJ4Njl8fHx8fA==.jpg","main":"ZjQ2YWQxMWE2ZGU4ZjhlY2Y3ZTFhODNmNDdlNjIyNTOQ0mPnjRSC1uHRSngTt-_wODk4MzU5LTczNjQ2OTAuanBnfHx8fHx8fHx8fHw0MDB4MzAw.jpg","large":"NDk2NGNjMjM1OWM0N2M0ZWY0MWZiMzk5YmEyZTA2ZTaRmnzFI6IZNUfnbstv4_mbODk4MzU5LTczNjQ2OTAuanBnfHx8fHx8fHx8fHw2NDB4NDgw.jpg"}]}},{"ad_id":"869794","reg_year":"2003","make":"Mitsubishi","model":"Pajero","variant":"Sport2.5dgls nct 02\/14, excellent condition. excellent driver.","mileage":"104333","engine_size":"2.5","fuel_type":"Diesel","body_type":"Estate","colour":"e0e0e0","location":"Kildare","price":"\u20ac 4,750","images":{"base_url":"http:\/\/i0.carsie.ie\/","image_list":[{"thumb":"YjRiODZkZjcxMzYyN2EyNjdjN2QwOTQ1ZmRjMzczOGKy8Pcp3XCz4UzwKmc5yCcCODY5Nzk0LTcwMjAzMDMuanBnfHx8fHx8OTJ4Njl8fHx8fA==.jpg","main":"MWRkNmI4ZWI3MzkzZGMwMzRkOWUwM2Q0YmM5MjMzMmTsw7CB2cYe3XnLNhphDLtcODY5Nzk0LTcwMjAzMDMuanBnfHx8fHx8fHx8fHw0MDB4MzAw.jpg","large":"NTU0YzU5YjljZmQ1NmM5Mjc0YTRkMTk5OGQ2MDM3MWH023CrKd8g_U00DNw5YKgsODY5Nzk0LTcwMjAzMDMuanBnfHx8fHx8fHx8fHw2NDB4NDgw.jpg"}]}}]}