{"total":"23408","result":[{"ad_id":"893421","reg_year":"2005","make":"Toyota","model":"Yaris","variant":"Blue 1.0 5dr","mileage":"44801","engine_size":"1.0","fuel_type":"Petrol","body_type":"Hatchback","colour":"0000c0","location":"Dublin","price":"\u20ac 5,950","images":{"base_url":"http:\/\/i0.carsie.ie\/","image_list":[{"thumb":"MDRkNTE0MGIzODM1OTg0OTkwZTM3MDhiNmRjYzQ5MDalLOy2UY1NZREkx7NExzHnODkzNDIxLTcyODAwNDEuanBnfHx8fHx8OTJ4Njl8fHx8fA==.jpg","main":"YWM5YmEyMDA1ZTRkYzc1NGQ5MDUxM2Q2OGE0YTUzMWISpf_c3uIBOI1RBIqxRrWJODkzNDIxLTcyODAwNDEuanBnfHx8fHx8fHx8fHw0MDB4MzAw.jpg","large":"YmFjZmE5N2YyOGE0YWJkODA2MGMzNzQzNjQyNjJmN2YM448ovV1DWllIFjGGJRMlODkzNDIxLTcyODAwNDEuanBnfHx8fHx8fHx8fHw2NDB4NDgw.jpg"}]}},{"ad_id":"895896","reg_year":"2004","make":"Toyota","model":"Yaris","variant":"yaris sol m\/c","mileage":"57735","engine_size":"1.0","fuel_type":"Petrol","body_type":"Hatchback","colour":"0000c0","location":"Dublin","price":"\u20ac 5,950","images":{"base_url":"http:\/\/i0.carsie.ie\/","image_list":[{"thumb":"NWY2MGI4ZmJkZmNjOWQ1ZTA4YjNhY2UwOTJmMTg0YmTApcu1ep-0Vuy5UaR6nFkTODk1ODk2LTczMjcyMDQuanBnfHx8fHx8OTJ4Njl8fHx8fA==.jpg","main":"ZDBmYjFlNTVkNGExNzk3NzBhMzk2MjEyMWRmY2I5Mmb39Ohj3aM44BaoLP4GjyngODk1ODk2LTczMjcyMDQuanBnfHx8fHx8fHx8fHw0MDB4MzAw.jpg","large":"NmI5NzIzM2U1MTg0NzU5YTZiM2Q2NmMyNzc2YTZkYmNFcI-ceLDdii1JfxNcDyOdODk1ODk2LTczMjcyMDQuanBnfHx8fHx8fHx8fHw2NDB4NDgw.jpg"}]}},{"ad_id":"876603","reg_year":"2005","make":"Toyota","model":"Yaris","variant":"1.3 Luna 5DR","mileage":"55658","engine_size":"1.3","fuel_type":"Petrol","body_type":"Hatchback","colour":"e0e0e0","location":"Kerry","price":"\u20ac 5,950","images":{"base_url":"http:\/\/i0.carsie.ie\/","image_list":[{"thumb":"NGUzODA2NTA4YmY1NzA4MTRhYTZiYjA1YWE4OGI3ZmVPRGEI3TNs4d-9kov-BESiODc2NjAzLTcxMDM3NDIuanBnfHx8fHx8OTJ4Njl8fHx8fA==.jpg","main":"OGNmZmY4MjhkZWE5ZTQxNzVmZjk4MjlhNDRjZWI3NjSWQrqZIQ3g37pZTVBP8nPqODc2NjAzLTcxMDM3NDIuanBnfHx8fHx8fHx8fHw0MDB4MzAw.jpg","large":"OTVlZDY5MDAxYjRhYzdjMjQ3Njg3OTc5ZWJkNGMwNjDNsY5cE-EJEZAO_x4E0rekODc2NjAzLTcxMDM3NDIuanBnfHx8fHx8fHx8fHw2NDB4NDgw.jpg"}]}},{"ad_id":"893919","reg_year":"2007","make":"Toyota","model":"Yaris","variant":null,"mileage":"90099","engine_size":"1.0","fuel_type":"Petrol","body_type":null,"colour":"0000c0","location":"Kildare","price":"\u20ac 5,950","images":{"base_url":"http:\/\/i0.carsie.ie\/","image_list":[{"thumb":"YjU0NjYwMDQzODM0NTEwNGZiNmEwN2E5NWRiMTM0MjUn7uU3lRnNeMM2NqDZdQPHODkzOTE5LTczMDE5MTguanBnfHx8fHx8OTJ4Njl8fHx8fA==.jpg","main":"YmVlYjEyMTc3MmE3YjljN2JiMzYwZTk2OTkwODZhNjlOEiKQgqrUNpaCtsNg0kiRODkzOTE5LTczMDE5MTguanBnfHx8fHx8fHx8fHw0MDB4MzAw.jpg","large":"OTFjMmE2ZGY1Zjg2MDVmMDIwYjE0OTkxZjdkOWU0ZDEJJsRh5-tUVYH9mKuPt40cODkzOTE5LTczMDE5MTguanBnfHx8fHx8fHx8fHw2NDB4NDgw.jpg"}]}},{"ad_id":"805609","reg_year":"2006","make":"Toyota","model":"Yaris","variant":"NG 1.0L Luna C 5D","mileage":"28894","engine_size":"1.0","fuel_type":"Petrol","body_type":"Hatchback","colour":"e0e0e0","location":"Tipperary","price":"\u20ac 5,950","images":{"base_url":"http:\/\/i0.carsie.ie\/","image_list":[{"thumb":"OGE4ZWZlZjMyZmEyYmU2ZTBlNDNmZWQwNzUyNmQwYThSj8885kbTRf0KORgIr_KWODA1NjA5LTY0NzQ0MzcuanBnfHx8fHx8OTJ4Njl8fHx8fA==.jpg","main":"ODBkMjRhMTAxMjJmY2FiOGQzYWZjMzVkMWRkNWZiNDEoM2aZzGRzFGbrixAdICmBODA1NjA5LTY0NzQ0MzcuanBnfHx8fHx8fHx8fHw0MDB4MzAw.jpg","large":"ZTc4ZmQ4NjUyZGQ2NDIwODNlMTI4MjYxZDIxNmIyYWPyuVQ8gfdiRfI-DPkstzXsODA1NjA5LTY0NzQ0MzcuanBnfHx8fHx8fHx8fHw2NDB4NDgw.jpg"}]}},{"ad_id":"899188","reg_year":"2005","make":"Toyota","model":"Yaris","variant":"VVTi \"Blue\"","mileage":"65382","engine_size":"1.0","fuel_type":"Petrol","body_type":"Hatchback","colour":"0000c0","location":"Waterford","price":"\u20ac 5,950","images":{"base_url":"http:\/\/i0.carsie.ie\/","image_list":[{"thumb":"NGE5NGRmNjIwZDZhNTlhYWVkZWRhYzMxMjA5ZDg3ZTndZkbcfBmv15-boA-JWCdkODk5MTg4LTc0MDU1MjMuanBnfHx8fHx8OTJ4Njl8fHx8fA==.jpg","main":"NTEwOGFmYTJiMTJmZjc3MDI1ZGIyZmNhYWNhYzJiNzMTax8TublODuH7PRAJkabUODk5MTg4LTc0MDU1MjMuanBnfHx8fHx8fHx8fHw0MDB4MzAw.jpg","large":"YmM2NjM1ZTQ0NjhmMjg0N2IxNmYzNzUzNDRiMDZlNjIX4s2N5Lw3zRjfu01dq4udODk5MTg4LTc0MDU1MjMuanBnfHx8fHx8fHx8fHw2NDB4NDgw.jpg"}]}},{"ad_id":"878852","reg_year":"2006","make":"Vauxhall","model":"Astra","variant":"Active Cdti","mileage":"92000","engine_size":"1.2","fuel_type":"Diesel","body_type":"Hatchback","colour":"0000c0","location":"Cork","price":"\u20ac 5,950","images":{"base_url":"http:\/\/i0.carsie.ie\/","image_list":[{"thumb":"ZjJlYjM3ZDA4Mjg4N2NhODEzYTA1ZmQwNmJjNDA0OTLw2sDuCty59nIv4UyZVEHqODc4ODUyLTcyNjQ4NzkuanBnfHx8fHx8OTJ4Njl8fHx8fA==.jpg","main":"MjA0ZmJlNzViMzczMzg3MTdmNjY4ZTEzOTNlYWI0YzDMQq88_PrhIduBQIqxtnNMODc4ODUyLTcyNjQ4NzkuanBnfHx8fHx8fHx8fHw0MDB4MzAw.jpg","large":"ZjRiNThlNWU4MzYyYjdkMmU1ODZlZjg1MTlmZDcyMTfgdjJLErhbafVCQJk53Js2ODc4ODUyLTcyNjQ4NzkuanBnfHx8fHx8fHx8fHw2NDB4NDgw.jpg"}]}},{"ad_id":"891515","reg_year":"2006","make":"Vauxhall","model":"Vectra","variant":"1.9. Cdti Life 118BHP 05DR","mileage":"160000","engine_size":"1.9","fuel_type":"Diesel","body_type":"Hatchback","colour":"000000","location":"Dublin","price":"\u20ac 5,950","images":{"base_url":"http:\/\/i0.carsie.ie\/","image_list":[{"thumb":"ZmQ0OGVhNWZmMDlkN2U0ZDJmY2VlODU4NTUyZWJlNzQUTv7-0PUGl_A3BDILfW1OODkxNTE1LTcyNjM1NDAuanBnfHx8fHx8OTJ4Njl8fHx8fA==.jpg","main":"NmE5NDdlM2FiZWUzYTBlNzVlMTcxNGRiYzkxYTViNTjPKHc9a_laz4tgRs3HoAvIODkxNTE1LTcyNjM1NDAuanBnfHx8fHx8fHx8fHw0MDB4MzAw.jpg","large":"MDk4ZDJhMTdjMWI4NzYwN2MyNzZkMjZlYjQ0MmFkYTiRzlZloQ4tz2NYKG3Sm9YVODkxNTE1LTcyNjM1NDAuanBnfHx8fHx8fHx8fHw2NDB4NDgw.jpg"}]}},{"ad_id":"808126","reg_year":"2005","make":"Vauxhall","model":"Zafira","variant":"Breeze DTI 05DR","mileage":"88000","engine_size":"2.0","fuel_type":"Diesel","body_type":"People Carrier","colour":"0000c0","location":"Cork","price":"\u20ac 5,950","images":{"base_url":"http:\/\/i0.carsie.ie\/","image_list":[{"thumb":"NWRhMTBkYzI2NDY5ZTliMjgwYmEwZjJlYzdlMjdiMTGesXF6q6FrKNYYsXOfgvNoODA4MTI2LTYzMDUyNjIuanBnfHx8fHx8OTJ4Njl8fHx8fA==.jpg","main":"YTZhYWFmODJkMjU3MzIxYTllY2FiOTY2ODg2ZGRiM2MAv23ajGoabrDbakthcE_qODA4MTI2LTYzMDUyNjIuanBnfHx8fHx8fHx8fHw0MDB4MzAw.jpg","large":"NTU4ZWQxNTQ0NWM4OGI5YTc0YjQ1M2MyODVlZGQ1MTOXehdSC6d_lRJQ32kwWTJ8ODA4MTI2LTYzMDUyNjIuanBnfHx8fHx8fHx8fHw2NDB4NDgw.jpg"}]}},{"ad_id":"859362","reg_year":"2005","make":"Volkswagen","model":"Bora","variant":"TDI","mileage":"93516","engine_size":"1.9","fuel_type":"Diesel","body_type":null,"colour":"000000","location":"Longford","price":"\u20ac 5,950","images":{"base_url":"http:\/\/i0.carsie.ie\/","image_list":[{"thumb":"ZTI1YmY2MzZmY2IxZGJiYTc2Nzg5OGMzNGFhYWQzM2ILt2BUAyp3iS9gOczMomZmODU5MzYyLTY4OTczNjQuanBnfHx8fHx8OTJ4Njl8fHx8fA==.jpg","main":"YjYwOWJkMzgwNDZlODFlYTcwNDI4MTUyZTM4ZmYwOTgc2pRq8hVsA-jjAcZEf9iHODU5MzYyLTY4OTczNjQuanBnfHx8fHx8fHx8fHw0MDB4MzAw.jpg","large":"N2FiYTIzMmFjYTg0NWQxMjI3ZmMyNDM4MmE5Y2E2NjVhmE5X9_4wp3da3ytSDd8cODU5MzYyLTY4OTczNjQuanBnfHx8fHx8fHx8fHw2NDB4NDgw.jpg"}]}},{"ad_id":"861516","reg_year":"2005","make":"Volkswagen","model":"Bora","variant":"1.9 TDI 100BHP *EXCELLENT CONDITION* *NCT 02\/15* *PARTS AND LABOUR WARRANTY* *ROCHFORD MOTORS, BUY WITH CONFIDENCE*","mileage":"81000","engine_size":"1.9","fuel_type":"Diesel","body_type":"Saloon","colour":"0000c0","location":"Mayo","price":"\u20ac 5,950","images":{"base_url":"http:\/\/i0.carsie.ie\/","image_list":[{"thumb":"YjEyYWIyMDY3ZWY4YjkxOGJhZmNmN2EwOGVhNzhjYjT4HxMa4vLtHpaOPC8uAAvdODYxNTE2LTY5NzI2NTcuanBnfHx8fHx8OTJ4Njl8fHx8fA==.jpg","main":"NjM5MGMwNGU4NGNjNzQyYzM0OTQ3NDdiNmQ4Y2VkZTmbfpqfpKgd5l75NTK3KgxXODYxNTE2LTY5NzI2NTcuanBnfHx8fHx8fHx8fHw0MDB4MzAw.jpg","large":"ZmE1NDRjMjJhOGFmODY4YjQ4NDUzMzVjNWZhMDk4ZWGdJ11wzDZRCpAq3eOmHG29ODYxNTE2LTY5NzI2NTcuanBnfHx8fHx8fHx8fHw2NDB4NDgw.jpg"}]}},{"ad_id":"888295","reg_year":"2006","make":"Volkswagen","model":"Crafter","variant":"35MWB 80KW","mileage":"","engine_size":"2.5","fuel_type":"Diesel","body_type":"Van","colour":"000000","location":"Longford","price":"\u20ac 5,950","images":{"base_url":"http:\/\/i0.carsie.ie\/","image_list":[{"thumb":"YWZjN2YwNjJlNTAwYjZiMzNlMjE1ODU0MjM4MWJkNjn9xOY_OQsOa7zSgiOydWeeODg4Mjk1LTcyMzM4NjcuanBnfHx8fHx8OTJ4Njl8fHx8fA==.jpg","main":"MjIzNWEyM2IwNTNiYzZmNjc0ZmYwM2VjZTg1M2VlMWQwfyDvWG5PUdHBNKPTpuO1ODg4Mjk1LTcyMzM4NjcuanBnfHx8fHx8fHx8fHw0MDB4MzAw.jpg","large":"MmYzOTVmM2VlNzdhOGRhNDZjZTg2MmExYTE1ZjJlYmJVfB2BDbSjIt0YEAQ36JqCODg4Mjk1LTcyMzM4NjcuanBnfHx8fHx8fHx8fHw2NDB4NDgw.jpg"}]}},{"ad_id":"861393","reg_year":"2009","make":"Volkswagen","model":"Fox","variant":"1.2 55BHP","mileage":"57513","engine_size":"1.2","fuel_type":"Petrol","body_type":"Hatchback","colour":"000000","location":"Roscommon","price":"\u20ac 5,950","images":{"base_url":"http:\/\/i0.carsie.ie\/","image_list":[{"thumb":"N2FhZmViMTgwZjRjMjQ2NGZjNmM0YzQ5YWUwZDcyY2VTfj-3cvNvyYPQ28mku4m9ODYxMzkzLTY5Mzk0MTAuanBnfHx8fHx8OTJ4Njl8fHx8fA==.jpg","main":"NDc2NTcwNjI0MGQzNjY0MmNkYWMyMTA3Mjg1OWI3NDARAbLMaKgqH2Hp4b8c5z1oODYxMzkzLTY5Mzk0MTAuanBnfHx8fHx8fHx8fHw0MDB4MzAw.jpg","large":"NjljNmZhZTlhNmM5YzZhMjZiMWU1YzgxNDVmMzU3MjDQ69jQuHMZH4Mk-6VqAIMuODYxMzkzLTY5Mzk0MTAuanBnfHx8fHx8fHx8fHw2NDB4NDgw.jpg"}]}},{"ad_id":"872513","reg_year":"2004","make":"Volkswagen","model":"Golf","variant":"1.9 TDI SE 100 BHP - NEW 2 YEAR NCT - SPARE KEY'S (FULLY SERVICED) EXCELLENT FUEL ECONOMY & POWER.\r\n ","mileage":"92210","engine_size":"1.9","fuel_type":"Diesel","body_type":"Hatchback","colour":"e0e0e0","location":"Dublin","price":"\u20ac 5,950","images":{"base_url":"http:\/\/i0.carsie.ie\/","image_list":[{"thumb":"NzY0YTc2NmQ0YzI1MmQ2MWEyZDZjNGU0ZDAyMmIxYjLr8N1j8MXY9vTcJLFqhDhmODcyNTEzLTcwNDM3MzIuanBnfHx8fHx8OTJ4Njl8fHx8fA==.jpg","main":"NDc0NWYxMmYyNWQ3NzQzNWMxOWM3ZDk4ZDU2YzJhOGLXkuv2T-6sjPqhM15DoPgVODcyNTEzLTcwNDM3MzIuanBnfHx8fHx8fHx8fHw0MDB4MzAw.jpg","large":"NmYyZGQyODlhODNkMGRmYjFmNTRiOTA1YTE0ZTMyYTdjN3xuXcj0c9N9fnE0G1eqODcyNTEzLTcwNDM3MzIuanBnfHx8fHx8fHx8fHw2NDB4NDgw.jpg"}]}},{"ad_id":"899995","reg_year":"2005","make":"Volkswagen","model":"Golf","variant":null,"mileage":"103769","engine_size":"1.4","fuel_type":"Petrol","body_type":null,"colour":"f0d2a0","location":"Kerry","price":"\u20ac 5,950","images":{"base_url":"http:\/\/i0.carsie.ie\/","image_list":[{"thumb":"ZDlmM2I2ODU2NGI3MTU5NDA4ZjhkOTllOGM2MWI2Zjng7ulTtv3dkIvxMZzExnKkODk5OTk1LS5qcGd8fHx8fHw5Mng2OXx8fHx8.jpg","main":"M2VjZDkxMTI5MmE1Zjk1YTI3OGIyODhjZDE5NGExNzko_1I-VTbzkj13YS95hXGsODk5OTk1LS5qcGd8fHx8fHx8fHx8fDQwMHgzMDA=.jpg","large":"ZmE3ZTcwNmQ2MGE2OTZkOGYzZTk1MjI2MTc0YTkyOTd1YMnNZvfRyRY-AWFT0tgvODk5OTk1LS5qcGd8fHx8fHx8fHx8fDY0MHg0ODA=.jpg"}]}},{"ad_id":"900254","reg_year":"2005","make":"Volkswagen","model":"Golf","variant":null,"mileage":"121788","engine_size":"1.4","fuel_type":"Petrol","body_type":null,"colour":"e0e0e0","location":"Laois","price":"\u20ac 5,950","images":{"base_url":"http:\/\/i0.carsie.ie\/","image_list":[{"thumb":"NjA0ZWJjMjZlNzc1YmE1M2ZkZDZjMTIyYzdhYWFmNmRmnZb9zFr-8ksMAP6hl84FOTAwMjU0LTc0MjkyMzcuanBnfHx8fHx8OTJ4Njl8fHx8fA==.jpg","main":"NzNmMWM1NzUxN2MwOGE1MTg0YzQ2MmE0Mzk2MTUzNjREtFojjJcEDmXbmX2TDABEOTAwMjU0LTc0MjkyMzcuanBnfHx8fHx8fHx8fHw0MDB4MzAw.jpg","large":"MjI3NjU5NmVjYjIzMjZlNzI4ZjBjZGYxMDY1NzRjNjW-X79mEelYUuj5iNv3etdgOTAwMjU0LTc0MjkyMzcuanBnfHx8fHx8fHx8fHw2NDB4NDgw.jpg"}]}},{"ad_id":"892382","reg_year":"2005","make":"Volkswagen","model":"Golf","variant":"1.9tdi Comf","mileage":"160000","engine_size":"1.9","fuel_type":"Diesel","body_type":"Hatchback","colour":"0000c0","location":"Mayo","price":"\u20ac 5,950","images":{"base_url":"http:\/\/i0.carsie.ie\/","image_list":[{"thumb":"N2I4MTU1Nzg2MDliYjcwOGQ0NzQwN2JkZTlhYjNlMDfdfihpKdgPWk59ZsWlxCPBODkyMzgyLTczNTg3NDAuanBnfHx8fHx8OTJ4Njl8fHx8fA==.jpg","main":"YWNlODJmZjM3ZTY2MGEzYTUyMDc4YmFkOTVmZjFlZmLzOTQMNLPUg5tkDSPZV8QeODkyMzgyLTczNTg3NDAuanBnfHx8fHx8fHx8fHw0MDB4MzAw.jpg","large":"N2RjNTM3OWYwYjkyOTQ3NDRmZWFkN2IxNDc5YmFhNTA2Qwzok1NJeitwg0XhvtCNODkyMzgyLTczNTg3NDAuanBnfHx8fHx8fHx8fHw2NDB4NDgw.jpg"}]}},{"ad_id":"900907","reg_year":"2005","make":"Volkswagen","model":"Golf","variant":"2.0 S SDI 03DR","mileage":"103165","engine_size":"2.0","fuel_type":"Diesel","body_type":"Hatchback","colour":"e0e0e0","location":"Mayo","price":"\u20ac 5,950","images":{"base_url":"http:\/\/i0.carsie.ie\/","image_list":[{"thumb":"YjM3MWZlNGViNTRlYTVkNzE5YzVjMzc4OGY3YmIyOGPXtLcojol1XiRmSo-lczpHOTAwOTA3LTc0MTM2OTIuanBnfHx8fHx8OTJ4Njl8fHx8fA==.jpg","main":"ZTYyMGI1MTBkOWE5YWViMWVlOWMwZWU3MWI0ZWIzNWFTOb30gO_ao2nUh3y2mpoOOTAwOTA3LTc0MTM2OTIuanBnfHx8fHx8fHx8fHw0MDB4MzAw.jpg","large":"ZGMxNDM4NDI2N2E4YjU4N2ZjNzMxYWVhZTYzNDQ3MDFOhu1z6yXKuzRidByD9IoZOTAwOTA3LTc0MTM2OTIuanBnfHx8fHx8fHx8fHw2NDB4NDgw.jpg"}]}},{"ad_id":"872892","reg_year":"2005","make":"Volkswagen","model":"Golf","variant":"1.4 75BHP 5DR","mileage":"105014","engine_size":"1.4","fuel_type":"Petrol","body_type":"Hatchback","colour":"858585","location":"Sligo","price":"\u20ac 5,950","images":{"base_url":"http:\/\/i0.carsie.ie\/","image_list":[{"thumb":"M2Q2ODZhYTBiYjg4M2Q4ZTdkYjAwZmZiYjFkZDMwMWYF7Fw0MRFCDm_BL8gw81bLODcyODkyLTczNjQzNzYuanBnfHx8fHx8OTJ4Njl8fHx8fA==.jpg","main":"MzcxOGZkZWY3MzI3NWJhMGVkMDE4Y2I1N2QxNTY4NjdCON4p9XWz-KzTfs_hM250ODcyODkyLTczNjQzNzYuanBnfHx8fHx8fHx8fHw0MDB4MzAw.jpg","large":"MjU2NTMxZjlhZTBkODUyZTgyMTZkMWM0YzIyMDc5ODEjOzJAQmbsgEg3MR1ulswqODcyODkyLTczNjQzNzYuanBnfHx8fHx8fHx8fHw2NDB4NDgw.jpg"}]}},{"ad_id":"876382","reg_year":"2005","make":"Volkswagen","model":"Golf","variant":"1.4 75BHP 5DR","mileage":"136705","engine_size":"1.4","fuel_type":"Petrol","body_type":"Hatchback","colour":"e0e0e0","location":"Tipperary","price":"\u20ac 5,950","images":{"base_url":"http:\/\/i0.carsie.ie\/","image_list":[{"thumb":"MGQyZWNmNDdkYmRlZWFiY2U4MmM5ZWUzZWExOGU0NmW0tEMAfAymLyjvM_iMNyyZODc2MzgyLTcxMDEyNDAuanBnfHx8fHx8OTJ4Njl8fHx8fA==.jpg","main":"ZGY3OTE1YTEyNjE1YWVmZjQxODBkMWZmY2RkOWE4ZmEPIICx4dnpwspTGXvLfMo2ODc2MzgyLTcxMDEyNDAuanBnfHx8fHx8fHx8fHw0MDB4MzAw.jpg","large":"ODc3ZThmNTJjODkzYmUyYmQ1ODQ3ZDM2NDZhNmQzMzA4pFOxV0Z1WGWt8f6m-1j-ODc2MzgyLTcxMDEyNDAuanBnfHx8fHx8fHx8fHw2NDB4NDgw.jpg"}]}}]}