{"total":"23408","result":[{"ad_id":"881601","reg_year":"1998","make":"Seat","model":"Alhambra","variant":"SEA SE 2.0 A\/T","mileage":"105635","engine_size":"2.0","fuel_type":"Petrol","body_type":"SUV","colour":"858585","location":"Dublin","price":"\u20ac 1,250","images":{"base_url":"http:\/\/i0.carsie.ie\/","image_list":[{"thumb":"MDE1NjUxM2M2OWFmMGE2MDQzMTZiZGQ3ZTAyOTNiODWddcTXPNjHRpfHmhy6Y0XoODgxNjAxLTcxNTU2OTIuanBnfHx8fHx8OTJ4Njl8fHx8fA==.jpg","main":"OWNmYjNiZjhkZDYwY2I2MDY3MDI1ZDY3YzEyZWIxMTEwaxYxkaOVS0YRbGvZqm6hODgxNjAxLTcxNTU2OTIuanBnfHx8fHx8fHx8fHw0MDB4MzAw.jpg","large":"ZDg3OTg5OTdkOTdlY2E4OTgyYmYyN2E4MDQ2ZjUzOGb_GBNEje425B9BoPAUTxyrODgxNjAxLTcxNTU2OTIuanBnfHx8fHx8fHx8fHw2NDB4NDgw.jpg"}]}},{"ad_id":"896606","reg_year":"2001","make":"Seat","model":"Cordoba","variant":"1.4 Stella","mileage":"74000","engine_size":"1.4","fuel_type":"Petrol","body_type":"Saloon","colour":"000000","location":"Dublin","price":"\u20ac 1,250","images":{"base_url":"http:\/\/i0.carsie.ie\/","image_list":[{"thumb":"ZDk0MDIzMjNkYzg2OGRhNDFjZmE2ZWNjNDM0Nzk2NDmiqrIEj4e3tkoCZV1iblgpODk2NjA2LTczODIwMjQuanBnfHx8fHx8OTJ4Njl8fHx8fA==.jpg","main":"M2ExMTA1MTY4NzZlNzFkNjc2NmRjODJmZjVjMzAwZTUA7d3sNDCdkmA3ukAbZqGEODk2NjA2LTczODIwMjQuanBnfHx8fHx8fHx8fHw0MDB4MzAw.jpg","large":"YjEyMGVmNWNiYTNlMTUzOThlNDk1ZDM2YzQ4OWFkZDGbfyD_A5ywkjOVqFWrtYVvODk2NjA2LTczODIwMjQuanBnfHx8fHx8fHx8fHw2NDB4NDgw.jpg"}]}},{"ad_id":"868805","reg_year":"2001","make":"Skoda","model":"Octavia","variant":"GLX 1.6","mileage":"121170","engine_size":"1.6","fuel_type":"Petrol","body_type":"Hatchback","colour":"e0e0e0","location":"Cavan","price":"\u20ac 1,250","images":{"base_url":"http:\/\/i0.carsie.ie\/","image_list":[{"thumb":"OTEwYmM5YzYwMDVkOTdjM2RhZjIyZjBlODAxMDIyMTVdYxG1Y1CyyJmjzTIwt8TCODY4ODA1LTcwMDYxNjYuanBnfHx8fHx8OTJ4Njl8fHx8fA==.jpg","main":"YmI5N2E2MTBjN2IyZjAwZWZmZjRmNDBkZjk1NTQxZTVlN2R1AiLol89Gt85T9vY_ODY4ODA1LTcwMDYxNjYuanBnfHx8fHx8fHx8fHw0MDB4MzAw.jpg","large":"Yjg5NzAxNTAyZWY5NDVlMTEyNTdlMmJhMDI3NTM0M2GQpn22dif9ZTD8PQ1SHbzvODY4ODA1LTcwMDYxNjYuanBnfHx8fHx8fHx8fHw2NDB4NDgw.jpg"}]}},{"ad_id":"886444","reg_year":"1999","make":"Skoda","model":"Octavia","variant":"GLX 1.6","mileage":"131000","engine_size":"1.6","fuel_type":"Petrol","body_type":"Hatchback","colour":"008000","location":"Dublin","price":"\u20ac 1,250","images":{"base_url":"http:\/\/i0.carsie.ie\/","image_list":[{"thumb":"NjNlZmU3NDk3ZDQ3ZDRkOGRjNGE2MmQ5Mjc5NzRjZDGBPXLsfpNsT6TZ9BOadSq1ODg2NDQ0LTcyMTM3ODkuanBnfHx8fHx8OTJ4Njl8fHx8fA==.jpg","main":"OGE1MTc5YTlkN2I0OWU3MDU2OGNmOTAxYTVhNjgzYTVLfB9a6ylR6b5g3aI98pXrODg2NDQ0LTcyMTM3ODkuanBnfHx8fHx8fHx8fHw0MDB4MzAw.jpg","large":"ZjJhMTU0ZWFiYzM3NzRkMWM1NWRlNmZhOGQ5MThhYTjlfEsUaHk0Hr2KLyW2Wwk-ODg2NDQ0LTcyMTM3ODkuanBnfHx8fHx8fHx8fHw2NDB4NDgw.jpg"}]}},{"ad_id":"899176","reg_year":"2000","make":"Toyota","model":"Avensis","variant":"SOL 2.0","mileage":"156232","engine_size":"2.0","fuel_type":"Petrol","body_type":"Saloon","colour":"000000","location":"Dublin","price":"\u20ac 1,250","images":{"base_url":"http:\/\/i0.carsie.ie\/","image_list":[{"thumb":"ZmFhN2QyNWVlMGUzYjIzNTI5NjUzM2VhZTNlY2YxZmLjB5QG57Cuu9JouSkci9w2ODk5MTc2LS5qcGd8fHx8fHw5Mng2OXx8fHx8.jpg","main":"YmJjZjQ5M2ZlMTc2Y2M1OTE4NmMxZGQxOWIxYWNkM2TdItsvm1m4bXq0OJaGqhpaODk5MTc2LS5qcGd8fHx8fHx8fHx8fDQwMHgzMDA=.jpg","large":"YTNiNmQ3OGNlZjQzODIzNWFiOTdhZDhkZGE4ZmZmY2S_w-SKf68iHwoJprei_3ovODk5MTc2LS5qcGd8fHx8fHx8fHx8fDY0MHg0ODA=.jpg"}]}},{"ad_id":"829140","reg_year":"1998","make":"Toyota","model":"Corolla","variant":"1.3 1.3 Sportif 03DR","mileage":"123000","engine_size":"1.3","fuel_type":"Petrol","body_type":"Hatchback","colour":"ff0000","location":"Cork","price":"\u20ac 1,250","images":{"base_url":"http:\/\/i0.carsie.ie\/","image_list":[{"thumb":"Y2ZmMWE2ZDVhNTQ2ZjQ1ZmU5NDI5YTBiY2MxMzZkMTSezOeyDXXXDG6I92HCYwdhODI5MTQwLTY1NzM2OTguanBnfHx8fHx8OTJ4Njl8fHx8fA==.jpg","main":"NjgxNTk2ZmFkMzMwZjJiY2IwYzM0NzBiNGY5NDhlMTOAlta7et2EkZJvyHGJGct3ODI5MTQwLTY1NzM2OTguanBnfHx8fHx8fHx8fHw0MDB4MzAw.jpg","large":"YjYyYzVhNTU3ZDdlZDIwZjkxNzQ0ZjIzMGM0MmVhOTcK6s6SyEZ57tjEaw-n_dPuODI5MTQwLTY1NzM2OTguanBnfHx8fHx8fHx8fHw2NDB4NDgw.jpg"}]}},{"ad_id":"829150","reg_year":"1999","make":"Toyota","model":"Corolla","variant":"1.3 Auto.","mileage":"84000","engine_size":"1.3","fuel_type":"Petrol","body_type":"Saloon","colour":"ff0000","location":"Cork","price":"\u20ac 1,250","images":{"base_url":"http:\/\/i0.carsie.ie\/","image_list":[{"thumb":"YmNlZjA2ZTU4MWQ1ZmI5NmY0MDIyMjY3YjI4ODU4NDQpV9pgv0_K3NVXJBYBpox2ODI5MTUwLTY1NzM3NjkuanBnfHx8fHx8OTJ4Njl8fHx8fA==.jpg","main":"ZDA2MDJjMmIxMDYwNmZkYzZlODEyZTcxMmM0ZjcwMmMZk0xQ3yTIlZPFoJlDPKi5ODI5MTUwLTY1NzM3NjkuanBnfHx8fHx8fHx8fHw0MDB4MzAw.jpg","large":"NWRjYzE3YWY3NzkyOWEzYWQ1Y2M5ZDhjNTZjYzJmZWXcNpG3gZ0wJhQjZWwzRRr4ODI5MTUwLTY1NzM3NjkuanBnfHx8fHx8fHx8fHw2NDB4NDgw.jpg"}]}},{"ad_id":"895920","reg_year":"1998","make":"Toyota","model":"Cynos","variant":"1.3 EL52 02DR A","mileage":"94286","engine_size":"1.3","fuel_type":"Petrol","body_type":"Coupe","colour":"000000","location":"Wexford","price":"\u20ac 1,250","images":{"base_url":"http:\/\/i0.carsie.ie\/","image_list":[{"thumb":"ZTIzZTY2NmI5NTEwNWNlYmNiODFlYWVkOTBiZTllOGJGJFMiIsuFUDGjZ_9BkduSODk1OTIwLTczNTI2ODYuanBnfHx8fHx8OTJ4Njl8fHx8fA==.jpg","main":"YjA2NTIyNDU4NGUyY2VhNjVkMWYwMjQ5ODlmYTZjZTb1IHi20_d-60iohgJqXA9zODk1OTIwLTczNTI2ODYuanBnfHx8fHx8fHx8fHw0MDB4MzAw.jpg","large":"MTViNDdhNzU4OWJlMWJlMzcyMTcyM2VhNDYwM2JiOGa8PJJKIrid0acuKOfP7cQZODk1OTIwLTczNTI2ODYuanBnfHx8fHx8fHx8fHw2NDB4NDgw.jpg"}]}},{"ad_id":"858346","reg_year":"1999","make":"Toyota","model":"Starlet","variant":"1.3","mileage":"111000","engine_size":"1.3","fuel_type":"Petrol","body_type":"Hatchback","colour":"e0e0e0","location":"Dublin","price":"\u20ac 1,250","images":{"base_url":"http:\/\/i0.carsie.ie\/","image_list":[{"thumb":"M2M1NDllODA2NTg1ZmE2ZmE3MjYyYTA2NzY5ZTk4ZDBhkCufBekEHsbgbf8aBf-kODU4MzQ2LTY4OTA5NDYuanBnfHx8fHx8OTJ4Njl8fHx8fA==.jpg","main":"NWU3YzI3MzI2NzZlZDE1ZDgxYTRmODcyMzAzODc5ODnctrMLSRxOrjraM0Lv6yC0ODU4MzQ2LTY4OTA5NDYuanBnfHx8fHx8fHx8fHw0MDB4MzAw.jpg","large":"NzRkZmMzNDBmOTk1YmY3ZGEzYTMwNTMxY2NhYTM1OTVNl6aUPaXFbOYFhHqIeDyKODU4MzQ2LTY4OTA5NDYuanBnfHx8fHx8fHx8fHw2NDB4NDgw.jpg"}]}},{"ad_id":"857742","reg_year":"1996","make":"Volkswagen","model":"Golf","variant":"Cabriolet 1.8","mileage":"146552","engine_size":"1.8","fuel_type":"Petrol","body_type":"Saloon","colour":"858585","location":"Dublin","price":"\u20ac 1,250","images":{"base_url":"http:\/\/i0.carsie.ie\/","image_list":[{"thumb":"MjE0YWIyODc2NmJkOWE3NjcxNDJhODExMzhmOTdmNzh4lN-hn0yIS-KyU02Da4QvODU3NzQyLTY4ODAwNjIuanBnfHx8fHx8OTJ4Njl8fHx8fA==.jpg","main":"MGFmNmE5NjUzMWJkYjA0MTFmMWQxNGJlYWE1M2ZjMjfD0d8v_AoBRBE90koS72JOODU3NzQyLTY4ODAwNjIuanBnfHx8fHx8fHx8fHw0MDB4MzAw.jpg","large":"ZWY4Mzg1MWExYWMyYWEzN2I1ZGEyYTAxZjQ0MTMwMDkMnEmsSbSr31pnd0eAOCGDODU3NzQyLTY4ODAwNjIuanBnfHx8fHx8fHx8fHw2NDB4NDgw.jpg"}]}},{"ad_id":"899715","reg_year":"1999","make":"Volkswagen","model":"Polo","variant":"1.4","mileage":"71000","engine_size":"1.4","fuel_type":"Petrol","body_type":"Hatchback","colour":"008000","location":"Dublin","price":"\u20ac 1,250","images":{"base_url":"http:\/\/i0.carsie.ie\/","image_list":[{"thumb":"ZjFjOTM0YzlhNWRjNzcyNzBjMDljZDU2ZjVlNDg1MTOgwcBrw69_wHpQvH74U9JCODk5NzE1LTczODE1MDIuanBnfHx8fHx8OTJ4Njl8fHx8fA==.jpg","main":"NzMwOTAwMGM0N2MzZjM3MjNjOGE5YjM2ZWU4OWRhYTeWWnIiYuw1OtVjUZVrU1cdODk5NzE1LTczODE1MDIuanBnfHx8fHx8fHx8fHw0MDB4MzAw.jpg","large":"NWIxOGM2MzkxMzE1Y2Y1N2YyNzVlMWQ2MWEyOTYxZTcqA0AqOH2mNYePu2TKzqHTODk5NzE1LTczODE1MDIuanBnfHx8fHx8fHx8fHw2NDB4NDgw.jpg"}]}},{"ad_id":"784734","reg_year":"2000","make":"Volvo","model":"S40","variant":"1.8 SE","mileage":"123750","engine_size":"1.8","fuel_type":"Petrol","body_type":"Saloon","colour":"e0e0e0","location":"Cork","price":"\u20ac 1,250","images":{"base_url":"http:\/\/i0.carsie.ie\/","image_list":[{"thumb":"Y2Y4OWMwZGEyYjhkMDc5ZjBjYzRkNjdjMzk4OGNiMTCgU_yAceAoUm9e0gDe3oHRNzg0NzM0LS5qcGd8fHx8fHw5Mng2OXx8fHx8.jpg","main":"NzMxMjA3N2NlYzEzYzRjNjA5M2MzN2NjN2RhZWVmZDX5SkxdyHHbJpLDfX0Guop0Nzg0NzM0LS5qcGd8fHx8fHx8fHx8fDQwMHgzMDA=.jpg","large":"NDFmODVjNzhjZDY4NjE0OWM4OTRmMjUyNTM4OThiNWPN-X9leHxeqVof5MZnjxnSNzg0NzM0LS5qcGd8fHx8fHx8fHx8fDY0MHg0ODA=.jpg"}]}},{"ad_id":"894559","reg_year":"1998","make":"BMW","model":"520","variant":null,"mileage":"160000","engine_size":"2.0","fuel_type":"Petrol","body_type":"Saloon","colour":"ffffff","location":"Kilkenny","price":"\u20ac 1,270","images":{"base_url":"http:\/\/i0.carsie.ie\/","image_list":[{"thumb":"ZDMxYTk5NGFiYjFjYjc2OGIyNTI0NDkwZDhjMDIzMDTfFkUD-8UPEcAjA-3ziCw5ODk0NTU5LTczMDU4MzAuanBnfHx8fHx8OTJ4Njl8fHx8fA==.jpg","main":"ODI2NzJkYWUyMzVkNjMxNDkzNzUyOGFkYjRkM2FmODdgIeAiLqM3mSqSTT7r6pR8ODk0NTU5LTczMDU4MzAuanBnfHx8fHx8fHx8fHw0MDB4MzAw.jpg","large":"ZDQwOWE2MjNkMzFhMTdhODFjZjg1ODBlZTc0NTk0NGXYcMf1Y_m7DKXJ5eNfDwyYODk0NTU5LTczMDU4MzAuanBnfHx8fHx8fHx8fHw2NDB4NDgw.jpg"}]}},{"ad_id":"886905","reg_year":"2000","make":"Daewoo","model":"Matiz","variant":"SE Plus","mileage":"","engine_size":"1.0","fuel_type":"Petrol","body_type":"Hatchback","colour":"ff0000","location":"Dublin","price":"\u20ac 1,275","images":{"base_url":"http:\/\/i0.carsie.ie\/","image_list":[{"thumb":"ZDFmMjk3MDExZmM2ZGZiZmY3Nzg5ODU3YjJmNzc1NTkiDtTb6sbYYdzCLn81BMR8ODg2OTA1LTcyMTkxODMuanBnfHx8fHx8OTJ4Njl8fHx8fA==.jpg","main":"YTExNjlmNmRhMmRhODYxNjAxMmQ5Njg1ODM4MTJkNDXPp-m2-MiRAmfn6T_asvArODg2OTA1LTcyMTkxODMuanBnfHx8fHx8fHx8fHw0MDB4MzAw.jpg","large":"ZTA3ZjUwZmI4ZTg2MWU1YjhkZThkZGExZmI4MDI0YzX2c7UajIQGzRKllLEjiB9UODg2OTA1LTcyMTkxODMuanBnfHx8fHx8fHx8fHw2NDB4NDgw.jpg"}]}},{"ad_id":"867477","reg_year":"2001","make":"Daewoo","model":"Tacuma","variant":"Tacuma COX","mileage":"98000","engine_size":"2.0","fuel_type":"Petrol","body_type":"Estate","colour":"ff0000","location":"Offaly","price":"\u20ac 1,275","images":{"base_url":"http:\/\/i0.carsie.ie\/","image_list":[{"thumb":"NzFhZmYyMDJmNTdmMTE0ODlhOTJjMDU4ZDRkNjZiNDJJXudLauO67vvXreGCSVhJODY3NDc3LTY5OTEzNzcuanBnfHx8fHx8OTJ4Njl8fHx8fA==.jpg","main":"NjU1NGZhYWJkNzg3MGI1ZDE1NjZjZmViNWMyZTZhMzTNUk1K1OsokBLBMqY7Q8OvODY3NDc3LTY5OTEzNzcuanBnfHx8fHx8fHx8fHw0MDB4MzAw.jpg","large":"NWJiZGNlODA1OTI2M2JkMjEwNTgwMmJhM2MyNDZlY2W72G8Z0jADa7u1aEqrhUO9ODY3NDc3LTY5OTEzNzcuanBnfHx8fHx8fHx8fHw2NDB4NDgw.jpg"}]}},{"ad_id":"894206","reg_year":"2000","make":"Citroen","model":"Xsara Picasso","variant":"1.6 Picasso SX 05DR","mileage":"110000","engine_size":"1.6","fuel_type":"Petrol","body_type":"People Carrier","colour":"e0e0e0","location":"Wexford","price":"\u20ac 1,280","images":{"base_url":"http:\/\/i0.carsie.ie\/","image_list":[{"thumb":"OWUwODFiMDc3ZjJlNjlmNjE1Y2RmMDA1ZTU3ZGJjMDaloz7DiZ4ZaGmBtWQ5OE9YODk0MjA2LTczMDk4OTkuanBnfHx8fHx8OTJ4Njl8fHx8fA==.jpg","main":"YTZhNGRiZWZiNWViZDg0MDJmMjJiNDk0ZDdlMTA3MTTDQzWLqG7Yx7TshQgwmW_LODk0MjA2LTczMDk4OTkuanBnfHx8fHx8fHx8fHw0MDB4MzAw.jpg","large":"NmVkMTYyNmQyZmQwM2IyN2RjODdlMmMzZmM2MWZlMWVZBZ1QX6VEkuiYtqYyeSNwODk0MjA2LTczMDk4OTkuanBnfHx8fHx8fHx8fHw2NDB4NDgw.jpg"}]}},{"ad_id":"870586","reg_year":"2001","make":"BMW","model":"318","variant":"i 1.9 GREAT CAR AT A GREAT PRICE","mileage":"135205","engine_size":"1.9","fuel_type":"Petrol","body_type":"Saloon","colour":"ffff00","location":"Dublin","price":"\u20ac 1,290","images":{"base_url":"http:\/\/i0.carsie.ie\/","image_list":[{"thumb":"ZDY5NWEzMTM0Y2E3N2YyMDAyNzI4YzZiMDBiYTRhMGQ_mQLq0H9WpHCJ-UwhVkG9ODcwNTg2LTcwMjYzNTYuanBnfHx8fHx8OTJ4Njl8fHx8fA==.jpg","main":"MDFiMzBjNDU0ZTI0NTc2NDYzZmU3YjM2MDA4YTkzYTdrFydQ_yVEVYYrtTTQ4ZicODcwNTg2LTcwMjYzNTYuanBnfHx8fHx8fHx8fHw0MDB4MzAw.jpg","large":"NTk2MDEyMWFlZDkzOWFlOThmZDQwODMxMjNhZDU4MTS4xiPqtjt8xvdzM4k7LRagODcwNTg2LTcwMjYzNTYuanBnfHx8fHx8fHx8fHw2NDB4NDgw.jpg"}]}},{"ad_id":"883561","reg_year":"2000","make":"Mercedes-Benz","model":"C 180","variant":"Mercedes Classic A\/T","mileage":"109000","engine_size":"1.8","fuel_type":"Petrol","body_type":"Saloon","colour":"ff0000","location":"Dublin","price":"\u20ac 1,290","images":{"base_url":"http:\/\/i0.carsie.ie\/","image_list":[{"thumb":"OTViOWM0M2E2MjE0OTFjZWMxYTY3MDQyYWNlMzJjMDGmM6z8W1ypxPc-yYCuWH73ODgzNTYxLTcxNzk1NjkuanBnfHx8fHx8OTJ4Njl8fHx8fA==.jpg","main":"OWQxMzg2Y2RkZTE3YmMzYzBkYmQxMzBkMTUyZTJkMzhQkilpFnJUo427-7elIGEOODgzNTYxLTcxNzk1NjkuanBnfHx8fHx8fHx8fHw0MDB4MzAw.jpg","large":"OWNiMmM0MjQ1YWExODJmZGVjYmIwYWNiNDgwNTY4NTJLbbVgwLno8e2kXeyYGfomODgzNTYxLTcxNzk1NjkuanBnfHx8fHx8fHx8fHw2NDB4NDgw.jpg"}]}},{"ad_id":"895310","reg_year":"2003","make":"Saab","model":"9-5","variant":"2.2 TID Vector 04DR","mileage":"143000","engine_size":"2.2","fuel_type":"Diesel","body_type":"Saloon","colour":"e0e0e0","location":"Dublin","price":"\u20ac 1,290","images":{"base_url":"http:\/\/i0.carsie.ie\/","image_list":[{"thumb":"ODAyMTMyZDRlNWMzOTU2NDZmYjIyOTJmYmU5MjM2NWTGTt2IAZr33vLhepOB0Cd2ODk1MzEwLTczMjI2MzEuanBnfHx8fHx8OTJ4Njl8fHx8fA==.jpg","main":"ZmZlNmYyYjgyZDE0YTJiMzkzNjI4NmYyOTM1NzQzMDi-CTp5vpDTzFxCLbJJTg8tODk1MzEwLTczMjI2MzEuanBnfHx8fHx8fHx8fHw0MDB4MzAw.jpg","large":"OTA2Y2U1ODE4ZjdmYTI2MGYxMmUxNmY3ZGUxOTY0MWVioZTYYuvnLDxk23N9aUJjODk1MzEwLTczMjI2MzEuanBnfHx8fHx8fHx8fHw2NDB4NDgw.jpg"}]}},{"ad_id":"899361","reg_year":"2001","make":"Volkswagen","model":"Bora","variant":"1.4 Comfline all electric immaculate condition","mileage":"127000","engine_size":"1.4","fuel_type":"Petrol","body_type":"Saloon","colour":"e0e0e0","location":"Dublin","price":"\u20ac 1,290","images":{"base_url":"http:\/\/i0.carsie.ie\/","image_list":[{"thumb":"MjNmNjhmZTFjZjIzZmUxZDQ3NzBhYWU0Mjg4OTJkMzH-PtDMH72TTP4coI8_aaxQODk5MzYxLTc0MjY2NDQuanBnfHx8fHx8OTJ4Njl8fHx8fA==.jpg","main":"N2VjZWVhMGZjZDMzNGJkNmVjMTU0NGIzMmJjOTViZWRGIkGQv3HyApVSBM9dALbXODk5MzYxLTc0MjY2NDQuanBnfHx8fHx8fHx8fHw0MDB4MzAw.jpg","large":"MzRhNjJkNDYxOTkwYWE1MTBiYzM5ZDk1N2I0OWEyNTRNA-k84PM-Qim-WwHeR9WVODk5MzYxLTc0MjY2NDQuanBnfHx8fHx8fHx8fHw2NDB4NDgw.jpg"}]}}]}