{"total":"23408","result":[{"ad_id":"885730","reg_year":"1998","make":"Mercedes-Benz","model":"S 280","variant":"auto","mileage":"90000","engine_size":"2.8","fuel_type":"Petrol","body_type":"Saloon","colour":"0000c0","location":"Dublin","price":"\u20ac 1,950","images":{"base_url":"http:\/\/i0.carsie.ie\/","image_list":[{"thumb":"ZDM3YzQzNDI4YzI5MzdmNTc1MGVlZjk2ZjAyMDI2ZmYzpGw_6TPVqI7DI2EbFDRoODg1NzMwLS5qcGd8fHx8fHw5Mng2OXx8fHx8.jpg","main":"ODBiNDRhZWNiZjY3MDc2MzNjMjQ1NTMwMzQ5YzJjMmUsPJEEK-JfNQ1_EK5Fy8HZODg1NzMwLS5qcGd8fHx8fHx8fHx8fDQwMHgzMDA=.jpg","large":"MGM5Y2Q4NGU5ZDI0YTE0M2NlZGZkNGUxNDA2NjY3ZmXZfc3W-k4EFl3J1pNLm6vDODg1NzMwLS5qcGd8fHx8fHx8fHx8fDY0MHg0ODA=.jpg"}]}},{"ad_id":"893857","reg_year":"2002","make":"Mitsubishi","model":"Carisma","variant":"1.6","mileage":"56000","engine_size":"1.6","fuel_type":"Petrol","body_type":"Saloon","colour":"990099","location":"Cork","price":"\u20ac 1,950","images":{"base_url":"http:\/\/i0.carsie.ie\/","image_list":[{"thumb":"YWQ0NWVlNjE4MTRmMjNhY2ZjNGY0NjQ0Y2E1NjI0MzIDFcZtptZfYUwb2IDb92UWODkzODU3LS5qcGd8fHx8fHw5Mng2OXx8fHx8.jpg","main":"ZmE2OGI3YzYxMGJhMmFjODM4NWM1MjlmZWI3YTMwNWJouWEXMwrHIh-3l6s18kIoODkzODU3LS5qcGd8fHx8fHx8fHx8fDQwMHgzMDA=.jpg","large":"ZjRlOWU3OTAyM2NjZDQ1MmE5YmY0NWQzZjYxOTIzMWFpg9FzKIl2XacdZUJuONa7ODkzODU3LS5qcGd8fHx8fHx8fHx8fDY0MHg0ODA=.jpg"}]}},{"ad_id":"893553","reg_year":"1999","make":"Mitsubishi","model":"Pajero","variant":"1.8 ","mileage":"90101","engine_size":"1.8","fuel_type":"Petrol","body_type":"Estate","colour":"e0e0e0","location":"Dublin","price":"\u20ac 1,950","images":{"base_url":"http:\/\/i0.carsie.ie\/","image_list":[{"thumb":"NGU0OWM2NWVjN2YyMmFkOTQyYWZmN2QyZGNiOGRmNDYXWI8s2CcjVdGvxYQsCDliODkzNTUzLTcyODExMTEuanBnfHx8fHx8OTJ4Njl8fHx8fA==.jpg","main":"MjQ2YjgwMjE1NmEyMDM3MjkzNDBhYzlkZTIzNTllNWLcRaDTFdrdc_LQhRYd0XvjODkzNTUzLTcyODExMTEuanBnfHx8fHx8fHx8fHw0MDB4MzAw.jpg","large":"ODE0OWZjMzI3NGFjZjVjOTBmMmMwNzkxM2Q4ZjJhZGR66yzx5xpJ5oh2ti0bI165ODkzNTUzLTcyODExMTEuanBnfHx8fHx8fHx8fHw2NDB4NDgw.jpg"}]}},{"ad_id":"883349","reg_year":"2002","make":"Nissan","model":"Almera","variant":"3dr","mileage":"108000","engine_size":"1.5","fuel_type":"Petrol","body_type":"Hatchback","colour":"008000","location":"Cavan","price":"\u20ac 1,950","images":{"base_url":"http:\/\/i0.carsie.ie\/","image_list":[{"thumb":"ZDA4Mzc0OGViOGM2MTFlMDgwZjRhZWQzNjhkZjkxYmTiESody4mMkPnIZHmevZMaODgzMzQ5LTcyOTk3MTUuanBnfHx8fHx8OTJ4Njl8fHx8fA==.jpg","main":"ZmYxMjM5MGM1ZmVmNDBjNjM2OTY3YzE5Yzk0OTliZjgtnCGpEitwkHdQ4YuCkTxYODgzMzQ5LTcyOTk3MTUuanBnfHx8fHx8fHx8fHw0MDB4MzAw.jpg","large":"M2U3NThiMWIxNjg3Yjc5MjIwZTM0MWEwZGEzYWQ4ODbY2SA3LfORUug6e9GK-sBoODgzMzQ5LTcyOTk3MTUuanBnfHx8fHx8fHx8fHw2NDB4NDgw.jpg"}]}},{"ad_id":"818705","reg_year":"2001","make":"Nissan","model":"Almera","variant":"1.5","mileage":"101000","engine_size":"1.5","fuel_type":"Petrol","body_type":"Hatchback","colour":"0000c0","location":"Dublin","price":"\u20ac 1,950","images":{"base_url":"http:\/\/i0.carsie.ie\/","image_list":[{"thumb":"NGM4M2EwOGMwOTk0MzY0MzBhZjRmMjA1NWM4MjM1YjTvtqnFcEJCk6xzvzg_DIstODE4NzA1LTY0Mzg0OTAuanBnfHx8fHx8OTJ4Njl8fHx8fA==.jpg","main":"YWZkNTk4ZjgwZDg5MzgwZTE4ZDg1MDYzYjIwNTFhZjcOU-LrC_ZfnWLMbY9pa5jzODE4NzA1LTY0Mzg0OTAuanBnfHx8fHx8fHx8fHw0MDB4MzAw.jpg","large":"YmQ1NGVlYzUzOWEzYWE5MDRmNjk0MzlmNTQxZGNjNzKc9AVZNVDuw6azNQunzqEhODE4NzA1LTY0Mzg0OTAuanBnfHx8fHx8fHx8fHw2NDB4NDgw.jpg"}]}},{"ad_id":"873015","reg_year":"2003","make":"Nissan","model":"Almera","variant":"1.8 4DR Automatic. Mint condition","mileage":"78000","engine_size":"1.8","fuel_type":"Petrol","body_type":"Saloon","colour":"0000c0","location":"Dublin","price":"\u20ac 1,950","images":{"base_url":"http:\/\/i0.carsie.ie\/","image_list":[{"thumb":"NmJlNGJhNmU0NDliZTk5ODQwMjYxODU5NWY5YWRhOWZu7XcQ2ERSEpG5VGS8JwH_ODczMDE1LTcwNDY4MjcuanBnfHx8fHx8OTJ4Njl8fHx8fA==.jpg","main":"YTNkODJmOWIwNWQ3ZTNkMTE0ZDBkMDdkMzUxZTM2ODM-nFReALDm3gRqUAlq5lhAODczMDE1LTcwNDY4MjcuanBnfHx8fHx8fHx8fHw0MDB4MzAw.jpg","large":"NTk0YTY2MjU3OTE4OGU1MmM1YWNkNGE3MTEyNGRjNjAJAJpsLtsW_LBkJndY1HizODczMDE1LTcwNDY4MjcuanBnfHx8fHx8fHx8fHw2NDB4NDgw.jpg"}]}},{"ad_id":"895383","reg_year":"2001","make":"Nissan","model":"Almera","variant":"1.5 BRAN NEW NCT LOVELY CAR","mileage":"82000","engine_size":"1.5","fuel_type":"Petrol","body_type":"Hatchback","colour":"008000","location":"Dublin","price":"\u20ac 1,950","images":{"base_url":"http:\/\/i0.carsie.ie\/","image_list":[{"thumb":"ZmUwYjg0NzA5NTc2MjVjZmZiMDVkMzU3MzAxOWIyNDWndjdCH-3kmoisUon0lqtbODk1MzgzLTczMjk4NTQuanBnfHx8fHx8OTJ4Njl8fHx8fA==.jpg","main":"MmFmODI4N2I5ODlkZmFkZWY5NDc2MDQxYjUwNjUwNzjbNBWHTxfyJgPDCn7lYxUYODk1MzgzLTczMjk4NTQuanBnfHx8fHx8fHx8fHw0MDB4MzAw.jpg","large":"MjBmNzc2NzA2Nzc4NmUyY2I0N2E2NDk5ZTE3MzE3OTZ02A9T4YGj6jfcKRz68W9tODk1MzgzLTczMjk4NTQuanBnfHx8fHx8fHx8fHw2NDB4NDgw.jpg"}]}},{"ad_id":"896202","reg_year":"2002","make":"Nissan","model":"Almera","variant":"1.5 SE-TRADE IN-NEW NCT-WARRANTY-EXCELLENT FOR YEAR!","mileage":"131000","engine_size":"1.5","fuel_type":"Petrol","body_type":"Hatchback","colour":"e0e0e0","location":"Dublin","price":"\u20ac 1,950","images":{"base_url":"http:\/\/i0.carsie.ie\/","image_list":[{"thumb":"ODQzNDE1YmMyZTlmZTM4NTgyNGMyZjllMjA1ZDEwZDfBGsCjXtMKXX_HW_j-YplXODk2MjAyLTczMzA3NzkuanBnfHx8fHx8OTJ4Njl8fHx8fA==.jpg","main":"MjVjZjk1ZWMwNzFkNzQ0NjQzYmNhODA4ZmI4ZmE2MjXvzlgqIW0xX83S-d3XylH3ODk2MjAyLTczMzA3NzkuanBnfHx8fHx8fHx8fHw0MDB4MzAw.jpg","large":"NWFmNjVhM2I0ZDgwY2IzMjAyN2ZmNDMyODMyZGRjMDkzjrTVYpaxdJKbs8H0-9cLODk2MjAyLTczMzA3NzkuanBnfHx8fHx8fHx8fHw2NDB4NDgw.jpg"}]}},{"ad_id":"896588","reg_year":"2003","make":"Nissan","model":"Almera","variant":"1.5 3DR Tekna","mileage":"102000","engine_size":"1.5","fuel_type":"Petrol","body_type":"Hatchback","colour":"f0b800","location":"Dublin","price":"\u20ac 1,950","images":{"base_url":"http:\/\/i0.carsie.ie\/","image_list":[{"thumb":"YzU3ZDc5ZTk5MWNmODYwMGY5NTkwNTJkMjJjMWZjMzjXVVQdB5M5XNZZc5Ic9XGKODk2NTg4LTczNDM5NDAuanBnfHx8fHx8OTJ4Njl8fHx8fA==.jpg","main":"MzM3NTRiZmM1YTY5ZmRlZWRhZGM1MzBhZDBmYjZlNzbaMis4rjnQhnaIvQAcYwnMODk2NTg4LTczNDM5NDAuanBnfHx8fHx8fHx8fHw0MDB4MzAw.jpg","large":"NDI3ZTBiZTg4N2VhYWUwYWEwMjI5MWY3NTk2Y2JjYjaNrx3zERzYhFnSnjh8LWWIODk2NTg4LTczNDM5NDAuanBnfHx8fHx8fHx8fHw2NDB4NDgw.jpg"}]}},{"ad_id":"830330","reg_year":"2002","make":"Nissan","model":"Almera","variant":null,"mileage":"107384","engine_size":"1.5","fuel_type":"Petrol","body_type":"Hatchback","colour":"0000c0","location":"Galway","price":"\u20ac 1,950","images":{"base_url":"http:\/\/i0.carsie.ie\/","image_list":[{"thumb":"MGRhY2RkNDQ4MDg3ZmZlNTlhNTVmZWNhM2VmNDE2ZmJM8GVYWBJCyQXIdFKJBRH0ODMwMzMwLTY1NzkyOTQuanBnfHx8fHx8OTJ4Njl8fHx8fA==.jpg","main":"Y2JmZGU1Y2ZmY2E1NDM0NzA5NzZmZWRjNDUzYzJmYzi5m11mM-l1OdKs9R-dX4Q8ODMwMzMwLTY1NzkyOTQuanBnfHx8fHx8fHx8fHw0MDB4MzAw.jpg","large":"ZWYzOWZkOGIxNThkZTlmYWMyYWFlZmE3MmNlNGE5MWGaIpLsGRgRoUd6KMvl6orLODMwMzMwLTY1NzkyOTQuanBnfHx8fHx8fHx8fHw2NDB4NDgw.jpg"}]}},{"ad_id":"861256","reg_year":"2002","make":"Nissan","model":"Almera","variant":null,"mileage":"113478","engine_size":"1.5","fuel_type":"Petrol","body_type":null,"colour":"858585","location":"Galway","price":"\u20ac 1,950","images":{"base_url":"http:\/\/i0.carsie.ie\/","image_list":[{"thumb":"YzQ1MzYyNjY1M2ZkYzNjYTdhMWE2MjJmYjMwYjZkOTVxm5Qf3FIZ5ddwVNUdzCEUODYxMjU2LTY5MTcyNjYuanBnfHx8fHx8OTJ4Njl8fHx8fA==.jpg","main":"ZmYwMTQ3ODNkZTY5MGJjZTQ1MmJkMThhNjllODgwYjKypZAZ_Z-IGJ6lnukBmf6KODYxMjU2LTY5MTcyNjYuanBnfHx8fHx8fHx8fHw0MDB4MzAw.jpg","large":"YjMzYmY0ODdjMDM3NzE2MDZhMWU2ODg1ZDNjZDQ5YmbndZX2wfF11Rd0irvNg6r1ODYxMjU2LTY5MTcyNjYuanBnfHx8fHx8fHx8fHw2NDB4NDgw.jpg"}]}},{"ad_id":"846172","reg_year":"2001","make":"Nissan","model":"Almera","variant":"1.5 Saloon","mileage":"135000","engine_size":"1.5","fuel_type":"Petrol","body_type":"Saloon","colour":"0000c0","location":"Mayo","price":"\u20ac 1,950","images":{"base_url":"http:\/\/i0.carsie.ie\/","image_list":[{"thumb":"ZTJlZWJiYTUyMTcwNmFmNmQwMjYyNDUzNWI5ZTFlOGFVoTbSFimN6poqyB5_k-SsODQ2MTcyLTY3NTU5NzIuanBnfHx8fHx8OTJ4Njl8fHx8fA==.jpg","main":"N2Q2MTcyYjk1YjIwYzEwODk1MDU4MzNiNjk2ZjkyYzE_5Aj-MRJ6B1Un_01fAciTODQ2MTcyLTY3NTU5NzIuanBnfHx8fHx8fHx8fHw0MDB4MzAw.jpg","large":"YzkxMzliNDY0MTE2NTE3OWQ0ZDkzYWFkZDBiMTVhMWLzKP-PxHHTolNJBNoaR-GpODQ2MTcyLTY3NTU5NzIuanBnfHx8fHx8fHx8fHw2NDB4NDgw.jpg"}]}},{"ad_id":"884314","reg_year":"2002","make":"Nissan","model":"Almera","variant":"1.5 SVE NEW NCT-3 MONTHS WARRANTY-NEW CLUTCH AND SERVICED-110%","mileage":"120000","engine_size":"1.5","fuel_type":"Petrol","body_type":"Hatchback","colour":"e0e0e0","location":"Waterford","price":"\u20ac 1,950","images":{"base_url":"http:\/\/i0.carsie.ie\/","image_list":[{"thumb":"MDVmNzM4YWJlNzQ5YWUwMTIzYjkyMjQyOTI2OGFjNTZHuLoFReUCoRhJXmQDIJ0_ODg0MzE0LTczMzA4MTYuanBnfHx8fHx8OTJ4Njl8fHx8fA==.jpg","main":"ZGRjMmYxZjQ0ODA2YmIyYWMwYzNlZGRjYmQwM2Y4NTnP78zX59kd71rTfFdqhztjODg0MzE0LTczMzA4MTYuanBnfHx8fHx8fHx8fHw0MDB4MzAw.jpg","large":"Zjk1ZTBlOGI0MDBlNDBjOTNkM2IxYTQyYmViYWFkNzW-_lBo7juBGlPF2cZrg6bcODg0MzE0LTczMzA4MTYuanBnfHx8fHx8fHx8fHw2NDB4NDgw.jpg"}]}},{"ad_id":"862568","reg_year":"1989","make":"Nissan","model":"Bluebird","variant":"Blue Bird","mileage":"70010","engine_size":"1.6","fuel_type":"Petrol","body_type":null,"colour":"ffffff","location":"Galway","price":"\u20ac 1,950","images":{"base_url":"http:\/\/i0.carsie.ie\/","image_list":[{"thumb":"NGVlMzhmMmUyNTQ4ODJmY2Q3NTQzZTY2YTMxZjllMzEjEZp-6w9rhQzu5dsqUBBBODYyNTY4LTY5MzEyNDguanBnfHx8fHx8OTJ4Njl8fHx8fA==.jpg","main":"MzhlM2FmNTIxODIyYjliZTQzYTVmMDAxYThmN2Q3NGLFGX9VasvmBJ1ClHWATHL9ODYyNTY4LTY5MzEyNDguanBnfHx8fHx8fHx8fHw0MDB4MzAw.jpg","large":"MGI5MTM1NTRkZjhkNTA2ODdlNjUxMDRlYzgyYTJjOWZvEnKRUmMyNm6E-wighVYpODYyNTY4LTY5MzEyNDguanBnfHx8fHx8fHx8fHw2NDB4NDgw.jpg"}]}},{"ad_id":"902063","reg_year":"2003","make":"Nissan","model":"Interstar","variant":"90 MWB M\/R GP","mileage":"89000","engine_size":"2.2","fuel_type":"Diesel","body_type":"Van","colour":"0000c0","location":"Dublin","price":"\u20ac 1,950","images":{"base_url":"http:\/\/i0.carsie.ie\/","image_list":[{"thumb":"MGY3NDA0YTQ5NGY3MWMzZDI3NDM5OGFmMWU1NzcyZWXYytphkNh5UJbYW729ozUhOTAyMDYzLTc0Mjc1NzguanBnfHx8fHx8OTJ4Njl8fHx8fA==.jpg","main":"NGNiZjk3YTI3MDQ3YTk3Y2JhYjUxZjllOGVkYTQwODIM36e8kh6HQ5HakaoblAKaOTAyMDYzLTc0Mjc1NzguanBnfHx8fHx8fHx8fHw0MDB4MzAw.jpg","large":"ZWVmZjAxZDFmYzQzODBhZTJkMjk0ODdmZTFkYTNiMTFE5GO0zr_09P6jnOhV4xCwOTAyMDYzLTc0Mjc1NzguanBnfHx8fHx8fHx8fHw2NDB4NDgw.jpg"}]}},{"ad_id":"420790","reg_year":"1998","make":"Nissan","model":"Micra","variant":"","mileage":"43497","engine_size":"1.0","fuel_type":"Petrol","body_type":"Hatchback","colour":"0000c0","location":"Dublin","price":"\u20ac 1,950","images":{"base_url":"http:\/\/i0.carsie.ie\/","image_list":[{"thumb":"ZGZmZDIxMzIzNDMyZDBlY2E1OGMyOTcyNzgzODIxMTQlF99toIFYqw-2KWOPIubHNDIwNzkwLS5qcGd8fHx8fHw5Mng2OXx8fHx8.jpg","main":"YzA0MmYxNDkzYTkwNDJmNzYwMGJkYWYwOGYwYmUwOGYwHn_G_tBrTaQ1G4bel5LZNDIwNzkwLS5qcGd8fHx8fHx8fHx8fDQwMHgzMDA=.jpg","large":"NzQ3NDJjNWViNWJjMTlhN2M1MTQ2ZjQzMWM4N2Y5M2QGN5PPM0L80TENQrLDjmU4NDIwNzkwLS5qcGd8fHx8fHx8fHx8fDY0MHg0ODA=.jpg"}]}},{"ad_id":"891421","reg_year":"2002","make":"Nissan","model":"Micra","variant":"1.0 GX","mileage":"62000","engine_size":"1.0","fuel_type":"Petrol","body_type":"Hatchback","colour":"0000c0","location":"Dublin","price":"\u20ac 1,950","images":{"base_url":"http:\/\/i0.carsie.ie\/","image_list":[{"thumb":"MDlkMWZkZTg1ZTQ0YzJhZmU5YmFhNTQ4Y2NmNTkxMWa8i-g2h6bsGU6H2hedIU2eODkxNDIxLTcyNjI2MjUuanBnfHx8fHx8OTJ4Njl8fHx8fA==.jpg","main":"YTQxMTgzOWY5MjBjODM3MWMzMmZhODA0NDdiMjFjMjRYPjoixrx3C703l_g50oMgODkxNDIxLTcyNjI2MjUuanBnfHx8fHx8fHx8fHw0MDB4MzAw.jpg","large":"Yjg1N2MzOTk1YmRmNDg4YzdiNDhjNzAyZmNjNjcwOTCL1OAeHt17Q_kLX7RzpdN5ODkxNDIxLTcyNjI2MjUuanBnfHx8fHx8fHx8fHw2NDB4NDgw.jpg"}]}},{"ad_id":"901765","reg_year":"2001","make":"Nissan","model":"Micra","variant":"1.0 GX 5dr Tax 4\/13 NCT 5\/14","mileage":"82000","engine_size":"1.0","fuel_type":"Petrol","body_type":"Hatchback","colour":"0000c0","location":"Dublin","price":"\u20ac 1,950","images":{"base_url":"http:\/\/i0.carsie.ie\/","image_list":[{"thumb":"YWJkYWVmNjIxZTk3NTM5MzY4YTczNDEzNjcwNzVjNDDE11r_aFjMvD1r7W3Yt3RPOTAxNzY1LTc0MjQ0MzEuanBnfHx8fHx8OTJ4Njl8fHx8fA==.jpg","main":"ZWJiNGUyN2FiMWMyZTUyYmFmNTM1ZjZmNGZhNTRkYzR5GayCRlL9Hzb0b4Uh1i-lOTAxNzY1LTc0MjQ0MzEuanBnfHx8fHx8fHx8fHw0MDB4MzAw.jpg","large":"Nzc2NGNkMGQ3M2QwOTlmYjVlNjNlNTQ0MmM2NjFlNGJIe4HfRm0c_5JFkoj4sklGOTAxNzY1LTc0MjQ0MzEuanBnfHx8fHx8fHx8fHw2NDB4NDgw.jpg"}]}},{"ad_id":"899530","reg_year":"2002","make":"Nissan","model":"Micra","variant":"1.0 GX","mileage":"105000","engine_size":"1.0","fuel_type":"Petrol","body_type":"Hatchback","colour":"008000","location":"Kilkenny","price":"\u20ac 1,950","images":{"base_url":"http:\/\/i0.carsie.ie\/","image_list":[{"thumb":"MDRiNjM2OGIxM2NmYzBkZGU2ZjNmMDkyM2U2NzQ3YTb2okiTgay4L0_e7ko1CF02ODk5NTMwLTczNzk3MTcuanBnfHx8fHx8OTJ4Njl8fHx8fA==.jpg","main":"MjM1MjljNTA4OGMxNjJmY2Q4ZWIwNjVjZGJkZmJhNWTxfFwmUvgBB8o_ixyp7F7rODk5NTMwLTczNzk3MTcuanBnfHx8fHx8fHx8fHw0MDB4MzAw.jpg","large":"OTEwZjMyMmM3MzU0NTZjZjhiNzcxYmIxNjA0NzM5MDeBwrBI_LhLQ2P2hHr1v9H7ODk5NTMwLTczNzk3MTcuanBnfHx8fHx8fHx8fHw2NDB4NDgw.jpg"}]}},{"ad_id":"884802","reg_year":"2003","make":"Nissan","model":"Micra","variant":"1.0 5DR Visia","mileage":"121000","engine_size":"1.0","fuel_type":"Petrol","body_type":"Hatchback","colour":"f0b800","location":"Wexford","price":"\u20ac 1,950","images":{"base_url":"http:\/\/i0.carsie.ie\/","image_list":[{"thumb":"ZDUyMTljNTIwOTM2NTE4MWMxZDhhOWFlZDM2NTlmYTYuwbIv8HavrpprWxR5ZfdaODg0ODAyLTcxOTk0MDcuanBnfHx8fHx8OTJ4Njl8fHx8fA==.jpg","main":"ZDk3ODNjZTY2ZWJhYWI0OTQzNzhmNWQ5NjM0MjY4MjCfaruIEL9Cbnp0T5-BJEg6ODg0ODAyLTcxOTk0MDcuanBnfHx8fHx8fHx8fHw0MDB4MzAw.jpg","large":"MDc2ZjkwZjlmMzA0Yjc4OTVjMjdmYWY0MTFmOWNhZGTzZ--zDPii7SL4pxI5zrDHODg0ODAyLTcxOTk0MDcuanBnfHx8fHx8fHx8fHw2NDB4NDgw.jpg"}]}}]}