{"total":"23408","result":[{"ad_id":"878724","reg_year":"2005","make":"Ford","model":"C-Max","variant":"C-max 1.6 Steel 5DR","mileage":"108742","engine_size":"1.6","fuel_type":"Diesel","body_type":"Hatchback","colour":"0000c0","location":"Dublin","price":"\u20ac 5,750","images":{"base_url":"http:\/\/i0.carsie.ie\/","image_list":[{"thumb":"YTUzMjBmMGRlNTM5NzViMGY1OTZkNDBkNDFmMDMxNDk7dDoULqws7GrL5GBQcfuUODc4NzI0LTcxMjIyOTUuanBnfHx8fHx8OTJ4Njl8fHx8fA==.jpg","main":"ZTE4OWVkMTc5YTcwZTJlNDk0YTQ5ZWIxN2VlYzA0NzPbG_3vfFsOCzuxczP5dfyYODc4NzI0LTcxMjIyOTUuanBnfHx8fHx8fHx8fHw0MDB4MzAw.jpg","large":"NTc2MzQ5NDg0NWJkYTIwMTQxYjA4OGNhYjk1NGJkYjU-b4ol-2aQ-4VqXm_M7rLUODc4NzI0LTcxMjIyOTUuanBnfHx8fHx8fHx8fHw2NDB4NDgw.jpg"}]}},{"ad_id":"902040","reg_year":"2007","make":"Ford","model":"Fiesta","variant":"Steel 2 1.25 5DR","mileage":"571677","engine_size":"1.2","fuel_type":"Petrol","body_type":"Hatchback","colour":"e0e0e0","location":"Limerick","price":"\u20ac 5,750","images":{"base_url":"http:\/\/i0.carsie.ie\/","image_list":[{"thumb":"N2FiMTRlYWI4MjYyZWNkNTA3MTM2NjMzNmMyMDExNjgQzArKySgPiqt7fCCyH7vzOTAyMDQwLTc0MjczOTEuanBnfHx8fHx8OTJ4Njl8fHx8fA==.jpg","main":"MmNlNTBjYzkyYzVkMGYxMmQ3MmJhZWM2ZTgxOWM5OTWo5dW-VYPKRCucHGJlDg7gOTAyMDQwLTc0MjczOTEuanBnfHx8fHx8fHx8fHw0MDB4MzAw.jpg","large":"YjA4YTE1OWY1MDFhMzE3ODUyNjRlOTlmYWExYjFkM2QF0P2sajahGGov6nIGj2f7OTAyMDQwLTc0MjczOTEuanBnfHx8fHx8fHx8fHw2NDB4NDgw.jpg"}]}},{"ad_id":"824824","reg_year":"2005","make":"Ford","model":"Focus","variant":"","mileage":"80778","engine_size":"1.6","fuel_type":"Diesel","body_type":null,"colour":"000000","location":"Cork","price":"\u20ac 5,750","images":{"base_url":"http:\/\/i0.carsie.ie\/","image_list":[{"thumb":"Y2Q1NTc0YmUyNzNlOWVhODgyMWRjMjNmNTcxOTVkMDmV6qs6BNM3n32wFo4eQCvKODI0ODI0LTY1MTIzMDQuanBnfHx8fHx8OTJ4Njl8fHx8fA==.jpg","main":"MDhkMzllNGIxODliM2YyNmRlYWQ2OTgyNTUxOGY2NGJqU4gUsUQXNXaKx2mOsDidODI0ODI0LTY1MTIzMDQuanBnfHx8fHx8fHx8fHw0MDB4MzAw.jpg","large":"ZjljOGU3ZDQxMzcyNWIwYTM4OWM4M2MyMDQ4NGFlNWNAR7j0b-lBzzopQT-14m0hODI0ODI0LTY1MTIzMDQuanBnfHx8fHx8fHx8fHw2NDB4NDgw.jpg"}]}},{"ad_id":"878858","reg_year":"2005","make":"Ford","model":"Focus","variant":"LX TDCI","mileage":"96000","engine_size":"1.6","fuel_type":"Diesel","body_type":"Hatchback","colour":"0000c0","location":"Cork","price":"\u20ac 5,750","images":{"base_url":"http:\/\/i0.carsie.ie\/","image_list":[{"thumb":"NGEwYjMzZTEyNTQyNWRmZTY4YWJjOGU5ZTY0ZTBlZWQ491gtVRBMt2c_N-ex603EODc4ODU4LTcxNDgxNTkuanBnfHx8fHx8OTJ4Njl8fHx8fA==.jpg","main":"MTMwNTFkNTQ0Njg4NzJjYzNmODc0YTUyYWNmYWM0ZGMcgIrLDq91BmQhajcALjJJODc4ODU4LTcxNDgxNTkuanBnfHx8fHx8fHx8fHw0MDB4MzAw.jpg","large":"ODRlZjU4YzQzZWFjMDg0ZTVkNzJlOGRhYjExMDQ0NzNA-3Z9PMCzv1Jf1-jReqVMODc4ODU4LTcxNDgxNTkuanBnfHx8fHx8fHx8fHw2NDB4NDgw.jpg"}]}},{"ad_id":"864173","reg_year":"2006","make":"Ford","model":"Focus","variant":" 1.6, low miles, fsh, IMMACULATE","mileage":"55738","engine_size":"1.6","fuel_type":"Petrol","body_type":"Hatchback","colour":"ff0000","location":"Dublin","price":"\u20ac 5,750","images":{"base_url":"http:\/\/i0.carsie.ie\/","image_list":[{"thumb":"Zjc3OTMwMjczYTk2MTBhM2ZmNmM4Njg3MWRmMDg1ZTITKcFEnsKWIzstpo1CcEAMODY0MTczLTY5NTI4OTkuanBnfHx8fHx8OTJ4Njl8fHx8fA==.jpg","main":"ZjVlZTBkZjZiYWYxNTliMzlkMTIwZDlmOTg2YzY4YTSGtMaAXOFfH1Qmu0RJDUATODY0MTczLTY5NTI4OTkuanBnfHx8fHx8fHx8fHw0MDB4MzAw.jpg","large":"NDU0NjdlNzAyNGRiZmIzMzdhMGI5MGY4NGUwZmNmYzakywoKoV7Hx16Wr5InHp9cODY0MTczLTY5NTI4OTkuanBnfHx8fHx8fHx8fHw2NDB4NDgw.jpg"}]}},{"ad_id":"887755","reg_year":"2006","make":"Ford","model":"Focus","variant":"LX HATCHBACK 1.4 5-DOOR \/ NEW NCT JULY 2014 \/ TRADE-INS WELCOME \/ CALL 01-4569562 OR 086-8055412 ANYTIME","mileage":"70838","engine_size":"1.4","fuel_type":"Petrol","body_type":"Hatchback","colour":"ff0000","location":"Dublin","price":"\u20ac 5,750","images":{"base_url":"http:\/\/i0.carsie.ie\/","image_list":[{"thumb":"M2NkZDg2OTJmZTY0NzQxZmZkN2M5YzBkODZjZmE0NmQAgRJRKCRz9nGGr7_bn_HVODg3NzU1LTcyMzA0MzMuanBnfHx8fHx8OTJ4Njl8fHx8fA==.jpg","main":"MDdiOTFhZTU4YzBkZjUwM2NkNTFhNTA3M2ZmYmExMWZV-f1WNNB62DFSFRVvrf3EODg3NzU1LTcyMzA0MzMuanBnfHx8fHx8fHx8fHw0MDB4MzAw.jpg","large":"YjAxZjY4NTM3NzI2YTMwNjIxY2VhY2NhYjc2YWRhMmGGZyCMXUCDusBnds_PiGJmODg3NzU1LTcyMzA0MzMuanBnfHx8fHx8fHx8fHw2NDB4NDgw.jpg"}]}},{"ad_id":"897942","reg_year":"2006","make":"Ford","model":"Focus","variant":"LX 1.4","mileage":"61517","engine_size":"1.4","fuel_type":"Petrol","body_type":"Saloon","colour":"0000c0","location":"Dublin","price":"\u20ac 5,750","images":{"base_url":"http:\/\/i0.carsie.ie\/","image_list":[{"thumb":"NTA2NmU5NTBhMmE1ODZhN2JhMWUxMGVkZmY5ZjU2OWaQcurUXdbK9hRGGiDbD4LoODk3OTQyLTczNTk5MDYuanBnfHx8fHx8OTJ4Njl8fHx8fA==.jpg","main":"NzViYWMxMTRhZWViODVkZTljZmFjOWJhMGE2NmYyZmSiy3viECmoKjkOVeqPIUOcODk3OTQyLTczNTk5MDYuanBnfHx8fHx8fHx8fHw0MDB4MzAw.jpg","large":"NDQ2ZTQzMTQwNTljYWQ5ZTc3YjQ1YjI0NDQ5NDk3ODANLu5Yuas7vVaRpb8EJFXXODk3OTQyLTczNTk5MDYuanBnfHx8fHx8fHx8fHw2NDB4NDgw.jpg"}]}},{"ad_id":"891136","reg_year":"2007","make":"Ford","model":"Focus","variant":"LX 1.6 Auto","mileage":"172631","engine_size":"1.6","fuel_type":"Petrol","body_type":"Saloon","colour":"000000","location":"Kildare","price":"\u20ac 5,750","images":{"base_url":"http:\/\/i0.carsie.ie\/","image_list":[{"thumb":"MzQxM2IwMWY3OTY2NDY4OTFjMzM0MDhhZDA0MmM1ZDmqQmb8vHGUbonz1RqjlXGAODkxMTM2LTcyNjAxMDAuanBnfHx8fHx8OTJ4Njl8fHx8fA==.jpg","main":"ZDliYTNlOGY4NGE0ZTZjMjY5MWRhY2U3ZmRjZjkwYTATicvvqC2dHvTR9jHl6FPPODkxMTM2LTcyNjAxMDAuanBnfHx8fHx8fHx8fHw0MDB4MzAw.jpg","large":"MDRlNDFjZGU0MWFlMDgxOGQ0MjlhZTMxNTQ3OTM1ZTMHmBxFfA0OPW-nRujGmoMAODkxMTM2LTcyNjAxMDAuanBnfHx8fHx8fHx8fHw2NDB4NDgw.jpg"}]}},{"ad_id":"899924","reg_year":"2005","make":"Ford","model":"Focus","variant":"NT Zetec 1.4 3DR *MICHAEL DAFFY CAR SALES*","mileage":"85875","engine_size":"1.4","fuel_type":"Petrol","body_type":"Hatchback","colour":"ff0000","location":"Limerick","price":"\u20ac 5,750","images":{"base_url":"http:\/\/i0.carsie.ie\/","image_list":[{"thumb":"YTZiMDZlNTJhMGU0ZTg3N2EwMTFhZDNjZjU4NTBhMDfV9vS3xsh3W9bib7PPe9hdODk5OTI0LTczODI3NDcuanBnfHx8fHx8OTJ4Njl8fHx8fA==.jpg","main":"MjdjNTg4ODRlYTc4MTZkZGYwM2YyYTdkNWRlOTViOTdVEchMmGErUv9Zv_Zntzs9ODk5OTI0LTczODI3NDcuanBnfHx8fHx8fHx8fHw0MDB4MzAw.jpg","large":"YTk3YmY0ODliZWVhY2VhMTc3ZmRmZjlmNDAxOGQyMDDB_0MgE8mS4JoSXA1onWREODk5OTI0LTczODI3NDcuanBnfHx8fHx8fHx8fHw2NDB4NDgw.jpg"}]}},{"ad_id":"850753","reg_year":"2005","make":"Ford","model":"Focus","variant":"Estate Diesel","mileage":"104000","engine_size":"1.6","fuel_type":"Diesel","body_type":"Estate","colour":"000000","location":"Waterford","price":"\u20ac 5,750","images":{"base_url":"http:\/\/i0.carsie.ie\/","image_list":[{"thumb":"NzAzNzYzYWQ3N2E5OWJkYzZmZjZlNDYxZWU4ZmFjMWUyP0Bk67G31j9m-mre5AEuODUwNzUzLTY4MDU0OTUuanBnfHx8fHx8OTJ4Njl8fHx8fA==.jpg","main":"ZDI0YWM3MjViN2UwYzk4YjNhNDdkZDM0ZWQ1MTE2MTmQU6JXGMBnetOdubXCpsxtODUwNzUzLTY4MDU0OTUuanBnfHx8fHx8fHx8fHw0MDB4MzAw.jpg","large":"YmRmYTA2ZjMwNzMzYTEyMDhiMTA2ODhmZjViMDE2NmOMenXnzXeau8TkW5R9GNVSODUwNzUzLTY4MDU0OTUuanBnfHx8fHx8fHx8fHw2NDB4NDgw.jpg"}]}},{"ad_id":"863093","reg_year":"2005","make":"Ford","model":"Mondeo","variant":"2.0 TD CI ZETEC 130BHP 5DR*MICHAEL DAFFY CAR SALES*","mileage":"165202","engine_size":"2.0","fuel_type":"Diesel","body_type":"Hatchback","colour":"0000c0","location":"Limerick","price":"\u20ac 5,750","images":{"base_url":"http:\/\/i0.carsie.ie\/","image_list":[{"thumb":"YmRiZTRjMjAyOTFkOWRmMDY5NGYzYzNmMWEyNDlhYTl7ZXjJdFkwO0lhggf7SEgZODYzMDkzLTY5NDY3NTcuanBnfHx8fHx8OTJ4Njl8fHx8fA==.jpg","main":"MTc1YjY4ZWViZDc2NWE5MzNhYzhmZGIyYTNlMTBmN2YBwXNba9PUdVk7fBj_OkbWODYzMDkzLTY5NDY3NTcuanBnfHx8fHx8fHx8fHw0MDB4MzAw.jpg","large":"ZDBiOThhMTNjNDgwNTVmZDZiMTgyZGU5NDBlOTY4OTloD0ozFrUC7wjxCQwhtqWcODYzMDkzLTY5NDY3NTcuanBnfHx8fHx8fHx8fHw2NDB4NDgw.jpg"}]}},{"ad_id":"821619","reg_year":"2007","make":"Ford","model":"Mondeo","variant":"1.8 1.8 LX 04DR","mileage":"66000","engine_size":"1.8","fuel_type":"Petrol","body_type":"Saloon","colour":"e0e0e0","location":"Tipperary","price":"\u20ac 5,750","images":{"base_url":"http:\/\/i0.carsie.ie\/","image_list":[{"thumb":"ZTVhNmRiZjA2NWM1ODM2MjliMTUzYTNiMTNlZDg4MmPAMMHrBq1FEkkT0Q_DoLJKODIxNjE5LTY0NzI1MDguanBnfHx8fHx8OTJ4Njl8fHx8fA==.jpg","main":"Yjg0MDY5OWRmMjQ4NDNmMTA4OGY5YTQyZDlhNTY1N2FEyfyzd-aN6bkbhoOR464wODIxNjE5LTY0NzI1MDguanBnfHx8fHx8fHx8fHw0MDB4MzAw.jpg","large":"NTUzZmUzMzUyYjI0ZjMyYTJjNmFiM2E2ODZkYzZlODnItv_Ek5IhsI8Ks8cxFy-wODIxNjE5LTY0NzI1MDguanBnfHx8fHx8fHx8fHw2NDB4NDgw.jpg"}]}},{"ad_id":"830480","reg_year":"2006","make":"Ford","model":"Transit","variant":null,"mileage":"105633","engine_size":"2.0","fuel_type":"Diesel","body_type":null,"colour":"ffffff","location":"Donegal","price":"\u20ac 5,750","images":{"base_url":"http:\/\/i0.carsie.ie\/","image_list":[{"thumb":"N2VjZWZhNzI5MjllNjIzNjc3ODgwODVkNTdhMDJiYjLUXePp-Q8JL747cQGvH3PhODMwNDgwLTY1ODA1NzYuanBnfHx8fHx8OTJ4Njl8fHx8fA==.jpg","main":"MzQxYTk3NDNhZjgwMDRiNDkzMTJlN2U2OTJiM2FjZjUhER1r2w_qQ1TwXNPhzOerODMwNDgwLTY1ODA1NzYuanBnfHx8fHx8fHx8fHw0MDB4MzAw.jpg","large":"NjNkMmYzZTNjNjI0NzRiODAyYTlhZjdmM2RjNmE4M2bbCf-c4Ku5oyYQT9CMJxvEODMwNDgwLTY1ODA1NzYuanBnfHx8fHx8fHx8fHw2NDB4NDgw.jpg"}]}},{"ad_id":"825692","reg_year":"2006","make":"Ford","model":"Transit","variant":"COMMERCIAL","mileage":"73325","engine_size":"1.8","fuel_type":"Diesel","body_type":null,"colour":"0000c0","location":"Limerick","price":"\u20ac 5,750","images":{"base_url":"http:\/\/i0.carsie.ie\/","image_list":[{"thumb":"Mzk0MjNkNzY3ZGI0NmE4MGU1NTVlZDdlM2M0M2MzYTff2RC3ZNnhdwhDYMCMUYxeODI1NjkyLTY1MjE1NTMuanBnfHx8fHx8OTJ4Njl8fHx8fA==.jpg","main":"MDQ2NzE5MDQxOTFlZDUzYzI3NTY2OGI5Yjk3MWQ5NTmWgByqdv51GNAyRrgSk7ATODI1NjkyLTY1MjE1NTMuanBnfHx8fHx8fHx8fHw0MDB4MzAw.jpg","large":"ZjgwN2Q2YmViZTViZWNkMzIxOWU0ODYxNWRiMDIyMmJBzp-s85U-hJ8N0vU4LoNfODI1NjkyLTY1MjE1NTMuanBnfHx8fHx8fHx8fHw2NDB4NDgw.jpg"}]}},{"ad_id":"899104","reg_year":"2006","make":"Ford","model":"Transit","variant":"260 SWB VAN","mileage":"67731","engine_size":"2.0","fuel_type":"Diesel","body_type":"Van","colour":"ff0000","location":"Mayo","price":"\u20ac 5,750","images":{"base_url":"http:\/\/i0.carsie.ie\/","image_list":[{"thumb":"NjU3ZDAyNDk3YjdkZTFkNTJiZTE4M2NiMzMyMGMxZTI4_flHZ39BnuCJskaJPdzUODk5MTA0LTczNzM5MDEuanBnfHx8fHx8OTJ4Njl8fHx8fA==.jpg","main":"ZmFlZThkOGU1ODU3ZDZhNjczZmI5MDYyM2IzMDZmYmKNvkLsKA1WfWqanh_wCY0fODk5MTA0LTczNzM5MDEuanBnfHx8fHx8fHx8fHw0MDB4MzAw.jpg","large":"MzI0NTZmZWIyZTZiMDUwYzkwZDJjZDM4OTU4MmY2MDnsFTJRBtua26HK24zAv2J5ODk5MTA0LTczNzM5MDEuanBnfHx8fHx8fHx8fHw2NDB4NDgw.jpg"}]}},{"ad_id":"884557","reg_year":"2005","make":"Honda","model":"Civic","variant":"1.4 SPORT","mileage":"74566","engine_size":"1.4","fuel_type":"Petrol","body_type":"Hatchback","colour":"858585","location":"Dublin","price":"\u20ac 5,750","images":{"base_url":"http:\/\/i0.carsie.ie\/","image_list":[{"thumb":"NGIxZGJlN2QyOGIzY2U4NGZhMDc5MDkyZTc3NDUzODB8ywcmwKaO161lgRGkWp-CODg0NTU3LTcyMjc3OTEuanBnfHx8fHx8OTJ4Njl8fHx8fA==.jpg","main":"MDVmYzRmMDhkOGY0NDdkZDFmOTA1YThkYzFkNDhjNziASHeQfgzS9CbuTLrmvOy-ODg0NTU3LTcyMjc3OTEuanBnfHx8fHx8fHx8fHw0MDB4MzAw.jpg","large":"NWIzYmI3MzQ1MmNhYzEyNjBjMTk1MzdlZWNhYmY5MzBtho5BKp2TVjmc5iJXNJVtODg0NTU3LTcyMjc3OTEuanBnfHx8fHx8fHx8fHw2NDB4NDgw.jpg"}]}},{"ad_id":"884927","reg_year":"2006","make":"Honda","model":"Civic","variant":"1.4I SE (AW) 5 DR","mileage":"73500","engine_size":"1.4","fuel_type":"Petrol","body_type":"Hatchback","colour":"0000c0","location":"Dublin","price":"\u20ac 5,750","images":{"base_url":"http:\/\/i0.carsie.ie\/","image_list":[{"thumb":"NDZiM2Q4YTEyODFhNWZiMDlkODE2NzNhZTg5ZGFkYzYsds8W-f-ghNCUnu4k7v-UODg0OTI3LTcyMDA2OTMuanBnfHx8fHx8OTJ4Njl8fHx8fA==.jpg","main":"ZGRiMzY4ZDVlNzc5N2NkYmY4ZDViZDczNjIwODFlNjR_93mVMVYJGv02Ba-CVFCDODg0OTI3LTcyMDA2OTMuanBnfHx8fHx8fHx8fHw0MDB4MzAw.jpg","large":"ZmE4MWZiOTRhNDI1ZWJhODEwY2MzNzNkYTAwNDVlZDHlS8TzncY8DaLU55L_O_BUODg0OTI3LTcyMDA2OTMuanBnfHx8fHx8fHx8fHw2NDB4NDgw.jpg"}]}},{"ad_id":"900213","reg_year":"2005","make":"Honda","model":"Civic","variant":null,"mileage":"80778","engine_size":"1.6","fuel_type":"Petrol","body_type":null,"colour":"e0e0e0","location":"Dublin","price":"\u20ac 5,750","images":{"base_url":"http:\/\/i0.carsie.ie\/","image_list":[{"thumb":"ZTkxZWNiM2FmM2MzNDg1N2JkOGU1MTQwNWUzMWM4ZmSRZoGg0BXqVp7rEBe_zXZMOTAwMjEzLTc0MTMwMzMuanBnfHx8fHx8OTJ4Njl8fHx8fA==.jpg","main":"OWNkNzI4NzBhYjgyNjIxZjFlOGI0NGRiYWQ1YjIzMDPDukDhcQSknM9pwQ7JVvTxOTAwMjEzLTc0MTMwMzMuanBnfHx8fHx8fHx8fHw0MDB4MzAw.jpg","large":"N2YxYzUzZGZhNmRjYjQyZjgwNTI4MDJhZDVjNWQ3NGYImSklkaBu_BWTGxxSQB9wOTAwMjEzLTc0MTMwMzMuanBnfHx8fHx8fHx8fHw2NDB4NDgw.jpg"}]}},{"ad_id":"872038","reg_year":"2002","make":"Honda","model":"CR-V","variant":"CR-V 2.0 SE","mileage":"91000","engine_size":"2.0","fuel_type":"Petrol","body_type":null,"colour":"0000c0","location":"Cork","price":"\u20ac 5,750","images":{"base_url":"http:\/\/i0.carsie.ie\/","image_list":[{"thumb":"OGMwZWYzMDQ2NzcwY2E3ODNiMjU3ZGQzZWQ0MmM0NGY4_0JT1HBaUTfi_aCrRdAPODcyMDM4LTcwNDg4MzIuanBnfHx8fHx8OTJ4Njl8fHx8fA==.jpg","main":"ZGQyZjNmMWNkYzgxNmZhNzMzM2FiZTBjMWQ0MWEwMGUMLidfxZnseRmAxyEZvl1kODcyMDM4LTcwNDg4MzIuanBnfHx8fHx8fHx8fHw0MDB4MzAw.jpg","large":"ZmU1N2U0MTk2NTZmMTVmMTA3ZmRjODRjNjcxODRlMmPq0P6mVeFDIlBlaHtL5d3oODcyMDM4LTcwNDg4MzIuanBnfHx8fHx8fHx8fHw2NDB4NDgw.jpg"}]}},{"ad_id":"881320","reg_year":"2004","make":"Honda","model":"Fit","variant":"**AUTOMATIC 1.3** SPORT","mileage":"72081","engine_size":"1.3","fuel_type":"Petrol","body_type":"Hatchback","colour":"ff0000","location":"Dublin","price":"\u20ac 5,750","images":{"base_url":"http:\/\/i0.carsie.ie\/","image_list":[{"thumb":"OTExNjhiZmUwNDAzYWE2NzUyZmE0NDlkMjJhMGI2ZDhEBKQ6wJ2LKo9i8AgVVIuXODgxMzIwLTcyMTI1MDQuanBnfHx8fHx8OTJ4Njl8fHx8fA==.jpg","main":"MDRlYzU4NjcyM2U4MzdmN2ZhZmRlMjVjYTU2ODFkYjRlOGP05kk4A81nco9RzUcGODgxMzIwLTcyMTI1MDQuanBnfHx8fHx8fHx8fHw0MDB4MzAw.jpg","large":"YzZjMzU2Y2VmNjZlMmFhYzk3ODJiNjVkNmUzOTYwNDceM0wH31f56jT8T5jnPRsfODgxMzIwLTcyMTI1MDQuanBnfHx8fHx8fHx8fHw2NDB4NDgw.jpg"}]}}]}