{"total":"23408","result":[{"ad_id":"901857","reg_year":"2003","make":"Ford","model":"Fiesta","variant":"AUTO LOW MILES ONLY 49K ","mileage":"49000","engine_size":"1.4","fuel_type":"Petrol","body_type":"Hatchback","colour":"008000","location":"Dublin","price":"\u20ac 3,495","images":{"base_url":"http:\/\/i0.carsie.ie\/","image_list":[{"thumb":"ZmU0YTRmMjYzNjI3YjFhOGU3MTE4OTVmMGUzYzg4ZGSwNSdvrnc7JFPjP5lvTy-hOTAxODU3LTc0MjU3NjguanBnfHx8fHx8OTJ4Njl8fHx8fA==.jpg","main":"NDQyYzgyYzQyNDRlMjRjYWE0NDBmYzg4OTBjNDRhMmMnubhUBJ_6PO3S03c2xiuROTAxODU3LTc0MjU3NjguanBnfHx8fHx8fHx8fHw0MDB4MzAw.jpg","large":"YjM5ZWYyYmY4ODEzZDUxYTUwNWE5ZWM2MTI5NDA1MjjS8t1TyJQMz-fe7ygmp3HDOTAxODU3LTc0MjU3NjguanBnfHx8fHx8fHx8fHw2NDB4NDgw.jpg"}]}},{"ad_id":"883161","reg_year":"2004","make":"Ford","model":"Focus","variant":"Ghia X 4 DR","mileage":"94000","engine_size":"1.6","fuel_type":"Petrol","body_type":"Saloon","colour":"000000","location":"Dublin","price":"\u20ac 3,495","images":{"base_url":"http:\/\/i0.carsie.ie\/","image_list":[{"thumb":"NTg4Mzc5ZTcwZjg5NDFkMmQzMzQ4YmNkOGI1Y2EzYTf61eapmIvyPX2t1N-4t-F7ODgzMTYxLTcyMzg3MDAuanBnfHx8fHx8OTJ4Njl8fHx8fA==.jpg","main":"OGI2OTIzZWFjNGYyZmFhMzA1ZjI0YjMxYWY3OTg3N2X76dwZkvLNi6qRlCSAyZ1yODgzMTYxLTcyMzg3MDAuanBnfHx8fHx8fHx8fHw0MDB4MzAw.jpg","large":"OTcyNDdkODUyMGNkOGM3MjgwZDU5MDNiYzI5MzllZGXfNiMw8LwJDxZUOJ7y-IZtODgzMTYxLTcyMzg3MDAuanBnfHx8fHx8fHx8fHw2NDB4NDgw.jpg"}]}},{"ad_id":"841181","reg_year":"2003","make":"Ford","model":"Mondeo","variant":"2.0 TD DI Graphite 115BHP 05DR","mileage":"134000","engine_size":"2.0","fuel_type":"Diesel","body_type":"Hatchback","colour":"858585","location":"Dublin","price":"\u20ac 3,495","images":{"base_url":"http:\/\/i0.carsie.ie\/","image_list":[{"thumb":"NzFlZTU3YTlhOTUyOGEwNmFmZWRmYjUxZGZjNDIxYWakOhuuK_0Wsd7ZBFVb-X2mODQxMTgxLTY3MzI5NDYuanBnfHx8fHx8OTJ4Njl8fHx8fA==.jpg","main":"NTllNTVlYTBmNTI2ZjNiYmJlOGNmZjZiY2ExNDNkODN4juhu0xsbnzd1JXi108DFODQxMTgxLTY3MzI5NDYuanBnfHx8fHx8fHx8fHw0MDB4MzAw.jpg","large":"NmU1YzhiZDg4Mjc3NTgzOTQ5NTk0ODIxNTJhZjhiMGHLtgb97nST1mlUybaYaim_ODQxMTgxLTY3MzI5NDYuanBnfHx8fHx8fHx8fHw2NDB4NDgw.jpg"}]}},{"ad_id":"851898","reg_year":"2006","make":"Ford","model":"Mondeo","variant":"Platinum 2.0TD 4DR","mileage":"149000","engine_size":"2.0","fuel_type":"Diesel","body_type":"Saloon","colour":"000000","location":"Dublin","price":"\u20ac 3,495","images":{"base_url":"http:\/\/i0.carsie.ie\/","image_list":[{"thumb":"MWZmMjIzODE3YjE2ODQ4NzU5N2ZjZTFkYjRkZWE5N2OqJ0Ii8q900dKXc_wy2vV8ODUxODk4LTczNTYxMjMuanBnfHx8fHx8OTJ4Njl8fHx8fA==.jpg","main":"YjU3MGM0YTYyMzBlY2ZlN2JhNDg2MmYzOTlhOWFhYmQLsREyoG9LxYHzQ2Iom-86ODUxODk4LTczNTYxMjMuanBnfHx8fHx8fHx8fHw0MDB4MzAw.jpg","large":"NzZlZjc4NzRjOGU3ZTYyZTRiZTBlZGY2MWE5MjM3YmGvqbSnKJO6lgZSGVTa1dB4ODUxODk4LTczNTYxMjMuanBnfHx8fHx8fHx8fHw2NDB4NDgw.jpg"}]}},{"ad_id":"886954","reg_year":"2005","make":"Hyundai","model":"Accent","variant":"5DR GLS. TAXED 07\/13. NCT 03\/15","mileage":"76156","engine_size":"1.3","fuel_type":"Petrol","body_type":"Hatchback","colour":"000000","location":"Dublin","price":"\u20ac 3,495","images":{"base_url":"http:\/\/i0.carsie.ie\/","image_list":[{"thumb":"MmUzMTIzMjM2ZGUzYWFkYjI1YTRiMjEwZTQ2ZmNiZTEcMgCHoG2uOM9jYehcsrDjODg2OTU0LTcyMjU5ODMuanBnfHx8fHx8OTJ4Njl8fHx8fA==.jpg","main":"OGNkMTNmNDM3Nzk0MzI1Mjc2NDUwZTM3YzAxZTllZDk8AXlQ8ozgCi1-1YQ6FgPJODg2OTU0LTcyMjU5ODMuanBnfHx8fHx8fHx8fHw0MDB4MzAw.jpg","large":"NjU3OTdkNmUyMDQ0ZGFlMTIwY2FiOGQ4NjRkZTVjNjHFARBCXOusHxPEF7E3dIx3ODg2OTU0LTcyMjU5ODMuanBnfHx8fHx8fHx8fHw2NDB4NDgw.jpg"}]}},{"ad_id":"822465","reg_year":"2006","make":"Hyundai","model":"Getz","variant":" 3DR Sport","mileage":"70838","engine_size":"1.1","fuel_type":"Petrol","body_type":"Hatchback","colour":"000000","location":"Galway","price":"\u20ac 3,495","images":{"base_url":"http:\/\/i0.carsie.ie\/","image_list":[{"thumb":"OGEyZWU3MmE0MTA0MWJjMmNkYThhZDhmMmZiOTQ5OTWN6CJeyCTSptEWcWYkgn_pODIyNDY1LTY2MTE1MDguanBnfHx8fHx8OTJ4Njl8fHx8fA==.jpg","main":"ZmEyOGE0Y2UzNTNlYTFiMjI3NTAzN2UzMjhkZGI2N2M2QwVyADowb4FWNLqq6i0_ODIyNDY1LTY2MTE1MDguanBnfHx8fHx8fHx8fHw0MDB4MzAw.jpg","large":"OGE5YzQzN2Y0ODViM2Y4ZTIyNTNjNTE5ODViMDEyN2ZF8KXCEqumyWvAiEa3OeV-ODIyNDY1LTY2MTE1MDguanBnfHx8fHx8fHx8fHw2NDB4NDgw.jpg"}]}},{"ad_id":"894114","reg_year":"2005","make":"Hyundai","model":"Tucson","variant":"2.0 2WD 5DR","mileage":"111849","engine_size":"2.0","fuel_type":"Petrol","body_type":"SUV","colour":"000000","location":"Dublin","price":"\u20ac 3,495","images":{"base_url":"http:\/\/i0.carsie.ie\/","image_list":[{"thumb":"ZjczZmM3Nzc3YjRjM2ZhNjhhYzlmYjBkZmM5OGVkNWIHHcK0WZyW4dhpjAzVVgtAODk0MTE0LTczMDE0ODguanBnfHx8fHx8OTJ4Njl8fHx8fA==.jpg","main":"ZjAyNjE1NGZmODY0Yjc5OTJjNWYyMDZjMTAwMDcwYWLQEyPB1kxIUP5qCjToQ9iEODk0MTE0LTczMDE0ODguanBnfHx8fHx8fHx8fHw0MDB4MzAw.jpg","large":"ZmE4ZGQyNTFjYjU0ZGIwOTBmNDg3NmZmODEzZGZiZWXQDjuYlQo6hG78j0nOd0M1ODk0MTE0LTczMDE0ODguanBnfHx8fHx8fHx8fHw2NDB4NDgw.jpg"}]}},{"ad_id":"894198","reg_year":"2003","make":"Mazda","model":"Mazda6","variant":"2.0 SDN 13PS Tour TDI","mileage":"137000","engine_size":"2.0","fuel_type":"Diesel","body_type":"Saloon","colour":"0000c0","location":"Tipperary","price":"\u20ac 3,495","images":{"base_url":"http:\/\/i0.carsie.ie\/","image_list":[{"thumb":"MDI0NWU4NGQ0ZDQ3MDhiMzY5YTVmZjE3MjllYzY2Yjb4C9-VHxxHOMHg6NXs75EHODk0MTk4LTczMDI0ODkuanBnfHx8fHx8OTJ4Njl8fHx8fA==.jpg","main":"ZjllZjE0YjVhZjdlMDY3ZGJlMzcxZTNmZTNhN2M1OTBJRDJSgHGd-pRCRIgzOam0ODk0MTk4LTczMDI0ODkuanBnfHx8fHx8fHx8fHw0MDB4MzAw.jpg","large":"MmEwNmY3MzI2Y2MyN2FhNjRkYTQxOTc0OTdkNmE2MzQdPzaHJwyUJ7_N7ShW8d4QODk0MTk4LTczMDI0ODkuanBnfHx8fHx8fHx8fHw2NDB4NDgw.jpg"}]}},{"ad_id":"883893","reg_year":"2004","make":"Nissan","model":"Almera","variant":"1.5 4DR Tekna, SUPERB CAR, VIEWING A MUST!","mileage":"79000","engine_size":"1.5","fuel_type":"Petrol","body_type":"Saloon","colour":"0000c0","location":"Dublin","price":"\u20ac 3,495","images":{"base_url":"http:\/\/i0.carsie.ie\/","image_list":[{"thumb":"ZDhhYWYxYjUzNjBmNTNjYjZjZTFjMjc1OTA2NzcwMDP8uJ8pV6XtTjpeywUiSYddODgzODkzLTcxODc4NTQuanBnfHx8fHx8OTJ4Njl8fHx8fA==.jpg","main":"NDE0MWNhZTliYjVmMjRmZDNjM2U1ZjUwZTkyNjI2MTEtfgkDQipd8kET4A6O83OXODgzODkzLTcxODc4NTQuanBnfHx8fHx8fHx8fHw0MDB4MzAw.jpg","large":"ZWM0NmRhZjE0NzI0MTBkZjBiODM2ZjU2ZGZlNjJiMjWS7vSFfjlmh9f8gXr5lrguODgzODkzLTcxODc4NTQuanBnfHx8fHx8fHx8fHw2NDB4NDgw.jpg"}]}},{"ad_id":"854000","reg_year":"2005","make":"Opel","model":"Corsa","variant":"Njoy Z1.0 XEP 5DR","mileage":"82000","engine_size":"1.0","fuel_type":"Petrol","body_type":"Hatchback","colour":"e0e0e0","location":"Dublin","price":"\u20ac 3,495","images":{"base_url":"http:\/\/i0.carsie.ie\/","image_list":[{"thumb":"N2JjZGY2ODBiNjViMGU5NzU5NDQ1MDg4NWMxNzIwZDSOTTmZr9Nfzuo5vBRQQFSaODU0MDAwLS5qcGd8fHx8fHw5Mng2OXx8fHx8.jpg","main":"YTNlZTYzYTFjMTFkMmNlN2NjMDUyYmM1Y2QwNmZmNTPX3Poabf1d1yKg06zTlrIdODU0MDAwLS5qcGd8fHx8fHx8fHx8fDQwMHgzMDA=.jpg","large":"OTEyMzQ5NmYzNmQ5ZTA2ZjcxMDc0MzdmYWQwOGNjMznaE7RNkTLktQOoPVsC0u6aODU0MDAwLS5qcGd8fHx8fHx8fHx8fDY0MHg0ODA=.jpg"}]}},{"ad_id":"871404","reg_year":"2005","make":"Peugeot","model":"206","variant":"Coupe Cabriolet","mileage":"89000","engine_size":"1.6","fuel_type":"Petrol","body_type":"Cabriolet \/ Convertible","colour":"858585","location":"Dublin","price":"\u20ac 3,495","images":{"base_url":"http:\/\/i0.carsie.ie\/","image_list":[{"thumb":"ZGQyNjZkMTVjMDlhYmM5MWJjNDU5Mjk1MzA3NjY2YTOfx4N93q__yPhc7ZWZPnknODcxNDA0LTcwNTQ2MDguanBnfHx8fHx8OTJ4Njl8fHx8fA==.jpg","main":"NTNmNWRlOTcwODJjNDU0NTBhN2YyZDFjNGIzNmJlY2EEUrcW0eRHuMl1EHE8C2d5ODcxNDA0LTcwNTQ2MDguanBnfHx8fHx8fHx8fHw0MDB4MzAw.jpg","large":"ZDEzZmNlNDRiOWQwYjZmZmZjNmQ4OTkzZTU2NjdiZWEYt8saXqTajzHpnW4xfEfFODcxNDA0LTcwNTQ2MDguanBnfHx8fHx8fHx8fHw2NDB4NDgw.jpg"}]}},{"ad_id":"880712","reg_year":"2005","make":"Peugeot","model":"206","variant":"X Design 1.1 5DR","mileage":"2995","engine_size":"1.1","fuel_type":"Petrol","body_type":"Hatchback","colour":"858585","location":"Dublin","price":"\u20ac 3,495","images":{"base_url":"http:\/\/i0.carsie.ie\/","image_list":[{"thumb":"YjBiNjcyN2UxYmNkMTIxMTg5ZTFmM2IzOTEyMGNlODguPs5Z0LIKlLBXNMi3gVE1ODgwNzEyLS5qcGd8fHx8fHw5Mng2OXx8fHx8.jpg","main":"MGU0ODJmMGUxNDhhN2U3YzJhMjdhNzQ3OTIwOThkZDlhWqS2gcqjDk5sNsvLSd5_ODgwNzEyLS5qcGd8fHx8fHx8fHx8fDQwMHgzMDA=.jpg","large":"NzE1OWVhODUwNWU2ZjkwZTkwZGVjMWNiMWQxZjMzZDUa-_j3cQpz79dgTvFQL1rkODgwNzEyLS5qcGd8fHx8fHx8fHx8fDY0MHg0ODA=.jpg"}]}},{"ad_id":"897660","reg_year":"2003","make":"Peugeot","model":"307","variant":"Exec Skywagon, 7 SEATER, 7 SEATER, SUPERB FAMILY CAR, PANORAMIC ROOF, ALLOYS, AIR CON, VIEWING A MUST!","mileage":"87000","engine_size":"1.6","fuel_type":"Petrol","body_type":"SUV","colour":"008000","location":"Dublin","price":"\u20ac 3,495","images":{"base_url":"http:\/\/i0.carsie.ie\/","image_list":[{"thumb":"MmNlY2Q3MjIwMWUxMDZkMTc0NDgxNjg1ZGUyNWVkZmFWS4r-iSZqLpiDmIq3O_lPODk3NjYwLTczNzY5MDYuanBnfHx8fHx8OTJ4Njl8fHx8fA==.jpg","main":"ZDFlNTdiZGRmNWYzNTRjYmJiMzdmZmZkMjZlMTUzNjn6u_C1cKdyVp3QfgF8Uwq5ODk3NjYwLTczNzY5MDYuanBnfHx8fHx8fHx8fHw0MDB4MzAw.jpg","large":"OWNhYmZhODY1MjkzOTBkYzE3N2ZhYWE1YWRkMTliZGW0rmfcRKmnL9sgd7wQca3KODk3NjYwLTczNzY5MDYuanBnfHx8fHx8fHx8fHw2NDB4NDgw.jpg"}]}},{"ad_id":"860745","reg_year":"2006","make":"Peugeot","model":"407","variant":"ST Comfort 1.8 4DR","mileage":"79000","engine_size":"1.7","fuel_type":"Petrol","body_type":"Saloon","colour":"858585","location":"Dublin","price":"\u20ac 3,495","images":{"base_url":"http:\/\/i0.carsie.ie\/","image_list":[{"thumb":"ZDhiNWM5ZjNhMTQ5NjJmN2YxNDQ1NDI5N2M0ODQ2Mjn4XRhJUwzQTjxHx23RBpqfODYwNzQ1LTY5MTA2NzIuanBnfHx8fHx8OTJ4Njl8fHx8fA==.jpg","main":"YjA3N2EwZmE0Y2NkYmRkMWY4OTMxY2FlZWIxOWQzM2GNRuwTtT_hvdn8TQdVC_jKODYwNzQ1LTY5MTA2NzIuanBnfHx8fHx8fHx8fHw0MDB4MzAw.jpg","large":"YzA0MjliYWM1NDM0OWU1NDQwOTQ2MjgyYmMyNGYyNjN5fCrjSk85-ca0aC7E7UKCODYwNzQ1LTY5MTA2NzIuanBnfHx8fHx8fHx8fHw2NDB4NDgw.jpg"}]}},{"ad_id":"834466","reg_year":"2004","make":"Renault","model":"Megane","variant":"2 1.4 Dynamique","mileage":"79000","engine_size":"1.4","fuel_type":"Petrol","body_type":"Hatchback","colour":"000000","location":"Dublin","price":"\u20ac 3,495","images":{"base_url":"http:\/\/i0.carsie.ie\/","image_list":[{"thumb":"ZDY1MmYwYmYyNmMyOTg0NGYxOWFjMTBjMDBlNTczMzcFVIF5EIh-IzOw4dTTm3ikODM0NDY2LTY2MjQ0NDcuanBnfHx8fHx8OTJ4Njl8fHx8fA==.jpg","main":"ZThhMjE3MjA3ZTY1NGY1OGRiNDU0ZjJkZjhkZTg3MTEZyTLU6NEXapGrunSWkRWcODM0NDY2LTY2MjQ0NDcuanBnfHx8fHx8fHx8fHw0MDB4MzAw.jpg","large":"MDhjMjY3OWJjNGQ3Y2E4ZWQ2OWQ1M2E1Y2IyYmY0NGRVJAgQ8t0wpeDFbyRQBk7YODM0NDY2LTY2MjQ0NDcuanBnfHx8fHx8fHx8fHw2NDB4NDgw.jpg"}]}},{"ad_id":"851927","reg_year":"2005","make":"Renault","model":"Megane","variant":"Sport Tourer DY","mileage":"80780","engine_size":"1.6","fuel_type":"Petrol","body_type":"Estate","colour":"000000","location":"Dublin","price":"\u20ac 3,495","images":{"base_url":"http:\/\/i0.carsie.ie\/","image_list":[{"thumb":"YTRlM2ViN2YzOTg0YzY2Nzc4MDliMWEyODA2NjBlOTK2fkZPv-Cfi58y5nIeXWqWODUxOTI3LTY4MTgzODkuanBnfHx8fHx8OTJ4Njl8fHx8fA==.jpg","main":"MTcyODg0ODgwYmRiMzUyN2FjZWEyYmU5YjFhZjFiZTf1HhCR_s_WjBOTEHLpon--ODUxOTI3LTY4MTgzODkuanBnfHx8fHx8fHx8fHw0MDB4MzAw.jpg","large":"ZWVmZWFjZWJjOThjM2Q3ODBkYTQ3YjUwYzdkYzBhNmPyfRp2-x2czQuCw9TuD43XODUxOTI3LTY4MTgzODkuanBnfHx8fHx8fHx8fHw2NDB4NDgw.jpg"}]}},{"ad_id":"809390","reg_year":"2003","make":"Renault","model":"Scenic","variant":"Scenic 1.6","mileage":"68000","engine_size":"1.6","fuel_type":"Petrol","body_type":"Hatchback","colour":"e0e0e0","location":"Dublin","price":"\u20ac 3,495","images":{"base_url":"http:\/\/i0.carsie.ie\/","image_list":[{"thumb":"YjVmODgzNjFlOGNhMzAzMTRmZGVmNmVmMzY4ZDBlM2UhcHsnz_jKv0Gn3gL7k1y_ODA5MzkwLTYzMjA0MDMuanBnfHx8fHx8OTJ4Njl8fHx8fA==.jpg","main":"YTBlYTk4OTdhZTEwNjNkMTk5OTA3MmRkYjY1NjBkZDhW5u7qckiFLn7HB4byqM1nODA5MzkwLTYzMjA0MDMuanBnfHx8fHx8fHx8fHw0MDB4MzAw.jpg","large":"NGZiMmIxZWJkZGMyZjIwOGU3NDBjMTlkNzk5NThkODQ59FHALhq9gnEQ4f34v8aBODA5MzkwLTYzMjA0MDMuanBnfHx8fHx8fHx8fHw2NDB4NDgw.jpg"}]}},{"ad_id":"809396","reg_year":"2004","make":"Renault","model":"Scenic","variant":"2 16V Dynamique","mileage":"69000","engine_size":"1.4","fuel_type":"Petrol","body_type":"Hatchback","colour":"e0e0e0","location":"Dublin","price":"\u20ac 3,495","images":{"base_url":"http:\/\/i0.carsie.ie\/","image_list":[{"thumb":"NmJmYTY1ZGY2NDlkOGMxNWZiMmNiMDY2NjMxZTdiODGnP0PSu9acYRLlW0LD5NibODA5Mzk2LTYzMjAzMzYuanBnfHx8fHx8OTJ4Njl8fHx8fA==.jpg","main":"YWExMDM1ZDlhM2ZlNGE0MWYzMWEzOTM0OGYxZGQ5Y2LjP4u9n8mfsBnghxZDNpf3ODA5Mzk2LTYzMjAzMzYuanBnfHx8fHx8fHx8fHw0MDB4MzAw.jpg","large":"OTBmNzY2Nzc5MTgzZGRjMjc0YWI0MmE5NjYxOTg3NzbyZyXfZckzLXpwhP_TXQ7TODA5Mzk2LTYzMjAzMzYuanBnfHx8fHx8fHx8fHw2NDB4NDgw.jpg"}]}},{"ad_id":"861122","reg_year":"2005","make":"Renault","model":"Scenic","variant":"Scenic 1.4 Dyna","mileage":"69000","engine_size":"1.4","fuel_type":"Petrol","body_type":"Hatchback","colour":"000000","location":"Dublin","price":"\u20ac 3,495","images":{"base_url":"http:\/\/i0.carsie.ie\/","image_list":[{"thumb":"MWQzYjk0NTU3ZDY3NTRmNWRhNDA5ODRjOGM2NDA4MGJEVp6ZP592acWDZo0aOu8YODYxMTIyLTY5MTc2MDkuanBnfHx8fHx8OTJ4Njl8fHx8fA==.jpg","main":"ZjQxZDg1MTFlZTA5ZjY4MDFmODE2NDRlNTk4NTJkNDNuRT13lAHlp0gyziMIR2osODYxMTIyLTY5MTc2MDkuanBnfHx8fHx8fHx8fHw0MDB4MzAw.jpg","large":"OTY2ZTM1YjgyYTIyYzJhODUyODUzNTkzMWEzMzJhYWJWl1SDOFfEqMtu8MLj-CQaODYxMTIyLTY5MTc2MDkuanBnfHx8fHx8fHx8fHw2NDB4NDgw.jpg"}]}},{"ad_id":"865261","reg_year":"2004","make":"Saab","model":"9-3","variant":"TID Linear","mileage":"150000","engine_size":"2.2","fuel_type":"Diesel","body_type":"Saloon","colour":"ff0000","location":"Dublin","price":"\u20ac 3,495","images":{"base_url":"http:\/\/i0.carsie.ie\/","image_list":[{"thumb":"ZjdmZTQxYWQzYTFhOTI2OTdhYTM0NTk0NGRmMGEzM2FOt5imrzeg0Y1SwV3zLZ-tODY1MjYxLTY5NjU2MTAuanBnfHx8fHx8OTJ4Njl8fHx8fA==.jpg","main":"OThlOTAzODVkNDg2Y2FhMzVmNzRlY2QzODNlYTIzMDcl4HiyRnD95-2heXAlas6EODY1MjYxLTY5NjU2MTAuanBnfHx8fHx8fHx8fHw0MDB4MzAw.jpg","large":"NmQ2MWQ2Y2UxOThjZjEyZDcxZDM5OTZhZmM1NTU2OGY4UH94y2p4cR_Ekx-Q8_6aODY1MjYxLTY5NjU2MTAuanBnfHx8fHx8fHx8fHw2NDB4NDgw.jpg"}]}}]}