{"total":"23408","result":[{"ad_id":"901885","reg_year":"1999","make":"Lexus","model":"GS 430","variant":"LS 400 Auto.","mileage":"120000","engine_size":"4.0 +","fuel_type":"Petrol","body_type":"Saloon","colour":"ff0000","location":"Dublin","price":"\u20ac 2,350","images":{"base_url":"http:\/\/i0.carsie.ie\/","image_list":[{"thumb":"NTc4ODJkNThjMjA4ZWU1ZjA4MzllZTZiZTAzODAyM2YKcSOOAy2EKopV37senAtNOTAxODg1LTc0MjU5ODQuanBnfHx8fHx8OTJ4Njl8fHx8fA==.jpg","main":"YTAzYTBhOTRkYjhhZDFlMTA3YmQ3Nzk2NTFlN2QxMTij69-wmcjSySgEz5-6a2mZOTAxODg1LTc0MjU5ODQuanBnfHx8fHx8fHx8fHw0MDB4MzAw.jpg","large":"ODFkNjMzNTBhZDdhZDliOWI4OWQxOWQzZmU1NzNjMjnSehkZRufVMT7LFNuN2ckNOTAxODg1LTc0MjU5ODQuanBnfHx8fHx8fHx8fHw2NDB4NDgw.jpg"}]}},{"ad_id":"884687","reg_year":"2003","make":"Opel","model":"Corsa","variant":"Njoy 5 DR","mileage":"99000","engine_size":"1.0","fuel_type":"Petrol","body_type":"Hatchback","colour":"0000c0","location":"Limerick","price":"\u20ac 2,350","images":{"base_url":"http:\/\/i0.carsie.ie\/","image_list":[{"thumb":"NjJmMDMwZDE1MjIyZmNkZGQ5NmVlYmY1ODYxYWZmMzE3BGu5ip4LVbCl9sXRVWRnODg0Njg3LS5qcGd8fHx8fHw5Mng2OXx8fHx8.jpg","main":"NmFjZjgxMzk1ODQxODYzOThlMGEwMDlmOGZkZjAwOWTld49pqUdHsoTcduJuG9qiODg0Njg3LS5qcGd8fHx8fHx8fHx8fDQwMHgzMDA=.jpg","large":"OGNmOTdhN2I5ODY3NTIxMzU0M2M1YmI4ODI3NTQyODbYOUlYjzxUMcx1FwrikJHIODg0Njg3LS5qcGd8fHx8fHx8fHx8fDY0MHg0ODA=.jpg"}]}},{"ad_id":"798319","reg_year":"2002","make":"Opel","model":"Corsa","variant":"3DR 31","mileage":"89000","engine_size":"1.2","fuel_type":"Petrol","body_type":"Hatchback","colour":"ff0000","location":"Tipperary","price":"\u20ac 2,350","images":{"base_url":"http:\/\/i0.carsie.ie\/","image_list":[{"thumb":"MmE3NTcxMGRjZjkxOWE4ZjZmZDViNTljN2I4NThlMTUxrH4VG62uCEPuS_sBa9t8Nzk4MzE5LTYxNzkzMjMuanBnfHx8fHx8OTJ4Njl8fHx8fA==.jpg","main":"ODcxYjc4NTJjY2JkZjYwOTBjODRmZTBmNzdhNDVlNDZdaRNdNtgQWyqjU9Bq0UNUNzk4MzE5LTYxNzkzMjMuanBnfHx8fHx8fHx8fHw0MDB4MzAw.jpg","large":"ZGRkOTBhZmJlN2MxODAxZDZjYTlhY2NlMjA2MGI3NzKNlNc-oarkZKHWElz4_3cENzk4MzE5LTYxNzkzMjMuanBnfHx8fHx8fHx8fHw2NDB4NDgw.jpg"}]}},{"ad_id":"885878","reg_year":"2003","make":"Opel","model":"Zafira","variant":"Comfort 5DR","mileage":"140000","engine_size":"1.6","fuel_type":"Petrol","body_type":"Hatchback","colour":"0000c0","location":"Cork","price":"\u20ac 2,350","images":{"base_url":"http:\/\/i0.carsie.ie\/","image_list":[{"thumb":"ZGI4N2MyYTUyZDFkNzkxOTI5YjRkMDZmZDMyOTgzNGH44j9YoLEYbclsFLRofaLiODg1ODc4LTcyMTAzNTEuanBnfHx8fHx8OTJ4Njl8fHx8fA==.jpg","main":"NmZlNGUxMTAzOWNmZGUzOTUxNDA1N2M0YzhiMmM4OGKbVG-fV2HgDDVIfbvP3rp5ODg1ODc4LTcyMTAzNTEuanBnfHx8fHx8fHx8fHw0MDB4MzAw.jpg","large":"NzUxMDI5YTkxNTE4Yjc1MzFkOTgwY2U1MDg1YzhmZTivCjFWv7r2X6YxnFxvOb_WODg1ODc4LTcyMTAzNTEuanBnfHx8fHx8fHx8fHw2NDB4NDgw.jpg"}]}},{"ad_id":"884467","reg_year":"2003","make":"Peugeot","model":"206","variant":"LX","mileage":"130000","engine_size":"1.1","fuel_type":"Petrol","body_type":"Hatchback","colour":"f0d2a0","location":"Cavan","price":"\u20ac 2,350","images":{"base_url":"http:\/\/i0.carsie.ie\/","image_list":[{"thumb":"MDQzNmY0MjBkYTY1MGY5MjFkNDJjMTA2YjMzZWFhZWQw01QBVxtEEe04H9NdI7oCODg0NDY3LTcxOTQyNDMuanBnfHx8fHx8OTJ4Njl8fHx8fA==.jpg","main":"ODZmMzk3NjAwMTNlOTdiZmFlNjVhOTkxYzBhNmZlOGb4tMb7smRqRNQwIaIp6WgJODg0NDY3LTcxOTQyNDMuanBnfHx8fHx8fHx8fHw0MDB4MzAw.jpg","large":"ZWU5ZDVkZjBmMTRiMTBmNDA2N2I4M2U2ZDI4NTcxNWPfMXJGjCdeMXesKnkR5YyEODg0NDY3LTcxOTQyNDMuanBnfHx8fHx8fHx8fHw2NDB4NDgw.jpg"}]}},{"ad_id":"889089","reg_year":"2002","make":"Renault","model":"Laguna","variant":"II 1.8 S","mileage":"104000","engine_size":"1.8","fuel_type":"Petrol","body_type":"Hatchback","colour":"ff0000","location":"Cork","price":"\u20ac 2,350","images":{"base_url":"http:\/\/i0.carsie.ie\/","image_list":[{"thumb":"OTMyMjM3ZTAxYjg2ZjcxMzUxMWIzMTg4Y2ViMmFhMjP-9KnACdrPH3MZKf6IzuYOODg5MDg5LTcyNzQxNzAuanBnfHx8fHx8OTJ4Njl8fHx8fA==.jpg","main":"NzIyZDEzZDFkMTY0NjIzZjk5MjVlODEzZjc3ODNkN2GrxhkRITV3Xs_igklMPsMVODg5MDg5LTcyNzQxNzAuanBnfHx8fHx8fHx8fHw0MDB4MzAw.jpg","large":"NDI1NjFhNmFlZjk5NzA3NzNjMjI4YjcwZTIyOTdiOTFqgqz-GqIszNrHnLxGGu5RODg5MDg5LTcyNzQxNzAuanBnfHx8fHx8fHx8fHw2NDB4NDgw.jpg"}]}},{"ad_id":"745599","reg_year":"2003","make":"Seat","model":"Leon","variant":"1.4 SPIRIT","mileage":"97683","engine_size":"1.4","fuel_type":"Petrol","body_type":"Hatchback","colour":"0000c0","location":"Kildare","price":"\u20ac 2,350","images":{"base_url":"http:\/\/i0.carsie.ie\/","image_list":[{"thumb":"ZWI3N2M0ZTI5YzIwMzlkNDg3NDMxNTQ3YWVhNTkwMzDeZSMiwcOf9EvNdOV2hajhNzQ1NTk5LTY5MTc3MTcuanBnfHx8fHx8OTJ4Njl8fHx8fA==.jpg","main":"NTZhNDc0YjE0Y2RmNDdhMjViYWVhOTUwZjdiYzJkOTIediKkdfI0T_9qTd-NgnvmNzQ1NTk5LTY5MTc3MTcuanBnfHx8fHx8fHx8fHw0MDB4MzAw.jpg","large":"M2Y5MzRkOWZjMGQ0NGM0NGJkNDc4OTM3NWZkNDgzNWFKQOEqNyHksUR18ockvInzNzQ1NTk5LTY5MTc3MTcuanBnfHx8fHx8fHx8fHw2NDB4NDgw.jpg"}]}},{"ad_id":"891438","reg_year":"2002","make":"Toyota","model":"Corolla Verso","variant":"1.6 Terra","mileage":"78000","engine_size":"1.6","fuel_type":"Petrol","body_type":"SUV","colour":"ff0000","location":"Cork","price":"\u20ac 2,350","images":{"base_url":"http:\/\/i0.carsie.ie\/","image_list":[{"thumb":"Y2Q5ZWRhZWYyMGY3MzE3MWIzMDhmYWU1YTBhMmRlOGKq6blHSL2goEIHXIEirWFOODkxNDM4LTcyNjI2NTcuanBnfHx8fHx8OTJ4Njl8fHx8fA==.jpg","main":"NDIxMDY2MmEwOTVmZmUxZTMxZGVkMDM4MWFiZTk1ZDdXeQe5X_dXOdlGorAtlK4DODkxNDM4LTcyNjI2NTcuanBnfHx8fHx8fHx8fHw0MDB4MzAw.jpg","large":"NmVmZDM3NzdiNDllZjEyYmIyZmVmY2M3MjM3NThiZDjVJCx1ox7ICN64-jCQSnKNODkxNDM4LTcyNjI2NTcuanBnfHx8fHx8fHx8fHw2NDB4NDgw.jpg"}]}},{"ad_id":"872833","reg_year":"2000","make":"Toyota","model":"Previa","variant":"Previa GL","mileage":"121000","engine_size":"2.4","fuel_type":"Petrol","body_type":"SUV","colour":"0000c0","location":"Dublin","price":"\u20ac 2,350","images":{"base_url":"http:\/\/i0.carsie.ie\/","image_list":[{"thumb":"MzI1ODAwNDMyNDQ5M2E3ODFjMDIzMTQ2ODY0OGU4MmS2bjhmdwOKgdXMudfhfTwFODcyODMzLTcxOTk3MjIuanBnfHx8fHx8OTJ4Njl8fHx8fA==.jpg","main":"NjY1ZTQ4ODk4YmQ2MTA2YTRkNjk0YmRiMDhjYTkzM2IfehqnWtpLxN7F9U0KM2IiODcyODMzLTcxOTk3MjIuanBnfHx8fHx8fHx8fHw0MDB4MzAw.jpg","large":"OGY3MTExN2ZlZmJmYzU5ZDA2ODdkY2Y3NTMwZGY2NWWdM4tM2ogfqUgBlEodEDoyODcyODMzLTcxOTk3MjIuanBnfHx8fHx8fHx8fHw2NDB4NDgw.jpg"}]}},{"ad_id":"855905","reg_year":"2001","make":"Volkswagen","model":"Golf","variant":"SDI Base 1.9","mileage":"120000","engine_size":"1.9","fuel_type":"Diesel","body_type":"Hatchback","colour":"e0e0e0","location":"Meath","price":"\u20ac 2,350","images":{"base_url":"http:\/\/i0.carsie.ie\/","image_list":[{"thumb":"ZDVmNjQyZDRiNjEzOGMzM2RkZTg4YTA2M2ZiMDg3MGRHahIV3izTRa9q4sRyYT_kODU1OTA1LTczMDc2NzguanBnfHx8fHx8OTJ4Njl8fHx8fA==.jpg","main":"NDZjNmZhNGUyMzJiOGYwNjExMjI5ODFhOTA1NTlhMzMzNCllie5WGZSGQguFu7d1ODU1OTA1LTczMDc2NzguanBnfHx8fHx8fHx8fHw0MDB4MzAw.jpg","large":"MDMxMjA3NjdjZWNhYTQ5ZjQyNTA4Y2NkYWIwZDYyZGEHbgFR3Cte3QW8SqGt1Cy0ODU1OTA1LTczMDc2NzguanBnfHx8fHx8fHx8fHw2NDB4NDgw.jpg"}]}},{"ad_id":"891649","reg_year":"2001","make":"Volkswagen","model":"Passat","variant":"SAL 1.9 TDI","mileage":"186187","engine_size":"1.9","fuel_type":"Diesel","body_type":"Saloon","colour":"0000c0","location":"Limerick","price":"\u20ac 2,350","images":{"base_url":"http:\/\/i0.carsie.ie\/","image_list":[{"thumb":"Yjg4YWViNTNkMTcxYTYzMzE0MGJiMTc5NDU2YjM0YzBMVNzHC1lQgmO8lpVhoYf9ODkxNjQ5LTcyNjg0NjAuanBnfHx8fHx8OTJ4Njl8fHx8fA==.jpg","main":"YzYzMThmNzdjZmM4YmRlMmM0ZDY2Mzk5YWUwOGQ2NTlUNyPLv85P3NrkcptAONNAODkxNjQ5LTcyNjg0NjAuanBnfHx8fHx8fHx8fHw0MDB4MzAw.jpg","large":"YzNlOWEyOTkwMzYyOGEzYzgyNjVjMWM1MTQ2MWM0Y2aL7iXZyLNulVK8xN0tyGdSODkxNjQ5LTcyNjg0NjAuanBnfHx8fHx8fHx8fHw2NDB4NDgw.jpg"}]}},{"ad_id":"719430","reg_year":"2003","make":"Hyundai","model":"Accent","variant":"GLS GOLD","mileage":"139000","engine_size":"1.3","fuel_type":"Petrol","body_type":"Hatchback","colour":"000000","location":"Cork","price":"\u20ac 2,395","images":{"base_url":"http:\/\/i0.carsie.ie\/","image_list":[{"thumb":"OTExNjA3YjJiOGFlZTZmZjJiYzA4NDkxNGYyNGRlZmaVdJJQ_b169Qt-2AmoudPsNzE5NDMwLTUxNjI1NzEuanBnfHx8fHx8OTJ4Njl8fHx8fA==.jpg","main":"YTliZWI2NzBiNjlhOTE0MmY3Y2E2NGI4YzZiYzQwMjRTIlaOC8hJZJjOIc5w4smnNzE5NDMwLTUxNjI1NzEuanBnfHx8fHx8fHx8fHw0MDB4MzAw.jpg","large":"OWFlOTJjMGVkOTA5NzM2NWUxYWY5ZmQ5YTE0MGYzYjiJYb6mSM1MthNdoxCsmU-ONzE5NDMwLTUxNjI1NzEuanBnfHx8fHx8fHx8fHw2NDB4NDgw.jpg"}]}},{"ad_id":"881240","reg_year":"2001","make":"Lexus","model":"IS 200","variant":"2.0","mileage":"169000","engine_size":"2.0","fuel_type":"Petrol","body_type":"Saloon","colour":"0000c0","location":"Dublin","price":"\u20ac 2,395","images":{"base_url":"http:\/\/i0.carsie.ie\/","image_list":[{"thumb":"NzhhNzNhM2NhMTg3OGE1Y2MzMzRjM2RjZDJjMDU0ODLwPwbgc8In4MgKMk5eFjOnODgxMjQwLTcxNDkxMTcuanBnfHx8fHx8OTJ4Njl8fHx8fA==.jpg","main":"OTFmMmUzN2E3MzljZDBlMzc0ZTZlNmM5OTc3MGRiYmRllrZHtC_JAr5_ID7h2lM4ODgxMjQwLTcxNDkxMTcuanBnfHx8fHx8fHx8fHw0MDB4MzAw.jpg","large":"M2JlZGEwMjMyYTE4NTM0YzBmYmI5M2Q0OTUxMGRhYTamwEs4SivD37BPIJUEmQ-hODgxMjQwLTcxNDkxMTcuanBnfHx8fHx8fHx8fHw2NDB4NDgw.jpg"}]}},{"ad_id":"703159","reg_year":"2001","make":"Audi","model":"A4","variant":null,"mileage":"120000","engine_size":"1.8","fuel_type":"Petrol","body_type":"Saloon","colour":"e0e0e0","location":"Dublin","price":"\u20ac 2,400","images":{"base_url":"http:\/\/i0.carsie.ie\/","image_list":[{"thumb":"ZWE3NDhlNGI0Y2EyNzQ1ZDkxMjkyNTQ3YzYyMjNlNzFbehLdxhm_ryOtW4oQUecmNzAzMTU5LTczNDc2OTUuanBnfHx8fHx8OTJ4Njl8fHx8fA==.jpg","main":"NGJhNzhjNzc3NjEzNzBkZWE0MTFlZTIyZTgyZjAxNzL8ypTV8xc98LAhtRM5jY7-NzAzMTU5LTczNDc2OTUuanBnfHx8fHx8fHx8fHw0MDB4MzAw.jpg","large":"MWRkNGFhM2Q4NDc2MTMyZTdiODM4ZTljMDZmYjA4YWX3QOs8pAODcdbaiay0ESv8NzAzMTU5LTczNDc2OTUuanBnfHx8fHx8fHx8fHw2NDB4NDgw.jpg"}]}},{"ad_id":"895482","reg_year":"2001","make":"Honda","model":"HR-V","variant":"HR -V LWD","mileage":"115600","engine_size":"1.6","fuel_type":"Petrol","body_type":"Estate","colour":"e0e0e0","location":"Offaly","price":"\u20ac 2,400","images":{"base_url":"http:\/\/i0.carsie.ie\/","image_list":[{"thumb":"Mzk5YzkzOTM2OTZiODM0YTFlNTdhNDJlMjg2MzA2Y2bQDs2VmO6Og7emDL4WXedWODk1NDgyLTczMjQ3NzEuanBnfHx8fHx8OTJ4Njl8fHx8fA==.jpg","main":"ODY5NGRjY2ZlMDYyNDdlM2VmMzMyNDNjMDc3NDY1MDmQNKSH0GlZhCAyLWrIT9ZFODk1NDgyLTczMjQ3NzEuanBnfHx8fHx8fHx8fHw0MDB4MzAw.jpg","large":"YTAxZTM0MGIwMjBhZmRjZTZjYzVjMTBmM2RlZTdkMTTXoxYaO2LFE4BbO0EVOLY_ODk1NDgyLTczMjQ3NzEuanBnfHx8fHx8fHx8fHw2NDB4NDgw.jpg"}]}},{"ad_id":"884021","reg_year":"2002","make":"Mitsubishi","model":"Carisma","variant":"1.3 Comfort","mileage":"100000","engine_size":"1.3","fuel_type":"Petrol","body_type":"Saloon","colour":"0000c0","location":"Dublin","price":"\u20ac 2,400","images":{"base_url":"http:\/\/i0.carsie.ie\/","image_list":[{"thumb":"NmNjMWYwMzQzYzY2OTY5N2E2MjQ4ZjRlNDE5ZjhmYmWMOYWmso8BNWVAcyXrzGpxODg0MDIxLS5qcGd8fHx8fHw5Mng2OXx8fHx8.jpg","main":"NzEwOGIyNDQwNGZkYzY5YWM2ZmYyMjliMTZhZWY1YTk3SkyoEmCb0bpIv-H01ko2ODg0MDIxLS5qcGd8fHx8fHx8fHx8fDQwMHgzMDA=.jpg","large":"YTliYjEyNzIwYzJhMWJhMjUwOTgzZTQ1MTY5ZDE2MGJGnLWOJLNsBTYys4Hcj6hGODg0MDIxLS5qcGd8fHx8fHx8fHx8fDY0MHg0ODA=.jpg"}]}},{"ad_id":"841117","reg_year":"2004","make":"Renault","model":"Laguna","variant":"1.8 16V Expression 05DR","mileage":"81600","engine_size":"1.8","fuel_type":"Petrol","body_type":"Hatchback","colour":"008000","location":"Cork","price":"\u20ac 2,400","images":{"base_url":"http:\/\/i0.carsie.ie\/","image_list":[{"thumb":"NTY5YmNmZjlhMzVhOTJhOWY4Y2ZhYTI1YmEwZDFmMzjrpn4Lmv2V07azrmq_qw21ODQxMTE3LTY2OTg2NTIuanBnfHx8fHx8OTJ4Njl8fHx8fA==.jpg","main":"YzExNmVmYTkzMzM2NjgxMDM2ZWZmMTdhYzBjYWNiN2JPfzDerUL51iHhE1SKleA2ODQxMTE3LTY2OTg2NTIuanBnfHx8fHx8fHx8fHw0MDB4MzAw.jpg","large":"ZTBhYzViODA4YmQxNjVjOTBmY2Q5ODA5MDExZDdiMzngHpqtllVV-4q__QXUmWzjODQxMTE3LTY2OTg2NTIuanBnfHx8fHx8fHx8fHw2NDB4NDgw.jpg"}]}},{"ad_id":"899474","reg_year":"2001","make":"Volkswagen","model":"Bora","variant":"1.4 Base","mileage":"80700","engine_size":"1.4","fuel_type":"Petrol","body_type":"Saloon","colour":"ff0000","location":"Limerick","price":"\u20ac 2,400","images":{"base_url":"http:\/\/i0.carsie.ie\/","image_list":[{"thumb":"OTBhODAzYmZlMjVlM2M1NjAzZGI4ZDk0ODE4NTRjN2ZQiA304l6ahpWx2Gj17-4JODk5NDc0LTczNzg3ODcuanBnfHx8fHx8OTJ4Njl8fHx8fA==.jpg","main":"OGRmYWY4N2JlYzBhMmI1YjY5NDk4ZGQyYmUxMjc5NTmYyn-mXQf4V3W_qszH0T53ODk5NDc0LTczNzg3ODcuanBnfHx8fHx8fHx8fHw0MDB4MzAw.jpg","large":"NzUxMzNjZDZjYmNjYzY0MzM5NzdmODM0NTgzZGJjYTa6kXig8CZhnP7Vr9MBiOavODk5NDc0LTczNzg3ODcuanBnfHx8fHx8fHx8fHw2NDB4NDgw.jpg"}]}},{"ad_id":"896843","reg_year":"2003","make":"Fiat","model":"Punto","variant":"605 5DR","mileage":"78000","engine_size":"1.2","fuel_type":"Petrol","body_type":"Hatchback","colour":"ff0000","location":"Cork","price":"\u20ac 2,445","images":{"base_url":"http:\/\/i0.carsie.ie\/","image_list":[{"thumb":"YWE3MTNkYTAwZWE4NTNmYjMxZTU3MWY5MzYzZjVjYTVqt49oZkeQq1MtJezsKYxYODk2ODQzLTczNDc3NTIuanBnfHx8fHx8OTJ4Njl8fHx8fA==.jpg","main":"MjY5OGJkMmRiZjA0NTRjNjE5MDZmN2ZkMzY1OTcyNjly_K-u2kAsD27gGk3fUkwmODk2ODQzLTczNDc3NTIuanBnfHx8fHx8fHx8fHw0MDB4MzAw.jpg","large":"MzE4ZGY3MzAyZWM5MjMyMDA3MTAyM2M1MzcwMWVlMWOJwnwp1FsNbVJGtQ63FlMvODk2ODQzLTczNDc3NTIuanBnfHx8fHx8fHx8fHw2NDB4NDgw.jpg"}]}},{"ad_id":"884049","reg_year":"2003","make":"Peugeot","model":"206","variant":"LX","mileage":"113000","engine_size":"1.1","fuel_type":"Petrol","body_type":"Hatchback","colour":"0000c0","location":"Meath","price":"\u20ac 2,445","images":{"base_url":"http:\/\/i0.carsie.ie\/","image_list":[{"thumb":"YzgzNDlmOGYwNTg3NDFjOTM3MzI5OWI0MjI0ZmUwM2IghGkFoEbkA1O56fHqLCNJODg0MDQ5LTcyMjI5NTMuanBnfHx8fHx8OTJ4Njl8fHx8fA==.jpg","main":"MjczNDdmZWZjNDQ5OGFlYWJjNTQ3NzQ0ZWEzNTAwNzG8C6yhqqSLzOvsZqV8zvK6ODg0MDQ5LTcyMjI5NTMuanBnfHx8fHx8fHx8fHw0MDB4MzAw.jpg","large":"OWU2ZTRjN2UwYWNmZjFjODE0NTNlMTljODU0MjMzYje8L0piizuEnsHlBrp2ZH00ODg0MDQ5LTcyMjI5NTMuanBnfHx8fHx8fHx8fHw2NDB4NDgw.jpg"}]}}]}