{"total":"23408","result":[{"ad_id":"900558","reg_year":"2007","make":"Ssangyong","model":"Rexton","variant":"7 SEATER. DIESEL. AUTO","mileage":"131112","engine_size":"2.9","fuel_type":"Diesel","body_type":"Estate","colour":"008000","location":"Dublin","price":"\u20ac 2,950","images":{"base_url":"http:\/\/i0.carsie.ie\/","image_list":[{"thumb":"M2I1NjIyZDk1OGJjOTVmODU3ZGE1YjY4ZjQ4ZmQzYTFa-32BySzyB6soZRGKx5xBOTAwNTU4LTc0MDI4NTYuanBnfHx8fHx8OTJ4Njl8fHx8fA==.jpg","main":"MDc3ZmZiMDI1NjgxOTBlZGRhODk4YWY2NWVhNDUyNmHInbPY8T2htAkGfAMS38IdOTAwNTU4LTc0MDI4NTYuanBnfHx8fHx8fHx8fHw0MDB4MzAw.jpg","large":"MDczMGZjOTM0YmVmZTg5NmY4ZjU2MWRlNjRlMzcyZTIj7UXxrELeoJE3FGDzqaj2OTAwNTU4LTc0MDI4NTYuanBnfHx8fHx8fHx8fHw2NDB4NDgw.jpg"}]}},{"ad_id":"889124","reg_year":"2003","make":"Subaru","model":"Forester","variant":"AWD Automatic","mileage":"161300","engine_size":"2.0","fuel_type":"Petrol","body_type":"Hatchback","colour":"0000c0","location":"Cork","price":"\u20ac 2,950","images":{"base_url":"http:\/\/i0.carsie.ie\/","image_list":[{"thumb":"ZGQzYzE2MmU1OGZhOWQ3NmUyNTE1OGZmYTJlMTBhOGRPL46lFWMREpjPyGLGlYaCODg5MTI0LTcyNzQxOTEuanBnfHx8fHx8OTJ4Njl8fHx8fA==.jpg","main":"M2Y1NzRiNzRiMTM0Y2QzZWJmYmNjYTEwYjBkMDRlY2UXHeCSU4PTLXS9He4BD2f1ODg5MTI0LTcyNzQxOTEuanBnfHx8fHx8fHx8fHw0MDB4MzAw.jpg","large":"OWYxZTQ0MDBiNDQzYmEyOGVmMTI3NjJmM2VmOTIwOWP_3eV5m4ogM03hK9fEEByCODg5MTI0LTcyNzQxOTEuanBnfHx8fHx8fHx8fHw2NDB4NDgw.jpg"}]}},{"ad_id":"862598","reg_year":"2000","make":"Subaru","model":"Forester","variant":"2.0 T","mileage":"98000","engine_size":"2.0","fuel_type":"Petrol","body_type":null,"colour":"858585","location":"Dublin","price":"\u20ac 2,950","images":{"base_url":"http:\/\/i0.carsie.ie\/","image_list":[{"thumb":"ZmJhOGU2YzA2M2FmZWUwMWQ5N2U1MmJhNTUyN2ZlNjnlG_K5fx4alSotptlq8FEnODYyNTk4LTY5MzE3OTguanBnfHx8fHx8OTJ4Njl8fHx8fA==.jpg","main":"MmJmMWU2NmYzMTA3M2FiZTAyYTNlZDYzMjQzNDMzMzPlW5lTd8tITgV6I1QSypH_ODYyNTk4LTY5MzE3OTguanBnfHx8fHx8fHx8fHw0MDB4MzAw.jpg","large":"MjQ5MDQ3N2JkZWMyY2IxYzA3NzJmOTI5ZTI5ZGZkYzkXEfQJDgKkPOyCv7Ru5cBKODYyNTk4LTY5MzE3OTguanBnfHx8fHx8fHx8fHw2NDB4NDgw.jpg"}]}},{"ad_id":"879196","reg_year":"2003","make":"Suzuki","model":"Liana","variant":null,"mileage":"85000","engine_size":"1.6","fuel_type":"Petrol","body_type":null,"colour":"000000","location":"Cork","price":"\u20ac 2,950","images":{"base_url":"http:\/\/i0.carsie.ie\/","image_list":[{"thumb":"ZGYzODMzYTQxZGNiZDNmMmE3ZjU5MzRmZWFlNzFhN2Zuu12zqC4TJBOjFi3w81HWODc5MTk2LTcxMjkxOTkuanBnfHx8fHx8OTJ4Njl8fHx8fA==.jpg","main":"ZWE5NWE2YTA2Mjc0MmY5ZmM1MWMxMTU2ZjViZmEyZTKJ9jZ0Z2iFqLvU93xTl-laODc5MTk2LTcxMjkxOTkuanBnfHx8fHx8fHx8fHw0MDB4MzAw.jpg","large":"NjVlMTdiZWU1NWJmYWNjYmQ2ZTYzZTFmMzVjNWIzZjlQx8V-ZdQY7bLHHlup1U0hODc5MTk2LTcxMjkxOTkuanBnfHx8fHx8fHx8fHw2NDB4NDgw.jpg"}]}},{"ad_id":"865103","reg_year":"2001","make":"Suzuki","model":"Vitara","variant":"Grand Vitara 2.0 D 4x4 ","mileage":"144626","engine_size":"2.0","fuel_type":"Diesel","body_type":"Estate","colour":"ff0000","location":"Carlow","price":"\u20ac 2,950","images":{"base_url":"http:\/\/i0.carsie.ie\/","image_list":[{"thumb":"Nzk2YjNhMGVmNzY2ZjJlYTQ4NDAzY2FkZDhlZmMxZjRH6PvnVRroixoEucj0LJ5TODY1MTAzLTY5OTI2NzMuanBnfHx8fHx8OTJ4Njl8fHx8fA==.jpg","main":"NTFjMmU1MzM4YWZmZGY5NmM1MTIxMmYzZTRiYmFkNzB-N5cOAzuG6ESusEDJRn6VODY1MTAzLTY5OTI2NzMuanBnfHx8fHx8fHx8fHw0MDB4MzAw.jpg","large":"NzRiY2Y0N2ExNDM3ZWM4ODM4NGVjZmRiMTQxMjhjY2HlSZx7B5wr-ajBaDoUGVoGODY1MTAzLTY5OTI2NzMuanBnfHx8fHx8fHx8fHw2NDB4NDgw.jpg"}]}},{"ad_id":"852677","reg_year":"2002","make":"Suzuki","model":"Wagon R+","variant":"NEW R+ 1.3","mileage":"52000","engine_size":"1.3","fuel_type":"Petrol","body_type":"Hatchback","colour":"e0e0e0","location":"Dublin","price":"\u20ac 2,950","images":{"base_url":"http:\/\/i0.carsie.ie\/","image_list":[{"thumb":"MDBiNzMyYTE4ODZkZmQwMGUyZjUyMzllNmE0MTU4MmPhbejoc-9ug3rx8rnVekFlODUyNjc3LTY4MjcxNjUuanBnfHx8fHx8OTJ4Njl8fHx8fA==.jpg","main":"ODA4MjkyMTI5MzI2NWFkZjRmYzk2NDM0ZjIwMDM2ODQE8IOxMLTzgM6nRGYw5RjPODUyNjc3LTY4MjcxNjUuanBnfHx8fHx8fHx8fHw0MDB4MzAw.jpg","large":"YzJlYTg0OGUyNzFkZWFkOTM0ODBhYjc2NjcxNTFmZDEZd6pDCE1naXd6wNYUqopcODUyNjc3LTY4MjcxNjUuanBnfHx8fHx8fHx8fHw2NDB4NDgw.jpg"}]}},{"ad_id":"892749","reg_year":"2002","make":"Toyota","model":"Avensis","variant":"Terra D4D","mileage":"300000","engine_size":"2.0","fuel_type":"Diesel","body_type":"Saloon","colour":"008000","location":"Dublin","price":"\u20ac 2,950","images":{"base_url":"http:\/\/i0.carsie.ie\/","image_list":[{"thumb":"MGNmZjgwOWU1ODIxZmVlYTMxMTAyMWQxNTI4NmQwNjBSX6nf3NWIKEWXvO1A0UBvODkyNzQ5LTcyNzUyNTYuanBnfHx8fHx8OTJ4Njl8fHx8fA==.jpg","main":"Y2Q4NzBkOWJlY2Q1YzVhNjM0ODUyZmQ4MmQ0MmIwZjFGF8IVb1FRgZ7giLBB0_RRODkyNzQ5LTcyNzUyNTYuanBnfHx8fHx8fHx8fHw0MDB4MzAw.jpg","large":"OTBkZDk4MDRlNDhhOWRlMzZmODY5MTY0MDM1ZTc3M2LMVKswMFKksS3lIxxUW-_ZODkyNzQ5LTcyNzUyNTYuanBnfHx8fHx8fHx8fHw2NDB4NDgw.jpg"}]}},{"ad_id":"897893","reg_year":"2004","make":"Toyota","model":"Avensis","variant":"Aura Tourer 5DR","mileage":"119000","engine_size":"1.8","fuel_type":"Petrol","body_type":"Estate","colour":"008000","location":"Dublin","price":"\u20ac 2,950","images":{"base_url":"http:\/\/i0.carsie.ie\/","image_list":[{"thumb":"YzhhODgzNmQ1MzM0MzZmZWMyNzI3YjM4MDg0YTUzODnzPYtpIxmUlt-lT1ckENzUODk3ODkzLTczNTg5NDYuanBnfHx8fHx8OTJ4Njl8fHx8fA==.jpg","main":"NGYxN2FjOTBmYmE4OTVhYzU5OWMwNTE4Njk2OTgxZmKbUGc6XAjxIWGcBv761zPKODk3ODkzLTczNTg5NDYuanBnfHx8fHx8fHx8fHw0MDB4MzAw.jpg","large":"NTRiZGMzYWVkNGRiYzZlZmQ5NzVmYjg5YzhjYTcwMDQyRnaZBG4c-gjKymIX3pJ_ODk3ODkzLTczNTg5NDYuanBnfHx8fHx8fHx8fHw2NDB4NDgw.jpg"}]}},{"ad_id":"823755","reg_year":"2003","make":"Toyota","model":"Avensis Verso","variant":"VERSO 7 SEATER","mileage":"82000","engine_size":"2.0","fuel_type":"Petrol","body_type":"SUV","colour":"858585","location":"Dublin","price":"\u20ac 2,950","images":{"base_url":"http:\/\/i0.carsie.ie\/","image_list":[{"thumb":"OGRhZjg2MWZmOTk2NTk3ZDRiMGJkYzJkMzYyMzkxOWMN0HgziQZYb73aJUF-ZhUcODIzNzU1LTcxNTEwMDguanBnfHx8fHx8OTJ4Njl8fHx8fA==.jpg","main":"OTU3N2QwMTM0NDc5OTUyNDQ5MWU1YjJmMDVlODRlZGEX8ym-4A76STi9ohqdtKRnODIzNzU1LTcxNTEwMDguanBnfHx8fHx8fHx8fHw0MDB4MzAw.jpg","large":"NGMwYjU2MzEzYTM4YjBkNzhjOWY1ZDI2NDA1ZDgzMjFsZzxuv8UnvdODD8cEB31pODIzNzU1LTcxNTEwMDguanBnfHx8fHx8fHx8fHw2NDB4NDgw.jpg"}]}},{"ad_id":"843492","reg_year":"2002","make":"Toyota","model":"Avensis Verso","variant":"Verso SOL [NCT, TAX, TWIN SUNROOF]","mileage":"92257","engine_size":"2.0","fuel_type":"Petrol","body_type":"SUV","colour":"f0b800","location":"Dublin","price":"\u20ac 2,950","images":{"base_url":"http:\/\/i0.carsie.ie\/","image_list":[{"thumb":"ZDE1NjU2Y2IzNmU1ZjBmYmU2MzVlOTQ5ZjE4MTZhMDKPtsEiSaUOw52Cu-zcRyq8ODQzNDkyLTY3NTgzOTAuanBnfHx8fHx8OTJ4Njl8fHx8fA==.jpg","main":"OGY3MDk4MmZlNGMwMzg5MGEwMjI3MDkxNDNkMTlkNmSWEvdmp0rhWL7rV6LdB69cODQzNDkyLTY3NTgzOTAuanBnfHx8fHx8fHx8fHw0MDB4MzAw.jpg","large":"YTViMWNhNjcyYTRjOTA0MjBkNzAxZmJlZGFkMGE0MTLObtraD2CFKohe1vTFAqvzODQzNDkyLTY3NTgzOTAuanBnfHx8fHx8fHx8fHw2NDB4NDgw.jpg"}]}},{"ad_id":"875279","reg_year":"2003","make":"Toyota","model":"Avensis Verso","variant":"1.6 7 Seater","mileage":"120000","engine_size":"2.0","fuel_type":"Petrol","body_type":"Hatchback","colour":"e0e0e0","location":"Dublin","price":"\u20ac 2,950","images":{"base_url":"http:\/\/i0.carsie.ie\/","image_list":[{"thumb":"ZmZjNGM4NzJmNTdhMjVhMDM0MTU3MjZiYjNiMTE0YzQVWNGpuG4o_yAb5pPeXsQzODc1Mjc5LTcwODgyODguanBnfHx8fHx8OTJ4Njl8fHx8fA==.jpg","main":"Mjc4MjdmMzkxOTI3M2EwYjU5NDVhOWQ5MzZlZDcxNzA43di1RtQogc1QHRc3ke3YODc1Mjc5LTcwODgyODguanBnfHx8fHx8fHx8fHw0MDB4MzAw.jpg","large":"YzJmMGI0MmQ2ZGRhNjY5MTBkNTE3OWQ4NGE1MTg3Y2M71DjBeLhVVnRKKAAyCkHbODc1Mjc5LTcwODgyODguanBnfHx8fHx8fHx8fHw2NDB4NDgw.jpg"}]}},{"ad_id":"890620","reg_year":"2003","make":"Toyota","model":"Camry","variant":"2.4 VVTI","mileage":"103000","engine_size":"2.4","fuel_type":"Petrol","body_type":"Saloon","colour":"ff0000","location":"Dublin","price":"\u20ac 2,950","images":{"base_url":"http:\/\/i0.carsie.ie\/","image_list":[{"thumb":"ZjdjYWE4ZDA1NzNmYzgxMDMxY2Y2ZjVkNDUwODMzZDB-Y8F1qnZLBLvw79D2vKCgODkwNjIwLTcyNTAzMzYuanBnfHx8fHx8OTJ4Njl8fHx8fA==.jpg","main":"NzIyNTA3ZmFlMDkzYjFkNTIxNzg1MmYzYjc3MzBiMTRAxDqkNni2wf0MH1i0dQY_ODkwNjIwLTcyNTAzMzYuanBnfHx8fHx8fHx8fHw0MDB4MzAw.jpg","large":"NmJiMDMxNjZlNjMzNTg5NDllMzI1OGM3ZTZkMzBkOGW5cVo8ZfJvo7nHBkySWGD6ODkwNjIwLTcyNTAzMzYuanBnfHx8fHx8fHx8fHw2NDB4NDgw.jpg"}]}},{"ad_id":"848476","reg_year":"1998","make":"Toyota","model":"Celica","variant":null,"mileage":"1","engine_size":"2.0","fuel_type":"Petrol","body_type":null,"colour":"ffffff","location":"Cork","price":"\u20ac 2,950","images":{"base_url":"http:\/\/i0.carsie.ie\/","image_list":[{"thumb":"OTYzYWFlYjJkNzk1ZTE5MTFjZjRjYmNkM2JmOWI5NzZRMh8cmqWklOW-78c_LNakODQ4NDc2LTcwOTAzOTcuanBnfHx8fHx8OTJ4Njl8fHx8fA==.jpg","main":"Y2JjNDkxMWI2MjFkZmQ1OTlkMzI0NzkyYTQwNDMzZWbfZo4aAildjCL1tIOusgq-ODQ4NDc2LTcwOTAzOTcuanBnfHx8fHx8fHx8fHw0MDB4MzAw.jpg","large":"Yzg3NjY2ZjBmOWUzYThkNjJiODAwM2M2MWRkNTM0MjV5-2G-8QylLsdWScje7H3WODQ4NDc2LTcwOTAzOTcuanBnfHx8fHx8fHx8fHw2NDB4NDgw.jpg"}]}},{"ad_id":"801138","reg_year":"1997","make":"Toyota","model":"Celica","variant":"2.0 Auto Cabrio","mileage":"68974","engine_size":"2.0","fuel_type":"Petrol","body_type":"Cabriolet \/ Convertible","colour":"000000","location":"Dublin","price":"\u20ac 2,950","images":{"base_url":"http:\/\/i0.carsie.ie\/","image_list":[{"thumb":"MDRkZDg4ZTc5ZDMyYTI0MTU5MWM4ZWRiMmU4YzlkOTCWBnt4yPQUiqibd5F-6ckJODAxMTM4LTYyMTM4MjcuanBnfHx8fHx8OTJ4Njl8fHx8fA==.jpg","main":"NTFiMTA5NzhkNGFiODI2MTRiOGE4NjM5YWRmMTkxYWKB6ICno67AJm6_o5e55CmIODAxMTM4LTYyMTM4MjcuanBnfHx8fHx8fHx8fHw0MDB4MzAw.jpg","large":"N2IwMGIxOThkZmM2NTliOGQyNWIwY2I2NTNiZjQwMmUp6IDgt7EkEgUqITWrVL2LODAxMTM4LTYyMTM4MjcuanBnfHx8fHx8fHx8fHw2NDB4NDgw.jpg"}]}},{"ad_id":"885792","reg_year":"2002","make":"Toyota","model":"Celica","variant":"T Sport Vvtl-i","mileage":"130000","engine_size":"1.8","fuel_type":"Petrol","body_type":"Coupe","colour":"e0e0e0","location":"Dublin","price":"\u20ac 2,950","images":{"base_url":"http:\/\/i0.carsie.ie\/","image_list":[{"thumb":"NjFhMzkxNzlhYzAxZTA3Y2I2ZTc4Y2UyYWQ5MDA2MzKMifutPBN-wvVK0Xee09PwODg1NzkyLTcyMDgxMTQuanBnfHx8fHx8OTJ4Njl8fHx8fA==.jpg","main":"Y2I3YjUwZGJiYTA5ODY3NDMyZDViMGExOGViNzJlMzgkMSj3kIJjFiDJgq0Xu51HODg1NzkyLTcyMDgxMTQuanBnfHx8fHx8fHx8fHw0MDB4MzAw.jpg","large":"ZTBhYzM2MTgzZDQzYWJmZmRlNGYzNDMwNjExZDYyNDeJOoTi6CEx6RGoEA6_OEyfODg1NzkyLTcyMDgxMTQuanBnfHx8fHx8fHx8fHw2NDB4NDgw.jpg"}]}},{"ad_id":"891306","reg_year":"2001","make":"Toyota","model":"Celica","variant":null,"mileage":"52817","engine_size":"1.8","fuel_type":"Petrol","body_type":null,"colour":"e0e0e0","location":"Dublin","price":"\u20ac 2,950","images":{"base_url":"http:\/\/i0.carsie.ie\/","image_list":[{"thumb":"YTg3ZjNmNDBjYmEwNWJmMmUzYWQ5MDE1NGE4NTBjYWQk3tEAuWRBSaPYJfUw8sY6ODkxMzA2LS5qcGd8fHx8fHw5Mng2OXx8fHx8.jpg","main":"ZTRiN2E4Y2JlOWE3NGQ5YWMwODUwMjQ2NTM3Mjg0MzNStfAhP6o-tVCGZa9LPbjZODkxMzA2LS5qcGd8fHx8fHx8fHx8fDQwMHgzMDA=.jpg","large":"MDEwZWUxMGQ0MDEzZGM5ZGNkNmE3YjNiMzFkMWI2OGO1LIz-bAoTVrJzNjVXk3eIODkxMzA2LS5qcGd8fHx8fHx8fHx8fDY0MHg0ODA=.jpg"}]}},{"ad_id":"900621","reg_year":"2002","make":"Toyota","model":"Corolla","variant":"1.4 Terra","mileage":"80000","engine_size":"1.4","fuel_type":"Petrol","body_type":"Hatchback","colour":"0000c0","location":"Dublin","price":"\u20ac 2,950","images":{"base_url":"http:\/\/i0.carsie.ie\/","image_list":[{"thumb":"MDJlMWNiNTExYmRhYTgwNjU4MWYyY2RjOTI4MzE2NGKWzA3MfTHV7T4mr_0VVER7OTAwNjIxLTc0MDQxOTEuanBnfHx8fHx8OTJ4Njl8fHx8fA==.jpg","main":"MmU5Y2U5NTFkZWFlZTU1M2I1MTU3ZTg4YjFiNDJhNDDc8gB6AFreF3iMKG2SlAIcOTAwNjIxLTc0MDQxOTEuanBnfHx8fHx8fHx8fHw0MDB4MzAw.jpg","large":"ZmQ0Y2M3NGJmOWQ5ZjE2YjYwODIwYWYyYWFiNGI5ZjcDAaFJX6erwTVmRiENtVMuOTAwNjIxLTc0MDQxOTEuanBnfHx8fHx8fHx8fHw2NDB4NDgw.jpg"}]}},{"ad_id":"901002","reg_year":"2002","make":"Toyota","model":"Corolla","variant":"T3 Vvt-i","mileage":"75000","engine_size":"1.4","fuel_type":"Petrol","body_type":"Hatchback","colour":"e0e0e0","location":"Wicklow","price":"\u20ac 2,950","images":{"base_url":"http:\/\/i0.carsie.ie\/","image_list":[{"thumb":"ZGRhMjZkYzdiNjAzMzMyZTM0NDEwNTBiOTlmNmJiODDZl_jPasX0eOwNXLQAM4ftOTAxMDAyLTc0MTQ5MDcuanBnfHx8fHx8OTJ4Njl8fHx8fA==.jpg","main":"NzU1ZWIzOTgzZGVmNTNkMzk0ZGMxYmNiZmYxN2ZjMje9qqwTxKnrTKML-PIlBF2GOTAxMDAyLTc0MTQ5MDcuanBnfHx8fHx8fHx8fHw0MDB4MzAw.jpg","large":"YzcwMWJlZjUzZTFkMzU2ZWI2ZjlkMWU1NWY0NGY4YTL7hGCoMx67yIjfhvdnqkywOTAxMDAyLTc0MTQ5MDcuanBnfHx8fHx8fHx8fHw2NDB4NDgw.jpg"}]}},{"ad_id":"875615","reg_year":"2002","make":"Toyota","model":"Estima","variant":"PREVIA","mileage":"99422","engine_size":"2.4","fuel_type":"Hybrid","body_type":"People Carrier","colour":"e0e0e0","location":"Louth","price":"\u20ac 2,950","images":{"base_url":"http:\/\/i0.carsie.ie\/","image_list":[{"thumb":"M2RiMGE0ZjBiMWY2MmE0OTk4MWU1NWFiODQ3NTNjN2UqnB6_3b4GRZI8hvPKYewwODc1NjE1LTcwOTM3ODYuanBnfHx8fHx8OTJ4Njl8fHx8fA==.jpg","main":"ZGNjNDY4OGM0YTA2MjhhNjAxNmE3NDRjNzhjYzZiMTXQ_s7-ylcT1yq1qefJ9yZvODc1NjE1LTcwOTM3ODYuanBnfHx8fHx8fHx8fHw0MDB4MzAw.jpg","large":"ZTRkNDg0YThjZGFkMjNiZWY5MTE3MzhlNWUyYmVhMDRloMtlpJTb4Ny0rzCLETvwODc1NjE1LTcwOTM3ODYuanBnfHx8fHx8fHx8fHw2NDB4NDgw.jpg"}]}},{"ad_id":"860411","reg_year":"2000","make":"Toyota","model":"MR2","variant":"MRS ROADSTER ","mileage":"68974","engine_size":"1.8","fuel_type":"Petrol","body_type":"Cabriolet \/ Convertible","colour":"ff0000","location":"Dublin","price":"\u20ac 2,950","images":{"base_url":"http:\/\/i0.carsie.ie\/","image_list":[{"thumb":"YWNhM2EwOGNkODVkZDViNWIxODRlMjQwMjQ1YmQ2YTEWcu6C99yJ86lJIuqsEE7RODYwNDExLTY5MTgwNDUuanBnfHx8fHx8OTJ4Njl8fHx8fA==.jpg","main":"MWM4OGE5MGJiM2JmNmY5YjkyMWNjMWU0Y2MwMGI5NzEoJT3KVwCNyTY2HWB-Wp8LODYwNDExLTY5MTgwNDUuanBnfHx8fHx8fHx8fHw0MDB4MzAw.jpg","large":"ODc1NWVhZGMyMzE4OGZhNDFiM2E3NmU4MmFmNDBmYTBd4QFoyLJpGsihEtQGX_u6ODYwNDExLTY5MTgwNDUuanBnfHx8fHx8fHx8fHw2NDB4NDgw.jpg"}]}}]}