{"total":"23408","result":[{"ad_id":"833407","reg_year":"2000","make":"Volkswagen","model":"Passat","variant":"1.9 TDi","mileage":"196000","engine_size":"1.9","fuel_type":"Diesel","body_type":"Saloon","colour":"ff0000","location":"Kildare","price":"\u20ac 2,900","images":{"base_url":"http:\/\/i0.carsie.ie\/","image_list":[{"thumb":"OWFlM2Y5OTM5ZWJlZDgxMWEzMWY1ODJlNWZjNGQyNGX2g6Fm7WAn6k9oQKdVQY3FODMzNDA3LTY3NTQ2NzYuanBnfHx8fHx8OTJ4Njl8fHx8fA==.jpg","main":"MGMzZDEwMjJkYWZkY2QyZWE0ZTI4NWU3YjJkMmViYWIDUz8ce_O3evI6_EH_Umg4ODMzNDA3LTY3NTQ2NzYuanBnfHx8fHx8fHx8fHw0MDB4MzAw.jpg","large":"OTg1ZTc0NWJjZDIzMjBmOTIyNmFhYTIwMTdiNzlkOTIhg5X3z5NRTTjyCvLgQ_HvODMzNDA3LTY3NTQ2NzYuanBnfHx8fHx8fHx8fHw2NDB4NDgw.jpg"}]}},{"ad_id":"899502","reg_year":"2003","make":"Volvo","model":"V40","variant":"V40 1.9D","mileage":"150000","engine_size":"1.9","fuel_type":"Diesel","body_type":"Estate","colour":"0000c0","location":"Cork","price":"\u20ac 2,900","images":{"base_url":"http:\/\/i0.carsie.ie\/","image_list":[{"thumb":"NWEwNjM0Y2MzNjNlMmMwZTMxOWE5YjQxNjQwMWEyNDZ6QMEYiOcEOx0W7S65v0_uODk5NTAyLTczNzkxNzguanBnfHx8fHx8OTJ4Njl8fHx8fA==.jpg","main":"N2JkNmQ4MjM5ZWJlYTE3ZjY3NGYwMGQ2MjhmOWI5YzRAgVe4lXn9DblEwBmoF7v7ODk5NTAyLTczNzkxNzguanBnfHx8fHx8fHx8fHw0MDB4MzAw.jpg","large":"OTlkYWIyNjk4ZTgyYTRlYjNkODgyNGIwMDk2NGFkOGOCFEYrGsPpAob-9MbVOLcWODk5NTAyLTczNzkxNzguanBnfHx8fHx8fHx8fHw2NDB4NDgw.jpg"}]}},{"ad_id":"874873","reg_year":"2004","make":"Peugeot","model":"206","variant":"1.1 S 03DR","mileage":"72000","engine_size":"1.1","fuel_type":"Petrol","body_type":"Hatchback","colour":"0000c0","location":"Donegal","price":"\u20ac 2,935","images":{"base_url":"http:\/\/i0.carsie.ie\/","image_list":[{"thumb":"YjhlM2YwNjAxZjQ4ZTBhOGU3YzZkMGY0ODFiODc4NmWJJw8KSdR_aI8blPv7u4fUODc0ODczLTcwNzYyMjAuanBnfHx8fHx8OTJ4Njl8fHx8fA==.jpg","main":"NWYzZWY4Nzk1NGU4ZjBiMTRlZTNjMmJkMjVjMzIzY2ELfZewmCPc8iCjX5crU7HlODc0ODczLTcwNzYyMjAuanBnfHx8fHx8fHx8fHw0MDB4MzAw.jpg","large":"N2YwYWNmMGVjMzlhZDNkMjkxNjI2M2NiMjA4YjMwYzJAEOXai1MBQoJ-jV6XP4OBODc0ODczLTcwNzYyMjAuanBnfHx8fHx8fHx8fHw2NDB4NDgw.jpg"}]}},{"ad_id":"899080","reg_year":"2004","make":"Nissan","model":"Micra","variant":"5DR, NCT, D, TAXED, ","mileage":"89000","engine_size":"1.0","fuel_type":"Petrol","body_type":"Hatchback","colour":"ff0000","location":"Dublin","price":"\u20ac 2,944","images":{"base_url":"http:\/\/i0.carsie.ie\/","image_list":[{"thumb":"OTRhNGY3YzgyNzdhMWMzYjNlOTg4MGMxZWYzMmM1NzGXDiypR9MpM-uy9t1WYJyMODk5MDgwLTczNzM0MjguanBnfHx8fHx8OTJ4Njl8fHx8fA==.jpg","main":"MmI3YTYzYzdiMjJlZGIxNmU1MGIwOGE4NDZkMTAyZWWW8lfQR3yoP_RhhKIsrwklODk5MDgwLTczNzM0MjguanBnfHx8fHx8fHx8fHw0MDB4MzAw.jpg","large":"ZmEzOWExZWIzZWVkNWNiYjE4ZDY3MDhkZjg2NWYxNTjmc43BYkZzVcVEoZEl8qIiODk5MDgwLTczNzM0MjguanBnfHx8fHx8fHx8fHw2NDB4NDgw.jpg"}]}},{"ad_id":"890642","reg_year":"2004","make":"Fiat","model":"Panda","variant":"1.1 LOW MILES **SALE NOW ON**","mileage":"34000","engine_size":"1.1","fuel_type":"Petrol","body_type":"Hatchback","colour":"e0e0e0","location":"Meath","price":"\u20ac 2,945","images":{"base_url":"http:\/\/i0.carsie.ie\/","image_list":[{"thumb":"Zjc3ZGJjOGUwZjI1N2Q2NDFmNDhmOGI2NjZjMjA0ODDXGNixNCnfoV-NszTvPrDdODkwNjQyLTcyODI1MDQuanBnfHx8fHx8OTJ4Njl8fHx8fA==.jpg","main":"NzZlMzJhZGNiNGM0YTg1YWE0NTVhZDhjYmQ4OThkYmV9QiZ-ouwAt9IwScRW1mFbODkwNjQyLTcyODI1MDQuanBnfHx8fHx8fHx8fHw0MDB4MzAw.jpg","large":"ZDAyNWI2NGQyOGI1ODNlYWY4NGVlYzlkM2ZhODM1NTEEC4-j5hfmDvpOlMQHV9yyODkwNjQyLTcyODI1MDQuanBnfHx8fHx8fHx8fHw2NDB4NDgw.jpg"}]}},{"ad_id":"808059","reg_year":"2002","make":"Honda","model":"HR-V","variant":"MPV","mileage":"120000","engine_size":"1.6","fuel_type":"Petrol","body_type":"Estate","colour":"e0e0e0","location":"Limerick","price":"\u20ac 2,945","images":{"base_url":"http:\/\/i0.carsie.ie\/","image_list":[{"thumb":"MjRiMTNiMWFjMWRiNzAyMWU4MjZkZDc4YWQ1MWZhNjk-LIOyQFPCTJFB4888A541ODA4MDU5LTY5NTgzODguanBnfHx8fHx8OTJ4Njl8fHx8fA==.jpg","main":"NjllMDZlMjU2MDkwZTlmMGViYjk5OGZiZmY3ZDk0MzAg2XoEAFxAR_xn-8dXRMcJODA4MDU5LTY5NTgzODguanBnfHx8fHx8fHx8fHw0MDB4MzAw.jpg","large":"NDhkMzk3NDg5N2U4NDJmYzBlODc1MTYzMGFkOTAyZTYKqWl5sOKRzGOpd_E8ALcdODA4MDU5LTY5NTgzODguanBnfHx8fHx8fHx8fHw2NDB4NDgw.jpg"}]}},{"ad_id":"896842","reg_year":"2002","make":"Toyota","model":"Avensis","variant":"1.6 Aura","mileage":"120000","engine_size":"1.6","fuel_type":"Petrol","body_type":"Saloon","colour":"ff0000","location":"Cork","price":"\u20ac 2,945","images":{"base_url":"http:\/\/i0.carsie.ie\/","image_list":[{"thumb":"NThjYTMzNTQzNGMzMGMzZjYxN2FlNjEyMzlmZTJhODRhrG8zfTjjOvaZctmz0Lx5ODk2ODQyLTczNDc3MjMuanBnfHx8fHx8OTJ4Njl8fHx8fA==.jpg","main":"NTllMGVhNWY3YTA2NDdmYzA0YjczMDliYmM5ZWY5M2PqDnMtwIcuRjGtMm4OW4eqODk2ODQyLTczNDc3MjMuanBnfHx8fHx8fHx8fHw0MDB4MzAw.jpg","large":"NzJlZmMxNDNkMTcwZDY2OGQwZWMzM2ZmYzA3MWMzYzhr0iyn15X9aS2MRWx4mqTlODk2ODQyLTczNDc3MjMuanBnfHx8fHx8fHx8fHw2NDB4NDgw.jpg"}]}},{"ad_id":"882754","reg_year":"2002","make":"Volvo","model":"S40","variant":"1.9D ","mileage":"82366","engine_size":"1.9","fuel_type":"Diesel","body_type":"Saloon","colour":"e0e0e0","location":"Laois","price":"\u20ac 2,945","images":{"base_url":"http:\/\/i0.carsie.ie\/","image_list":[{"thumb":"Mzk5MTA3NWEwYWU2OGUzMTlkOTU2ODhlYTFkMjEzZmRpwPj-sO06J4eQNTwY56mzODgyNzU0LTczMjU0NDguanBnfHx8fHx8OTJ4Njl8fHx8fA==.jpg","main":"NzUyZmFhMzI2NjE1MWNjMWRhOTZlNmY0NjViMWNhZjKfvAIn9jDnof6WW7TCy4d1ODgyNzU0LTczMjU0NDguanBnfHx8fHx8fHx8fHw0MDB4MzAw.jpg","large":"NzM5M2RlOWU1ZWQwMjJiMjYxZTk4ZDVlMThlZTEzYjiM6lSNr5ZDCE29Fl2IiE4qODgyNzU0LTczMjU0NDguanBnfHx8fHx8fHx8fHw2NDB4NDgw.jpg"}]}},{"ad_id":"885144","reg_year":"2004","make":"Opel","model":"Astra","variant":"PANEL VAN. LOW MILES, DIESEL, NCT DEC-13, TAX FEB-13, AS NEW, \"\"MUST BE SEEN\"\", N4CARS. ie","mileage":"116000","engine_size":"1.7","fuel_type":"Diesel","body_type":null,"colour":"ffffff","location":"Dublin","price":"\u20ac 2,949","images":{"base_url":"http:\/\/i0.carsie.ie\/","image_list":[{"thumb":"ZGMzNjE2NDg3YWVlM2UyOTgzN2Y3YTdlZjY3ZjJhYTY4eE1eLXrFZXRWyDLdEuHbODg1MTQ0LTcyMDU1NjYuanBnfHx8fHx8OTJ4Njl8fHx8fA==.jpg","main":"MTMyZjA2NTQyMjhiNzdkZWJmZTdkNDM2ZDEzNGVhNmVodYcglxqVOyy7hTnELJwxODg1MTQ0LTcyMDU1NjYuanBnfHx8fHx8fHx8fHw0MDB4MzAw.jpg","large":"ZjBmYzUzYzE0MGI5ODgyNGE1YWE0Mzk4NmRiYjg2YzJX_yvgGVZ2XwbGfaHMsSlYODg1MTQ0LTcyMDU1NjYuanBnfHx8fHx8fHx8fHw2NDB4NDgw.jpg"}]}},{"ad_id":"885149","reg_year":"2004","make":"Opel","model":"Astra","variant":"PANEL VAN. LOW MILES, DIESEL, NCT DEC-13, TAX FEB-13, AS NEW, \"\"MUST BE SEEN\"\", N4CARS. ie","mileage":"116000","engine_size":"1.7","fuel_type":"Diesel","body_type":null,"colour":"ffffff","location":"Dublin","price":"\u20ac 2,949","images":{"base_url":"http:\/\/i0.carsie.ie\/","image_list":[{"thumb":"YzA4YjQzY2YyNzBhM2U2Y2FjZjY0ZmM5NmU1NDFmNjXT7PhIPXj24GPd4yHvCIIvODg1MTQ5LTcyMDU1OTcuanBnfHx8fHx8OTJ4Njl8fHx8fA==.jpg","main":"Y2U4ZTdiZDMxNDY5OGZlZmJhNTA5YmI1Y2QzZGY5MDH-jS39Mc3t8bvZbBTJXRrbODg1MTQ5LTcyMDU1OTcuanBnfHx8fHx8fHx8fHw0MDB4MzAw.jpg","large":"NmNhZmNhODQ2YTliMzJkYmFjMTYwNzdhYzc4MzI4ZTbC5rVOqm7u_8h_QmwCzEdxODg1MTQ5LTcyMDU1OTcuanBnfHx8fHx8fHx8fHw2NDB4NDgw.jpg"}]}},{"ad_id":"901053","reg_year":"2001","make":"Opel","model":"Corsa","variant":"AUTOMATIC \/ NCT APR-14 \/ LOW MILES \/ VERY CAREFUL LADY OWNER \/ TAXED \/ 5DR \/ AS NEW \/ \"\"MUST BE SEEN\"\" \/ www. N4CARS. ie","mileage":"66000","engine_size":"1.2","fuel_type":"Petrol","body_type":null,"colour":"0000c0","location":"Dublin","price":"\u20ac 2,949","images":{"base_url":"http:\/\/i0.carsie.ie\/","image_list":[{"thumb":"NzRlNjRkNjkyMjgwNzVkNDFkY2EzMTZiODNkZjVhNzityx7ZTCewKzi44PwY78qBOTAxMDUzLTc0MTYxODIuanBnfHx8fHx8OTJ4Njl8fHx8fA==.jpg","main":"NTc5NTRlNjNmMzQ0NDE5ZDhhNDdjZDM1NmEyMjM3MDe2X2MTnFlxanvOG1UErEGsOTAxMDUzLTc0MTYxODIuanBnfHx8fHx8fHx8fHw0MDB4MzAw.jpg","large":"Y2YwYmQ0Y2VhYjk3ZDY5NmUwY2RmMzUwMTIxMjRkNTQ7eoPfOXFtuOiT0KyK5qJgOTAxMDUzLTc0MTYxODIuanBnfHx8fHx8fHx8fHw2NDB4NDgw.jpg"}]}},{"ad_id":"852769","reg_year":"2004","make":"Peugeot","model":"206","variant":"1.1, SPORT, ONE CAREFUL OWNER, NCT JUN-14, AS NEW, \"\"MUST BE SEEN\"\", N4CARS. ie","mileage":"119000","engine_size":"1.1","fuel_type":"Petrol","body_type":null,"colour":"ff0000","location":"Dublin","price":"\u20ac 2,949","images":{"base_url":"http:\/\/i0.carsie.ie\/","image_list":[{"thumb":"MDhjYTk5YWY1NGY2OWUxOWZlMTQ5N2ZlOGI2MDc2ODWyLI9TST2-1mFTvpYmNFu7ODUyNzY5LTcwODQ1NTQuanBnfHx8fHx8OTJ4Njl8fHx8fA==.jpg","main":"OTA1MDQwNmQwMDdkZDIyOTQyZDNiOWI1ZGVjOWFiYWUqM5Itfy3ilGoL__lp-LU7ODUyNzY5LTcwODQ1NTQuanBnfHx8fHx8fHx8fHw0MDB4MzAw.jpg","large":"MGRkMjBiMzcwODRmMzI1OGViYzA3ZTk4YTM2MjhlNDEtmEq0Tkho9z-5zePNVj8KODUyNzY5LTcwODQ1NTQuanBnfHx8fHx8fHx8fHw2NDB4NDgw.jpg"}]}},{"ad_id":"901054","reg_year":"2002","make":"Peugeot","model":"307","variant":"EXECUTIVE SKYWAGON \/ 7-SEATER \/ NCT JUL-14 \/ ONE VERY CAREFUL OWNER \/ TAXED \/ CHEAP RELIABLE 7-SEATER \/ AS NEW \/ \"\"MUST BE SEEN\"\" \/ www. N4CARS. ie","mileage":"106500","engine_size":"1.6","fuel_type":"Petrol","body_type":null,"colour":"858585","location":"Dublin","price":"\u20ac 2,949","images":{"base_url":"http:\/\/i0.carsie.ie\/","image_list":[{"thumb":"MDA0NTQzNzRiM2U1ZjE4M2ZmNGYwYjQzODEwMzNiMjPnh4zpcq00KjD3v_62sC97OTAxMDU0LTc0Mjg1MTMuanBnfHx8fHx8OTJ4Njl8fHx8fA==.jpg","main":"ODFjZTA1OGNiZWE0M2QzMzJjZDlkZWE0ZjI2MTAyZGPeHGvzk2eKWl6RrXQ3semoOTAxMDU0LTc0Mjg1MTMuanBnfHx8fHx8fHx8fHw0MDB4MzAw.jpg","large":"Y2I1N2I3YjkyZGVjN2JiMTRjYTEyZmQ0Yjk5MzM1MmFRRRm1m_W7ztmIi0H9p2L4OTAxMDU0LTc0Mjg1MTMuanBnfHx8fHx8fHx8fHw2NDB4NDgw.jpg"}]}},{"ad_id":"896881","reg_year":"2003","make":"Renault","model":"Clio","variant":"1.1 \/ 5DR \/ NCT MAR-14 \/ VERY CAREFUL OWNER \/ AS NEW \/ \"\"\"MUST BE SEEN\"\" \/ www. N4CARS. ie","mileage":"105400","engine_size":"1.2","fuel_type":"Petrol","body_type":null,"colour":"0000c0","location":"Dublin","price":"\u20ac 2,949","images":{"base_url":"http:\/\/i0.carsie.ie\/","image_list":[{"thumb":"Y2NiNjNhMjAzMjhiYWJhOTBhODFjZGUyNmZlNTVlOTHIAKNumolkBl3eQ67cM52LODk2ODgxLTczNDkzOTguanBnfHx8fHx8OTJ4Njl8fHx8fA==.jpg","main":"MDlhMzE3MmI4NjJhZDNkNjZjY2NhYWI5YmJiZGU5MTd3rRHNbBS8WaHvQNppn2gBODk2ODgxLTczNDkzOTguanBnfHx8fHx8fHx8fHw0MDB4MzAw.jpg","large":"NWY5YTUyNjExYWM1NTA2Njk0YWU3ZGVlM2Y4NTE5ZTEqSb6f--TmXuoA98wG5sFXODk2ODgxLTczNDkzOTguanBnfHx8fHx8fHx8fHw2NDB4NDgw.jpg"}]}},{"ad_id":"898535","reg_year":"2003","make":"Renault","model":"Clio","variant":"1.1 \/ NEW MODEL \/ NEW NCT MAR-14 \/ TAX APR-13 \/ VERY CAREFUL LADY OWNER \/ ECONOMICAL \/ RELIABLE \/ AS NEW \/ \"\"MUST BE SEEN\"\" \/ www. N4CARS. ie","mileage":"106921","engine_size":"1.2","fuel_type":"Petrol","body_type":null,"colour":"0000c0","location":"Dublin","price":"\u20ac 2,949","images":{"base_url":"http:\/\/i0.carsie.ie\/","image_list":[{"thumb":"ODI0NGNmNGY1MWM4YjFhMDFjNDdhNWZlYTA0M2IwYmY0AQ8J0nItpsNDTk8OraKvODk4NTM1LTczNjk1NzMuanBnfHx8fHx8OTJ4Njl8fHx8fA==.jpg","main":"YWFjNGRkMjJmZTMwMDEzNGY2NWJiNWM2OWQ5YmIyYWW8H_IYVeChQcpUPpL2naWBODk4NTM1LTczNjk1NzMuanBnfHx8fHx8fHx8fHw0MDB4MzAw.jpg","large":"MDBhODg1YTcxMjkwNmM3NzhkYjc3NWY1ZDE1MDFlY2F8bzEA8ZCl_zs2rQM7lX7rODk4NTM1LTczNjk1NzMuanBnfHx8fHx8fHx8fHw2NDB4NDgw.jpg"}]}},{"ad_id":"867752","reg_year":"2003","make":"Renault","model":"Megane","variant":"1.4, NEW MODEL, NCT JUL-13, TAX OCT-13, DYNAMIQUE COUPE, GLASS SUNROOF, TOP-SPEC, AS NEW, \"\"MUST BE SEEN\"\", N4CARS. ie","mileage":"108000","engine_size":"1.4","fuel_type":"Petrol","body_type":null,"colour":"0000c0","location":"Dublin","price":"\u20ac 2,949","images":{"base_url":"http:\/\/i0.carsie.ie\/","image_list":[{"thumb":"NjE5NjcyZjk0ZGRmMjBiYTk0MTJmMDM2MGY2MDQ3YjQiDG7N9wYaXY1sqmfOZTymODY3NzUyLTcwODAyNjUuanBnfHx8fHx8OTJ4Njl8fHx8fA==.jpg","main":"MmI2MjI4NmUzZWQ0NjQwNDc4NWQwZDIzMjA5NWVmMjnNK2uoa-H2bi0iMSHY6xfFODY3NzUyLTcwODAyNjUuanBnfHx8fHx8fHx8fHw0MDB4MzAw.jpg","large":"MTRjMDA2ZmRmMTMwMmM1MmMyODY1ZTU1YzQ2MWZjZjK1Vq7sMaV1LKTN-tMEmPRvODY3NzUyLTcwODAyNjUuanBnfHx8fHx8fHx8fHw2NDB4NDgw.jpg"}]}},{"ad_id":"868774","reg_year":"2003","make":"Renault","model":"Megane","variant":"NEW MODEL, TOP-SPEC SPORT, ONLY 46k, NCT SEP-13, AS NEW, \"\"MUST BE SEEN\"\", N4CARS. ie","mileage":"46000","engine_size":"1.4","fuel_type":"Petrol","body_type":null,"colour":"0000c0","location":"Dublin","price":"\u20ac 2,949","images":{"base_url":"http:\/\/i0.carsie.ie\/","image_list":[{"thumb":"N2YzZDEzZTZmNzE5NjU4YTgyMzU3MTgxOWVhZGQyZGb15yoxbu0toMww_l_GqxWuODY4Nzc0LTcwODYzNDguanBnfHx8fHx8OTJ4Njl8fHx8fA==.jpg","main":"ZmE3OThkMWViZGI0NjRjZGFkYTc4NDQzNDU2OWJlNWLAIlEtfwzxzwG_yc_h_0uyODY4Nzc0LTcwODYzNDguanBnfHx8fHx8fHx8fHw0MDB4MzAw.jpg","large":"ZjhlNWM0N2MxZTU0MzhlZWZkNjQ5MWVjMDA4ZmNjOWEGdOB3GzD6IgCYsFblytQTODY4Nzc0LTcwODYzNDguanBnfHx8fHx8fHx8fHw2NDB4NDgw.jpg"}]}},{"ad_id":"887219","reg_year":"2003","make":"Suzuki","model":"Liana","variant":"1.3, NCT DEC-13, TAX FEB-13, LOW MILES, CAREFUL OWNER, AS NEW, \"\"MUST BE SEEN\"\", N4CARS. ie","mileage":"94000","engine_size":"1.3","fuel_type":"Petrol","body_type":null,"colour":"ff0000","location":"Dublin","price":"\u20ac 2,949","images":{"base_url":"http:\/\/i0.carsie.ie\/","image_list":[{"thumb":"MWM5OWUyZTllZjE4NzQ3NDU2MTc0NDdiZTFlNjA4ZWGjmZsa2nejx2KhJn_R3HtyODg3MjE5LTcyMzI1MTYuanBnfHx8fHx8OTJ4Njl8fHx8fA==.jpg","main":"MTgyOGE2ZTgyODU1YWIyN2M3ZjBhMjcxYWUxMGQ0Njl7BCTt9AAckeUKjVtqPh9nODg3MjE5LTcyMzI1MTYuanBnfHx8fHx8fHx8fHw0MDB4MzAw.jpg","large":"MDU0MTM3NzZjZmZkMTBhY2MwOTY2YzkyZTJlYWRkYmEIZ74A64FFq476_79jZLYJODg3MjE5LTcyMzI1MTYuanBnfHx8fHx8fHx8fHw2NDB4NDgw.jpg"}]}},{"ad_id":"898540","reg_year":"2001","make":"Toyota","model":"Yaris","variant":"1.0L \/ 5DR \/ NEW NCT JUN-14 \/ VERY CAREFUL LADY OWNER \/ AS NEW \/ \"\"MUST BE SEEN\"\" \/ www. N4CARS. ie","mileage":"121000","engine_size":"1.0","fuel_type":"Petrol","body_type":null,"colour":"0000c0","location":"Dublin","price":"\u20ac 2,949","images":{"base_url":"http:\/\/i0.carsie.ie\/","image_list":[{"thumb":"NTgzZGRhOWFmNTg5YzVhMWY5MzU0MzNiOWRlMGFmOTlQCotpRubEV6d4QAKEy1etODk4NTQwLTczNjk2MTIuanBnfHx8fHx8OTJ4Njl8fHx8fA==.jpg","main":"YjIzMTZjMjA3NGIwMGQ2OWZmNmUyMmY0MTU5NzZhMDO64eDHzmyzhw5CPrynLUXnODk4NTQwLTczNjk2MTIuanBnfHx8fHx8fHx8fHw0MDB4MzAw.jpg","large":"N2VhMmQxNDIwYmJlMjM4N2YxZTQ0MjBhZjViNDY1OWFdXKICeP06T67Hh92amZn8ODk4NTQwLTczNjk2MTIuanBnfHx8fHx8fHx8fHw2NDB4NDgw.jpg"}]}},{"ad_id":"857483","reg_year":"2003","make":"Volvo","model":"S40","variant":"4DR, ONE OWNER, NCT OCT-13, BLACK LEATHER, TOP-SPEC, AS NEW, \"\"MUST BE SEEN\", N4CARS. ie","mileage":"145000","engine_size":"1.8","fuel_type":"Petrol","body_type":"Saloon","colour":"e0e0e0","location":"Dublin","price":"\u20ac 2,949","images":{"base_url":"http:\/\/i0.carsie.ie\/","image_list":[{"thumb":"NzE0YzA3ZGU4MjhjN2ZlNWM5NWIxOTQ4ZWVmYWE4M2NW9gi5c6vTNLBh8QSkWXG_ODU3NDgzLTY5NTY0NDAuanBnfHx8fHx8OTJ4Njl8fHx8fA==.jpg","main":"NWZiNzQ4ZDMzNThhYjNhMWJlYmVmMTk4MGZlM2FjODde0bdGG7gZ-VnMGmIaq5_7ODU3NDgzLTY5NTY0NDAuanBnfHx8fHx8fHx8fHw0MDB4MzAw.jpg","large":"NDdiNjZkZTc0OWRhMTU5NzI5ZjM3MDI0NDFhMmNjYzH3EmSw8cJCFUGGcnD9VdVtODU3NDgzLTY5NTY0NDAuanBnfHx8fHx8fHx8fHw2NDB4NDgw.jpg"}]}}]}